county_fips,state_po,x,n,y,population_group
12001,FL,2011,161152,-933,large
12003,FL,2011,18751,-20,small
12005,FL,2011,126465,138,large
12007,FL,2011,16743,-73,small
12009,FL,2011,417351,2125,large
12011,FL,2011,1362374,3588,enormous
12013,FL,2011,8462,7,tiny
12015,FL,2011,109923,845,large
12017,FL,2011,97637,159,medium
12019,FL,2011,151760,491,large
12021,FL,2011,255711,839,large
12023,FL,2011,44229,58,small
12027,FL,2011,20390,-2,small
12029,FL,2011,8633,-21,tiny
12031,FL,2011,670045,20,very large
12033,FL,2011,215447,-243,large
12035,FL,2011,72098,615,medium
12037,FL,2011,6914,-25,tiny
12039,FL,2011,34477,-94,small
12041,FL,2011,10999,30,small
12043,FL,2011,5401,253,tiny
12045,FL,2011,8823,-44,tiny
12047,FL,2011,8099,-28,tiny
12049,FL,2011,19193,-154,small
12051,FL,2011,26570,-153,small
12053,FL,2011,120506,438,large
12055,FL,2011,65678,20,medium
12057,FL,2011,958329,-6853,very large
12059,FL,2011,11900,8,small
12061,FL,2011,107297,673,large
12063,FL,2011,31754,-24,small
12065,FL,2011,9716,-35,tiny
12067,FL,2011,4295,64,tiny
12069,FL,2011,226522,1578,large
12071,FL,2011,462902,4442,large
12073,FL,2011,182589,-471,large
12075,FL,2011,27433,38,small
12077,FL,2011,4783,11,tiny
12079,FL,2011,12508,-6,small
12081,FL,2011,243713,2431,large
12083,FL,2011,242007,1199,large
12085,FL,2011,108190,815,large
12086,FL,2011,1935579,-18214,enormous
12087,FL,2011,56235,47,medium
12089,FL,2011,59325,177,medium
12091,FL,2011,145879,683,large
12093,FL,2011,25888,-56,small
12095,FL,2011,877674,3964,very large
12097,FL,2011,208744,2562,large
12099,FL,2011,1008626,6152,enormous
12101,FL,2011,330959,2210,large
12103,FL,2011,669571,2438,very large
12105,FL,2011,449724,1008,large
12107,FL,2011,48044,-5,small
12109,FL,2011,155661,2147,large
12111,FL,2011,206346,1106,large
12113,FL,2011,115617,319,large
12115,FL,2011,285928,2304,large
12117,FL,2011,325462,1077,large
12119,FL,2011,64247,1359,medium
12121,FL,2011,27614,-14,small
12123,FL,2011,14193,-25,small
12125,FL,2011,8073,16,tiny
12127,FL,2011,359252,1260,large
12129,FL,2011,21224,163,small
12131,FL,2011,39023,335,small
12133,FL,2011,15399,-28,small
13001,GA,2011,13147,33,small
13003,GA,2011,6206,4,tiny
13005,GA,2011,7828,-11,tiny
13007,GA,2011,2305,7,tiny
13009,GA,2011,28703,-71,small
13011,GA,2011,12528,-28,small
13013,GA,2011,53440,369,medium
13015,GA,2011,77892,79,medium
13017,GA,2011,12531,-30,small
13019,GA,2011,12012,12,small
13021,GA,2011,115165,-548,large
13023,GA,2011,8936,4,tiny
13025,GA,2011,11890,19,small
13027,GA,2011,10826,51,small
13029,GA,2011,26726,228,small
13031,GA,2011,42066,-195,small
13033,GA,2011,17904,-183,small
13035,GA,2011,15917,-6,small
13037,GA,2011,3700,-31,tiny
13039,GA,2011,36561,-44,small
13043,GA,2011,7715,16,tiny
13045,GA,2011,85064,-264,medium
13047,GA,2011,46078,62,small
13049,GA,2011,6475,3,tiny
13051,GA,2011,194700,-185,large
13053,GA,2011,5001,-315,tiny
13055,GA,2011,17500,-41,small
13057,GA,2011,177693,1025,large
13059,GA,2011,68603,-367,medium
13061,GA,2011,2110,17,tiny
13063,GA,2011,193703,-280,large
13065,GA,2011,4793,-16,tiny
13067,GA,2011,592004,1269,very large
13069,GA,2011,29898,49,small
13071,GA,2011,33632,-390,small
13073,GA,2011,101094,1537,large
13075,GA,2011,11663,0,small
13077,GA,2011,112390,-700,large
13079,GA,2011,8898,-64,tiny
13081,GA,2011,15449,4,small
13083,GA,2011,10791,-26,small
13085,GA,2011,15765,92,small
13087,GA,2011,20928,-69,small
13089,GA,2011,507966,-652,very large
13091,GA,2011,13543,-56,small
13093,GA,2011,7529,-52,tiny
13095,GA,2011,66212,-185,medium
13097,GA,2011,97993,162,medium
13099,GA,2011,7833,-16,tiny
13101,GA,2011,2570,-21,tiny
13103,GA,2011,41220,227,small
13105,GA,2011,15307,-49,small
13107,GA,2011,16768,-29,small
13109,GA,2011,7782,-15,tiny
13111,GA,2011,16120,66,small
13113,GA,2011,90468,582,medium
13115,GA,2011,72718,-162,medium
13117,GA,2011,154304,2289,large
13119,GA,2011,15810,47,small
13121,GA,2011,770882,-110,very large
13123,GA,2011,20586,6,small
13125,GA,2011,2024,23,tiny
13127,GA,2011,58571,94,medium
13129,GA,2011,44415,47,small
13131,GA,2011,18842,204,small
13133,GA,2011,12248,-22,small
13135,GA,2011,668315,4174,very large
13137,GA,2011,31579,-91,small
13139,GA,2011,153574,155,large
13141,GA,2011,5687,1,tiny
13143,GA,2011,20113,29,small
13145,GA,2011,24701,1,small
13147,GA,2011,18093,57,small
13149,GA,2011,7543,-7,tiny
13151,GA,2011,159051,1267,large
13153,GA,2011,117023,-73,large
13155,GA,2011,6496,-24,tiny
13157,GA,2011,46673,259,small
13159,GA,2011,10215,-235,small
13161,GA,2011,11242,5,small
13163,GA,2011,13549,-43,small
13165,GA,2011,5658,-25,tiny
13167,GA,2011,5509,4,tiny
13169,GA,2011,21446,185,small
13171,GA,2011,11885,17,small
13173,GA,2011,5735,104,tiny
13175,GA,2011,37034,5,small
13177,GA,2011,24164,218,small
13179,GA,2011,42280,-596,small
13181,GA,2011,5723,12,tiny
13183,GA,2011,7778,283,tiny
13185,GA,2011,75922,-419,medium
13187,GA,2011,18953,-9,small
13189,GA,2011,16549,10,small
13191,GA,2011,7918,-18,tiny
13193,GA,2011,8641,-18,tiny
13195,GA,2011,21019,-196,small
13197,GA,2011,5243,26,tiny
13199,GA,2011,15897,-114,small
13201,GA,2011,3934,5,tiny
13205,GA,2011,16027,-36,small
13207,GA,2011,19728,174,small
13209,GA,2011,5546,-53,tiny
13211,GA,2011,14443,24,small
13213,GA,2011,29388,-17,small
13215,GA,2011,145793,-439,large
13217,GA,2011,74292,650,medium
13219,GA,2011,28135,64,small
13221,GA,2011,10273,-3,small
13223,GA,2011,109382,631,large
13225,GA,2011,18705,82,small
13227,GA,2011,23428,65,small
13229,GA,2011,13992,38,small
13231,GA,2011,13576,22,small
13233,GA,2011,31607,-87,small
13235,GA,2011,6911,-11,tiny
13237,GA,2011,15614,75,small
13239,GA,2011,1577,-4,tiny
13241,GA,2011,12361,31,small
13243,GA,2011,5104,-51,tiny
13245,GA,2011,139859,-614,large
13247,GA,2011,63260,200,medium
13249,GA,2011,3288,31,tiny
13251,GA,2011,10093,-7,small
13253,GA,2011,6495,15,tiny
13255,GA,2011,46608,-330,small
13257,GA,2011,18262,-87,small
13259,GA,2011,3118,13,tiny
13261,GA,2011,23210,-173,small
13263,GA,2011,4599,-61,tiny
13265,GA,2011,1059,21,tiny
13267,GA,2011,14307,54,small
13269,GA,2011,6046,-12,tiny
13271,GA,2011,7614,-3,tiny
13273,GA,2011,7625,-36,tiny
13275,GA,2011,33866,-1,small
13277,GA,2011,30444,-143,small
13279,GA,2011,20089,7,small
13281,GA,2011,7552,15,tiny
13283,GA,2011,4350,-7,tiny
13285,GA,2011,52267,124,medium
13287,GA,2011,6677,-159,tiny
13289,GA,2011,6291,17,tiny
13291,GA,2011,15363,77,small
13293,GA,2011,19567,-31,small
13295,GA,2011,46294,6,small
13297,GA,2011,63936,-92,medium
13299,GA,2011,24605,1,small
13301,GA,2011,4047,-44,tiny
13303,GA,2011,15245,-65,small
13305,GA,2011,20272,35,small
13307,GA,2011,1747,15,tiny
13309,GA,2011,3300,-13,tiny
13311,GA,2011,18538,42,small
13313,GA,2011,89283,-118,medium
13315,GA,2011,5101,30,tiny
13317,GA,2011,7589,-25,tiny
13319,GA,2011,7626,-17,tiny
13321,GA,2011,15478,127,small
19001,IA,2011,5990,16,tiny
19003,IA,2011,3246,-14,tiny
19005,IA,2011,12234,6,small
19007,IA,2011,9740,-33,tiny
19009,IA,2011,4950,-6,tiny
19011,IA,2011,21905,-27,small
19013,IA,2011,97653,-292,medium
19015,IA,2011,21204,57,small
19017,IA,2011,19597,28,small
19019,IA,2011,17357,-9,small
19021,IA,2011,17669,19,small
19023,IA,2011,12600,58,small
19025,IA,2011,8148,-81,tiny
19027,IA,2011,17986,-45,small
19029,IA,2011,11240,-37,small
19031,IA,2011,15415,24,small
19033,IA,2011,34798,-112,small
19035,IA,2011,10150,1,small
19037,IA,2011,10556,-14,small
19039,IA,2011,7932,-8,tiny
19041,IA,2011,14061,-31,small
19043,IA,2011,15031,-51,small
19045,IA,2011,39891,-140,small
19047,IA,2011,15317,-93,small
19049,IA,2011,58130,847,medium
19051,IA,2011,7163,15,tiny
19053,IA,2011,5632,3,tiny
19055,IA,2011,14961,-11,small
19057,IA,2011,32291,38,small
19059,IA,2011,14355,-17,small
19061,IA,2011,79359,106,medium
19063,IA,2011,7955,-33,tiny
19065,IA,2011,16051,-81,small
19067,IA,2011,12989,55,small
19069,IA,2011,8881,-29,tiny
19071,IA,2011,5705,-15,tiny
19073,IA,2011,7563,13,tiny
19075,IA,2011,10712,13,small
19077,IA,2011,9076,-20,tiny
19079,IA,2011,12772,35,small
19081,IA,2011,9379,59,tiny
19083,IA,2011,13875,16,small
19085,IA,2011,12009,13,small
19087,IA,2011,15601,6,small
19089,IA,2011,8277,-13,tiny
19091,IA,2011,8166,-4,tiny
19093,IA,2011,6058,44,tiny
19095,IA,2011,14060,41,small
19097,IA,2011,16582,-9,small
19099,IA,2011,29037,-84,small
19101,IA,2011,11970,-29,small
19103,IA,2011,94302,-40,medium
19105,IA,2011,16019,18,small
19107,IA,2011,8407,8,tiny
19109,IA,2011,13328,22,small
19111,IA,2011,27350,31,small
19113,IA,2011,176017,-134,large
19115,IA,2011,9298,-8,tiny
19117,IA,2011,6896,32,tiny
19119,IA,2011,10209,-12,small
19121,IA,2011,12944,22,small
19123,IA,2011,17374,-9,small
19125,IA,2011,27191,-49,small
19127,IA,2011,33190,-74,small
19129,IA,2011,11816,-10,small
19131,IA,2011,8927,24,tiny
19133,IA,2011,7224,3,tiny
19135,IA,2011,6236,-9,tiny
19137,IA,2011,8305,13,tiny
19139,IA,2011,35943,-41,small
19141,IA,2011,12117,2,small
19143,IA,2011,5512,-18,tiny
19145,IA,2011,11447,-19,small
19147,IA,2011,7494,-38,tiny
19149,IA,2011,21965,15,small
19151,IA,2011,5928,-13,tiny
19153,IA,2011,360710,535,large
19155,IA,2011,72040,-104,medium
19157,IA,2011,14172,-68,small
19159,IA,2011,3736,-16,tiny
19161,IA,2011,8441,20,tiny
19163,IA,2011,136440,189,large
19165,IA,2011,10295,57,small
19167,IA,2011,29304,-3,small
19169,IA,2011,57246,-546,medium
19171,IA,2011,14771,-5,small
19173,IA,2011,5139,-24,tiny
19175,IA,2011,9671,9,tiny
19177,IA,2011,5954,-6,tiny
19179,IA,2011,27608,-24,small
19181,IA,2011,38509,108,small
19183,IA,2011,18695,-74,small
19185,IA,2011,4956,-10,tiny
19187,IA,2011,28032,-73,small
19189,IA,2011,8735,-18,tiny
19191,IA,2011,16610,-19,small
19193,IA,2011,82048,-236,medium
19195,IA,2011,6223,-16,tiny
19197,IA,2011,10588,39,small
23001,ME,2011,79064,-37,medium
23003,ME,2011,53474,-76,medium
23005,ME,2011,224293,87,large
23007,ME,2011,21236,143,small
23009,ME,2011,41657,84,small
23011,ME,2011,93629,-190,medium
23013,ME,2011,30849,24,small
23015,ME,2011,27252,13,small
23017,ME,2011,41213,-11,small
23019,ME,2011,110147,-203,large
23021,ME,2011,12182,-3,small
23023,ME,2011,28094,32,small
23025,ME,2011,36241,204,small
23027,ME,2011,29035,58,small
23029,ME,2011,23572,-125,small
23031,ME,2011,159982,400,large
26001,MI,2011,7913,82,tiny
26003,MI,2011,6788,31,tiny
26005,MI,2011,92985,97,medium
26007,MI,2011,23002,41,small
26009,MI,2011,18477,57,small
26011,MI,2011,12148,51,small
26013,MI,2011,5791,65,tiny
26015,MI,2011,48133,26,small
26017,MI,2011,88357,11,medium
26019,MI,2011,14056,96,small
26021,MI,2011,124439,-423,large
26023,MI,2011,33474,-44,small
26025,MI,2011,102537,-101,large
26027,MI,2011,39176,107,small
26029,MI,2011,21434,12,small
26031,MI,2011,20318,19,small
26033,MI,2011,26466,-66,small
26035,MI,2011,21885,-22,small
26037,MI,2011,61441,358,medium
26039,MI,2011,9672,26,tiny
26041,MI,2011,30350,-88,small
26043,MI,2011,21832,15,small
26045,MI,2011,85966,-45,medium
26047,MI,2011,27160,88,small
26049,MI,2011,326553,-1344,large
26051,MI,2011,19438,16,small
26053,MI,2011,10962,1,small
26055,MI,2011,72595,174,medium
26057,MI,2011,29854,36,small
26059,MI,2011,34692,-14,small
26061,MI,2011,25120,-155,small
26063,MI,2011,28022,1,small
26065,MI,2011,190622,-1608,large
26067,MI,2011,48188,-52,small
26069,MI,2011,19021,-16,small
26071,MI,2011,8820,1,tiny
26073,MI,2011,41800,-186,small
26075,MI,2011,120270,-178,large
26077,MI,2011,189519,-237,large
26079,MI,2011,12614,52,small
26081,MI,2011,504508,234,very large
26083,MI,2011,1703,2,tiny
26085,MI,2011,7046,-3,tiny
26087,MI,2011,73283,118,medium
26089,MI,2011,18146,48,small
26091,MI,2011,78811,134,medium
26093,MI,2011,156449,1027,large
26095,MI,2011,4262,4,tiny
26097,MI,2011,8968,23,tiny
26099,MI,2011,701434,2094,very large
26101,MI,2011,18469,37,small
26103,MI,2011,49914,-28,small
26105,MI,2011,23018,49,small
26107,MI,2011,27428,70,small
26109,MI,2011,18567,10,small
26111,MI,2011,69207,-3,medium
26113,MI,2011,11693,-49,small
26115,MI,2011,125724,76,large
26117,MI,2011,47269,14,small
26119,MI,2011,6966,-19,tiny
26121,MI,2011,131249,168,large
26123,MI,2011,37569,-31,small
26125,MI,2011,1007283,3060,enormous
26127,MI,2011,21231,-105,small
26129,MI,2011,15690,51,small
26131,MI,2011,4682,-26,tiny
26133,MI,2011,17584,26,small
26135,MI,2011,6109,53,tiny
26137,MI,2011,19883,1,small
26139,MI,2011,224632,657,large
26141,MI,2011,10617,-8,small
26143,MI,2011,17527,76,small
26145,MI,2011,154176,-549,large
26147,MI,2011,132058,-97,large
26149,MI,2011,49499,-56,small
26151,MI,2011,34008,-23,small
26153,MI,2011,6132,56,tiny
26155,MI,2011,56290,-74,medium
26157,MI,2011,44739,-87,small
26159,MI,2011,61261,-126,medium
26161,MI,2011,253841,-800,large
26163,MI,2011,1349255,-6838,enormous
26165,MI,2011,24806,30,small
27001,MN,2011,11371,161,small
27003,MN,2011,281621,738,large
27005,MN,2011,26595,-42,small
27007,MN,2011,32766,-134,small
27009,MN,2011,30237,-57,small
27011,MN,2011,4142,21,tiny
27013,MN,2011,44196,71,small
27015,MN,2011,22013,-56,small
27017,MN,2011,27410,-40,small
27019,MN,2011,82152,445,medium
27021,MN,2011,22709,-76,small
27023,MN,2011,10256,-28,small
27025,MN,2011,44152,-29,small
27027,MN,2011,44526,-140,small
27029,MN,2011,6604,3,tiny
27031,MN,2011,4261,-18,tiny
27033,MN,2011,10024,-6,small
27035,MN,2011,49839,5,small
27037,MN,2011,348591,488,large
27039,MN,2011,17458,136,small
27041,MN,2011,30497,-17,small
27043,MN,2011,12001,-103,small
27045,MN,2011,17302,-17,small
27047,MN,2011,26223,11,small
27049,MN,2011,39244,-136,small
27051,MN,2011,5039,-53,tiny
27053,MN,2011,956159,-994,very large
27055,MN,2011,16474,-55,small
27057,MN,2011,15184,227,small
27059,MN,2011,30516,-48,small
27061,MN,2011,35572,-6,small
27063,MN,2011,8765,23,tiny
27065,MN,2011,12145,-52,small
27067,MN,2011,36044,-105,small
27069,MN,2011,3751,14,tiny
27071,MN,2011,10358,-32,small
27073,MN,2011,6114,-2,tiny
27075,MN,2011,8551,18,tiny
27077,MN,2011,3222,1,tiny
27079,MN,2011,22777,247,small
27081,MN,2011,4619,4,tiny
27083,MN,2011,20839,-117,small
27085,MN,2011,31158,-79,small
27087,MN,2011,3866,46,tiny
27089,MN,2011,8054,-11,tiny
27091,MN,2011,17727,-39,small
27093,MN,2011,19387,39,small
27095,MN,2011,19957,-66,small
27097,MN,2011,27751,14,small
27099,MN,2011,33475,-363,small
27101,MN,2011,7187,-7,tiny
27103,MN,2011,25551,-41,small
27105,MN,2011,18395,-62,small
27107,MN,2011,5467,-32,tiny
27109,MN,2011,127097,-194,large
27111,MN,2011,47262,61,small
27113,MN,2011,11267,-34,small
27115,MN,2011,20607,19,small
27117,MN,2011,7856,-36,tiny
27119,MN,2011,24894,24,small
27121,MN,2011,9154,51,tiny
27123,MN,2011,392048,-1227,large
27125,MN,2011,3416,1,tiny
27127,MN,2011,13194,-67,small
27129,MN,2011,13213,-54,small
27131,MN,2011,49682,-129,small
27133,MN,2011,7967,-36,tiny
27135,MN,2011,13577,-26,small
27137,MN,2011,148574,-41,large
27139,MN,2011,116929,88,large
27141,MN,2011,73526,146,medium
27143,MN,2011,13034,17,small
27145,MN,2011,118003,-312,large
27147,MN,2011,31303,32,small
27149,MN,2011,7514,50,tiny
27151,MN,2011,8189,-56,tiny
27153,MN,2011,19434,-17,small
27155,MN,2011,2830,-2,tiny
27157,MN,2011,18551,51,small
27159,MN,2011,10411,0,small
27161,MN,2011,15683,-163,small
27163,MN,2011,208698,952,large
27165,MN,2011,9331,11,tiny
27167,MN,2011,5587,-6,tiny
27169,MN,2011,36418,16,small
27171,MN,2011,109050,183,large
27173,MN,2011,8670,21,tiny
31001,NE,2011,24442,-1,small
31003,NE,2011,5440,-12,tiny
31005,NE,2011,379,0,tiny
31007,NE,2011,562,-8,tiny
31009,NE,2011,406,0,tiny
31011,NE,2011,4708,5,tiny
31013,NE,2011,9367,-1,tiny
31015,NE,2011,1709,-3,tiny
31017,NE,2011,2003,-4,tiny
31019,NE,2011,36709,-96,small
31021,NE,2011,5622,4,tiny
31023,NE,2011,7157,-31,tiny
31025,NE,2011,21235,71,small
31027,NE,2011,7562,-6,tiny
31029,NE,2011,3331,0,tiny
31031,NE,2011,4206,12,tiny
31033,NE,2011,8212,-13,tiny
31035,NE,2011,5392,-34,tiny
31037,NE,2011,9307,-43,tiny
31039,NE,2011,8030,-37,tiny
31041,NE,2011,9232,-5,tiny
31043,NE,2011,18233,-87,small
31045,NE,2011,6027,-35,tiny
31047,NE,2011,21064,-70,small
31049,NE,2011,1438,10,tiny
31051,NE,2011,4972,20,tiny
31053,NE,2011,30014,-74,small
31055,NE,2011,429344,-251,large
31057,NE,2011,1558,0,tiny
31059,NE,2011,4829,-20,tiny
31061,NE,2011,2612,7,tiny
31063,NE,2011,2071,1,tiny
31065,NE,2011,3964,-3,tiny
31067,NE,2011,17675,-3,small
31069,NE,2011,1493,0,tiny
31071,NE,2011,1361,27,tiny
31073,NE,2011,1640,2,tiny
31075,NE,2011,591,-3,tiny
31077,NE,2011,1973,-6,tiny
31079,NE,2011,48967,15,small
31081,NE,2011,8015,11,tiny
31083,NE,2011,2649,12,tiny
31085,NE,2011,794,0,tiny
31087,NE,2011,2296,-2,tiny
31089,NE,2011,8975,-25,tiny
31091,NE,2011,672,-2,tiny
31093,NE,2011,5301,19,tiny
31095,NE,2011,6056,-1,tiny
31097,NE,2011,3557,19,tiny
31099,NE,2011,5152,-7,tiny
31101,NE,2011,6581,17,tiny
31103,NE,2011,651,-4,tiny
31105,NE,2011,2839,-2,tiny
31107,NE,2011,7092,11,tiny
31109,NE,2011,226173,-343,large
31111,NE,2011,29543,-56,small
31113,NE,2011,655,-6,tiny
31115,NE,2011,478,0,tiny
31117,NE,2011,378,0,tiny
31119,NE,2011,28841,-106,small
31121,NE,2011,6330,10,tiny
31123,NE,2011,3632,16,tiny
31125,NE,2011,2830,4,tiny
31127,NE,2011,5198,-16,tiny
31129,NE,2011,3643,2,tiny
31131,NE,2011,13015,-50,small
31133,NE,2011,2127,12,tiny
31135,NE,2011,2505,-9,tiny
31137,NE,2011,7759,4,tiny
31139,NE,2011,6081,14,tiny
31141,NE,2011,29130,13,small
31143,NE,2011,4581,-16,tiny
31145,NE,2011,8907,-22,tiny
31147,NE,2011,6705,17,tiny
31149,NE,2011,836,44,tiny
31151,NE,2011,11712,-15,small
31153,NE,2011,138337,519,large
31155,NE,2011,17498,77,small
31157,NE,2011,28867,-104,small
31159,NE,2011,13685,-18,small
31161,NE,2011,4127,2,tiny
31163,NE,2011,2420,-8,tiny
31165,NE,2011,932,8,tiny
31167,NE,2011,4836,32,tiny
31169,NE,2011,4331,6,tiny
31171,NE,2011,556,-10,tiny
31173,NE,2011,5184,1,tiny
31175,NE,2011,3504,4,tiny
31177,NE,2011,17073,22,small
31179,NE,2011,6592,-17,tiny
31181,NE,2011,2926,-19,tiny
31183,NE,2011,645,5,tiny
31185,NE,2011,11400,14,small
32001,NV,2011,18204,-82,small
32003,NV,2011,1559033,5931,enormous
32005,NV,2011,38693,170,small
32007,NV,2011,40989,258,small
32009,NV,2011,549,14,tiny
32011,NV,2011,1347,1,tiny
32013,NV,2011,13725,65,small
32015,NV,2011,4691,-14,tiny
32017,NV,2011,3363,14,tiny
32019,NV,2011,37590,90,small
32021,NV,2011,3143,-6,tiny
32023,NV,2011,28632,50,small
32027,NV,2011,3597,0,tiny
32029,NV,2011,2589,7,tiny
32031,NV,2011,331752,550,large
32033,NV,2011,6724,1,tiny
32510,NV,2011,40206,-33,small
33001,NH,2011,50462,79,medium
33003,NH,2011,38652,80,small
33005,NH,2011,59145,-51,medium
33007,NH,2011,24283,-86,small
33009,NH,2011,66261,146,medium
33011,NH,2011,333782,-495,large
33013,NH,2011,118053,15,large
33015,NH,2011,258705,659,large
33017,NH,2011,91370,80,medium
33019,NH,2011,33243,133,small
37001,NC,2011,117958,-140,large
37003,NC,2011,27658,-54,small
37005,NC,2011,8144,-5,tiny
37007,NC,2011,17289,-14,small
37009,NC,2011,19370,18,small
37011,NC,2011,11324,55,small
37013,NC,2011,35767,-80,small
37015,NC,2011,14161,-77,small
37017,NC,2011,23414,-60,small
37019,NC,2011,80114,633,medium
37021,NC,2011,184224,896,large
37023,NC,2011,67014,-238,medium
37025,NC,2011,146972,1184,large
37027,NC,2011,60282,81,medium
37029,NC,2011,7814,-10,tiny
37031,NC,2011,50970,308,medium
37033,NC,2011,16326,-44,small
37035,NC,2011,124253,76,large
37037,NC,2011,51340,344,medium
37039,NC,2011,18551,51,small
37041,NC,2011,11129,47,small
37043,NC,2011,7240,-22,tiny
37045,NC,2011,72598,-5,medium
37047,NC,2011,39175,-91,small
37049,NC,2011,76891,-481,medium
37051,NC,2011,229590,-889,large
37053,NC,2011,18024,50,small
37055,NC,2011,27946,36,small
37057,NC,2011,126042,179,large
37059,NC,2011,33197,94,small
37061,NC,2011,48892,-79,small
37063,NC,2011,210581,408,large
37065,NC,2011,40308,-49,small
37067,NC,2011,276093,331,large
37069,NC,2011,42527,213,small
37071,NC,2011,157879,237,large
37073,NC,2011,8302,-41,tiny
37075,NC,2011,6043,20,tiny
37077,NC,2011,41707,234,small
37079,NC,2011,13717,-121,small
37081,NC,2011,377299,419,large
37083,NC,2011,38348,-62,small
37085,NC,2011,82195,559,medium
37087,NC,2011,43047,118,small
37089,NC,2011,84288,347,medium
37091,NC,2011,14831,2,small
37093,NC,2011,33335,164,small
37095,NC,2011,3524,28,tiny
37097,NC,2011,130343,452,large
37099,NC,2011,22731,176,small
37101,NC,2011,135866,691,large
37103,NC,2011,6990,65,tiny
37105,NC,2011,44623,2162,small
37107,NC,2011,43620,-101,small
37109,NC,2011,59703,283,medium
37111,NC,2011,32970,-1,small
37113,NC,2011,25307,27,small
37115,NC,2011,14045,-83,small
37117,NC,2011,18013,22,small
37119,NC,2011,743312,4620,very large
37121,NC,2011,10790,14,small
37123,NC,2011,20179,55,small
37125,NC,2011,69886,254,medium
37127,NC,2011,75167,-302,medium
37129,NC,2011,145062,572,large
37131,NC,2011,14186,-81,small
37133,NC,2011,122493,-736,large
37135,NC,2011,96278,-202,medium
37137,NC,2011,9096,-43,tiny
37139,NC,2011,28736,-45,small
37141,NC,2011,37899,161,small
37143,NC,2011,9826,38,tiny
37145,NC,2011,29492,40,small
37147,NC,2011,115066,-88,large
37149,NC,2011,13737,73,small
37151,NC,2011,112391,200,large
37153,NC,2011,33494,-45,small
37155,NC,2011,94652,89,medium
37157,NC,2011,70731,-116,medium
37159,NC,2011,105362,135,large
37161,NC,2011,45890,-229,small
37163,NC,2011,53064,270,medium
37165,NC,2011,25228,-454,small
37167,NC,2011,45452,-51,small
37169,NC,2011,34785,-1,small
37171,NC,2011,56225,-176,medium
37173,NC,2011,12369,-184,small
37175,NC,2011,22489,74,small
37177,NC,2011,2868,28,tiny
37179,NC,2011,171483,1007,large
37181,NC,2011,32854,-48,small
37183,NC,2011,769274,2631,very large
37185,NC,2011,13164,-97,small
37187,NC,2011,9377,-66,tiny
37189,NC,2011,28115,-99,small
37191,NC,2011,90015,69,medium
37193,NC,2011,49890,-1,small
37195,NC,2011,62720,27,medium
37197,NC,2011,29333,-25,small
37199,NC,2011,12782,-2,small
39001,OH,2011,20634,129,small
39003,OH,2011,80765,-225,medium
39005,OH,2011,40951,12,small
39007,OH,2011,77612,-156,medium
39009,OH,2011,33757,-191,small
39011,OH,2011,39216,-29,small
39013,OH,2011,51450,-64,medium
39015,OH,2011,33449,-55,small
39017,OH,2011,290827,-368,large
39019,OH,2011,22029,-77,small
39021,OH,2011,31167,-16,small
39023,OH,2011,107845,13,large
39025,OH,2011,161114,34,large
39027,OH,2011,32651,-3,small
39029,OH,2011,81760,-196,medium
39031,OH,2011,28261,4,small
39033,OH,2011,34028,-19,small
39035,OH,2011,982812,-3109,very large
39037,OH,2011,43914,-46,small
39039,OH,2011,32191,69,small
39041,OH,2011,153634,1150,large
39043,OH,2011,62057,-48,medium
39045,OH,2011,116531,50,large
39047,OH,2011,21673,-20,small
39049,OH,2011,929605,-665,very large
39051,OH,2011,36268,-31,small
39053,OH,2011,22218,-30,small
39055,OH,2011,81921,374,medium
39057,OH,2011,121263,-388,large
39059,OH,2011,30713,-58,small
39061,OH,2011,629846,-1499,very large
39063,OH,2011,60419,22,medium
39065,OH,2011,22735,-46,small
39067,OH,2011,11402,-14,small
39069,OH,2011,24203,-79,small
39071,OH,2011,31748,-4,small
39073,OH,2011,21437,60,small
39075,OH,2011,33476,-57,small
39077,OH,2011,49433,-154,small
39079,OH,2011,24404,-57,small
39081,OH,2011,51307,51,medium
39083,OH,2011,46322,-64,small
39085,OH,2011,194058,275,large
39087,OH,2011,45914,-44,small
39089,OH,2011,133743,499,large
39091,OH,2011,36944,9,small
39093,OH,2011,241842,511,large
39095,OH,2011,327227,-1196,large
39097,OH,2011,31265,-28,small
39099,OH,2011,181333,-296,large
39101,OH,2011,47672,-116,small
39103,OH,2011,150187,640,large
39105,OH,2011,16682,-19,small
39107,OH,2011,36242,-45,small
39109,OH,2011,84655,245,medium
39111,OH,2011,11193,-61,small
39113,OH,2011,410418,-1012,large
39115,OH,2011,10299,7,small
39117,OH,2011,26762,71,small
39119,OH,2011,66755,-55,medium
39121,OH,2011,9500,-37,tiny
39123,OH,2011,34332,42,small
39125,OH,2011,15909,-78,small
39127,OH,2011,26801,21,small
39129,OH,2011,41303,74,small
39131,OH,2011,20208,20,small
39133,OH,2011,118551,-317,large
39135,OH,2011,33524,21,small
39137,OH,2011,30709,-52,small
39139,OH,2011,95021,19,medium
39141,OH,2011,55177,7,medium
39143,OH,2011,49954,-4,small
39145,OH,2011,53678,-234,medium
39147,OH,2011,44517,-144,small
39149,OH,2011,41247,-27,small
39151,OH,2011,302347,22,large
39153,OH,2011,427954,-278,large
39155,OH,2011,165347,-214,large
39157,OH,2011,78810,-55,medium
39159,OH,2011,41068,297,small
39161,OH,2011,23901,-23,small
39163,OH,2011,9232,33,tiny
39165,OH,2011,180001,796,large
39167,OH,2011,48061,147,small
39169,OH,2011,94653,-52,medium
39171,OH,2011,30862,-82,small
39173,OH,2011,95895,138,medium
39175,OH,2011,18614,-3,small
4001,AZ,2011,48121,198,small
4003,AZ,2011,94084,-651,medium
4005,AZ,2011,93356,-366,medium
4007,AZ,2011,36903,7,small
4009,AZ,2011,22540,1,small
4011,AZ,2011,5791,49,tiny
4012,AZ,2011,10900,-19,small
4013,AZ,2011,3006087,11413,enormous
4015,AZ,2011,128944,282,large
4017,AZ,2011,73449,-152,medium
4019,AZ,2011,724687,-295,very large
4021,AZ,2011,224729,571,large
4023,AZ,2011,41835,-289,small
4025,AZ,2011,153784,971,large
4027,AZ,2011,167364,-569,large
42001,PA,2011,84781,-19,medium
42003,PA,2011,977764,-276,very large
42005,PA,2011,54610,346,medium
42007,PA,2011,141497,37,large
42009,PA,2011,41215,-77,small
42011,PA,2011,344009,-88,large
42013,PA,2011,100613,18,large
42015,PA,2011,44446,154,small
42017,PA,2011,552430,1120,very large
42019,PA,2011,157834,210,large
42021,PA,2011,111306,-44,large
42023,PA,2011,4069,-4,tiny
42025,PA,2011,51145,255,medium
42027,PA,2011,95538,-416,medium
42029,PA,2011,440713,937,large
42031,PA,2011,29653,-85,small
42033,PA,2011,62767,19,medium
42035,PA,2011,29078,69,small
42037,PA,2011,48184,-21,small
42039,PA,2011,67639,10,medium
42041,PA,2011,195676,324,large
42043,PA,2011,219152,-411,large
42045,PA,2011,454353,848,large
42047,PA,2011,27894,10,small
42049,PA,2011,219234,-229,large
42051,PA,2011,103764,-206,large
42053,PA,2011,3565,4,tiny
42055,PA,2011,130290,112,large
42057,PA,2011,12266,-10,small
42059,PA,2011,27436,26,small
42061,PA,2011,33983,-27,small
42063,PA,2011,63800,-144,medium
42065,PA,2011,36934,77,small
42067,PA,2011,20107,-12,small
42069,PA,2011,166373,-175,large
42071,PA,2011,452838,-41,large
42073,PA,2011,71196,-74,medium
42075,PA,2011,115288,153,large
42077,PA,2011,289615,-165,large
42079,PA,2011,251607,562,large
42081,PA,2011,92562,-158,medium
42083,PA,2011,32731,14,small
42085,PA,2011,91238,-34,medium
42087,PA,2011,38120,-3,small
42089,PA,2011,124373,-124,large
42091,PA,2011,691649,1611,very large
42093,PA,2011,14909,78,small
42095,PA,2011,246521,278,large
42097,PA,2011,72761,39,medium
42099,PA,2011,38629,2,small
42101,PA,2011,1020206,-5358,enormous
42103,PA,2011,44725,158,small
42105,PA,2011,13656,21,small
42107,PA,2011,115536,96,large
42109,PA,2011,31115,-13,small
42111,PA,2011,61163,-32,medium
42113,PA,2011,4755,-42,tiny
42115,PA,2011,32613,348,small
42117,PA,2011,32443,41,small
42119,PA,2011,29658,-8,small
42121,PA,2011,43123,-25,small
42123,PA,2011,32755,-28,small
42125,PA,2011,171634,-617,large
42127,PA,2011,38538,483,small
42129,PA,2011,303778,137,large
42131,PA,2011,20792,-265,small
42133,PA,2011,371002,694,large
48001,TX,2011,33889,-48,small
48003,TX,2011,12690,85,small
48005,TX,2011,65504,-60,medium
48007,TX,2011,16459,61,small
48009,TX,2011,6765,18,tiny
48011,TX,2011,1453,0,tiny
48013,TX,2011,33872,126,small
48015,TX,2011,23175,-36,small
48017,TX,2011,5848,8,tiny
48019,TX,2011,14431,15,small
48021,TX,2011,54022,272,medium
48023,TX,2011,2573,1,tiny
48025,TX,2011,18348,-13,small
48027,TX,2011,231035,-774,large
48029,TX,2011,1351046,5367,enormous
48031,TX,2011,7791,29,tiny
48033,TX,2011,461,0,tiny
48035,TX,2011,13079,-17,small
48037,TX,2011,68450,27,medium
48039,TX,2011,249303,920,large
48041,TX,2011,118618,-532,large
48043,TX,2011,6802,-19,tiny
48045,TX,2011,1201,0,tiny
48047,TX,2011,5619,-25,tiny
48049,TX,2011,27065,-22,small
48051,TX,2011,13189,58,small
48053,TX,2011,32767,103,small
48055,TX,2011,26282,329,small
48057,TX,2011,16527,5,small
48059,TX,2011,9829,8,tiny
48061,TX,2011,319125,-913,large
48063,TX,2011,9363,7,tiny
48065,TX,2011,4628,-1,tiny
48067,TX,2011,22259,-46,small
48069,TX,2011,6293,-15,tiny
48071,TX,2011,29739,257,small
48073,TX,2011,37352,-38,small
48075,TX,2011,4307,14,tiny
48077,TX,2011,7907,30,tiny
48079,TX,2011,2401,-14,tiny
48081,TX,2011,2318,-2,tiny
48083,TX,2011,6133,0,tiny
48085,TX,2011,674787,5414,very large
48087,TX,2011,2252,-4,tiny
48089,TX,2011,16610,-27,small
48091,TX,2011,91005,262,medium
48093,TX,2011,10019,7,small
48095,TX,2011,1775,-6,tiny
48097,TX,2011,30469,11,small
48099,TX,2011,45731,-141,small
48101,TX,2011,1140,0,tiny
48103,TX,2011,3571,0,tiny
48105,TX,2011,3067,0,tiny
48107,TX,2011,4391,-3,tiny
48109,TX,2011,1745,0,tiny
48111,TX,2011,5672,2,tiny
48113,TX,2011,1917443,4098,enormous
48115,TX,2011,9174,-35,tiny
48117,TX,2011,17195,-65,small
48119,TX,2011,3458,13,tiny
48121,TX,2011,544903,4949,very large
48123,TX,2011,13833,19,small
48125,TX,2011,1460,-2,tiny
48127,TX,2011,7311,53,tiny
48129,TX,2011,2474,-4,tiny
48131,TX,2011,8491,-96,tiny
48133,TX,2011,12709,-50,small
48135,TX,2011,110863,1042,large
48137,TX,2011,1467,0,tiny
48139,TX,2011,124284,158,large
48141,TX,2011,662580,-752,very large
48143,TX,2011,25037,-5,small
48145,TX,2011,10824,-49,small
48147,TX,2011,23306,39,small
48149,TX,2011,19298,-17,small
48151,TX,2011,2724,0,tiny
48153,TX,2011,5001,-10,tiny
48155,TX,2011,872,0,tiny
48157,TX,2011,499270,6122,large
48159,TX,2011,7256,11,tiny
48161,TX,2011,13805,18,small
48163,TX,2011,10564,15,small
48165,TX,2011,14129,2,small
48167,TX,2011,228423,853,large
48169,TX,2011,3265,-18,tiny
48171,TX,2011,20471,29,small
48173,TX,2011,1119,5,tiny
48175,TX,2011,5203,47,tiny
48177,TX,2011,15169,-41,small
48179,TX,2011,16973,-34,small
48181,TX,2011,92021,202,medium
48183,TX,2011,97645,-277,medium
48185,TX,2011,18197,6,small
48187,TX,2011,105177,1134,large
48189,TX,2011,27091,-65,small
48191,TX,2011,2287,-2,tiny
48193,TX,2011,6005,6,tiny
48195,TX,2011,4699,-4,tiny
48197,TX,2011,2970,-10,tiny
48199,TX,2011,42613,7,small
48201,TX,2011,3307181,7841,enormous
48203,TX,2011,50864,-20,medium
48205,TX,2011,3297,-9,tiny
48207,TX,2011,3897,4,tiny
48209,TX,2011,116312,1347,large
48211,TX,2011,3435,-15,tiny
48213,TX,2011,54627,58,medium
48215,TX,2011,593071,-204,very large
48217,TX,2011,25726,66,small
48219,TX,2011,17231,-3,small
48221,TX,2011,39228,166,small
48223,TX,2011,26824,16,small
48225,TX,2011,14269,-3,small
48227,TX,2011,22231,30,small
48229,TX,2011,2480,-37,tiny
48231,TX,2011,62613,81,medium
48233,TX,2011,17257,25,small
48235,TX,2011,1231,-4,tiny
48237,TX,2011,5900,12,tiny
48239,TX,2011,11421,42,small
48241,TX,2011,26124,-172,small
48243,TX,2011,1585,17,tiny
48245,TX,2011,184209,-505,large
48247,TX,2011,3766,16,tiny
48249,TX,2011,32422,8,small
48251,TX,2011,120218,393,large
48253,TX,2011,11394,7,small
48255,TX,2011,9360,18,tiny
48257,TX,2011,85162,527,medium
48259,TX,2011,29049,257,small
48261,TX,2011,279,-15,tiny
48263,TX,2011,609,0,tiny
48265,TX,2011,37467,65,small
48267,TX,2011,3296,-3,tiny
48269,TX,2011,203,0,tiny
48271,TX,2011,2344,-22,tiny
48273,TX,2011,21862,-198,small
48275,TX,2011,2703,13,tiny
48277,TX,2011,36741,13,small
48279,TX,2011,10696,-43,small
48281,TX,2011,15563,44,small
48283,TX,2011,3905,21,tiny
48285,TX,2011,15879,23,small
48287,TX,2011,12970,2,small
48289,TX,2011,13461,-2,small
48291,TX,2011,53430,150,medium
48293,TX,2011,16602,-42,small
48295,TX,2011,2687,3,tiny
48297,TX,2011,6816,119,tiny
48299,TX,2011,12265,80,small
48301,TX,2011,42,0,tiny
48303,TX,2011,200204,-221,large
48305,TX,2011,4467,-12,tiny
48307,TX,2011,6205,-1,tiny
48309,TX,2011,176355,-124,large
48311,TX,2011,632,0,tiny
48313,TX,2011,8602,-15,tiny
48315,TX,2011,6463,7,tiny
48317,TX,2011,3730,9,tiny
48319,TX,2011,3085,0,tiny
48321,TX,2011,28270,-45,small
48323,TX,2011,51047,-199,medium
48325,TX,2011,32735,49,small
48327,TX,2011,1533,-5,tiny
48329,TX,2011,112382,792,large
48331,TX,2011,18164,-61,small
48333,TX,2011,3502,-3,tiny
48335,TX,2011,5283,1,tiny
48337,TX,2011,14910,-17,small
48339,TX,2011,369381,4073,large
48341,TX,2011,18920,-33,small
48343,TX,2011,9471,-30,tiny
48345,TX,2011,796,0,tiny
48347,TX,2011,43069,-166,small
48349,TX,2011,37160,-8,small
48351,TX,2011,8067,76,tiny
48353,TX,2011,11415,-70,small
48355,TX,2011,254108,423,large
48357,TX,2011,8871,7,tiny
48359,TX,2011,1576,7,tiny
48361,TX,2011,64908,-22,medium
48363,TX,2011,20176,-9,small
48365,TX,2011,18635,-11,small
48367,TX,2011,92027,526,medium
48369,TX,2011,9007,14,tiny
48371,TX,2011,10863,-31,small
48373,TX,2011,37626,-22,small
48375,TX,2011,87511,-160,medium
48377,TX,2011,7991,-106,tiny
48379,TX,2011,7127,23,tiny
48381,TX,2011,95016,-99,medium
48383,TX,2011,2931,18,tiny
48385,TX,2011,2388,24,tiny
48387,TX,2011,9040,15,tiny
48389,TX,2011,8244,13,tiny
48391,TX,2011,5788,-52,tiny
48393,TX,2011,677,-3,tiny
48395,TX,2011,12638,7,small
48397,TX,2011,67408,277,medium
48399,TX,2011,7954,-14,tiny
48401,TX,2011,38127,24,small
48403,TX,2011,7357,37,tiny
48405,TX,2011,5936,-19,tiny
48407,TX,2011,16677,159,small
48409,TX,2011,53068,-41,medium
48411,TX,2011,4322,16,tiny
48413,TX,2011,2370,-12,tiny
48415,TX,2011,12397,8,small
48417,TX,2011,2598,-6,tiny
48419,TX,2011,19941,70,small
48421,TX,2011,2103,-9,tiny
48423,TX,2011,165092,-119,large
48425,TX,2011,6471,14,tiny
48427,TX,2011,51330,-316,medium
48429,TX,2011,6487,-9,tiny
48431,TX,2011,950,1,tiny
48433,TX,2011,1130,0,tiny
48435,TX,2011,3414,5,tiny
48437,TX,2011,5585,-9,tiny
48439,TX,2011,1493853,5113,enormous
48441,TX,2011,98606,-436,medium
48443,TX,2011,619,0,tiny
48445,TX,2011,8797,-18,tiny
48447,TX,2011,1199,0,tiny
48449,TX,2011,25747,17,small
48451,TX,2011,82970,-36,medium
48453,TX,2011,789782,10299,very large
48455,TX,2011,9516,-28,tiny
48457,TX,2011,13419,-17,small
48459,TX,2011,27696,19,small
48461,TX,2011,2516,-12,tiny
48463,TX,2011,21256,-24,small
48465,TX,2011,39908,-177,small
48467,TX,2011,38066,64,small
48469,TX,2011,69956,-26,medium
48471,TX,2011,35072,-137,small
48473,TX,2011,28954,278,small
48475,TX,2011,8278,15,tiny
48477,TX,2011,26103,22,small
48479,TX,2011,215661,-108,large
48481,TX,2011,33886,-69,small
48483,TX,2011,4442,2,tiny
48485,TX,2011,90229,-201,medium
48487,TX,2011,9817,6,tiny
48489,TX,2011,14939,-94,small
48491,TX,2011,355294,4010,large
48493,TX,2011,33278,184,small
48495,TX,2011,5543,-6,tiny
48497,TX,2011,46836,168,small
48499,TX,2011,30102,148,small
48501,TX,2011,7020,-31,tiny
48503,TX,2011,14593,9,small
48505,TX,2011,10483,-63,small
48507,TX,2011,8461,-19,tiny
55001,WI,2011,13831,97,small
55003,WI,2011,12194,-13,small
55005,WI,2011,37756,52,small
55007,WI,2011,12619,-2,small
55009,WI,2011,219186,6,large
55011,WI,2011,11427,-73,small
55013,WI,2011,12514,-28,small
55015,WI,2011,42258,481,small
55017,WI,2011,51243,50,medium
55019,WI,2011,29529,-126,small
55021,WI,2011,48653,40,small
55023,WI,2011,12967,-93,small
55025,WI,2011,412853,-95,large
55027,WI,2011,71323,-65,medium
55029,WI,2011,24924,114,small
55031,WI,2011,33740,-74,small
55033,WI,2011,31250,80,small
55035,WI,2011,75636,49,medium
55037,WI,2011,3590,-1,tiny
55039,WI,2011,86238,-47,medium
55041,WI,2011,7372,-57,tiny
55043,WI,2011,39114,8,small
55045,WI,2011,32245,80,small
55047,WI,2011,16073,12,small
55049,WI,2011,20388,-40,small
55051,WI,2011,4855,2,tiny
55053,WI,2011,15459,-15,small
55055,WI,2011,69081,161,medium
55057,WI,2011,20071,-13,small
55059,WI,2011,135209,-97,large
55061,WI,2011,18071,1,small
55063,WI,2011,89716,-11,medium
55065,WI,2011,15085,-1,small
55067,WI,2011,16261,-1,small
55069,WI,2011,24121,-58,small
55071,WI,2011,70046,-98,medium
55073,WI,2011,115762,168,large
55075,WI,2011,33165,87,small
55077,WI,2011,12435,-29,small
55078,WI,2011,3163,-37,tiny
55079,WI,2011,746456,-2552,very large
55081,WI,2011,36671,35,small
55083,WI,2011,31864,53,small
55085,WI,2011,30776,37,small
55087,WI,2011,154307,-29,large
55089,WI,2011,78011,331,medium
55091,WI,2011,5948,-14,tiny
55093,WI,2011,31021,-83,small
55095,WI,2011,36238,-65,small
55097,WI,2011,55140,-35,medium
55099,WI,2011,11741,3,small
55101,WI,2011,162774,385,large
55103,WI,2011,13894,-2,small
55105,WI,2011,133279,60,large
55107,WI,2011,11315,-52,small
55109,WI,2011,73319,207,medium
55111,WI,2011,53661,98,medium
55113,WI,2011,13660,13,small
55115,WI,2011,33581,7,small
55117,WI,2011,101065,-130,large
55119,WI,2011,16226,-27,small
55121,WI,2011,27119,209,small
55123,WI,2011,24345,20,small
55125,WI,2011,17635,90,small
55127,WI,2011,82617,147,medium
55129,WI,2011,13736,-37,small
55131,WI,2011,118276,264,large
55133,WI,2011,350701,1100,large
55135,WI,2011,42540,147,small
55137,WI,2011,19078,-82,small
55139,WI,2011,132915,-167,large
55141,WI,2011,63283,-262,medium
12001,FL,2012,159744,-802,large
12003,FL,2012,18437,19,small
12005,FL,2012,127382,528,large
12007,FL,2012,16465,5,small
12009,FL,2012,417028,2487,large
12011,FL,2012,1376089,2996,enormous
12013,FL,2012,8472,-13,tiny
12015,FL,2012,110009,1351,large
12017,FL,2012,95614,303,medium
12019,FL,2012,151997,762,large
12021,FL,2012,260460,2998,large
12023,FL,2012,43879,-5,small
12027,FL,2012,20087,-24,small
12029,FL,2012,8532,59,tiny
12031,FL,2012,667440,-180,very large
12033,FL,2012,214611,-363,large
12035,FL,2012,72922,611,medium
12037,FL,2012,6744,-5,tiny
12039,FL,2012,33867,-108,small
12041,FL,2012,10899,42,small
12043,FL,2012,5696,2,tiny
12045,FL,2012,8723,-9,tiny
12047,FL,2012,8057,29,tiny
12049,FL,2012,18890,-89,small
12051,FL,2012,27013,141,small
12053,FL,2012,119114,822,large
12055,FL,2012,65336,19,medium
12057,FL,2012,950451,255,very large
12059,FL,2012,11857,-8,small
12061,FL,2012,106966,788,large
12063,FL,2012,31176,78,small
12065,FL,2012,9621,6,tiny
12067,FL,2012,4390,-3,tiny
12069,FL,2012,227349,2866,large
12071,FL,2012,469741,6027,large
12073,FL,2012,181977,-2146,large
12075,FL,2012,26841,-77,small
12077,FL,2012,4717,-45,tiny
12079,FL,2012,12322,-9,small
12081,FL,2012,246983,3333,large
12083,FL,2012,241057,1195,large
12085,FL,2012,108876,1153,large
12086,FL,2012,1922525,-23208,enormous
12087,FL,2012,56808,285,medium
12089,FL,2012,59294,223,medium
12091,FL,2012,147766,290,large
12093,FL,2012,25888,-38,small
12095,FL,2012,889244,2581,very large
12097,FL,2012,213811,2807,large
12099,FL,2012,1020100,7959,enormous
12101,FL,2012,331249,3612,large
12103,FL,2012,665356,3529,very large
12105,FL,2012,447498,2334,large
12107,FL,2012,46915,-127,small
12109,FL,2012,159272,2714,large
12111,FL,2012,206128,1401,large
12113,FL,2012,116119,595,large
12115,FL,2012,284543,2578,large
12117,FL,2012,325564,1706,large
12119,FL,2012,67933,2134,medium
12121,FL,2012,27248,74,small
12123,FL,2012,14003,10,small
12125,FL,2012,7958,1,tiny
12127,FL,2012,357360,2219,large
12129,FL,2012,21091,47,small
12131,FL,2012,40015,400,small
12133,FL,2012,15220,-7,small
13001,GA,2012,13048,-9,small
13003,GA,2012,6106,-13,tiny
13005,GA,2012,7838,-5,tiny
13007,GA,2012,2311,-12,tiny
13009,GA,2012,28065,-79,small
13011,GA,2012,12489,27,small
13013,GA,2012,53818,337,medium
13015,GA,2012,77082,140,medium
13017,GA,2012,12163,-23,small
13019,GA,2012,11940,15,small
13021,GA,2012,112891,-682,large
13023,GA,2012,8717,-28,tiny
13025,GA,2012,11872,18,small
13027,GA,2012,10748,-3,small
13029,GA,2012,27415,55,small
13031,GA,2012,41456,-262,small
13033,GA,2012,17199,-75,small
13035,GA,2012,15692,-7,small
13037,GA,2012,3623,-25,tiny
13039,GA,2012,36245,-57,small
13043,GA,2012,7616,-17,tiny
13045,GA,2012,84458,-327,medium
13047,GA,2012,46112,98,small
13049,GA,2012,6292,-28,tiny
13051,GA,2012,193071,-382,large
13053,GA,2012,4705,-321,tiny
13055,GA,2012,17145,-38,small
13057,GA,2012,179360,1181,large
13059,GA,2012,67499,-392,medium
13061,GA,2012,2051,18,tiny
13063,GA,2012,191525,-437,large
13065,GA,2012,4723,-10,tiny
13067,GA,2012,554577,2040,very large
13069,GA,2012,29571,54,small
13071,GA,2012,33552,-129,small
13073,GA,2012,102842,1217,large
13075,GA,2012,11473,45,small
13077,GA,2012,112025,-1,large
13079,GA,2012,8782,-36,tiny
13081,GA,2012,15157,-67,small
13083,GA,2012,10701,-14,small
13085,GA,2012,16094,7,small
13087,GA,2012,20606,34,small
13089,GA,2012,507842,-1477,very large
13091,GA,2012,13235,-6,small
13093,GA,2012,7406,17,tiny
13095,GA,2012,64773,-405,medium
13097,GA,2012,98437,507,medium
13099,GA,2012,7708,27,tiny
13101,GA,2012,2550,9,tiny
13103,GA,2012,41792,229,small
13105,GA,2012,15084,-58,small
13107,GA,2012,16614,40,small
13109,GA,2012,7724,-11,tiny
13111,GA,2012,16210,39,small
13113,GA,2012,90348,479,medium
13115,GA,2012,72283,3,medium
13117,GA,2012,159384,3571,large
13119,GA,2012,15822,8,small
13121,GA,2012,671165,-1141,very large
13123,GA,2012,20360,50,small
13125,GA,2012,2021,1,tiny
13127,GA,2012,58748,132,medium
13129,GA,2012,43364,-3,small
13131,GA,2012,19042,-40,small
13133,GA,2012,12074,52,small
13135,GA,2012,676953,6816,very large
13137,GA,2012,31561,76,small
13139,GA,2012,154319,680,large
13141,GA,2012,5397,-77,tiny
13143,GA,2012,20104,21,small
13145,GA,2012,24486,92,small
13147,GA,2012,17955,-9,small
13149,GA,2012,7358,-43,tiny
13151,GA,2012,159656,1298,large
13153,GA,2012,117722,76,large
13155,GA,2012,6265,-38,tiny
13157,GA,2012,47127,177,small
13159,GA,2012,9983,19,tiny
13161,GA,2012,10852,-2,small
13163,GA,2012,13097,-109,small
13165,GA,2012,5426,-32,tiny
13167,GA,2012,5432,-3,tiny
13169,GA,2012,21124,10,small
13171,GA,2012,11914,19,small
13173,GA,2012,5825,-21,tiny
13175,GA,2012,36707,21,small
13177,GA,2012,24211,160,small
13179,GA,2012,42379,-674,small
13181,GA,2012,5548,4,tiny
13183,GA,2012,8063,224,tiny
13185,GA,2012,74277,-541,medium
13187,GA,2012,18814,10,small
13189,GA,2012,16643,-11,small
13191,GA,2012,7888,27,tiny
13193,GA,2012,8327,-82,tiny
13195,GA,2012,20870,150,small
13197,GA,2012,5180,-14,tiny
13199,GA,2012,15737,48,small
13201,GA,2012,3919,1,tiny
13205,GA,2012,15983,-19,small
13207,GA,2012,19945,82,small
13209,GA,2012,5508,-21,tiny
13211,GA,2012,14244,20,small
13213,GA,2012,28610,7,small
13215,GA,2012,145164,-206,large
13217,GA,2012,74682,445,medium
13219,GA,2012,28584,300,small
13221,GA,2012,10108,-37,small
13223,GA,2012,110374,384,large
13225,GA,2012,18540,6,small
13227,GA,2012,23252,71,small
13229,GA,2012,14010,67,small
13231,GA,2012,13521,55,small
13233,GA,2012,30707,-131,small
13235,GA,2012,6694,26,tiny
13237,GA,2012,15460,59,small
13239,GA,2012,1456,-6,tiny
13241,GA,2012,12307,23,small
13243,GA,2012,4826,-23,tiny
13245,GA,2012,136563,-852,large
13247,GA,2012,62525,403,medium
13249,GA,2012,3239,23,tiny
13251,GA,2012,9946,19,tiny
13253,GA,2012,6398,-31,tiny
13255,GA,2012,45760,158,small
13257,GA,2012,17877,-38,small
13259,GA,2012,2981,-26,tiny
13261,GA,2012,22816,-80,small
13263,GA,2012,4406,-17,tiny
13265,GA,2012,1109,-1,tiny
13267,GA,2012,14363,21,small
13269,GA,2012,5886,27,tiny
13271,GA,2012,7475,-30,tiny
13273,GA,2012,7196,-37,tiny
13275,GA,2012,33326,89,small
13277,GA,2012,29846,-2,small
13279,GA,2012,19959,19,small
13281,GA,2012,7613,37,tiny
13283,GA,2012,4278,9,tiny
13285,GA,2012,52362,-4,medium
13287,GA,2012,6340,8,tiny
13289,GA,2012,6277,-26,tiny
13291,GA,2012,15297,103,small
13293,GA,2012,19108,-4,small
13295,GA,2012,45747,34,small
13297,GA,2012,64774,339,medium
13299,GA,2012,24124,-58,small
13301,GA,2012,4025,-34,tiny
13303,GA,2012,14862,15,small
13305,GA,2012,20024,44,small
13307,GA,2012,1689,4,tiny
13309,GA,2012,3281,4,tiny
13311,GA,2012,18592,50,small
13313,GA,2012,85353,-184,medium
13315,GA,2012,4996,-28,tiny
13317,GA,2012,7409,32,tiny
13319,GA,2012,7423,-23,tiny
13321,GA,2012,15382,-8,small
19001,IA,2012,5978,-4,tiny
19003,IA,2012,3184,13,tiny
19005,IA,2012,12244,-11,small
19007,IA,2012,9574,12,tiny
19009,IA,2012,4898,-17,tiny
19011,IA,2012,21656,27,small
19013,IA,2012,97860,-237,medium
19015,IA,2012,21359,15,small
19017,IA,2012,19548,114,small
19019,IA,2012,17457,7,small
19021,IA,2012,17619,-71,small
19023,IA,2012,12664,26,small
19025,IA,2012,8010,-5,tiny
19027,IA,2012,17968,-9,small
19029,IA,2012,11177,-14,small
19031,IA,2012,15317,-1,small
19033,IA,2012,34399,-156,small
19035,IA,2012,10041,-27,small
19037,IA,2012,10539,22,small
19039,IA,2012,7779,-24,tiny
19041,IA,2012,13964,5,small
19043,IA,2012,14846,-4,small
19045,IA,2012,39312,-34,small
19047,IA,2012,15067,7,small
19049,IA,2012,60305,731,medium
19051,IA,2012,7164,5,tiny
19053,IA,2012,5595,13,tiny
19055,IA,2012,14969,-8,small
19057,IA,2012,32252,53,small
19059,IA,2012,14247,14,small
19061,IA,2012,79738,138,medium
19063,IA,2012,7801,26,tiny
19065,IA,2012,15872,-74,small
19067,IA,2012,12976,-2,small
19069,IA,2012,8793,-3,tiny
19071,IA,2012,5719,-22,tiny
19073,IA,2012,7584,-22,tiny
19075,IA,2012,10506,-11,small
19077,IA,2012,8864,23,tiny
19079,IA,2012,12509,-26,small
19081,IA,2012,9417,-4,tiny
19083,IA,2012,13788,9,small
19085,IA,2012,11900,6,small
19087,IA,2012,15515,-2,small
19089,IA,2012,8223,-3,tiny
19091,IA,2012,8137,-44,tiny
19093,IA,2012,6040,-32,tiny
19095,IA,2012,13986,86,small
19097,IA,2012,16572,-20,small
19099,IA,2012,28948,24,small
19101,IA,2012,11982,-51,small
19103,IA,2012,95178,-217,medium
19105,IA,2012,16069,0,small
19107,IA,2012,8388,-6,tiny
19109,IA,2012,13215,57,small
19111,IA,2012,27060,-9,small
19113,IA,2012,175814,142,large
19115,IA,2012,9377,-24,tiny
19117,IA,2012,6820,-16,tiny
19119,IA,2012,10391,-12,small
19121,IA,2012,12880,24,small
19123,IA,2012,17443,23,small
19125,IA,2012,27137,-49,small
19127,IA,2012,33295,-125,small
19129,IA,2012,11770,-9,small
19131,IA,2012,8821,2,tiny
19133,IA,2012,7112,-19,tiny
19135,IA,2012,6147,-34,tiny
19137,IA,2012,8237,4,tiny
19139,IA,2012,35948,-108,small
19141,IA,2012,11829,-13,small
19143,IA,2012,5507,12,tiny
19145,IA,2012,11385,-8,small
19147,IA,2012,7367,-34,tiny
19149,IA,2012,21865,53,small
19151,IA,2012,5897,25,tiny
19153,IA,2012,363713,1072,large
19155,IA,2012,71644,-20,medium
19157,IA,2012,14030,-8,small
19159,IA,2012,3782,-1,tiny
19161,IA,2012,8440,23,tiny
19163,IA,2012,136911,347,large
19165,IA,2012,10312,-5,small
19167,IA,2012,29385,-76,small
19169,IA,2012,56802,-316,medium
19171,IA,2012,14611,0,small
19173,IA,2012,5058,-2,tiny
19175,IA,2012,9680,-27,tiny
19177,IA,2012,5890,-2,tiny
19179,IA,2012,27442,-140,small
19181,IA,2012,38897,200,small
19183,IA,2012,18541,59,small
19185,IA,2012,4929,10,tiny
19187,IA,2012,27554,-93,small
19189,IA,2012,8634,31,tiny
19191,IA,2012,16445,-34,small
19193,IA,2012,81460,-242,medium
19195,IA,2012,6174,42,tiny
19197,IA,2012,10675,5,small
23001,ME,2012,78217,-86,medium
23003,ME,2012,52798,-97,medium
23005,ME,2012,224325,539,large
23007,ME,2012,21332,-44,small
23009,ME,2012,41700,25,small
23011,ME,2012,92576,134,medium
23013,ME,2012,30570,56,small
23015,ME,2012,26901,45,small
23017,ME,2012,40902,0,small
23019,ME,2012,109301,-249,large
23021,ME,2012,11956,-1,small
23023,ME,2012,27953,21,small
23025,ME,2012,36090,15,small
23027,ME,2012,28833,-13,small
23029,ME,2012,23125,-91,small
23031,ME,2012,159368,649,large
26001,MI,2012,7814,17,tiny
26003,MI,2012,6736,-8,tiny
26005,MI,2012,93224,562,medium
26007,MI,2012,22765,48,small
26009,MI,2012,18290,51,small
26011,MI,2012,11959,8,small
26013,MI,2012,5834,-9,tiny
26015,MI,2012,48192,146,small
26017,MI,2012,87686,-150,medium
26019,MI,2012,13963,-2,small
26021,MI,2012,123549,-164,large
26023,MI,2012,33057,19,small
26025,MI,2012,102258,-168,large
26027,MI,2012,38786,105,small
26029,MI,2012,21232,68,small
26031,MI,2012,20091,81,small
26033,MI,2012,26113,16,small
26035,MI,2012,21726,94,small
26037,MI,2012,61622,236,medium
26039,MI,2012,9569,62,tiny
26041,MI,2012,30229,-88,small
26043,MI,2012,21553,4,small
26045,MI,2012,85382,5,medium
26047,MI,2012,27108,104,small
26049,MI,2012,321846,-937,large
26051,MI,2012,19217,-3,small
26053,MI,2012,10808,16,small
26055,MI,2012,72946,316,medium
26057,MI,2012,29670,-33,small
26059,MI,2012,34356,-49,small
26061,MI,2012,24661,-55,small
26063,MI,2012,27643,8,small
26065,MI,2012,189686,-1098,large
26067,MI,2012,47814,22,small
26069,MI,2012,18672,128,small
26071,MI,2012,8698,5,tiny
26073,MI,2012,41207,-137,small
26075,MI,2012,119867,114,large
26077,MI,2012,190356,-176,large
26079,MI,2012,12774,49,small
26081,MI,2012,507536,615,very large
26083,MI,2012,1685,-9,tiny
26085,MI,2012,6914,3,tiny
26087,MI,2012,72835,198,medium
26089,MI,2012,18254,78,small
26091,MI,2012,78575,31,medium
26093,MI,2012,157059,1434,large
26095,MI,2012,4183,-24,tiny
26097,MI,2012,8924,16,tiny
26099,MI,2012,702620,2880,very large
26101,MI,2012,18188,18,small
26103,MI,2012,49995,-135,small
26105,MI,2012,22956,24,small
26107,MI,2012,27453,-88,small
26109,MI,2012,18478,20,small
26111,MI,2012,68816,29,medium
26113,MI,2012,11716,20,small
26115,MI,2012,124270,12,large
26117,MI,2012,47078,-76,small
26119,MI,2012,6818,17,tiny
26121,MI,2012,131275,-23,large
26123,MI,2012,37218,128,small
26125,MI,2012,1008803,1926,enormous
26127,MI,2012,21195,81,small
26129,MI,2012,15556,34,small
26131,MI,2012,4592,-12,tiny
26133,MI,2012,17380,-58,small
26135,MI,2012,6069,34,tiny
26137,MI,2012,19633,29,small
26139,MI,2012,226931,937,large
26141,MI,2012,10534,26,small
26143,MI,2012,17342,86,small
26145,MI,2012,152727,-606,large
26147,MI,2012,130663,98,large
26149,MI,2012,49322,-8,small
26151,MI,2012,33568,-63,small
26153,MI,2012,6273,-8,tiny
26155,MI,2012,55543,-37,medium
26157,MI,2012,44177,-2,small
26159,MI,2012,60436,154,medium
26161,MI,2012,252371,-650,large
26163,MI,2012,1324320,-7828,enormous
26165,MI,2012,24754,71,small
27001,MN,2012,11328,71,small
27003,MN,2012,282726,656,large
27005,MN,2012,26692,0,small
27007,MN,2012,32584,-80,small
27009,MN,2012,30356,-3,small
27011,MN,2012,4096,9,tiny
27013,MN,2012,44849,-127,small
27015,MN,2012,21753,-62,small
27017,MN,2012,27122,125,small
27019,MN,2012,82705,909,medium
27021,MN,2012,22575,134,small
27023,MN,2012,10124,-5,small
27025,MN,2012,44212,189,small
27027,MN,2012,44282,47,small
27029,MN,2012,6568,-7,tiny
27031,MN,2012,4302,-3,tiny
27033,MN,2012,10053,-14,small
27035,MN,2012,49634,196,small
27037,MN,2012,349534,919,large
27039,MN,2012,17576,3,small
27041,MN,2012,30451,-12,small
27043,MN,2012,11912,-38,small
27045,MN,2012,17303,-22,small
27047,MN,2012,25880,-112,small
27049,MN,2012,39071,0,small
27051,MN,2012,5015,7,tiny
27053,MN,2012,956382,-2649,very large
27055,MN,2012,16241,-21,small
27057,MN,2012,15726,7,small
27059,MN,2012,30359,77,small
27061,MN,2012,35580,134,small
27063,MN,2012,8913,27,tiny
27065,MN,2012,12164,-9,small
27067,MN,2012,35991,-62,small
27069,MN,2012,3763,-16,tiny
27071,MN,2012,10111,-9,small
27073,MN,2012,5984,-15,tiny
27075,MN,2012,8580,-40,tiny
27077,MN,2012,3158,-2,tiny
27079,MN,2012,23354,96,small
27081,MN,2012,4685,-4,tiny
27083,MN,2012,20744,-52,small
27085,MN,2012,30864,-48,small
27087,MN,2012,3922,-12,tiny
27089,MN,2012,7959,-11,tiny
27091,MN,2012,17292,-20,small
27093,MN,2012,19323,-8,small
27095,MN,2012,19811,-36,small
27097,MN,2012,27688,-97,small
27099,MN,2012,32730,-83,small
27101,MN,2012,7078,-34,tiny
27103,MN,2012,25134,-78,small
27105,MN,2012,18488,-95,small
27107,MN,2012,5404,14,tiny
27109,MN,2012,127536,-259,large
27111,MN,2012,47323,-40,small
27113,MN,2012,11304,-48,small
27115,MN,2012,20575,54,small
27117,MN,2012,7854,9,tiny
27119,MN,2012,24856,-26,small
27121,MN,2012,9201,13,tiny
27123,MN,2012,393399,-862,large
27125,MN,2012,3361,-17,tiny
27127,MN,2012,13055,-29,small
27129,MN,2012,12979,-17,small
27131,MN,2012,48978,-102,small
27133,MN,2012,8040,-3,tiny
27135,MN,2012,13629,-19,small
27137,MN,2012,148158,-119,large
27139,MN,2012,117857,529,large
27141,MN,2012,73414,80,medium
27143,MN,2012,12896,-8,small
27145,MN,2012,117450,-259,large
27147,MN,2012,31191,-56,small
27149,MN,2012,7632,-39,tiny
27151,MN,2012,8025,-58,tiny
27153,MN,2012,19341,-14,small
27155,MN,2012,2798,11,tiny
27157,MN,2012,18549,-14,small
27159,MN,2012,10420,15,small
27161,MN,2012,15542,-27,small
27163,MN,2012,210004,986,large
27165,MN,2012,9183,-59,tiny
27167,MN,2012,5532,13,tiny
27169,MN,2012,36733,-71,small
27171,MN,2012,109193,388,large
27173,MN,2012,8668,27,tiny
31001,NE,2012,24585,-33,small
31003,NE,2012,5433,-16,tiny
31005,NE,2012,395,0,tiny
31007,NE,2012,563,0,tiny
31009,NE,2012,406,0,tiny
31011,NE,2012,4743,-6,tiny
31013,NE,2012,9300,-20,tiny
31015,NE,2012,1656,0,tiny
31017,NE,2012,2318,0,tiny
31019,NE,2012,36963,-25,small
31021,NE,2012,5529,-5,tiny
31023,NE,2012,7108,5,tiny
31025,NE,2012,21561,34,small
31027,NE,2012,7538,-12,tiny
31029,NE,2012,3384,0,tiny
31031,NE,2012,4760,0,tiny
31033,NE,2012,8163,-15,tiny
31035,NE,2012,5339,11,tiny
31037,NE,2012,9346,-47,tiny
31039,NE,2012,8071,23,tiny
31041,NE,2012,9214,8,tiny
31043,NE,2012,18101,-17,small
31045,NE,2012,5980,-31,tiny
31047,NE,2012,20802,-66,small
31049,NE,2012,1433,-2,tiny
31051,NE,2012,4996,0,tiny
31053,NE,2012,29964,-30,small
31055,NE,2012,432263,-416,large
31057,NE,2012,1528,0,tiny
31059,NE,2012,4889,2,tiny
31061,NE,2012,2566,1,tiny
31063,NE,2012,2044,3,tiny
31065,NE,2012,3962,-11,tiny
31067,NE,2012,17502,-15,small
31069,NE,2012,1452,0,tiny
31071,NE,2012,1404,0,tiny
31073,NE,2012,1634,4,tiny
31075,NE,2012,619,0,tiny
31077,NE,2012,1984,-13,tiny
31079,NE,2012,49131,-124,small
31081,NE,2012,8063,39,tiny
31083,NE,2012,2674,7,tiny
31085,NE,2012,793,0,tiny
31087,NE,2012,2285,0,tiny
31089,NE,2012,8970,-42,tiny
31091,NE,2012,661,0,tiny
31093,NE,2012,5290,30,tiny
31095,NE,2012,6020,0,tiny
31097,NE,2012,3530,5,tiny
31099,NE,2012,5208,1,tiny
31101,NE,2012,6461,-9,tiny
31103,NE,2012,680,-3,tiny
31105,NE,2012,2802,-1,tiny
31107,NE,2012,7000,-13,tiny
31109,NE,2012,228043,-250,large
31111,NE,2012,29180,-55,small
31113,NE,2012,627,1,tiny
31115,NE,2012,438,0,tiny
31117,NE,2012,414,0,tiny
31119,NE,2012,28812,-55,small
31121,NE,2012,6250,7,tiny
31123,NE,2012,3708,-25,tiny
31125,NE,2012,2811,-2,tiny
31127,NE,2012,5299,-5,tiny
31129,NE,2012,3696,-7,tiny
31131,NE,2012,13065,6,small
31133,NE,2012,2149,9,tiny
31135,NE,2012,2492,1,tiny
31137,NE,2012,7753,10,tiny
31139,NE,2012,6211,-6,tiny
31141,NE,2012,29063,-31,small
31143,NE,2012,4573,-13,tiny
31145,NE,2012,8793,-33,tiny
31147,NE,2012,6536,-12,tiny
31149,NE,2012,1128,4,tiny
31151,NE,2012,11755,-63,small
31153,NE,2012,139831,562,large
31155,NE,2012,17480,22,small
31157,NE,2012,28708,-53,small
31159,NE,2012,13716,-30,small
31161,NE,2012,4112,-11,tiny
31163,NE,2012,2449,-12,tiny
31165,NE,2012,960,-2,tiny
31167,NE,2012,4953,-14,tiny
31169,NE,2012,4334,19,tiny
31171,NE,2012,562,0,tiny
31173,NE,2012,5054,-42,tiny
31175,NE,2012,3481,1,tiny
31177,NE,2012,17052,50,small
31179,NE,2012,6554,-4,tiny
31181,NE,2012,2879,3,tiny
31183,NE,2012,666,0,tiny
31185,NE,2012,11399,-41,small
32001,NV,2012,17829,-62,small
32003,NV,2012,1562375,7582,enormous
32005,NV,2012,38558,294,small
32007,NV,2012,41851,192,small
32009,NV,2012,595,0,tiny
32011,NV,2012,1347,-2,tiny
32013,NV,2012,14130,2,small
32015,NV,2012,4693,-3,tiny
32017,NV,2012,3355,14,tiny
32019,NV,2012,37117,185,small
32021,NV,2012,3108,-15,tiny
32023,NV,2012,28018,131,small
32027,NV,2012,3558,-5,tiny
32029,NV,2012,2547,9,tiny
32031,NV,2012,333662,554,large
32033,NV,2012,6862,2,tiny
32510,NV,2012,39939,78,small
33001,NH,2012,50091,187,medium
33003,NH,2012,38413,229,small
33005,NH,2012,58918,-85,medium
33007,NH,2012,23904,6,small
33009,NH,2012,65883,-103,medium
33011,NH,2012,332725,126,large
33013,NH,2012,117176,247,large
33015,NH,2012,258149,1049,large
33017,NH,2012,92708,331,medium
33019,NH,2012,33260,96,small
37001,NC,2012,117278,290,large
37003,NC,2012,27357,7,small
37005,NC,2012,7914,37,tiny
37007,NC,2012,16849,-77,small
37009,NC,2012,19212,-5,small
37011,NC,2012,11405,39,small
37013,NC,2012,35676,38,small
37015,NC,2012,13805,-78,small
37017,NC,2012,23110,123,small
37019,NC,2012,80702,1178,medium
37021,NC,2012,185695,1093,large
37023,NC,2012,65050,-415,medium
37025,NC,2012,147746,1538,large
37027,NC,2012,59221,-55,medium
37029,NC,2012,7823,60,tiny
37031,NC,2012,50693,210,medium
37033,NC,2012,16224,65,small
37035,NC,2012,123290,151,large
37037,NC,2012,51404,464,medium
37039,NC,2012,18485,25,small
37041,NC,2012,11052,11,small
37043,NC,2012,7212,5,tiny
37045,NC,2012,71865,-76,medium
37047,NC,2012,38595,5,small
37049,NC,2012,75854,-491,medium
37051,NC,2012,228308,-1120,large
37053,NC,2012,18083,245,small
37055,NC,2012,28374,7,small
37057,NC,2012,125104,364,large
37059,NC,2012,32882,-37,small
37061,NC,2012,44678,-2966,small
37063,NC,2012,212734,172,large
37065,NC,2012,39618,-216,small
37067,NC,2012,275675,91,large
37069,NC,2012,43118,481,small
37071,NC,2012,157689,505,large
37073,NC,2012,8149,-17,tiny
37075,NC,2012,5968,-11,tiny
37077,NC,2012,41553,174,small
37079,NC,2012,14032,23,small
37081,NC,2012,378062,232,large
37083,NC,2012,37740,-67,small
37085,NC,2012,84077,703,medium
37087,NC,2012,42973,98,small
37089,NC,2012,84315,642,medium
37091,NC,2012,14712,-16,small
37093,NC,2012,33740,288,small
37095,NC,2012,3579,-11,tiny
37097,NC,2012,130583,559,large
37099,NC,2012,23266,70,small
37101,NC,2012,136891,1125,large
37103,NC,2012,7152,38,tiny
37105,NC,2012,46732,-114,small
37107,NC,2012,43735,-81,small
37109,NC,2012,59922,105,medium
37111,NC,2012,32365,-89,small
37113,NC,2012,25175,122,small
37115,NC,2012,13990,9,small
37117,NC,2012,17916,-40,small
37119,NC,2012,749624,3939,very large
37121,NC,2012,10776,2,small
37123,NC,2012,20081,-37,small
37125,NC,2012,70125,519,medium
37127,NC,2012,74348,31,medium
37129,NC,2012,146554,614,large
37131,NC,2012,13749,-91,small
37133,NC,2012,122699,-1594,large
37135,NC,2012,96203,-99,medium
37137,NC,2012,8905,-34,tiny
37139,NC,2012,28435,-36,small
37141,NC,2012,38323,524,small
37143,NC,2012,9749,52,tiny
37145,NC,2012,29380,35,small
37147,NC,2012,115637,-186,large
37149,NC,2012,14017,31,small
37151,NC,2012,111204,-59,large
37153,NC,2012,33196,-41,small
37155,NC,2012,93813,-109,medium
37157,NC,2012,69436,-13,medium
37159,NC,2012,104531,0,large
37161,NC,2012,45467,-18,small
37163,NC,2012,55184,655,medium
37165,NC,2012,24493,-61,small
37167,NC,2012,45132,74,small
37169,NC,2012,34504,1,small
37171,NC,2012,55313,-208,medium
37173,NC,2012,12497,-49,small
37175,NC,2012,22454,12,small
37177,NC,2012,2814,-11,tiny
37179,NC,2012,172505,1971,large
37181,NC,2012,32309,-224,small
37183,NC,2012,776343,5004,very large
37185,NC,2012,12762,23,small
37187,NC,2012,9186,-11,tiny
37189,NC,2012,28134,-81,small
37191,NC,2012,90224,-178,medium
37193,NC,2012,49653,39,small
37195,NC,2012,62973,-60,medium
37197,NC,2012,29187,-44,small
37199,NC,2012,12550,31,small
39001,OH,2012,20571,-68,small
39003,OH,2012,79802,-8,medium
39005,OH,2012,40785,18,small
39007,OH,2012,76455,-95,medium
39009,OH,2012,33368,-72,small
39011,OH,2012,39039,-21,small
39013,OH,2012,51379,-23,medium
39015,OH,2012,33039,68,small
39017,OH,2012,289232,-25,large
39019,OH,2012,21708,-136,small
39021,OH,2012,31159,-29,small
39023,OH,2012,106887,81,large
39025,OH,2012,160707,453,large
39027,OH,2012,32263,57,small
39029,OH,2012,81311,-64,medium
39031,OH,2012,27917,-11,small
39033,OH,2012,33433,-53,small
39035,OH,2012,970140,-2917,very large
39037,OH,2012,43408,-22,small
39039,OH,2012,31954,-132,small
39041,OH,2012,155185,1830,large
39043,OH,2012,61546,-125,medium
39045,OH,2012,116635,715,large
39047,OH,2012,21557,46,small
39049,OH,2012,931239,-1081,very large
39051,OH,2012,36039,75,small
39053,OH,2012,21845,-4,small
39055,OH,2012,81732,307,medium
39057,OH,2012,120538,-523,large
39059,OH,2012,30285,-68,small
39061,OH,2012,627238,-1755,very large
39063,OH,2012,60034,-91,medium
39065,OH,2012,22459,20,small
39067,OH,2012,11282,-28,small
39069,OH,2012,23961,-37,small
39071,OH,2012,31413,12,small
39073,OH,2012,21258,-21,small
39075,OH,2012,33848,-10,small
39077,OH,2012,48858,-100,small
39079,OH,2012,24163,-14,small
39081,OH,2012,50845,-14,medium
39083,OH,2012,46111,93,small
39085,OH,2012,193403,188,large
39087,OH,2012,45251,69,small
39089,OH,2012,133822,441,large
39091,OH,2012,36837,31,small
39093,OH,2012,241000,680,large
39095,OH,2012,324542,-943,large
39097,OH,2012,31023,226,small
39099,OH,2012,180032,-189,large
39101,OH,2012,47099,-37,small
39103,OH,2012,150097,771,large
39105,OH,2012,16377,38,small
39107,OH,2012,35941,-23,small
39109,OH,2012,84443,216,medium
39111,OH,2012,11165,-30,small
39113,OH,2012,407658,-967,large
39115,OH,2012,10207,25,small
39117,OH,2012,26424,83,small
39119,OH,2012,65960,-54,medium
39121,OH,2012,9346,7,tiny
39123,OH,2012,33958,115,small
39125,OH,2012,15638,-8,small
39127,OH,2012,26403,-18,small
39129,OH,2012,41008,195,small
39131,OH,2012,19822,-17,small
39133,OH,2012,117554,267,large
39135,OH,2012,33154,-11,small
39137,OH,2012,30565,-7,small
39139,OH,2012,94294,-102,medium
39141,OH,2012,54816,-46,medium
39143,OH,2012,49319,20,small
39145,OH,2012,52883,71,medium
39147,OH,2012,43884,4,small
39149,OH,2012,40839,-67,small
39151,OH,2012,301344,78,large
39153,OH,2012,425807,-217,large
39155,OH,2012,163705,-175,large
39157,OH,2012,78441,-75,medium
39159,OH,2012,41375,196,small
39161,OH,2012,23638,-4,small
39163,OH,2012,9058,-18,tiny
39165,OH,2012,180952,463,large
39167,OH,2012,48395,-18,small
39169,OH,2012,94713,-26,medium
39171,OH,2012,30716,2,small
39173,OH,2012,95461,-64,medium
39175,OH,2012,18603,-13,small
4001,AZ,2012,46925,-459,small
4003,AZ,2012,93131,-740,medium
4005,AZ,2012,91215,-588,medium
4007,AZ,2012,36574,113,small
4009,AZ,2012,22445,-34,small
4011,AZ,2012,5908,41,tiny
4012,AZ,2012,10828,17,small
4013,AZ,2012,3035273,8804,enormous
4015,AZ,2012,126627,364,large
4017,AZ,2012,72402,245,medium
4019,AZ,2012,721192,-746,very large
4021,AZ,2012,226603,1762,large
4023,AZ,2012,40898,-187,small
4025,AZ,2012,154080,1561,large
4027,AZ,2012,164573,-482,large
42001,PA,2012,84753,199,medium
42003,PA,2012,975108,-1762,very large
42005,PA,2012,55279,73,medium
42007,PA,2012,140597,150,large
42009,PA,2012,41144,8,small
42011,PA,2012,342115,166,large
42013,PA,2012,100284,-3,large
42015,PA,2012,49991,1,small
42017,PA,2012,550381,1387,very large
42019,PA,2012,157963,481,large
42021,PA,2012,110044,-116,large
42023,PA,2012,4025,-7,tiny
42025,PA,2012,50901,139,medium
42027,PA,2012,94440,-216,medium
42029,PA,2012,441205,1218,large
42031,PA,2012,29286,-76,small
42033,PA,2012,62351,-14,medium
42035,PA,2012,29189,-35,small
42037,PA,2012,48243,27,small
42039,PA,2012,67379,15,medium
42041,PA,2012,196452,535,large
42043,PA,2012,218710,-224,large
42045,PA,2012,451891,430,large
42047,PA,2012,27512,-37,small
42049,PA,2012,218211,-557,large
42051,PA,2012,103485,-7,large
42053,PA,2012,3602,-4,tiny
42055,PA,2012,130296,62,large
42057,PA,2012,12303,-13,small
42059,PA,2012,27483,-40,small
42061,PA,2012,33696,-15,small
42063,PA,2012,63457,-136,medium
42065,PA,2012,36910,-31,small
42067,PA,2012,20118,6,small
42069,PA,2012,166526,-121,large
42071,PA,2012,453845,294,large
42073,PA,2012,70668,1,medium
42075,PA,2012,115013,38,large
42077,PA,2012,287628,-602,large
42079,PA,2012,250196,57,large
42081,PA,2012,91859,-63,medium
42083,PA,2012,32341,5,small
42085,PA,2012,90727,35,medium
42087,PA,2012,37843,10,small
42089,PA,2012,121164,-107,large
42091,PA,2012,691776,1428,very large
42093,PA,2012,14926,9,small
42095,PA,2012,245181,351,large
42097,PA,2012,72184,-60,medium
42099,PA,2012,38571,-57,small
42101,PA,2012,1004868,-6679,enormous
42103,PA,2012,44252,191,small
42105,PA,2012,13550,-29,small
42107,PA,2012,114435,35,large
42109,PA,2012,31276,69,small
42111,PA,2012,60934,-16,medium
42113,PA,2012,4685,-5,tiny
42115,PA,2012,33422,-8,small
42117,PA,2012,32554,-51,small
42119,PA,2012,29315,19,small
42121,PA,2012,42928,42,small
42123,PA,2012,32357,12,small
42125,PA,2012,171423,382,large
42127,PA,2012,39322,599,small
42129,PA,2012,302853,162,large
42131,PA,2012,22771,-3,small
42133,PA,2012,370322,341,large
48001,TX,2012,33680,-52,small
48003,TX,2012,13207,-17,small
48005,TX,2012,65264,-165,medium
48007,TX,2012,16669,100,small
48009,TX,2012,6847,7,tiny
48011,TX,2012,1415,9,tiny
48013,TX,2012,34233,58,small
48015,TX,2012,23090,74,small
48017,TX,2012,5955,-13,tiny
48019,TX,2012,14301,93,small
48021,TX,2012,54769,706,medium
48023,TX,2012,2598,-4,tiny
48025,TX,2012,18466,-28,small
48027,TX,2012,232383,-1112,large
48029,TX,2012,1366394,6044,enormous
48031,TX,2012,7752,-4,tiny
48033,TX,2012,482,0,tiny
48035,TX,2012,12935,-6,small
48037,TX,2012,68136,-80,medium
48039,TX,2012,252061,1282,large
48041,TX,2012,118632,-451,large
48043,TX,2012,6578,36,tiny
48045,TX,2012,1154,-3,tiny
48047,TX,2012,5571,-27,tiny
48049,TX,2012,26912,-8,small
48051,TX,2012,13104,31,small
48053,TX,2012,32862,174,small
48055,TX,2012,26509,280,small
48057,TX,2012,16670,6,small
48059,TX,2012,9782,11,tiny
48061,TX,2012,320015,-855,large
48063,TX,2012,9168,2,tiny
48065,TX,2012,4600,1,tiny
48067,TX,2012,22184,66,small
48069,TX,2012,6143,-3,tiny
48071,TX,2012,31012,228,small
48073,TX,2012,37430,-26,small
48075,TX,2012,4274,-18,tiny
48077,TX,2012,7980,6,tiny
48079,TX,2012,2305,-5,tiny
48081,TX,2012,2324,9,tiny
48083,TX,2012,6055,12,tiny
48085,TX,2012,687986,7090,very large
48087,TX,2012,2238,1,tiny
48089,TX,2012,16557,29,small
48091,TX,2012,92971,1423,medium
48093,TX,2012,9943,20,tiny
48095,TX,2012,1776,6,tiny
48097,TX,2012,30268,70,small
48099,TX,2012,44960,-404,small
48101,TX,2012,1098,0,tiny
48103,TX,2012,3715,3,tiny
48105,TX,2012,3033,-2,tiny
48107,TX,2012,4295,-12,tiny
48109,TX,2012,1697,-17,tiny
48111,TX,2012,5676,-9,tiny
48113,TX,2012,1928948,-956,enormous
48115,TX,2012,9137,-1,tiny
48117,TX,2012,16832,-82,small
48119,TX,2012,3413,-16,tiny
48121,TX,2012,559245,5410,very large
48123,TX,2012,13958,15,small
48125,TX,2012,1417,-3,tiny
48127,TX,2012,7539,17,tiny
48129,TX,2012,2481,-13,tiny
48131,TX,2012,8467,-22,tiny
48133,TX,2012,12611,25,small
48135,TX,2012,113938,999,large
48137,TX,2012,1414,0,tiny
48139,TX,2012,125319,1003,large
48141,TX,2012,661672,-3214,very large
48143,TX,2012,25193,-117,small
48145,TX,2012,10810,-41,small
48147,TX,2012,23069,4,small
48149,TX,2012,19224,16,small
48151,TX,2012,2724,-13,tiny
48153,TX,2012,4868,-11,tiny
48155,TX,2012,768,-7,tiny
48157,TX,2012,516282,8360,very large
48159,TX,2012,7180,-21,tiny
48161,TX,2012,13976,39,small
48163,TX,2012,10721,-27,small
48165,TX,2012,14330,27,small
48167,TX,2012,232082,1555,large
48169,TX,2012,3289,-3,tiny
48171,TX,2012,20607,35,small
48173,TX,2012,1111,1,tiny
48175,TX,2012,5145,-1,tiny
48177,TX,2012,15257,8,small
48179,TX,2012,17076,19,small
48181,TX,2012,92307,115,medium
48183,TX,2012,97709,-274,medium
48185,TX,2012,18394,42,small
48187,TX,2012,108990,771,large
48189,TX,2012,26340,-206,small
48191,TX,2012,2221,7,tiny
48193,TX,2012,5988,4,tiny
48195,TX,2012,4624,2,tiny
48197,TX,2012,2887,-15,tiny
48199,TX,2012,42795,50,small
48201,TX,2012,3349748,10867,enormous
48203,TX,2012,50852,-136,medium
48205,TX,2012,3181,4,tiny
48207,TX,2012,3841,12,tiny
48209,TX,2012,118926,2160,large
48211,TX,2012,3559,12,tiny
48213,TX,2012,54165,154,medium
48215,TX,2012,599807,-923,very large
48217,TX,2012,25481,-23,small
48219,TX,2012,17407,-34,small
48221,TX,2012,39736,159,small
48223,TX,2012,26829,24,small
48225,TX,2012,14121,-45,small
48227,TX,2012,22681,11,small
48229,TX,2012,2486,11,tiny
48231,TX,2012,62540,197,medium
48233,TX,2012,17230,-9,small
48235,TX,2012,1238,-3,tiny
48237,TX,2012,5939,-3,tiny
48239,TX,2012,11701,-10,small
48241,TX,2012,25958,-57,small
48243,TX,2012,1572,-8,tiny
48245,TX,2012,184824,-393,large
48247,TX,2012,3913,-6,tiny
48249,TX,2012,32599,-114,small
48251,TX,2012,121236,520,large
48253,TX,2012,11228,-4,small
48255,TX,2012,9541,-20,tiny
48257,TX,2012,86341,971,medium
48259,TX,2012,30581,551,small
48261,TX,2012,278,0,tiny
48263,TX,2012,585,0,tiny
48265,TX,2012,37436,108,small
48267,TX,2012,3264,7,tiny
48269,TX,2012,202,0,tiny
48271,TX,2012,2378,48,tiny
48273,TX,2012,21678,-209,small
48275,TX,2012,2745,-11,tiny
48277,TX,2012,36272,-69,small
48279,TX,2012,10426,2,small
48281,TX,2012,15305,33,small
48283,TX,2012,4126,1,tiny
48285,TX,2012,15718,42,small
48287,TX,2012,13003,75,small
48289,TX,2012,13268,-25,small
48291,TX,2012,53972,170,medium
48293,TX,2012,16687,-27,small
48295,TX,2012,2795,0,tiny
48297,TX,2012,7231,1,tiny
48299,TX,2012,12338,64,small
48301,TX,2012,50,0,tiny
48303,TX,2012,200881,-245,large
48305,TX,2012,4456,-11,tiny
48307,TX,2012,6315,-18,tiny
48309,TX,2012,176855,-90,large
48311,TX,2012,631,-9,tiny
48313,TX,2012,8645,16,tiny
48315,TX,2012,6500,-16,tiny
48317,TX,2012,3785,8,tiny
48319,TX,2012,3151,-2,tiny
48321,TX,2012,28421,-90,small
48323,TX,2012,51539,-35,medium
48325,TX,2012,33045,168,small
48327,TX,2012,1452,-7,tiny
48329,TX,2012,116140,717,large
48331,TX,2012,17998,-2,small
48333,TX,2012,3573,2,tiny
48335,TX,2012,5200,-3,tiny
48337,TX,2012,14778,-3,small
48339,TX,2012,379802,5060,large
48341,TX,2012,18804,-123,small
48343,TX,2012,9595,-18,tiny
48345,TX,2012,784,0,tiny
48347,TX,2012,42552,-215,small
48349,TX,2012,36841,42,small
48351,TX,2012,8332,-41,tiny
48353,TX,2012,11336,41,small
48355,TX,2012,255039,165,large
48357,TX,2012,8958,-5,tiny
48359,TX,2012,1585,3,tiny
48361,TX,2012,64916,6,medium
48363,TX,2012,20126,32,small
48365,TX,2012,18583,-57,small
48367,TX,2012,93621,612,medium
48369,TX,2012,8911,-23,tiny
48371,TX,2012,10704,2,small
48373,TX,2012,37193,22,small
48375,TX,2012,86056,-367,medium
48377,TX,2012,7595,-102,tiny
48379,TX,2012,7120,56,tiny
48381,TX,2012,95998,111,medium
48383,TX,2012,3010,-11,tiny
48385,TX,2012,2315,24,tiny
48387,TX,2012,9001,-2,tiny
48389,TX,2012,8302,7,tiny
48391,TX,2012,5707,21,tiny
48393,TX,2012,670,0,tiny
48395,TX,2012,12607,48,small
48397,TX,2012,68197,690,medium
48399,TX,2012,7926,2,tiny
48401,TX,2012,37988,-123,small
48403,TX,2012,7195,-28,tiny
48405,TX,2012,5879,-3,tiny
48407,TX,2012,16693,95,small
48409,TX,2012,53454,-187,medium
48411,TX,2012,4273,-9,tiny
48413,TX,2012,2299,-1,tiny
48415,TX,2012,12430,-18,small
48417,TX,2012,2592,-2,tiny
48419,TX,2012,19786,-39,small
48421,TX,2012,2056,2,tiny
48423,TX,2012,165344,-153,large
48425,TX,2012,6535,23,tiny
48427,TX,2012,51295,-253,medium
48429,TX,2012,6351,-13,tiny
48431,TX,2012,985,4,tiny
48433,TX,2012,1110,0,tiny
48435,TX,2012,3390,-22,tiny
48437,TX,2012,5405,-5,tiny
48439,TX,2012,1511785,6329,enormous
48441,TX,2012,98690,-350,medium
48443,TX,2012,621,0,tiny
48445,TX,2012,8719,-30,tiny
48447,TX,2012,1149,0,tiny
48449,TX,2012,25733,-75,small
48451,TX,2012,82570,-241,medium
48453,TX,2012,803925,23621,very large
48455,TX,2012,9370,17,tiny
48457,TX,2012,13272,45,small
48459,TX,2012,27781,32,small
48461,TX,2012,2514,3,tiny
48463,TX,2012,21180,-3,small
48465,TX,2012,39750,-261,small
48467,TX,2012,38114,137,small
48469,TX,2012,70937,-45,medium
48471,TX,2012,35087,-48,small
48473,TX,2012,29828,268,small
48475,TX,2012,8533,42,tiny
48477,TX,2012,26253,50,small
48479,TX,2012,219032,-349,large
48481,TX,2012,34020,-6,small
48483,TX,2012,4496,2,tiny
48485,TX,2012,90015,-367,medium
48487,TX,2012,9792,-47,tiny
48489,TX,2012,14613,-112,small
48491,TX,2012,364227,5402,large
48493,TX,2012,33698,279,small
48495,TX,2012,5741,-1,tiny
48497,TX,2012,47065,228,small
48499,TX,2012,30167,86,small
48501,TX,2012,7021,7,tiny
48503,TX,2012,14485,-7,small
48505,TX,2012,10625,-35,small
48507,TX,2012,8496,-26,tiny
55001,WI,2012,13812,146,small
55003,WI,2012,12173,7,small
55005,WI,2012,37477,-111,small
55007,WI,2012,12613,32,small
55009,WI,2012,217640,123,large
55011,WI,2012,11328,-54,small
55013,WI,2012,12298,42,small
55015,WI,2012,43102,-5,small
55017,WI,2012,51145,94,medium
55019,WI,2012,29146,-37,small
55021,WI,2012,48618,49,small
55023,WI,2012,12766,4,small
55025,WI,2012,414507,-577,large
55027,WI,2012,71104,158,medium
55029,WI,2012,24772,38,small
55031,WI,2012,33268,-12,small
55033,WI,2012,31173,-9,small
55035,WI,2012,75854,-284,medium
55037,WI,2012,3548,12,tiny
55039,WI,2012,86142,68,medium
55041,WI,2012,7247,-30,tiny
55043,WI,2012,39183,-60,small
55045,WI,2012,32204,42,small
55047,WI,2012,15888,-55,small
55049,WI,2012,20277,33,small
55051,WI,2012,4710,-8,tiny
55053,WI,2012,15491,6,small
55055,WI,2012,69144,179,medium
55057,WI,2012,19933,87,small
55059,WI,2012,134260,326,large
55061,WI,2012,17799,-49,small
55063,WI,2012,89452,-123,medium
55065,WI,2012,15117,-15,small
55067,WI,2012,16106,11,small
55069,WI,2012,23845,-30,small
55071,WI,2012,69460,-50,medium
55073,WI,2012,115987,55,large
55075,WI,2012,33046,72,small
55077,WI,2012,12299,41,small
55078,WI,2012,3072,-17,tiny
55079,WI,2012,737491,-2991,very large
55081,WI,2012,36544,-45,small
55083,WI,2012,31688,-52,small
55085,WI,2012,30373,85,small
55087,WI,2012,155246,107,large
55089,WI,2012,77702,339,medium
55091,WI,2012,5969,3,tiny
55093,WI,2012,31074,117,small
55095,WI,2012,36139,96,small
55097,WI,2012,55200,-47,medium
55099,WI,2012,11594,-24,small
55101,WI,2012,162230,173,large
55103,WI,2012,13712,-52,small
55105,WI,2012,132866,281,large
55107,WI,2012,11317,15,small
55109,WI,2012,73743,257,medium
55111,WI,2012,53701,80,medium
55113,WI,2012,13535,15,small
55115,WI,2012,33565,13,small
55117,WI,2012,99985,-121,medium
55119,WI,2012,16273,40,small
55121,WI,2012,27217,61,small
55123,WI,2012,24292,30,small
55125,WI,2012,17427,112,small
55127,WI,2012,81601,93,medium
55129,WI,2012,13626,7,small
55131,WI,2012,117584,410,large
55133,WI,2012,349921,1245,large
55135,WI,2012,42848,141,small
55137,WI,2012,18920,-2,small
55139,WI,2012,132606,-156,large
55141,WI,2012,62547,-209,medium
12001,FL,2013,160719,-830,large
12003,FL,2013,18441,15,small
12005,FL,2013,129722,264,large
12007,FL,2013,16375,48,small
12009,FL,2013,418585,3034,large
12011,FL,2013,1380985,2808,enormous
12013,FL,2013,8387,22,tiny
12015,FL,2013,111968,823,large
12017,FL,2013,96193,305,medium
12019,FL,2013,153953,681,large
12021,FL,2013,265550,2771,large
12023,FL,2013,43754,83,small
12027,FL,2013,20009,35,small
12029,FL,2013,8544,13,tiny
12031,FL,2013,668393,1038,very large
12033,FL,2013,215124,-581,large
12035,FL,2013,74321,342,medium
12037,FL,2013,6758,-17,tiny
12039,FL,2013,33166,-197,small
12041,FL,2013,10788,7,small
12043,FL,2013,5552,74,tiny
12045,FL,2013,8730,-12,tiny
12047,FL,2013,7931,-8,tiny
12049,FL,2013,18835,-66,small
12051,FL,2013,27587,-27,small
12053,FL,2013,120196,514,large
12055,FL,2013,65230,27,medium
12057,FL,2013,958770,2813,very large
12059,FL,2013,11637,12,small
12061,FL,2013,107444,541,large
12063,FL,2013,30894,-11,small
12065,FL,2013,9528,-21,tiny
12067,FL,2013,4543,-1,tiny
12069,FL,2013,232292,2344,large
12071,FL,2013,480366,5762,large
12073,FL,2013,182455,-760,large
12075,FL,2013,26548,-2,small
12077,FL,2013,4706,2,tiny
12079,FL,2013,12276,-27,small
12081,FL,2013,251798,2053,large
12083,FL,2013,239059,789,large
12085,FL,2013,111084,671,large
12086,FL,2013,1911835,-13482,enormous
12087,FL,2013,57312,-186,medium
12089,FL,2013,59793,163,medium
12091,FL,2013,149722,-16,large
12093,FL,2013,25425,-18,small
12095,FL,2013,904542,2871,very large
12097,FL,2013,221078,2076,large
12099,FL,2013,1031794,7000,enormous
12101,FL,2013,336094,3428,large
12103,FL,2013,667001,3520,very large
12105,FL,2013,449382,2700,large
12107,FL,2013,46087,-6,small
12109,FL,2013,166075,2337,large
12111,FL,2013,207472,1549,large
12113,FL,2013,118548,244,large
12115,FL,2013,287589,2643,large
12117,FL,2013,330056,977,large
12119,FL,2013,74813,852,medium
12121,FL,2013,27114,40,small
12123,FL,2013,13863,-50,small
12125,FL,2013,7958,-8,tiny
12127,FL,2013,360222,1963,large
12129,FL,2013,21065,54,small
12131,FL,2013,41442,113,small
12133,FL,2013,15080,-23,small
13001,GA,2013,13102,19,small
13003,GA,2013,6110,-1,tiny
13005,GA,2013,7721,-8,tiny
13007,GA,2013,2162,0,tiny
13009,GA,2013,27910,-41,small
13011,GA,2013,12366,33,small
13013,GA,2013,54508,358,medium
13015,GA,2013,75996,-19,medium
13017,GA,2013,12063,-17,small
13019,GA,2013,11931,-46,small
13021,GA,2013,111448,-462,large
13023,GA,2013,8498,35,tiny
13025,GA,2013,11741,7,small
13027,GA,2013,10516,-28,small
13029,GA,2013,27623,22,small
13031,GA,2013,41505,-179,small
13033,GA,2013,16574,-104,small
13035,GA,2013,15784,-5,small
13037,GA,2013,3563,-35,tiny
13039,GA,2013,36390,-51,small
13043,GA,2013,7506,-12,tiny
13045,GA,2013,83462,-163,medium
13047,GA,2013,46115,74,small
13049,GA,2013,6214,3,tiny
13051,GA,2013,192801,148,large
13053,GA,2013,4298,-505,tiny
13055,GA,2013,16726,-3,small
13057,GA,2013,182297,1203,large
13059,GA,2013,66706,-335,medium
13061,GA,2013,2051,0,tiny
13063,GA,2013,189811,161,large
13065,GA,2013,4737,-24,tiny
13067,GA,2013,560835,2799,very large
13069,GA,2013,29435,-46,small
13071,GA,2013,33217,-84,small
13073,GA,2013,105674,1347,large
13075,GA,2013,11462,4,small
13077,GA,2013,111391,-152,large
13079,GA,2013,8608,67,tiny
13081,GA,2013,14719,-82,small
13083,GA,2013,10566,-28,small
13085,GA,2013,16166,92,small
13087,GA,2013,20258,-8,small
13089,GA,2013,508570,-1241,very large
13091,GA,2013,13114,-24,small
13093,GA,2013,7288,-6,tiny
13095,GA,2013,63344,-470,medium
13097,GA,2013,99747,478,medium
13099,GA,2013,7658,12,tiny
13101,GA,2013,2590,2,tiny
13103,GA,2013,42383,323,small
13105,GA,2013,14877,-52,small
13107,GA,2013,16485,-25,small
13109,GA,2013,7652,-36,tiny
13111,GA,2013,16365,19,small
13113,GA,2013,90871,265,medium
13115,GA,2013,71478,-187,medium
13117,GA,2013,165234,2926,large
13119,GA,2013,15473,43,small
13121,GA,2013,670271,-742,very large
13123,GA,2013,20411,59,small
13125,GA,2013,1971,0,tiny
13127,GA,2013,58994,-15,medium
13129,GA,2013,43014,-88,small
13131,GA,2013,18868,-29,small
13133,GA,2013,12200,63,small
13135,GA,2013,686045,5407,very large
13137,GA,2013,31942,66,small
13139,GA,2013,154728,331,large
13141,GA,2013,5204,-16,tiny
13143,GA,2013,20000,74,small
13145,GA,2013,24463,33,small
13147,GA,2013,17832,-65,small
13149,GA,2013,7433,4,tiny
13151,GA,2013,160756,1609,large
13153,GA,2013,118216,-300,large
13155,GA,2013,6189,-7,tiny
13157,GA,2013,47963,294,small
13159,GA,2013,9879,-23,tiny
13161,GA,2013,10760,-39,small
13163,GA,2013,12732,-17,small
13165,GA,2013,5540,-5,tiny
13167,GA,2013,5418,13,tiny
13169,GA,2013,21198,63,small
13171,GA,2013,11970,51,small
13173,GA,2013,5770,-10,tiny
13175,GA,2013,36166,-116,small
13177,GA,2013,24097,308,small
13179,GA,2013,42437,-545,small
13181,GA,2013,5445,-2,tiny
13183,GA,2013,8559,122,tiny
13185,GA,2013,74279,-486,medium
13187,GA,2013,19084,39,small
13189,GA,2013,16609,-26,small
13191,GA,2013,7869,-66,tiny
13193,GA,2013,8193,-28,tiny
13195,GA,2013,20750,19,small
13197,GA,2013,5100,8,tiny
13199,GA,2013,15389,-39,small
13201,GA,2013,3985,26,tiny
13205,GA,2013,15561,-28,small
13207,GA,2013,19829,31,small
13209,GA,2013,5454,2,tiny
13211,GA,2013,14209,60,small
13213,GA,2013,28917,-41,small
13215,GA,2013,142752,-703,large
13217,GA,2013,75326,344,medium
13219,GA,2013,28600,302,small
13221,GA,2013,9928,61,tiny
13223,GA,2013,111273,578,large
13225,GA,2013,18675,12,small
13227,GA,2013,23285,142,small
13229,GA,2013,13822,33,small
13231,GA,2013,13408,66,small
13233,GA,2013,30186,-31,small
13235,GA,2013,6508,-27,tiny
13237,GA,2013,15287,41,small
13239,GA,2013,1412,-28,tiny
13241,GA,2013,12102,-5,small
13243,GA,2013,4763,0,tiny
13245,GA,2013,134769,-566,large
13247,GA,2013,62374,377,medium
13249,GA,2013,3301,4,tiny
13251,GA,2013,9779,-11,tiny
13253,GA,2013,6104,-53,tiny
13255,GA,2013,45201,-4,small
13257,GA,2013,17874,24,small
13259,GA,2013,2865,-30,tiny
13261,GA,2013,22320,-164,small
13263,GA,2013,4365,29,tiny
13265,GA,2013,1059,0,tiny
13267,GA,2013,14453,-29,small
13269,GA,2013,5873,-9,tiny
13271,GA,2013,7188,37,tiny
13273,GA,2013,7149,-13,tiny
13275,GA,2013,33055,-34,small
13277,GA,2013,29883,16,small
13279,GA,2013,19787,-50,small
13281,GA,2013,7744,0,tiny
13283,GA,2013,4358,9,tiny
13285,GA,2013,52129,91,medium
13287,GA,2013,6189,-15,tiny
13289,GA,2013,6052,-14,tiny
13291,GA,2013,15466,33,small
13293,GA,2013,18807,-61,small
13295,GA,2013,45246,10,small
13297,GA,2013,65456,404,medium
13299,GA,2013,23807,-81,small
13301,GA,2013,3972,-5,tiny
13303,GA,2013,14485,-7,small
13305,GA,2013,19863,11,small
13307,GA,2013,1654,35,tiny
13309,GA,2013,3283,-28,tiny
13311,GA,2013,18631,26,small
13313,GA,2013,84275,-160,medium
13315,GA,2013,4977,0,tiny
13317,GA,2013,7318,0,tiny
13319,GA,2013,7162,-15,tiny
13321,GA,2013,15249,-172,small
19001,IA,2013,5962,-39,tiny
19003,IA,2013,3151,0,tiny
19005,IA,2013,12248,11,small
19007,IA,2013,9633,0,tiny
19009,IA,2013,4850,0,tiny
19011,IA,2013,21637,41,small
19013,IA,2013,98717,-209,medium
19015,IA,2013,21487,169,small
19017,IA,2013,19795,91,small
19019,IA,2013,17469,33,small
19021,IA,2013,17521,-37,small
19023,IA,2013,12705,4,small
19025,IA,2013,7928,-9,tiny
19027,IA,2013,18035,-2,small
19029,IA,2013,11151,-31,small
19031,IA,2013,15359,34,small
19033,IA,2013,34214,-102,small
19035,IA,2013,9945,-7,tiny
19037,IA,2013,10501,8,small
19039,IA,2013,7634,-8,tiny
19041,IA,2013,13926,2,small
19043,IA,2013,14731,-17,small
19045,IA,2013,38865,-71,small
19047,IA,2013,15115,-63,small
19049,IA,2013,63549,905,medium
19051,IA,2013,7240,-15,tiny
19053,IA,2013,5587,-8,tiny
19055,IA,2013,15253,41,small
19057,IA,2013,32183,-64,small
19059,IA,2013,14277,-23,small
19061,IA,2013,80275,84,medium
19063,IA,2013,7751,-5,tiny
19065,IA,2013,15644,-68,small
19067,IA,2013,13066,-28,small
19069,IA,2013,8779,-51,tiny
19071,IA,2013,5616,-16,tiny
19073,IA,2013,7525,-58,tiny
19075,IA,2013,10524,52,small
19077,IA,2013,8833,-14,tiny
19079,IA,2013,12432,-56,small
19081,IA,2013,9261,-13,tiny
19083,IA,2013,13596,12,small
19085,IA,2013,11862,2,small
19087,IA,2013,15573,50,small
19089,IA,2013,8147,18,tiny
19091,IA,2013,8110,-15,tiny
19093,IA,2013,5889,16,tiny
19095,IA,2013,14193,41,small
19097,IA,2013,16466,-41,small
19099,IA,2013,29101,13,small
19101,IA,2013,11869,1,small
19103,IA,2013,96818,-455,medium
19105,IA,2013,16006,-21,small
19107,IA,2013,8273,-4,tiny
19109,IA,2013,13232,22,small
19111,IA,2013,27031,-87,small
19113,IA,2013,176961,146,large
19115,IA,2013,9264,-20,tiny
19117,IA,2013,6922,-9,tiny
19119,IA,2013,10377,-3,small
19121,IA,2013,13072,-15,small
19123,IA,2013,17295,2,small
19125,IA,2013,27111,15,small
19127,IA,2013,33231,-127,small
19129,IA,2013,11845,17,small
19131,IA,2013,8813,-41,tiny
19133,IA,2013,7031,23,tiny
19135,IA,2013,6098,-2,tiny
19137,IA,2013,8129,-18,tiny
19139,IA,2013,36128,-43,small
19141,IA,2013,11903,-5,small
19143,IA,2013,5511,1,tiny
19145,IA,2013,11303,-11,small
19147,IA,2013,7328,-20,tiny
19149,IA,2013,21975,49,small
19151,IA,2013,5939,5,tiny
19153,IA,2013,370656,493,large
19155,IA,2013,71589,17,medium
19157,IA,2013,14003,-42,small
19159,IA,2013,3814,0,tiny
19161,IA,2013,8577,-9,tiny
19163,IA,2013,137646,169,large
19165,IA,2013,10281,33,small
19167,IA,2013,29676,-63,small
19169,IA,2013,57198,-395,medium
19171,IA,2013,14637,0,small
19173,IA,2013,4985,24,tiny
19175,IA,2013,9635,-28,tiny
19177,IA,2013,5835,-1,tiny
19179,IA,2013,27035,-116,small
19181,IA,2013,39272,147,small
19183,IA,2013,18718,77,small
19185,IA,2013,4902,0,tiny
19187,IA,2013,27575,-57,small
19189,IA,2013,8704,-13,tiny
19191,IA,2013,16479,1,small
19193,IA,2013,81184,-245,medium
19195,IA,2013,6190,42,tiny
19197,IA,2013,10655,20,small
23001,ME,2013,78224,42,medium
23003,ME,2013,51957,-93,medium
23005,ME,2013,226148,486,large
23007,ME,2013,21148,-41,small
23009,ME,2013,41520,2,small
23011,ME,2013,92011,-14,medium
23013,ME,2013,30721,-53,small
23015,ME,2013,27096,-22,small
23017,ME,2013,40837,42,small
23019,ME,2013,108689,-145,large
23021,ME,2013,11935,-36,small
23023,ME,2013,28036,32,small
23025,ME,2013,36228,8,small
23027,ME,2013,28743,24,small
23029,ME,2013,22858,-35,small
23031,ME,2013,160039,654,large
26001,MI,2013,7697,86,tiny
26003,MI,2013,6647,3,tiny
26005,MI,2013,94692,249,medium
26007,MI,2013,22615,-21,small
26009,MI,2013,18181,24,small
26011,MI,2013,11878,23,small
26013,MI,2013,5825,-29,tiny
26015,MI,2013,48472,9,small
26017,MI,2013,86961,-141,medium
26019,MI,2013,14026,48,small
26021,MI,2013,122638,-194,large
26023,MI,2013,33216,-10,small
26025,MI,2013,101459,-89,large
26027,MI,2013,38752,140,small
26029,MI,2013,21308,5,small
26031,MI,2013,19797,40,small
26033,MI,2013,26022,-18,small
26035,MI,2013,21804,49,small
26037,MI,2013,62250,142,medium
26039,MI,2013,9607,3,tiny
26041,MI,2013,29869,30,small
26043,MI,2013,21480,-7,small
26045,MI,2013,85630,183,medium
26047,MI,2013,27271,53,small
26049,MI,2013,317777,-822,large
26051,MI,2013,19092,29,small
26053,MI,2013,10707,-25,small
26055,MI,2013,73192,243,medium
26057,MI,2013,29728,30,small
26059,MI,2013,34717,0,small
26061,MI,2013,24696,-51,small
26063,MI,2013,27456,28,small
26065,MI,2013,188914,-782,large
26067,MI,2013,47948,54,small
26069,MI,2013,18703,66,small
26071,MI,2013,8653,4,tiny
26073,MI,2013,41637,-67,small
26075,MI,2013,119327,95,large
26077,MI,2013,191145,-305,large
26079,MI,2013,12975,10,small
26081,MI,2013,510079,0,very large
26083,MI,2013,1707,16,tiny
26085,MI,2013,6944,40,tiny
26087,MI,2013,72571,223,medium
26089,MI,2013,18475,-2,small
26091,MI,2013,77793,105,medium
26093,MI,2013,157758,1059,large
26095,MI,2013,4112,0,tiny
26097,MI,2013,8945,-11,tiny
26099,MI,2013,705461,1314,very large
26101,MI,2013,18016,22,small
26103,MI,2013,49641,-17,small
26105,MI,2013,22751,16,small
26107,MI,2013,27646,-43,small
26109,MI,2013,18347,-29,small
26111,MI,2013,68534,63,medium
26113,MI,2013,11717,-14,small
26115,MI,2013,124102,211,large
26117,MI,2013,46590,12,small
26119,MI,2013,6839,43,tiny
26121,MI,2013,130567,-58,large
26123,MI,2013,36978,55,small
26125,MI,2013,1008694,-1021,enormous
26127,MI,2013,21058,-6,small
26129,MI,2013,15394,84,small
26131,MI,2013,4528,0,tiny
26133,MI,2013,17205,-21,small
26135,MI,2013,5940,0,tiny
26137,MI,2013,19423,-13,small
26139,MI,2013,229370,283,large
26141,MI,2013,10513,8,small
26143,MI,2013,17188,33,small
26145,MI,2013,150239,-639,large
26147,MI,2013,130026,208,large
26149,MI,2013,48985,-20,small
26151,MI,2013,33519,19,small
26153,MI,2013,6321,0,tiny
26155,MI,2013,55562,95,medium
26157,MI,2013,44151,20,small
26159,MI,2013,59640,-28,medium
26161,MI,2013,252370,-1014,large
26163,MI,2013,1301420,-6903,enormous
26165,MI,2013,24973,47,small
27001,MN,2013,11542,80,small
27003,MN,2013,286220,484,large
27005,MN,2013,26387,-82,small
27007,MN,2013,32836,-134,small
27009,MN,2013,30652,-26,small
27011,MN,2013,4102,0,tiny
27013,MN,2013,45485,-164,small
27015,MN,2013,21889,-1,small
27017,MN,2013,27152,94,small
27019,MN,2013,84799,554,medium
27021,MN,2013,22802,23,small
27023,MN,2013,10176,26,small
27025,MN,2013,44210,212,small
27027,MN,2013,45020,34,small
27029,MN,2013,6664,27,tiny
27031,MN,2013,4284,23,tiny
27033,MN,2013,9944,-31,tiny
27035,MN,2013,50161,18,medium
27037,MN,2013,354003,324,large
27039,MN,2013,17659,-12,small
27041,MN,2013,30724,62,small
27043,MN,2013,11775,0,small
27045,MN,2013,17121,-13,small
27047,MN,2013,25949,1,small
27049,MN,2013,39085,34,small
27051,MN,2013,4965,-10,tiny
27053,MN,2013,963874,-1666,very large
27055,MN,2013,16186,52,small
27057,MN,2013,15806,36,small
27059,MN,2013,30179,106,small
27061,MN,2013,35488,-22,small
27063,MN,2013,8906,5,tiny
27065,MN,2013,12084,46,small
27067,MN,2013,36019,-125,small
27069,MN,2013,3776,0,tiny
27071,MN,2013,9980,-20,tiny
27073,MN,2013,5960,-18,tiny
27075,MN,2013,8630,4,tiny
27077,MN,2013,3157,0,tiny
27079,MN,2013,23599,15,small
27081,MN,2013,4781,13,tiny
27083,MN,2013,20660,-104,small
27085,MN,2013,30873,-17,small
27087,MN,2013,3935,8,tiny
27089,MN,2013,7940,-9,tiny
27091,MN,2013,17372,18,small
27093,MN,2013,19424,-4,small
27095,MN,2013,19685,-96,small
27097,MN,2013,27465,-21,small
27099,MN,2013,32627,-37,small
27101,MN,2013,7214,28,tiny
27103,MN,2013,25502,23,small
27105,MN,2013,18762,-45,small
27107,MN,2013,5400,-6,tiny
27109,MN,2013,127767,-190,large
27111,MN,2013,47661,37,small
27113,MN,2013,11237,23,small
27115,MN,2013,20678,36,small
27117,MN,2013,7855,10,tiny
27119,MN,2013,24819,2,small
27121,MN,2013,9325,37,tiny
27123,MN,2013,399679,-1778,large
27125,MN,2013,3292,3,tiny
27127,MN,2013,12960,-12,small
27129,MN,2013,12888,-19,small
27131,MN,2013,49507,-36,small
27133,MN,2013,8000,2,tiny
27135,MN,2013,13635,-35,small
27137,MN,2013,148436,-258,large
27139,MN,2013,119692,604,large
27141,MN,2013,74197,125,medium
27143,MN,2013,12878,-15,small
27145,MN,2013,118766,-111,large
27147,MN,2013,31493,-36,small
27149,MN,2013,7646,-26,tiny
27151,MN,2013,7976,-7,tiny
27153,MN,2013,19364,-26,small
27155,MN,2013,2851,0,tiny
27157,MN,2013,18462,-20,small
27159,MN,2013,10380,29,small
27161,MN,2013,15355,-1,small
27163,MN,2013,212889,733,large
27165,MN,2013,9249,-28,tiny
27167,MN,2013,5500,16,tiny
27169,MN,2013,36664,-100,small
27171,MN,2013,110790,629,large
27173,MN,2013,8387,-14,tiny
31001,NE,2013,24703,-46,small
31003,NE,2013,5445,3,tiny
31005,NE,2013,390,0,tiny
31007,NE,2013,493,0,tiny
31009,NE,2013,397,0,tiny
31011,NE,2013,4749,0,tiny
31013,NE,2013,9382,15,tiny
31015,NE,2013,1673,0,tiny
31017,NE,2013,2383,0,tiny
31019,NE,2013,37202,-81,small
31021,NE,2013,5561,5,tiny
31023,NE,2013,7102,-6,tiny
31025,NE,2013,21721,46,small
31027,NE,2013,7500,-17,tiny
31029,NE,2013,3312,0,tiny
31031,NE,2013,4804,0,tiny
31033,NE,2013,8325,0,tiny
31035,NE,2013,5299,-11,tiny
31037,NE,2013,9511,-4,tiny
31039,NE,2013,8046,15,tiny
31041,NE,2013,9112,9,tiny
31043,NE,2013,17925,-159,small
31045,NE,2013,5944,-14,tiny
31047,NE,2013,20933,-14,small
31049,NE,2013,1408,0,tiny
31051,NE,2013,5032,1,tiny
31053,NE,2013,30070,-66,small
31055,NE,2013,437475,-829,large
31057,NE,2013,1480,0,tiny
31059,NE,2013,4795,-9,tiny
31061,NE,2013,2485,0,tiny
31063,NE,2013,2037,0,tiny
31065,NE,2013,3953,0,tiny
31067,NE,2013,17599,28,small
31069,NE,2013,1440,0,tiny
31071,NE,2013,1444,0,tiny
31073,NE,2013,1644,-2,tiny
31075,NE,2013,568,0,tiny
31077,NE,2013,2010,0,tiny
31079,NE,2013,49842,-58,small
31081,NE,2013,8111,3,tiny
31083,NE,2013,2755,0,tiny
31085,NE,2013,785,0,tiny
31087,NE,2013,2353,11,tiny
31089,NE,2013,9031,0,tiny
31091,NE,2013,628,0,tiny
31093,NE,2013,5327,19,tiny
31095,NE,2013,5972,-31,tiny
31097,NE,2013,3588,-3,tiny
31099,NE,2013,5427,5,tiny
31101,NE,2013,6517,4,tiny
31103,NE,2013,695,0,tiny
31105,NE,2013,2808,0,tiny
31107,NE,2013,6960,-16,tiny
31109,NE,2013,231343,-212,large
31111,NE,2013,28965,-22,small
31113,NE,2013,663,0,tiny
31115,NE,2013,460,0,tiny
31117,NE,2013,391,0,tiny
31119,NE,2013,28960,-88,small
31121,NE,2013,6278,-5,tiny
31123,NE,2013,3798,3,tiny
31125,NE,2013,2839,10,tiny
31127,NE,2013,5319,-3,tiny
31129,NE,2013,3666,0,tiny
31131,NE,2013,13059,3,small
31133,NE,2013,2188,0,tiny
31135,NE,2013,2495,0,tiny
31137,NE,2013,7754,-6,tiny
31139,NE,2013,6277,4,tiny
31141,NE,2013,29143,-31,small
31143,NE,2013,4558,2,tiny
31145,NE,2013,8709,-11,tiny
31147,NE,2013,6501,-24,tiny
31149,NE,2013,1121,0,tiny
31151,NE,2013,11874,-40,small
31153,NE,2013,143028,538,large
31155,NE,2013,17628,52,small
31157,NE,2013,28738,-88,small
31159,NE,2013,13818,-11,small
31161,NE,2013,4056,0,tiny
31163,NE,2013,2481,0,tiny
31165,NE,2013,963,0,tiny
31167,NE,2013,4864,-9,tiny
31169,NE,2013,4398,0,tiny
31171,NE,2013,541,0,tiny
31173,NE,2013,5089,68,tiny
31175,NE,2013,3519,0,tiny
31177,NE,2013,17238,51,small
31179,NE,2013,6539,-16,tiny
31181,NE,2013,2780,1,tiny
31183,NE,2013,657,0,tiny
31185,NE,2013,11361,5,small
32001,NV,2013,17879,-20,small
32003,NV,2013,1578995,9062,enormous
32005,NV,2013,38929,211,small
32007,NV,2013,42207,-73,small
32009,NV,2013,610,0,tiny
32011,NV,2013,1336,0,tiny
32013,NV,2013,14282,11,small
32015,NV,2013,4760,-16,tiny
32017,NV,2013,3207,5,tiny
32019,NV,2013,39131,117,small
32021,NV,2013,3089,-1,tiny
32023,NV,2013,28126,187,small
32027,NV,2013,3677,-18,tiny
32029,NV,2013,2557,-9,tiny
32031,NV,2013,336574,818,large
32033,NV,2013,6847,-31,tiny
32510,NV,2013,40080,185,small
33001,NH,2013,49927,154,small
33003,NH,2013,38295,99,small
33005,NH,2013,58628,22,medium
33007,NH,2013,23535,-28,small
33009,NH,2013,65593,-186,medium
33011,NH,2013,332916,-197,large
33013,NH,2013,116882,205,large
33015,NH,2013,259332,859,large
33017,NH,2013,93069,159,medium
33019,NH,2013,33387,79,small
37001,NC,2013,117269,393,large
37003,NC,2013,26992,-33,small
37005,NC,2013,7839,-19,tiny
37007,NC,2013,16501,-24,small
37009,NC,2013,19102,22,small
37011,NC,2013,11559,-1,small
37013,NC,2013,35384,40,small
37015,NC,2013,13674,-93,small
37017,NC,2013,22868,-21,small
37019,NC,2013,83200,754,medium
37021,NC,2013,186771,223,large
37023,NC,2013,64025,-63,medium
37025,NC,2013,150300,1109,large
37027,NC,2013,58911,-50,medium
37029,NC,2013,7806,80,tiny
37031,NC,2013,50921,20,medium
37033,NC,2013,16057,-80,small
37035,NC,2013,122580,17,large
37037,NC,2013,52655,614,medium
37039,NC,2013,18390,-3,small
37041,NC,2013,10981,-43,small
37043,NC,2013,7161,1,tiny
37045,NC,2013,71149,90,medium
37047,NC,2013,38128,-29,small
37049,NC,2013,75654,-358,medium
37051,NC,2013,228682,-1816,large
37053,NC,2013,18566,141,small
37055,NC,2013,28365,14,small
37057,NC,2013,125163,270,large
37059,NC,2013,32813,22,small
37061,NC,2013,42932,-340,small
37063,NC,2013,214688,-10,large
37065,NC,2013,38782,-211,small
37067,NC,2013,275886,-112,large
37069,NC,2013,43742,183,small
37071,NC,2013,157095,483,large
37073,NC,2013,8021,-23,tiny
37075,NC,2013,6053,0,tiny
37077,NC,2013,41624,253,small
37079,NC,2013,13810,-49,small
37081,NC,2013,379243,-535,large
37083,NC,2013,37142,-168,small
37085,NC,2013,85608,414,medium
37087,NC,2013,43124,99,small
37089,NC,2013,84622,420,medium
37091,NC,2013,14330,7,small
37093,NC,2013,34400,313,small
37095,NC,2013,3610,-30,tiny
37097,NC,2013,131338,408,large
37099,NC,2013,23408,-83,small
37101,NC,2013,138912,784,large
37103,NC,2013,7100,-40,tiny
37105,NC,2013,45892,-647,small
37107,NC,2013,42613,-19,small
37109,NC,2013,60643,223,medium
37111,NC,2013,32144,-22,small
37113,NC,2013,25234,72,small
37115,NC,2013,14011,70,small
37117,NC,2013,17711,-2,small
37119,NC,2013,756318,3397,very large
37121,NC,2013,10657,-40,small
37123,NC,2013,20098,-62,small
37125,NC,2013,70995,304,medium
37127,NC,2013,73267,18,medium
37129,NC,2013,147909,74,large
37131,NC,2013,13408,2,small
37133,NC,2013,125319,-1038,large
37135,NC,2013,96748,-488,medium
37137,NC,2013,8829,21,tiny
37139,NC,2013,28244,-4,small
37141,NC,2013,39078,91,small
37143,NC,2013,9853,-26,tiny
37145,NC,2013,29457,118,small
37147,NC,2013,115554,-404,large
37149,NC,2013,14134,-13,small
37151,NC,2013,110543,-19,large
37153,NC,2013,32771,-153,small
37155,NC,2013,92228,-228,medium
37157,NC,2013,68991,9,medium
37159,NC,2013,104353,-4,large
37161,NC,2013,44942,-50,small
37163,NC,2013,53770,-661,medium
37165,NC,2013,24093,-128,small
37167,NC,2013,44892,-3,small
37169,NC,2013,34303,-2,small
37171,NC,2013,54712,-31,medium
37173,NC,2013,12186,-6,small
37175,NC,2013,22600,-33,small
37177,NC,2013,2775,0,tiny
37179,NC,2013,176277,1324,large
37181,NC,2013,31336,44,small
37183,NC,2013,788325,4798,very large
37185,NC,2013,12616,-11,small
37187,NC,2013,9002,-74,tiny
37189,NC,2013,28218,-126,small
37191,NC,2013,89410,-233,medium
37193,NC,2013,49251,-24,small
37195,NC,2013,62188,-3,medium
37197,NC,2013,28981,10,small
37199,NC,2013,12403,42,small
39001,OH,2013,19878,38,small
39003,OH,2013,79660,-143,medium
39005,OH,2013,40618,29,small
39007,OH,2013,75645,-80,medium
39009,OH,2013,33215,-147,small
39011,OH,2013,39251,36,small
39013,OH,2013,51079,-12,medium
39015,OH,2013,32901,-72,small
39017,OH,2013,289429,430,large
39019,OH,2013,21625,-82,small
39021,OH,2013,31049,-96,small
39023,OH,2013,106274,-108,large
39025,OH,2013,160825,205,large
39027,OH,2013,31967,-37,small
39029,OH,2013,80799,-180,medium
39031,OH,2013,27770,-2,small
39033,OH,2013,33250,-27,small
39035,OH,2013,965280,-3221,very large
39037,OH,2013,43399,-27,small
39039,OH,2013,31900,53,small
39041,OH,2013,159124,1516,large
39043,OH,2013,61552,-8,medium
39045,OH,2013,117739,517,large
39047,OH,2013,21460,-9,small
39049,OH,2013,939520,-440,very large
39051,OH,2013,36094,42,small
39053,OH,2013,21501,-58,small
39055,OH,2013,81929,230,medium
39057,OH,2013,120657,-277,large
39059,OH,2013,30065,-110,small
39061,OH,2013,626021,-1527,very large
39063,OH,2013,60319,10,medium
39065,OH,2013,22352,18,small
39067,OH,2013,11168,-29,small
39069,OH,2013,23838,-62,small
39071,OH,2013,31607,-16,small
39073,OH,2013,21247,-18,small
39075,OH,2013,34245,-48,small
39077,OH,2013,48409,-73,small
39079,OH,2013,24005,-52,small
39081,OH,2013,50210,39,medium
39083,OH,2013,46569,27,small
39085,OH,2013,193033,136,large
39087,OH,2013,45017,-47,small
39089,OH,2013,133993,389,large
39091,OH,2013,37186,-1,small
39093,OH,2013,241413,745,large
39095,OH,2013,322338,-1202,large
39097,OH,2013,31211,167,small
39099,OH,2013,178841,-82,large
39101,OH,2013,46753,-65,small
39103,OH,2013,151022,745,large
39105,OH,2013,16071,-16,small
39107,OH,2013,36012,11,small
39109,OH,2013,84889,229,medium
39111,OH,2013,11040,-28,small
39113,OH,2013,405538,-963,large
39115,OH,2013,10337,3,small
39117,OH,2013,26667,58,small
39119,OH,2013,65821,33,medium
39121,OH,2013,9257,1,tiny
39123,OH,2013,33906,78,small
39125,OH,2013,15456,-15,small
39127,OH,2013,26073,28,small
39129,OH,2013,41125,241,small
39131,OH,2013,19722,-36,small
39133,OH,2013,117976,53,large
39135,OH,2013,33065,-5,small
39137,OH,2013,30543,-27,small
39139,OH,2013,93922,-92,medium
39141,OH,2013,54672,-21,medium
39143,OH,2013,49296,-59,small
39145,OH,2013,53051,16,medium
39147,OH,2013,43308,-103,small
39149,OH,2013,40623,-46,small
39151,OH,2013,301375,125,large
39153,OH,2013,425813,-521,large
39155,OH,2013,162154,-162,large
39157,OH,2013,78263,-95,medium
39159,OH,2013,42382,138,small
39161,OH,2013,23808,-35,small
39163,OH,2013,9172,-46,tiny
39165,OH,2013,183098,724,large
39167,OH,2013,48103,45,small
39169,OH,2013,94683,40,medium
39171,OH,2013,30574,-50,small
39173,OH,2013,96027,5,medium
39175,OH,2013,18476,-18,small
4001,AZ,2013,46119,31,small
4003,AZ,2013,91937,-651,medium
4005,AZ,2013,92345,-474,medium
4007,AZ,2013,36655,-3,small
4009,AZ,2013,22669,-77,small
4011,AZ,2013,6221,5,tiny
4012,AZ,2013,10864,-30,small
4013,AZ,2013,3042061,9943,enormous
4015,AZ,2013,126117,418,large
4017,AZ,2013,71742,98,medium
4019,AZ,2013,721379,-214,very large
4021,AZ,2013,233067,1803,large
4023,AZ,2013,40209,-339,small
4025,AZ,2013,155732,1049,large
4027,AZ,2013,163789,-704,large
42001,PA,2013,84863,176,medium
42003,PA,2013,973564,-2352,very large
42005,PA,2013,55728,-51,medium
42007,PA,2013,140243,123,large
42009,PA,2013,40684,-19,small
42011,PA,2013,340957,-194,large
42013,PA,2013,100010,-62,large
42015,PA,2013,49793,-77,small
42017,PA,2013,547841,1258,very large
42019,PA,2013,158007,321,large
42021,PA,2013,108733,30,large
42023,PA,2013,3912,0,tiny
42025,PA,2013,50153,80,medium
42027,PA,2013,94725,-156,medium
42029,PA,2013,440905,609,large
42031,PA,2013,29188,20,small
42033,PA,2013,62159,9,medium
42035,PA,2013,29079,-2,small
42037,PA,2013,48406,47,small
42039,PA,2013,67027,6,medium
42041,PA,2013,197930,502,large
42043,PA,2013,218843,-497,large
42045,PA,2013,450267,70,large
42047,PA,2013,27316,-25,small
42049,PA,2013,216202,-746,large
42051,PA,2013,102500,-67,large
42053,PA,2013,3574,15,tiny
42055,PA,2013,130269,55,large
42057,PA,2013,12140,-31,small
42059,PA,2013,27509,-49,small
42061,PA,2013,33450,35,small
42063,PA,2013,62838,-102,medium
42065,PA,2013,36786,-30,small
42067,PA,2013,19965,-18,small
42069,PA,2013,164814,-13,large
42071,PA,2013,455401,180,large
42073,PA,2013,70410,-51,medium
42075,PA,2013,114905,393,large
42077,PA,2013,288115,602,large
42079,PA,2013,248596,201,large
42081,PA,2013,91348,-34,medium
42083,PA,2013,32340,-11,small
42085,PA,2013,90104,-53,medium
42087,PA,2013,37675,-31,small
42089,PA,2013,125034,548,large
42091,PA,2013,691147,964,very large
42093,PA,2013,14962,-49,small
42095,PA,2013,244189,515,large
42097,PA,2013,71992,-3,medium
42099,PA,2013,38399,61,small
42101,PA,2013,995723,-6339,very large
42103,PA,2013,43695,266,small
42105,PA,2013,13478,-16,small
42107,PA,2013,113425,65,large
42109,PA,2013,31742,66,small
42111,PA,2013,60258,17,medium
42113,PA,2013,4626,1,tiny
42115,PA,2013,33296,-66,small
42117,PA,2013,32207,40,small
42119,PA,2013,29650,-26,small
42121,PA,2013,42469,-43,small
42123,PA,2013,32172,-12,small
42125,PA,2013,170938,340,large
42127,PA,2013,39522,144,small
42129,PA,2013,301570,175,large
42131,PA,2013,22576,80,small
42133,PA,2013,369166,481,large
48001,TX,2013,33453,-45,small
48003,TX,2013,13755,38,small
48005,TX,2013,65302,-93,medium
48007,TX,2013,17160,142,small
48009,TX,2013,6991,10,tiny
48011,TX,2013,1508,-7,tiny
48013,TX,2013,34919,49,small
48015,TX,2013,23274,77,small
48017,TX,2013,5653,-62,tiny
48019,TX,2013,14248,52,small
48021,TX,2013,55820,761,medium
48023,TX,2013,2499,-12,tiny
48025,TX,2013,18682,-43,small
48027,TX,2013,236789,-330,large
48029,TX,2013,1387542,5634,enormous
48031,TX,2013,7962,70,tiny
48033,TX,2013,471,0,tiny
48035,TX,2013,12745,-1,small
48037,TX,2013,67678,-110,medium
48039,TX,2013,256720,1023,large
48041,TX,2013,121049,-225,large
48043,TX,2013,6591,0,tiny
48045,TX,2013,1182,0,tiny
48047,TX,2013,5456,-30,tiny
48049,TX,2013,26669,-40,small
48051,TX,2013,13220,7,small
48053,TX,2013,33326,166,small
48055,TX,2013,27824,191,small
48057,TX,2013,16772,-19,small
48059,TX,2013,9673,24,tiny
48061,TX,2013,320621,-1145,large
48063,TX,2013,9188,-19,tiny
48065,TX,2013,4546,-9,tiny
48067,TX,2013,21998,-53,small
48069,TX,2013,6102,-19,tiny
48071,TX,2013,32286,198,small
48073,TX,2013,37372,19,small
48075,TX,2013,4296,0,tiny
48077,TX,2013,7821,10,tiny
48079,TX,2013,2320,0,tiny
48081,TX,2013,2366,-1,tiny
48083,TX,2013,5871,-13,tiny
48085,TX,2013,705853,6864,very large
48087,TX,2013,2281,0,tiny
48089,TX,2013,16575,-8,small
48091,TX,2013,95185,1246,medium
48093,TX,2013,9895,-8,tiny
48095,TX,2013,1755,3,tiny
48097,TX,2013,30535,44,small
48099,TX,2013,45863,160,small
48101,TX,2013,1062,0,tiny
48103,TX,2013,4016,5,tiny
48105,TX,2013,3090,-17,tiny
48107,TX,2013,4293,-2,tiny
48109,TX,2013,1731,0,tiny
48111,TX,2013,5787,-17,tiny
48113,TX,2013,1940345,935,enormous
48115,TX,2013,9295,1,tiny
48117,TX,2013,16705,7,small
48119,TX,2013,3528,-11,tiny
48121,TX,2013,576685,4967,very large
48123,TX,2013,14024,-9,small
48125,TX,2013,1390,0,tiny
48127,TX,2013,7692,-51,tiny
48129,TX,2013,2358,0,tiny
48131,TX,2013,8483,-6,tiny
48133,TX,2013,12324,-26,small
48135,TX,2013,117451,969,large
48137,TX,2013,1342,0,tiny
48139,TX,2013,128092,1044,large
48141,TX,2013,660462,-3133,very large
48143,TX,2013,25329,-57,small
48145,TX,2013,10821,-43,small
48147,TX,2013,22789,45,small
48149,TX,2013,19273,27,small
48151,TX,2013,2678,22,tiny
48153,TX,2013,4573,-10,tiny
48155,TX,2013,869,0,tiny
48157,TX,2013,538501,7769,very large
48159,TX,2013,7110,11,tiny
48161,TX,2013,14069,-2,small
48163,TX,2013,11146,-20,small
48165,TX,2013,14598,14,small
48167,TX,2013,236266,1446,large
48169,TX,2013,3319,2,tiny
48171,TX,2013,20939,71,small
48173,TX,2013,1057,0,tiny
48175,TX,2013,5431,8,tiny
48177,TX,2013,15290,8,small
48179,TX,2013,16927,-11,small
48181,TX,2013,92901,336,medium
48183,TX,2013,96830,-421,medium
48185,TX,2013,18653,52,small
48187,TX,2013,112942,1159,large
48189,TX,2013,25457,-187,small
48191,TX,2013,2160,0,tiny
48193,TX,2013,6076,-16,tiny
48195,TX,2013,4575,0,tiny
48197,TX,2013,2891,0,tiny
48199,TX,2013,42602,96,small
48201,TX,2013,3401413,8078,enormous
48203,TX,2013,50638,11,medium
48205,TX,2013,3291,5,tiny
48207,TX,2013,3752,-28,tiny
48209,TX,2013,124662,2216,large
48211,TX,2013,3534,0,tiny
48213,TX,2013,54462,137,medium
48215,TX,2013,607392,-663,very large
48217,TX,2013,25386,-3,small
48219,TX,2013,17491,-14,small
48221,TX,2013,40158,125,small
48223,TX,2013,26957,47,small
48225,TX,2013,14094,4,small
48227,TX,2013,22942,-77,small
48229,TX,2013,2430,-15,tiny
48231,TX,2013,62907,221,medium
48233,TX,2013,17017,-28,small
48235,TX,2013,1267,-6,tiny
48237,TX,2013,5844,22,tiny
48239,TX,2013,11942,-20,small
48241,TX,2013,25736,-27,small
48243,TX,2013,1586,0,tiny
48245,TX,2013,183982,-711,large
48247,TX,2013,3898,0,tiny
48249,TX,2013,32283,-171,small
48251,TX,2013,122519,724,large
48253,TX,2013,11029,11,small
48255,TX,2013,9760,3,tiny
48257,TX,2013,87867,935,medium
48259,TX,2013,31581,448,small
48261,TX,2013,255,0,tiny
48263,TX,2013,571,0,tiny
48265,TX,2013,37812,6,small
48267,TX,2013,3261,0,tiny
48269,TX,2013,191,0,tiny
48271,TX,2013,2306,-4,tiny
48273,TX,2013,21622,-170,small
48275,TX,2013,2771,0,tiny
48277,TX,2013,36240,6,small
48279,TX,2013,10331,-13,small
48281,TX,2013,15220,34,small
48283,TX,2013,4221,-19,tiny
48285,TX,2013,15881,37,small
48287,TX,2013,13418,83,small
48289,TX,2013,13183,42,small
48291,TX,2013,54720,329,medium
48293,TX,2013,16566,18,small
48295,TX,2013,2795,5,tiny
48297,TX,2013,7777,27,tiny
48299,TX,2013,12439,28,small
48301,TX,2013,45,0,tiny
48303,TX,2013,203384,-128,large
48305,TX,2013,4461,2,tiny
48307,TX,2013,6221,-13,tiny
48309,TX,2013,177765,-136,large
48311,TX,2013,683,0,tiny
48313,TX,2013,8681,-20,tiny
48315,TX,2013,6428,-14,tiny
48317,TX,2013,4034,-1,tiny
48319,TX,2013,3168,0,tiny
48321,TX,2013,28375,-75,small
48323,TX,2013,52539,-80,medium
48325,TX,2013,33569,184,small
48327,TX,2013,1449,0,tiny
48329,TX,2013,120135,630,large
48331,TX,2013,17947,16,small
48333,TX,2013,3546,0,tiny
48335,TX,2013,5247,10,tiny
48337,TX,2013,14665,1,small
48339,TX,2013,394313,4401,large
48341,TX,2013,18656,-19,small
48343,TX,2013,9273,1,tiny
48345,TX,2013,783,0,tiny
48347,TX,2013,43016,-254,small
48349,TX,2013,36978,-119,small
48351,TX,2013,8773,-6,tiny
48353,TX,2013,11246,-61,small
48355,TX,2013,257296,-260,large
48357,TX,2013,9196,-13,tiny
48359,TX,2013,1584,0,tiny
48361,TX,2013,64502,31,medium
48363,TX,2013,20320,62,small
48365,TX,2013,18561,3,small
48367,TX,2013,96111,806,medium
48369,TX,2013,8897,-51,tiny
48371,TX,2013,10954,40,small
48373,TX,2013,36148,71,small
48375,TX,2013,85850,-401,medium
48377,TX,2013,7344,-90,tiny
48379,TX,2013,7161,14,tiny
48381,TX,2013,97383,15,medium
48383,TX,2013,3019,14,tiny
48385,TX,2013,2397,21,tiny
48387,TX,2013,8863,2,tiny
48389,TX,2013,8548,20,tiny
48391,TX,2013,5871,12,tiny
48393,TX,2013,689,0,tiny
48395,TX,2013,12503,4,small
48397,TX,2013,69513,515,medium
48399,TX,2013,7897,-6,tiny
48401,TX,2013,37948,67,small
48403,TX,2013,7112,10,tiny
48405,TX,2013,5857,-14,tiny
48407,TX,2013,16675,98,small
48409,TX,2013,53577,221,medium
48411,TX,2013,4239,0,tiny
48413,TX,2013,2304,-3,tiny
48415,TX,2013,12663,-24,small
48417,TX,2013,2540,3,tiny
48419,TX,2013,19471,11,small
48421,TX,2013,2110,-12,tiny
48423,TX,2013,166250,-19,large
48425,TX,2013,6481,5,tiny
48427,TX,2013,51649,-300,medium
48429,TX,2013,6196,0,tiny
48431,TX,2013,1058,0,tiny
48433,TX,2013,1082,0,tiny
48435,TX,2013,3385,-24,tiny
48437,TX,2013,5301,-21,tiny
48439,TX,2013,1530249,5951,enormous
48441,TX,2013,99437,-186,medium
48443,TX,2013,642,0,tiny
48445,TX,2013,8697,-10,tiny
48447,TX,2013,1137,0,tiny
48449,TX,2013,26044,-65,small
48451,TX,2013,83415,-134,medium
48453,TX,2013,819820,60826,very large
48455,TX,2013,9273,48,tiny
48457,TX,2013,13306,16,small
48459,TX,2013,28064,115,small
48461,TX,2013,2625,9,tiny
48463,TX,2013,21225,92,small
48465,TX,2013,39614,-146,small
48467,TX,2013,38012,153,small
48469,TX,2013,71735,-129,medium
48471,TX,2013,35220,-9,small
48473,TX,2013,30597,385,small
48475,TX,2013,8720,36,tiny
48477,TX,2013,26489,17,small
48479,TX,2013,221737,-576,large
48481,TX,2013,34067,-13,small
48483,TX,2013,4416,0,tiny
48485,TX,2013,88990,-408,medium
48487,TX,2013,9686,8,tiny
48489,TX,2013,14471,-24,small
48491,TX,2013,377271,5288,large
48493,TX,2013,35005,124,small
48495,TX,2013,5972,7,tiny
48497,TX,2013,47310,262,small
48499,TX,2013,30052,118,small
48501,TX,2013,7299,-25,tiny
48503,TX,2013,14412,-10,small
48505,TX,2013,10762,-85,small
48507,TX,2013,8700,15,tiny
55001,WI,2013,13829,40,small
55003,WI,2013,12312,-3,small
55005,WI,2013,37574,-52,small
55007,WI,2013,12446,-23,small
55009,WI,2013,219316,-130,large
55011,WI,2013,11326,-28,small
55013,WI,2013,12347,28,small
55015,WI,2013,43330,2,small
55017,WI,2013,51527,20,medium
55019,WI,2013,29168,38,small
55021,WI,2013,48588,45,small
55023,WI,2013,12890,-5,small
55025,WI,2013,417479,-438,large
55027,WI,2013,71243,44,medium
55029,WI,2013,24715,26,small
55031,WI,2013,33131,-42,small
55033,WI,2013,31486,-93,small
55035,WI,2013,76045,-122,medium
55037,WI,2013,3550,-3,tiny
55039,WI,2013,85804,-23,medium
55041,WI,2013,7190,-21,tiny
55043,WI,2013,39037,-116,small
55045,WI,2013,32409,-58,small
55047,WI,2013,15633,-18,small
55049,WI,2013,20279,-43,small
55051,WI,2013,4660,28,tiny
55053,WI,2013,15522,-13,small
55055,WI,2013,69354,19,medium
55057,WI,2013,19806,1,small
55059,WI,2013,134163,215,large
55061,WI,2013,17598,24,small
55063,WI,2013,89950,-107,medium
55065,WI,2013,15342,-13,small
55067,WI,2013,15857,-45,small
55069,WI,2013,23701,-50,small
55071,WI,2013,68838,-10,medium
55073,WI,2013,116106,-21,large
55075,WI,2013,33019,48,small
55077,WI,2013,12294,0,small
55078,WI,2013,3088,11,tiny
55079,WI,2013,729429,-3305,very large
55081,WI,2013,36800,-35,small
55083,WI,2013,31586,53,small
55085,WI,2013,30309,58,small
55087,WI,2013,156274,335,large
55089,WI,2013,77837,309,medium
55091,WI,2013,5971,6,tiny
55093,WI,2013,31176,-112,small
55095,WI,2013,36172,115,small
55097,WI,2013,55081,-108,medium
55099,WI,2013,11419,-18,small
55101,WI,2013,161210,109,large
55103,WI,2013,13586,25,small
55105,WI,2013,132872,52,large
55107,WI,2013,11177,-16,small
55109,WI,2013,74736,239,medium
55111,WI,2013,53792,203,medium
55113,WI,2013,13408,-4,small
55115,WI,2013,33490,34,small
55117,WI,2013,99770,190,medium
55119,WI,2013,16147,-31,small
55121,WI,2013,27249,-89,small
55123,WI,2013,24340,-54,small
55125,WI,2013,17571,105,small
55127,WI,2013,81520,50,medium
55129,WI,2013,13523,34,small
55131,WI,2013,118280,251,large
55133,WI,2013,350278,1034,large
55135,WI,2013,42752,-2,small
55137,WI,2013,18646,38,small
55139,WI,2013,132765,-65,large
55141,WI,2013,62382,-134,medium
12001,FL,2014,165470,-205,large
12003,FL,2014,18384,42,small
12005,FL,2014,133573,43,large
12007,FL,2014,16391,27,small
12009,FL,2014,426030,2111,large
12011,FL,2014,1407774,3791,enormous
12013,FL,2014,8271,-3,tiny
12015,FL,2014,115613,446,large
12017,FL,2014,97528,218,medium
12019,FL,2014,158172,550,large
12021,FL,2014,273859,2044,large
12023,FL,2014,44300,10,small
12027,FL,2014,20603,21,small
12029,FL,2014,8525,4,tiny
12031,FL,2014,682573,2249,very large
12033,FL,2014,219490,-650,large
12035,FL,2014,76695,114,medium
12037,FL,2014,6770,20,tiny
12039,FL,2014,33329,-88,small
12041,FL,2014,11034,58,small
12043,FL,2014,5768,40,tiny
12045,FL,2014,8868,4,tiny
12047,FL,2014,7985,-40,tiny
12049,FL,2014,18863,-18,small
12051,FL,2014,27822,84,small
12053,FL,2014,121247,238,large
12055,FL,2014,65968,155,medium
12057,FL,2014,986701,4829,very large
12059,FL,2014,11499,-44,small
12061,FL,2014,109901,552,large
12063,FL,2014,30911,-33,small
12065,FL,2014,9548,8,tiny
12067,FL,2014,4488,-1,tiny
12069,FL,2014,240299,1550,large
12071,FL,2014,496731,5299,large
12073,FL,2014,186396,-165,large
12075,FL,2014,26932,-32,small
12077,FL,2014,4670,-16,tiny
12079,FL,2014,12254,-24,small
12081,FL,2014,259744,1968,large
12083,FL,2014,243316,763,large
12085,FL,2014,113721,595,large
12086,FL,2014,1943513,-7138,enormous
12087,FL,2014,59550,-118,medium
12089,FL,2014,61299,224,medium
12091,FL,2014,156246,-194,large
12093,FL,2014,25312,42,small
12095,FL,2014,936603,3178,very large
12097,FL,2014,233682,1660,large
12099,FL,2014,1054537,6427,enormous
12101,FL,2014,346582,2586,large
12103,FL,2014,677858,3331,very large
12105,FL,2014,460563,2647,large
12107,FL,2014,46504,110,small
12109,FL,2014,174972,969,large
12111,FL,2014,213310,1472,large
12113,FL,2014,122445,77,large
12115,FL,2014,294808,1668,large
12117,FL,2014,339441,918,large
12119,FL,2014,79156,428,medium
12121,FL,2014,27387,32,small
12123,FL,2014,13753,10,small
12125,FL,2014,7943,4,tiny
12127,FL,2014,366644,2002,large
12129,FL,2014,21473,55,small
12131,FL,2014,43484,120,small
12133,FL,2014,15256,12,small
13001,GA,2014,13045,2,small
13003,GA,2014,5948,-3,tiny
13005,GA,2014,7674,-5,tiny
13007,GA,2014,2046,0,tiny
13009,GA,2014,27819,-122,small
13011,GA,2014,12550,20,small
13013,GA,2014,56294,384,medium
13015,GA,2014,77027,175,medium
13017,GA,2014,12008,26,small
13019,GA,2014,11930,37,small
13021,GA,2014,111418,-126,large
13023,GA,2014,8556,21,tiny
13025,GA,2014,11778,6,small
13027,GA,2014,10687,33,small
13029,GA,2014,29574,118,small
13031,GA,2014,42419,55,small
13033,GA,2014,16505,2,small
13035,GA,2014,15974,-16,small
13037,GA,2014,3492,0,tiny
13039,GA,2014,37744,-60,small
13043,GA,2014,7378,25,tiny
13045,GA,2014,83122,-35,medium
13047,GA,2014,46740,51,small
13049,GA,2014,6192,-4,tiny
13051,GA,2014,197982,15,large
13053,GA,2014,4705,-387,tiny
13055,GA,2014,16764,9,small
13057,GA,2014,188135,828,large
13059,GA,2014,68536,-28,medium
13061,GA,2014,2068,0,tiny
13063,GA,2014,194613,1247,large
13065,GA,2014,4754,0,tiny
13067,GA,2014,573752,1449,very large
13069,GA,2014,29300,72,small
13071,GA,2014,32829,-21,small
13073,GA,2014,111063,743,large
13075,GA,2014,11618,-1,small
13077,GA,2014,111866,272,large
13079,GA,2014,8779,17,tiny
13081,GA,2014,14657,63,small
13083,GA,2014,10548,-7,small
13085,GA,2014,16588,36,small
13087,GA,2014,20181,-59,small
13089,GA,2014,520173,732,very large
13091,GA,2014,13079,-7,small
13093,GA,2014,7137,-22,tiny
13095,GA,2014,63154,-253,medium
13097,GA,2014,101981,383,large
13099,GA,2014,7716,5,tiny
13101,GA,2014,2644,7,tiny
13103,GA,2014,43601,217,small
13105,GA,2014,14902,-7,small
13107,GA,2014,16297,28,small
13109,GA,2014,7576,-5,tiny
13111,GA,2014,16516,38,small
13113,GA,2014,92447,100,medium
13115,GA,2014,71882,-2,medium
13117,GA,2014,173784,2166,large
13119,GA,2014,15885,-31,small
13121,GA,2014,687765,230,very large
13123,GA,2014,20780,36,small
13125,GA,2014,1972,0,tiny
13127,GA,2014,59954,171,medium
13129,GA,2014,43118,48,small
13131,GA,2014,18776,-11,small
13133,GA,2014,12432,-25,small
13135,GA,2014,704638,3314,very large
13137,GA,2014,32020,-37,small
13139,GA,2014,155694,350,large
13141,GA,2014,5160,-2,tiny
13143,GA,2014,20084,51,small
13145,GA,2014,24860,141,small
13147,GA,2014,18091,21,small
13149,GA,2014,7364,23,tiny
13151,GA,2014,164429,1437,large
13153,GA,2014,119633,109,large
13155,GA,2014,6312,13,tiny
13157,GA,2014,49116,206,small
13159,GA,2014,9855,53,tiny
13161,GA,2014,10672,1,small
13163,GA,2014,12538,-26,small
13165,GA,2014,5389,-39,tiny
13167,GA,2014,5383,-19,tiny
13169,GA,2014,21110,-32,small
13171,GA,2014,12067,1,small
13173,GA,2014,5872,7,tiny
13175,GA,2014,36005,34,small
13177,GA,2014,24799,125,small
13179,GA,2014,44557,-603,small
13181,GA,2014,5378,13,tiny
13183,GA,2014,9277,191,tiny
13185,GA,2014,76168,-204,medium
13187,GA,2014,19367,0,small
13189,GA,2014,16516,-29,small
13191,GA,2014,7831,-13,tiny
13193,GA,2014,8038,-36,tiny
13195,GA,2014,20861,-11,small
13197,GA,2014,5114,12,tiny
13199,GA,2014,15107,-20,small
13201,GA,2014,3962,-1,tiny
13205,GA,2014,15408,-81,small
13207,GA,2014,19801,82,small
13209,GA,2014,5446,-2,tiny
13211,GA,2014,14331,88,small
13213,GA,2014,28698,-11,small
13215,GA,2014,144898,-431,large
13217,GA,2014,76721,359,medium
13219,GA,2014,29455,104,small
13221,GA,2014,10130,22,small
13223,GA,2014,114399,227,large
13225,GA,2014,18774,6,small
13227,GA,2014,23701,38,small
13229,GA,2014,13877,-4,small
13231,GA,2014,13725,26,small
13233,GA,2014,30278,1,small
13235,GA,2014,6345,-19,tiny
13237,GA,2014,15280,22,small
13239,GA,2014,1379,0,tiny
13241,GA,2014,12128,7,small
13243,GA,2014,4679,-31,tiny
13245,GA,2014,136469,-326,large
13247,GA,2014,63623,472,medium
13249,GA,2014,3376,10,tiny
13251,GA,2014,9732,10,tiny
13253,GA,2014,6108,-24,tiny
13255,GA,2014,45294,83,small
13257,GA,2014,17746,14,small
13259,GA,2014,2821,-41,tiny
13261,GA,2014,22297,-99,small
13263,GA,2014,4355,8,tiny
13265,GA,2014,1053,0,tiny
13267,GA,2014,14439,9,small
13269,GA,2014,5812,-18,tiny
13271,GA,2014,7116,-35,tiny
13273,GA,2014,6974,-13,tiny
13275,GA,2014,33231,18,small
13277,GA,2014,30098,-14,small
13279,GA,2014,20103,-20,small
13281,GA,2014,7714,-5,tiny
13283,GA,2014,4382,-18,tiny
13285,GA,2014,52328,-127,medium
13287,GA,2014,6199,21,tiny
13289,GA,2014,6019,-11,tiny
13291,GA,2014,15654,11,small
13293,GA,2014,18560,59,small
13295,GA,2014,44980,-49,small
13297,GA,2014,66905,320,medium
13299,GA,2014,23721,45,small
13301,GA,2014,3832,11,tiny
13303,GA,2014,14500,-14,small
13305,GA,2014,20041,43,small
13307,GA,2014,1677,0,tiny
13309,GA,2014,3223,20,tiny
13311,GA,2014,18734,36,small
13313,GA,2014,84115,-30,medium
13315,GA,2014,4993,-22,tiny
13317,GA,2014,7332,0,tiny
13319,GA,2014,7044,-3,tiny
13321,GA,2014,14943,-33,small
19001,IA,2014,5930,-39,tiny
19003,IA,2014,3225,0,tiny
19005,IA,2014,12221,-60,small
19007,IA,2014,9669,-19,tiny
19009,IA,2014,4851,0,tiny
19011,IA,2014,21961,20,small
19013,IA,2014,99783,-53,medium
19015,IA,2014,21825,28,small
19017,IA,2014,20171,5,small
19019,IA,2014,17372,-25,small
19021,IA,2014,17640,-88,small
19023,IA,2014,12649,10,small
19025,IA,2014,8011,-13,tiny
19027,IA,2014,18119,-6,small
19029,IA,2014,11131,0,small
19031,IA,2014,15439,-8,small
19033,IA,2014,34257,43,small
19035,IA,2014,9955,-21,tiny
19037,IA,2014,10492,-26,small
19039,IA,2014,7608,33,tiny
19041,IA,2014,14090,3,small
19043,IA,2014,14784,27,small
19045,IA,2014,38709,6,small
19047,IA,2014,15028,12,small
19049,IA,2014,67306,240,medium
19051,IA,2014,7257,1,tiny
19053,IA,2014,5577,-48,tiny
19055,IA,2014,15319,4,small
19057,IA,2014,32328,-108,small
19059,IA,2014,14544,9,small
19061,IA,2014,81458,-10,medium
19063,IA,2014,7928,-7,tiny
19065,IA,2014,15718,-19,small
19067,IA,2014,13101,-42,small
19069,IA,2014,8635,-28,tiny
19071,IA,2014,5614,-46,tiny
19073,IA,2014,7424,-35,tiny
19075,IA,2014,10747,-2,small
19077,IA,2014,8969,-44,tiny
19079,IA,2014,12616,-10,small
19081,IA,2014,9401,19,tiny
19083,IA,2014,13762,1,small
19085,IA,2014,11848,-18,small
19087,IA,2014,15603,-12,small
19089,IA,2014,8215,-3,tiny
19091,IA,2014,8226,-16,tiny
19093,IA,2014,5965,0,tiny
19095,IA,2014,14348,-18,small
19097,IA,2014,16437,46,small
19099,IA,2014,29261,-22,small
19101,IA,2014,12008,-58,small
19103,IA,2014,100345,66,large
19105,IA,2014,16080,-19,small
19107,IA,2014,8306,-22,tiny
19109,IA,2014,13218,-12,small
19111,IA,2014,26912,-14,small
19113,IA,2014,179686,243,large
19115,IA,2014,9366,8,tiny
19117,IA,2014,7006,-24,tiny
19119,IA,2014,10615,0,small
19121,IA,2014,13042,12,small
19123,IA,2014,17527,35,small
19125,IA,2014,27587,-20,small
19127,IA,2014,33455,-50,small
19129,IA,2014,11999,17,small
19131,IA,2014,8841,-15,tiny
19133,IA,2014,7015,-9,tiny
19135,IA,2014,6142,-3,tiny
19137,IA,2014,8148,-22,tiny
19139,IA,2014,36528,-35,small
19141,IA,2014,12062,19,small
19143,IA,2014,5572,-11,tiny
19145,IA,2014,11306,19,small
19147,IA,2014,7312,25,tiny
19149,IA,2014,22105,39,small
19151,IA,2014,5937,22,tiny
19153,IA,2014,379335,481,large
19155,IA,2014,72400,36,medium
19157,IA,2014,14091,-38,small
19159,IA,2014,3848,0,tiny
19161,IA,2014,8571,25,tiny
19163,IA,2014,139645,186,large
19165,IA,2014,10289,-5,small
19167,IA,2014,30304,13,small
19169,IA,2014,58463,-204,medium
19171,IA,2014,14622,-2,small
19173,IA,2014,4996,15,tiny
19175,IA,2014,9613,-32,tiny
19177,IA,2014,5921,27,tiny
19179,IA,2014,27424,23,small
19181,IA,2014,40249,139,small
19183,IA,2014,19049,32,small
19185,IA,2014,5064,0,tiny
19187,IA,2014,27930,-27,small
19189,IA,2014,8822,-46,tiny
19191,IA,2014,16501,29,small
19193,IA,2014,81816,-99,medium
19195,IA,2014,6238,-2,tiny
19197,IA,2014,10656,-38,small
23001,ME,2014,78779,-82,medium
23003,ME,2014,51546,-69,medium
23005,ME,2014,229521,113,large
23007,ME,2014,21024,-40,small
23009,ME,2014,41826,-32,small
23011,ME,2014,92449,57,medium
23013,ME,2014,30965,2,small
23015,ME,2014,27083,-82,small
23017,ME,2014,40927,67,small
23019,ME,2014,109240,-35,large
23021,ME,2014,11887,14,small
23023,ME,2014,28481,27,small
23025,ME,2014,36062,-125,small
23027,ME,2014,28800,3,small
23029,ME,2014,22770,-47,small
23031,ME,2014,161791,170,large
26001,MI,2014,7666,6,tiny
26003,MI,2014,6618,-4,tiny
26005,MI,2014,95982,52,medium
26007,MI,2014,22754,2,small
26009,MI,2014,18171,-5,small
26011,MI,2014,11763,-16,small
26013,MI,2014,5752,-12,tiny
26015,MI,2014,48345,73,small
26017,MI,2014,86886,-49,medium
26019,MI,2014,14080,3,small
26021,MI,2014,123151,-178,large
26023,MI,2014,33349,16,small
26025,MI,2014,102333,15,large
26027,MI,2014,39149,-2,small
26029,MI,2014,21420,-10,small
26031,MI,2014,19720,8,small
26033,MI,2014,26082,16,small
26035,MI,2014,21955,50,small
26037,MI,2014,63134,109,medium
26039,MI,2014,9580,3,tiny
26041,MI,2014,29864,0,small
26043,MI,2014,21390,-5,small
26045,MI,2014,87037,-79,medium
26047,MI,2014,27645,11,small
26049,MI,2014,317540,-416,large
26051,MI,2014,19246,5,small
26053,MI,2014,10585,-4,small
26055,MI,2014,74492,51,medium
26057,MI,2014,29578,0,small
26059,MI,2014,34907,15,small
26061,MI,2014,24757,4,small
26063,MI,2014,27392,-13,small
26065,MI,2014,192309,-241,large
26067,MI,2014,48274,-76,small
26069,MI,2014,19021,50,small
26071,MI,2014,8698,0,tiny
26073,MI,2014,42205,-194,small
26075,MI,2014,119513,-23,large
26077,MI,2014,194189,57,large
26079,MI,2014,13042,10,small
26081,MI,2014,518064,-103,very large
26083,MI,2014,1701,0,tiny
26085,MI,2014,7072,-34,tiny
26087,MI,2014,73131,134,medium
26089,MI,2014,18455,33,small
26091,MI,2014,78091,22,medium
26093,MI,2014,159875,705,large
26095,MI,2014,4139,0,tiny
26097,MI,2014,8896,-17,tiny
26099,MI,2014,712223,742,very large
26101,MI,2014,18108,-9,small
26103,MI,2014,49883,-12,small
26105,MI,2014,23041,-5,small
26107,MI,2014,27778,48,small
26109,MI,2014,18213,-17,small
26111,MI,2014,68902,18,medium
26113,MI,2014,11770,45,small
26115,MI,2014,124603,113,large
26117,MI,2014,46917,66,small
26119,MI,2014,6789,-22,tiny
26121,MI,2014,130923,35,large
26123,MI,2014,37074,-36,small
26125,MI,2014,1018950,-313,enormous
26127,MI,2014,21278,-25,small
26129,MI,2014,15400,8,small
26131,MI,2014,4375,0,tiny
26133,MI,2014,17403,-12,small
26135,MI,2014,5941,-15,tiny
26137,MI,2014,19770,41,small
26139,MI,2014,233193,239,large
26141,MI,2014,10495,-4,small
26143,MI,2014,16945,117,small
26145,MI,2014,149950,-295,large
26147,MI,2014,130217,116,large
26149,MI,2014,49516,-112,small
26151,MI,2014,33380,-28,small
26153,MI,2014,6308,0,tiny
26155,MI,2014,55913,-45,medium
26157,MI,2014,44189,10,small
26159,MI,2014,59948,-76,medium
26161,MI,2014,257098,-568,large
26163,MI,2014,1301152,-3094,enormous
26165,MI,2014,25297,13,small
27001,MN,2014,11638,36,small
27003,MN,2014,291363,559,large
27005,MN,2014,26863,-10,small
27007,MN,2014,33191,-82,small
27009,MN,2014,31745,-75,small
27011,MN,2014,4120,0,tiny
27013,MN,2014,46430,-58,small
27015,MN,2014,22024,23,small
27017,MN,2014,27460,44,small
27019,MN,2014,87345,252,medium
27021,MN,2014,23089,-28,small
27023,MN,2014,10437,3,small
27025,MN,2014,45156,70,small
27027,MN,2014,46552,30,small
27029,MN,2014,6750,-16,tiny
27031,MN,2014,4331,0,tiny
27033,MN,2014,9995,7,tiny
27035,MN,2014,50855,18,medium
27037,MN,2014,361426,-35,large
27039,MN,2014,17920,-9,small
27041,MN,2014,31256,-38,small
27043,MN,2014,11813,-46,small
27045,MN,2014,17308,4,small
27047,MN,2014,25892,32,small
27049,MN,2014,39542,-11,small
27051,MN,2014,4974,-28,tiny
27053,MN,2014,989782,-1071,very large
27055,MN,2014,16282,-27,small
27057,MN,2014,15971,-14,small
27059,MN,2014,30801,93,small
27061,MN,2014,35473,-7,small
27063,MN,2014,8893,-32,tiny
27065,MN,2014,12048,-62,small
27067,MN,2014,36814,-67,small
27069,MN,2014,3787,0,tiny
27071,MN,2014,9878,22,tiny
27073,MN,2014,5923,21,tiny
27075,MN,2014,8609,-7,tiny
27077,MN,2014,3201,0,tiny
27079,MN,2014,23829,-6,small
27081,MN,2014,4842,0,tiny
27083,MN,2014,21082,-49,small
27085,MN,2014,31312,34,small
27087,MN,2014,3941,23,tiny
27089,MN,2014,7933,-17,tiny
27091,MN,2014,17426,-24,small
27093,MN,2014,19508,-59,small
27095,MN,2014,20019,-11,small
27097,MN,2014,27587,-8,small
27099,MN,2014,32896,-3,small
27101,MN,2014,7291,1,tiny
27103,MN,2014,26264,-50,small
27105,MN,2014,18968,-1,small
27107,MN,2014,5444,32,tiny
27109,MN,2014,130174,-59,large
27111,MN,2014,48264,-2,small
27113,MN,2014,11487,-27,small
27115,MN,2014,20869,-24,small
27117,MN,2014,7983,0,tiny
27119,MN,2014,25054,51,small
27121,MN,2014,9389,-12,tiny
27123,MN,2014,412596,-729,large
27125,MN,2014,3345,0,tiny
27127,MN,2014,13062,-33,small
27129,MN,2014,12907,-28,small
27131,MN,2014,50430,-67,medium
27133,MN,2014,8104,30,tiny
27135,MN,2014,13745,0,small
27137,MN,2014,149364,-95,large
27139,MN,2014,123290,481,large
27141,MN,2014,76118,84,medium
27143,MN,2014,12977,-33,small
27145,MN,2014,122400,1,large
27147,MN,2014,32051,-28,small
27149,MN,2014,7859,0,tiny
27151,MN,2014,7996,8,tiny
27153,MN,2014,19492,-47,small
27155,MN,2014,2826,0,tiny
27157,MN,2014,18516,-21,small
27159,MN,2014,10608,33,small
27161,MN,2014,15528,-40,small
27163,MN,2014,217399,344,large
27165,MN,2014,9287,7,tiny
27167,MN,2014,5591,-44,tiny
27169,MN,2014,36758,-90,small
27171,MN,2014,113472,164,large
27173,MN,2014,8465,-50,tiny
31001,NE,2014,24934,-21,small
31003,NE,2014,5465,1,tiny
31005,NE,2014,389,0,tiny
31007,NE,2014,528,0,tiny
31009,NE,2014,407,0,tiny
31011,NE,2014,4746,0,tiny
31013,NE,2014,9511,-14,tiny
31015,NE,2014,1646,0,tiny
31017,NE,2014,2380,0,tiny
31019,NE,2014,37859,-51,small
31021,NE,2014,5577,-19,tiny
31023,NE,2014,7090,-22,tiny
31025,NE,2014,21814,-31,small
31027,NE,2014,7523,-23,tiny
31029,NE,2014,3405,0,tiny
31031,NE,2014,4856,0,tiny
31033,NE,2014,8559,0,tiny
31035,NE,2014,5330,-5,tiny
31037,NE,2014,9837,-54,tiny
31039,NE,2014,8152,0,tiny
31041,NE,2014,9199,-12,tiny
31043,NE,2014,18390,-34,small
31045,NE,2014,5997,0,tiny
31047,NE,2014,21211,-57,small
31049,NE,2014,1441,0,tiny
31051,NE,2014,5133,15,tiny
31053,NE,2014,30421,-16,small
31055,NE,2014,447139,-209,large
31057,NE,2014,1427,0,tiny
31059,NE,2014,4830,0,tiny
31061,NE,2014,2525,0,tiny
31063,NE,2014,2033,0,tiny
31065,NE,2014,3950,0,tiny
31067,NE,2014,17823,5,small
31069,NE,2014,1473,0,tiny
31071,NE,2014,1415,0,tiny
31073,NE,2014,1611,2,tiny
31075,NE,2014,595,0,tiny
31077,NE,2014,2016,0,tiny
31079,NE,2014,51024,-44,medium
31081,NE,2014,8225,8,tiny
31083,NE,2014,2750,0,tiny
31085,NE,2014,772,0,tiny
31087,NE,2014,2332,0,tiny
31089,NE,2014,9046,0,tiny
31091,NE,2014,636,0,tiny
31093,NE,2014,5393,-6,tiny
31095,NE,2014,6008,-19,tiny
31097,NE,2014,3605,1,tiny
31099,NE,2014,5509,11,tiny
31101,NE,2014,6566,4,tiny
31103,NE,2014,706,0,tiny
31105,NE,2014,2828,0,tiny
31107,NE,2014,7091,0,tiny
31109,NE,2014,236387,-104,large
31111,NE,2014,28985,-54,small
31113,NE,2014,673,0,tiny
31115,NE,2014,450,0,tiny
31117,NE,2014,387,0,tiny
31119,NE,2014,29217,-31,small
31121,NE,2014,6399,16,tiny
31123,NE,2014,3820,3,tiny
31125,NE,2014,2919,0,tiny
31127,NE,2014,5373,-15,tiny
31129,NE,2014,3689,0,tiny
31131,NE,2014,13201,6,small
31133,NE,2014,2188,0,tiny
31135,NE,2014,2551,0,tiny
31137,NE,2014,7852,5,tiny
31139,NE,2014,6357,6,tiny
31141,NE,2014,29719,16,small
31143,NE,2014,4516,4,tiny
31145,NE,2014,8817,0,tiny
31147,NE,2014,6539,0,tiny
31149,NE,2014,1127,0,tiny
31151,NE,2014,11658,-50,small
31153,NE,2014,148845,223,large
31155,NE,2014,17793,21,small
31157,NE,2014,28599,-58,small
31159,NE,2014,13968,-26,small
31161,NE,2014,4063,0,tiny
31163,NE,2014,2470,0,tiny
31165,NE,2014,986,0,tiny
31167,NE,2014,4948,1,tiny
31169,NE,2014,4457,0,tiny
31171,NE,2014,541,0,tiny
31173,NE,2014,5270,0,tiny
31175,NE,2014,3529,0,tiny
31177,NE,2014,17238,22,small
31179,NE,2014,6692,-16,tiny
31181,NE,2014,2801,0,tiny
31183,NE,2014,659,0,tiny
31185,NE,2014,11512,-17,small
32001,NV,2014,18104,-17,small
32003,NV,2014,1616828,10667,enormous
32005,NV,2014,39492,215,small
32007,NV,2014,42644,-25,small
32009,NV,2014,593,0,tiny
32011,NV,2014,1349,0,tiny
32013,NV,2014,14372,-50,small
32015,NV,2014,4706,-4,tiny
32017,NV,2014,3213,1,tiny
32019,NV,2014,40517,247,small
32021,NV,2014,2935,-18,tiny
32023,NV,2014,28399,105,small
32027,NV,2014,3659,4,tiny
32029,NV,2014,2633,36,tiny
32031,NV,2014,343410,1360,large
32033,NV,2014,6765,-15,tiny
32510,NV,2014,40975,58,small
33001,NH,2014,50413,160,medium
33003,NH,2014,38374,48,small
33005,NH,2014,58725,86,medium
33007,NH,2014,23389,-17,small
33009,NH,2014,66505,-118,medium
33011,NH,2014,335054,51,large
33013,NH,2014,117613,151,large
33015,NH,2014,261306,517,large
33017,NH,2014,94374,152,medium
33019,NH,2014,33572,52,small
37001,NC,2014,118710,402,large
37003,NC,2014,26750,4,small
37005,NC,2014,7881,21,tiny
37007,NC,2014,16312,-44,small
37009,NC,2014,19107,-20,small
37011,NC,2014,11604,-27,small
37013,NC,2014,35296,29,small
37015,NC,2014,13585,-6,small
37017,NC,2014,22743,21,small
37019,NC,2014,86210,308,medium
37021,NC,2014,188922,94,large
37023,NC,2014,64105,41,medium
37025,NC,2014,154824,978,large
37027,NC,2014,58782,3,medium
37029,NC,2014,8036,21,tiny
37031,NC,2014,51657,85,medium
37033,NC,2014,15903,-59,small
37035,NC,2014,123067,-37,large
37037,NC,2014,54736,408,medium
37039,NC,2014,18435,0,small
37041,NC,2014,10770,-41,small
37043,NC,2014,7243,0,tiny
37045,NC,2014,71306,-42,medium
37047,NC,2014,37664,-36,small
37049,NC,2014,77267,-207,medium
37051,NC,2014,236431,-991,large
37053,NC,2014,19077,70,small
37055,NC,2014,29003,42,small
37057,NC,2014,125859,147,large
37059,NC,2014,32816,65,small
37061,NC,2014,42131,-281,small
37063,NC,2014,221536,-255,large
37065,NC,2014,38135,-104,small
37067,NC,2014,279221,73,large
37069,NC,2014,44453,308,small
37071,NC,2014,158775,348,large
37073,NC,2014,7925,-34,tiny
37075,NC,2014,6102,0,tiny
37077,NC,2014,42052,245,small
37079,NC,2014,13769,-38,small
37081,NC,2014,385632,-30,large
37083,NC,2014,36672,-158,small
37085,NC,2014,90147,364,medium
37087,NC,2014,43485,61,small
37089,NC,2014,85729,215,medium
37091,NC,2014,14366,-79,small
37093,NC,2014,36532,233,small
37095,NC,2014,3548,23,tiny
37097,NC,2014,133754,40,large
37099,NC,2014,23488,-41,small
37101,NC,2014,142231,977,large
37103,NC,2014,7056,23,tiny
37105,NC,2014,45915,-257,small
37107,NC,2014,42275,295,small
37109,NC,2014,61347,166,medium
37111,NC,2014,31981,36,small
37113,NC,2014,25192,-9,small
37115,NC,2014,14199,10,small
37117,NC,2014,17583,-22,small
37119,NC,2014,778299,2582,very large
37121,NC,2014,10635,31,small
37123,NC,2014,20150,29,small
37125,NC,2014,72655,33,medium
37127,NC,2014,73270,-156,medium
37129,NC,2014,151773,-47,large
37131,NC,2014,13325,11,small
37133,NC,2014,133118,288,large
37135,NC,2014,98434,-101,medium
37137,NC,2014,8834,-7,tiny
37139,NC,2014,28877,30,small
37141,NC,2014,40097,325,small
37143,NC,2014,9786,14,tiny
37145,NC,2014,29467,85,small
37147,NC,2014,117467,-85,large
37149,NC,2014,14255,-34,small
37151,NC,2014,110811,74,large
37153,NC,2014,32387,-170,small
37155,NC,2014,91279,-186,medium
37157,NC,2014,68804,20,medium
37159,NC,2014,104746,-78,large
37161,NC,2014,44797,50,small
37163,NC,2014,52398,-360,medium
37165,NC,2014,23778,-50,small
37167,NC,2014,45167,30,small
37169,NC,2014,34243,30,small
37171,NC,2014,54470,-114,medium
37173,NC,2014,12242,16,small
37175,NC,2014,22729,-4,small
37177,NC,2014,2745,0,tiny
37179,NC,2014,180874,502,large
37181,NC,2014,31794,-12,small
37183,NC,2014,810881,2471,very large
37185,NC,2014,12677,-80,small
37187,NC,2014,8854,-82,tiny
37189,NC,2014,28431,-75,small
37191,NC,2014,90406,-156,medium
37193,NC,2014,49012,1,small
37195,NC,2014,62065,-118,medium
37197,NC,2014,28595,16,small
37199,NC,2014,12544,2,small
39001,OH,2014,19924,6,small
39003,OH,2014,79532,-134,medium
39005,OH,2014,40888,-49,small
39007,OH,2014,75112,-118,medium
39009,OH,2014,33984,-65,small
39011,OH,2014,39553,-13,small
39013,OH,2014,51099,7,medium
39015,OH,2014,32546,10,small
39017,OH,2014,292175,50,large
39019,OH,2014,21774,-46,small
39021,OH,2014,31046,57,small
39023,OH,2014,106279,101,large
39025,OH,2014,162683,141,large
39027,OH,2014,32213,-3,small
39029,OH,2014,80419,-140,medium
39031,OH,2014,27984,-27,small
39033,OH,2014,33387,60,small
39035,OH,2014,965139,-2352,very large
39037,OH,2014,43563,-2,small
39039,OH,2014,32045,-7,small
39041,OH,2014,163994,919,large
39043,OH,2014,61616,-25,medium
39045,OH,2014,119671,220,large
39047,OH,2014,21655,53,small
39049,OH,2014,959853,582,very large
39051,OH,2014,36261,12,small
39053,OH,2014,21388,-53,small
39055,OH,2014,81909,24,medium
39057,OH,2014,123195,-348,large
39059,OH,2014,30214,-48,small
39061,OH,2014,630556,-902,very large
39063,OH,2014,60907,76,medium
39065,OH,2014,22377,-53,small
39067,OH,2014,11231,-12,small
39069,OH,2014,23954,-13,small
39071,OH,2014,31763,-4,small
39073,OH,2014,21123,-38,small
39075,OH,2014,34487,-65,small
39077,OH,2014,48237,-111,small
39079,OH,2014,23928,29,small
39081,OH,2014,49872,-21,small
39083,OH,2014,46979,14,small
39085,OH,2014,193444,299,large
39087,OH,2014,44470,-4,small
39089,OH,2014,135766,273,large
39091,OH,2014,37068,-40,small
39093,OH,2014,242183,382,large
39095,OH,2014,322432,-210,large
39097,OH,2014,31502,84,small
39099,OH,2014,178636,-90,large
39101,OH,2014,46906,-21,small
39103,OH,2014,152313,287,large
39105,OH,2014,15950,20,small
39107,OH,2014,36321,-22,small
39109,OH,2014,85813,43,medium
39111,OH,2014,11033,17,small
39113,OH,2014,407002,-773,large
39115,OH,2014,10311,49,small
39117,OH,2014,26848,29,small
39119,OH,2014,66408,77,medium
39121,OH,2014,9331,7,tiny
39123,OH,2014,33943,-51,small
39125,OH,2014,15527,5,small
39127,OH,2014,26300,-85,small
39129,OH,2014,41562,90,small
39131,OH,2014,19686,48,small
39133,OH,2014,118792,0,large
39135,OH,2014,33141,-81,small
39137,OH,2014,30648,-3,small
39139,OH,2014,93826,8,medium
39141,OH,2014,54668,9,medium
39143,OH,2014,49270,-90,small
39145,OH,2014,52338,-107,medium
39147,OH,2014,43421,12,small
39149,OH,2014,40744,-45,small
39151,OH,2014,301641,-116,large
39153,OH,2014,426770,-191,large
39155,OH,2014,161379,-3,large
39157,OH,2014,78212,-103,medium
39159,OH,2014,43360,215,small
39161,OH,2014,23819,-51,small
39163,OH,2014,9005,-73,tiny
39165,OH,2014,186927,408,large
39167,OH,2014,48063,-65,small
39169,OH,2014,95499,-109,medium
39171,OH,2014,30602,-24,small
39173,OH,2014,97356,-71,medium
39175,OH,2014,18467,-88,small
4001,AZ,2014,45565,-178,small
4003,AZ,2014,92747,-413,medium
4005,AZ,2014,93586,-195,medium
4007,AZ,2014,36754,-26,small
4009,AZ,2014,23206,-28,small
4011,AZ,2014,6575,4,tiny
4012,AZ,2014,10905,-53,small
4013,AZ,2014,3099006,8901,enormous
4015,AZ,2014,126899,334,large
4017,AZ,2014,72082,-19,medium
4019,AZ,2014,729836,-205,very large
4021,AZ,2014,242271,1191,large
4023,AZ,2014,39852,-112,small
4025,AZ,2014,159167,721,large
4027,AZ,2014,164188,-586,large
42001,PA,2014,85585,167,medium
42003,PA,2014,978141,-1621,very large
42005,PA,2014,55213,-34,medium
42007,PA,2014,140500,155,large
42009,PA,2014,40402,-21,small
42011,PA,2014,342550,103,large
42013,PA,2014,99588,34,medium
42015,PA,2014,49983,13,small
42017,PA,2014,549649,911,very large
42019,PA,2014,159515,287,large
42021,PA,2014,107755,-45,large
42023,PA,2014,3887,0,tiny
42025,PA,2014,50305,32,medium
42027,PA,2014,96441,53,medium
42029,PA,2014,441949,29,large
42031,PA,2014,29081,-14,small
42033,PA,2014,61725,25,medium
42035,PA,2014,29105,-20,small
42037,PA,2014,48448,-35,small
42039,PA,2014,66944,5,medium
42041,PA,2014,202048,408,large
42043,PA,2014,221485,163,large
42045,PA,2014,452966,541,large
42047,PA,2014,27086,-2,small
42049,PA,2014,215871,-198,large
42051,PA,2014,101901,39,large
42053,PA,2014,3502,-14,tiny
42055,PA,2014,131211,79,large
42057,PA,2014,12156,23,small
42059,PA,2014,27436,-24,small
42061,PA,2014,33285,-13,small
42063,PA,2014,62673,-4,medium
42065,PA,2014,36715,-20,small
42067,PA,2014,20055,-7,small
42069,PA,2014,164974,82,large
42071,PA,2014,458814,-29,large
42073,PA,2014,70119,-51,medium
42075,PA,2014,116116,65,large
42077,PA,2014,291399,555,large
42079,PA,2014,248326,471,large
42081,PA,2014,91727,-66,medium
42083,PA,2014,32017,-5,small
42085,PA,2014,89675,-63,medium
42087,PA,2014,37661,-15,small
42089,PA,2014,124802,540,large
42091,PA,2014,695952,859,very large
42093,PA,2014,15181,-8,small
42095,PA,2014,245189,556,large
42097,PA,2014,72233,-20,medium
42099,PA,2014,38682,42,small
42101,PA,2014,1006397,-3612,enormous
42103,PA,2014,43768,198,small
42105,PA,2014,13453,3,small
42107,PA,2014,112866,88,large
42109,PA,2014,32187,-25,small
42111,PA,2014,59841,-14,medium
42113,PA,2014,4672,-10,tiny
42115,PA,2014,33135,11,small
42117,PA,2014,32459,-9,small
42119,PA,2014,30090,13,small
42121,PA,2014,42313,-18,small
42123,PA,2014,31996,-29,small
42125,PA,2014,171277,96,large
42127,PA,2014,39467,-8,small
42129,PA,2014,300660,179,large
42131,PA,2014,22481,-107,small
42133,PA,2014,371755,413,large
48001,TX,2014,33592,-3,small
48003,TX,2014,14592,55,small
48005,TX,2014,65802,-87,medium
48007,TX,2014,17574,26,small
48009,TX,2014,7008,-8,tiny
48011,TX,2014,1554,0,tiny
48013,TX,2014,35323,140,small
48015,TX,2014,23739,118,small
48017,TX,2014,5726,106,tiny
48019,TX,2014,14817,40,small
48021,TX,2014,57659,584,medium
48023,TX,2014,2537,0,tiny
48025,TX,2014,18877,-29,small
48027,TX,2014,247021,608,large
48029,TX,2014,1421864,4738,enormous
48031,TX,2014,8217,49,tiny
48033,TX,2014,469,0,tiny
48035,TX,2014,12958,25,small
48037,TX,2014,68259,-42,medium
48039,TX,2014,262792,830,large
48041,TX,2014,126496,31,large
48043,TX,2014,6494,31,tiny
48045,TX,2014,1124,0,tiny
48047,TX,2014,5436,-30,tiny
48049,TX,2014,26727,1,small
48051,TX,2014,13401,0,small
48053,TX,2014,34522,79,small
48055,TX,2014,28744,342,small
48057,TX,2014,16727,-39,small
48059,TX,2014,9771,13,tiny
48061,TX,2014,321985,-935,large
48063,TX,2014,9615,-1,tiny
48065,TX,2014,4530,-13,tiny
48067,TX,2014,22069,-18,small
48069,TX,2014,6004,-21,tiny
48071,TX,2014,32717,-3,small
48073,TX,2014,37776,57,small
48075,TX,2014,4358,0,tiny
48077,TX,2014,7901,-9,tiny
48079,TX,2014,2284,-11,tiny
48081,TX,2014,2369,1,tiny
48083,TX,2014,5818,-12,tiny
48085,TX,2014,734474,4000,very large
48087,TX,2014,2333,0,tiny
48089,TX,2014,16550,33,small
48091,TX,2014,99998,755,medium
48093,TX,2014,9882,-5,tiny
48095,TX,2014,1727,-12,tiny
48097,TX,2014,30956,42,small
48099,TX,2014,48410,358,small
48101,TX,2014,1019,0,tiny
48103,TX,2014,4131,2,tiny
48105,TX,2014,3055,-13,tiny
48107,TX,2014,4289,-9,tiny
48109,TX,2014,1741,0,tiny
48111,TX,2014,5997,13,tiny
48113,TX,2014,1977538,1321,enormous
48115,TX,2014,9238,4,tiny
48117,TX,2014,16658,-3,small
48119,TX,2014,3478,0,tiny
48121,TX,2014,601400,4172,very large
48123,TX,2014,14361,10,small
48125,TX,2014,1349,0,tiny
48127,TX,2014,7906,-41,tiny
48129,TX,2014,2314,0,tiny
48131,TX,2014,8515,-40,tiny
48133,TX,2014,12500,-32,small
48135,TX,2014,123053,853,large
48137,TX,2014,1348,0,tiny
48139,TX,2014,131223,773,large
48141,TX,2014,669419,-1320,very large
48143,TX,2014,25793,50,small
48145,TX,2014,10915,15,small
48147,TX,2014,23016,37,small
48149,TX,2014,19719,28,small
48151,TX,2014,2689,-9,tiny
48153,TX,2014,4562,-8,tiny
48155,TX,2014,863,0,tiny
48157,TX,2014,561376,4557,very large
48159,TX,2014,7255,-8,tiny
48161,TX,2014,14276,3,small
48163,TX,2014,11307,-72,small
48165,TX,2014,15526,10,small
48167,TX,2014,243323,1223,large
48169,TX,2014,3361,-2,tiny
48171,TX,2014,21100,35,small
48173,TX,2014,1128,0,tiny
48175,TX,2014,5537,5,tiny
48177,TX,2014,15567,-38,small
48179,TX,2014,17132,-19,small
48181,TX,2014,94101,222,medium
48183,TX,2014,97679,-149,medium
48185,TX,2014,18905,50,small
48187,TX,2014,118324,454,large
48189,TX,2014,25265,-34,small
48191,TX,2014,2164,0,tiny
48193,TX,2014,5869,-14,tiny
48195,TX,2014,4671,0,tiny
48197,TX,2014,2863,0,tiny
48199,TX,2014,42866,22,small
48201,TX,2014,3474027,7532,enormous
48203,TX,2014,51447,59,medium
48205,TX,2014,3423,4,tiny
48207,TX,2014,3771,-7,tiny
48209,TX,2014,132474,1845,large
48211,TX,2014,3643,0,tiny
48213,TX,2014,54792,66,medium
48215,TX,2014,616297,-1024,very large
48217,TX,2014,25388,-18,small
48219,TX,2014,17377,-37,small
48221,TX,2014,41108,122,small
48223,TX,2014,27268,23,small
48225,TX,2014,14150,3,small
48227,TX,2014,23320,32,small
48229,TX,2014,2465,104,tiny
48231,TX,2014,63899,236,medium
48233,TX,2014,16932,-14,small
48235,TX,2014,1273,-17,tiny
48237,TX,2014,5869,-13,tiny
48239,TX,2014,12209,11,small
48241,TX,2014,25488,-24,small
48243,TX,2014,1581,0,tiny
48245,TX,2014,185122,31,large
48247,TX,2014,3914,0,tiny
48249,TX,2014,32179,-37,small
48251,TX,2014,124939,315,large
48253,TX,2014,11316,12,small
48255,TX,2014,9816,-2,tiny
48257,TX,2014,90600,784,medium
48259,TX,2014,33328,239,small
48261,TX,2014,269,0,tiny
48263,TX,2014,585,0,tiny
48265,TX,2014,38403,-40,small
48267,TX,2014,3273,0,tiny
48269,TX,2014,203,0,tiny
48271,TX,2014,2269,0,tiny
48273,TX,2014,21687,-97,small
48275,TX,2014,2744,0,tiny
48277,TX,2014,36485,-18,small
48279,TX,2014,10171,-75,small
48281,TX,2014,15551,41,small
48283,TX,2014,4371,-21,tiny
48285,TX,2014,16191,24,small
48287,TX,2014,13559,40,small
48289,TX,2014,13363,29,small
48291,TX,2014,55675,343,medium
48293,TX,2014,16558,-57,small
48295,TX,2014,2884,0,tiny
48297,TX,2014,8025,29,tiny
48299,TX,2014,12650,59,small
48301,TX,2014,48,0,tiny
48303,TX,2014,207562,164,large
48305,TX,2014,4427,-7,tiny
48307,TX,2014,6295,0,tiny
48309,TX,2014,180336,-8,large
48311,TX,2014,709,0,tiny
48313,TX,2014,8836,9,tiny
48315,TX,2014,6405,24,tiny
48317,TX,2014,4202,-2,tiny
48319,TX,2014,3074,0,tiny
48321,TX,2014,28575,21,small
48323,TX,2014,53004,-205,medium
48325,TX,2014,33969,133,small
48327,TX,2014,1458,0,tiny
48329,TX,2014,125345,684,large
48331,TX,2014,18138,57,small
48333,TX,2014,3590,0,tiny
48335,TX,2014,5248,-3,tiny
48337,TX,2014,14686,0,small
48339,TX,2014,409506,3065,large
48341,TX,2014,18690,-43,small
48343,TX,2014,9201,-29,tiny
48345,TX,2014,818,0,tiny
48347,TX,2014,43282,-105,small
48349,TX,2014,37082,49,small
48351,TX,2014,8671,-13,tiny
48353,TX,2014,11395,-6,small
48355,TX,2014,261128,60,large
48357,TX,2014,9430,0,tiny
48359,TX,2014,1586,0,tiny
48361,TX,2014,64832,-27,medium
48363,TX,2014,20160,-54,small
48365,TX,2014,18496,0,small
48367,TX,2014,99180,443,medium
48369,TX,2014,8784,-46,tiny
48371,TX,2014,11143,45,small
48373,TX,2014,36441,151,small
48375,TX,2014,87090,-292,medium
48377,TX,2014,7215,-67,tiny
48379,TX,2014,7107,13,tiny
48381,TX,2014,99663,160,medium
48383,TX,2014,3194,-11,tiny
48385,TX,2014,2398,0,tiny
48387,TX,2014,8875,-21,tiny
48389,TX,2014,8695,32,tiny
48391,TX,2014,5930,-17,tiny
48393,TX,2014,698,0,tiny
48395,TX,2014,12535,61,small
48397,TX,2014,72589,350,medium
48399,TX,2014,7992,9,tiny
48401,TX,2014,38149,-11,small
48403,TX,2014,7101,15,tiny
48405,TX,2014,5717,-20,tiny
48407,TX,2014,16932,60,small
48409,TX,2014,54284,-98,medium
48411,TX,2014,4281,0,tiny
48413,TX,2014,2307,-3,tiny
48415,TX,2014,12909,0,small
48417,TX,2014,2548,-2,tiny
48419,TX,2014,19409,13,small
48421,TX,2014,2120,0,tiny
48423,TX,2014,169146,-13,large
48425,TX,2014,6631,-27,tiny
48427,TX,2014,51883,-280,medium
48429,TX,2014,6305,7,tiny
48431,TX,2014,1065,0,tiny
48433,TX,2014,1078,0,tiny
48435,TX,2014,3366,-11,tiny
48437,TX,2014,5281,-16,tiny
48439,TX,2014,1565217,4974,enormous
48441,TX,2014,101422,-79,large
48443,TX,2014,633,0,tiny
48445,TX,2014,8885,-23,tiny
48447,TX,2014,1128,0,tiny
48449,TX,2014,26268,-2,small
48451,TX,2014,85795,-98,medium
48453,TX,2014,850986,-14548,very large
48455,TX,2014,9334,49,tiny
48457,TX,2014,13305,-24,small
48459,TX,2014,28529,30,small
48461,TX,2014,2762,0,tiny
48463,TX,2014,21455,13,small
48465,TX,2014,40546,-75,small
48467,TX,2014,38424,92,small
48469,TX,2014,72502,66,medium
48471,TX,2014,36179,-22,small
48473,TX,2014,31788,212,small
48475,TX,2014,8970,4,tiny
48477,TX,2014,26623,12,small
48479,TX,2014,223559,-690,large
48481,TX,2014,34285,-7,small
48483,TX,2014,4527,0,tiny
48485,TX,2014,90122,-196,medium
48487,TX,2014,9658,-2,tiny
48489,TX,2014,14473,-74,small
48491,TX,2014,397893,3318,large
48493,TX,2014,35993,63,small
48495,TX,2014,6241,-4,tiny
48497,TX,2014,48326,247,small
48499,TX,2014,30613,65,small
48501,TX,2014,7466,-28,tiny
48503,TX,2014,14396,-45,small
48505,TX,2014,10773,-15,small
48507,TX,2014,8852,9,tiny
55001,WI,2014,13935,49,small
55003,WI,2014,12126,-43,small
55005,WI,2014,37795,-61,small
55007,WI,2014,12546,10,small
55009,WI,2014,221523,371,large
55011,WI,2014,11420,51,small
55013,WI,2014,12358,4,small
55015,WI,2014,43980,110,small
55017,WI,2014,52218,-21,medium
55019,WI,2014,29364,-78,small
55021,WI,2014,48973,17,small
55023,WI,2014,13007,15,small
55025,WI,2014,426063,27,large
55027,WI,2014,71860,102,medium
55029,WI,2014,24722,-18,small
55031,WI,2014,33171,-36,small
55033,WI,2014,31922,-38,small
55035,WI,2014,77550,-22,medium
55037,WI,2014,3573,5,tiny
55039,WI,2014,85910,31,medium
55041,WI,2014,7166,0,tiny
55043,WI,2014,39450,-44,small
55045,WI,2014,32417,82,small
55047,WI,2014,15629,3,small
55049,WI,2014,20392,23,small
55051,WI,2014,4678,4,tiny
55053,WI,2014,15574,-20,small
55055,WI,2014,69763,65,medium
55057,WI,2014,19853,-36,small
55059,WI,2014,135289,97,large
55061,WI,2014,17816,-8,small
55063,WI,2014,91141,100,medium
55065,WI,2014,15323,-22,small
55067,WI,2014,15826,14,small
55069,WI,2014,23609,-57,small
55071,WI,2014,68677,-41,medium
55073,WI,2014,116763,37,large
55075,WI,2014,33023,-38,small
55077,WI,2014,12329,-14,small
55078,WI,2014,3109,-20,tiny
55079,WI,2014,734311,-1529,very large
55081,WI,2014,37400,-76,small
55083,WI,2014,31707,-41,small
55085,WI,2014,30534,33,small
55087,WI,2014,158460,-46,large
55089,WI,2014,78616,165,medium
55091,WI,2014,6046,-56,tiny
55093,WI,2014,31548,42,small
55095,WI,2014,36340,-9,small
55097,WI,2014,55681,-64,medium
55099,WI,2014,11546,36,small
55101,WI,2014,161760,257,large
55103,WI,2014,13642,-59,small
55105,WI,2014,133564,87,large
55107,WI,2014,11120,-34,small
55109,WI,2014,75908,71,medium
55111,WI,2014,54630,35,medium
55113,WI,2014,13295,2,small
55115,WI,2014,33507,-81,small
55117,WI,2014,100123,34,large
55119,WI,2014,16373,-23,small
55121,WI,2014,27492,-41,small
55123,WI,2014,24416,-48,small
55125,WI,2014,17520,-53,small
55127,WI,2014,82003,7,medium
55129,WI,2014,13293,-25,small
55131,WI,2014,118826,225,large
55133,WI,2014,352222,392,large
55135,WI,2014,42900,36,small
55137,WI,2014,18812,-44,small
55139,WI,2014,133968,-155,large
55141,WI,2014,62494,-46,medium
12001,FL,2015,164897,-553,large
12003,FL,2015,18380,48,small
12005,FL,2015,133038,34,large
12007,FL,2015,16325,28,small
12009,FL,2015,426588,4495,large
12011,FL,2015,1414606,5703,enormous
12013,FL,2015,8235,22,tiny
12015,FL,2015,115606,1225,large
12017,FL,2015,96443,534,medium
12019,FL,2015,156358,1137,large
12021,FL,2015,277372,2999,large
12023,FL,2015,44004,250,small
12027,FL,2015,20792,-24,small
12029,FL,2015,8393,-6,tiny
12031,FL,2015,680878,3368,very large
12033,FL,2015,217611,-441,large
12035,FL,2015,76415,445,medium
12037,FL,2015,6835,-10,tiny
12039,FL,2015,33026,-7,small
12041,FL,2015,10982,4,small
12043,FL,2015,5908,8,tiny
12045,FL,2015,8731,-39,tiny
12047,FL,2015,7874,-9,tiny
12049,FL,2015,18866,-74,small
12051,FL,2015,27701,118,small
12053,FL,2015,121120,1302,large
12055,FL,2015,66105,245,medium
12057,FL,2015,992224,8275,very large
12059,FL,2015,11298,28,small
12061,FL,2015,110488,1000,large
12063,FL,2015,30320,-31,small
12065,FL,2015,9343,-6,tiny
12067,FL,2015,4401,-11,tiny
12069,FL,2015,239867,4247,large
12071,FL,2015,504233,8078,very large
12073,FL,2015,184386,-1287,large
12075,FL,2015,26835,28,small
12077,FL,2015,4579,-39,tiny
12079,FL,2015,12097,-54,small
12081,FL,2015,262356,3993,large
12083,FL,2015,242983,1571,large
12085,FL,2015,113703,1144,large
12086,FL,2015,1970227,-11943,enormous
12087,FL,2015,59139,-261,medium
12089,FL,2015,60793,468,medium
12091,FL,2015,153858,-271,large
12093,FL,2015,25311,152,small
12095,FL,2015,943450,4422,very large
12097,FL,2015,237529,3685,large
12099,FL,2015,1065505,9537,enormous
12101,FL,2015,344463,5697,large
12103,FL,2015,672590,6020,very large
12105,FL,2015,463124,5703,large
12107,FL,2015,45989,54,small
12109,FL,2015,175356,2499,large
12111,FL,2015,214364,3260,large
12113,FL,2015,121223,547,large
12115,FL,2015,294291,3574,large
12117,FL,2015,335848,2277,large
12119,FL,2015,80794,1126,medium
12121,FL,2015,27066,150,small
12123,FL,2015,13564,-37,small
12125,FL,2015,7889,19,tiny
12127,FL,2015,365909,4402,large
12129,FL,2015,21405,147,small
12131,FL,2015,43473,296,small
12133,FL,2015,14929,3,small
13001,GA,2015,13033,8,small
13003,GA,2015,5893,-2,tiny
13005,GA,2015,7702,6,tiny
13007,GA,2015,1997,0,tiny
13009,GA,2015,27247,-68,small
13011,GA,2015,12530,20,small
13013,GA,2015,56024,676,medium
13015,GA,2015,76163,213,medium
13017,GA,2015,11817,-5,small
13019,GA,2015,11674,24,small
13021,GA,2015,109008,-598,large
13023,GA,2015,8524,19,tiny
13025,GA,2015,11496,-5,small
13027,GA,2015,10316,-3,small
13029,GA,2015,28550,320,small
13031,GA,2015,42238,38,small
13033,GA,2015,16527,5,small
13035,GA,2015,15550,124,small
13037,GA,2015,3452,-69,tiny
13039,GA,2015,36613,-200,small
13043,GA,2015,7338,-7,tiny
13045,GA,2015,81660,275,medium
13047,GA,2015,46020,71,small
13049,GA,2015,6053,-9,tiny
13051,GA,2015,193583,-241,large
13053,GA,2015,3473,-302,tiny
13055,GA,2015,16549,-18,small
13057,GA,2015,186999,2145,large
13059,GA,2015,68296,-228,medium
13061,GA,2015,1981,0,tiny
13063,GA,2015,193372,2109,large
13065,GA,2015,4641,-23,tiny
13067,GA,2015,566533,1406,very large
13069,GA,2015,29051,-10,small
13071,GA,2015,32279,21,small
13073,GA,2015,109900,949,large
13075,GA,2015,11233,7,small
13077,GA,2015,109006,509,large
13079,GA,2015,8460,13,tiny
13081,GA,2015,14540,36,small
13083,GA,2015,10430,8,small
13085,GA,2015,16243,138,small
13087,GA,2015,19694,18,small
13089,GA,2015,514366,-842,very large
13091,GA,2015,12928,-53,small
13093,GA,2015,6912,-8,tiny
13095,GA,2015,61682,-298,medium
13097,GA,2015,100248,647,large
13099,GA,2015,7465,48,tiny
13101,GA,2015,2527,-29,tiny
13103,GA,2015,43263,547,small
13105,GA,2015,14769,-61,small
13107,GA,2015,16150,-4,small
13109,GA,2015,7476,12,tiny
13111,GA,2015,16543,121,small
13113,GA,2015,90331,732,medium
13115,GA,2015,71492,19,medium
13117,GA,2015,175041,4372,large
13119,GA,2015,15348,48,small
13121,GA,2015,677427,1357,very large
13123,GA,2015,20561,98,small
13125,GA,2015,1939,0,tiny
13127,GA,2015,59138,50,medium
13129,GA,2015,42352,128,small
13131,GA,2015,18412,-103,small
13133,GA,2015,12384,56,small
13135,GA,2015,700973,6343,very large
13137,GA,2015,31521,16,small
13139,GA,2015,155269,1040,large
13141,GA,2015,5121,-4,tiny
13143,GA,2015,19870,65,small
13145,GA,2015,24451,353,small
13147,GA,2015,17895,45,small
13149,GA,2015,7315,34,tiny
13151,GA,2015,163062,2764,large
13153,GA,2015,117888,515,large
13155,GA,2015,6117,15,tiny
13157,GA,2015,48653,428,small
13159,GA,2015,9838,65,tiny
13161,GA,2015,10537,33,small
13163,GA,2015,12390,-35,small
13165,GA,2015,5261,-5,tiny
13167,GA,2015,5306,-17,tiny
13169,GA,2015,20962,82,small
13171,GA,2015,11902,72,small
13173,GA,2015,5732,44,tiny
13175,GA,2015,35674,-90,small
13177,GA,2015,23910,226,small
13179,GA,2015,42080,-194,small
13181,GA,2015,5448,15,tiny
13183,GA,2015,9208,208,tiny
13185,GA,2015,74520,-121,medium
13187,GA,2015,18990,50,small
13189,GA,2015,16191,-23,small
13191,GA,2015,7633,30,tiny
13193,GA,2015,7890,-49,tiny
13195,GA,2015,20757,83,small
13197,GA,2015,5010,9,tiny
13199,GA,2015,14615,-134,small
13201,GA,2015,3951,6,tiny
13205,GA,2015,14926,14,small
13207,GA,2015,19233,169,small
13209,GA,2015,5336,34,tiny
13211,GA,2015,14165,20,small
13213,GA,2015,28126,-30,small
13215,GA,2015,139973,-1002,large
13217,GA,2015,76295,756,medium
13219,GA,2015,30100,399,small
13221,GA,2015,9979,3,tiny
13223,GA,2015,113310,1149,large
13225,GA,2015,18300,-6,small
13227,GA,2015,23340,196,small
13229,GA,2015,13637,36,small
13231,GA,2015,13547,27,small
13233,GA,2015,30039,62,small
13235,GA,2015,6125,-27,tiny
13237,GA,2015,15113,94,small
13239,GA,2015,1373,11,tiny
13241,GA,2015,11954,-1,small
13243,GA,2015,4625,26,tiny
13245,GA,2015,133331,-366,large
13247,GA,2015,62274,478,medium
13249,GA,2015,3328,-8,tiny
13251,GA,2015,9599,-24,tiny
13253,GA,2015,5989,-26,tiny
13255,GA,2015,44798,360,small
13257,GA,2015,17710,32,small
13259,GA,2015,2711,-27,tiny
13261,GA,2015,21650,-94,small
13263,GA,2015,4242,-23,tiny
13265,GA,2015,1032,0,tiny
13267,GA,2015,14221,42,small
13269,GA,2015,5690,-5,tiny
13271,GA,2015,6976,-20,tiny
13273,GA,2015,6859,-54,tiny
13275,GA,2015,32749,-26,small
13277,GA,2015,30066,6,small
13279,GA,2015,19660,-34,small
13281,GA,2015,7613,-4,tiny
13283,GA,2015,4292,1,tiny
13285,GA,2015,51319,31,medium
13287,GA,2015,6145,-31,tiny
13289,GA,2015,5854,-7,tiny
13291,GA,2015,15759,45,small
13293,GA,2015,18525,21,small
13295,GA,2015,43942,47,small
13297,GA,2015,66199,583,medium
13299,GA,2015,23609,-36,small
13301,GA,2015,3818,-9,tiny
13303,GA,2015,14381,-32,small
13305,GA,2015,19725,-15,small
13307,GA,2015,1647,0,tiny
13309,GA,2015,3217,20,tiny
13311,GA,2015,18511,42,small
13313,GA,2015,84230,-21,medium
13315,GA,2015,4872,-22,tiny
13317,GA,2015,7176,-27,tiny
13319,GA,2015,6808,-55,tiny
13321,GA,2015,14693,-13,small
19001,IA,2015,5790,-38,tiny
19003,IA,2015,3136,0,tiny
19005,IA,2015,11874,0,small
19007,IA,2015,9452,-21,tiny
19009,IA,2015,4739,13,tiny
19011,IA,2015,21422,50,small
19013,IA,2015,98684,-460,medium
19015,IA,2015,21203,75,small
19017,IA,2015,19926,19,small
19019,IA,2015,17075,19,small
19021,IA,2015,17268,-9,small
19023,IA,2015,12488,22,small
19025,IA,2015,7818,8,tiny
19027,IA,2015,18066,24,small
19029,IA,2015,10895,-38,small
19031,IA,2015,15149,43,small
19033,IA,2015,33722,-57,small
19035,IA,2015,9702,17,tiny
19037,IA,2015,10249,0,small
19039,IA,2015,7628,-26,tiny
19041,IA,2015,13703,-10,small
19043,IA,2015,14545,-8,small
19045,IA,2015,38414,-30,small
19047,IA,2015,14755,-14,small
19049,IA,2015,66956,1067,medium
19051,IA,2015,7219,8,tiny
19053,IA,2015,5473,-22,tiny
19055,IA,2015,15039,-34,small
19057,IA,2015,31811,-86,small
19059,IA,2015,14287,10,small
19061,IA,2015,80741,-78,medium
19063,IA,2015,7632,-17,tiny
19065,IA,2015,15376,54,small
19067,IA,2015,12861,-2,small
19069,IA,2015,8461,-38,tiny
19071,IA,2015,5464,32,tiny
19073,IA,2015,7273,15,tiny
19075,IA,2015,10396,15,small
19077,IA,2015,8676,39,tiny
19079,IA,2015,12299,-17,small
19081,IA,2015,9208,-40,tiny
19083,IA,2015,13499,31,small
19085,IA,2015,11580,15,small
19087,IA,2015,15308,6,small
19089,IA,2015,8020,-5,tiny
19091,IA,2015,7981,10,tiny
19093,IA,2015,5830,0,tiny
19095,IA,2015,14022,-24,small
19097,IA,2015,16237,-11,small
19099,IA,2015,28595,0,small
19101,IA,2015,11598,-8,small
19103,IA,2015,99780,-630,medium
19105,IA,2015,15741,-15,small
19107,IA,2015,8082,3,tiny
19109,IA,2015,12898,-17,small
19111,IA,2015,26623,-24,small
19113,IA,2015,178969,161,large
19115,IA,2015,9157,-50,tiny
19117,IA,2015,6842,-11,tiny
19119,IA,2015,10468,-4,small
19121,IA,2015,12942,67,small
19123,IA,2015,17278,-14,small
19125,IA,2015,27040,-7,small
19127,IA,2015,32675,-193,small
19129,IA,2015,11787,65,small
19131,IA,2015,8767,3,tiny
19133,IA,2015,6851,-2,tiny
19135,IA,2015,5945,-9,tiny
19137,IA,2015,8064,26,tiny
19139,IA,2015,35753,-17,small
19141,IA,2015,11838,-1,small
19143,IA,2015,5498,-20,tiny
19145,IA,2015,11046,12,small
19147,IA,2015,7198,4,tiny
19149,IA,2015,21879,20,small
19151,IA,2015,5836,0,tiny
19153,IA,2015,378952,409,large
19155,IA,2015,71523,-2,medium
19157,IA,2015,13653,25,small
19159,IA,2015,3734,0,tiny
19161,IA,2015,8377,-1,tiny
19163,IA,2015,137695,95,large
19165,IA,2015,9954,-24,tiny
19167,IA,2015,30079,-40,small
19169,IA,2015,57461,-422,medium
19171,IA,2015,14325,-44,small
19173,IA,2015,4906,-12,tiny
19175,IA,2015,9397,15,tiny
19177,IA,2015,5696,3,tiny
19179,IA,2015,26640,-78,small
19181,IA,2015,39793,385,small
19183,IA,2015,18705,40,small
19185,IA,2015,5070,0,tiny
19187,IA,2015,27434,-108,small
19189,IA,2015,8544,-15,tiny
19191,IA,2015,16240,-3,small
19193,IA,2015,81005,-204,medium
19195,IA,2015,6110,17,tiny
19197,IA,2015,10468,20,small
23001,ME,2015,77989,96,medium
23003,ME,2015,50777,-148,medium
23005,ME,2015,228817,370,large
23007,ME,2015,20539,12,small
23009,ME,2015,41155,7,small
23011,ME,2015,91476,215,medium
23013,ME,2015,30479,-67,small
23015,ME,2015,26449,94,small
23017,ME,2015,40441,144,small
23019,ME,2015,107767,-251,large
23021,ME,2015,11638,-53,small
23023,ME,2015,27752,4,small
23025,ME,2015,35741,-11,small
23027,ME,2015,28457,-15,small
23029,ME,2015,22345,27,small
23031,ME,2015,160108,842,large
26001,MI,2015,7437,67,tiny
26003,MI,2015,6454,3,tiny
26005,MI,2015,94406,303,medium
26007,MI,2015,22471,33,small
26009,MI,2015,17784,56,small
26011,MI,2015,11446,-7,small
26013,MI,2015,5787,-17,tiny
26015,MI,2015,47601,171,small
26017,MI,2015,85215,-164,medium
26019,MI,2015,13793,49,small
26021,MI,2015,120850,8,large
26023,MI,2015,32682,-5,small
26025,MI,2015,100436,-179,large
26027,MI,2015,38397,70,small
26029,MI,2015,21271,30,small
26031,MI,2015,19414,54,small
26033,MI,2015,25544,-40,small
26035,MI,2015,21151,-3,small
26037,MI,2015,61994,180,medium
26039,MI,2015,9434,22,tiny
26041,MI,2015,29211,6,small
26043,MI,2015,21109,-7,small
26045,MI,2015,84804,145,medium
26047,MI,2015,27094,89,small
26049,MI,2015,312127,-346,large
26051,MI,2015,18523,39,small
26053,MI,2015,10384,-5,small
26055,MI,2015,73935,296,medium
26057,MI,2015,29035,-65,small
26059,MI,2015,34260,13,small
26061,MI,2015,24476,4,small
26063,MI,2015,26926,-4,small
26065,MI,2015,189093,-550,large
26067,MI,2015,47467,64,small
26069,MI,2015,18493,22,small
26071,MI,2015,8642,-23,tiny
26073,MI,2015,41477,-119,small
26075,MI,2015,117556,35,large
26077,MI,2015,192458,-180,large
26079,MI,2015,12823,13,small
26081,MI,2015,516371,-302,very large
26083,MI,2015,1646,2,tiny
26085,MI,2015,7027,11,tiny
26087,MI,2015,71996,174,medium
26089,MI,2015,18134,32,small
26091,MI,2015,76648,259,medium
26093,MI,2015,157982,1318,large
26095,MI,2015,4029,0,tiny
26097,MI,2015,8606,-24,tiny
26099,MI,2015,706903,1330,very large
26101,MI,2015,17776,-11,small
26103,MI,2015,49044,-60,small
26105,MI,2015,22771,1,small
26107,MI,2015,27278,-27,small
26109,MI,2015,17888,-26,small
26111,MI,2015,67852,-49,medium
26113,MI,2015,11580,19,small
26115,MI,2015,122644,201,large
26117,MI,2015,46264,38,small
26119,MI,2015,6602,-19,tiny
26121,MI,2015,130189,158,large
26123,MI,2015,36409,62,small
26125,MI,2015,1011202,-539,enormous
26127,MI,2015,20777,-17,small
26129,MI,2015,15172,85,small
26131,MI,2015,4285,0,tiny
26133,MI,2015,17045,9,small
26135,MI,2015,5804,1,tiny
26137,MI,2015,19622,64,small
26139,MI,2015,230862,427,large
26141,MI,2015,10180,-2,small
26143,MI,2015,16506,65,small
26145,MI,2015,147281,-347,large
26147,MI,2015,128295,261,large
26149,MI,2015,48691,-80,small
26151,MI,2015,32670,44,small
26153,MI,2015,6142,-17,tiny
26155,MI,2015,54778,110,medium
26157,MI,2015,43193,-64,small
26159,MI,2015,59049,84,medium
26161,MI,2015,252982,-1186,large
26163,MI,2015,1289324,-3823,enormous
26165,MI,2015,24898,51,small
27001,MN,2015,11384,50,small
27003,MN,2015,287333,1229,large
27005,MN,2015,26684,29,small
27007,MN,2015,33215,-50,small
27009,MN,2015,30910,-2,small
27011,MN,2015,4097,0,tiny
27013,MN,2015,45806,-221,small
27015,MN,2015,21827,-76,small
27017,MN,2015,26982,52,small
27019,MN,2015,86192,884,medium
27021,MN,2015,22500,77,small
27023,MN,2015,10257,-42,small
27025,MN,2015,44211,317,small
27027,MN,2015,46378,161,small
27029,MN,2015,6669,16,tiny
27031,MN,2015,4295,17,tiny
27033,MN,2015,9749,-2,tiny
27035,MN,2015,49959,173,small
27037,MN,2015,356762,801,large
27039,MN,2015,17661,86,small
27041,MN,2015,31085,86,small
27043,MN,2015,11620,-18,small
27045,MN,2015,17227,2,small
27047,MN,2015,25430,-23,small
27049,MN,2015,38922,19,small
27051,MN,2015,4943,18,tiny
27053,MN,2015,985731,-2532,very large
27055,MN,2015,16134,55,small
27057,MN,2015,15521,46,small
27059,MN,2015,30433,216,small
27061,MN,2015,35046,98,small
27063,MN,2015,8723,7,tiny
27065,MN,2015,11792,10,small
27067,MN,2015,36740,-213,small
27069,MN,2015,3711,0,tiny
27071,MN,2015,9619,-19,tiny
27073,MN,2015,5816,1,tiny
27075,MN,2015,8350,4,tiny
27077,MN,2015,3083,-15,tiny
27079,MN,2015,23519,30,small
27081,MN,2015,4699,4,tiny
27083,MN,2015,20920,-111,small
27085,MN,2015,30702,4,small
27087,MN,2015,3933,21,tiny
27089,MN,2015,7949,15,tiny
27091,MN,2015,17183,15,small
27093,MN,2015,19197,18,small
27095,MN,2015,19625,72,small
27097,MN,2015,27232,31,small
27099,MN,2015,32348,-19,small
27101,MN,2015,7192,19,tiny
27103,MN,2015,25759,-72,small
27105,MN,2015,19098,-46,small
27107,MN,2015,5440,12,tiny
27109,MN,2015,129923,-114,large
27111,MN,2015,47781,87,small
27113,MN,2015,11442,-18,small
27115,MN,2015,20325,79,small
27117,MN,2015,7896,-29,tiny
27119,MN,2015,24864,-39,small
27121,MN,2015,9259,7,tiny
27123,MN,2015,409098,-1717,large
27125,MN,2015,3315,0,tiny
27127,MN,2015,12776,-25,small
27129,MN,2015,12700,-18,small
27131,MN,2015,50176,-80,medium
27133,MN,2015,8005,-4,tiny
27135,MN,2015,13550,0,small
27137,MN,2015,147565,-261,large
27139,MN,2015,121635,614,large
27141,MN,2015,74924,539,medium
27143,MN,2015,12664,50,small
27145,MN,2015,121272,-467,large
27147,MN,2015,31685,-66,small
27149,MN,2015,7886,-17,tiny
27151,MN,2015,7797,19,tiny
27153,MN,2015,19111,-8,small
27155,MN,2015,2740,0,tiny
27157,MN,2015,18329,29,small
27159,MN,2015,10493,-11,small
27161,MN,2015,15268,8,small
27163,MN,2015,214206,1003,large
27165,MN,2015,9176,-37,tiny
27167,MN,2015,5407,-8,tiny
27169,MN,2015,36347,-62,small
27171,MN,2015,112145,634,large
27173,MN,2015,8232,32,tiny
31001,NE,2015,24682,-41,small
31003,NE,2015,5358,-3,tiny
31005,NE,2015,373,0,tiny
31007,NE,2015,496,0,tiny
31009,NE,2015,397,0,tiny
31011,NE,2015,4740,0,tiny
31013,NE,2015,9370,-30,tiny
31015,NE,2015,1599,0,tiny
31017,NE,2015,2342,0,tiny
31019,NE,2015,37843,-57,small
31021,NE,2015,5452,5,tiny
31023,NE,2015,6977,5,tiny
31025,NE,2015,21181,156,small
31027,NE,2015,7421,7,tiny
31029,NE,2015,3319,0,tiny
31031,NE,2015,4770,0,tiny
31033,NE,2015,8329,0,tiny
31035,NE,2015,5167,-10,tiny
31037,NE,2015,9731,-73,tiny
31039,NE,2015,8021,-26,tiny
31041,NE,2015,9040,-12,tiny
31043,NE,2015,18172,-112,small
31045,NE,2015,5812,-10,tiny
31047,NE,2015,20874,-73,small
31049,NE,2015,1418,0,tiny
31051,NE,2015,5051,26,tiny
31053,NE,2015,29742,-59,small
31055,NE,2015,446985,-969,large
31057,NE,2015,1378,0,tiny
31059,NE,2015,4777,-12,tiny
31061,NE,2015,2451,0,tiny
31063,NE,2015,1963,0,tiny
31065,NE,2015,3907,0,tiny
31067,NE,2015,17546,15,small
31069,NE,2015,1478,0,tiny
31071,NE,2015,1408,0,tiny
31073,NE,2015,1593,18,tiny
31075,NE,2015,601,0,tiny
31077,NE,2015,2012,0,tiny
31079,NE,2015,50947,-150,medium
31081,NE,2015,8086,-17,tiny
31083,NE,2015,2719,0,tiny
31085,NE,2015,751,0,tiny
31087,NE,2015,2218,-1,tiny
31089,NE,2015,9016,0,tiny
31091,NE,2015,625,0,tiny
31093,NE,2015,5394,2,tiny
31095,NE,2015,5799,7,tiny
31097,NE,2015,3588,0,tiny
31099,NE,2015,5369,6,tiny
31101,NE,2015,6497,-4,tiny
31103,NE,2015,658,0,tiny
31105,NE,2015,2760,0,tiny
31107,NE,2015,6971,11,tiny
31109,NE,2015,236762,-500,large
31111,NE,2015,28459,-53,small
31113,NE,2015,672,0,tiny
31115,NE,2015,452,0,tiny
31117,NE,2015,377,0,tiny
31119,NE,2015,28878,-78,small
31121,NE,2015,6304,17,tiny
31123,NE,2015,3705,5,tiny
31125,NE,2015,2841,0,tiny
31127,NE,2015,5212,16,tiny
31129,NE,2015,3538,0,tiny
31131,NE,2015,13022,6,small
31133,NE,2015,2167,0,tiny
31135,NE,2015,2478,0,tiny
31137,NE,2015,7816,4,tiny
31139,NE,2015,6252,-4,tiny
31141,NE,2015,29352,0,small
31143,NE,2015,4388,15,tiny
31145,NE,2015,8582,-16,tiny
31147,NE,2015,6360,-19,tiny
31149,NE,2015,1109,0,tiny
31151,NE,2015,11558,-36,small
31153,NE,2015,146285,674,large
31155,NE,2015,17569,62,small
31157,NE,2015,28089,6,small
31159,NE,2015,13768,23,small
31161,NE,2015,4026,0,tiny
31163,NE,2015,2454,-9,tiny
31165,NE,2015,931,0,tiny
31167,NE,2015,4881,2,tiny
31169,NE,2015,4330,0,tiny
31171,NE,2015,553,0,tiny
31173,NE,2015,5303,23,tiny
31175,NE,2015,3473,0,tiny
31177,NE,2015,17002,130,small
31179,NE,2015,6592,-33,tiny
31181,NE,2015,2716,0,tiny
31183,NE,2015,651,0,tiny
31185,NE,2015,11360,-21,small
32001,NV,2015,17718,35,small
32003,NV,2015,1629526,14631,enormous
32005,NV,2015,38972,419,small
32007,NV,2015,41888,-39,small
32009,NV,2015,590,0,tiny
32011,NV,2015,1286,0,tiny
32013,NV,2015,13897,-34,small
32015,NV,2015,4591,-14,tiny
32017,NV,2015,3225,7,tiny
32019,NV,2015,40095,416,small
32021,NV,2015,2817,-17,tiny
32023,NV,2015,27552,272,small
32027,NV,2015,3516,0,tiny
32029,NV,2015,2642,33,tiny
32031,NV,2015,345476,2355,large
32033,NV,2015,6481,-30,tiny
32510,NV,2015,40339,147,small
33001,NH,2015,49578,382,small
33003,NH,2015,37962,245,small
33005,NH,2015,57450,152,medium
33007,NH,2015,22778,-8,small
33009,NH,2015,65196,-36,medium
33011,NH,2015,332078,474,large
33013,NH,2015,115751,292,large
33015,NH,2015,257664,1306,large
33017,NH,2015,93743,247,medium
33019,NH,2015,33026,91,small
37001,NC,2015,117855,600,large
37003,NC,2015,26488,2,small
37005,NC,2015,7662,0,tiny
37007,NC,2015,15991,-16,small
37009,NC,2015,18705,34,small
37011,NC,2015,11339,10,small
37013,NC,2015,34577,-18,small
37015,NC,2015,13166,-55,small
37017,NC,2015,21888,-94,small
37019,NC,2015,85932,956,medium
37021,NC,2015,187538,729,large
37023,NC,2015,63261,20,medium
37025,NC,2015,154815,1665,large
37027,NC,2015,57922,-37,medium
37029,NC,2015,7699,63,tiny
37031,NC,2015,50196,65,medium
37033,NC,2015,15441,-43,small
37035,NC,2015,120816,-72,large
37037,NC,2015,54755,664,medium
37039,NC,2015,18150,-2,small
37041,NC,2015,10453,20,small
37043,NC,2015,7073,3,tiny
37045,NC,2015,70843,7,medium
37047,NC,2015,36687,-16,small
37049,NC,2015,74685,-236,medium
37051,NC,2015,227487,-1129,large
37053,NC,2015,18656,205,small
37055,NC,2015,28533,-28,small
37057,NC,2015,124867,229,large
37059,NC,2015,32606,104,small
37061,NC,2015,40645,-31,small
37063,NC,2015,215741,8,large
37065,NC,2015,36849,-164,small
37067,NC,2015,276627,386,large
37069,NC,2015,44383,480,small
37071,NC,2015,157827,1097,large
37073,NC,2015,7793,15,tiny
37075,NC,2015,5993,0,tiny
37077,NC,2015,41674,313,small
37079,NC,2015,13420,-20,small
37081,NC,2015,383336,-415,large
37083,NC,2015,35978,-122,small
37085,NC,2015,87593,866,medium
37087,NC,2015,43242,64,small
37089,NC,2015,84104,631,medium
37091,NC,2015,14055,3,small
37093,NC,2015,34594,252,small
37095,NC,2015,3504,18,tiny
37097,NC,2015,132601,408,large
37099,NC,2015,23451,-62,small
37101,NC,2015,141918,1694,large
37103,NC,2015,6796,-5,tiny
37105,NC,2015,44234,-617,small
37107,NC,2015,41915,-315,small
37109,NC,2015,60889,424,medium
37111,NC,2015,31840,44,small
37113,NC,2015,24596,-17,small
37115,NC,2015,14038,106,small
37117,NC,2015,17317,17,small
37119,NC,2015,776547,4558,very large
37121,NC,2015,10517,-27,small
37123,NC,2015,19874,-128,small
37125,NC,2015,71419,359,medium
37127,NC,2015,71698,197,medium
37129,NC,2015,149574,197,large
37131,NC,2015,12925,-87,small
37133,NC,2015,127641,-1225,large
37135,NC,2015,96263,-370,medium
37137,NC,2015,8661,-10,tiny
37139,NC,2015,28142,35,small
37141,NC,2015,39612,338,small
37143,NC,2015,9445,-1,tiny
37145,NC,2015,29075,65,small
37147,NC,2015,115826,-236,large
37149,NC,2015,14018,-40,small
37151,NC,2015,109870,88,large
37153,NC,2015,31470,-80,small
37155,NC,2015,88763,-423,medium
37157,NC,2015,67693,-24,medium
37159,NC,2015,103682,247,large
37161,NC,2015,43989,-53,small
37163,NC,2015,49192,-103,small
37165,NC,2015,23240,-59,small
37167,NC,2015,44805,129,small
37169,NC,2015,33781,-4,small
37171,NC,2015,53645,-67,medium
37173,NC,2015,12094,-17,small
37175,NC,2015,22547,5,small
37177,NC,2015,2744,-23,tiny
37179,NC,2015,179665,1434,large
37181,NC,2015,31640,25,small
37183,NC,2015,809066,6824,very large
37185,NC,2015,12493,-30,small
37187,NC,2015,8519,-39,tiny
37189,NC,2015,28259,-95,small
37191,NC,2015,89002,-19,medium
37193,NC,2015,48522,69,small
37195,NC,2015,61345,-9,medium
37197,NC,2015,28371,30,small
37199,NC,2015,12449,25,small
39001,OH,2015,19621,26,small
39003,OH,2015,78730,-125,medium
39005,OH,2015,40454,22,small
39007,OH,2015,73884,29,medium
39009,OH,2015,33335,-76,small
39011,OH,2015,38974,-15,small
39013,OH,2015,50451,-55,medium
39015,OH,2015,32170,16,small
39017,OH,2015,288308,498,large
39019,OH,2015,21382,-18,small
39021,OH,2015,30273,35,small
39023,OH,2015,104851,-146,large
39025,OH,2015,160049,527,large
39027,OH,2015,31779,6,small
39029,OH,2015,79025,-176,medium
39031,OH,2015,27843,26,small
39033,OH,2015,32804,-49,small
39035,OH,2015,954961,-3784,very large
39037,OH,2015,42838,-77,small
39039,OH,2015,31503,-59,small
39041,OH,2015,163089,1986,large
39043,OH,2015,60593,0,medium
39045,OH,2015,117684,930,large
39047,OH,2015,21482,43,small
39049,OH,2015,959444,-1402,very large
39051,OH,2015,35696,23,small
39053,OH,2015,21171,-27,small
39055,OH,2015,80847,323,medium
39057,OH,2015,120817,-184,large
39059,OH,2015,29831,-23,small
39061,OH,2015,624537,-1543,very large
39063,OH,2015,60446,-33,medium
39065,OH,2015,21941,7,small
39067,OH,2015,11012,-25,small
39069,OH,2015,23557,3,small
39071,OH,2015,31300,-1,small
39073,OH,2015,20648,16,small
39075,OH,2015,34543,-72,small
39077,OH,2015,47580,23,small
39079,OH,2015,23595,10,small
39081,OH,2015,49275,5,small
39083,OH,2015,46210,119,small
39085,OH,2015,191676,487,large
39087,OH,2015,44047,9,small
39089,OH,2015,134062,888,large
39091,OH,2015,36287,-56,small
39093,OH,2015,240687,939,large
39095,OH,2015,320056,-894,large
39097,OH,2015,30861,117,small
39099,OH,2015,175855,-289,large
39101,OH,2015,46060,-15,small
39103,OH,2015,150138,748,large
39105,OH,2015,15989,-1,small
39107,OH,2015,36201,8,small
39109,OH,2015,84718,183,medium
39111,OH,2015,10926,-39,small
39113,OH,2015,401107,-849,large
39115,OH,2015,10205,-11,small
39117,OH,2015,26177,119,small
39119,OH,2015,65613,-114,medium
39121,OH,2015,9273,17,tiny
39123,OH,2015,33216,50,small
39125,OH,2015,15364,-23,small
39127,OH,2015,25963,31,small
39129,OH,2015,40936,295,small
39131,OH,2015,19554,-11,small
39133,OH,2015,116067,32,large
39135,OH,2015,32599,45,small
39137,OH,2015,30486,-39,small
39139,OH,2015,92812,-59,medium
39141,OH,2015,54013,3,medium
39143,OH,2015,48056,-35,small
39145,OH,2015,51520,-4,medium
39147,OH,2015,42912,-29,small
39149,OH,2015,40407,-90,small
39151,OH,2015,298425,-265,large
39153,OH,2015,421126,-392,large
39155,OH,2015,158865,5,large
39157,OH,2015,77101,-66,medium
39159,OH,2015,42964,456,small
39161,OH,2015,23468,-10,small
39163,OH,2015,8803,0,tiny
39165,OH,2015,184088,752,large
39167,OH,2015,47462,52,small
39169,OH,2015,94711,-18,medium
39171,OH,2015,30027,-32,small
39173,OH,2015,95532,5,medium
39175,OH,2015,18222,-16,small
4001,AZ,2015,45757,458,small
4003,AZ,2015,89770,-404,medium
4005,AZ,2015,92541,-100,medium
4007,AZ,2015,35885,107,small
4009,AZ,2015,22962,-67,small
4011,AZ,2015,6547,-7,tiny
4012,AZ,2015,10661,-12,small
4013,AZ,2015,3107217,17909,enormous
4015,AZ,2015,125146,875,large
4017,AZ,2015,71748,427,medium
4019,AZ,2015,725380,585,very large
4021,AZ,2015,240658,3336,large
4023,AZ,2015,39633,-203,small
4025,AZ,2015,157648,1511,large
4027,AZ,2015,162972,-256,large
42001,PA,2015,84699,208,medium
42003,PA,2015,969337,-3639,very large
42005,PA,2015,54292,24,medium
42007,PA,2015,138249,93,large
42009,PA,2015,39824,-18,small
42011,PA,2015,339721,117,large
42013,PA,2015,98686,-92,medium
42015,PA,2015,49246,0,small
42017,PA,2015,543951,1980,very large
42019,PA,2015,157384,589,large
42021,PA,2015,106147,-32,large
42023,PA,2015,3799,0,tiny
42025,PA,2015,49145,95,small
42027,PA,2015,95478,-347,medium
42029,PA,2015,435882,518,large
42031,PA,2015,28767,-27,small
42033,PA,2015,61122,-13,medium
42035,PA,2015,28674,6,small
42037,PA,2015,47636,19,small
42039,PA,2015,65658,18,medium
42041,PA,2015,199430,372,large
42043,PA,2015,219247,-372,large
42045,PA,2015,449430,306,large
42047,PA,2015,26692,-31,small
42049,PA,2015,213631,-737,large
42051,PA,2015,101070,-7,large
42053,PA,2015,3366,-15,tiny
42055,PA,2015,130408,210,large
42057,PA,2015,11919,1,small
42059,PA,2015,27059,-70,small
42061,PA,2015,33061,8,small
42063,PA,2015,61562,-58,medium
42065,PA,2015,36097,-2,small
42067,PA,2015,19937,38,small
42069,PA,2015,163105,59,large
42071,PA,2015,457435,28,large
42073,PA,2015,68947,-29,medium
42075,PA,2015,115274,360,large
42077,PA,2015,290206,711,large
42079,PA,2015,246331,302,large
42081,PA,2015,90255,-103,medium
42083,PA,2015,31339,6,small
42085,PA,2015,88384,14,medium
42087,PA,2015,37238,-4,small
42089,PA,2015,122576,880,large
42091,PA,2015,688370,1430,very large
42093,PA,2015,14631,12,small
42095,PA,2015,241978,1064,large
42097,PA,2015,70944,18,medium
42099,PA,2015,38276,15,small
42101,PA,2015,1004010,-6618,enormous
42103,PA,2015,42769,425,small
42105,PA,2015,13129,12,small
42107,PA,2015,110949,107,large
42109,PA,2015,31751,-32,small
42111,PA,2015,58807,-9,medium
42113,PA,2015,4604,-14,tiny
42115,PA,2015,32581,-2,small
42117,PA,2015,31918,22,small
42119,PA,2015,29455,22,small
42121,PA,2015,41436,-31,small
42123,PA,2015,31376,-5,small
42125,PA,2015,169126,522,large
42127,PA,2015,38716,52,small
42129,PA,2015,295793,350,large
42131,PA,2015,21937,13,small
42133,PA,2015,368595,832,large
48001,TX,2015,33085,16,small
48003,TX,2015,14289,-73,small
48005,TX,2015,64989,-171,medium
48007,TX,2015,17267,28,small
48009,TX,2015,6694,16,tiny
48011,TX,2015,1490,0,tiny
48013,TX,2015,35379,118,small
48015,TX,2015,23804,115,small
48017,TX,2015,6112,9,tiny
48019,TX,2015,14619,192,small
48021,TX,2015,58051,1225,medium
48023,TX,2015,2535,0,tiny
48025,TX,2015,18649,-79,small
48027,TX,2015,243125,681,large
48029,TX,2015,1428367,6132,enormous
48031,TX,2015,8223,84,tiny
48033,TX,2015,483,0,tiny
48035,TX,2015,12725,56,small
48037,TX,2015,67679,-30,medium
48039,TX,2015,263590,2181,large
48041,TX,2015,128220,-314,large
48043,TX,2015,6464,77,tiny
48045,TX,2015,1096,0,tiny
48047,TX,2015,5308,-32,tiny
48049,TX,2015,26838,24,small
48051,TX,2015,13416,59,small
48053,TX,2015,33967,405,small
48055,TX,2015,28953,413,small
48057,TX,2015,16343,-7,small
48059,TX,2015,9794,49,tiny
48061,TX,2015,322752,-1041,large
48063,TX,2015,9388,-54,tiny
48065,TX,2015,4465,18,tiny
48067,TX,2015,21729,3,small
48069,TX,2015,5846,-9,tiny
48071,TX,2015,33134,312,small
48073,TX,2015,37555,44,small
48075,TX,2015,4290,0,tiny
48077,TX,2015,7712,7,tiny
48079,TX,2015,2266,-13,tiny
48081,TX,2015,2309,8,tiny
48083,TX,2015,5757,9,tiny
48085,TX,2015,736364,9343,very large
48087,TX,2015,2197,0,tiny
48089,TX,2015,16536,34,small
48091,TX,2015,100298,1899,large
48093,TX,2015,9694,33,tiny
48095,TX,2015,1737,17,tiny
48097,TX,2015,30750,133,small
48099,TX,2015,45757,-232,small
48101,TX,2015,1025,0,tiny
48103,TX,2015,4008,-18,tiny
48105,TX,2015,2953,-1,tiny
48107,TX,2015,4227,7,tiny
48109,TX,2015,1613,0,tiny
48111,TX,2015,6029,-1,tiny
48113,TX,2015,1976692,171,enormous
48115,TX,2015,9114,-9,tiny
48117,TX,2015,16263,-20,small
48119,TX,2015,3447,-10,tiny
48121,TX,2015,604591,8188,very large
48123,TX,2015,14190,21,small
48125,TX,2015,1325,0,tiny
48127,TX,2015,7695,-26,tiny
48129,TX,2015,2343,5,tiny
48131,TX,2015,8299,-5,tiny
48133,TX,2015,12238,6,small
48135,TX,2015,123087,-1211,large
48137,TX,2015,1312,0,tiny
48139,TX,2015,131542,1779,large
48141,TX,2015,665650,-2406,very large
48143,TX,2015,25722,-43,small
48145,TX,2015,10984,24,small
48147,TX,2015,22637,154,small
48149,TX,2015,19634,45,small
48151,TX,2015,2633,-15,tiny
48153,TX,2015,4468,-6,tiny
48155,TX,2015,814,0,tiny
48157,TX,2015,575161,9007,very large
48159,TX,2015,7113,28,tiny
48161,TX,2015,13935,-10,small
48163,TX,2015,11239,10,small
48165,TX,2015,16150,9,small
48167,TX,2015,244274,2238,large
48169,TX,2015,3250,0,tiny
48171,TX,2015,21121,129,small
48173,TX,2015,1115,0,tiny
48175,TX,2015,5487,6,tiny
48177,TX,2015,15587,35,small
48179,TX,2015,16727,-49,small
48181,TX,2015,93820,711,medium
48183,TX,2015,96535,-375,medium
48185,TX,2015,18980,135,small
48187,TX,2015,117392,1354,large
48189,TX,2015,24771,-27,small
48191,TX,2015,2126,0,tiny
48193,TX,2015,5758,-6,tiny
48195,TX,2015,4682,0,tiny
48197,TX,2015,2782,5,tiny
48199,TX,2015,42718,196,small
48201,TX,2015,3506373,-2212,enormous
48203,TX,2015,50738,5,medium
48205,TX,2015,3285,0,tiny
48207,TX,2015,3566,-4,tiny
48209,TX,2015,134611,3340,large
48211,TX,2015,3580,0,tiny
48213,TX,2015,54341,260,medium
48215,TX,2015,625499,-426,very large
48217,TX,2015,25212,60,small
48219,TX,2015,16901,-36,small
48221,TX,2015,40957,337,small
48223,TX,2015,27299,21,small
48225,TX,2015,13893,19,small
48227,TX,2015,22686,-127,small
48229,TX,2015,2598,533,tiny
48231,TX,2015,63711,762,medium
48233,TX,2015,16488,-21,small
48235,TX,2015,1175,2,tiny
48237,TX,2015,5775,-1,tiny
48239,TX,2015,12054,12,small
48241,TX,2015,25166,35,small
48243,TX,2015,1537,0,tiny
48245,TX,2015,185926,-388,large
48247,TX,2015,3854,0,tiny
48249,TX,2015,31474,-115,small
48251,TX,2015,124465,1238,large
48253,TX,2015,11079,-4,small
48255,TX,2015,9756,-14,tiny
48257,TX,2015,90815,1682,medium
48259,TX,2015,33529,589,small
48261,TX,2015,240,0,tiny
48263,TX,2015,529,0,tiny
48265,TX,2015,38041,66,small
48267,TX,2015,3251,0,tiny
48269,TX,2015,217,0,tiny
48271,TX,2015,2278,0,tiny
48273,TX,2015,21614,-74,small
48275,TX,2015,2678,0,tiny
48277,TX,2015,36743,14,small
48279,TX,2015,9806,-5,tiny
48281,TX,2015,15182,77,small
48283,TX,2015,4414,0,tiny
48285,TX,2015,15919,72,small
48287,TX,2015,13433,57,small
48289,TX,2015,13235,57,small
48291,TX,2015,55783,801,medium
48293,TX,2015,16165,-4,small
48295,TX,2015,2796,0,tiny
48297,TX,2015,7996,21,tiny
48299,TX,2015,12677,159,small
48301,TX,2015,47,0,tiny
48303,TX,2015,208205,-191,large
48305,TX,2015,4382,-5,tiny
48307,TX,2015,6128,-3,tiny
48309,TX,2015,180157,156,large
48311,TX,2015,733,0,tiny
48313,TX,2015,8834,32,tiny
48315,TX,2015,6317,8,tiny
48317,TX,2015,4087,4,tiny
48319,TX,2015,3095,0,tiny
48321,TX,2015,28898,-29,small
48323,TX,2015,53431,-251,medium
48325,TX,2015,33837,321,small
48327,TX,2015,1463,0,tiny
48329,TX,2015,126652,-186,large
48331,TX,2015,18029,139,small
48333,TX,2015,3534,-5,tiny
48335,TX,2015,5023,-2,tiny
48337,TX,2015,14413,62,small
48339,TX,2015,413777,6958,large
48341,TX,2015,18517,-24,small
48343,TX,2015,9095,45,tiny
48345,TX,2015,812,0,tiny
48347,TX,2015,42808,-86,small
48349,TX,2015,37013,-36,small
48351,TX,2015,8603,29,tiny
48353,TX,2015,11109,-2,small
48355,TX,2015,259313,-764,large
48357,TX,2015,9132,-10,tiny
48359,TX,2015,1557,-1,tiny
48361,TX,2015,64487,96,medium
48363,TX,2015,19913,91,small
48365,TX,2015,18190,-29,small
48367,TX,2015,98982,1098,medium
48369,TX,2015,8418,-23,tiny
48371,TX,2015,10941,-28,small
48373,TX,2015,35781,341,small
48375,TX,2015,85636,-369,medium
48377,TX,2015,7394,-24,tiny
48379,TX,2015,7155,37,tiny
48381,TX,2015,98792,121,medium
48383,TX,2015,3106,-19,tiny
48385,TX,2015,2437,0,tiny
48387,TX,2015,8755,0,tiny
48389,TX,2015,8750,4,tiny
48391,TX,2015,5777,1,tiny
48393,TX,2015,718,0,tiny
48395,TX,2015,12579,25,small
48397,TX,2015,72052,1193,medium
48399,TX,2015,7887,-10,tiny
48401,TX,2015,37694,21,small
48403,TX,2015,7022,6,tiny
48405,TX,2015,5606,-2,tiny
48407,TX,2015,16875,230,small
48409,TX,2015,54102,-137,medium
48411,TX,2015,4193,0,tiny
48413,TX,2015,2231,-16,tiny
48415,TX,2015,12957,-18,small
48417,TX,2015,2472,-12,tiny
48419,TX,2015,19218,29,small
48421,TX,2015,2180,0,tiny
48423,TX,2015,168618,88,large
48425,TX,2015,6401,40,tiny
48427,TX,2015,52269,-262,medium
48429,TX,2015,6217,-8,tiny
48431,TX,2015,1033,0,tiny
48433,TX,2015,1044,0,tiny
48435,TX,2015,3224,-2,tiny
48437,TX,2015,5163,-9,tiny
48439,TX,2015,1571820,9012,enormous
48441,TX,2015,100271,-271,large
48443,TX,2015,582,0,tiny
48445,TX,2015,8806,-4,tiny
48447,TX,2015,1113,0,tiny
48449,TX,2015,26026,-69,small
48451,TX,2015,85377,-344,medium
48453,TX,2015,853810,-25096,very large
48455,TX,2015,9246,10,tiny
48457,TX,2015,13101,38,small
48459,TX,2015,28145,151,small
48461,TX,2015,2743,0,tiny
48463,TX,2015,21158,-66,small
48465,TX,2015,40068,-50,small
48467,TX,2015,38158,310,small
48469,TX,2015,71928,-95,medium
48471,TX,2015,36095,-44,small
48473,TX,2015,32233,568,small
48475,TX,2015,8831,-40,tiny
48477,TX,2015,26519,38,small
48479,TX,2015,224095,-767,large
48481,TX,2015,34316,90,small
48483,TX,2015,4491,0,tiny
48485,TX,2015,88726,-316,medium
48487,TX,2015,9488,-23,tiny
48489,TX,2015,14246,-48,small
48491,TX,2015,398270,7895,large
48493,TX,2015,35990,255,small
48495,TX,2015,6153,-13,tiny
48497,TX,2015,47977,593,small
48499,TX,2015,30264,176,small
48501,TX,2015,7456,-27,tiny
48503,TX,2015,14076,2,small
48505,TX,2015,10797,-54,small
48507,TX,2015,8678,-31,tiny
55001,WI,2015,13604,123,small
55003,WI,2015,11991,-36,small
55005,WI,2015,37213,-124,small
55007,WI,2015,12204,33,small
55009,WI,2015,219700,118,large
55011,WI,2015,11215,-50,small
55013,WI,2015,12208,89,small
55015,WI,2015,42825,-4,small
55017,WI,2015,51706,-19,medium
55019,WI,2015,28925,-20,small
55021,WI,2015,47853,228,small
55023,WI,2015,12695,-30,small
55025,WI,2015,423687,-315,large
55027,WI,2015,69892,-40,medium
55029,WI,2015,24424,84,small
55031,WI,2015,32769,-18,small
55033,WI,2015,31333,-21,small
55035,WI,2015,76497,-105,medium
55037,WI,2015,3478,-2,tiny
55039,WI,2015,84414,50,medium
55041,WI,2015,7102,-16,tiny
55043,WI,2015,38703,-62,small
55045,WI,2015,31873,95,small
55047,WI,2015,15336,-29,small
55049,WI,2015,19945,12,small
55051,WI,2015,4538,5,tiny
55053,WI,2015,15330,-23,small
55055,WI,2015,68239,217,medium
55057,WI,2015,19496,21,small
55059,WI,2015,133384,371,large
55061,WI,2015,17495,18,small
55063,WI,2015,89813,-280,medium
55065,WI,2015,14894,-11,small
55067,WI,2015,15504,15,small
55069,WI,2015,23008,-15,small
55071,WI,2015,67320,-34,medium
55073,WI,2015,115519,-97,large
55075,WI,2015,32418,8,small
55077,WI,2015,12035,30,small
55078,WI,2015,3149,-17,tiny
55079,WI,2015,724647,-4733,very large
55081,WI,2015,36751,-25,small
55083,WI,2015,31080,24,small
55085,WI,2015,29975,56,small
55087,WI,2015,155606,169,large
55089,WI,2015,77079,466,medium
55091,WI,2015,5986,-1,tiny
55093,WI,2015,31125,65,small
55095,WI,2015,35633,137,small
55097,WI,2015,54824,-78,medium
55099,WI,2015,11280,12,small
55101,WI,2015,159622,481,large
55103,WI,2015,13425,-31,small
55105,WI,2015,132186,295,large
55107,WI,2015,10966,-4,small
55109,WI,2015,74487,125,medium
55111,WI,2015,53640,74,medium
55113,WI,2015,12997,30,small
55115,WI,2015,32791,79,small
55117,WI,2015,99151,89,medium
55119,WI,2015,16294,-24,small
55121,WI,2015,27163,30,small
55123,WI,2015,23962,80,small
55125,WI,2015,17084,70,small
55127,WI,2015,80842,236,medium
55129,WI,2015,13076,17,small
55131,WI,2015,116748,533,large
55133,WI,2015,346966,2271,large
55135,WI,2015,41945,14,small
55137,WI,2015,18408,118,small
55139,WI,2015,132043,-67,large
55141,WI,2015,61634,-23,medium
12001,FL,2016,160947,-1422,large
12003,FL,2016,18159,78,small
12005,FL,2016,129224,-174,large
12007,FL,2016,15950,113,small
12009,FL,2016,419904,7816,large
12011,FL,2016,1374443,2505,enormous
12013,FL,2016,8038,-39,tiny
12015,FL,2016,113923,1872,large
12017,FL,2016,94868,1232,medium
12019,FL,2016,152795,2445,large
12021,FL,2016,270590,2844,large
12023,FL,2016,43100,285,small
12027,FL,2016,20367,205,small
12029,FL,2016,8191,23,tiny
12031,FL,2016,663594,2960,very large
12033,FL,2016,211173,-491,large
12035,FL,2016,75213,1054,medium
12037,FL,2016,6752,-28,tiny
12039,FL,2016,32050,-14,small
12041,FL,2016,10739,76,small
12043,FL,2016,5760,37,tiny
12045,FL,2016,8550,-17,tiny
12047,FL,2016,7750,-49,tiny
12049,FL,2016,18350,-10,small
12051,FL,2016,27457,127,small
12053,FL,2016,119716,2488,large
12055,FL,2016,64943,605,medium
12057,FL,2016,976177,8455,very large
12059,FL,2016,10935,18,small
12061,FL,2016,108361,1747,large
12063,FL,2016,29690,55,small
12065,FL,2016,9079,74,tiny
12067,FL,2016,4329,4,tiny
12069,FL,2016,237125,7022,large
12071,FL,2016,499923,7869,large
12073,FL,2016,179197,-1171,large
12075,FL,2016,26102,344,small
12077,FL,2016,4457,27,tiny
12079,FL,2016,11610,-19,small
12081,FL,2016,259913,5367,large
12083,FL,2016,239652,3660,large
12085,FL,2016,109592,1240,large
12086,FL,2016,1932186,-25786,enormous
12087,FL,2016,54307,-554,medium
12089,FL,2016,59974,1356,medium
12091,FL,2016,147589,425,large
12093,FL,2016,24365,237,small
12095,FL,2016,927250,1004,very large
12097,FL,2016,239209,5390,large
12099,FL,2016,1036090,7606,enormous
12101,FL,2016,340557,10209,large
12103,FL,2016,651251,6732,very large
12105,FL,2016,460497,9998,large
12107,FL,2016,45229,459,small
12109,FL,2016,172833,5181,large
12111,FL,2016,213017,5003,large
12113,FL,2016,118463,1533,large
12115,FL,2016,286014,5277,large
12117,FL,2016,322964,2839,large
12119,FL,2016,81292,1621,medium
12121,FL,2016,26740,222,small
12123,FL,2016,13192,-1,small
12125,FL,2016,7569,38,tiny
12127,FL,2016,359998,6273,large
12129,FL,2016,20931,272,small
12131,FL,2016,43608,652,small
12133,FL,2016,14650,39,small
13001,GA,2016,12631,-3,small
13003,GA,2016,5645,-19,tiny
13005,GA,2016,7396,-23,tiny
13007,GA,2016,1973,6,tiny
13009,GA,2016,26228,-54,small
13011,GA,2016,12024,79,small
13013,GA,2016,54713,968,medium
13015,GA,2016,74145,623,medium
13017,GA,2016,11363,-22,small
13019,GA,2016,11314,11,small
13021,GA,2016,104311,-441,large
13023,GA,2016,8266,3,tiny
13025,GA,2016,11262,62,small
13027,GA,2016,10065,-1,small
13029,GA,2016,26997,745,small
13031,GA,2016,41466,13,small
13033,GA,2016,16224,-138,small
13035,GA,2016,15031,205,small
13037,GA,2016,3318,-33,tiny
13039,GA,2016,34568,-86,small
13043,GA,2016,7033,-32,tiny
13045,GA,2016,78748,262,medium
13047,GA,2016,44488,199,small
13049,GA,2016,5958,16,tiny
13051,GA,2016,183339,-1135,large
13053,GA,2016,3189,160,tiny
13055,GA,2016,16105,-8,small
13057,GA,2016,183751,3535,large
13059,GA,2016,65791,-512,medium
13061,GA,2016,1942,0,tiny
13063,GA,2016,186150,1763,large
13065,GA,2016,4492,-25,tiny
13067,GA,2016,543975,543,very large
13069,GA,2016,27988,25,small
13071,GA,2016,31262,30,small
13073,GA,2016,107354,1950,large
13075,GA,2016,10766,-16,small
13077,GA,2016,105783,1194,large
13079,GA,2016,8049,-5,tiny
13081,GA,2016,14094,-33,small
13083,GA,2016,10169,-2,small
13085,GA,2016,15794,264,small
13087,GA,2016,18890,-31,small
13089,GA,2016,491942,-3629,large
13091,GA,2016,12618,15,small
13093,GA,2016,6635,-13,tiny
13095,GA,2016,58252,-482,medium
13097,GA,2016,95664,874,medium
13099,GA,2016,7179,-10,tiny
13101,GA,2016,2385,-15,tiny
13103,GA,2016,42657,869,small
13105,GA,2016,14156,-24,small
13107,GA,2016,15651,29,small
13109,GA,2016,7257,37,tiny
13111,GA,2016,16440,215,small
13113,GA,2016,87830,1336,medium
13115,GA,2016,68915,143,medium
13117,GA,2016,175572,6646,large
13119,GA,2016,15057,91,small
13121,GA,2016,695952,2697,very large
13123,GA,2016,20170,255,small
13125,GA,2016,1859,0,tiny
13127,GA,2016,56241,158,medium
13129,GA,2016,41744,-18,small
13131,GA,2016,17652,-2,small
13133,GA,2016,12204,164,small
13135,GA,2016,681689,7425,very large
13137,GA,2016,30765,160,small
13139,GA,2016,151586,1230,large
13141,GA,2016,4893,-14,tiny
13143,GA,2016,19448,238,small
13145,GA,2016,23877,439,small
13147,GA,2016,17335,78,small
13149,GA,2016,7009,55,tiny
13151,GA,2016,158399,4106,large
13153,GA,2016,114054,384,large
13155,GA,2016,6003,3,tiny
13157,GA,2016,47948,1248,small
13159,GA,2016,9582,161,tiny
13161,GA,2016,10120,-23,small
13163,GA,2016,11973,-52,small
13165,GA,2016,5096,-40,tiny
13167,GA,2016,5181,-8,tiny
13169,GA,2016,20362,130,small
13171,GA,2016,11639,95,small
13173,GA,2016,5484,4,tiny
13175,GA,2016,34926,21,small
13177,GA,2016,23119,396,small
13179,GA,2016,37095,-683,small
13181,GA,2016,5291,49,tiny
13183,GA,2016,8630,271,tiny
13185,GA,2016,71992,-131,medium
13187,GA,2016,18525,227,small
13189,GA,2016,15743,29,small
13191,GA,2016,7215,38,tiny
13193,GA,2016,7531,-37,tiny
13195,GA,2016,20319,238,small
13197,GA,2016,4723,-25,tiny
13199,GA,2016,13973,32,small
13201,GA,2016,3767,-9,tiny
13205,GA,2016,14443,4,small
13207,GA,2016,18857,177,small
13209,GA,2016,5174,10,tiny
13211,GA,2016,13856,284,small
13213,GA,2016,27453,28,small
13215,GA,2016,130665,-1320,large
13217,GA,2016,73600,1014,medium
13219,GA,2016,29779,896,small
13221,GA,2016,9635,115,tiny
13223,GA,2016,110222,2492,large
13225,GA,2016,17601,109,small
13227,GA,2016,22840,419,small
13229,GA,2016,13226,7,small
13231,GA,2016,13033,218,small
13233,GA,2016,29041,84,small
13235,GA,2016,5784,-2,tiny
13237,GA,2016,14546,150,small
13239,GA,2016,1316,38,tiny
13241,GA,2016,11634,75,small
13243,GA,2016,4362,-52,tiny
13245,GA,2016,127355,-1019,large
13247,GA,2016,59695,861,medium
13249,GA,2016,3205,15,tiny
13251,GA,2016,9420,-17,tiny
13253,GA,2016,5523,-49,tiny
13255,GA,2016,43383,391,small
13257,GA,2016,17266,12,small
13259,GA,2016,2549,-2,tiny
13261,GA,2016,20318,-162,small
13263,GA,2016,3998,-27,tiny
13265,GA,2016,1014,0,tiny
13267,GA,2016,13752,24,small
13269,GA,2016,5500,-8,tiny
13271,GA,2016,6616,-10,tiny
13273,GA,2016,6495,-8,tiny
13275,GA,2016,31495,-42,small
13277,GA,2016,28941,-31,small
13279,GA,2016,18784,-52,small
13281,GA,2016,7594,37,tiny
13283,GA,2016,4186,-4,tiny
13285,GA,2016,49278,76,small
13287,GA,2016,5902,-4,tiny
13289,GA,2016,5534,-45,tiny
13291,GA,2016,15818,182,small
13293,GA,2016,18113,116,small
13295,GA,2016,42610,177,small
13297,GA,2016,64953,1051,medium
13299,GA,2016,22948,-30,small
13301,GA,2016,3646,-8,tiny
13303,GA,2016,13951,-24,small
13305,GA,2016,18694,15,small
13307,GA,2016,1606,0,tiny
13309,GA,2016,3163,8,tiny
13311,GA,2016,18055,161,small
13313,GA,2016,82832,-177,medium
13315,GA,2016,4802,0,tiny
13317,GA,2016,6881,20,tiny
13319,GA,2016,6437,-15,tiny
13321,GA,2016,14049,-9,small
19001,IA,2016,5628,39,tiny
19003,IA,2016,3097,-22,tiny
19005,IA,2016,11710,22,small
19007,IA,2016,9059,28,tiny
19009,IA,2016,4569,-12,tiny
19011,IA,2016,20897,59,small
19013,IA,2016,95185,-780,medium
19015,IA,2016,20762,56,small
19017,IA,2016,19385,203,small
19019,IA,2016,16939,-1,small
19021,IA,2016,16916,-98,small
19023,IA,2016,12094,40,small
19025,IA,2016,7727,-22,tiny
19027,IA,2016,17601,-35,small
19029,IA,2016,10480,-10,small
19031,IA,2016,14769,135,small
19033,IA,2016,32945,-70,small
19035,IA,2016,9507,17,tiny
19037,IA,2016,9996,30,tiny
19039,IA,2016,7424,-6,tiny
19041,IA,2016,13205,18,small
19043,IA,2016,14295,13,small
19045,IA,2016,36925,42,small
19047,IA,2016,14535,15,small
19049,IA,2016,66891,1146,medium
19051,IA,2016,7141,-3,tiny
19053,IA,2016,5238,-20,tiny
19055,IA,2016,14577,-13,small
19057,IA,2016,30799,-85,small
19059,IA,2016,14046,33,small
19061,IA,2016,79270,-55,medium
19063,IA,2016,7301,-39,tiny
19065,IA,2016,14979,6,small
19067,IA,2016,12607,-12,small
19069,IA,2016,8136,-35,tiny
19071,IA,2016,5341,5,tiny
19073,IA,2016,7147,-28,tiny
19075,IA,2016,10139,63,small
19077,IA,2016,8509,42,tiny
19079,IA,2016,11932,0,small
19081,IA,2016,8988,-16,tiny
19083,IA,2016,13218,-15,small
19085,IA,2016,11386,63,small
19087,IA,2016,14975,-13,small
19089,IA,2016,7894,16,tiny
19091,IA,2016,7715,-11,tiny
19093,IA,2016,5707,-8,tiny
19095,IA,2016,13634,59,small
19097,IA,2016,15967,74,small
19099,IA,2016,28034,263,small
19101,IA,2016,11205,-52,small
19103,IA,2016,98420,-1226,medium
19105,IA,2016,15417,95,small
19107,IA,2016,7762,5,tiny
19109,IA,2016,12713,22,small
19111,IA,2016,25884,-52,small
19113,IA,2016,176733,117,large
19115,IA,2016,9027,1,tiny
19117,IA,2016,6683,3,tiny
19119,IA,2016,10365,10,small
19121,IA,2016,12728,161,small
19123,IA,2016,16817,-15,small
19125,IA,2016,26264,-2,small
19127,IA,2016,32179,-46,small
19129,IA,2016,11559,60,small
19131,IA,2016,8556,-3,tiny
19133,IA,2016,6648,25,tiny
19135,IA,2016,5867,46,tiny
19137,IA,2016,7738,27,tiny
19139,IA,2016,34986,-129,small
19141,IA,2016,11544,-21,small
19143,IA,2016,5258,-17,tiny
19145,IA,2016,10684,-24,small
19147,IA,2016,7025,-4,tiny
19149,IA,2016,21653,24,small
19151,IA,2016,5615,37,tiny
19153,IA,2016,375335,461,large
19155,IA,2016,69905,118,medium
19157,IA,2016,13380,49,small
19159,IA,2016,3595,0,tiny
19161,IA,2016,8098,24,tiny
19163,IA,2016,134246,-6,large
19165,IA,2016,9789,10,tiny
19167,IA,2016,29765,-84,small
19169,IA,2016,56389,-888,medium
19171,IA,2016,13934,-91,small
19173,IA,2016,4755,-17,tiny
19175,IA,2016,9153,-9,tiny
19177,IA,2016,5531,0,tiny
19179,IA,2016,25805,-125,small
19181,IA,2016,39459,560,small
19183,IA,2016,18352,88,small
19185,IA,2016,5028,-20,tiny
19187,IA,2016,26482,-89,small
19189,IA,2016,8401,2,tiny
19191,IA,2016,16024,-48,small
19193,IA,2016,79137,-319,medium
19195,IA,2016,5992,43,tiny
19197,IA,2016,10053,-53,small
23001,ME,2016,76830,179,medium
23003,ME,2016,49728,-145,small
23005,ME,2016,226017,795,large
23007,ME,2016,20135,-13,small
23009,ME,2016,40647,86,small
23011,ME,2016,90155,230,medium
23013,ME,2016,30136,-24,small
23015,ME,2016,26102,121,small
23017,ME,2016,39892,326,small
23019,ME,2016,105671,-119,large
23021,ME,2016,11371,31,small
23023,ME,2016,27227,84,small
23025,ME,2016,34742,28,small
23027,ME,2016,28073,102,small
23029,ME,2016,22175,-10,small
23031,ME,2016,158447,1853,large
26001,MI,2016,7213,127,tiny
26003,MI,2016,6315,-2,tiny
26005,MI,2016,92882,838,medium
26007,MI,2016,22042,53,small
26009,MI,2016,17345,156,small
26011,MI,2016,11172,71,small
26013,MI,2016,5606,5,tiny
26015,MI,2016,46912,594,small
26017,MI,2016,83161,-35,medium
26019,MI,2016,13501,64,small
26021,MI,2016,117824,7,large
26023,MI,2016,31838,-57,small
26025,MI,2016,97907,-109,medium
26027,MI,2016,37458,295,small
26029,MI,2016,20709,25,small
26031,MI,2016,19074,169,small
26033,MI,2016,25019,-10,small
26035,MI,2016,20461,121,small
26037,MI,2016,60820,695,medium
26039,MI,2016,9091,108,tiny
26041,MI,2016,28693,-22,small
26043,MI,2016,20649,45,small
26045,MI,2016,82155,349,medium
26047,MI,2016,26533,113,small
26049,MI,2016,303244,-464,large
26051,MI,2016,18101,147,small
26053,MI,2016,10085,-23,small
26055,MI,2016,72951,447,medium
26057,MI,2016,28099,-22,small
26059,MI,2016,33363,63,small
26061,MI,2016,24229,-107,small
26063,MI,2016,26258,109,small
26065,MI,2016,184442,-1370,large
26067,MI,2016,46216,95,small
26069,MI,2016,17797,112,small
26071,MI,2016,8375,23,tiny
26073,MI,2016,40341,-278,small
26075,MI,2016,115129,583,large
26077,MI,2016,188765,-591,large
26079,MI,2016,12419,120,small
26081,MI,2016,508961,-619,very large
26083,MI,2016,1619,-8,tiny
26085,MI,2016,6749,90,tiny
26087,MI,2016,69884,507,medium
26089,MI,2016,17725,203,small
26091,MI,2016,74929,363,medium
26093,MI,2016,155573,2277,large
26095,MI,2016,3911,0,tiny
26097,MI,2016,8511,7,tiny
26099,MI,2016,695981,1140,very large
26101,MI,2016,17457,103,small
26103,MI,2016,48129,-149,small
26105,MI,2016,22364,33,small
26107,MI,2016,26321,59,small
26109,MI,2016,17611,-24,small
26111,MI,2016,65761,-113,medium
26113,MI,2016,11095,6,small
26115,MI,2016,120087,997,large
26117,MI,2016,45157,258,small
26119,MI,2016,6467,104,tiny
26121,MI,2016,128016,375,large
26123,MI,2016,35606,360,small
26125,MI,2016,995201,-645,very large
26127,MI,2016,20282,63,small
26129,MI,2016,14756,132,small
26131,MI,2016,4149,0,tiny
26133,MI,2016,16522,24,small
26135,MI,2016,5656,48,tiny
26137,MI,2016,19168,101,small
26139,MI,2016,228126,1202,large
26141,MI,2016,9895,26,tiny
26143,MI,2016,15926,247,small
26145,MI,2016,143948,-251,large
26147,MI,2016,126339,592,large
26149,MI,2016,47420,7,small
26151,MI,2016,31935,102,small
26153,MI,2016,6054,-3,tiny
26155,MI,2016,53284,118,medium
26157,MI,2016,41912,5,small
26159,MI,2016,57590,219,medium
26161,MI,2016,247907,-2008,large
26163,MI,2016,1262223,-5228,enormous
26165,MI,2016,24121,110,small
27001,MN,2016,11114,127,small
27003,MN,2016,281353,2899,large
27005,MN,2016,26548,234,small
27007,MN,2016,32316,-52,small
27009,MN,2016,29992,-32,small
27011,MN,2016,4096,5,tiny
27013,MN,2016,44689,-336,small
27015,MN,2016,21349,-87,small
27017,MN,2016,26488,189,small
27019,MN,2016,85302,1462,medium
27021,MN,2016,22166,207,small
27023,MN,2016,9989,33,tiny
27025,MN,2016,43300,542,small
27027,MN,2016,45889,53,small
27029,MN,2016,6525,11,tiny
27031,MN,2016,4239,13,tiny
27033,MN,2016,9384,-21,tiny
27035,MN,2016,49147,317,small
27037,MN,2016,349715,2205,large
27039,MN,2016,17290,96,small
27041,MN,2016,30927,147,small
27043,MN,2016,11254,0,small
27045,MN,2016,17012,22,small
27047,MN,2016,24557,13,small
27049,MN,2016,38207,135,small
27051,MN,2016,4845,12,tiny
27053,MN,2016,970428,-3816,very large
27055,MN,2016,15802,16,small
27057,MN,2016,15395,165,small
27059,MN,2016,29824,488,small
27061,MN,2016,34257,142,small
27063,MN,2016,8421,11,tiny
27065,MN,2016,11503,137,small
27067,MN,2016,35893,-171,small
27069,MN,2016,3578,0,tiny
27071,MN,2016,9310,-56,tiny
27073,MN,2016,5771,8,tiny
27075,MN,2016,8096,-22,tiny
27077,MN,2016,3007,0,tiny
27079,MN,2016,22869,220,small
27081,MN,2016,4656,23,tiny
27083,MN,2016,20360,-177,small
27085,MN,2016,30130,89,small
27087,MN,2016,3822,-10,tiny
27089,MN,2016,7748,12,tiny
27091,MN,2016,16704,16,small
27093,MN,2016,18915,47,small
27095,MN,2016,18892,127,small
27097,MN,2016,26738,101,small
27099,MN,2016,31737,61,small
27101,MN,2016,7025,12,tiny
27103,MN,2016,24997,-58,small
27105,MN,2016,18576,-115,small
27107,MN,2016,5268,36,tiny
27109,MN,2016,127968,-499,large
27111,MN,2016,47388,239,small
27113,MN,2016,11064,2,small
27115,MN,2016,19716,324,small
27117,MN,2016,7758,-25,tiny
27119,MN,2016,24143,-3,small
27121,MN,2016,9013,11,tiny
27123,MN,2016,398404,-2722,large
27125,MN,2016,3203,-3,tiny
27127,MN,2016,12487,-18,small
27129,MN,2016,12273,24,small
27131,MN,2016,49396,67,small
27133,MN,2016,7980,12,tiny
27135,MN,2016,13232,-53,small
27137,MN,2016,144852,-372,large
27139,MN,2016,119778,1077,large
27141,MN,2016,73230,800,medium
27143,MN,2016,12414,86,small
27145,MN,2016,119156,-481,large
27147,MN,2016,31175,51,small
27149,MN,2016,7840,-21,tiny
27151,MN,2016,7758,-7,tiny
27153,MN,2016,18862,29,small
27155,MN,2016,2654,0,tiny
27157,MN,2016,17872,120,small
27159,MN,2016,10143,-16,small
27161,MN,2016,14924,-68,small
27163,MN,2016,210043,3076,large
27165,MN,2016,8913,-9,tiny
27167,MN,2016,5268,24,tiny
27169,MN,2016,35753,-175,small
27171,MN,2016,110142,1379,large
27173,MN,2016,8039,-3,tiny
31001,NE,2016,24279,-31,small
31003,NE,2016,5279,-4,tiny
31005,NE,2016,373,0,tiny
31007,NE,2016,512,0,tiny
31009,NE,2016,410,0,tiny
31011,NE,2016,4653,-7,tiny
31013,NE,2016,8907,-32,tiny
31015,NE,2016,1570,0,tiny
31017,NE,2016,2292,0,tiny
31019,NE,2016,37136,-130,small
31021,NE,2016,5366,18,tiny
31023,NE,2016,6845,0,tiny
31025,NE,2016,20913,321,small
31027,NE,2016,7445,1,tiny
31029,NE,2016,3297,0,tiny
31031,NE,2016,4654,0,tiny
31033,NE,2016,7836,17,tiny
31035,NE,2016,4971,20,tiny
31037,NE,2016,9617,-78,tiny
31039,NE,2016,7849,3,tiny
31041,NE,2016,9059,3,tiny
31043,NE,2016,17505,-164,small
31045,NE,2016,5743,0,tiny
31047,NE,2016,20450,-79,small
31049,NE,2016,1395,0,tiny
31051,NE,2016,4920,17,tiny
31053,NE,2016,29047,-56,small
31055,NE,2016,441154,-1236,large
31057,NE,2016,1384,0,tiny
31059,NE,2016,4738,0,tiny
31061,NE,2016,2334,0,tiny
31063,NE,2016,1938,-8,tiny
31065,NE,2016,3779,0,tiny
31067,NE,2016,17206,63,small
31069,NE,2016,1421,0,tiny
31071,NE,2016,1384,0,tiny
31073,NE,2016,1567,0,tiny
31075,NE,2016,593,0,tiny
31077,NE,2016,1918,0,tiny
31079,NE,2016,50234,-148,medium
31081,NE,2016,7961,17,tiny
31083,NE,2016,2625,0,tiny
31085,NE,2016,726,0,tiny
31087,NE,2016,2170,3,tiny
31089,NE,2016,8874,-13,tiny
31091,NE,2016,607,0,tiny
31093,NE,2016,5247,20,tiny
31095,NE,2016,5737,-20,tiny
31097,NE,2016,3477,22,tiny
31099,NE,2016,5179,8,tiny
31101,NE,2016,6224,-5,tiny
31103,NE,2016,664,0,tiny
31105,NE,2016,2538,-8,tiny
31107,NE,2016,6865,-4,tiny
31109,NE,2016,235009,-571,large
31111,NE,2016,27922,-122,small
31113,NE,2016,637,0,tiny
31115,NE,2016,451,0,tiny
31117,NE,2016,372,0,tiny
31119,NE,2016,28101,-59,small
31121,NE,2016,6052,-15,tiny
31123,NE,2016,3600,6,tiny
31125,NE,2016,2746,-4,tiny
31127,NE,2016,5038,-6,tiny
31129,NE,2016,3473,0,tiny
31131,NE,2016,12729,14,small
31133,NE,2016,2108,0,tiny
31135,NE,2016,2461,0,tiny
31137,NE,2016,7524,-3,tiny
31139,NE,2016,6009,10,tiny
31141,NE,2016,29104,19,small
31143,NE,2016,4439,20,tiny
31145,NE,2016,8256,-34,tiny
31147,NE,2016,6282,20,tiny
31149,NE,2016,1082,0,tiny
31151,NE,2016,11366,9,small
31153,NE,2016,142038,1214,large
31155,NE,2016,17281,106,small
31157,NE,2016,27723,-131,small
31159,NE,2016,13544,80,small
31161,NE,2016,3944,0,tiny
31163,NE,2016,2389,17,tiny
31165,NE,2016,867,0,tiny
31167,NE,2016,4709,11,tiny
31169,NE,2016,4187,-19,tiny
31171,NE,2016,561,0,tiny
31173,NE,2016,5284,21,tiny
31175,NE,2016,3424,0,tiny
31177,NE,2016,16878,210,small
31179,NE,2016,6368,-34,tiny
31181,NE,2016,2599,7,tiny
31183,NE,2016,674,0,tiny
31185,NE,2016,11039,-41,small
32001,NV,2016,17180,144,small
32003,NV,2016,1623043,22358,enormous
32005,NV,2016,38392,688,small
32007,NV,2016,41094,-80,small
32009,NV,2016,574,0,tiny
32011,NV,2016,1240,0,tiny
32013,NV,2016,13511,-18,small
32015,NV,2016,4262,3,tiny
32017,NV,2016,3112,32,tiny
32019,NV,2016,39240,1154,small
32021,NV,2016,2785,-7,tiny
32023,NV,2016,26848,695,small
32027,NV,2016,3255,-2,tiny
32029,NV,2016,2550,41,tiny
32031,NV,2016,345940,3381,large
32033,NV,2016,6382,-16,tiny
32510,NV,2016,39475,506,small
33001,NH,2016,48377,537,small
33003,NH,2016,37360,658,small
33005,NH,2016,56358,227,medium
33007,NH,2016,22265,40,small
33009,NH,2016,63914,-79,medium
33011,NH,2016,326106,658,large
33013,NH,2016,113197,938,large
33015,NH,2016,253872,2755,large
33017,NH,2016,91473,288,medium
33019,NH,2016,32199,104,small
37001,NC,2016,116811,1464,large
37003,NC,2016,25886,-7,small
37005,NC,2016,7728,1,tiny
37007,NC,2016,15708,21,small
37009,NC,2016,18315,139,small
37011,NC,2016,11229,26,small
37013,NC,2016,33763,8,small
37015,NC,2016,12649,-23,small
37017,NC,2016,20914,-36,small
37019,NC,2016,85908,2760,medium
37021,NC,2016,184911,1105,large
37023,NC,2016,62195,91,medium
37025,NC,2016,154198,3214,large
37027,NC,2016,57087,83,medium
37029,NC,2016,7495,130,tiny
37031,NC,2016,48710,461,small
37033,NC,2016,15131,1,small
37035,NC,2016,118705,241,large
37037,NC,2016,54784,1205,medium
37039,NC,2016,18163,32,small
37041,NC,2016,10250,-76,small
37043,NC,2016,7115,10,tiny
37045,NC,2016,69666,205,medium
37047,NC,2016,35989,-71,small
37049,NC,2016,71785,-211,medium
37051,NC,2016,214124,-2902,large
37053,NC,2016,18440,413,small
37055,NC,2016,28055,173,small
37057,NC,2016,122437,497,large
37059,NC,2016,31895,339,small
37061,NC,2016,39631,-99,small
37063,NC,2016,209099,-981,large
37065,NC,2016,35554,-188,small
37067,NC,2016,272089,842,large
37069,NC,2016,43829,907,small
37071,NC,2016,156186,1771,large
37073,NC,2016,7631,20,tiny
37075,NC,2016,5998,-18,tiny
37077,NC,2016,41328,619,small
37079,NC,2016,13107,-18,small
37081,NC,2016,376008,409,large
37083,NC,2016,34905,-170,small
37085,NC,2016,83118,814,medium
37087,NC,2016,42769,403,small
37089,NC,2016,82780,1024,medium
37091,NC,2016,13668,18,small
37093,NC,2016,32067,288,small
37095,NC,2016,3380,9,tiny
37097,NC,2016,131056,1147,large
37099,NC,2016,23250,-86,small
37101,NC,2016,141781,3042,large
37103,NC,2016,6701,33,tiny
37105,NC,2016,43435,159,small
37107,NC,2016,40347,-323,small
37109,NC,2016,59798,720,medium
37111,NC,2016,30911,124,small
37113,NC,2016,24491,106,small
37115,NC,2016,14002,93,small
37117,NC,2016,16612,-90,small
37119,NC,2016,762074,4702,very large
37121,NC,2016,10290,45,small
37123,NC,2016,19287,41,small
37125,NC,2016,70342,974,medium
37127,NC,2016,69732,86,medium
37129,NC,2016,146975,956,large
37131,NC,2016,12389,-41,small
37133,NC,2016,117261,-1273,large
37135,NC,2016,93658,200,medium
37137,NC,2016,8418,-2,tiny
37139,NC,2016,27206,75,small
37141,NC,2016,39078,860,small
37143,NC,2016,9166,63,tiny
37145,NC,2016,28444,228,small
37147,NC,2016,113564,-393,large
37149,NC,2016,13602,57,small
37151,NC,2016,107668,39,large
37153,NC,2016,30618,-69,small
37155,NC,2016,85749,-478,medium
37157,NC,2016,66012,92,medium
37159,NC,2016,102332,511,large
37161,NC,2016,43422,48,small
37163,NC,2016,47153,-29,small
37165,NC,2016,22727,-59,small
37167,NC,2016,44071,348,small
37169,NC,2016,32684,79,small
37171,NC,2016,52373,-46,medium
37173,NC,2016,11896,16,small
37175,NC,2016,22430,164,small
37177,NC,2016,2682,31,tiny
37179,NC,2016,178404,3012,large
37181,NC,2016,30842,-65,small
37183,NC,2016,806992,8081,very large
37185,NC,2016,12060,38,small
37187,NC,2016,8225,-24,tiny
37189,NC,2016,27821,-19,small
37191,NC,2016,85601,-465,medium
37193,NC,2016,47824,-18,small
37195,NC,2016,59762,33,medium
37197,NC,2016,27713,11,small
37199,NC,2016,12321,22,small
39001,OH,2016,19163,-8,small
39003,OH,2016,76703,-185,medium
39005,OH,2016,39591,146,small
39007,OH,2016,72586,10,medium
39009,OH,2016,32641,-177,small
39011,OH,2016,38192,4,small
39013,OH,2016,49177,17,small
39015,OH,2016,31317,61,small
39017,OH,2016,282484,669,large
39019,OH,2016,20695,43,small
39021,OH,2016,29570,147,small
39023,OH,2016,101538,98,large
39025,OH,2016,157028,494,large
39027,OH,2016,30968,83,small
39029,OH,2016,76510,-40,medium
39031,OH,2016,27411,-14,small
39033,OH,2016,31798,-69,small
39035,OH,2016,932153,-5187,very large
39037,OH,2016,41784,-78,small
39039,OH,2016,30586,42,small
39041,OH,2016,161933,3472,large
39043,OH,2016,59070,96,medium
39045,OH,2016,114920,1622,large
39047,OH,2016,21119,3,small
39049,OH,2016,944815,-2145,very large
39051,OH,2016,35024,114,small
39053,OH,2016,20739,-3,small
39055,OH,2016,79392,533,medium
39057,OH,2016,117232,111,large
39059,OH,2016,28983,-1,small
39061,OH,2016,612331,-2213,very large
39063,OH,2016,59031,-36,medium
39065,OH,2016,21512,-43,small
39067,OH,2016,10745,7,small
39069,OH,2016,22986,8,small
39071,OH,2016,30562,-24,small
39073,OH,2016,20186,69,small
39075,OH,2016,34271,-48,small
39077,OH,2016,46520,-47,small
39079,OH,2016,22979,-19,small
39081,OH,2016,47795,-27,small
39083,OH,2016,45453,287,small
39085,OH,2016,188466,774,large
39087,OH,2016,42896,87,small
39089,OH,2016,131656,1343,large
39091,OH,2016,35511,52,small
39093,OH,2016,235909,1735,large
39095,OH,2016,312309,-1440,large
39097,OH,2016,29999,521,small
39099,OH,2016,171202,-379,large
39101,OH,2016,44596,65,small
39103,OH,2016,148059,1596,large
39105,OH,2016,15629,44,small
39107,OH,2016,35759,0,small
39109,OH,2016,83305,438,medium
39111,OH,2016,10576,-1,small
39113,OH,2016,390492,-1075,large
39115,OH,2016,10028,18,small
39117,OH,2016,25718,247,small
39119,OH,2016,64737,114,medium
39121,OH,2016,9172,14,tiny
39123,OH,2016,32292,270,small
39125,OH,2016,14964,20,small
39127,OH,2016,25211,123,small
39129,OH,2016,39880,566,small
39131,OH,2016,18990,79,small
39133,OH,2016,112857,227,large
39135,OH,2016,31483,81,small
39137,OH,2016,29963,-7,small
39139,OH,2016,90631,62,medium
39141,OH,2016,52838,34,medium
39143,OH,2016,47184,29,small
39145,OH,2016,50183,-26,medium
39147,OH,2016,42107,-77,small
39149,OH,2016,39338,6,small
39151,OH,2016,291528,-197,large
39153,OH,2016,412168,-18,large
39155,OH,2016,155035,-42,large
39157,OH,2016,74712,-12,medium
39159,OH,2016,42581,965,small
39161,OH,2016,22888,23,small
39163,OH,2016,8677,75,tiny
39165,OH,2016,180691,1729,large
39167,OH,2016,46610,3,small
39169,OH,2016,92700,-63,medium
39171,OH,2016,29497,-21,small
39173,OH,2016,93064,-92,medium
39175,OH,2016,17989,-7,small
4001,AZ,2016,46256,447,small
4003,AZ,2016,86293,-153,medium
4005,AZ,2016,90446,-378,medium
4007,AZ,2016,34957,489,small
4009,AZ,2016,22182,-98,small
4011,AZ,2016,6269,-65,tiny
4012,AZ,2016,10548,74,small
4013,AZ,2016,3094672,26345,enormous
4015,AZ,2016,122892,1956,large
4017,AZ,2016,71198,768,medium
4019,AZ,2016,717335,3533,very large
4021,AZ,2016,237241,6310,large
4023,AZ,2016,39890,-118,small
4025,AZ,2016,155862,3202,large
4027,AZ,2016,161494,258,large
42001,PA,2016,83354,469,medium
42003,PA,2016,951283,-4417,very large
42005,PA,2016,52903,65,medium
42007,PA,2016,134978,297,large
42009,PA,2016,38971,9,small
42011,PA,2016,333515,1361,large
42013,PA,2016,96957,20,medium
42015,PA,2016,48063,84,small
42017,PA,2016,534920,4643,very large
42019,PA,2016,155290,1237,large
42021,PA,2016,103352,-73,large
42023,PA,2016,3599,-11,tiny
42025,PA,2016,48227,411,small
42027,PA,2016,94713,-611,medium
42029,PA,2016,429860,2379,large
42031,PA,2016,28129,-28,small
42033,PA,2016,59778,52,medium
42035,PA,2016,28009,2,small
42037,PA,2016,46616,19,small
42039,PA,2016,64250,101,medium
42041,PA,2016,196512,967,large
42043,PA,2016,215279,-236,large
42045,PA,2016,440110,1383,large
42047,PA,2016,26076,-16,small
42049,PA,2016,208536,-1172,large
42051,PA,2016,98847,-104,medium
42053,PA,2016,3152,-1,tiny
42055,PA,2016,128166,128,large
42057,PA,2016,11677,10,small
42059,PA,2016,26294,-41,small
42061,PA,2016,32430,-25,small
42063,PA,2016,59916,-60,medium
42065,PA,2016,35137,17,small
42067,PA,2016,19786,1,small
42069,PA,2016,160764,158,large
42071,PA,2016,453738,419,large
42073,PA,2016,67548,41,medium
42075,PA,2016,113831,582,large
42077,PA,2016,286631,770,large
42079,PA,2016,243460,1304,large
42081,PA,2016,88027,-114,medium
42083,PA,2016,30654,-8,small
42085,PA,2016,86001,-93,medium
42087,PA,2016,36880,-1,small
42089,PA,2016,119758,2341,large
42091,PA,2016,678223,4417,very large
42093,PA,2016,14140,6,small
42095,PA,2016,238523,1787,large
42097,PA,2016,68823,-132,medium
42099,PA,2016,37660,68,small
42101,PA,2016,986253,-11164,very large
42103,PA,2016,41845,1071,small
42105,PA,2016,12776,1,small
42107,PA,2016,108900,347,large
42109,PA,2016,31332,23,small
42111,PA,2016,57874,49,medium
42113,PA,2016,4482,1,tiny
42115,PA,2016,31776,-2,small
42117,PA,2016,31061,24,small
42119,PA,2016,28960,-25,small
42121,PA,2016,40545,-64,small
42123,PA,2016,30556,31,small
42125,PA,2016,165472,1213,large
42127,PA,2016,37987,277,small
42129,PA,2016,290218,600,large
42131,PA,2016,21269,11,small
42133,PA,2016,365175,1520,large
48001,TX,2016,32837,136,small
48003,TX,2016,13702,-75,small
48005,TX,2016,63357,-124,medium
48007,TX,2016,15618,-13,small
48009,TX,2016,6486,32,tiny
48011,TX,2016,1457,9,tiny
48013,TX,2016,34924,372,small
48015,TX,2016,22819,218,small
48017,TX,2016,5349,-117,tiny
48019,TX,2016,14375,333,small
48021,TX,2016,58433,1752,medium
48023,TX,2016,2433,-12,tiny
48025,TX,2016,17980,-76,small
48027,TX,2016,235097,733,large
48029,TX,2016,1412669,7375,enormous
48031,TX,2016,8187,135,tiny
48033,TX,2016,476,0,tiny
48035,TX,2016,12529,127,small
48037,TX,2016,66263,63,medium
48039,TX,2016,259212,3814,large
48041,TX,2016,127869,-1079,large
48043,TX,2016,6412,40,tiny
48045,TX,2016,1034,0,tiny
48047,TX,2016,5130,-46,tiny
48049,TX,2016,26450,46,small
48051,TX,2016,13087,128,small
48053,TX,2016,33843,676,small
48055,TX,2016,29013,1167,small
48057,TX,2016,15728,-101,small
48059,TX,2016,9609,48,tiny
48061,TX,2016,320670,-961,large
48063,TX,2016,9176,-22,tiny
48065,TX,2016,4368,6,tiny
48067,TX,2016,21306,102,small
48069,TX,2016,5627,0,tiny
48071,TX,2016,32167,640,small
48073,TX,2016,37036,85,small
48075,TX,2016,4192,0,tiny
48077,TX,2016,7644,40,tiny
48079,TX,2016,2178,-32,tiny
48081,TX,2016,2194,13,tiny
48083,TX,2016,5604,9,tiny
48085,TX,2016,734953,17005,very large
48087,TX,2016,2129,0,tiny
48089,TX,2016,15995,106,small
48091,TX,2016,100532,3873,large
48093,TX,2016,9633,17,tiny
48095,TX,2016,1655,1,tiny
48097,TX,2016,30689,247,small
48099,TX,2016,41909,-130,small
48101,TX,2016,993,0,tiny
48103,TX,2016,3750,-2,tiny
48105,TX,2016,2775,-11,tiny
48107,TX,2016,4064,10,tiny
48109,TX,2016,1590,0,tiny
48111,TX,2016,5871,-20,tiny
48113,TX,2016,1942786,-3453,enormous
48115,TX,2016,8760,-27,tiny
48117,TX,2016,15571,-54,small
48119,TX,2016,3439,46,tiny
48121,TX,2016,604016,12927,very large
48123,TX,2016,13612,-49,small
48125,TX,2016,1247,0,tiny
48127,TX,2016,7318,-29,tiny
48129,TX,2016,2173,8,tiny
48131,TX,2016,7806,-52,tiny
48133,TX,2016,12102,49,small
48135,TX,2016,118996,-615,large
48137,TX,2016,1323,0,tiny
48139,TX,2016,132410,3330,large
48141,TX,2016,654228,-4003,very large
48143,TX,2016,25213,0,small
48145,TX,2016,10621,19,small
48147,TX,2016,22470,396,small
48149,TX,2016,18917,146,small
48151,TX,2016,2581,18,tiny
48153,TX,2016,4384,-9,tiny
48155,TX,2016,810,0,tiny
48157,TX,2016,561561,10076,very large
48159,TX,2016,7143,39,tiny
48161,TX,2016,13361,60,small
48163,TX,2016,11096,12,small
48165,TX,2016,16304,-45,small
48167,TX,2016,237247,2681,large
48169,TX,2016,3182,0,tiny
48171,TX,2016,20965,168,small
48173,TX,2016,1120,0,tiny
48175,TX,2016,5250,20,tiny
48177,TX,2016,15507,11,small
48179,TX,2016,15790,-6,small
48181,TX,2016,93504,1454,medium
48183,TX,2016,92659,-251,medium
48185,TX,2016,18511,341,small
48187,TX,2016,116397,2716,large
48189,TX,2016,24222,-31,small
48191,TX,2016,2041,0,tiny
48193,TX,2016,5725,29,tiny
48195,TX,2016,4510,0,tiny
48197,TX,2016,2656,-3,tiny
48199,TX,2016,41207,391,small
48201,TX,2016,3379802,-19600,enormous
48203,TX,2016,49354,-52,small
48205,TX,2016,3061,2,tiny
48207,TX,2016,3460,5,tiny
48209,TX,2016,135684,4614,large
48211,TX,2016,3285,0,tiny
48213,TX,2016,53166,641,medium
48215,TX,2016,629157,-351,very large
48217,TX,2016,24679,262,small
48219,TX,2016,16462,8,small
48221,TX,2016,40443,716,small
48223,TX,2016,26875,147,small
48225,TX,2016,13570,63,small
48227,TX,2016,21655,-102,small
48229,TX,2016,3309,338,tiny
48231,TX,2016,63393,1070,medium
48233,TX,2016,15865,-29,small
48235,TX,2016,1134,4,tiny
48237,TX,2016,5591,43,tiny
48239,TX,2016,11508,16,small
48241,TX,2016,24203,114,small
48243,TX,2016,1520,0,tiny
48245,TX,2016,178495,-906,large
48247,TX,2016,3714,-71,tiny
48249,TX,2016,30006,-81,small
48251,TX,2016,123484,2342,large
48253,TX,2016,10790,-3,small
48255,TX,2016,9426,5,tiny
48257,TX,2016,90538,3558,medium
48259,TX,2016,34092,1173,small
48261,TX,2016,237,0,tiny
48263,TX,2016,546,0,tiny
48265,TX,2016,37164,239,small
48267,TX,2016,3187,0,tiny
48269,TX,2016,227,0,tiny
48271,TX,2016,2198,0,tiny
48273,TX,2016,20749,-169,small
48275,TX,2016,2606,0,tiny
48277,TX,2016,36012,-4,small
48279,TX,2016,9649,18,tiny
48281,TX,2016,14769,207,small
48283,TX,2016,4240,-24,tiny
48285,TX,2016,15608,55,small
48287,TX,2016,13173,170,small
48289,TX,2016,12852,46,small
48291,TX,2016,54717,1699,medium
48293,TX,2016,15517,6,small
48295,TX,2016,2620,-5,tiny
48297,TX,2016,7587,94,tiny
48299,TX,2016,12570,275,small
48301,TX,2016,47,0,tiny
48303,TX,2016,205650,-595,large
48305,TX,2016,4279,22,tiny
48307,TX,2016,5808,-7,tiny
48309,TX,2016,177758,546,large
48311,TX,2016,641,0,tiny
48313,TX,2016,8633,58,tiny
48315,TX,2016,6125,-1,tiny
48317,TX,2016,4030,1,tiny
48319,TX,2016,3163,0,tiny
48321,TX,2016,27770,-149,small
48323,TX,2016,52505,-266,medium
48325,TX,2016,33866,537,small
48327,TX,2016,1420,0,tiny
48329,TX,2016,124549,25,large
48331,TX,2016,17862,174,small
48333,TX,2016,3455,-6,tiny
48335,TX,2016,4725,-14,tiny
48337,TX,2016,14040,139,small
48339,TX,2016,404999,9945,large
48341,TX,2016,18040,-45,small
48343,TX,2016,8839,9,tiny
48345,TX,2016,791,0,tiny
48347,TX,2016,41876,-268,small
48349,TX,2016,36052,238,small
48351,TX,2016,8117,-29,tiny
48353,TX,2016,10866,-57,small
48355,TX,2016,247740,-1305,large
48357,TX,2016,8647,-23,tiny
48359,TX,2016,1563,23,tiny
48361,TX,2016,61692,161,medium
48363,TX,2016,19393,108,small
48365,TX,2016,17551,43,small
48367,TX,2016,98404,2580,medium
48369,TX,2016,8062,7,tiny
48371,TX,2016,10538,-65,small
48373,TX,2016,35478,625,small
48375,TX,2016,81874,-456,medium
48377,TX,2016,7266,-97,tiny
48379,TX,2016,7049,193,tiny
48381,TX,2016,96692,57,medium
48383,TX,2016,2945,-47,tiny
48385,TX,2016,2420,0,tiny
48387,TX,2016,8474,51,tiny
48389,TX,2016,8573,-18,tiny
48391,TX,2016,5190,-17,tiny
48393,TX,2016,695,0,tiny
48395,TX,2016,12451,87,small
48397,TX,2016,71706,2079,medium
48399,TX,2016,7574,4,tiny
48401,TX,2016,36523,42,small
48403,TX,2016,6707,70,tiny
48405,TX,2016,5497,-20,tiny
48407,TX,2016,16474,324,small
48409,TX,2016,51217,-75,medium
48411,TX,2016,4100,0,tiny
48413,TX,2016,2085,-18,tiny
48415,TX,2016,12417,-71,small
48417,TX,2016,2400,-1,tiny
48419,TX,2016,18673,-2,small
48421,TX,2016,2141,0,tiny
48423,TX,2016,166219,107,large
48425,TX,2016,6485,63,tiny
48427,TX,2016,52223,-216,medium
48429,TX,2016,6105,-5,tiny
48431,TX,2016,1015,0,tiny
48433,TX,2016,1008,0,tiny
48435,TX,2016,3082,-22,tiny
48437,TX,2016,5055,6,tiny
48439,TX,2016,1551541,10247,enormous
48441,TX,2016,97449,-312,medium
48443,TX,2016,584,0,tiny
48445,TX,2016,8645,-20,tiny
48447,TX,2016,1044,0,tiny
48449,TX,2016,25408,-40,small
48451,TX,2016,82867,-562,medium
48453,TX,2016,838673,-2596,very large
48455,TX,2016,9118,140,tiny
48457,TX,2016,12703,85,small
48459,TX,2016,27552,190,small
48461,TX,2016,2619,-13,tiny
48463,TX,2016,20943,8,small
48465,TX,2016,38898,-33,small
48467,TX,2016,37940,616,small
48469,TX,2016,68784,-254,medium
48471,TX,2016,35189,-122,small
48473,TX,2016,32068,969,small
48475,TX,2016,8506,4,tiny
48477,TX,2016,25902,111,small
48479,TX,2016,223503,-953,large
48481,TX,2016,33119,7,small
48483,TX,2016,4183,-9,tiny
48485,TX,2016,85338,-472,medium
48487,TX,2016,9326,-15,tiny
48489,TX,2016,14037,-132,small
48491,TX,2016,401119,12286,large
48493,TX,2016,35490,693,small
48495,TX,2016,5753,-34,tiny
48497,TX,2016,47450,1189,small
48499,TX,2016,29607,414,small
48501,TX,2016,7406,-16,tiny
48503,TX,2016,13741,19,small
48505,TX,2016,10371,-54,small
48507,TX,2016,8283,-50,tiny
55001,WI,2016,13443,217,small
55003,WI,2016,11610,-20,small
55005,WI,2016,36806,-84,small
55007,WI,2016,12061,89,small
55009,WI,2016,216607,-86,large
55011,WI,2016,10971,10,small
55013,WI,2016,11977,173,small
55015,WI,2016,41709,291,small
55017,WI,2016,50635,104,medium
55019,WI,2016,28151,-41,small
55021,WI,2016,46565,479,small
55023,WI,2016,12461,2,small
55025,WI,2016,420038,-1856,large
55027,WI,2016,67990,330,medium
55029,WI,2016,23839,181,small
55031,WI,2016,31823,66,small
55033,WI,2016,30787,99,small
55035,WI,2016,74912,-321,medium
55037,WI,2016,3435,12,tiny
55039,WI,2016,83006,201,medium
55041,WI,2016,6902,46,tiny
55043,WI,2016,38132,-90,small
55045,WI,2016,31030,171,small
55047,WI,2016,14927,105,small
55049,WI,2016,19707,127,small
55051,WI,2016,4510,26,tiny
55053,WI,2016,15044,37,small
55055,WI,2016,66340,310,medium
55057,WI,2016,19022,103,small
55059,WI,2016,130259,947,large
55061,WI,2016,17063,37,small
55063,WI,2016,88418,-262,medium
55065,WI,2016,14237,-77,small
55067,WI,2016,15325,48,small
55069,WI,2016,22695,96,small
55071,WI,2016,65947,35,medium
55073,WI,2016,113762,81,large
55075,WI,2016,31538,94,small
55077,WI,2016,11771,181,small
55078,WI,2016,3113,3,tiny
55079,WI,2016,697935,-8076,very large
55081,WI,2016,35598,-57,small
55083,WI,2016,30499,292,small
55085,WI,2016,29455,92,small
55087,WI,2016,153126,274,large
55089,WI,2016,75549,1156,medium
55091,WI,2016,5815,-14,tiny
55093,WI,2016,30457,142,small
55095,WI,2016,35249,278,small
55097,WI,2016,53747,-142,medium
55099,WI,2016,10908,21,small
55101,WI,2016,156282,1000,large
55103,WI,2016,13219,38,small
55105,WI,2016,129505,687,large
55107,WI,2016,10619,7,small
55109,WI,2016,73555,621,medium
55111,WI,2016,52504,156,medium
55113,WI,2016,12865,19,small
55115,WI,2016,31971,86,small
55117,WI,2016,97607,69,medium
55119,WI,2016,15998,10,small
55121,WI,2016,26268,4,small
55123,WI,2016,23630,34,small
55125,WI,2016,16862,221,small
55127,WI,2016,78810,543,medium
55129,WI,2016,12835,96,small
55131,WI,2016,114646,1143,large
55133,WI,2016,342154,3967,large
55135,WI,2016,40544,128,small
55137,WI,2016,17925,175,small
55139,WI,2016,129280,-74,large
55141,WI,2016,60423,-126,medium
12001,FL,2017,166305,-957,large
12003,FL,2017,18658,138,small
12005,FL,2017,127285,-1183,large
12007,FL,2017,16672,19,small
12009,FL,2017,437221,3943,large
12011,FL,2017,1409772,63,enormous
12013,FL,2017,8119,-35,tiny
12015,FL,2017,120674,1286,large
12017,FL,2017,99864,848,medium
12019,FL,2017,161688,834,large
12021,FL,2017,278168,2647,large
12023,FL,2017,44658,386,small
12027,FL,2017,20968,32,small
12029,FL,2017,8495,0,tiny
12031,FL,2017,685157,2285,very large
12033,FL,2017,216831,-460,large
12035,FL,2017,80218,671,medium
12037,FL,2017,6780,14,tiny
12039,FL,2017,32047,-54,small
12041,FL,2017,11095,40,small
12043,FL,2017,6032,8,tiny
12045,FL,2017,8644,-24,tiny
12047,FL,2017,7788,-4,tiny
12049,FL,2017,18236,-73,small
12051,FL,2017,27594,-18,small
12053,FL,2017,127352,1659,large
12055,FL,2017,66513,317,medium
12057,FL,2017,1021921,5690,enormous
12059,FL,2017,11245,23,small
12061,FL,2017,113540,1169,large
12063,FL,2017,29629,-2,small
12065,FL,2017,9224,15,tiny
12067,FL,2017,4367,-3,tiny
12069,FL,2017,254976,5328,large
12071,FL,2017,520973,6132,very large
12073,FL,2017,182314,-772,large
12075,FL,2017,27057,138,small
12077,FL,2017,4483,0,tiny
12079,FL,2017,11717,10,small
12081,FL,2017,273511,3243,large
12083,FL,2017,249739,2388,large
12085,FL,2017,113723,740,large
12086,FL,2017,1970178,-19421,enormous
12087,FL,2017,54759,-492,medium
12089,FL,2017,64273,727,medium
12091,FL,2017,154721,694,large
12093,FL,2017,25326,220,small
12095,FL,2017,968918,-53,very large
12097,FL,2017,257666,3006,large
12099,FL,2017,1068302,5572,enormous
12101,FL,2017,365372,6421,large
12103,FL,2017,670847,4112,very large
12105,FL,2017,485526,7311,large
12107,FL,2017,46511,98,small
12109,FL,2017,190024,3792,large
12111,FL,2017,223938,3571,large
12113,FL,2017,127733,798,large
12115,FL,2017,298572,4004,large
12117,FL,2017,338862,1758,large
12119,FL,2017,86578,1150,medium
12121,FL,2017,27399,125,small
12123,FL,2017,13356,-28,small
12125,FL,2017,7920,81,tiny
12127,FL,2017,376299,3810,large
12129,FL,2017,21879,267,small
12131,FL,2017,46888,401,small
12133,FL,2017,15165,69,small
13001,GA,2017,12691,4,small
13003,GA,2017,5489,-4,tiny
13005,GA,2017,7431,-17,tiny
13007,GA,2017,1919,-34,tiny
13009,GA,2017,26344,2,small
13011,GA,2017,12286,66,small
13013,GA,2017,57404,1141,medium
13015,GA,2017,76009,450,medium
13017,GA,2017,11177,-12,small
13019,GA,2017,11559,38,small
13021,GA,2017,104380,-137,large
13023,GA,2017,8277,38,tiny
13025,GA,2017,11660,23,small
13027,GA,2017,10093,-24,small
13029,GA,2017,30075,336,small
13031,GA,2017,42946,-37,small
13033,GA,2017,16075,-47,small
13035,GA,2017,15497,289,small
13037,GA,2017,3277,-31,tiny
13039,GA,2017,36630,-52,small
13043,GA,2017,7037,17,tiny
13045,GA,2017,79930,239,medium
13047,GA,2017,46171,122,small
13049,GA,2017,6102,41,tiny
13051,GA,2017,186288,-764,large
13053,GA,2017,4170,-181,tiny
13055,GA,2017,16179,5,small
13057,GA,2017,194548,2344,large
13059,GA,2017,67467,-350,medium
13061,GA,2017,1888,0,tiny
13063,GA,2017,189566,952,large
13065,GA,2017,4409,0,tiny
13067,GA,2017,553934,1443,very large
13069,GA,2017,27950,-23,small
13071,GA,2017,31094,-9,small
13073,GA,2017,113214,1123,large
13075,GA,2017,10953,20,small
13077,GA,2017,109358,592,large
13079,GA,2017,8221,37,tiny
13081,GA,2017,13753,3,small
13083,GA,2017,10327,-20,small
13085,GA,2017,16955,193,small
13087,GA,2017,18436,-15,small
13089,GA,2017,502682,-2487,very large
13091,GA,2017,12484,-29,small
13093,GA,2017,6370,-46,tiny
13095,GA,2017,56573,-364,medium
13097,GA,2017,98422,910,medium
13099,GA,2017,6950,25,tiny
13101,GA,2017,2393,10,tiny
13103,GA,2017,45132,644,small
13105,GA,2017,14166,11,small
13107,GA,2017,15570,-31,small
13109,GA,2017,7191,28,tiny
13111,GA,2017,17248,114,small
13113,GA,2017,91330,519,medium
13115,GA,2017,69533,4,medium
13117,GA,2017,189570,3698,large
13119,GA,2017,15523,37,small
13121,GA,2017,717162,1099,very large
13123,GA,2017,21023,85,small
13125,GA,2017,1855,0,tiny
13127,GA,2017,57866,-210,medium
13129,GA,2017,41752,32,small
13131,GA,2017,17208,-7,small
13133,GA,2017,12939,105,small
13135,GA,2017,698136,4733,very large
13137,GA,2017,31613,69,small
13139,GA,2017,154783,996,large
13141,GA,2017,4873,-15,tiny
13143,GA,2017,20176,140,small
13145,GA,2017,24936,324,small
13147,GA,2017,17740,55,small
13149,GA,2017,7243,13,tiny
13151,GA,2017,164840,3294,large
13153,GA,2017,116891,373,large
13155,GA,2017,6052,17,tiny
13157,GA,2017,51823,904,medium
13159,GA,2017,9879,125,tiny
13161,GA,2017,9906,12,tiny
13163,GA,2017,11778,-66,small
13165,GA,2017,4990,-22,tiny
13167,GA,2017,5173,10,tiny
13169,GA,2017,20600,71,small
13171,GA,2017,11799,155,small
13173,GA,2017,5687,-6,tiny
13175,GA,2017,34734,-77,small
13177,GA,2017,23622,290,small
13179,GA,2017,39560,-273,small
13181,GA,2017,5473,46,tiny
13183,GA,2017,9306,164,tiny
13185,GA,2017,74020,-51,medium
13187,GA,2017,19549,73,small
13189,GA,2017,15864,-38,small
13191,GA,2017,7301,59,tiny
13193,GA,2017,7293,-66,tiny
13195,GA,2017,21011,191,small
13197,GA,2017,4700,2,tiny
13199,GA,2017,14131,29,small
13201,GA,2017,3583,34,tiny
13205,GA,2017,14214,-23,small
13207,GA,2017,19405,147,small
13209,GA,2017,5228,7,tiny
13211,GA,2017,14412,105,small
13213,GA,2017,27778,2,small
13215,GA,2017,132640,-210,large
13217,GA,2017,75983,851,medium
13219,GA,2017,32306,404,small
13221,GA,2017,9981,87,tiny
13223,GA,2017,117427,1725,large
13225,GA,2017,17507,9,small
13227,GA,2017,24357,224,small
13229,GA,2017,13458,36,small
13231,GA,2017,13635,151,small
13233,GA,2017,29434,114,small
13235,GA,2017,5828,0,tiny
13237,GA,2017,14998,42,small
13239,GA,2017,1339,-33,tiny
13241,GA,2017,12021,67,small
13243,GA,2017,4299,0,tiny
13245,GA,2017,129072,-428,large
13247,GA,2017,60803,423,medium
13249,GA,2017,3221,-11,tiny
13251,GA,2017,9247,11,tiny
13253,GA,2017,5507,-26,tiny
13255,GA,2017,44585,393,small
13257,GA,2017,17729,43,small
13259,GA,2017,2552,-49,tiny
13261,GA,2017,19941,-27,small
13263,GA,2017,3986,-10,tiny
13265,GA,2017,1004,0,tiny
13267,GA,2017,13646,-1,small
13269,GA,2017,5466,-4,tiny
13271,GA,2017,6534,-4,tiny
13273,GA,2017,6387,-10,tiny
13275,GA,2017,31674,-100,small
13277,GA,2017,29036,-41,small
13279,GA,2017,18536,-13,small
13281,GA,2017,7991,-4,tiny
13283,GA,2017,4071,0,tiny
13285,GA,2017,48475,-6,small
13287,GA,2017,5911,3,tiny
13289,GA,2017,5546,-27,tiny
13291,GA,2017,16717,93,small
13293,GA,2017,18155,20,small
13295,GA,2017,43887,77,small
13297,GA,2017,67793,1002,medium
13299,GA,2017,22964,-2,small
13301,GA,2017,3634,-36,tiny
13303,GA,2017,13846,-24,small
13305,GA,2017,19062,24,small
13307,GA,2017,1556,0,tiny
13309,GA,2017,3231,0,tiny
13311,GA,2017,18895,34,small
13313,GA,2017,81911,-33,medium
13315,GA,2017,4661,2,tiny
13317,GA,2017,6915,0,tiny
13319,GA,2017,6364,-47,tiny
13321,GA,2017,14013,-44,small
19001,IA,2017,5775,24,tiny
19003,IA,2017,3061,0,tiny
19005,IA,2017,11810,-9,small
19007,IA,2017,9267,-4,tiny
19009,IA,2017,4547,12,tiny
19011,IA,2017,21357,62,small
19013,IA,2017,96100,-298,medium
19015,IA,2017,21306,44,small
19017,IA,2017,20078,37,small
19019,IA,2017,17135,24,small
19021,IA,2017,17060,-94,small
19023,IA,2017,12243,15,small
19025,IA,2017,7806,-22,tiny
19027,IA,2017,17660,-28,small
19029,IA,2017,10681,-18,small
19031,IA,2017,15196,9,small
19033,IA,2017,33232,-75,small
19035,IA,2017,9662,21,tiny
19037,IA,2017,10156,-7,small
19039,IA,2017,7663,15,tiny
19041,IA,2017,13289,18,small
19043,IA,2017,14457,39,small
19045,IA,2017,37067,-40,small
19047,IA,2017,14614,-51,small
19049,IA,2017,73371,835,medium
19051,IA,2017,7279,-9,tiny
19053,IA,2017,5369,-13,tiny
19055,IA,2017,14939,62,small
19057,IA,2017,30856,-50,small
19059,IA,2017,14333,7,small
19061,IA,2017,79880,-163,medium
19063,IA,2017,7371,-12,tiny
19065,IA,2017,15092,-24,small
19067,IA,2017,12695,-43,small
19069,IA,2017,8127,-2,tiny
19071,IA,2017,5469,47,tiny
19073,IA,2017,7261,-26,tiny
19075,IA,2017,10378,7,small
19077,IA,2017,8741,26,tiny
19079,IA,2017,12214,7,small
19081,IA,2017,9013,10,tiny
19083,IA,2017,13399,-10,small
19085,IA,2017,11594,46,small
19087,IA,2017,15076,-38,small
19089,IA,2017,7950,-7,tiny
19091,IA,2017,7897,-8,tiny
19093,IA,2017,5727,-1,tiny
19095,IA,2017,13960,52,small
19097,IA,2017,16227,13,small
19099,IA,2017,28900,68,small
19101,IA,2017,11478,-12,small
19103,IA,2017,102595,-598,large
19105,IA,2017,15694,0,small
19107,IA,2017,7936,10,tiny
19109,IA,2017,12634,8,small
19111,IA,2017,25866,-62,small
19113,IA,2017,180311,-26,large
19115,IA,2017,8944,-10,tiny
19117,IA,2017,6933,-47,tiny
19119,IA,2017,10559,-11,small
19121,IA,2017,13184,65,small
19123,IA,2017,16953,-48,small
19125,IA,2017,27072,-13,small
19127,IA,2017,32466,-132,small
19129,IA,2017,12032,28,small
19131,IA,2017,8670,34,tiny
19133,IA,2017,6882,-11,tiny
19135,IA,2017,5959,1,tiny
19137,IA,2017,7793,-28,tiny
19139,IA,2017,35230,-67,small
19141,IA,2017,11718,-19,small
19143,IA,2017,5158,-12,tiny
19145,IA,2017,10852,1,small
19147,IA,2017,7167,4,tiny
19149,IA,2017,21825,1,small
19151,IA,2017,5610,5,tiny
19153,IA,2017,385627,138,large
19155,IA,2017,71010,-49,medium
19157,IA,2017,13706,40,small
19159,IA,2017,3656,-17,tiny
19161,IA,2017,8198,1,tiny
19163,IA,2017,136806,93,large
19165,IA,2017,9885,8,tiny
19167,IA,2017,29981,-11,small
19169,IA,2017,58448,-356,medium
19171,IA,2017,14115,-18,small
19173,IA,2017,4802,-15,tiny
19175,IA,2017,9253,-48,tiny
19177,IA,2017,5618,-15,tiny
19179,IA,2017,25850,-20,small
19181,IA,2017,41769,239,small
19183,IA,2017,18764,24,small
19185,IA,2017,5157,-16,tiny
19187,IA,2017,26633,-76,small
19189,IA,2017,8433,4,tiny
19191,IA,2017,16228,-3,small
19193,IA,2017,80146,-43,medium
19195,IA,2017,6125,-9,tiny
19197,IA,2017,10215,-30,small
23001,ME,2017,78642,169,medium
23003,ME,2017,49560,-114,small
23005,ME,2017,233051,458,large
23007,ME,2017,20686,6,small
23009,ME,2017,41576,43,small
23011,ME,2017,91844,87,medium
23013,ME,2017,30849,-73,small
23015,ME,2017,26992,55,small
23017,ME,2017,41020,213,small
23019,ME,2017,107855,-207,large
23021,ME,2017,11589,8,small
23023,ME,2017,28171,131,small
23025,ME,2017,35506,16,small
23027,ME,2017,29005,-74,small
23029,ME,2017,22392,-37,small
23031,ME,2017,164014,1271,large
26001,MI,2017,7350,97,tiny
26003,MI,2017,6525,13,tiny
26005,MI,2017,96418,230,medium
26007,MI,2017,22308,14,small
26009,MI,2017,17931,-10,small
26011,MI,2017,11326,14,small
26013,MI,2017,5545,-7,tiny
26015,MI,2017,48971,195,small
26017,MI,2017,83733,-54,medium
26019,MI,2017,13862,18,small
26021,MI,2017,118952,107,large
26023,MI,2017,32157,-7,small
26025,MI,2017,99055,-122,medium
26027,MI,2017,38456,221,small
26029,MI,2017,21137,12,small
26031,MI,2017,19669,72,small
26033,MI,2017,25429,-11,small
26035,MI,2017,21104,235,small
26037,MI,2017,63093,362,medium
26039,MI,2017,9514,17,tiny
26041,MI,2017,28876,-1,small
26043,MI,2017,20877,-19,small
26045,MI,2017,84720,191,medium
26047,MI,2017,27257,44,small
26049,MI,2017,305837,-22,large
26051,MI,2017,18532,72,small
26053,MI,2017,10254,-18,small
26055,MI,2017,75183,252,medium
26057,MI,2017,28514,-65,small
26059,MI,2017,33906,23,small
26061,MI,2017,24767,-91,small
26063,MI,2017,26519,1,small
26065,MI,2017,190027,-999,large
26067,MI,2017,47553,68,small
26069,MI,2017,18238,100,small
26071,MI,2017,8551,3,tiny
26073,MI,2017,41299,-140,small
26075,MI,2017,116709,189,large
26077,MI,2017,193696,-158,large
26079,MI,2017,13119,60,small
26081,MI,2017,519888,-321,very large
26083,MI,2017,1611,12,tiny
26085,MI,2017,7077,-12,tiny
26087,MI,2017,71289,138,medium
26089,MI,2017,18234,-6,small
26091,MI,2017,76039,174,medium
26093,MI,2017,161456,675,large
26095,MI,2017,4016,0,tiny
26097,MI,2017,8633,7,tiny
26099,MI,2017,706540,602,very large
26101,MI,2017,17919,58,small
26103,MI,2017,48687,-61,small
26105,MI,2017,22896,-23,small
26107,MI,2017,27428,72,small
26109,MI,2017,17663,-5,small
26111,MI,2017,67311,72,medium
26113,MI,2017,11449,-22,small
26115,MI,2017,122402,700,large
26117,MI,2017,46538,122,small
26119,MI,2017,6666,63,tiny
26121,MI,2017,130333,248,large
26123,MI,2017,36890,128,small
26125,MI,2017,1018756,-625,enormous
26127,MI,2017,20635,37,small
26129,MI,2017,15007,167,small
26131,MI,2017,4140,0,tiny
26133,MI,2017,16936,-23,small
26135,MI,2017,5784,-5,tiny
26137,MI,2017,19794,55,small
26139,MI,2017,235904,588,large
26141,MI,2017,10133,1,small
26143,MI,2017,16561,152,small
26145,MI,2017,144878,-312,large
26147,MI,2017,128262,245,large
26149,MI,2017,47954,-17,small
26151,MI,2017,32260,120,small
26153,MI,2017,6198,-21,tiny
26155,MI,2017,54053,78,medium
26157,MI,2017,42313,40,small
26159,MI,2017,58498,73,medium
26161,MI,2017,255873,-978,large
26163,MI,2017,1273574,-3312,enormous
26165,MI,2017,25119,101,small
27001,MN,2017,11519,65,small
27003,MN,2017,292041,1764,large
27005,MN,2017,27268,56,small
27007,MN,2017,32851,-65,small
27009,MN,2017,31403,-41,small
27011,MN,2017,4106,0,tiny
27013,MN,2017,46827,-204,small
27015,MN,2017,21776,-24,small
27017,MN,2017,27219,115,small
27019,MN,2017,89999,864,medium
27021,MN,2017,22921,130,small
27023,MN,2017,9991,10,tiny
27025,MN,2017,45389,369,small
27027,MN,2017,47984,61,small
27029,MN,2017,6578,-12,tiny
27031,MN,2017,4409,15,tiny
27033,MN,2017,9559,19,tiny
27035,MN,2017,50874,215,medium
27037,MN,2017,362388,2491,large
27039,MN,2017,17929,67,small
27041,MN,2017,31901,75,small
27043,MN,2017,11327,-24,small
27045,MN,2017,17372,1,small
27047,MN,2017,24832,-61,small
27049,MN,2017,39123,46,small
27051,MN,2017,4943,-4,tiny
27053,MN,2017,996326,-3004,very large
27055,MN,2017,16076,41,small
27057,MN,2017,16227,54,small
27059,MN,2017,31373,271,small
27061,MN,2017,34795,17,small
27063,MN,2017,8514,2,tiny
27065,MN,2017,12017,35,small
27067,MN,2017,36652,-139,small
27069,MN,2017,3664,0,tiny
27071,MN,2017,9318,-4,tiny
27073,MN,2017,5680,14,tiny
27075,MN,2017,8357,19,tiny
27077,MN,2017,3090,-9,tiny
27079,MN,2017,23847,90,small
27081,MN,2017,4745,-2,tiny
27083,MN,2017,20582,-117,small
27085,MN,2017,30788,78,small
27087,MN,2017,3923,-12,tiny
27089,MN,2017,7809,-7,tiny
27091,MN,2017,16827,-33,small
27093,MN,2017,19288,39,small
27095,MN,2017,19573,31,small
27097,MN,2017,27315,89,small
27099,MN,2017,32616,-60,small
27101,MN,2017,7063,-1,tiny
27103,MN,2017,26075,-97,small
27105,MN,2017,18470,-69,small
27107,MN,2017,5372,-8,tiny
27109,MN,2017,131708,-331,large
27111,MN,2017,48860,126,small
27113,MN,2017,11175,-12,small
27115,MN,2017,20409,108,small
27117,MN,2017,7872,-2,tiny
27119,MN,2017,24772,-38,small
27121,MN,2017,9358,-2,tiny
27123,MN,2017,412128,-1160,large
27125,MN,2017,3258,2,tiny
27127,MN,2017,12761,0,small
27129,MN,2017,12306,18,small
27131,MN,2017,50556,-110,medium
27133,MN,2017,8165,12,tiny
27135,MN,2017,13136,-36,small
27137,MN,2017,146635,-161,large
27139,MN,2017,124898,679,large
27141,MN,2017,77730,540,medium
27143,MN,2017,12670,15,small
27145,MN,2017,123271,-342,large
27147,MN,2017,31801,-62,small
27149,MN,2017,8180,-4,tiny
27151,MN,2017,7654,-3,tiny
27153,MN,2017,19334,4,small
27155,MN,2017,2712,0,tiny
27157,MN,2017,18199,-1,small
27159,MN,2017,10543,-15,small
27161,MN,2017,15185,6,small
27163,MN,2017,220075,1843,large
27165,MN,2017,9010,-20,tiny
27167,MN,2017,5421,-34,tiny
27169,MN,2017,36349,-55,small
27171,MN,2017,115337,1067,large
27173,MN,2017,8163,-6,tiny
31001,NE,2017,24522,-88,small
31003,NE,2017,5362,3,tiny
31005,NE,2017,362,0,tiny
31007,NE,2017,534,0,tiny
31009,NE,2017,382,0,tiny
31011,NE,2017,4729,0,tiny
31013,NE,2017,8892,0,tiny
31015,NE,2017,1569,0,tiny
31017,NE,2017,2284,0,tiny
31019,NE,2017,37993,-35,small
31021,NE,2017,5567,19,tiny
31023,NE,2017,6945,1,tiny
31025,NE,2017,21935,113,small
31027,NE,2017,7552,-24,tiny
31029,NE,2017,3294,0,tiny
31031,NE,2017,4656,0,tiny
31033,NE,2017,7260,-17,tiny
31035,NE,2017,5146,7,tiny
31037,NE,2017,9622,-25,tiny
31039,NE,2017,7926,8,tiny
31041,NE,2017,9078,-21,tiny
31043,NE,2017,17758,-77,small
31045,NE,2017,5767,-5,tiny
31047,NE,2017,20757,-76,small
31049,NE,2017,1383,0,tiny
31051,NE,2017,4991,-1,tiny
31053,NE,2017,29261,-68,small
31055,NE,2017,451949,-711,large
31057,NE,2017,1365,0,tiny
31059,NE,2017,4815,8,tiny
31061,NE,2017,2398,0,tiny
31063,NE,2017,2015,0,tiny
31065,NE,2017,3869,0,tiny
31067,NE,2017,17493,-18,small
31069,NE,2017,1415,0,tiny
31071,NE,2017,1417,0,tiny
31073,NE,2017,1580,0,tiny
31075,NE,2017,615,0,tiny
31077,NE,2017,1950,0,tiny
31079,NE,2017,50687,-177,medium
31081,NE,2017,8205,1,tiny
31083,NE,2017,2613,0,tiny
31085,NE,2017,720,0,tiny
31087,NE,2017,2154,-9,tiny
31089,NE,2017,9059,-19,tiny
31091,NE,2017,609,0,tiny
31093,NE,2017,5402,9,tiny
31095,NE,2017,5759,-30,tiny
31097,NE,2017,3541,-16,tiny
31099,NE,2017,5413,-3,tiny
31101,NE,2017,6432,3,tiny
31103,NE,2017,648,0,tiny
31105,NE,2017,2547,0,tiny
31107,NE,2017,6944,-15,tiny
31109,NE,2017,241419,-325,large
31111,NE,2017,28113,-74,small
31113,NE,2017,604,0,tiny
31115,NE,2017,462,0,tiny
31117,NE,2017,377,0,tiny
31119,NE,2017,28492,-36,small
31121,NE,2017,6277,7,tiny
31123,NE,2017,3609,7,tiny
31125,NE,2017,2783,-8,tiny
31127,NE,2017,5204,-10,tiny
31129,NE,2017,3513,0,tiny
31131,NE,2017,13071,-37,small
31133,NE,2017,2107,0,tiny
31135,NE,2017,2520,0,tiny
31137,NE,2017,7504,5,tiny
31139,NE,2017,6259,7,tiny
31141,NE,2017,29697,-52,small
31143,NE,2017,4453,-6,tiny
31145,NE,2017,8303,8,tiny
31147,NE,2017,6337,-16,tiny
31149,NE,2017,1036,0,tiny
31151,NE,2017,11668,-2,small
31153,NE,2017,150482,734,large
31155,NE,2017,17900,125,small
31157,NE,2017,27848,-40,small
31159,NE,2017,14046,-33,small
31161,NE,2017,3932,10,tiny
31163,NE,2017,2451,-16,tiny
31165,NE,2017,883,0,tiny
31167,NE,2017,4844,2,tiny
31169,NE,2017,4347,-12,tiny
31171,NE,2017,535,0,tiny
31173,NE,2017,5339,-18,tiny
31175,NE,2017,3511,0,tiny
31177,NE,2017,17560,178,small
31179,NE,2017,6549,-35,tiny
31181,NE,2017,2695,-7,tiny
31183,NE,2017,657,0,tiny
31185,NE,2017,11172,-24,small
32001,NV,2017,17972,125,small
32003,NV,2017,1664780,19004,enormous
32005,NV,2017,39745,458,small
32007,NV,2017,41813,-88,small
32009,NV,2017,549,0,tiny
32011,NV,2017,1283,0,tiny
32013,NV,2017,13559,-11,small
32015,NV,2017,4287,-4,tiny
32017,NV,2017,3198,34,tiny
32019,NV,2017,42085,847,small
32021,NV,2017,2871,-20,tiny
32023,NV,2017,28407,752,small
32027,NV,2017,3375,2,tiny
32029,NV,2017,2763,49,tiny
32031,NV,2017,357859,3347,large
32033,NV,2017,6304,28,tiny
32510,NV,2017,41397,296,small
33001,NH,2017,49826,292,small
33003,NH,2017,38802,300,small
33005,NH,2017,57415,146,medium
33007,NH,2017,22526,135,small
33009,NH,2017,65354,2,medium
33011,NH,2017,334307,590,large
33013,NH,2017,116906,835,large
33015,NH,2017,261437,1297,large
33017,NH,2017,94225,262,medium
33019,NH,2017,33019,97,small
37001,NC,2017,120449,1203,large
37003,NC,2017,26332,59,small
37005,NC,2017,7801,-10,tiny
37007,NC,2017,15683,-35,small
37009,NC,2017,18897,17,small
37011,NC,2017,11280,-13,small
37013,NC,2017,34017,-29,small
37015,NC,2017,12517,-52,small
37017,NC,2017,20765,-37,small
37019,NC,2017,92505,1675,medium
37021,NC,2017,190108,570,large
37023,NC,2017,62639,36,medium
37025,NC,2017,161616,2061,large
37027,NC,2017,57445,-39,medium
37029,NC,2017,7923,45,tiny
37031,NC,2017,49482,223,small
37033,NC,2017,15236,70,small
37035,NC,2017,121003,75,large
37037,NC,2017,57813,758,medium
37039,NC,2017,18768,48,small
37041,NC,2017,10277,-37,small
37043,NC,2017,7480,-7,tiny
37045,NC,2017,70291,192,medium
37047,NC,2017,35337,-81,small
37049,NC,2017,72702,-311,medium
37051,NC,2017,221118,-528,large
37053,NC,2017,19805,260,small
37055,NC,2017,29053,24,small
37057,NC,2017,124850,560,large
37059,NC,2017,32828,121,small
37061,NC,2017,38360,-93,small
37063,NC,2017,215168,-232,large
37065,NC,2017,35235,-210,small
37067,NC,2017,277995,482,large
37069,NC,2017,46241,830,small
37071,NC,2017,160613,950,large
37073,NC,2017,7743,15,tiny
37075,NC,2017,6038,3,tiny
37077,NC,2017,42540,341,small
37079,NC,2017,13070,112,small
37081,NC,2017,384665,838,large
37083,NC,2017,34549,-110,small
37085,NC,2017,88282,1104,medium
37087,NC,2017,44560,249,small
37089,NC,2017,86301,520,medium
37091,NC,2017,13544,-56,small
37093,NC,2017,34056,265,small
37095,NC,2017,3355,0,tiny
37097,NC,2017,136880,827,large
37099,NC,2017,23890,-84,small
37101,NC,2017,149132,2084,large
37103,NC,2017,6617,36,tiny
37105,NC,2017,44233,221,small
37107,NC,2017,38868,-436,small
37109,NC,2017,63292,682,medium
37111,NC,2017,31471,96,small
37113,NC,2017,25426,27,small
37115,NC,2017,14362,54,small
37117,NC,2017,16468,-38,small
37119,NC,2017,785439,2755,very large
37121,NC,2017,10414,29,small
37123,NC,2017,19179,16,small
37125,NC,2017,73415,494,medium
37127,NC,2017,70553,187,medium
37129,NC,2017,148718,264,large
37131,NC,2017,12361,-35,small
37133,NC,2017,124909,-272,large
37135,NC,2017,98090,-61,medium
37137,NC,2017,8417,37,tiny
37139,NC,2017,27987,34,small
37141,NC,2017,41334,318,small
37143,NC,2017,9289,22,tiny
37145,NC,2017,28787,169,small
37147,NC,2017,115389,-69,large
37149,NC,2017,14153,-10,small
37151,NC,2017,108319,90,large
37153,NC,2017,30671,-87,small
37155,NC,2017,84575,-446,medium
37157,NC,2017,66228,74,medium
37159,NC,2017,104376,214,large
37161,NC,2017,44560,67,small
37163,NC,2017,46453,26,small
37165,NC,2017,22605,-39,small
37167,NC,2017,44934,188,small
37169,NC,2017,33011,-8,small
37171,NC,2017,52505,13,medium
37173,NC,2017,12282,-15,small
37175,NC,2017,23117,66,small
37177,NC,2017,2716,0,tiny
37179,NC,2017,186147,1941,large
37181,NC,2017,30649,53,small
37183,NC,2017,842286,4739,very large
37185,NC,2017,12261,3,small
37187,NC,2017,8143,-77,tiny
37189,NC,2017,29264,-111,small
37191,NC,2017,85544,-195,medium
37193,NC,2017,48131,-37,small
37195,NC,2017,59587,40,medium
37197,NC,2017,28013,23,small
37199,NC,2017,12585,56,small
39001,OH,2017,19171,-10,small
39003,OH,2017,77259,-122,medium
39005,OH,2017,40348,6,small
39007,OH,2017,72922,-45,medium
39009,OH,2017,33027,-149,small
39011,OH,2017,38790,7,small
39013,OH,2017,49329,-30,small
39015,OH,2017,32008,34,small
39017,OH,2017,289601,306,large
39019,OH,2017,20885,48,small
39021,OH,2017,30133,-50,small
39023,OH,2017,101913,44,large
39025,OH,2017,161487,496,large
39027,OH,2017,31666,-12,small
39029,OH,2017,76556,-61,medium
39031,OH,2017,27768,14,small
39033,OH,2017,32155,-49,small
39035,OH,2017,936588,-3215,very large
39037,OH,2017,42380,4,small
39039,OH,2017,31094,-11,small
39041,OH,2017,171725,2126,large
39043,OH,2017,59767,9,medium
39045,OH,2017,120159,1091,large
39047,OH,2017,21214,43,small
39049,OH,2017,967501,-1633,very large
39051,OH,2017,35610,29,small
39053,OH,2017,20682,-11,small
39055,OH,2017,80792,258,medium
39057,OH,2017,122480,34,large
39059,OH,2017,29141,-1,small
39061,OH,2017,621421,-1491,very large
39063,OH,2017,60024,25,medium
39065,OH,2017,21647,-6,small
39067,OH,2017,10907,-22,small
39069,OH,2017,23201,-61,small
39071,OH,2017,30894,-3,small
39073,OH,2017,20563,57,small
39075,OH,2017,34722,-24,small
39077,OH,2017,46932,-18,small
39079,OH,2017,23408,12,small
39081,OH,2017,47967,-75,small
39083,OH,2017,46666,200,small
39085,OH,2017,191171,668,large
39087,OH,2017,43076,48,small
39089,OH,2017,136382,962,large
39091,OH,2017,36212,136,small
39093,OH,2017,242187,1159,large
39095,OH,2017,314547,-620,large
39097,OH,2017,31139,272,small
39099,OH,2017,172425,-228,large
39101,OH,2017,45461,58,small
39103,OH,2017,152337,815,large
39105,OH,2017,15897,-26,small
39107,OH,2017,36282,-11,small
39109,OH,2017,85707,356,medium
39111,OH,2017,10564,-25,small
39113,OH,2017,395537,-832,large
39115,OH,2017,10112,14,small
39117,OH,2017,26477,184,small
39119,OH,2017,65359,-1,medium
39121,OH,2017,9290,-12,tiny
39123,OH,2017,33099,127,small
39125,OH,2017,15136,-11,small
39127,OH,2017,25767,64,small
39129,OH,2017,41250,458,small
39131,OH,2017,19467,-44,small
39133,OH,2017,115429,176,large
39135,OH,2017,32117,4,small
39137,OH,2017,30191,-34,small
39139,OH,2017,92312,93,medium
39141,OH,2017,53237,46,medium
39143,OH,2017,47155,-76,small
39145,OH,2017,50336,8,medium
39147,OH,2017,42549,-80,small
39149,OH,2017,39782,-37,small
39151,OH,2017,294536,105,large
39153,OH,2017,418237,77,large
39155,OH,2017,155122,27,large
39157,OH,2017,74725,-69,medium
39159,OH,2017,46750,452,small
39161,OH,2017,23390,9,small
39163,OH,2017,8755,7,tiny
39165,OH,2017,190897,1150,large
39167,OH,2017,46889,16,small
39169,OH,2017,93607,-108,medium
39171,OH,2017,29716,-15,small
39173,OH,2017,96272,18,medium
39175,OH,2017,18019,11,small
4001,AZ,2017,46854,-36,small
4003,AZ,2017,89275,55,medium
4005,AZ,2017,92258,-282,medium
4007,AZ,2017,36042,179,small
4009,AZ,2017,22750,85,small
4011,AZ,2017,6322,0,tiny
4012,AZ,2017,10498,9,small
4013,AZ,2017,3174011,23657,enormous
4015,AZ,2017,127549,1902,large
4017,AZ,2017,73876,723,medium
4019,AZ,2017,735057,3216,very large
4021,AZ,2017,256932,4649,large
4023,AZ,2017,40427,-158,small
4025,AZ,2017,163126,2425,large
4027,AZ,2017,164733,309,large
42001,PA,2017,85207,261,medium
42003,PA,2017,961074,-1777,very large
42005,PA,2017,52908,2,medium
42007,PA,2017,135031,142,large
42009,PA,2017,38992,22,small
42011,PA,2017,339355,954,large
42013,PA,2017,97273,-48,medium
42015,PA,2017,48562,2,small
42017,PA,2017,544680,2425,very large
42019,PA,2017,158110,778,large
42021,PA,2017,102767,-62,large
42023,PA,2017,3679,-4,tiny
42025,PA,2017,49043,325,small
42027,PA,2017,96632,-294,medium
42029,PA,2017,440161,1793,large
42031,PA,2017,28187,-9,small
42033,PA,2017,60100,-18,medium
42035,PA,2017,28379,6,small
42037,PA,2017,47056,78,small
42039,PA,2017,64338,-62,medium
42041,PA,2017,202916,868,large
42043,PA,2017,219778,-37,large
42045,PA,2017,446536,1276,large
42047,PA,2017,26115,-15,small
42049,PA,2017,208328,-442,large
42051,PA,2017,98820,-48,medium
42053,PA,2017,3240,-10,tiny
42055,PA,2017,129914,78,large
42057,PA,2017,11755,15,small
42059,PA,2017,26169,-61,small
42061,PA,2017,32658,-13,small
42063,PA,2017,60112,-21,medium
42065,PA,2017,35507,-6,small
42067,PA,2017,19967,18,small
42069,PA,2017,162076,238,large
42071,PA,2017,461632,153,large
42073,PA,2017,67654,-38,medium
42075,PA,2017,116472,198,large
42077,PA,2017,293609,728,large
42079,PA,2017,245979,856,large
42081,PA,2017,88685,-71,medium
42083,PA,2017,30795,-12,small
42085,PA,2017,86089,-93,medium
42087,PA,2017,37317,17,small
42089,PA,2017,122708,1601,large
42091,PA,2017,692803,2713,very large
42093,PA,2017,14295,-72,small
42095,PA,2017,244058,871,large
42097,PA,2017,69507,86,medium
42099,PA,2017,38308,104,small
42101,PA,2017,1002127,-6378,enormous
42103,PA,2017,43028,534,small
42105,PA,2017,12792,-18,small
42107,PA,2017,108939,216,large
42109,PA,2017,31660,-1,small
42111,PA,2017,57844,-15,medium
42113,PA,2017,4476,-2,tiny
42115,PA,2017,31835,-10,small
42117,PA,2017,31391,36,small
42119,PA,2017,29414,-18,small
42121,PA,2017,40189,-20,small
42123,PA,2017,30460,-36,small
42125,PA,2017,167373,535,large
42127,PA,2017,38546,195,small
42129,PA,2017,292223,652,large
42131,PA,2017,21359,-51,small
42133,PA,2017,372204,788,large
48001,TX,2017,33396,-7,small
48003,TX,2017,13952,27,small
48005,TX,2017,63320,-211,medium
48007,TX,2017,15121,-223,small
48009,TX,2017,6745,24,tiny
48011,TX,2017,1517,-7,tiny
48013,TX,2017,36303,308,small
48015,TX,2017,23399,76,small
48017,TX,2017,5036,-16,tiny
48019,TX,2017,15260,128,small
48021,TX,2017,62132,1174,medium
48023,TX,2017,2504,-9,tiny
48025,TX,2017,18154,-66,small
48027,TX,2017,247981,1026,large
48029,TX,2017,1453014,4005,enormous
48031,TX,2017,8484,82,tiny
48033,TX,2017,504,0,tiny
48035,TX,2017,13100,77,small
48037,TX,2017,67299,26,medium
48039,TX,2017,270045,2125,large
48041,TX,2017,132116,-591,large
48043,TX,2017,6516,-42,tiny
48045,TX,2017,1089,0,tiny
48047,TX,2017,5133,-39,tiny
48049,TX,2017,26765,18,small
48051,TX,2017,13420,21,small
48053,TX,2017,35920,397,small
48055,TX,2017,30472,565,small
48057,TX,2017,15653,8,small
48059,TX,2017,9877,30,tiny
48061,TX,2017,323189,-1023,large
48063,TX,2017,9193,35,tiny
48065,TX,2017,4416,-2,tiny
48067,TX,2017,21476,28,small
48069,TX,2017,5602,-14,tiny
48071,TX,2017,33467,498,small
48073,TX,2017,37586,51,small
48075,TX,2017,4132,0,tiny
48077,TX,2017,7690,13,tiny
48079,TX,2017,2060,-19,tiny
48081,TX,2017,2290,8,tiny
48083,TX,2017,5745,-4,tiny
48085,TX,2017,778475,12515,very large
48087,TX,2017,2168,0,tiny
48089,TX,2017,16199,58,small
48091,TX,2017,109894,2808,large
48093,TX,2017,9706,23,tiny
48095,TX,2017,1608,-3,tiny
48097,TX,2017,31495,232,small
48099,TX,2017,44619,24,small
48101,TX,2017,1006,0,tiny
48103,TX,2017,3768,2,tiny
48105,TX,2017,2776,0,tiny
48107,TX,2017,4133,-2,tiny
48109,TX,2017,1629,0,tiny
48111,TX,2017,5956,-10,tiny
48113,TX,2017,1957756,-5722,enormous
48115,TX,2017,8548,-31,tiny
48117,TX,2017,15446,-17,small
48119,TX,2017,3544,13,tiny
48121,TX,2017,641514,7395,very large
48123,TX,2017,13646,-34,small
48125,TX,2017,1321,0,tiny
48127,TX,2017,7157,11,tiny
48129,TX,2017,2205,-5,tiny
48131,TX,2017,7694,-12,tiny
48133,TX,2017,12358,10,small
48135,TX,2017,120494,863,large
48137,TX,2017,1332,0,tiny
48139,TX,2017,139605,2403,large
48141,TX,2017,663195,-1960,very large
48143,TX,2017,25898,30,small
48145,TX,2017,10747,12,small
48147,TX,2017,23517,259,small
48149,TX,2017,19210,84,small
48151,TX,2017,2581,-5,tiny
48153,TX,2017,4321,12,tiny
48155,TX,2017,807,0,tiny
48157,TX,2017,592894,6653,very large
48159,TX,2017,7328,9,tiny
48161,TX,2017,13648,-21,small
48163,TX,2017,11228,-25,small
48165,TX,2017,16643,-3,small
48167,TX,2017,245439,1291,large
48169,TX,2017,3248,-10,tiny
48171,TX,2017,21436,77,small
48173,TX,2017,1146,0,tiny
48175,TX,2017,5367,8,tiny
48177,TX,2017,15738,-6,small
48179,TX,2017,15537,-27,small
48181,TX,2017,97608,721,medium
48183,TX,2017,92850,-47,medium
48185,TX,2017,19072,150,small
48187,TX,2017,125087,1566,large
48189,TX,2017,24089,-47,small
48191,TX,2017,2040,0,tiny
48193,TX,2017,5877,22,tiny
48195,TX,2017,4454,0,tiny
48197,TX,2017,2592,-10,tiny
48199,TX,2017,42234,120,small
48201,TX,2017,3408297,-10247,enormous
48203,TX,2017,49869,-6,small
48205,TX,2017,3165,6,tiny
48207,TX,2017,3448,-10,tiny
48209,TX,2017,147570,3019,large
48211,TX,2017,3242,0,tiny
48213,TX,2017,55144,407,medium
48215,TX,2017,639156,-561,very large
48217,TX,2017,25479,190,small
48219,TX,2017,16708,-18,small
48221,TX,2017,42888,512,small
48223,TX,2017,27039,89,small
48225,TX,2017,13845,57,small
48227,TX,2017,21852,23,small
48229,TX,2017,3894,107,tiny
48231,TX,2017,66515,941,medium
48233,TX,2017,15791,0,small
48235,TX,2017,1190,3,tiny
48237,TX,2017,5695,0,tiny
48239,TX,2017,11579,1,small
48241,TX,2017,24423,20,small
48243,TX,2017,1559,0,tiny
48245,TX,2017,177003,-1063,large
48247,TX,2017,3706,0,tiny
48249,TX,2017,29826,-69,small
48251,TX,2017,129402,1772,large
48253,TX,2017,10913,-7,small
48255,TX,2017,9564,-43,tiny
48257,TX,2017,97550,3402,medium
48259,TX,2017,36750,604,small
48261,TX,2017,242,0,tiny
48263,TX,2017,549,0,tiny
48265,TX,2017,38441,54,small
48267,TX,2017,3199,-8,tiny
48269,TX,2017,219,0,tiny
48271,TX,2017,2303,0,tiny
48273,TX,2017,21090,-81,small
48275,TX,2017,2590,0,tiny
48277,TX,2017,36312,44,small
48279,TX,2017,9728,-19,tiny
48281,TX,2017,15289,68,small
48283,TX,2017,4229,3,tiny
48285,TX,2017,15826,31,small
48287,TX,2017,13400,4,small
48289,TX,2017,12956,60,small
48291,TX,2017,57543,1419,medium
48293,TX,2017,15710,33,small
48295,TX,2017,2602,0,tiny
48297,TX,2017,7766,28,tiny
48299,TX,2017,13420,138,small
48301,TX,2017,62,0,tiny
48303,TX,2017,210419,-297,large
48305,TX,2017,4345,24,tiny
48307,TX,2017,5898,0,tiny
48309,TX,2017,182576,122,large
48311,TX,2017,611,0,tiny
48313,TX,2017,8884,15,tiny
48315,TX,2017,6216,-5,tiny
48317,TX,2017,4031,0,tiny
48319,TX,2017,3285,0,tiny
48321,TX,2017,27691,-92,small
48323,TX,2017,52480,-204,medium
48325,TX,2017,34967,353,small
48327,TX,2017,1485,0,tiny
48329,TX,2017,128688,755,large
48331,TX,2017,18190,40,small
48333,TX,2017,3520,0,tiny
48335,TX,2017,4870,-16,tiny
48337,TX,2017,14380,113,small
48339,TX,2017,429905,6911,large
48341,TX,2017,17678,-46,small
48343,TX,2017,8797,-28,tiny
48345,TX,2017,828,0,tiny
48347,TX,2017,42402,-86,small
48349,TX,2017,36726,274,small
48351,TX,2017,8420,7,tiny
48353,TX,2017,10887,4,small
48355,TX,2017,250233,-655,large
48357,TX,2017,8572,-6,tiny
48359,TX,2017,1646,0,tiny
48361,TX,2017,61418,-199,medium
48363,TX,2017,19913,99,small
48365,TX,2017,17406,6,small
48367,TX,2017,105309,1791,large
48369,TX,2017,7871,-9,tiny
48371,TX,2017,10612,25,small
48373,TX,2017,37092,350,small
48375,TX,2017,82626,-288,medium
48377,TX,2017,7051,-76,tiny
48379,TX,2017,7565,113,tiny
48381,TX,2017,100815,143,large
48383,TX,2017,2851,0,tiny
48385,TX,2017,2544,0,tiny
48387,TX,2017,8521,-15,tiny
48389,TX,2017,8669,-28,tiny
48391,TX,2017,5052,-4,tiny
48393,TX,2017,656,0,tiny
48395,TX,2017,12667,9,small
48397,TX,2017,77091,1427,medium
48399,TX,2017,7622,-23,tiny
48401,TX,2017,36464,52,small
48403,TX,2017,7010,61,tiny
48405,TX,2017,5478,-34,tiny
48407,TX,2017,17261,142,small
48409,TX,2017,51766,-256,medium
48411,TX,2017,4132,0,tiny
48413,TX,2017,2053,-17,tiny
48415,TX,2017,12205,-33,small
48417,TX,2017,2398,-1,tiny
48419,TX,2017,18532,40,small
48421,TX,2017,2133,0,tiny
48423,TX,2017,169790,250,large
48425,TX,2017,6783,42,tiny
48427,TX,2017,52812,-229,medium
48429,TX,2017,6215,0,tiny
48431,TX,2017,1034,0,tiny
48433,TX,2017,1023,0,tiny
48435,TX,2017,3070,-13,tiny
48437,TX,2017,5052,3,tiny
48439,TX,2017,1589191,5724,enormous
48441,TX,2017,100103,-211,large
48443,TX,2017,603,0,tiny
48445,TX,2017,8627,-24,tiny
48447,TX,2017,1006,0,tiny
48449,TX,2017,25606,-65,small
48451,TX,2017,84412,-363,medium
48453,TX,2017,867706,-316,very large
48455,TX,2017,9381,43,tiny
48457,TX,2017,12893,58,small
48459,TX,2017,28504,95,small
48461,TX,2017,2572,0,tiny
48463,TX,2017,20938,-52,small
48465,TX,2017,39709,28,small
48467,TX,2017,39455,367,small
48469,TX,2017,68900,-331,medium
48471,TX,2017,36242,-229,small
48473,TX,2017,33934,688,small
48475,TX,2017,8497,-15,tiny
48477,TX,2017,26473,165,small
48479,TX,2017,225118,-686,large
48481,TX,2017,33299,2,small
48483,TX,2017,4052,0,tiny
48485,TX,2017,86866,-217,medium
48487,TX,2017,9290,-3,tiny
48489,TX,2017,13840,-77,small
48491,TX,2017,432087,9578,large
48493,TX,2017,37363,278,small
48495,TX,2017,5708,-9,tiny
48497,TX,2017,50419,686,medium
48499,TX,2017,31096,229,small
48501,TX,2017,7177,-23,tiny
48503,TX,2017,13861,18,small
48505,TX,2017,10265,2,small
48507,TX,2017,8223,-39,tiny
55001,WI,2017,14098,131,small
55003,WI,2017,11700,1,small
55005,WI,2017,37644,-6,small
55007,WI,2017,12275,-1,small
55009,WI,2017,220373,-74,large
55011,WI,2017,11099,18,small
55013,WI,2017,12417,141,small
55015,WI,2017,43589,28,small
55017,WI,2017,52108,112,medium
55019,WI,2017,28843,7,small
55021,WI,2017,48051,332,small
55023,WI,2017,12796,-34,small
55025,WI,2017,431266,-1178,large
55027,WI,2017,69289,163,medium
55029,WI,2017,24653,129,small
55031,WI,2017,32256,11,small
55033,WI,2017,32243,19,small
55035,WI,2017,77085,-187,medium
55037,WI,2017,3505,-1,tiny
55039,WI,2017,84380,20,medium
55041,WI,2017,7101,2,tiny
55043,WI,2017,38517,-139,small
55045,WI,2017,31738,176,small
55047,WI,2017,15344,71,small
55049,WI,2017,20176,16,small
55051,WI,2017,4673,20,tiny
55053,WI,2017,15307,33,small
55055,WI,2017,68201,263,medium
55057,WI,2017,19790,66,small
55059,WI,2017,132781,609,large
55061,WI,2017,17284,-13,small
55063,WI,2017,90216,-223,medium
55065,WI,2017,14433,13,small
55067,WI,2017,15548,52,small
55069,WI,2017,23072,15,small
55071,WI,2017,66504,27,medium
55073,WI,2017,115426,-128,large
55075,WI,2017,32029,68,small
55077,WI,2017,12221,83,small
55078,WI,2017,3154,-7,tiny
55079,WI,2017,700141,-3470,very large
55081,WI,2017,36399,-25,small
55083,WI,2017,31225,153,small
55085,WI,2017,30409,136,small
55087,WI,2017,157465,53,large
55089,WI,2017,78364,472,medium
55091,WI,2017,6036,21,tiny
55093,WI,2017,31376,74,small
55095,WI,2017,35982,183,small
55097,WI,2017,54958,-99,medium
55099,WI,2017,11192,21,small
55101,WI,2017,158708,475,large
55103,WI,2017,13511,-6,small
55105,WI,2017,131561,259,large
55107,WI,2017,10964,-3,small
55109,WI,2017,76664,347,medium
55111,WI,2017,53858,182,medium
55113,WI,2017,13186,7,small
55115,WI,2017,32601,46,small
55117,WI,2017,98279,45,medium
55119,WI,2017,16191,5,small
55121,WI,2017,26644,-25,small
55123,WI,2017,24312,6,small
55125,WI,2017,17432,89,small
55127,WI,2017,80536,399,medium
55129,WI,2017,13195,-2,small
55131,WI,2017,118281,594,large
55133,WI,2017,353440,1694,large
55135,WI,2017,41214,-19,small
55137,WI,2017,18603,68,small
55139,WI,2017,132598,-30,large
55141,WI,2017,61168,-143,medium
12001,FL,2018,170247,-937,large
12003,FL,2018,19272,132,small
12005,FL,2018,120556,-2489,large
12007,FL,2018,16852,86,small
12009,FL,2018,449214,3725,large
12011,FL,2018,1461100,-285,enormous
12013,FL,2018,7987,-14,tiny
12015,FL,2018,125147,1485,large
12017,FL,2018,102418,701,large
12019,FL,2018,166214,1144,large
12021,FL,2018,289017,3083,large
12023,FL,2018,45735,179,small
12027,FL,2018,21283,-4,small
12029,FL,2018,8517,-36,tiny
12031,FL,2018,703717,2130,very large
12033,FL,2018,220217,-169,large
12035,FL,2018,83317,737,medium
12037,FL,2018,6859,-2,tiny
12039,FL,2018,31612,-101,small
12041,FL,2018,11142,82,small
12043,FL,2018,6269,97,tiny
12045,FL,2018,8497,8,tiny
12047,FL,2018,7748,-8,tiny
12049,FL,2018,17982,-76,small
12051,FL,2018,27911,129,small
12053,FL,2018,131961,1491,large
12055,FL,2018,67776,333,medium
12057,FL,2018,1057942,4888,enormous
12059,FL,2018,11501,-7,small
12061,FL,2018,117141,1107,large
12063,FL,2018,29484,-17,small
12065,FL,2018,9259,-3,tiny
12067,FL,2018,4413,-10,tiny
12069,FL,2018,266350,4228,large
12071,FL,2018,541383,6776,very large
12073,FL,2018,185859,-509,large
12075,FL,2018,27464,126,small
12077,FL,2018,4349,-41,tiny
12079,FL,2018,11840,15,small
12081,FL,2018,284026,3009,large
12083,FL,2018,257158,2167,large
12085,FL,2018,116855,960,large
12086,FL,2018,2053818,-16605,enormous
12087,FL,2018,57377,-241,medium
12089,FL,2018,68167,608,medium
12091,FL,2018,158932,218,large
12093,FL,2018,25776,91,small
12095,FL,2018,1007944,-1405,enormous
12097,FL,2018,272855,3418,large
12099,FL,2018,1110177,6510,enormous
12101,FL,2018,381697,7020,large
12103,FL,2018,687479,3825,very large
12105,FL,2018,504481,7789,very large
12107,FL,2018,47480,144,small
12109,FL,2018,204925,3843,large
12111,FL,2018,232318,4213,large
12113,FL,2018,132976,748,large
12115,FL,2018,310637,4053,large
12117,FL,2018,350563,1078,large
12119,FL,2018,89806,1377,medium
12121,FL,2018,27844,108,small
12123,FL,2018,13378,-11,small
12125,FL,2018,8248,12,tiny
12127,FL,2018,386623,3842,large
12129,FL,2018,22443,181,small
12131,FL,2018,49697,440,small
12133,FL,2018,15536,51,small
13001,GA,2018,12736,-6,small
13003,GA,2018,5550,-21,tiny
13005,GA,2018,7407,-17,tiny
13007,GA,2018,1866,-33,tiny
13009,GA,2018,26372,-9,small
13011,GA,2018,12454,105,small
13013,GA,2018,58994,953,medium
13015,GA,2018,77043,562,medium
13017,GA,2018,10893,-13,small
13019,GA,2018,11812,32,small
13021,GA,2018,103859,-301,large
13023,GA,2018,8244,-19,tiny
13025,GA,2018,11869,39,small
13027,GA,2018,9885,-4,tiny
13029,GA,2018,31594,363,small
13031,GA,2018,43921,4,small
13033,GA,2018,15942,-38,small
13035,GA,2018,15818,127,small
13037,GA,2018,3179,0,tiny
13039,GA,2018,37902,-89,small
13043,GA,2018,7132,4,tiny
13045,GA,2018,80897,303,medium
13047,GA,2018,46539,65,small
13049,GA,2018,6226,11,tiny
13051,GA,2018,188096,-481,large
13053,GA,2018,4553,-278,tiny
13055,GA,2018,16220,-10,small
13057,GA,2018,200225,2434,large
13059,GA,2018,67390,-525,medium
13061,GA,2018,1865,0,tiny
13063,GA,2018,188763,671,large
13065,GA,2018,4356,-18,tiny
13067,GA,2018,556427,663,very large
13069,GA,2018,27869,-3,small
13071,GA,2018,30597,5,small
13073,GA,2018,116780,1063,large
13075,GA,2018,10929,8,small
13077,GA,2018,110567,680,large
13079,GA,2018,8248,21,tiny
13081,GA,2018,13442,-29,small
13083,GA,2018,10246,-27,small
13085,GA,2018,17552,243,small
13087,GA,2018,18290,6,small
13089,GA,2018,503584,-2332,very large
13091,GA,2018,12445,19,small
13093,GA,2018,6115,-28,tiny
13095,GA,2018,54971,-238,medium
13097,GA,2018,98949,769,medium
13099,GA,2018,6878,0,tiny
13101,GA,2018,2439,-3,tiny
13103,GA,2018,47164,520,small
13105,GA,2018,13744,13,small
13107,GA,2018,15385,-37,small
13109,GA,2018,7246,-18,tiny
13111,GA,2018,17577,22,small
13113,GA,2018,92559,765,medium
13115,GA,2018,69468,58,medium
13117,GA,2018,198059,3298,large
13119,GA,2018,15637,-6,small
13121,GA,2018,733895,956,very large
13123,GA,2018,21447,97,small
13125,GA,2018,1907,0,tiny
13127,GA,2018,59349,40,medium
13129,GA,2018,41439,59,small
13131,GA,2018,16589,-62,small
13133,GA,2018,13188,145,small
13135,GA,2018,705993,4310,very large
13137,GA,2018,31701,62,small
13139,GA,2018,155292,884,large
13141,GA,2018,4815,-7,tiny
13143,GA,2018,20344,80,small
13145,GA,2018,26064,330,small
13147,GA,2018,17917,62,small
13149,GA,2018,7273,5,tiny
13151,GA,2018,167585,3144,large
13153,GA,2018,117415,434,large
13155,GA,2018,6102,-27,tiny
13157,GA,2018,54248,812,medium
13159,GA,2018,9876,196,tiny
13161,GA,2018,9798,33,tiny
13163,GA,2018,11572,-34,small
13165,GA,2018,4963,0,tiny
13167,GA,2018,5220,-34,tiny
13169,GA,2018,20446,78,small
13171,GA,2018,12003,177,small
13173,GA,2018,5723,27,tiny
13175,GA,2018,34714,17,small
13177,GA,2018,24011,283,small
13179,GA,2018,40840,-121,small
13181,GA,2018,5563,11,tiny
13183,GA,2018,9892,95,tiny
13185,GA,2018,75081,49,medium
13187,GA,2018,19844,95,small
13189,GA,2018,15821,-83,small
13191,GA,2018,7450,-1,tiny
13193,GA,2018,7112,-26,tiny
13195,GA,2018,21348,149,small
13197,GA,2018,4728,-24,tiny
13199,GA,2018,13917,98,small
13201,GA,2018,3591,-22,tiny
13205,GA,2018,13877,-31,small
13207,GA,2018,19769,198,small
13209,GA,2018,5166,6,tiny
13211,GA,2018,14789,168,small
13213,GA,2018,27656,-20,small
13215,GA,2018,132190,-60,large
13217,GA,2018,76617,900,medium
13219,GA,2018,33573,255,small
13221,GA,2018,10112,70,small
13223,GA,2018,121011,1775,large
13225,GA,2018,17731,47,small
13227,GA,2018,24671,154,small
13229,GA,2018,13520,3,small
13231,GA,2018,13882,136,small
13233,GA,2018,29427,140,small
13235,GA,2018,5662,-39,tiny
13237,GA,2018,15145,103,small
13239,GA,2018,1329,0,tiny
13241,GA,2018,12132,30,small
13243,GA,2018,4243,0,tiny
13245,GA,2018,128889,-521,large
13247,GA,2018,60292,632,medium
13249,GA,2018,3254,14,tiny
13251,GA,2018,9320,-5,tiny
13253,GA,2018,5315,8,tiny
13255,GA,2018,44656,304,small
13257,GA,2018,17881,0,small
13259,GA,2018,2510,-38,tiny
13261,GA,2018,19494,-136,small
13263,GA,2018,3954,-31,tiny
13265,GA,2018,967,0,tiny
13267,GA,2018,13581,-2,small
13269,GA,2018,5448,-26,tiny
13271,GA,2018,6410,-21,tiny
13273,GA,2018,6215,4,tiny
13275,GA,2018,31653,-37,small
13277,GA,2018,28510,32,small
13279,GA,2018,18358,-83,small
13281,GA,2018,8248,34,tiny
13283,GA,2018,4117,18,tiny
13285,GA,2018,47834,48,small
13287,GA,2018,5786,-7,tiny
13289,GA,2018,5649,-70,tiny
13291,GA,2018,17335,84,small
13293,GA,2018,18261,92,small
13295,GA,2018,44408,45,small
13297,GA,2018,69747,984,medium
13299,GA,2018,23071,2,small
13301,GA,2018,3596,-1,tiny
13303,GA,2018,13742,0,small
13305,GA,2018,19185,-34,small
13307,GA,2018,1562,0,tiny
13309,GA,2018,3218,-5,tiny
13311,GA,2018,19400,99,small
13313,GA,2018,79897,-88,medium
13315,GA,2018,4492,-43,tiny
13317,GA,2018,6738,-34,tiny
13319,GA,2018,6388,-46,tiny
13321,GA,2018,13594,-23,small
19001,IA,2018,5748,36,tiny
19003,IA,2018,2975,-14,tiny
19005,IA,2018,11631,-42,small
19007,IA,2018,9235,13,tiny
19009,IA,2018,4532,26,tiny
19011,IA,2018,21147,12,small
19013,IA,2018,96096,-224,medium
19015,IA,2018,21352,-50,small
19017,IA,2018,20245,-18,small
19019,IA,2018,17291,41,small
19021,IA,2018,16987,-80,small
19023,IA,2018,12007,-4,small
19025,IA,2018,7726,-9,tiny
19027,IA,2018,17619,-3,small
19029,IA,2018,10398,-32,small
19031,IA,2018,15104,89,small
19033,IA,2018,32953,-90,small
19035,IA,2018,9565,10,tiny
19037,IA,2018,10099,-16,small
19039,IA,2018,7515,-35,tiny
19041,IA,2018,13321,-1,small
19043,IA,2018,14409,0,small
19045,IA,2018,37068,33,small
19047,IA,2018,14194,-68,small
19049,IA,2018,78276,1060,medium
19051,IA,2018,7360,-5,tiny
19053,IA,2018,5264,-22,tiny
19055,IA,2018,14894,-28,small
19057,IA,2018,30618,-63,small
19059,IA,2018,14462,10,small
19061,IA,2018,80008,-41,medium
19063,IA,2018,7133,-8,tiny
19065,IA,2018,15013,-42,small
19067,IA,2018,12566,5,small
19069,IA,2018,7832,-19,tiny
19071,IA,2018,5342,-31,tiny
19073,IA,2018,7119,-56,tiny
19075,IA,2018,10384,70,small
19077,IA,2018,8697,10,tiny
19079,IA,2018,12141,-19,small
19081,IA,2018,8869,-15,tiny
19083,IA,2018,13221,2,small
19085,IA,2018,11510,9,small
19087,IA,2018,15073,-8,small
19089,IA,2018,7918,-6,tiny
19091,IA,2018,7793,9,tiny
19093,IA,2018,5784,-10,tiny
19095,IA,2018,14091,47,small
19097,IA,2018,16079,-30,small
19099,IA,2018,28953,10,small
19101,IA,2018,11420,-39,small
19103,IA,2018,104527,-523,large
19105,IA,2018,15658,61,small
19107,IA,2018,7889,-11,tiny
19109,IA,2018,12726,-12,small
19111,IA,2018,25712,7,small
19113,IA,2018,180974,-151,large
19115,IA,2018,8836,19,tiny
19117,IA,2018,6892,13,tiny
19119,IA,2018,10457,-22,small
19121,IA,2018,13284,83,small
19123,IA,2018,16977,25,small
19125,IA,2018,27048,-4,small
19127,IA,2018,31942,-142,small
19129,IA,2018,11810,-10,small
19131,IA,2018,8669,-6,tiny
19133,IA,2018,6763,3,tiny
19135,IA,2018,5928,6,tiny
19137,IA,2018,7744,-15,tiny
19139,IA,2018,35121,-144,small
19141,IA,2018,11597,1,small
19143,IA,2018,5118,0,tiny
19145,IA,2018,10747,3,small
19147,IA,2018,7079,-16,tiny
19149,IA,2018,21782,-3,small
19151,IA,2018,5575,22,tiny
19153,IA,2018,387906,-627,large
19155,IA,2018,70905,-6,medium
19157,IA,2018,13811,-18,small
19159,IA,2018,3664,0,tiny
19161,IA,2018,8234,18,tiny
19163,IA,2018,137138,1,large
19165,IA,2018,9916,2,tiny
19167,IA,2018,29946,-50,small
19169,IA,2018,58981,-283,medium
19171,IA,2018,13923,-46,small
19173,IA,2018,4840,-12,tiny
19175,IA,2018,9164,-10,tiny
19177,IA,2018,5520,10,tiny
19179,IA,2018,25778,-159,small
19181,IA,2018,42402,289,small
19183,IA,2018,18606,10,small
19185,IA,2018,5079,-27,tiny
19187,IA,2018,26305,-57,small
19189,IA,2018,8300,5,tiny
19191,IA,2018,16283,8,small
19193,IA,2018,79691,-74,medium
19195,IA,2018,6042,-10,tiny
19197,IA,2018,10145,-22,small
23001,ME,2018,79744,136,medium
23003,ME,2018,49536,-54,small
23005,ME,2018,235826,403,large
23007,ME,2018,20763,43,small
23009,ME,2018,41753,14,small
23011,ME,2018,92248,226,medium
23013,ME,2018,31030,-79,small
23015,ME,2018,27252,112,small
23017,ME,2018,41109,156,small
23019,ME,2018,108369,-113,large
23021,ME,2018,11598,-52,small
23023,ME,2018,28515,51,small
23025,ME,2018,35587,23,small
23027,ME,2018,29189,40,small
23029,ME,2018,22420,-50,small
23031,ME,2018,165859,815,large
26001,MI,2018,7439,68,tiny
26003,MI,2018,6480,-22,tiny
26005,MI,2018,97276,276,medium
26007,MI,2018,22225,39,small
26009,MI,2018,17984,26,small
26011,MI,2018,11356,-7,small
26013,MI,2018,5487,-5,tiny
26015,MI,2018,49425,176,small
26017,MI,2018,83432,-144,medium
26019,MI,2018,13954,5,small
26021,MI,2018,118734,110,large
26023,MI,2018,32278,-12,small
26025,MI,2018,98871,36,medium
26027,MI,2018,38720,153,small
26029,MI,2018,21223,44,small
26031,MI,2018,19592,52,small
26033,MI,2018,25251,-41,small
26035,MI,2018,21370,48,small
26037,MI,2018,63843,117,medium
26039,MI,2018,9547,24,tiny
26041,MI,2018,28830,32,small
26043,MI,2018,20901,-25,small
26045,MI,2018,85039,106,medium
26047,MI,2018,27416,83,small
26049,MI,2018,305556,189,large
26051,MI,2018,18615,69,small
26053,MI,2018,10158,-5,small
26055,MI,2018,75849,225,medium
26057,MI,2018,28286,-13,small
26059,MI,2018,34011,54,small
26061,MI,2018,24850,-51,small
26063,MI,2018,26307,-9,small
26065,MI,2018,190149,-931,large
26067,MI,2018,47676,122,small
26069,MI,2018,18433,43,small
26071,MI,2018,8567,-3,tiny
26073,MI,2018,41595,-45,small
26075,MI,2018,116809,74,large
26077,MI,2018,194904,-379,large
26079,MI,2018,13304,67,small
26081,MI,2018,523045,-923,very large
26083,MI,2018,1601,8,tiny
26085,MI,2018,7075,7,tiny
26087,MI,2018,71281,189,medium
26089,MI,2018,18472,31,small
26091,MI,2018,76383,195,medium
26093,MI,2018,162187,905,large
26095,MI,2018,3991,0,tiny
26097,MI,2018,8553,1,tiny
26099,MI,2018,709208,970,very large
26101,MI,2018,18039,36,small
26103,MI,2018,48662,-59,small
26105,MI,2018,22926,61,small
26107,MI,2018,27393,-59,small
26109,MI,2018,17615,-48,small
26111,MI,2018,67486,29,medium
26113,MI,2018,11463,3,small
26115,MI,2018,122977,523,large
26117,MI,2018,46810,55,small
26119,MI,2018,6732,76,tiny
26121,MI,2018,130366,220,large
26123,MI,2018,37268,197,small
26125,MI,2018,1021332,-2277,enormous
26127,MI,2018,20668,13,small
26129,MI,2018,14983,65,small
26131,MI,2018,4087,0,tiny
26133,MI,2018,17074,19,small
26135,MI,2018,5899,-1,tiny
26137,MI,2018,19826,42,small
26139,MI,2018,238251,522,large
26141,MI,2018,10121,13,small
26143,MI,2018,16786,133,small
26145,MI,2018,144556,-55,large
26147,MI,2018,128013,170,large
26149,MI,2018,47921,22,small
26151,MI,2018,32428,103,small
26153,MI,2018,6196,1,tiny
26155,MI,2018,53813,82,medium
26157,MI,2018,42181,60,small
26159,MI,2018,58321,142,medium
26161,MI,2018,258309,-1776,large
26163,MI,2018,1271442,-3270,enormous
26165,MI,2018,25275,62,small
27001,MN,2018,11629,3,small
27003,MN,2018,295171,1284,large
27005,MN,2018,27472,-40,small
27007,MN,2018,33343,31,small
27009,MN,2018,31645,-29,small
27011,MN,2018,4160,0,tiny
27013,MN,2018,47222,-249,small
27015,MN,2018,21666,-40,small
27017,MN,2018,27393,18,small
27019,MN,2018,91666,904,medium
27021,MN,2018,23188,74,small
27023,MN,2018,9919,-21,tiny
27025,MN,2018,46024,259,small
27027,MN,2018,48484,-68,small
27029,MN,2018,6502,16,tiny
27031,MN,2018,4457,3,tiny
27033,MN,2018,9311,7,tiny
27035,MN,2018,51364,96,medium
27037,MN,2018,365287,1082,large
27039,MN,2018,18128,45,small
27041,MN,2018,32329,32,small
27043,MN,2018,11126,20,small
27045,MN,2018,17275,-29,small
27047,MN,2018,24648,42,small
27049,MN,2018,38993,36,small
27051,MN,2018,4897,-1,tiny
27053,MN,2018,999272,-2880,very large
27055,MN,2018,16091,9,small
27057,MN,2018,16423,35,small
27059,MN,2018,32001,369,small
27061,MN,2018,34999,63,small
27063,MN,2018,8483,23,tiny
27065,MN,2018,12002,49,small
27067,MN,2018,36583,-63,small
27069,MN,2018,3685,0,tiny
27071,MN,2018,9221,-29,tiny
27073,MN,2018,5590,-15,tiny
27075,MN,2018,8433,2,tiny
27077,MN,2018,3144,-12,tiny
27079,MN,2018,24162,76,small
27081,MN,2018,4704,-19,tiny
27083,MN,2018,20499,-102,small
27085,MN,2018,30991,-1,small
27087,MN,2018,3956,8,tiny
27089,MN,2018,7727,-16,tiny
27091,MN,2018,16559,-21,small
27093,MN,2018,19420,58,small
27095,MN,2018,19755,93,small
27097,MN,2018,27693,36,small
27099,MN,2018,32642,-5,small
27101,MN,2018,7022,4,tiny
27103,MN,2018,26210,25,small
27105,MN,2018,18427,-71,small
27107,MN,2018,5211,2,tiny
27109,MN,2018,132995,-161,large
27111,MN,2018,49255,54,small
27113,MN,2018,11164,-7,small
27115,MN,2018,20550,143,small
27117,MN,2018,7826,-4,tiny
27119,MN,2018,24614,-127,small
27121,MN,2018,9679,9,tiny
27123,MN,2018,414191,-2746,large
27125,MN,2018,3261,-9,tiny
27127,MN,2018,12789,-22,small
27129,MN,2018,12327,-17,small
27131,MN,2018,50624,83,medium
27133,MN,2018,8077,26,tiny
27135,MN,2018,13192,34,small
27137,MN,2018,146667,-282,large
27139,MN,2018,125973,869,large
27141,MN,2018,77739,591,medium
27143,MN,2018,12584,-43,small
27145,MN,2018,124781,-369,large
27147,MN,2018,31547,0,small
27149,MN,2018,8286,-14,tiny
27151,MN,2018,7626,-4,tiny
27153,MN,2018,19813,-29,small
27155,MN,2018,2721,0,tiny
27157,MN,2018,18243,7,small
27159,MN,2018,10587,-4,small
27161,MN,2018,15152,-65,small
27163,MN,2018,222607,2346,large
27165,MN,2018,8780,-14,tiny
27167,MN,2018,5399,-1,tiny
27169,MN,2018,36143,-123,small
27171,MN,2018,118502,811,large
27173,MN,2018,8063,7,tiny
31001,NE,2018,24454,-29,small
31003,NE,2018,5334,0,tiny
31005,NE,2018,361,0,tiny
31007,NE,2018,539,0,tiny
31009,NE,2018,376,0,tiny
31011,NE,2018,4641,0,tiny
31013,NE,2018,8922,-30,tiny
31015,NE,2018,1577,0,tiny
31017,NE,2018,2276,0,tiny
31019,NE,2018,38279,-101,small
31021,NE,2018,5501,22,tiny
31023,NE,2018,6930,-7,tiny
31025,NE,2018,21910,128,small
31027,NE,2018,7434,0,tiny
31029,NE,2018,3281,0,tiny
31031,NE,2018,4634,0,tiny
31033,NE,2018,7233,-6,tiny
31035,NE,2018,5105,1,tiny
31037,NE,2018,9493,-54,tiny
31039,NE,2018,7897,-26,tiny
31041,NE,2018,9043,5,tiny
31043,NE,2018,17571,-38,small
31045,NE,2018,5721,0,tiny
31047,NE,2018,20872,-25,small
31049,NE,2018,1344,0,tiny
31051,NE,2018,4858,-20,tiny
31053,NE,2018,28918,-73,small
31055,NE,2018,453649,-847,large
31057,NE,2018,1346,0,tiny
31059,NE,2018,4783,-24,tiny
31061,NE,2018,2442,0,tiny
31063,NE,2018,1994,0,tiny
31065,NE,2018,3872,0,tiny
31067,NE,2018,17324,40,small
31069,NE,2018,1426,0,tiny
31071,NE,2018,1400,0,tiny
31073,NE,2018,1605,0,tiny
31075,NE,2018,588,0,tiny
31077,NE,2018,1915,0,tiny
31079,NE,2018,51148,-131,medium
31081,NE,2018,8304,-21,tiny
31083,NE,2018,2596,0,tiny
31085,NE,2018,765,0,tiny
31087,NE,2018,2175,-5,tiny
31089,NE,2018,8878,0,tiny
31091,NE,2018,595,0,tiny
31093,NE,2018,5441,8,tiny
31095,NE,2018,5750,3,tiny
31097,NE,2018,3489,-25,tiny
31099,NE,2018,5452,9,tiny
31101,NE,2018,6371,0,tiny
31103,NE,2018,665,0,tiny
31105,NE,2018,2589,0,tiny
31107,NE,2018,6957,-2,tiny
31109,NE,2018,244547,-473,large
31111,NE,2018,27969,-76,small
31113,NE,2018,603,0,tiny
31115,NE,2018,490,0,tiny
31117,NE,2018,369,0,tiny
31119,NE,2018,28586,-42,small
31121,NE,2018,6268,3,tiny
31123,NE,2018,3576,-9,tiny
31125,NE,2018,2759,0,tiny
31127,NE,2018,5246,-19,tiny
31129,NE,2018,3437,0,tiny
31131,NE,2018,13253,-19,small
31133,NE,2018,2094,0,tiny
31135,NE,2018,2538,0,tiny
31137,NE,2018,7592,-2,tiny
31139,NE,2018,6222,9,tiny
31141,NE,2018,29768,-56,small
31143,NE,2018,4422,2,tiny
31145,NE,2018,8398,4,tiny
31147,NE,2018,6266,0,tiny
31149,NE,2018,1116,0,tiny
31151,NE,2018,11632,-85,small
31153,NE,2018,153133,327,large
31155,NE,2018,18118,105,small
31157,NE,2018,27857,-24,small
31159,NE,2018,14133,22,small
31161,NE,2018,3945,0,tiny
31163,NE,2018,2432,0,tiny
31165,NE,2018,885,0,tiny
31167,NE,2018,4840,5,tiny
31169,NE,2018,4307,-21,tiny
31171,NE,2018,539,0,tiny
31173,NE,2018,5252,-33,tiny
31175,NE,2018,3499,0,tiny
31177,NE,2018,17654,36,small
31179,NE,2018,6492,7,tiny
31181,NE,2018,2675,0,tiny
31183,NE,2018,638,0,tiny
31185,NE,2018,11348,-13,small
32001,NV,2018,18308,84,small
32003,NV,2018,1671902,17125,enormous
32005,NV,2018,40276,516,small
32007,NV,2018,41927,-73,small
32009,NV,2018,524,0,tiny
32011,NV,2018,1320,1,tiny
32013,NV,2018,13523,3,small
32015,NV,2018,4257,-18,tiny
32017,NV,2018,3195,-10,tiny
32019,NV,2018,43264,860,small
32021,NV,2018,2919,0,tiny
32023,NV,2018,29303,557,small
32027,NV,2018,3365,-2,tiny
32029,NV,2018,2838,38,tiny
32031,NV,2018,364053,2816,large
32033,NV,2018,6469,4,tiny
32510,NV,2018,41722,227,small
33001,NH,2018,50067,346,medium
33003,NH,2018,38980,198,small
33005,NH,2018,57643,333,medium
33007,NH,2018,22714,45,small
33009,NH,2018,65548,42,medium
33011,NH,2018,337338,709,large
33013,NH,2018,117975,529,large
33015,NH,2018,263381,1465,large
33017,NH,2018,95016,407,medium
33019,NH,2018,32955,66,small
37001,NC,2018,121793,1175,large
37003,NC,2018,26461,6,small
37005,NC,2018,7684,10,tiny
37007,NC,2018,15448,15,small
37009,NC,2018,18860,38,small
37011,NC,2018,11361,-24,small
37013,NC,2018,33473,-41,small
37015,NC,2018,12313,-57,small
37017,NC,2018,20219,-69,small
37019,NC,2018,96431,1677,medium
37021,NC,2018,191333,746,large
37023,NC,2018,62685,-47,medium
37025,NC,2018,164895,2124,large
37027,NC,2018,57538,53,medium
37029,NC,2018,7917,94,tiny
37031,NC,2018,49477,96,small
37033,NC,2018,15150,-18,small
37035,NC,2018,120410,85,large
37037,NC,2018,58437,607,medium
37039,NC,2018,19117,-11,small
37041,NC,2018,10156,-29,small
37043,NC,2018,7581,2,tiny
37045,NC,2018,70660,212,medium
37047,NC,2018,35155,-48,small
37049,NC,2018,73433,-215,medium
37051,NC,2018,223005,-837,large
37053,NC,2018,20267,341,small
37055,NC,2018,29494,89,small
37057,NC,2018,125851,559,large
37059,NC,2018,33089,138,small
37061,NC,2018,37355,-126,small
37063,NC,2018,214934,-179,large
37065,NC,2018,34100,-158,small
37067,NC,2018,277472,228,large
37069,NC,2018,47080,860,small
37071,NC,2018,160866,1038,large
37073,NC,2018,7598,-39,tiny
37075,NC,2018,6011,0,tiny
37077,NC,2018,42514,277,small
37079,NC,2018,12738,-19,small
37081,NC,2018,386204,-139,large
37083,NC,2018,33717,-26,small
37085,NC,2018,89649,387,medium
37087,NC,2018,45401,71,small
37089,NC,2018,86739,406,medium
37091,NC,2018,13392,-33,small
37093,NC,2018,34833,266,small
37095,NC,2018,3270,-22,tiny
37097,NC,2018,139855,910,large
37099,NC,2018,24250,1,small
37101,NC,2018,153149,2239,large
37103,NC,2018,6413,-19,tiny
37105,NC,2018,44435,204,small
37107,NC,2018,38057,106,small
37109,NC,2018,64807,538,medium
37111,NC,2018,31577,80,small
37113,NC,2018,25667,5,small
37115,NC,2018,14518,49,small
37117,NC,2018,16306,3,small
37119,NC,2018,792601,3064,very large
37121,NC,2018,10359,9,small
37123,NC,2018,18869,46,small
37125,NC,2018,75256,536,medium
37127,NC,2018,69740,239,medium
37129,NC,2018,150596,53,large
37131,NC,2018,12163,-13,small
37133,NC,2018,127419,-660,large
37135,NC,2018,98236,-246,medium
37137,NC,2018,8539,17,tiny
37139,NC,2018,28092,58,small
37141,NC,2018,42120,212,small
37143,NC,2018,9417,30,tiny
37145,NC,2018,28691,141,small
37147,NC,2018,115616,-324,large
37149,NC,2018,14086,21,small
37151,NC,2018,107456,342,large
37153,NC,2018,30129,32,small
37155,NC,2018,82536,-471,medium
37157,NC,2018,65782,111,medium
37159,NC,2018,104009,358,large
37161,NC,2018,44684,70,small
37163,NC,2018,45256,3,small
37165,NC,2018,22492,-49,small
37167,NC,2018,45483,227,small
37169,NC,2018,32913,114,small
37171,NC,2018,52510,-89,medium
37173,NC,2018,12226,11,small
37175,NC,2018,23158,-13,small
37177,NC,2018,2602,0,tiny
37179,NC,2018,188529,1597,large
37181,NC,2018,30388,-32,small
37183,NC,2018,855240,4599,very large
37185,NC,2018,12082,63,small
37187,NC,2018,7931,-45,tiny
37189,NC,2018,29504,-85,small
37191,NC,2018,84424,-176,medium
37193,NC,2018,47695,-22,small
37195,NC,2018,58864,-88,medium
37197,NC,2018,28091,16,small
37199,NC,2018,12729,51,small
39001,OH,2018,19143,-21,small
39003,OH,2018,77166,-125,medium
39005,OH,2018,40313,-28,small
39007,OH,2018,72791,-64,medium
39009,OH,2018,33143,-57,small
39011,OH,2018,39098,4,small
39013,OH,2018,48939,-62,small
39015,OH,2018,31561,34,small
39017,OH,2018,290304,189,large
39019,OH,2018,20793,8,small
39021,OH,2018,30179,66,small
39023,OH,2018,101122,40,large
39025,OH,2018,162531,311,large
39027,OH,2018,31328,-20,small
39029,OH,2018,75822,-59,medium
39031,OH,2018,27721,1,small
39033,OH,2018,32023,21,small
39035,OH,2018,933302,-3637,very large
39037,OH,2018,42279,-45,small
39039,OH,2018,31194,-48,small
39041,OH,2018,175909,1977,large
39043,OH,2018,59646,7,medium
39045,OH,2018,121496,999,large
39047,OH,2018,21178,53,small
39049,OH,2018,973249,-1955,very large
39051,OH,2018,35725,20,small
39053,OH,2018,20589,16,small
39055,OH,2018,80730,153,medium
39057,OH,2018,123733,-57,large
39059,OH,2018,29193,-6,small
39061,OH,2018,621146,-1516,very large
39063,OH,2018,60006,-108,medium
39065,OH,2018,21581,6,small
39067,OH,2018,10879,-10,small
39069,OH,2018,23214,49,small
39071,OH,2018,31195,74,small
39073,OH,2018,20236,43,small
39075,OH,2018,34965,-44,small
39077,OH,2018,47133,-37,small
39079,OH,2018,23399,-8,small
39081,OH,2018,47656,-12,small
39083,OH,2018,46709,50,small
39085,OH,2018,190450,362,large
39087,OH,2018,42911,30,small
39089,OH,2018,137474,675,large
39091,OH,2018,36309,3,small
39093,OH,2018,243072,1130,large
39095,OH,2018,314666,-489,large
39097,OH,2018,30745,211,small
39099,OH,2018,171401,-300,large
39101,OH,2018,45503,21,small
39103,OH,2018,153430,793,large
39105,OH,2018,15753,23,small
39107,OH,2018,36622,-8,small
39109,OH,2018,86327,193,medium
39111,OH,2018,10466,-5,small
39113,OH,2018,395061,-496,large
39115,OH,2018,10186,-8,small
39117,OH,2018,26761,141,small
39119,OH,2018,65239,52,medium
39121,OH,2018,9295,25,tiny
39123,OH,2018,33107,49,small
39125,OH,2018,15188,-24,small
39127,OH,2018,25963,-19,small
39129,OH,2018,41585,395,small
39131,OH,2018,19144,18,small
39133,OH,2018,115719,79,large
39135,OH,2018,32000,23,small
39137,OH,2018,30329,-25,small
39139,OH,2018,92333,58,medium
39141,OH,2018,52997,82,medium
39143,OH,2018,47080,32,small
39145,OH,2018,50177,-57,medium
39147,OH,2018,42435,8,small
39149,OH,2018,39815,-47,small
39151,OH,2018,293945,52,large
39153,OH,2018,418722,-519,large
39155,OH,2018,154062,-97,large
39157,OH,2018,74681,-125,medium
39159,OH,2018,48653,617,small
39161,OH,2018,23467,-27,small
39163,OH,2018,8924,10,tiny
39165,OH,2018,193880,863,large
39167,OH,2018,46444,21,small
39169,OH,2018,93285,15,medium
39171,OH,2018,29601,-38,small
39173,OH,2018,97031,45,medium
39175,OH,2018,18016,-14,small
4001,AZ,2018,46286,-169,small
4003,AZ,2018,90337,-73,medium
4005,AZ,2018,92951,-176,medium
4007,AZ,2018,36280,270,small
4009,AZ,2018,23327,63,small
4011,AZ,2018,6444,-20,tiny
4012,AZ,2018,10478,-30,small
4013,AZ,2018,3219158,24950,enormous
4015,AZ,2018,130312,1762,large
4017,AZ,2018,75103,570,medium
4019,AZ,2018,743934,3158,very large
4021,AZ,2018,267836,5535,large
4023,AZ,2018,40338,-173,small
4025,AZ,2018,166956,2213,large
4027,AZ,2018,164989,487,large
42001,PA,2018,85567,168,medium
42003,PA,2018,962926,-1855,very large
42005,PA,2018,52563,-87,medium
42007,PA,2018,134440,82,large
42009,PA,2018,39181,18,small
42011,PA,2018,340932,533,large
42013,PA,2018,96929,-4,medium
42015,PA,2018,48074,-1,small
42017,PA,2018,546227,1966,very large
42019,PA,2018,158705,635,large
42021,PA,2018,102111,-49,large
42023,PA,2018,3641,-13,tiny
42025,PA,2018,49445,232,small
42027,PA,2018,96758,-392,medium
42029,PA,2018,442564,1027,large
42031,PA,2018,28255,3,small
42033,PA,2018,60079,33,medium
42035,PA,2018,28414,3,small
42037,PA,2018,47071,-8,small
42039,PA,2018,63996,-32,medium
42041,PA,2018,205748,715,large
42043,PA,2018,221300,288,large
42045,PA,2018,448205,1165,large
42047,PA,2018,25821,3,small
42049,PA,2018,207246,-598,large
42051,PA,2018,98555,-37,medium
42053,PA,2018,3246,8,tiny
42055,PA,2018,130448,239,large
42057,PA,2018,11976,-4,small
42059,PA,2018,25970,-42,small
42061,PA,2018,32689,9,small
42063,PA,2018,59956,16,medium
42065,PA,2018,35329,-40,small
42067,PA,2018,19978,14,small
42069,PA,2018,162536,289,large
42071,PA,2018,465081,127,large
42073,PA,2018,67222,40,medium
42075,PA,2018,117570,385,large
42077,PA,2018,297750,684,large
42079,PA,2018,246462,655,large
42081,PA,2018,88354,-55,medium
42083,PA,2018,30459,-8,small
42085,PA,2018,85283,-45,medium
42087,PA,2018,37557,-4,small
42089,PA,2018,123824,1190,large
42091,PA,2018,696184,2942,very large
42093,PA,2018,14294,30,small
42095,PA,2018,245135,968,large
42097,PA,2018,69306,49,medium
42099,PA,2018,38456,44,small
42101,PA,2018,1011140,-6758,enormous
42103,PA,2018,42951,424,small
42105,PA,2018,12624,-3,small
42107,PA,2018,108235,327,large
42109,PA,2018,31643,-2,small
42111,PA,2018,57422,16,medium
42113,PA,2018,4444,-11,tiny
42115,PA,2018,31875,20,small
42117,PA,2018,31367,0,small
42119,PA,2018,29347,-64,small
42121,PA,2018,39758,-33,small
42123,PA,2018,30209,-25,small
42125,PA,2018,167264,455,large
42127,PA,2018,38502,292,small
42129,PA,2018,291618,524,large
42131,PA,2018,21115,3,small
42133,PA,2018,374382,812,large
48001,TX,2018,33351,-21,small
48003,TX,2018,14466,-1,small
48005,TX,2018,63714,-127,medium
48007,TX,2018,15935,61,small
48009,TX,2018,6846,9,tiny
48011,TX,2018,1450,-8,tiny
48013,TX,2018,37108,247,small
48015,TX,2018,23940,78,small
48017,TX,2018,4974,0,tiny
48019,TX,2018,15567,216,small
48021,TX,2018,64156,994,medium
48023,TX,2018,2467,0,tiny
48025,TX,2018,18309,-45,small
48027,TX,2018,254831,828,large
48029,TX,2018,1480955,4810,enormous
48031,TX,2018,8560,54,tiny
48033,TX,2018,516,0,tiny
48035,TX,2018,13070,38,small
48037,TX,2018,67354,-69,medium
48039,TX,2018,277147,1664,large
48041,TX,2018,134664,-683,large
48043,TX,2018,6432,-37,tiny
48045,TX,2018,1039,0,tiny
48047,TX,2018,5036,-47,tiny
48049,TX,2018,26898,-77,small
48051,TX,2018,13558,53,small
48053,TX,2018,36700,201,small
48055,TX,2018,30958,368,small
48057,TX,2018,15996,-72,small
48059,TX,2018,10032,7,small
48061,TX,2018,323869,-605,large
48063,TX,2018,9282,11,tiny
48065,TX,2018,4440,5,tiny
48067,TX,2018,21557,-9,small
48069,TX,2018,5573,-9,tiny
48071,TX,2018,35585,692,small
48073,TX,2018,37791,6,small
48075,TX,2018,4087,0,tiny
48077,TX,2018,7698,4,tiny
48079,TX,2018,2096,0,tiny
48081,TX,2018,2310,2,tiny
48083,TX,2018,5683,-18,tiny
48085,TX,2018,808598,10168,very large
48087,TX,2018,2150,0,tiny
48089,TX,2018,16495,45,small
48091,TX,2018,116655,2649,large
48093,TX,2018,9771,-2,tiny
48095,TX,2018,1612,1,tiny
48097,TX,2018,31579,150,small
48099,TX,2018,46196,133,small
48101,TX,2018,1024,0,tiny
48103,TX,2018,3817,-2,tiny
48105,TX,2018,2704,0,tiny
48107,TX,2018,3914,-15,tiny
48109,TX,2018,1663,0,tiny
48111,TX,2018,5675,-13,tiny
48113,TX,2018,1933063,-6173,enormous
48115,TX,2018,8646,-7,tiny
48117,TX,2018,14918,-33,small
48119,TX,2018,3624,1,tiny
48121,TX,2018,651673,12372,very large
48123,TX,2018,13742,-8,small
48125,TX,2018,1314,0,tiny
48127,TX,2018,7089,-22,tiny
48129,TX,2018,2147,-5,tiny
48131,TX,2018,7825,-9,tiny
48133,TX,2018,12354,7,small
48135,TX,2018,123773,592,large
48137,TX,2018,1327,0,tiny
48139,TX,2018,143642,2518,large
48141,TX,2018,670696,-611,very large
48143,TX,2018,26305,-45,small
48145,TX,2018,10663,-8,small
48147,TX,2018,23629,87,small
48149,TX,2018,19667,55,small
48151,TX,2018,2643,0,tiny
48153,TX,2018,4381,-23,tiny
48155,TX,2018,790,0,tiny
48157,TX,2018,627072,7579,very large
48159,TX,2018,7380,21,tiny
48161,TX,2018,13343,-4,small
48163,TX,2018,11210,-34,small
48165,TX,2018,17203,21,small
48167,TX,2018,253075,1408,large
48169,TX,2018,3146,-11,tiny
48171,TX,2018,21719,64,small
48173,TX,2018,1130,0,tiny
48175,TX,2018,5501,1,tiny
48177,TX,2018,15814,-64,small
48179,TX,2018,15408,-8,small
48181,TX,2018,98559,737,medium
48183,TX,2018,92740,-97,medium
48185,TX,2018,19552,180,small
48187,TX,2018,126078,874,large
48189,TX,2018,23672,-31,small
48191,TX,2018,2028,0,tiny
48193,TX,2018,6048,-3,tiny
48195,TX,2018,4467,0,tiny
48197,TX,2018,2575,0,tiny
48199,TX,2018,43067,127,small
48201,TX,2018,3466289,-6727,enormous
48203,TX,2018,49824,-43,small
48205,TX,2018,3025,-5,tiny
48207,TX,2018,3396,-9,tiny
48209,TX,2018,154662,3107,large
48211,TX,2018,3123,0,tiny
48213,TX,2018,56144,258,medium
48215,TX,2018,647389,-511,very large
48217,TX,2018,26137,70,small
48219,TX,2018,16835,-26,small
48221,TX,2018,44774,399,small
48223,TX,2018,27528,65,small
48225,TX,2018,13887,16,small
48227,TX,2018,22128,-60,small
48229,TX,2018,2324,-21,tiny
48231,TX,2018,68472,666,medium
48233,TX,2018,15734,-10,small
48235,TX,2018,1253,-12,tiny
48237,TX,2018,5743,37,tiny
48239,TX,2018,11765,41,small
48241,TX,2018,24154,-45,small
48243,TX,2018,1537,0,tiny
48245,TX,2018,175566,-492,large
48247,TX,2018,3730,-34,tiny
48249,TX,2018,30162,-110,small
48251,TX,2018,133913,1497,large
48253,TX,2018,10811,34,small
48255,TX,2018,9522,-30,tiny
48257,TX,2018,102955,3195,large
48259,TX,2018,34552,492,small
48261,TX,2018,225,0,tiny
48263,TX,2018,548,0,tiny
48265,TX,2018,38771,-16,small
48267,TX,2018,3254,0,tiny
48269,TX,2018,217,0,tiny
48271,TX,2018,2267,0,tiny
48273,TX,2018,21179,-85,small
48275,TX,2018,2601,0,tiny
48277,TX,2018,36510,45,small
48279,TX,2018,9600,-47,tiny
48281,TX,2018,15518,84,small
48283,TX,2018,4298,-32,tiny
48285,TX,2018,16088,31,small
48287,TX,2018,13614,33,small
48289,TX,2018,12987,10,small
48291,TX,2018,60069,1218,medium
48293,TX,2018,15520,38,small
48295,TX,2018,2450,0,tiny
48297,TX,2018,7892,41,tiny
48299,TX,2018,13652,113,small
48301,TX,2018,62,0,tiny
48303,TX,2018,213654,-254,large
48305,TX,2018,4415,26,tiny
48307,TX,2018,5803,-17,tiny
48309,TX,2018,183907,131,large
48311,TX,2018,644,0,tiny
48313,TX,2018,8959,2,tiny
48315,TX,2018,6160,-11,tiny
48317,TX,2018,4023,-3,tiny
48319,TX,2018,3359,0,tiny
48321,TX,2018,28247,-18,small
48323,TX,2018,52549,-87,medium
48325,TX,2018,35999,174,small
48327,TX,2018,1463,0,tiny
48329,TX,2018,132912,38,large
48331,TX,2018,17856,-10,small
48333,TX,2018,3502,-5,tiny
48335,TX,2018,4772,9,tiny
48337,TX,2018,14517,72,small
48339,TX,2018,451580,6024,large
48341,TX,2018,17398,-16,small
48343,TX,2018,8699,31,tiny
48345,TX,2018,847,0,tiny
48347,TX,2018,42534,-95,small
48349,TX,2018,36819,152,small
48351,TX,2018,8345,-7,tiny
48353,TX,2018,10901,-12,small
48355,TX,2018,254678,-330,large
48357,TX,2018,8534,-7,tiny
48359,TX,2018,1619,7,tiny
48361,TX,2018,62222,-22,medium
48363,TX,2018,20275,31,small
48365,TX,2018,17526,-32,small
48367,TX,2018,110136,1533,large
48369,TX,2018,7657,-3,tiny
48371,TX,2018,10732,-18,small
48373,TX,2018,38380,278,small
48375,TX,2018,82001,-300,medium
48377,TX,2018,6815,-40,tiny
48379,TX,2018,7809,123,tiny
48381,TX,2018,102573,221,large
48383,TX,2018,2957,-19,tiny
48385,TX,2018,2598,0,tiny
48387,TX,2018,8530,-6,tiny
48389,TX,2018,9005,10,tiny
48391,TX,2018,5115,4,tiny
48393,TX,2018,682,0,tiny
48395,TX,2018,12601,26,small
48397,TX,2018,79868,1543,medium
48399,TX,2018,7801,1,tiny
48401,TX,2018,36490,24,small
48403,TX,2018,7042,0,tiny
48405,TX,2018,5448,-11,tiny
48407,TX,2018,17621,207,small
48409,TX,2018,52582,0,medium
48411,TX,2018,4101,0,tiny
48413,TX,2018,2056,-11,tiny
48415,TX,2018,12203,-10,small
48417,TX,2018,2491,0,tiny
48419,TX,2018,18596,6,small
48421,TX,2018,2069,0,tiny
48423,TX,2018,172581,279,large
48425,TX,2018,6923,55,tiny
48427,TX,2018,53635,-222,medium
48429,TX,2018,6252,0,tiny
48431,TX,2018,1052,0,tiny
48433,TX,2018,1046,0,tiny
48435,TX,2018,3038,0,tiny
48437,TX,2018,5113,8,tiny
48439,TX,2018,1599494,5718,enormous
48441,TX,2018,101713,-304,large
48443,TX,2018,578,0,tiny
48445,TX,2018,8567,-11,tiny
48447,TX,2018,1019,0,tiny
48449,TX,2018,25210,-47,small
48451,TX,2018,85433,-17,medium
48453,TX,2018,886634,4960,very large
48455,TX,2018,9417,18,tiny
48457,TX,2018,12938,49,small
48459,TX,2018,28801,96,small
48461,TX,2018,2600,0,tiny
48463,TX,2018,20685,-79,small
48465,TX,2018,39947,-52,small
48467,TX,2018,39738,284,small
48469,TX,2018,70404,21,medium
48471,TX,2018,36587,-8,small
48473,TX,2018,35415,742,small
48475,TX,2018,8782,-33,tiny
48477,TX,2018,26666,71,small
48479,TX,2018,224677,-566,large
48481,TX,2018,33985,-49,small
48483,TX,2018,3896,0,tiny
48485,TX,2018,87436,-212,medium
48487,TX,2018,9332,-7,tiny
48489,TX,2018,13875,-15,small
48491,TX,2018,450441,10036,large
48493,TX,2018,38230,284,small
48495,TX,2018,5872,-5,tiny
48497,TX,2018,51783,541,medium
48499,TX,2018,31557,165,small
48501,TX,2018,7218,-16,tiny
48503,TX,2018,13554,16,small
48505,TX,2018,10378,-33,small
48507,TX,2018,7986,2,tiny
55001,WI,2018,14132,99,small
55003,WI,2018,11660,-21,small
55005,WI,2018,37904,20,small
55007,WI,2018,12448,21,small
55009,WI,2018,220108,-144,large
55011,WI,2018,11045,15,small
55013,WI,2018,12353,122,small
55015,WI,2018,43859,36,small
55017,WI,2018,52463,50,medium
55019,WI,2018,28437,-63,small
55021,WI,2018,48315,201,small
55023,WI,2018,12760,-25,small
55025,WI,2018,433953,-1007,large
55027,WI,2018,69452,-16,medium
55029,WI,2018,24838,35,small
55031,WI,2018,32556,74,small
55033,WI,2018,32421,40,small
55035,WI,2018,77419,-219,medium
55037,WI,2018,3452,1,tiny
55039,WI,2018,83883,120,medium
55041,WI,2018,7009,15,tiny
55043,WI,2018,38473,-84,small
55045,WI,2018,31856,14,small
55047,WI,2018,15333,16,small
55049,WI,2018,20286,15,small
55051,WI,2018,4589,6,tiny
55053,WI,2018,15244,2,small
55055,WI,2018,67731,192,medium
55057,WI,2018,19741,-10,small
55059,WI,2018,132762,503,large
55061,WI,2018,17258,25,small
55063,WI,2018,90498,-108,medium
55065,WI,2018,14437,-67,small
55067,WI,2018,15500,-20,small
55069,WI,2018,22981,-25,small
55071,WI,2018,66089,38,medium
55073,WI,2018,115431,138,large
55075,WI,2018,32011,30,small
55077,WI,2018,12192,27,small
55078,WI,2018,3176,-16,tiny
55079,WI,2018,695385,-2773,very large
55081,WI,2018,36199,-8,small
55083,WI,2018,31527,128,small
55085,WI,2018,30481,76,small
55087,WI,2018,158103,214,large
55089,WI,2018,78558,364,medium
55091,WI,2018,5985,-47,tiny
55093,WI,2018,31687,31,small
55095,WI,2018,36011,153,small
55097,WI,2018,55118,-148,medium
55099,WI,2018,11219,3,small
55101,WI,2018,158212,198,large
55103,WI,2018,13351,-22,small
55105,WI,2018,130655,260,large
55107,WI,2018,10948,1,small
55109,WI,2018,77306,357,medium
55111,WI,2018,53879,58,medium
55113,WI,2018,13184,14,small
55115,WI,2018,32724,34,small
55117,WI,2018,98086,-25,medium
55119,WI,2018,16377,10,small
55121,WI,2018,25511,41,small
55123,WI,2018,24265,-38,small
55125,WI,2018,17716,104,small
55127,WI,2018,80558,365,medium
55129,WI,2018,13295,0,small
55131,WI,2018,118836,391,large
55133,WI,2018,354780,1746,large
55135,WI,2018,41432,64,small
55137,WI,2018,18484,61,small
55139,WI,2018,133043,-110,large
55141,WI,2018,61078,-45,medium
12001,FL,2019,172650,-903,large
12003,FL,2019,20080,147,small
12005,FL,2019,122120,178,large
12007,FL,2019,17049,54,small
12009,FL,2019,459987,5628,large
12011,FL,2019,1462390,-2939,enormous
12013,FL,2019,8127,-18,tiny
12015,FL,2019,128922,2616,large
12017,FL,2019,104774,1213,large
12019,FL,2019,170693,1497,large
12021,FL,2019,294137,5253,large
12023,FL,2019,46674,353,small
12027,FL,2019,21716,148,small
12029,FL,2019,8688,21,tiny
12031,FL,2019,718013,1613,very large
12033,FL,2019,224895,34,large
12035,FL,2019,85579,1568,medium
12037,FL,2019,7053,-21,tiny
12039,FL,2019,31772,-20,small
12041,FL,2019,11546,81,small
12043,FL,2019,6340,95,tiny
12045,FL,2019,8771,26,tiny
12047,FL,2019,7800,4,tiny
12049,FL,2019,18345,-16,small
12051,FL,2019,28024,221,small
12053,FL,2019,136522,2049,large
12055,FL,2019,68333,384,medium
12057,FL,2019,1082889,6615,enormous
12059,FL,2019,11517,-6,small
12061,FL,2019,119553,1573,large
12063,FL,2019,29653,-58,small
12065,FL,2019,9577,45,tiny
12067,FL,2019,4440,11,tiny
12069,FL,2019,274841,5114,large
12071,FL,2019,555061,9748,very large
12073,FL,2019,191239,-817,large
12075,FL,2019,28259,374,small
12077,FL,2019,4430,32,tiny
12079,FL,2019,11918,5,small
12081,FL,2019,290561,4929,large
12083,FL,2019,264356,3602,large
12085,FL,2019,117553,1329,large
12086,FL,2019,2045647,-16712,enormous
12087,FL,2019,58005,-164,medium
12089,FL,2019,70798,1069,medium
12091,FL,2019,162387,-8,large
12093,FL,2019,26281,209,small
12095,FL,2019,1024241,-4068,enormous
12097,FL,2019,283146,5136,large
12099,FL,2019,1115251,8407,enormous
12101,FL,2019,398811,9342,large
12103,FL,2019,693243,3867,very large
12105,FL,2019,525125,10102,very large
12107,FL,2019,48728,263,small
12109,FL,2019,216081,6545,large
12111,FL,2019,238593,5618,large
12113,FL,2019,137859,866,large
12115,FL,2019,315479,6642,large
12117,FL,2019,354464,885,large
12119,FL,2019,92385,1593,medium
12121,FL,2019,28608,192,small
12123,FL,2019,13533,-53,small
12125,FL,2019,8371,46,tiny
12127,FL,2019,395336,5318,large
12129,FL,2019,23199,330,small
12131,FL,2019,52296,644,medium
12133,FL,2019,16074,35,small
13001,GA,2019,12707,9,small
13003,GA,2019,5473,19,tiny
13005,GA,2019,7354,-1,tiny
13007,GA,2019,1842,-42,tiny
13009,GA,2019,26613,-15,small
13011,GA,2019,12484,102,small
13013,GA,2019,61632,1014,medium
13015,GA,2019,78947,591,medium
13017,GA,2019,11013,-35,small
13019,GA,2019,11897,-11,small
13021,GA,2019,104250,-252,large
13023,GA,2019,8394,6,tiny
13025,GA,2019,12032,35,small
13027,GA,2019,9912,-6,tiny
13029,GA,2019,32401,569,small
13031,GA,2019,44707,4,small
13033,GA,2019,16398,-20,small
13035,GA,2019,16064,278,small
13037,GA,2019,3074,-25,tiny
13039,GA,2019,38386,222,small
13043,GA,2019,7298,-11,tiny
13045,GA,2019,82923,628,medium
13047,GA,2019,47699,233,small
13049,GA,2019,6283,54,tiny
13051,GA,2019,190061,-53,large
13053,GA,2019,4389,-275,tiny
13055,GA,2019,16487,-8,small
13057,GA,2019,205360,3303,large
13059,GA,2019,67593,-510,medium
13061,GA,2019,1863,0,tiny
13063,GA,2019,190904,-318,large
13065,GA,2019,4463,-30,tiny
13067,GA,2019,558188,506,very large
13069,GA,2019,27741,-13,small
13071,GA,2019,30921,-34,small
13073,GA,2019,120139,1653,large
13075,GA,2019,11134,26,small
13077,GA,2019,112948,990,large
13079,GA,2019,8459,44,tiny
13081,GA,2019,13457,45,small
13083,GA,2019,10535,-7,small
13085,GA,2019,18482,443,small
13087,GA,2019,18689,-2,small
13089,GA,2019,506057,-4466,very large
13091,GA,2019,12511,-20,small
13093,GA,2019,5959,-54,tiny
13095,GA,2019,54510,-501,medium
13097,GA,2019,101070,1026,large
13099,GA,2019,6968,6,tiny
13101,GA,2019,2454,26,tiny
13103,GA,2019,48924,591,small
13105,GA,2019,13869,48,small
13107,GA,2019,15404,-14,small
13109,GA,2019,7287,-1,tiny
13111,GA,2019,17588,151,small
13113,GA,2019,93920,962,medium
13115,GA,2019,69703,154,medium
13117,GA,2019,204886,4058,large
13119,GA,2019,16048,148,small
13121,GA,2019,740585,-531,very large
13123,GA,2019,21936,121,small
13125,GA,2019,1941,0,tiny
13127,GA,2019,59807,23,medium
13129,GA,2019,41966,180,small
13131,GA,2019,16812,-56,small
13133,GA,2019,13552,259,small
13135,GA,2019,713538,4952,very large
13137,GA,2019,32370,146,small
13139,GA,2019,157994,1706,large
13141,GA,2019,4809,-17,tiny
13143,GA,2019,20851,212,small
13145,GA,2019,26234,558,small
13147,GA,2019,18086,94,small
13149,GA,2019,7342,50,tiny
13151,GA,2019,171685,3762,large
13153,GA,2019,120661,618,large
13155,GA,2019,5960,-2,tiny
13157,GA,2019,56599,1419,medium
13159,GA,2019,10302,187,small
13161,GA,2019,9996,10,tiny
13163,GA,2019,11566,-9,small
13165,GA,2019,4978,22,tiny
13167,GA,2019,5190,-1,tiny
13169,GA,2019,20563,108,small
13171,GA,2019,12172,84,small
13173,GA,2019,5905,-2,tiny
13175,GA,2019,35189,-87,small
13177,GA,2019,24302,223,small
13179,GA,2019,41562,-188,small
13181,GA,2019,5534,38,tiny
13183,GA,2019,10454,197,small
13185,GA,2019,76113,20,medium
13187,GA,2019,20471,162,small
13189,GA,2019,15856,38,small
13191,GA,2019,7393,11,tiny
13193,GA,2019,7111,-26,tiny
13195,GA,2019,21980,273,small
13197,GA,2019,4770,3,tiny
13199,GA,2019,13980,113,small
13201,GA,2019,3800,-21,tiny
13205,GA,2019,13894,-85,small
13207,GA,2019,19980,364,small
13209,GA,2019,5186,5,tiny
13211,GA,2019,15127,239,small
13213,GA,2019,28114,1,small
13215,GA,2019,133060,-165,large
13217,GA,2019,77934,1304,medium
13219,GA,2019,34282,389,small
13221,GA,2019,10393,148,small
13223,GA,2019,126067,2140,large
13225,GA,2019,17780,46,small
13227,GA,2019,24765,378,small
13229,GA,2019,13793,24,small
13231,GA,2019,14316,291,small
13233,GA,2019,30094,92,small
13235,GA,2019,5665,18,tiny
13237,GA,2019,15339,328,small
13239,GA,2019,1344,-11,tiny
13241,GA,2019,12294,159,small
13243,GA,2019,4115,0,tiny
13245,GA,2019,129586,-693,large
13247,GA,2019,60723,528,medium
13249,GA,2019,3358,-14,tiny
13251,GA,2019,9351,19,tiny
13253,GA,2019,5312,-1,tiny
13255,GA,2019,45583,398,small
13257,GA,2019,18304,2,small
13259,GA,2019,2420,-6,tiny
13261,GA,2019,19247,-38,small
13263,GA,2019,3833,47,tiny
13265,GA,2019,949,0,tiny
13267,GA,2019,13858,-42,small
13269,GA,2019,5483,-9,tiny
13271,GA,2019,6456,-3,tiny
13273,GA,2019,6097,16,tiny
13275,GA,2019,31867,61,small
13277,GA,2019,28908,38,small
13279,GA,2019,18440,-28,small
13281,GA,2019,8422,24,tiny
13283,GA,2019,4206,6,tiny
13285,GA,2019,48231,28,small
13287,GA,2019,5867,24,tiny
13289,GA,2019,5550,40,tiny
13291,GA,2019,17637,189,small
13293,GA,2019,18437,64,small
13295,GA,2019,45129,71,small
13297,GA,2019,71390,1420,medium
13299,GA,2019,23301,-44,small
13301,GA,2019,3545,-9,tiny
13303,GA,2019,13555,26,small
13305,GA,2019,19625,17,small
13307,GA,2019,1541,0,tiny
13309,GA,2019,3230,-6,tiny
13311,GA,2019,19887,146,small
13313,GA,2019,80132,-40,medium
13315,GA,2019,4508,4,tiny
13317,GA,2019,6710,37,tiny
13319,GA,2019,6354,-19,tiny
13321,GA,2019,13657,-3,small
19001,IA,2019,5922,-21,tiny
19003,IA,2019,3070,0,tiny
19005,IA,2019,12058,8,small
19007,IA,2019,9498,-33,tiny
19009,IA,2019,4638,-11,tiny
19011,IA,2019,21302,118,small
19013,IA,2019,97917,-300,medium
19015,IA,2019,21634,35,small
19017,IA,2019,20708,48,small
19019,IA,2019,18575,37,small
19021,IA,2019,17301,-40,small
19023,IA,2019,12355,18,small
19025,IA,2019,7759,-17,tiny
19027,IA,2019,17965,-27,small
19029,IA,2019,10434,40,small
19031,IA,2019,15495,72,small
19033,IA,2019,33190,-45,small
19035,IA,2019,9726,21,tiny
19037,IA,2019,10322,-33,small
19039,IA,2019,7441,-18,tiny
19041,IA,2019,13356,-8,small
19043,IA,2019,14895,32,small
19045,IA,2019,37311,35,small
19047,IA,2019,14316,-9,small
19049,IA,2019,81968,1059,medium
19051,IA,2019,8271,4,tiny
19053,IA,2019,5398,22,tiny
19055,IA,2019,15248,57,small
19057,IA,2019,30920,-112,small
19059,IA,2019,14551,32,small
19061,IA,2019,81016,-127,medium
19063,IA,2019,7286,-29,tiny
19065,IA,2019,15277,-56,small
19067,IA,2019,13140,-3,small
19069,IA,2019,7854,10,tiny
19071,IA,2019,5426,22,tiny
19073,IA,2019,7112,-7,tiny
19075,IA,2019,10573,32,small
19077,IA,2019,8883,0,tiny
19079,IA,2019,12126,-14,small
19081,IA,2019,8942,10,tiny
19083,IA,2019,13513,20,small
19085,IA,2019,11858,82,small
19087,IA,2019,15266,12,small
19089,IA,2019,8208,-23,tiny
19091,IA,2019,7989,-22,tiny
19093,IA,2019,5865,1,tiny
19095,IA,2019,14411,44,small
19097,IA,2019,16503,-9,small
19099,IA,2019,29570,103,small
19101,IA,2019,11521,-33,small
19103,IA,2019,106785,-532,large
19105,IA,2019,15941,61,small
19107,IA,2019,8027,-3,tiny
19109,IA,2019,12856,-32,small
19111,IA,2019,25995,-78,small
19113,IA,2019,184103,-105,large
19115,IA,2019,8866,-20,tiny
19117,IA,2019,7247,23,tiny
19119,IA,2019,11143,-5,small
19121,IA,2019,13768,113,small
19123,IA,2019,17363,-36,small
19125,IA,2019,27741,-39,small
19127,IA,2019,32734,-130,small
19129,IA,2019,11853,85,small
19131,IA,2019,9025,38,tiny
19133,IA,2019,7006,-10,tiny
19135,IA,2019,6113,25,tiny
19137,IA,2019,7834,0,tiny
19139,IA,2019,35813,-8,small
19141,IA,2019,11772,-15,small
19143,IA,2019,5119,1,tiny
19145,IA,2019,10848,31,small
19147,IA,2019,7196,28,tiny
19149,IA,2019,22149,61,small
19151,IA,2019,5603,-12,tiny
19153,IA,2019,396389,-583,large
19155,IA,2019,72206,46,medium
19157,IA,2019,13877,38,small
19159,IA,2019,3704,0,tiny
19161,IA,2019,8391,10,tiny
19163,IA,2019,138864,130,large
19165,IA,2019,10052,42,small
19167,IA,2019,31164,-24,small
19169,IA,2019,60204,-218,medium
19171,IA,2019,14231,-14,small
19173,IA,2019,4822,-33,tiny
19175,IA,2019,9406,23,tiny
19177,IA,2019,5976,29,tiny
19179,IA,2019,26372,-133,small
19181,IA,2019,43715,412,small
19183,IA,2019,19082,-4,small
19185,IA,2019,5640,-13,tiny
19187,IA,2019,26859,-31,small
19189,IA,2019,8419,-10,tiny
19191,IA,2019,16281,-12,small
19193,IA,2019,82146,-224,medium
19195,IA,2019,6089,10,tiny
19197,IA,2019,10208,-21,small
23001,ME,2019,81527,39,medium
23003,ME,2019,49888,-30,small
23005,ME,2019,237988,1251,large
23007,ME,2019,20893,-7,small
23009,ME,2019,41979,56,small
23011,ME,2019,94115,467,medium
23013,ME,2019,30761,106,small
23015,ME,2019,27390,181,small
23017,ME,2019,41812,438,small
23019,ME,2019,109643,-10,large
23021,ME,2019,11772,-42,small
23023,ME,2019,28885,82,small
23025,ME,2019,36273,42,small
23027,ME,2019,29667,60,small
23029,ME,2019,22609,33,small
23031,ME,2019,168201,1755,large
26001,MI,2019,7584,84,tiny
26003,MI,2019,6585,18,tiny
26005,MI,2019,100455,603,large
26007,MI,2019,22339,34,small
26009,MI,2019,18096,109,small
26011,MI,2019,11617,83,small
26013,MI,2019,5592,36,tiny
26015,MI,2019,51108,361,medium
26017,MI,2019,83989,-133,medium
26019,MI,2019,14284,121,small
26021,MI,2019,120249,295,large
26023,MI,2019,33281,-45,small
26025,MI,2019,100980,134,large
26027,MI,2019,39437,127,small
26029,MI,2019,21405,70,small
26031,MI,2019,19776,221,small
26033,MI,2019,25760,-20,small
26035,MI,2019,22436,162,small
26037,MI,2019,65165,40,medium
26039,MI,2019,9705,70,tiny
26041,MI,2019,29022,-3,small
26043,MI,2019,20890,-44,small
26045,MI,2019,86348,134,medium
26047,MI,2019,27698,100,small
26049,MI,2019,308790,-16,large
26051,MI,2019,18894,169,small
26053,MI,2019,10395,-16,small
26055,MI,2019,76818,297,medium
26057,MI,2019,28663,-19,small
26059,MI,2019,35329,32,small
26061,MI,2019,27054,-92,small
26063,MI,2019,26577,112,small
26065,MI,2019,192689,-656,large
26067,MI,2019,49175,186,small
26069,MI,2019,18467,85,small
26071,MI,2019,8737,4,tiny
26073,MI,2019,42380,-24,small
26075,MI,2019,118657,219,large
26077,MI,2019,198886,-409,large
26079,MI,2019,13464,-18,small
26081,MI,2019,533596,-985,very large
26083,MI,2019,1693,1,tiny
26085,MI,2019,7014,-6,tiny
26087,MI,2019,72227,430,medium
26089,MI,2019,18650,114,small
26091,MI,2019,77811,236,medium
26093,MI,2019,165279,1335,large
26095,MI,2019,4069,0,tiny
26097,MI,2019,8693,1,tiny
26099,MI,2019,715635,721,very large
26101,MI,2019,18355,60,small
26103,MI,2019,49491,15,small
26105,MI,2019,23501,77,small
26107,MI,2019,27861,141,small
26109,MI,2019,17774,-19,small
26111,MI,2019,68448,-57,medium
26113,MI,2019,12025,8,small
26115,MI,2019,125287,855,large
26117,MI,2019,48222,220,small
26119,MI,2019,6839,33,tiny
26121,MI,2019,133154,244,large
26123,MI,2019,38600,195,small
26125,MI,2019,1028950,-1125,enormous
26127,MI,2019,21354,83,small
26129,MI,2019,15312,150,small
26131,MI,2019,4185,0,tiny
26133,MI,2019,17615,22,small
26135,MI,2019,6341,41,tiny
26137,MI,2019,20187,88,small
26139,MI,2019,245308,919,large
26141,MI,2019,10297,62,small
26143,MI,2019,16829,188,small
26145,MI,2019,145766,138,large
26147,MI,2019,130225,441,large
26149,MI,2019,49327,49,small
26151,MI,2019,33367,87,small
26153,MI,2019,6247,-16,tiny
26155,MI,2019,54054,137,medium
26157,MI,2019,43072,68,small
26159,MI,2019,59573,238,medium
26161,MI,2019,262495,-1505,large
26163,MI,2019,1296621,-3086,enormous
26165,MI,2019,26008,120,small
27001,MN,2019,11608,168,small
27003,MN,2019,302882,2447,large
27005,MN,2019,28809,44,small
27007,MN,2019,34919,33,small
27009,MN,2019,32591,-64,small
27011,MN,2019,4163,0,tiny
27013,MN,2019,48564,-255,small
27015,MN,2019,21933,5,small
27017,MN,2019,27948,110,small
27019,MN,2019,93628,1063,medium
27021,MN,2019,23455,293,small
27023,MN,2019,10180,-16,small
27025,MN,2019,47016,503,small
27027,MN,2019,50136,69,medium
27029,MN,2019,6767,37,tiny
27031,MN,2019,4409,19,tiny
27033,MN,2019,9597,41,tiny
27035,MN,2019,52794,478,medium
27037,MN,2019,372336,1623,large
27039,MN,2019,18511,70,small
27041,MN,2019,33177,143,small
27043,MN,2019,11174,-21,small
27045,MN,2019,17755,41,small
27047,MN,2019,24948,83,small
27049,MN,2019,39462,336,small
27051,MN,2019,5076,21,tiny
27053,MN,2019,1016419,-7555,enormous
27055,MN,2019,16200,38,small
27057,MN,2019,17011,69,small
27059,MN,2019,33318,591,small
27061,MN,2019,35822,158,small
27063,MN,2019,8566,15,tiny
27065,MN,2019,12204,129,small
27067,MN,2019,37612,-86,small
27069,MN,2019,3776,0,tiny
27071,MN,2019,9208,-9,tiny
27073,MN,2019,5699,13,tiny
27075,MN,2019,8624,51,tiny
27077,MN,2019,3192,-9,tiny
27079,MN,2019,24729,132,small
27081,MN,2019,4761,-24,tiny
27083,MN,2019,21011,-32,small
27085,MN,2019,31735,118,small
27087,MN,2019,4157,-9,tiny
27089,MN,2019,7714,8,tiny
27091,MN,2019,16897,28,small
27093,MN,2019,20384,52,small
27095,MN,2019,20452,202,small
27097,MN,2019,28453,85,small
27099,MN,2019,33305,-71,small
27101,MN,2019,7048,23,tiny
27103,MN,2019,26731,27,small
27105,MN,2019,18744,-65,small
27107,MN,2019,5406,-16,tiny
27109,MN,2019,136752,-361,large
27111,MN,2019,50543,129,medium
27113,MN,2019,11295,-17,small
27115,MN,2019,21183,279,small
27117,MN,2019,8008,6,tiny
27119,MN,2019,25079,-37,small
27121,MN,2019,9776,36,tiny
27123,MN,2019,425301,-4219,large
27125,MN,2019,3342,20,tiny
27127,MN,2019,13106,5,small
27129,MN,2019,12419,-44,small
27131,MN,2019,52223,104,medium
27133,MN,2019,8325,-5,tiny
27135,MN,2019,13588,-4,small
27137,MN,2019,149378,-136,large
27139,MN,2019,129004,1240,large
27141,MN,2019,80457,746,medium
27143,MN,2019,12751,12,small
27145,MN,2019,128263,-98,large
27147,MN,2019,32265,-44,small
27149,MN,2019,8740,-25,tiny
27151,MN,2019,7744,-16,tiny
27153,MN,2019,20575,5,small
27155,MN,2019,2648,0,tiny
27157,MN,2019,18405,64,small
27159,MN,2019,11372,15,small
27161,MN,2019,15356,49,small
27163,MN,2019,228252,3121,large
27165,MN,2019,8816,-30,tiny
27167,MN,2019,5421,25,tiny
27169,MN,2019,36915,-117,small
27171,MN,2019,124302,1603,large
27173,MN,2019,8240,-18,tiny
31001,NE,2019,25023,-23,small
31003,NE,2019,5458,5,tiny
31005,NE,2019,383,0,tiny
31007,NE,2019,584,0,tiny
31009,NE,2019,391,0,tiny
31011,NE,2019,4825,9,tiny
31013,NE,2019,9048,-15,tiny
31015,NE,2019,1550,0,tiny
31017,NE,2019,2378,0,tiny
31019,NE,2019,39477,-41,small
31021,NE,2019,5606,-10,tiny
31023,NE,2019,7259,21,tiny
31025,NE,2019,22360,216,small
31027,NE,2019,7892,11,tiny
31029,NE,2019,3207,0,tiny
31031,NE,2019,4687,0,tiny
31033,NE,2019,7402,15,tiny
31035,NE,2019,5137,2,tiny
31037,NE,2019,9621,-63,tiny
31039,NE,2019,8121,-39,tiny
31041,NE,2019,9171,-13,tiny
31043,NE,2019,18329,-134,small
31045,NE,2019,5845,-4,tiny
31047,NE,2019,21362,-98,small
31049,NE,2019,1410,0,tiny
31051,NE,2019,4812,5,tiny
31053,NE,2019,29552,-16,small
31055,NE,2019,470162,-1221,large
31057,NE,2019,1333,0,tiny
31059,NE,2019,4840,-1,tiny
31061,NE,2019,2455,0,tiny
31063,NE,2019,1966,0,tiny
31065,NE,2019,3971,-6,tiny
31067,NE,2019,17613,45,small
31069,NE,2019,1382,0,tiny
31071,NE,2019,1428,0,tiny
31073,NE,2019,1632,14,tiny
31075,NE,2019,615,0,tiny
31077,NE,2019,1966,0,tiny
31079,NE,2019,51855,-152,medium
31081,NE,2019,8481,30,tiny
31083,NE,2019,2631,0,tiny
31085,NE,2019,828,0,tiny
31087,NE,2019,2223,8,tiny
31089,NE,2019,9087,-9,tiny
31091,NE,2019,595,0,tiny
31093,NE,2019,5594,15,tiny
31095,NE,2019,5870,25,tiny
31097,NE,2019,3464,6,tiny
31099,NE,2019,5750,13,tiny
31101,NE,2019,6526,-2,tiny
31103,NE,2019,685,0,tiny
31105,NE,2019,2638,0,tiny
31107,NE,2019,7140,-31,tiny
31109,NE,2019,253532,-739,large
31111,NE,2019,28324,-57,small
31113,NE,2019,641,0,tiny
31115,NE,2019,482,0,tiny
31117,NE,2019,379,0,tiny
31119,NE,2019,29214,-88,small
31121,NE,2019,6446,28,tiny
31123,NE,2019,3632,-1,tiny
31125,NE,2019,2790,-14,tiny
31127,NE,2019,5469,4,tiny
31129,NE,2019,3443,0,tiny
31131,NE,2019,13642,65,small
31133,NE,2019,2144,0,tiny
31135,NE,2019,2534,0,tiny
31137,NE,2019,7856,2,tiny
31139,NE,2019,6414,19,tiny
31141,NE,2019,30595,-32,small
31143,NE,2019,4616,1,tiny
31145,NE,2019,8553,-1,tiny
31147,NE,2019,6301,-17,tiny
31149,NE,2019,1166,0,tiny
31151,NE,2019,11865,-57,small
31153,NE,2019,157859,1025,large
31155,NE,2019,19007,238,small
31157,NE,2019,28188,-41,small
31159,NE,2019,14570,68,small
31161,NE,2019,3973,-13,tiny
31163,NE,2019,2476,0,tiny
31165,NE,2019,885,0,tiny
31167,NE,2019,5010,-4,tiny
31169,NE,2019,4348,-18,tiny
31171,NE,2019,544,0,tiny
31173,NE,2019,5626,-23,tiny
31175,NE,2019,3555,0,tiny
31177,NE,2019,18067,222,small
31179,NE,2019,6514,-20,tiny
31181,NE,2019,2705,3,tiny
31183,NE,2019,645,0,tiny
31185,NE,2019,11615,-1,small
32001,NV,2019,18989,161,small
32003,NV,2019,1723005,16006,enormous
32005,NV,2019,40581,671,small
32007,NV,2019,43405,35,small
32009,NV,2019,554,0,tiny
32011,NV,2019,1357,7,tiny
32013,NV,2019,14066,26,small
32015,NV,2019,4432,0,tiny
32017,NV,2019,3377,33,tiny
32019,NV,2019,45503,850,small
32021,NV,2019,3028,23,tiny
32023,NV,2019,30977,850,small
32027,NV,2019,3557,14,tiny
32029,NV,2019,2874,70,tiny
32031,NV,2019,375696,3365,large
32033,NV,2019,6723,36,tiny
32510,NV,2019,42623,253,small
33001,NH,2019,50765,654,medium
33003,NH,2019,39080,741,small
33005,NH,2019,58919,480,medium
33007,NH,2019,22732,79,small
33009,NH,2019,65917,476,medium
33011,NH,2019,341651,902,large
33013,NH,2019,119648,850,large
33015,NH,2019,265368,2523,large
33017,NH,2019,96539,676,medium
33019,NH,2019,33475,153,small
37001,NC,2019,124616,960,large
37003,NC,2019,27004,31,small
37005,NC,2019,7612,51,tiny
37007,NC,2019,15487,17,small
37009,NC,2019,18831,98,small
37011,NC,2019,11283,15,small
37013,NC,2019,33473,16,small
37015,NC,2019,12233,-73,small
37017,NC,2019,20609,-9,small
37019,NC,2019,101434,2466,large
37021,NC,2019,192976,1303,large
37023,NC,2019,63094,125,medium
37025,NC,2019,169703,2448,large
37027,NC,2019,58148,62,medium
37029,NC,2019,8209,109,tiny
37031,NC,2019,50204,526,medium
37033,NC,2019,15178,99,small
37035,NC,2019,121848,33,large
37037,NC,2019,59863,758,medium
37039,NC,2019,19300,15,small
37041,NC,2019,10111,-16,small
37043,NC,2019,7655,10,tiny
37045,NC,2019,72185,310,medium
37047,NC,2019,35642,-36,small
37049,NC,2019,74197,-165,medium
37051,NC,2019,228209,-941,large
37053,NC,2019,21019,589,small
37055,NC,2019,29805,116,small
37057,NC,2019,127488,717,large
37059,NC,2019,33872,240,small
37061,NC,2019,37282,-25,small
37063,NC,2019,217194,-722,large
37065,NC,2019,33801,-115,small
37067,NC,2019,280871,484,large
37069,NC,2019,48921,1013,small
37071,NC,2019,163713,1451,large
37073,NC,2019,7718,42,tiny
37075,NC,2019,5965,7,tiny
37077,NC,2019,43192,596,small
37079,NC,2019,12835,-35,small
37081,NC,2019,391832,317,large
37083,NC,2019,33842,-136,small
37085,NC,2019,91618,523,medium
37087,NC,2019,45947,311,small
37089,NC,2019,87662,727,medium
37091,NC,2019,13339,9,small
37093,NC,2019,35546,345,small
37095,NC,2019,3121,2,tiny
37097,NC,2019,143264,1360,large
37099,NC,2019,24471,-2,small
37101,NC,2019,161220,3132,large
37103,NC,2019,6452,-1,tiny
37105,NC,2019,44750,104,small
37107,NC,2019,38776,-51,small
37109,NC,2019,66272,762,medium
37111,NC,2019,32017,140,small
37113,NC,2019,25723,101,small
37115,NC,2019,14488,68,small
37117,NC,2019,16179,30,small
37119,NC,2019,804308,1647,very large
37121,NC,2019,10319,46,small
37123,NC,2019,19140,-1,small
37125,NC,2019,77729,769,medium
37127,NC,2019,70658,202,medium
37129,NC,2019,156573,602,large
37131,NC,2019,12088,-10,small
37133,NC,2019,130642,-98,large
37135,NC,2019,98283,-4,medium
37137,NC,2019,8568,-1,tiny
37139,NC,2019,28672,169,small
37141,NC,2019,44107,568,small
37143,NC,2019,9599,-32,tiny
37145,NC,2019,28964,254,small
37147,NC,2019,117616,-205,large
37149,NC,2019,14190,63,small
37151,NC,2019,109208,290,large
37153,NC,2019,30400,36,small
37155,NC,2019,83002,-118,medium
37157,NC,2019,66177,232,medium
37159,NC,2019,106228,517,large
37161,NC,2019,45001,42,small
37163,NC,2019,46048,-13,small
37165,NC,2019,22805,-37,small
37167,NC,2019,46172,465,small
37169,NC,2019,33454,93,small
37171,NC,2019,52823,33,medium
37173,NC,2019,12420,-27,small
37175,NC,2019,23227,28,small
37177,NC,2019,2517,0,tiny
37179,NC,2019,192888,2484,large
37181,NC,2019,30528,8,small
37183,NC,2019,873371,6380,very large
37185,NC,2019,11973,44,small
37187,NC,2019,7913,-27,tiny
37189,NC,2019,29548,-91,small
37191,NC,2019,85904,74,medium
37193,NC,2019,48038,18,small
37195,NC,2019,59113,-29,medium
37197,NC,2019,28538,120,small
37199,NC,2019,12875,72,small
39001,OH,2019,20084,18,small
39003,OH,2019,80052,-58,medium
39005,OH,2019,42053,9,small
39007,OH,2019,76934,41,medium
39009,OH,2019,34282,-135,small
39011,OH,2019,41156,0,small
39013,OH,2019,50251,-11,medium
39015,OH,2019,33410,90,small
39017,OH,2019,301002,536,large
39019,OH,2019,21557,112,small
39021,OH,2019,31739,93,small
39023,OH,2019,104047,216,large
39025,OH,2019,168702,699,large
39027,OH,2019,32792,22,small
39029,OH,2019,78549,77,medium
39031,OH,2019,29907,49,small
39033,OH,2019,33219,76,small
39035,OH,2019,958891,-3721,very large
39037,OH,2019,44948,69,small
39039,OH,2019,32352,47,small
39041,OH,2019,185341,2988,large
39043,OH,2019,61311,66,medium
39045,OH,2019,128162,1435,large
39047,OH,2019,22018,120,small
39049,OH,2019,1010584,-4614,enormous
39051,OH,2019,36918,20,small
39053,OH,2019,21710,17,small
39055,OH,2019,86143,304,medium
39057,OH,2019,127941,-22,large
39059,OH,2019,30228,51,small
39061,OH,2019,638422,-2198,very large
39063,OH,2019,62046,-47,medium
39065,OH,2019,22921,15,small
39067,OH,2019,11337,-24,small
39069,OH,2019,24082,-26,small
39071,OH,2019,33403,80,small
39073,OH,2019,21040,158,small
39075,OH,2019,39364,16,small
39077,OH,2019,48719,-6,small
39079,OH,2019,24194,55,small
39081,OH,2019,49870,30,small
39083,OH,2019,50296,228,medium
39085,OH,2019,195870,580,large
39087,OH,2019,44490,0,small
39089,OH,2019,144306,1342,large
39091,OH,2019,38068,83,small
39093,OH,2019,252672,1896,large
39095,OH,2019,325133,-532,large
39097,OH,2019,32048,352,small
39099,OH,2019,176154,-45,large
39101,OH,2019,47477,29,small
39103,OH,2019,158959,796,large
39105,OH,2019,16115,5,small
39107,OH,2019,39795,-5,small
39109,OH,2019,90158,266,medium
39111,OH,2019,10846,3,small
39113,OH,2019,405618,-770,large
39115,OH,2019,10680,-35,small
39117,OH,2019,27979,244,small
39119,OH,2019,68314,57,medium
39121,OH,2019,9909,-10,tiny
39123,OH,2019,34046,76,small
39125,OH,2019,16196,-5,small
39127,OH,2019,27184,130,small
39129,OH,2019,43500,340,small
39131,OH,2019,19832,29,small
39133,OH,2019,119891,464,large
39135,OH,2019,33579,134,small
39137,OH,2019,32133,-32,small
39139,OH,2019,97110,134,medium
39141,OH,2019,55614,20,medium
39143,OH,2019,48853,-34,small
39145,OH,2019,51578,-7,medium
39147,OH,2019,44080,-22,small
39149,OH,2019,42485,-44,small
39151,OH,2019,303665,128,large
39153,OH,2019,430414,-405,large
39155,OH,2019,160829,93,large
39157,OH,2019,77439,-104,medium
39159,OH,2019,51476,785,medium
39161,OH,2019,24239,36,small
39163,OH,2019,9254,57,tiny
39165,OH,2019,202921,1966,large
39167,OH,2019,47980,37,small
39169,OH,2019,100011,16,large
39171,OH,2019,30892,-13,small
39173,OH,2019,100410,-54,large
39175,OH,2019,18790,6,small
4001,AZ,2019,49916,173,small
4003,AZ,2019,92808,-37,medium
4005,AZ,2019,95434,-262,medium
4007,AZ,2019,37374,345,small
4009,AZ,2019,25475,141,small
4011,AZ,2019,6623,-23,tiny
4012,AZ,2019,10708,-13,small
4013,AZ,2019,3347906,28209,enormous
4015,AZ,2019,135375,2607,large
4017,AZ,2019,79537,863,medium
4019,AZ,2019,765848,4115,very large
4021,AZ,2019,290521,8377,large
4023,AZ,2019,41331,-34,small
4025,AZ,2019,171714,3636,large
4027,AZ,2019,169186,1016,large
42001,PA,2019,86745,317,medium
42003,PA,2019,972924,-2735,very large
42005,PA,2019,53442,19,medium
42007,PA,2019,135116,109,large
42009,PA,2019,40008,-8,small
42011,PA,2019,346677,957,large
42013,PA,2019,98850,-7,medium
42015,PA,2019,49009,35,small
42017,PA,2019,547541,3733,very large
42019,PA,2019,161284,1160,large
42021,PA,2019,103124,-11,large
42023,PA,2019,3615,0,tiny
42025,PA,2019,50126,326,medium
42027,PA,2019,99100,-368,medium
42029,PA,2019,448208,2677,large
42031,PA,2019,28759,-4,small
42033,PA,2019,60665,-1,medium
42035,PA,2019,29295,-51,small
42037,PA,2019,47871,71,small
42039,PA,2019,65252,58,medium
42041,PA,2019,211390,1102,large
42043,PA,2019,227031,265,large
42045,PA,2019,451344,1317,large
42047,PA,2019,26023,-5,small
42049,PA,2019,210005,-139,large
42051,PA,2019,99771,-78,medium
42053,PA,2019,3259,-5,tiny
42055,PA,2019,134703,259,large
42057,PA,2019,12160,30,small
42059,PA,2019,26152,-34,small
42061,PA,2019,33149,10,small
42063,PA,2019,62053,-18,medium
42065,PA,2019,36317,-13,small
42067,PA,2019,20925,-14,small
42069,PA,2019,165024,486,large
42071,PA,2019,491163,294,large
42073,PA,2019,68320,23,medium
42075,PA,2019,121917,287,large
42077,PA,2019,301419,883,large
42079,PA,2019,249679,1222,large
42081,PA,2019,89743,81,medium
42083,PA,2019,31011,-17,small
42085,PA,2019,86540,128,medium
42087,PA,2019,39882,66,small
42089,PA,2019,125301,1883,large
42091,PA,2019,700227,4831,very large
42093,PA,2019,14752,-34,small
42095,PA,2019,247070,1292,large
42097,PA,2019,71142,91,medium
42099,PA,2019,40042,74,small
42101,PA,2019,1022999,-11122,enormous
42103,PA,2019,43435,1102,small
42105,PA,2019,12780,-9,small
42107,PA,2019,109999,415,large
42109,PA,2019,32891,23,small
42111,PA,2019,58238,59,medium
42113,PA,2019,4525,5,tiny
42115,PA,2019,32137,50,small
42117,PA,2019,32075,25,small
42119,PA,2019,30581,2,small
42121,PA,2019,40269,14,small
42123,PA,2019,30428,17,small
42125,PA,2019,168935,747,large
42127,PA,2019,38816,306,small
42129,PA,2019,293828,853,large
42131,PA,2019,21155,59,small
42133,PA,2019,380596,1346,large
48001,TX,2019,34167,58,small
48003,TX,2019,14983,-11,small
48005,TX,2019,64670,-75,medium
48007,TX,2019,16342,175,small
48009,TX,2019,6928,53,tiny
48011,TX,2019,1503,11,tiny
48013,TX,2019,38417,162,small
48015,TX,2019,24207,131,small
48017,TX,2019,5065,-15,tiny
48019,TX,2019,15938,167,small
48021,TX,2019,66337,2103,medium
48023,TX,2019,2521,0,tiny
48025,TX,2019,18826,-10,small
48027,TX,2019,266795,1488,large
48029,TX,2019,1524527,4591,enormous
48031,TX,2019,9045,178,tiny
48033,TX,2019,492,0,tiny
48035,TX,2019,13311,82,small
48037,TX,2019,67784,-12,medium
48039,TX,2019,284367,2584,large
48041,TX,2019,139284,-300,large
48043,TX,2019,6493,-46,tiny
48045,TX,2019,1082,0,tiny
48047,TX,2019,5065,-47,tiny
48049,TX,2019,27305,53,small
48051,TX,2019,13783,104,small
48053,TX,2019,37736,825,small
48055,TX,2019,32240,401,small
48057,TX,2019,16170,-31,small
48059,TX,2019,10264,63,small
48061,TX,2019,332056,-414,large
48063,TX,2019,9478,-2,tiny
48065,TX,2019,4491,-12,tiny
48067,TX,2019,21888,-3,small
48069,TX,2019,5507,10,tiny
48071,TX,2019,37255,780,small
48073,TX,2019,39004,59,small
48075,TX,2019,4144,0,tiny
48077,TX,2019,7729,51,tiny
48079,TX,2019,2179,10,tiny
48081,TX,2019,2370,2,tiny
48083,TX,2019,5705,13,tiny
48085,TX,2019,842310,16428,very large
48087,TX,2019,2135,0,tiny
48089,TX,2019,16816,118,small
48091,TX,2019,122537,3708,large
48093,TX,2019,10173,31,small
48095,TX,2019,1680,-8,tiny
48097,TX,2019,33079,270,small
48099,TX,2019,47978,212,small
48101,TX,2019,971,0,tiny
48103,TX,2019,4010,5,tiny
48105,TX,2019,2771,0,tiny
48107,TX,2019,3967,-8,tiny
48109,TX,2019,1633,0,tiny
48111,TX,2019,5673,-21,tiny
48113,TX,2019,1940761,-10838,enormous
48115,TX,2019,8854,-18,tiny
48117,TX,2019,14730,-62,small
48119,TX,2019,3692,48,tiny
48121,TX,2019,696083,12566,very large
48123,TX,2019,14090,63,small
48125,TX,2019,1315,0,tiny
48127,TX,2019,7218,-42,tiny
48129,TX,2019,2243,0,tiny
48131,TX,2019,7910,21,tiny
48133,TX,2019,12672,27,small
48135,TX,2019,128872,-564,large
48137,TX,2019,1264,0,tiny
48139,TX,2019,151249,3933,large
48141,TX,2019,687106,-846,very large
48143,TX,2019,27018,-27,small
48145,TX,2019,11165,13,small
48147,TX,2019,24094,371,small
48149,TX,2019,20000,219,small
48151,TX,2019,2688,2,tiny
48153,TX,2019,4434,-18,tiny
48155,TX,2019,788,0,tiny
48157,TX,2019,652356,11783,very large
48159,TX,2019,7480,17,tiny
48161,TX,2019,13475,39,small
48163,TX,2019,11489,-16,small
48165,TX,2019,19110,-12,small
48167,TX,2019,258722,1820,large
48169,TX,2019,3212,1,tiny
48171,TX,2019,21966,139,small
48173,TX,2019,1138,0,tiny
48175,TX,2019,5479,6,tiny
48177,TX,2019,16175,27,small
48179,TX,2019,15838,2,small
48181,TX,2019,102515,1183,large
48183,TX,2019,93773,-199,medium
48185,TX,2019,20632,309,small
48187,TX,2019,132404,1642,large
48189,TX,2019,24048,-29,small
48191,TX,2019,2039,0,tiny
48193,TX,2019,6266,1,tiny
48195,TX,2019,4557,0,tiny
48197,TX,2019,2616,-1,tiny
48199,TX,2019,44208,394,small
48201,TX,2019,3512880,-10239,enormous
48203,TX,2019,51115,52,medium
48205,TX,2019,3246,8,tiny
48207,TX,2019,3600,5,tiny
48209,TX,2019,163467,4763,large
48211,TX,2019,3149,0,tiny
48213,TX,2019,57567,719,medium
48215,TX,2019,665771,-13,very large
48217,TX,2019,26895,192,small
48219,TX,2019,17140,-18,small
48221,TX,2019,46127,678,small
48223,TX,2019,28194,92,small
48225,TX,2019,14056,17,small
48227,TX,2019,22733,-72,small
48229,TX,2019,2377,-9,tiny
48231,TX,2019,71078,1113,medium
48233,TX,2019,15862,-28,small
48235,TX,2019,1288,13,tiny
48237,TX,2019,5924,51,tiny
48239,TX,2019,11954,50,small
48241,TX,2019,24455,89,small
48243,TX,2019,1540,0,tiny
48245,TX,2019,178056,-799,large
48247,TX,2019,3896,39,tiny
48249,TX,2019,30420,-29,small
48251,TX,2019,138461,2479,large
48253,TX,2019,11264,22,small
48255,TX,2019,9729,28,tiny
48257,TX,2019,108960,4754,large
48259,TX,2019,35698,649,small
48261,TX,2019,223,0,tiny
48263,TX,2019,570,0,tiny
48265,TX,2019,39592,215,small
48267,TX,2019,3198,0,tiny
48269,TX,2019,197,0,tiny
48271,TX,2019,2285,0,tiny
48273,TX,2019,21869,-72,small
48275,TX,2019,2616,0,tiny
48277,TX,2019,37047,105,small
48279,TX,2019,9785,-9,tiny
48281,TX,2019,16274,171,small
48283,TX,2019,4332,-8,tiny
48285,TX,2019,16661,27,small
48287,TX,2019,13996,120,small
48289,TX,2019,12947,99,small
48291,TX,2019,63555,2104,medium
48293,TX,2019,15927,49,small
48295,TX,2019,2478,0,tiny
48297,TX,2019,8007,75,tiny
48299,TX,2019,13937,326,small
48301,TX,2019,67,0,tiny
48303,TX,2019,220483,-65,large
48305,TX,2019,4671,12,tiny
48307,TX,2019,5796,2,tiny
48309,TX,2019,190137,299,large
48311,TX,2019,625,0,tiny
48313,TX,2019,9043,47,tiny
48315,TX,2019,6313,33,tiny
48317,TX,2019,4167,0,tiny
48319,TX,2019,3368,0,tiny
48321,TX,2019,28707,-90,small
48323,TX,2019,53687,-131,medium
48325,TX,2019,37837,622,small
48327,TX,2019,1491,0,tiny
48329,TX,2019,136897,-826,large
48331,TX,2019,17917,202,small
48333,TX,2019,3530,0,tiny
48335,TX,2019,4952,5,tiny
48337,TX,2019,14927,164,small
48339,TX,2019,471095,8609,large
48341,TX,2019,17605,-27,small
48343,TX,2019,8963,9,tiny
48345,TX,2019,811,0,tiny
48347,TX,2019,43366,-123,small
48349,TX,2019,38120,333,small
48351,TX,2019,8305,18,tiny
48353,TX,2019,11198,-21,small
48355,TX,2019,259881,-310,large
48357,TX,2019,8520,-12,tiny
48359,TX,2019,1609,-12,tiny
48361,TX,2019,62842,25,medium
48363,TX,2019,20731,73,small
48365,TX,2019,17480,70,small
48367,TX,2019,115874,2604,large
48369,TX,2019,7731,-7,tiny
48371,TX,2019,11053,-17,small
48373,TX,2019,39842,449,small
48375,TX,2019,82587,-332,medium
48377,TX,2019,6801,-26,tiny
48379,TX,2019,7998,134,tiny
48381,TX,2019,106179,273,large
48383,TX,2019,3123,-2,tiny
48385,TX,2019,2593,0,tiny
48387,TX,2019,8496,30,tiny
48389,TX,2019,9409,-37,tiny
48391,TX,2019,5292,51,tiny
48393,TX,2019,688,0,tiny
48395,TX,2019,12863,58,small
48397,TX,2019,84590,2646,medium
48399,TX,2019,7917,25,tiny
48401,TX,2019,36790,140,small
48403,TX,2019,6918,66,tiny
48405,TX,2019,5474,21,tiny
48407,TX,2019,18142,354,small
48409,TX,2019,53632,0,medium
48411,TX,2019,4183,0,tiny
48413,TX,2019,2012,-2,tiny
48415,TX,2019,12564,-32,small
48417,TX,2019,2545,4,tiny
48419,TX,2019,18769,-6,small
48421,TX,2019,2079,0,tiny
48423,TX,2019,177083,410,large
48425,TX,2019,6989,27,tiny
48427,TX,2019,54509,-128,medium
48429,TX,2019,6196,-22,tiny
48431,TX,2019,1070,0,tiny
48433,TX,2019,1042,0,tiny
48435,TX,2019,3058,17,tiny
48437,TX,2019,5066,10,tiny
48439,TX,2019,1633772,6936,enormous
48441,TX,2019,104005,-94,large
48443,TX,2019,550,0,tiny
48445,TX,2019,9090,-25,tiny
48447,TX,2019,1085,0,tiny
48449,TX,2019,26054,-26,small
48451,TX,2019,87858,-280,medium
48453,TX,2019,907736,2225,very large
48455,TX,2019,9639,101,tiny
48457,TX,2019,13203,77,small
48459,TX,2019,29704,163,small
48461,TX,2019,2618,0,tiny
48463,TX,2019,20841,23,small
48465,TX,2019,41033,-57,small
48467,TX,2019,40963,591,small
48469,TX,2019,71570,-271,medium
48471,TX,2019,36930,82,small
48473,TX,2019,37223,1093,small
48475,TX,2019,9163,-13,tiny
48477,TX,2019,27231,195,small
48479,TX,2019,229619,-727,large
48481,TX,2019,34706,93,small
48483,TX,2019,3936,0,tiny
48485,TX,2019,89743,-89,medium
48487,TX,2019,9407,-23,tiny
48489,TX,2019,14111,-49,small
48491,TX,2019,474231,13259,large
48493,TX,2019,39646,630,small
48495,TX,2019,6069,-9,tiny
48497,TX,2019,53892,905,medium
48499,TX,2019,32330,301,small
48501,TX,2019,7296,2,tiny
48503,TX,2019,13752,-30,small
48505,TX,2019,10600,1,small
48507,TX,2019,8231,-14,tiny
55001,WI,2019,14363,167,small
55003,WI,2019,12145,-68,small
55005,WI,2019,38403,-13,small
55007,WI,2019,12660,110,small
55009,WI,2019,223948,-102,large
55011,WI,2019,11209,11,small
55013,WI,2019,12520,220,small
55015,WI,2019,44954,85,small
55017,WI,2019,54039,242,medium
55019,WI,2019,30953,-38,small
55021,WI,2019,48487,318,small
55023,WI,2019,12888,12,small
55025,WI,2019,438410,-1638,large
55027,WI,2019,69706,252,medium
55029,WI,2019,24955,164,small
55031,WI,2019,33108,47,small
55033,WI,2019,33104,-44,small
55035,WI,2019,78754,-67,medium
55037,WI,2019,3501,8,tiny
55039,WI,2019,85365,117,medium
55041,WI,2019,7055,5,tiny
55043,WI,2019,39578,-64,small
55045,WI,2019,32009,145,small
55047,WI,2019,15638,39,small
55049,WI,2019,20188,1,small
55051,WI,2019,4663,18,tiny
55053,WI,2019,15276,13,small
55055,WI,2019,68284,289,medium
55057,WI,2019,20235,102,small
55059,WI,2019,133596,519,large
55061,WI,2019,17455,24,small
55063,WI,2019,92194,-180,medium
55065,WI,2019,14951,70,small
55067,WI,2019,15578,52,small
55069,WI,2019,22909,62,small
55071,WI,2019,66977,129,medium
55073,WI,2019,118873,3,large
55075,WI,2019,32285,103,small
55077,WI,2019,12546,68,small
55078,WI,2019,3323,-9,tiny
55079,WI,2019,703082,-4707,very large
55081,WI,2019,37330,-26,small
55083,WI,2019,32301,294,small
55085,WI,2019,30848,203,small
55087,WI,2019,160392,136,large
55089,WI,2019,79006,894,medium
55091,WI,2019,6145,6,tiny
55093,WI,2019,31893,89,small
55095,WI,2019,36972,284,small
55097,WI,2019,55805,10,medium
55099,WI,2019,11292,35,small
55101,WI,2019,159262,549,large
55103,WI,2019,13803,29,small
55105,WI,2019,132826,501,large
55107,WI,2019,11245,10,small
55109,WI,2019,79056,817,medium
55111,WI,2019,54772,209,medium
55113,WI,2019,13377,86,small
55115,WI,2019,33440,60,small
55117,WI,2019,99708,109,medium
55119,WI,2019,16651,-16,small
55121,WI,2019,25608,34,small
55123,WI,2019,24741,71,small
55125,WI,2019,17829,165,small
55127,WI,2019,81363,556,medium
55129,WI,2019,13354,67,small
55131,WI,2019,120122,918,large
55133,WI,2019,357626,3076,large
55135,WI,2019,41642,169,small
55137,WI,2019,18861,99,small
55139,WI,2019,134635,-106,large
55141,WI,2019,61556,-97,medium
12001,FL,2020,174116,-771,large
12003,FL,2020,20220,175,small
12005,FL,2020,121357,-1468,large
12007,FL,2020,17092,65,small
12009,FL,2020,465267,4581,large
12011,FL,2020,1474148,-1646,enormous
12013,FL,2020,8069,-18,tiny
12015,FL,2020,131438,2112,large
12017,FL,2020,105714,1100,large
12019,FL,2020,172990,1165,large
12021,FL,2020,298846,4544,large
12023,FL,2020,46949,349,small
12027,FL,2020,21901,78,small
12029,FL,2020,8683,-9,tiny
12031,FL,2020,723499,2391,very large
12033,FL,2020,225744,-81,large
12035,FL,2020,87335,1155,medium
12037,FL,2020,7069,-18,tiny
12039,FL,2020,31434,11,small
12041,FL,2020,11602,85,small
12043,FL,2020,6457,23,tiny
12045,FL,2020,8748,20,tiny
12047,FL,2020,7757,3,tiny
12049,FL,2020,18217,-6,small
12051,FL,2020,28164,192,small
12053,FL,2020,138607,1969,large
12055,FL,2020,68666,413,medium
12057,FL,2020,1099751,7240,enormous
12059,FL,2020,11452,-6,small
12061,FL,2020,121161,1422,large
12063,FL,2020,29375,-83,small
12065,FL,2020,9531,29,tiny
12067,FL,2020,4442,-17,tiny
12069,FL,2020,281430,4948,large
12071,FL,2020,567415,8778,very large
12073,FL,2020,191902,-424,large
12075,FL,2020,28351,313,small
12077,FL,2020,4379,17,tiny
12079,FL,2020,11827,6,small
12081,FL,2020,296869,3928,large
12083,FL,2020,267100,3286,large
12085,FL,2020,118644,1101,large
12086,FL,2020,2061861,-16423,enormous
12087,FL,2020,57977,-421,medium
12089,FL,2020,72286,919,medium
12091,FL,2020,164172,-53,large
12093,FL,2020,26282,205,small
12095,FL,2020,1043559,-3219,enormous
12097,FL,2020,294116,4143,large
12099,FL,2020,1128484,7587,enormous
12101,FL,2020,407687,8563,large
12103,FL,2020,695657,4054,very large
12105,FL,2020,535146,10172,very large
12107,FL,2020,48795,238,small
12109,FL,2020,224619,5459,large
12111,FL,2020,242971,5510,large
12113,FL,2020,140706,718,large
12115,FL,2020,319188,5682,large
12117,FL,2020,357825,1054,large
12119,FL,2020,96491,1372,medium
12121,FL,2020,28705,163,small
12123,FL,2020,13433,-48,small
12125,FL,2020,8398,45,tiny
12127,FL,2020,399895,4826,large
12129,FL,2020,23429,311,small
12131,FL,2020,54133,527,medium
12133,FL,2020,16129,58,small
13001,GA,2020,12643,-2,small
13003,GA,2020,5378,1,tiny
13005,GA,2020,7289,-8,tiny
13007,GA,2020,1787,-49,tiny
13009,GA,2020,26320,-8,small
13011,GA,2020,12468,113,small
13013,GA,2020,62585,1089,medium
13015,GA,2020,78966,649,medium
13017,GA,2020,10821,-11,small
13019,GA,2020,11860,14,small
13021,GA,2020,102791,-122,large
13023,GA,2020,8324,1,tiny
13025,GA,2020,12030,35,small
13027,GA,2020,9790,-12,tiny
13029,GA,2020,33097,488,small
13031,GA,2020,45053,71,small
13033,GA,2020,16219,-31,small
13035,GA,2020,16054,262,small
13037,GA,2020,3006,-12,tiny
13039,GA,2020,38549,70,small
13043,GA,2020,7226,-3,tiny
13045,GA,2020,82411,654,medium
13047,GA,2020,47794,161,small
13049,GA,2020,6259,52,tiny
13051,GA,2020,189049,-293,large
13053,GA,2020,4311,-221,tiny
13055,GA,2020,16347,-7,small
13057,GA,2020,208865,2973,large
13059,GA,2020,67500,-446,medium
13061,GA,2020,1832,-8,tiny
13063,GA,2020,190431,1084,large
13065,GA,2020,4409,-24,tiny
13067,GA,2020,555373,315,very large
13069,GA,2020,27453,-26,small
13071,GA,2020,30515,115,small
13073,GA,2020,122516,1127,large
13075,GA,2020,11042,18,small
13077,GA,2020,112737,999,large
13079,GA,2020,8379,57,tiny
13081,GA,2020,13215,67,small
13083,GA,2020,10481,-12,small
13085,GA,2020,18775,391,small
13087,GA,2020,18360,3,small
13089,GA,2020,505051,-3501,very large
13091,GA,2020,12379,-19,small
13093,GA,2020,5778,-41,tiny
13095,GA,2020,53096,-410,medium
13097,GA,2020,101152,1053,large
13099,GA,2020,6844,15,tiny
13101,GA,2020,2430,14,tiny
13103,GA,2020,49872,557,small
13105,GA,2020,13680,40,small
13107,GA,2020,15219,-22,small
13109,GA,2020,7212,-10,tiny
13111,GA,2020,17792,124,small
13113,GA,2020,94204,730,medium
13115,GA,2020,69256,156,medium
13117,GA,2020,212081,3319,large
13119,GA,2020,16042,78,small
13121,GA,2020,743736,1261,very large
13123,GA,2020,22097,95,small
13125,GA,2020,1924,-4,tiny
13127,GA,2020,59818,-25,medium
13129,GA,2020,41649,198,small
13131,GA,2020,16502,-121,small
13133,GA,2020,13727,223,small
13135,GA,2020,718188,4913,very large
13137,GA,2020,32398,115,small
13139,GA,2020,158274,1532,large
13141,GA,2020,4714,0,tiny
13143,GA,2020,20908,166,small
13145,GA,2020,26421,525,small
13147,GA,2020,18068,94,small
13149,GA,2020,7312,42,tiny
13151,GA,2020,173018,3713,large
13153,GA,2020,120750,660,large
13155,GA,2020,5909,7,tiny
13157,GA,2020,57862,1274,medium
13159,GA,2020,10297,206,small
13161,GA,2020,9832,28,tiny
13163,GA,2020,11336,-12,small
13165,GA,2020,4892,19,tiny
13167,GA,2020,5148,-19,tiny
13169,GA,2020,20440,74,small
13171,GA,2020,12183,133,small
13173,GA,2020,5902,-14,tiny
13175,GA,2020,34907,-74,small
13177,GA,2020,24257,232,small
13179,GA,2020,41215,-60,small
13181,GA,2020,5522,39,tiny
13183,GA,2020,10789,125,small
13185,GA,2020,76086,186,medium
13187,GA,2020,20633,124,small
13189,GA,2020,15734,-29,small
13191,GA,2020,7310,17,tiny
13193,GA,2020,6930,-19,tiny
13195,GA,2020,22070,256,small
13197,GA,2020,4699,-4,tiny
13199,GA,2020,13719,139,small
13201,GA,2020,3758,-17,tiny
13205,GA,2020,13610,-77,small
13207,GA,2020,19957,291,small
13209,GA,2020,5135,23,tiny
13211,GA,2020,15201,216,small
13213,GA,2020,27925,-15,small
13215,GA,2020,131086,-162,large
13217,GA,2020,78252,1132,medium
13219,GA,2020,35166,361,small
13221,GA,2020,10394,129,small
13223,GA,2020,128003,1998,large
13225,GA,2020,17624,24,small
13227,GA,2020,24953,312,small
13229,GA,2020,13732,15,small
13231,GA,2020,14381,238,small
13233,GA,2020,29886,155,small
13235,GA,2020,5515,0,tiny
13237,GA,2020,15283,240,small
13239,GA,2020,1320,-9,tiny
13241,GA,2020,12269,122,small
13243,GA,2020,4012,11,tiny
13245,GA,2020,128224,-413,large
13247,GA,2020,60332,634,medium
13249,GA,2020,3358,-18,tiny
13251,GA,2020,9251,12,tiny
13253,GA,2020,5166,-5,tiny
13255,GA,2020,45407,434,small
13257,GA,2020,18294,11,small
13259,GA,2020,2346,-32,tiny
13261,GA,2020,18759,-47,small
13263,GA,2020,3750,14,tiny
13265,GA,2020,933,-2,tiny
13267,GA,2020,13752,-38,small
13269,GA,2020,5408,-25,tiny
13271,GA,2020,6309,-22,tiny
13273,GA,2020,5934,9,tiny
13275,GA,2020,31583,3,small
13277,GA,2020,28696,43,small
13279,GA,2020,18198,-61,small
13281,GA,2020,8524,22,tiny
13283,GA,2020,4176,4,tiny
13285,GA,2020,47594,-17,small
13287,GA,2020,5777,-1,tiny
13289,GA,2020,5451,-15,tiny
13291,GA,2020,17961,149,small
13293,GA,2020,18293,81,small
13295,GA,2020,44899,48,small
13297,GA,2020,72232,1411,medium
13299,GA,2020,23124,-15,small
13301,GA,2020,3481,-1,tiny
13303,GA,2020,13368,4,small
13305,GA,2020,19491,-6,small
13307,GA,2020,1518,-8,tiny
13309,GA,2020,3220,-8,tiny
13311,GA,2020,20020,116,small
13313,GA,2020,79199,-22,medium
13315,GA,2020,4435,-19,tiny
13317,GA,2020,6604,2,tiny
13319,GA,2020,6196,-35,tiny
13321,GA,2020,13408,-86,small
19001,IA,2020,5894,-17,tiny
19003,IA,2020,3043,-6,tiny
19005,IA,2020,11992,-16,small
19007,IA,2020,9443,-30,tiny
19009,IA,2020,4586,4,tiny
19011,IA,2020,21210,91,small
19013,IA,2020,97681,-274,medium
19015,IA,2020,21638,4,small
19017,IA,2020,20817,-21,small
19019,IA,2020,18630,46,small
19021,IA,2020,17218,-71,small
19023,IA,2020,12282,-5,small
19025,IA,2020,7711,-14,tiny
19027,IA,2020,17925,-1,small
19029,IA,2020,10320,10,small
19031,IA,2020,15473,49,small
19033,IA,2020,32961,-11,small
19035,IA,2020,9658,20,tiny
19037,IA,2020,10265,-41,small
19039,IA,2020,7395,-14,tiny
19041,IA,2020,13244,5,small
19043,IA,2020,14846,40,small
19045,IA,2020,36949,46,small
19047,IA,2020,14185,-18,small
19049,IA,2020,85368,936,medium
19051,IA,2020,8361,2,tiny
19053,IA,2020,5354,-4,tiny
19055,IA,2020,15240,46,small
19057,IA,2020,30683,-153,small
19059,IA,2020,14569,27,small
19061,IA,2020,81091,-189,medium
19063,IA,2020,7189,-24,tiny
19065,IA,2020,15154,-44,small
19067,IA,2020,13108,-32,small
19069,IA,2020,7717,-6,tiny
19071,IA,2020,5380,21,tiny
19073,IA,2020,7048,-38,tiny
19075,IA,2020,10542,37,small
19077,IA,2020,8851,-7,tiny
19079,IA,2020,12048,-11,small
19081,IA,2020,8872,-16,tiny
19083,IA,2020,13445,13,small
19085,IA,2020,11811,66,small
19087,IA,2020,15195,1,small
19089,IA,2020,8176,-26,tiny
19091,IA,2020,7945,-9,tiny
19093,IA,2020,5830,-11,tiny
19095,IA,2020,14420,18,small
19097,IA,2020,16457,-21,small
19099,IA,2020,29578,53,small
19101,IA,2020,11438,-32,small
19103,IA,2020,108353,-552,large
19105,IA,2020,15894,37,small
19107,IA,2020,7958,-10,tiny
19109,IA,2020,12773,-45,small
19111,IA,2020,25786,-73,small
19113,IA,2020,184987,-82,large
19115,IA,2020,8796,-5,tiny
19117,IA,2020,7270,4,tiny
19119,IA,2020,11214,-5,small
19121,IA,2020,13844,89,small
19123,IA,2020,17315,-16,small
19125,IA,2020,27749,-22,small
19127,IA,2020,32590,-134,small
19129,IA,2020,11856,63,small
19131,IA,2020,9014,38,tiny
19133,IA,2020,6963,-17,tiny
19135,IA,2020,6084,21,tiny
19137,IA,2020,7762,-13,tiny
19139,IA,2020,35707,-32,small
19141,IA,2020,11723,-5,small
19143,IA,2020,5059,-7,tiny
19145,IA,2020,10753,36,small
19147,IA,2020,7152,29,tiny
19149,IA,2020,22144,43,small
19151,IA,2020,5551,8,tiny
19153,IA,2020,400634,-657,large
19155,IA,2020,72118,28,medium
19157,IA,2020,13825,26,small
19159,IA,2020,3687,1,tiny
19161,IA,2020,8357,5,tiny
19163,IA,2020,138919,39,large
19165,IA,2020,9995,18,tiny
19167,IA,2020,31323,-9,small
19169,IA,2020,60528,-123,medium
19171,IA,2020,14133,-11,small
19173,IA,2020,4781,-26,tiny
19175,IA,2020,9343,1,tiny
19177,IA,2020,5944,34,tiny
19179,IA,2020,26144,-102,small
19181,IA,2020,44353,327,small
19183,IA,2020,19101,10,small
19185,IA,2020,5706,-16,tiny
19187,IA,2020,26666,-34,small
19189,IA,2020,8366,-17,tiny
19191,IA,2020,16235,12,small
19193,IA,2020,81982,-118,medium
19195,IA,2020,6067,-6,tiny
19197,IA,2020,10133,-41,small
23001,ME,2020,81753,83,medium
23003,ME,2020,49392,-14,small
23005,ME,2020,239707,835,large
23007,ME,2020,20812,-13,small
23009,ME,2020,41985,22,small
23011,ME,2020,94086,415,medium
23013,ME,2020,30768,-24,small
23015,ME,2020,27397,144,small
23017,ME,2020,41851,370,small
23019,ME,2020,109474,-30,large
23021,ME,2020,11707,-52,small
23023,ME,2020,28950,90,small
23025,ME,2020,36203,-12,small
23027,ME,2020,29724,18,small
23029,ME,2020,22486,1,small
23031,ME,2020,169180,1412,large
26001,MI,2020,7525,70,tiny
26003,MI,2020,6550,5,tiny
26005,MI,2020,101194,338,large
26007,MI,2020,22247,26,small
26009,MI,2020,18033,41,small
26011,MI,2020,11524,50,small
26013,MI,2020,5550,-11,tiny
26015,MI,2020,51369,250,medium
26017,MI,2020,83332,-151,medium
26019,MI,2020,14283,71,small
26021,MI,2020,119527,334,large
26023,MI,2020,33167,-26,small
26025,MI,2020,100553,148,large
26027,MI,2020,39412,108,small
26029,MI,2020,21385,47,small
26031,MI,2020,19700,156,small
26033,MI,2020,25633,-21,small
26035,MI,2020,22404,160,small
26037,MI,2020,65526,-18,medium
26039,MI,2020,9694,30,tiny
26041,MI,2020,28815,30,small
26043,MI,2020,20765,-53,small
26045,MI,2020,86242,121,medium
26047,MI,2020,27730,63,small
26049,MI,2020,306216,354,large
26051,MI,2020,18790,134,small
26053,MI,2020,10303,-15,small
26055,MI,2020,77301,225,medium
26057,MI,2020,28453,-36,small
26059,MI,2020,35300,46,small
26061,MI,2020,27191,-96,small
26063,MI,2020,26369,54,small
26065,MI,2020,192755,-467,large
26067,MI,2020,49185,170,small
26069,MI,2020,18383,68,small
26071,MI,2020,8716,-6,tiny
26073,MI,2020,42395,-16,small
26075,MI,2020,118236,116,large
26077,MI,2020,199756,-257,large
26079,MI,2020,13544,13,small
26081,MI,2020,536583,-1104,very large
26083,MI,2020,1683,6,tiny
26085,MI,2020,7019,11,tiny
26087,MI,2020,71982,278,medium
26089,MI,2020,18674,44,small
26091,MI,2020,77522,183,medium
26093,MI,2020,166205,786,large
26095,MI,2020,4040,2,tiny
26097,MI,2020,8640,-6,tiny
26099,MI,2020,716687,162,very large
26101,MI,2020,18325,52,small
26103,MI,2020,49335,21,small
26105,MI,2020,23525,60,small
26107,MI,2020,27855,75,small
26109,MI,2020,17648,-32,small
26111,MI,2020,68237,4,medium
26113,MI,2020,12013,19,small
26115,MI,2020,125058,774,large
26117,MI,2020,48240,170,small
26119,MI,2020,6815,55,tiny
26121,MI,2020,133178,222,large
26123,MI,2020,38643,170,small
26125,MI,2020,1030983,-2476,enormous
26127,MI,2020,21304,72,small
26129,MI,2020,15235,135,small
26131,MI,2020,4114,2,tiny
26133,MI,2020,17577,20,small
26135,MI,2020,6337,27,tiny
26137,MI,2020,20220,82,small
26139,MI,2020,247495,559,large
26141,MI,2020,10233,43,small
26143,MI,2020,16718,171,small
26145,MI,2020,144549,199,large
26147,MI,2020,129846,324,large
26149,MI,2020,49174,21,small
26151,MI,2020,33200,106,small
26153,MI,2020,6243,-31,tiny
26155,MI,2020,53730,138,medium
26157,MI,2020,42765,89,small
26159,MI,2020,59278,197,medium
26161,MI,2020,263350,-1487,large
26163,MI,2020,1288971,-1984,enormous
26165,MI,2020,26102,97,small
27001,MN,2020,11630,67,small
27003,MN,2020,305038,1935,large
27005,MN,2020,29031,15,small
27007,MN,2020,35093,56,small
27009,MN,2020,32818,-59,small
27011,MN,2020,4167,-2,tiny
27013,MN,2020,49013,-282,small
27015,MN,2020,21908,10,small
27017,MN,2020,27984,62,small
27019,MN,2020,95086,933,medium
27021,MN,2020,23525,204,small
27023,MN,2020,10151,-12,small
27025,MN,2020,47317,425,small
27027,MN,2020,50860,43,medium
27029,MN,2020,6768,26,tiny
27031,MN,2020,4430,22,tiny
27033,MN,2020,9510,43,tiny
27035,MN,2020,53083,337,medium
27037,MN,2020,374887,1586,large
27039,MN,2020,18610,38,small
27041,MN,2020,33500,97,small
27043,MN,2020,11060,5,small
27045,MN,2020,17788,29,small
27047,MN,2020,24746,78,small
27049,MN,2020,39451,233,small
27051,MN,2020,5069,19,tiny
27053,MN,2020,1023602,-5486,enormous
27055,MN,2020,16163,39,small
27057,MN,2020,17182,-10,small
27059,MN,2020,33627,545,small
27061,MN,2020,35765,117,small
27063,MN,2020,8511,2,tiny
27065,MN,2020,12188,97,small
27067,MN,2020,37756,-102,small
27069,MN,2020,3766,-2,tiny
27071,MN,2020,9064,1,tiny
27073,MN,2020,5642,23,tiny
27075,MN,2020,8603,42,tiny
27077,MN,2020,3184,-12,tiny
27079,MN,2020,24899,28,small
27081,MN,2020,4767,-15,tiny
27083,MN,2020,20995,-45,small
27085,MN,2020,31757,109,small
27087,MN,2020,4176,-11,tiny
27089,MN,2020,7673,4,tiny
27091,MN,2020,16777,14,small
27093,MN,2020,20442,47,small
27095,MN,2020,20459,185,small
27097,MN,2020,28481,78,small
27099,MN,2020,33269,-63,small
27101,MN,2020,7027,22,tiny
27103,MN,2020,26866,5,small
27105,MN,2020,18748,-66,small
27107,MN,2020,5388,-4,tiny
27109,MN,2020,137810,-237,large
27111,MN,2020,50898,91,medium
27113,MN,2020,11281,-8,small
27115,MN,2020,21191,198,small
27117,MN,2020,8014,7,tiny
27119,MN,2020,25062,-70,small
27121,MN,2020,9838,12,tiny
27123,MN,2020,428906,-3293,large
27125,MN,2020,3329,14,tiny
27127,MN,2020,13070,5,small
27129,MN,2020,12307,-38,small
27131,MN,2020,52502,77,medium
27133,MN,2020,8355,15,tiny
27135,MN,2020,13541,14,small
27137,MN,2020,149219,-157,large
27139,MN,2020,130407,1137,large
27141,MN,2020,81247,719,medium
27143,MN,2020,12700,-22,small
27145,MN,2020,129472,-146,large
27147,MN,2020,32344,-56,small
27149,MN,2020,8884,-21,tiny
27151,MN,2020,7681,-1,tiny
27153,MN,2020,20666,-12,small
27155,MN,2020,2625,-1,tiny
27157,MN,2020,18360,13,small
27159,MN,2020,11446,15,small
27161,MN,2020,15299,37,small
27163,MN,2020,230412,2647,large
27165,MN,2020,8749,-22,tiny
27167,MN,2020,5396,-8,tiny
27169,MN,2020,36891,-124,small
27171,MN,2020,126012,1374,large
27173,MN,2020,8168,-20,tiny
31001,NE,2020,25038,-43,small
31003,NE,2020,5448,10,tiny
31005,NE,2020,380,0,tiny
31007,NE,2020,585,0,tiny
31009,NE,2020,388,0,tiny
31011,NE,2020,4825,7,tiny
31013,NE,2020,8982,-25,tiny
31015,NE,2020,1532,0,tiny
31017,NE,2020,2398,1,tiny
31019,NE,2020,39753,-31,small
31021,NE,2020,5600,4,tiny
31023,NE,2020,7247,19,tiny
31025,NE,2020,22447,158,small
31027,NE,2020,7909,6,tiny
31029,NE,2020,3192,0,tiny
31031,NE,2020,4706,-2,tiny
31033,NE,2020,7263,10,tiny
31035,NE,2020,5098,6,tiny
31037,NE,2020,9650,-61,tiny
31039,NE,2020,8109,-30,tiny
31041,NE,2020,9155,-16,tiny
31043,NE,2020,18287,-97,small
31045,NE,2020,5810,7,tiny
31047,NE,2020,21367,-77,small
31049,NE,2020,1402,-2,tiny
31051,NE,2020,4790,-7,tiny
31053,NE,2020,29420,-26,small
31055,NE,2020,474569,-1092,large
31057,NE,2020,1307,0,tiny
31059,NE,2020,4835,1,tiny
31061,NE,2020,2433,-1,tiny
31063,NE,2020,1955,-2,tiny
31065,NE,2020,3961,-3,tiny
31067,NE,2020,17586,34,small
31069,NE,2020,1372,0,tiny
31071,NE,2020,1431,-8,tiny
31073,NE,2020,1627,9,tiny
31075,NE,2020,617,1,tiny
31077,NE,2020,1958,4,tiny
31079,NE,2020,52174,-187,medium
31081,NE,2020,8524,5,tiny
31083,NE,2020,2619,-4,tiny
31085,NE,2020,826,0,tiny
31087,NE,2020,2204,4,tiny
31089,NE,2020,9088,1,tiny
31091,NE,2020,586,0,tiny
31093,NE,2020,5622,2,tiny
31095,NE,2020,5833,14,tiny
31097,NE,2020,3452,-7,tiny
31099,NE,2020,5799,15,tiny
31101,NE,2020,6509,0,tiny
31103,NE,2020,684,2,tiny
31105,NE,2020,2602,1,tiny
31107,NE,2020,7137,-23,tiny
31109,NE,2020,256703,-631,large
31111,NE,2020,28139,-54,small
31113,NE,2020,636,1,tiny
31115,NE,2020,485,0,tiny
31117,NE,2020,376,0,tiny
31119,NE,2020,29193,-57,small
31121,NE,2020,6449,27,tiny
31123,NE,2020,3616,-1,tiny
31125,NE,2020,2780,-10,tiny
31127,NE,2020,5475,-2,tiny
31129,NE,2020,3409,0,tiny
31131,NE,2020,13687,43,small
31133,NE,2020,2138,-6,tiny
31135,NE,2020,2538,2,tiny
31137,NE,2020,7840,1,tiny
31139,NE,2020,6431,12,tiny
31141,NE,2020,30741,-43,small
31143,NE,2020,4606,-1,tiny
31145,NE,2020,8487,14,tiny
31147,NE,2020,6252,-10,tiny
31149,NE,2020,1188,-13,tiny
31151,NE,2020,11857,-67,small
31153,NE,2020,160126,678,large
31155,NE,2020,19147,227,small
31157,NE,2020,28057,-17,small
31159,NE,2020,14653,34,small
31161,NE,2020,3949,-10,tiny
31163,NE,2020,2477,-2,tiny
31165,NE,2020,874,-2,tiny
31167,NE,2020,5011,-12,tiny
31169,NE,2020,4342,-25,tiny
31171,NE,2020,542,2,tiny
31173,NE,2020,5677,-20,tiny
31175,NE,2020,3557,-1,tiny
31177,NE,2020,18172,171,small
31179,NE,2020,6501,-21,tiny
31181,NE,2020,2675,0,tiny
31183,NE,2020,644,-1,tiny
31185,NE,2020,11612,-5,small
32001,NV,2020,19054,163,small
32003,NV,2020,1743600,18394,enormous
32005,NV,2020,40808,636,small
32007,NV,2020,43534,-122,small
32009,NV,2020,549,-4,tiny
32011,NV,2020,1353,5,tiny
32013,NV,2020,14019,-25,small
32015,NV,2020,4371,-6,tiny
32017,NV,2020,3368,28,tiny
32019,NV,2020,46529,900,small
32021,NV,2020,3001,19,tiny
32023,NV,2020,31191,869,small
32027,NV,2020,3527,9,tiny
32029,NV,2020,2916,70,tiny
32031,NV,2020,381304,3634,large
32033,NV,2020,6678,26,tiny
32510,NV,2020,42902,254,small
33001,NH,2020,50746,540,medium
33003,NH,2020,39137,519,small
33005,NH,2020,58758,495,medium
33007,NH,2020,22523,103,small
33009,NH,2020,65826,278,medium
33011,NH,2020,342311,990,large
33013,NH,2020,119720,817,large
33015,NH,2020,266029,1987,large
33017,NH,2020,97002,574,medium
33019,NH,2020,33439,104,small
37001,NC,2020,125388,1154,large
37003,NC,2020,26879,43,small
37005,NC,2020,7563,21,tiny
37007,NC,2020,15272,22,small
37009,NC,2020,18758,64,small
37011,NC,2020,11263,-16,small
37013,NC,2020,33151,10,small
37015,NC,2020,11995,-44,small
37017,NC,2020,20205,-29,small
37019,NC,2020,104326,2105,large
37021,NC,2020,193909,818,large
37023,NC,2020,62647,132,medium
37025,NC,2020,172687,2206,large
37027,NC,2020,57848,68,medium
37029,NC,2020,8235,92,tiny
37031,NC,2020,49996,278,small
37033,NC,2020,15014,75,small
37035,NC,2020,121420,1,large
37037,NC,2020,61059,778,medium
37039,NC,2020,19392,10,small
37041,NC,2020,9974,-49,tiny
37043,NC,2020,7712,6,tiny
37045,NC,2020,72039,321,medium
37047,NC,2020,35137,-30,small
37049,NC,2020,73712,-92,medium
37051,NC,2020,227218,-684,large
37053,NC,2020,21391,486,small
37055,NC,2020,29999,92,small
37057,NC,2020,127554,694,large
37059,NC,2020,33913,193,small
37061,NC,2020,36115,703,small
37063,NC,2020,217561,-737,large
37065,NC,2020,33013,-153,small
37067,NC,2020,281234,394,large
37069,NC,2020,49678,1027,small
37071,NC,2020,164350,1278,large
37073,NC,2020,7640,28,tiny
37075,NC,2020,5960,-5,tiny
37077,NC,2020,43361,471,small
37079,NC,2020,12683,40,small
37081,NC,2020,393260,160,large
37083,NC,2020,33265,-147,small
37085,NC,2020,92550,636,medium
37087,NC,2020,46312,222,small
37089,NC,2020,88023,539,medium
37091,NC,2020,13147,-36,small
37093,NC,2020,35666,319,small
37095,NC,2020,3072,1,tiny
37097,NC,2020,144815,1194,large
37099,NC,2020,24655,-81,small
37101,NC,2020,164367,2949,large
37103,NC,2020,6362,-11,tiny
37105,NC,2020,44550,-588,small
37107,NC,2020,38060,-132,small
37109,NC,2020,67064,751,medium
37111,NC,2020,31875,148,small
37113,NC,2020,25770,46,small
37115,NC,2020,14554,92,small
37117,NC,2020,15934,3,small
37119,NC,2020,811542,1972,very large
37121,NC,2020,10255,33,small
37123,NC,2020,18970,-17,small
37125,NC,2020,78604,575,medium
37127,NC,2020,69996,265,medium
37129,NC,2020,157531,178,large
37131,NC,2020,11840,0,small
37133,NC,2020,131160,-36,large
37135,NC,2020,98485,-61,medium
37137,NC,2020,8496,15,tiny
37139,NC,2020,28613,150,small
37141,NC,2020,44831,346,small
37143,NC,2020,9538,-32,tiny
37145,NC,2020,28856,228,small
37147,NC,2020,117715,-188,large
37149,NC,2020,14214,9,small
37151,NC,2020,108687,343,large
37153,NC,2020,29964,6,small
37155,NC,2020,81433,-343,medium
37157,NC,2020,65571,219,medium
37159,NC,2020,106219,452,large
37161,NC,2020,44867,99,small
37163,NC,2020,44866,-226,small
37165,NC,2020,22491,-58,small
37167,NC,2020,46221,410,small
37169,NC,2020,33220,93,small
37171,NC,2020,52361,22,medium
37173,NC,2020,12407,8,small
37175,NC,2020,23325,27,small
37177,NC,2020,2483,1,tiny
37179,NC,2020,195582,1900,large
37181,NC,2020,30248,19,small
37183,NC,2020,886949,5241,very large
37185,NC,2020,11844,49,small
37187,NC,2020,7731,-51,tiny
37189,NC,2020,29742,-89,small
37191,NC,2020,85149,-80,medium
37193,NC,2020,47765,3,small
37195,NC,2020,58561,-60,medium
37197,NC,2020,28384,110,small
37199,NC,2020,12893,70,small
39001,OH,2020,19939,-7,small
39003,OH,2020,79741,-58,medium
39005,OH,2020,42071,-37,small
39007,OH,2020,76563,34,medium
39009,OH,2020,34276,-92,small
39011,OH,2020,41251,4,small
39013,OH,2020,49960,-14,small
39015,OH,2020,33279,85,small
39017,OH,2020,301585,440,large
39019,OH,2020,21437,121,small
39021,OH,2020,31669,74,small
39023,OH,2020,103288,169,large
39025,OH,2020,169239,618,large
39027,OH,2020,32721,-4,small
39029,OH,2020,77861,61,medium
39031,OH,2020,29999,54,small
39033,OH,2020,33031,99,small
39035,OH,2020,953952,-3383,very large
39037,OH,2020,44892,79,small
39039,OH,2020,32271,19,small
39041,OH,2020,189294,2385,large
39043,OH,2020,61063,58,medium
39045,OH,2020,129241,1259,large
39047,OH,2020,22004,137,small
39049,OH,2020,1019200,-3848,enormous
39051,OH,2020,36908,-2,small
39053,OH,2020,21573,26,small
39055,OH,2020,86294,207,medium
39057,OH,2020,128525,11,large
39059,OH,2020,30088,59,small
39061,OH,2020,638217,-1819,very large
39063,OH,2020,62112,-27,medium
39065,OH,2020,22848,16,small
39067,OH,2020,11295,-25,small
39069,OH,2020,23998,-7,small
39071,OH,2020,33458,95,small
39073,OH,2020,20923,136,small
39075,OH,2020,39870,18,small
39077,OH,2020,48505,2,small
39079,OH,2020,24105,61,small
39081,OH,2020,49504,21,small
39083,OH,2020,50581,201,medium
39085,OH,2020,195692,546,large
39087,OH,2020,44187,-11,small
39089,OH,2020,145246,1151,large
39091,OH,2020,38056,73,small
39093,OH,2020,253436,1711,large
39095,OH,2020,324055,-227,large
39097,OH,2020,32058,280,small
39099,OH,2020,175045,-20,large
39101,OH,2020,47298,37,small
39103,OH,2020,159708,571,large
39105,OH,2020,16035,-5,small
39107,OH,2020,40081,-6,small
39109,OH,2020,90621,201,medium
39111,OH,2020,10765,12,small
39113,OH,2020,404049,-583,large
39115,OH,2020,10692,-37,small
39117,OH,2020,28053,213,small
39119,OH,2020,68337,63,medium
39121,OH,2020,9932,-11,tiny
39123,OH,2020,33928,15,small
39125,OH,2020,16170,-12,small
39127,OH,2020,27157,88,small
39129,OH,2020,43655,332,small
39131,OH,2020,19752,5,small
39133,OH,2020,119697,391,large
39135,OH,2020,33462,101,small
39137,OH,2020,32193,-33,small
39139,OH,2020,97037,149,medium
39141,OH,2020,55469,34,medium
39143,OH,2020,48560,-54,small
39145,OH,2020,51180,-7,medium
39147,OH,2020,43929,-6,small
39149,OH,2020,42460,-54,small
39151,OH,2020,302971,126,large
39153,OH,2020,429711,-462,large
39155,OH,2020,159703,125,large
39157,OH,2020,76981,-129,medium
39159,OH,2020,52839,695,medium
39161,OH,2020,24222,13,small
39163,OH,2020,9229,38,tiny
39165,OH,2020,205425,1567,large
39167,OH,2020,47811,-11,small
39169,OH,2020,100215,10,large
39171,OH,2020,30789,-9,small
39173,OH,2020,100733,-25,large
39175,OH,2020,18748,-2,small
4001,AZ,2020,50043,178,medium
4003,AZ,2020,92381,102,medium
4005,AZ,2020,95607,-89,medium
4007,AZ,2020,37338,276,small
4009,AZ,2020,25717,165,small
4011,AZ,2020,6710,-48,tiny
4012,AZ,2020,10660,-35,small
4013,AZ,2020,3386672,28933,enormous
4015,AZ,2020,135988,2695,large
4017,AZ,2020,80169,911,medium
4019,AZ,2020,770128,4442,very large
4021,AZ,2020,298883,8002,large
4023,AZ,2020,41277,-53,small
4025,AZ,2020,173885,3149,large
4027,AZ,2020,169315,1171,large
42001,PA,2020,86893,262,medium
42003,PA,2020,971122,-2420,very large
42005,PA,2020,53101,-158,medium
42007,PA,2020,134140,115,large
42009,PA,2020,39751,8,small
42011,PA,2020,346587,830,large
42013,PA,2020,98431,-24,medium
42015,PA,2020,49160,5,small
42017,PA,2020,546656,2941,very large
42019,PA,2020,161486,956,large
42021,PA,2020,101954,-4,large
42023,PA,2020,3557,-4,tiny
42025,PA,2020,49914,292,small
42027,PA,2020,99499,-305,medium
42029,PA,2020,448549,2023,large
42031,PA,2020,28600,16,small
42033,PA,2020,60315,-4,medium
42035,PA,2020,29228,-60,small
42037,PA,2020,47716,57,small
42039,PA,2020,64796,19,medium
42041,PA,2020,213051,994,large
42043,PA,2020,227625,467,large
42045,PA,2020,450618,1292,large
42047,PA,2020,25766,-1,small
42049,PA,2020,208486,-117,large
42051,PA,2020,99097,-13,medium
42053,PA,2020,3207,-5,tiny
42055,PA,2020,134945,277,large
42057,PA,2020,12115,26,small
42059,PA,2020,25933,-67,small
42061,PA,2020,33003,16,small
42063,PA,2020,61625,23,medium
42065,PA,2020,36128,-45,small
42067,PA,2020,20969,-10,small
42069,PA,2020,164572,538,large
42071,PA,2020,494567,244,large
42073,PA,2020,67830,16,medium
42075,PA,2020,122522,233,large
42077,PA,2020,302853,1031,large
42079,PA,2020,249193,1107,large
42081,PA,2020,89235,71,medium
42083,PA,2020,30735,-22,small
42085,PA,2020,85779,96,medium
42087,PA,2020,39960,68,small
42089,PA,2020,125335,2028,large
42091,PA,2020,700780,3968,very large
42093,PA,2020,14670,-52,small
42095,PA,2020,246986,1155,large
42097,PA,2020,70751,124,medium
42099,PA,2020,40111,82,small
42101,PA,2020,1023378,-9094,enormous
42103,PA,2020,43231,848,small
42105,PA,2020,12646,-11,small
42107,PA,2020,109122,414,large
42109,PA,2020,33015,0,small
42111,PA,2020,57765,52,medium
42113,PA,2020,4490,1,tiny
42115,PA,2020,31959,-100,small
42117,PA,2020,31940,10,small
42119,PA,2020,30618,-8,small
42121,PA,2020,39830,7,small
42123,PA,2020,30097,-7,small
42125,PA,2020,168334,718,large
42127,PA,2020,38737,115,small
42129,PA,2020,292144,808,large
42131,PA,2020,21041,61,small
42133,PA,2020,381443,1105,large
48001,TX,2020,34154,24,small
48003,TX,2020,15210,-35,small
48005,TX,2020,64430,-106,medium
48007,TX,2020,16197,47,small
48009,TX,2020,6922,31,tiny
48011,TX,2020,1507,1,tiny
48013,TX,2020,38940,176,small
48015,TX,2020,24310,137,small
48017,TX,2020,4947,-23,tiny
48019,TX,2020,16141,187,small
48021,TX,2020,68043,1697,medium
48023,TX,2020,2509,1,tiny
48025,TX,2020,18817,-39,small
48027,TX,2020,270805,1891,large
48029,TX,2020,1545260,3889,enormous
48031,TX,2020,9200,170,tiny
48033,TX,2020,497,0,tiny
48035,TX,2020,13338,83,small
48037,TX,2020,67655,-28,medium
48039,TX,2020,288657,2064,large
48041,TX,2020,142118,-332,large
48043,TX,2020,6462,-67,tiny
48045,TX,2020,1064,1,tiny
48047,TX,2020,4990,-47,tiny
48049,TX,2020,27319,19,small
48051,TX,2020,13849,67,small
48053,TX,2020,38387,576,small
48055,TX,2020,33042,377,small
48057,TX,2020,16060,-55,small
48059,TX,2020,10311,45,small
48061,TX,2020,333202,-391,large
48063,TX,2020,9484,-1,tiny
48065,TX,2020,4467,-9,tiny
48067,TX,2020,21802,-20,small
48069,TX,2020,5410,-2,tiny
48071,TX,2020,38115,729,small
48073,TX,2020,39130,59,small
48075,TX,2020,4116,0,tiny
48077,TX,2020,7695,24,tiny
48079,TX,2020,2144,5,tiny
48081,TX,2020,2367,2,tiny
48083,TX,2020,5652,1,tiny
48085,TX,2020,864614,13581,very large
48087,TX,2020,2116,1,tiny
48089,TX,2020,16804,99,small
48091,TX,2020,127036,3450,large
48093,TX,2020,10164,23,small
48095,TX,2020,1660,0,tiny
48097,TX,2020,33361,271,small
48099,TX,2020,48037,338,small
48101,TX,2020,955,0,tiny
48103,TX,2020,4031,-1,tiny
48105,TX,2020,2722,-4,tiny
48107,TX,2020,3913,-4,tiny
48109,TX,2020,1618,3,tiny
48111,TX,2020,5676,-24,tiny
48113,TX,2020,1942537,-10808,enormous
48115,TX,2020,8776,-7,tiny
48117,TX,2020,14437,-31,small
48119,TX,2020,3719,32,tiny
48121,TX,2020,715559,11245,very large
48123,TX,2020,14071,23,small
48125,TX,2020,1297,0,tiny
48127,TX,2020,7163,-45,tiny
48129,TX,2020,2205,-2,tiny
48131,TX,2020,7805,30,tiny
48133,TX,2020,12651,23,small
48135,TX,2020,130750,-620,large
48137,TX,2020,1247,0,tiny
48139,TX,2020,154758,3715,large
48141,TX,2020,689071,12,very large
48143,TX,2020,27224,-11,small
48145,TX,2020,11173,37,small
48147,TX,2020,24192,308,small
48149,TX,2020,20054,166,small
48151,TX,2020,2676,-3,tiny
48153,TX,2020,4364,-19,tiny
48155,TX,2020,781,1,tiny
48157,TX,2020,672736,9682,very large
48159,TX,2020,7511,18,tiny
48161,TX,2020,13394,9,small
48163,TX,2020,11578,-26,small
48165,TX,2020,19780,-17,small
48167,TX,2020,262234,1759,large
48169,TX,2020,3196,-1,tiny
48171,TX,2020,22142,115,small
48173,TX,2020,1143,-1,tiny
48175,TX,2020,5509,0,tiny
48177,TX,2020,16288,6,small
48179,TX,2020,15618,-12,small
48181,TX,2020,103754,1014,large
48183,TX,2020,93064,-131,medium
48185,TX,2020,20877,272,small
48187,TX,2020,135859,1254,large
48189,TX,2020,23670,14,small
48191,TX,2020,2008,-1,tiny
48193,TX,2020,6277,-1,tiny
48195,TX,2020,4533,0,tiny
48197,TX,2020,2567,7,tiny
48199,TX,2020,44289,293,small
48201,TX,2020,3531695,-16063,enormous
48203,TX,2020,51018,72,medium
48205,TX,2020,3224,7,tiny
48207,TX,2020,3544,1,tiny
48209,TX,2020,170453,3958,large
48211,TX,2020,3096,1,tiny
48213,TX,2020,57867,565,medium
48215,TX,2020,674866,27,very large
48217,TX,2020,27000,162,small
48219,TX,2020,17064,-30,small
48221,TX,2020,46997,595,small
48223,TX,2020,28320,73,small
48225,TX,2020,14012,26,small
48227,TX,2020,22674,-85,small
48229,TX,2020,2412,92,tiny
48231,TX,2020,72131,1060,medium
48233,TX,2020,15646,-34,small
48235,TX,2020,1287,1,tiny
48237,TX,2020,5906,40,tiny
48239,TX,2020,11970,33,small
48241,TX,2020,24197,80,small
48243,TX,2020,1533,-2,tiny
48245,TX,2020,176862,-736,large
48247,TX,2020,3886,11,tiny
48249,TX,2020,30059,-84,small
48251,TX,2020,140697,2227,large
48253,TX,2020,11221,24,small
48255,TX,2020,9740,-11,tiny
48257,TX,2020,112133,4767,large
48259,TX,2020,36612,767,small
48261,TX,2020,217,3,tiny
48263,TX,2020,564,0,tiny
48265,TX,2020,39808,75,small
48267,TX,2020,3188,-3,tiny
48269,TX,2020,199,0,tiny
48271,TX,2020,2274,5,tiny
48273,TX,2020,21810,-20,small
48275,TX,2020,2595,-3,tiny
48277,TX,2020,37074,113,small
48279,TX,2020,9659,-32,tiny
48281,TX,2020,16322,136,small
48283,TX,2020,4369,-21,tiny
48285,TX,2020,16722,24,small
48287,TX,2020,14092,85,small
48289,TX,2020,12884,83,small
48291,TX,2020,64729,1992,medium
48293,TX,2020,15780,52,small
48295,TX,2020,2439,-2,tiny
48297,TX,2020,8121,56,tiny
48299,TX,2020,14162,242,small
48301,TX,2020,71,0,tiny
48303,TX,2020,222809,48,large
48305,TX,2020,4676,17,tiny
48307,TX,2020,5727,-3,tiny
48309,TX,2020,191592,214,large
48311,TX,2020,622,1,tiny
48313,TX,2020,9093,36,tiny
48315,TX,2020,6275,25,tiny
48317,TX,2020,4208,-4,tiny
48319,TX,2020,3404,0,tiny
48321,TX,2020,28691,-47,small
48323,TX,2020,53910,-187,medium
48325,TX,2020,38418,515,small
48327,TX,2020,1489,2,tiny
48329,TX,2020,139954,-514,large
48331,TX,2020,17897,163,small
48333,TX,2020,3525,-2,tiny
48335,TX,2020,4889,4,tiny
48337,TX,2020,14894,148,small
48339,TX,2020,484262,7164,large
48341,TX,2020,17411,-15,small
48343,TX,2020,8865,19,tiny
48345,TX,2020,816,0,tiny
48347,TX,2020,43340,-52,small
48349,TX,2020,38157,310,small
48351,TX,2020,8301,-3,tiny
48353,TX,2020,11141,-3,small
48355,TX,2020,259783,-635,large
48357,TX,2020,8444,-15,tiny
48359,TX,2020,1615,0,tiny
48361,TX,2020,62420,12,medium
48363,TX,2020,20749,60,small
48365,TX,2020,17302,34,small
48367,TX,2020,118974,2252,large
48369,TX,2020,7553,-26,tiny
48371,TX,2020,11045,2,small
48373,TX,2020,40074,422,small
48375,TX,2020,81881,-338,medium
48377,TX,2020,6684,-28,tiny
48379,TX,2020,8111,146,tiny
48381,TX,2020,107393,332,large
48383,TX,2020,3123,-24,tiny
48385,TX,2020,2628,-9,tiny
48387,TX,2020,8421,0,tiny
48389,TX,2020,9533,-19,tiny
48391,TX,2020,5194,35,tiny
48393,TX,2020,688,1,tiny
48395,TX,2020,12882,38,small
48397,TX,2020,86843,2347,medium
48399,TX,2020,7892,18,tiny
48401,TX,2020,36554,111,small
48403,TX,2020,6872,52,tiny
48405,TX,2020,5408,13,tiny
48407,TX,2020,18306,286,small
48409,TX,2020,53512,-50,medium
48411,TX,2020,4159,-1,tiny
48413,TX,2020,1968,-11,tiny
48415,TX,2020,12540,-40,small
48417,TX,2020,2529,4,tiny
48419,TX,2020,18593,-7,small
48421,TX,2020,2079,3,tiny
48423,TX,2020,178368,465,large
48425,TX,2020,7053,44,tiny
48427,TX,2020,54897,-139,medium
48429,TX,2020,6170,-9,tiny
48431,TX,2020,1080,-1,tiny
48433,TX,2020,1030,0,tiny
48435,TX,2020,3005,6,tiny
48437,TX,2020,5008,14,tiny
48439,TX,2020,1650030,6857,enormous
48441,TX,2020,104486,-70,large
48443,TX,2020,542,0,tiny
48445,TX,2020,9095,-22,tiny
48447,TX,2020,1066,0,tiny
48449,TX,2020,26019,-46,small
48451,TX,2020,88328,-228,medium
48453,TX,2020,922216,-14233,very large
48455,TX,2020,9650,64,tiny
48457,TX,2020,13148,60,small
48459,TX,2020,29895,136,small
48461,TX,2020,2625,-1,tiny
48463,TX,2020,20771,-33,small
48465,TX,2020,41094,10,small
48467,TX,2020,41292,503,small
48469,TX,2020,71493,-191,medium
48471,TX,2020,37153,-3,small
48473,TX,2020,38316,975,small
48475,TX,2020,9222,-36,tiny
48477,TX,2020,27316,164,small
48479,TX,2020,230990,-993,large
48481,TX,2020,34713,85,small
48483,TX,2020,3860,-2,tiny
48485,TX,2020,89427,-48,medium
48487,TX,2020,9339,-21,tiny
48489,TX,2020,13993,-33,small
48491,TX,2020,490892,11997,large
48493,TX,2020,40444,402,small
48495,TX,2020,6095,-14,tiny
48497,TX,2020,54758,764,medium
48499,TX,2020,32576,233,small
48501,TX,2020,7320,-9,tiny
48503,TX,2020,13624,-27,small
48505,TX,2020,10572,-6,small
48507,TX,2020,8166,-20,tiny
55001,WI,2020,14416,132,small
55003,WI,2020,12086,-66,small
55005,WI,2020,38454,23,small
55007,WI,2020,12640,77,small
55009,WI,2020,224348,-45,large
55011,WI,2020,11165,48,small
55013,WI,2020,12519,205,small
55015,WI,2020,45148,-70,small
55017,WI,2020,54292,175,medium
55019,WI,2020,30979,-34,small
55021,WI,2020,48402,314,small
55023,WI,2020,12870,2,small
55025,WI,2020,441552,-1449,large
55027,WI,2020,69389,166,medium
55029,WI,2020,24943,109,small
55031,WI,2020,32978,57,small
55033,WI,2020,33303,-32,small
55035,WI,2020,79037,-108,medium
55037,WI,2020,3487,3,tiny
55039,WI,2020,85098,96,medium
55041,WI,2020,7015,13,tiny
55043,WI,2020,39533,-82,small
55045,WI,2020,31930,110,small
55047,WI,2020,15560,38,small
55049,WI,2020,20160,25,small
55051,WI,2020,4642,18,tiny
55053,WI,2020,15236,16,small
55055,WI,2020,68066,251,medium
55057,WI,2020,20221,61,small
55059,WI,2020,133284,557,large
55061,WI,2020,17365,20,small
55063,WI,2020,92378,-130,medium
55065,WI,2020,14859,34,small
55067,WI,2020,15485,40,small
55069,WI,2020,22753,33,small
55071,WI,2020,66490,126,medium
55073,WI,2020,118980,-35,large
55075,WI,2020,32119,43,small
55077,WI,2020,12536,42,small
55078,WI,2020,3342,-16,tiny
55079,WI,2020,696683,-3681,very large
55081,WI,2020,37312,-41,small
55083,WI,2020,32289,240,small
55085,WI,2020,30843,172,small
55087,WI,2020,160902,138,large
55089,WI,2020,79081,633,medium
55091,WI,2020,6157,-7,tiny
55093,WI,2020,31971,87,small
55095,WI,2020,36990,249,small
55097,WI,2020,55808,-51,medium
55099,WI,2020,11226,35,small
55101,WI,2020,158657,359,large
55103,WI,2020,13769,12,small
55105,WI,2020,132572,360,large
55107,WI,2020,11206,12,small
55109,WI,2020,79668,598,medium
55111,WI,2020,54822,150,medium
55113,WI,2020,13326,61,small
55115,WI,2020,33332,33,small
55117,WI,2020,99431,105,medium
55119,WI,2020,16680,-10,small
55121,WI,2020,25390,-2,small
55123,WI,2020,24752,15,small
55125,WI,2020,17841,120,small
55127,WI,2020,81141,494,medium
55129,WI,2020,13294,36,small
55131,WI,2020,120238,670,large
55133,WI,2020,358274,2342,large
55135,WI,2020,41423,59,small
55137,WI,2020,18808,79,small
55139,WI,2020,134687,-83,large
55141,WI,2020,61295,-36,medium
12001,FL,2021,175594,-794,large
12003,FL,2021,20361,196,small
12005,FL,2021,120599,-1666,large
12007,FL,2021,17135,78,small
12009,FL,2021,470607,4949,large
12011,FL,2021,1486001,-2363,enormous
12013,FL,2021,8011,-22,tiny
12015,FL,2021,134003,2273,large
12017,FL,2021,106662,1222,large
12019,FL,2021,175318,1264,large
12021,FL,2021,303630,4875,large
12023,FL,2021,47226,392,small
12027,FL,2021,22087,91,small
12029,FL,2021,8678,-11,tiny
12031,FL,2021,729027,2653,very large
12033,FL,2021,226597,-45,large
12035,FL,2021,89127,1251,medium
12037,FL,2021,7085,-18,tiny
12039,FL,2021,31100,24,small
12041,FL,2021,11658,91,small
12043,FL,2021,6576,14,tiny
12045,FL,2021,8725,25,tiny
12047,FL,2021,7714,3,tiny
12049,FL,2021,18090,4,small
12051,FL,2021,28304,218,small
12053,FL,2021,140724,2172,large
12055,FL,2021,69001,469,medium
12057,FL,2021,1116875,8326,enormous
12059,FL,2021,11387,-5,small
12061,FL,2021,122790,1530,large
12063,FL,2021,29100,-90,small
12065,FL,2021,9485,36,tiny
12067,FL,2021,4444,-21,tiny
12069,FL,2021,288177,5291,large
12071,FL,2021,580044,9200,very large
12073,FL,2021,192567,-381,large
12075,FL,2021,28443,356,small
12077,FL,2021,4329,19,tiny
12079,FL,2021,11737,9,small
12081,FL,2021,303314,4069,large
12083,FL,2021,269872,3592,large
12085,FL,2021,119745,1136,large
12086,FL,2021,2078203,-16467,enormous
12087,FL,2021,57949,-478,medium
12089,FL,2021,73806,1022,medium
12091,FL,2021,165977,-76,large
12093,FL,2021,26283,241,small
12095,FL,2021,1063241,-4128,enormous
12097,FL,2021,305511,4244,large
12099,FL,2021,1141874,7646,enormous
12101,FL,2021,416761,9328,large
12103,FL,2021,698079,4235,very large
12105,FL,2021,545358,11257,very large
12107,FL,2021,48863,278,small
12109,FL,2021,233494,5887,large
12111,FL,2021,247430,6050,large
12113,FL,2021,143612,777,large
12115,FL,2021,322941,6138,large
12117,FL,2021,361218,1051,large
12119,FL,2021,100779,1155,large
12121,FL,2021,28802,184,small
12123,FL,2021,13334,-51,small
12125,FL,2021,8425,51,tiny
12127,FL,2021,404507,5272,large
12129,FL,2021,23662,339,small
12131,FL,2021,56034,558,medium
12133,FL,2021,16184,69,small
13001,GA,2021,12579,-3,small
13003,GA,2021,5284,1,tiny
13005,GA,2021,7225,-8,tiny
13007,GA,2021,1734,-56,tiny
13009,GA,2021,26031,1,small
13011,GA,2021,12452,128,small
13013,GA,2021,63553,1191,medium
13015,GA,2021,78985,727,medium
13017,GA,2021,10632,-11,small
13019,GA,2021,11823,15,small
13021,GA,2021,101353,-75,large
13023,GA,2021,8254,2,tiny
13025,GA,2021,12028,39,small
13027,GA,2021,9669,-15,tiny
13029,GA,2021,33808,538,small
13031,GA,2021,45402,101,small
13033,GA,2021,16042,-19,small
13035,GA,2021,16044,301,small
13037,GA,2021,2939,-15,tiny
13039,GA,2021,38713,86,small
13043,GA,2021,7155,-4,tiny
13045,GA,2021,81902,763,medium
13047,GA,2021,47889,175,small
13049,GA,2021,6235,59,tiny
13051,GA,2021,188042,-337,large
13053,GA,2021,4235,-197,tiny
13055,GA,2021,16208,-4,small
13057,GA,2021,212430,3227,large
13059,GA,2021,67407,-470,medium
13061,GA,2021,1801,-11,tiny
13063,GA,2021,189959,1172,large
13065,GA,2021,4356,-25,tiny
13067,GA,2021,552572,134,very large
13069,GA,2021,27168,-33,small
13071,GA,2021,30114,149,small
13073,GA,2021,124940,1109,large
13075,GA,2021,10951,18,small
13077,GA,2021,112526,1187,large
13079,GA,2021,8300,65,tiny
13081,GA,2021,12978,80,small
13083,GA,2021,10427,-11,small
13085,GA,2021,19072,434,small
13087,GA,2021,18037,7,small
13089,GA,2021,504047,-3912,very large
13091,GA,2021,12248,-16,small
13093,GA,2021,5602,-40,tiny
13095,GA,2021,51719,-419,medium
13097,GA,2021,101234,1146,large
13099,GA,2021,6722,16,tiny
13101,GA,2021,2407,17,tiny
13103,GA,2021,50839,603,medium
13105,GA,2021,13494,52,small
13107,GA,2021,15036,-26,small
13109,GA,2021,7138,-7,tiny
13111,GA,2021,17998,132,small
13113,GA,2021,94489,798,medium
13115,GA,2021,68812,189,medium
13117,GA,2021,219529,3080,large
13119,GA,2021,16036,86,small
13121,GA,2021,746900,1439,very large
13123,GA,2021,22259,108,small
13125,GA,2021,1907,-5,tiny
13127,GA,2021,59829,-41,medium
13129,GA,2021,41334,213,small
13131,GA,2021,16198,-143,small
13133,GA,2021,13904,251,small
13135,GA,2021,722868,4871,very large
13137,GA,2021,32426,134,small
13139,GA,2021,158555,1682,large
13141,GA,2021,4621,2,tiny
13143,GA,2021,20966,186,small
13145,GA,2021,26609,588,small
13147,GA,2021,18050,105,small
13149,GA,2021,7282,49,tiny
13151,GA,2021,174361,4060,large
13153,GA,2021,120839,751,large
13155,GA,2021,5858,10,tiny
13157,GA,2021,59153,1413,medium
13159,GA,2021,10292,250,small
13161,GA,2021,9670,32,tiny
13163,GA,2021,11110,-7,small
13165,GA,2021,4808,25,tiny
13167,GA,2021,5106,-21,tiny
13169,GA,2021,20318,75,small
13171,GA,2021,12194,151,small
13173,GA,2021,5899,-19,tiny
13175,GA,2021,34627,-79,small
13177,GA,2021,24212,243,small
13179,GA,2021,40871,2,small
13181,GA,2021,5510,43,tiny
13183,GA,2021,11134,112,small
13185,GA,2021,76059,260,medium
13187,GA,2021,20796,144,small
13189,GA,2021,15613,-30,small
13191,GA,2021,7228,22,tiny
13193,GA,2021,6753,-15,tiny
13195,GA,2021,22160,297,small
13197,GA,2021,4629,-6,tiny
13199,GA,2021,13463,162,small
13201,GA,2021,3717,-20,tiny
13205,GA,2021,13331,-84,small
13207,GA,2021,19934,315,small
13209,GA,2021,5084,29,tiny
13211,GA,2021,15275,243,small
13213,GA,2021,27738,-14,small
13215,GA,2021,129141,-126,large
13217,GA,2021,78571,1226,medium
13219,GA,2021,36073,369,small
13221,GA,2021,10395,147,small
13223,GA,2021,129969,2224,large
13225,GA,2021,17469,25,small
13227,GA,2021,25142,345,small
13229,GA,2021,13671,11,small
13231,GA,2021,14447,266,small
13233,GA,2021,29679,187,small
13235,GA,2021,5369,1,tiny
13237,GA,2021,15227,261,small
13239,GA,2021,1297,-10,tiny
13241,GA,2021,12245,134,small
13243,GA,2021,3911,17,tiny
13245,GA,2021,126876,-404,large
13247,GA,2021,59944,674,medium
13249,GA,2021,3358,-22,tiny
13251,GA,2021,9152,13,tiny
13253,GA,2021,5024,-2,tiny
13255,GA,2021,45231,508,small
13257,GA,2021,18284,19,small
13259,GA,2021,2274,-33,tiny
13261,GA,2021,18284,-33,small
13263,GA,2021,3668,18,tiny
13265,GA,2021,918,-4,tiny
13267,GA,2021,13647,-44,small
13269,GA,2021,5334,-27,tiny
13271,GA,2021,6165,-24,tiny
13273,GA,2021,5775,14,tiny
13275,GA,2021,31302,-1,small
13277,GA,2021,28486,55,small
13279,GA,2021,17959,-68,small
13281,GA,2021,8627,23,tiny
13283,GA,2021,4146,5,tiny
13285,GA,2021,46965,-23,small
13287,GA,2021,5688,8,tiny
13289,GA,2021,5354,-16,tiny
13291,GA,2021,18291,160,small
13293,GA,2021,18151,96,small
13295,GA,2021,44670,59,small
13297,GA,2021,73084,1573,medium
13299,GA,2021,22949,-13,small
13301,GA,2021,3418,2,tiny
13303,GA,2021,13183,7,small
13305,GA,2021,19358,-12,small
13307,GA,2021,1495,-11,tiny
13309,GA,2021,3210,-7,tiny
13311,GA,2021,20154,127,small
13313,GA,2021,78276,-9,medium
13315,GA,2021,4363,-20,tiny
13317,GA,2021,6500,2,tiny
13319,GA,2021,6042,-37,tiny
13321,GA,2021,13164,-96,small
19001,IA,2021,5867,-14,tiny
19003,IA,2021,3016,-7,tiny
19005,IA,2021,11927,-17,small
19007,IA,2021,9388,-29,tiny
19009,IA,2021,4534,6,tiny
19011,IA,2021,21119,101,small
19013,IA,2021,97446,-289,medium
19015,IA,2021,21642,-5,small
19017,IA,2021,20926,-25,small
19019,IA,2021,18686,51,small
19021,IA,2021,17135,-78,small
19023,IA,2021,12209,-8,small
19025,IA,2021,7663,-11,tiny
19027,IA,2021,17885,-1,small
19029,IA,2021,10207,15,small
19031,IA,2021,15451,58,small
19033,IA,2021,32734,-4,small
19035,IA,2021,9591,24,tiny
19037,IA,2021,10208,-44,small
19039,IA,2021,7349,-15,tiny
19041,IA,2021,13133,7,small
19043,IA,2021,14797,47,small
19045,IA,2021,36590,62,small
19047,IA,2021,14056,-16,small
19049,IA,2021,88909,938,medium
19051,IA,2021,8452,1,tiny
19053,IA,2021,5310,-4,tiny
19055,IA,2021,15232,50,small
19057,IA,2021,30448,-168,small
19059,IA,2021,14587,31,small
19061,IA,2021,81166,-223,medium
19063,IA,2021,7093,-27,tiny
19065,IA,2021,15032,-39,small
19067,IA,2021,13076,-36,small
19069,IA,2021,7583,-3,tiny
19071,IA,2021,5335,26,tiny
19073,IA,2021,6984,-41,tiny
19075,IA,2021,10512,42,small
19077,IA,2021,8819,-3,tiny
19079,IA,2021,11970,-11,small
19081,IA,2021,8803,-19,tiny
19083,IA,2021,13378,12,small
19085,IA,2021,11765,73,small
19087,IA,2021,15124,-2,small
19089,IA,2021,8144,-27,tiny
19091,IA,2021,7901,-7,tiny
19093,IA,2021,5795,-13,tiny
19095,IA,2021,14429,18,small
19097,IA,2021,16411,-19,small
19099,IA,2021,29586,72,small
19101,IA,2021,11356,-32,small
19103,IA,2021,109945,-595,large
19105,IA,2021,15847,46,small
19107,IA,2021,7889,-10,tiny
19109,IA,2021,12691,-52,small
19111,IA,2021,25579,-79,small
19113,IA,2021,185875,-103,large
19115,IA,2021,8727,-3,tiny
19117,IA,2021,7293,4,tiny
19119,IA,2021,11285,-5,small
19121,IA,2021,13921,103,small
19123,IA,2021,17267,-20,small
19125,IA,2021,27757,-19,small
19127,IA,2021,32446,-139,small
19129,IA,2021,11859,71,small
19131,IA,2021,9003,41,tiny
19133,IA,2021,6920,-17,tiny
19135,IA,2021,6056,26,tiny
19137,IA,2021,7691,-14,tiny
19139,IA,2021,35601,-34,small
19141,IA,2021,11674,-7,small
19143,IA,2021,5000,-7,tiny
19145,IA,2021,10659,40,small
19147,IA,2021,7108,35,tiny
19149,IA,2021,22139,41,small
19151,IA,2021,5499,8,tiny
19153,IA,2021,404924,-835,large
19155,IA,2021,72030,38,medium
19157,IA,2021,13773,37,small
19159,IA,2021,3670,2,tiny
19161,IA,2021,8323,4,tiny
19163,IA,2021,138974,12,large
19165,IA,2021,9938,17,tiny
19167,IA,2021,31483,-9,small
19169,IA,2021,60853,-107,medium
19171,IA,2021,14036,-16,small
19173,IA,2021,4740,-29,tiny
19175,IA,2021,9280,3,tiny
19177,IA,2021,5912,36,tiny
19179,IA,2021,25918,-109,small
19181,IA,2021,45000,354,small
19183,IA,2021,19120,11,small
19185,IA,2021,5773,-19,tiny
19187,IA,2021,26474,-31,small
19189,IA,2021,8313,-17,tiny
19191,IA,2021,16189,13,small
19193,IA,2021,81818,-105,medium
19195,IA,2021,6045,-7,tiny
19197,IA,2021,10059,-48,small
23001,ME,2021,81980,107,medium
23003,ME,2021,48901,-9,small
23005,ME,2021,241438,913,large
23007,ME,2021,20731,-17,small
23009,ME,2021,41991,23,small
23011,ME,2021,94057,470,medium
23013,ME,2021,30775,-26,small
23015,ME,2021,27404,165,small
23017,ME,2021,41890,418,small
23019,ME,2021,109305,-14,large
23021,ME,2021,11643,-55,small
23023,ME,2021,29015,99,small
23025,ME,2021,36133,-20,small
23027,ME,2021,29781,19,small
23029,ME,2021,22364,14,small
23031,ME,2021,170165,1555,large
26001,MI,2021,7466,75,tiny
26003,MI,2021,6515,4,tiny
26005,MI,2021,101939,367,large
26007,MI,2021,22155,27,small
26009,MI,2021,17971,45,small
26011,MI,2021,11432,53,small
26013,MI,2021,5509,-12,tiny
26015,MI,2021,51632,288,medium
26017,MI,2021,82680,-158,medium
26019,MI,2021,14282,73,small
26021,MI,2021,118809,409,large
26023,MI,2021,33053,-29,small
26025,MI,2021,100128,170,large
26027,MI,2021,39387,120,small
26029,MI,2021,21365,51,small
26031,MI,2021,19625,172,small
26033,MI,2021,25507,-21,small
26035,MI,2021,22372,177,small
26037,MI,2021,65889,-31,medium
26039,MI,2021,9683,34,tiny
26041,MI,2021,28610,40,small
26043,MI,2021,20641,-58,small
26045,MI,2021,86137,145,medium
26047,MI,2021,27762,65,small
26049,MI,2021,303664,524,large
26051,MI,2021,18687,151,small
26053,MI,2021,10212,-17,small
26055,MI,2021,77787,233,medium
26057,MI,2021,28245,-42,small
26059,MI,2021,35271,56,small
26061,MI,2021,27329,-95,small
26063,MI,2021,26162,62,small
26065,MI,2021,192821,-421,large
26067,MI,2021,49195,194,small
26069,MI,2021,18299,73,small
26071,MI,2021,8695,-6,tiny
26073,MI,2021,42410,-5,small
26075,MI,2021,117816,153,large
26077,MI,2021,200630,-283,large
26079,MI,2021,13625,12,small
26081,MI,2021,539586,-1281,very large
26083,MI,2021,1673,7,tiny
26085,MI,2021,7024,12,tiny
26087,MI,2021,71738,302,medium
26089,MI,2021,18698,49,small
26091,MI,2021,77235,206,medium
26093,MI,2021,167136,787,large
26095,MI,2021,4011,3,tiny
26097,MI,2021,8587,-7,tiny
26099,MI,2021,717741,-42,very large
26101,MI,2021,18295,57,small
26103,MI,2021,49179,24,small
26105,MI,2021,23549,63,small
26107,MI,2021,27849,85,small
26109,MI,2021,17523,-36,small
26111,MI,2021,68027,-1,medium
26113,MI,2021,12001,21,small
26115,MI,2021,124829,883,large
26117,MI,2021,48258,197,small
26119,MI,2021,6791,65,tiny
26121,MI,2021,133202,256,large
26123,MI,2021,38686,197,small
26125,MI,2021,1033020,-2957,enormous
26127,MI,2021,21254,84,small
26129,MI,2021,15158,148,small
26131,MI,2021,4044,4,tiny
26133,MI,2021,17539,24,small
26135,MI,2021,6333,26,tiny
26137,MI,2021,20253,92,small
26139,MI,2021,249701,577,large
26141,MI,2021,10169,47,small
26143,MI,2021,16608,187,small
26145,MI,2021,143343,286,large
26147,MI,2021,129468,373,large
26149,MI,2021,49022,31,small
26151,MI,2021,33034,127,small
26153,MI,2021,6239,-36,tiny
26155,MI,2021,53408,160,medium
26157,MI,2021,42461,103,small
26159,MI,2021,58985,229,medium
26161,MI,2021,264207,-1612,large
26163,MI,2021,1281366,-1421,enormous
26165,MI,2021,26196,106,small
27001,MN,2021,11652,65,small
27003,MN,2021,307210,2153,large
27005,MN,2021,29255,26,small
27007,MN,2021,35268,76,small
27009,MN,2021,33046,-61,small
27011,MN,2021,4171,-4,tiny
27013,MN,2021,49466,-314,small
27015,MN,2021,21883,13,small
27017,MN,2021,28020,70,small
27019,MN,2021,96567,979,medium
27021,MN,2021,23595,233,small
27023,MN,2021,10122,-12,small
27025,MN,2021,47620,475,small
27027,MN,2021,51594,51,medium
27029,MN,2021,6769,29,tiny
27031,MN,2021,4451,24,tiny
27033,MN,2021,9424,49,tiny
27035,MN,2021,53373,375,medium
27037,MN,2021,377456,1768,large
27039,MN,2021,18710,40,small
27041,MN,2021,33826,113,small
27043,MN,2021,10947,13,small
27045,MN,2021,17821,33,small
27047,MN,2021,24546,88,small
27049,MN,2021,39440,269,small
27051,MN,2021,5062,24,tiny
27053,MN,2021,1030836,-6021,enormous
27055,MN,2021,16126,47,small
27057,MN,2021,17355,-17,small
27059,MN,2021,33939,614,small
27061,MN,2021,35708,128,small
27063,MN,2021,8457,2,tiny
27065,MN,2021,12172,115,small
27067,MN,2021,37900,-103,small
27069,MN,2021,3756,-2,tiny
27071,MN,2021,8923,2,tiny
27073,MN,2021,5585,25,tiny
27075,MN,2021,8582,46,tiny
27077,MN,2021,3176,-14,tiny
27079,MN,2021,25070,25,small
27081,MN,2021,4773,-17,tiny
27083,MN,2021,20979,-45,small
27085,MN,2021,31779,129,small
27087,MN,2021,4195,-14,tiny
27089,MN,2021,7632,6,tiny
27091,MN,2021,16658,17,small
27093,MN,2021,20500,54,small
27095,MN,2021,20466,216,small
27097,MN,2021,28509,95,small
27099,MN,2021,33233,-39,small
27101,MN,2021,7006,25,tiny
27103,MN,2021,27001,10,small
27105,MN,2021,18752,-68,small
27107,MN,2021,5370,-3,tiny
27109,MN,2021,138876,-253,large
27111,MN,2021,51255,106,medium
27113,MN,2021,11267,-5,small
27115,MN,2021,21199,228,small
27117,MN,2021,8020,8,tiny
27119,MN,2021,25045,-81,small
27121,MN,2021,9901,10,tiny
27123,MN,2021,432542,-3594,large
27125,MN,2021,3316,16,tiny
27127,MN,2021,13034,10,small
27129,MN,2021,12196,-36,small
27131,MN,2021,52783,101,medium
27133,MN,2021,8385,19,tiny
27135,MN,2021,13494,18,small
27137,MN,2021,149060,-173,large
27139,MN,2021,131826,1239,large
27141,MN,2021,82045,806,medium
27143,MN,2021,12650,-21,small
27145,MN,2021,130692,-148,large
27147,MN,2021,32423,-58,small
27149,MN,2021,9031,-24,tiny
27151,MN,2021,7619,4,tiny
27153,MN,2021,20757,-9,small
27155,MN,2021,2603,-1,tiny
27157,MN,2021,18315,18,small
27159,MN,2021,11520,13,small
27161,MN,2021,15242,49,small
27163,MN,2021,232592,2929,large
27165,MN,2021,8683,-22,tiny
27167,MN,2021,5371,-7,tiny
27169,MN,2021,36867,-136,small
27171,MN,2021,127745,1520,large
27173,MN,2021,8097,-22,tiny
31001,NE,2021,25053,-46,small
31003,NE,2021,5438,12,tiny
31005,NE,2021,377,0,tiny
31007,NE,2021,586,1,tiny
31009,NE,2021,385,0,tiny
31011,NE,2021,4825,8,tiny
31013,NE,2021,8917,-27,tiny
31015,NE,2021,1514,1,tiny
31017,NE,2021,2418,1,tiny
31019,NE,2021,40031,-30,small
31021,NE,2021,5594,6,tiny
31023,NE,2021,7235,23,tiny
31025,NE,2021,22534,180,small
31027,NE,2021,7926,8,tiny
31029,NE,2021,3177,0,tiny
31031,NE,2021,4725,-3,tiny
31033,NE,2021,7126,12,tiny
31035,NE,2021,5059,8,tiny
31037,NE,2021,9679,-64,tiny
31039,NE,2021,8097,-32,tiny
31041,NE,2021,9139,-17,tiny
31043,NE,2021,18246,-100,small
31045,NE,2021,5775,11,tiny
31047,NE,2021,21372,-79,small
31049,NE,2021,1394,-3,tiny
31051,NE,2021,4768,-9,tiny
31053,NE,2021,29288,-25,small
31055,NE,2021,479017,-1187,large
31057,NE,2021,1281,0,tiny
31059,NE,2021,4830,2,tiny
31061,NE,2021,2411,-1,tiny
31063,NE,2021,1944,-2,tiny
31065,NE,2021,3951,-3,tiny
31067,NE,2021,17559,40,small
31069,NE,2021,1362,0,tiny
31071,NE,2021,1434,-10,tiny
31073,NE,2021,1622,10,tiny
31075,NE,2021,619,1,tiny
31077,NE,2021,1950,5,tiny
31079,NE,2021,52495,-204,medium
31081,NE,2021,8567,3,tiny
31083,NE,2021,2607,-5,tiny
31085,NE,2021,824,0,tiny
31087,NE,2021,2185,4,tiny
31089,NE,2021,9089,3,tiny
31091,NE,2021,577,0,tiny
31093,NE,2021,5650,1,tiny
31095,NE,2021,5796,16,tiny
31097,NE,2021,3440,-9,tiny
31099,NE,2021,5848,16,tiny
31101,NE,2021,6492,-1,tiny
31103,NE,2021,683,2,tiny
31105,NE,2021,2566,1,tiny
31107,NE,2021,7134,-25,tiny
31109,NE,2021,259914,-680,large
31111,NE,2021,27955,-58,small
31113,NE,2021,631,2,tiny
31115,NE,2021,488,0,tiny
31117,NE,2021,373,0,tiny
31119,NE,2021,29172,-54,small
31121,NE,2021,6452,28,tiny
31123,NE,2021,3600,-1,tiny
31125,NE,2021,2770,-12,tiny
31127,NE,2021,5481,-1,tiny
31129,NE,2021,3376,0,tiny
31131,NE,2021,13732,49,small
31133,NE,2021,2132,-7,tiny
31135,NE,2021,2542,2,tiny
31137,NE,2021,7824,1,tiny
31139,NE,2021,6448,13,tiny
31141,NE,2021,30887,-48,small
31143,NE,2021,4596,1,tiny
31145,NE,2021,8422,17,tiny
31147,NE,2021,6204,-11,tiny
31149,NE,2021,1210,-16,tiny
31151,NE,2021,11849,-69,small
31153,NE,2021,162425,711,large
31155,NE,2021,19288,246,small
31157,NE,2021,27927,-11,small
31159,NE,2021,14737,43,small
31161,NE,2021,3925,-11,tiny
31163,NE,2021,2478,-2,tiny
31165,NE,2021,863,-2,tiny
31167,NE,2021,5012,-13,tiny
31169,NE,2021,4336,-30,tiny
31171,NE,2021,540,3,tiny
31173,NE,2021,5728,-24,tiny
31175,NE,2021,3559,-1,tiny
31177,NE,2021,18277,191,small
31179,NE,2021,6488,-22,tiny
31181,NE,2021,2645,1,tiny
31183,NE,2021,643,-1,tiny
31185,NE,2021,11609,-6,small
32001,NV,2021,19120,193,small
32003,NV,2021,1764441,19821,enormous
32005,NV,2021,41036,695,small
32007,NV,2021,43664,-151,small
32009,NV,2021,544,-5,tiny
32011,NV,2021,1349,6,tiny
32013,NV,2021,13973,-28,small
32015,NV,2021,4311,-5,tiny
32017,NV,2021,3359,29,tiny
32019,NV,2021,47578,1001,small
32021,NV,2021,2974,21,tiny
32023,NV,2021,31407,972,small
32027,NV,2021,3498,11,tiny
32029,NV,2021,2958,77,tiny
32031,NV,2021,386996,4016,large
32033,NV,2021,6634,30,tiny
32510,NV,2021,43183,290,small
33001,NH,2021,50727,598,medium
33003,NH,2021,39194,578,small
33005,NH,2021,58598,558,medium
33007,NH,2021,22316,123,small
33009,NH,2021,65735,314,medium
33011,NH,2021,342972,1148,large
33013,NH,2021,119792,921,large
33015,NH,2021,266691,2183,large
33017,NH,2021,97468,624,medium
33019,NH,2021,33403,105,small
37001,NC,2021,126164,1312,large
37003,NC,2021,26755,51,small
37005,NC,2021,7514,23,tiny
37007,NC,2021,15060,29,small
37009,NC,2021,18686,74,small
37011,NC,2021,11243,-21,small
37013,NC,2021,32832,11,small
37015,NC,2021,11762,-41,small
37017,NC,2021,19809,-35,small
37019,NC,2021,107300,2279,large
37021,NC,2021,194846,854,large
37023,NC,2021,62204,178,medium
37025,NC,2021,175723,2334,large
37027,NC,2021,57550,74,medium
37029,NC,2021,8262,103,tiny
37031,NC,2021,49789,300,small
37033,NC,2021,14852,87,small
37035,NC,2021,120994,1,large
37037,NC,2021,62279,797,medium
37039,NC,2021,19484,8,small
37041,NC,2021,9839,-55,tiny
37043,NC,2021,7769,8,tiny
37045,NC,2021,71894,364,medium
37047,NC,2021,34639,-31,small
37049,NC,2021,73231,-55,medium
37051,NC,2021,226232,-663,large
37053,NC,2021,21769,535,small
37055,NC,2021,30194,104,small
37057,NC,2021,127620,756,large
37059,NC,2021,33954,219,small
37061,NC,2021,34985,911,small
37063,NC,2021,217928,-849,large
37065,NC,2021,32243,-151,small
37067,NC,2021,281597,443,large
37069,NC,2021,50446,1126,medium
37071,NC,2021,164989,1423,large
37073,NC,2021,7563,35,tiny
37075,NC,2021,5955,-5,tiny
37077,NC,2021,43531,509,small
37079,NC,2021,12533,50,small
37081,NC,2021,394693,187,large
37083,NC,2021,32698,-151,small
37085,NC,2021,93491,645,medium
37087,NC,2021,46680,243,small
37089,NC,2021,88385,568,medium
37091,NC,2021,12958,-38,small
37093,NC,2021,35786,329,small
37095,NC,2021,3024,-1,tiny
37097,NC,2021,146383,1303,large
37099,NC,2021,24841,-97,small
37101,NC,2021,167575,3226,large
37103,NC,2021,6274,-17,tiny
37105,NC,2021,44351,-675,small
37107,NC,2021,37357,-141,small
37109,NC,2021,67865,826,medium
37111,NC,2021,31733,172,small
37113,NC,2021,25817,45,small
37115,NC,2021,14620,105,small
37117,NC,2021,15693,6,small
37119,NC,2021,818841,1715,very large
37121,NC,2021,10191,38,small
37123,NC,2021,18801,-15,small
37125,NC,2021,79489,627,medium
37127,NC,2021,69341,317,medium
37129,NC,2021,158494,173,large
37131,NC,2021,11597,7,small
37133,NC,2021,131680,55,large
37135,NC,2021,98687,-36,medium
37137,NC,2021,8424,21,tiny
37139,NC,2021,28554,171,small
37141,NC,2021,45567,365,small
37143,NC,2021,9478,-36,tiny
37145,NC,2021,28748,252,small
37147,NC,2021,117814,-196,large
37149,NC,2021,14238,9,small
37151,NC,2021,108168,373,large
37153,NC,2021,29534,19,small
37155,NC,2021,79893,-372,medium
37157,NC,2021,64971,252,medium
37159,NC,2021,106210,513,large
37161,NC,2021,44734,126,small
37163,NC,2021,43714,-257,small
37165,NC,2021,22181,-30,small
37167,NC,2021,46270,463,small
37169,NC,2021,32988,105,small
37171,NC,2021,51903,45,medium
37173,NC,2021,12394,21,small
37175,NC,2021,23424,28,small
37177,NC,2021,2449,0,tiny
37179,NC,2021,198314,1993,large
37181,NC,2021,29971,32,small
37183,NC,2021,900738,5381,very large
37185,NC,2021,11716,61,small
37187,NC,2021,7553,-50,tiny
37189,NC,2021,29937,-88,small
37191,NC,2021,84401,-82,medium
37193,NC,2021,47493,0,small
37195,NC,2021,58014,-63,medium
37197,NC,2021,28231,124,small
37199,NC,2021,12911,77,small
39001,OH,2021,19795,-14,small
39003,OH,2021,79431,-53,medium
39005,OH,2021,42089,-37,small
39007,OH,2021,76194,52,medium
39009,OH,2021,34270,-90,small
39011,OH,2021,41347,7,small
39013,OH,2021,49671,-12,small
39015,OH,2021,33149,98,small
39017,OH,2021,302169,517,large
39019,OH,2021,21317,147,small
39021,OH,2021,31600,89,small
39023,OH,2021,102535,185,large
39025,OH,2021,169778,671,large
39027,OH,2021,32651,-4,small
39029,OH,2021,77179,85,medium
39031,OH,2021,30091,59,small
39033,OH,2021,32844,106,small
39035,OH,2021,949039,-3506,very large
39037,OH,2021,44836,85,small
39039,OH,2021,32190,20,small
39041,OH,2021,193332,2530,large
39043,OH,2021,60816,75,medium
39045,OH,2021,130330,1403,large
39047,OH,2021,21990,148,small
39049,OH,2021,1027889,-4250,enormous
39051,OH,2021,36898,0,small
39053,OH,2021,21437,33,small
39055,OH,2021,86445,204,medium
39057,OH,2021,129112,76,large
39059,OH,2021,29949,73,small
39061,OH,2021,638012,-1875,very large
39063,OH,2021,62178,-34,medium
39065,OH,2021,22776,19,small
39067,OH,2021,11253,-24,small
39069,OH,2021,23914,1,small
39071,OH,2021,33513,104,small
39073,OH,2021,20807,150,small
39075,OH,2021,40383,23,small
39077,OH,2021,48292,18,small
39079,OH,2021,24016,70,small
39081,OH,2021,49141,16,small
39083,OH,2021,50868,228,medium
39085,OH,2021,195515,601,large
39087,OH,2021,43886,-5,small
39089,OH,2021,146192,1254,large
39091,OH,2021,38044,82,small
39093,OH,2021,254202,1862,large
39095,OH,2021,322981,-161,large
39097,OH,2021,32068,315,small
39099,OH,2021,173943,-18,large
39101,OH,2021,47120,55,small
39103,OH,2021,160460,604,large
39105,OH,2021,15956,-4,small
39107,OH,2021,40369,-3,small
39109,OH,2021,91087,211,medium
39111,OH,2021,10684,18,small
39113,OH,2021,402486,-544,large
39115,OH,2021,10704,-41,small
39117,OH,2021,28127,235,small
39119,OH,2021,68360,75,medium
39121,OH,2021,9956,-9,tiny
39123,OH,2021,33811,21,small
39125,OH,2021,16144,-7,small
39127,OH,2021,27130,100,small
39129,OH,2021,43811,374,small
39131,OH,2021,19673,8,small
39133,OH,2021,119503,442,large
39135,OH,2021,33346,114,small
39137,OH,2021,32253,-33,small
39139,OH,2021,96964,172,medium
39141,OH,2021,55324,44,medium
39143,OH,2021,48269,-54,small
39145,OH,2021,50785,3,medium
39147,OH,2021,43778,2,small
39149,OH,2021,42435,-53,small
39151,OH,2021,302279,129,large
39153,OH,2021,429009,-462,large
39155,OH,2021,158584,155,large
39157,OH,2021,76526,-132,medium
39159,OH,2021,54238,759,medium
39161,OH,2021,24205,19,small
39163,OH,2021,9204,45,tiny
39165,OH,2021,207960,1698,large
39167,OH,2021,47642,-17,small
39169,OH,2021,100419,12,large
39171,OH,2021,30686,-6,small
39173,OH,2021,101058,-32,large
39175,OH,2021,18706,1,small
4001,AZ,2021,50170,199,medium
4003,AZ,2021,91956,205,medium
4005,AZ,2021,95780,-58,medium
4007,AZ,2021,37302,321,small
4009,AZ,2021,25961,184,small
4011,AZ,2021,6798,-57,tiny
4012,AZ,2021,10612,-34,small
4013,AZ,2021,3425887,31526,enormous
4015,AZ,2021,136604,2996,large
4017,AZ,2021,80806,1028,medium
4019,AZ,2021,774432,5104,very large
4021,AZ,2021,307486,8877,large
4023,AZ,2021,41223,-30,small
4025,AZ,2021,176083,3436,large
4027,AZ,2021,169444,1373,large
42001,PA,2021,87041,291,medium
42003,PA,2021,969323,-2617,very large
42005,PA,2021,52762,-185,medium
42007,PA,2021,133172,118,large
42009,PA,2021,39496,15,small
42011,PA,2021,346497,977,large
42013,PA,2021,98013,-26,medium
42015,PA,2021,49311,0,small
42017,PA,2021,545773,3245,very large
42019,PA,2021,161688,1058,large
42021,PA,2021,100798,-1,large
42023,PA,2021,3500,-4,tiny
42025,PA,2021,49703,315,small
42027,PA,2021,99899,-325,medium
42029,PA,2021,448890,2208,large
42031,PA,2021,28442,24,small
42033,PA,2021,59967,-3,medium
42035,PA,2021,29161,-65,small
42037,PA,2021,47561,63,small
42039,PA,2021,64343,19,medium
42041,PA,2021,214725,1075,large
42043,PA,2021,228220,546,large
42045,PA,2021,449893,1414,large
42047,PA,2021,25511,1,small
42049,PA,2021,206978,-114,large
42051,PA,2021,98427,-7,medium
42053,PA,2021,3155,-5,tiny
42055,PA,2021,135188,298,large
42057,PA,2021,12071,31,small
42059,PA,2021,25716,-72,small
42061,PA,2021,32858,18,small
42063,PA,2021,61200,41,medium
42065,PA,2021,35940,-50,small
42067,PA,2021,21013,-8,small
42069,PA,2021,164121,612,large
42071,PA,2021,497995,264,large
42073,PA,2021,67343,27,medium
42075,PA,2021,123130,260,large
42077,PA,2021,304294,1171,large
42079,PA,2021,248708,1217,large
42081,PA,2021,88730,86,medium
42083,PA,2021,30461,-25,small
42085,PA,2021,85024,103,medium
42087,PA,2021,40039,74,small
42089,PA,2021,125369,2291,large
42091,PA,2021,701333,4376,very large
42093,PA,2021,14588,-59,small
42095,PA,2021,246902,1286,large
42097,PA,2021,70362,134,medium
42099,PA,2021,40180,93,small
42101,PA,2021,1023757,-9610,enormous
42103,PA,2021,43028,946,small
42105,PA,2021,12513,-12,small
42107,PA,2021,108252,459,large
42109,PA,2021,33139,-3,small
42111,PA,2021,57296,60,medium
42113,PA,2021,4455,4,tiny
42115,PA,2021,31782,-117,small
42117,PA,2021,31806,12,small
42119,PA,2021,30655,-12,small
42121,PA,2021,39396,7,small
42123,PA,2021,29770,-6,small
42125,PA,2021,167735,837,large
42127,PA,2021,38658,94,small
42129,PA,2021,290469,896,large
42131,PA,2021,20928,81,small
42133,PA,2021,382292,1200,large
48001,TX,2021,34141,37,small
48003,TX,2021,15441,-43,small
48005,TX,2021,64191,-109,medium
48007,TX,2021,16053,40,small
48009,TX,2021,6916,35,tiny
48011,TX,2021,1511,1,tiny
48013,TX,2021,39471,195,small
48015,TX,2021,24413,149,small
48017,TX,2021,4832,-25,tiny
48019,TX,2021,16346,207,small
48021,TX,2021,69793,1831,medium
48023,TX,2021,2498,1,tiny
48025,TX,2021,18808,-41,small
48027,TX,2021,274876,2189,large
48029,TX,2021,1566275,3700,enormous
48031,TX,2021,9357,186,tiny
48033,TX,2021,502,0,tiny
48035,TX,2021,13365,96,small
48037,TX,2021,67526,-24,medium
48039,TX,2021,293012,2215,large
48041,TX,2021,145009,-313,large
48043,TX,2021,6431,-74,tiny
48045,TX,2021,1047,1,tiny
48047,TX,2021,4916,-50,tiny
48049,TX,2021,27333,24,small
48051,TX,2021,13915,74,small
48053,TX,2021,39049,635,small
48055,TX,2021,33864,356,small
48057,TX,2021,15950,-62,small
48059,TX,2021,10358,49,small
48061,TX,2021,334352,-340,large
48063,TX,2021,9490,0,tiny
48065,TX,2021,4443,-9,tiny
48067,TX,2021,21716,-17,small
48069,TX,2021,5315,0,tiny
48071,TX,2021,38995,801,small
48073,TX,2021,39256,68,small
48075,TX,2021,4088,0,tiny
48077,TX,2021,7661,26,tiny
48079,TX,2021,2110,6,tiny
48081,TX,2021,2364,3,tiny
48083,TX,2021,5599,1,tiny
48085,TX,2021,887509,14458,very large
48087,TX,2021,2098,1,tiny
48089,TX,2021,16792,113,small
48091,TX,2021,131700,3738,large
48093,TX,2021,10155,25,small
48095,TX,2021,1640,0,tiny
48097,TX,2021,33645,302,small
48099,TX,2021,48096,375,small
48101,TX,2021,939,0,tiny
48103,TX,2021,4053,-1,tiny
48105,TX,2021,2674,-3,tiny
48107,TX,2021,3860,-4,tiny
48109,TX,2021,1604,4,tiny
48111,TX,2021,5679,-26,tiny
48113,TX,2021,1944315,-12365,enormous
48115,TX,2021,8699,-7,tiny
48117,TX,2021,14150,-26,small
48119,TX,2021,3746,37,tiny
48121,TX,2021,735580,12007,very large
48123,TX,2021,14052,23,small
48125,TX,2021,1279,1,tiny
48127,TX,2021,7109,-52,tiny
48129,TX,2021,2168,-2,tiny
48131,TX,2021,7701,39,tiny
48133,TX,2021,12630,30,small
48135,TX,2021,132656,-790,large
48137,TX,2021,1230,0,tiny
48139,TX,2021,158348,4108,large
48141,TX,2021,691041,136,very large
48143,TX,2021,27432,-7,small
48145,TX,2021,11181,45,small
48147,TX,2021,24291,347,small
48149,TX,2021,20109,188,small
48151,TX,2021,2664,-3,tiny
48153,TX,2021,4295,-19,tiny
48155,TX,2021,774,1,tiny
48157,TX,2021,693753,10015,very large
48159,TX,2021,7542,22,tiny
48161,TX,2021,13313,8,small
48163,TX,2021,11668,-28,small
48165,TX,2021,20473,-20,small
48167,TX,2021,265793,1818,large
48169,TX,2021,3180,0,tiny
48171,TX,2021,22320,125,small
48173,TX,2021,1148,-2,tiny
48175,TX,2021,5539,-3,tiny
48177,TX,2021,16402,7,small
48179,TX,2021,15401,-11,small
48181,TX,2021,105008,1135,large
48183,TX,2021,92361,-106,medium
48185,TX,2021,21125,306,small
48187,TX,2021,139404,1247,large
48189,TX,2021,23298,30,small
48191,TX,2021,1978,-1,tiny
48193,TX,2021,6288,0,tiny
48195,TX,2021,4509,0,tiny
48197,TX,2021,2519,8,tiny
48199,TX,2021,44370,330,small
48201,TX,2021,3550611,-19159,enormous
48203,TX,2021,50921,79,medium
48205,TX,2021,3202,8,tiny
48207,TX,2021,3489,1,tiny
48209,TX,2021,177738,4095,large
48211,TX,2021,3044,2,tiny
48213,TX,2021,58169,632,medium
48215,TX,2021,684086,105,very large
48217,TX,2021,27105,186,small
48219,TX,2021,16988,-30,small
48221,TX,2021,47884,656,small
48223,TX,2021,28447,84,small
48225,TX,2021,13968,33,small
48227,TX,2021,22615,-94,small
48229,TX,2021,2447,99,tiny
48231,TX,2021,73200,1183,medium
48233,TX,2021,15433,-37,small
48235,TX,2021,1286,3,tiny
48237,TX,2021,5888,45,tiny
48239,TX,2021,11986,37,small
48241,TX,2021,23942,101,small
48243,TX,2021,1526,-3,tiny
48245,TX,2021,175676,-786,large
48247,TX,2021,3876,10,tiny
48249,TX,2021,29702,-83,small
48251,TX,2021,142969,2467,large
48253,TX,2021,11178,26,small
48255,TX,2021,9751,-13,tiny
48257,TX,2021,115398,5284,large
48259,TX,2021,37549,812,small
48261,TX,2021,211,4,tiny
48263,TX,2021,558,0,tiny
48265,TX,2021,40025,85,small
48267,TX,2021,3178,-3,tiny
48269,TX,2021,201,0,tiny
48271,TX,2021,2263,4,tiny
48273,TX,2021,21751,-4,small
48275,TX,2021,2574,-3,tiny
48277,TX,2021,37101,127,small
48279,TX,2021,9535,-32,tiny
48281,TX,2021,16370,151,small
48283,TX,2021,4406,-24,tiny
48285,TX,2021,16783,24,small
48287,TX,2021,14189,91,small
48289,TX,2021,12821,92,small
48291,TX,2021,65925,2227,medium
48293,TX,2021,15635,63,small
48295,TX,2021,2400,-2,tiny
48297,TX,2021,8237,55,tiny
48299,TX,2021,14390,266,small
48301,TX,2021,75,0,tiny
48303,TX,2021,225159,51,large
48305,TX,2021,4681,22,tiny
48307,TX,2021,5659,-3,tiny
48309,TX,2021,193058,268,large
48311,TX,2021,619,1,tiny
48313,TX,2021,9143,41,tiny
48315,TX,2021,6237,27,tiny
48317,TX,2021,4249,-5,tiny
48319,TX,2021,3441,0,tiny
48321,TX,2021,28675,-50,small
48323,TX,2021,54133,-191,medium
48325,TX,2021,39008,565,small
48327,TX,2021,1487,2,tiny
48329,TX,2021,143079,-680,large
48331,TX,2021,17877,183,small
48333,TX,2021,3520,-2,tiny
48335,TX,2021,4827,4,tiny
48337,TX,2021,14861,170,small
48339,TX,2021,497797,7446,large
48341,TX,2021,17219,-10,small
48343,TX,2021,8768,24,tiny
48345,TX,2021,821,0,tiny
48347,TX,2021,43314,-41,small
48349,TX,2021,38194,354,small
48351,TX,2021,8297,-5,tiny
48353,TX,2021,11084,-1,small
48355,TX,2021,259685,-744,large
48357,TX,2021,8369,-17,tiny
48359,TX,2021,1621,-1,tiny
48361,TX,2021,62001,9,medium
48363,TX,2021,20767,70,small
48365,TX,2021,17126,41,small
48367,TX,2021,122157,2467,large
48369,TX,2021,7379,-26,tiny
48371,TX,2021,11037,-1,small
48373,TX,2021,40307,483,small
48375,TX,2021,81182,-345,medium
48377,TX,2021,6569,-20,tiny
48379,TX,2021,8225,163,tiny
48381,TX,2021,108621,367,large
48383,TX,2021,3123,-26,tiny
48385,TX,2021,2663,-13,tiny
48387,TX,2021,8346,1,tiny
48389,TX,2021,9659,-24,tiny
48391,TX,2021,5098,40,tiny
48393,TX,2021,688,1,tiny
48395,TX,2021,12901,41,small
48397,TX,2021,89156,2592,medium
48399,TX,2021,7867,20,tiny
48401,TX,2021,36319,127,small
48403,TX,2021,6827,57,tiny
48405,TX,2021,5343,15,tiny
48407,TX,2021,18472,310,small
48409,TX,2021,53393,-54,medium
48411,TX,2021,4135,-1,tiny
48413,TX,2021,1925,-11,tiny
48415,TX,2021,12516,-43,small
48417,TX,2021,2513,4,tiny
48419,TX,2021,18418,-9,small
48421,TX,2021,2079,3,tiny
48423,TX,2021,179662,534,large
48425,TX,2021,7118,49,tiny
48427,TX,2021,55287,-121,medium
48429,TX,2021,6144,-9,tiny
48431,TX,2021,1090,-1,tiny
48433,TX,2021,1018,0,tiny
48435,TX,2021,2953,8,tiny
48437,TX,2021,4950,17,tiny
48439,TX,2021,1666450,6974,enormous
48441,TX,2021,104970,-49,large
48443,TX,2021,534,0,tiny
48445,TX,2021,9100,-22,tiny
48447,TX,2021,1047,0,tiny
48449,TX,2021,25984,-48,small
48451,TX,2021,88801,-247,medium
48453,TX,2021,936927,-18193,very large
48455,TX,2021,9661,74,tiny
48457,TX,2021,13093,70,small
48459,TX,2021,30087,150,small
48461,TX,2021,2632,-1,tiny
48463,TX,2021,20701,-38,small
48465,TX,2021,41155,35,small
48467,TX,2021,41624,560,small
48469,TX,2021,71416,-216,medium
48471,TX,2021,37378,5,small
48473,TX,2021,39441,1059,small
48475,TX,2021,9282,-43,tiny
48477,TX,2021,27401,183,small
48479,TX,2021,232369,-1057,large
48481,TX,2021,34720,94,small
48483,TX,2021,3786,-3,tiny
48485,TX,2021,89112,-31,medium
48487,TX,2021,9272,-21,tiny
48489,TX,2021,13876,-28,small
48491,TX,2021,508138,12795,very large
48493,TX,2021,41258,431,small
48495,TX,2021,6121,-16,tiny
48497,TX,2021,55638,847,medium
48499,TX,2021,32824,255,small
48501,TX,2021,7344,-7,tiny
48503,TX,2021,13497,-27,small
48505,TX,2021,10544,0,small
48507,TX,2021,8102,-21,tiny
55001,WI,2021,14470,139,small
55003,WI,2021,12028,-71,small
55005,WI,2021,38505,26,small
55007,WI,2021,12620,86,small
55009,WI,2021,224748,-72,large
55011,WI,2021,11122,58,small
55013,WI,2021,12518,232,small
55015,WI,2021,45343,-91,small
55017,WI,2021,54546,191,medium
55019,WI,2021,31005,-30,small
55021,WI,2021,48317,358,small
55023,WI,2021,12852,7,small
55025,WI,2021,444717,-1615,large
55027,WI,2021,69074,186,medium
55029,WI,2021,24931,119,small
55031,WI,2021,32849,73,small
55033,WI,2021,33503,-32,small
55035,WI,2021,79321,-119,medium
55037,WI,2021,3473,3,tiny
55039,WI,2021,84831,114,medium
55041,WI,2021,6976,21,tiny
55043,WI,2021,39488,-90,small
55045,WI,2021,31852,122,small
55047,WI,2021,15482,48,small
55049,WI,2021,20132,30,small
55051,WI,2021,4621,20,tiny
55053,WI,2021,15196,20,small
55055,WI,2021,67848,272,medium
55057,WI,2021,20207,68,small
55059,WI,2021,132973,634,large
55061,WI,2021,17275,25,small
55063,WI,2021,92562,-150,medium
55065,WI,2021,14768,36,small
55067,WI,2021,15393,46,small
55069,WI,2021,22598,45,small
55071,WI,2021,66006,149,medium
55073,WI,2021,119087,-45,large
55075,WI,2021,31954,45,small
55077,WI,2021,12526,54,small
55078,WI,2021,3361,-15,tiny
55079,WI,2021,690342,-3899,very large
55081,WI,2021,37294,-43,small
55083,WI,2021,32277,274,small
55085,WI,2021,30838,186,small
55087,WI,2021,161413,150,large
55089,WI,2021,79157,693,medium
55091,WI,2021,6169,-7,tiny
55093,WI,2021,32049,102,small
55095,WI,2021,37008,283,small
55097,WI,2021,55811,-54,medium
55099,WI,2021,11160,40,small
55101,WI,2021,158055,395,large
55103,WI,2021,13735,16,small
55105,WI,2021,132319,406,large
55107,WI,2021,11167,16,small
55109,WI,2021,80284,655,medium
55111,WI,2021,54872,158,medium
55113,WI,2021,13275,66,small
55115,WI,2021,33225,41,small
55117,WI,2021,99154,121,medium
55119,WI,2021,16709,-9,small
55121,WI,2021,25173,-13,small
55123,WI,2021,24763,19,small
55125,WI,2021,17853,129,small
55127,WI,2021,80920,555,medium
55129,WI,2021,13234,43,small
55131,WI,2021,120354,739,large
55133,WI,2021,358923,2579,large
55135,WI,2021,41205,58,small
55137,WI,2021,18755,98,small
55139,WI,2021,134739,-74,large
55141,WI,2021,61035,-18,medium
12001,FL,2022,177085,-815,large
12003,FL,2022,20503,218,small
12005,FL,2022,119845,-1864,large
12007,FL,2022,17178,91,small
12009,FL,2022,476009,5308,large
12011,FL,2022,1497949,-3081,enormous
12013,FL,2022,7954,-26,tiny
12015,FL,2022,136618,2434,large
12017,FL,2022,107619,1344,large
12019,FL,2022,177677,1360,large
12021,FL,2022,308491,5211,large
12023,FL,2022,47505,435,small
12027,FL,2022,22275,104,small
12029,FL,2022,8673,-13,tiny
12031,FL,2022,734597,2914,very large
12033,FL,2022,227453,-10,large
12035,FL,2022,90956,1346,medium
12037,FL,2022,7101,-17,tiny
12039,FL,2022,30769,37,small
12041,FL,2022,11714,98,small
12043,FL,2022,6697,5,tiny
12045,FL,2022,8702,30,tiny
12047,FL,2022,7671,4,tiny
12049,FL,2022,17964,14,small
12051,FL,2022,28445,244,small
12053,FL,2022,142873,2373,large
12055,FL,2022,69337,525,medium
12057,FL,2022,1134266,9377,enormous
12059,FL,2022,11322,-5,small
12061,FL,2022,124441,1636,large
12063,FL,2022,28827,-97,small
12065,FL,2022,9440,43,tiny
12067,FL,2022,4446,-25,tiny
12069,FL,2022,295086,5605,large
12071,FL,2022,592954,9617,very large
12073,FL,2022,193234,-339,large
12075,FL,2022,28535,400,small
12077,FL,2022,4279,22,tiny
12079,FL,2022,11647,12,small
12081,FL,2022,309899,4190,large
12083,FL,2022,272673,3897,large
12085,FL,2022,120856,1169,large
12086,FL,2022,2094675,-16506,enormous
12087,FL,2022,57921,-536,medium
12089,FL,2022,75358,1123,medium
12091,FL,2022,167802,-101,large
12093,FL,2022,26284,276,small
12095,FL,2022,1083294,-5045,enormous
12097,FL,2022,317347,4306,large
12099,FL,2022,1155422,7707,enormous
12101,FL,2022,426037,10075,large
12103,FL,2022,700510,4416,very large
12105,FL,2022,555765,12330,very large
12107,FL,2022,48931,319,small
12109,FL,2022,242720,6307,large
12111,FL,2022,251970,6585,large
12113,FL,2022,146578,832,large
12115,FL,2022,326738,6593,large
12117,FL,2022,364643,1045,large
12119,FL,2022,105258,888,large
12121,FL,2022,28900,206,small
12123,FL,2022,13236,-53,small
12125,FL,2022,8452,57,tiny
12127,FL,2022,409172,5712,large
12129,FL,2022,23897,368,small
12131,FL,2022,58002,587,medium
12133,FL,2022,16239,79,small
13001,GA,2022,12515,-5,small
13003,GA,2022,5192,2,tiny
13005,GA,2022,7161,-8,tiny
13007,GA,2022,1682,-64,tiny
13009,GA,2022,25745,11,small
13011,GA,2022,12436,143,small
13013,GA,2022,64536,1292,medium
13015,GA,2022,79004,805,medium
13017,GA,2022,10447,-11,small
13019,GA,2022,11786,17,small
13021,GA,2022,99935,-28,medium
13023,GA,2022,8185,2,tiny
13025,GA,2022,12026,42,small
13027,GA,2022,9550,-19,tiny
13029,GA,2022,34534,585,small
13031,GA,2022,45753,132,small
13033,GA,2022,15867,-7,small
13035,GA,2022,16034,340,small
13037,GA,2022,2874,-19,tiny
13039,GA,2022,38877,102,small
13043,GA,2022,7084,-5,tiny
13045,GA,2022,81396,873,medium
13047,GA,2022,47984,189,small
13049,GA,2022,6211,66,tiny
13051,GA,2022,187041,-381,large
13053,GA,2022,4160,-172,tiny
13055,GA,2022,16070,-1,small
13057,GA,2022,216056,3473,large
13059,GA,2022,67315,-495,medium
13061,GA,2022,1771,-13,tiny
13063,GA,2022,189488,1260,large
13065,GA,2022,4303,-26,tiny
13067,GA,2022,549785,-48,very large
13069,GA,2022,26886,-40,small
13071,GA,2022,29718,184,small
13073,GA,2022,127412,1085,large
13075,GA,2022,10860,18,small
13077,GA,2022,112316,1374,large
13079,GA,2022,8222,74,tiny
13081,GA,2022,12745,94,small
13083,GA,2022,10373,-10,small
13085,GA,2022,19374,477,small
13087,GA,2022,17720,10,small
13089,GA,2022,503045,-4323,very large
13091,GA,2022,12119,-13,small
13093,GA,2022,5432,-39,tiny
13095,GA,2022,50377,-428,medium
13097,GA,2022,101316,1240,large
13099,GA,2022,6603,16,tiny
13101,GA,2022,2384,19,tiny
13103,GA,2022,51825,647,medium
13105,GA,2022,13310,64,small
13107,GA,2022,14856,-29,small
13109,GA,2022,7064,-5,tiny
13111,GA,2022,18207,140,small
13113,GA,2022,94775,865,medium
13115,GA,2022,68371,221,medium
13117,GA,2022,227238,2753,large
13119,GA,2022,16030,94,small
13121,GA,2022,750078,1617,very large
13123,GA,2022,22423,122,small
13125,GA,2022,1890,-7,tiny
13127,GA,2022,59840,-57,medium
13129,GA,2022,41022,230,small
13131,GA,2022,15900,-166,small
13133,GA,2022,14083,279,small
13135,GA,2022,727579,4825,very large
13137,GA,2022,32454,152,small
13139,GA,2022,158836,1833,large
13141,GA,2022,4530,5,tiny
13143,GA,2022,21024,207,small
13145,GA,2022,26799,651,small
13147,GA,2022,18032,116,small
13149,GA,2022,7252,56,tiny
13151,GA,2022,175715,4405,large
13153,GA,2022,120928,842,large
13155,GA,2022,5808,12,tiny
13157,GA,2022,60473,1551,medium
13159,GA,2022,10287,294,small
13161,GA,2022,9511,36,tiny
13163,GA,2022,10889,-2,small
13165,GA,2022,4725,30,tiny
13167,GA,2022,5065,-23,tiny
13169,GA,2022,20197,76,small
13171,GA,2022,12205,168,small
13173,GA,2022,5896,-24,tiny
13175,GA,2022,34349,-85,small
13177,GA,2022,24167,253,small
13179,GA,2022,40530,65,small
13181,GA,2022,5498,47,tiny
13183,GA,2022,11491,97,small
13185,GA,2022,76032,334,medium
13187,GA,2022,20960,163,small
13189,GA,2022,15493,-32,small
13191,GA,2022,7147,26,tiny
13193,GA,2022,6581,-11,tiny
13195,GA,2022,22251,338,small
13197,GA,2022,4560,-9,tiny
13199,GA,2022,13212,186,small
13201,GA,2022,3676,-23,tiny
13205,GA,2022,13058,-91,small
13207,GA,2022,19911,339,small
13209,GA,2022,5034,34,tiny
13211,GA,2022,15350,269,small
13213,GA,2022,27552,-12,small
13215,GA,2022,127225,-88,large
13217,GA,2022,78891,1319,medium
13219,GA,2022,37003,371,small
13221,GA,2022,10396,165,small
13223,GA,2022,131965,2447,large
13225,GA,2022,17315,26,small
13227,GA,2022,25332,378,small
13229,GA,2022,13611,7,small
13231,GA,2022,14513,294,small
13233,GA,2022,29474,218,small
13235,GA,2022,5227,2,tiny
13237,GA,2022,15171,283,small
13239,GA,2022,1274,-10,tiny
13241,GA,2022,12221,147,small
13243,GA,2022,3813,23,tiny
13245,GA,2022,125542,-395,large
13247,GA,2022,59558,714,medium
13249,GA,2022,3358,-26,tiny
13251,GA,2022,9054,14,tiny
13253,GA,2022,4886,1,tiny
13255,GA,2022,45056,582,small
13257,GA,2022,18274,28,small
13259,GA,2022,2204,-35,tiny
13261,GA,2022,17821,-19,small
13263,GA,2022,3588,23,tiny
13265,GA,2022,903,-5,tiny
13267,GA,2022,13543,-51,small
13269,GA,2022,5261,-30,tiny
13271,GA,2022,6024,-25,tiny
13273,GA,2022,5620,19,tiny
13275,GA,2022,31023,-6,small
13277,GA,2022,28277,66,small
13279,GA,2022,17724,-75,small
13281,GA,2022,8732,24,tiny
13283,GA,2022,4116,7,tiny
13285,GA,2022,46344,-29,small
13287,GA,2022,5600,17,tiny
13289,GA,2022,5259,-17,tiny
13291,GA,2022,18627,172,small
13293,GA,2022,18010,110,small
13295,GA,2022,44443,70,small
13297,GA,2022,73946,1734,medium
13299,GA,2022,22775,-12,small
13301,GA,2022,3356,4,tiny
13303,GA,2022,13001,11,small
13305,GA,2022,19226,-17,small
13307,GA,2022,1473,-14,tiny
13309,GA,2022,3200,-6,tiny
13311,GA,2022,20289,139,small
13313,GA,2022,77364,5,medium
13315,GA,2022,4292,-22,tiny
13317,GA,2022,6397,3,tiny
13319,GA,2022,5892,-39,tiny
13321,GA,2022,12924,-107,small
19001,IA,2022,5840,-12,tiny
19003,IA,2022,2990,-7,tiny
19005,IA,2022,11862,-17,small
19007,IA,2022,9333,-29,tiny
19009,IA,2022,4483,8,tiny
19011,IA,2022,21028,111,small
19013,IA,2022,97211,-304,medium
19015,IA,2022,21646,-13,small
19017,IA,2022,21036,-30,small
19019,IA,2022,18742,56,small
19021,IA,2022,17053,-84,small
19023,IA,2022,12137,-11,small
19025,IA,2022,7616,-8,tiny
19027,IA,2022,17845,0,small
19029,IA,2022,10095,20,small
19031,IA,2022,15429,68,small
19033,IA,2022,32508,3,small
19035,IA,2022,9524,29,tiny
19037,IA,2022,10152,-47,small
19039,IA,2022,7303,-16,tiny
19041,IA,2022,13023,9,small
19043,IA,2022,14748,54,small
19045,IA,2022,36235,79,small
19047,IA,2022,13928,-14,small
19049,IA,2022,92597,932,medium
19051,IA,2022,8544,0,tiny
19053,IA,2022,5266,-4,tiny
19055,IA,2022,15224,54,small
19057,IA,2022,30214,-184,small
19059,IA,2022,14605,35,small
19061,IA,2022,81241,-256,medium
19063,IA,2022,6999,-29,tiny
19065,IA,2022,14911,-35,small
19067,IA,2022,13044,-39,small
19069,IA,2022,7451,0,tiny
19071,IA,2022,5290,31,tiny
19073,IA,2022,6921,-43,tiny
19075,IA,2022,10482,47,small
19077,IA,2022,8787,0,tiny
19079,IA,2022,11893,-12,small
19081,IA,2022,8734,-23,tiny
19083,IA,2022,13311,11,small
19085,IA,2022,11719,81,small
19087,IA,2022,15054,-5,small
19089,IA,2022,8112,-29,tiny
19091,IA,2022,7857,-5,tiny
19093,IA,2022,5760,-16,tiny
19095,IA,2022,14438,18,small
19097,IA,2022,16365,-17,small
19099,IA,2022,29594,90,small
19101,IA,2022,11274,-32,small
19103,IA,2022,111560,-633,large
19105,IA,2022,15800,54,small
19107,IA,2022,7821,-10,tiny
19109,IA,2022,12609,-59,small
19111,IA,2022,25374,-86,small
19113,IA,2022,186767,-124,large
19115,IA,2022,8658,-2,tiny
19117,IA,2022,7316,4,tiny
19119,IA,2022,11357,-5,small
19121,IA,2022,13998,117,small
19123,IA,2022,17220,-25,small
19125,IA,2022,27765,-17,small
19127,IA,2022,32303,-144,small
19129,IA,2022,11862,78,small
19131,IA,2022,8992,45,tiny
19133,IA,2022,6877,-17,tiny
19135,IA,2022,6028,31,tiny
19137,IA,2022,7620,-16,tiny
19139,IA,2022,35496,-36,small
19141,IA,2022,11625,-8,small
19143,IA,2022,4942,-7,tiny
19145,IA,2022,10566,44,small
19147,IA,2022,7065,40,tiny
19149,IA,2022,22134,40,small
19151,IA,2022,5448,8,tiny
19153,IA,2022,409260,-1013,large
19155,IA,2022,71942,48,medium
19157,IA,2022,13721,48,small
19159,IA,2022,3653,2,tiny
19161,IA,2022,8289,4,tiny
19163,IA,2022,139029,-15,large
19165,IA,2022,9882,16,tiny
19167,IA,2022,31644,-8,small
19169,IA,2022,61180,-91,medium
19171,IA,2022,13939,-20,small
19173,IA,2022,4700,-32,tiny
19175,IA,2022,9218,4,tiny
19177,IA,2022,5880,38,tiny
19179,IA,2022,25694,-116,small
19181,IA,2022,45657,381,small
19183,IA,2022,19139,13,small
19185,IA,2022,5841,-21,tiny
19187,IA,2022,26284,-27,small
19189,IA,2022,8261,-17,tiny
19191,IA,2022,16143,14,small
19193,IA,2022,81654,-93,medium
19195,IA,2022,6024,-9,tiny
19197,IA,2022,9985,-55,tiny
23001,ME,2022,82208,132,medium
23003,ME,2022,48415,-4,small
23005,ME,2022,243182,991,large
23007,ME,2022,20650,-20,small
23009,ME,2022,41997,24,small
23011,ME,2022,94028,525,medium
23013,ME,2022,30782,-29,small
23015,ME,2022,27411,185,small
23017,ME,2022,41929,465,small
23019,ME,2022,109136,3,large
23021,ME,2022,11579,-59,small
23023,ME,2022,29081,108,small
23025,ME,2022,36063,-27,small
23027,ME,2022,29838,20,small
23029,ME,2022,22242,27,small
23031,ME,2022,171156,1698,large
26001,MI,2022,7408,80,tiny
26003,MI,2022,6480,3,tiny
26005,MI,2022,102689,396,large
26007,MI,2022,22064,28,small
26009,MI,2022,17909,48,small
26011,MI,2022,11341,56,small
26013,MI,2022,5468,-13,tiny
26015,MI,2022,51896,326,medium
26017,MI,2022,82033,-165,medium
26019,MI,2022,14281,75,small
26021,MI,2022,118095,484,large
26023,MI,2022,32940,-32,small
26025,MI,2022,99704,193,medium
26027,MI,2022,39362,131,small
26029,MI,2022,21345,54,small
26031,MI,2022,19550,187,small
26033,MI,2022,25381,-21,small
26035,MI,2022,22340,194,small
26037,MI,2022,66254,-44,medium
26039,MI,2022,9672,37,tiny
26041,MI,2022,28406,50,small
26043,MI,2022,20517,-63,small
26045,MI,2022,86032,170,medium
26047,MI,2022,27795,66,small
26049,MI,2022,301133,694,large
26051,MI,2022,18585,169,small
26053,MI,2022,10122,-19,small
26055,MI,2022,78276,241,medium
26057,MI,2022,28038,-48,small
26059,MI,2022,35242,66,small
26061,MI,2022,27468,-94,small
26063,MI,2022,25957,69,small
26065,MI,2022,192887,-375,large
26067,MI,2022,49205,218,small
26069,MI,2022,18216,77,small
26071,MI,2022,8674,-6,tiny
26073,MI,2022,42425,7,small
26075,MI,2022,117398,191,large
26077,MI,2022,201508,-309,large
26079,MI,2022,13706,11,small
26081,MI,2022,542606,-1457,very large
26083,MI,2022,1663,7,tiny
26085,MI,2022,7029,12,tiny
26087,MI,2022,71495,326,medium
26089,MI,2022,18723,53,small
26091,MI,2022,76949,229,medium
26093,MI,2022,168072,787,large
26095,MI,2022,3982,4,tiny
26097,MI,2022,8535,-8,tiny
26099,MI,2022,718796,-247,very large
26101,MI,2022,18265,63,small
26103,MI,2022,49024,27,small
26105,MI,2022,23573,66,small
26107,MI,2022,27843,95,small
26109,MI,2022,17399,-41,small
26111,MI,2022,67817,-7,medium
26113,MI,2022,11989,23,small
26115,MI,2022,124601,992,large
26117,MI,2022,48276,224,small
26119,MI,2022,6767,74,tiny
26121,MI,2022,133226,289,large
26123,MI,2022,38729,225,small
26125,MI,2022,1035061,-3438,enormous
26127,MI,2022,21204,96,small
26129,MI,2022,15081,161,small
26131,MI,2022,3975,7,tiny
26133,MI,2022,17501,28,small
26135,MI,2022,6329,24,tiny
26137,MI,2022,20286,102,small
26139,MI,2022,251927,593,large
26141,MI,2022,10106,51,small
26143,MI,2022,16499,203,small
26145,MI,2022,142147,373,large
26147,MI,2022,129091,422,large
26149,MI,2022,48870,42,small
26151,MI,2022,32869,148,small
26153,MI,2022,6235,-41,tiny
26155,MI,2022,53088,182,medium
26157,MI,2022,42159,117,small
26159,MI,2022,58693,261,medium
26161,MI,2022,265067,-1737,large
26163,MI,2022,1273806,-859,enormous
26165,MI,2022,26290,115,small
27001,MN,2022,11674,63,small
27003,MN,2022,309397,2368,large
27005,MN,2022,29480,38,small
27007,MN,2022,35444,95,small
27009,MN,2022,33276,-63,small
27011,MN,2022,4175,-6,tiny
27013,MN,2022,49923,-346,small
27015,MN,2022,21858,16,small
27017,MN,2022,28056,78,small
27019,MN,2022,98071,1021,medium
27021,MN,2022,23666,262,small
27023,MN,2022,10093,-12,small
27025,MN,2022,47925,526,small
27027,MN,2022,52339,57,medium
27029,MN,2022,6770,32,tiny
27031,MN,2022,4472,27,tiny
27033,MN,2022,9339,54,tiny
27035,MN,2022,53665,413,medium
27037,MN,2022,380042,1949,large
27039,MN,2022,18811,42,small
27041,MN,2022,34155,128,small
27043,MN,2022,10835,20,small
27045,MN,2022,17854,37,small
27047,MN,2022,24348,99,small
27049,MN,2022,39429,306,small
27051,MN,2022,5055,30,tiny
27053,MN,2022,1038121,-6554,enormous
27055,MN,2022,16089,55,small
27057,MN,2022,17530,-24,small
27059,MN,2022,34254,682,small
27061,MN,2022,35651,139,small
27063,MN,2022,8403,2,tiny
27065,MN,2022,12156,133,small
27067,MN,2022,38045,-104,small
27069,MN,2022,3746,-2,tiny
27071,MN,2022,8784,3,tiny
27073,MN,2022,5529,27,tiny
27075,MN,2022,8561,51,tiny
27077,MN,2022,3168,-15,tiny
27079,MN,2022,25242,21,small
27081,MN,2022,4779,-20,tiny
27083,MN,2022,20963,-44,small
27085,MN,2022,31801,148,small
27087,MN,2022,4215,-18,tiny
27089,MN,2022,7592,7,tiny
27091,MN,2022,16540,21,small
27093,MN,2022,20558,62,small
27095,MN,2022,20473,247,small
27097,MN,2022,28537,112,small
27099,MN,2022,33197,-15,small
27101,MN,2022,6985,28,tiny
27103,MN,2022,27137,16,small
27105,MN,2022,18756,-69,small
27107,MN,2022,5352,-3,tiny
27109,MN,2022,139950,-269,large
27111,MN,2022,51615,120,medium
27113,MN,2022,11253,-3,small
27115,MN,2022,21207,258,small
27117,MN,2022,8026,10,tiny
27119,MN,2022,25028,-93,small
27121,MN,2022,9964,8,tiny
27123,MN,2022,436209,-3894,large
27125,MN,2022,3303,18,tiny
27127,MN,2022,12998,16,small
27129,MN,2022,12086,-34,small
27131,MN,2022,53065,126,medium
27133,MN,2022,8415,22,tiny
27135,MN,2022,13447,21,small
27137,MN,2022,148901,-189,large
27139,MN,2022,133260,1340,large
27141,MN,2022,82851,893,medium
27143,MN,2022,12600,-21,small
27145,MN,2022,131924,-149,large
27147,MN,2022,32502,-60,small
27149,MN,2022,9180,-27,tiny
27151,MN,2022,7557,9,tiny
27153,MN,2022,20849,-7,small
27155,MN,2022,2581,-2,tiny
27157,MN,2022,18271,23,small
27159,MN,2022,11595,11,small
27161,MN,2022,15186,61,small
27163,MN,2022,234793,3208,large
27165,MN,2022,8617,-22,tiny
27167,MN,2022,5346,-7,tiny
27169,MN,2022,36843,-147,small
27171,MN,2022,129502,1665,large
27173,MN,2022,8026,-25,tiny
31001,NE,2022,25068,-49,small
31003,NE,2022,5428,14,tiny
31005,NE,2022,374,0,tiny
31007,NE,2022,587,1,tiny
31009,NE,2022,382,0,tiny
31011,NE,2022,4825,8,tiny
31013,NE,2022,8852,-29,tiny
31015,NE,2022,1496,1,tiny
31017,NE,2022,2439,2,tiny
31019,NE,2022,40311,-29,small
31021,NE,2022,5588,7,tiny
31023,NE,2022,7223,26,tiny
31025,NE,2022,22621,202,small
31027,NE,2022,7944,10,tiny
31029,NE,2022,3162,0,tiny
31031,NE,2022,4745,-3,tiny
31033,NE,2022,6992,14,tiny
31035,NE,2022,5021,11,tiny
31037,NE,2022,9708,-67,tiny
31039,NE,2022,8085,-35,tiny
31041,NE,2022,9123,-19,tiny
31043,NE,2022,18205,-104,small
31045,NE,2022,5741,15,tiny
31047,NE,2022,21377,-81,small
31049,NE,2022,1386,-3,tiny
31051,NE,2022,4746,-11,tiny
31053,NE,2022,29157,-24,small
31055,NE,2022,483507,-1280,large
31057,NE,2022,1256,0,tiny
31059,NE,2022,4825,2,tiny
31061,NE,2022,2389,-2,tiny
31063,NE,2022,1933,-2,tiny
31065,NE,2022,3941,-3,tiny
31067,NE,2022,17532,45,small
31069,NE,2022,1352,0,tiny
31071,NE,2022,1437,-12,tiny
31073,NE,2022,1617,10,tiny
31075,NE,2022,621,1,tiny
31077,NE,2022,1943,6,tiny
31079,NE,2022,52818,-220,medium
31081,NE,2022,8611,2,tiny
31083,NE,2022,2595,-6,tiny
31085,NE,2022,822,0,tiny
31087,NE,2022,2166,4,tiny
31089,NE,2022,9090,6,tiny
31091,NE,2022,568,0,tiny
31093,NE,2022,5678,0,tiny
31095,NE,2022,5759,18,tiny
31097,NE,2022,3428,-12,tiny
31099,NE,2022,5898,18,tiny
31101,NE,2022,6475,-2,tiny
31103,NE,2022,682,3,tiny
31105,NE,2022,2531,1,tiny
31107,NE,2022,7131,-27,tiny
31109,NE,2022,263165,-729,large
31111,NE,2022,27773,-62,small
31113,NE,2022,626,2,tiny
31115,NE,2022,491,0,tiny
31117,NE,2022,370,0,tiny
31119,NE,2022,29151,-51,small
31121,NE,2022,6455,29,tiny
31123,NE,2022,3584,-1,tiny
31125,NE,2022,2760,-14,tiny
31127,NE,2022,5487,-1,tiny
31129,NE,2022,3343,1,tiny
31131,NE,2022,13777,54,small
31133,NE,2022,2126,-8,tiny
31135,NE,2022,2546,3,tiny
31137,NE,2022,7808,0,tiny
31139,NE,2022,6465,14,tiny
31141,NE,2022,31034,-53,small
31143,NE,2022,4586,3,tiny
31145,NE,2022,8357,20,tiny
31147,NE,2022,6156,-12,tiny
31149,NE,2022,1232,-20,tiny
31151,NE,2022,11841,-71,small
31153,NE,2022,164757,741,large
31155,NE,2022,19430,266,small
31157,NE,2022,27797,-5,small
31159,NE,2022,14821,52,small
31161,NE,2022,3901,-11,tiny
31163,NE,2022,2479,-1,tiny
31165,NE,2022,852,-3,tiny
31167,NE,2022,5013,-13,tiny
31169,NE,2022,4330,-34,tiny
31171,NE,2022,538,4,tiny
31173,NE,2022,5780,-27,tiny
31175,NE,2022,3561,-1,tiny
31177,NE,2022,18383,211,small
31179,NE,2022,6475,-22,tiny
31181,NE,2022,2616,2,tiny
31183,NE,2022,642,-1,tiny
31185,NE,2022,11606,-7,small
32001,NV,2022,19186,224,small
32003,NV,2022,1785531,21207,enormous
32005,NV,2022,41265,754,small
32007,NV,2022,43794,-180,small
32009,NV,2022,539,-6,tiny
32011,NV,2022,1345,6,tiny
32013,NV,2022,13927,-31,small
32015,NV,2022,4252,-4,tiny
32017,NV,2022,3350,31,tiny
32019,NV,2022,48650,1098,small
32021,NV,2022,2948,23,tiny
32023,NV,2022,31624,1075,small
32027,NV,2022,3469,13,tiny
32029,NV,2022,3001,85,tiny
32031,NV,2022,392773,4393,large
32033,NV,2022,6590,35,tiny
32510,NV,2022,43466,326,small
33001,NH,2022,50708,655,medium
33003,NH,2022,39251,638,small
33005,NH,2022,58438,621,medium
33007,NH,2022,22111,142,small
33009,NH,2022,65644,350,medium
33011,NH,2022,343634,1306,large
33013,NH,2022,119864,1025,large
33015,NH,2022,267355,2378,large
33017,NH,2022,97936,674,medium
33019,NH,2022,33368,106,small
37001,NC,2022,126945,1468,large
37003,NC,2022,26631,60,small
37005,NC,2022,7466,26,tiny
37007,NC,2022,14851,37,small
37009,NC,2022,18614,83,small
37011,NC,2022,11223,-27,small
37013,NC,2022,32516,12,small
37015,NC,2022,11534,-39,small
37017,NC,2022,19421,-40,small
37019,NC,2022,110359,2443,large
37021,NC,2022,195788,889,large
37023,NC,2022,61764,224,medium
37025,NC,2022,178813,2453,large
37027,NC,2022,57253,80,medium
37029,NC,2022,8289,113,tiny
37031,NC,2022,49582,322,small
37033,NC,2022,14692,99,small
37035,NC,2022,120569,1,large
37037,NC,2022,63523,810,medium
37039,NC,2022,19577,6,small
37041,NC,2022,9706,-61,tiny
37043,NC,2022,7826,9,tiny
37045,NC,2022,71749,407,medium
37047,NC,2022,34149,-31,small
37049,NC,2022,72753,-19,medium
37051,NC,2022,225250,-641,large
37053,NC,2022,22154,583,small
37055,NC,2022,30390,115,small
37057,NC,2022,127686,817,large
37059,NC,2022,33995,245,small
37061,NC,2022,33890,1128,small
37063,NC,2022,218296,-961,large
37065,NC,2022,31491,-149,small
37067,NC,2022,281961,493,large
37069,NC,2022,51226,1225,medium
37071,NC,2022,165631,1567,large
37073,NC,2022,7486,41,tiny
37075,NC,2022,5950,-6,tiny
37077,NC,2022,43702,547,small
37079,NC,2022,12384,61,small
37081,NC,2022,396131,213,large
37083,NC,2022,32140,-155,small
37085,NC,2022,94442,654,medium
37087,NC,2022,47051,263,small
37089,NC,2022,88749,596,medium
37091,NC,2022,12772,-41,small
37093,NC,2022,35907,340,small
37095,NC,2022,2976,-3,tiny
37097,NC,2022,147968,1412,large
37099,NC,2022,25028,-112,small
37101,NC,2022,170846,3501,large
37103,NC,2022,6187,-22,tiny
37105,NC,2022,44153,-763,small
37107,NC,2022,36667,-149,small
37109,NC,2022,68676,901,medium
37111,NC,2022,31592,195,small
37113,NC,2022,25864,45,small
37115,NC,2022,14686,117,small
37117,NC,2022,15456,9,small
37119,NC,2022,826205,1454,very large
37121,NC,2022,10127,43,small
37123,NC,2022,18634,-13,small
37125,NC,2022,80384,678,medium
37127,NC,2022,68692,370,medium
37129,NC,2022,159463,168,large
37131,NC,2022,11359,14,small
37133,NC,2022,132202,145,large
37135,NC,2022,98890,-11,medium
37137,NC,2022,8353,26,tiny
37139,NC,2022,28495,192,small
37141,NC,2022,46315,382,small
37143,NC,2022,9418,-39,tiny
37145,NC,2022,28640,276,small
37147,NC,2022,117913,-205,large
37149,NC,2022,14262,10,small
37151,NC,2022,107651,402,large
37153,NC,2022,29110,33,small
37155,NC,2022,78382,-398,medium
37157,NC,2022,64376,285,medium
37159,NC,2022,106201,573,large
37161,NC,2022,44601,152,small
37163,NC,2022,42592,-290,small
37165,NC,2022,21875,-3,small
37167,NC,2022,46319,517,small
37169,NC,2022,32757,118,small
37171,NC,2022,51449,67,medium
37173,NC,2022,12381,34,small
37175,NC,2022,23523,29,small
37177,NC,2022,2416,-1,tiny
37179,NC,2022,201084,2078,large
37181,NC,2022,29696,44,small
37183,NC,2022,914742,5488,very large
37185,NC,2022,11590,73,small
37187,NC,2022,7380,-50,tiny
37189,NC,2022,30134,-86,small
37191,NC,2022,83660,-83,medium
37193,NC,2022,47223,-2,small
37195,NC,2022,57473,-66,medium
37197,NC,2022,28079,137,small
37199,NC,2022,12929,84,small
39001,OH,2022,19652,-21,small
39003,OH,2022,79122,-47,medium
39005,OH,2022,42107,-37,small
39007,OH,2022,75827,70,medium
39009,OH,2022,34264,-87,small
39011,OH,2022,41443,9,small
39013,OH,2022,49383,-11,small
39015,OH,2022,33019,110,small
39017,OH,2022,302754,594,large
39019,OH,2022,21198,172,small
39021,OH,2022,31531,104,small
39023,OH,2022,101787,202,large
39025,OH,2022,170319,723,large
39027,OH,2022,32581,-4,small
39029,OH,2022,76503,110,medium
39031,OH,2022,30184,63,small
39033,OH,2022,32658,113,small
39035,OH,2022,944151,-3629,very large
39037,OH,2022,44780,91,small
39039,OH,2022,32110,21,small
39041,OH,2022,197456,2667,large
39043,OH,2022,60570,92,medium
39045,OH,2022,131428,1547,large
39047,OH,2022,21976,158,small
39049,OH,2022,1036652,-4653,enormous
39051,OH,2022,36888,2,small
39053,OH,2022,21302,39,small
39055,OH,2022,86596,202,medium
39057,OH,2022,129701,141,large
39059,OH,2022,29811,88,small
39061,OH,2022,637807,-1930,very large
39063,OH,2022,62244,-41,medium
39065,OH,2022,22704,22,small
39067,OH,2022,11211,-23,small
39069,OH,2022,23830,9,small
39071,OH,2022,33568,112,small
39073,OH,2022,20692,164,small
39075,OH,2022,40902,28,small
39077,OH,2022,48080,33,small
39079,OH,2022,23927,79,small
39081,OH,2022,48780,11,small
39083,OH,2022,51156,256,medium
39085,OH,2022,195338,656,large
39087,OH,2022,43588,0,small
39089,OH,2022,147144,1358,large
39091,OH,2022,38032,92,small
39093,OH,2022,254970,2013,large
39095,OH,2022,321910,-96,large
39097,OH,2022,32078,350,small
39099,OH,2022,172848,-16,large
39101,OH,2022,46943,73,small
39103,OH,2022,161216,636,large
39105,OH,2022,15877,-3,small
39107,OH,2022,40659,0,small
39109,OH,2022,91555,221,medium
39111,OH,2022,10604,23,small
39113,OH,2022,400929,-505,large
39115,OH,2022,10716,-46,small
39117,OH,2022,28201,257,small
39119,OH,2022,68383,88,medium
39121,OH,2022,9980,-7,tiny
39123,OH,2022,33694,27,small
39125,OH,2022,16118,-3,small
39127,OH,2022,27103,111,small
39129,OH,2022,43968,417,small
39131,OH,2022,19594,10,small
39133,OH,2022,119310,492,large
39135,OH,2022,33230,126,small
39137,OH,2022,32313,-33,small
39139,OH,2022,96891,194,medium
39141,OH,2022,55179,54,medium
39143,OH,2022,47980,-54,small
39145,OH,2022,50394,13,medium
39147,OH,2022,43628,10,small
39149,OH,2022,42410,-51,small
39151,OH,2022,301589,133,large
39153,OH,2022,428308,-463,large
39155,OH,2022,157473,185,large
39157,OH,2022,76073,-135,medium
39159,OH,2022,55674,821,medium
39161,OH,2022,24189,24,small
39163,OH,2022,9179,53,tiny
39165,OH,2022,210526,1829,large
39167,OH,2022,47474,-22,small
39169,OH,2022,100624,15,large
39171,OH,2022,30584,-2,small
39173,OH,2022,101384,-39,large
39175,OH,2022,18664,4,small
4001,AZ,2022,50297,220,medium
4003,AZ,2022,91533,307,medium
4005,AZ,2022,95954,-27,medium
4007,AZ,2022,37266,367,small
4009,AZ,2022,26208,203,small
4011,AZ,2022,6887,-66,tiny
4012,AZ,2022,10564,-33,small
4013,AZ,2022,3465556,34108,enormous
4015,AZ,2022,137223,3298,large
4017,AZ,2022,81448,1145,medium
4019,AZ,2022,778760,5766,very large
4021,AZ,2022,316337,9748,large
4023,AZ,2022,41169,-6,small
4025,AZ,2022,178309,3720,large
4027,AZ,2022,169573,1575,large
42001,PA,2022,87189,319,medium
42003,PA,2022,967528,-2812,very large
42005,PA,2022,52425,-212,medium
42007,PA,2022,132211,122,large
42009,PA,2022,39242,22,small
42011,PA,2022,346407,1125,large
42013,PA,2022,97597,-27,medium
42015,PA,2022,49463,-4,small
42017,PA,2022,544891,3549,very large
42019,PA,2022,161890,1160,large
42021,PA,2022,99655,2,medium
42023,PA,2022,3444,-4,tiny
42025,PA,2022,49493,339,small
42027,PA,2022,100301,-346,large
42029,PA,2022,449231,2393,large
42031,PA,2022,28285,32,small
42033,PA,2022,59621,-3,medium
42035,PA,2022,29094,-71,small
42037,PA,2022,47407,70,small
42039,PA,2022,63893,19,medium
42041,PA,2022,216412,1156,large
42043,PA,2022,228817,626,large
42045,PA,2022,449169,1536,large
42047,PA,2022,25259,2,small
42049,PA,2022,205481,-109,large
42051,PA,2022,97762,-2,medium
42053,PA,2022,3104,-6,tiny
42055,PA,2022,135431,318,large
42057,PA,2022,12027,35,small
42059,PA,2022,25501,-78,small
42061,PA,2022,32714,20,small
42063,PA,2022,60778,58,medium
42065,PA,2022,35753,-55,small
42067,PA,2022,21057,-7,small
42069,PA,2022,163671,686,large
42071,PA,2022,501446,284,very large
42073,PA,2022,66860,37,medium
42075,PA,2022,123741,287,large
42077,PA,2022,305742,1311,large
42079,PA,2022,248224,1326,large
42081,PA,2022,88227,101,medium
42083,PA,2022,30189,-28,small
42085,PA,2022,84276,110,medium
42087,PA,2022,40118,80,small
42089,PA,2022,125403,2555,large
42091,PA,2022,701887,4784,very large
42093,PA,2022,14507,-66,small
42095,PA,2022,246818,1418,large
42097,PA,2022,69975,144,medium
42099,PA,2022,40249,105,small
42101,PA,2022,1024136,-10125,enormous
42103,PA,2022,42826,1043,small
42105,PA,2022,12382,-13,small
42107,PA,2022,107389,505,large
42109,PA,2022,33263,-5,small
42111,PA,2022,56831,68,medium
42113,PA,2022,4421,7,tiny
42115,PA,2022,31606,-135,small
42117,PA,2022,31672,13,small
42119,PA,2022,30692,-16,small
42121,PA,2022,38967,7,small
42123,PA,2022,29446,-4,small
42125,PA,2022,167139,956,large
42127,PA,2022,38579,74,small
42129,PA,2022,288804,985,large
42131,PA,2022,20815,101,small
42133,PA,2022,383143,1295,large
48001,TX,2022,34128,49,small
48003,TX,2022,15675,-51,small
48005,TX,2022,63953,-113,medium
48007,TX,2022,15911,33,small
48009,TX,2022,6910,38,tiny
48011,TX,2022,1515,1,tiny
48013,TX,2022,40009,212,small
48015,TX,2022,24517,162,small
48017,TX,2022,4719,-27,tiny
48019,TX,2022,16554,228,small
48021,TX,2022,71588,1959,medium
48023,TX,2022,2487,1,tiny
48025,TX,2022,18799,-43,small
48027,TX,2022,279008,2487,large
48029,TX,2022,1587576,3500,enormous
48031,TX,2022,9517,202,tiny
48033,TX,2022,507,0,tiny
48035,TX,2022,13392,109,small
48037,TX,2022,67397,-20,medium
48039,TX,2022,297433,2355,large
48041,TX,2022,147959,-285,large
48043,TX,2022,6400,-81,tiny
48045,TX,2022,1030,1,tiny
48047,TX,2022,4843,-53,tiny
48049,TX,2022,27347,28,small
48051,TX,2022,13981,80,small
48053,TX,2022,39723,693,small
48055,TX,2022,34706,324,small
48057,TX,2022,15841,-68,small
48059,TX,2022,10405,53,small
48061,TX,2022,335506,-289,large
48063,TX,2022,9496,1,tiny
48065,TX,2022,4419,-9,tiny
48067,TX,2022,21631,-13,small
48069,TX,2022,5222,2,tiny
48071,TX,2022,39895,873,small
48073,TX,2022,39383,78,small
48075,TX,2022,4060,0,tiny
48077,TX,2022,7627,28,tiny
48079,TX,2022,2077,7,tiny
48081,TX,2022,2361,3,tiny
48083,TX,2022,5547,1,tiny
48085,TX,2022,911010,15257,very large
48087,TX,2022,2080,1,tiny
48089,TX,2022,16780,127,small
48091,TX,2022,136536,4005,large
48093,TX,2022,10146,27,small
48095,TX,2022,1620,-1,tiny
48097,TX,2022,33932,332,small
48099,TX,2022,48155,413,small
48101,TX,2022,924,0,tiny
48103,TX,2022,4075,-1,tiny
48105,TX,2022,2627,-3,tiny
48107,TX,2022,3808,-4,tiny
48109,TX,2022,1590,5,tiny
48111,TX,2022,5682,-28,tiny
48113,TX,2022,1946094,-13922,enormous
48115,TX,2022,8623,-8,tiny
48117,TX,2022,13869,-20,small
48119,TX,2022,3774,42,tiny
48121,TX,2022,756161,12712,very large
48123,TX,2022,14033,23,small
48125,TX,2022,1262,1,tiny
48127,TX,2022,7055,-58,tiny
48129,TX,2022,2131,-1,tiny
48131,TX,2022,7599,47,tiny
48133,TX,2022,12609,36,small
48135,TX,2022,134589,-963,large
48137,TX,2022,1213,0,tiny
48139,TX,2022,162021,4496,large
48141,TX,2022,693017,259,very large
48143,TX,2022,27641,-3,small
48145,TX,2022,11189,53,small
48147,TX,2022,24390,386,small
48149,TX,2022,20164,209,small
48151,TX,2022,2653,-2,tiny
48153,TX,2022,4227,-20,tiny
48155,TX,2022,767,2,tiny
48157,TX,2022,715427,10336,very large
48159,TX,2022,7573,25,tiny
48161,TX,2022,13233,8,small
48163,TX,2022,11759,-29,small
48165,TX,2022,21191,-24,small
48167,TX,2022,269401,1873,large
48169,TX,2022,3164,0,tiny
48171,TX,2022,22499,134,small
48173,TX,2022,1153,-2,tiny
48175,TX,2022,5570,-5,tiny
48177,TX,2022,16517,9,small
48179,TX,2022,15187,-10,small
48181,TX,2022,106278,1254,large
48183,TX,2022,91663,-82,medium
48185,TX,2022,21376,340,small
48187,TX,2022,143042,1222,large
48189,TX,2022,22932,47,small
48191,TX,2022,1948,-1,tiny
48193,TX,2022,6299,2,tiny
48195,TX,2022,4485,1,tiny
48197,TX,2022,2471,9,tiny
48199,TX,2022,44451,366,small
48201,TX,2022,3569628,-22247,enormous
48203,TX,2022,50825,86,medium
48205,TX,2022,3181,8,tiny
48207,TX,2022,3435,0,tiny
48209,TX,2022,185334,4190,large
48211,TX,2022,2993,2,tiny
48213,TX,2022,58472,699,medium
48215,TX,2022,693432,187,very large
48217,TX,2022,27210,210,small
48219,TX,2022,16913,-30,small
48221,TX,2022,48787,716,small
48223,TX,2022,28574,94,small
48225,TX,2022,13924,40,small
48227,TX,2022,22556,-104,small
48229,TX,2022,2483,106,tiny
48231,TX,2022,74285,1304,medium
48233,TX,2022,15222,-40,small
48235,TX,2022,1285,4,tiny
48237,TX,2022,5870,50,tiny
48239,TX,2022,12002,41,small
48241,TX,2022,23689,122,small
48243,TX,2022,1519,-4,tiny
48245,TX,2022,174498,-835,large
48247,TX,2022,3866,9,tiny
48249,TX,2022,29350,-83,small
48251,TX,2022,145278,2704,large
48253,TX,2022,11136,28,small
48255,TX,2022,9762,-14,tiny
48257,TX,2022,118758,5801,large
48259,TX,2022,38510,857,small
48261,TX,2022,205,5,tiny
48263,TX,2022,552,0,tiny
48265,TX,2022,40243,94,small
48267,TX,2022,3168,-3,tiny
48269,TX,2022,203,0,tiny
48271,TX,2022,2252,3,tiny
48273,TX,2022,21692,12,small
48275,TX,2022,2554,-4,tiny
48277,TX,2022,37128,140,small
48279,TX,2022,9412,-31,tiny
48281,TX,2022,16419,166,small
48283,TX,2022,4444,-27,tiny
48285,TX,2022,16844,24,small
48287,TX,2022,14286,96,small
48289,TX,2022,12758,102,small
48291,TX,2022,67143,2461,medium
48293,TX,2022,15491,74,small
48295,TX,2022,2362,-3,tiny
48297,TX,2022,8354,54,tiny
48299,TX,2022,14622,289,small
48301,TX,2022,79,0,tiny
48303,TX,2022,227534,56,large
48305,TX,2022,4686,27,tiny
48307,TX,2022,5592,-2,tiny
48309,TX,2022,194535,321,large
48311,TX,2022,616,2,tiny
48313,TX,2022,9193,46,tiny
48315,TX,2022,6199,29,tiny
48317,TX,2022,4290,-6,tiny
48319,TX,2022,3478,0,tiny
48321,TX,2022,28659,-52,small
48323,TX,2022,54357,-194,medium
48325,TX,2022,39607,615,small
48327,TX,2022,1485,3,tiny
48329,TX,2022,146274,-850,large
48331,TX,2022,17857,203,small
48333,TX,2022,3515,-3,tiny
48335,TX,2022,4765,4,tiny
48337,TX,2022,14828,192,small
48339,TX,2022,511711,7678,very large
48341,TX,2022,17029,-5,small
48343,TX,2022,8672,28,tiny
48345,TX,2022,826,0,tiny
48347,TX,2022,43288,-29,small
48349,TX,2022,38231,398,small
48351,TX,2022,8293,-7,tiny
48353,TX,2022,11028,1,small
48355,TX,2022,259587,-854,large
48357,TX,2022,8295,-18,tiny
48359,TX,2022,1627,-1,tiny
48361,TX,2022,61585,7,medium
48363,TX,2022,20785,79,small
48365,TX,2022,16952,48,small
48367,TX,2022,125425,2676,large
48369,TX,2022,7209,-28,tiny
48371,TX,2022,11029,-3,small
48373,TX,2022,40541,544,small
48375,TX,2022,80488,-351,medium
48377,TX,2022,6456,-11,tiny
48379,TX,2022,8341,179,tiny
48381,TX,2022,109863,402,large
48383,TX,2022,3123,-29,tiny
48385,TX,2022,2699,-16,tiny
48387,TX,2022,8272,2,tiny
48389,TX,2022,9786,-29,tiny
48391,TX,2022,5004,46,tiny
48393,TX,2022,688,1,tiny
48395,TX,2022,12920,44,small
48397,TX,2022,91530,2834,medium
48399,TX,2022,7842,22,tiny
48401,TX,2022,36086,142,small
48403,TX,2022,6782,63,tiny
48405,TX,2022,5279,17,tiny
48407,TX,2022,18639,334,small
48409,TX,2022,53274,-57,medium
48411,TX,2022,4111,-2,tiny
48413,TX,2022,1883,-11,tiny
48415,TX,2022,12492,-47,small
48417,TX,2022,2497,5,tiny
48419,TX,2022,18245,-12,small
48421,TX,2022,2079,4,tiny
48423,TX,2022,180965,602,large
48425,TX,2022,7184,54,tiny
48427,TX,2022,55680,-103,medium
48429,TX,2022,6118,-10,tiny
48431,TX,2022,1101,-1,tiny
48433,TX,2022,1006,0,tiny
48435,TX,2022,2902,11,tiny
48437,TX,2022,4893,20,tiny
48439,TX,2022,1683034,7083,enormous
48441,TX,2022,105456,-28,large
48443,TX,2022,526,0,tiny
48445,TX,2022,9105,-22,tiny
48447,TX,2022,1028,0,tiny
48449,TX,2022,25949,-50,small
48451,TX,2022,89276,-266,medium
48453,TX,2022,951872,-22268,very large
48455,TX,2022,9672,84,tiny
48457,TX,2022,13038,80,small
48459,TX,2022,30280,164,small
48461,TX,2022,2639,-1,tiny
48463,TX,2022,20632,-43,small
48465,TX,2022,41216,60,small
48467,TX,2022,41959,617,small
48469,TX,2022,71339,-241,medium
48471,TX,2022,37604,14,small
48473,TX,2022,40599,1140,small
48475,TX,2022,9342,-50,tiny
48477,TX,2022,27487,202,small
48479,TX,2022,233757,-1121,large
48481,TX,2022,34727,103,small
48483,TX,2022,3713,-3,tiny
48485,TX,2022,88798,-15,medium
48487,TX,2022,9205,-22,tiny
48489,TX,2022,13760,-23,small
48491,TX,2022,525990,13527,very large
48493,TX,2022,42088,457,small
48495,TX,2022,6147,-17,tiny
48497,TX,2022,56532,928,medium
48499,TX,2022,33074,277,small
48501,TX,2022,7368,-6,tiny
48503,TX,2022,13371,-28,small
48505,TX,2022,10516,7,small
48507,TX,2022,8038,-22,tiny
55001,WI,2022,14524,147,small
55003,WI,2022,11970,-76,small
55005,WI,2022,38556,29,small
55007,WI,2022,12600,95,small
55009,WI,2022,225149,-98,large
55011,WI,2022,11079,68,small
55013,WI,2022,12517,259,small
55015,WI,2022,45539,-112,small
55017,WI,2022,54802,207,medium
55019,WI,2022,31031,-25,small
55021,WI,2022,48232,401,small
55023,WI,2022,12834,11,small
55025,WI,2022,447905,-1779,large
55027,WI,2022,68760,206,medium
55029,WI,2022,24919,129,small
55031,WI,2022,32720,89,small
55033,WI,2022,33704,-33,small
55035,WI,2022,79606,-129,medium
55037,WI,2022,3459,4,tiny
55039,WI,2022,84565,131,medium
55041,WI,2022,6937,29,tiny
55043,WI,2022,39443,-97,small
55045,WI,2022,31774,134,small
55047,WI,2022,15405,58,small
55049,WI,2022,20104,36,small
55051,WI,2022,4600,22,tiny
55053,WI,2022,15156,24,small
55055,WI,2022,67631,293,medium
55057,WI,2022,20193,75,small
55059,WI,2022,132663,711,large
55061,WI,2022,17186,30,small
55063,WI,2022,92746,-171,medium
55065,WI,2022,14677,38,small
55067,WI,2022,15301,52,small
55069,WI,2022,22444,57,small
55071,WI,2022,65526,171,medium
55073,WI,2022,119194,-55,large
55075,WI,2022,31789,47,small
55077,WI,2022,12516,66,small
55078,WI,2022,3380,-13,tiny
55079,WI,2022,684059,-4109,very large
55081,WI,2022,37276,-44,small
55083,WI,2022,32265,308,small
55085,WI,2022,30833,200,small
55087,WI,2022,161926,162,large
55089,WI,2022,79233,754,medium
55091,WI,2022,6181,-7,tiny
55093,WI,2022,32128,117,small
55095,WI,2022,37026,316,small
55097,WI,2022,55814,-57,medium
55099,WI,2022,11095,44,small
55101,WI,2022,157455,431,large
55103,WI,2022,13701,20,small
55105,WI,2022,132066,451,large
55107,WI,2022,11128,21,small
55109,WI,2022,80905,713,medium
55111,WI,2022,54922,165,medium
55113,WI,2022,13224,72,small
55115,WI,2022,33118,49,small
55117,WI,2022,98878,138,medium
55119,WI,2022,16738,-8,small
55121,WI,2022,24958,-24,small
55123,WI,2022,24774,22,small
55125,WI,2022,17865,137,small
55127,WI,2022,80699,617,medium
55129,WI,2022,13174,50,small
55131,WI,2022,120470,809,large
55133,WI,2022,359573,2816,large
55135,WI,2022,40989,56,small
55137,WI,2022,18702,118,small
55139,WI,2022,134791,-65,large
55141,WI,2022,60776,-1,medium
12001,FL,2023,178589,-836,large
12003,FL,2023,20646,239,small
12005,FL,2023,119096,-2061,large
12007,FL,2023,17221,104,small
12009,FL,2023,481473,5659,large
12011,FL,2023,1509993,-3800,enormous
12013,FL,2023,7897,-30,tiny
12015,FL,2023,139284,2593,large
12017,FL,2023,108584,1466,large
12019,FL,2023,180068,1452,large
12021,FL,2023,313430,5550,large
12023,FL,2023,47785,478,small
12027,FL,2023,22464,117,small
12029,FL,2023,8668,-15,tiny
12031,FL,2023,740210,3172,very large
12033,FL,2023,228312,26,large
12035,FL,2023,92822,1441,medium
12037,FL,2023,7117,-16,tiny
12039,FL,2023,30442,50,small
12041,FL,2023,11771,105,small
12043,FL,2023,6820,-4,tiny
12045,FL,2023,8679,35,tiny
12047,FL,2023,7628,4,tiny
12049,FL,2023,17838,24,small
12051,FL,2023,28587,270,small
12053,FL,2023,145055,2571,large
12055,FL,2023,69675,580,medium
12057,FL,2023,1151928,10392,enormous
12059,FL,2023,11258,-4,small
12061,FL,2023,126114,1741,large
12063,FL,2023,28557,-104,small
12065,FL,2023,9395,51,tiny
12067,FL,2023,4448,-29,tiny
12069,FL,2023,302160,5891,large
12071,FL,2023,606152,10030,very large
12073,FL,2023,193904,-296,large
12075,FL,2023,28627,443,small
12077,FL,2023,4230,25,tiny
12079,FL,2023,11558,16,small
12081,FL,2023,316627,4290,large
12083,FL,2023,275503,4201,large
12085,FL,2023,121977,1203,large
12086,FL,2023,2111278,-16537,enormous
12087,FL,2023,57893,-594,medium
12089,FL,2023,76942,1221,medium
12091,FL,2023,169647,-127,large
12093,FL,2023,26285,311,small
12095,FL,2023,1103725,-5970,enormous
12097,FL,2023,329642,4327,large
12099,FL,2023,1169131,7769,enormous
12101,FL,2023,435519,10803,large
12103,FL,2023,702949,4596,very large
12105,FL,2023,566370,13390,very large
12107,FL,2023,48999,360,small
12109,FL,2023,252310,6719,large
12111,FL,2023,256594,7114,large
12113,FL,2023,149605,883,large
12115,FL,2023,330579,7045,large
12117,FL,2023,368101,1036,large
12119,FL,2023,109936,572,large
12121,FL,2023,28998,227,small
12123,FL,2023,13138,-56,small
12125,FL,2023,8479,63,tiny
12127,FL,2023,413891,6145,large
12129,FL,2023,24134,396,small
12131,FL,2023,60039,614,medium
12133,FL,2023,16294,90,small
13001,GA,2023,12452,-7,small
13003,GA,2023,5101,3,tiny
13005,GA,2023,7098,-8,tiny
13007,GA,2023,1632,-72,tiny
13009,GA,2023,25462,20,small
13011,GA,2023,12420,157,small
13013,GA,2023,65534,1392,medium
13015,GA,2023,79023,884,medium
13017,GA,2023,10265,-10,small
13019,GA,2023,11749,19,small
13021,GA,2023,98537,20,medium
13023,GA,2023,8116,2,tiny
13025,GA,2023,12024,46,small
13027,GA,2023,9432,-22,tiny
13029,GA,2023,35276,630,small
13031,GA,2023,46107,162,small
13033,GA,2023,15694,5,small
13035,GA,2023,16024,380,small
13037,GA,2023,2810,-23,tiny
13039,GA,2023,39042,118,small
13043,GA,2023,7014,-5,tiny
13045,GA,2023,80893,982,medium
13047,GA,2023,48079,202,small
13049,GA,2023,6188,73,tiny
13051,GA,2023,186045,-425,large
13053,GA,2023,4086,-148,tiny
13055,GA,2023,15934,3,small
13057,GA,2023,219744,3712,large
13059,GA,2023,67223,-520,medium
13061,GA,2023,1741,-16,tiny
13063,GA,2023,189019,1347,large
13065,GA,2023,4251,-27,tiny
13067,GA,2023,547013,-230,very large
13069,GA,2023,26607,-48,small
13071,GA,2023,29327,219,small
13073,GA,2023,129933,1056,large
13075,GA,2023,10770,18,small
13077,GA,2023,112106,1562,large
13079,GA,2023,8144,83,tiny
13081,GA,2023,12516,108,small
13083,GA,2023,10320,-9,small
13085,GA,2023,19681,520,small
13087,GA,2023,17408,13,small
13089,GA,2023,502045,-4733,very large
13091,GA,2023,11991,-10,small
13093,GA,2023,5267,-36,tiny
13095,GA,2023,49070,-436,small
13097,GA,2023,101398,1333,large
13099,GA,2023,6486,17,tiny
13101,GA,2023,2361,22,tiny
13103,GA,2023,52830,688,medium
13105,GA,2023,13129,76,small
13107,GA,2023,14678,-32,small
13109,GA,2023,6991,-2,tiny
13111,GA,2023,18418,147,small
13113,GA,2023,95062,933,medium
13115,GA,2023,67933,253,medium
13117,GA,2023,235218,2333,large
13119,GA,2023,16024,102,small
13121,GA,2023,753269,1796,very large
13123,GA,2023,22588,135,small
13125,GA,2023,1874,-8,tiny
13127,GA,2023,59851,-73,medium
13129,GA,2023,40712,246,small
13131,GA,2023,15607,-190,small
13133,GA,2023,14265,306,small
13135,GA,2023,732321,4778,very large
13137,GA,2023,32482,171,small
13139,GA,2023,159118,1983,large
13141,GA,2023,4440,8,tiny
13143,GA,2023,21082,227,small
13145,GA,2023,26990,714,small
13147,GA,2023,18014,127,small
13149,GA,2023,7223,63,tiny
13151,GA,2023,177079,4749,large
13153,GA,2023,121017,933,large
13155,GA,2023,5758,15,tiny
13157,GA,2023,61822,1688,medium
13159,GA,2023,10282,338,small
13161,GA,2023,9355,39,tiny
13163,GA,2023,10672,4,small
13165,GA,2023,4643,36,tiny
13167,GA,2023,5024,-25,tiny
13169,GA,2023,20076,77,small
13171,GA,2023,12216,186,small
13173,GA,2023,5893,-28,tiny
13175,GA,2023,34074,-91,small
13177,GA,2023,24122,264,small
13179,GA,2023,40192,128,small
13181,GA,2023,5486,52,tiny
13183,GA,2023,11859,83,small
13185,GA,2023,76005,409,medium
13187,GA,2023,21125,183,small
13189,GA,2023,15374,-33,small
13191,GA,2023,7067,31,tiny
13193,GA,2023,6413,-6,tiny
13195,GA,2023,22342,379,small
13197,GA,2023,4492,-11,tiny
13199,GA,2023,12965,210,small
13201,GA,2023,3636,-25,tiny
13205,GA,2023,12791,-100,small
13207,GA,2023,19888,363,small
13209,GA,2023,4984,40,tiny
13211,GA,2023,15425,295,small
13213,GA,2023,27367,-10,small
13215,GA,2023,125338,-47,large
13217,GA,2023,79212,1412,medium
13219,GA,2023,37957,368,small
13221,GA,2023,10397,183,small
13223,GA,2023,133991,2666,large
13225,GA,2023,17163,26,small
13227,GA,2023,25524,410,small
13229,GA,2023,13551,3,small
13231,GA,2023,14579,322,small
13233,GA,2023,29270,249,small
13235,GA,2023,5089,3,tiny
13237,GA,2023,15115,304,small
13239,GA,2023,1252,-10,tiny
13241,GA,2023,12197,159,small
13243,GA,2023,3717,30,tiny
13245,GA,2023,124222,-384,large
13247,GA,2023,59175,754,medium
13249,GA,2023,3358,-30,tiny
13251,GA,2023,8957,16,tiny
13253,GA,2023,4752,5,tiny
13255,GA,2023,44882,656,small
13257,GA,2023,18264,36,small
13259,GA,2023,2137,-37,tiny
13261,GA,2023,17370,-4,small
13263,GA,2023,3510,28,tiny
13265,GA,2023,888,-7,tiny
13267,GA,2023,13440,-57,small
13269,GA,2023,5189,-32,tiny
13271,GA,2023,5887,-27,tiny
13273,GA,2023,5469,23,tiny
13275,GA,2023,30747,-10,small
13277,GA,2023,28070,78,small
13279,GA,2023,17492,-81,small
13281,GA,2023,8838,25,tiny
13283,GA,2023,4086,8,tiny
13285,GA,2023,45732,-36,small
13287,GA,2023,5514,26,tiny
13289,GA,2023,5166,-18,tiny
13291,GA,2023,18970,183,small
13293,GA,2023,17870,125,small
13295,GA,2023,44217,81,small
13297,GA,2023,74818,1895,medium
13299,GA,2023,22602,-10,small
13301,GA,2023,3295,7,tiny
13303,GA,2023,12822,14,small
13305,GA,2023,19095,-22,small
13307,GA,2023,1451,-17,tiny
13309,GA,2023,3190,-6,tiny
13311,GA,2023,20425,150,small
13313,GA,2023,76463,18,medium
13315,GA,2023,4222,-24,tiny
13317,GA,2023,6296,3,tiny
13319,GA,2023,5746,-41,tiny
13321,GA,2023,12689,-119,small
19001,IA,2023,5813,-9,tiny
19003,IA,2023,2964,-8,tiny
19005,IA,2023,11797,-18,small
19007,IA,2023,9278,-28,tiny
19009,IA,2023,4432,10,tiny
19011,IA,2023,20938,121,small
19013,IA,2023,96977,-319,medium
19015,IA,2023,21650,-21,small
19017,IA,2023,21146,-34,small
19019,IA,2023,18798,61,small
19021,IA,2023,16971,-90,small
19023,IA,2023,12065,-15,small
19025,IA,2023,7569,-5,tiny
19027,IA,2023,17805,0,small
19029,IA,2023,9984,25,tiny
19031,IA,2023,15407,77,small
19033,IA,2023,32284,11,small
19035,IA,2023,9458,34,tiny
19037,IA,2023,10096,-50,small
19039,IA,2023,7257,-18,tiny
19041,IA,2023,12914,11,small
19043,IA,2023,14700,62,small
19045,IA,2023,35883,95,small
19047,IA,2023,13801,-12,small
19049,IA,2023,96438,917,medium
19051,IA,2023,8637,-1,tiny
19053,IA,2023,5223,-5,tiny
19055,IA,2023,15216,58,small
19057,IA,2023,29982,-199,small
19059,IA,2023,14623,40,small
19061,IA,2023,81316,-290,medium
19063,IA,2023,6906,-31,tiny
19065,IA,2023,14791,-30,small
19067,IA,2023,13012,-43,small
19069,IA,2023,7321,3,tiny
19071,IA,2023,5245,35,tiny
19073,IA,2023,6858,-45,tiny
19075,IA,2023,10452,52,small
19077,IA,2023,8755,4,tiny
19079,IA,2023,11816,-12,small
19081,IA,2023,8666,-27,tiny
19083,IA,2023,13244,10,small
19085,IA,2023,11673,88,small
19087,IA,2023,14984,-7,small
19089,IA,2023,8080,-30,tiny
19091,IA,2023,7813,-4,tiny
19093,IA,2023,5726,-18,tiny
19095,IA,2023,14447,18,small
19097,IA,2023,16319,-15,small
19099,IA,2023,29602,109,small
19101,IA,2023,11193,-32,small
19103,IA,2023,113199,-665,large
19105,IA,2023,15753,63,small
19107,IA,2023,7754,-10,tiny
19109,IA,2023,12528,-67,small
19111,IA,2023,25170,-92,small
19113,IA,2023,187664,-145,large
19115,IA,2023,8590,0,tiny
19117,IA,2023,7339,4,tiny
19119,IA,2023,11429,-5,small
19121,IA,2023,14076,131,small
19123,IA,2023,17173,-29,small
19125,IA,2023,27773,-15,small
19127,IA,2023,32161,-148,small
19129,IA,2023,11865,85,small
19131,IA,2023,8981,48,tiny
19133,IA,2023,6835,-18,tiny
19135,IA,2023,6000,36,tiny
19137,IA,2023,7550,-17,tiny
19139,IA,2023,35391,-38,small
19141,IA,2023,11577,-10,small
19143,IA,2023,4884,-7,tiny
19145,IA,2023,10474,48,small
19147,IA,2023,7022,46,tiny
19149,IA,2023,22129,38,small
19151,IA,2023,5397,8,tiny
19153,IA,2023,413642,-1193,large
19155,IA,2023,71854,58,medium
19157,IA,2023,13669,58,small
19159,IA,2023,3636,3,tiny
19161,IA,2023,8255,3,tiny
19163,IA,2023,139084,-42,large
19165,IA,2023,9826,15,tiny
19167,IA,2023,31805,-8,small
19169,IA,2023,61509,-75,medium
19171,IA,2023,13843,-25,small
19173,IA,2023,4660,-35,tiny
19175,IA,2023,9156,6,tiny
19177,IA,2023,5848,39,tiny
19179,IA,2023,25472,-123,small
19181,IA,2023,46323,406,small
19183,IA,2023,19158,14,small
19185,IA,2023,5910,-24,tiny
19187,IA,2023,26095,-24,small
19189,IA,2023,8209,-16,tiny
19191,IA,2023,16097,15,small
19193,IA,2023,81491,-81,medium
19195,IA,2023,6003,-11,tiny
19197,IA,2023,9912,-62,tiny
23001,ME,2023,82436,156,medium
23003,ME,2023,47934,1,small
23005,ME,2023,244938,1069,large
23007,ME,2023,20570,-24,small
23009,ME,2023,42003,25,small
23011,ME,2023,93999,579,medium
23013,ME,2023,30789,-31,small
23015,ME,2023,27418,206,small
23017,ME,2023,41968,513,small
23019,ME,2023,108968,19,large
23021,ME,2023,11515,-62,small
23023,ME,2023,29147,118,small
23025,ME,2023,35993,-35,small
23027,ME,2023,29896,21,small
23029,ME,2023,22121,40,small
23031,ME,2023,172153,1840,large
26001,MI,2023,7350,85,tiny
26003,MI,2023,6445,2,tiny
26005,MI,2023,103445,424,large
26007,MI,2023,21973,29,small
26009,MI,2023,17847,52,small
26011,MI,2023,11250,58,small
26013,MI,2023,5427,-13,tiny
26015,MI,2023,52161,363,medium
26017,MI,2023,81391,-172,medium
26019,MI,2023,14280,77,small
26021,MI,2023,117386,559,large
26023,MI,2023,32827,-34,small
26025,MI,2023,99282,216,medium
26027,MI,2023,39337,143,small
26029,MI,2023,21325,58,small
26031,MI,2023,19475,203,small
26033,MI,2023,25256,-21,small
26035,MI,2023,22308,212,small
26037,MI,2023,66621,-57,medium
26039,MI,2023,9662,40,tiny
26041,MI,2023,28204,60,small
26043,MI,2023,20394,-69,small
26045,MI,2023,85927,194,medium
26047,MI,2023,27828,67,small
26049,MI,2023,298623,864,large
26051,MI,2023,18483,186,small
26053,MI,2023,10032,-22,small
26055,MI,2023,78768,249,medium
26057,MI,2023,27833,-54,small
26059,MI,2023,35213,76,small
26061,MI,2023,27607,-93,small
26063,MI,2023,25754,77,small
26065,MI,2023,192953,-330,large
26067,MI,2023,49215,242,small
26069,MI,2023,18133,82,small
26071,MI,2023,8653,-6,tiny
26073,MI,2023,42440,18,small
26075,MI,2023,116981,228,large
26077,MI,2023,202390,-334,large
26079,MI,2023,13788,11,small
26081,MI,2023,545643,-1634,very large
26083,MI,2023,1654,8,tiny
26085,MI,2023,7034,12,tiny
26087,MI,2023,71253,349,medium
26089,MI,2023,18748,58,small
26091,MI,2023,76664,252,medium
26093,MI,2023,169013,787,large
26095,MI,2023,3954,5,tiny
26097,MI,2023,8483,-9,tiny
26099,MI,2023,719853,-451,very large
26101,MI,2023,18236,68,small
26103,MI,2023,48869,30,small
26105,MI,2023,23597,69,small
26107,MI,2023,27837,106,small
26109,MI,2023,17275,-46,small
26111,MI,2023,67608,-12,medium
26113,MI,2023,11977,25,small
26115,MI,2023,124373,1100,large
26117,MI,2023,48294,251,small
26119,MI,2023,6743,83,tiny
26121,MI,2023,133250,322,large
26123,MI,2023,38772,252,small
26125,MI,2023,1037106,-3919,enormous
26127,MI,2023,21154,108,small
26129,MI,2023,15005,174,small
26131,MI,2023,3907,9,tiny
26133,MI,2023,17463,32,small
26135,MI,2023,6325,22,tiny
26137,MI,2023,20319,111,small
26139,MI,2023,254173,609,large
26141,MI,2023,10043,56,small
26143,MI,2023,16390,219,small
26145,MI,2023,140961,460,large
26147,MI,2023,128715,470,large
26149,MI,2023,48719,52,small
26151,MI,2023,32705,169,small
26153,MI,2023,6231,-47,tiny
26155,MI,2023,52770,204,medium
26157,MI,2023,41859,131,small
26159,MI,2023,58403,293,medium
26161,MI,2023,265930,-1861,large
26163,MI,2023,1266291,-297,enormous
26165,MI,2023,26385,124,small
27001,MN,2023,11696,61,small
27003,MN,2023,311600,2582,large
27005,MN,2023,29707,49,small
27007,MN,2023,35620,115,small
27009,MN,2023,33508,-65,small
27011,MN,2023,4179,-7,tiny
27013,MN,2023,50384,-378,medium
27015,MN,2023,21833,18,small
27017,MN,2023,28092,85,small
27019,MN,2023,99598,1059,medium
27021,MN,2023,23737,291,small
27023,MN,2023,10064,-12,small
27025,MN,2023,48232,576,small
27027,MN,2023,53094,64,medium
27029,MN,2023,6771,34,tiny
27031,MN,2023,4493,29,tiny
27033,MN,2023,9254,60,tiny
27035,MN,2023,53958,450,medium
27037,MN,2023,382646,2127,large
27039,MN,2023,18912,43,small
27041,MN,2023,34487,142,small
27043,MN,2023,10724,28,small
27045,MN,2023,17887,42,small
27047,MN,2023,24151,110,small
27049,MN,2023,39418,342,small
27051,MN,2023,5048,35,tiny
27053,MN,2023,1045458,-7087,enormous
27055,MN,2023,16052,63,small
27057,MN,2023,17706,-31,small
27059,MN,2023,34572,751,small
27061,MN,2023,35594,150,small
27063,MN,2023,8349,1,tiny
27065,MN,2023,12140,151,small
27067,MN,2023,38190,-104,small
27069,MN,2023,3736,-2,tiny
27071,MN,2023,8647,5,tiny
27073,MN,2023,5473,30,tiny
27075,MN,2023,8541,55,tiny
27077,MN,2023,3160,-17,tiny
27079,MN,2023,25415,17,small
27081,MN,2023,4785,-23,tiny
27083,MN,2023,20947,-44,small
27085,MN,2023,31823,168,small
27087,MN,2023,4235,-22,tiny
27089,MN,2023,7552,9,tiny
27091,MN,2023,16422,24,small
27093,MN,2023,20617,69,small
27095,MN,2023,20480,278,small
27097,MN,2023,28565,128,small
27099,MN,2023,33161,8,small
27101,MN,2023,6964,31,tiny
27103,MN,2023,27274,22,small
27105,MN,2023,18760,-71,small
27107,MN,2023,5334,-2,tiny
27109,MN,2023,141032,-285,large
27111,MN,2023,51977,135,medium
27113,MN,2023,11239,0,small
27115,MN,2023,21215,288,small
27117,MN,2023,8032,11,tiny
27119,MN,2023,25011,-104,small
27121,MN,2023,10027,6,small
27123,MN,2023,439907,-4194,large
27125,MN,2023,3290,19,tiny
27127,MN,2023,12962,22,small
27129,MN,2023,11977,-32,small
27131,MN,2023,53349,150,medium
27133,MN,2023,8445,26,tiny
27135,MN,2023,13401,24,small
27137,MN,2023,148743,-205,large
27139,MN,2023,134710,1440,large
27141,MN,2023,83665,979,medium
27143,MN,2023,12550,-20,small
27145,MN,2023,133167,-149,large
27147,MN,2023,32582,-62,small
27149,MN,2023,9332,-30,tiny
27151,MN,2023,7496,14,tiny
27153,MN,2023,20941,-4,small
27155,MN,2023,2559,-2,tiny
27157,MN,2023,18227,28,small
27159,MN,2023,11670,9,small
27161,MN,2023,15130,73,small
27163,MN,2023,237015,3485,large
27165,MN,2023,8552,-23,tiny
27167,MN,2023,5321,-6,tiny
27169,MN,2023,36819,-159,small
27171,MN,2023,131283,1809,large
27173,MN,2023,7956,-28,tiny
31001,NE,2023,25083,-52,small
31003,NE,2023,5418,16,tiny
31005,NE,2023,371,0,tiny
31007,NE,2023,588,2,tiny
31009,NE,2023,379,0,tiny
31011,NE,2023,4825,8,tiny
31013,NE,2023,8788,-32,tiny
31015,NE,2023,1478,1,tiny
31017,NE,2023,2460,2,tiny
31019,NE,2023,40593,-28,small
31021,NE,2023,5582,9,tiny
31023,NE,2023,7211,30,tiny
31025,NE,2023,22709,224,small
31027,NE,2023,7962,12,tiny
31029,NE,2023,3147,0,tiny
31031,NE,2023,4765,-4,tiny
31033,NE,2023,6860,17,tiny
31035,NE,2023,4983,14,tiny
31037,NE,2023,9737,-70,tiny
31039,NE,2023,8073,-38,tiny
31041,NE,2023,9107,-20,tiny
31043,NE,2023,18164,-108,small
31045,NE,2023,5707,19,tiny
31047,NE,2023,21382,-84,small
31049,NE,2023,1378,-4,tiny
31051,NE,2023,4724,-13,tiny
31053,NE,2023,29026,-23,small
31055,NE,2023,488039,-1373,large
31057,NE,2023,1231,0,tiny
31059,NE,2023,4820,3,tiny
31061,NE,2023,2367,-2,tiny
31063,NE,2023,1922,-3,tiny
31065,NE,2023,3931,-2,tiny
31067,NE,2023,17505,51,small
31069,NE,2023,1342,0,tiny
31071,NE,2023,1440,-14,tiny
31073,NE,2023,1612,11,tiny
31075,NE,2023,623,1,tiny
31077,NE,2023,1936,7,tiny
31079,NE,2023,53143,-237,medium
31081,NE,2023,8655,0,tiny
31083,NE,2023,2583,-8,tiny
31085,NE,2023,820,0,tiny
31087,NE,2023,2147,4,tiny
31089,NE,2023,9091,8,tiny
31091,NE,2023,559,1,tiny
31093,NE,2023,5706,-2,tiny
31095,NE,2023,5723,20,tiny
31097,NE,2023,3416,-14,tiny
31099,NE,2023,5948,19,tiny
31101,NE,2023,6458,-3,tiny
31103,NE,2023,681,3,tiny
31105,NE,2023,2496,2,tiny
31107,NE,2023,7128,-29,tiny
31109,NE,2023,266457,-778,large
31111,NE,2023,27592,-65,small
31113,NE,2023,621,2,tiny
31115,NE,2023,494,0,tiny
31117,NE,2023,367,0,tiny
31119,NE,2023,29130,-48,small
31121,NE,2023,6458,30,tiny
31123,NE,2023,3568,-1,tiny
31125,NE,2023,2750,-16,tiny
31127,NE,2023,5493,0,tiny
31129,NE,2023,3310,1,tiny
31131,NE,2023,13822,59,small
31133,NE,2023,2120,-9,tiny
31135,NE,2023,2550,3,tiny
31137,NE,2023,7792,0,tiny
31139,NE,2023,6482,15,tiny
31141,NE,2023,31182,-58,small
31143,NE,2023,4576,4,tiny
31145,NE,2023,8293,24,tiny
31147,NE,2023,6108,-13,tiny
31149,NE,2023,1255,-24,tiny
31151,NE,2023,11833,-72,small
31153,NE,2023,167123,768,large
31155,NE,2023,19573,285,small
31157,NE,2023,27668,1,small
31159,NE,2023,14906,61,small
31161,NE,2023,3877,-11,tiny
31163,NE,2023,2480,0,tiny
31165,NE,2023,841,-3,tiny
31167,NE,2023,5014,-14,tiny
31169,NE,2023,4324,-38,tiny
31171,NE,2023,536,4,tiny
31173,NE,2023,5832,-31,tiny
31175,NE,2023,3563,-2,tiny
31177,NE,2023,18489,230,small
31179,NE,2023,6462,-23,tiny
31181,NE,2023,2587,3,tiny
31183,NE,2023,641,-2,tiny
31185,NE,2023,11603,-8,small
32001,NV,2023,19252,255,small
32003,NV,2023,1806873,22550,enormous
32005,NV,2023,41496,813,small
32007,NV,2023,43925,-210,small
32009,NV,2023,534,-7,tiny
32011,NV,2023,1341,7,tiny
32013,NV,2023,13881,-34,small
32015,NV,2023,4194,-4,tiny
32017,NV,2023,3341,32,tiny
32019,NV,2023,49747,1190,small
32021,NV,2023,2922,26,tiny
32023,NV,2023,31842,1178,small
32027,NV,2023,3440,14,tiny
32029,NV,2023,3045,93,tiny
32031,NV,2023,398636,4762,large
32033,NV,2023,6546,39,tiny
32510,NV,2023,43751,361,small
33001,NH,2023,50689,712,medium
33003,NH,2023,39308,697,small
33005,NH,2023,58279,683,medium
33007,NH,2023,21908,161,small
33009,NH,2023,65553,386,medium
33011,NH,2023,344298,1465,large
33013,NH,2023,119936,1129,large
33015,NH,2023,268021,2573,large
33017,NH,2023,98406,724,medium
33019,NH,2023,33333,108,small
37001,NC,2023,127731,1625,large
37003,NC,2023,26508,68,small
37005,NC,2023,7418,28,tiny
37007,NC,2023,14645,45,small
37009,NC,2023,18542,93,small
37011,NC,2023,11203,-32,small
37013,NC,2023,32203,13,small
37015,NC,2023,11310,-36,small
37017,NC,2023,19040,-45,small
37019,NC,2023,113505,2600,large
37021,NC,2023,196734,924,large
37023,NC,2023,61327,270,medium
37025,NC,2023,181957,2563,large
37027,NC,2023,56958,86,medium
37029,NC,2023,8316,123,tiny
37031,NC,2023,49376,343,small
37033,NC,2023,14533,112,small
37035,NC,2023,120146,1,large
37037,NC,2023,64792,817,medium
37039,NC,2023,19670,4,small
37041,NC,2023,9574,-68,tiny
37043,NC,2023,7884,11,tiny
37045,NC,2023,71604,450,medium
37047,NC,2023,33665,-31,small
37049,NC,2023,72278,18,medium
37051,NC,2023,224272,-619,large
37053,NC,2023,22546,632,small
37055,NC,2023,30587,127,small
37057,NC,2023,127752,878,large
37059,NC,2023,34036,272,small
37061,NC,2023,32829,1353,small
37063,NC,2023,218665,-1074,large
37065,NC,2023,30756,-146,small
37067,NC,2023,282325,542,large
37069,NC,2023,52018,1323,medium
37071,NC,2023,166275,1710,large
37073,NC,2023,7410,48,tiny
37075,NC,2023,5945,-6,tiny
37077,NC,2023,43873,585,small
37079,NC,2023,12237,72,small
37081,NC,2023,397574,240,large
37083,NC,2023,31592,-161,small
37085,NC,2023,95402,662,medium
37087,NC,2023,47425,284,small
37089,NC,2023,89114,625,medium
37091,NC,2023,12588,-44,small
37093,NC,2023,36028,350,small
37095,NC,2023,2929,-5,tiny
37097,NC,2023,149570,1521,large
37099,NC,2023,25216,-128,small
37101,NC,2023,174181,3772,large
37103,NC,2023,6101,-27,tiny
37105,NC,2023,43955,-851,small
37107,NC,2023,35990,-158,small
37109,NC,2023,69496,976,medium
37111,NC,2023,31451,218,small
37113,NC,2023,25912,44,small
37115,NC,2023,14752,129,small
37117,NC,2023,15222,13,small
37119,NC,2023,833636,1188,very large
37121,NC,2023,10064,48,small
37123,NC,2023,18468,-11,small
37125,NC,2023,81289,728,medium
37127,NC,2023,68049,422,medium
37129,NC,2023,160438,162,large
37131,NC,2023,11126,22,small
37133,NC,2023,132726,236,large
37135,NC,2023,99093,14,medium
37137,NC,2023,8282,32,tiny
37139,NC,2023,28437,213,small
37141,NC,2023,47075,397,small
37143,NC,2023,9358,-42,tiny
37145,NC,2023,28533,299,small
37147,NC,2023,118012,-213,large
37149,NC,2023,14286,10,small
37151,NC,2023,107137,432,large
37153,NC,2023,28692,46,small
37155,NC,2023,76900,-420,medium
37157,NC,2023,63787,318,medium
37159,NC,2023,106192,634,large
37161,NC,2023,44468,178,small
37163,NC,2023,41499,-325,small
37165,NC,2023,21574,24,small
37167,NC,2023,46368,571,small
37169,NC,2023,32528,130,small
37171,NC,2023,50999,89,medium
37173,NC,2023,12368,47,small
37175,NC,2023,23623,31,small
37177,NC,2023,2383,-2,tiny
37179,NC,2023,203892,2154,large
37181,NC,2023,29424,55,small
37183,NC,2023,928963,5562,very large
37185,NC,2023,11465,84,small
37187,NC,2023,7211,-50,tiny
37189,NC,2023,30332,-85,small
37191,NC,2023,82925,-84,medium
37193,NC,2023,46954,-4,small
37195,NC,2023,56937,-70,medium
37197,NC,2023,27928,150,small
37199,NC,2023,12947,90,small
39001,OH,2023,19510,-27,small
39003,OH,2023,78814,-42,medium
39005,OH,2023,42125,-37,small
39007,OH,2023,75461,88,medium
39009,OH,2023,34258,-84,small
39011,OH,2023,41539,12,small
39013,OH,2023,49097,-10,small
39015,OH,2023,32890,122,small
39017,OH,2023,303340,670,large
39019,OH,2023,21080,198,small
39021,OH,2023,31462,119,small
39023,OH,2023,101045,219,large
39025,OH,2023,170861,776,large
39027,OH,2023,32511,-4,small
39029,OH,2023,75833,134,medium
39031,OH,2023,30277,67,small
39033,OH,2023,32473,121,small
39035,OH,2023,939288,-3750,very large
39037,OH,2023,44724,97,small
39039,OH,2023,32030,23,small
39041,OH,2023,201668,2796,large
39043,OH,2023,60325,109,medium
39045,OH,2023,132535,1690,large
39047,OH,2023,21962,169,small
39049,OH,2023,1045490,-5058,enormous
39051,OH,2023,36878,4,small
39053,OH,2023,21168,46,small
39055,OH,2023,86747,199,medium
39057,OH,2023,130293,206,large
39059,OH,2023,29673,103,small
39061,OH,2023,637602,-1986,very large
39063,OH,2023,62310,-48,medium
39065,OH,2023,22632,24,small
39067,OH,2023,11169,-23,small
39069,OH,2023,23747,17,small
39071,OH,2023,33623,121,small
39073,OH,2023,20577,178,small
39075,OH,2023,41428,33,small
39077,OH,2023,47869,49,small
39079,OH,2023,23839,88,small
39081,OH,2023,48422,6,small
39083,OH,2023,51446,283,medium
39085,OH,2023,195161,711,large
39087,OH,2023,43292,6,small
39089,OH,2023,148102,1461,large
39091,OH,2023,38020,102,small
39093,OH,2023,255741,2164,large
39095,OH,2023,320843,-30,large
39097,OH,2023,32088,386,small
39099,OH,2023,171760,-13,large
39101,OH,2023,46766,91,small
39103,OH,2023,161975,669,large
39105,OH,2023,15799,-2,small
39107,OH,2023,40951,3,small
39109,OH,2023,92026,232,medium
39111,OH,2023,10525,28,small
39113,OH,2023,399378,-466,large
39115,OH,2023,10728,-51,small
39117,OH,2023,28276,280,small
39119,OH,2023,68406,100,medium
39121,OH,2023,10004,-4,small
39123,OH,2023,33578,33,small
39125,OH,2023,16093,2,small
39127,OH,2023,27076,123,small
39129,OH,2023,44125,459,small
39131,OH,2023,19515,13,small
39133,OH,2023,119117,543,large
39135,OH,2023,33114,138,small
39137,OH,2023,32374,-33,small
39139,OH,2023,96818,217,medium
39141,OH,2023,55035,64,medium
39143,OH,2023,47693,-54,small
39145,OH,2023,50006,22,medium
39147,OH,2023,43478,17,small
39149,OH,2023,42385,-50,small
39151,OH,2023,300900,136,large
39153,OH,2023,427608,-463,large
39155,OH,2023,156370,215,large
39157,OH,2023,75623,-139,medium
39159,OH,2023,57148,880,medium
39161,OH,2023,24173,30,small
39163,OH,2023,9154,60,tiny
39165,OH,2023,213124,1960,large
39167,OH,2023,47307,-27,small
39169,OH,2023,100829,17,large
39171,OH,2023,30482,2,small
39173,OH,2023,101711,-47,large
39175,OH,2023,18622,7,small
4001,AZ,2023,50425,241,medium
4003,AZ,2023,91112,409,medium
4005,AZ,2023,96128,4,medium
4007,AZ,2023,37230,412,small
4009,AZ,2023,26457,223,small
4011,AZ,2023,6977,-76,tiny
4012,AZ,2023,10516,-31,small
4013,AZ,2023,3505684,36676,enormous
4015,AZ,2023,137845,3599,large
4017,AZ,2023,82095,1262,medium
4019,AZ,2023,783112,6428,very large
4021,AZ,2023,325442,10618,large
4023,AZ,2023,41115,18,small
4025,AZ,2023,180563,4003,large
4027,AZ,2023,169703,1777,large
42001,PA,2023,87337,348,medium
42003,PA,2023,965736,-3008,very large
42005,PA,2023,52090,-239,medium
42007,PA,2023,131256,125,large
42009,PA,2023,38990,29,small
42011,PA,2023,346317,1273,large
42013,PA,2023,97183,-29,medium
42015,PA,2023,49615,-9,small
42017,PA,2023,544011,3853,very large
42019,PA,2023,162093,1262,large
42021,PA,2023,98525,6,medium
42023,PA,2023,3389,-4,tiny
42025,PA,2023,49284,363,small
42027,PA,2023,100705,-366,large
42029,PA,2023,449572,2578,large
42031,PA,2023,28128,40,small
42033,PA,2023,59277,-3,medium
42035,PA,2023,29027,-76,small
42037,PA,2023,47253,76,small
42039,PA,2023,63446,19,medium
42041,PA,2023,218113,1237,large
42043,PA,2023,229415,706,large
42045,PA,2023,448447,1659,large
42047,PA,2023,25009,4,small
42049,PA,2023,203995,-103,large
42051,PA,2023,97101,4,medium
42053,PA,2023,3054,-6,tiny
42055,PA,2023,135675,338,large
42057,PA,2023,11983,39,small
42059,PA,2023,25288,-83,small
42061,PA,2023,32570,22,small
42063,PA,2023,60359,76,medium
42065,PA,2023,35567,-60,small
42067,PA,2023,21101,-5,small
42069,PA,2023,163222,760,large
42071,PA,2023,504921,305,very large
42073,PA,2023,66380,47,medium
42075,PA,2023,124355,313,large
42077,PA,2023,307197,1451,large
42079,PA,2023,247741,1436,large
42081,PA,2023,87727,116,medium
42083,PA,2023,29920,-31,small
42085,PA,2023,83535,117,medium
42087,PA,2023,40197,85,small
42089,PA,2023,125437,2819,large
42091,PA,2023,702441,5192,very large
42093,PA,2023,14426,-73,small
42095,PA,2023,246735,1549,large
42097,PA,2023,69590,154,medium
42099,PA,2023,40318,117,small
42101,PA,2023,1024515,-10640,enormous
42103,PA,2023,42625,1141,small
42105,PA,2023,12252,-13,small
42107,PA,2023,106533,550,large
42109,PA,2023,33388,-8,small
42111,PA,2023,56369,76,medium
42113,PA,2023,4387,10,tiny
42115,PA,2023,31431,-152,small
42117,PA,2023,31539,15,small
42119,PA,2023,30729,-20,small
42121,PA,2023,38543,7,small
42123,PA,2023,29126,-3,small
42125,PA,2023,166545,1074,large
42127,PA,2023,38500,53,small
42129,PA,2023,287148,1073,large
42131,PA,2023,20703,121,small
42133,PA,2023,383996,1391,large
48001,TX,2023,34115,61,small
48003,TX,2023,15913,-59,small
48005,TX,2023,63716,-116,medium
48007,TX,2023,15770,26,small
48009,TX,2023,6904,42,tiny
48011,TX,2023,1519,1,tiny
48013,TX,2023,40554,228,small
48015,TX,2023,24621,175,small
48017,TX,2023,4609,-30,tiny
48019,TX,2023,16765,247,small
48021,TX,2023,73429,2079,medium
48023,TX,2023,2476,1,tiny
48025,TX,2023,18790,-46,small
48027,TX,2023,283202,2786,large
48029,TX,2023,1609166,3289,enormous
48031,TX,2023,9680,218,tiny
48033,TX,2023,512,0,tiny
48035,TX,2023,13419,122,small
48037,TX,2023,67268,-16,medium
48039,TX,2023,301921,2482,large
48041,TX,2023,150969,-249,large
48043,TX,2023,6369,-88,tiny
48045,TX,2023,1013,1,tiny
48047,TX,2023,4771,-55,tiny
48049,TX,2023,27361,32,small
48051,TX,2023,14047,87,small
48053,TX,2023,40408,749,small
48055,TX,2023,35569,281,small
48057,TX,2023,15733,-75,small
48059,TX,2023,10453,58,small
48061,TX,2023,336664,-238,large
48063,TX,2023,9502,3,tiny
48065,TX,2023,4395,-9,tiny
48067,TX,2023,21546,-9,small
48069,TX,2023,5130,3,tiny
48071,TX,2023,40816,943,small
48073,TX,2023,39510,87,small
48075,TX,2023,4033,0,tiny
48077,TX,2023,7593,30,tiny
48079,TX,2023,2044,9,tiny
48081,TX,2023,2358,3,tiny
48083,TX,2023,5495,1,tiny
48085,TX,2023,935133,15977,very large
48087,TX,2023,2062,1,tiny
48089,TX,2023,16768,141,small
48091,TX,2023,141549,4250,large
48093,TX,2023,10137,29,small
48095,TX,2023,1600,-1,tiny
48097,TX,2023,34221,363,small
48099,TX,2023,48214,450,small
48101,TX,2023,909,0,tiny
48103,TX,2023,4097,-1,tiny
48105,TX,2023,2581,-2,tiny
48107,TX,2023,3757,-4,tiny
48109,TX,2023,1576,6,tiny
48111,TX,2023,5685,-30,tiny
48113,TX,2023,1947875,-15479,enormous
48115,TX,2023,8547,-9,tiny
48117,TX,2023,13593,-14,small
48119,TX,2023,3802,46,tiny
48121,TX,2023,777318,13358,very large
48123,TX,2023,14014,23,small
48125,TX,2023,1245,1,tiny
48127,TX,2023,7001,-64,tiny
48129,TX,2023,2095,-1,tiny
48131,TX,2023,7498,56,tiny
48133,TX,2023,12588,43,small
48135,TX,2023,136550,-1137,large
48137,TX,2023,1197,0,tiny
48139,TX,2023,165780,4880,large
48141,TX,2023,694999,384,very large
48143,TX,2023,27852,1,small
48145,TX,2023,11197,60,small
48147,TX,2023,24489,425,small
48149,TX,2023,20219,231,small
48151,TX,2023,2642,-2,tiny
48153,TX,2023,4161,-21,tiny
48155,TX,2023,760,2,tiny
48157,TX,2023,737778,10645,very large
48159,TX,2023,7604,28,tiny
48161,TX,2023,13153,7,small
48163,TX,2023,11851,-31,small
48165,TX,2023,21934,-28,small
48167,TX,2023,273058,1926,large
48169,TX,2023,3148,1,tiny
48171,TX,2023,22680,144,small
48173,TX,2023,1158,-2,tiny
48175,TX,2023,5601,-8,tiny
48177,TX,2023,16633,10,small
48179,TX,2023,14976,-9,small
48181,TX,2023,107563,1371,large
48183,TX,2023,90970,-58,medium
48185,TX,2023,21630,373,small
48187,TX,2023,146775,1179,large
48189,TX,2023,22572,63,small
48191,TX,2023,1919,-2,tiny
48193,TX,2023,6310,3,tiny
48195,TX,2023,4462,1,tiny
48197,TX,2023,2424,11,tiny
48199,TX,2023,44532,403,small
48201,TX,2023,3588747,-25327,enormous
48203,TX,2023,50729,93,medium
48205,TX,2023,3160,9,tiny
48207,TX,2023,3382,0,tiny
48209,TX,2023,193254,4240,large
48211,TX,2023,2943,3,tiny
48213,TX,2023,58777,767,medium
48215,TX,2023,702905,275,very large
48217,TX,2023,27316,233,small
48219,TX,2023,16838,-30,small
48221,TX,2023,49707,775,small
48223,TX,2023,28702,104,small
48225,TX,2023,13880,47,small
48227,TX,2023,22497,-113,small
48229,TX,2023,2519,113,tiny
48231,TX,2023,75386,1424,medium
48233,TX,2023,15014,-43,small
48235,TX,2023,1284,5,tiny
48237,TX,2023,5852,55,tiny
48239,TX,2023,12018,45,small
48241,TX,2023,23439,144,small
48243,TX,2023,1513,-5,tiny
48245,TX,2023,173327,-884,large
48247,TX,2023,3856,8,tiny
48249,TX,2023,29002,-83,small
48251,TX,2023,147624,2937,large
48253,TX,2023,11094,30,small
48255,TX,2023,9773,-15,tiny
48257,TX,2023,122216,6316,large
48259,TX,2023,39496,903,small
48261,TX,2023,199,6,tiny
48263,TX,2023,546,0,tiny
48265,TX,2023,40462,103,small
48267,TX,2023,3158,-4,tiny
48269,TX,2023,205,0,tiny
48271,TX,2023,2242,2,tiny
48273,TX,2023,21633,29,small
48275,TX,2023,2534,-4,tiny
48277,TX,2023,37155,153,small
48279,TX,2023,9291,-30,tiny
48281,TX,2023,16468,181,small
48283,TX,2023,4482,-30,tiny
48285,TX,2023,16905,24,small
48287,TX,2023,14384,101,small
48289,TX,2023,12696,111,small
48291,TX,2023,68384,2694,medium
48293,TX,2023,15348,85,small
48295,TX,2023,2325,-3,tiny
48297,TX,2023,8473,53,tiny
48299,TX,2023,14858,312,small
48301,TX,2023,83,0,tiny
48303,TX,2023,229934,63,large
48305,TX,2023,4691,31,tiny
48307,TX,2023,5526,-1,tiny
48309,TX,2023,196023,374,large
48311,TX,2023,613,2,tiny
48313,TX,2023,9244,52,tiny
48315,TX,2023,6161,31,tiny
48317,TX,2023,4332,-7,tiny
48319,TX,2023,3516,0,tiny
48321,TX,2023,28643,-55,small
48323,TX,2023,54582,-198,medium
48325,TX,2023,40216,665,small
48327,TX,2023,1483,4,tiny
48329,TX,2023,149541,-1022,large
48331,TX,2023,17837,222,small
48333,TX,2023,3510,-3,tiny
48335,TX,2023,4704,4,tiny
48337,TX,2023,14795,214,small
48339,TX,2023,526013,7860,very large
48341,TX,2023,16841,0,small
48343,TX,2023,8577,33,tiny
48345,TX,2023,831,0,tiny
48347,TX,2023,43262,-17,small
48349,TX,2023,38268,443,small
48351,TX,2023,8289,-9,tiny
48353,TX,2023,10972,3,small
48355,TX,2023,259489,-964,large
48357,TX,2023,8221,-20,tiny
48359,TX,2023,1633,-2,tiny
48361,TX,2023,61172,4,medium
48363,TX,2023,20803,89,small
48365,TX,2023,16780,56,small
48367,TX,2023,128780,2878,large
48369,TX,2023,7043,-29,tiny
48371,TX,2023,11021,-6,small
48373,TX,2023,40777,604,small
48375,TX,2023,79800,-357,medium
48377,TX,2023,6345,-3,tiny
48379,TX,2023,8459,195,tiny
48381,TX,2023,111119,437,large
48383,TX,2023,3123,-32,tiny
48385,TX,2023,2735,-19,tiny
48387,TX,2023,8199,3,tiny
48389,TX,2023,9915,-34,tiny
48391,TX,2023,4911,52,tiny
48393,TX,2023,688,1,tiny
48395,TX,2023,12939,47,small
48397,TX,2023,93967,3074,medium
48399,TX,2023,7817,24,tiny
48401,TX,2023,35854,158,small
48403,TX,2023,6737,69,tiny
48405,TX,2023,5216,20,tiny
48407,TX,2023,18808,358,small
48409,TX,2023,53155,-61,medium
48411,TX,2023,4087,-2,tiny
48413,TX,2023,1842,-11,tiny
48415,TX,2023,12468,-51,small
48417,TX,2023,2481,6,tiny
48419,TX,2023,18074,-14,small
48421,TX,2023,2079,5,tiny
48423,TX,2023,182278,671,large
48425,TX,2023,7250,59,tiny
48427,TX,2023,56076,-84,medium
48429,TX,2023,6092,-10,tiny
48431,TX,2023,1112,-2,tiny
48433,TX,2023,995,0,tiny
48435,TX,2023,2852,13,tiny
48437,TX,2023,4837,24,tiny
48439,TX,2023,1699783,7182,enormous
48441,TX,2023,105944,-7,large
48443,TX,2023,518,0,tiny
48445,TX,2023,9110,-22,tiny
48447,TX,2023,1010,0,tiny
48449,TX,2023,25914,-52,small
48451,TX,2023,89754,-284,medium
48453,TX,2023,967056,-26460,very large
48455,TX,2023,9683,94,tiny
48457,TX,2023,12984,89,small
48459,TX,2023,30475,178,small
48461,TX,2023,2646,-1,tiny
48463,TX,2023,20563,-49,small
48465,TX,2023,41277,85,small
48467,TX,2023,42296,673,small
48469,TX,2023,71262,-266,medium
48471,TX,2023,37831,22,small
48473,TX,2023,41791,1217,small
48475,TX,2023,9403,-58,tiny
48477,TX,2023,27573,221,small
48479,TX,2023,235153,-1186,large
48481,TX,2023,34734,113,small
48483,TX,2023,3642,-4,tiny
48485,TX,2023,88485,2,medium
48487,TX,2023,9139,-22,tiny
48489,TX,2023,13645,-18,small
48491,TX,2023,544469,14191,very large
48493,TX,2023,42935,480,small
48495,TX,2023,6174,-19,tiny
48497,TX,2023,57441,1007,medium
48499,TX,2023,33326,299,small
48501,TX,2023,7392,-5,tiny
48503,TX,2023,13247,-28,small
48505,TX,2023,10488,14,small
48507,TX,2023,7975,-23,tiny
55001,WI,2023,14578,155,small
55003,WI,2023,11912,-80,small
55005,WI,2023,38607,33,small
55007,WI,2023,12580,104,small
55009,WI,2023,225551,-124,large
55011,WI,2023,11036,77,small
55013,WI,2023,12516,286,small
55015,WI,2023,45736,-134,small
55017,WI,2023,55059,223,medium
55019,WI,2023,31057,-21,small
55021,WI,2023,48148,445,small
55023,WI,2023,12816,15,small
55025,WI,2023,451115,-1939,large
55027,WI,2023,68448,226,medium
55029,WI,2023,24907,139,small
55031,WI,2023,32592,104,small
55033,WI,2023,33907,-33,small
55035,WI,2023,79892,-140,medium
55037,WI,2023,3445,4,tiny
55039,WI,2023,84300,149,medium
55041,WI,2023,6898,36,tiny
55043,WI,2023,39398,-105,small
55045,WI,2023,31696,146,small
55047,WI,2023,15328,68,small
55049,WI,2023,20076,41,small
55051,WI,2023,4579,24,tiny
55053,WI,2023,15116,28,small
55055,WI,2023,67415,315,medium
55057,WI,2023,20179,83,small
55059,WI,2023,132353,788,large
55061,WI,2023,17097,34,small
55063,WI,2023,92931,-191,medium
55065,WI,2023,14587,41,small
55067,WI,2023,15210,58,small
55069,WI,2023,22291,70,small
55071,WI,2023,65049,193,medium
55073,WI,2023,119301,-64,large
55075,WI,2023,31625,48,small
55077,WI,2023,12506,78,small
55078,WI,2023,3399,-12,tiny
55079,WI,2023,677833,-4313,very large
55081,WI,2023,37258,-46,small
55083,WI,2023,32253,342,small
55085,WI,2023,30828,214,small
55087,WI,2023,162441,174,large
55089,WI,2023,79309,815,medium
55091,WI,2023,6193,-7,tiny
55093,WI,2023,32207,132,small
55095,WI,2023,37044,349,small
55097,WI,2023,55817,-60,medium
55099,WI,2023,11030,49,small
55101,WI,2023,156857,466,large
55103,WI,2023,13667,24,small
55105,WI,2023,131814,496,large
55107,WI,2023,11089,26,small
55109,WI,2023,81531,770,medium
55111,WI,2023,54972,173,medium
55113,WI,2023,13174,77,small
55115,WI,2023,33011,56,small
55117,WI,2023,98603,154,medium
55119,WI,2023,16767,-7,small
55121,WI,2023,24745,-36,small
55123,WI,2023,24785,25,small
55125,WI,2023,17877,146,small
55127,WI,2023,80479,678,medium
55129,WI,2023,13115,58,small
55131,WI,2023,120586,878,large
55133,WI,2023,360224,3053,large
55135,WI,2023,40774,55,small
55137,WI,2023,18650,138,small
55139,WI,2023,134843,-56,large
55141,WI,2023,60518,17,medium
12001,FL,2024,180105,-855,large
12003,FL,2024,20790,261,small
12005,FL,2024,118352,-2258,large
12007,FL,2024,17264,117,small
12009,FL,2024,486999,6001,large
12011,FL,2024,1522134,-4520,enormous
12013,FL,2024,7840,-34,tiny
12015,FL,2024,142002,2752,large
12017,FL,2024,109558,1587,large
12019,FL,2024,182491,1540,large
12021,FL,2024,318448,5894,large
12023,FL,2024,48067,521,small
12027,FL,2024,22655,129,small
12029,FL,2024,8663,-17,tiny
12031,FL,2024,745866,3428,very large
12033,FL,2024,229174,62,large
12035,FL,2024,94727,1535,medium
12037,FL,2024,7133,-16,tiny
12039,FL,2024,30118,64,small
12041,FL,2024,11828,112,small
12043,FL,2024,6945,-13,tiny
12045,FL,2024,8656,39,tiny
12047,FL,2024,7586,5,tiny
12049,FL,2024,17713,34,small
12051,FL,2024,28730,296,small
12053,FL,2024,147270,2767,large
12055,FL,2024,70015,635,medium
12057,FL,2024,1169865,11371,enormous
12059,FL,2024,11194,-4,small
12061,FL,2024,127810,1843,large
12063,FL,2024,28289,-112,small
12065,FL,2024,9350,58,tiny
12067,FL,2024,4450,-32,tiny
12069,FL,2024,309404,6147,large
12071,FL,2024,619643,10438,very large
12073,FL,2024,194576,-252,large
12075,FL,2024,28720,486,small
12077,FL,2024,4181,28,tiny
12079,FL,2024,11470,19,small
12081,FL,2024,323501,4370,large
12083,FL,2024,278362,4505,large
12085,FL,2024,123109,1235,large
12086,FL,2024,2128012,-16563,enormous
12087,FL,2024,57865,-652,medium
12089,FL,2024,78559,1316,medium
12091,FL,2024,171512,-155,large
12093,FL,2024,26286,347,small
12095,FL,2024,1124542,-6903,enormous
12097,FL,2024,342413,4305,large
12099,FL,2024,1183003,7833,enormous
12101,FL,2024,445212,11511,large
12103,FL,2024,705397,4775,very large
12105,FL,2024,577178,14438,very large
12107,FL,2024,49067,400,small
12109,FL,2024,262279,7122,large
12111,FL,2024,261302,7638,large
12113,FL,2024,152695,928,large
12115,FL,2024,334466,7495,large
12117,FL,2024,371592,1025,large
12119,FL,2024,114822,203,large
12121,FL,2024,29096,248,small
12123,FL,2024,13041,-58,small
12125,FL,2024,8507,69,tiny
12127,FL,2024,418664,6571,large
12129,FL,2024,24374,425,small
12131,FL,2024,62147,639,medium
12133,FL,2024,16349,100,small
13001,GA,2024,12389,-9,small
13003,GA,2024,5012,4,tiny
13005,GA,2024,7035,-8,tiny
13007,GA,2024,1583,-80,tiny
13009,GA,2024,25182,30,small
13011,GA,2024,12404,172,small
13013,GA,2024,66548,1491,medium
13015,GA,2024,79042,962,medium
13017,GA,2024,10086,-10,small
13019,GA,2024,11712,20,small
13021,GA,2024,97158,69,medium
13023,GA,2024,8048,2,tiny
13025,GA,2024,12022,49,small
13027,GA,2024,9315,-25,tiny
13029,GA,2024,36033,674,small
13031,GA,2024,46464,192,small
13033,GA,2024,15523,16,small
13035,GA,2024,16014,419,small
13037,GA,2024,2747,-28,tiny
13039,GA,2024,39208,134,small
13043,GA,2024,6945,-6,tiny
13045,GA,2024,80393,1091,medium
13047,GA,2024,48174,216,small
13049,GA,2024,6165,80,tiny
13051,GA,2024,185054,-468,large
13053,GA,2024,4014,-125,tiny
13055,GA,2024,15799,6,small
13057,GA,2024,223495,3942,large
13059,GA,2024,67131,-544,medium
13061,GA,2024,1712,-18,tiny
13063,GA,2024,188551,1435,large
13065,GA,2024,4200,-28,tiny
13067,GA,2024,544255,-412,very large
13069,GA,2024,26331,-55,small
13071,GA,2024,28942,254,small
13073,GA,2024,132504,1021,large
13075,GA,2024,10681,19,small
13077,GA,2024,111896,1749,large
13079,GA,2024,8067,92,tiny
13081,GA,2024,12291,125,small
13083,GA,2024,10267,-8,small
13085,GA,2024,19993,563,small
13087,GA,2024,17102,17,small
13089,GA,2024,501047,-5143,very large
13091,GA,2024,11865,-7,small
13093,GA,2024,5107,-33,tiny
13095,GA,2024,47797,-444,small
13097,GA,2024,101480,1426,large
13099,GA,2024,6371,18,tiny
13101,GA,2024,2338,24,tiny
13103,GA,2024,53854,726,medium
13105,GA,2024,12950,88,small
13107,GA,2024,14502,-36,small
13109,GA,2024,6919,0,tiny
13111,GA,2024,18632,154,small
13113,GA,2024,95349,1000,medium
13115,GA,2024,67498,286,medium
13117,GA,2024,243478,1817,large
13119,GA,2024,16018,109,small
13121,GA,2024,756474,1974,very large
13123,GA,2024,22754,148,small
13125,GA,2024,1858,-10,tiny
13127,GA,2024,59862,-89,medium
13129,GA,2024,40404,263,small
13131,GA,2024,15319,-214,small
13133,GA,2024,14449,334,small
13135,GA,2024,737093,4728,very large
13137,GA,2024,32510,189,small
13139,GA,2024,159400,2133,large
13141,GA,2024,4352,11,tiny
13143,GA,2024,21140,248,small
13145,GA,2024,27182,777,small
13147,GA,2024,17996,138,small
13149,GA,2024,7194,70,tiny
13151,GA,2024,178454,5090,large
13153,GA,2024,121106,1024,large
13155,GA,2024,5708,17,tiny
13157,GA,2024,63202,1824,medium
13159,GA,2024,10277,382,small
13161,GA,2024,9201,43,tiny
13163,GA,2024,10460,9,small
13165,GA,2024,4563,42,tiny
13167,GA,2024,4983,-27,tiny
13169,GA,2024,19956,78,small
13171,GA,2024,12227,203,small
13173,GA,2024,5890,-33,tiny
13175,GA,2024,33801,-96,small
13177,GA,2024,24077,274,small
13179,GA,2024,39856,191,small
13181,GA,2024,5474,56,tiny
13183,GA,2024,12239,67,small
13185,GA,2024,75978,483,medium
13187,GA,2024,21292,202,small
13189,GA,2024,15256,-35,small
13191,GA,2024,6988,36,tiny
13193,GA,2024,6249,-1,tiny
13195,GA,2024,22434,419,small
13197,GA,2024,4425,-13,tiny
13199,GA,2024,12723,234,small
13201,GA,2024,3596,-28,tiny
13205,GA,2024,12529,-109,small
13207,GA,2024,19866,386,small
13209,GA,2024,4935,45,tiny
13211,GA,2024,15500,322,small
13213,GA,2024,27183,-8,small
13215,GA,2024,123479,-5,large
13217,GA,2024,79535,1505,medium
13219,GA,2024,38936,358,small
13221,GA,2024,10398,200,small
13223,GA,2024,136049,2882,large
13225,GA,2024,17012,27,small
13227,GA,2024,25717,443,small
13229,GA,2024,13491,0,small
13231,GA,2024,14646,350,small
13233,GA,2024,29068,281,small
13235,GA,2024,4954,5,tiny
13237,GA,2024,15060,325,small
13239,GA,2024,1230,-10,tiny
13241,GA,2024,12173,172,small
13243,GA,2024,3624,36,tiny
13245,GA,2024,122916,-373,large
13247,GA,2024,58794,794,medium
13249,GA,2024,3358,-34,tiny
13251,GA,2024,8861,17,tiny
13253,GA,2024,4622,9,tiny
13255,GA,2024,44708,730,small
13257,GA,2024,18254,45,small
13259,GA,2024,2072,-39,tiny
13261,GA,2024,16930,12,small
13263,GA,2024,3434,33,tiny
13265,GA,2024,873,-9,tiny
13267,GA,2024,13338,-64,small
13269,GA,2024,5118,-35,tiny
13271,GA,2024,5753,-29,tiny
13273,GA,2024,5322,28,tiny
13275,GA,2024,30473,-14,small
13277,GA,2024,27864,89,small
13279,GA,2024,17263,-88,small
13281,GA,2024,8945,26,tiny
13283,GA,2024,4057,9,tiny
13285,GA,2024,45128,-44,small
13287,GA,2024,5429,35,tiny
13289,GA,2024,5074,-18,tiny
13291,GA,2024,19319,195,small
13293,GA,2024,17731,139,small
13295,GA,2024,43992,91,small
13297,GA,2024,75700,2055,medium
13299,GA,2024,22431,-9,small
13301,GA,2024,3235,10,tiny
13303,GA,2024,12645,17,small
13305,GA,2024,18965,-27,small
13307,GA,2024,1429,-20,tiny
13309,GA,2024,3180,-5,tiny
13311,GA,2024,20562,162,small
13313,GA,2024,75572,32,medium
13315,GA,2024,4153,-25,tiny
13317,GA,2024,6197,3,tiny
13319,GA,2024,5603,-43,tiny
13321,GA,2024,12458,-132,small
19001,IA,2024,5786,-6,tiny
19003,IA,2024,2938,-9,tiny
19005,IA,2024,11733,-19,small
19007,IA,2024,9224,-28,tiny
19009,IA,2024,4382,12,tiny
19011,IA,2024,20848,132,small
19013,IA,2024,96743,-334,medium
19015,IA,2024,21655,-30,small
19017,IA,2024,21257,-39,small
19019,IA,2024,18854,66,small
19021,IA,2024,16889,-97,small
19023,IA,2024,11993,-18,small
19025,IA,2024,7522,-1,tiny
19027,IA,2024,17765,0,small
19029,IA,2024,9875,30,tiny
19031,IA,2024,15385,86,small
19033,IA,2024,32061,18,small
19035,IA,2024,9392,38,tiny
19037,IA,2024,10040,-53,small
19039,IA,2024,7212,-19,tiny
19041,IA,2024,12806,12,small
19043,IA,2024,14652,69,small
19045,IA,2024,35534,111,small
19047,IA,2024,13675,-9,small
19049,IA,2024,100438,893,large
19051,IA,2024,8731,-2,tiny
19053,IA,2024,5180,-5,tiny
19055,IA,2024,15208,62,small
19057,IA,2024,29752,-215,small
19059,IA,2024,14641,44,small
19061,IA,2024,81392,-323,medium
19063,IA,2024,6814,-33,tiny
19065,IA,2024,14672,-25,small
19067,IA,2024,12980,-46,small
19069,IA,2024,7194,6,tiny
19071,IA,2024,5201,40,tiny
19073,IA,2024,6796,-48,tiny
19075,IA,2024,10422,57,small
19077,IA,2024,8723,7,tiny
19079,IA,2024,11740,-13,small
19081,IA,2024,8598,-30,tiny
19083,IA,2024,13178,9,small
19085,IA,2024,11627,96,small
19087,IA,2024,14914,-10,small
19089,IA,2024,8048,-31,tiny
19091,IA,2024,7770,-2,tiny
19093,IA,2024,5692,-21,tiny
19095,IA,2024,14456,18,small
19097,IA,2024,16273,-14,small
19099,IA,2024,29610,127,small
19101,IA,2024,11112,-32,small
19103,IA,2024,114862,-692,large
19105,IA,2024,15706,71,small
19107,IA,2024,7687,-11,tiny
19109,IA,2024,12447,-74,small
19111,IA,2024,24968,-99,small
19113,IA,2024,188565,-166,large
19115,IA,2024,8522,1,tiny
19117,IA,2024,7362,4,tiny
19119,IA,2024,11502,-5,small
19121,IA,2024,14154,145,small
19123,IA,2024,17126,-33,small
19125,IA,2024,27781,-12,small
19127,IA,2024,32019,-153,small
19129,IA,2024,11868,93,small
19131,IA,2024,8970,51,tiny
19133,IA,2024,6793,-18,tiny
19135,IA,2024,5972,42,tiny
19137,IA,2024,7481,-19,tiny
19139,IA,2024,35286,-39,small
19141,IA,2024,11529,-11,small
19143,IA,2024,4827,-7,tiny
19145,IA,2024,10383,52,small
19147,IA,2024,6979,52,tiny
19149,IA,2024,22124,36,small
19151,IA,2024,5347,7,tiny
19153,IA,2024,418071,-1373,large
19155,IA,2024,71766,68,medium
19157,IA,2024,13618,69,small
19159,IA,2024,3619,3,tiny
19161,IA,2024,8221,3,tiny
19163,IA,2024,139139,-69,large
19165,IA,2024,9770,14,tiny
19167,IA,2024,31967,-8,small
19169,IA,2024,61840,-58,medium
19171,IA,2024,13748,-29,small
19173,IA,2024,4620,-38,tiny
19175,IA,2024,9094,8,tiny
19177,IA,2024,5817,41,tiny
19179,IA,2024,25252,-130,small
19181,IA,2024,46999,430,small
19183,IA,2024,19177,16,small
19185,IA,2024,5979,-27,tiny
19187,IA,2024,25907,-21,small
19189,IA,2024,8157,-16,tiny
19191,IA,2024,16052,17,small
19193,IA,2024,81328,-69,medium
19195,IA,2024,5982,-13,tiny
19197,IA,2024,9839,-69,tiny
23001,ME,2024,82665,181,medium
23003,ME,2024,47458,7,small
23005,ME,2024,246707,1146,large
23007,ME,2024,20490,-28,small
23009,ME,2024,42009,26,small
23011,ME,2024,93970,634,medium
23013,ME,2024,30796,-34,small
23015,ME,2024,27425,226,small
23017,ME,2024,42007,561,small
23019,ME,2024,108800,35,large
23021,ME,2024,11452,-66,small
23023,ME,2024,29213,127,small
23025,ME,2024,35923,-42,small
23027,ME,2024,29954,22,small
23029,ME,2024,22001,52,small
23031,ME,2024,173155,1982,large
26001,MI,2024,7293,89,tiny
26003,MI,2024,6411,0,tiny
26005,MI,2024,104206,451,large
26007,MI,2024,21882,30,small
26009,MI,2024,17785,56,small
26011,MI,2024,11160,61,small
26013,MI,2024,5387,-15,tiny
26015,MI,2024,52428,401,medium
26017,MI,2024,80754,-179,medium
26019,MI,2024,14279,79,small
26021,MI,2024,116681,633,large
26023,MI,2024,32715,-37,small
26025,MI,2024,98862,239,medium
26027,MI,2024,39312,154,small
26029,MI,2024,21305,61,small
26031,MI,2024,19401,219,small
26033,MI,2024,25131,-21,small
26035,MI,2024,22276,229,small
26037,MI,2024,66990,-71,medium
26039,MI,2024,9652,44,tiny
26041,MI,2024,28003,70,small
26043,MI,2024,20272,-74,small
26045,MI,2024,85822,219,medium
26047,MI,2024,27861,68,small
26049,MI,2024,296134,1034,large
26051,MI,2024,18382,204,small
26053,MI,2024,9943,-24,tiny
26055,MI,2024,79263,257,medium
26057,MI,2024,27629,-60,small
26059,MI,2024,35184,86,small
26061,MI,2024,27747,-92,small
26063,MI,2024,25552,84,small
26065,MI,2024,193019,-284,large
26067,MI,2024,49225,266,small
26069,MI,2024,18050,86,small
26071,MI,2024,8632,-6,tiny
26073,MI,2024,42455,30,small
26075,MI,2024,116566,265,large
26077,MI,2024,203276,-360,large
26079,MI,2024,13870,10,small
26081,MI,2024,548697,-1810,very large
26083,MI,2024,1645,8,tiny
26085,MI,2024,7039,13,tiny
26087,MI,2024,71011,373,medium
26089,MI,2024,18773,63,small
26091,MI,2024,76380,275,medium
26093,MI,2024,169959,785,large
26095,MI,2024,3926,6,tiny
26097,MI,2024,8431,-11,tiny
26099,MI,2024,720911,-656,very large
26101,MI,2024,18207,74,small
26103,MI,2024,48715,33,small
26105,MI,2024,23621,72,small
26107,MI,2024,27831,116,small
26109,MI,2024,17152,-50,small
26111,MI,2024,67399,-18,medium
26113,MI,2024,11965,27,small
26115,MI,2024,124146,1209,large
26117,MI,2024,48312,278,small
26119,MI,2024,6719,92,tiny
26121,MI,2024,133274,355,large
26123,MI,2024,38815,280,small
26125,MI,2024,1039155,-4400,enormous
26127,MI,2024,21104,120,small
26129,MI,2024,14929,187,small
26131,MI,2024,3840,11,tiny
26133,MI,2024,17425,36,small
26135,MI,2024,6321,21,tiny
26137,MI,2024,20352,121,small
26139,MI,2024,256439,624,large
26141,MI,2024,9980,60,tiny
26143,MI,2024,16282,234,small
26145,MI,2024,139785,547,large
26147,MI,2024,128340,519,large
26149,MI,2024,48568,63,small
26151,MI,2024,32542,190,small
26153,MI,2024,6227,-52,tiny
26155,MI,2024,52454,225,medium
26157,MI,2024,41561,145,small
26159,MI,2024,58114,324,medium
26161,MI,2024,266796,-1985,large
26163,MI,2024,1258820,266,enormous
26165,MI,2024,26480,132,small
27001,MN,2024,11718,59,small
27003,MN,2024,313818,2795,large
27005,MN,2024,29936,60,small
27007,MN,2024,35797,135,small
27009,MN,2024,33741,-67,small
27011,MN,2024,4183,-9,tiny
27013,MN,2024,50849,-409,medium
27015,MN,2024,21808,21,small
27017,MN,2024,28128,93,small
27019,MN,2024,101149,1092,large
27021,MN,2024,23808,320,small
27023,MN,2024,10035,-13,small
27025,MN,2024,48541,626,small
27027,MN,2024,53860,70,medium
27029,MN,2024,6772,37,tiny
27031,MN,2024,4514,32,tiny
27033,MN,2024,9170,66,tiny
27035,MN,2024,54253,488,medium
27037,MN,2024,385268,2304,large
27039,MN,2024,19014,45,small
27041,MN,2024,34823,157,small
27043,MN,2024,10614,35,small
27045,MN,2024,17920,46,small
27047,MN,2024,23956,121,small
27049,MN,2024,39407,378,small
27051,MN,2024,5041,41,tiny
27053,MN,2024,1052847,-7619,enormous
27055,MN,2024,16015,71,small
27057,MN,2024,17884,-39,small
27059,MN,2024,34893,819,small
27061,MN,2024,35537,161,small
27063,MN,2024,8296,1,tiny
27065,MN,2024,12124,169,small
27067,MN,2024,38336,-105,small
27069,MN,2024,3726,-2,tiny
27071,MN,2024,8512,7,tiny
27073,MN,2024,5418,32,tiny
27075,MN,2024,8521,60,tiny
27077,MN,2024,3152,-18,tiny
27079,MN,2024,25590,13,small
27081,MN,2024,4791,-25,tiny
27083,MN,2024,20931,-43,small
27085,MN,2024,31845,187,small
27087,MN,2024,4255,-26,tiny
27089,MN,2024,7512,11,tiny
27091,MN,2024,16305,28,small
27093,MN,2024,20676,76,small
27095,MN,2024,20487,309,small
27097,MN,2024,28593,145,small
27099,MN,2024,33125,32,small
27101,MN,2024,6943,35,tiny
27103,MN,2024,27411,28,small
27105,MN,2024,18764,-73,small
27107,MN,2024,5316,-2,tiny
27109,MN,2024,142123,-300,large
27111,MN,2024,52342,150,medium
27113,MN,2024,11225,2,small
27115,MN,2024,21223,318,small
27117,MN,2024,8038,12,tiny
27119,MN,2024,24994,-115,small
27121,MN,2024,10091,4,small
27123,MN,2024,443636,-4492,large
27125,MN,2024,3277,21,tiny
27127,MN,2024,12927,28,small
27129,MN,2024,11869,-31,small
27131,MN,2024,53634,174,medium
27133,MN,2024,8475,29,tiny
27135,MN,2024,13355,27,small
27137,MN,2024,148585,-221,large
27139,MN,2024,136175,1539,large
27141,MN,2024,84487,1064,medium
27143,MN,2024,12500,-19,small
27145,MN,2024,134422,-149,large
27147,MN,2024,32662,-64,small
27149,MN,2024,9486,-33,tiny
27151,MN,2024,7435,19,tiny
27153,MN,2024,21034,-1,small
27155,MN,2024,2537,-3,tiny
27157,MN,2024,18183,33,small
27159,MN,2024,11746,7,small
27161,MN,2024,15074,85,small
27163,MN,2024,239258,3761,large
27165,MN,2024,8487,-23,tiny
27167,MN,2024,5296,-5,tiny
27169,MN,2024,36795,-170,small
27171,MN,2024,133089,1953,large
27173,MN,2024,7887,-30,tiny
31001,NE,2024,25098,-55,small
31003,NE,2024,5408,17,tiny
31005,NE,2024,368,0,tiny
31007,NE,2024,589,2,tiny
31009,NE,2024,376,0,tiny
31011,NE,2024,4825,9,tiny
31013,NE,2024,8724,-34,tiny
31015,NE,2024,1461,1,tiny
31017,NE,2024,2481,2,tiny
31019,NE,2024,40877,-27,small
31021,NE,2024,5576,10,tiny
31023,NE,2024,7199,33,tiny
31025,NE,2024,22797,246,small
31027,NE,2024,7980,13,tiny
31029,NE,2024,3132,0,tiny
31031,NE,2024,4785,-5,tiny
31033,NE,2024,6731,19,tiny
31035,NE,2024,4945,17,tiny
31037,NE,2024,9766,-72,tiny
31039,NE,2024,8061,-41,tiny
31041,NE,2024,9091,-22,tiny
31043,NE,2024,18123,-111,small
31045,NE,2024,5673,23,tiny
31047,NE,2024,21387,-86,small
31049,NE,2024,1370,-4,tiny
31051,NE,2024,4703,-15,tiny
31053,NE,2024,28896,-22,small
31055,NE,2024,492613,-1465,large
31057,NE,2024,1207,0,tiny
31059,NE,2024,4815,3,tiny
31061,NE,2024,2346,-3,tiny
31063,NE,2024,1911,-3,tiny
31065,NE,2024,3921,-2,tiny
31067,NE,2024,17478,56,small
31069,NE,2024,1332,0,tiny
31071,NE,2024,1443,-16,tiny
31073,NE,2024,1607,12,tiny
31075,NE,2024,625,1,tiny
31077,NE,2024,1929,8,tiny
31079,NE,2024,53470,-254,medium
31081,NE,2024,8699,-1,tiny
31083,NE,2024,2571,-9,tiny
31085,NE,2024,818,0,tiny
31087,NE,2024,2128,4,tiny
31089,NE,2024,9092,10,tiny
31091,NE,2024,551,1,tiny
31093,NE,2024,5735,-3,tiny
31095,NE,2024,5687,22,tiny
31097,NE,2024,3404,-17,tiny
31099,NE,2024,5999,21,tiny
31101,NE,2024,6441,-4,tiny
31103,NE,2024,680,3,tiny
31105,NE,2024,2462,2,tiny
31107,NE,2024,7125,-32,tiny
31109,NE,2024,269790,-826,large
31111,NE,2024,27412,-69,small
31113,NE,2024,616,3,tiny
31115,NE,2024,497,0,tiny
31117,NE,2024,364,0,tiny
31119,NE,2024,29109,-45,small
31121,NE,2024,6461,30,tiny
31123,NE,2024,3552,-1,tiny
31125,NE,2024,2740,-17,tiny
31127,NE,2024,5499,1,tiny
31129,NE,2024,3278,1,tiny
31131,NE,2024,13867,65,small
31133,NE,2024,2114,-10,tiny
31135,NE,2024,2554,4,tiny
31137,NE,2024,7776,-1,tiny
31139,NE,2024,6499,17,tiny
31141,NE,2024,31330,-62,small
31143,NE,2024,4566,6,tiny
31145,NE,2024,8229,27,tiny
31147,NE,2024,6061,-14,tiny
31149,NE,2024,1278,-28,tiny
31151,NE,2024,11825,-74,small
31153,NE,2024,169523,794,large
31155,NE,2024,19717,305,small
31157,NE,2024,27539,7,small
31159,NE,2024,14991,70,small
31161,NE,2024,3853,-11,tiny
31163,NE,2024,2481,1,tiny
31165,NE,2024,831,-4,tiny
31167,NE,2024,5015,-15,tiny
31169,NE,2024,4318,-42,tiny
31171,NE,2024,534,5,tiny
31173,NE,2024,5885,-35,tiny
31175,NE,2024,3565,-2,tiny
31177,NE,2024,18596,250,small
31179,NE,2024,6449,-24,tiny
31181,NE,2024,2558,4,tiny
31183,NE,2024,640,-2,tiny
31185,NE,2024,11600,-9,small
32001,NV,2024,19318,286,small
32003,NV,2024,1828471,23850,enormous
32005,NV,2024,41728,872,small
32007,NV,2024,44056,-239,small
32009,NV,2024,529,-8,tiny
32011,NV,2024,1337,8,tiny
32013,NV,2024,13835,-37,small
32015,NV,2024,4137,-3,tiny
32017,NV,2024,3332,34,tiny
32019,NV,2024,50868,1279,medium
32021,NV,2024,2896,28,tiny
32023,NV,2024,32062,1281,small
32027,NV,2024,3411,16,tiny
32029,NV,2024,3089,101,tiny
32031,NV,2024,404587,5125,large
32033,NV,2024,6502,43,tiny
32510,NV,2024,44038,396,small
33001,NH,2024,50670,769,medium
33003,NH,2024,39365,757,small
33005,NH,2024,58120,746,medium
33007,NH,2024,21707,180,small
33009,NH,2024,65462,422,medium
33011,NH,2024,344963,1623,large
33013,NH,2024,120008,1233,large
33015,NH,2024,268688,2768,large
33017,NH,2024,98878,774,medium
33019,NH,2024,33298,109,small
37001,NC,2024,128522,1780,large
37003,NC,2024,26385,77,small
37005,NC,2024,7370,30,tiny
37007,NC,2024,14441,52,small
37009,NC,2024,18470,103,small
37011,NC,2024,11183,-38,small
37013,NC,2024,31893,14,small
37015,NC,2024,11090,-34,small
37017,NC,2024,18667,-49,small
37019,NC,2024,116741,2747,large
37021,NC,2024,197685,958,large
37023,NC,2024,60893,316,medium
37025,NC,2024,185156,2662,large
37027,NC,2024,56664,92,medium
37029,NC,2024,8343,133,tiny
37031,NC,2024,49171,365,small
37033,NC,2024,14376,124,small
37035,NC,2024,119724,2,large
37037,NC,2024,66086,817,medium
37039,NC,2024,19764,2,small
37041,NC,2024,9444,-74,tiny
37043,NC,2024,7942,13,tiny
37045,NC,2024,71460,493,medium
37047,NC,2024,33188,-31,small
37049,NC,2024,71806,55,medium
37051,NC,2024,223298,-597,large
37053,NC,2024,22945,680,small
37055,NC,2024,30786,138,small
37057,NC,2024,127818,939,large
37059,NC,2024,34077,298,small
37061,NC,2024,31802,1587,small
37063,NC,2024,219034,-1186,large
37065,NC,2024,30039,-142,small
37067,NC,2024,282690,591,large
37069,NC,2024,52823,1420,medium
37071,NC,2024,166922,1854,large
37073,NC,2024,7335,55,tiny
37075,NC,2024,5940,-7,tiny
37077,NC,2024,44045,623,small
37079,NC,2024,12092,83,small
37081,NC,2024,399023,266,large
37083,NC,2024,31053,-166,small
37085,NC,2024,96372,670,medium
37087,NC,2024,47802,304,small
37089,NC,2024,89481,653,medium
37091,NC,2024,12407,-48,small
37093,NC,2024,36150,360,small
37095,NC,2024,2883,-7,tiny
37097,NC,2024,151189,1629,large
37099,NC,2024,25406,-143,small
37101,NC,2024,177581,4039,large
37103,NC,2024,6016,-33,tiny
37105,NC,2024,43758,-939,small
37107,NC,2024,35325,-165,small
37109,NC,2024,70326,1050,medium
37111,NC,2024,31311,241,small
37113,NC,2024,25960,44,small
37115,NC,2024,14819,142,small
37117,NC,2024,14992,17,small
37119,NC,2024,841133,917,very large
37121,NC,2024,10001,52,small
37123,NC,2024,18304,-9,small
37125,NC,2024,82205,777,medium
37127,NC,2024,67412,473,medium
37129,NC,2024,161419,156,large
37131,NC,2024,10898,29,small
37133,NC,2024,133252,327,large
37135,NC,2024,99296,39,medium
37137,NC,2024,8212,38,tiny
37139,NC,2024,28379,234,small
37141,NC,2024,47848,411,small
37143,NC,2024,9299,-46,tiny
37145,NC,2024,28426,323,small
37147,NC,2024,118111,-222,large
37149,NC,2024,14310,10,small
37151,NC,2024,106625,462,large
37153,NC,2024,28280,59,small
37155,NC,2024,75446,-440,medium
37157,NC,2024,63203,352,medium
37159,NC,2024,106183,694,large
37161,NC,2024,44336,204,small
37163,NC,2024,40434,-361,small
37165,NC,2024,21277,49,small
37167,NC,2024,46417,625,small
37169,NC,2024,32301,143,small
37171,NC,2024,50553,111,medium
37173,NC,2024,12355,60,small
37175,NC,2024,23723,32,small
37177,NC,2024,2351,-3,tiny
37179,NC,2024,206740,2221,large
37181,NC,2024,29154,67,small
37183,NC,2024,943405,5601,very large
37185,NC,2024,11341,96,small
37187,NC,2024,7045,-51,tiny
37189,NC,2024,30531,-84,small
37191,NC,2024,82197,-84,medium
37193,NC,2024,46687,-7,small
37195,NC,2024,56406,-74,medium
37197,NC,2024,27778,163,small
37199,NC,2024,12965,97,small
39001,OH,2024,19369,-34,small
39003,OH,2024,78508,-37,medium
39005,OH,2024,42143,-37,small
39007,OH,2024,75097,106,medium
39009,OH,2024,34252,-82,small
39011,OH,2024,41635,14,small
39013,OH,2024,48813,-9,small
39015,OH,2024,32761,135,small
39017,OH,2024,303928,747,large
39019,OH,2024,20962,223,small
39021,OH,2024,31393,135,small
39023,OH,2024,100308,236,large
39025,OH,2024,171405,829,large
39027,OH,2024,32441,-4,small
39029,OH,2024,75169,159,medium
39031,OH,2024,30370,72,small
39033,OH,2024,32289,128,small
39035,OH,2024,934450,-3871,very large
39037,OH,2024,44668,103,small
39039,OH,2024,31950,24,small
39041,OH,2024,205969,2917,large
39043,OH,2024,60081,125,medium
39045,OH,2024,133651,1833,large
39047,OH,2024,21948,179,small
39049,OH,2024,1054403,-5464,enormous
39051,OH,2024,36868,6,small
39053,OH,2024,21035,52,small
39055,OH,2024,86899,196,medium
39057,OH,2024,130888,270,large
39059,OH,2024,29536,118,small
39061,OH,2024,637397,-2041,very large
39063,OH,2024,62376,-55,medium
39065,OH,2024,22560,27,small
39067,OH,2024,11127,-22,small
39069,OH,2024,23664,26,small
39071,OH,2024,33678,130,small
39073,OH,2024,20463,192,small
39075,OH,2024,41961,39,small
39077,OH,2024,47659,65,small
39079,OH,2024,23751,98,small
39081,OH,2024,48067,1,small
39083,OH,2024,51738,310,medium
39085,OH,2024,194984,766,large
39087,OH,2024,42998,11,small
39089,OH,2024,149066,1564,large
39091,OH,2024,38008,111,small
39093,OH,2024,256514,2315,large
39095,OH,2024,319779,36,large
39097,OH,2024,32098,421,small
39099,OH,2024,170679,-11,large
39101,OH,2024,46590,110,small
39103,OH,2024,162738,701,large
39105,OH,2024,15721,-1,small
39107,OH,2024,41245,6,small
39109,OH,2024,92499,242,medium
39111,OH,2024,10446,34,small
39113,OH,2024,397833,-427,large
39115,OH,2024,10740,-55,small
39117,OH,2024,28351,302,small
39119,OH,2024,68429,112,medium
39121,OH,2024,10028,-2,small
39123,OH,2024,33462,39,small
39125,OH,2024,16068,6,small
39127,OH,2024,27049,135,small
39129,OH,2024,44283,501,small
39131,OH,2024,19437,15,small
39133,OH,2024,118924,593,large
39135,OH,2024,32999,150,small
39137,OH,2024,32435,-33,small
39139,OH,2024,96745,240,medium
39141,OH,2024,54891,74,medium
39143,OH,2024,47407,-54,small
39145,OH,2024,49621,32,small
39147,OH,2024,43329,25,small
39149,OH,2024,42360,-49,small
39151,OH,2024,300213,140,large
39153,OH,2024,426909,-464,large
39155,OH,2024,155275,245,large
39157,OH,2024,75176,-142,medium
39159,OH,2024,58661,936,medium
39161,OH,2024,24157,35,small
39163,OH,2024,9129,67,tiny
39165,OH,2024,215754,2090,large
39167,OH,2024,47140,-32,small
39169,OH,2024,101034,20,large
39171,OH,2024,30380,6,small
39173,OH,2024,102039,-54,large
39175,OH,2024,18580,9,small
4001,AZ,2024,50553,262,medium
4003,AZ,2024,90692,511,medium
4005,AZ,2024,96302,35,medium
4007,AZ,2024,37194,457,small
4009,AZ,2024,26708,243,small
4011,AZ,2024,7069,-85,tiny
4012,AZ,2024,10469,-30,small
4013,AZ,2024,3546277,39231,enormous
4015,AZ,2024,138470,3901,large
4017,AZ,2024,82747,1379,medium
4019,AZ,2024,787489,7089,very large
4021,AZ,2024,334809,11484,large
4023,AZ,2024,41062,41,small
4025,AZ,2024,182845,4284,large
4027,AZ,2024,169833,1979,large
42001,PA,2024,87486,376,medium
42003,PA,2024,963947,-3204,very large
42005,PA,2024,51758,-267,medium
42007,PA,2024,130308,128,large
42009,PA,2024,38740,36,small
42011,PA,2024,346227,1420,large
42013,PA,2024,96771,-30,medium
42015,PA,2024,49768,-14,small
42017,PA,2024,543132,4156,very large
42019,PA,2024,162296,1363,large
42021,PA,2024,97407,9,medium
42023,PA,2024,3334,-4,tiny
42025,PA,2024,49075,387,small
42027,PA,2024,101110,-386,large
42029,PA,2024,449914,2763,large
42031,PA,2024,27972,48,small
42033,PA,2024,58935,-2,medium
42035,PA,2024,28960,-82,small
42037,PA,2024,47100,82,small
42039,PA,2024,63002,20,medium
42041,PA,2024,219827,1317,large
42043,PA,2024,230015,786,large
42045,PA,2024,447726,1781,large
42047,PA,2024,24762,5,small
42049,PA,2024,202520,-95,large
42051,PA,2024,96445,9,medium
42053,PA,2024,3005,-7,tiny
42055,PA,2024,135919,358,large
42057,PA,2024,11939,44,small
42059,PA,2024,25076,-88,small
42061,PA,2024,32427,24,small
42063,PA,2024,59943,94,medium
42065,PA,2024,35382,-65,small
42067,PA,2024,21145,-3,small
42069,PA,2024,162775,835,large
42071,PA,2024,508420,325,very large
42073,PA,2024,65904,57,medium
42075,PA,2024,124972,340,large
42077,PA,2024,308659,1591,large
42079,PA,2024,247259,1545,large
42081,PA,2024,87230,131,medium
42083,PA,2024,29653,-34,small
42085,PA,2024,82800,125,medium
42087,PA,2024,40276,91,small
42089,PA,2024,125471,3082,large
42091,PA,2024,702995,5600,very large
42093,PA,2024,14346,-80,small
42095,PA,2024,246652,1680,large
42097,PA,2024,69208,165,medium
42099,PA,2024,40387,128,small
42101,PA,2024,1024894,-11156,enormous
42103,PA,2024,42425,1238,small
42105,PA,2024,12123,-14,small
42107,PA,2024,105684,595,large
42109,PA,2024,33513,-11,small
42111,PA,2024,55911,84,medium
42113,PA,2024,4353,12,tiny
42115,PA,2024,31257,-170,small
42117,PA,2024,31407,17,small
42119,PA,2024,30766,-24,small
42121,PA,2024,38123,8,small
42123,PA,2024,28809,-2,small
42125,PA,2024,165953,1193,large
42127,PA,2024,38421,32,small
42129,PA,2024,285502,1161,large
42131,PA,2024,20592,142,small
42133,PA,2024,384850,1486,large
48001,TX,2024,34102,73,small
48003,TX,2024,16154,-67,small
48005,TX,2024,63480,-120,medium
48007,TX,2024,15630,19,small
48009,TX,2024,6898,46,tiny
48011,TX,2024,1523,1,tiny
48013,TX,2024,41107,244,small
48015,TX,2024,24725,187,small
48017,TX,2024,4502,-31,tiny
48019,TX,2024,16978,266,small
48021,TX,2024,75317,2193,medium
48023,TX,2024,2465,1,tiny
48025,TX,2024,18781,-48,small
48027,TX,2024,287459,3086,large
48029,TX,2024,1631050,3067,enormous
48031,TX,2024,9846,235,tiny
48033,TX,2024,517,0,tiny
48035,TX,2024,13446,135,small
48037,TX,2024,67140,-12,medium
48039,TX,2024,306476,2598,large
48041,TX,2024,154040,-204,large
48043,TX,2024,6338,-95,tiny
48045,TX,2024,997,1,tiny
48047,TX,2024,4700,-58,tiny
48049,TX,2024,27375,36,small
48051,TX,2024,14114,93,small
48053,TX,2024,41105,804,small
48055,TX,2024,36454,226,small
48057,TX,2024,15626,-81,small
48059,TX,2024,10501,62,small
48061,TX,2024,337826,-186,large
48063,TX,2024,9508,4,tiny
48065,TX,2024,4372,-9,tiny
48067,TX,2024,21461,-6,small
48069,TX,2024,5040,5,tiny
48071,TX,2024,41758,1013,small
48073,TX,2024,39638,97,small
48075,TX,2024,4006,0,tiny
48077,TX,2024,7559,32,tiny
48079,TX,2024,2012,10,tiny
48081,TX,2024,2355,4,tiny
48083,TX,2024,5444,2,tiny
48085,TX,2024,959895,16616,very large
48087,TX,2024,2044,2,tiny
48089,TX,2024,16756,155,small
48091,TX,2024,146746,4473,large
48093,TX,2024,10128,31,small
48095,TX,2024,1581,-1,tiny
48097,TX,2024,34513,393,small
48099,TX,2024,48274,488,small
48101,TX,2024,894,0,tiny
48103,TX,2024,4119,-2,tiny
48105,TX,2024,2536,-2,tiny
48107,TX,2024,3706,-4,tiny
48109,TX,2024,1562,6,tiny
48111,TX,2024,5688,-32,tiny
48113,TX,2024,1949657,-17035,enormous
48115,TX,2024,8472,-9,tiny
48117,TX,2024,13323,-6,small
48119,TX,2024,3830,51,tiny
48121,TX,2024,799067,13943,very large
48123,TX,2024,13995,23,small
48125,TX,2024,1228,2,tiny
48127,TX,2024,6948,-71,tiny
48129,TX,2024,2060,0,tiny
48131,TX,2024,7398,65,tiny
48133,TX,2024,12567,50,small
48135,TX,2024,138540,-1314,large
48137,TX,2024,1181,0,tiny
48139,TX,2024,169626,5260,large
48141,TX,2024,696986,509,very large
48143,TX,2024,28064,5,small
48145,TX,2024,11205,68,small
48147,TX,2024,24589,464,small
48149,TX,2024,20274,252,small
48151,TX,2024,2631,-2,tiny
48153,TX,2024,4096,-21,tiny
48155,TX,2024,753,2,tiny
48157,TX,2024,760827,10942,very large
48159,TX,2024,7636,31,tiny
48161,TX,2024,13074,7,small
48163,TX,2024,11943,-33,small
48165,TX,2024,22703,-32,small
48167,TX,2024,276764,1975,large
48169,TX,2024,3132,1,tiny
48171,TX,2024,22862,153,small
48173,TX,2024,1163,-3,tiny
48175,TX,2024,5632,-10,tiny
48177,TX,2024,16749,12,small
48179,TX,2024,14768,-9,small
48181,TX,2024,108863,1487,large
48183,TX,2024,90283,-34,medium
48185,TX,2024,21887,407,small
48187,TX,2024,150605,1117,large
48189,TX,2024,22218,79,small
48191,TX,2024,1890,-2,tiny
48193,TX,2024,6321,4,tiny
48195,TX,2024,4439,1,tiny
48197,TX,2024,2378,12,tiny
48199,TX,2024,44613,439,small
48201,TX,2024,3607968,-28400,enormous
48203,TX,2024,50633,100,medium
48205,TX,2024,3139,10,tiny
48207,TX,2024,3329,0,tiny
48209,TX,2024,201513,4243,large
48211,TX,2024,2894,3,tiny
48213,TX,2024,59084,834,medium
48215,TX,2024,712508,368,very large
48217,TX,2024,27422,257,small
48219,TX,2024,16763,-30,small
48221,TX,2024,50645,832,medium
48223,TX,2024,28830,114,small
48225,TX,2024,13837,54,small
48227,TX,2024,22439,-122,small
48229,TX,2024,2556,120,tiny
48231,TX,2024,76503,1543,medium
48233,TX,2024,14809,-46,small
48235,TX,2024,1283,7,tiny
48237,TX,2024,5834,59,tiny
48239,TX,2024,12034,49,small
48241,TX,2024,23192,164,small
48243,TX,2024,1507,-5,tiny
48245,TX,2024,172164,-932,large
48247,TX,2024,3846,7,tiny
48249,TX,2024,28658,-83,small
48251,TX,2024,150008,3168,large
48253,TX,2024,11052,32,small
48255,TX,2024,9784,-16,tiny
48257,TX,2024,125775,6831,large
48259,TX,2024,40507,949,small
48261,TX,2024,193,7,tiny
48263,TX,2024,540,0,tiny
48265,TX,2024,40682,112,small
48267,TX,2024,3148,-4,tiny
48269,TX,2024,207,0,tiny
48271,TX,2024,2232,2,tiny
48273,TX,2024,21574,45,small
48275,TX,2024,2514,-5,tiny
48277,TX,2024,37182,167,small
48279,TX,2024,9172,-30,tiny
48281,TX,2024,16517,196,small
48283,TX,2024,4520,-33,tiny
48285,TX,2024,16967,24,small
48287,TX,2024,14483,106,small
48289,TX,2024,12634,120,small
48291,TX,2024,69647,2927,medium
48293,TX,2024,15207,95,small
48295,TX,2024,2288,-4,tiny
48297,TX,2024,8594,52,tiny
48299,TX,2024,15098,334,small
48301,TX,2024,87,0,tiny
48303,TX,2024,232360,71,large
48305,TX,2024,4696,36,tiny
48307,TX,2024,5461,-1,tiny
48309,TX,2024,197523,426,large
48311,TX,2024,610,3,tiny
48313,TX,2024,9295,57,tiny
48315,TX,2024,6123,33,tiny
48317,TX,2024,4374,-8,tiny
48319,TX,2024,3554,1,tiny
48321,TX,2024,28627,-58,small
48323,TX,2024,54808,-201,medium
48325,TX,2024,40834,714,small
48327,TX,2024,1481,4,tiny
48329,TX,2024,152880,-1198,large
48331,TX,2024,17817,242,small
48333,TX,2024,3505,-3,tiny
48335,TX,2024,4644,4,tiny
48337,TX,2024,14762,236,small
48339,TX,2024,540715,7990,very large
48341,TX,2024,16656,5,small
48343,TX,2024,8483,38,tiny
48345,TX,2024,836,0,tiny
48347,TX,2024,43236,-6,small
48349,TX,2024,38305,487,small
48351,TX,2024,8285,-11,tiny
48353,TX,2024,10916,5,small
48355,TX,2024,259391,-1074,large
48357,TX,2024,8148,-21,tiny
48359,TX,2024,1639,-3,tiny
48361,TX,2024,60761,2,medium
48363,TX,2024,20821,98,small
48365,TX,2024,16610,63,small
48367,TX,2024,132225,3072,large
48369,TX,2024,6881,-32,tiny
48371,TX,2024,11013,-8,small
48373,TX,2024,41014,664,small
48375,TX,2024,79118,-363,medium
48377,TX,2024,6236,5,tiny
48379,TX,2024,8578,211,tiny
48381,TX,2024,112389,473,large
48383,TX,2024,3123,-35,tiny
48385,TX,2024,2772,-23,tiny
48387,TX,2024,8126,3,tiny
48389,TX,2024,10046,-40,small
48391,TX,2024,4820,58,tiny
48393,TX,2024,688,1,tiny
48395,TX,2024,12958,50,small
48397,TX,2024,96469,3310,medium
48399,TX,2024,7792,26,tiny
48401,TX,2024,35624,173,small
48403,TX,2024,6693,75,tiny
48405,TX,2024,5153,22,tiny
48407,TX,2024,18978,382,small
48409,TX,2024,53036,-64,medium
48411,TX,2024,4063,-3,tiny
48413,TX,2024,1802,-11,tiny
48415,TX,2024,12444,-55,small
48417,TX,2024,2465,6,tiny
48419,TX,2024,17904,-17,small
48421,TX,2024,2079,6,tiny
48423,TX,2024,183600,740,large
48425,TX,2024,7317,63,tiny
48427,TX,2024,56475,-66,medium
48429,TX,2024,6066,-10,tiny
48431,TX,2024,1123,-2,tiny
48433,TX,2024,984,0,tiny
48435,TX,2024,2802,16,tiny
48437,TX,2024,4781,27,tiny
48439,TX,2024,1716698,7272,enormous
48441,TX,2024,106434,14,large
48443,TX,2024,510,0,tiny
48445,TX,2024,9115,-22,tiny
48447,TX,2024,992,0,tiny
48449,TX,2024,25879,-54,small
48451,TX,2024,90234,-303,medium
48453,TX,2024,982482,-30772,very large
48455,TX,2024,9694,104,tiny
48457,TX,2024,12930,99,small
48459,TX,2024,30671,192,small
48461,TX,2024,2653,-1,tiny
48463,TX,2024,20494,-54,small
48465,TX,2024,41338,109,small
48467,TX,2024,42636,730,small
48469,TX,2024,71185,-291,medium
48471,TX,2024,38060,31,small
48473,TX,2024,43018,1292,small
48475,TX,2024,9464,-65,tiny
48477,TX,2024,27659,240,small
48479,TX,2024,236557,-1251,large
48481,TX,2024,34741,122,small
48483,TX,2024,3572,-4,tiny
48485,TX,2024,88173,19,medium
48487,TX,2024,9073,-23,tiny
48489,TX,2024,13531,-12,small
48491,TX,2024,563597,14783,very large
48493,TX,2024,43799,500,small
48495,TX,2024,6201,-20,tiny
48497,TX,2024,58364,1084,medium
48499,TX,2024,33580,321,small
48501,TX,2024,7416,-4,tiny
48503,TX,2024,13124,-29,small
48505,TX,2024,10460,20,small
48507,TX,2024,7912,-24,tiny
55001,WI,2024,14632,163,small
55003,WI,2024,11854,-85,small
55005,WI,2024,38658,36,small
55007,WI,2024,12560,113,small
55009,WI,2024,225953,-150,large
55011,WI,2024,10993,87,small
55013,WI,2024,12515,313,small
55015,WI,2024,45933,-155,small
55017,WI,2024,55317,239,medium
55019,WI,2024,31083,-17,small
55021,WI,2024,48064,488,small
55023,WI,2024,12798,20,small
55025,WI,2024,454348,-2098,large
55027,WI,2024,68137,245,medium
55029,WI,2024,24895,149,small
55031,WI,2024,32464,120,small
55033,WI,2024,34111,-34,small
55035,WI,2024,80179,-151,medium
55037,WI,2024,3431,4,tiny
55039,WI,2024,84036,167,medium
55041,WI,2024,6859,44,tiny
55043,WI,2024,39353,-112,small
55045,WI,2024,31618,158,small
55047,WI,2024,15252,78,small
55049,WI,2024,20048,47,small
55051,WI,2024,4558,26,tiny
55053,WI,2024,15076,32,small
55055,WI,2024,67199,336,medium
55057,WI,2024,20165,90,small
55059,WI,2024,132044,865,large
55061,WI,2024,17009,39,small
55063,WI,2024,93116,-211,medium
55065,WI,2024,14497,43,small
55067,WI,2024,15119,63,small
55069,WI,2024,22139,82,small
55071,WI,2024,64576,215,medium
55073,WI,2024,119408,-74,large
55075,WI,2024,31462,50,small
55077,WI,2024,12496,90,small
55078,WI,2024,3418,-10,tiny
55079,WI,2024,671664,-4509,very large
55081,WI,2024,37240,-47,small
55083,WI,2024,32241,376,small
55085,WI,2024,30823,228,small
55087,WI,2024,162957,185,large
55089,WI,2024,79385,875,medium
55091,WI,2024,6206,-7,tiny
55093,WI,2024,32286,147,small
55095,WI,2024,37062,382,small
55097,WI,2024,55820,-63,medium
55099,WI,2024,10966,53,small
55101,WI,2024,156261,501,large
55103,WI,2024,13633,28,small
55105,WI,2024,131562,541,large
55107,WI,2024,11050,30,small
55109,WI,2024,82162,828,medium
55111,WI,2024,55022,181,medium
55113,WI,2024,13124,83,small
55115,WI,2024,32905,64,small
55117,WI,2024,98329,170,medium
55119,WI,2024,16796,-6,small
55121,WI,2024,24534,-47,small
55123,WI,2024,24796,29,small
55125,WI,2024,17889,155,small
55127,WI,2024,80260,739,medium
55129,WI,2024,13056,65,small
55131,WI,2024,120702,948,large
55133,WI,2024,360876,3290,large
55135,WI,2024,40560,53,small
55137,WI,2024,18598,158,small
55139,WI,2024,134895,-48,large
55141,WI,2024,60261,34,medium
