county_fips,county_name,state_po,chg_2011,chg_2012,chg_2013,chg_2014,chg_2015,chg_2016,chg_2017,chg_2018,chg_2019,chg_2020,chg_2021,chg_2022,chg_2023,chg_2024,static_2011,static_2012,static_2013,static_2014,static_2015,static_2016,static_2017,static_2018,static_2019,static_2020,static_2021,static_2022,static_2023,static_2024
4001,APACHE,AZ,198,-459,31,-178,458,447,-36,-169,173,178,199,220,241,262,48121,46925,46119,45565,45757,46256,46854,46286,49916,50043,50170,50297,50425,50553
4003,COCHISE,AZ,-651,-740,-651,-413,-404,-153,55,-73,-37,102,205,307,409,511,94084,93131,91937,92747,89770,86293,89275,90337,92808,92381,91956,91533,91112,90692
4005,COCONINO,AZ,-366,-588,-474,-195,-100,-378,-282,-176,-262,-89,-58,-27,4,35,93356,91215,92345,93586,92541,90446,92258,92951,95434,95607,95780,95954,96128,96302
4007,GILA,AZ,7,113,-3,-26,107,489,179,270,345,276,321,367,412,457,36903,36574,36655,36754,35885,34957,36042,36280,37374,37338,37302,37266,37230,37194
4009,GRAHAM,AZ,1,-34,-77,-28,-67,-98,85,63,141,165,184,203,223,243,22540,22445,22669,23206,22962,22182,22750,23327,25475,25717,25961,26208,26457,26708
4011,GREENLEE,AZ,49,41,5,4,-7,-65,0,-20,-23,-48,-57,-66,-76,-85,5791,5908,6221,6575,6547,6269,6322,6444,6623,6710,6798,6887,6977,7069
4012,LA PAZ,AZ,-19,17,-30,-53,-12,74,9,-30,-13,-35,-34,-33,-31,-30,10900,10828,10864,10905,10661,10548,10498,10478,10708,10660,10612,10564,10516,10469
4013,MARICOPA,AZ,11413,8804,9943,8901,17909,26345,23657,24950,28209,28933,31526,34108,36676,39231,3006087,3035273,3042061,3099006,3107217,3094672,3174011,3219158,3347906,3386672,3425887,3465556,3505684,3546277
4015,MOHAVE,AZ,282,364,418,334,875,1956,1902,1762,2607,2695,2996,3298,3599,3901,128944,126627,126117,126899,125146,122892,127549,130312,135375,135988,136604,137223,137845,138470
4017,NAVAJO,AZ,-152,245,98,-19,427,768,723,570,863,911,1028,1145,1262,1379,73449,72402,71742,72082,71748,71198,73876,75103,79537,80169,80806,81448,82095,82747
4019,PIMA,AZ,-295,-746,-214,-205,585,3533,3216,3158,4115,4442,5104,5766,6428,7089,724687,721192,721379,729836,725380,717335,735057,743934,765848,770128,774432,778760,783112,787489
4021,PINAL,AZ,571,1762,1803,1191,3336,6310,4649,5535,8377,8002,8877,9748,10618,11484,224729,226603,233067,242271,240658,237241,256932,267836,290521,298883,307486,316337,325442,334809
4023,SANTA CRUZ,AZ,-289,-187,-339,-112,-203,-118,-158,-173,-34,-53,-30,-6,18,41,41835,40898,40209,39852,39633,39890,40427,40338,41331,41277,41223,41169,41115,41062
4025,YAVAPAI,AZ,971,1561,1049,721,1511,3202,2425,2213,3636,3149,3436,3720,4003,4284,153784,154080,155732,159167,157648,155862,163126,166956,171714,173885,176083,178309,180563,182845
4027,YUMA,AZ,-569,-482,-704,-586,-256,258,309,487,1016,1171,1373,1575,1777,1979,167364,164573,163789,164188,162972,161494,164733,164989,169186,169315,169444,169573,169703,169833
12001,ALACHUA,FL,-933,-802,-830,-205,-553,-1422,-957,-937,-903,-771,-794,-815,-836,-855,161152,159744,160719,165470,164897,160947,166305,170247,172650,174116,175594,177085,178589,180105
12003,BAKER,FL,-20,19,15,42,48,78,138,132,147,175,196,218,239,261,18751,18437,18441,18384,18380,18159,18658,19272,20080,20220,20361,20503,20646,20790
12005,BAY,FL,138,528,264,43,34,-174,-1183,-2489,178,-1468,-1666,-1864,-2061,-2258,126465,127382,129722,133573,133038,129224,127285,120556,122120,121357,120599,119845,119096,118352
12007,BRADFORD,FL,-73,5,48,27,28,113,19,86,54,65,78,91,104,117,16743,16465,16375,16391,16325,15950,16672,16852,17049,17092,17135,17178,17221,17264
12009,BREVARD,FL,2125,2487,3034,2111,4495,7816,3943,3725,5628,4581,4949,5308,5659,6001,417351,417028,418585,426030,426588,419904,437221,449214,459987,465267,470607,476009,481473,486999
12011,BROWARD,FL,3588,2996,2808,3791,5703,2505,63,-285,-2939,-1646,-2363,-3081,-3800,-4520,1362374,1376089,1380985,1407774,1414606,1374443,1409772,1461100,1462390,1474148,1486001,1497949,1509993,1522134
12013,CALHOUN,FL,7,-13,22,-3,22,-39,-35,-14,-18,-18,-22,-26,-30,-34,8462,8472,8387,8271,8235,8038,8119,7987,8127,8069,8011,7954,7897,7840
12015,CHARLOTTE,FL,845,1351,823,446,1225,1872,1286,1485,2616,2112,2273,2434,2593,2752,109923,110009,111968,115613,115606,113923,120674,125147,128922,131438,134003,136618,139284,142002
12017,CITRUS,FL,159,303,305,218,534,1232,848,701,1213,1100,1222,1344,1466,1587,97637,95614,96193,97528,96443,94868,99864,102418,104774,105714,106662,107619,108584,109558
12019,CLAY,FL,491,762,681,550,1137,2445,834,1144,1497,1165,1264,1360,1452,1540,151760,151997,153953,158172,156358,152795,161688,166214,170693,172990,175318,177677,180068,182491
12021,COLLIER,FL,839,2998,2771,2044,2999,2844,2647,3083,5253,4544,4875,5211,5550,5894,255711,260460,265550,273859,277372,270590,278168,289017,294137,298846,303630,308491,313430,318448
12023,COLUMBIA,FL,58,-5,83,10,250,285,386,179,353,349,392,435,478,521,44229,43879,43754,44300,44004,43100,44658,45735,46674,46949,47226,47505,47785,48067
12027,DESOTO,FL,-2,-24,35,21,-24,205,32,-4,148,78,91,104,117,129,20390,20087,20009,20603,20792,20367,20968,21283,21716,21901,22087,22275,22464,22655
12029,DIXIE,FL,-21,59,13,4,-6,23,0,-36,21,-9,-11,-13,-15,-17,8633,8532,8544,8525,8393,8191,8495,8517,8688,8683,8678,8673,8668,8663
12031,DUVAL,FL,20,-180,1038,2249,3368,2960,2285,2130,1613,2391,2653,2914,3172,3428,670045,667440,668393,682573,680878,663594,685157,703717,718013,723499,729027,734597,740210,745866
12033,ESCAMBIA,FL,-243,-363,-581,-650,-441,-491,-460,-169,34,-81,-45,-10,26,62,215447,214611,215124,219490,217611,211173,216831,220217,224895,225744,226597,227453,228312,229174
12035,FLAGLER,FL,615,611,342,114,445,1054,671,737,1568,1155,1251,1346,1441,1535,72098,72922,74321,76695,76415,75213,80218,83317,85579,87335,89127,90956,92822,94727
12037,FRANKLIN,FL,-25,-5,-17,20,-10,-28,14,-2,-21,-18,-18,-17,-16,-16,6914,6744,6758,6770,6835,6752,6780,6859,7053,7069,7085,7101,7117,7133
12039,GADSDEN,FL,-94,-108,-197,-88,-7,-14,-54,-101,-20,11,24,37,50,64,34477,33867,33166,33329,33026,32050,32047,31612,31772,31434,31100,30769,30442,30118
12041,GILCHRIST,FL,30,42,7,58,4,76,40,82,81,85,91,98,105,112,10999,10899,10788,11034,10982,10739,11095,11142,11546,11602,11658,11714,11771,11828
12043,GLADES,FL,253,2,74,40,8,37,8,97,95,23,14,5,-4,-13,5401,5696,5552,5768,5908,5760,6032,6269,6340,6457,6576,6697,6820,6945
12045,GULF,FL,-44,-9,-12,4,-39,-17,-24,8,26,20,25,30,35,39,8823,8723,8730,8868,8731,8550,8644,8497,8771,8748,8725,8702,8679,8656
12047,HAMILTON,FL,-28,29,-8,-40,-9,-49,-4,-8,4,3,3,4,4,5,8099,8057,7931,7985,7874,7750,7788,7748,7800,7757,7714,7671,7628,7586
12049,HARDEE,FL,-154,-89,-66,-18,-74,-10,-73,-76,-16,-6,4,14,24,34,19193,18890,18835,18863,18866,18350,18236,17982,18345,18217,18090,17964,17838,17713
12051,HENDRY,FL,-153,141,-27,84,118,127,-18,129,221,192,218,244,270,296,26570,27013,27587,27822,27701,27457,27594,27911,28024,28164,28304,28445,28587,28730
12053,HERNANDO,FL,438,822,514,238,1302,2488,1659,1491,2049,1969,2172,2373,2571,2767,120506,119114,120196,121247,121120,119716,127352,131961,136522,138607,140724,142873,145055,147270
12055,HIGHLANDS,FL,20,19,27,155,245,605,317,333,384,413,469,525,580,635,65678,65336,65230,65968,66105,64943,66513,67776,68333,68666,69001,69337,69675,70015
12057,HILLSBOROUGH,FL,-6853,255,2813,4829,8275,8455,5690,4888,6615,7240,8326,9377,10392,11371,958329,950451,958770,986701,992224,976177,1021921,1057942,1082889,1099751,1116875,1134266,1151928,1169865
12059,HOLMES,FL,8,-8,12,-44,28,18,23,-7,-6,-6,-5,-5,-4,-4,11900,11857,11637,11499,11298,10935,11245,11501,11517,11452,11387,11322,11258,11194
12061,INDIAN RIVER,FL,673,788,541,552,1000,1747,1169,1107,1573,1422,1530,1636,1741,1843,107297,106966,107444,109901,110488,108361,113540,117141,119553,121161,122790,124441,126114,127810
12063,JACKSON,FL,-24,78,-11,-33,-31,55,-2,-17,-58,-83,-90,-97,-104,-112,31754,31176,30894,30911,30320,29690,29629,29484,29653,29375,29100,28827,28557,28289
12065,JEFFERSON,FL,-35,6,-21,8,-6,74,15,-3,45,29,36,43,51,58,9716,9621,9528,9548,9343,9079,9224,9259,9577,9531,9485,9440,9395,9350
12067,LAFAYETTE,FL,64,-3,-1,-1,-11,4,-3,-10,11,-17,-21,-25,-29,-32,4295,4390,4543,4488,4401,4329,4367,4413,4440,4442,4444,4446,4448,4450
12069,LAKE,FL,1578,2866,2344,1550,4247,7022,5328,4228,5114,4948,5291,5605,5891,6147,226522,227349,232292,240299,239867,237125,254976,266350,274841,281430,288177,295086,302160,309404
12071,LEE,FL,4442,6027,5762,5299,8078,7869,6132,6776,9748,8778,9200,9617,10030,10438,462902,469741,480366,496731,504233,499923,520973,541383,555061,567415,580044,592954,606152,619643
12073,LEON,FL,-471,-2146,-760,-165,-1287,-1171,-772,-509,-817,-424,-381,-339,-296,-252,182589,181977,182455,186396,184386,179197,182314,185859,191239,191902,192567,193234,193904,194576
12075,LEVY,FL,38,-77,-2,-32,28,344,138,126,374,313,356,400,443,486,27433,26841,26548,26932,26835,26102,27057,27464,28259,28351,28443,28535,28627,28720
12077,LIBERTY,FL,11,-45,2,-16,-39,27,0,-41,32,17,19,22,25,28,4783,4717,4706,4670,4579,4457,4483,4349,4430,4379,4329,4279,4230,4181
12079,MADISON,FL,-6,-9,-27,-24,-54,-19,10,15,5,6,9,12,16,19,12508,12322,12276,12254,12097,11610,11717,11840,11918,11827,11737,11647,11558,11470
12081,MANATEE,FL,2431,3333,2053,1968,3993,5367,3243,3009,4929,3928,4069,4190,4290,4370,243713,246983,251798,259744,262356,259913,273511,284026,290561,296869,303314,309899,316627,323501
12083,MARION,FL,1199,1195,789,763,1571,3660,2388,2167,3602,3286,3592,3897,4201,4505,242007,241057,239059,243316,242983,239652,249739,257158,264356,267100,269872,272673,275503,278362
12085,MARTIN,FL,815,1153,671,595,1144,1240,740,960,1329,1101,1136,1169,1203,1235,108190,108876,111084,113721,113703,109592,113723,116855,117553,118644,119745,120856,121977,123109
12086,MIAMI-DADE,FL,-18214,-23208,-13482,-7138,-11943,-25786,-19421,-16605,-16712,-16423,-16467,-16506,-16537,-16563,1935579,1922525,1911835,1943513,1970227,1932186,1970178,2053818,2045647,2061861,2078203,2094675,2111278,2128012
12087,MONROE,FL,47,285,-186,-118,-261,-554,-492,-241,-164,-421,-478,-536,-594,-652,56235,56808,57312,59550,59139,54307,54759,57377,58005,57977,57949,57921,57893,57865
12089,NASSAU,FL,177,223,163,224,468,1356,727,608,1069,919,1022,1123,1221,1316,59325,59294,59793,61299,60793,59974,64273,68167,70798,72286,73806,75358,76942,78559
12091,OKALOOSA,FL,683,290,-16,-194,-271,425,694,218,-8,-53,-76,-101,-127,-155,145879,147766,149722,156246,153858,147589,154721,158932,162387,164172,165977,167802,169647,171512
12093,OKEECHOBEE,FL,-56,-38,-18,42,152,237,220,91,209,205,241,276,311,347,25888,25888,25425,25312,25311,24365,25326,25776,26281,26282,26283,26284,26285,26286
12095,ORANGE,FL,3964,2581,2871,3178,4422,1004,-53,-1405,-4068,-3219,-4128,-5045,-5970,-6903,877674,889244,904542,936603,943450,927250,968918,1007944,1024241,1043559,1063241,1083294,1103725,1124542
12097,OSCEOLA,FL,2562,2807,2076,1660,3685,5390,3006,3418,5136,4143,4244,4306,4327,4305,208744,213811,221078,233682,237529,239209,257666,272855,283146,294116,305511,317347,329642,342413
12099,PALM BEACH,FL,6152,7959,7000,6427,9537,7606,5572,6510,8407,7587,7646,7707,7769,7833,1008626,1020100,1031794,1054537,1065505,1036090,1068302,1110177,1115251,1128484,1141874,1155422,1169131,1183003
12101,PASCO,FL,2210,3612,3428,2586,5697,10209,6421,7020,9342,8563,9328,10075,10803,11511,330959,331249,336094,346582,344463,340557,365372,381697,398811,407687,416761,426037,435519,445212
12103,PINELLAS,FL,2438,3529,3520,3331,6020,6732,4112,3825,3867,4054,4235,4416,4596,4775,669571,665356,667001,677858,672590,651251,670847,687479,693243,695657,698079,700510,702949,705397
12105,POLK,FL,1008,2334,2700,2647,5703,9998,7311,7789,10102,10172,11257,12330,13390,14438,449724,447498,449382,460563,463124,460497,485526,504481,525125,535146,545358,555765,566370,577178
12107,PUTNAM,FL,-5,-127,-6,110,54,459,98,144,263,238,278,319,360,400,48044,46915,46087,46504,45989,45229,46511,47480,48728,48795,48863,48931,48999,49067
12109,ST. JOHNS,FL,2147,2714,2337,969,2499,5181,3792,3843,6545,5459,5887,6307,6719,7122,155661,159272,166075,174972,175356,172833,190024,204925,216081,224619,233494,242720,252310,262279
12111,ST. LUCIE,FL,1106,1401,1549,1472,3260,5003,3571,4213,5618,5510,6050,6585,7114,7638,206346,206128,207472,213310,214364,213017,223938,232318,238593,242971,247430,251970,256594,261302
12113,SANTA ROSA,FL,319,595,244,77,547,1533,798,748,866,718,777,832,883,928,115617,116119,118548,122445,121223,118463,127733,132976,137859,140706,143612,146578,149605,152695
12115,SARASOTA,FL,2304,2578,2643,1668,3574,5277,4004,4053,6642,5682,6138,6593,7045,7495,285928,284543,287589,294808,294291,286014,298572,310637,315479,319188,322941,326738,330579,334466
12117,SEMINOLE,FL,1077,1706,977,918,2277,2839,1758,1078,885,1054,1051,1045,1036,1025,325462,325564,330056,339441,335848,322964,338862,350563,354464,357825,361218,364643,368101,371592
12119,SUMTER,FL,1359,2134,852,428,1126,1621,1150,1377,1593,1372,1155,888,572,203,64247,67933,74813,79156,80794,81292,86578,89806,92385,96491,100779,105258,109936,114822
12121,SUWANNEE,FL,-14,74,40,32,150,222,125,108,192,163,184,206,227,248,27614,27248,27114,27387,27066,26740,27399,27844,28608,28705,28802,28900,28998,29096
12123,TAYLOR,FL,-25,10,-50,10,-37,-1,-28,-11,-53,-48,-51,-53,-56,-58,14193,14003,13863,13753,13564,13192,13356,13378,13533,13433,13334,13236,13138,13041
12125,UNION,FL,16,1,-8,4,19,38,81,12,46,45,51,57,63,69,8073,7958,7958,7943,7889,7569,7920,8248,8371,8398,8425,8452,8479,8507
12127,VOLUSIA,FL,1260,2219,1963,2002,4402,6273,3810,3842,5318,4826,5272,5712,6145,6571,359252,357360,360222,366644,365909,359998,376299,386623,395336,399895,404507,409172,413891,418664
12129,WAKULLA,FL,163,47,54,55,147,272,267,181,330,311,339,368,396,425,21224,21091,21065,21473,21405,20931,21879,22443,23199,23429,23662,23897,24134,24374
12131,WALTON,FL,335,400,113,120,296,652,401,440,644,527,558,587,614,639,39023,40015,41442,43484,43473,43608,46888,49697,52296,54133,56034,58002,60039,62147
12133,WASHINGTON,FL,-28,-7,-23,12,3,39,69,51,35,58,69,79,90,100,15399,15220,15080,15256,14929,14650,15165,15536,16074,16129,16184,16239,16294,16349
13001,APPLING,GA,33,-9,19,2,8,-3,4,-6,9,-2,-3,-5,-7,-9,13147,13048,13102,13045,13033,12631,12691,12736,12707,12643,12579,12515,12452,12389
13003,ATKINSON,GA,4,-13,-1,-3,-2,-19,-4,-21,19,1,1,2,3,4,6206,6106,6110,5948,5893,5645,5489,5550,5473,5378,5284,5192,5101,5012
13005,BACON,GA,-11,-5,-8,-5,6,-23,-17,-17,-1,-8,-8,-8,-8,-8,7828,7838,7721,7674,7702,7396,7431,7407,7354,7289,7225,7161,7098,7035
13007,BAKER,GA,7,-12,0,0,0,6,-34,-33,-42,-49,-56,-64,-72,-80,2305,2311,2162,2046,1997,1973,1919,1866,1842,1787,1734,1682,1632,1583
13009,BALDWIN,GA,-71,-79,-41,-122,-68,-54,2,-9,-15,-8,1,11,20,30,28703,28065,27910,27819,27247,26228,26344,26372,26613,26320,26031,25745,25462,25182
13011,BANKS,GA,-28,27,33,20,20,79,66,105,102,113,128,143,157,172,12528,12489,12366,12550,12530,12024,12286,12454,12484,12468,12452,12436,12420,12404
13013,BARROW,GA,369,337,358,384,676,968,1141,953,1014,1089,1191,1292,1392,1491,53440,53818,54508,56294,56024,54713,57404,58994,61632,62585,63553,64536,65534,66548
13015,BARTOW,GA,79,140,-19,175,213,623,450,562,591,649,727,805,884,962,77892,77082,75996,77027,76163,74145,76009,77043,78947,78966,78985,79004,79023,79042
13017,BEN HILL,GA,-30,-23,-17,26,-5,-22,-12,-13,-35,-11,-11,-11,-10,-10,12531,12163,12063,12008,11817,11363,11177,10893,11013,10821,10632,10447,10265,10086
13019,BERRIEN,GA,12,15,-46,37,24,11,38,32,-11,14,15,17,19,20,12012,11940,11931,11930,11674,11314,11559,11812,11897,11860,11823,11786,11749,11712
13021,BIBB,GA,-548,-682,-462,-126,-598,-441,-137,-301,-252,-122,-75,-28,20,69,115165,112891,111448,111418,109008,104311,104380,103859,104250,102791,101353,99935,98537,97158
13023,BLECKLEY,GA,4,-28,35,21,19,3,38,-19,6,1,2,2,2,2,8936,8717,8498,8556,8524,8266,8277,8244,8394,8324,8254,8185,8116,8048
13025,BRANTLEY,GA,19,18,7,6,-5,62,23,39,35,35,39,42,46,49,11890,11872,11741,11778,11496,11262,11660,11869,12032,12030,12028,12026,12024,12022
13027,BROOKS,GA,51,-3,-28,33,-3,-1,-24,-4,-6,-12,-15,-19,-22,-25,10826,10748,10516,10687,10316,10065,10093,9885,9912,9790,9669,9550,9432,9315
13029,BRYAN,GA,228,55,22,118,320,745,336,363,569,488,538,585,630,674,26726,27415,27623,29574,28550,26997,30075,31594,32401,33097,33808,34534,35276,36033
13031,BULLOCH,GA,-195,-262,-179,55,38,13,-37,4,4,71,101,132,162,192,42066,41456,41505,42419,42238,41466,42946,43921,44707,45053,45402,45753,46107,46464
13033,BURKE,GA,-183,-75,-104,2,5,-138,-47,-38,-20,-31,-19,-7,5,16,17904,17199,16574,16505,16527,16224,16075,15942,16398,16219,16042,15867,15694,15523
13035,BUTTS,GA,-6,-7,-5,-16,124,205,289,127,278,262,301,340,380,419,15917,15692,15784,15974,15550,15031,15497,15818,16064,16054,16044,16034,16024,16014
13037,CALHOUN,GA,-31,-25,-35,0,-69,-33,-31,0,-25,-12,-15,-19,-23,-28,3700,3623,3563,3492,3452,3318,3277,3179,3074,3006,2939,2874,2810,2747
13039,CAMDEN,GA,-44,-57,-51,-60,-200,-86,-52,-89,222,70,86,102,118,134,36561,36245,36390,37744,36613,34568,36630,37902,38386,38549,38713,38877,39042,39208
13043,CANDLER,GA,16,-17,-12,25,-7,-32,17,4,-11,-3,-4,-5,-5,-6,7715,7616,7506,7378,7338,7033,7037,7132,7298,7226,7155,7084,7014,6945
13045,CARROLL,GA,-264,-327,-163,-35,275,262,239,303,628,654,763,873,982,1091,85064,84458,83462,83122,81660,78748,79930,80897,82923,82411,81902,81396,80893,80393
13047,CATOOSA,GA,62,98,74,51,71,199,122,65,233,161,175,189,202,216,46078,46112,46115,46740,46020,44488,46171,46539,47699,47794,47889,47984,48079,48174
13049,CHARLTON,GA,3,-28,3,-4,-9,16,41,11,54,52,59,66,73,80,6475,6292,6214,6192,6053,5958,6102,6226,6283,6259,6235,6211,6188,6165
13051,CHATHAM,GA,-185,-382,148,15,-241,-1135,-764,-481,-53,-293,-337,-381,-425,-468,194700,193071,192801,197982,193583,183339,186288,188096,190061,189049,188042,187041,186045,185054
13053,CHATTAHOOCHEE,GA,-315,-321,-505,-387,-302,160,-181,-278,-275,-221,-197,-172,-148,-125,5001,4705,4298,4705,3473,3189,4170,4553,4389,4311,4235,4160,4086,4014
13055,CHATTOOGA,GA,-41,-38,-3,9,-18,-8,5,-10,-8,-7,-4,-1,3,6,17500,17145,16726,16764,16549,16105,16179,16220,16487,16347,16208,16070,15934,15799
13057,CHEROKEE,GA,1025,1181,1203,828,2145,3535,2344,2434,3303,2973,3227,3473,3712,3942,177693,179360,182297,188135,186999,183751,194548,200225,205360,208865,212430,216056,219744,223495
13059,CLARKE,GA,-367,-392,-335,-28,-228,-512,-350,-525,-510,-446,-470,-495,-520,-544,68603,67499,66706,68536,68296,65791,67467,67390,67593,67500,67407,67315,67223,67131
13061,CLAY,GA,17,18,0,0,0,0,0,0,0,-8,-11,-13,-16,-18,2110,2051,2051,2068,1981,1942,1888,1865,1863,1832,1801,1771,1741,1712
13063,CLAYTON,GA,-280,-437,161,1247,2109,1763,952,671,-318,1084,1172,1260,1347,1435,193703,191525,189811,194613,193372,186150,189566,188763,190904,190431,189959,189488,189019,188551
13065,CLINCH,GA,-16,-10,-24,0,-23,-25,0,-18,-30,-24,-25,-26,-27,-28,4793,4723,4737,4754,4641,4492,4409,4356,4463,4409,4356,4303,4251,4200
13067,COBB,GA,1269,2040,2799,1449,1406,543,1443,663,506,315,134,-48,-230,-412,592004,554577,560835,573752,566533,543975,553934,556427,558188,555373,552572,549785,547013,544255
13069,COFFEE,GA,49,54,-46,72,-10,25,-23,-3,-13,-26,-33,-40,-48,-55,29898,29571,29435,29300,29051,27988,27950,27869,27741,27453,27168,26886,26607,26331
13071,COLQUITT,GA,-390,-129,-84,-21,21,30,-9,5,-34,115,149,184,219,254,33632,33552,33217,32829,32279,31262,31094,30597,30921,30515,30114,29718,29327,28942
13073,COLUMBIA,GA,1537,1217,1347,743,949,1950,1123,1063,1653,1127,1109,1085,1056,1021,101094,102842,105674,111063,109900,107354,113214,116780,120139,122516,124940,127412,129933,132504
13075,COOK,GA,0,45,4,-1,7,-16,20,8,26,18,18,18,18,19,11663,11473,11462,11618,11233,10766,10953,10929,11134,11042,10951,10860,10770,10681
13077,COWETA,GA,-700,-1,-152,272,509,1194,592,680,990,999,1187,1374,1562,1749,112390,112025,111391,111866,109006,105783,109358,110567,112948,112737,112526,112316,112106,111896
13079,CRAWFORD,GA,-64,-36,67,17,13,-5,37,21,44,57,65,74,83,92,8898,8782,8608,8779,8460,8049,8221,8248,8459,8379,8300,8222,8144,8067
13081,CRISP,GA,4,-67,-82,63,36,-33,3,-29,45,67,80,94,108,125,15449,15157,14719,14657,14540,14094,13753,13442,13457,13215,12978,12745,12516,12291
13083,DADE,GA,-26,-14,-28,-7,8,-2,-20,-27,-7,-12,-11,-10,-9,-8,10791,10701,10566,10548,10430,10169,10327,10246,10535,10481,10427,10373,10320,10267
13085,DAWSON,GA,92,7,92,36,138,264,193,243,443,391,434,477,520,563,15765,16094,16166,16588,16243,15794,16955,17552,18482,18775,19072,19374,19681,19993
13087,DECATUR,GA,-69,34,-8,-59,18,-31,-15,6,-2,3,7,10,13,17,20928,20606,20258,20181,19694,18890,18436,18290,18689,18360,18037,17720,17408,17102
13089,DEKALB,GA,-652,-1477,-1241,732,-842,-3629,-2487,-2332,-4466,-3501,-3912,-4323,-4733,-5143,507966,507842,508570,520173,514366,491942,502682,503584,506057,505051,504047,503045,502045,501047
13091,DODGE,GA,-56,-6,-24,-7,-53,15,-29,19,-20,-19,-16,-13,-10,-7,13543,13235,13114,13079,12928,12618,12484,12445,12511,12379,12248,12119,11991,11865
13093,DOOLY,GA,-52,17,-6,-22,-8,-13,-46,-28,-54,-41,-40,-39,-36,-33,7529,7406,7288,7137,6912,6635,6370,6115,5959,5778,5602,5432,5267,5107
13095,DOUGHERTY,GA,-185,-405,-470,-253,-298,-482,-364,-238,-501,-410,-419,-428,-436,-444,66212,64773,63344,63154,61682,58252,56573,54971,54510,53096,51719,50377,49070,47797
13097,DOUGLAS,GA,162,507,478,383,647,874,910,769,1026,1053,1146,1240,1333,1426,97993,98437,99747,101981,100248,95664,98422,98949,101070,101152,101234,101316,101398,101480
13099,EARLY,GA,-16,27,12,5,48,-10,25,0,6,15,16,16,17,18,7833,7708,7658,7716,7465,7179,6950,6878,6968,6844,6722,6603,6486,6371
13101,ECHOLS,GA,-21,9,2,7,-29,-15,10,-3,26,14,17,19,22,24,2570,2550,2590,2644,2527,2385,2393,2439,2454,2430,2407,2384,2361,2338
13103,EFFINGHAM,GA,227,229,323,217,547,869,644,520,591,557,603,647,688,726,41220,41792,42383,43601,43263,42657,45132,47164,48924,49872,50839,51825,52830,53854
13105,ELBERT,GA,-49,-58,-52,-7,-61,-24,11,13,48,40,52,64,76,88,15307,15084,14877,14902,14769,14156,14166,13744,13869,13680,13494,13310,13129,12950
13107,EMANUEL,GA,-29,40,-25,28,-4,29,-31,-37,-14,-22,-26,-29,-32,-36,16768,16614,16485,16297,16150,15651,15570,15385,15404,15219,15036,14856,14678,14502
13109,EVANS,GA,-15,-11,-36,-5,12,37,28,-18,-1,-10,-7,-5,-2,0,7782,7724,7652,7576,7476,7257,7191,7246,7287,7212,7138,7064,6991,6919
13111,FANNIN,GA,66,39,19,38,121,215,114,22,151,124,132,140,147,154,16120,16210,16365,16516,16543,16440,17248,17577,17588,17792,17998,18207,18418,18632
13113,FAYETTE,GA,582,479,265,100,732,1336,519,765,962,730,798,865,933,1000,90468,90348,90871,92447,90331,87830,91330,92559,93920,94204,94489,94775,95062,95349
13115,FLOYD,GA,-162,3,-187,-2,19,143,4,58,154,156,189,221,253,286,72718,72283,71478,71882,71492,68915,69533,69468,69703,69256,68812,68371,67933,67498
13117,FORSYTH,GA,2289,3571,2926,2166,4372,6646,3698,3298,4058,3319,3080,2753,2333,1817,154304,159384,165234,173784,175041,175572,189570,198059,204886,212081,219529,227238,235218,243478
13119,FRANKLIN,GA,47,8,43,-31,48,91,37,-6,148,78,86,94,102,109,15810,15822,15473,15885,15348,15057,15523,15637,16048,16042,16036,16030,16024,16018
13121,FULTON,GA,-110,-1141,-742,230,1357,2697,1099,956,-531,1261,1439,1617,1796,1974,770882,671165,670271,687765,677427,695952,717162,733895,740585,743736,746900,750078,753269,756474
13123,GILMER,GA,6,50,59,36,98,255,85,97,121,95,108,122,135,148,20586,20360,20411,20780,20561,20170,21023,21447,21936,22097,22259,22423,22588,22754
13125,GLASCOCK,GA,23,1,0,0,0,0,0,0,0,-4,-5,-7,-8,-10,2024,2021,1971,1972,1939,1859,1855,1907,1941,1924,1907,1890,1874,1858
13127,GLYNN,GA,94,132,-15,171,50,158,-210,40,23,-25,-41,-57,-73,-89,58571,58748,58994,59954,59138,56241,57866,59349,59807,59818,59829,59840,59851,59862
13129,GORDON,GA,47,-3,-88,48,128,-18,32,59,180,198,213,230,246,263,44415,43364,43014,43118,42352,41744,41752,41439,41966,41649,41334,41022,40712,40404
13131,GRADY,GA,204,-40,-29,-11,-103,-2,-7,-62,-56,-121,-143,-166,-190,-214,18842,19042,18868,18776,18412,17652,17208,16589,16812,16502,16198,15900,15607,15319
13133,GREENE,GA,-22,52,63,-25,56,164,105,145,259,223,251,279,306,334,12248,12074,12200,12432,12384,12204,12939,13188,13552,13727,13904,14083,14265,14449
13135,GWINNETT,GA,4174,6816,5407,3314,6343,7425,4733,4310,4952,4913,4871,4825,4778,4728,668315,676953,686045,704638,700973,681689,698136,705993,713538,718188,722868,727579,732321,737093
13137,HABERSHAM,GA,-91,76,66,-37,16,160,69,62,146,115,134,152,171,189,31579,31561,31942,32020,31521,30765,31613,31701,32370,32398,32426,32454,32482,32510
13139,HALL,GA,155,680,331,350,1040,1230,996,884,1706,1532,1682,1833,1983,2133,153574,154319,154728,155694,155269,151586,154783,155292,157994,158274,158555,158836,159118,159400
13141,HANCOCK,GA,1,-77,-16,-2,-4,-14,-15,-7,-17,0,2,5,8,11,5687,5397,5204,5160,5121,4893,4873,4815,4809,4714,4621,4530,4440,4352
13143,HARALSON,GA,29,21,74,51,65,238,140,80,212,166,186,207,227,248,20113,20104,20000,20084,19870,19448,20176,20344,20851,20908,20966,21024,21082,21140
13145,HARRIS,GA,1,92,33,141,353,439,324,330,558,525,588,651,714,777,24701,24486,24463,24860,24451,23877,24936,26064,26234,26421,26609,26799,26990,27182
13147,HART,GA,57,-9,-65,21,45,78,55,62,94,94,105,116,127,138,18093,17955,17832,18091,17895,17335,17740,17917,18086,18068,18050,18032,18014,17996
13149,HEARD,GA,-7,-43,4,23,34,55,13,5,50,42,49,56,63,70,7543,7358,7433,7364,7315,7009,7243,7273,7342,7312,7282,7252,7223,7194
13151,HENRY,GA,1267,1298,1609,1437,2764,4106,3294,3144,3762,3713,4060,4405,4749,5090,159051,159656,160756,164429,163062,158399,164840,167585,171685,173018,174361,175715,177079,178454
13153,HOUSTON,GA,-73,76,-300,109,515,384,373,434,618,660,751,842,933,1024,117023,117722,118216,119633,117888,114054,116891,117415,120661,120750,120839,120928,121017,121106
13155,IRWIN,GA,-24,-38,-7,13,15,3,17,-27,-2,7,10,12,15,17,6496,6265,6189,6312,6117,6003,6052,6102,5960,5909,5858,5808,5758,5708
13157,JACKSON,GA,259,177,294,206,428,1248,904,812,1419,1274,1413,1551,1688,1824,46673,47127,47963,49116,48653,47948,51823,54248,56599,57862,59153,60473,61822,63202
13159,JASPER,GA,-235,19,-23,53,65,161,125,196,187,206,250,294,338,382,10215,9983,9879,9855,9838,9582,9879,9876,10302,10297,10292,10287,10282,10277
13161,JEFF DAVIS,GA,5,-2,-39,1,33,-23,12,33,10,28,32,36,39,43,11242,10852,10760,10672,10537,10120,9906,9798,9996,9832,9670,9511,9355,9201
13163,JEFFERSON,GA,-43,-109,-17,-26,-35,-52,-66,-34,-9,-12,-7,-2,4,9,13549,13097,12732,12538,12390,11973,11778,11572,11566,11336,11110,10889,10672,10460
13165,JENKINS,GA,-25,-32,-5,-39,-5,-40,-22,0,22,19,25,30,36,42,5658,5426,5540,5389,5261,5096,4990,4963,4978,4892,4808,4725,4643,4563
13167,JOHNSON,GA,4,-3,13,-19,-17,-8,10,-34,-1,-19,-21,-23,-25,-27,5509,5432,5418,5383,5306,5181,5173,5220,5190,5148,5106,5065,5024,4983
13169,JONES,GA,185,10,63,-32,82,130,71,78,108,74,75,76,77,78,21446,21124,21198,21110,20962,20362,20600,20446,20563,20440,20318,20197,20076,19956
13171,LAMAR,GA,17,19,51,1,72,95,155,177,84,133,151,168,186,203,11885,11914,11970,12067,11902,11639,11799,12003,12172,12183,12194,12205,12216,12227
13173,LANIER,GA,104,-21,-10,7,44,4,-6,27,-2,-14,-19,-24,-28,-33,5735,5825,5770,5872,5732,5484,5687,5723,5905,5902,5899,5896,5893,5890
13175,LAURENS,GA,5,21,-116,34,-90,21,-77,17,-87,-74,-79,-85,-91,-96,37034,36707,36166,36005,35674,34926,34734,34714,35189,34907,34627,34349,34074,33801
13177,LEE,GA,218,160,308,125,226,396,290,283,223,232,243,253,264,274,24164,24211,24097,24799,23910,23119,23622,24011,24302,24257,24212,24167,24122,24077
13179,LIBERTY,GA,-596,-674,-545,-603,-194,-683,-273,-121,-188,-60,2,65,128,191,42280,42379,42437,44557,42080,37095,39560,40840,41562,41215,40871,40530,40192,39856
13181,LINCOLN,GA,12,4,-2,13,15,49,46,11,38,39,43,47,52,56,5723,5548,5445,5378,5448,5291,5473,5563,5534,5522,5510,5498,5486,5474
13183,LONG,GA,283,224,122,191,208,271,164,95,197,125,112,97,83,67,7778,8063,8559,9277,9208,8630,9306,9892,10454,10789,11134,11491,11859,12239
13185,LOWNDES,GA,-419,-541,-486,-204,-121,-131,-51,49,20,186,260,334,409,483,75922,74277,74279,76168,74520,71992,74020,75081,76113,76086,76059,76032,76005,75978
13187,LUMPKIN,GA,-9,10,39,0,50,227,73,95,162,124,144,163,183,202,18953,18814,19084,19367,18990,18525,19549,19844,20471,20633,20796,20960,21125,21292
13189,MCDUFFIE,GA,10,-11,-26,-29,-23,29,-38,-83,38,-29,-30,-32,-33,-35,16549,16643,16609,16516,16191,15743,15864,15821,15856,15734,15613,15493,15374,15256
13191,MCINTOSH,GA,-18,27,-66,-13,30,38,59,-1,11,17,22,26,31,36,7918,7888,7869,7831,7633,7215,7301,7450,7393,7310,7228,7147,7067,6988
13193,MACON,GA,-18,-82,-28,-36,-49,-37,-66,-26,-26,-19,-15,-11,-6,-1,8641,8327,8193,8038,7890,7531,7293,7112,7111,6930,6753,6581,6413,6249
13195,MADISON,GA,-196,150,19,-11,83,238,191,149,273,256,297,338,379,419,21019,20870,20750,20861,20757,20319,21011,21348,21980,22070,22160,22251,22342,22434
13197,MARION,GA,26,-14,8,12,9,-25,2,-24,3,-4,-6,-9,-11,-13,5243,5180,5100,5114,5010,4723,4700,4728,4770,4699,4629,4560,4492,4425
13199,MERIWETHER,GA,-114,48,-39,-20,-134,32,29,98,113,139,162,186,210,234,15897,15737,15389,15107,14615,13973,14131,13917,13980,13719,13463,13212,12965,12723
13201,MILLER,GA,5,1,26,-1,6,-9,34,-22,-21,-17,-20,-23,-25,-28,3934,3919,3985,3962,3951,3767,3583,3591,3800,3758,3717,3676,3636,3596
13205,MITCHELL,GA,-36,-19,-28,-81,14,4,-23,-31,-85,-77,-84,-91,-100,-109,16027,15983,15561,15408,14926,14443,14214,13877,13894,13610,13331,13058,12791,12529
13207,MONROE,GA,174,82,31,82,169,177,147,198,364,291,315,339,363,386,19728,19945,19829,19801,19233,18857,19405,19769,19980,19957,19934,19911,19888,19866
13209,MONTGOMERY,GA,-53,-21,2,-2,34,10,7,6,5,23,29,34,40,45,5546,5508,5454,5446,5336,5174,5228,5166,5186,5135,5084,5034,4984,4935
13211,MORGAN,GA,24,20,60,88,20,284,105,168,239,216,243,269,295,322,14443,14244,14209,14331,14165,13856,14412,14789,15127,15201,15275,15350,15425,15500
13213,MURRAY,GA,-17,7,-41,-11,-30,28,2,-20,1,-15,-14,-12,-10,-8,29388,28610,28917,28698,28126,27453,27778,27656,28114,27925,27738,27552,27367,27183
13215,MUSCOGEE,GA,-439,-206,-703,-431,-1002,-1320,-210,-60,-165,-162,-126,-88,-47,-5,145793,145164,142752,144898,139973,130665,132640,132190,133060,131086,129141,127225,125338,123479
13217,NEWTON,GA,650,445,344,359,756,1014,851,900,1304,1132,1226,1319,1412,1505,74292,74682,75326,76721,76295,73600,75983,76617,77934,78252,78571,78891,79212,79535
13219,OCONEE,GA,64,300,302,104,399,896,404,255,389,361,369,371,368,358,28135,28584,28600,29455,30100,29779,32306,33573,34282,35166,36073,37003,37957,38936
13221,OGLETHORPE,GA,-3,-37,61,22,3,115,87,70,148,129,147,165,183,200,10273,10108,9928,10130,9979,9635,9981,10112,10393,10394,10395,10396,10397,10398
13223,PAULDING,GA,631,384,578,227,1149,2492,1725,1775,2140,1998,2224,2447,2666,2882,109382,110374,111273,114399,113310,110222,117427,121011,126067,128003,129969,131965,133991,136049
13225,PEACH,GA,82,6,12,6,-6,109,9,47,46,24,25,26,26,27,18705,18540,18675,18774,18300,17601,17507,17731,17780,17624,17469,17315,17163,17012
13227,PICKENS,GA,65,71,142,38,196,419,224,154,378,312,345,378,410,443,23428,23252,23285,23701,23340,22840,24357,24671,24765,24953,25142,25332,25524,25717
13229,PIERCE,GA,38,67,33,-4,36,7,36,3,24,15,11,7,3,0,13992,14010,13822,13877,13637,13226,13458,13520,13793,13732,13671,13611,13551,13491
13231,PIKE,GA,22,55,66,26,27,218,151,136,291,238,266,294,322,350,13576,13521,13408,13725,13547,13033,13635,13882,14316,14381,14447,14513,14579,14646
13233,POLK,GA,-87,-131,-31,1,62,84,114,140,92,155,187,218,249,281,31607,30707,30186,30278,30039,29041,29434,29427,30094,29886,29679,29474,29270,29068
13235,PULASKI,GA,-11,26,-27,-19,-27,-2,0,-39,18,0,1,2,3,5,6911,6694,6508,6345,6125,5784,5828,5662,5665,5515,5369,5227,5089,4954
13237,PUTNAM,GA,75,59,41,22,94,150,42,103,328,240,261,283,304,325,15614,15460,15287,15280,15113,14546,14998,15145,15339,15283,15227,15171,15115,15060
13239,QUITMAN,GA,-4,-6,-28,0,11,38,-33,0,-11,-9,-10,-10,-10,-10,1577,1456,1412,1379,1373,1316,1339,1329,1344,1320,1297,1274,1252,1230
13241,RABUN,GA,31,23,-5,7,-1,75,67,30,159,122,134,147,159,172,12361,12307,12102,12128,11954,11634,12021,12132,12294,12269,12245,12221,12197,12173
13243,RANDOLPH,GA,-51,-23,0,-31,26,-52,0,0,0,11,17,23,30,36,5104,4826,4763,4679,4625,4362,4299,4243,4115,4012,3911,3813,3717,3624
13245,RICHMOND,GA,-614,-852,-566,-326,-366,-1019,-428,-521,-693,-413,-404,-395,-384,-373,139859,136563,134769,136469,133331,127355,129072,128889,129586,128224,126876,125542,124222,122916
13247,ROCKDALE,GA,200,403,377,472,478,861,423,632,528,634,674,714,754,794,63260,62525,62374,63623,62274,59695,60803,60292,60723,60332,59944,59558,59175,58794
13249,SCHLEY,GA,31,23,4,10,-8,15,-11,14,-14,-18,-22,-26,-30,-34,3288,3239,3301,3376,3328,3205,3221,3254,3358,3358,3358,3358,3358,3358
13251,SCREVEN,GA,-7,19,-11,10,-24,-17,11,-5,19,12,13,14,16,17,10093,9946,9779,9732,9599,9420,9247,9320,9351,9251,9152,9054,8957,8861
13253,SEMINOLE,GA,15,-31,-53,-24,-26,-49,-26,8,-1,-5,-2,1,5,9,6495,6398,6104,6108,5989,5523,5507,5315,5312,5166,5024,4886,4752,4622
13255,SPALDING,GA,-330,158,-4,83,360,391,393,304,398,434,508,582,656,730,46608,45760,45201,45294,44798,43383,44585,44656,45583,45407,45231,45056,44882,44708
13257,STEPHENS,GA,-87,-38,24,14,32,12,43,0,2,11,19,28,36,45,18262,17877,17874,17746,17710,17266,17729,17881,18304,18294,18284,18274,18264,18254
13259,STEWART,GA,13,-26,-30,-41,-27,-2,-49,-38,-6,-32,-33,-35,-37,-39,3118,2981,2865,2821,2711,2549,2552,2510,2420,2346,2274,2204,2137,2072
13261,SUMTER,GA,-173,-80,-164,-99,-94,-162,-27,-136,-38,-47,-33,-19,-4,12,23210,22816,22320,22297,21650,20318,19941,19494,19247,18759,18284,17821,17370,16930
13263,TALBOT,GA,-61,-17,29,8,-23,-27,-10,-31,47,14,18,23,28,33,4599,4406,4365,4355,4242,3998,3986,3954,3833,3750,3668,3588,3510,3434
13265,TALIAFERRO,GA,21,-1,0,0,0,0,0,0,0,-2,-4,-5,-7,-9,1059,1109,1059,1053,1032,1014,1004,967,949,933,918,903,888,873
13267,TATTNALL,GA,54,21,-29,9,42,24,-1,-2,-42,-38,-44,-51,-57,-64,14307,14363,14453,14439,14221,13752,13646,13581,13858,13752,13647,13543,13440,13338
13269,TAYLOR,GA,-12,27,-9,-18,-5,-8,-4,-26,-9,-25,-27,-30,-32,-35,6046,5886,5873,5812,5690,5500,5466,5448,5483,5408,5334,5261,5189,5118
13271,TELFAIR,GA,-3,-30,37,-35,-20,-10,-4,-21,-3,-22,-24,-25,-27,-29,7614,7475,7188,7116,6976,6616,6534,6410,6456,6309,6165,6024,5887,5753
13273,TERRELL,GA,-36,-37,-13,-13,-54,-8,-10,4,16,9,14,19,23,28,7625,7196,7149,6974,6859,6495,6387,6215,6097,5934,5775,5620,5469,5322
13275,THOMAS,GA,-1,89,-34,18,-26,-42,-100,-37,61,3,-1,-6,-10,-14,33866,33326,33055,33231,32749,31495,31674,31653,31867,31583,31302,31023,30747,30473
13277,TIFT,GA,-143,-2,16,-14,6,-31,-41,32,38,43,55,66,78,89,30444,29846,29883,30098,30066,28941,29036,28510,28908,28696,28486,28277,28070,27864
13279,TOOMBS,GA,7,19,-50,-20,-34,-52,-13,-83,-28,-61,-68,-75,-81,-88,20089,19959,19787,20103,19660,18784,18536,18358,18440,18198,17959,17724,17492,17263
13281,TOWNS,GA,15,37,0,-5,-4,37,-4,34,24,22,23,24,25,26,7552,7613,7744,7714,7613,7594,7991,8248,8422,8524,8627,8732,8838,8945
13283,TREUTLEN,GA,-7,9,9,-18,1,-4,0,18,6,4,5,7,8,9,4350,4278,4358,4382,4292,4186,4071,4117,4206,4176,4146,4116,4086,4057
13285,TROUP,GA,124,-4,91,-127,31,76,-6,48,28,-17,-23,-29,-36,-44,52267,52362,52129,52328,51319,49278,48475,47834,48231,47594,46965,46344,45732,45128
13287,TURNER,GA,-159,8,-15,21,-31,-4,3,-7,24,-1,8,17,26,35,6677,6340,6189,6199,6145,5902,5911,5786,5867,5777,5688,5600,5514,5429
13289,TWIGGS,GA,17,-26,-14,-11,-7,-45,-27,-70,40,-15,-16,-17,-18,-18,6291,6277,6052,6019,5854,5534,5546,5649,5550,5451,5354,5259,5166,5074
13291,UNION,GA,77,103,33,11,45,182,93,84,189,149,160,172,183,195,15363,15297,15466,15654,15759,15818,16717,17335,17637,17961,18291,18627,18970,19319
13293,UPSON,GA,-31,-4,-61,59,21,116,20,92,64,81,96,110,125,139,19567,19108,18807,18560,18525,18113,18155,18261,18437,18293,18151,18010,17870,17731
13295,WALKER,GA,6,34,10,-49,47,177,77,45,71,48,59,70,81,91,46294,45747,45246,44980,43942,42610,43887,44408,45129,44899,44670,44443,44217,43992
13297,WALTON,GA,-92,339,404,320,583,1051,1002,984,1420,1411,1573,1734,1895,2055,63936,64774,65456,66905,66199,64953,67793,69747,71390,72232,73084,73946,74818,75700
13299,WARE,GA,1,-58,-81,45,-36,-30,-2,2,-44,-15,-13,-12,-10,-9,24605,24124,23807,23721,23609,22948,22964,23071,23301,23124,22949,22775,22602,22431
13301,WARREN,GA,-44,-34,-5,11,-9,-8,-36,-1,-9,-1,2,4,7,10,4047,4025,3972,3832,3818,3646,3634,3596,3545,3481,3418,3356,3295,3235
13303,WASHINGTON,GA,-65,15,-7,-14,-32,-24,-24,0,26,4,7,11,14,17,15245,14862,14485,14500,14381,13951,13846,13742,13555,13368,13183,13001,12822,12645
13305,WAYNE,GA,35,44,11,43,-15,15,24,-34,17,-6,-12,-17,-22,-27,20272,20024,19863,20041,19725,18694,19062,19185,19625,19491,19358,19226,19095,18965
13307,WEBSTER,GA,15,4,35,0,0,0,0,0,0,-8,-11,-14,-17,-20,1747,1689,1654,1677,1647,1606,1556,1562,1541,1518,1495,1473,1451,1429
13309,WHEELER,GA,-13,4,-28,20,20,8,0,-5,-6,-8,-7,-6,-6,-5,3300,3281,3283,3223,3217,3163,3231,3218,3230,3220,3210,3200,3190,3180
13311,WHITE,GA,42,50,26,36,42,161,34,99,146,116,127,139,150,162,18538,18592,18631,18734,18511,18055,18895,19400,19887,20020,20154,20289,20425,20562
13313,WHITFIELD,GA,-118,-184,-160,-30,-21,-177,-33,-88,-40,-22,-9,5,18,32,89283,85353,84275,84115,84230,82832,81911,79897,80132,79199,78276,77364,76463,75572
13315,WILCOX,GA,30,-28,0,-22,-22,0,2,-43,4,-19,-20,-22,-24,-25,5101,4996,4977,4993,4872,4802,4661,4492,4508,4435,4363,4292,4222,4153
13317,WILKES,GA,-25,32,0,0,-27,20,0,-34,37,2,2,3,3,3,7589,7409,7318,7332,7176,6881,6915,6738,6710,6604,6500,6397,6296,6197
13319,WILKINSON,GA,-17,-23,-15,-3,-55,-15,-47,-46,-19,-35,-37,-39,-41,-43,7626,7423,7162,7044,6808,6437,6364,6388,6354,6196,6042,5892,5746,5603
13321,WORTH,GA,127,-8,-172,-33,-13,-9,-44,-23,-3,-86,-96,-107,-119,-132,15478,15382,15249,14943,14693,14049,14013,13594,13657,13408,13164,12924,12689,12458
19001,ADAIR,IA,16,-4,-39,-39,-38,39,24,36,-21,-17,-14,-12,-9,-6,5990,5978,5962,5930,5790,5628,5775,5748,5922,5894,5867,5840,5813,5786
19003,ADAMS,IA,-14,13,0,0,0,-22,0,-14,0,-6,-7,-7,-8,-9,3246,3184,3151,3225,3136,3097,3061,2975,3070,3043,3016,2990,2964,2938
19005,ALLAMAKEE,IA,6,-11,11,-60,0,22,-9,-42,8,-16,-17,-17,-18,-19,12234,12244,12248,12221,11874,11710,11810,11631,12058,11992,11927,11862,11797,11733
19007,APPANOOSE,IA,-33,12,0,-19,-21,28,-4,13,-33,-30,-29,-29,-28,-28,9740,9574,9633,9669,9452,9059,9267,9235,9498,9443,9388,9333,9278,9224
19009,AUDUBON,IA,-6,-17,0,0,13,-12,12,26,-11,4,6,8,10,12,4950,4898,4850,4851,4739,4569,4547,4532,4638,4586,4534,4483,4432,4382
19011,BENTON,IA,-27,27,41,20,50,59,62,12,118,91,101,111,121,132,21905,21656,21637,21961,21422,20897,21357,21147,21302,21210,21119,21028,20938,20848
19013,BLACK HAWK,IA,-292,-237,-209,-53,-460,-780,-298,-224,-300,-274,-289,-304,-319,-334,97653,97860,98717,99783,98684,95185,96100,96096,97917,97681,97446,97211,96977,96743
19015,BOONE,IA,57,15,169,28,75,56,44,-50,35,4,-5,-13,-21,-30,21204,21359,21487,21825,21203,20762,21306,21352,21634,21638,21642,21646,21650,21655
19017,BREMER,IA,28,114,91,5,19,203,37,-18,48,-21,-25,-30,-34,-39,19597,19548,19795,20171,19926,19385,20078,20245,20708,20817,20926,21036,21146,21257
19019,BUCHANAN,IA,-9,7,33,-25,19,-1,24,41,37,46,51,56,61,66,17357,17457,17469,17372,17075,16939,17135,17291,18575,18630,18686,18742,18798,18854
19021,BUENA VISTA,IA,19,-71,-37,-88,-9,-98,-94,-80,-40,-71,-78,-84,-90,-97,17669,17619,17521,17640,17268,16916,17060,16987,17301,17218,17135,17053,16971,16889
19023,BUTLER,IA,58,26,4,10,22,40,15,-4,18,-5,-8,-11,-15,-18,12600,12664,12705,12649,12488,12094,12243,12007,12355,12282,12209,12137,12065,11993
19025,CALHOUN,IA,-81,-5,-9,-13,8,-22,-22,-9,-17,-14,-11,-8,-5,-1,8148,8010,7928,8011,7818,7727,7806,7726,7759,7711,7663,7616,7569,7522
19027,CARROLL,IA,-45,-9,-2,-6,24,-35,-28,-3,-27,-1,-1,0,0,0,17986,17968,18035,18119,18066,17601,17660,17619,17965,17925,17885,17845,17805,17765
19029,CASS,IA,-37,-14,-31,0,-38,-10,-18,-32,40,10,15,20,25,30,11240,11177,11151,11131,10895,10480,10681,10398,10434,10320,10207,10095,9984,9875
19031,CEDAR,IA,24,-1,34,-8,43,135,9,89,72,49,58,68,77,86,15415,15317,15359,15439,15149,14769,15196,15104,15495,15473,15451,15429,15407,15385
19033,CERRO GORDO,IA,-112,-156,-102,43,-57,-70,-75,-90,-45,-11,-4,3,11,18,34798,34399,34214,34257,33722,32945,33232,32953,33190,32961,32734,32508,32284,32061
19035,CHEROKEE,IA,1,-27,-7,-21,17,17,21,10,21,20,24,29,34,38,10150,10041,9945,9955,9702,9507,9662,9565,9726,9658,9591,9524,9458,9392
19037,CHICKASAW,IA,-14,22,8,-26,0,30,-7,-16,-33,-41,-44,-47,-50,-53,10556,10539,10501,10492,10249,9996,10156,10099,10322,10265,10208,10152,10096,10040
19039,CLARKE,IA,-8,-24,-8,33,-26,-6,15,-35,-18,-14,-15,-16,-18,-19,7932,7779,7634,7608,7628,7424,7663,7515,7441,7395,7349,7303,7257,7212
19041,CLAY,IA,-31,5,2,3,-10,18,18,-1,-8,5,7,9,11,12,14061,13964,13926,14090,13703,13205,13289,13321,13356,13244,13133,13023,12914,12806
19043,CLAYTON,IA,-51,-4,-17,27,-8,13,39,0,32,40,47,54,62,69,15031,14846,14731,14784,14545,14295,14457,14409,14895,14846,14797,14748,14700,14652
19045,CLINTON,IA,-140,-34,-71,6,-30,42,-40,33,35,46,62,79,95,111,39891,39312,38865,38709,38414,36925,37067,37068,37311,36949,36590,36235,35883,35534
19047,CRAWFORD,IA,-93,7,-63,12,-14,15,-51,-68,-9,-18,-16,-14,-12,-9,15317,15067,15115,15028,14755,14535,14614,14194,14316,14185,14056,13928,13801,13675
19049,DALLAS,IA,847,731,905,240,1067,1146,835,1060,1059,936,938,932,917,893,58130,60305,63549,67306,66956,66891,73371,78276,81968,85368,88909,92597,96438,100438
19051,DAVIS,IA,15,5,-15,1,8,-3,-9,-5,4,2,1,0,-1,-2,7163,7164,7240,7257,7219,7141,7279,7360,8271,8361,8452,8544,8637,8731
19053,DECATUR,IA,3,13,-8,-48,-22,-20,-13,-22,22,-4,-4,-4,-5,-5,5632,5595,5587,5577,5473,5238,5369,5264,5398,5354,5310,5266,5223,5180
19055,DELAWARE,IA,-11,-8,41,4,-34,-13,62,-28,57,46,50,54,58,62,14961,14969,15253,15319,15039,14577,14939,14894,15248,15240,15232,15224,15216,15208
19057,DES MOINES,IA,38,53,-64,-108,-86,-85,-50,-63,-112,-153,-168,-184,-199,-215,32291,32252,32183,32328,31811,30799,30856,30618,30920,30683,30448,30214,29982,29752
19059,DICKINSON,IA,-17,14,-23,9,10,33,7,10,32,27,31,35,40,44,14355,14247,14277,14544,14287,14046,14333,14462,14551,14569,14587,14605,14623,14641
19061,DUBUQUE,IA,106,138,84,-10,-78,-55,-163,-41,-127,-189,-223,-256,-290,-323,79359,79738,80275,81458,80741,79270,79880,80008,81016,81091,81166,81241,81316,81392
19063,EMMET,IA,-33,26,-5,-7,-17,-39,-12,-8,-29,-24,-27,-29,-31,-33,7955,7801,7751,7928,7632,7301,7371,7133,7286,7189,7093,6999,6906,6814
19065,FAYETTE,IA,-81,-74,-68,-19,54,6,-24,-42,-56,-44,-39,-35,-30,-25,16051,15872,15644,15718,15376,14979,15092,15013,15277,15154,15032,14911,14791,14672
19067,FLOYD,IA,55,-2,-28,-42,-2,-12,-43,5,-3,-32,-36,-39,-43,-46,12989,12976,13066,13101,12861,12607,12695,12566,13140,13108,13076,13044,13012,12980
19069,FRANKLIN,IA,-29,-3,-51,-28,-38,-35,-2,-19,10,-6,-3,0,3,6,8881,8793,8779,8635,8461,8136,8127,7832,7854,7717,7583,7451,7321,7194
19071,FREMONT,IA,-15,-22,-16,-46,32,5,47,-31,22,21,26,31,35,40,5705,5719,5616,5614,5464,5341,5469,5342,5426,5380,5335,5290,5245,5201
19073,GREENE,IA,13,-22,-58,-35,15,-28,-26,-56,-7,-38,-41,-43,-45,-48,7563,7584,7525,7424,7273,7147,7261,7119,7112,7048,6984,6921,6858,6796
19075,GRUNDY,IA,13,-11,52,-2,15,63,7,70,32,37,42,47,52,57,10712,10506,10524,10747,10396,10139,10378,10384,10573,10542,10512,10482,10452,10422
19077,GUTHRIE,IA,-20,23,-14,-44,39,42,26,10,0,-7,-3,0,4,7,9076,8864,8833,8969,8676,8509,8741,8697,8883,8851,8819,8787,8755,8723
19079,HAMILTON,IA,35,-26,-56,-10,-17,0,7,-19,-14,-11,-11,-12,-12,-13,12772,12509,12432,12616,12299,11932,12214,12141,12126,12048,11970,11893,11816,11740
19081,HANCOCK,IA,59,-4,-13,19,-40,-16,10,-15,10,-16,-19,-23,-27,-30,9379,9417,9261,9401,9208,8988,9013,8869,8942,8872,8803,8734,8666,8598
19083,HARDIN,IA,16,9,12,1,31,-15,-10,2,20,13,12,11,10,9,13875,13788,13596,13762,13499,13218,13399,13221,13513,13445,13378,13311,13244,13178
19085,HARRISON,IA,13,6,2,-18,15,63,46,9,82,66,73,81,88,96,12009,11900,11862,11848,11580,11386,11594,11510,11858,11811,11765,11719,11673,11627
19087,HENRY,IA,6,-2,50,-12,6,-13,-38,-8,12,1,-2,-5,-7,-10,15601,15515,15573,15603,15308,14975,15076,15073,15266,15195,15124,15054,14984,14914
19089,HOWARD,IA,-13,-3,18,-3,-5,16,-7,-6,-23,-26,-27,-29,-30,-31,8277,8223,8147,8215,8020,7894,7950,7918,8208,8176,8144,8112,8080,8048
19091,HUMBOLDT,IA,-4,-44,-15,-16,10,-11,-8,9,-22,-9,-7,-5,-4,-2,8166,8137,8110,8226,7981,7715,7897,7793,7989,7945,7901,7857,7813,7770
19093,IDA,IA,44,-32,16,0,0,-8,-1,-10,1,-11,-13,-16,-18,-21,6058,6040,5889,5965,5830,5707,5727,5784,5865,5830,5795,5760,5726,5692
19095,IOWA,IA,41,86,41,-18,-24,59,52,47,44,18,18,18,18,18,14060,13986,14193,14348,14022,13634,13960,14091,14411,14420,14429,14438,14447,14456
19097,JACKSON,IA,-9,-20,-41,46,-11,74,13,-30,-9,-21,-19,-17,-15,-14,16582,16572,16466,16437,16237,15967,16227,16079,16503,16457,16411,16365,16319,16273
19099,JASPER,IA,-84,24,13,-22,0,263,68,10,103,53,72,90,109,127,29037,28948,29101,29261,28595,28034,28900,28953,29570,29578,29586,29594,29602,29610
19101,JEFFERSON,IA,-29,-51,1,-58,-8,-52,-12,-39,-33,-32,-32,-32,-32,-32,11970,11982,11869,12008,11598,11205,11478,11420,11521,11438,11356,11274,11193,11112
19103,JOHNSON,IA,-40,-217,-455,66,-630,-1226,-598,-523,-532,-552,-595,-633,-665,-692,94302,95178,96818,100345,99780,98420,102595,104527,106785,108353,109945,111560,113199,114862
19105,JONES,IA,18,0,-21,-19,-15,95,0,61,61,37,46,54,63,71,16019,16069,16006,16080,15741,15417,15694,15658,15941,15894,15847,15800,15753,15706
19107,KEOKUK,IA,8,-6,-4,-22,3,5,10,-11,-3,-10,-10,-10,-10,-11,8407,8388,8273,8306,8082,7762,7936,7889,8027,7958,7889,7821,7754,7687
19109,KOSSUTH,IA,22,57,22,-12,-17,22,8,-12,-32,-45,-52,-59,-67,-74,13328,13215,13232,13218,12898,12713,12634,12726,12856,12773,12691,12609,12528,12447
19111,LEE,IA,31,-9,-87,-14,-24,-52,-62,7,-78,-73,-79,-86,-92,-99,27350,27060,27031,26912,26623,25884,25866,25712,25995,25786,25579,25374,25170,24968
19113,LINN,IA,-134,142,146,243,161,117,-26,-151,-105,-82,-103,-124,-145,-166,176017,175814,176961,179686,178969,176733,180311,180974,184103,184987,185875,186767,187664,188565
19115,LOUISA,IA,-8,-24,-20,8,-50,1,-10,19,-20,-5,-3,-2,0,1,9298,9377,9264,9366,9157,9027,8944,8836,8866,8796,8727,8658,8590,8522
19117,LUCAS,IA,32,-16,-9,-24,-11,3,-47,13,23,4,4,4,4,4,6896,6820,6922,7006,6842,6683,6933,6892,7247,7270,7293,7316,7339,7362
19119,LYON,IA,-12,-12,-3,0,-4,10,-11,-22,-5,-5,-5,-5,-5,-5,10209,10391,10377,10615,10468,10365,10559,10457,11143,11214,11285,11357,11429,11502
19121,MADISON,IA,22,24,-15,12,67,161,65,83,113,89,103,117,131,145,12944,12880,13072,13042,12942,12728,13184,13284,13768,13844,13921,13998,14076,14154
19123,MAHASKA,IA,-9,23,2,35,-14,-15,-48,25,-36,-16,-20,-25,-29,-33,17374,17443,17295,17527,17278,16817,16953,16977,17363,17315,17267,17220,17173,17126
19125,MARION,IA,-49,-49,15,-20,-7,-2,-13,-4,-39,-22,-19,-17,-15,-12,27191,27137,27111,27587,27040,26264,27072,27048,27741,27749,27757,27765,27773,27781
19127,MARSHALL,IA,-74,-125,-127,-50,-193,-46,-132,-142,-130,-134,-139,-144,-148,-153,33190,33295,33231,33455,32675,32179,32466,31942,32734,32590,32446,32303,32161,32019
19129,MILLS,IA,-10,-9,17,17,65,60,28,-10,85,63,71,78,85,93,11816,11770,11845,11999,11787,11559,12032,11810,11853,11856,11859,11862,11865,11868
19131,MITCHELL,IA,24,2,-41,-15,3,-3,34,-6,38,38,41,45,48,51,8927,8821,8813,8841,8767,8556,8670,8669,9025,9014,9003,8992,8981,8970
19133,MONONA,IA,3,-19,23,-9,-2,25,-11,3,-10,-17,-17,-17,-18,-18,7224,7112,7031,7015,6851,6648,6882,6763,7006,6963,6920,6877,6835,6793
19135,MONROE,IA,-9,-34,-2,-3,-9,46,1,6,25,21,26,31,36,42,6236,6147,6098,6142,5945,5867,5959,5928,6113,6084,6056,6028,6000,5972
19137,MONTGOMERY,IA,13,4,-18,-22,26,27,-28,-15,0,-13,-14,-16,-17,-19,8305,8237,8129,8148,8064,7738,7793,7744,7834,7762,7691,7620,7550,7481
19139,MUSCATINE,IA,-41,-108,-43,-35,-17,-129,-67,-144,-8,-32,-34,-36,-38,-39,35943,35948,36128,36528,35753,34986,35230,35121,35813,35707,35601,35496,35391,35286
19141,O'BRIEN,IA,2,-13,-5,19,-1,-21,-19,1,-15,-5,-7,-8,-10,-11,12117,11829,11903,12062,11838,11544,11718,11597,11772,11723,11674,11625,11577,11529
19143,OSCEOLA,IA,-18,12,1,-11,-20,-17,-12,0,1,-7,-7,-7,-7,-7,5512,5507,5511,5572,5498,5258,5158,5118,5119,5059,5000,4942,4884,4827
19145,PAGE,IA,-19,-8,-11,19,12,-24,1,3,31,36,40,44,48,52,11447,11385,11303,11306,11046,10684,10852,10747,10848,10753,10659,10566,10474,10383
19147,PALO ALTO,IA,-38,-34,-20,25,4,-4,4,-16,28,29,35,40,46,52,7494,7367,7328,7312,7198,7025,7167,7079,7196,7152,7108,7065,7022,6979
19149,PLYMOUTH,IA,15,53,49,39,20,24,1,-3,61,43,41,40,38,36,21965,21865,21975,22105,21879,21653,21825,21782,22149,22144,22139,22134,22129,22124
19151,POCAHONTAS,IA,-13,25,5,22,0,37,5,22,-12,8,8,8,8,7,5928,5897,5939,5937,5836,5615,5610,5575,5603,5551,5499,5448,5397,5347
19153,POLK,IA,535,1072,493,481,409,461,138,-627,-583,-657,-835,-1013,-1193,-1373,360710,363713,370656,379335,378952,375335,385627,387906,396389,400634,404924,409260,413642,418071
19155,POTTAWATTAMIE,IA,-104,-20,17,36,-2,118,-49,-6,46,28,38,48,58,68,72040,71644,71589,72400,71523,69905,71010,70905,72206,72118,72030,71942,71854,71766
19157,POWESHIEK,IA,-68,-8,-42,-38,25,49,40,-18,38,26,37,48,58,69,14172,14030,14003,14091,13653,13380,13706,13811,13877,13825,13773,13721,13669,13618
19159,RINGGOLD,IA,-16,-1,0,0,0,0,-17,0,0,1,2,2,3,3,3736,3782,3814,3848,3734,3595,3656,3664,3704,3687,3670,3653,3636,3619
19161,SAC,IA,20,23,-9,25,-1,24,1,18,10,5,4,4,3,3,8441,8440,8577,8571,8377,8098,8198,8234,8391,8357,8323,8289,8255,8221
19163,SCOTT,IA,189,347,169,186,95,-6,93,1,130,39,12,-15,-42,-69,136440,136911,137646,139645,137695,134246,136806,137138,138864,138919,138974,139029,139084,139139
19165,SHELBY,IA,57,-5,33,-5,-24,10,8,2,42,18,17,16,15,14,10295,10312,10281,10289,9954,9789,9885,9916,10052,9995,9938,9882,9826,9770
19167,SIOUX,IA,-3,-76,-63,13,-40,-84,-11,-50,-24,-9,-9,-8,-8,-8,29304,29385,29676,30304,30079,29765,29981,29946,31164,31323,31483,31644,31805,31967
19169,STORY,IA,-546,-316,-395,-204,-422,-888,-356,-283,-218,-123,-107,-91,-75,-58,57246,56802,57198,58463,57461,56389,58448,58981,60204,60528,60853,61180,61509,61840
19171,TAMA,IA,-5,0,0,-2,-44,-91,-18,-46,-14,-11,-16,-20,-25,-29,14771,14611,14637,14622,14325,13934,14115,13923,14231,14133,14036,13939,13843,13748
19173,TAYLOR,IA,-24,-2,24,15,-12,-17,-15,-12,-33,-26,-29,-32,-35,-38,5139,5058,4985,4996,4906,4755,4802,4840,4822,4781,4740,4700,4660,4620
19175,UNION,IA,9,-27,-28,-32,15,-9,-48,-10,23,1,3,4,6,8,9671,9680,9635,9613,9397,9153,9253,9164,9406,9343,9280,9218,9156,9094
19177,VAN BUREN,IA,-6,-2,-1,27,3,0,-15,10,29,34,36,38,39,41,5954,5890,5835,5921,5696,5531,5618,5520,5976,5944,5912,5880,5848,5817
19179,WAPELLO,IA,-24,-140,-116,23,-78,-125,-20,-159,-133,-102,-109,-116,-123,-130,27608,27442,27035,27424,26640,25805,25850,25778,26372,26144,25918,25694,25472,25252
19181,WARREN,IA,108,200,147,139,385,560,239,289,412,327,354,381,406,430,38509,38897,39272,40249,39793,39459,41769,42402,43715,44353,45000,45657,46323,46999
19183,WASHINGTON,IA,-74,59,77,32,40,88,24,10,-4,10,11,13,14,16,18695,18541,18718,19049,18705,18352,18764,18606,19082,19101,19120,19139,19158,19177
19185,WAYNE,IA,-10,10,0,0,0,-20,-16,-27,-13,-16,-19,-21,-24,-27,4956,4929,4902,5064,5070,5028,5157,5079,5640,5706,5773,5841,5910,5979
19187,WEBSTER,IA,-73,-93,-57,-27,-108,-89,-76,-57,-31,-34,-31,-27,-24,-21,28032,27554,27575,27930,27434,26482,26633,26305,26859,26666,26474,26284,26095,25907
19189,WINNEBAGO,IA,-18,31,-13,-46,-15,2,4,5,-10,-17,-17,-17,-16,-16,8735,8634,8704,8822,8544,8401,8433,8300,8419,8366,8313,8261,8209,8157
19191,WINNESHIEK,IA,-19,-34,1,29,-3,-48,-3,8,-12,12,13,14,15,17,16610,16445,16479,16501,16240,16024,16228,16283,16281,16235,16189,16143,16097,16052
19193,WOODBURY,IA,-236,-242,-245,-99,-204,-319,-43,-74,-224,-118,-105,-93,-81,-69,82048,81460,81184,81816,81005,79137,80146,79691,82146,81982,81818,81654,81491,81328
19195,WORTH,IA,-16,42,42,-2,17,43,-9,-10,10,-6,-7,-9,-11,-13,6223,6174,6190,6238,6110,5992,6125,6042,6089,6067,6045,6024,6003,5982
19197,WRIGHT,IA,39,5,20,-38,20,-53,-30,-22,-21,-41,-48,-55,-62,-69,10588,10675,10655,10656,10468,10053,10215,10145,10208,10133,10059,9985,9912,9839
23001,ANDROSCOGGIN,ME,-37,-86,42,-82,96,179,169,136,39,83,107,132,156,181,79064,78217,78224,78779,77989,76830,78642,79744,81527,81753,81980,82208,82436,82665
23003,AROOSTOOK,ME,-76,-97,-93,-69,-148,-145,-114,-54,-30,-14,-9,-4,1,7,53474,52798,51957,51546,50777,49728,49560,49536,49888,49392,48901,48415,47934,47458
23005,CUMBERLAND,ME,87,539,486,113,370,795,458,403,1251,835,913,991,1069,1146,224293,224325,226148,229521,228817,226017,233051,235826,237988,239707,241438,243182,244938,246707
23007,FRANKLIN,ME,143,-44,-41,-40,12,-13,6,43,-7,-13,-17,-20,-24,-28,21236,21332,21148,21024,20539,20135,20686,20763,20893,20812,20731,20650,20570,20490
23009,HANCOCK,ME,84,25,2,-32,7,86,43,14,56,22,23,24,25,26,41657,41700,41520,41826,41155,40647,41576,41753,41979,41985,41991,41997,42003,42009
23011,KENNEBEC,ME,-190,134,-14,57,215,230,87,226,467,415,470,525,579,634,93629,92576,92011,92449,91476,90155,91844,92248,94115,94086,94057,94028,93999,93970
23013,KNOX,ME,24,56,-53,2,-67,-24,-73,-79,106,-24,-26,-29,-31,-34,30849,30570,30721,30965,30479,30136,30849,31030,30761,30768,30775,30782,30789,30796
23015,LINCOLN,ME,13,45,-22,-82,94,121,55,112,181,144,165,185,206,226,27252,26901,27096,27083,26449,26102,26992,27252,27390,27397,27404,27411,27418,27425
23017,OXFORD,ME,-11,0,42,67,144,326,213,156,438,370,418,465,513,561,41213,40902,40837,40927,40441,39892,41020,41109,41812,41851,41890,41929,41968,42007
23019,PENOBSCOT,ME,-203,-249,-145,-35,-251,-119,-207,-113,-10,-30,-14,3,19,35,110147,109301,108689,109240,107767,105671,107855,108369,109643,109474,109305,109136,108968,108800
23021,PISCATAQUIS,ME,-3,-1,-36,14,-53,31,8,-52,-42,-52,-55,-59,-62,-66,12182,11956,11935,11887,11638,11371,11589,11598,11772,11707,11643,11579,11515,11452
23023,SAGADAHOC,ME,32,21,32,27,4,84,131,51,82,90,99,108,118,127,28094,27953,28036,28481,27752,27227,28171,28515,28885,28950,29015,29081,29147,29213
23025,SOMERSET,ME,204,15,8,-125,-11,28,16,23,42,-12,-20,-27,-35,-42,36241,36090,36228,36062,35741,34742,35506,35587,36273,36203,36133,36063,35993,35923
23027,WALDO,ME,58,-13,24,3,-15,102,-74,40,60,18,19,20,21,22,29035,28833,28743,28800,28457,28073,29005,29189,29667,29724,29781,29838,29896,29954
23029,WASHINGTON,ME,-125,-91,-35,-47,27,-10,-37,-50,33,1,14,27,40,52,23572,23125,22858,22770,22345,22175,22392,22420,22609,22486,22364,22242,22121,22001
23031,YORK,ME,400,649,654,170,842,1853,1271,815,1755,1412,1555,1698,1840,1982,159982,159368,160039,161791,160108,158447,164014,165859,168201,169180,170165,171156,172153,173155
26001,ALCONA,MI,82,17,86,6,67,127,97,68,84,70,75,80,85,89,7913,7814,7697,7666,7437,7213,7350,7439,7584,7525,7466,7408,7350,7293
26003,ALGER,MI,31,-8,3,-4,3,-2,13,-22,18,5,4,3,2,0,6788,6736,6647,6618,6454,6315,6525,6480,6585,6550,6515,6480,6445,6411
26005,ALLEGAN,MI,97,562,249,52,303,838,230,276,603,338,367,396,424,451,92985,93224,94692,95982,94406,92882,96418,97276,100455,101194,101939,102689,103445,104206
26007,ALPENA,MI,41,48,-21,2,33,53,14,39,34,26,27,28,29,30,23002,22765,22615,22754,22471,22042,22308,22225,22339,22247,22155,22064,21973,21882
26009,ANTRIM,MI,57,51,24,-5,56,156,-10,26,109,41,45,48,52,56,18477,18290,18181,18171,17784,17345,17931,17984,18096,18033,17971,17909,17847,17785
26011,ARENAC,MI,51,8,23,-16,-7,71,14,-7,83,50,53,56,58,61,12148,11959,11878,11763,11446,11172,11326,11356,11617,11524,11432,11341,11250,11160
26013,BARAGA,MI,65,-9,-29,-12,-17,5,-7,-5,36,-11,-12,-13,-13,-15,5791,5834,5825,5752,5787,5606,5545,5487,5592,5550,5509,5468,5427,5387
26015,BARRY,MI,26,146,9,73,171,594,195,176,361,250,288,326,363,401,48133,48192,48472,48345,47601,46912,48971,49425,51108,51369,51632,51896,52161,52428
26017,BAY,MI,11,-150,-141,-49,-164,-35,-54,-144,-133,-151,-158,-165,-172,-179,88357,87686,86961,86886,85215,83161,83733,83432,83989,83332,82680,82033,81391,80754
26019,BENZIE,MI,96,-2,48,3,49,64,18,5,121,71,73,75,77,79,14056,13963,14026,14080,13793,13501,13862,13954,14284,14283,14282,14281,14280,14279
26021,BERRIEN,MI,-423,-164,-194,-178,8,7,107,110,295,334,409,484,559,633,124439,123549,122638,123151,120850,117824,118952,118734,120249,119527,118809,118095,117386,116681
26023,BRANCH,MI,-44,19,-10,16,-5,-57,-7,-12,-45,-26,-29,-32,-34,-37,33474,33057,33216,33349,32682,31838,32157,32278,33281,33167,33053,32940,32827,32715
26025,CALHOUN,MI,-101,-168,-89,15,-179,-109,-122,36,134,148,170,193,216,239,102537,102258,101459,102333,100436,97907,99055,98871,100980,100553,100128,99704,99282,98862
26027,CASS,MI,107,105,140,-2,70,295,221,153,127,108,120,131,143,154,39176,38786,38752,39149,38397,37458,38456,38720,39437,39412,39387,39362,39337,39312
26029,CHARLEVOIX,MI,12,68,5,-10,30,25,12,44,70,47,51,54,58,61,21434,21232,21308,21420,21271,20709,21137,21223,21405,21385,21365,21345,21325,21305
26031,CHEBOYGAN,MI,19,81,40,8,54,169,72,52,221,156,172,187,203,219,20318,20091,19797,19720,19414,19074,19669,19592,19776,19700,19625,19550,19475,19401
26033,CHIPPEWA,MI,-66,16,-18,16,-40,-10,-11,-41,-20,-21,-21,-21,-21,-21,26466,26113,26022,26082,25544,25019,25429,25251,25760,25633,25507,25381,25256,25131
26035,CLARE,MI,-22,94,49,50,-3,121,235,48,162,160,177,194,212,229,21885,21726,21804,21955,21151,20461,21104,21370,22436,22404,22372,22340,22308,22276
26037,CLINTON,MI,358,236,142,109,180,695,362,117,40,-18,-31,-44,-57,-71,61441,61622,62250,63134,61994,60820,63093,63843,65165,65526,65889,66254,66621,66990
26039,CRAWFORD,MI,26,62,3,3,22,108,17,24,70,30,34,37,40,44,9672,9569,9607,9580,9434,9091,9514,9547,9705,9694,9683,9672,9662,9652
26041,DELTA,MI,-88,-88,30,0,6,-22,-1,32,-3,30,40,50,60,70,30350,30229,29869,29864,29211,28693,28876,28830,29022,28815,28610,28406,28204,28003
26043,DICKINSON,MI,15,4,-7,-5,-7,45,-19,-25,-44,-53,-58,-63,-69,-74,21832,21553,21480,21390,21109,20649,20877,20901,20890,20765,20641,20517,20394,20272
26045,EATON,MI,-45,5,183,-79,145,349,191,106,134,121,145,170,194,219,85966,85382,85630,87037,84804,82155,84720,85039,86348,86242,86137,86032,85927,85822
26047,EMMET,MI,88,104,53,11,89,113,44,83,100,63,65,66,67,68,27160,27108,27271,27645,27094,26533,27257,27416,27698,27730,27762,27795,27828,27861
26049,GENESEE,MI,-1344,-937,-822,-416,-346,-464,-22,189,-16,354,524,694,864,1034,326553,321846,317777,317540,312127,303244,305837,305556,308790,306216,303664,301133,298623,296134
26051,GLADWIN,MI,16,-3,29,5,39,147,72,69,169,134,151,169,186,204,19438,19217,19092,19246,18523,18101,18532,18615,18894,18790,18687,18585,18483,18382
26053,GOGEBIC,MI,1,16,-25,-4,-5,-23,-18,-5,-16,-15,-17,-19,-22,-24,10962,10808,10707,10585,10384,10085,10254,10158,10395,10303,10212,10122,10032,9943
26055,GRAND TRAVERSE,MI,174,316,243,51,296,447,252,225,297,225,233,241,249,257,72595,72946,73192,74492,73935,72951,75183,75849,76818,77301,77787,78276,78768,79263
26057,GRATIOT,MI,36,-33,30,0,-65,-22,-65,-13,-19,-36,-42,-48,-54,-60,29854,29670,29728,29578,29035,28099,28514,28286,28663,28453,28245,28038,27833,27629
26059,HILLSDALE,MI,-14,-49,0,15,13,63,23,54,32,46,56,66,76,86,34692,34356,34717,34907,34260,33363,33906,34011,35329,35300,35271,35242,35213,35184
26061,HOUGHTON,MI,-155,-55,-51,4,4,-107,-91,-51,-92,-96,-95,-94,-93,-92,25120,24661,24696,24757,24476,24229,24767,24850,27054,27191,27329,27468,27607,27747
26063,HURON,MI,1,8,28,-13,-4,109,1,-9,112,54,62,69,77,84,28022,27643,27456,27392,26926,26258,26519,26307,26577,26369,26162,25957,25754,25552
26065,INGHAM,MI,-1608,-1098,-782,-241,-550,-1370,-999,-931,-656,-467,-421,-375,-330,-284,190622,189686,188914,192309,189093,184442,190027,190149,192689,192755,192821,192887,192953,193019
26067,IONIA,MI,-52,22,54,-76,64,95,68,122,186,170,194,218,242,266,48188,47814,47948,48274,47467,46216,47553,47676,49175,49185,49195,49205,49215,49225
26069,IOSCO,MI,-16,128,66,50,22,112,100,43,85,68,73,77,82,86,19021,18672,18703,19021,18493,17797,18238,18433,18467,18383,18299,18216,18133,18050
26071,IRON,MI,1,5,4,0,-23,23,3,-3,4,-6,-6,-6,-6,-6,8820,8698,8653,8698,8642,8375,8551,8567,8737,8716,8695,8674,8653,8632
26073,ISABELLA,MI,-186,-137,-67,-194,-119,-278,-140,-45,-24,-16,-5,7,18,30,41800,41207,41637,42205,41477,40341,41299,41595,42380,42395,42410,42425,42440,42455
26075,JACKSON,MI,-178,114,95,-23,35,583,189,74,219,116,153,191,228,265,120270,119867,119327,119513,117556,115129,116709,116809,118657,118236,117816,117398,116981,116566
26077,KALAMAZOO,MI,-237,-176,-305,57,-180,-591,-158,-379,-409,-257,-283,-309,-334,-360,189519,190356,191145,194189,192458,188765,193696,194904,198886,199756,200630,201508,202390,203276
26079,KALKASKA,MI,52,49,10,10,13,120,60,67,-18,13,12,11,11,10,12614,12774,12975,13042,12823,12419,13119,13304,13464,13544,13625,13706,13788,13870
26081,KENT,MI,234,615,0,-103,-302,-619,-321,-923,-985,-1104,-1281,-1457,-1634,-1810,504508,507536,510079,518064,516371,508961,519888,523045,533596,536583,539586,542606,545643,548697
26083,KEWEENAW,MI,2,-9,16,0,2,-8,12,8,1,6,7,7,8,8,1703,1685,1707,1701,1646,1619,1611,1601,1693,1683,1673,1663,1654,1645
26085,LAKE,MI,-3,3,40,-34,11,90,-12,7,-6,11,12,12,12,13,7046,6914,6944,7072,7027,6749,7077,7075,7014,7019,7024,7029,7034,7039
26087,LAPEER,MI,118,198,223,134,174,507,138,189,430,278,302,326,349,373,73283,72835,72571,73131,71996,69884,71289,71281,72227,71982,71738,71495,71253,71011
26089,LEELANAU,MI,48,78,-2,33,32,203,-6,31,114,44,49,53,58,63,18146,18254,18475,18455,18134,17725,18234,18472,18650,18674,18698,18723,18748,18773
26091,LENAWEE,MI,134,31,105,22,259,363,174,195,236,183,206,229,252,275,78811,78575,77793,78091,76648,74929,76039,76383,77811,77522,77235,76949,76664,76380
26093,LIVINGSTON,MI,1027,1434,1059,705,1318,2277,675,905,1335,786,787,787,787,785,156449,157059,157758,159875,157982,155573,161456,162187,165279,166205,167136,168072,169013,169959
26095,LUCE,MI,4,-24,0,0,0,0,0,0,0,2,3,4,5,6,4262,4183,4112,4139,4029,3911,4016,3991,4069,4040,4011,3982,3954,3926
26097,MACKINAC,MI,23,16,-11,-17,-24,7,7,1,1,-6,-7,-8,-9,-11,8968,8924,8945,8896,8606,8511,8633,8553,8693,8640,8587,8535,8483,8431
26099,MACOMB,MI,2094,2880,1314,742,1330,1140,602,970,721,162,-42,-247,-451,-656,701434,702620,705461,712223,706903,695981,706540,709208,715635,716687,717741,718796,719853,720911
26101,MANISTEE,MI,37,18,22,-9,-11,103,58,36,60,52,57,63,68,74,18469,18188,18016,18108,17776,17457,17919,18039,18355,18325,18295,18265,18236,18207
26103,MARQUETTE,MI,-28,-135,-17,-12,-60,-149,-61,-59,15,21,24,27,30,33,49914,49995,49641,49883,49044,48129,48687,48662,49491,49335,49179,49024,48869,48715
26105,MASON,MI,49,24,16,-5,1,33,-23,61,77,60,63,66,69,72,23018,22956,22751,23041,22771,22364,22896,22926,23501,23525,23549,23573,23597,23621
26107,MECOSTA,MI,70,-88,-43,48,-27,59,72,-59,141,75,85,95,106,116,27428,27453,27646,27778,27278,26321,27428,27393,27861,27855,27849,27843,27837,27831
26109,MENOMINEE,MI,10,20,-29,-17,-26,-24,-5,-48,-19,-32,-36,-41,-46,-50,18567,18478,18347,18213,17888,17611,17663,17615,17774,17648,17523,17399,17275,17152
26111,MIDLAND,MI,-3,29,63,18,-49,-113,72,29,-57,4,-1,-7,-12,-18,69207,68816,68534,68902,67852,65761,67311,67486,68448,68237,68027,67817,67608,67399
26113,MISSAUKEE,MI,-49,20,-14,45,19,6,-22,3,8,19,21,23,25,27,11693,11716,11717,11770,11580,11095,11449,11463,12025,12013,12001,11989,11977,11965
26115,MONROE,MI,76,12,211,113,201,997,700,523,855,774,883,992,1100,1209,125724,124270,124102,124603,122644,120087,122402,122977,125287,125058,124829,124601,124373,124146
26117,MONTCALM,MI,14,-76,12,66,38,258,122,55,220,170,197,224,251,278,47269,47078,46590,46917,46264,45157,46538,46810,48222,48240,48258,48276,48294,48312
26119,MONTMORENCY,MI,-19,17,43,-22,-19,104,63,76,33,55,65,74,83,92,6966,6818,6839,6789,6602,6467,6666,6732,6839,6815,6791,6767,6743,6719
26121,MUSKEGON,MI,168,-23,-58,35,158,375,248,220,244,222,256,289,322,355,131249,131275,130567,130923,130189,128016,130333,130366,133154,133178,133202,133226,133250,133274
26123,NEWAYGO,MI,-31,128,55,-36,62,360,128,197,195,170,197,225,252,280,37569,37218,36978,37074,36409,35606,36890,37268,38600,38643,38686,38729,38772,38815
26125,OAKLAND,MI,3060,1926,-1021,-313,-539,-645,-625,-2277,-1125,-2476,-2957,-3438,-3919,-4400,1007283,1008803,1008694,1018950,1011202,995201,1018756,1021332,1028950,1030983,1033020,1035061,1037106,1039155
26127,OCEANA,MI,-105,81,-6,-25,-17,63,37,13,83,72,84,96,108,120,21231,21195,21058,21278,20777,20282,20635,20668,21354,21304,21254,21204,21154,21104
26129,OGEMAW,MI,51,34,84,8,85,132,167,65,150,135,148,161,174,187,15690,15556,15394,15400,15172,14756,15007,14983,15312,15235,15158,15081,15005,14929
26131,ONTONAGON,MI,-26,-12,0,0,0,0,0,0,0,2,4,7,9,11,4682,4592,4528,4375,4285,4149,4140,4087,4185,4114,4044,3975,3907,3840
26133,OSCEOLA,MI,26,-58,-21,-12,9,24,-23,19,22,20,24,28,32,36,17584,17380,17205,17403,17045,16522,16936,17074,17615,17577,17539,17501,17463,17425
26135,OSCODA,MI,53,34,0,-15,1,48,-5,-1,41,27,26,24,22,21,6109,6069,5940,5941,5804,5656,5784,5899,6341,6337,6333,6329,6325,6321
26137,OTSEGO,MI,1,29,-13,41,64,101,55,42,88,82,92,102,111,121,19883,19633,19423,19770,19622,19168,19794,19826,20187,20220,20253,20286,20319,20352
26139,OTTAWA,MI,657,937,283,239,427,1202,588,522,919,559,577,593,609,624,224632,226931,229370,233193,230862,228126,235904,238251,245308,247495,249701,251927,254173,256439
26141,PRESQUE ISLE,MI,-8,26,8,-4,-2,26,1,13,62,43,47,51,56,60,10617,10534,10513,10495,10180,9895,10133,10121,10297,10233,10169,10106,10043,9980
26143,ROSCOMMON,MI,76,86,33,117,65,247,152,133,188,171,187,203,219,234,17527,17342,17188,16945,16506,15926,16561,16786,16829,16718,16608,16499,16390,16282
26145,SAGINAW,MI,-549,-606,-639,-295,-347,-251,-312,-55,138,199,286,373,460,547,154176,152727,150239,149950,147281,143948,144878,144556,145766,144549,143343,142147,140961,139785
26147,ST. CLAIR,MI,-97,98,208,116,261,592,245,170,441,324,373,422,470,519,132058,130663,130026,130217,128295,126339,128262,128013,130225,129846,129468,129091,128715,128340
26149,ST. JOSEPH,MI,-56,-8,-20,-112,-80,7,-17,22,49,21,31,42,52,63,49499,49322,48985,49516,48691,47420,47954,47921,49327,49174,49022,48870,48719,48568
26151,SANILAC,MI,-23,-63,19,-28,44,102,120,103,87,106,127,148,169,190,34008,33568,33519,33380,32670,31935,32260,32428,33367,33200,33034,32869,32705,32542
26153,SCHOOLCRAFT,MI,56,-8,0,0,-17,-3,-21,1,-16,-31,-36,-41,-47,-52,6132,6273,6321,6308,6142,6054,6198,6196,6247,6243,6239,6235,6231,6227
26155,SHIAWASSEE,MI,-74,-37,95,-45,110,118,78,82,137,138,160,182,204,225,56290,55543,55562,55913,54778,53284,54053,53813,54054,53730,53408,53088,52770,52454
26157,TUSCOLA,MI,-87,-2,20,10,-64,5,40,60,68,89,103,117,131,145,44739,44177,44151,44189,43193,41912,42313,42181,43072,42765,42461,42159,41859,41561
26159,VAN BUREN,MI,-126,154,-28,-76,84,219,73,142,238,197,229,261,293,324,61261,60436,59640,59948,59049,57590,58498,58321,59573,59278,58985,58693,58403,58114
26161,WASHTENAW,MI,-800,-650,-1014,-568,-1186,-2008,-978,-1776,-1505,-1487,-1612,-1737,-1861,-1985,253841,252371,252370,257098,252982,247907,255873,258309,262495,263350,264207,265067,265930,266796
26163,WAYNE,MI,-6838,-7828,-6903,-3094,-3823,-5228,-3312,-3270,-3086,-1984,-1421,-859,-297,266,1349255,1324320,1301420,1301152,1289324,1262223,1273574,1271442,1296621,1288971,1281366,1273806,1266291,1258820
26165,WEXFORD,MI,30,71,47,13,51,110,101,62,120,97,106,115,124,132,24806,24754,24973,25297,24898,24121,25119,25275,26008,26102,26196,26290,26385,26480
27001,AITKIN,MN,161,71,80,36,50,127,65,3,168,67,65,63,61,59,11371,11328,11542,11638,11384,11114,11519,11629,11608,11630,11652,11674,11696,11718
27003,ANOKA,MN,738,656,484,559,1229,2899,1764,1284,2447,1935,2153,2368,2582,2795,281621,282726,286220,291363,287333,281353,292041,295171,302882,305038,307210,309397,311600,313818
27005,BECKER,MN,-42,0,-82,-10,29,234,56,-40,44,15,26,38,49,60,26595,26692,26387,26863,26684,26548,27268,27472,28809,29031,29255,29480,29707,29936
27007,BELTRAMI,MN,-134,-80,-134,-82,-50,-52,-65,31,33,56,76,95,115,135,32766,32584,32836,33191,33215,32316,32851,33343,34919,35093,35268,35444,35620,35797
27009,BENTON,MN,-57,-3,-26,-75,-2,-32,-41,-29,-64,-59,-61,-63,-65,-67,30237,30356,30652,31745,30910,29992,31403,31645,32591,32818,33046,33276,33508,33741
27011,BIG STONE,MN,21,9,0,0,0,5,0,0,0,-2,-4,-6,-7,-9,4142,4096,4102,4120,4097,4096,4106,4160,4163,4167,4171,4175,4179,4183
27013,BLUE EARTH,MN,71,-127,-164,-58,-221,-336,-204,-249,-255,-282,-314,-346,-378,-409,44196,44849,45485,46430,45806,44689,46827,47222,48564,49013,49466,49923,50384,50849
27015,BROWN,MN,-56,-62,-1,23,-76,-87,-24,-40,5,10,13,16,18,21,22013,21753,21889,22024,21827,21349,21776,21666,21933,21908,21883,21858,21833,21808
27017,CARLTON,MN,-40,125,94,44,52,189,115,18,110,62,70,78,85,93,27410,27122,27152,27460,26982,26488,27219,27393,27948,27984,28020,28056,28092,28128
27019,CARVER,MN,445,909,554,252,884,1462,864,904,1063,933,979,1021,1059,1092,82152,82705,84799,87345,86192,85302,89999,91666,93628,95086,96567,98071,99598,101149
27021,CASS,MN,-76,134,23,-28,77,207,130,74,293,204,233,262,291,320,22709,22575,22802,23089,22500,22166,22921,23188,23455,23525,23595,23666,23737,23808
27023,CHIPPEWA,MN,-28,-5,26,3,-42,33,10,-21,-16,-12,-12,-12,-12,-13,10256,10124,10176,10437,10257,9989,9991,9919,10180,10151,10122,10093,10064,10035
27025,CHISAGO,MN,-29,189,212,70,317,542,369,259,503,425,475,526,576,626,44152,44212,44210,45156,44211,43300,45389,46024,47016,47317,47620,47925,48232,48541
27027,CLAY,MN,-140,47,34,30,161,53,61,-68,69,43,51,57,64,70,44526,44282,45020,46552,46378,45889,47984,48484,50136,50860,51594,52339,53094,53860
27029,CLEARWATER,MN,3,-7,27,-16,16,11,-12,16,37,26,29,32,34,37,6604,6568,6664,6750,6669,6525,6578,6502,6767,6768,6769,6770,6771,6772
27031,COOK,MN,-18,-3,23,0,17,13,15,3,19,22,24,27,29,32,4261,4302,4284,4331,4295,4239,4409,4457,4409,4430,4451,4472,4493,4514
27033,COTTONWOOD,MN,-6,-14,-31,7,-2,-21,19,7,41,43,49,54,60,66,10024,10053,9944,9995,9749,9384,9559,9311,9597,9510,9424,9339,9254,9170
27035,CROW WING,MN,5,196,18,18,173,317,215,96,478,337,375,413,450,488,49839,49634,50161,50855,49959,49147,50874,51364,52794,53083,53373,53665,53958,54253
27037,DAKOTA,MN,488,919,324,-35,801,2205,2491,1082,1623,1586,1768,1949,2127,2304,348591,349534,354003,361426,356762,349715,362388,365287,372336,374887,377456,380042,382646,385268
27039,DODGE,MN,136,3,-12,-9,86,96,67,45,70,38,40,42,43,45,17458,17576,17659,17920,17661,17290,17929,18128,18511,18610,18710,18811,18912,19014
27041,DOUGLAS,MN,-17,-12,62,-38,86,147,75,32,143,97,113,128,142,157,30497,30451,30724,31256,31085,30927,31901,32329,33177,33500,33826,34155,34487,34823
27043,FARIBAULT,MN,-103,-38,0,-46,-18,0,-24,20,-21,5,13,20,28,35,12001,11912,11775,11813,11620,11254,11327,11126,11174,11060,10947,10835,10724,10614
27045,FILLMORE,MN,-17,-22,-13,4,2,22,1,-29,41,29,33,37,42,46,17302,17303,17121,17308,17227,17012,17372,17275,17755,17788,17821,17854,17887,17920
27047,FREEBORN,MN,11,-112,1,32,-23,13,-61,42,83,78,88,99,110,121,26223,25880,25949,25892,25430,24557,24832,24648,24948,24746,24546,24348,24151,23956
27049,GOODHUE,MN,-136,0,34,-11,19,135,46,36,336,233,269,306,342,378,39244,39071,39085,39542,38922,38207,39123,38993,39462,39451,39440,39429,39418,39407
27051,GRANT,MN,-53,7,-10,-28,18,12,-4,-1,21,19,24,30,35,41,5039,5015,4965,4974,4943,4845,4943,4897,5076,5069,5062,5055,5048,5041
27053,HENNEPIN,MN,-994,-2649,-1666,-1071,-2532,-3816,-3004,-2880,-7555,-5486,-6021,-6554,-7087,-7619,956159,956382,963874,989782,985731,970428,996326,999272,1016419,1023602,1030836,1038121,1045458,1052847
27055,HOUSTON,MN,-55,-21,52,-27,55,16,41,9,38,39,47,55,63,71,16474,16241,16186,16282,16134,15802,16076,16091,16200,16163,16126,16089,16052,16015
27057,HUBBARD,MN,227,7,36,-14,46,165,54,35,69,-10,-17,-24,-31,-39,15184,15726,15806,15971,15521,15395,16227,16423,17011,17182,17355,17530,17706,17884
27059,ISANTI,MN,-48,77,106,93,216,488,271,369,591,545,614,682,751,819,30516,30359,30179,30801,30433,29824,31373,32001,33318,33627,33939,34254,34572,34893
27061,ITASCA,MN,-6,134,-22,-7,98,142,17,63,158,117,128,139,150,161,35572,35580,35488,35473,35046,34257,34795,34999,35822,35765,35708,35651,35594,35537
27063,JACKSON,MN,23,27,5,-32,7,11,2,23,15,2,2,2,1,1,8765,8913,8906,8893,8723,8421,8514,8483,8566,8511,8457,8403,8349,8296
27065,KANABEC,MN,-52,-9,46,-62,10,137,35,49,129,97,115,133,151,169,12145,12164,12084,12048,11792,11503,12017,12002,12204,12188,12172,12156,12140,12124
27067,KANDIYOHI,MN,-105,-62,-125,-67,-213,-171,-139,-63,-86,-102,-103,-104,-104,-105,36044,35991,36019,36814,36740,35893,36652,36583,37612,37756,37900,38045,38190,38336
27069,KITTSON,MN,14,-16,0,0,0,0,0,0,0,-2,-2,-2,-2,-2,3751,3763,3776,3787,3711,3578,3664,3685,3776,3766,3756,3746,3736,3726
27071,KOOCHICHING,MN,-32,-9,-20,22,-19,-56,-4,-29,-9,1,2,3,5,7,10358,10111,9980,9878,9619,9310,9318,9221,9208,9064,8923,8784,8647,8512
27073,LAC QUI PARLE,MN,-2,-15,-18,21,1,8,14,-15,13,23,25,27,30,32,6114,5984,5960,5923,5816,5771,5680,5590,5699,5642,5585,5529,5473,5418
27075,LAKE,MN,18,-40,4,-7,4,-22,19,2,51,42,46,51,55,60,8551,8580,8630,8609,8350,8096,8357,8433,8624,8603,8582,8561,8541,8521
27077,LAKE OF THE WOODS,MN,1,-2,0,0,-15,0,-9,-12,-9,-12,-14,-15,-17,-18,3222,3158,3157,3201,3083,3007,3090,3144,3192,3184,3176,3168,3160,3152
27079,LE SUEUR,MN,247,96,15,-6,30,220,90,76,132,28,25,21,17,13,22777,23354,23599,23829,23519,22869,23847,24162,24729,24899,25070,25242,25415,25590
27081,LINCOLN,MN,4,-4,13,0,4,23,-2,-19,-24,-15,-17,-20,-23,-25,4619,4685,4781,4842,4699,4656,4745,4704,4761,4767,4773,4779,4785,4791
27083,LYON,MN,-117,-52,-104,-49,-111,-177,-117,-102,-32,-45,-45,-44,-44,-43,20839,20744,20660,21082,20920,20360,20582,20499,21011,20995,20979,20963,20947,20931
27085,MCLEOD,MN,-79,-48,-17,34,4,89,78,-1,118,109,129,148,168,187,31158,30864,30873,31312,30702,30130,30788,30991,31735,31757,31779,31801,31823,31845
27087,MAHNOMEN,MN,46,-12,8,23,21,-10,-12,8,-9,-11,-14,-18,-22,-26,3866,3922,3935,3941,3933,3822,3923,3956,4157,4176,4195,4215,4235,4255
27089,MARSHALL,MN,-11,-11,-9,-17,15,12,-7,-16,8,4,6,7,9,11,8054,7959,7940,7933,7949,7748,7809,7727,7714,7673,7632,7592,7552,7512
27091,MARTIN,MN,-39,-20,18,-24,15,16,-33,-21,28,14,17,21,24,28,17727,17292,17372,17426,17183,16704,16827,16559,16897,16777,16658,16540,16422,16305
27093,MEEKER,MN,39,-8,-4,-59,18,47,39,58,52,47,54,62,69,76,19387,19323,19424,19508,19197,18915,19288,19420,20384,20442,20500,20558,20617,20676
27095,MILLE LACS,MN,-66,-36,-96,-11,72,127,31,93,202,185,216,247,278,309,19957,19811,19685,20019,19625,18892,19573,19755,20452,20459,20466,20473,20480,20487
27097,MORRISON,MN,14,-97,-21,-8,31,101,89,36,85,78,95,112,128,145,27751,27688,27465,27587,27232,26738,27315,27693,28453,28481,28509,28537,28565,28593
27099,MOWER,MN,-363,-83,-37,-3,-19,61,-60,-5,-71,-63,-39,-15,8,32,33475,32730,32627,32896,32348,31737,32616,32642,33305,33269,33233,33197,33161,33125
27101,MURRAY,MN,-7,-34,28,1,19,12,-1,4,23,22,25,28,31,35,7187,7078,7214,7291,7192,7025,7063,7022,7048,7027,7006,6985,6964,6943
27103,NICOLLET,MN,-41,-78,23,-50,-72,-58,-97,25,27,5,10,16,22,28,25551,25134,25502,26264,25759,24997,26075,26210,26731,26866,27001,27137,27274,27411
27105,NOBLES,MN,-62,-95,-45,-1,-46,-115,-69,-71,-65,-66,-68,-69,-71,-73,18395,18488,18762,18968,19098,18576,18470,18427,18744,18748,18752,18756,18760,18764
27107,NORMAN,MN,-32,14,-6,32,12,36,-8,2,-16,-4,-3,-3,-2,-2,5467,5404,5400,5444,5440,5268,5372,5211,5406,5388,5370,5352,5334,5316
27109,OLMSTED,MN,-194,-259,-190,-59,-114,-499,-331,-161,-361,-237,-253,-269,-285,-300,127097,127536,127767,130174,129923,127968,131708,132995,136752,137810,138876,139950,141032,142123
27111,OTTER TAIL,MN,61,-40,37,-2,87,239,126,54,129,91,106,120,135,150,47262,47323,47661,48264,47781,47388,48860,49255,50543,50898,51255,51615,51977,52342
27113,PENNINGTON,MN,-34,-48,23,-27,-18,2,-12,-7,-17,-8,-5,-3,0,2,11267,11304,11237,11487,11442,11064,11175,11164,11295,11281,11267,11253,11239,11225
27115,PINE,MN,19,54,36,-24,79,324,108,143,279,198,228,258,288,318,20607,20575,20678,20869,20325,19716,20409,20550,21183,21191,21199,21207,21215,21223
27117,PIPESTONE,MN,-36,9,10,0,-29,-25,-2,-4,6,7,8,10,11,12,7856,7854,7855,7983,7896,7758,7872,7826,8008,8014,8020,8026,8032,8038
27119,POLK,MN,24,-26,2,51,-39,-3,-38,-127,-37,-70,-81,-93,-104,-115,24894,24856,24819,25054,24864,24143,24772,24614,25079,25062,25045,25028,25011,24994
27121,POPE,MN,51,13,37,-12,7,11,-2,9,36,12,10,8,6,4,9154,9201,9325,9389,9259,9013,9358,9679,9776,9838,9901,9964,10027,10091
27123,RAMSEY,MN,-1227,-862,-1778,-729,-1717,-2722,-1160,-2746,-4219,-3293,-3594,-3894,-4194,-4492,392048,393399,399679,412596,409098,398404,412128,414191,425301,428906,432542,436209,439907,443636
27125,RED LAKE,MN,1,-17,3,0,0,-3,2,-9,20,14,16,18,19,21,3416,3361,3292,3345,3315,3203,3258,3261,3342,3329,3316,3303,3290,3277
27127,REDWOOD,MN,-67,-29,-12,-33,-25,-18,0,-22,5,5,10,16,22,28,13194,13055,12960,13062,12776,12487,12761,12789,13106,13070,13034,12998,12962,12927
27129,RENVILLE,MN,-54,-17,-19,-28,-18,24,18,-17,-44,-38,-36,-34,-32,-31,13213,12979,12888,12907,12700,12273,12306,12327,12419,12307,12196,12086,11977,11869
27131,RICE,MN,-129,-102,-36,-67,-80,67,-110,83,104,77,101,126,150,174,49682,48978,49507,50430,50176,49396,50556,50624,52223,52502,52783,53065,53349,53634
27133,ROCK,MN,-36,-3,2,30,-4,12,12,26,-5,15,19,22,26,29,7967,8040,8000,8104,8005,7980,8165,8077,8325,8355,8385,8415,8445,8475
27135,ROSEAU,MN,-26,-19,-35,0,0,-53,-36,34,-4,14,18,21,24,27,13577,13629,13635,13745,13550,13232,13136,13192,13588,13541,13494,13447,13401,13355
27137,SAINT LOUIS,MN,-41,-119,-258,-95,-261,-372,-161,-282,-136,-157,-173,-189,-205,-221,148574,148158,148436,149364,147565,144852,146635,146667,149378,149219,149060,148901,148743,148585
27139,SCOTT,MN,88,529,604,481,614,1077,679,869,1240,1137,1239,1340,1440,1539,116929,117857,119692,123290,121635,119778,124898,125973,129004,130407,131826,133260,134710,136175
27141,SHERBURNE,MN,146,80,125,84,539,800,540,591,746,719,806,893,979,1064,73526,73414,74197,76118,74924,73230,77730,77739,80457,81247,82045,82851,83665,84487
27143,SIBLEY,MN,17,-8,-15,-33,50,86,15,-43,12,-22,-21,-21,-20,-19,13034,12896,12878,12977,12664,12414,12670,12584,12751,12700,12650,12600,12550,12500
27145,STEARNS,MN,-312,-259,-111,1,-467,-481,-342,-369,-98,-146,-148,-149,-149,-149,118003,117450,118766,122400,121272,119156,123271,124781,128263,129472,130692,131924,133167,134422
27147,STEELE,MN,32,-56,-36,-28,-66,51,-62,0,-44,-56,-58,-60,-62,-64,31303,31191,31493,32051,31685,31175,31801,31547,32265,32344,32423,32502,32582,32662
27149,STEVENS,MN,50,-39,-26,0,-17,-21,-4,-14,-25,-21,-24,-27,-30,-33,7514,7632,7646,7859,7886,7840,8180,8286,8740,8884,9031,9180,9332,9486
27151,SWIFT,MN,-56,-58,-7,8,19,-7,-3,-4,-16,-1,4,9,14,19,8189,8025,7976,7996,7797,7758,7654,7626,7744,7681,7619,7557,7496,7435
27153,TODD,MN,-17,-14,-26,-47,-8,29,4,-29,5,-12,-9,-7,-4,-1,19434,19341,19364,19492,19111,18862,19334,19813,20575,20666,20757,20849,20941,21034
27155,TRAVERSE,MN,-2,11,0,0,0,0,0,0,0,-1,-1,-2,-2,-3,2830,2798,2851,2826,2740,2654,2712,2721,2648,2625,2603,2581,2559,2537
27157,WABASHA,MN,51,-14,-20,-21,29,120,-1,7,64,13,18,23,28,33,18551,18549,18462,18516,18329,17872,18199,18243,18405,18360,18315,18271,18227,18183
27159,WADENA,MN,0,15,29,33,-11,-16,-15,-4,15,15,13,11,9,7,10411,10420,10380,10608,10493,10143,10543,10587,11372,11446,11520,11595,11670,11746
27161,WASECA,MN,-163,-27,-1,-40,8,-68,6,-65,49,37,49,61,73,85,15683,15542,15355,15528,15268,14924,15185,15152,15356,15299,15242,15186,15130,15074
27163,WASHINGTON,MN,952,986,733,344,1003,3076,1843,2346,3121,2647,2929,3208,3485,3761,208698,210004,212889,217399,214206,210043,220075,222607,228252,230412,232592,234793,237015,239258
27165,WATONWAN,MN,11,-59,-28,7,-37,-9,-20,-14,-30,-22,-22,-22,-23,-23,9331,9183,9249,9287,9176,8913,9010,8780,8816,8749,8683,8617,8552,8487
27167,WILKIN,MN,-6,13,16,-44,-8,24,-34,-1,25,-8,-7,-7,-6,-5,5587,5532,5500,5591,5407,5268,5421,5399,5421,5396,5371,5346,5321,5296
27169,WINONA,MN,16,-71,-100,-90,-62,-175,-55,-123,-117,-124,-136,-147,-159,-170,36418,36733,36664,36758,36347,35753,36349,36143,36915,36891,36867,36843,36819,36795
27171,WRIGHT,MN,183,388,629,164,634,1379,1067,811,1603,1374,1520,1665,1809,1953,109050,109193,110790,113472,112145,110142,115337,118502,124302,126012,127745,129502,131283,133089
27173,YELLOW MEDICINE,MN,21,27,-14,-50,32,-3,-6,7,-18,-20,-22,-25,-28,-30,8670,8668,8387,8465,8232,8039,8163,8063,8240,8168,8097,8026,7956,7887
31001,ADAMS,NE,-1,-33,-46,-21,-41,-31,-88,-29,-23,-43,-46,-49,-52,-55,24442,24585,24703,24934,24682,24279,24522,24454,25023,25038,25053,25068,25083,25098
31003,ANTELOPE,NE,-12,-16,3,1,-3,-4,3,0,5,10,12,14,16,17,5440,5433,5445,5465,5358,5279,5362,5334,5458,5448,5438,5428,5418,5408
31005,ARTHUR,NE,0,0,0,0,0,0,0,0,0,0,0,0,0,0,379,395,390,389,373,373,362,361,383,380,377,374,371,368
31007,BANNER,NE,-8,0,0,0,0,0,0,0,0,0,1,1,2,2,562,563,493,528,496,512,534,539,584,585,586,587,588,589
31009,BLAINE,NE,0,0,0,0,0,0,0,0,0,0,0,0,0,0,406,406,397,407,397,410,382,376,391,388,385,382,379,376
31011,BOONE,NE,5,-6,0,0,0,-7,0,0,9,7,8,8,8,9,4708,4743,4749,4746,4740,4653,4729,4641,4825,4825,4825,4825,4825,4825
31013,BOX BUTTE,NE,-1,-20,15,-14,-30,-32,0,-30,-15,-25,-27,-29,-32,-34,9367,9300,9382,9511,9370,8907,8892,8922,9048,8982,8917,8852,8788,8724
31015,BOYD,NE,-3,0,0,0,0,0,0,0,0,0,1,1,1,1,1709,1656,1673,1646,1599,1570,1569,1577,1550,1532,1514,1496,1478,1461
31017,BROWN,NE,-4,0,0,0,0,0,0,0,0,1,1,2,2,2,2003,2318,2383,2380,2342,2292,2284,2276,2378,2398,2418,2439,2460,2481
31019,BUFFALO,NE,-96,-25,-81,-51,-57,-130,-35,-101,-41,-31,-30,-29,-28,-27,36709,36963,37202,37859,37843,37136,37993,38279,39477,39753,40031,40311,40593,40877
31021,BURT,NE,4,-5,5,-19,5,18,19,22,-10,4,6,7,9,10,5622,5529,5561,5577,5452,5366,5567,5501,5606,5600,5594,5588,5582,5576
31023,BUTLER,NE,-31,5,-6,-22,5,0,1,-7,21,19,23,26,30,33,7157,7108,7102,7090,6977,6845,6945,6930,7259,7247,7235,7223,7211,7199
31025,CASS,NE,71,34,46,-31,156,321,113,128,216,158,180,202,224,246,21235,21561,21721,21814,21181,20913,21935,21910,22360,22447,22534,22621,22709,22797
31027,CEDAR,NE,-6,-12,-17,-23,7,1,-24,0,11,6,8,10,12,13,7562,7538,7500,7523,7421,7445,7552,7434,7892,7909,7926,7944,7962,7980
31029,CHASE,NE,0,0,0,0,0,0,0,0,0,0,0,0,0,0,3331,3384,3312,3405,3319,3297,3294,3281,3207,3192,3177,3162,3147,3132
31031,CHERRY,NE,12,0,0,0,0,0,0,0,0,-2,-3,-3,-4,-5,4206,4760,4804,4856,4770,4654,4656,4634,4687,4706,4725,4745,4765,4785
31033,CHEYENNE,NE,-13,-15,0,0,0,17,-17,-6,15,10,12,14,17,19,8212,8163,8325,8559,8329,7836,7260,7233,7402,7263,7126,6992,6860,6731
31035,CLAY,NE,-34,11,-11,-5,-10,20,7,1,2,6,8,11,14,17,5392,5339,5299,5330,5167,4971,5146,5105,5137,5098,5059,5021,4983,4945
31037,COLFAX,NE,-43,-47,-4,-54,-73,-78,-25,-54,-63,-61,-64,-67,-70,-72,9307,9346,9511,9837,9731,9617,9622,9493,9621,9650,9679,9708,9737,9766
31039,CUMING,NE,-37,23,15,0,-26,3,8,-26,-39,-30,-32,-35,-38,-41,8030,8071,8046,8152,8021,7849,7926,7897,8121,8109,8097,8085,8073,8061
31041,CUSTER,NE,-5,8,9,-12,-12,3,-21,5,-13,-16,-17,-19,-20,-22,9232,9214,9112,9199,9040,9059,9078,9043,9171,9155,9139,9123,9107,9091
31043,DAKOTA,NE,-87,-17,-159,-34,-112,-164,-77,-38,-134,-97,-100,-104,-108,-111,18233,18101,17925,18390,18172,17505,17758,17571,18329,18287,18246,18205,18164,18123
31045,DAWES,NE,-35,-31,-14,0,-10,0,-5,0,-4,7,11,15,19,23,6027,5980,5944,5997,5812,5743,5767,5721,5845,5810,5775,5741,5707,5673
31047,DAWSON,NE,-70,-66,-14,-57,-73,-79,-76,-25,-98,-77,-79,-81,-84,-86,21064,20802,20933,21211,20874,20450,20757,20872,21362,21367,21372,21377,21382,21387
31049,DEUEL,NE,10,-2,0,0,0,0,0,0,0,-2,-3,-3,-4,-4,1438,1433,1408,1441,1418,1395,1383,1344,1410,1402,1394,1386,1378,1370
31051,DIXON,NE,20,0,1,15,26,17,-1,-20,5,-7,-9,-11,-13,-15,4972,4996,5032,5133,5051,4920,4991,4858,4812,4790,4768,4746,4724,4703
31053,DODGE,NE,-74,-30,-66,-16,-59,-56,-68,-73,-16,-26,-25,-24,-23,-22,30014,29964,30070,30421,29742,29047,29261,28918,29552,29420,29288,29157,29026,28896
31055,DOUGLAS,NE,-251,-416,-829,-209,-969,-1236,-711,-847,-1221,-1092,-1187,-1280,-1373,-1465,429344,432263,437475,447139,446985,441154,451949,453649,470162,474569,479017,483507,488039,492613
31057,DUNDY,NE,0,0,0,0,0,0,0,0,0,0,0,0,0,0,1558,1528,1480,1427,1378,1384,1365,1346,1333,1307,1281,1256,1231,1207
31059,FILLMORE,NE,-20,2,-9,0,-12,0,8,-24,-1,1,2,2,3,3,4829,4889,4795,4830,4777,4738,4815,4783,4840,4835,4830,4825,4820,4815
31061,FRANKLIN,NE,7,1,0,0,0,0,0,0,0,-1,-1,-2,-2,-3,2612,2566,2485,2525,2451,2334,2398,2442,2455,2433,2411,2389,2367,2346
31063,FRONTIER,NE,1,3,0,0,0,-8,0,0,0,-2,-2,-2,-3,-3,2071,2044,2037,2033,1963,1938,2015,1994,1966,1955,1944,1933,1922,1911
31065,FURNAS,NE,-3,-11,0,0,0,0,0,0,-6,-3,-3,-3,-2,-2,3964,3962,3953,3950,3907,3779,3869,3872,3971,3961,3951,3941,3931,3921
31067,GAGE,NE,-3,-15,28,5,15,63,-18,40,45,34,40,45,51,56,17675,17502,17599,17823,17546,17206,17493,17324,17613,17586,17559,17532,17505,17478
31069,GARDEN,NE,0,0,0,0,0,0,0,0,0,0,0,0,0,0,1493,1452,1440,1473,1478,1421,1415,1426,1382,1372,1362,1352,1342,1332
31071,GARFIELD,NE,27,0,0,0,0,0,0,0,0,-8,-10,-12,-14,-16,1361,1404,1444,1415,1408,1384,1417,1400,1428,1431,1434,1437,1440,1443
31073,GOSPER,NE,2,4,-2,2,18,0,0,0,14,9,10,10,11,12,1640,1634,1644,1611,1593,1567,1580,1605,1632,1627,1622,1617,1612,1607
31075,GRANT,NE,-3,0,0,0,0,0,0,0,0,1,1,1,1,1,591,619,568,595,601,593,615,588,615,617,619,621,623,625
31077,GREELEY,NE,-6,-13,0,0,0,0,0,0,0,4,5,6,7,8,1973,1984,2010,2016,2012,1918,1950,1915,1966,1958,1950,1943,1936,1929
31079,HALL,NE,15,-124,-58,-44,-150,-148,-177,-131,-152,-187,-204,-220,-237,-254,48967,49131,49842,51024,50947,50234,50687,51148,51855,52174,52495,52818,53143,53470
31081,HAMILTON,NE,11,39,3,8,-17,17,1,-21,30,5,3,2,0,-1,8015,8063,8111,8225,8086,7961,8205,8304,8481,8524,8567,8611,8655,8699
31083,HARLAN,NE,12,7,0,0,0,0,0,0,0,-4,-5,-6,-8,-9,2649,2674,2755,2750,2719,2625,2613,2596,2631,2619,2607,2595,2583,2571
31085,HAYES,NE,0,0,0,0,0,0,0,0,0,0,0,0,0,0,794,793,785,772,751,726,720,765,828,826,824,822,820,818
31087,HITCHCOCK,NE,-2,0,11,0,-1,3,-9,-5,8,4,4,4,4,4,2296,2285,2353,2332,2218,2170,2154,2175,2223,2204,2185,2166,2147,2128
31089,HOLT,NE,-25,-42,0,0,0,-13,-19,0,-9,1,3,6,8,10,8975,8970,9031,9046,9016,8874,9059,8878,9087,9088,9089,9090,9091,9092
31091,HOOKER,NE,-2,0,0,0,0,0,0,0,0,0,0,0,1,1,672,661,628,636,625,607,609,595,595,586,577,568,559,551
31093,HOWARD,NE,19,30,19,-6,2,20,9,8,15,2,1,0,-2,-3,5301,5290,5327,5393,5394,5247,5402,5441,5594,5622,5650,5678,5706,5735
31095,JEFFERSON,NE,-1,0,-31,-19,7,-20,-30,3,25,14,16,18,20,22,6056,6020,5972,6008,5799,5737,5759,5750,5870,5833,5796,5759,5723,5687
31097,JOHNSON,NE,19,5,-3,1,0,22,-16,-25,6,-7,-9,-12,-14,-17,3557,3530,3588,3605,3588,3477,3541,3489,3464,3452,3440,3428,3416,3404
31099,KEARNEY,NE,-7,1,5,11,6,8,-3,9,13,15,16,18,19,21,5152,5208,5427,5509,5369,5179,5413,5452,5750,5799,5848,5898,5948,5999
31101,KEITH,NE,17,-9,4,4,-4,-5,3,0,-2,0,-1,-2,-3,-4,6581,6461,6517,6566,6497,6224,6432,6371,6526,6509,6492,6475,6458,6441
31103,KEYA PAHA,NE,-4,-3,0,0,0,0,0,0,0,2,2,3,3,3,651,680,695,706,658,664,648,665,685,684,683,682,681,680
31105,KIMBALL,NE,-2,-1,0,0,0,-8,0,0,0,1,1,1,2,2,2839,2802,2808,2828,2760,2538,2547,2589,2638,2602,2566,2531,2496,2462
31107,KNOX,NE,11,-13,-16,0,11,-4,-15,-2,-31,-23,-25,-27,-29,-32,7092,7000,6960,7091,6971,6865,6944,6957,7140,7137,7134,7131,7128,7125
31109,LANCASTER,NE,-343,-250,-212,-104,-500,-571,-325,-473,-739,-631,-680,-729,-778,-826,226173,228043,231343,236387,236762,235009,241419,244547,253532,256703,259914,263165,266457,269790
31111,LINCOLN,NE,-56,-55,-22,-54,-53,-122,-74,-76,-57,-54,-58,-62,-65,-69,29543,29180,28965,28985,28459,27922,28113,27969,28324,28139,27955,27773,27592,27412
31113,LOGAN,NE,-6,1,0,0,0,0,0,0,0,1,2,2,2,3,655,627,663,673,672,637,604,603,641,636,631,626,621,616
31115,LOUP,NE,0,0,0,0,0,0,0,0,0,0,0,0,0,0,478,438,460,450,452,451,462,490,482,485,488,491,494,497
31117,MCPHERSON,NE,0,0,0,0,0,0,0,0,0,0,0,0,0,0,378,414,391,387,377,372,377,369,379,376,373,370,367,364
31119,MADISON,NE,-106,-55,-88,-31,-78,-59,-36,-42,-88,-57,-54,-51,-48,-45,28841,28812,28960,29217,28878,28101,28492,28586,29214,29193,29172,29151,29130,29109
31121,MERRICK,NE,10,7,-5,16,17,-15,7,3,28,27,28,29,30,30,6330,6250,6278,6399,6304,6052,6277,6268,6446,6449,6452,6455,6458,6461
31123,MORRILL,NE,16,-25,3,3,5,6,7,-9,-1,-1,-1,-1,-1,-1,3632,3708,3798,3820,3705,3600,3609,3576,3632,3616,3600,3584,3568,3552
31125,NANCE,NE,4,-2,10,0,0,-4,-8,0,-14,-10,-12,-14,-16,-17,2830,2811,2839,2919,2841,2746,2783,2759,2790,2780,2770,2760,2750,2740
31127,NEMAHA,NE,-16,-5,-3,-15,16,-6,-10,-19,4,-2,-1,-1,0,1,5198,5299,5319,5373,5212,5038,5204,5246,5469,5475,5481,5487,5493,5499
31129,NUCKOLLS,NE,2,-7,0,0,0,0,0,0,0,0,0,1,1,1,3643,3696,3666,3689,3538,3473,3513,3437,3443,3409,3376,3343,3310,3278
31131,OTOE,NE,-50,6,3,6,6,14,-37,-19,65,43,49,54,59,65,13015,13065,13059,13201,13022,12729,13071,13253,13642,13687,13732,13777,13822,13867
31133,PAWNEE,NE,12,9,0,0,0,0,0,0,0,-6,-7,-8,-9,-10,2127,2149,2188,2188,2167,2108,2107,2094,2144,2138,2132,2126,2120,2114
31135,PERKINS,NE,-9,1,0,0,0,0,0,0,0,2,2,3,3,4,2505,2492,2495,2551,2478,2461,2520,2538,2534,2538,2542,2546,2550,2554
31137,PHELPS,NE,4,10,-6,5,4,-3,5,-2,2,1,1,0,0,-1,7759,7753,7754,7852,7816,7524,7504,7592,7856,7840,7824,7808,7792,7776
31139,PIERCE,NE,14,-6,4,6,-4,10,7,9,19,12,13,14,15,17,6081,6211,6277,6357,6252,6009,6259,6222,6414,6431,6448,6465,6482,6499
31141,PLATTE,NE,13,-31,-31,16,0,19,-52,-56,-32,-43,-48,-53,-58,-62,29130,29063,29143,29719,29352,29104,29697,29768,30595,30741,30887,31034,31182,31330
31143,POLK,NE,-16,-13,2,4,15,20,-6,2,1,-1,1,3,4,6,4581,4573,4558,4516,4388,4439,4453,4422,4616,4606,4596,4586,4576,4566
31145,RED WILLOW,NE,-22,-33,-11,0,-16,-34,8,4,-1,14,17,20,24,27,8907,8793,8709,8817,8582,8256,8303,8398,8553,8487,8422,8357,8293,8229
31147,RICHARDSON,NE,17,-12,-24,0,-19,20,-16,0,-17,-10,-11,-12,-13,-14,6705,6536,6501,6539,6360,6282,6337,6266,6301,6252,6204,6156,6108,6061
31149,ROCK,NE,44,4,0,0,0,0,0,0,0,-13,-16,-20,-24,-28,836,1128,1121,1127,1109,1082,1036,1116,1166,1188,1210,1232,1255,1278
31151,SALINE,NE,-15,-63,-40,-50,-36,9,-2,-85,-57,-67,-69,-71,-72,-74,11712,11755,11874,11658,11558,11366,11668,11632,11865,11857,11849,11841,11833,11825
31153,SARPY,NE,519,562,538,223,674,1214,734,327,1025,678,711,741,768,794,138337,139831,143028,148845,146285,142038,150482,153133,157859,160126,162425,164757,167123,169523
31155,SAUNDERS,NE,77,22,52,21,62,106,125,105,238,227,246,266,285,305,17498,17480,17628,17793,17569,17281,17900,18118,19007,19147,19288,19430,19573,19717
31157,SCOTTS BLUFF,NE,-104,-53,-88,-58,6,-131,-40,-24,-41,-17,-11,-5,1,7,28867,28708,28738,28599,28089,27723,27848,27857,28188,28057,27927,27797,27668,27539
31159,SEWARD,NE,-18,-30,-11,-26,23,80,-33,22,68,34,43,52,61,70,13685,13716,13818,13968,13768,13544,14046,14133,14570,14653,14737,14821,14906,14991
31161,SHERIDAN,NE,2,-11,0,0,0,0,10,0,-13,-10,-11,-11,-11,-11,4127,4112,4056,4063,4026,3944,3932,3945,3973,3949,3925,3901,3877,3853
31163,SHERMAN,NE,-8,-12,0,0,-9,17,-16,0,0,-2,-2,-1,0,1,2420,2449,2481,2470,2454,2389,2451,2432,2476,2477,2478,2479,2480,2481
31165,SIOUX,NE,8,-2,0,0,0,0,0,0,0,-2,-2,-3,-3,-4,932,960,963,986,931,867,883,885,885,874,863,852,841,831
31167,STANTON,NE,32,-14,-9,1,2,11,2,5,-4,-12,-13,-13,-14,-15,4836,4953,4864,4948,4881,4709,4844,4840,5010,5011,5012,5013,5014,5015
31169,THAYER,NE,6,19,0,0,0,-19,-12,-21,-18,-25,-30,-34,-38,-42,4331,4334,4398,4457,4330,4187,4347,4307,4348,4342,4336,4330,4324,4318
31171,THOMAS,NE,-10,0,0,0,0,0,0,0,0,2,3,4,4,5,556,562,541,541,553,561,535,539,544,542,540,538,536,534
31173,THURSTON,NE,1,-42,68,0,23,21,-18,-33,-23,-20,-24,-27,-31,-35,5184,5054,5089,5270,5303,5284,5339,5252,5626,5677,5728,5780,5832,5885
31175,VALLEY,NE,4,1,0,0,0,0,0,0,0,-1,-1,-1,-2,-2,3504,3481,3519,3529,3473,3424,3511,3499,3555,3557,3559,3561,3563,3565
31177,WASHINGTON,NE,22,50,51,22,130,210,178,36,222,171,191,211,230,250,17073,17052,17238,17238,17002,16878,17560,17654,18067,18172,18277,18383,18489,18596
31179,WAYNE,NE,-17,-4,-16,-16,-33,-34,-35,7,-20,-21,-22,-22,-23,-24,6592,6554,6539,6692,6592,6368,6549,6492,6514,6501,6488,6475,6462,6449
31181,WEBSTER,NE,-19,3,1,0,0,7,-7,0,3,0,1,2,3,4,2926,2879,2780,2801,2716,2599,2695,2675,2705,2675,2645,2616,2587,2558
31183,WHEELER,NE,5,0,0,0,0,0,0,0,0,-1,-1,-1,-2,-2,645,666,657,659,651,674,657,638,645,644,643,642,641,640
31185,YORK,NE,14,-41,5,-17,-21,-41,-24,-13,-1,-5,-6,-7,-8,-9,11400,11399,11361,11512,11360,11039,11172,11348,11615,11612,11609,11606,11603,11600
32001,CHURCHILL,NV,-82,-62,-20,-17,35,144,125,84,161,163,193,224,255,286,18204,17829,17879,18104,17718,17180,17972,18308,18989,19054,19120,19186,19252,19318
32003,CLARK,NV,5931,7582,9062,10667,14631,22358,19004,17125,16006,18394,19821,21207,22550,23850,1559033,1562375,1578995,1616828,1629526,1623043,1664780,1671902,1723005,1743600,1764441,1785531,1806873,1828471
32005,DOUGLAS,NV,170,294,211,215,419,688,458,516,671,636,695,754,813,872,38693,38558,38929,39492,38972,38392,39745,40276,40581,40808,41036,41265,41496,41728
32007,ELKO,NV,258,192,-73,-25,-39,-80,-88,-73,35,-122,-151,-180,-210,-239,40989,41851,42207,42644,41888,41094,41813,41927,43405,43534,43664,43794,43925,44056
32009,ESMERALDA,NV,14,0,0,0,0,0,0,0,0,-4,-5,-6,-7,-8,549,595,610,593,590,574,549,524,554,549,544,539,534,529
32011,EUREKA,NV,1,-2,0,0,0,0,0,1,7,5,6,6,7,8,1347,1347,1336,1349,1286,1240,1283,1320,1357,1353,1349,1345,1341,1337
32013,HUMBOLDT,NV,65,2,11,-50,-34,-18,-11,3,26,-25,-28,-31,-34,-37,13725,14130,14282,14372,13897,13511,13559,13523,14066,14019,13973,13927,13881,13835
32015,LANDER,NV,-14,-3,-16,-4,-14,3,-4,-18,0,-6,-5,-4,-4,-3,4691,4693,4760,4706,4591,4262,4287,4257,4432,4371,4311,4252,4194,4137
32017,LINCOLN,NV,14,14,5,1,7,32,34,-10,33,28,29,31,32,34,3363,3355,3207,3213,3225,3112,3198,3195,3377,3368,3359,3350,3341,3332
32019,LYON,NV,90,185,117,247,416,1154,847,860,850,900,1001,1098,1190,1279,37590,37117,39131,40517,40095,39240,42085,43264,45503,46529,47578,48650,49747,50868
32021,MINERAL,NV,-6,-15,-1,-18,-17,-7,-20,0,23,19,21,23,26,28,3143,3108,3089,2935,2817,2785,2871,2919,3028,3001,2974,2948,2922,2896
32023,NYE,NV,50,131,187,105,272,695,752,557,850,869,972,1075,1178,1281,28632,28018,28126,28399,27552,26848,28407,29303,30977,31191,31407,31624,31842,32062
32027,PERSHING,NV,0,-5,-18,4,0,-2,2,-2,14,9,11,13,14,16,3597,3558,3677,3659,3516,3255,3375,3365,3557,3527,3498,3469,3440,3411
32029,STOREY,NV,7,9,-9,36,33,41,49,38,70,70,77,85,93,101,2589,2547,2557,2633,2642,2550,2763,2838,2874,2916,2958,3001,3045,3089
32031,WASHOE,NV,550,554,818,1360,2355,3381,3347,2816,3365,3634,4016,4393,4762,5125,331752,333662,336574,343410,345476,345940,357859,364053,375696,381304,386996,392773,398636,404587
32033,WHITE PINE,NV,1,2,-31,-15,-30,-16,28,4,36,26,30,35,39,43,6724,6862,6847,6765,6481,6382,6304,6469,6723,6678,6634,6590,6546,6502
32510,CARSON CITY,NV,-33,78,185,58,147,506,296,227,253,254,290,326,361,396,40206,39939,40080,40975,40339,39475,41397,41722,42623,42902,43183,43466,43751,44038
33001,BELKNAP,NH,79,187,154,160,382,537,292,346,654,540,598,655,712,769,50462,50091,49927,50413,49578,48377,49826,50067,50765,50746,50727,50708,50689,50670
33003,CARROLL,NH,80,229,99,48,245,658,300,198,741,519,578,638,697,757,38652,38413,38295,38374,37962,37360,38802,38980,39080,39137,39194,39251,39308,39365
33005,CHESHIRE,NH,-51,-85,22,86,152,227,146,333,480,495,558,621,683,746,59145,58918,58628,58725,57450,56358,57415,57643,58919,58758,58598,58438,58279,58120
33007,COOS,NH,-86,6,-28,-17,-8,40,135,45,79,103,123,142,161,180,24283,23904,23535,23389,22778,22265,22526,22714,22732,22523,22316,22111,21908,21707
33009,GRAFTON,NH,146,-103,-186,-118,-36,-79,2,42,476,278,314,350,386,422,66261,65883,65593,66505,65196,63914,65354,65548,65917,65826,65735,65644,65553,65462
33011,HILLSBOROUGH,NH,-495,126,-197,51,474,658,590,709,902,990,1148,1306,1465,1623,333782,332725,332916,335054,332078,326106,334307,337338,341651,342311,342972,343634,344298,344963
33013,MERRIMACK,NH,15,247,205,151,292,938,835,529,850,817,921,1025,1129,1233,118053,117176,116882,117613,115751,113197,116906,117975,119648,119720,119792,119864,119936,120008
33015,ROCKINGHAM,NH,659,1049,859,517,1306,2755,1297,1465,2523,1987,2183,2378,2573,2768,258705,258149,259332,261306,257664,253872,261437,263381,265368,266029,266691,267355,268021,268688
33017,STRAFFORD,NH,80,331,159,152,247,288,262,407,676,574,624,674,724,774,91370,92708,93069,94374,93743,91473,94225,95016,96539,97002,97468,97936,98406,98878
33019,SULLIVAN,NH,133,96,79,52,91,104,97,66,153,104,105,106,108,109,33243,33260,33387,33572,33026,32199,33019,32955,33475,33439,33403,33368,33333,33298
37001,ALAMANCE,NC,-140,290,393,402,600,1464,1203,1175,960,1154,1312,1468,1625,1780,117958,117278,117269,118710,117855,116811,120449,121793,124616,125388,126164,126945,127731,128522
37003,ALEXANDER,NC,-54,7,-33,4,2,-7,59,6,31,43,51,60,68,77,27658,27357,26992,26750,26488,25886,26332,26461,27004,26879,26755,26631,26508,26385
37005,ALLEGHANY,NC,-5,37,-19,21,0,1,-10,10,51,21,23,26,28,30,8144,7914,7839,7881,7662,7728,7801,7684,7612,7563,7514,7466,7418,7370
37007,ANSON,NC,-14,-77,-24,-44,-16,21,-35,15,17,22,29,37,45,52,17289,16849,16501,16312,15991,15708,15683,15448,15487,15272,15060,14851,14645,14441
37009,ASHE,NC,18,-5,22,-20,34,139,17,38,98,64,74,83,93,103,19370,19212,19102,19107,18705,18315,18897,18860,18831,18758,18686,18614,18542,18470
37011,AVERY,NC,55,39,-1,-27,10,26,-13,-24,15,-16,-21,-27,-32,-38,11324,11405,11559,11604,11339,11229,11280,11361,11283,11263,11243,11223,11203,11183
37013,BEAUFORT,NC,-80,38,40,29,-18,8,-29,-41,16,10,11,12,13,14,35767,35676,35384,35296,34577,33763,34017,33473,33473,33151,32832,32516,32203,31893
37015,BERTIE,NC,-77,-78,-93,-6,-55,-23,-52,-57,-73,-44,-41,-39,-36,-34,14161,13805,13674,13585,13166,12649,12517,12313,12233,11995,11762,11534,11310,11090
37017,BLADEN,NC,-60,123,-21,21,-94,-36,-37,-69,-9,-29,-35,-40,-45,-49,23414,23110,22868,22743,21888,20914,20765,20219,20609,20205,19809,19421,19040,18667
37019,BRUNSWICK,NC,633,1178,754,308,956,2760,1675,1677,2466,2105,2279,2443,2600,2747,80114,80702,83200,86210,85932,85908,92505,96431,101434,104326,107300,110359,113505,116741
37021,BUNCOMBE,NC,896,1093,223,94,729,1105,570,746,1303,818,854,889,924,958,184224,185695,186771,188922,187538,184911,190108,191333,192976,193909,194846,195788,196734,197685
37023,BURKE,NC,-238,-415,-63,41,20,91,36,-47,125,132,178,224,270,316,67014,65050,64025,64105,63261,62195,62639,62685,63094,62647,62204,61764,61327,60893
37025,CABARRUS,NC,1184,1538,1109,978,1665,3214,2061,2124,2448,2206,2334,2453,2563,2662,146972,147746,150300,154824,154815,154198,161616,164895,169703,172687,175723,178813,181957,185156
37027,CALDWELL,NC,81,-55,-50,3,-37,83,-39,53,62,68,74,80,86,92,60282,59221,58911,58782,57922,57087,57445,57538,58148,57848,57550,57253,56958,56664
37029,CAMDEN,NC,-10,60,80,21,63,130,45,94,109,92,103,113,123,133,7814,7823,7806,8036,7699,7495,7923,7917,8209,8235,8262,8289,8316,8343
37031,CARTERET,NC,308,210,20,85,65,461,223,96,526,278,300,322,343,365,50970,50693,50921,51657,50196,48710,49482,49477,50204,49996,49789,49582,49376,49171
37033,CASWELL,NC,-44,65,-80,-59,-43,1,70,-18,99,75,87,99,112,124,16326,16224,16057,15903,15441,15131,15236,15150,15178,15014,14852,14692,14533,14376
37035,CATAWBA,NC,76,151,17,-37,-72,241,75,85,33,1,1,1,1,2,124253,123290,122580,123067,120816,118705,121003,120410,121848,121420,120994,120569,120146,119724
37037,CHATHAM,NC,344,464,614,408,664,1205,758,607,758,778,797,810,817,817,51340,51404,52655,54736,54755,54784,57813,58437,59863,61059,62279,63523,64792,66086
37039,CHEROKEE,NC,51,25,-3,0,-2,32,48,-11,15,10,8,6,4,2,18551,18485,18390,18435,18150,18163,18768,19117,19300,19392,19484,19577,19670,19764
37041,CHOWAN,NC,47,11,-43,-41,20,-76,-37,-29,-16,-49,-55,-61,-68,-74,11129,11052,10981,10770,10453,10250,10277,10156,10111,9974,9839,9706,9574,9444
37043,CLAY,NC,-22,5,1,0,3,10,-7,2,10,6,8,9,11,13,7240,7212,7161,7243,7073,7115,7480,7581,7655,7712,7769,7826,7884,7942
37045,CLEVELAND,NC,-5,-76,90,-42,7,205,192,212,310,321,364,407,450,493,72598,71865,71149,71306,70843,69666,70291,70660,72185,72039,71894,71749,71604,71460
37047,COLUMBUS,NC,-91,5,-29,-36,-16,-71,-81,-48,-36,-30,-31,-31,-31,-31,39175,38595,38128,37664,36687,35989,35337,35155,35642,35137,34639,34149,33665,33188
37049,CRAVEN,NC,-481,-491,-358,-207,-236,-211,-311,-215,-165,-92,-55,-19,18,55,76891,75854,75654,77267,74685,71785,72702,73433,74197,73712,73231,72753,72278,71806
37051,CUMBERLAND,NC,-889,-1120,-1816,-991,-1129,-2902,-528,-837,-941,-684,-663,-641,-619,-597,229590,228308,228682,236431,227487,214124,221118,223005,228209,227218,226232,225250,224272,223298
37053,CURRITUCK,NC,50,245,141,70,205,413,260,341,589,486,535,583,632,680,18024,18083,18566,19077,18656,18440,19805,20267,21019,21391,21769,22154,22546,22945
37055,DARE,NC,36,7,14,42,-28,173,24,89,116,92,104,115,127,138,27946,28374,28365,29003,28533,28055,29053,29494,29805,29999,30194,30390,30587,30786
37057,DAVIDSON,NC,179,364,270,147,229,497,560,559,717,694,756,817,878,939,126042,125104,125163,125859,124867,122437,124850,125851,127488,127554,127620,127686,127752,127818
37059,DAVIE,NC,94,-37,22,65,104,339,121,138,240,193,219,245,272,298,33197,32882,32813,32816,32606,31895,32828,33089,33872,33913,33954,33995,34036,34077
37061,DUPLIN,NC,-79,-2966,-340,-281,-31,-99,-93,-126,-25,703,911,1128,1353,1587,48892,44678,42932,42131,40645,39631,38360,37355,37282,36115,34985,33890,32829,31802
37063,DURHAM,NC,408,172,-10,-255,8,-981,-232,-179,-722,-737,-849,-961,-1074,-1186,210581,212734,214688,221536,215741,209099,215168,214934,217194,217561,217928,218296,218665,219034
37065,EDGECOMBE,NC,-49,-216,-211,-104,-164,-188,-210,-158,-115,-153,-151,-149,-146,-142,40308,39618,38782,38135,36849,35554,35235,34100,33801,33013,32243,31491,30756,30039
37067,FORSYTH,NC,331,91,-112,73,386,842,482,228,484,394,443,493,542,591,276093,275675,275886,279221,276627,272089,277995,277472,280871,281234,281597,281961,282325,282690
37069,FRANKLIN,NC,213,481,183,308,480,907,830,860,1013,1027,1126,1225,1323,1420,42527,43118,43742,44453,44383,43829,46241,47080,48921,49678,50446,51226,52018,52823
37071,GASTON,NC,237,505,483,348,1097,1771,950,1038,1451,1278,1423,1567,1710,1854,157879,157689,157095,158775,157827,156186,160613,160866,163713,164350,164989,165631,166275,166922
37073,GATES,NC,-41,-17,-23,-34,15,20,15,-39,42,28,35,41,48,55,8302,8149,8021,7925,7793,7631,7743,7598,7718,7640,7563,7486,7410,7335
37075,GRAHAM,NC,20,-11,0,0,0,-18,3,0,7,-5,-5,-6,-6,-7,6043,5968,6053,6102,5993,5998,6038,6011,5965,5960,5955,5950,5945,5940
37077,GRANVILLE,NC,234,174,253,245,313,619,341,277,596,471,509,547,585,623,41707,41553,41624,42052,41674,41328,42540,42514,43192,43361,43531,43702,43873,44045
37079,GREENE,NC,-121,23,-49,-38,-20,-18,112,-19,-35,40,50,61,72,83,13717,14032,13810,13769,13420,13107,13070,12738,12835,12683,12533,12384,12237,12092
37081,GUILFORD,NC,419,232,-535,-30,-415,409,838,-139,317,160,187,213,240,266,377299,378062,379243,385632,383336,376008,384665,386204,391832,393260,394693,396131,397574,399023
37083,HALIFAX,NC,-62,-67,-168,-158,-122,-170,-110,-26,-136,-147,-151,-155,-161,-166,38348,37740,37142,36672,35978,34905,34549,33717,33842,33265,32698,32140,31592,31053
37085,HARNETT,NC,559,703,414,364,866,814,1104,387,523,636,645,654,662,670,82195,84077,85608,90147,87593,83118,88282,89649,91618,92550,93491,94442,95402,96372
37087,HAYWOOD,NC,118,98,99,61,64,403,249,71,311,222,243,263,284,304,43047,42973,43124,43485,43242,42769,44560,45401,45947,46312,46680,47051,47425,47802
37089,HENDERSON,NC,347,642,420,215,631,1024,520,406,727,539,568,596,625,653,84288,84315,84622,85729,84104,82780,86301,86739,87662,88023,88385,88749,89114,89481
37091,HERTFORD,NC,2,-16,7,-79,3,18,-56,-33,9,-36,-38,-41,-44,-48,14831,14712,14330,14366,14055,13668,13544,13392,13339,13147,12958,12772,12588,12407
37093,HOKE,NC,164,288,313,233,252,288,265,266,345,319,329,340,350,360,33335,33740,34400,36532,34594,32067,34056,34833,35546,35666,35786,35907,36028,36150
37095,HYDE,NC,28,-11,-30,23,18,9,0,-22,2,1,-1,-3,-5,-7,3524,3579,3610,3548,3504,3380,3355,3270,3121,3072,3024,2976,2929,2883
37097,IREDELL,NC,452,559,408,40,408,1147,827,910,1360,1194,1303,1412,1521,1629,130343,130583,131338,133754,132601,131056,136880,139855,143264,144815,146383,147968,149570,151189
37099,JACKSON,NC,176,70,-83,-41,-62,-86,-84,1,-2,-81,-97,-112,-128,-143,22731,23266,23408,23488,23451,23250,23890,24250,24471,24655,24841,25028,25216,25406
37101,JOHNSTON,NC,691,1125,784,977,1694,3042,2084,2239,3132,2949,3226,3501,3772,4039,135866,136891,138912,142231,141918,141781,149132,153149,161220,164367,167575,170846,174181,177581
37103,JONES,NC,65,38,-40,23,-5,33,36,-19,-1,-11,-17,-22,-27,-33,6990,7152,7100,7056,6796,6701,6617,6413,6452,6362,6274,6187,6101,6016
37105,LEE,NC,2162,-114,-647,-257,-617,159,221,204,104,-588,-675,-763,-851,-939,44623,46732,45892,45915,44234,43435,44233,44435,44750,44550,44351,44153,43955,43758
37107,LENOIR,NC,-101,-81,-19,295,-315,-323,-436,106,-51,-132,-141,-149,-158,-165,43620,43735,42613,42275,41915,40347,38868,38057,38776,38060,37357,36667,35990,35325
37109,LINCOLN,NC,283,105,223,166,424,720,682,538,762,751,826,901,976,1050,59703,59922,60643,61347,60889,59798,63292,64807,66272,67064,67865,68676,69496,70326
37111,MCDOWELL,NC,-1,-89,-22,36,44,124,96,80,140,148,172,195,218,241,32970,32365,32144,31981,31840,30911,31471,31577,32017,31875,31733,31592,31451,31311
37113,MACON,NC,27,122,72,-9,-17,106,27,5,101,46,45,45,44,44,25307,25175,25234,25192,24596,24491,25426,25667,25723,25770,25817,25864,25912,25960
37115,MADISON,NC,-83,9,70,10,106,93,54,49,68,92,105,117,129,142,14045,13990,14011,14199,14038,14002,14362,14518,14488,14554,14620,14686,14752,14819
37117,MARTIN,NC,22,-40,-2,-22,17,-90,-38,3,30,3,6,9,13,17,18013,17916,17711,17583,17317,16612,16468,16306,16179,15934,15693,15456,15222,14992
37119,MECKLENBURG,NC,4620,3939,3397,2582,4558,4702,2755,3064,1647,1972,1715,1454,1188,917,743312,749624,756318,778299,776547,762074,785439,792601,804308,811542,818841,826205,833636,841133
37121,MITCHELL,NC,14,2,-40,31,-27,45,29,9,46,33,38,43,48,52,10790,10776,10657,10635,10517,10290,10414,10359,10319,10255,10191,10127,10064,10001
37123,MONTGOMERY,NC,55,-37,-62,29,-128,41,16,46,-1,-17,-15,-13,-11,-9,20179,20081,20098,20150,19874,19287,19179,18869,19140,18970,18801,18634,18468,18304
37125,MOORE,NC,254,519,304,33,359,974,494,536,769,575,627,678,728,777,69886,70125,70995,72655,71419,70342,73415,75256,77729,78604,79489,80384,81289,82205
37127,NASH,NC,-302,31,18,-156,197,86,187,239,202,265,317,370,422,473,75167,74348,73267,73270,71698,69732,70553,69740,70658,69996,69341,68692,68049,67412
37129,NEW HANOVER,NC,572,614,74,-47,197,956,264,53,602,178,173,168,162,156,145062,146554,147909,151773,149574,146975,148718,150596,156573,157531,158494,159463,160438,161419
37131,NORTHAMPTON,NC,-81,-91,2,11,-87,-41,-35,-13,-10,0,7,14,22,29,14186,13749,13408,13325,12925,12389,12361,12163,12088,11840,11597,11359,11126,10898
37133,ONSLOW,NC,-736,-1594,-1038,288,-1225,-1273,-272,-660,-98,-36,55,145,236,327,122493,122699,125319,133118,127641,117261,124909,127419,130642,131160,131680,132202,132726,133252
37135,ORANGE,NC,-202,-99,-488,-101,-370,200,-61,-246,-4,-61,-36,-11,14,39,96278,96203,96748,98434,96263,93658,98090,98236,98283,98485,98687,98890,99093,99296
37137,PAMLICO,NC,-43,-34,21,-7,-10,-2,37,17,-1,15,21,26,32,38,9096,8905,8829,8834,8661,8418,8417,8539,8568,8496,8424,8353,8282,8212
37139,PASQUOTANK,NC,-45,-36,-4,30,35,75,34,58,169,150,171,192,213,234,28736,28435,28244,28877,28142,27206,27987,28092,28672,28613,28554,28495,28437,28379
37141,PENDER,NC,161,524,91,325,338,860,318,212,568,346,365,382,397,411,37899,38323,39078,40097,39612,39078,41334,42120,44107,44831,45567,46315,47075,47848
37143,PERQUIMANS,NC,38,52,-26,14,-1,63,22,30,-32,-32,-36,-39,-42,-46,9826,9749,9853,9786,9445,9166,9289,9417,9599,9538,9478,9418,9358,9299
37145,PERSON,NC,40,35,118,85,65,228,169,141,254,228,252,276,299,323,29492,29380,29457,29467,29075,28444,28787,28691,28964,28856,28748,28640,28533,28426
37147,PITT,NC,-88,-186,-404,-85,-236,-393,-69,-324,-205,-188,-196,-205,-213,-222,115066,115637,115554,117467,115826,113564,115389,115616,117616,117715,117814,117913,118012,118111
37149,POLK,NC,73,31,-13,-34,-40,57,-10,21,63,9,9,10,10,10,13737,14017,14134,14255,14018,13602,14153,14086,14190,14214,14238,14262,14286,14310
37151,RANDOLPH,NC,200,-59,-19,74,88,39,90,342,290,343,373,402,432,462,112391,111204,110543,110811,109870,107668,108319,107456,109208,108687,108168,107651,107137,106625
37153,RICHMOND,NC,-45,-41,-153,-170,-80,-69,-87,32,36,6,19,33,46,59,33494,33196,32771,32387,31470,30618,30671,30129,30400,29964,29534,29110,28692,28280
37155,ROBESON,NC,89,-109,-228,-186,-423,-478,-446,-471,-118,-343,-372,-398,-420,-440,94652,93813,92228,91279,88763,85749,84575,82536,83002,81433,79893,78382,76900,75446
37157,ROCKINGHAM,NC,-116,-13,9,20,-24,92,74,111,232,219,252,285,318,352,70731,69436,68991,68804,67693,66012,66228,65782,66177,65571,64971,64376,63787,63203
37159,ROWAN,NC,135,0,-4,-78,247,511,214,358,517,452,513,573,634,694,105362,104531,104353,104746,103682,102332,104376,104009,106228,106219,106210,106201,106192,106183
37161,RUTHERFORD,NC,-229,-18,-50,50,-53,48,67,70,42,99,126,152,178,204,45890,45467,44942,44797,43989,43422,44560,44684,45001,44867,44734,44601,44468,44336
37163,SAMPSON,NC,270,655,-661,-360,-103,-29,26,3,-13,-226,-257,-290,-325,-361,53064,55184,53770,52398,49192,47153,46453,45256,46048,44866,43714,42592,41499,40434
37165,SCOTLAND,NC,-454,-61,-128,-50,-59,-59,-39,-49,-37,-58,-30,-3,24,49,25228,24493,24093,23778,23240,22727,22605,22492,22805,22491,22181,21875,21574,21277
37167,STANLY,NC,-51,74,-3,30,129,348,188,227,465,410,463,517,571,625,45452,45132,44892,45167,44805,44071,44934,45483,46172,46221,46270,46319,46368,46417
37169,STOKES,NC,-1,1,-2,30,-4,79,-8,114,93,93,105,118,130,143,34785,34504,34303,34243,33781,32684,33011,32913,33454,33220,32988,32757,32528,32301
37171,SURRY,NC,-176,-208,-31,-114,-67,-46,13,-89,33,22,45,67,89,111,56225,55313,54712,54470,53645,52373,52505,52510,52823,52361,51903,51449,50999,50553
37173,SWAIN,NC,-184,-49,-6,16,-17,16,-15,11,-27,8,21,34,47,60,12369,12497,12186,12242,12094,11896,12282,12226,12420,12407,12394,12381,12368,12355
37175,TRANSYLVANIA,NC,74,12,-33,-4,5,164,66,-13,28,27,28,29,31,32,22489,22454,22600,22729,22547,22430,23117,23158,23227,23325,23424,23523,23623,23723
37177,TYRRELL,NC,28,-11,0,0,-23,31,0,0,0,1,0,-1,-2,-3,2868,2814,2775,2745,2744,2682,2716,2602,2517,2483,2449,2416,2383,2351
37179,UNION,NC,1007,1971,1324,502,1434,3012,1941,1597,2484,1900,1993,2078,2154,2221,171483,172505,176277,180874,179665,178404,186147,188529,192888,195582,198314,201084,203892,206740
37181,VANCE,NC,-48,-224,44,-12,25,-65,53,-32,8,19,32,44,55,67,32854,32309,31336,31794,31640,30842,30649,30388,30528,30248,29971,29696,29424,29154
37183,WAKE,NC,2631,5004,4798,2471,6824,8081,4739,4599,6380,5241,5381,5488,5562,5601,769274,776343,788325,810881,809066,806992,842286,855240,873371,886949,900738,914742,928963,943405
37185,WARREN,NC,-97,23,-11,-80,-30,38,3,63,44,49,61,73,84,96,13164,12762,12616,12677,12493,12060,12261,12082,11973,11844,11716,11590,11465,11341
37187,WASHINGTON,NC,-66,-11,-74,-82,-39,-24,-77,-45,-27,-51,-50,-50,-50,-51,9377,9186,9002,8854,8519,8225,8143,7931,7913,7731,7553,7380,7211,7045
37189,WATAUGA,NC,-99,-81,-126,-75,-95,-19,-111,-85,-91,-89,-88,-86,-85,-84,28115,28134,28218,28431,28259,27821,29264,29504,29548,29742,29937,30134,30332,30531
37191,WAYNE,NC,69,-178,-233,-156,-19,-465,-195,-176,74,-80,-82,-83,-84,-84,90015,90224,89410,90406,89002,85601,85544,84424,85904,85149,84401,83660,82925,82197
37193,WILKES,NC,-1,39,-24,1,69,-18,-37,-22,18,3,0,-2,-4,-7,49890,49653,49251,49012,48522,47824,48131,47695,48038,47765,47493,47223,46954,46687
37195,WILSON,NC,27,-60,-3,-118,-9,33,40,-88,-29,-60,-63,-66,-70,-74,62720,62973,62188,62065,61345,59762,59587,58864,59113,58561,58014,57473,56937,56406
37197,YADKIN,NC,-25,-44,10,16,30,11,23,16,120,110,124,137,150,163,29333,29187,28981,28595,28371,27713,28013,28091,28538,28384,28231,28079,27928,27778
37199,YANCEY,NC,-2,31,42,2,25,22,56,51,72,70,77,84,90,97,12782,12550,12403,12544,12449,12321,12585,12729,12875,12893,12911,12929,12947,12965
39001,ADAMS,OH,129,-68,38,6,26,-8,-10,-21,18,-7,-14,-21,-27,-34,20634,20571,19878,19924,19621,19163,19171,19143,20084,19939,19795,19652,19510,19369
39003,ALLEN,OH,-225,-8,-143,-134,-125,-185,-122,-125,-58,-58,-53,-47,-42,-37,80765,79802,79660,79532,78730,76703,77259,77166,80052,79741,79431,79122,78814,78508
39005,ASHLAND,OH,12,18,29,-49,22,146,6,-28,9,-37,-37,-37,-37,-37,40951,40785,40618,40888,40454,39591,40348,40313,42053,42071,42089,42107,42125,42143
39007,ASHTABULA,OH,-156,-95,-80,-118,29,10,-45,-64,41,34,52,70,88,106,77612,76455,75645,75112,73884,72586,72922,72791,76934,76563,76194,75827,75461,75097
39009,ATHENS,OH,-191,-72,-147,-65,-76,-177,-149,-57,-135,-92,-90,-87,-84,-82,33757,33368,33215,33984,33335,32641,33027,33143,34282,34276,34270,34264,34258,34252
39011,AUGLAIZE,OH,-29,-21,36,-13,-15,4,7,4,0,4,7,9,12,14,39216,39039,39251,39553,38974,38192,38790,39098,41156,41251,41347,41443,41539,41635
39013,BELMONT,OH,-64,-23,-12,7,-55,17,-30,-62,-11,-14,-12,-11,-10,-9,51450,51379,51079,51099,50451,49177,49329,48939,50251,49960,49671,49383,49097,48813
39015,BROWN,OH,-55,68,-72,10,16,61,34,34,90,85,98,110,122,135,33449,33039,32901,32546,32170,31317,32008,31561,33410,33279,33149,33019,32890,32761
39017,BUTLER,OH,-368,-25,430,50,498,669,306,189,536,440,517,594,670,747,290827,289232,289429,292175,288308,282484,289601,290304,301002,301585,302169,302754,303340,303928
39019,CARROLL,OH,-77,-136,-82,-46,-18,43,48,8,112,121,147,172,198,223,22029,21708,21625,21774,21382,20695,20885,20793,21557,21437,21317,21198,21080,20962
39021,CHAMPAIGN,OH,-16,-29,-96,57,35,147,-50,66,93,74,89,104,119,135,31167,31159,31049,31046,30273,29570,30133,30179,31739,31669,31600,31531,31462,31393
39023,CLARK,OH,13,81,-108,101,-146,98,44,40,216,169,185,202,219,236,107845,106887,106274,106279,104851,101538,101913,101122,104047,103288,102535,101787,101045,100308
39025,CLERMONT,OH,34,453,205,141,527,494,496,311,699,618,671,723,776,829,161114,160707,160825,162683,160049,157028,161487,162531,168702,169239,169778,170319,170861,171405
39027,CLINTON,OH,-3,57,-37,-3,6,83,-12,-20,22,-4,-4,-4,-4,-4,32651,32263,31967,32213,31779,30968,31666,31328,32792,32721,32651,32581,32511,32441
39029,COLUMBIANA,OH,-196,-64,-180,-140,-176,-40,-61,-59,77,61,85,110,134,159,81760,81311,80799,80419,79025,76510,76556,75822,78549,77861,77179,76503,75833,75169
39031,COSHOCTON,OH,4,-11,-2,-27,26,-14,14,1,49,54,59,63,67,72,28261,27917,27770,27984,27843,27411,27768,27721,29907,29999,30091,30184,30277,30370
39033,CRAWFORD,OH,-19,-53,-27,60,-49,-69,-49,21,76,99,106,113,121,128,34028,33433,33250,33387,32804,31798,32155,32023,33219,33031,32844,32658,32473,32289
39035,CUYAHOGA,OH,-3109,-2917,-3221,-2352,-3784,-5187,-3215,-3637,-3721,-3383,-3506,-3629,-3750,-3871,982812,970140,965280,965139,954961,932153,936588,933302,958891,953952,949039,944151,939288,934450
39037,DARKE,OH,-46,-22,-27,-2,-77,-78,4,-45,69,79,85,91,97,103,43914,43408,43399,43563,42838,41784,42380,42279,44948,44892,44836,44780,44724,44668
39039,DEFIANCE,OH,69,-132,53,-7,-59,42,-11,-48,47,19,20,21,23,24,32191,31954,31900,32045,31503,30586,31094,31194,32352,32271,32190,32110,32030,31950
39041,DELAWARE,OH,1150,1830,1516,919,1986,3472,2126,1977,2988,2385,2530,2667,2796,2917,153634,155185,159124,163994,163089,161933,171725,175909,185341,189294,193332,197456,201668,205969
39043,ERIE,OH,-48,-125,-8,-25,0,96,9,7,66,58,75,92,109,125,62057,61546,61552,61616,60593,59070,59767,59646,61311,61063,60816,60570,60325,60081
39045,FAIRFIELD,OH,50,715,517,220,930,1622,1091,999,1435,1259,1403,1547,1690,1833,116531,116635,117739,119671,117684,114920,120159,121496,128162,129241,130330,131428,132535,133651
39047,FAYETTE,OH,-20,46,-9,53,43,3,43,53,120,137,148,158,169,179,21673,21557,21460,21655,21482,21119,21214,21178,22018,22004,21990,21976,21962,21948
39049,FRANKLIN,OH,-665,-1081,-440,582,-1402,-2145,-1633,-1955,-4614,-3848,-4250,-4653,-5058,-5464,929605,931239,939520,959853,959444,944815,967501,973249,1010584,1019200,1027889,1036652,1045490,1054403
39051,FULTON,OH,-31,75,42,12,23,114,29,20,20,-2,0,2,4,6,36268,36039,36094,36261,35696,35024,35610,35725,36918,36908,36898,36888,36878,36868
39053,GALLIA,OH,-30,-4,-58,-53,-27,-3,-11,16,17,26,33,39,46,52,22218,21845,21501,21388,21171,20739,20682,20589,21710,21573,21437,21302,21168,21035
39055,GEAUGA,OH,374,307,230,24,323,533,258,153,304,207,204,202,199,196,81921,81732,81929,81909,80847,79392,80792,80730,86143,86294,86445,86596,86747,86899
39057,GREENE,OH,-388,-523,-277,-348,-184,111,34,-57,-22,11,76,141,206,270,121263,120538,120657,123195,120817,117232,122480,123733,127941,128525,129112,129701,130293,130888
39059,GUERNSEY,OH,-58,-68,-110,-48,-23,-1,-1,-6,51,59,73,88,103,118,30713,30285,30065,30214,29831,28983,29141,29193,30228,30088,29949,29811,29673,29536
39061,HAMILTON,OH,-1499,-1755,-1527,-902,-1543,-2213,-1491,-1516,-2198,-1819,-1875,-1930,-1986,-2041,629846,627238,626021,630556,624537,612331,621421,621146,638422,638217,638012,637807,637602,637397
39063,HANCOCK,OH,22,-91,10,76,-33,-36,25,-108,-47,-27,-34,-41,-48,-55,60419,60034,60319,60907,60446,59031,60024,60006,62046,62112,62178,62244,62310,62376
39065,HARDIN,OH,-46,20,18,-53,7,-43,-6,6,15,16,19,22,24,27,22735,22459,22352,22377,21941,21512,21647,21581,22921,22848,22776,22704,22632,22560
39067,HARRISON,OH,-14,-28,-29,-12,-25,7,-22,-10,-24,-25,-24,-23,-23,-22,11402,11282,11168,11231,11012,10745,10907,10879,11337,11295,11253,11211,11169,11127
39069,HENRY,OH,-79,-37,-62,-13,3,8,-61,49,-26,-7,1,9,17,26,24203,23961,23838,23954,23557,22986,23201,23214,24082,23998,23914,23830,23747,23664
39071,HIGHLAND,OH,-4,12,-16,-4,-1,-24,-3,74,80,95,104,112,121,130,31748,31413,31607,31763,31300,30562,30894,31195,33403,33458,33513,33568,33623,33678
39073,HOCKING,OH,60,-21,-18,-38,16,69,57,43,158,136,150,164,178,192,21437,21258,21247,21123,20648,20186,20563,20236,21040,20923,20807,20692,20577,20463
39075,HOLMES,OH,-57,-10,-48,-65,-72,-48,-24,-44,16,18,23,28,33,39,33476,33848,34245,34487,34543,34271,34722,34965,39364,39870,40383,40902,41428,41961
39077,HURON,OH,-154,-100,-73,-111,23,-47,-18,-37,-6,2,18,33,49,65,49433,48858,48409,48237,47580,46520,46932,47133,48719,48505,48292,48080,47869,47659
39079,JACKSON,OH,-57,-14,-52,29,10,-19,12,-8,55,61,70,79,88,98,24404,24163,24005,23928,23595,22979,23408,23399,24194,24105,24016,23927,23839,23751
39081,JEFFERSON,OH,51,-14,39,-21,5,-27,-75,-12,30,21,16,11,6,1,51307,50845,50210,49872,49275,47795,47967,47656,49870,49504,49141,48780,48422,48067
39083,KNOX,OH,-64,93,27,14,119,287,200,50,228,201,228,256,283,310,46322,46111,46569,46979,46210,45453,46666,46709,50296,50581,50868,51156,51446,51738
39085,LAKE,OH,275,188,136,299,487,774,668,362,580,546,601,656,711,766,194058,193403,193033,193444,191676,188466,191171,190450,195870,195692,195515,195338,195161,194984
39087,LAWRENCE,OH,-44,69,-47,-4,9,87,48,30,0,-11,-5,0,6,11,45914,45251,45017,44470,44047,42896,43076,42911,44490,44187,43886,43588,43292,42998
39089,LICKING,OH,499,441,389,273,888,1343,962,675,1342,1151,1254,1358,1461,1564,133743,133822,133993,135766,134062,131656,136382,137474,144306,145246,146192,147144,148102,149066
39091,LOGAN,OH,9,31,-1,-40,-56,52,136,3,83,73,82,92,102,111,36944,36837,37186,37068,36287,35511,36212,36309,38068,38056,38044,38032,38020,38008
39093,LORAIN,OH,511,680,745,382,939,1735,1159,1130,1896,1711,1862,2013,2164,2315,241842,241000,241413,242183,240687,235909,242187,243072,252672,253436,254202,254970,255741,256514
39095,LUCAS,OH,-1196,-943,-1202,-210,-894,-1440,-620,-489,-532,-227,-161,-96,-30,36,327227,324542,322338,322432,320056,312309,314547,314666,325133,324055,322981,321910,320843,319779
39097,MADISON,OH,-28,226,167,84,117,521,272,211,352,280,315,350,386,421,31265,31023,31211,31502,30861,29999,31139,30745,32048,32058,32068,32078,32088,32098
39099,MAHONING,OH,-296,-189,-82,-90,-289,-379,-228,-300,-45,-20,-18,-16,-13,-11,181333,180032,178841,178636,175855,171202,172425,171401,176154,175045,173943,172848,171760,170679
39101,MARION,OH,-116,-37,-65,-21,-15,65,58,21,29,37,55,73,91,110,47672,47099,46753,46906,46060,44596,45461,45503,47477,47298,47120,46943,46766,46590
39103,MEDINA,OH,640,771,745,287,748,1596,815,793,796,571,604,636,669,701,150187,150097,151022,152313,150138,148059,152337,153430,158959,159708,160460,161216,161975,162738
39105,MEIGS,OH,-19,38,-16,20,-1,44,-26,23,5,-5,-4,-3,-2,-1,16682,16377,16071,15950,15989,15629,15897,15753,16115,16035,15956,15877,15799,15721
39107,MERCER,OH,-45,-23,11,-22,8,0,-11,-8,-5,-6,-3,0,3,6,36242,35941,36012,36321,36201,35759,36282,36622,39795,40081,40369,40659,40951,41245
39109,MIAMI,OH,245,216,229,43,183,438,356,193,266,201,211,221,232,242,84655,84443,84889,85813,84718,83305,85707,86327,90158,90621,91087,91555,92026,92499
39111,MONROE,OH,-61,-30,-28,17,-39,-1,-25,-5,3,12,18,23,28,34,11193,11165,11040,11033,10926,10576,10564,10466,10846,10765,10684,10604,10525,10446
39113,MONTGOMERY,OH,-1012,-967,-963,-773,-849,-1075,-832,-496,-770,-583,-544,-505,-466,-427,410418,407658,405538,407002,401107,390492,395537,395061,405618,404049,402486,400929,399378,397833
39115,MORGAN,OH,7,25,3,49,-11,18,14,-8,-35,-37,-41,-46,-51,-55,10299,10207,10337,10311,10205,10028,10112,10186,10680,10692,10704,10716,10728,10740
39117,MORROW,OH,71,83,58,29,119,247,184,141,244,213,235,257,280,302,26762,26424,26667,26848,26177,25718,26477,26761,27979,28053,28127,28201,28276,28351
39119,MUSKINGUM,OH,-55,-54,33,77,-114,114,-1,52,57,63,75,88,100,112,66755,65960,65821,66408,65613,64737,65359,65239,68314,68337,68360,68383,68406,68429
39121,NOBLE,OH,-37,7,1,7,17,14,-12,25,-10,-11,-9,-7,-4,-2,9500,9346,9257,9331,9273,9172,9290,9295,9909,9932,9956,9980,10004,10028
39123,OTTAWA,OH,42,115,78,-51,50,270,127,49,76,15,21,27,33,39,34332,33958,33906,33943,33216,32292,33099,33107,34046,33928,33811,33694,33578,33462
39125,PAULDING,OH,-78,-8,-15,5,-23,20,-11,-24,-5,-12,-7,-3,2,6,15909,15638,15456,15527,15364,14964,15136,15188,16196,16170,16144,16118,16093,16068
39127,PERRY,OH,21,-18,28,-85,31,123,64,-19,130,88,100,111,123,135,26801,26403,26073,26300,25963,25211,25767,25963,27184,27157,27130,27103,27076,27049
39129,PICKAWAY,OH,74,195,241,90,295,566,458,395,340,332,374,417,459,501,41303,41008,41125,41562,40936,39880,41250,41585,43500,43655,43811,43968,44125,44283
39131,PIKE,OH,20,-17,-36,48,-11,79,-44,18,29,5,8,10,13,15,20208,19822,19722,19686,19554,18990,19467,19144,19832,19752,19673,19594,19515,19437
39133,PORTAGE,OH,-317,267,53,0,32,227,176,79,464,391,442,492,543,593,118551,117554,117976,118792,116067,112857,115429,115719,119891,119697,119503,119310,119117,118924
39135,PREBLE,OH,21,-11,-5,-81,45,81,4,23,134,101,114,126,138,150,33524,33154,33065,33141,32599,31483,32117,32000,33579,33462,33346,33230,33114,32999
39137,PUTNAM,OH,-52,-7,-27,-3,-39,-7,-34,-25,-32,-33,-33,-33,-33,-33,30709,30565,30543,30648,30486,29963,30191,30329,32133,32193,32253,32313,32374,32435
39139,RICHLAND,OH,19,-102,-92,8,-59,62,93,58,134,149,172,194,217,240,95021,94294,93922,93826,92812,90631,92312,92333,97110,97037,96964,96891,96818,96745
39141,ROSS,OH,7,-46,-21,9,3,34,46,82,20,34,44,54,64,74,55177,54816,54672,54668,54013,52838,53237,52997,55614,55469,55324,55179,55035,54891
39143,SANDUSKY,OH,-4,20,-59,-90,-35,29,-76,32,-34,-54,-54,-54,-54,-54,49954,49319,49296,49270,48056,47184,47155,47080,48853,48560,48269,47980,47693,47407
39145,SCIOTO,OH,-234,71,16,-107,-4,-26,8,-57,-7,-7,3,13,22,32,53678,52883,53051,52338,51520,50183,50336,50177,51578,51180,50785,50394,50006,49621
39147,SENECA,OH,-144,4,-103,12,-29,-77,-80,8,-22,-6,2,10,17,25,44517,43884,43308,43421,42912,42107,42549,42435,44080,43929,43778,43628,43478,43329
39149,SHELBY,OH,-27,-67,-46,-45,-90,6,-37,-47,-44,-54,-53,-51,-50,-49,41247,40839,40623,40744,40407,39338,39782,39815,42485,42460,42435,42410,42385,42360
39151,STARK,OH,22,78,125,-116,-265,-197,105,52,128,126,129,133,136,140,302347,301344,301375,301641,298425,291528,294536,293945,303665,302971,302279,301589,300900,300213
39153,SUMMIT,OH,-278,-217,-521,-191,-392,-18,77,-519,-405,-462,-462,-463,-463,-464,427954,425807,425813,426770,421126,412168,418237,418722,430414,429711,429009,428308,427608,426909
39155,TRUMBULL,OH,-214,-175,-162,-3,5,-42,27,-97,93,125,155,185,215,245,165347,163705,162154,161379,158865,155035,155122,154062,160829,159703,158584,157473,156370,155275
39157,TUSCARAWAS,OH,-55,-75,-95,-103,-66,-12,-69,-125,-104,-129,-132,-135,-139,-142,78810,78441,78263,78212,77101,74712,74725,74681,77439,76981,76526,76073,75623,75176
39159,UNION,OH,297,196,138,215,456,965,452,617,785,695,759,821,880,936,41068,41375,42382,43360,42964,42581,46750,48653,51476,52839,54238,55674,57148,58661
39161,VAN WERT,OH,-23,-4,-35,-51,-10,23,9,-27,36,13,19,24,30,35,23901,23638,23808,23819,23468,22888,23390,23467,24239,24222,24205,24189,24173,24157
39163,VINTON,OH,33,-18,-46,-73,0,75,7,10,57,38,45,53,60,67,9232,9058,9172,9005,8803,8677,8755,8924,9254,9229,9204,9179,9154,9129
39165,WARREN,OH,796,463,724,408,752,1729,1150,863,1966,1567,1698,1829,1960,2090,180001,180952,183098,186927,184088,180691,190897,193880,202921,205425,207960,210526,213124,215754
39167,WASHINGTON,OH,147,-18,45,-65,52,3,16,21,37,-11,-17,-22,-27,-32,48061,48395,48103,48063,47462,46610,46889,46444,47980,47811,47642,47474,47307,47140
39169,WAYNE,OH,-52,-26,40,-109,-18,-63,-108,15,16,10,12,15,17,20,94653,94713,94683,95499,94711,92700,93607,93285,100011,100215,100419,100624,100829,101034
39171,WILLIAMS,OH,-82,2,-50,-24,-32,-21,-15,-38,-13,-9,-6,-2,2,6,30862,30716,30574,30602,30027,29497,29716,29601,30892,30789,30686,30584,30482,30380
39173,WOOD,OH,138,-64,5,-71,5,-92,18,45,-54,-25,-32,-39,-47,-54,95895,95461,96027,97356,95532,93064,96272,97031,100410,100733,101058,101384,101711,102039
39175,WYANDOT,OH,-3,-13,-18,-88,-16,-7,11,-14,6,-2,1,4,7,9,18614,18603,18476,18467,18222,17989,18019,18016,18790,18748,18706,18664,18622,18580
42001,ADAMS,PA,-19,199,176,167,208,469,261,168,317,262,291,319,348,376,84781,84753,84863,85585,84699,83354,85207,85567,86745,86893,87041,87189,87337,87486
42003,ALLEGHENY,PA,-276,-1762,-2352,-1621,-3639,-4417,-1777,-1855,-2735,-2420,-2617,-2812,-3008,-3204,977764,975108,973564,978141,969337,951283,961074,962926,972924,971122,969323,967528,965736,963947
42005,ARMSTRONG,PA,346,73,-51,-34,24,65,2,-87,19,-158,-185,-212,-239,-267,54610,55279,55728,55213,54292,52903,52908,52563,53442,53101,52762,52425,52090,51758
42007,BEAVER,PA,37,150,123,155,93,297,142,82,109,115,118,122,125,128,141497,140597,140243,140500,138249,134978,135031,134440,135116,134140,133172,132211,131256,130308
42009,BEDFORD,PA,-77,8,-19,-21,-18,9,22,18,-8,8,15,22,29,36,41215,41144,40684,40402,39824,38971,38992,39181,40008,39751,39496,39242,38990,38740
42011,BERKS,PA,-88,166,-194,103,117,1361,954,533,957,830,977,1125,1273,1420,344009,342115,340957,342550,339721,333515,339355,340932,346677,346587,346497,346407,346317,346227
42013,BLAIR,PA,18,-3,-62,34,-92,20,-48,-4,-7,-24,-26,-27,-29,-30,100613,100284,100010,99588,98686,96957,97273,96929,98850,98431,98013,97597,97183,96771
42015,BRADFORD,PA,154,1,-77,13,0,84,2,-1,35,5,0,-4,-9,-14,44446,49991,49793,49983,49246,48063,48562,48074,49009,49160,49311,49463,49615,49768
42017,BUCKS,PA,1120,1387,1258,911,1980,4643,2425,1966,3733,2941,3245,3549,3853,4156,552430,550381,547841,549649,543951,534920,544680,546227,547541,546656,545773,544891,544011,543132
42019,BUTLER,PA,210,481,321,287,589,1237,778,635,1160,956,1058,1160,1262,1363,157834,157963,158007,159515,157384,155290,158110,158705,161284,161486,161688,161890,162093,162296
42021,CAMBRIA,PA,-44,-116,30,-45,-32,-73,-62,-49,-11,-4,-1,2,6,9,111306,110044,108733,107755,106147,103352,102767,102111,103124,101954,100798,99655,98525,97407
42023,CAMERON,PA,-4,-7,0,0,0,-11,-4,-13,0,-4,-4,-4,-4,-4,4069,4025,3912,3887,3799,3599,3679,3641,3615,3557,3500,3444,3389,3334
42025,CARBON,PA,255,139,80,32,95,411,325,232,326,292,315,339,363,387,51145,50901,50153,50305,49145,48227,49043,49445,50126,49914,49703,49493,49284,49075
42027,CENTRE,PA,-416,-216,-156,53,-347,-611,-294,-392,-368,-305,-325,-346,-366,-386,95538,94440,94725,96441,95478,94713,96632,96758,99100,99499,99899,100301,100705,101110
42029,CHESTER,PA,937,1218,609,29,518,2379,1793,1027,2677,2023,2208,2393,2578,2763,440713,441205,440905,441949,435882,429860,440161,442564,448208,448549,448890,449231,449572,449914
42031,CLARION,PA,-85,-76,20,-14,-27,-28,-9,3,-4,16,24,32,40,48,29653,29286,29188,29081,28767,28129,28187,28255,28759,28600,28442,28285,28128,27972
42033,CLEARFIELD,PA,19,-14,9,25,-13,52,-18,33,-1,-4,-3,-3,-3,-2,62767,62351,62159,61725,61122,59778,60100,60079,60665,60315,59967,59621,59277,58935
42035,CLINTON,PA,69,-35,-2,-20,6,2,6,3,-51,-60,-65,-71,-76,-82,29078,29189,29079,29105,28674,28009,28379,28414,29295,29228,29161,29094,29027,28960
42037,COLUMBIA,PA,-21,27,47,-35,19,19,78,-8,71,57,63,70,76,82,48184,48243,48406,48448,47636,46616,47056,47071,47871,47716,47561,47407,47253,47100
42039,CRAWFORD,PA,10,15,6,5,18,101,-62,-32,58,19,19,19,19,20,67639,67379,67027,66944,65658,64250,64338,63996,65252,64796,64343,63893,63446,63002
42041,CUMBERLAND,PA,324,535,502,408,372,967,868,715,1102,994,1075,1156,1237,1317,195676,196452,197930,202048,199430,196512,202916,205748,211390,213051,214725,216412,218113,219827
42043,DAUPHIN,PA,-411,-224,-497,163,-372,-236,-37,288,265,467,546,626,706,786,219152,218710,218843,221485,219247,215279,219778,221300,227031,227625,228220,228817,229415,230015
42045,DELAWARE,PA,848,430,70,541,306,1383,1276,1165,1317,1292,1414,1536,1659,1781,454353,451891,450267,452966,449430,440110,446536,448205,451344,450618,449893,449169,448447,447726
42047,ELK,PA,10,-37,-25,-2,-31,-16,-15,3,-5,-1,1,2,4,5,27894,27512,27316,27086,26692,26076,26115,25821,26023,25766,25511,25259,25009,24762
42049,ERIE,PA,-229,-557,-746,-198,-737,-1172,-442,-598,-139,-117,-114,-109,-103,-95,219234,218211,216202,215871,213631,208536,208328,207246,210005,208486,206978,205481,203995,202520
42051,FAYETTE,PA,-206,-7,-67,39,-7,-104,-48,-37,-78,-13,-7,-2,4,9,103764,103485,102500,101901,101070,98847,98820,98555,99771,99097,98427,97762,97101,96445
42053,FOREST,PA,4,-4,15,-14,-15,-1,-10,8,-5,-5,-5,-6,-6,-7,3565,3602,3574,3502,3366,3152,3240,3246,3259,3207,3155,3104,3054,3005
42055,FRANKLIN,PA,112,62,55,79,210,128,78,239,259,277,298,318,338,358,130290,130296,130269,131211,130408,128166,129914,130448,134703,134945,135188,135431,135675,135919
42057,FULTON,PA,-10,-13,-31,23,1,10,15,-4,30,26,31,35,39,44,12266,12303,12140,12156,11919,11677,11755,11976,12160,12115,12071,12027,11983,11939
42059,GREENE,PA,26,-40,-49,-24,-70,-41,-61,-42,-34,-67,-72,-78,-83,-88,27436,27483,27509,27436,27059,26294,26169,25970,26152,25933,25716,25501,25288,25076
42061,HUNTINGDON,PA,-27,-15,35,-13,8,-25,-13,9,10,16,18,20,22,24,33983,33696,33450,33285,33061,32430,32658,32689,33149,33003,32858,32714,32570,32427
42063,INDIANA,PA,-144,-136,-102,-4,-58,-60,-21,16,-18,23,41,58,76,94,63800,63457,62838,62673,61562,59916,60112,59956,62053,61625,61200,60778,60359,59943
42065,JEFFERSON,PA,77,-31,-30,-20,-2,17,-6,-40,-13,-45,-50,-55,-60,-65,36934,36910,36786,36715,36097,35137,35507,35329,36317,36128,35940,35753,35567,35382
42067,JUNIATA,PA,-12,6,-18,-7,38,1,18,14,-14,-10,-8,-7,-5,-3,20107,20118,19965,20055,19937,19786,19967,19978,20925,20969,21013,21057,21101,21145
42069,LACKAWANNA,PA,-175,-121,-13,82,59,158,238,289,486,538,612,686,760,835,166373,166526,164814,164974,163105,160764,162076,162536,165024,164572,164121,163671,163222,162775
42071,LANCASTER,PA,-41,294,180,-29,28,419,153,127,294,244,264,284,305,325,452838,453845,455401,458814,457435,453738,461632,465081,491163,494567,497995,501446,504921,508420
42073,LAWRENCE,PA,-74,1,-51,-51,-29,41,-38,40,23,16,27,37,47,57,71196,70668,70410,70119,68947,67548,67654,67222,68320,67830,67343,66860,66380,65904
42075,LEBANON,PA,153,38,393,65,360,582,198,385,287,233,260,287,313,340,115288,115013,114905,116116,115274,113831,116472,117570,121917,122522,123130,123741,124355,124972
42077,LEHIGH,PA,-165,-602,602,555,711,770,728,684,883,1031,1171,1311,1451,1591,289615,287628,288115,291399,290206,286631,293609,297750,301419,302853,304294,305742,307197,308659
42079,LUZERNE,PA,562,57,201,471,302,1304,856,655,1222,1107,1217,1326,1436,1545,251607,250196,248596,248326,246331,243460,245979,246462,249679,249193,248708,248224,247741,247259
42081,LYCOMING,PA,-158,-63,-34,-66,-103,-114,-71,-55,81,71,86,101,116,131,92562,91859,91348,91727,90255,88027,88685,88354,89743,89235,88730,88227,87727,87230
42083,MCKEAN,PA,14,5,-11,-5,6,-8,-12,-8,-17,-22,-25,-28,-31,-34,32731,32341,32340,32017,31339,30654,30795,30459,31011,30735,30461,30189,29920,29653
42085,MERCER,PA,-34,35,-53,-63,14,-93,-93,-45,128,96,103,110,117,125,91238,90727,90104,89675,88384,86001,86089,85283,86540,85779,85024,84276,83535,82800
42087,MIFFLIN,PA,-3,10,-31,-15,-4,-1,17,-4,66,68,74,80,85,91,38120,37843,37675,37661,37238,36880,37317,37557,39882,39960,40039,40118,40197,40276
42089,MONROE,PA,-124,-107,548,540,880,2341,1601,1190,1883,2028,2291,2555,2819,3082,124373,121164,125034,124802,122576,119758,122708,123824,125301,125335,125369,125403,125437,125471
42091,MONTGOMERY,PA,1611,1428,964,859,1430,4417,2713,2942,4831,3968,4376,4784,5192,5600,691649,691776,691147,695952,688370,678223,692803,696184,700227,700780,701333,701887,702441,702995
42093,MONTOUR,PA,78,9,-49,-8,12,6,-72,30,-34,-52,-59,-66,-73,-80,14909,14926,14962,15181,14631,14140,14295,14294,14752,14670,14588,14507,14426,14346
42095,NORTHAMPTON,PA,278,351,515,556,1064,1787,871,968,1292,1155,1286,1418,1549,1680,246521,245181,244189,245189,241978,238523,244058,245135,247070,246986,246902,246818,246735,246652
42097,NORTHUMBERLAND,PA,39,-60,-3,-20,18,-132,86,49,91,124,134,144,154,165,72761,72184,71992,72233,70944,68823,69507,69306,71142,70751,70362,69975,69590,69208
42099,PERRY,PA,2,-57,61,42,15,68,104,44,74,82,93,105,117,128,38629,38571,38399,38682,38276,37660,38308,38456,40042,40111,40180,40249,40318,40387
42101,PHILADELPHIA,PA,-5358,-6679,-6339,-3612,-6618,-11164,-6378,-6758,-11122,-9094,-9610,-10125,-10640,-11156,1020206,1004868,995723,1006397,1004010,986253,1002127,1011140,1022999,1023378,1023757,1024136,1024515,1024894
42103,PIKE,PA,158,191,266,198,425,1071,534,424,1102,848,946,1043,1141,1238,44725,44252,43695,43768,42769,41845,43028,42951,43435,43231,43028,42826,42625,42425
42105,POTTER,PA,21,-29,-16,3,12,1,-18,-3,-9,-11,-12,-13,-13,-14,13656,13550,13478,13453,13129,12776,12792,12624,12780,12646,12513,12382,12252,12123
42107,SCHUYLKILL,PA,96,35,65,88,107,347,216,327,415,414,459,505,550,595,115536,114435,113425,112866,110949,108900,108939,108235,109999,109122,108252,107389,106533,105684
42109,SNYDER,PA,-13,69,66,-25,-32,23,-1,-2,23,0,-3,-5,-8,-11,31115,31276,31742,32187,31751,31332,31660,31643,32891,33015,33139,33263,33388,33513
42111,SOMERSET,PA,-32,-16,17,-14,-9,49,-15,16,59,52,60,68,76,84,61163,60934,60258,59841,58807,57874,57844,57422,58238,57765,57296,56831,56369,55911
42113,SULLIVAN,PA,-42,-5,1,-10,-14,1,-2,-11,5,1,4,7,10,12,4755,4685,4626,4672,4604,4482,4476,4444,4525,4490,4455,4421,4387,4353
42115,SUSQUEHANNA,PA,348,-8,-66,11,-2,-2,-10,20,50,-100,-117,-135,-152,-170,32613,33422,33296,33135,32581,31776,31835,31875,32137,31959,31782,31606,31431,31257
42117,TIOGA,PA,41,-51,40,-9,22,24,36,0,25,10,12,13,15,17,32443,32554,32207,32459,31918,31061,31391,31367,32075,31940,31806,31672,31539,31407
42119,UNION,PA,-8,19,-26,13,22,-25,-18,-64,2,-8,-12,-16,-20,-24,29658,29315,29650,30090,29455,28960,29414,29347,30581,30618,30655,30692,30729,30766
42121,VENANGO,PA,-25,42,-43,-18,-31,-64,-20,-33,14,7,7,7,7,8,43123,42928,42469,42313,41436,40545,40189,39758,40269,39830,39396,38967,38543,38123
42123,WARREN,PA,-28,12,-12,-29,-5,31,-36,-25,17,-7,-6,-4,-3,-2,32755,32357,32172,31996,31376,30556,30460,30209,30428,30097,29770,29446,29126,28809
42125,WASHINGTON,PA,-617,382,340,96,522,1213,535,455,747,718,837,956,1074,1193,171634,171423,170938,171277,169126,165472,167373,167264,168935,168334,167735,167139,166545,165953
42127,WAYNE,PA,483,599,144,-8,52,277,195,292,306,115,94,74,53,32,38538,39322,39522,39467,38716,37987,38546,38502,38816,38737,38658,38579,38500,38421
42129,WESTMORELAND,PA,137,162,175,179,350,600,652,524,853,808,896,985,1073,1161,303778,302853,301570,300660,295793,290218,292223,291618,293828,292144,290469,288804,287148,285502
42131,WYOMING,PA,-265,-3,80,-107,13,11,-51,3,59,61,81,101,121,142,20792,22771,22576,22481,21937,21269,21359,21115,21155,21041,20928,20815,20703,20592
42133,YORK,PA,694,341,481,413,832,1520,788,812,1346,1105,1200,1295,1391,1486,371002,370322,369166,371755,368595,365175,372204,374382,380596,381443,382292,383143,383996,384850
48001,ANDERSON,TX,-48,-52,-45,-3,16,136,-7,-21,58,24,37,49,61,73,33889,33680,33453,33592,33085,32837,33396,33351,34167,34154,34141,34128,34115,34102
48003,ANDREWS,TX,85,-17,38,55,-73,-75,27,-1,-11,-35,-43,-51,-59,-67,12690,13207,13755,14592,14289,13702,13952,14466,14983,15210,15441,15675,15913,16154
48005,ANGELINA,TX,-60,-165,-93,-87,-171,-124,-211,-127,-75,-106,-109,-113,-116,-120,65504,65264,65302,65802,64989,63357,63320,63714,64670,64430,64191,63953,63716,63480
48007,ARANSAS,TX,61,100,142,26,28,-13,-223,61,175,47,40,33,26,19,16459,16669,17160,17574,17267,15618,15121,15935,16342,16197,16053,15911,15770,15630
48009,ARCHER,TX,18,7,10,-8,16,32,24,9,53,31,35,38,42,46,6765,6847,6991,7008,6694,6486,6745,6846,6928,6922,6916,6910,6904,6898
48011,ARMSTRONG,TX,0,9,-7,0,0,9,-7,-8,11,1,1,1,1,1,1453,1415,1508,1554,1490,1457,1517,1450,1503,1507,1511,1515,1519,1523
48013,ATASCOSA,TX,126,58,49,140,118,372,308,247,162,176,195,212,228,244,33872,34233,34919,35323,35379,34924,36303,37108,38417,38940,39471,40009,40554,41107
48015,AUSTIN,TX,-36,74,77,118,115,218,76,78,131,137,149,162,175,187,23175,23090,23274,23739,23804,22819,23399,23940,24207,24310,24413,24517,24621,24725
48017,BAILEY,TX,8,-13,-62,106,9,-117,-16,0,-15,-23,-25,-27,-30,-31,5848,5955,5653,5726,6112,5349,5036,4974,5065,4947,4832,4719,4609,4502
48019,BANDERA,TX,15,93,52,40,192,333,128,216,167,187,207,228,247,266,14431,14301,14248,14817,14619,14375,15260,15567,15938,16141,16346,16554,16765,16978
48021,BASTROP,TX,272,706,761,584,1225,1752,1174,994,2103,1697,1831,1959,2079,2193,54022,54769,55820,57659,58051,58433,62132,64156,66337,68043,69793,71588,73429,75317
48023,BAYLOR,TX,1,-4,-12,0,0,-12,-9,0,0,1,1,1,1,1,2573,2598,2499,2537,2535,2433,2504,2467,2521,2509,2498,2487,2476,2465
48025,BEE,TX,-13,-28,-43,-29,-79,-76,-66,-45,-10,-39,-41,-43,-46,-48,18348,18466,18682,18877,18649,17980,18154,18309,18826,18817,18808,18799,18790,18781
48027,BELL,TX,-774,-1112,-330,608,681,733,1026,828,1488,1891,2189,2487,2786,3086,231035,232383,236789,247021,243125,235097,247981,254831,266795,270805,274876,279008,283202,287459
48029,BEXAR,TX,5367,6044,5634,4738,6132,7375,4005,4810,4591,3889,3700,3500,3289,3067,1351046,1366394,1387542,1421864,1428367,1412669,1453014,1480955,1524527,1545260,1566275,1587576,1609166,1631050
48031,BLANCO,TX,29,-4,70,49,84,135,82,54,178,170,186,202,218,235,7791,7752,7962,8217,8223,8187,8484,8560,9045,9200,9357,9517,9680,9846
48033,BORDEN,TX,0,0,0,0,0,0,0,0,0,0,0,0,0,0,461,482,471,469,483,476,504,516,492,497,502,507,512,517
48035,BOSQUE,TX,-17,-6,-1,25,56,127,77,38,82,83,96,109,122,135,13079,12935,12745,12958,12725,12529,13100,13070,13311,13338,13365,13392,13419,13446
48037,BOWIE,TX,27,-80,-110,-42,-30,63,26,-69,-12,-28,-24,-20,-16,-12,68450,68136,67678,68259,67679,66263,67299,67354,67784,67655,67526,67397,67268,67140
48039,BRAZORIA,TX,920,1282,1023,830,2181,3814,2125,1664,2584,2064,2215,2355,2482,2598,249303,252061,256720,262792,263590,259212,270045,277147,284367,288657,293012,297433,301921,306476
48041,BRAZOS,TX,-532,-451,-225,31,-314,-1079,-591,-683,-300,-332,-313,-285,-249,-204,118618,118632,121049,126496,128220,127869,132116,134664,139284,142118,145009,147959,150969,154040
48043,BREWSTER,TX,-19,36,0,31,77,40,-42,-37,-46,-67,-74,-81,-88,-95,6802,6578,6591,6494,6464,6412,6516,6432,6493,6462,6431,6400,6369,6338
48045,BRISCOE,TX,0,-3,0,0,0,0,0,0,0,1,1,1,1,1,1201,1154,1182,1124,1096,1034,1089,1039,1082,1064,1047,1030,1013,997
48047,BROOKS,TX,-25,-27,-30,-30,-32,-46,-39,-47,-47,-47,-50,-53,-55,-58,5619,5571,5456,5436,5308,5130,5133,5036,5065,4990,4916,4843,4771,4700
48049,BROWN,TX,-22,-8,-40,1,24,46,18,-77,53,19,24,28,32,36,27065,26912,26669,26727,26838,26450,26765,26898,27305,27319,27333,27347,27361,27375
48051,BURLESON,TX,58,31,7,0,59,128,21,53,104,67,74,80,87,93,13189,13104,13220,13401,13416,13087,13420,13558,13783,13849,13915,13981,14047,14114
48053,BURNET,TX,103,174,166,79,405,676,397,201,825,576,635,693,749,804,32767,32862,33326,34522,33967,33843,35920,36700,37736,38387,39049,39723,40408,41105
48055,CALDWELL,TX,329,280,191,342,413,1167,565,368,401,377,356,324,281,226,26282,26509,27824,28744,28953,29013,30472,30958,32240,33042,33864,34706,35569,36454
48057,CALHOUN,TX,5,6,-19,-39,-7,-101,8,-72,-31,-55,-62,-68,-75,-81,16527,16670,16772,16727,16343,15728,15653,15996,16170,16060,15950,15841,15733,15626
48059,CALLAHAN,TX,8,11,24,13,49,48,30,7,63,45,49,53,58,62,9829,9782,9673,9771,9794,9609,9877,10032,10264,10311,10358,10405,10453,10501
48061,CAMERON,TX,-913,-855,-1145,-935,-1041,-961,-1023,-605,-414,-391,-340,-289,-238,-186,319125,320015,320621,321985,322752,320670,323189,323869,332056,333202,334352,335506,336664,337826
48063,CAMP,TX,7,2,-19,-1,-54,-22,35,11,-2,-1,0,1,3,4,9363,9168,9188,9615,9388,9176,9193,9282,9478,9484,9490,9496,9502,9508
48065,CARSON,TX,-1,1,-9,-13,18,6,-2,5,-12,-9,-9,-9,-9,-9,4628,4600,4546,4530,4465,4368,4416,4440,4491,4467,4443,4419,4395,4372
48067,CASS,TX,-46,66,-53,-18,3,102,28,-9,-3,-20,-17,-13,-9,-6,22259,22184,21998,22069,21729,21306,21476,21557,21888,21802,21716,21631,21546,21461
48069,CASTRO,TX,-15,-3,-19,-21,-9,0,-14,-9,10,-2,0,2,3,5,6293,6143,6102,6004,5846,5627,5602,5573,5507,5410,5315,5222,5130,5040
48071,CHAMBERS,TX,257,228,198,-3,312,640,498,692,780,729,801,873,943,1013,29739,31012,32286,32717,33134,32167,33467,35585,37255,38115,38995,39895,40816,41758
48073,CHEROKEE,TX,-38,-26,19,57,44,85,51,6,59,59,68,78,87,97,37352,37430,37372,37776,37555,37036,37586,37791,39004,39130,39256,39383,39510,39638
48075,CHILDRESS,TX,14,-18,0,0,0,0,0,0,0,0,0,0,0,0,4307,4274,4296,4358,4290,4192,4132,4087,4144,4116,4088,4060,4033,4006
48077,CLAY,TX,30,6,10,-9,7,40,13,4,51,24,26,28,30,32,7907,7980,7821,7901,7712,7644,7690,7698,7729,7695,7661,7627,7593,7559
48079,COCHRAN,TX,-14,-5,0,-11,-13,-32,-19,0,10,5,6,7,9,10,2401,2305,2320,2284,2266,2178,2060,2096,2179,2144,2110,2077,2044,2012
48081,COKE,TX,-2,9,-1,1,8,13,8,2,2,2,3,3,3,4,2318,2324,2366,2369,2309,2194,2290,2310,2370,2367,2364,2361,2358,2355
48083,COLEMAN,TX,0,12,-13,-12,9,9,-4,-18,13,1,1,1,1,2,6133,6055,5871,5818,5757,5604,5745,5683,5705,5652,5599,5547,5495,5444
48085,COLLIN,TX,5414,7090,6864,4000,9343,17005,12515,10168,16428,13581,14458,15257,15977,16616,674787,687986,705853,734474,736364,734953,778475,808598,842310,864614,887509,911010,935133,959895
48087,COLLINGSWORTH,TX,-4,1,0,0,0,0,0,0,0,1,1,1,1,2,2252,2238,2281,2333,2197,2129,2168,2150,2135,2116,2098,2080,2062,2044
48089,COLORADO,TX,-27,29,-8,33,34,106,58,45,118,99,113,127,141,155,16610,16557,16575,16550,16536,15995,16199,16495,16816,16804,16792,16780,16768,16756
48091,COMAL,TX,262,1423,1246,755,1899,3873,2808,2649,3708,3450,3738,4005,4250,4473,91005,92971,95185,99998,100298,100532,109894,116655,122537,127036,131700,136536,141549,146746
48093,COMANCHE,TX,7,20,-8,-5,33,17,23,-2,31,23,25,27,29,31,10019,9943,9895,9882,9694,9633,9706,9771,10173,10164,10155,10146,10137,10128
48095,CONCHO,TX,-6,6,3,-12,17,1,-3,1,-8,0,0,-1,-1,-1,1775,1776,1755,1727,1737,1655,1608,1612,1680,1660,1640,1620,1600,1581
48097,COOKE,TX,11,70,44,42,133,247,232,150,270,271,302,332,363,393,30469,30268,30535,30956,30750,30689,31495,31579,33079,33361,33645,33932,34221,34513
48099,CORYELL,TX,-141,-404,160,358,-232,-130,24,133,212,338,375,413,450,488,45731,44960,45863,48410,45757,41909,44619,46196,47978,48037,48096,48155,48214,48274
48101,COTTLE,TX,0,0,0,0,0,0,0,0,0,0,0,0,0,0,1140,1098,1062,1019,1025,993,1006,1024,971,955,939,924,909,894
48103,CRANE,TX,0,3,5,2,-18,-2,2,-2,5,-1,-1,-1,-1,-2,3571,3715,4016,4131,4008,3750,3768,3817,4010,4031,4053,4075,4097,4119
48105,CROCKETT,TX,0,-2,-17,-13,-1,-11,0,0,0,-4,-3,-3,-2,-2,3067,3033,3090,3055,2953,2775,2776,2704,2771,2722,2674,2627,2581,2536
48107,CROSBY,TX,-3,-12,-2,-9,7,10,-2,-15,-8,-4,-4,-4,-4,-4,4391,4295,4293,4289,4227,4064,4133,3914,3967,3913,3860,3808,3757,3706
48109,CULBERSON,TX,0,-17,0,0,0,0,0,0,0,3,4,5,6,6,1745,1697,1731,1741,1613,1590,1629,1663,1633,1618,1604,1590,1576,1562
48111,DALLAM,TX,2,-9,-17,13,-1,-20,-10,-13,-21,-24,-26,-28,-30,-32,5672,5676,5787,5997,6029,5871,5956,5675,5673,5676,5679,5682,5685,5688
48113,DALLAS,TX,4098,-956,935,1321,171,-3453,-5722,-6173,-10838,-10808,-12365,-13922,-15479,-17035,1917443,1928948,1940345,1977538,1976692,1942786,1957756,1933063,1940761,1942537,1944315,1946094,1947875,1949657
48115,DAWSON,TX,-35,-1,1,4,-9,-27,-31,-7,-18,-7,-7,-8,-9,-9,9174,9137,9295,9238,9114,8760,8548,8646,8854,8776,8699,8623,8547,8472
48117,DEAF SMITH,TX,-65,-82,7,-3,-20,-54,-17,-33,-62,-31,-26,-20,-14,-6,17195,16832,16705,16658,16263,15571,15446,14918,14730,14437,14150,13869,13593,13323
48119,DELTA,TX,13,-16,-11,0,-10,46,13,1,48,32,37,42,46,51,3458,3413,3528,3478,3447,3439,3544,3624,3692,3719,3746,3774,3802,3830
48121,DENTON,TX,4949,5410,4967,4172,8188,12927,7395,12372,12566,11245,12007,12712,13358,13943,544903,559245,576685,601400,604591,604016,641514,651673,696083,715559,735580,756161,777318,799067
48123,DEWITT,TX,19,15,-9,10,21,-49,-34,-8,63,23,23,23,23,23,13833,13958,14024,14361,14190,13612,13646,13742,14090,14071,14052,14033,14014,13995
48125,DICKENS,TX,-2,-3,0,0,0,0,0,0,0,0,1,1,1,2,1460,1417,1390,1349,1325,1247,1321,1314,1315,1297,1279,1262,1245,1228
48127,DIMMIT,TX,53,17,-51,-41,-26,-29,11,-22,-42,-45,-52,-58,-64,-71,7311,7539,7692,7906,7695,7318,7157,7089,7218,7163,7109,7055,7001,6948
48129,DONLEY,TX,-4,-13,0,0,5,8,-5,-5,0,-2,-2,-1,-1,0,2474,2481,2358,2314,2343,2173,2205,2147,2243,2205,2168,2131,2095,2060
48131,DUVAL,TX,-96,-22,-6,-40,-5,-52,-12,-9,21,30,39,47,56,65,8491,8467,8483,8515,8299,7806,7694,7825,7910,7805,7701,7599,7498,7398
48133,EASTLAND,TX,-50,25,-26,-32,6,49,10,7,27,23,30,36,43,50,12709,12611,12324,12500,12238,12102,12358,12354,12672,12651,12630,12609,12588,12567
48135,ECTOR,TX,1042,999,969,853,-1211,-615,863,592,-564,-620,-790,-963,-1137,-1314,110863,113938,117451,123053,123087,118996,120494,123773,128872,130750,132656,134589,136550,138540
48137,EDWARDS,TX,0,0,0,0,0,0,0,0,0,0,0,0,0,0,1467,1414,1342,1348,1312,1323,1332,1327,1264,1247,1230,1213,1197,1181
48139,ELLIS,TX,158,1003,1044,773,1779,3330,2403,2518,3933,3715,4108,4496,4880,5260,124284,125319,128092,131223,131542,132410,139605,143642,151249,154758,158348,162021,165780,169626
48141,EL PASO,TX,-752,-3214,-3133,-1320,-2406,-4003,-1960,-611,-846,12,136,259,384,509,662580,661672,660462,669419,665650,654228,663195,670696,687106,689071,691041,693017,694999,696986
48143,ERATH,TX,-5,-117,-57,50,-43,0,30,-45,-27,-11,-7,-3,1,5,25037,25193,25329,25793,25722,25213,25898,26305,27018,27224,27432,27641,27852,28064
48145,FALLS,TX,-49,-41,-43,15,24,19,12,-8,13,37,45,53,60,68,10824,10810,10821,10915,10984,10621,10747,10663,11165,11173,11181,11189,11197,11205
48147,FANNIN,TX,39,4,45,37,154,396,259,87,371,308,347,386,425,464,23306,23069,22789,23016,22637,22470,23517,23629,24094,24192,24291,24390,24489,24589
48149,FAYETTE,TX,-17,16,27,28,45,146,84,55,219,166,188,209,231,252,19298,19224,19273,19719,19634,18917,19210,19667,20000,20054,20109,20164,20219,20274
48151,FISHER,TX,0,-13,22,-9,-15,18,-5,0,2,-3,-3,-2,-2,-2,2724,2724,2678,2689,2633,2581,2581,2643,2688,2676,2664,2653,2642,2631
48153,FLOYD,TX,-10,-11,-10,-8,-6,-9,12,-23,-18,-19,-19,-20,-21,-21,5001,4868,4573,4562,4468,4384,4321,4381,4434,4364,4295,4227,4161,4096
48155,FOARD,TX,0,-7,0,0,0,0,0,0,0,1,1,2,2,2,872,768,869,863,814,810,807,790,788,781,774,767,760,753
48157,FORT BEND,TX,6122,8360,7769,4557,9007,10076,6653,7579,11783,9682,10015,10336,10645,10942,499270,516282,538501,561376,575161,561561,592894,627072,652356,672736,693753,715427,737778,760827
48159,FRANKLIN,TX,11,-21,11,-8,28,39,9,21,17,18,22,25,28,31,7256,7180,7110,7255,7113,7143,7328,7380,7480,7511,7542,7573,7604,7636
48161,FREESTONE,TX,18,39,-2,3,-10,60,-21,-4,39,9,8,8,7,7,13805,13976,14069,14276,13935,13361,13648,13343,13475,13394,13313,13233,13153,13074
48163,FRIO,TX,15,-27,-20,-72,10,12,-25,-34,-16,-26,-28,-29,-31,-33,10564,10721,11146,11307,11239,11096,11228,11210,11489,11578,11668,11759,11851,11943
48165,GAINES,TX,2,27,14,10,9,-45,-3,21,-12,-17,-20,-24,-28,-32,14129,14330,14598,15526,16150,16304,16643,17203,19110,19780,20473,21191,21934,22703
48167,GALVESTON,TX,853,1555,1446,1223,2238,2681,1291,1408,1820,1759,1818,1873,1926,1975,228423,232082,236266,243323,244274,237247,245439,253075,258722,262234,265793,269401,273058,276764
48169,GARZA,TX,-18,-3,2,-2,0,0,-10,-11,1,-1,0,0,1,1,3265,3289,3319,3361,3250,3182,3248,3146,3212,3196,3180,3164,3148,3132
48171,GILLESPIE,TX,29,35,71,35,129,168,77,64,139,115,125,134,144,153,20471,20607,20939,21100,21121,20965,21436,21719,21966,22142,22320,22499,22680,22862
48173,GLASSCOCK,TX,5,1,0,0,0,0,0,0,0,-1,-2,-2,-2,-3,1119,1111,1057,1128,1115,1120,1146,1130,1138,1143,1148,1153,1158,1163
48175,GOLIAD,TX,47,-1,8,5,6,20,8,1,6,0,-3,-5,-8,-10,5203,5145,5431,5537,5487,5250,5367,5501,5479,5509,5539,5570,5601,5632
48177,GONZALES,TX,-41,8,8,-38,35,11,-6,-64,27,6,7,9,10,12,15169,15257,15290,15567,15587,15507,15738,15814,16175,16288,16402,16517,16633,16749
48179,GRAY,TX,-34,19,-11,-19,-49,-6,-27,-8,2,-12,-11,-10,-9,-9,16973,17076,16927,17132,16727,15790,15537,15408,15838,15618,15401,15187,14976,14768
48181,GRAYSON,TX,202,115,336,222,711,1454,721,737,1183,1014,1135,1254,1371,1487,92021,92307,92901,94101,93820,93504,97608,98559,102515,103754,105008,106278,107563,108863
48183,GREGG,TX,-277,-274,-421,-149,-375,-251,-47,-97,-199,-131,-106,-82,-58,-34,97645,97709,96830,97679,96535,92659,92850,92740,93773,93064,92361,91663,90970,90283
48185,GRIMES,TX,6,42,52,50,135,341,150,180,309,272,306,340,373,407,18197,18394,18653,18905,18980,18511,19072,19552,20632,20877,21125,21376,21630,21887
48187,GUADALUPE,TX,1134,771,1159,454,1354,2716,1566,874,1642,1254,1247,1222,1179,1117,105177,108990,112942,118324,117392,116397,125087,126078,132404,135859,139404,143042,146775,150605
48189,HALE,TX,-65,-206,-187,-34,-27,-31,-47,-31,-29,14,30,47,63,79,27091,26340,25457,25265,24771,24222,24089,23672,24048,23670,23298,22932,22572,22218
48191,HALL,TX,-2,7,0,0,0,0,0,0,0,-1,-1,-1,-2,-2,2287,2221,2160,2164,2126,2041,2040,2028,2039,2008,1978,1948,1919,1890
48193,HAMILTON,TX,6,4,-16,-14,-6,29,22,-3,1,-1,0,2,3,4,6005,5988,6076,5869,5758,5725,5877,6048,6266,6277,6288,6299,6310,6321
48195,HANSFORD,TX,-4,2,0,0,0,0,0,0,0,0,0,1,1,1,4699,4624,4575,4671,4682,4510,4454,4467,4557,4533,4509,4485,4462,4439
48197,HARDEMAN,TX,-10,-15,0,0,5,-3,-10,0,-1,7,8,9,11,12,2970,2887,2891,2863,2782,2656,2592,2575,2616,2567,2519,2471,2424,2378
48199,HARDIN,TX,7,50,96,22,196,391,120,127,394,293,330,366,403,439,42613,42795,42602,42866,42718,41207,42234,43067,44208,44289,44370,44451,44532,44613
48201,HARRIS,TX,7841,10867,8078,7532,-2212,-19600,-10247,-6727,-10239,-16063,-19159,-22247,-25327,-28400,3307181,3349748,3401413,3474027,3506373,3379802,3408297,3466289,3512880,3531695,3550611,3569628,3588747,3607968
48203,HARRISON,TX,-20,-136,11,59,5,-52,-6,-43,52,72,79,86,93,100,50864,50852,50638,51447,50738,49354,49869,49824,51115,51018,50921,50825,50729,50633
48205,HARTLEY,TX,-9,4,5,4,0,2,6,-5,8,7,8,8,9,10,3297,3181,3291,3423,3285,3061,3165,3025,3246,3224,3202,3181,3160,3139
48207,HASKELL,TX,4,12,-28,-7,-4,5,-10,-9,5,1,1,0,0,0,3897,3841,3752,3771,3566,3460,3448,3396,3600,3544,3489,3435,3382,3329
48209,HAYS,TX,1347,2160,2216,1845,3340,4614,3019,3107,4763,3958,4095,4190,4240,4243,116312,118926,124662,132474,134611,135684,147570,154662,163467,170453,177738,185334,193254,201513
48211,HEMPHILL,TX,-15,12,0,0,0,0,0,0,0,1,2,2,3,3,3435,3559,3534,3643,3580,3285,3242,3123,3149,3096,3044,2993,2943,2894
48213,HENDERSON,TX,58,154,137,66,260,641,407,258,719,565,632,699,767,834,54627,54165,54462,54792,54341,53166,55144,56144,57567,57867,58169,58472,58777,59084
48215,HIDALGO,TX,-204,-923,-663,-1024,-426,-351,-561,-511,-13,27,105,187,275,368,593071,599807,607392,616297,625499,629157,639156,647389,665771,674866,684086,693432,702905,712508
48217,HILL,TX,66,-23,-3,-18,60,262,190,70,192,162,186,210,233,257,25726,25481,25386,25388,25212,24679,25479,26137,26895,27000,27105,27210,27316,27422
48219,HOCKLEY,TX,-3,-34,-14,-37,-36,8,-18,-26,-18,-30,-30,-30,-30,-30,17231,17407,17491,17377,16901,16462,16708,16835,17140,17064,16988,16913,16838,16763
48221,HOOD,TX,166,159,125,122,337,716,512,399,678,595,656,716,775,832,39228,39736,40158,41108,40957,40443,42888,44774,46127,46997,47884,48787,49707,50645
48223,HOPKINS,TX,16,24,47,23,21,147,89,65,92,73,84,94,104,114,26824,26829,26957,27268,27299,26875,27039,27528,28194,28320,28447,28574,28702,28830
48225,HOUSTON,TX,-3,-45,4,3,19,63,57,16,17,26,33,40,47,54,14269,14121,14094,14150,13893,13570,13845,13887,14056,14012,13968,13924,13880,13837
48227,HOWARD,TX,30,11,-77,32,-127,-102,23,-60,-72,-85,-94,-104,-113,-122,22231,22681,22942,23320,22686,21655,21852,22128,22733,22674,22615,22556,22497,22439
48229,HUDSPETH,TX,-37,11,-15,104,533,338,107,-21,-9,92,99,106,113,120,2480,2486,2430,2465,2598,3309,3894,2324,2377,2412,2447,2483,2519,2556
48231,HUNT,TX,81,197,221,236,762,1070,941,666,1113,1060,1183,1304,1424,1543,62613,62540,62907,63899,63711,63393,66515,68472,71078,72131,73200,74285,75386,76503
48233,HUTCHINSON,TX,25,-9,-28,-14,-21,-29,0,-10,-28,-34,-37,-40,-43,-46,17257,17230,17017,16932,16488,15865,15791,15734,15862,15646,15433,15222,15014,14809
48235,IRION,TX,-4,-3,-6,-17,2,4,3,-12,13,1,3,4,5,7,1231,1238,1267,1273,1175,1134,1190,1253,1288,1287,1286,1285,1284,1283
48237,JACK,TX,12,-3,22,-13,-1,43,0,37,51,40,45,50,55,59,5900,5939,5844,5869,5775,5591,5695,5743,5924,5906,5888,5870,5852,5834
48239,JACKSON,TX,42,-10,-20,11,12,16,1,41,50,33,37,41,45,49,11421,11701,11942,12209,12054,11508,11579,11765,11954,11970,11986,12002,12018,12034
48241,JASPER,TX,-172,-57,-27,-24,35,114,20,-45,89,80,101,122,144,164,26124,25958,25736,25488,25166,24203,24423,24154,24455,24197,23942,23689,23439,23192
48243,JEFF DAVIS,TX,17,-8,0,0,0,0,0,0,0,-2,-3,-4,-5,-5,1585,1572,1586,1581,1537,1520,1559,1537,1540,1533,1526,1519,1513,1507
48245,JEFFERSON,TX,-505,-393,-711,31,-388,-906,-1063,-492,-799,-736,-786,-835,-884,-932,184209,184824,183982,185122,185926,178495,177003,175566,178056,176862,175676,174498,173327,172164
48247,JIM HOGG,TX,16,-6,0,0,0,-71,0,-34,39,11,10,9,8,7,3766,3913,3898,3914,3854,3714,3706,3730,3896,3886,3876,3866,3856,3846
48249,JIM WELLS,TX,8,-114,-171,-37,-115,-81,-69,-110,-29,-84,-83,-83,-83,-83,32422,32599,32283,32179,31474,30006,29826,30162,30420,30059,29702,29350,29002,28658
48251,JOHNSON,TX,393,520,724,315,1238,2342,1772,1497,2479,2227,2467,2704,2937,3168,120218,121236,122519,124939,124465,123484,129402,133913,138461,140697,142969,145278,147624,150008
48253,JONES,TX,7,-4,11,12,-4,-3,-7,34,22,24,26,28,30,32,11394,11228,11029,11316,11079,10790,10913,10811,11264,11221,11178,11136,11094,11052
48255,KARNES,TX,18,-20,3,-2,-14,5,-43,-30,28,-11,-13,-14,-15,-16,9360,9541,9760,9816,9756,9426,9564,9522,9729,9740,9751,9762,9773,9784
48257,KAUFMAN,TX,527,971,935,784,1682,3558,3402,3195,4754,4767,5284,5801,6316,6831,85162,86341,87867,90600,90815,90538,97550,102955,108960,112133,115398,118758,122216,125775
48259,KENDALL,TX,257,551,448,239,589,1173,604,492,649,767,812,857,903,949,29049,30581,31581,33328,33529,34092,36750,34552,35698,36612,37549,38510,39496,40507
48261,KENEDY,TX,-15,0,0,0,0,0,0,0,0,3,4,5,6,7,279,278,255,269,240,237,242,225,223,217,211,205,199,193
48263,KENT,TX,0,0,0,0,0,0,0,0,0,0,0,0,0,0,609,585,571,585,529,546,549,548,570,564,558,552,546,540
48265,KERR,TX,65,108,6,-40,66,239,54,-16,215,75,85,94,103,112,37467,37436,37812,38403,38041,37164,38441,38771,39592,39808,40025,40243,40462,40682
48267,KIMBLE,TX,-3,7,0,0,0,0,-8,0,0,-3,-3,-3,-4,-4,3296,3264,3261,3273,3251,3187,3199,3254,3198,3188,3178,3168,3158,3148
48269,KING,TX,0,0,0,0,0,0,0,0,0,0,0,0,0,0,203,202,191,203,217,227,219,217,197,199,201,203,205,207
48271,KINNEY,TX,-22,48,-4,0,0,0,0,0,0,5,4,3,2,2,2344,2378,2306,2269,2278,2198,2303,2267,2285,2274,2263,2252,2242,2232
48273,KLEBERG,TX,-198,-209,-170,-97,-74,-169,-81,-85,-72,-20,-4,12,29,45,21862,21678,21622,21687,21614,20749,21090,21179,21869,21810,21751,21692,21633,21574
48275,KNOX,TX,13,-11,0,0,0,0,0,0,0,-3,-3,-4,-4,-5,2703,2745,2771,2744,2678,2606,2590,2601,2616,2595,2574,2554,2534,2514
48277,LAMAR,TX,13,-69,6,-18,14,-4,44,45,105,113,127,140,153,167,36741,36272,36240,36485,36743,36012,36312,36510,37047,37074,37101,37128,37155,37182
48279,LAMB,TX,-43,2,-13,-75,-5,18,-19,-47,-9,-32,-32,-31,-30,-30,10696,10426,10331,10171,9806,9649,9728,9600,9785,9659,9535,9412,9291,9172
48281,LAMPASAS,TX,44,33,34,41,77,207,68,84,171,136,151,166,181,196,15563,15305,15220,15551,15182,14769,15289,15518,16274,16322,16370,16419,16468,16517
48283,LA SALLE,TX,21,1,-19,-21,0,-24,3,-32,-8,-21,-24,-27,-30,-33,3905,4126,4221,4371,4414,4240,4229,4298,4332,4369,4406,4444,4482,4520
48285,LAVACA,TX,23,42,37,24,72,55,31,31,27,24,24,24,24,24,15879,15718,15881,16191,15919,15608,15826,16088,16661,16722,16783,16844,16905,16967
48287,LEE,TX,2,75,83,40,57,170,4,33,120,85,91,96,101,106,12970,13003,13418,13559,13433,13173,13400,13614,13996,14092,14189,14286,14384,14483
48289,LEON,TX,-2,-25,42,29,57,46,60,10,99,83,92,102,111,120,13461,13268,13183,13363,13235,12852,12956,12987,12947,12884,12821,12758,12696,12634
48291,LIBERTY,TX,150,170,329,343,801,1699,1419,1218,2104,1992,2227,2461,2694,2927,53430,53972,54720,55675,55783,54717,57543,60069,63555,64729,65925,67143,68384,69647
48293,LIMESTONE,TX,-42,-27,18,-57,-4,6,33,38,49,52,63,74,85,95,16602,16687,16566,16558,16165,15517,15710,15520,15927,15780,15635,15491,15348,15207
48295,LIPSCOMB,TX,3,0,5,0,0,-5,0,0,0,-2,-2,-3,-3,-4,2687,2795,2795,2884,2796,2620,2602,2450,2478,2439,2400,2362,2325,2288
48297,LIVE OAK,TX,119,1,27,29,21,94,28,41,75,56,55,54,53,52,6816,7231,7777,8025,7996,7587,7766,7892,8007,8121,8237,8354,8473,8594
48299,LLANO,TX,80,64,28,59,159,275,138,113,326,242,266,289,312,334,12265,12338,12439,12650,12677,12570,13420,13652,13937,14162,14390,14622,14858,15098
48301,LOVING,TX,0,0,0,0,0,0,0,0,0,0,0,0,0,0,42,50,45,48,47,47,62,62,67,71,75,79,83,87
48303,LUBBOCK,TX,-221,-245,-128,164,-191,-595,-297,-254,-65,48,51,56,63,71,200204,200881,203384,207562,208205,205650,210419,213654,220483,222809,225159,227534,229934,232360
48305,LYNN,TX,-12,-11,2,-7,-5,22,24,26,12,17,22,27,31,36,4467,4456,4461,4427,4382,4279,4345,4415,4671,4676,4681,4686,4691,4696
48307,MCCULLOCH,TX,-1,-18,-13,0,-3,-7,0,-17,2,-3,-3,-2,-1,-1,6205,6315,6221,6295,6128,5808,5898,5803,5796,5727,5659,5592,5526,5461
48309,MCLENNAN,TX,-124,-90,-136,-8,156,546,122,131,299,214,268,321,374,426,176355,176855,177765,180336,180157,177758,182576,183907,190137,191592,193058,194535,196023,197523
48311,MCMULLEN,TX,0,-9,0,0,0,0,0,0,0,1,1,2,2,3,632,631,683,709,733,641,611,644,625,622,619,616,613,610
48313,MADISON,TX,-15,16,-20,9,32,58,15,2,47,36,41,46,52,57,8602,8645,8681,8836,8834,8633,8884,8959,9043,9093,9143,9193,9244,9295
48315,MARION,TX,7,-16,-14,24,8,-1,-5,-11,33,25,27,29,31,33,6463,6500,6428,6405,6317,6125,6216,6160,6313,6275,6237,6199,6161,6123
48317,MARTIN,TX,9,8,-1,-2,4,1,0,-3,0,-4,-5,-6,-7,-8,3730,3785,4034,4202,4087,4030,4031,4023,4167,4208,4249,4290,4332,4374
48319,MASON,TX,0,-2,0,0,0,0,0,0,0,0,0,0,0,1,3085,3151,3168,3074,3095,3163,3285,3359,3368,3404,3441,3478,3516,3554
48321,MATAGORDA,TX,-45,-90,-75,21,-29,-149,-92,-18,-90,-47,-50,-52,-55,-58,28270,28421,28375,28575,28898,27770,27691,28247,28707,28691,28675,28659,28643,28627
48323,MAVERICK,TX,-199,-35,-80,-205,-251,-266,-204,-87,-131,-187,-191,-194,-198,-201,51047,51539,52539,53004,53431,52505,52480,52549,53687,53910,54133,54357,54582,54808
48325,MEDINA,TX,49,168,184,133,321,537,353,174,622,515,565,615,665,714,32735,33045,33569,33969,33837,33866,34967,35999,37837,38418,39008,39607,40216,40834
48327,MENARD,TX,-5,-7,0,0,0,0,0,0,0,2,2,3,4,4,1533,1452,1449,1458,1463,1420,1485,1463,1491,1489,1487,1485,1483,1481
48329,MIDLAND,TX,792,717,630,684,-186,25,755,38,-826,-514,-680,-850,-1022,-1198,112382,116140,120135,125345,126652,124549,128688,132912,136897,139954,143079,146274,149541,152880
48331,MILAM,TX,-61,-2,16,57,139,174,40,-10,202,163,183,203,222,242,18164,17998,17947,18138,18029,17862,18190,17856,17917,17897,17877,17857,17837,17817
48333,MILLS,TX,-3,2,0,0,-5,-6,0,-5,0,-2,-2,-3,-3,-3,3502,3573,3546,3590,3534,3455,3520,3502,3530,3525,3520,3515,3510,3505
48335,MITCHELL,TX,1,-3,10,-3,-2,-14,-16,9,5,4,4,4,4,4,5283,5200,5247,5248,5023,4725,4870,4772,4952,4889,4827,4765,4704,4644
48337,MONTAGUE,TX,-17,-3,1,0,62,139,113,72,164,148,170,192,214,236,14910,14778,14665,14686,14413,14040,14380,14517,14927,14894,14861,14828,14795,14762
48339,MONTGOMERY,TX,4073,5060,4401,3065,6958,9945,6911,6024,8609,7164,7446,7678,7860,7990,369381,379802,394313,409506,413777,404999,429905,451580,471095,484262,497797,511711,526013,540715
48341,MOORE,TX,-33,-123,-19,-43,-24,-45,-46,-16,-27,-15,-10,-5,0,5,18920,18804,18656,18690,18517,18040,17678,17398,17605,17411,17219,17029,16841,16656
48343,MORRIS,TX,-30,-18,1,-29,45,9,-28,31,9,19,24,28,33,38,9471,9595,9273,9201,9095,8839,8797,8699,8963,8865,8768,8672,8577,8483
48345,MOTLEY,TX,0,0,0,0,0,0,0,0,0,0,0,0,0,0,796,784,783,818,812,791,828,847,811,816,821,826,831,836
48347,NACOGDOCHES,TX,-166,-215,-254,-105,-86,-268,-86,-95,-123,-52,-41,-29,-17,-6,43069,42552,43016,43282,42808,41876,42402,42534,43366,43340,43314,43288,43262,43236
48349,NAVARRO,TX,-8,42,-119,49,-36,238,274,152,333,310,354,398,443,487,37160,36841,36978,37082,37013,36052,36726,36819,38120,38157,38194,38231,38268,38305
48351,NEWTON,TX,76,-41,-6,-13,29,-29,7,-7,18,-3,-5,-7,-9,-11,8067,8332,8773,8671,8603,8117,8420,8345,8305,8301,8297,8293,8289,8285
48353,NOLAN,TX,-70,41,-61,-6,-2,-57,4,-12,-21,-3,-1,1,3,5,11415,11336,11246,11395,11109,10866,10887,10901,11198,11141,11084,11028,10972,10916
48355,NUECES,TX,423,165,-260,60,-764,-1305,-655,-330,-310,-635,-744,-854,-964,-1074,254108,255039,257296,261128,259313,247740,250233,254678,259881,259783,259685,259587,259489,259391
48357,OCHILTREE,TX,7,-5,-13,0,-10,-23,-6,-7,-12,-15,-17,-18,-20,-21,8871,8958,9196,9430,9132,8647,8572,8534,8520,8444,8369,8295,8221,8148
48359,OLDHAM,TX,7,3,0,0,-1,23,0,7,-12,0,-1,-1,-2,-3,1576,1585,1584,1586,1557,1563,1646,1619,1609,1615,1621,1627,1633,1639
48361,ORANGE,TX,-22,6,31,-27,96,161,-199,-22,25,12,9,7,4,2,64908,64916,64502,64832,64487,61692,61418,62222,62842,62420,62001,61585,61172,60761
48363,PALO PINTO,TX,-9,32,62,-54,91,108,99,31,73,60,70,79,89,98,20176,20126,20320,20160,19913,19393,19913,20275,20731,20749,20767,20785,20803,20821
48365,PANOLA,TX,-11,-57,3,0,-29,43,6,-32,70,34,41,48,56,63,18635,18583,18561,18496,18190,17551,17406,17526,17480,17302,17126,16952,16780,16610
48367,PARKER,TX,526,612,806,443,1098,2580,1791,1533,2604,2252,2467,2676,2878,3072,92027,93621,96111,99180,98982,98404,105309,110136,115874,118974,122157,125425,128780,132225
48369,PARMER,TX,14,-23,-51,-46,-23,7,-9,-3,-7,-26,-26,-28,-29,-32,9007,8911,8897,8784,8418,8062,7871,7657,7731,7553,7379,7209,7043,6881
48371,PECOS,TX,-31,2,40,45,-28,-65,25,-18,-17,2,-1,-3,-6,-8,10863,10704,10954,11143,10941,10538,10612,10732,11053,11045,11037,11029,11021,11013
48373,POLK,TX,-22,22,71,151,341,625,350,278,449,422,483,544,604,664,37626,37193,36148,36441,35781,35478,37092,38380,39842,40074,40307,40541,40777,41014
48375,POTTER,TX,-160,-367,-401,-292,-369,-456,-288,-300,-332,-338,-345,-351,-357,-363,87511,86056,85850,87090,85636,81874,82626,82001,82587,81881,81182,80488,79800,79118
48377,PRESIDIO,TX,-106,-102,-90,-67,-24,-97,-76,-40,-26,-28,-20,-11,-3,5,7991,7595,7344,7215,7394,7266,7051,6815,6801,6684,6569,6456,6345,6236
48379,RAINS,TX,23,56,14,13,37,193,113,123,134,146,163,179,195,211,7127,7120,7161,7107,7155,7049,7565,7809,7998,8111,8225,8341,8459,8578
48381,RANDALL,TX,-99,111,15,160,121,57,143,221,273,332,367,402,437,473,95016,95998,97383,99663,98792,96692,100815,102573,106179,107393,108621,109863,111119,112389
48383,REAGAN,TX,18,-11,14,-11,-19,-47,0,-19,-2,-24,-26,-29,-32,-35,2931,3010,3019,3194,3106,2945,2851,2957,3123,3123,3123,3123,3123,3123
48385,REAL,TX,24,24,21,0,0,0,0,0,0,-9,-13,-16,-19,-23,2388,2315,2397,2398,2437,2420,2544,2598,2593,2628,2663,2699,2735,2772
48387,RED RIVER,TX,15,-2,2,-21,0,51,-15,-6,30,0,1,2,3,3,9040,9001,8863,8875,8755,8474,8521,8530,8496,8421,8346,8272,8199,8126
48389,REEVES,TX,13,7,20,32,4,-18,-28,10,-37,-19,-24,-29,-34,-40,8244,8302,8548,8695,8750,8573,8669,9005,9409,9533,9659,9786,9915,10046
48391,REFUGIO,TX,-52,21,12,-17,1,-17,-4,4,51,35,40,46,52,58,5788,5707,5871,5930,5777,5190,5052,5115,5292,5194,5098,5004,4911,4820
48393,ROBERTS,TX,-3,0,0,0,0,0,0,0,0,1,1,1,1,1,677,670,689,698,718,695,656,682,688,688,688,688,688,688
48395,ROBERTSON,TX,7,48,4,61,25,87,9,26,58,38,41,44,47,50,12638,12607,12503,12535,12579,12451,12667,12601,12863,12882,12901,12920,12939,12958
48397,ROCKWALL,TX,277,690,515,350,1193,2079,1427,1543,2646,2347,2592,2834,3074,3310,67408,68197,69513,72589,72052,71706,77091,79868,84590,86843,89156,91530,93967,96469
48399,RUNNELS,TX,-14,2,-6,9,-10,4,-23,1,25,18,20,22,24,26,7954,7926,7897,7992,7887,7574,7622,7801,7917,7892,7867,7842,7817,7792
48401,RUSK,TX,24,-123,67,-11,21,42,52,24,140,111,127,142,158,173,38127,37988,37948,38149,37694,36523,36464,36490,36790,36554,36319,36086,35854,35624
48403,SABINE,TX,37,-28,10,15,6,70,61,0,66,52,57,63,69,75,7357,7195,7112,7101,7022,6707,7010,7042,6918,6872,6827,6782,6737,6693
48405,SAN AUGUSTINE,TX,-19,-3,-14,-20,-2,-20,-34,-11,21,13,15,17,20,22,5936,5879,5857,5717,5606,5497,5478,5448,5474,5408,5343,5279,5216,5153
48407,SAN JACINTO,TX,159,95,98,60,230,324,142,207,354,286,310,334,358,382,16677,16693,16675,16932,16875,16474,17261,17621,18142,18306,18472,18639,18808,18978
48409,SAN PATRICIO,TX,-41,-187,221,-98,-137,-75,-256,0,0,-50,-54,-57,-61,-64,53068,53454,53577,54284,54102,51217,51766,52582,53632,53512,53393,53274,53155,53036
48411,SAN SABA,TX,16,-9,0,0,0,0,0,0,0,-1,-1,-2,-2,-3,4322,4273,4239,4281,4193,4100,4132,4101,4183,4159,4135,4111,4087,4063
48413,SCHLEICHER,TX,-12,-1,-3,-3,-16,-18,-17,-11,-2,-11,-11,-11,-11,-11,2370,2299,2304,2307,2231,2085,2053,2056,2012,1968,1925,1883,1842,1802
48415,SCURRY,TX,8,-18,-24,0,-18,-71,-33,-10,-32,-40,-43,-47,-51,-55,12397,12430,12663,12909,12957,12417,12205,12203,12564,12540,12516,12492,12468,12444
48417,SHACKELFORD,TX,-6,-2,3,-2,-12,-1,-1,0,4,4,4,5,6,6,2598,2592,2540,2548,2472,2400,2398,2491,2545,2529,2513,2497,2481,2465
48419,SHELBY,TX,70,-39,11,13,29,-2,40,6,-6,-7,-9,-12,-14,-17,19941,19786,19471,19409,19218,18673,18532,18596,18769,18593,18418,18245,18074,17904
48421,SHERMAN,TX,-9,2,-12,0,0,0,0,0,0,3,3,4,5,6,2103,2056,2110,2120,2180,2141,2133,2069,2079,2079,2079,2079,2079,2079
48423,SMITH,TX,-119,-153,-19,-13,88,107,250,279,410,465,534,602,671,740,165092,165344,166250,169146,168618,166219,169790,172581,177083,178368,179662,180965,182278,183600
48425,SOMERVELL,TX,14,23,5,-27,40,63,42,55,27,44,49,54,59,63,6471,6535,6481,6631,6401,6485,6783,6923,6989,7053,7118,7184,7250,7317
48427,STARR,TX,-316,-253,-300,-280,-262,-216,-229,-222,-128,-139,-121,-103,-84,-66,51330,51295,51649,51883,52269,52223,52812,53635,54509,54897,55287,55680,56076,56475
48429,STEPHENS,TX,-9,-13,0,7,-8,-5,0,0,-22,-9,-9,-10,-10,-10,6487,6351,6196,6305,6217,6105,6215,6252,6196,6170,6144,6118,6092,6066
48431,STERLING,TX,1,4,0,0,0,0,0,0,0,-1,-1,-1,-2,-2,950,985,1058,1065,1033,1015,1034,1052,1070,1080,1090,1101,1112,1123
48433,STONEWALL,TX,0,0,0,0,0,0,0,0,0,0,0,0,0,0,1130,1110,1082,1078,1044,1008,1023,1046,1042,1030,1018,1006,995,984
48435,SUTTON,TX,5,-22,-24,-11,-2,-22,-13,0,17,6,8,11,13,16,3414,3390,3385,3366,3224,3082,3070,3038,3058,3005,2953,2902,2852,2802
48437,SWISHER,TX,-9,-5,-21,-16,-9,6,3,8,10,14,17,20,24,27,5585,5405,5301,5281,5163,5055,5052,5113,5066,5008,4950,4893,4837,4781
48439,TARRANT,TX,5113,6329,5951,4974,9012,10247,5724,5718,6936,6857,6974,7083,7182,7272,1493853,1511785,1530249,1565217,1571820,1551541,1589191,1599494,1633772,1650030,1666450,1683034,1699783,1716698
48441,TAYLOR,TX,-436,-350,-186,-79,-271,-312,-211,-304,-94,-70,-49,-28,-7,14,98606,98690,99437,101422,100271,97449,100103,101713,104005,104486,104970,105456,105944,106434
48443,TERRELL,TX,0,0,0,0,0,0,0,0,0,0,0,0,0,0,619,621,642,633,582,584,603,578,550,542,534,526,518,510
48445,TERRY,TX,-18,-30,-10,-23,-4,-20,-24,-11,-25,-22,-22,-22,-22,-22,8797,8719,8697,8885,8806,8645,8627,8567,9090,9095,9100,9105,9110,9115
48447,THROCKMORTON,TX,0,0,0,0,0,0,0,0,0,0,0,0,0,0,1199,1149,1137,1128,1113,1044,1006,1019,1085,1066,1047,1028,1010,992
48449,TITUS,TX,17,-75,-65,-2,-69,-40,-65,-47,-26,-46,-48,-50,-52,-54,25747,25733,26044,26268,26026,25408,25606,25210,26054,26019,25984,25949,25914,25879
48451,TOM GREEN,TX,-36,-241,-134,-98,-344,-562,-363,-17,-280,-228,-247,-266,-284,-303,82970,82570,83415,85795,85377,82867,84412,85433,87858,88328,88801,89276,89754,90234
48453,TRAVIS,TX,10299,23621,60826,-14548,-25096,-2596,-316,4960,2225,-14233,-18193,-22268,-26460,-30772,789782,803925,819820,850986,853810,838673,867706,886634,907736,922216,936927,951872,967056,982482
48455,TRINITY,TX,-28,17,48,49,10,140,43,18,101,64,74,84,94,104,9516,9370,9273,9334,9246,9118,9381,9417,9639,9650,9661,9672,9683,9694
48457,TYLER,TX,-17,45,16,-24,38,85,58,49,77,60,70,80,89,99,13419,13272,13306,13305,13101,12703,12893,12938,13203,13148,13093,13038,12984,12930
48459,UPSHUR,TX,19,32,115,30,151,190,95,96,163,136,150,164,178,192,27696,27781,28064,28529,28145,27552,28504,28801,29704,29895,30087,30280,30475,30671
48461,UPTON,TX,-12,3,9,0,0,-13,0,0,0,-1,-1,-1,-1,-1,2516,2514,2625,2762,2743,2619,2572,2600,2618,2625,2632,2639,2646,2653
48463,UVALDE,TX,-24,-3,92,13,-66,8,-52,-79,23,-33,-38,-43,-49,-54,21256,21180,21225,21455,21158,20943,20938,20685,20841,20771,20701,20632,20563,20494
48465,VAL VERDE,TX,-177,-261,-146,-75,-50,-33,28,-52,-57,10,35,60,85,109,39908,39750,39614,40546,40068,38898,39709,39947,41033,41094,41155,41216,41277,41338
48467,VAN ZANDT,TX,64,137,153,92,310,616,367,284,591,503,560,617,673,730,38066,38114,38012,38424,38158,37940,39455,39738,40963,41292,41624,41959,42296,42636
48469,VICTORIA,TX,-26,-45,-129,66,-95,-254,-331,21,-271,-191,-216,-241,-266,-291,69956,70937,71735,72502,71928,68784,68900,70404,71570,71493,71416,71339,71262,71185
48471,WALKER,TX,-137,-48,-9,-22,-44,-122,-229,-8,82,-3,5,14,22,31,35072,35087,35220,36179,36095,35189,36242,36587,36930,37153,37378,37604,37831,38060
48473,WALLER,TX,278,268,385,212,568,969,688,742,1093,975,1059,1140,1217,1292,28954,29828,30597,31788,32233,32068,33934,35415,37223,38316,39441,40599,41791,43018
48475,WARD,TX,15,42,36,4,-40,4,-15,-33,-13,-36,-43,-50,-58,-65,8278,8533,8720,8970,8831,8506,8497,8782,9163,9222,9282,9342,9403,9464
48477,WASHINGTON,TX,22,50,17,12,38,111,165,71,195,164,183,202,221,240,26103,26253,26489,26623,26519,25902,26473,26666,27231,27316,27401,27487,27573,27659
48479,WEBB,TX,-108,-349,-576,-690,-767,-953,-686,-566,-727,-993,-1057,-1121,-1186,-1251,215661,219032,221737,223559,224095,223503,225118,224677,229619,230990,232369,233757,235153,236557
48481,WHARTON,TX,-69,-6,-13,-7,90,7,2,-49,93,85,94,103,113,122,33886,34020,34067,34285,34316,33119,33299,33985,34706,34713,34720,34727,34734,34741
48483,WHEELER,TX,2,2,0,0,0,-9,0,0,0,-2,-3,-3,-4,-4,4442,4496,4416,4527,4491,4183,4052,3896,3936,3860,3786,3713,3642,3572
48485,WICHITA,TX,-201,-367,-408,-196,-316,-472,-217,-212,-89,-48,-31,-15,2,19,90229,90015,88990,90122,88726,85338,86866,87436,89743,89427,89112,88798,88485,88173
48487,WILBARGER,TX,6,-47,8,-2,-23,-15,-3,-7,-23,-21,-21,-22,-22,-23,9817,9792,9686,9658,9488,9326,9290,9332,9407,9339,9272,9205,9139,9073
48489,WILLACY,TX,-94,-112,-24,-74,-48,-132,-77,-15,-49,-33,-28,-23,-18,-12,14939,14613,14471,14473,14246,14037,13840,13875,14111,13993,13876,13760,13645,13531
48491,WILLIAMSON,TX,4010,5402,5288,3318,7895,12286,9578,10036,13259,11997,12795,13527,14191,14783,355294,364227,377271,397893,398270,401119,432087,450441,474231,490892,508138,525990,544469,563597
48493,WILSON,TX,184,279,124,63,255,693,278,284,630,402,431,457,480,500,33278,33698,35005,35993,35990,35490,37363,38230,39646,40444,41258,42088,42935,43799
48495,WINKLER,TX,-6,-1,7,-4,-13,-34,-9,-5,-9,-14,-16,-17,-19,-20,5543,5741,5972,6241,6153,5753,5708,5872,6069,6095,6121,6147,6174,6201
48497,WISE,TX,168,228,262,247,593,1189,686,541,905,764,847,928,1007,1084,46836,47065,47310,48326,47977,47450,50419,51783,53892,54758,55638,56532,57441,58364
48499,WOOD,TX,148,86,118,65,176,414,229,165,301,233,255,277,299,321,30102,30167,30052,30613,30264,29607,31096,31557,32330,32576,32824,33074,33326,33580
48501,YOAKUM,TX,-31,7,-25,-28,-27,-16,-23,-16,2,-9,-7,-6,-5,-4,7020,7021,7299,7466,7456,7406,7177,7218,7296,7320,7344,7368,7392,7416
48503,YOUNG,TX,9,-7,-10,-45,2,19,18,16,-30,-27,-27,-28,-28,-29,14593,14485,14412,14396,14076,13741,13861,13554,13752,13624,13497,13371,13247,13124
48505,ZAPATA,TX,-63,-35,-85,-15,-54,-54,2,-33,1,-6,0,7,14,20,10483,10625,10762,10773,10797,10371,10265,10378,10600,10572,10544,10516,10488,10460
48507,ZAVALA,TX,-19,-26,15,9,-31,-50,-39,2,-14,-20,-21,-22,-23,-24,8461,8496,8700,8852,8678,8283,8223,7986,8231,8166,8102,8038,7975,7912
55001,ADAMS,WI,97,146,40,49,123,217,131,99,167,132,139,147,155,163,13831,13812,13829,13935,13604,13443,14098,14132,14363,14416,14470,14524,14578,14632
55003,ASHLAND,WI,-13,7,-3,-43,-36,-20,1,-21,-68,-66,-71,-76,-80,-85,12194,12173,12312,12126,11991,11610,11700,11660,12145,12086,12028,11970,11912,11854
55005,BARRON,WI,52,-111,-52,-61,-124,-84,-6,20,-13,23,26,29,33,36,37756,37477,37574,37795,37213,36806,37644,37904,38403,38454,38505,38556,38607,38658
55007,BAYFIELD,WI,-2,32,-23,10,33,89,-1,21,110,77,86,95,104,113,12619,12613,12446,12546,12204,12061,12275,12448,12660,12640,12620,12600,12580,12560
55009,BROWN,WI,6,123,-130,371,118,-86,-74,-144,-102,-45,-72,-98,-124,-150,219186,217640,219316,221523,219700,216607,220373,220108,223948,224348,224748,225149,225551,225953
55011,BUFFALO,WI,-73,-54,-28,51,-50,10,18,15,11,48,58,68,77,87,11427,11328,11326,11420,11215,10971,11099,11045,11209,11165,11122,11079,11036,10993
55013,BURNETT,WI,-28,42,28,4,89,173,141,122,220,205,232,259,286,313,12514,12298,12347,12358,12208,11977,12417,12353,12520,12519,12518,12517,12516,12515
55015,CALUMET,WI,481,-5,2,110,-4,291,28,36,85,-70,-91,-112,-134,-155,42258,43102,43330,43980,42825,41709,43589,43859,44954,45148,45343,45539,45736,45933
55017,CHIPPEWA,WI,50,94,20,-21,-19,104,112,50,242,175,191,207,223,239,51243,51145,51527,52218,51706,50635,52108,52463,54039,54292,54546,54802,55059,55317
55019,CLARK,WI,-126,-37,38,-78,-20,-41,7,-63,-38,-34,-30,-25,-21,-17,29529,29146,29168,29364,28925,28151,28843,28437,30953,30979,31005,31031,31057,31083
55021,COLUMBIA,WI,40,49,45,17,228,479,332,201,318,314,358,401,445,488,48653,48618,48588,48973,47853,46565,48051,48315,48487,48402,48317,48232,48148,48064
55023,CRAWFORD,WI,-93,4,-5,15,-30,2,-34,-25,12,2,7,11,15,20,12967,12766,12890,13007,12695,12461,12796,12760,12888,12870,12852,12834,12816,12798
55025,DANE,WI,-95,-577,-438,27,-315,-1856,-1178,-1007,-1638,-1449,-1615,-1779,-1939,-2098,412853,414507,417479,426063,423687,420038,431266,433953,438410,441552,444717,447905,451115,454348
55027,DODGE,WI,-65,158,44,102,-40,330,163,-16,252,166,186,206,226,245,71323,71104,71243,71860,69892,67990,69289,69452,69706,69389,69074,68760,68448,68137
55029,DOOR,WI,114,38,26,-18,84,181,129,35,164,109,119,129,139,149,24924,24772,24715,24722,24424,23839,24653,24838,24955,24943,24931,24919,24907,24895
55031,DOUGLAS,WI,-74,-12,-42,-36,-18,66,11,74,47,57,73,89,104,120,33740,33268,33131,33171,32769,31823,32256,32556,33108,32978,32849,32720,32592,32464
55033,DUNN,WI,80,-9,-93,-38,-21,99,19,40,-44,-32,-32,-33,-33,-34,31250,31173,31486,31922,31333,30787,32243,32421,33104,33303,33503,33704,33907,34111
55035,EAU CLAIRE,WI,49,-284,-122,-22,-105,-321,-187,-219,-67,-108,-119,-129,-140,-151,75636,75854,76045,77550,76497,74912,77085,77419,78754,79037,79321,79606,79892,80179
55037,FLORENCE,WI,-1,12,-3,5,-2,12,-1,1,8,3,3,4,4,4,3590,3548,3550,3573,3478,3435,3505,3452,3501,3487,3473,3459,3445,3431
55039,FOND DU LAC,WI,-47,68,-23,31,50,201,20,120,117,96,114,131,149,167,86238,86142,85804,85910,84414,83006,84380,83883,85365,85098,84831,84565,84300,84036
55041,FOREST,WI,-57,-30,-21,0,-16,46,2,15,5,13,21,29,36,44,7372,7247,7190,7166,7102,6902,7101,7009,7055,7015,6976,6937,6898,6859
55043,GRANT,WI,8,-60,-116,-44,-62,-90,-139,-84,-64,-82,-90,-97,-105,-112,39114,39183,39037,39450,38703,38132,38517,38473,39578,39533,39488,39443,39398,39353
55045,GREEN,WI,80,42,-58,82,95,171,176,14,145,110,122,134,146,158,32245,32204,32409,32417,31873,31030,31738,31856,32009,31930,31852,31774,31696,31618
55047,GREEN LAKE,WI,12,-55,-18,3,-29,105,71,16,39,38,48,58,68,78,16073,15888,15633,15629,15336,14927,15344,15333,15638,15560,15482,15405,15328,15252
55049,IOWA,WI,-40,33,-43,23,12,127,16,15,1,25,30,36,41,47,20388,20277,20279,20392,19945,19707,20176,20286,20188,20160,20132,20104,20076,20048
55051,IRON,WI,2,-8,28,4,5,26,20,6,18,18,20,22,24,26,4855,4710,4660,4678,4538,4510,4673,4589,4663,4642,4621,4600,4579,4558
55053,JACKSON,WI,-15,6,-13,-20,-23,37,33,2,13,16,20,24,28,32,15459,15491,15522,15574,15330,15044,15307,15244,15276,15236,15196,15156,15116,15076
55055,JEFFERSON,WI,161,179,19,65,217,310,263,192,289,251,272,293,315,336,69081,69144,69354,69763,68239,66340,68201,67731,68284,68066,67848,67631,67415,67199
55057,JUNEAU,WI,-13,87,1,-36,21,103,66,-10,102,61,68,75,83,90,20071,19933,19806,19853,19496,19022,19790,19741,20235,20221,20207,20193,20179,20165
55059,KENOSHA,WI,-97,326,215,97,371,947,609,503,519,557,634,711,788,865,135209,134260,134163,135289,133384,130259,132781,132762,133596,133284,132973,132663,132353,132044
55061,KEWAUNEE,WI,1,-49,24,-8,18,37,-13,25,24,20,25,30,34,39,18071,17799,17598,17816,17495,17063,17284,17258,17455,17365,17275,17186,17097,17009
55063,LA CROSSE,WI,-11,-123,-107,100,-280,-262,-223,-108,-180,-130,-150,-171,-191,-211,89716,89452,89950,91141,89813,88418,90216,90498,92194,92378,92562,92746,92931,93116
55065,LAFAYETTE,WI,-1,-15,-13,-22,-11,-77,13,-67,70,34,36,38,41,43,15085,15117,15342,15323,14894,14237,14433,14437,14951,14859,14768,14677,14587,14497
55067,LANGLADE,WI,-1,11,-45,14,15,48,52,-20,52,40,46,52,58,63,16261,16106,15857,15826,15504,15325,15548,15500,15578,15485,15393,15301,15210,15119
55069,LINCOLN,WI,-58,-30,-50,-57,-15,96,15,-25,62,33,45,57,70,82,24121,23845,23701,23609,23008,22695,23072,22981,22909,22753,22598,22444,22291,22139
55071,MANITOWOC,WI,-98,-50,-10,-41,-34,35,27,38,129,126,149,171,193,215,70046,69460,68838,68677,67320,65947,66504,66089,66977,66490,66006,65526,65049,64576
55073,MARATHON,WI,168,55,-21,37,-97,81,-128,138,3,-35,-45,-55,-64,-74,115762,115987,116106,116763,115519,113762,115426,115431,118873,118980,119087,119194,119301,119408
55075,MARINETTE,WI,87,72,48,-38,8,94,68,30,103,43,45,47,48,50,33165,33046,33019,33023,32418,31538,32029,32011,32285,32119,31954,31789,31625,31462
55077,MARQUETTE,WI,-29,41,0,-14,30,181,83,27,68,42,54,66,78,90,12435,12299,12294,12329,12035,11771,12221,12192,12546,12536,12526,12516,12506,12496
55078,MENOMINEE,WI,-37,-17,11,-20,-17,3,-7,-16,-9,-16,-15,-13,-12,-10,3163,3072,3088,3109,3149,3113,3154,3176,3323,3342,3361,3380,3399,3418
55079,MILWAUKEE,WI,-2552,-2991,-3305,-1529,-4733,-8076,-3470,-2773,-4707,-3681,-3899,-4109,-4313,-4509,746456,737491,729429,734311,724647,697935,700141,695385,703082,696683,690342,684059,677833,671664
55081,MONROE,WI,35,-45,-35,-76,-25,-57,-25,-8,-26,-41,-43,-44,-46,-47,36671,36544,36800,37400,36751,35598,36399,36199,37330,37312,37294,37276,37258,37240
55083,OCONTO,WI,53,-52,53,-41,24,292,153,128,294,240,274,308,342,376,31864,31688,31586,31707,31080,30499,31225,31527,32301,32289,32277,32265,32253,32241
55085,ONEIDA,WI,37,85,58,33,56,92,136,76,203,172,186,200,214,228,30776,30373,30309,30534,29975,29455,30409,30481,30848,30843,30838,30833,30828,30823
55087,OUTAGAMIE,WI,-29,107,335,-46,169,274,53,214,136,138,150,162,174,185,154307,155246,156274,158460,155606,153126,157465,158103,160392,160902,161413,161926,162441,162957
55089,OZAUKEE,WI,331,339,309,165,466,1156,472,364,894,633,693,754,815,875,78011,77702,77837,78616,77079,75549,78364,78558,79006,79081,79157,79233,79309,79385
55091,PEPIN,WI,-14,3,6,-56,-1,-14,21,-47,6,-7,-7,-7,-7,-7,5948,5969,5971,6046,5986,5815,6036,5985,6145,6157,6169,6181,6193,6206
55093,PIERCE,WI,-83,117,-112,42,65,142,74,31,89,87,102,117,132,147,31021,31074,31176,31548,31125,30457,31376,31687,31893,31971,32049,32128,32207,32286
55095,POLK,WI,-65,96,115,-9,137,278,183,153,284,249,283,316,349,382,36238,36139,36172,36340,35633,35249,35982,36011,36972,36990,37008,37026,37044,37062
55097,PORTAGE,WI,-35,-47,-108,-64,-78,-142,-99,-148,10,-51,-54,-57,-60,-63,55140,55200,55081,55681,54824,53747,54958,55118,55805,55808,55811,55814,55817,55820
55099,PRICE,WI,3,-24,-18,36,12,21,21,3,35,35,40,44,49,53,11741,11594,11419,11546,11280,10908,11192,11219,11292,11226,11160,11095,11030,10966
55101,RACINE,WI,385,173,109,257,481,1000,475,198,549,359,395,431,466,501,162774,162230,161210,161760,159622,156282,158708,158212,159262,158657,158055,157455,156857,156261
55103,RICHLAND,WI,-2,-52,25,-59,-31,38,-6,-22,29,12,16,20,24,28,13894,13712,13586,13642,13425,13219,13511,13351,13803,13769,13735,13701,13667,13633
55105,ROCK,WI,60,281,52,87,295,687,259,260,501,360,406,451,496,541,133279,132866,132872,133564,132186,129505,131561,130655,132826,132572,132319,132066,131814,131562
55107,RUSK,WI,-52,15,-16,-34,-4,7,-3,1,10,12,16,21,26,30,11315,11317,11177,11120,10966,10619,10964,10948,11245,11206,11167,11128,11089,11050
55109,ST. CROIX,WI,207,257,239,71,125,621,347,357,817,598,655,713,770,828,73319,73743,74736,75908,74487,73555,76664,77306,79056,79668,80284,80905,81531,82162
55111,SAUK,WI,98,80,203,35,74,156,182,58,209,150,158,165,173,181,53661,53701,53792,54630,53640,52504,53858,53879,54772,54822,54872,54922,54972,55022
55113,SAWYER,WI,13,15,-4,2,30,19,7,14,86,61,66,72,77,83,13660,13535,13408,13295,12997,12865,13186,13184,13377,13326,13275,13224,13174,13124
55115,SHAWANO,WI,7,13,34,-81,79,86,46,34,60,33,41,49,56,64,33581,33565,33490,33507,32791,31971,32601,32724,33440,33332,33225,33118,33011,32905
55117,SHEBOYGAN,WI,-130,-121,190,34,89,69,45,-25,109,105,121,138,154,170,101065,99985,99770,100123,99151,97607,98279,98086,99708,99431,99154,98878,98603,98329
55119,TAYLOR,WI,-27,40,-31,-23,-24,10,5,10,-16,-10,-9,-8,-7,-6,16226,16273,16147,16373,16294,15998,16191,16377,16651,16680,16709,16738,16767,16796
55121,TREMPEALEAU,WI,209,61,-89,-41,30,4,-25,41,34,-2,-13,-24,-36,-47,27119,27217,27249,27492,27163,26268,26644,25511,25608,25390,25173,24958,24745,24534
55123,VERNON,WI,20,30,-54,-48,80,34,6,-38,71,15,19,22,25,29,24345,24292,24340,24416,23962,23630,24312,24265,24741,24752,24763,24774,24785,24796
55125,VILAS,WI,90,112,105,-53,70,221,89,104,165,120,129,137,146,155,17635,17427,17571,17520,17084,16862,17432,17716,17829,17841,17853,17865,17877,17889
55127,WALWORTH,WI,147,93,50,7,236,543,399,365,556,494,555,617,678,739,82617,81601,81520,82003,80842,78810,80536,80558,81363,81141,80920,80699,80479,80260
55129,WASHBURN,WI,-37,7,34,-25,17,96,-2,0,67,36,43,50,58,65,13736,13626,13523,13293,13076,12835,13195,13295,13354,13294,13234,13174,13115,13056
55131,WASHINGTON,WI,264,410,251,225,533,1143,594,391,918,670,739,809,878,948,118276,117584,118280,118826,116748,114646,118281,118836,120122,120238,120354,120470,120586,120702
55133,WAUKESHA,WI,1100,1245,1034,392,2271,3967,1694,1746,3076,2342,2579,2816,3053,3290,350701,349921,350278,352222,346966,342154,353440,354780,357626,358274,358923,359573,360224,360876
55135,WAUPACA,WI,147,141,-2,36,14,128,-19,64,169,59,58,56,55,53,42540,42848,42752,42900,41945,40544,41214,41432,41642,41423,41205,40989,40774,40560
55137,WAUSHARA,WI,-82,-2,38,-44,118,175,68,61,99,79,98,118,138,158,19078,18920,18646,18812,18408,17925,18603,18484,18861,18808,18755,18702,18650,18598
55139,WINNEBAGO,WI,-167,-156,-65,-155,-67,-74,-30,-110,-106,-83,-74,-65,-56,-48,132915,132606,132765,133968,132043,129280,132598,133043,134635,134687,134739,134791,134843,134895
55141,WOOD,WI,-262,-209,-134,-46,-23,-126,-143,-45,-97,-36,-18,-1,17,34,63283,62547,62382,62494,61634,60423,61168,61078,61556,61295,61035,60776,60518,60261
