Title,Season,Episode Date,Viewers (millions),18-49 Demo,IMDb Series ID,Episode,season,episode,IMDb Episode ID
Sweet/Vicious,1,2016-11-15,0.270,0.12,tt5012644,1,1.0,1.0,tt5268456
Sweet/Vicious,1,2016-11-22,0.178,0.08,tt5012644,2,1.0,2.0,tt5751426
Sweet/Vicious,1,2016-11-29,0.139,0.07,tt5012644,3,1.0,3.0,tt5707972
Sweet/Vicious,1,2016-12-06,0.188,0.08,tt5012644,4,1.0,4.0,tt5707978
Sweet/Vicious,1,2016-12-13,0.136,0.06,tt5012644,5,1.0,5.0,tt5751428
Sweet/Vicious,1,2017-01-03,0.166,0.08,tt5012644,6,1.0,6.0,tt5751434
Sweet/Vicious,1,2017-01-10,0.142,0.06,tt5012644,7,1.0,7.0,tt5751436
Sweet/Vicious,1,2017-01-17,0.161,0.07,tt5012644,8,1.0,8.0,tt5751444
Sweet/Vicious,1,2017-01-24,0.239,0.12,tt5012644,9,1.0,9.0,tt5751446
Sweet/Vicious,1,2017-01-24,0.184,0.10,tt5012644,10,1.0,10.0,tt5751442
The A Word,1,2016-07-13,0.100,0.02,tt5311790,1,1.0,1.0,tt5351198
The A Word,1,2016-07-20,0.048,0.02,tt5311790,2,1.0,2.0,tt5351208
The A Word,1,2016-07-27,0.048,0.01,tt5311790,3,1.0,3.0,tt5351210
The A Word,1,2016-08-03,0.042,0.01,tt5311790,4,1.0,4.0,tt5351220
The A Word,1,2016-08-10,0.053,0.02,tt5311790,5,1.0,5.0,tt5351232
The A Word,1,2016-08-17,0.080,0.02,tt5311790,6,1.0,6.0,tt5351244
The A Word,2,2017-11-08,0.040,0.01,tt5311790,1,2.0,1.0,tt5758964
The A Word,2,2017-11-15,0.046,0.01,tt5311790,2,2.0,2.0,tt6969516
The A Word,2,2017-11-22,0.073,0.01,tt5311790,3,2.0,3.0,tt7141004
The A Word,2,2017-11-29,0.049,0.01,tt5311790,4,2.0,4.0,tt6987744
The A Word,2,2017-12-06,0.040,0.01,tt5311790,5,2.0,5.0,tt6987746
The A Word,2,2017-12-13,0.040,0.00,tt5311790,6,2.0,6.0,tt6987748
The A Word,3,2020-11-04,0.055,0.01,tt5311790,1,3.0,1.0,tt9723022
The A Word,3,2020-11-11,0.049,0.02,tt5311790,2,3.0,2.0,tt9723030
The A Word,3,2020-11-18,0.048,0.01,tt5311790,3,3.0,3.0,tt9723032
The A Word,3,2020-11-25,0.079,0.01,tt5311790,4,3.0,4.0,tt9723034
The A Word,3,2020-12-02,0.036,0.00,tt5311790,5,3.0,5.0,tt9723036
The A Word,3,2020-12-09,0.038,0.01,tt5311790,6,3.0,6.0,tt9723038
Chesapeake Shores,1,2016-08-14,1.942,0.31,tt5151816,1,1.0,1.0,tt5975004
Chesapeake Shores,1,2016-08-21,1.855,0.30,tt5151816,2,1.0,2.0,tt5975920
Chesapeake Shores,1,2016-08-28,2.179,0.30,tt5151816,3,1.0,3.0,tt5975950
Chesapeake Shores,1,,2.213,0.31,tt5151816,4,1.0,4.0,tt5984066
Chesapeake Shores,1,,2.228,0.29,tt5151816,5,1.0,5.0,tt6009836
Chesapeake Shores,1,,1.851,0.24,tt5151816,6,1.0,6.0,tt5984384
Chesapeake Shores,1,,1.892,0.24,tt5151816,7,1.0,7.0,tt5984392
Chesapeake Shores,1,2016-10-02,2.188,0.33,tt5151816,8,1.0,8.0,tt5984394
Chesapeake Shores,1,2016-10-09,1.718,0.30,tt5151816,9,1.0,9.0,tt5984408
Chesapeake Shores,2,2017-08-06,1.870,0.24,tt5151816,1,2.0,1.0,tt6866750
Chesapeake Shores,2,2017-08-13,1.609,0.22,tt5151816,2,2.0,2.0,tt6870216
Chesapeake Shores,2,2017-08-20,1.841,0.23,tt5151816,3,2.0,3.0,tt6948546
Chesapeake Shores,2,2017-08-27,1.697,0.22,tt5151816,4,2.0,4.0,tt6959008
Chesapeake Shores,2,,1.846,0.23,tt5151816,5,2.0,5.0,tt6959010
Chesapeake Shores,2,,1.799,0.24,tt5151816,6,2.0,6.0,tt6959012
Chesapeake Shores,2,,1.724,0.27,tt5151816,7,2.0,7.0,tt6959014
Chesapeake Shores,2,,1.856,0.23,tt5151816,8,2.0,8.0,tt6959018
Chesapeake Shores,2,2017-10-01,1.918,0.26,tt5151816,9,2.0,9.0,tt6959022
Chesapeake Shores,2,2017-10-08,1.630,0.20,tt5151816,10,2.0,10.0,tt6959024
Chesapeake Shores,3,2018-08-05,1.669,0.21,tt5151816,1,3.0,1.0,tt7887208
Chesapeake Shores,3,2018-08-12,1.413,0.19,tt5151816,2,3.0,2.0,tt8602296
Chesapeake Shores,3,2018-08-19,1.462,0.23,tt5151816,3,3.0,3.0,tt8524470
Chesapeake Shores,3,2018-08-26,1.625,0.21,tt5151816,4,3.0,4.0,tt8524474
Chesapeake Shores,3,,1.596,0.16,tt5151816,5,3.0,5.0,tt8602326
Chesapeake Shores,3,,1.435,0.19,tt5151816,6,3.0,6.0,tt8602332
Chesapeake Shores,3,,1.487,0.19,tt5151816,7,3.0,7.0,tt8602340
Chesapeake Shores,3,,1.671,0.23,tt5151816,8,3.0,8.0,tt8602348
Chesapeake Shores,3,,1.653,0.23,tt5151816,9,3.0,9.0,tt8602364
Chesapeake Shores,3,2018-10-07,1.662,0.22,tt5151816,10,3.0,10.0,tt8602368
Chesapeake Shores,4,2019-08-25,1.811,0.21,tt5151816,1,4.0,1.0,tt10187832
Chesapeake Shores,4,,1.770,0.17,tt5151816,2,4.0,2.0,tt10187836
Chesapeake Shores,4,,1.678,0.16,tt5151816,3,4.0,3.0,tt10187840
Chesapeake Shores,4,,1.697,0.18,tt5151816,4,4.0,4.0,tt10187846
Chesapeake Shores,4,,1.544,0.16,tt5151816,5,4.0,5.0,tt10187848
Chesapeake Shores,4,,1.692,0.19,tt5151816,6,4.0,6.0,tt10187850
The Real Housewives of OC,1,2006-03-21,0.430,0.2,tt5327970,1,,,
The Real Housewives of OC,1,2006-03-28,0.307,0.2,tt5327970,2,,,
The Real Housewives of OC,1,2006-04-04,0.534,0.3,tt5327970,3,,,
The Real Housewives of OC,1,2006-04-11,0.491,0.3,tt5327970,4,,,
The Real Housewives of OC,1,2006-04-18,0.625,0.4,tt5327970,5,,,
The Real Housewives of OC,1,2006-04-25,0.779,0.5,tt5327970,6,,,
The Real Housewives of OC,1,,0.923,0.6,tt5327970,7,,,
The Real Housewives of OC,1,,0.838,0.5,tt5327970,8,,,
The Real Housewives of OC,2,2007-01-16,1.120,0.6,tt5327970,1,,,
The Real Housewives of OC,2,2007-01-23,1.008,0.6,tt5327970,2,,,
The Real Housewives of OC,2,2007-01-30,0.827,0.5,tt5327970,3,,,
The Real Housewives of OC,2,2007-02-06,0.912,0.6,tt5327970,4,,,
The Real Housewives of OC,2,2007-02-13,1.103,0.7,tt5327970,5,,,
The Real Housewives of OC,2,2007-02-20,1.033,0.6,tt5327970,6,,,
The Real Housewives of OC,2,2007-02-27,1.004,0.6,tt5327970,7,,,
The Real Housewives of OC,2,2007-03-06,1.322,0.8,tt5327970,8,,,
The Real Housewives of OC,2,2007-03-13,1.477,0.9,tt5327970,9,,,
The Real Housewives of OC,2,2007-03-20,1.132,0.7,tt5327970,10,,,
The Real Housewives of OC,3,2007-11-06,1.154,0.7,tt5327970,1,,,
The Real Housewives of OC,3,2007-11-13,0.994,0.6,tt5327970,2,,,
The Real Housewives of OC,3,2007-11-20,0.910,0.6,tt5327970,3,,,
The Real Housewives of OC,3,2007-11-27,0.932,0.6,tt5327970,4,,,
The Real Housewives of OC,3,2007-12-04,1.470,0.9,tt5327970,5,,,
The Real Housewives of OC,3,2007-12-11,1.403,0.7,tt5327970,6,,,
The Real Housewives of OC,3,2007-12-18,1.251,0.7,tt5327970,7,,,
The Real Housewives of OC,3,2008-01-01,1.267,0.7,tt5327970,8,,,
The Real Housewives of OC,3,2008-01-08,1.592,0.9,tt5327970,9,,,
The Real Housewives of OC,3,2008-01-15,1.458,0.8,tt5327970,10,,,
The Real Housewives of OC,3,2008-01-22,2.018,1.1,tt5327970,11,,,
The Real Housewives of OC,3,2008-01-29,1.379,0.7,tt5327970,12,,,
The Real Housewives of OC,4,2008-11-25,1.877,1.0,tt5327970,1,,,
The Real Housewives of OC,4,2008-12-02,1.655,0.9,tt5327970,2,,,
The Real Housewives of OC,4,2008-12-09,1.771,1.0,tt5327970,3,,,
The Real Housewives of OC,4,2008-12-16,1.380,0.8,tt5327970,4,,,
The Real Housewives of OC,4,2008-12-23,1.478,0.8,tt5327970,5,,,
The Real Housewives of OC,4,2008-12-30,1.575,0.8,tt5327970,6,,,
The Real Housewives of OC,4,2009-01-06,1.559,0.8,tt5327970,7,,,
The Real Housewives of OC,4,2009-01-13,1.713,1.0,tt5327970,8,,,
The Real Housewives of OC,4,2009-01-20,1.967,1.1,tt5327970,9,,,
The Real Housewives of OC,4,2009-01-27,2.032,1.2,tt5327970,10,,,
The Real Housewives of OC,4,2009-02-03,1.700,1.0,tt5327970,11,,,
The Real Housewives of OC,4,2009-02-10,1.637,1.0,tt5327970,12,,,
The Real Housewives of OC,4,2009-02-17,1.972,1.1,tt5327970,13,,,
The Real Housewives of OC,4,2009-02-24,2.214,1.2,tt5327970,14,,,
The Real Housewives of OC,4,2009-06-11,1.204,0.6,tt5327970,15,,,
The Real Housewives of OC,5,2009-11-05,2.583,1.5,tt5327970,1,,,
The Real Housewives of OC,5,2009-11-12,1.835,1.0,tt5327970,2,,,
The Real Housewives of OC,5,2009-11-19,2.036,1.2,tt5327970,3,,,
The Real Housewives of OC,5,2009-12-03,1.885,1.0,tt5327970,4,,,
The Real Housewives of OC,5,2009-12-10,1.877,1.0,tt5327970,5,,,
The Real Housewives of OC,5,2009-12-17,1.991,1.1,tt5327970,6,,,
The Real Housewives of OC,5,2010-01-07,2.043,1.1,tt5327970,7,,,
The Real Housewives of OC,5,2010-01-14,1.496,0.9,tt5327970,8,,,
The Real Housewives of OC,5,2010-01-21,1.449,0.8,tt5327970,9,,,
The Real Housewives of OC,5,2010-01-28,2.014,1.1,tt5327970,10,,,
The Real Housewives of OC,5,2010-02-04,2.133,1.3,tt5327970,11,,,
The Real Housewives of OC,5,2010-02-11,2.208,1.2,tt5327970,12,,,
The Real Housewives of OC,5,2010-02-18,1.845,1.0,tt5327970,13,,,
The Real Housewives of OC,5,2010-02-25,2.340,1.3,tt5327970,14,,,
The Real Housewives of OC,5,2010-03-04,2.459,1.4,tt5327970,15,,,
The Real Housewives of OC,5,2010-03-10,1.673,0.9,tt5327970,16,,,
The Real Housewives of OC,5,2010-03-11,2.472,1.3,tt5327970,17,,,
The Real Housewives of OC,6,2011-03-06,2.050,1.1,tt5327970,1,,,
The Real Housewives of OC,6,2011-03-13,2.051,1.1,tt5327970,2,,,
The Real Housewives of OC,6,2011-03-20,1.776,1.0,tt5327970,3,,,
The Real Housewives of OC,6,2011-03-27,1.794,1.0,tt5327970,4,,,
The Real Housewives of OC,6,2011-04-03,1.519,0.8,tt5327970,5,,,
The Real Housewives of OC,6,2011-04-10,1.530,0.9,tt5327970,6,,,
The Real Housewives of OC,6,2011-04-17,1.644,0.9,tt5327970,7,,,
The Real Housewives of OC,6,2011-04-24,1.686,0.9,tt5327970,8,,,
The Real Housewives of OC,6,,2.039,1.1,tt5327970,9,,,
The Real Housewives of OC,6,,1.925,1.1,tt5327970,10,,,
The Real Housewives of OC,6,,1.700,1.0,tt5327970,11,,,
The Real Housewives of OC,6,,2.102,1.2,tt5327970,12,,,
The Real Housewives of OC,6,2011-06-05,2.875,1.4,tt5327970,13,,,
The Real Housewives of OC,6,2011-06-12,2.322,1.2,tt5327970,14,,,
The Real Housewives of OC,6,2011-06-13,2.535,1.3,tt5327970,15,,,
The Real Housewives of OC,6,2011-06-20,1.530,0.8,tt5327970,16,,,
The Real Housewives of OC,7,2012-02-07,2.264,1.1,tt5327970,1,,,
The Real Housewives of OC,7,2012-02-14,1.697,0.8,tt5327970,2,,,
The Real Housewives of OC,7,2012-02-21,2.056,1.0,tt5327970,3,,,
The Real Housewives of OC,7,2012-02-28,1.669,0.9,tt5327970,4,,,
The Real Housewives of OC,7,2012-03-06,1.817,0.9,tt5327970,5,,,
The Real Housewives of OC,7,2012-03-13,2.101,1.0,tt5327970,6,,,
The Real Housewives of OC,7,2012-03-20,2.056,1.1,tt5327970,7,,,
The Real Housewives of OC,7,2012-04-03,1.766,0.9,tt5327970,8,,,
The Real Housewives of OC,7,2012-04-10,1.859,0.9,tt5327970,9,,,
The Real Housewives of OC,7,2012-04-17,1.772,1.0,tt5327970,10,,,
The Real Housewives of OC,7,2012-04-24,1.924,1.0,tt5327970,11,,,
The Real Housewives of OC,7,,2.043,1.0,tt5327970,12,,,
The Real Housewives of OC,7,,1.852,0.9,tt5327970,13,,,
The Real Housewives of OC,7,,1.918,1.0,tt5327970,14,,,
The Real Housewives of OC,7,,1.915,1.0,tt5327970,15,,,
The Real Housewives of OC,7,,2.077,1.1,tt5327970,16,,,
The Real Housewives of OC,7,2012-06-05,1.883,0.9,tt5327970,17,,,
The Real Housewives of OC,7,2012-06-12,1.771,0.9,tt5327970,18,,,
The Real Housewives of OC,7,2012-06-19,1.966,0.9,tt5327970,19,,,
The Real Housewives of OC,7,2012-06-26,2.504,1.3,tt5327970,20,,,
The Real Housewives of OC,7,2012-07-10,2.513,1.2,tt5327970,21,,,
The Real Housewives of OC,7,2012-07-16,1.941,0.8,tt5327970,22,,,
The Real Housewives of OC,7,2012-07-24,1.420,0.7,tt5327970,23,,,
The Real Housewives of OC,8,2013-04-01,1.814,0.8,tt5327970,1,,,
The Real Housewives of OC,8,2013-04-08,1.597,0.8,tt5327970,2,,,
The Real Housewives of OC,8,2013-04-15,1.609,0.8,tt5327970,3,,,
The Real Housewives of OC,8,2013-04-22,1.711,0.8,tt5327970,4,,,
The Real Housewives of OC,8,2013-04-29,1.850,0.9,tt5327970,5,,,
The Real Housewives of OC,8,,1.961,1.0,tt5327970,6,,,
The Real Housewives of OC,8,,1.810,0.9,tt5327970,7,,,
The Real Housewives of OC,8,,1.851,0.9,tt5327970,8,,,
The Real Housewives of OC,8,,1.670,0.8,tt5327970,9,,,
The Real Housewives of OC,8,2013-06-03,1.846,0.9,tt5327970,10,,,
The Real Housewives of OC,8,2013-06-10,1.775,0.8,tt5327970,11,,,
The Real Housewives of OC,8,2013-06-17,1.861,0.9,tt5327970,12,,,
The Real Housewives of OC,8,2013-06-24,1.723,0.7,tt5327970,13,,,
The Real Housewives of OC,8,2013-07-01,1.968,1.0,tt5327970,14,,,
The Real Housewives of OC,8,2013-07-08,2.168,1.0,tt5327970,15,,,
The Real Housewives of OC,8,2013-07-15,1.995,0.9,tt5327970,16,,,
The Real Housewives of OC,8,2013-07-22,2.039,1.0,tt5327970,17,,,
The Real Housewives of OC,8,2013-07-29,2.004,0.9,tt5327970,18,,,
The Real Housewives of OC,8,2013-08-05,2.386,1.2,tt5327970,19,,,
The Real Housewives of OC,8,2013-08-12,2.128,1.0,tt5327970,20,,,
The Real Housewives of OC,8,2013-08-19,2.083,1.0,tt5327970,21,,,
The Real Housewives of OC,8,2013-08-26,2.309,1.0,tt5327970,22,,,
The Real Housewives of OC,8,,1.326,0.5,tt5327970,23,,,
The Real Housewives of OC,9,2014-04-14,1.703,0.83,tt5327970,1,,,
The Real Housewives of OC,9,2014-04-21,1.840,0.83,tt5327970,2,,,
The Real Housewives of OC,9,2014-04-28,1.711,0.79,tt5327970,3,,,
The Real Housewives of OC,9,,1.435,0.59,tt5327970,4,,,
The Real Housewives of OC,9,,1.746,0.79,tt5327970,5,,,
The Real Housewives of OC,9,,1.638,0.69,tt5327970,6,,,
The Real Housewives of OC,9,2014-06-02,1.824,0.75,tt5327970,7,,,
The Real Housewives of OC,9,2014-06-09,1.623,0.74,tt5327970,8,,,
The Real Housewives of OC,9,2014-06-16,1.643,0.72,tt5327970,9,,,
The Real Housewives of OC,9,2014-06-23,1.864,0.80,tt5327970,10,,,
The Real Housewives of OC,9,2014-06-30,1.770,0.78,tt5327970,11,,,
The Real Housewives of OC,9,2014-07-07,1.694,0.83,tt5327970,12,,,
The Real Housewives of OC,9,2014-07-14,1.725,0.81,tt5327970,13,,,
The Real Housewives of OC,9,2014-07-21,1.684,0.70,tt5327970,14,,,
The Real Housewives of OC,9,2014-07-28,1.778,0.86,tt5327970,15,,,
The Real Housewives of OC,9,2014-08-04,1.974,0.95,tt5327970,16,,,
The Real Housewives of OC,9,2014-08-11,2.032,0.93,tt5327970,17,,,
The Real Housewives of OC,9,2014-08-18,2.027,0.87,tt5327970,18,,,
The Real Housewives of OC,9,2014-08-25,1.910,0.88,tt5327970,19,,,
The Real Housewives of OC,9,,2.032,0.90,tt5327970,20,,,
The Real Housewives of OC,9,,1.203,0.58,tt5327970,21,,,
The Real Housewives of OC,10,2015-06-08,1.230,0.73,tt5327970,1,,,
The Real Housewives of OC,10,2015-06-15,1.403,0.64,tt5327970,2,,,
The Real Housewives of OC,10,2015-06-22,1.662,0.71,tt5327970,3,,,
The Real Housewives of OC,10,2015-06-29,1.623,0.69,tt5327970,4,,,
The Real Housewives of OC,10,2015-07-06,1.997,0.90,tt5327970,5,,,
The Real Housewives of OC,10,2015-07-13,1.753,0.76,tt5327970,6,,,
The Real Housewives of OC,10,2015-07-20,1.563,0.66,tt5327970,7,,,
The Real Housewives of OC,10,2015-07-27,1.445,0.62,tt5327970,8,,,
The Real Housewives of OC,10,2015-08-03,1.719,0.74,tt5327970,9,,,
The Real Housewives of OC,10,2015-08-10,1.865,0.82,tt5327970,10,,,
The Real Housewives of OC,10,2015-08-17,2.030,0.87,tt5327970,11,,,
The Real Housewives of OC,10,2015-08-24,1.800,0.77,tt5327970,12,,,
The Real Housewives of OC,10,2015-08-31,1.977,0.94,tt5327970,13,,,
The Real Housewives of OC,10,,1.882,0.78,tt5327970,14,,,
The Real Housewives of OC,10,,1.991,0.83,tt5327970,15,,,
The Real Housewives of OC,10,,1.850,0.79,tt5327970,16,,,
The Real Housewives of OC,10,,1.833,0.81,tt5327970,17,,,
The Real Housewives of OC,10,2015-10-05,1.733,0.75,tt5327970,18,,,
The Real Housewives of OC,10,2015-10-12,2.067,0.87,tt5327970,19,,,
The Real Housewives of OC,10,2015-10-19,2.039,0.85,tt5327970,20,,,
The Real Housewives of OC,10,2015-10-26,2.350,1.11,tt5327970,21,,,
The Real Housewives of OC,10,2015-11-01,1.864,0.74,tt5327970,22,,,
The Real Housewives of OC,10,2015-11-12,1.167,0.52,tt5327970,23,,,
The Real Housewives of OC,10,2015-11-12,1.079,0.44,tt5327970,24,,,
The Real Housewives of OC,11,2016-06-20,1.715,0.66,tt5327970,1,,,
The Real Housewives of OC,11,2016-06-27,1.666,0.57,tt5327970,2,,,
The Real Housewives of OC,11,2016-07-11,1.615,0.58,tt5327970,3,,,
The Real Housewives of OC,11,2016-07-18,1.798,0.67,tt5327970,4,,,
The Real Housewives of OC,11,2016-07-25,1.803,0.65,tt5327970,5,,,
The Real Housewives of OC,11,2016-08-01,1.849,0.69,tt5327970,6,,,
The Real Housewives of OC,11,2016-08-15,1.808,0.67,tt5327970,7,,,
The Real Housewives of OC,11,2016-08-22,1.818,0.67,tt5327970,8,,,
The Real Housewives of OC,11,2016-08-29,1.911,0.74,tt5327970,9,,,
The Real Housewives of OC,11,,2.006,0.80,tt5327970,10,,,
The Real Housewives of OC,11,,1.973,0.72,tt5327970,11,,,
The Real Housewives of OC,11,,1.758,0.67,tt5327970,12,,,
The Real Housewives of OC,11,,1.445,0.56,tt5327970,13,,,
The Real Housewives of OC,11,2016-10-03,1.714,0.66,tt5327970,14,,,
The Real Housewives of OC,11,2016-10-10,1.844,0.70,tt5327970,15,,,
The Real Housewives of OC,11,2016-10-17,1.820,0.70,tt5327970,16,,,
The Real Housewives of OC,11,2016-10-24,1.872,0.74,tt5327970,17,,,
The Real Housewives of OC,11,2016-10-31,1.812,0.70,tt5327970,18,,,
The Real Housewives of OC,11,2016-11-07,1.851,0.76,tt5327970,19,,,
The Real Housewives of OC,11,2016-11-14,1.959,0.81,tt5327970,20,,,
The Real Housewives of OC,11,2016-11-21,1.706,0.65,tt5327970,21,,,
The Real Housewives of OC,12,2017-07-10,1.681,0.60,tt5327970,1,,,
The Real Housewives of OC,12,2017-07-17,1.728,0.63,tt5327970,2,,,
The Real Housewives of OC,12,2017-07-24,1.742,0.58,tt5327970,3,,,
The Real Housewives of OC,12,2017-07-31,1.614,0.57,tt5327970,4,,,
The Real Housewives of OC,12,2017-08-07,1.594,0.57,tt5327970,5,,,
The Real Housewives of OC,12,2017-08-14,1.656,0.61,tt5327970,6,,,
The Real Housewives of OC,12,2017-08-21,1.612,0.54,tt5327970,7,,,
The Real Housewives of OC,12,2017-08-28,1.765,0.64,tt5327970,8,,,
The Real Housewives of OC,12,,1.688,0.60,tt5327970,9,,,
The Real Housewives of OC,12,,1.630,0.58,tt5327970,10,,,
The Real Housewives of OC,12,,1.719,0.59,tt5327970,11,,,
The Real Housewives of OC,12,,1.587,0.61,tt5327970,12,,,
The Real Housewives of OC,12,2017-10-02,1.725,0.63,tt5327970,13,,,
The Real Housewives of OC,12,2017-10-09,1.775,0.67,tt5327970,14,,,
The Real Housewives of OC,12,2017-10-16,1.540,0.59,tt5327970,15,,,
The Real Housewives of OC,12,2017-10-23,1.793,0.66,tt5327970,16,,,
The Real Housewives of OC,12,2017-10-30,1.645,0.54,tt5327970,17,,,
The Real Housewives of OC,12,2017-11-06,1.560,0.58,tt5327970,18,,,
The Real Housewives of OC,12,2017-11-13,1.734,0.65,tt5327970,19,,,
The Real Housewives of OC,12,2017-11-20,1.870,0.67,tt5327970,20,,,
The Real Housewives of OC,12,2017-11-27,1.887,0.72,tt5327970,21,,,
The Real Housewives of OC,13,2018-07-16,1.412,0.54,tt5327970,1,,,
The Real Housewives of OC,13,2018-07-23,1.460,0.51,tt5327970,2,,,
The Real Housewives of OC,13,2018-07-30,1.412,0.52,tt5327970,3,,,
The Real Housewives of OC,13,2018-08-06,1.354,0.53,tt5327970,4,,,
The Real Housewives of OC,13,2018-08-13,1.520,0.58,tt5327970,5,,,
The Real Housewives of OC,13,2018-08-20,1.421,0.48,tt5327970,6,,,
The Real Housewives of OC,13,2018-08-27,1.497,0.53,tt5327970,7,,,
The Real Housewives of OC,13,,1.554,0.58,tt5327970,8,,,
The Real Housewives of OC,13,,1.544,0.56,tt5327970,9,,,
The Real Housewives of OC,13,,1.315,0.49,tt5327970,10,,,
The Real Housewives of OC,13,2018-10-01,1.362,0.53,tt5327970,11,,,
The Real Housewives of OC,13,2018-10-08,1.266,0.48,tt5327970,12,,,
The Real Housewives of OC,13,2018-10-15,1.307,0.48,tt5327970,13,,,
The Real Housewives of OC,13,2018-10-22,1.438,0.53,tt5327970,14,,,
The Real Housewives of OC,13,2018-10-29,1.345,0.49,tt5327970,15,,,
The Real Housewives of OC,13,2018-11-05,1.341,0.52,tt5327970,16,,,
The Real Housewives of OC,13,2018-11-12,1.446,0.55,tt5327970,17,,,
The Real Housewives of OC,13,2018-11-19,1.178,0.44,tt5327970,18,,,
The Real Housewives of OC,13,2018-11-25,1.509,0.56,tt5327970,19,,,
The Real Housewives of OC,13,2018-12-02,1.705,0.66,tt5327970,20,,,
The Real Housewives of OC,13,2018-12-09,1.469,0.56,tt5327970,21,,,
The Real Housewives of OC,14,2019-08-06,1.416,0.44,tt5327970,1,,,
The Real Housewives of OC,14,2019-08-13,1.442,0.49,tt5327970,2,,,
The Real Housewives of OC,14,2019-08-20,1.477,0.48,tt5327970,3,,,
The Real Housewives of OC,14,2019-08-27,1.458,0.45,tt5327970,4,,,
The Real Housewives of OC,14,,1.432,0.47,tt5327970,5,,,
The Real Housewives of OC,14,,1.339,0.42,tt5327970,6,,,
The Real Housewives of OC,14,,1.400,0.49,tt5327970,7,,,
The Real Housewives of OC,14,,1.375,0.46,tt5327970,8,,,
The Real Housewives of OC,14,2019-10-01,1.346,0.41,tt5327970,9,,,
The Real Housewives of OC,14,2019-10-08,1.397,0.49,tt5327970,10,,,
The Real Housewives of OC,14,2019-10-15,1.259,0.43,tt5327970,11,,,
The Real Housewives of OC,14,2019-10-22,1.370,0.46,tt5327970,12,,,
The Real Housewives of OC,14,2019-10-29,1.326,0.45,tt5327970,13,,,
The Real Housewives of OC,14,2019-11-05,1.276,0.41,tt5327970,14,,,
The Real Housewives of OC,14,2019-11-12,1.363,0.46,tt5327970,15,,,
The Real Housewives of OC,14,2019-11-19,1.216,0.39,tt5327970,16,,,
The Real Housewives of OC,14,2019-11-26,1.353,0.45,tt5327970,17,,,
The Real Housewives of OC,14,2019-12-03,1.375,0.50,tt5327970,18,,,
The Real Housewives of OC,14,2019-12-10,1.344,0.43,tt5327970,19,,,
The Real Housewives of OC,14,2019-12-17,1.238,0.39,tt5327970,20,,,
The Real Housewives of OC,14,2019-12-18,0.930,0.32,tt5327970,21,,,
The Real Housewives of OC,14,2019-12-23,1.115,0.34,tt5327970,22,,,
The Real Housewives of OC,14,2019-12-26,1.020,0.31,tt5327970,23,,,
The Real Housewives of OC,15,2020-10-07,0.227,0.07,tt5327970,1,,,
The Real Housewives of OC,15,2020-10-14,1.051,0.34,tt5327970,2,,,
The Real Housewives of OC,15,2020-10-21,1.108,0.36,tt5327970,3,,,
The Real Housewives of OC,15,2020-10-28,1.004,0.30,tt5327970,4,,,
The Real Housewives of OC,15,2020-11-04,1.012,0.32,tt5327970,5,,,
The Real Housewives of OC,15,2020-11-11,1.091,0.38,tt5327970,6,,,
The Real Housewives of OC,15,2020-11-18,1.059,0.37,tt5327970,7,,,
The Real Housewives of OC,15,2020-11-25,0.982,0.28,tt5327970,8,,,
The Real Housewives of OC,15,2020-12-02,1.123,0.35,tt5327970,9,,,
The Real Housewives of OC,15,2020-12-09,1.084,0.35,tt5327970,10,,,
The Real Housewives of OC,15,2020-12-16,1.004,0.35,tt5327970,11,,,
The Real Housewives of OC,15,2020-12-23,1.029,0.29,tt5327970,12,,,
The Real Housewives of OC,15,2020-12-30,1.015,0.29,tt5327970,13,,,
The Real Housewives of OC,15,2021-01-06,0.822,0.23,tt5327970,14,,,
The Real Housewives of OC,15,2021-01-13,1.005,0.30,tt5327970,15,,,
The Real Housewives of OC,15,2021-01-20,1.081,0.33,tt5327970,16,,,
The Real Housewives of OC,15,2021-01-27,1.095,0.35,tt5327970,17,,,
The Real Housewives of OC,16,2021-12-01,0.936,0.23,tt5327970,1,,,
The Real Housewives of OC,16,2021-12-08,1.024,0.34,tt5327970,2,,,
The Real Housewives of OC,16,2021-12-15,0.955,0.32,tt5327970,3,,,
The Real Housewives of OC,16,2021-12-22,0.822,0.24,tt5327970,4,,,
The Real Housewives of OC,16,2022-01-05,0.797,0.24,tt5327970,5,,,
The Real Housewives of OC,16,2022-01-12,0.920,0.29,tt5327970,6,,,
The Real Housewives of OC,16,2022-01-19,0.978,0.30,tt5327970,7,,,
The Real Housewives of OC,16,2022-02-02,0.844,0.24,tt5327970,8,,,
The Real Housewives of OC,16,2022-02-09,0.771,0.19,tt5327970,9,,,
The Real Housewives of OC,16,2022-02-16,0.783,0.24,tt5327970,10,,,
The Real Housewives of OC,16,2022-03-02,0.772,0.22,tt5327970,11,,,
The Real Housewives of OC,16,2022-03-09,0.834,0.23,tt5327970,12,,,
The Real Housewives of OC,16,2022-03-16,0.775,0.21,tt5327970,13,,,
The Real Housewives of OC,16,2022-03-23,0.820,0.22,tt5327970,14,,,
The Real Housewives of OC,16,2022-03-30,0.782,0.23,tt5327970,15,,,
The Real Housewives of OC,16,2022-04-06,0.790,0.25,tt5327970,16,,,
The Real Housewives of OC,16,2022-04-13,0.732,0.22,tt5327970,17,,,
The Real Housewives of OC,16,2022-04-20,0.873,0.22,tt5327970,18,,,
The Real Housewives of OC,16,2022-04-27,0.948,0.27,tt5327970,19,,,
Fargo,1,2014-04-15,2.654,0.80,tt2802850,1,1.0,1.0,tt3097534
Fargo,1,2014-04-22,2.037,0.65,tt2802850,2,1.0,2.0,tt3296848
Fargo,1,2014-04-29,1.874,0.59,tt2802850,3,1.0,3.0,tt3519062
Fargo,1,,1.704,0.50,tt2802850,4,1.0,4.0,tt3578722
Fargo,1,,1.597,0.51,tt2802850,5,1.0,5.0,tt3514096
Fargo,1,,1.799,0.60,tt2802850,6,1.0,6.0,tt3551076
Fargo,1,,1.515,0.46,tt2802850,7,1.0,7.0,tt3578728
Fargo,1,2014-06-03,1.863,0.57,tt2802850,8,1.0,8.0,tt3468290
Fargo,1,2014-06-10,1.902,0.64,tt2802850,9,1.0,9.0,tt3599898
Fargo,1,2014-06-17,1.980,0.61,tt2802850,10,1.0,10.0,tt3599918
Fargo,2,2015-10-12,1.588,0.48,tt2802850,1,2.0,1.0,tt3836974
Fargo,2,2015-10-19,0.962,0.27,tt2802850,2,2.0,2.0,tt4001064
Fargo,2,2015-10-26,1.209,0.42,tt2802850,3,2.0,3.0,tt4001074
Fargo,2,2015-11-02,1.282,0.36,tt2802850,4,2.0,4.0,tt4001070
Fargo,2,2015-11-09,1.126,0.31,tt2802850,5,2.0,5.0,tt4001084
Fargo,2,2015-11-16,1.152,0.32,tt2802850,6,2.0,6.0,tt4001082
Fargo,2,2015-11-23,1.237,0.33,tt2802850,7,2.0,7.0,tt4001092
Fargo,2,2015-11-30,1.316,0.35,tt2802850,8,2.0,8.0,tt4001088
Fargo,2,2015-12-07,1.310,0.37,tt2802850,9,2.0,9.0,tt4001090
Fargo,2,2015-12-14,1.821,0.49,tt2802850,10,2.0,10.0,tt3886622
Fargo,3,2017-04-19,1.422,0.40,tt2802850,1,3.0,1.0,tt5223488
Fargo,3,2017-04-26,1.061,0.32,tt2802850,2,3.0,2.0,tt5273758
Fargo,3,,1.169,0.36,tt2802850,3,3.0,3.0,tt5273760
Fargo,3,,1.046,0.30,tt2802850,4,3.0,4.0,tt5273762
Fargo,3,,0.977,0.26,tt2802850,5,3.0,5.0,tt5273774
Fargo,3,,1.041,0.24,tt2802850,6,3.0,6.0,tt5273764
Fargo,3,,1.032,0.27,tt2802850,7,3.0,7.0,tt5273770
Fargo,3,2017-06-07,1.144,0.28,tt2802850,8,3.0,8.0,tt5273772
Fargo,3,2017-06-14,1.190,0.29,tt2802850,9,3.0,9.0,tt5273778
Fargo,3,2017-06-21,1.218,0.34,tt2802850,10,3.0,10.0,tt5273780
Rellik,1,2018-04-13,0.058,0.01,tt6768146,1,1.0,1.0,tt6804958
Rellik,1,2018-04-20,0.088,0.02,tt6768146,2,1.0,2.0,tt6782754
Rellik,1,2018-04-27,0.052,0.01,tt6768146,3,1.0,3.0,tt6804972
Rellik,1,,0.055,0.01,tt6768146,4,1.0,4.0,tt6804978
Rellik,1,,0.062,0.01,tt6768146,5,1.0,5.0,tt6804982
Rellik,1,,0.064,0.01,tt6768146,6,1.0,6.0,tt6804984
Trackers,1,2020-06-05,0.038,0.00,tt9074360,1,1.0,1.0,tt10409996
Trackers,1,2020-06-12,0.011,0.00,tt9074360,2,1.0,2.0,tt10459548
Trackers,1,2020-06-19,0.055,0.01,tt9074360,3,1.0,3.0,tt10459570
Trackers,1,2020-06-26,0.061,0.01,tt9074360,4,1.0,4.0,tt10459576
Trackers,1,2020-07-03,0.040,0.01,tt9074360,5,1.0,5.0,tt10459582
Trackers,1,2020-07-10,0.048,0.01,tt9074360,6,1.0,6.0,tt15001218
Lopez,1,,1.320,0.40,tt14852960,1,1.0,1.0,tt19393700
Lopez,1,2016-04-06,0.490,0.15,tt14852960,2,1.0,2.0,tt23113020
Lopez,1,2016-04-13,0.437,0.13,tt14852960,3,1.0,3.0,tt23181788
Lopez,1,2016-04-20,0.460,0.10,tt14852960,4,1.0,4.0,tt23745930
Lopez,1,2016-04-27,0.427,0.13,tt14852960,5,1.0,5.0,tt23804028
Lopez,1,,0.456,0.13,tt14852960,6,1.0,6.0,tt23804046
Lopez,1,,0.389,0.10,tt14852960,7,1.0,7.0,tt23804058
Lopez,1,,0.442,0.13,tt14852960,8,1.0,8.0,tt23942648
Lopez,1,,0.389,0.11,tt14852960,9,1.0,9.0,tt23942650
Lopez,1,2016-06-01,0.436,0.13,tt14852960,10,1.0,10.0,tt23942652
Lopez,1,2016-06-15,0.402,0.12,tt14852960,11,1.0,11.0,tt23942654
Lopez,1,2016-06-22,0.386,0.07,tt14852960,12,1.0,12.0,tt23942656
Lopez,2,2017-03-29,0.370,0.10,tt14852960,1,2.0,1.0,tt27739839
Lopez,2,2017-04-05,0.353,0.09,tt14852960,2,2.0,2.0,tt31852030
Lopez,2,2017-04-12,0.305,0.08,tt14852960,3,2.0,3.0,tt31948990
Lopez,2,2017-04-19,0.373,0.07,tt14852960,4,2.0,4.0,tt31948994
Lopez,2,2017-04-26,0.278,0.07,tt14852960,5,2.0,5.0,tt31949002
Lopez,2,,0.302,0.08,tt14852960,6,2.0,6.0,tt31949000
Lopez,2,,0.353,0.10,tt14852960,7,2.0,7.0,tt31949009
Lopez,2,,0.261,0.06,tt14852960,8,2.0,8.0,tt31949014
Lopez,2,,0.323,0.08,tt14852960,9,2.0,9.0,tt31949022
Lopez,2,,0.319,0.07,tt14852960,10,2.0,10.0,tt31949026
Lopez,2,2017-06-14,0.276,0.06,tt14852960,11,,,
Lopez,2,2017-06-21,0.311,0.06,tt14852960,12,,,
Rome,1,2005-08-28,3.808,2.4,tt0384766,1,1.0,1.0,tt0688358
Rome,1,,3.034,1.9,tt0384766,2,1.0,2.0,tt0688352
Rome,1,,2.584,1.6,tt0384766,3,1.0,3.0,tt0688349
Rome,1,,2.527,1.6,tt0384766,4,1.0,4.0,tt0688354
Rome,1,,2.286,1.4,tt0384766,5,1.0,5.0,tt0688356
Rome,1,2005-10-02,2.060,1.4,tt0384766,6,1.0,6.0,tt0688351
Rome,1,2005-10-09,2.430,1.4,tt0384766,7,1.0,7.0,tt0688353
Rome,1,2005-10-16,2.456,1.6,tt0384766,8,1.0,8.0,tt0688350
Rome,1,2005-10-30,2.748,1.8,tt0384766,9,1.0,9.0,tt0688360
Rome,1,2005-11-06,2.225,1.4,tt0384766,10,1.0,10.0,tt0688359
Rome,1,2005-11-13,2.210,1.4,tt0384766,11,1.0,11.0,tt0688357
Rome,1,2005-11-20,2.592,1.7,tt0384766,12,1.0,12.0,tt0688355
Rome,2,2007-01-14,1.537,0.6,tt0384766,1,2.0,1.0,tt0854006
Rome,2,2007-01-21,2.066,0.9,tt0384766,2,2.0,2.0,tt0901369
Rome,2,2007-01-28,2.389,1.0,tt0384766,3,2.0,3.0,tt0901371
Rome,2,2007-02-04,1.543,0.6,tt0384766,4,2.0,4.0,tt0901370
Rome,2,2007-02-11,1.993,0.7,tt0384766,5,2.0,5.0,tt0901368
Rome,2,2007-02-18,2.176,0.9,tt0384766,6,2.0,6.0,tt0836442
Rome,2,2007-03-04,1.996,0.8,tt0384766,7,2.0,7.0,tt0901366
Rome,2,2007-03-11,1.844,0.7,tt0384766,8,2.0,8.0,tt0901364
Rome,2,2007-03-18,2.419,1.0,tt0384766,9,2.0,9.0,tt0901367
Rome,2,2007-03-25,2.376,1.0,tt0384766,10,2.0,10.0,tt0901365
Graceland,1,2013-06-06,3.317,0.8,tt2393813,1,1.0,1.0,tt2402098
Graceland,1,2013-06-13,2.774,0.8,tt2393813,2,1.0,2.0,tt2516714
Graceland,1,2013-06-20,2.265,0.7,tt2393813,3,1.0,3.0,tt2545780
Graceland,1,2013-06-27,2.327,0.7,tt2393813,4,1.0,4.0,tt2557374
Graceland,1,2013-07-11,1.878,0.8,tt2393813,5,1.0,5.0,tt2651830
Graceland,1,2013-07-18,1.895,0.7,tt2393813,6,1.0,6.0,tt2632520
Graceland,1,2013-07-25,2.019,0.8,tt2393813,7,1.0,7.0,tt3007148
Graceland,1,2013-08-08,2.222,0.8,tt2393813,8,1.0,8.0,tt2702658
Graceland,1,2013-08-15,2.014,0.7,tt2393813,9,1.0,9.0,tt2670742
Graceland,1,2013-08-22,2.177,0.8,tt2393813,10,1.0,10.0,tt2706844
Graceland,1,,1.901,0.7,tt2393813,11,1.0,11.0,tt2726840
Graceland,1,,2.053,0.6,tt2393813,12,1.0,12.0,tt3007106
Graceland,2,2014-06-11,1.563,0.57,tt2393813,1,2.0,1.0,tt3179948
Graceland,2,2014-06-18,1.394,0.51,tt2393813,2,2.0,2.0,tt3589536
Graceland,2,2014-06-25,1.270,0.51,tt2393813,3,2.0,3.0,tt3812020
Graceland,2,2014-07-09,1.162,0.49,tt2393813,4,2.0,4.0,tt3604128
Graceland,2,2014-07-16,1.037,0.4,tt2393813,5,2.0,5.0,tt3847542
Graceland,2,2014-07-23,1.464,0.5,tt2393813,6,2.0,6.0,tt3748396
Graceland,2,2014-07-30,1.204,0.5,tt2393813,7,2.0,7.0,tt3672972
Graceland,2,2014-08-06,1.164,0.46,tt2393813,8,2.0,8.0,tt3812616
Graceland,2,2014-08-13,1.266,0.42,tt2393813,9,2.0,9.0,tt3839806
Graceland,2,2014-08-20,1.061,0.38,tt2393813,10,2.0,10.0,tt3731410
Graceland,2,2014-08-27,1.276,0.40,tt2393813,11,2.0,11.0,tt3839814
Graceland,2,,1.144,0.45,tt2393813,12,2.0,12.0,tt3770822
Graceland,2,,1.234,0.46,tt2393813,13,2.0,13.0,tt3839820
Graceland,3,2015-06-25,1.006,0.35,tt2393813,1,3.0,1.0,tt4381450
Graceland,3,2015-07-02,0.992,0.32,tt2393813,2,3.0,2.0,tt4712724
Graceland,3,2015-07-09,0.919,0.33,tt2393813,3,3.0,3.0,tt4575906
Graceland,3,2015-07-16,0.815,0.32,tt2393813,4,3.0,4.0,tt4831106
Graceland,3,2015-07-23,0.738,0.27,tt2393813,5,3.0,5.0,tt4624770
Graceland,3,2015-07-30,0.761,0.26,tt2393813,6,3.0,6.0,tt4673982
Graceland,3,2015-08-06,0.639,0.21,tt2393813,7,3.0,7.0,tt4786076
Graceland,3,2015-08-13,0.745,0.25,tt2393813,8,3.0,8.0,tt4695732
Graceland,3,2015-08-20,0.961,0.31,tt2393813,9,3.0,9.0,tt4719506
Graceland,3,2015-08-27,0.906,0.30,tt2393813,10,3.0,10.0,tt4718382
Graceland,3,,0.810,0.25,tt2393813,11,3.0,11.0,tt4794476
Graceland,3,,0.815,0.22,tt2393813,12,3.0,12.0,tt4824180
Graceland,3,,0.913,0.33,tt2393813,13,3.0,13.0,tt4901676
The Pillars of the Earth,1,,0.423,0.1,tt1453159,1,1.0,1.0,tt1526716
The Pillars of the Earth,1,2010-07-30,0.298,0.1,tt1453159,2,1.0,2.0,tt1526717
The Pillars of the Earth,1,2010-08-06,0.361,-,tt1453159,3,1.0,3.0,tt1526718
The Pillars of the Earth,1,,0.364,-,tt1453159,4,1.0,4.0,tt1526719
The Pillars of the Earth,1,2010-08-20,0.432,0.2,tt1453159,5,1.0,5.0,tt1526720
The Pillars of the Earth,1,2010-08-27,0.607,0.2,tt1453159,6,1.0,6.0,tt1526721
The Chair,1,,0.108,0.03,tt11834150,1,1.0,1.0,tt11834166
The Chair,1,,0.161,0.02,tt11834150,2,1.0,2.0,tt11834174
The Chair,1,,0.132,0.02,tt11834150,3,1.0,3.0,tt11834176
The Chair,1,,0.087,0.02,tt11834150,4,1.0,4.0,tt11834178
The Chair,1,2014-10-04,0.036,0.01,tt11834150,5,1.0,5.0,tt11834182
The Chair,1,2014-10-11,0.050,0.03,tt11834150,6,1.0,6.0,tt11834184
The Chair,1,2014-10-18,0.086,0.05,tt11834150,7,,,
The Chair,1,2014-10-25,0.033,0.02,tt11834150,8,,,
The Chair,1,2014-11-01,0.034,0.02,tt11834150,9,,,
The Chair,1,2014-11-08,0.012,0.004,tt11834150,10,,,
Stitchers,1,2015-06-02,1.280,0.53,tt3868848,1,1.0,1.0,tt3879198
Stitchers,1,2015-06-09,0.983,0.36,tt3868848,2,1.0,2.0,tt4428454
Stitchers,1,2015-06-16,0.922,0.36,tt3868848,3,1.0,3.0,tt4460338
Stitchers,1,2015-06-23,0.905,0.38,tt3868848,4,1.0,4.0,tt4460340
Stitchers,1,2015-06-30,0.799,0.32,tt3868848,5,1.0,5.0,tt4526980
Stitchers,1,2015-07-07,0.711,0.30,tt3868848,6,1.0,6.0,tt4548878
Stitchers,1,2015-07-14,0.636,0.27,tt3868848,7,1.0,7.0,tt4519520
Stitchers,1,2015-07-21,0.684,0.23,tt3868848,8,1.0,8.0,tt4575932
Stitchers,1,2015-07-28,0.842,0.36,tt3868848,9,1.0,9.0,tt4591028
Stitchers,1,2015-08-04,0.805,0.33,tt3868848,10,1.0,10.0,tt4625014
Stitchers,1,2015-10-20,0.491,0.20,tt3868848,11,1.0,11.0,tt4658284
Stitchers,2,2016-03-22,0.433,0.17,tt3868848,1,2.0,1.0,tt5194896
Stitchers,2,2016-03-29,0.459,0.18,tt3868848,2,2.0,2.0,tt5194902
Stitchers,2,2016-04-05,0.343,0.11,tt3868848,3,2.0,3.0,tt5242074
Stitchers,2,2016-04-12,0.394,0.16,tt3868848,4,2.0,4.0,tt5247066
Stitchers,2,2016-04-19,0.376,0.15,tt3868848,5,2.0,5.0,tt5244226
Stitchers,2,2016-04-26,0.367,0.13,tt3868848,6,2.0,6.0,tt5249220
Stitchers,2,,0.356,0.13,tt3868848,7,2.0,7.0,tt5431418
Stitchers,2,,0.392,0.15,tt3868848,8,2.0,8.0,tt5434608
Stitchers,2,,0.374,0.15,tt3868848,9,2.0,9.0,tt5358508
Stitchers,2,,0.380,0.15,tt3868848,10,2.0,10.0,tt5424834
Stitchers,3,2017-06-05,0.475,0.18,tt3868848,1,3.0,1.0,tt6139754
Stitchers,3,2017-06-12,0.363,0.10,tt3868848,2,3.0,2.0,tt6559058
Stitchers,3,2017-06-19,0.333,0.13,tt3868848,3,3.0,3.0,tt6559064
Stitchers,3,2017-06-26,0.385,0.14,tt3868848,4,3.0,4.0,tt6559068
Stitchers,3,2017-07-10,0.295,0.11,tt3868848,5,3.0,5.0,tt6612198
Stitchers,3,2017-07-17,0.349,0.12,tt3868848,6,3.0,6.0,tt6733672
Stitchers,3,2017-07-24,0.335,0.12,tt3868848,7,3.0,7.0,tt6901208
Stitchers,3,2017-07-31,0.401,0.13,tt3868848,8,3.0,8.0,tt6920962
Stitchers,3,2017-08-07,0.350,0.13,tt3868848,9,3.0,9.0,tt7069090
Stitchers,3,2017-08-14,0.364,0.13,tt3868848,10,3.0,10.0,tt7198982
K Street,1,,2.995,2.1,tt0364822,1,1.0,1.0,tt0618302
K Street,1,,2.246,1.6,tt0364822,2,1.0,2.0,tt0618304
K Street,1,,1.975,1.4,tt0364822,3,1.0,3.0,tt0618305
K Street,1,2003-10-05,1.834,1.3,tt0364822,4,1.0,4.0,tt0618306
K Street,1,2003-10-12,1.876,1.4,tt0364822,5,1.0,5.0,tt0618307
K Street,1,2003-10-19,1.913,1.3,tt0364822,6,1.0,6.0,tt0618308
K Street,1,2003-10-26,2.239,1.5,tt0364822,7,1.0,7.0,tt0618309
K Street,1,2003-11-02,1.765,1.2,tt0364822,8,1.0,8.0,tt0618310
K Street,1,2003-11-09,1.705,1.3,tt0364822,9,1.0,9.0,tt0618311
K Street,1,2003-11-16,1.536,1.1,tt0364822,10,1.0,10.0,tt0618303
Caprica,1,2010-01-22,1.602,0.4/1,tt0799862,1,1.0,1.0,tt1387739
Caprica,1,2010-01-29,1.411,0.5/1,tt0799862,2,1.0,2.0,tt1444841
Caprica,1,2010-02-05,1.128,0.4/1,tt0799862,3,1.0,3.0,tt1480345
Caprica,1,2010-02-19,0.976,0.4/1,tt0799862,4,1.0,4.0,tt1484568
Caprica,1,2010-02-26,1.127,0.4/1,tt0799862,5,1.0,5.0,tt1484569
Caprica,1,2010-03-05,1.155,0.5/1,tt0799862,6,1.0,6.0,tt1484570
Caprica,1,2010-03-12,1.071,0.4/1,tt0799862,7,1.0,7.0,tt1484571
Caprica,1,2010-03-19,1.229,0.4/1,tt0799862,8,1.0,8.0,tt1484572
Caprica,1,2010-03-26,1.103,0.5/2,tt0799862,9,1.0,9.0,tt1484573
Caprica,1,2010-10-05,0.889,0.4/1,tt0799862,10,1.0,10.0,tt1484574
Caprica,1,2010-10-12,0.840,0.3/1,tt0799862,11,1.0,11.0,tt1484567
Caprica,1,2010-10-19,0.718,0.3/1,tt0799862,12,1.0,12.0,tt1573654
Caprica,1,2010-10-26,0.843,0.3/1,tt0799862,13,1.0,13.0,tt1597788
Caprica,1,2011-01-04,0.528,-,tt0799862,14,1.0,14.0,tt1597789
Caprica,1,2011-01-04,0.671,-,tt0799862,15,1.0,15.0,tt1600949
Caprica,1,2011-01-04,0.703,0.3/1,tt0799862,16,1.0,16.0,tt1609527
Caprica,1,2011-01-04,0.618,0.2/1,tt0799862,17,1.0,17.0,tt1609528
Caprica,1,2011-01-04,0.782,0.3/1,tt0799862,18,1.0,18.0,tt1646334
Taboo,1,2017-01-10,1.839,0.63,tt3647998,1,1.0,1.0,tt4700596
Taboo,1,2017-01-17,1.122,0.43,tt3647998,2,1.0,2.0,tt4700604
Taboo,1,2017-01-24,1.083,0.42,tt3647998,3,1.0,3.0,tt4701640
Taboo,1,2017-01-31,1.269,0.50,tt3647998,4,1.0,4.0,tt4700678
Taboo,1,2017-02-07,1.069,0.34,tt3647998,5,1.0,5.0,tt4700680
Taboo,1,2017-02-14,1.123,0.41,tt3647998,6,1.0,6.0,tt4700682
Taboo,1,2017-02-21,1.034,0.35,tt3647998,7,1.0,7.0,tt4700686
Taboo,1,2017-02-28,1.021,0.38,tt3647998,8,1.0,8.0,tt4700598
Blood Drive,1,2017-06-14,0.834,0.24,tt4898282,1,1.0,1.0,tt5578746
Blood Drive,1,2017-06-21,0.627,0.18,tt4898282,2,1.0,2.0,tt5577466
Blood Drive,1,2017-06-28,0.444,0.13,tt4898282,3,1.0,3.0,tt5577472
Blood Drive,1,2017-07-05,0.490,0.13,tt4898282,4,1.0,4.0,tt5577476
Blood Drive,1,2017-07-12,0.454,0.14,tt4898282,5,1.0,5.0,tt5577480
Blood Drive,1,2017-07-19,0.436,0.13,tt4898282,6,1.0,6.0,tt5577484
Blood Drive,1,2017-07-26,0.380,0.11,tt4898282,7,1.0,7.0,tt5577482
Blood Drive,1,2017-08-02,0.498,0.15,tt4898282,8,1.0,8.0,tt5577486
Blood Drive,1,2017-08-09,0.334,0.11,tt4898282,9,1.0,9.0,tt5577454
Blood Drive,1,2017-08-16,0.343,0.10,tt4898282,10,1.0,10.0,tt5577458
Blood Drive,1,2017-08-23,0.377,0.09,tt4898282,11,1.0,11.0,tt5577488
Blood Drive,1,2017-08-30,0.364,0.12,tt4898282,12,1.0,12.0,tt5577460
Blood Drive,1,,0.364,0.11,tt4898282,13,1.0,13.0,tt5577464
10 Things I Hate About You,1,2009-07-07,1.642,0.6,tt1321805,1,1.0,1.0,tt1450774
10 Things I Hate About You,1,2009-07-14,1.137,0.4,tt1321805,2,1.0,2.0,tt1450767
10 Things I Hate About You,1,2009-07-21,1.589,0.5,tt1321805,3,1.0,3.0,tt1448779
10 Things I Hate About You,1,2009-07-28,1.824,0.6,tt1321805,4,1.0,4.0,tt1450768
10 Things I Hate About You,1,2009-08-04,1.115,0.3,tt1321805,5,1.0,5.0,tt1450769
10 Things I Hate About You,1,2009-08-11,1.165,0.4,tt1321805,6,1.0,6.0,tt1450770
10 Things I Hate About You,1,2009-08-18,1.229,0.4,tt1321805,7,1.0,7.0,tt1450771
10 Things I Hate About You,1,2009-08-25,1.146,0.4,tt1321805,8,1.0,8.0,tt1450772
10 Things I Hate About You,1,,1.214,0.4,tt1321805,9,1.0,9.0,tt1450773
10 Things I Hate About You,1,,1.209,0.4,tt1321805,10,1.0,10.0,tt1450766
10 Things I Hate About You,1,2010-03-29,1.452,0.4,tt1321805,11,1.0,11.0,tt1605806
10 Things I Hate About You,1,2010-04-05,0.978,0.3,tt1321805,12,1.0,12.0,tt1610533
10 Things I Hate About You,1,2010-04-12,0.751,0.3,tt1321805,13,1.0,13.0,tt1610534
10 Things I Hate About You,1,2010-04-19,0.832,0.3,tt1321805,14,1.0,14.0,tt1610535
10 Things I Hate About You,1,2010-04-26,0.888,0.3,tt1321805,15,1.0,15.0,tt1605807
10 Things I Hate About You,1,,0.764,0.2,tt1321805,16,1.0,16.0,tt1610536
10 Things I Hate About You,1,,0.646,0.2,tt1321805,17,1.0,17.0,tt1611227
10 Things I Hate About You,1,,0.798,0.3,tt1321805,18,1.0,18.0,tt1589631
10 Things I Hate About You,1,,0.760,0.3,tt1321805,19,1.0,19.0,tt1562481
10 Things I Hate About You,1,,0.745,0.2,tt1321805,20,1.0,20.0,tt1642671
The League,1,2009-10-29,0.994,0.6/2,tt1480684,1,1.0,1.0,tt1538757
The League,1,2009-11-05,1.414,0.9/3,tt1480684,2,1.0,2.0,tt1539459
The League,1,2009-11-12,1.025,0.6/2,tt1480684,3,1.0,3.0,tt1548496
The League,1,2009-11-19,0.859,0.5/1,tt1480684,4,1.0,4.0,tt1548707
The League,1,2009-12-03,1.053,0.7/2,tt1480684,5,1.0,5.0,tt1553774
The League,1,2009-12-10,1.203,0.7/2,tt1480684,6,1.0,6.0,tt1564715
The League,2,,1.714,1.1/3,tt1480684,1,2.0,1.0,tt1722361
The League,2,,1.046,0.6/2,tt1480684,2,2.0,2.0,tt1724893
The League,2,,0.899,0.6/2,tt1480684,3,2.0,3.0,tt1724894
The League,2,2010-10-07,0.822,0.5/2,tt1480684,4,2.0,4.0,tt1739862
The League,2,2010-10-14,0.856,0.6/2,tt1480684,5,2.0,5.0,tt1741027
The League,2,2010-10-21,0.616,0.4/1,tt1480684,6,2.0,6.0,tt1725734
The League,2,2010-10-28,0.668,0.4/1,tt1480684,7,2.0,7.0,tt1741028
The League,2,2010-11-04,1.012,0.6/2,tt1480684,8,2.0,8.0,tt1741029
The League,2,2010-11-11,1.000,0.7/2,tt1480684,9,2.0,9.0,tt1720596
The League,2,2010-11-18,1.043,0.6/2,tt1480684,10,2.0,10.0,tt1768449
The League,2,2010-12-02,0.982,0.6/2,tt1480684,11,2.0,11.0,tt1789592
The League,2,2010-12-09,1.046,0.6/2,tt1480684,12,2.0,12.0,tt1794602
The League,2,2010-12-09,1.714,1.1/3,tt1480684,13,2.0,13.0,tt1800188
The League,3,2011-10-06,1.292,0.9,tt1480684,1,3.0,1.0,tt2022176
The League,3,2011-10-13,0.947,0.6,tt1480684,2,3.0,2.0,tt2071288
The League,3,2011-10-20,1.045,0.7,tt1480684,3,3.0,3.0,tt2071962
The League,3,2011-10-27,0.907,0.6,tt1480684,4,3.0,4.0,tt2073430
The League,3,2011-11-03,1.173,0.7,tt1480684,5,3.0,5.0,tt2050341
The League,3,2011-11-10,0.872,0.5,tt1480684,6,3.0,6.0,tt2097753
The League,3,2011-11-17,0.857,0.6,tt1480684,7,3.0,7.0,tt2096244
The League,3,2011-12-01,1.010,0.7,tt1480684,8,3.0,8.0,tt2096245
The League,3,2011-12-08,1.032,0.7,tt1480684,9,3.0,9.0,tt2108322
The League,3,2011-12-15,1.009,0.7,tt1480684,10,3.0,10.0,tt2113503
The League,3,2011-12-22,0.980,0.6,tt1480684,11,3.0,11.0,tt2119261
The League,3,2011-12-22,0.889,0.5,tt1480684,12,3.0,12.0,tt2131369
The League,4,2012-10-11,0.907,0.6,tt1480684,1,4.0,1.0,tt2381270
The League,4,2012-10-18,0.935,0.6,tt1480684,2,4.0,2.0,tt2381268
The League,4,2012-10-25,0.759,0.5,tt1480684,3,4.0,3.0,tt2381272
The League,4,2012-11-01,0.860,0.6,tt1480684,4,4.0,4.0,tt2381274
The League,4,2012-11-08,0.831,0.5,tt1480684,5,4.0,5.0,tt2381276
The League,4,2012-11-15,0.773,0.5,tt1480684,6,4.0,6.0,tt2381278
The League,4,2012-11-29,0.870,0.6,tt1480684,7,4.0,7.0,tt2397166
The League,4,2012-12-06,0.726,0.4,tt1480684,8,4.0,8.0,tt2400302
The League,4,2012-12-13,0.722,0.4,tt1480684,9,4.0,9.0,tt2480278
The League,4,2012-12-20,0.816,0.5,tt1480684,10,4.0,10.0,tt2480274
The League,5,,0.786,0.5,tt1480684,1,5.0,1.0,tt3122930
The League,5,,0.595,0.4,tt1480684,2,5.0,2.0,tt3122932
The League,5,,0.502,0.35,tt1480684,3,5.0,3.0,tt3131056
The League,5,,0.445,0.3,tt1480684,4,5.0,4.0,tt3146060
The League,5,2013-10-02,0.424,0.30,tt1480684,5,5.0,5.0,tt3155920
The League,5,2013-10-09,0.415,0.30,tt1480684,6,5.0,6.0,tt3180184
The League,5,2013-10-16,0.523,0.38,tt1480684,7,5.0,7.0,tt3198438
The League,5,2013-10-23,0.420,0.31,tt1480684,8,5.0,8.0,tt3201562
The League,5,2013-10-30,0.363,0.25,tt1480684,9,5.0,9.0,tt3227004
The League,5,2013-11-06,0.477,0.33,tt1480684,10,5.0,10.0,tt3207386
The League,5,2013-11-13,0.509,0.30,tt1480684,11,5.0,11.0,tt3264246
The League,5,2013-11-20,0.411,0.3,tt1480684,12,5.0,12.0,tt3280032
The League,5,2013-11-20,0.368,0.3,tt1480684,13,5.0,13.0,tt3289632
The League,6,,0.604,0.41,tt1480684,1,6.0,1.0,tt3954610
The League,6,,0.491,0.36,tt1480684,2,6.0,2.0,tt3995288
The League,6,,0.572,0.41,tt1480684,3,6.0,3.0,tt4015440
The League,6,,0.539,0.40,tt1480684,4,6.0,4.0,tt4056654
The League,6,2014-10-01,0.485,0.36,tt1480684,5,6.0,5.0,tt4006754
The League,6,2014-10-08,0.399,0.27,tt1480684,6,6.0,6.0,tt4066660
The League,6,2014-10-15,0.461,0.30,tt1480684,7,6.0,7.0,tt4074448
The League,6,2014-10-22,0.331,0.25,tt1480684,8,6.0,8.0,tt4074450
The League,6,2014-10-29,0.401,0.24,tt1480684,9,6.0,9.0,tt4113026
The League,6,2014-11-05,0.366,0.25,tt1480684,10,6.0,10.0,tt4113030
The League,6,2014-11-12,0.365,0.24,tt1480684,11,6.0,11.0,tt4161910
The League,6,2014-11-19,0.323,0.19,tt1480684,12,6.0,12.0,tt4166884
The League,6,2014-11-19,0.276,0.19,tt1480684,13,6.0,13.0,tt4166890
The League,7,,0.720,0.49,tt1480684,1,7.0,1.0,tt4342800
The League,7,,0.382,0.27,tt1480684,2,7.0,2.0,tt4540546
The League,7,,0.547,0.37,tt1480684,3,7.0,3.0,tt4568152
The League,7,,0.634,0.39,tt1480684,4,7.0,4.0,tt4637838
The League,7,2015-10-07,0.368,0.25,tt1480684,5,7.0,5.0,tt4643624
The League,7,2015-10-14,0.440,0.28,tt1480684,6,7.0,6.0,tt4694472
The League,7,2015-10-21,0.329,0.21,tt1480684,7,7.0,7.0,tt4706468
The League,7,2015-10-28,0.405,0.24,tt1480684,8,7.0,8.0,tt4706460
The League,7,2015-11-04,0.452,0.30,tt1480684,9,7.0,9.0,tt4706464
The League,7,2015-11-11,0.337,0.23,tt1480684,10,7.0,10.0,tt4694476
The League,7,2015-11-18,0.373,0.24,tt1480684,11,7.0,11.0,tt4568154
The League,7,2015-12-02,0.406,0.25,tt1480684,12,7.0,12.0,tt4547182
The League,7,2015-12-09,0.456,0.27,tt1480684,13,7.0,13.0,tt4386434
Tales from the Tour Bus,1,,0.068,0.02,tt7212136,1,,,
Tales from the Tour Bus,1,,0.069,0.02,tt7212136,2,,,
Tales from the Tour Bus,1,2017-10-06,0.055,0.02,tt7212136,3,,,
Tales from the Tour Bus,1,2017-10-13,0.071,0.03,tt7212136,4,,,
Tales from the Tour Bus,1,2017-10-20,0.061,0.01,tt7212136,5,,,
Tales from the Tour Bus,1,2017-10-27,0.125,0.04,tt7212136,6,,,
Tales from the Tour Bus,1,2017-11-03,0.105,0.04,tt7212136,7,,,
Tales from the Tour Bus,1,2017-11-10,0.045,0.02,tt7212136,8,,,
Tales from the Tour Bus,2,2018-11-02,0.031,0.01,tt7212136,1,,,
Tales from the Tour Bus,2,2018-11-09,0.076,0.03,tt7212136,2,,,
Tales from the Tour Bus,2,2018-11-16,0.047,0.02,tt7212136,3,,,
Tales from the Tour Bus,2,2018-11-23,0.086,0.03,tt7212136,4,,,
Tales from the Tour Bus,2,2018-11-30,0.094,0.03,tt7212136,5,,,
Tales from the Tour Bus,2,2018-12-07,0.040,0.01,tt7212136,6,,,
Tales from the Tour Bus,2,2018-12-14,0.055,0.01,tt7212136,7,,,
Tales from the Tour Bus,2,2018-12-21,0.040,0.02,tt7212136,8,,,
Top Chef,1,2006-03-08,1.285,0.7,tt0765425,1,1.0,1.0,tt0788834
Top Chef,1,2006-03-15,0.701,0.4,tt0765425,2,1.0,2.0,tt0788831
Top Chef,1,2006-03-22,0.720,0.4,tt0765425,3,1.0,3.0,tt0788833
Top Chef,1,2006-03-29,0.860,0.5,tt0765425,4,1.0,4.0,tt0788832
Top Chef,1,2006-04-05,0.995,0.5,tt0765425,5,1.0,5.0,tt0788830
Top Chef,1,2006-04-12,1.084,0.5,tt0765425,6,1.0,6.0,tt0832148
Top Chef,1,2006-04-19,1.245,0.7,tt0765425,7,1.0,7.0,tt0792838
Top Chef,1,2006-04-26,1.332,0.7,tt0765425,8,1.0,8.0,tt0914778
Top Chef,1,,1.678,0.9,tt0765425,9,1.0,9.0,tt0914776
Top Chef,1,,1.092,0.6,tt0765425,10,1.0,10.0,tt0820327
Top Chef,1,,1.452,0.8,tt0765425,11,1.0,11.0,tt0914773
Top Chef,1,,1.515,0.8,tt0765425,12,1.0,12.0,tt2546128
Top Chef,2,2006-10-18,1.872,1.0,tt0765425,1,2.0,1.0,tt0880378
Top Chef,2,2006-10-25,1.277,0.7,tt0765425,2,2.0,2.0,tt0880377
Top Chef,2,2006-11-01,1.368,0.7,tt0765425,3,2.0,3.0,tt0906531
Top Chef,2,2006-11-08,1.672,0.9,tt0765425,4,2.0,4.0,tt0906532
Top Chef,2,2006-11-15,1.712,1.0,tt0765425,5,2.0,5.0,tt0906533
Top Chef,2,2006-11-22,1.633,0.8,tt0765425,6,2.0,6.0,tt0906534
Top Chef,2,2006-12-06,1.757,0.9,tt0765425,7,2.0,7.0,tt0914777
Top Chef,2,2006-12-13,1.631,0.9,tt0765425,8,2.0,8.0,tt0914775
Top Chef,2,2007-01-03,2.214,1.2,tt0765425,9,2.0,9.0,tt0934334
Top Chef,2,2007-01-10,2.637,1.4,tt0765425,10,2.0,10.0,tt0942216
Top Chef,2,2007-01-17,2.810,1.6,tt0765425,11,2.0,11.0,tt0947600
Top Chef,2,2007-01-24,2.602,1.5,tt0765425,12,2.0,12.0,tt0952429
Top Chef,2,2007-01-31,3.896,2.2,tt0765425,13,2.0,13.0,tt0914774
Top Chef,3,2007-06-06,1.315,0.6,tt0765425,1,3.0,1.0,tt1023820
Top Chef,3,2007-06-13,2.024,1.1,tt0765425,2,3.0,2.0,tt1023825
Top Chef,3,2007-06-20,1.985,1.0,tt0765425,3,3.0,3.0,tt1023826
Top Chef,3,2007-06-27,1.973,0.9,tt0765425,4,3.0,4.0,tt1023827
Top Chef,3,2007-07-11,2.063,1.0,tt0765425,5,3.0,5.0,tt1023828
Top Chef,3,2007-07-18,2.082,1.0,tt0765425,6,3.0,6.0,tt1023829
Top Chef,3,2007-07-25,1.381,0.7,tt0765425,7,3.0,7.0,tt1023830
Top Chef,3,2007-08-01,2.053,1.0,tt0765425,8,3.0,8.0,tt1023831
Top Chef,3,2007-08-08,2.055,1.1,tt0765425,9,3.0,9.0,tt1023832
Top Chef,3,2007-08-15,2.269,1.2,tt0765425,10,3.0,10.0,tt1023821
Top Chef,3,2007-08-22,2.415,1.2,tt0765425,11,3.0,11.0,tt1023822
Top Chef,3,,1.990,1.0,tt0765425,12,3.0,12.0,tt1023823
Top Chef,3,,2.311,1.1,tt0765425,13,3.0,13.0,tt1023824
Top Chef,3,,2.238,1.2,tt0765425,14,3.0,14.0,tt1103026
Top Chef,3,,2.124,1.1,tt0765425,15,3.0,15.0,tt1107171
Top Chef,3,2007-10-03,3.079,1.7,tt0765425,16,3.0,16.0,tt1107172
Top Chef,3,2007-10-10,1.142,0.6,tt0765425,17,3.0,17.0,tt4381346
Top Chef,3,,2.136,1.09,tt0765425,18,,,
Top Chef,4,2008-03-12,2.256,1.1,tt0765425,1,4.0,1.0,tt1070677
Top Chef,4,2008-03-19,2.168,1.1,tt0765425,2,4.0,2.0,tt1070682
Top Chef,4,2008-03-26,2.413,1.3,tt0765425,3,4.0,3.0,tt1070683
Top Chef,4,2008-04-02,2.297,1.2,tt0765425,4,4.0,4.0,tt1070684
Top Chef,4,2008-04-09,2.096,1.1,tt0765425,5,4.0,5.0,tt1070685
Top Chef,4,2008-04-16,2.584,1.4,tt0765425,6,4.0,6.0,tt1070686
Top Chef,4,2008-04-23,2.398,1.4,tt0765425,7,4.0,7.0,tt1070687
Top Chef,4,2008-04-30,2.417,1.2,tt0765425,8,4.0,8.0,tt1070688
Top Chef,4,,2.698,1.6,tt0765425,9,4.0,9.0,tt1070689
Top Chef,4,,2.661,1.4,tt0765425,10,4.0,10.0,tt1070678
Top Chef,4,,2.483,1.3,tt0765425,11,4.0,11.0,tt1070679
Top Chef,4,,2.690,1.5,tt0765425,12,4.0,12.0,tt1070680
Top Chef,4,2008-06-04,2.882,1.7,tt0765425,13,4.0,13.0,tt1070681
Top Chef,4,2008-06-11,3.540,2.0,tt0765425,14,4.0,14.0,tt1239172
Top Chef,4,2008-06-18,1.729,0.9,tt0765425,15,4.0,15.0,tt4652706
Top Chef,4,,2.542,1.38,tt0765425,16,,,
Top Chef,5,2008-11-12,2.695,1.4,tt0765425,1,5.0,1.0,tt1303588
Top Chef,5,2008-11-19,2.569,1.4,tt0765425,2,5.0,2.0,tt1303595
Top Chef,5,2008-11-26,2.031,1.0,tt0765425,3,5.0,3.0,tt1303596
Top Chef,5,2008-12-03,2.847,1.5,tt0765425,4,5.0,4.0,tt1303597
Top Chef,5,2008-12-10,3.021,1.7,tt0765425,5,5.0,5.0,tt1303598
Top Chef,5,2008-12-17,3.125,1.6,tt0765425,6,5.0,6.0,tt1303599
Top Chef,5,2009-01-07,2.933,1.6,tt0765425,7,5.0,7.0,tt1303600
Top Chef,5,2009-01-14,3.172,1.7,tt0765425,8,5.0,8.0,tt1303601
Top Chef,5,2009-01-21,2.679,1.5,tt0765425,9,5.0,9.0,tt1303602
Top Chef,5,2009-01-28,3.216,1.7,tt0765425,10,5.0,10.0,tt1303589
Top Chef,5,2009-02-04,3.234,1.8,tt0765425,11,5.0,11.0,tt1303590
Top Chef,5,2009-02-11,3.271,1.8,tt0765425,12,5.0,12.0,tt1303591
Top Chef,5,2009-02-18,3.627,1.9,tt0765425,13,5.0,13.0,tt1303592
Top Chef,5,2009-02-25,3.743,2.1,tt0765425,14,5.0,14.0,tt1303593
Top Chef,5,2009-03-04,1.904,1.0,tt0765425,15,5.0,15.0,tt3744908
Top Chef,5,,3.012,1.62,tt0765425,16,,,
Top Chef,6,2009-08-19,2.592,1.3,tt0765425,1,6.0,1.0,tt1484865
Top Chef,6,2009-08-26,2.769,1.5,tt0765425,2,6.0,2.0,tt1494563
Top Chef,6,,2.853,1.5,tt0765425,3,6.0,3.0,tt1501630
Top Chef,6,,2.792,1.4,tt0765425,4,6.0,4.0,tt1501631
Top Chef,6,,2.670,1.4,tt0765425,5,6.0,5.0,tt1507222
Top Chef,6,,2.844,1.5,tt0765425,6,6.0,6.0,tt1511297
Top Chef,6,2009-10-07,2.763,1.5,tt0765425,7,6.0,7.0,tt1516471
Top Chef,6,2009-10-14,2.668,1.4,tt0765425,8,6.0,8.0,tt1521620
Top Chef,6,2009-10-21,2.858,1.5,tt0765425,9,6.0,9.0,tt1529208
Top Chef,6,2009-10-28,3.043,1.7,tt0765425,10,6.0,10.0,tt1529207
Top Chef,6,2009-11-04,1.714,0.9,tt0765425,11,6.0,11.0,tt1541524
Top Chef,6,2009-11-11,3.020,1.7,tt0765425,12,6.0,12.0,tt1541523
Top Chef,6,2009-11-18,2.813,1.5,tt0765425,13,6.0,13.0,tt1552396
Top Chef,6,2009-12-02,3.000,1.5,tt0765425,14,6.0,14.0,tt1552397
Top Chef,6,2009-12-09,3.492,1.8,tt0765425,15,,,
Top Chef,6,2009-12-16,1.347,0.6,tt0765425,16,,,
Top Chef,6,,2.793,1.47,tt0765425,17,,,
Top Chef,7,2010-06-16,1.834,0.9,tt0765425,1,7.0,1.0,tt1655349
Top Chef,7,2010-06-23,2.196,1.1,tt0765425,2,7.0,2.0,tt1663591
Top Chef,7,2010-06-30,2.206,1.1,tt0765425,3,7.0,3.0,tt1663601
Top Chef,7,2010-07-07,2.584,1.2,tt0765425,4,7.0,4.0,tt1663596
Top Chef,7,2010-07-14,2.378,1.2,tt0765425,5,7.0,5.0,tt1663594
Top Chef,7,2010-07-21,2.072,1.1,tt0765425,6,7.0,6.0,tt1663593
Top Chef,7,2010-07-28,2.402,1.3,tt0765425,7,7.0,7.0,tt1663598
Top Chef,7,2010-08-04,2.462,1.2,tt0765425,8,7.0,8.0,tt1663595
Top Chef,7,2010-08-11,2.483,1.2,tt0765425,9,7.0,9.0,tt1663599
Top Chef,7,2010-08-18,2.570,1.2,tt0765425,10,7.0,10.0,tt1663592
Top Chef,7,2010-08-25,2.591,1.2,tt0765425,11,7.0,11.0,tt1663597
Top Chef,7,,2.568,1.3,tt0765425,12,7.0,12.0,tt1663600
Top Chef,7,,2.898,1.4,tt0765425,13,7.0,13.0,tt1720605
Top Chef,7,,2.695,1.4,tt0765425,14,7.0,14.0,tt1720606
Top Chef,7,,1.478,0.7,tt0765425,15,7.0,15.0,tt1730661
Top Chef,7,,2.424,1.20,tt0765425,16,,,
Top Chef,8,2010-12-01,1.659,0.8,tt0765425,1,8.0,1.0,tt1785236
Top Chef,8,2010-12-08,2.030,1.0,tt0765425,2,8.0,2.0,tt1785237
Top Chef,8,2010-12-15,1.978,1.1,tt0765425,3,8.0,3.0,tt1796362
Top Chef,8,2010-12-22,2.116,1.0,tt0765425,4,8.0,4.0,tt1796361
Top Chef,8,2011-01-05,2.464,1.3,tt0765425,5,8.0,5.0,tt1801015
Top Chef,8,2011-01-12,2.363,1.3,tt0765425,6,8.0,6.0,tt1812995
Top Chef,8,2011-01-19,2.334,1.2,tt0765425,7,8.0,7.0,tt1812994
Top Chef,8,2011-02-02,2.343,1.3,tt0765425,8,8.0,8.0,tt1823632
Top Chef,8,2011-02-09,2.231,1.2,tt0765425,9,8.0,9.0,tt1832847
Top Chef,8,2011-02-16,2.351,1.3,tt0765425,10,8.0,10.0,tt1832848
Top Chef,8,2011-02-23,2.610,1.4,tt0765425,11,8.0,11.0,tt1845176
Top Chef,8,2011-03-02,2.482,1.3,tt0765425,12,8.0,12.0,tt1845177
Top Chef,8,2011-03-09,2.439,1.2,tt0765425,13,8.0,13.0,tt1855930
Top Chef,8,2011-03-16,2.256,1.2,tt0765425,14,8.0,14.0,tt1855931
Top Chef,8,2011-03-23,2.376,1.3,tt0765425,15,8.0,15.0,tt1866846
Top Chef,8,2011-03-30,2.774,1.5,tt0765425,16,8.0,16.0,tt1866845
Top Chef,8,2011-04-06,1.678,0.9,tt0765425,17,8.0,17.0,tt1886341
Top Chef,8,,2.300,1.21,tt0765425,18,,,
Top Chef,9,2011-11-02,1.585,0.8,tt0765425,1,9.0,1.0,tt2103082
Top Chef,9,2011-11-09,1.637,0.8,tt0765425,2,9.0,2.0,tt2103084
Top Chef,9,2011-11-16,1.453,0.7,tt0765425,3,9.0,3.0,tt2103083
Top Chef,9,2011-11-23,1.671,0.7,tt0765425,4,9.0,4.0,tt2114239
Top Chef,9,2011-11-30,0.826,0.4,tt0765425,5,9.0,5.0,tt2114238
Top Chef,9,2011-12-07,1.695,0.8,tt0765425,6,9.0,6.0,tt2141451
Top Chef,9,2011-12-14,1.744,0.9,tt0765425,7,9.0,7.0,tt2210021
Top Chef,9,2011-12-21,1.688,0.8,tt0765425,8,9.0,8.0,tt2244571
Top Chef,9,2012-01-04,1.936,0.9,tt0765425,9,9.0,9.0,tt2244573
Top Chef,9,2012-01-11,1.820,1.0,tt0765425,10,9.0,10.0,tt2244569
Top Chef,9,2012-01-18,1.995,1.0,tt0765425,11,9.0,11.0,tt2240387
Top Chef,9,2012-01-25,1.831,0.9,tt0765425,12,9.0,12.0,tt2325285
Top Chef,9,2012-02-01,2.010,1.0,tt0765425,13,9.0,13.0,tt2266577
Top Chef,9,2012-02-08,2.024,1.0,tt0765425,14,9.0,14.0,tt2337659
Top Chef,9,2012-02-15,1.743,0.9,tt0765425,15,9.0,15.0,tt2337657
Top Chef,9,2012-02-22,1.786,0.9,tt0765425,16,9.0,16.0,tt2341741
Top Chef,9,2012-02-29,1.848,1.0,tt0765425,17,9.0,17.0,tt2653280
Top Chef,9,2012-03-07,1.039,0.5,tt0765425,18,9.0,18.0,tt2374357
Top Chef,9,,1.723,0.85,tt0765425,19,,,
Top Chef,10,2012-11-07,0.912,0.4,tt0765425,1,10.0,1.0,tt2406084
Top Chef,10,2012-11-14,0.941,0.4,tt0765425,2,10.0,2.0,tt2522294
Top Chef,10,2012-11-21,1.045,0.4,tt0765425,3,10.0,3.0,tt2522296
Top Chef,10,2012-11-28,1.115,0.5,tt0765425,4,10.0,4.0,tt2522298
Top Chef,10,2012-12-05,1.405,0.6,tt0765425,5,10.0,5.0,tt2653292
Top Chef,10,2012-12-12,1.287,0.5,tt0765425,6,10.0,6.0,tt2653174
Top Chef,10,2012-12-19,1.458,0.6,tt0765425,7,10.0,7.0,tt2660446
Top Chef,10,2012-12-26,1.562,0.7,tt0765425,8,10.0,8.0,tt2653298
Top Chef,10,2013-01-02,1.568,0.7,tt0765425,9,10.0,9.0,tt2653172
Top Chef,10,2013-01-09,1.651,0.7,tt0765425,10,10.0,10.0,tt2701224
Top Chef,10,2013-01-16,1.522,0.7,tt0765425,11,10.0,11.0,tt2653170
Top Chef,10,2013-01-23,1.593,0.7,tt0765425,12,10.0,12.0,tt2660452
Top Chef,10,2013-01-30,1.635,0.7,tt0765425,13,10.0,13.0,tt2693378
Top Chef,10,2013-02-06,1.645,0.7,tt0765425,14,10.0,14.0,tt2704406
Top Chef,10,2013-02-13,1.519,0.6,tt0765425,15,10.0,15.0,tt2716844
Top Chef,10,2013-02-20,1.739,0.8,tt0765425,16,10.0,16.0,tt2731322
Top Chef,10,2013-02-27,1.853,0.8,tt0765425,17,10.0,17.0,tt2740344
Top Chef,11,2013-10-02,1.318,0.54,tt0765425,1,11.0,1.0,tt3235144
Top Chef,11,2013-10-09,1.148,0.45,tt0765425,2,11.0,2.0,tt3253834
Top Chef,11,2013-10-16,1.354,0.54,tt0765425,3,11.0,3.0,tt3269802
Top Chef,11,2013-10-23,1.165,0.48,tt0765425,4,11.0,4.0,tt3294386
Top Chef,11,2013-10-30,1.003,0.39,tt0765425,5,11.0,5.0,tt3311544
Top Chef,11,2013-11-06,1.157,0.53,tt0765425,6,11.0,6.0,tt3325878
Top Chef,11,2013-11-13,1.205,0.46,tt0765425,7,11.0,7.0,tt3341272
Top Chef,11,2013-11-20,1.312,0.54,tt0765425,8,11.0,8.0,tt3332414
Top Chef,11,2013-12-04,1.261,0.50,tt0765425,9,11.0,9.0,tt3392558
Top Chef,11,2013-12-11,1.260,0.5,tt0765425,10,11.0,10.0,tt3398578
Top Chef,11,2013-12-18,1.207,0.48,tt0765425,11,11.0,11.0,tt3407186
Top Chef,11,2014-01-01,1.033,0.42,tt0765425,12,11.0,12.0,tt3431640
Top Chef,11,2014-01-08,1.402,0.63,tt0765425,13,11.0,13.0,tt3454442
Top Chef,11,2014-01-15,1.160,0.43,tt0765425,14,11.0,14.0,tt3469972
Top Chef,11,2014-01-22,1.319,0.58,tt0765425,15,11.0,15.0,tt3744900
Top Chef,11,2014-01-29,1.494,0.64,tt0765425,16,11.0,16.0,tt3495486
Top Chef,11,2014-02-05,1.693,0.69,tt0765425,17,11.0,17.0,tt3510028
Top Chef,12,2014-10-15,1.091,0.44,tt0765425,1,12.0,1.0,tt4125194
Top Chef,12,2014-10-22,0.980,0.38,tt0765425,2,12.0,2.0,tt4143802
Top Chef,12,2014-10-29,1.051,0.38,tt0765425,3,12.0,3.0,tt4161374
Top Chef,12,2014-11-05,0.906,0.37,tt0765425,4,12.0,4.0,tt4179354
Top Chef,12,2014-11-12,0.901,0.39,tt0765425,5,12.0,5.0,tt4197802
Top Chef,12,2014-11-19,0.949,0.43,tt0765425,6,12.0,6.0,tt4223532
Top Chef,12,2014-12-03,0.955,0.40,tt0765425,7,12.0,7.0,tt4255684
Top Chef,12,2014-12-10,0.979,0.35,tt0765425,8,12.0,8.0,tt4274824
Top Chef,12,2014-12-17,0.983,0.37,tt0765425,9,12.0,9.0,tt4293784
Top Chef,12,2015-01-07,1.015,0.42,tt0765425,10,12.0,10.0,tt4340316
Top Chef,12,2015-01-14,1.090,0.48,tt0765425,11,12.0,11.0,tt4362734
Top Chef,12,2015-01-21,0.990,0.38,tt0765425,12,12.0,12.0,tt4541020
Top Chef,12,2015-01-28,1.110,0.50,tt0765425,13,12.0,13.0,tt4408184
Top Chef,12,2015-02-04,0.885,0.42,tt0765425,14,12.0,14.0,tt4429118
Top Chef,12,2015-02-11,0.955,0.40,tt0765425,15,12.0,15.0,tt4456488
Top Chef,13,2015-12-02,0.795,0.26,tt0765425,1,13.0,1.0,tt5270564
Top Chef,13,2015-12-03,0.841,0.27,tt0765425,2,13.0,2.0,tt5270568
Top Chef,13,2015-12-10,0.889,0.37,tt0765425,3,13.0,3.0,tt5270592
Top Chef,13,2015-12-17,0.850,0.37,tt0765425,4,13.0,4.0,tt5270598
Top Chef,13,2016-01-07,0.914,0.36,tt0765425,5,13.0,5.0,tt5332738
Top Chef,13,2016-01-14,0.895,0.34,tt0765425,6,13.0,6.0,tt5371974
Top Chef,13,2016-01-21,1.148,0.50,tt0765425,7,13.0,7.0,tt5371978
Top Chef,13,2016-01-28,0.973,0.43,tt0765425,8,13.0,8.0,tt5371986
Top Chef,13,2016-02-04,0.928,0.43,tt0765425,9,13.0,9.0,tt5567600
Top Chef,13,2016-02-11,0.856,0.39,tt0765425,10,13.0,10.0,tt5567604
Top Chef,13,2016-02-18,0.876,0.37,tt0765425,11,13.0,11.0,tt5567606
Top Chef,13,2016-02-25,0.833,0.37,tt0765425,12,13.0,12.0,tt5567612
Top Chef,13,2016-03-03,0.881,0.38,tt0765425,13,13.0,13.0,tt5567614
Top Chef,13,2016-03-10,0.921,0.38,tt0765425,14,13.0,14.0,tt5567618
Top Chef,13,2016-03-17,1.169,0.46,tt0765425,15,13.0,15.0,tt5567620
Top Chef,14,2016-12-01,0.796,0.33,tt0765425,1,14.0,1.0,tt6285932
Top Chef,14,2016-12-08,0.825,0.31,tt0765425,2,14.0,2.0,tt6285970
Top Chef,14,2016-12-15,0.820,0.30,tt0765425,3,14.0,3.0,tt6285994
Top Chef,14,2016-12-22,0.784,0.29,tt0765425,4,14.0,4.0,tt6358806
Top Chef,14,2016-12-29,0.968,0.29,tt0765425,5,14.0,5.0,tt6358812
Top Chef,14,2017-01-05,1.055,0.39,tt0765425,6,14.0,6.0,tt6381464
Top Chef,14,2017-01-12,1.063,0.41,tt0765425,7,14.0,7.0,tt6381466
Top Chef,14,2017-01-19,1.007,0.36,tt0765425,8,14.0,8.0,tt6453036
Top Chef,14,2017-01-26,1.130,0.41,tt0765425,9,14.0,9.0,tt6453038
Top Chef,14,2017-02-02,1.018,0.37,tt0765425,10,14.0,10.0,tt6477144
Top Chef,14,2017-02-09,0.882,0.36,tt0765425,11,14.0,11.0,tt6477148
Top Chef,14,2017-02-16,1.041,0.40,tt0765425,12,14.0,12.0,tt6525514
Top Chef,14,2017-02-23,0.971,0.37,tt0765425,13,14.0,13.0,tt6546828
Top Chef,14,2017-03-02,1.286,0.50,tt0765425,14,14.0,14.0,tt6587260
Top Chef,15,2017-12-07,0.879,0.33,tt0765425,1,15.0,1.0,tt6718722
Top Chef,15,2017-12-14,0.784,0.28,tt0765425,2,15.0,2.0,tt7000486
Top Chef,15,2017-12-21,0.813,0.28,tt0765425,3,15.0,3.0,tt7000492
Top Chef,15,2017-12-28,0.989,0.32,tt0765425,4,15.0,4.0,tt7000496
Top Chef,15,2018-01-04,0.957,0.36,tt0765425,5,15.0,5.0,tt7000498
Top Chef,15,2018-01-11,0.847,0.31,tt0765425,6,15.0,6.0,tt7060892
Top Chef,15,2018-01-18,0.864,0.29,tt0765425,7,15.0,7.0,tt7060902
Top Chef,15,2018-01-25,0.806,0.27,tt0765425,8,15.0,8.0,tt7060906
Top Chef,15,2018-02-01,0.881,0.31,tt0765425,9,15.0,9.0,tt7060914
Top Chef,15,2018-02-08,0.797,0.29,tt0765425,10,15.0,10.0,tt7060918
Top Chef,15,2018-02-15,0.842,0.29,tt0765425,11,15.0,11.0,tt7060920
Top Chef,15,2018-02-22,0.736,0.25,tt0765425,12,15.0,12.0,tt7060922
Top Chef,15,2018-03-01,0.771,0.26,tt0765425,13,15.0,13.0,tt7060926
Top Chef,15,2018-03-08,0.927,0.33,tt0765425,14,15.0,14.0,tt7060928
Top Chef,16,2018-12-06,0.833,0.25,tt0765425,1,16.0,1.0,tt9149072
Top Chef,16,2018-12-13,0.698,0.22,tt0765425,2,16.0,2.0,tt9149082
Top Chef,16,2018-12-20,0.870,0.31,tt0765425,3,16.0,3.0,tt9153740
Top Chef,16,2018-12-27,0.960,0.36,tt0765425,4,16.0,4.0,tt9153742
Top Chef,16,2019-01-03,1.132,0.35,tt0765425,5,16.0,5.0,tt9153746
Top Chef,16,2019-01-10,0.977,0.34,tt0765425,6,16.0,6.0,tt9153744
Top Chef,16,2019-01-17,1.015,0.32,tt0765425,7,16.0,7.0,tt9153748
Top Chef,16,2019-01-24,0.983,0.33,tt0765425,8,16.0,8.0,tt9153750
Top Chef,16,2019-01-31,1.028,0.33,tt0765425,9,16.0,9.0,tt9153752
Top Chef,16,2019-02-07,0.934,0.32,tt0765425,10,16.0,10.0,tt9153754
Top Chef,16,2019-02-14,0.978,0.33,tt0765425,11,16.0,11.0,tt9153756
Top Chef,16,2019-02-21,0.912,0.32,tt0765425,12,16.0,12.0,tt9153758
Top Chef,16,2019-02-28,0.956,0.32,tt0765425,13,16.0,13.0,tt9153762
Top Chef,16,2019-03-07,0.936,0.32,tt0765425,14,16.0,14.0,tt9826592
Top Chef,16,2019-03-14,0.909,0.26,tt0765425,15,16.0,15.0,tt9826594
Top Chef,17,2020-03-19,0.768,0.26,tt0765425,1,17.0,1.0,tt11928388
Top Chef,17,2020-03-26,0.821,0.29,tt0765425,2,17.0,2.0,tt11998724
Top Chef,17,2020-04-02,0.829,0.29,tt0765425,3,17.0,3.0,tt11998726
Top Chef,17,2020-04-09,0.911,0.29,tt0765425,4,17.0,4.0,tt11998728
Top Chef,17,2020-04-16,0.822,0.30,tt0765425,5,17.0,5.0,tt12117272
Top Chef,17,2020-04-23,0.919,0.31,tt0765425,6,17.0,6.0,tt12117276
Top Chef,17,2020-04-30,0.891,0.27,tt0765425,7,17.0,7.0,tt12199866
Top Chef,17,,0.949,0.32,tt0765425,8,17.0,8.0,tt12241406
Top Chef,17,,0.899,0.29,tt0765425,9,17.0,9.0,tt12241420
Top Chef,17,,0.842,0.27,tt0765425,10,17.0,10.0,tt12286554
Top Chef,17,,0.901,0.29,tt0765425,11,17.0,11.0,tt12332816
Top Chef,17,2020-06-04,0.845,0.28,tt0765425,12,17.0,12.0,tt12371672
Top Chef,17,2020-06-11,0.998,0.33,tt0765425,13,17.0,13.0,tt12454982
Top Chef,17,2020-06-18,1.044,0.30,tt0765425,14,17.0,14.0,tt12497838
Top Chef,18,2021-04-01,0.829,0.24,tt0765425,1,18.0,1.0,tt14037986
Top Chef,18,2021-04-08,0.737,0.25,tt0765425,2,18.0,2.0,tt14373728
Top Chef,18,2021-04-15,0.748,0.24,tt0765425,3,18.0,3.0,tt14420266
Top Chef,18,2021-04-22,0.892,0.29,tt0765425,4,18.0,4.0,tt14467614
Top Chef,18,2021-04-29,0.898,0.31,tt0765425,5,18.0,5.0,tt14510456
Top Chef,18,,0.906,0.28,tt0765425,6,18.0,6.0,tt14555030
Top Chef,18,,0.847,0.27,tt0765425,7,18.0,7.0,tt14597964
Top Chef,18,,0.775,0.26,tt0765425,8,18.0,8.0,tt14645336
Top Chef,18,,0.832,0.27,tt0765425,9,18.0,9.0,tt14694886
Top Chef,18,2021-06-03,0.776,0.24,tt0765425,10,18.0,10.0,tt14735220
Top Chef,18,2021-06-10,0.834,0.23,tt0765425,11,18.0,11.0,tt14781228
Top Chef,18,2021-06-17,0.892,0.25,tt0765425,12,18.0,12.0,tt14828420
Top Chef,18,2021-06-24,0.824,0.25,tt0765425,13,18.0,13.0,tt14873096
Top Chef,18,2021-07-01,0.891,0.29,tt0765425,14,18.0,14.0,tt14924906
Top Chef,19,2022-03-03,0.701,0.18,tt0765425,1,19.0,1.0,tt17373328
Top Chef,19,2022-03-10,0.792,0.20,tt0765425,2,19.0,2.0,tt18411784
Top Chef,19,2022-03-17,0.754,0.19,tt0765425,3,19.0,3.0,tt18411788
Top Chef,19,2022-03-24,0.759,0.20,tt0765425,4,19.0,4.0,tt18411794
Top Chef,19,2022-03-31,0.825,0.26,tt0765425,5,19.0,5.0,tt18411796
Top Chef,19,2022-04-07,0.770,0.23,tt0765425,6,19.0,6.0,tt18411826
Top Chef,19,2022-04-14,0.655,0.20,tt0765425,7,19.0,7.0,tt18411834
Top Chef,19,2022-04-21,0.735,0.23,tt0765425,8,19.0,8.0,tt18411836
Top Chef,19,2022-04-28,0.727,0.24,tt0765425,9,19.0,9.0,tt18411840
Top Chef,19,,0.707,0.21,tt0765425,10,19.0,10.0,tt18411844
Top Chef,19,,0.688,0.18,tt0765425,11,19.0,11.0,tt18411846
Top Chef,19,,0.717,0.20,tt0765425,12,19.0,12.0,tt18411852
Top Chef,19,,0.631,0.20,tt0765425,13,19.0,13.0,tt18411848
Top Chef,19,2022-06-02,0.694,0.20,tt0765425,14,19.0,14.0,tt18411850
Getting On,1,2013-11-24,0.520,-,tt2342652,1,1.0,1.0,tt3277634
Getting On,1,2013-12-01,0.379,0.19,tt2342652,2,1.0,2.0,tt3376522
Getting On,1,2013-12-08,0.315,0.13,tt2342652,3,1.0,3.0,tt3376528
Getting On,1,2013-12-15,0.314,0.10,tt2342652,4,1.0,4.0,tt3376532
Getting On,1,2013-12-22,0.311,0.15,tt2342652,5,1.0,5.0,tt3376544
Getting On,1,2013-12-29,0.322,0.15,tt2342652,6,1.0,6.0,tt3381524
Getting On,2,2014-11-09,0.309,0.10,tt2342652,1,2.0,1.0,tt3547520
Getting On,2,2014-11-16,0.232,0.07,tt2342652,2,2.0,2.0,tt3551164
Getting On,2,2014-11-23,0.273,0.10,tt2342652,3,2.0,3.0,tt3558138
Getting On,2,2014-11-30,0.273,0.10,tt2342652,4,2.0,4.0,tt3558146
Getting On,2,2014-12-07,0.226,0.08,tt2342652,5,2.0,5.0,tt3560036
Getting On,2,2014-12-14,0.209,0.05,tt2342652,6,2.0,6.0,tt3564054
Getting On,3,2015-11-08,0.269,0.10,tt2342652,1,3.0,1.0,tt4438756
Getting On,3,2015-11-15,0.240,0.06,tt2342652,2,3.0,2.0,tt4442026
Getting On,3,2015-11-22,0.262,0.06,tt2342652,3,3.0,3.0,tt4442032
Getting On,3,2015-11-29,0.321,0.11,tt2342652,4,3.0,4.0,tt4442034
Getting On,3,2015-12-06,0.318,0.09,tt2342652,5,3.0,5.0,tt4442040
Getting On,3,2015-12-13,0.263,0.08,tt2342652,6,3.0,6.0,tt4438760
Baskets,1,2016-01-21,1.035,0.46,tt3468798,1,1.0,1.0,tt4529754
Baskets,1,2016-01-28,0.658,0.35,tt3468798,2,1.0,2.0,tt4713676
Baskets,1,2016-02-04,0.625,0.27,tt3468798,3,1.0,3.0,tt4713680
Baskets,1,2016-02-11,0.567,0.27,tt3468798,4,1.0,4.0,tt4713746
Baskets,1,2016-02-18,0.649,0.31,tt3468798,5,1.0,5.0,tt4713718
Baskets,1,2016-02-25,0.483,0.24,tt3468798,6,1.0,6.0,tt5066336
Baskets,1,2016-03-03,0.399,0.18,tt3468798,7,1.0,7.0,tt5066340
Baskets,1,2016-03-10,0.396,0.18,tt3468798,8,1.0,8.0,tt5066342
Baskets,1,2016-03-17,0.500,0.22,tt3468798,9,1.0,9.0,tt5065214
Baskets,1,2016-03-24,0.564,0.22,tt3468798,10,1.0,10.0,tt4703972
Baskets,2,2017-01-19,0.656,0.24,tt3468798,1,2.0,1.0,tt5065196
Baskets,2,2017-01-26,0.518,0.25,tt3468798,2,2.0,2.0,tt6158828
Baskets,2,2017-02-02,0.362,0.14,tt3468798,3,2.0,3.0,tt6320560
Baskets,2,2017-02-09,0.515,0.22,tt3468798,4,2.0,4.0,tt6264040
Baskets,2,2017-02-16,0.463,0.19,tt3468798,5,2.0,5.0,tt6363614
Baskets,2,2017-02-23,0.460,0.22,tt3468798,6,2.0,6.0,tt6363616
Baskets,2,2017-03-02,0.500,0.20,tt3468798,7,2.0,7.0,tt6363620
Baskets,2,2017-03-09,0.517,0.21,tt3468798,8,2.0,8.0,tt6363618
Baskets,2,2017-03-16,0.391,0.17,tt3468798,9,2.0,9.0,tt6363622
Baskets,2,2017-03-23,0.442,0.17,tt3468798,10,2.0,10.0,tt6257478
Baskets,3,2018-01-23,0.536,0.19,tt3468798,1,3.0,1.0,tt6627432
Baskets,3,2018-01-30,0.530,0.16,tt3468798,2,3.0,2.0,tt7809846
Baskets,3,2018-02-06,0.386,0.12,tt3468798,3,3.0,3.0,tt7809118
Baskets,3,2018-02-13,0.389,0.14,tt3468798,4,3.0,4.0,tt7657538
Baskets,3,2018-02-20,0.375,0.10,tt3468798,5,3.0,5.0,tt7809848
Baskets,3,2018-02-27,0.353,0.14,tt3468798,6,3.0,6.0,tt7858614
Baskets,3,2018-03-06,0.345,0.12,tt3468798,7,3.0,7.0,tt7901488
Baskets,3,2018-03-13,0.414,0.15,tt3468798,8,3.0,8.0,tt7926102
Baskets,3,2018-03-20,0.437,0.16,tt3468798,9,3.0,9.0,tt7716908
Baskets,3,2018-03-27,0.307,0.11,tt3468798,10,3.0,10.0,tt7926104
Baskets,4,2019-06-13,0.317,0.10,tt3468798,1,4.0,1.0,tt8106136
Baskets,4,2019-06-20,0.298,0.09,tt3468798,2,4.0,2.0,tt10274410
Baskets,4,2019-06-27,0.337,0.12,tt3468798,3,4.0,3.0,tt10274412
Baskets,4,2019-07-11,0.332,0.12,tt3468798,4,4.0,4.0,tt10274418
Baskets,4,2019-07-18,0.370,0.11,tt3468798,5,4.0,5.0,tt10274420
Baskets,4,2019-07-25,0.349,0.11,tt3468798,6,4.0,6.0,tt10274422
Baskets,4,2019-08-01,0.317,0.10,tt3468798,7,4.0,7.0,tt10274428
Baskets,4,2019-08-08,0.330,0.08,tt3468798,8,4.0,8.0,tt10274430
Baskets,4,2019-08-15,0.320,0.12,tt3468798,9,4.0,9.0,tt10274432
Baskets,4,2019-08-22,0.296,0.10,tt3468798,10,4.0,10.0,tt10274436
Devious Maids,1,2013-06-23,1.987,0.7,tt2226342,1,1.0,1.0,tt2254788
Devious Maids,1,2013-06-30,2.086,0.6,tt2226342,2,1.0,2.0,tt2529236
Devious Maids,1,2013-07-07,2.533,0.9,tt2226342,3,1.0,3.0,tt2583386
Devious Maids,1,2013-07-14,2.227,0.8,tt2226342,4,1.0,4.0,tt2583388
Devious Maids,1,2013-07-21,2.778,1.0,tt2226342,5,1.0,5.0,tt2599184
Devious Maids,1,2013-07-28,2.884,1.1,tt2226342,6,1.0,6.0,tt2831612
Devious Maids,1,2013-08-04,2.740,1.0,tt2226342,7,1.0,7.0,tt2831614
Devious Maids,1,2013-08-11,2.663,0.9,tt2226342,8,1.0,8.0,tt2776482
Devious Maids,1,2013-08-18,2.560,0.9,tt2226342,9,1.0,9.0,tt2795764
Devious Maids,1,2013-08-25,2.479,0.9,tt2226342,10,1.0,10.0,tt2781160
Devious Maids,1,,2.494,0.8,tt2226342,11,1.0,11.0,tt2831616
Devious Maids,1,,2.519,0.9,tt2226342,12,1.0,12.0,tt2831588
Devious Maids,1,,2.952,1.1,tt2226342,13,1.0,13.0,tt2831590
Devious Maids,2,2014-04-20,1.962,0.75,tt2226342,1,2.0,1.0,tt3143046
Devious Maids,2,2014-04-27,1.676,0.67,tt2226342,2,2.0,2.0,tt3199014
Devious Maids,2,,1.574,0.56,tt2226342,3,2.0,3.0,tt3199018
Devious Maids,2,,1.654,0.61,tt2226342,4,2.0,4.0,tt3199022
Devious Maids,2,,1.542,0.55,tt2226342,5,2.0,5.0,tt3199024
Devious Maids,2,,1.775,0.58,tt2226342,6,2.0,6.0,tt3199020
Devious Maids,2,2014-06-01,2.142,0.66,tt2226342,7,2.0,7.0,tt3199026
Devious Maids,2,2014-06-08,1.822,0.58,tt2226342,8,2.0,8.0,tt3199030
Devious Maids,2,2014-06-15,1.808,0.55,tt2226342,9,2.0,9.0,tt3199032
Devious Maids,2,2014-06-22,1.934,0.55,tt2226342,10,2.0,10.0,tt3199034
Devious Maids,2,2014-06-29,1.494,0.44,tt2226342,11,2.0,11.0,tt3199040
Devious Maids,2,2014-07-06,1.862,0.68,tt2226342,12,2.0,12.0,tt3199036
Devious Maids,2,2014-07-13,2.225,0.79,tt2226342,13,2.0,13.0,tt3199038
Devious Maids,3,2015-06-01,1.465,0.53,tt2226342,1,3.0,1.0,tt4067864
Devious Maids,3,2015-06-08,1.424,0.56,tt2226342,2,3.0,2.0,tt4078652
Devious Maids,3,2015-06-15,1.344,0.46,tt2226342,3,3.0,3.0,tt4067862
Devious Maids,3,2015-06-22,1.135,0.43,tt2226342,4,3.0,4.0,tt4067866
Devious Maids,3,2015-06-29,1.335,0.49,tt2226342,5,3.0,5.0,tt4067868
Devious Maids,3,2015-07-06,1.337,0.46,tt2226342,6,3.0,6.0,tt4067870
Devious Maids,3,2015-07-13,1.352,0.47,tt2226342,7,3.0,7.0,tt4067860
Devious Maids,3,2015-07-20,1.165,0.41,tt2226342,8,3.0,8.0,tt4067872
Devious Maids,3,2015-07-27,1.265,0.37,tt2226342,9,3.0,9.0,tt4067878
Devious Maids,3,2015-08-03,1.411,0.41,tt2226342,10,3.0,10.0,tt4067876
Devious Maids,3,2015-08-10,1.339,0.44,tt2226342,11,3.0,11.0,tt4067880
Devious Maids,3,2015-08-17,1.518,0.46,tt2226342,12,3.0,12.0,tt4067874
Devious Maids,3,2015-08-24,1.533,0.55,tt2226342,13,3.0,13.0,tt4223966
Devious Maids,4,2016-06-06,1.080,0.35,tt2226342,1,4.0,1.0,tt5058580
Devious Maids,4,2016-06-13,1.068,0.33,tt2226342,2,4.0,2.0,tt5058584
Devious Maids,4,2016-06-20,0.816,0.26,tt2226342,3,4.0,3.0,tt5058592
Devious Maids,4,2016-06-27,0.958,0.31,tt2226342,4,4.0,4.0,tt5058588
Devious Maids,4,2016-07-04,0.943,0.29,tt2226342,5,4.0,5.0,tt5058598
Devious Maids,4,2016-07-11,1.032,0.34,tt2226342,6,4.0,6.0,tt5058596
Devious Maids,4,2016-07-18,0.818,0.27,tt2226342,7,4.0,7.0,tt5058600
Devious Maids,4,2016-07-25,0.871,0.30,tt2226342,8,4.0,8.0,tt5058606
Devious Maids,4,2016-08-01,0.784,0.28,tt2226342,9,4.0,9.0,tt5058604
Devious Maids,4,2016-08-08,0.859,0.26,tt2226342,10,4.0,10.0,tt5058610
Deutschland 83,1,2015-06-17,0.066,0.01,tt4445154,1,,,
Deutschland 83,1,2015-06-24,0.074,0.01,tt4445154,2,,,
Deutschland 83,1,2015-07-01,0.077,0.02,tt4445154,3,,,
Deutschland 83,1,2015-07-08,0.100,0.01,tt4445154,4,,,
Deutschland 83,1,2015-07-15,0.143,0.02,tt4445154,5,,,
Deutschland 83,1,2015-07-22,0.082,0.01,tt4445154,6,,,
Deutschland 83,1,2015-07-29,0.072,0.01,tt4445154,7,,,
Deutschland 83,1,2015-08-05,0.107,0.03,tt4445154,8,,,
Deutschland 86,1,2018-10-25,0.098,0.03,tt4445154,9,,,
Deutschland 86,1,2018-10-26,0.089,0.02,tt4445154,10,,,
Deutschland 86,1,2018-11-01,0.149,0.04,tt4445154,11,,,
Deutschland 86,1,2018-11-02,0.082,0.02,tt4445154,12,,,
Deutschland 86,1,2018-11-08,0.092,0.02,tt4445154,13,,,
Deutschland 86,1,2018-11-09,0.072,0.01,tt4445154,14,,,
Deutschland 86,1,2018-11-15,0.100,0.02,tt4445154,15,,,
Deutschland 86,1,2018-11-15,0.045,0.01,tt4445154,16,,,
Deutschland 86,1,2018-11-16,0.061,0.01,tt4445154,17,,,
Deutschland 86,1,2018-11-16,0.042,0.01,tt4445154,18,,,
Deutschland 89,1,2020-10-29,0.050,0.00,tt4445154,19,,,
Deutschland 89,1,2020-10-29,0.038,0.00,tt4445154,20,,,
Deutschland 89,1,2020-11-05,0.059,0.01,tt4445154,21,,,
Deutschland 89,1,2020-11-05,0.018,0.00,tt4445154,22,,,
Deutschland 89,1,2020-11-12,0.056,0.02,tt4445154,23,,,
Deutschland 89,1,2020-11-12,0.029,0.01,tt4445154,24,,,
Deutschland 89,1,2020-11-19,0.046,0.01,tt4445154,25,,,
Deutschland 89,1,2020-11-19,0.029,0.00,tt4445154,26,,,
The Girlfriend Experience,1,2016-04-10,0.363,0.11,tt3846642,1,1.0,1.0,tt4082810
The Girlfriend Experience,1,2016-04-10,0.334,0.11,tt3846642,2,1.0,2.0,tt4534746
The Girlfriend Experience,1,2016-04-17,0.268,0.08,tt3846642,3,1.0,3.0,tt4593086
The Girlfriend Experience,1,2016-04-24,0.262,0.08,tt3846642,4,1.0,4.0,tt4527290
The Girlfriend Experience,1,,0.163,0.05,tt3846642,5,1.0,5.0,tt4608878
The Girlfriend Experience,1,,0.196,0.05,tt3846642,6,1.0,6.0,tt4608880
The Girlfriend Experience,1,,0.222,0.06,tt3846642,7,1.0,7.0,tt4544384
The Girlfriend Experience,1,,0.226,0.06,tt3846642,8,1.0,8.0,tt4608882
The Girlfriend Experience,1,,0.161,0.03,tt3846642,9,1.0,9.0,tt4608884
The Girlfriend Experience,1,2016-06-05,0.177,0.03,tt3846642,10,1.0,10.0,tt4630804
The Girlfriend Experience,1,2016-06-12,0.248,0.06,tt3846642,11,1.0,11.0,tt4608886
The Girlfriend Experience,1,2016-06-19,0.180,0.05,tt3846642,12,1.0,12.0,tt4543514
The Girlfriend Experience,1,2016-06-19,0.209,0.06,tt3846642,13,1.0,13.0,tt4630378
The Girlfriend Experience,2,2017-11-05,0.402,0.10,tt3846642,1,2.0,1.0,tt5928882
The Girlfriend Experience,2,2017-11-05,0.336,0.08,tt3846642,2,2.0,2.0,tt5946266
The Girlfriend Experience,2,2017-11-12,0.346,0.10,tt3846642,3,2.0,3.0,tt6472148
The Girlfriend Experience,2,2017-11-12,0.325,0.09,tt3846642,4,2.0,4.0,tt6472152
The Girlfriend Experience,2,2017-11-19,0.269,0.07,tt3846642,5,2.0,5.0,tt6472160
The Girlfriend Experience,2,2017-11-19,0.243,0.06,tt3846642,6,2.0,6.0,tt6472178
The Girlfriend Experience,2,2017-11-26,0.211,0.05,tt3846642,7,2.0,7.0,tt6476172
The Girlfriend Experience,2,2017-11-26,0.229,0.04,tt3846642,8,2.0,8.0,tt6476176
The Girlfriend Experience,2,2017-12-03,0.297,0.06,tt3846642,9,2.0,9.0,tt6476182
The Girlfriend Experience,2,2017-12-03,0.226,0.05,tt3846642,10,2.0,10.0,tt6476184
The Girlfriend Experience,2,2017-12-17,0.198,0.04,tt3846642,11,2.0,11.0,tt6476304
The Girlfriend Experience,2,2017-12-17,0.195,0.04,tt3846642,12,2.0,12.0,tt6476306
The Girlfriend Experience,2,2017-12-24,0.176,0.05,tt3846642,13,2.0,13.0,tt6476310
The Girlfriend Experience,2,2017-12-24,0.176,0.05,tt3846642,14,2.0,14.0,tt5929424
The Girlfriend Experience,3,,0.047,0.00,tt3846642,1,3.0,1.0,tt10712866
The Girlfriend Experience,3,,0.052,0.00,tt3846642,2,3.0,2.0,tt10714514
The Girlfriend Experience,3,,0.041,0.00,tt3846642,3,3.0,3.0,tt10714516
The Girlfriend Experience,3,,0.034,0.00,tt3846642,4,3.0,4.0,tt10714518
The Girlfriend Experience,3,,0.079,0.00,tt3846642,5,3.0,5.0,tt10714522
The Girlfriend Experience,3,,0.089,0.04,tt3846642,6,3.0,6.0,tt10714526
The Girlfriend Experience,3,2021-06-06,0.078,0.01,tt3846642,7,3.0,7.0,tt10714528
The Girlfriend Experience,3,2021-06-13,0.039,0.00,tt3846642,8,3.0,8.0,tt10714530
The Girlfriend Experience,3,2021-06-20,0.034,0.00,tt3846642,9,3.0,9.0,tt10714532
The Girlfriend Experience,3,2021-06-20,0.024,0.00,tt3846642,10,3.0,10.0,tt10712868
Dirt,1,2007-01-02,3.744,1.8,tt0496275,1,1.0,1.0,tt0890983
Dirt,1,2007-01-09,2.428,1.3,tt0496275,2,1.0,2.0,tt0909090
Dirt,1,2007-01-16,1.966,1.0,tt0496275,3,1.0,3.0,tt0887451
Dirt,1,2007-01-23,1.920,1.0,tt0496275,4,1.0,4.0,tt0875856
Dirt,1,2007-01-30,2.156,1.2,tt0496275,5,1.0,5.0,tt0887452
Dirt,1,2007-02-06,1.425,0.8,tt0496275,6,1.0,6.0,tt0891695
Dirt,1,2007-02-13,1.581,1.0,tt0496275,7,1.0,7.0,tt0898494
Dirt,1,2007-02-20,1.315,0.7,tt0496275,8,1.0,8.0,tt0904314
Dirt,1,2007-02-27,1.364,0.8,tt0496275,9,1.0,9.0,tt0911450
Dirt,1,2007-03-06,1.665,0.9,tt0496275,10,1.0,10.0,tt0911451
Dirt,1,2007-03-13,1.699,0.9,tt0496275,11,1.0,11.0,tt0941377
Dirt,1,2007-03-20,1.794,1.0,tt0496275,12,1.0,12.0,tt0937559
Dirt,1,2007-03-27,2.396,1.3,tt0496275,13,1.0,13.0,tt0973282
Dirt,2,2008-03-02,1.695,0.9,tt0496275,1,2.0,1.0,tt1028170
Dirt,2,2008-03-09,1.414,0.7,tt0496275,2,2.0,2.0,tt1028175
Dirt,2,2008-03-16,1.542,0.8,tt0496275,3,2.0,3.0,tt1028176
Dirt,2,2008-03-23,1.270,0.6,tt0496275,4,2.0,4.0,tt1028177
Dirt,2,2008-03-30,1.271,0.7,tt0496275,5,2.0,5.0,tt1028178
Dirt,2,2008-04-06,1.296,0.7,tt0496275,6,2.0,6.0,tt1028179
Dirt,2,2008-04-13,1.064,0.6,tt0496275,7,2.0,7.0,tt1028180
Continuum,1,2013-01-14,0.903,0.2,tt1954347,1,1.0,1.0,tt2243841
Continuum,1,2013-01-21,1.279,0.4,tt1954347,2,1.0,2.0,tt2273947
Continuum,1,2013-01-28,1.159,0.4,tt1954347,3,1.0,3.0,tt2273955
Continuum,1,2013-02-04,1.008,0.3,tt1954347,4,1.0,4.0,tt2262689
Continuum,1,2013-02-11,1.028,0.3,tt1954347,5,1.0,5.0,tt2268961
Continuum,1,2013-02-18,1.123,0.4,tt1954347,6,1.0,6.0,tt2273953
Continuum,1,2013-02-24,0.986,0.3,tt1954347,7,1.0,7.0,tt2273951
Continuum,1,2013-03-04,1.010,0.3,tt1954347,8,1.0,8.0,tt2273949
Continuum,1,2013-03-11,1.095,0.3,tt1954347,9,1.0,9.0,tt2273945
Continuum,1,2013-03-18,0.896,0.3,tt1954347,10,1.0,10.0,tt2317581
Continuum,2,2013-06-07,1.421,0.4,tt1954347,1,2.0,1.0,tt2358924
Continuum,2,2013-06-14,1.278,0.4,tt1954347,2,2.0,2.0,tt2533200
Continuum,2,2013-06-21,1.001,0.3,tt1954347,3,2.0,3.0,tt2533212
Continuum,2,2013-06-28,1.193,0.4,tt1954347,4,2.0,4.0,tt2533204
Continuum,2,2013-07-05,1.030,0.3,tt1954347,5,2.0,5.0,tt2533210
Continuum,2,2013-07-12,1.259,0.4,tt1954347,6,2.0,6.0,tt2533208
Continuum,2,2013-07-19,1.214,0.4,tt1954347,7,2.0,7.0,tt2533214
Continuum,2,2013-07-26,1.333,0.4,tt1954347,8,2.0,8.0,tt2822488
Continuum,2,2013-08-02,1.072,0.4,tt1954347,9,2.0,9.0,tt2859362
Continuum,2,2013-08-09,1.085,0.3,tt1954347,10,2.0,10.0,tt2846224
Continuum,2,2013-08-16,1.160,0.4,tt1954347,11,2.0,11.0,tt3039826
Continuum,2,2013-08-23,1.124,0.3,tt1954347,12,2.0,12.0,tt3039830
Continuum,2,2013-08-30,1.369,0.4,tt1954347,13,2.0,13.0,tt3052424
Continuum,3,2014-04-04,0.812,0.24,tt1954347,1,3.0,1.0,tt3095312
Continuum,3,2014-04-11,0.876,0.28,tt1954347,2,3.0,2.0,tt3561394
Continuum,3,2014-04-18,0.825,0.24,tt1954347,3,3.0,3.0,tt3466808
Continuum,3,2014-04-25,0.754,0.27,tt1954347,4,3.0,4.0,tt3652178
Continuum,3,,0.762,0.24,tt1954347,5,3.0,5.0,tt3543190
Continuum,3,,0.624,0.20,tt1954347,6,3.0,6.0,tt3605136
Continuum,3,,0.979,0.28,tt1954347,7,3.0,7.0,tt3569484
Continuum,3,,0.935,0.31,tt1954347,8,3.0,8.0,tt3546642
Continuum,3,,0.663,0.23,tt1954347,9,3.0,9.0,tt3528452
Continuum,3,2014-06-06,0.800,0.27,tt1954347,10,3.0,10.0,tt3546474
Continuum,3,2014-06-13,0.912,0.29,tt1954347,11,3.0,11.0,tt3607120
Continuum,3,2014-06-20,0.928,0.25,tt1954347,12,3.0,12.0,tt3713364
Continuum,3,2014-06-27,1.072,0.35,tt1954347,13,3.0,13.0,tt3657552
Continuum,4,,0.459,0.11,tt1954347,1,4.0,1.0,tt4265372
Continuum,4,,0.424,0.15,tt1954347,2,4.0,2.0,tt4265376
Continuum,4,,0.526,0.16,tt1954347,3,4.0,3.0,tt4265380
Continuum,4,2015-10-02,0.331,0.10,tt1954347,4,4.0,4.0,tt4265382
Continuum,4,2015-10-09,0.374,0.14,tt1954347,5,4.0,5.0,tt4265384
Continuum,4,2015-10-16,0.347,0.10,tt1954347,6,4.0,6.0,tt4265390
Pretty Little Liars,1,2010-06-08,2.466,0.9,tt1578873,1,1.0,1.0,tt1586149
Pretty Little Liars,1,2010-06-15,2.476,0.9,tt1578873,2,1.0,2.0,tt1632146
Pretty Little Liars,1,2010-06-22,2.740,1.0,tt1578873,3,1.0,3.0,tt1638172
Pretty Little Liars,1,2010-06-29,2.088,0.7,tt1578873,4,1.0,4.0,tt1644869
Pretty Little Liars,1,2010-07-06,2.624,1.0,tt1578873,5,1.0,5.0,tt1646697
Pretty Little Liars,1,2010-07-13,2.692,0.9,tt1578873,6,1.0,6.0,tt1646694
Pretty Little Liars,1,2010-07-20,2.553,0.9,tt1578873,7,1.0,7.0,tt1646696
Pretty Little Liars,1,2010-07-27,2.516,0.9,tt1578873,8,1.0,8.0,tt1646695
Pretty Little Liars,1,2010-08-03,2.550,0.9,tt1578873,9,1.0,9.0,tt1678786
Pretty Little Liars,1,2010-08-10,3.071,1.1,tt1578873,10,1.0,10.0,tt1682611
Pretty Little Liars,1,2011-01-03,4.222,1.5,tt1578873,11,1.0,11.0,tt1682612
Pretty Little Liars,1,2011-01-10,3.212,1.1,tt1578873,12,1.0,12.0,tt1682613
Pretty Little Liars,1,2011-01-17,2.992,1.2,tt1578873,13,1.0,13.0,tt1682614
Pretty Little Liars,1,2011-01-24,3.173,1.2,tt1578873,14,1.0,14.0,tt1682615
Pretty Little Liars,1,2011-01-31,3.192,1.2,tt1578873,15,1.0,15.0,tt1682616
Pretty Little Liars,1,2011-02-07,3.141,1.1,tt1578873,16,1.0,16.0,tt1682617
Pretty Little Liars,1,2011-02-14,2.346,0.9,tt1578873,17,1.0,17.0,tt1682618
Pretty Little Liars,1,2011-02-21,2.898,1.0,tt1578873,18,1.0,18.0,tt1682619
Pretty Little Liars,1,2011-02-28,2.688,1.0,tt1578873,19,1.0,19.0,tt1682620
Pretty Little Liars,1,2011-03-07,2.953,1.1,tt1578873,20,1.0,20.0,tt1682621
Pretty Little Liars,1,2011-03-14,2.939,1.1,tt1578873,21,1.0,21.0,tt1682622
Pretty Little Liars,1,2011-03-21,3.635,1.3,tt1578873,22,1.0,22.0,tt1824679
Pretty Little Liars,2,2011-06-14,3.678,1.3,tt1578873,1,2.0,1.0,tt1895048
Pretty Little Liars,2,2011-06-21,2.655,1.0,tt1578873,2,2.0,2.0,tt1940970
Pretty Little Liars,2,2011-06-28,2.777,1.0,tt1578873,3,2.0,3.0,tt1936648
Pretty Little Liars,2,2011-07-05,2.422,0.9,tt1578873,4,2.0,4.0,tt1957481
Pretty Little Liars,2,2011-07-12,2.424,0.9,tt1578873,5,2.0,5.0,tt1957482
Pretty Little Liars,2,2011-07-19,2.528,0.9,tt1578873,6,2.0,6.0,tt1953063
Pretty Little Liars,2,2011-07-26,2.358,0.9,tt1578873,7,2.0,7.0,tt1963576
Pretty Little Liars,2,2011-08-02,2.414,0.8,tt1578873,8,2.0,8.0,tt1994967
Pretty Little Liars,2,2011-08-09,2.541,0.9,tt1578873,9,2.0,9.0,tt1994966
Pretty Little Liars,2,2011-08-16,2.295,0.8,tt1578873,10,2.0,10.0,tt1996838
Pretty Little Liars,2,2011-08-23,2.627,1.0,tt1578873,11,2.0,11.0,tt1994965
Pretty Little Liars,2,2011-08-30,2.979,1.2,tt1578873,12,2.0,12.0,tt1995861
Pretty Little Liars,2,2011-10-19,2.470,1.0,tt1578873,13,2.0,13.0,tt2041095
Pretty Little Liars,2,2012-01-02,3.342,1.3,tt1578873,14,2.0,14.0,tt2059012
Pretty Little Liars,2,2012-01-09,2.948,1.3,tt1578873,15,2.0,15.0,tt2057785
Pretty Little Liars,2,2012-01-16,2.784,1.1,tt1578873,16,2.0,16.0,tt2065512
Pretty Little Liars,2,2012-01-23,3.165,1.4,tt1578873,17,2.0,17.0,tt2065513
Pretty Little Liars,2,2012-01-30,2.554,0.9,tt1578873,18,2.0,18.0,tt2063426
Pretty Little Liars,2,2012-02-06,2.250,1.0,tt1578873,19,2.0,19.0,tt2078298
Pretty Little Liars,2,2012-02-13,2.106,0.8,tt1578873,20,2.0,20.0,tt2111863
Pretty Little Liars,2,2012-02-20,2.539,1.0,tt1578873,21,2.0,21.0,tt2111864
Pretty Little Liars,2,2012-02-27,2.486,1.0,tt1578873,22,2.0,22.0,tt2110991
Pretty Little Liars,2,2012-03-05,2.577,1.0,tt1578873,23,2.0,23.0,tt2128671
Pretty Little Liars,2,2012-03-12,2.470,1.0,tt1578873,24,2.0,24.0,tt2128673
Pretty Little Liars,2,2012-03-19,3.689,1.6,tt1578873,25,2.0,25.0,tt2128674
Pretty Little Liars,3,2012-06-05,2.932,1.1,tt1578873,1,3.0,1.0,tt2295951
Pretty Little Liars,3,2012-06-12,2.663,1.1,tt1578873,2,3.0,2.0,tt2170966
Pretty Little Liars,3,2012-06-19,2.440,1.0,tt1578873,3,3.0,3.0,tt2193070
Pretty Little Liars,3,2012-06-26,2.355,1.0,tt1578873,4,3.0,4.0,tt2193072
Pretty Little Liars,3,2012-07-10,2.380,0.9,tt1578873,5,3.0,5.0,tt2193068
Pretty Little Liars,3,2012-07-17,2.270,1.0,tt1578873,6,3.0,6.0,tt2193094
Pretty Little Liars,3,2012-07-24,2.428,1.0,tt1578873,7,3.0,7.0,tt2289036
Pretty Little Liars,3,2012-07-31,2.222,0.9,tt1578873,8,3.0,8.0,tt2193102
Pretty Little Liars,3,2012-08-07,2.445,1.0,tt1578873,9,3.0,9.0,tt2290286
Pretty Little Liars,3,2012-08-14,2.265,1.0,tt1578873,10,3.0,10.0,tt2301576
Pretty Little Liars,3,2012-08-21,2.399,1.1,tt1578873,11,3.0,11.0,tt2301584
Pretty Little Liars,3,2012-08-28,2.977,1.3,tt1578873,12,3.0,12.0,tt2301586
Pretty Little Liars,3,2012-10-23,2.849,1.2,tt1578873,13,3.0,13.0,tt2318568
Pretty Little Liars,3,2013-01-08,3.210,1.4,tt1578873,14,3.0,14.0,tt2301590
Pretty Little Liars,3,2013-01-15,2.480,1.1,tt1578873,15,3.0,15.0,tt2331300
Pretty Little Liars,3,2013-01-22,2.676,1.2,tt1578873,16,3.0,16.0,tt2336566
Pretty Little Liars,3,2013-01-29,2.845,1.2,tt1578873,17,3.0,17.0,tt2392208
Pretty Little Liars,3,2013-02-05,2.750,1.2,tt1578873,18,3.0,18.0,tt2380144
Pretty Little Liars,3,2013-02-12,2.410,1.1,tt1578873,19,3.0,19.0,tt2395548
Pretty Little Liars,3,2013-02-19,2.612,1.1,tt1578873,20,3.0,20.0,tt2450736
Pretty Little Liars,3,2013-02-26,2.712,1.2,tt1578873,21,3.0,21.0,tt2450738
Pretty Little Liars,3,2013-03-05,2.559,1.2,tt1578873,22,3.0,22.0,tt2450742
Pretty Little Liars,3,2013-03-12,2.413,1.0,tt1578873,23,3.0,23.0,tt2450744
Pretty Little Liars,3,2013-03-19,2.874,1.2,tt1578873,24,3.0,24.0,tt2450760
Pretty Little Liars,4,2013-06-11,2.972,1.3,tt1578873,1,4.0,1.0,tt2592324
Pretty Little Liars,4,2013-06-18,2.917,1.3,tt1578873,2,4.0,2.0,tt2829786
Pretty Little Liars,4,2013-06-25,2.247,0.9,tt1578873,3,4.0,3.0,tt2829768
Pretty Little Liars,4,2013-07-02,2.157,0.9,tt1578873,4,4.0,4.0,tt2829774
Pretty Little Liars,4,2013-07-09,2.301,1.0,tt1578873,5,4.0,5.0,tt2961270
Pretty Little Liars,4,2013-07-16,2.353,1.0,tt1578873,6,4.0,6.0,tt2961272
Pretty Little Liars,4,2013-07-23,2.856,1.3,tt1578873,7,4.0,7.0,tt2961276
Pretty Little Liars,4,2013-07-30,2.313,1.1,tt1578873,8,4.0,8.0,tt2961278
Pretty Little Liars,4,2013-08-06,2.645,1.1,tt1578873,9,4.0,9.0,tt2961280
Pretty Little Liars,4,2013-08-13,2.385,1.0,tt1578873,10,4.0,10.0,tt2961282
Pretty Little Liars,4,2013-08-20,2.263,0.9,tt1578873,11,4.0,11.0,tt2961284
Pretty Little Liars,4,2013-08-27,3.325,1.4,tt1578873,12,4.0,12.0,tt2961286
Pretty Little Liars,4,2013-10-22,3.184,1.4,tt1578873,13,4.0,13.0,tt2961288
Pretty Little Liars,4,2014-01-07,3.171,1.21,tt1578873,14,4.0,14.0,tt2961290
Pretty Little Liars,4,2014-01-14,2.393,1.06,tt1578873,15,4.0,15.0,tt3069050
Pretty Little Liars,4,2014-01-21,2.632,1.20,tt1578873,16,4.0,16.0,tt3085434
Pretty Little Liars,4,2014-01-28,2.494,1.03,tt1578873,17,4.0,17.0,tt3131172
Pretty Little Liars,4,2014-02-04,2.164,0.94,tt1578873,18,4.0,18.0,tt3131178
Pretty Little Liars,4,2014-02-11,2.161,0.88,tt1578873,19,4.0,19.0,tt3131180
Pretty Little Liars,4,2014-02-18,2.558,1.02,tt1578873,20,4.0,20.0,tt3131182
Pretty Little Liars,4,2014-02-25,2.171,0.96,tt1578873,21,4.0,21.0,tt3131184
Pretty Little Liars,4,2014-03-04,2.064,0.81,tt1578873,22,4.0,22.0,tt3131188
Pretty Little Liars,4,2014-03-11,1.947,0.83,tt1578873,23,4.0,23.0,tt3131190
Pretty Little Liars,4,2014-03-18,3.116,1.28,tt1578873,24,4.0,24.0,tt3131192
Pretty Little Liars,5,2014-06-10,2.722,1.11,tt1578873,1,5.0,1.0,tt3089420
Pretty Little Liars,5,2014-06-17,2.160,0.91,tt1578873,2,5.0,2.0,tt3679480
Pretty Little Liars,5,2014-06-24,2.276,1.02,tt1578873,3,5.0,3.0,tt3679482
Pretty Little Liars,5,2014-07-01,2.126,0.94,tt1578873,4,5.0,4.0,tt3798226
Pretty Little Liars,5,2014-07-08,2.249,0.98,tt1578873,5,5.0,5.0,tt3691228
Pretty Little Liars,5,2014-07-15,2.128,1.01,tt1578873,6,5.0,6.0,tt3703888
Pretty Little Liars,5,2014-07-22,2.063,1.00,tt1578873,7,5.0,7.0,tt3737958
Pretty Little Liars,5,2014-07-29,1.803,0.75,tt1578873,8,5.0,8.0,tt3839776
Pretty Little Liars,5,2014-08-05,2.050,0.95,tt1578873,9,5.0,9.0,tt3839830
Pretty Little Liars,5,2014-08-12,2.053,0.90,tt1578873,10,5.0,10.0,tt3839834
Pretty Little Liars,5,2014-08-19,1.801,0.76,tt1578873,11,5.0,11.0,tt3839838
Pretty Little Liars,5,2014-08-26,2.294,1.03,tt1578873,12,5.0,12.0,tt3839844
Pretty Little Liars,5,2014-12-09,2.085,0.90,tt1578873,13,5.0,13.0,tt3981672
Pretty Little Liars,5,2015-01-06,2.012,0.95,tt1578873,14,5.0,14.0,tt4080006
Pretty Little Liars,5,2015-01-13,2.024,0.93,tt1578873,15,5.0,15.0,tt3914664
Pretty Little Liars,5,2015-01-20,1.722,0.74,tt1578873,16,5.0,16.0,tt4049372
Pretty Little Liars,5,2015-01-27,1.996,0.92,tt1578873,17,5.0,17.0,tt4289352
Pretty Little Liars,5,2015-02-03,1.797,0.84,tt1578873,18,5.0,18.0,tt4289360
Pretty Little Liars,5,2015-02-10,1.774,0.84,tt1578873,19,5.0,19.0,tt4123836
Pretty Little Liars,5,2015-02-17,2.045,0.89,tt1578873,20,5.0,20.0,tt4289362
Pretty Little Liars,5,2015-02-24,1.577,0.74,tt1578873,21,5.0,21.0,tt4289366
Pretty Little Liars,5,2015-03-03,1.490,0.67,tt1578873,22,5.0,22.0,tt4289368
Pretty Little Liars,5,2015-03-10,1.740,0.86,tt1578873,23,5.0,23.0,tt4289376
Pretty Little Liars,5,2015-03-17,1.698,0.86,tt1578873,24,5.0,24.0,tt4289378
Pretty Little Liars,5,2015-03-24,2.645,1.27,tt1578873,25,5.0,25.0,tt4289382
Pretty Little Liars,6,2015-06-02,2.378,1.06,tt1578873,1,6.0,1.0,tt3794460
Pretty Little Liars,6,2015-06-09,2.133,0.99,tt1578873,2,6.0,2.0,tt4545840
Pretty Little Liars,6,2015-06-16,1.743,0.72,tt1578873,3,6.0,3.0,tt4575902
Pretty Little Liars,6,2015-06-23,1.841,0.75,tt1578873,4,6.0,4.0,tt4575904
Pretty Little Liars,6,2015-06-30,1.795,0.80,tt1578873,5,6.0,5.0,tt4575908
Pretty Little Liars,6,2015-07-14,1.704,0.84,tt1578873,6,6.0,6.0,tt4575914
Pretty Little Liars,6,2015-07-21,1.773,0.79,tt1578873,7,6.0,7.0,tt4575918
Pretty Little Liars,6,2015-07-28,1.584,0.74,tt1578873,8,6.0,8.0,tt4656710
Pretty Little Liars,6,2015-08-04,2.031,0.84,tt1578873,9,6.0,9.0,tt4575922
Pretty Little Liars,6,2015-08-11,3.087,1.39,tt1578873,10,6.0,10.0,tt4575924
Pretty Little Liars,6,2016-01-12,2.246,1.06,tt1578873,11,6.0,11.0,tt4656878
Pretty Little Liars,6,2016-01-19,1.664,0.83,tt1578873,12,6.0,12.0,tt4831666
Pretty Little Liars,6,2016-01-26,1.648,0.79,tt1578873,13,6.0,13.0,tt4843368
Pretty Little Liars,6,2016-02-02,1.391,0.63,tt1578873,14,6.0,14.0,tt4859638
Pretty Little Liars,6,2016-02-09,1.224,0.59,tt1578873,15,6.0,15.0,tt4859634
Pretty Little Liars,6,2016-02-16,1.356,0.69,tt1578873,16,6.0,16.0,tt4859642
Pretty Little Liars,6,2016-02-23,1.271,0.59,tt1578873,17,6.0,17.0,tt4859640
Pretty Little Liars,6,2016-03-01,1.145,0.55,tt1578873,18,6.0,18.0,tt4859644
Pretty Little Liars,6,2016-03-08,1.263,0.66,tt1578873,19,6.0,19.0,tt4859646
Pretty Little Liars,6,2016-03-15,1.186,0.59,tt1578873,20,6.0,20.0,tt4656880
Pretty Little Liars,7,2016-06-21,1.429,0.67,tt1578873,1,7.0,1.0,tt3794462
Pretty Little Liars,7,2016-06-28,1.236,0.56,tt1578873,2,7.0,2.0,tt5537910
Pretty Little Liars,7,2016-07-05,1.117,0.53,tt1578873,3,7.0,3.0,tt5537914
Pretty Little Liars,7,2016-07-12,1.257,0.60,tt1578873,4,7.0,4.0,tt5537920
Pretty Little Liars,7,2016-07-19,1.174,0.57,tt1578873,5,7.0,5.0,tt5537926
Pretty Little Liars,7,2016-08-02,1.101,0.54,tt1578873,6,7.0,6.0,tt5537924
Pretty Little Liars,7,2016-08-09,1.159,0.60,tt1578873,7,7.0,7.0,tt5537930
Pretty Little Liars,7,2016-08-16,1.110,0.55,tt1578873,8,7.0,8.0,tt5537934
Pretty Little Liars,7,2016-08-23,1.090,0.54,tt1578873,9,7.0,9.0,tt5537938
Pretty Little Liars,7,2016-08-30,1.327,0.68,tt1578873,10,7.0,10.0,tt5537940
Pretty Little Liars,7,2017-04-18,1.330,0.65,tt1578873,11,7.0,11.0,tt5537948
Pretty Little Liars,7,2017-04-25,0.915,0.45,tt1578873,12,7.0,12.0,tt5537956
Pretty Little Liars,7,,0.856,0.40,tt1578873,13,7.0,13.0,tt5537970
Pretty Little Liars,7,,0.911,0.45,tt1578873,14,7.0,14.0,tt5537968
Pretty Little Liars,7,,0.851,0.41,tt1578873,15,7.0,15.0,tt5537990
Pretty Little Liars,7,,0.900,0.43,tt1578873,16,7.0,16.0,tt5537988
Pretty Little Liars,7,2017-06-06,0.966,0.50,tt1578873,17,7.0,17.0,tt5538004
Pretty Little Liars,7,2017-06-13,0.961,0.46,tt1578873,18,7.0,18.0,tt5538002
Pretty Little Liars,7,2017-06-20,0.830,0.43,tt1578873,19,7.0,19.0,tt5538006
Pretty Little Liars,7,2017-06-27,1.406,0.72,tt1578873,20,7.0,20.0,tt4728294
Camelot,1,,0.860,0.37,tt1672189,1,1.0,1.0,tt1700506
Camelot,1,2011-04-01,1.125,0.5,tt1672189,2,1.0,2.0,tt1700507
Camelot,1,2011-04-08,0.854,0.4,tt1672189,3,1.0,3.0,tt1700508
Camelot,1,2011-04-15,0.988,0.4,tt1672189,4,1.0,4.0,tt1700509
Camelot,1,2011-04-29,0.985,0.4,tt1672189,5,1.0,5.0,tt1719123
Camelot,1,,0.730,0.3,tt1672189,6,1.0,6.0,tt1719124
Camelot,1,,0.845,0.4,tt1672189,7,1.0,7.0,tt1719125
Camelot,1,,0.712,0.3,tt1672189,8,1.0,8.0,tt1719126
Camelot,1,2011-06-03,1.003,-,tt1672189,9,1.0,9.0,tt1719127
Camelot,1,2011-06-10,1.032,-,tt1672189,10,1.0,10.0,tt1719122
Incorporated,1,2016-11-30,0.523,0.15,tt4118466,1,1.0,1.0,tt5449034
Incorporated,1,2016-12-07,0.539,0.18,tt4118466,2,1.0,2.0,tt5908312
Incorporated,1,2016-12-14,0.572,0.17,tt4118466,3,1.0,3.0,tt5938090
Incorporated,1,2016-12-21,0.542,0.13,tt4118466,4,1.0,4.0,tt5915942
Incorporated,1,2016-12-28,0.464,0.12,tt4118466,5,1.0,5.0,tt5937516
Incorporated,1,2017-01-04,0.424,0.12,tt4118466,6,1.0,6.0,tt5940066
Incorporated,1,2017-01-11,0.499,0.14,tt4118466,7,1.0,7.0,tt5940070
Incorporated,1,2017-01-18,0.406,0.15,tt4118466,8,1.0,8.0,tt5940074
Incorporated,1,2017-01-25,0.547,0.23,tt4118466,9,1.0,9.0,tt6021338
Incorporated,1,2017-01-25,0.409,0.16,tt4118466,10,1.0,10.0,tt6024120
The Lizzie Borden Chronicles,1,2015-04-05,1.137,0.38,tt4145760,1,1.0,1.0,tt4157318
The Lizzie Borden Chronicles,1,2015-04-12,0.985,0.30,tt4145760,2,1.0,2.0,tt4157324
The Lizzie Borden Chronicles,1,2015-04-19,0.723,0.22,tt4145760,3,1.0,3.0,tt4157328
The Lizzie Borden Chronicles,1,2015-04-26,0.799,0.24,tt4145760,4,1.0,4.0,tt4157326
The Lizzie Borden Chronicles,1,,0.817,0.30,tt4145760,5,1.0,5.0,tt4157332
The Lizzie Borden Chronicles,1,,0.581,0.22,tt4145760,6,1.0,6.0,tt4157338
The Lizzie Borden Chronicles,1,,0.773,0.26,tt4145760,7,1.0,7.0,tt4319708
The Lizzie Borden Chronicles,1,,0.705,0.24,tt4145760,8,1.0,8.0,tt4319712
White Collar,1,2009-10-23,5.400,1.4,tt1358522,1,1.0,1.0,tt1487818
White Collar,1,2009-10-30,5.075,1.2,tt1358522,2,1.0,2.0,tt1498688
White Collar,1,2009-11-06,3.848,0.9,tt1358522,3,1.0,3.0,tt1519764
White Collar,1,2009-11-13,4.278,1.1,tt1358522,4,1.0,4.0,tt1520240
White Collar,1,2009-11-20,4.559,1.2,tt1358522,5,1.0,5.0,tt1520241
White Collar,1,2009-11-27,4.401,1.3,tt1358522,6,1.0,6.0,tt1518791
White Collar,1,2009-12-04,5.548,1.6,tt1358522,7,1.0,7.0,tt1524036
White Collar,1,2010-01-19,4.722,1.6,tt1358522,8,1.0,8.0,tt1535940
White Collar,1,2010-01-26,4.322,1.3,tt1358522,9,1.0,9.0,tt1576646
White Collar,1,2010-02-02,2.892,0.9,tt1358522,10,1.0,10.0,tt1587661
White Collar,1,2010-02-09,3.827,1.3,tt1358522,11,1.0,11.0,tt1592124
White Collar,1,2010-02-23,3.568,1.2,tt1358522,12,1.0,12.0,tt1596550
White Collar,1,2010-03-02,3.484,1.1,tt1358522,13,1.0,13.0,tt1609460
White Collar,1,2010-03-09,4.035,1.4,tt1358522,14,1.0,14.0,tt1610977
White Collar,2,2010-07-13,4.290,1.2,tt1358522,1,2.0,1.0,tt1646062
White Collar,2,2010-07-20,3.961,1.2,tt1358522,2,2.0,2.0,tt1648911
White Collar,2,2010-07-27,3.723,1.0,tt1358522,3,2.0,3.0,tt1650377
White Collar,2,2010-08-03,4.096,1.3,tt1358522,4,2.0,4.0,tt1657266
White Collar,2,2010-08-10,3.997,1.1,tt1358522,5,2.0,5.0,tt1656888
White Collar,2,2010-08-17,4.481,1.5,tt1358522,6,2.0,6.0,tt1669766
White Collar,2,2010-08-24,4.596,1.3,tt1358522,7,2.0,7.0,tt1699105
White Collar,2,2010-08-31,4.444,1.3,tt1358522,8,2.0,8.0,tt1699106
White Collar,2,,4.715,1.4,tt1358522,9,2.0,9.0,tt1699107
White Collar,2,2011-01-18,3.810,1.3,tt1358522,10,2.0,10.0,tt1791429
White Collar,2,2011-01-25,3.898,1.3,tt1358522,11,2.0,11.0,tt1791430
White Collar,2,2011-02-01,3.460,1.3,tt1358522,12,2.0,12.0,tt1715177
White Collar,2,2011-02-08,3.460,1.1,tt1358522,13,2.0,13.0,tt1715700
White Collar,2,2011-02-22,3.268,1.2,tt1358522,14,2.0,14.0,tt1763153
White Collar,2,2011-03-01,3.301,1.1,tt1358522,15,2.0,15.0,tt1763154
White Collar,2,2011-03-08,3.808,1.3,tt1358522,16,2.0,16.0,tt1699104
White Collar,3,2011-06-07,3.900,1.2,tt1358522,1,3.0,1.0,tt1880095
White Collar,3,2011-06-14,3.714,1.1,tt1358522,2,3.0,2.0,tt1904764
White Collar,3,2011-06-21,3.673,1.1,tt1358522,3,3.0,3.0,tt1900784
White Collar,3,2011-06-28,3.722,1.1,tt1358522,4,3.0,4.0,tt1918586
White Collar,3,2011-07-05,4.191,1.3,tt1358522,5,3.0,5.0,tt1975778
White Collar,3,2011-07-12,3.839,1.2,tt1358522,6,3.0,6.0,tt1942779
White Collar,3,2011-07-19,4.184,1.2,tt1358522,7,3.0,7.0,tt1942780
White Collar,3,2011-07-26,3.889,1.2,tt1358522,8,3.0,8.0,tt1954069
White Collar,3,2011-08-02,3.712,1.3,tt1358522,9,3.0,9.0,tt1991864
White Collar,3,2011-08-09,4.298,1.5,tt1358522,10,3.0,10.0,tt1991862
White Collar,3,2012-01-17,3.225,1.1,tt1358522,11,3.0,11.0,tt1991863
White Collar,3,2012-01-24,3.472,1.1,tt1358522,12,3.0,12.0,tt1989411
White Collar,3,2012-01-31,3.042,1.0,tt1358522,13,3.0,13.0,tt2040235
White Collar,3,2012-02-07,2.469,0.8,tt1358522,14,3.0,14.0,tt2014136
White Collar,3,2012-02-21,2.313,0.7,tt1358522,15,3.0,15.0,tt2057883
White Collar,3,2012-02-28,2.547,0.7,tt1358522,16,3.0,16.0,tt2261105
White Collar,4,2012-07-10,3.207,1.0,tt1358522,1,4.0,1.0,tt2287485
White Collar,4,2012-07-17,2.980,1.0,tt1358522,2,4.0,2.0,tt2362995
White Collar,4,2012-07-24,3.007,0.9,tt1358522,3,4.0,3.0,tt2206802
White Collar,4,2012-07-31,2.817,0.9,tt1358522,4,4.0,4.0,tt2362997
White Collar,4,2012-08-14,2.929,0.9,tt1358522,5,4.0,5.0,tt2206810
White Collar,4,2012-08-21,3.892,1.1,tt1358522,6,4.0,6.0,tt2206808
White Collar,4,2012-08-28,3.357,0.9,tt1358522,7,4.0,7.0,tt2206820
White Collar,4,,3.381,1.0,tt1358522,8,4.0,8.0,tt2206812
White Collar,4,,3.799,1.2,tt1358522,9,4.0,9.0,tt2206814
White Collar,4,,3.411,1.0,tt1358522,10,4.0,10.0,tt2206822
White Collar,4,2013-01-22,2.768,0.9,tt1358522,11,4.0,11.0,tt2547362
White Collar,4,2013-01-29,2.608,0.9,tt1358522,12,4.0,12.0,tt2547360
White Collar,4,2013-02-05,2.283,0.6,tt1358522,13,4.0,13.0,tt2653872
White Collar,4,2013-02-19,2.422,0.7,tt1358522,14,4.0,14.0,tt2664918
White Collar,4,2013-02-26,2.213,0.7,tt1358522,15,4.0,15.0,tt2664898
White Collar,4,2013-03-05,2.358,0.6,tt1358522,16,4.0,16.0,tt2664900
White Collar,5,2013-10-17,2.531,0.55,tt1358522,1,5.0,1.0,tt3109468
White Collar,5,2013-10-24,2.134,0.51,tt1358522,2,5.0,2.0,tt3121858
White Collar,5,2013-10-31,2.381,0.61,tt1358522,3,5.0,3.0,tt3121862
White Collar,5,2013-11-07,2.243,0.51,tt1358522,4,5.0,4.0,tt3121864
White Collar,5,2013-11-14,2.211,0.57,tt1358522,5,5.0,5.0,tt3121866
White Collar,5,2013-11-21,2.497,0.68,tt1358522,6,5.0,6.0,tt3121868
White Collar,5,2013-12-05,2.124,0.55,tt1358522,7,5.0,7.0,tt3107062
White Collar,5,2013-12-12,2.092,0.47,tt1358522,8,5.0,8.0,tt3121872
White Collar,5,2013-12-19,2.520,0.62,tt1358522,9,5.0,9.0,tt3142626
White Collar,5,2014-01-09,2.819,0.76,tt1358522,10,5.0,10.0,tt3238752
White Collar,5,2014-01-16,2.653,0.73,tt1358522,11,5.0,11.0,tt3238754
White Collar,5,2013-01-23,2.750,0.77,tt1358522,12,5.0,12.0,tt3238756
White Collar,5,2014-01-30,2.994,0.76,tt1358522,13,5.0,13.0,tt3206232
White Collar,6,2014-11-06,1.544,0.39,tt1358522,1,6.0,1.0,tt3612322
White Collar,6,2014-11-13,1.362,0.32,tt1358522,2,6.0,2.0,tt3781984
White Collar,6,2014-11-20,1.376,0.36,tt1358522,3,6.0,3.0,tt3781990
White Collar,6,2014-12-04,1.593,0.36,tt1358522,4,6.0,4.0,tt3781992
White Collar,6,2014-12-11,1.570,0.44,tt1358522,5,6.0,5.0,tt3782006
White Collar,6,2014-12-18,1.868,0.45,tt1358522,6,6.0,6.0,tt3782008
Wakefield,1,2021-10-18,0.030,0.00,tt13556320,1,1.0,1.0,tt13671336
Wakefield,1,2021-10-25,0.037,0.00,tt13556320,2,1.0,2.0,tt13581214
Wakefield,1,2021-11-01,0.055,0.00,tt13556320,3,1.0,3.0,tt13671338
Wakefield,1,2021-11-08,0.066,0.00,tt13556320,4,1.0,4.0,tt13671342
Wakefield,1,2021-11-15,0.038,0.01,tt13556320,5,1.0,5.0,tt13671340
Wakefield,1,2021-11-22,0.090,0.01,tt13556320,6,1.0,6.0,tt13671344
Wakefield,1,2021-11-29,0.034,0.00,tt13556320,7,1.0,7.0,tt13671346
Wakefield,1,2021-12-06,0.045,0.00,tt13556320,8,1.0,8.0,tt13671348
The Fosters,1,2013-06-03,1.423,0.6,tt2262532,1,1.0,1.0,tt2767510
The Fosters,1,2013-06-10,1.700,0.6,tt2262532,2,1.0,2.0,tt2842400
The Fosters,1,2013-06-17,1.250,0.5,tt2262532,3,1.0,3.0,tt2842404
The Fosters,1,2013-06-24,1.893,0.6,tt2262532,4,1.0,4.0,tt2842406
The Fosters,1,2013-07-01,1.781,0.7,tt2262532,5,1.0,5.0,tt2842408
The Fosters,1,2013-07-08,1.766,0.7,tt2262532,6,1.0,6.0,tt2906704
The Fosters,1,2013-07-15,1.786,0.6,tt2262532,7,1.0,7.0,tt2906712
The Fosters,1,2013-07-22,1.894,0.8,tt2262532,8,1.0,8.0,tt2906714
The Fosters,1,2013-07-29,1.877,0.7,tt2262532,9,1.0,9.0,tt2906716
The Fosters,1,2013-08-05,2.073,0.8,tt2262532,10,1.0,10.0,tt2906718
The Fosters,1,2014-01-13,1.918,0.75,tt2262532,11,1.0,11.0,tt3304534
The Fosters,1,2014-01-20,2.144,0.87,tt2262532,12,1.0,12.0,tt3360642
The Fosters,1,2014-01-27,1.877,0.69,tt2262532,13,1.0,13.0,tt3319242
The Fosters,1,2014-02-03,1.796,0.63,tt2262532,14,1.0,14.0,tt3360640
The Fosters,1,2014-02-10,1.833,0.70,tt2262532,15,1.0,15.0,tt3360646
The Fosters,1,2014-02-17,1.679,0.62,tt2262532,16,1.0,16.0,tt3360648
The Fosters,1,2014-02-24,1.483,0.55,tt2262532,17,1.0,17.0,tt3360652
The Fosters,1,2014-03-03,1.511,0.58,tt2262532,18,1.0,18.0,tt3360660
The Fosters,1,2014-03-10,1.208,0.52,tt2262532,19,1.0,19.0,tt3360654
The Fosters,1,2014-03-17,1.204,0.45,tt2262532,20,1.0,20.0,tt3360658
The Fosters,1,2014-03-24,1.285,0.51,tt2262532,21,1.0,21.0,tt3495846
The Fosters,2,2014-06-16,1.465,0.50,tt2262532,1,2.0,1.0,tt3254758
The Fosters,2,2014-06-23,1.445,0.58,tt2262532,2,2.0,2.0,tt3360664
The Fosters,2,2014-06-30,1.374,0.61,tt2262532,3,2.0,3.0,tt3360666
The Fosters,2,2014-07-07,1.421,0.62,tt2262532,4,2.0,4.0,tt3360670
The Fosters,2,2014-07-14,1.616,0.65,tt2262532,5,2.0,5.0,tt3360668
The Fosters,2,2014-07-21,1.512,0.60,tt2262532,6,2.0,6.0,tt3360672
The Fosters,2,2014-07-28,1.444,0.60,tt2262532,7,2.0,7.0,tt3360674
The Fosters,2,2014-08-04,1.382,0.53,tt2262532,8,2.0,8.0,tt3360680
The Fosters,2,2014-08-11,1.356,0.54,tt2262532,9,2.0,9.0,tt3360682
The Fosters,2,2014-08-18,1.478,0.62,tt2262532,10,2.0,10.0,tt3360678
The Fosters,2,2014-12-08,1.927,0.70,tt2262532,11,2.0,11.0,tt3877130
The Fosters,2,2015-01-19,1.448,0.53,tt2262532,12,2.0,12.0,tt3464976
The Fosters,2,2015-01-26,1.203,0.49,tt2262532,13,2.0,13.0,tt3877136
The Fosters,2,2015-02-02,1.256,0.47,tt2262532,14,2.0,14.0,tt3465124
The Fosters,2,2015-02-09,1.239,0.45,tt2262532,15,2.0,15.0,tt3877134
The Fosters,2,2015-02-16,1.276,0.53,tt2262532,16,2.0,16.0,tt3465128
The Fosters,2,2015-02-23,1.250,0.45,tt2262532,17,2.0,17.0,tt4175116
The Fosters,2,2015-03-02,1.227,0.51,tt2262532,18,2.0,18.0,tt4209564
The Fosters,2,2015-03-09,1.144,0.42,tt2262532,19,2.0,19.0,tt4209574
The Fosters,2,2015-03-16,1.317,0.57,tt2262532,20,2.0,20.0,tt4219868
The Fosters,2,2015-03-23,1.448,0.62,tt2262532,21,2.0,21.0,tt4287128
The Fosters,3,2015-06-08,1.261,0.47,tt2262532,1,3.0,1.0,tt4590986
The Fosters,3,2015-06-15,0.970,0.41,tt2262532,2,3.0,2.0,tt4612424
The Fosters,3,2015-06-22,1.004,0.42,tt2262532,3,3.0,3.0,tt4623118
The Fosters,3,2015-06-29,1.185,0.49,tt2262532,4,3.0,4.0,tt4659554
The Fosters,3,2015-07-06,1.295,0.51,tt2262532,5,3.0,5.0,tt4659562
The Fosters,3,2015-07-13,1.302,0.51,tt2262532,6,3.0,6.0,tt4659566
The Fosters,3,2015-07-20,1.332,0.54,tt2262532,7,3.0,7.0,tt4733762
The Fosters,3,2015-08-03,1.225,0.54,tt2262532,8,3.0,8.0,tt4733768
The Fosters,3,2015-08-10,1.065,0.40,tt2262532,9,3.0,9.0,tt4800742
The Fosters,3,2015-08-17,1.246,0.52,tt2262532,10,3.0,10.0,tt4800768
The Fosters,3,2016-01-25,1.054,0.43,tt2262532,11,3.0,11.0,tt4972814
The Fosters,3,2016-02-01,0.789,0.32,tt2262532,12,3.0,12.0,tt4977552
The Fosters,3,2016-02-08,0.837,0.29,tt2262532,13,3.0,13.0,tt5117000
The Fosters,3,2016-02-15,0.814,0.29,tt2262532,14,3.0,14.0,tt5174848
The Fosters,3,2016-02-22,0.788,0.30,tt2262532,15,3.0,15.0,tt5226014
The Fosters,3,2016-02-29,0.673,0.26,tt2262532,16,3.0,16.0,tt5270412
The Fosters,3,2016-03-07,0.844,0.34,tt2262532,17,3.0,17.0,tt5270410
The Fosters,3,2016-03-14,0.731,0.30,tt2262532,18,3.0,18.0,tt5270408
The Fosters,3,2016-03-21,0.800,0.31,tt2262532,19,3.0,19.0,tt5351560
The Fosters,3,2016-03-28,0.778,0.30,tt2262532,20,3.0,20.0,tt5341856
The Fosters,4,2016-06-20,0.907,0.39,tt2262532,1,4.0,1.0,tt5239008
The Fosters,4,2016-06-27,1.045,0.47,tt2262532,2,4.0,2.0,tt5606020
The Fosters,4,2016-07-11,0.798,0.34,tt2262532,3,4.0,3.0,tt5606024
The Fosters,4,2016-07-18,0.822,0.33,tt2262532,4,4.0,4.0,tt5606026
The Fosters,4,2016-07-25,0.848,0.34,tt2262532,5,4.0,5.0,tt5606028
The Fosters,4,2016-08-01,0.937,0.43,tt2262532,6,4.0,6.0,tt5606036
The Fosters,4,2016-08-08,0.802,0.34,tt2262532,7,4.0,7.0,tt5606038
The Fosters,4,2016-08-15,0.884,0.36,tt2262532,8,4.0,8.0,tt5606042
The Fosters,4,2016-08-22,0.879,0.36,tt2262532,9,4.0,9.0,tt5606044
The Fosters,4,2016-08-29,0.989,0.44,tt2262532,10,4.0,10.0,tt5606050
The Fosters,4,2017-01-31,0.916,0.40,tt2262532,11,4.0,11.0,tt5606058
The Fosters,4,2017-02-07,0.675,0.27,tt2262532,12,4.0,12.0,tt5606064
The Fosters,4,2017-02-14,0.759,0.29,tt2262532,13,4.0,13.0,tt5606072
The Fosters,4,2017-02-21,0.730,0.28,tt2262532,14,4.0,14.0,tt5606080
The Fosters,4,2017-02-28,0.658,0.26,tt2262532,15,4.0,15.0,tt5606084
The Fosters,4,2017-03-14,0.705,0.28,tt2262532,16,4.0,16.0,tt5606086
The Fosters,4,2017-03-21,0.686,0.29,tt2262532,17,4.0,17.0,tt5606088
The Fosters,4,2017-03-28,0.693,0.29,tt2262532,18,4.0,18.0,tt5606090
The Fosters,4,2017-04-04,0.617,0.26,tt2262532,19,4.0,19.0,tt5606094
The Fosters,4,2017-04-11,0.720,0.30,tt2262532,20,4.0,20.0,tt5606096
The Fosters,5,2017-07-11,0.872,0.33,tt2262532,1,5.0,1.0,tt6489136
The Fosters,5,2017-07-18,0.687,0.30,tt2262532,2,5.0,2.0,tt6489134
The Fosters,5,2017-07-25,0.764,0.29,tt2262532,3,5.0,3.0,tt6489138
The Fosters,5,2017-08-01,0.657,0.25,tt2262532,4,5.0,4.0,tt6489144
The Fosters,5,2017-08-08,0.694,0.29,tt2262532,5,5.0,5.0,tt6489142
The Fosters,5,2017-08-15,0.612,0.25,tt2262532,6,5.0,6.0,tt6489150
The Fosters,5,2017-08-22,0.586,0.21,tt2262532,7,5.0,7.0,tt6489148
The Fosters,5,2017-08-29,0.577,0.24,tt2262532,8,5.0,8.0,tt6489152
The Fosters,5,,0.743,0.33,tt2262532,9,5.0,9.0,tt6489154
The Fosters,5,2018-01-09,0.517,0.22,tt2262532,10,5.0,10.0,tt6489158
The Fosters,5,2018-01-16,0.703,0.25,tt2262532,11,5.0,11.0,tt6489156
The Fosters,5,2018-01-23,0.616,0.26,tt2262532,12,5.0,12.0,tt6489162
The Fosters,5,2018-01-30,0.560,0.21,tt2262532,13,5.0,13.0,tt6489164
The Fosters,5,2018-02-06,0.574,0.25,tt2262532,14,5.0,14.0,tt6489166
The Fosters,5,2018-02-13,0.521,0.20,tt2262532,15,5.0,15.0,tt6489170
The Fosters,5,2018-02-27,0.542,0.23,tt2262532,16,5.0,16.0,tt6489172
The Fosters,5,2018-03-06,0.504,0.18,tt2262532,17,5.0,17.0,tt6489174
The Fosters,5,2018-03-13,0.530,0.21,tt2262532,18,5.0,18.0,tt6489176
The Fosters,5,2018-03-13,0.483,0.17,tt2262532,19,5.0,19.0,tt6489180
The Fosters,5,2018-06-04,0.634,0.27,tt2262532,20,5.0,20.0,tt8138444
The Fosters,5,2018-06-05,0.607,0.28,tt2262532,21,5.0,21.0,tt8138454
The Fosters,5,2018-06-06,0.633,0.27,tt2262532,22,5.0,22.0,tt8020450
Eyewitness,1,2016-10-16,0.765,0.20,tt5369352,1,1.0,1.0,tt5670260
Eyewitness,1,2016-10-23,0.632,0.15,tt5369352,2,1.0,2.0,tt5674696
Eyewitness,1,2016-10-30,0.563,0.20,tt5369352,3,1.0,3.0,tt5674710
Eyewitness,1,2016-11-06,0.568,0.15,tt5369352,4,1.0,4.0,tt5674744
Eyewitness,1,2016-11-13,0.610,0.15,tt5369352,5,1.0,5.0,tt5674760
Eyewitness,1,2016-11-20,0.622,0.16,tt5369352,6,1.0,6.0,tt5674786
Eyewitness,1,2016-11-27,0.610,0.17,tt5369352,7,1.0,7.0,tt5674806
Eyewitness,1,2016-12-04,0.645,0.18,tt5369352,8,1.0,8.0,tt5674812
Eyewitness,1,2016-12-11,0.638,0.15,tt5369352,9,1.0,9.0,tt5674814
Eyewitness,1,2016-12-18,0.741,0.20,tt5369352,10,1.0,10.0,tt5674836
The Knick,1,2014-08-08,0.354,0.10,tt2937900,1,1.0,1.0,tt3270666
The Knick,1,2014-08-15,0.419,0.13,tt2937900,2,1.0,2.0,tt3237960
The Knick,1,2014-08-22,0.407,0.13,tt2937900,3,1.0,3.0,tt3237470
The Knick,1,,0.374,0.13,tt2937900,4,1.0,4.0,tt3264168
The Knick,1,,0.322,0.06,tt2937900,5,1.0,5.0,tt3264160
The Knick,1,,0.358,0.11,tt2937900,6,1.0,6.0,tt3270682
The Knick,1,,0.358,0.12,tt2937900,7,1.0,7.0,tt3246584
The Knick,1,2014-10-03,0.349,0.09,tt2937900,8,1.0,8.0,tt3264170
The Knick,1,2014-10-10,0.319,0.09,tt2937900,9,1.0,9.0,tt3270696
The Knick,1,2014-10-17,0.413,0.09,tt2937900,10,1.0,10.0,tt3264172
The Knick,2,2015-10-16,0.269,0.07,tt2937900,1,2.0,1.0,tt3861348
The Knick,2,2015-10-23,0.229,0.06,tt2937900,2,2.0,2.0,tt3923556
The Knick,2,2015-10-30,0.202,0.05,tt2937900,3,2.0,3.0,tt3923562
The Knick,2,2015-11-06,0.166,0.03,tt2937900,4,2.0,4.0,tt3923568
The Knick,2,2015-11-13,0.255,0.06,tt2937900,5,2.0,5.0,tt3923576
The Knick,2,2015-11-20,0.195,0.05,tt2937900,6,2.0,6.0,tt3923582
The Knick,2,2015-11-27,0.347,0.09,tt2937900,7,2.0,7.0,tt3923574
The Knick,2,2015-12-04,0.266,0.05,tt2937900,8,2.0,8.0,tt3923564
The Knick,2,2015-12-11,0.199,0.04,tt2937900,9,2.0,9.0,tt3923558
The Knick,2,2015-12-18,0.275,0.05,tt2937900,10,2.0,10.0,tt3896912
The Shannara Chronicles,1,,1.031,0.48,tt1051220,1,1.0,1.0,tt4197134
The Shannara Chronicles,1,,1.511,0.59,tt1051220,2,1.0,2.0,tt4284246
The Shannara Chronicles,1,2016-01-12,0.919,0.38,tt1051220,3,1.0,3.0,tt4284248
The Shannara Chronicles,1,2016-01-19,0.751,0.31,tt1051220,4,1.0,4.0,tt4284252
The Shannara Chronicles,1,2016-01-26,1.029,0.49,tt1051220,5,1.0,5.0,tt4284256
The Shannara Chronicles,1,2016-02-02,0.969,0.44,tt1051220,6,1.0,6.0,tt4284260
The Shannara Chronicles,1,2016-02-09,0.801,0.35,tt1051220,7,1.0,7.0,tt4284258
The Shannara Chronicles,1,2016-02-16,0.778,0.32,tt1051220,8,1.0,8.0,tt4284264
The Shannara Chronicles,1,2016-02-23,0.723,0.33,tt1051220,9,1.0,9.0,tt4284262
The Shannara Chronicles,1,2016-03-01,0.854,0.40,tt1051220,10,1.0,10.0,tt4284266
The Shannara Chronicles,1,,0.889,0.40,tt1051220,11,,,
The Shannara Chronicles,2,2017-10-11,0.314,0.10,tt1051220,1,2.0,1.0,tt5651740
The Shannara Chronicles,2,2017-10-18,0.206,0.10,tt1051220,2,2.0,2.0,tt5668444
The Shannara Chronicles,2,2017-10-25,0.225,0.09,tt1051220,3,2.0,3.0,tt5668446
The Shannara Chronicles,2,2017-11-01,0.156,0.07,tt1051220,4,2.0,4.0,tt5668448
The Shannara Chronicles,2,2017-11-08,0.240,0.09,tt1051220,5,2.0,5.0,tt5668450
The Shannara Chronicles,2,2017-11-08,0.265,0.08,tt1051220,6,2.0,6.0,tt5668454
The Shannara Chronicles,2,2017-11-15,0.270,0.12,tt1051220,7,2.0,7.0,tt5668456
The Shannara Chronicles,2,2017-11-15,0.284,0.10,tt1051220,8,2.0,8.0,tt5668458
The Shannara Chronicles,2,2017-11-22,0.257,0.09,tt1051220,9,2.0,9.0,tt5668460
The Shannara Chronicles,2,2017-11-22,0.239,0.07,tt1051220,10,2.0,10.0,tt5668462
The Jim Gaffigan Show Combined,1,2015-07-15,1.580,0.44,tt3484406,1,1.0,1.0,tt4653014
The Jim Gaffigan Show Combined,1,2015-07-22,1.470,0.41,tt3484406,2,1.0,2.0,tt4845714
The Jim Gaffigan Show Combined,1,2015-07-29,1.290,0.36,tt3484406,3,1.0,3.0,tt4692504
The Jim Gaffigan Show Combined,1,2015-08-05,1.160,0.30,tt3484406,4,1.0,4.0,tt4762184
The Jim Gaffigan Show Combined,1,2015-08-12,1.320,0.40,tt3484406,5,1.0,5.0,tt4711638
The Jim Gaffigan Show Combined,1,2015-08-19,1.280,0.35,tt3484406,6,1.0,6.0,tt4621478
The Jim Gaffigan Show Combined,1,2015-08-26,1.180,0.32,tt3484406,7,1.0,7.0,tt4704876
The Jim Gaffigan Show Combined,1,,0.570,0.16,tt3484406,8,1.0,8.0,tt4919522
The Jim Gaffigan Show Combined,1,,1.100,0.26,tt3484406,9,1.0,9.0,tt4919528
The Jim Gaffigan Show Combined,1,,1.120,0.33,tt3484406,10,1.0,10.0,tt4919532
The Jim Gaffigan Show Combined,1,,1.120,0.31,tt3484406,11,1.0,11.0,tt4919534
The Jim Gaffigan Show,2,,0.471,0.11,tt3484406,1,2.0,1.0,tt5434352
The Jim Gaffigan Show,2,,0.485,0.14,tt3484406,2,2.0,2.0,tt5733998
The Jim Gaffigan Show,2,,0.343,0.08,tt3484406,3,2.0,3.0,tt5539732
The Jim Gaffigan Show,2,,0.429,0.13,tt3484406,4,2.0,4.0,tt5827920
The Jim Gaffigan Show,2,2016-06-26,0.453,0.10,tt3484406,5,2.0,5.0,tt5710890
The Jim Gaffigan Show,2,2016-07-03,0.466,0.12,tt3484406,6,2.0,6.0,tt5746834
The Jim Gaffigan Show,2,2016-07-10,0.373,0.12,tt3484406,7,2.0,7.0,tt5827928
The Jim Gaffigan Show,2,2016-07-17,0.451,0.11,tt3484406,8,2.0,8.0,tt5593424
The Jim Gaffigan Show,2,2016-07-24,0.443,0.11,tt3484406,9,2.0,9.0,tt5827914
The Jim Gaffigan Show,2,2016-07-31,0.470,0.11,tt3484406,10,2.0,10.0,tt5593432
The Jim Gaffigan Show,2,2016-08-07,0.470,0.13,tt3484406,11,2.0,11.0,tt5827772
The Jim Gaffigan Show,2,2016-08-14,0.490,0.11,tt3484406,12,2.0,12.0,tt5746850
The Jim Gaffigan Show,2,2016-08-21,0.442,0.13,tt3484406,13,,,
The Jim Gaffigan Show,2,2016-08-21,0.407,0.11,tt3484406,14,,,
The Jim Gaffigan Show,2,,0.440,0.11,tt3484406,15,,,
The Bold Type,1,,0.235,0.12,tt6116060,1,1.0,1.0,tt6142810
The Bold Type,1,2017-07-11,0.355,0.16,tt6116060,2,1.0,2.0,tt7082282
The Bold Type,1,2017-07-11,0.302,0.14,tt6116060,3,1.0,3.0,tt7082284
The Bold Type,1,2017-07-18,0.275,0.13,tt6116060,4,1.0,4.0,tt7082200
The Bold Type,1,2017-07-25,0.359,0.16,tt6116060,5,1.0,5.0,tt7130200
The Bold Type,1,2017-08-01,0.352,0.19,tt6116060,6,1.0,6.0,tt7132962
The Bold Type,1,2017-08-08,0.339,0.17,tt6116060,7,1.0,7.0,tt7152060
The Bold Type,1,2017-08-15,0.294,0.13,tt6116060,8,1.0,8.0,tt7149416
The Bold Type,1,2017-08-22,0.280,0.12,tt6116060,9,1.0,9.0,tt7124234
The Bold Type,1,2017-08-29,0.360,0.17,tt6116060,10,1.0,10.0,tt7124238
The Bold Type,1,,0.331,0.16,tt6116060,11,,,
The Bold Type,1,,0.325,0.15,tt6116060,12,,,
The Bold Type,2,2018-06-12,0.302,0.14,tt6116060,1,2.0,1.0,tt7557276
The Bold Type,2,2018-06-12,0.184,0.09,tt6116060,2,2.0,2.0,tt8085690
The Bold Type,2,2018-06-19,0.400,0.17,tt6116060,3,2.0,3.0,tt8085692
The Bold Type,2,2018-06-26,0.334,0.14,tt6116060,4,2.0,4.0,tt8085698
The Bold Type,2,2018-07-03,0.360,0.15,tt6116060,5,2.0,5.0,tt8085704
The Bold Type,2,2018-07-10,0.336,0.15,tt6116060,6,2.0,6.0,tt8085710
The Bold Type,2,2018-07-17,0.265,0.12,tt6116060,7,2.0,7.0,tt8085714
The Bold Type,2,2018-07-24,0.328,0.15,tt6116060,8,2.0,8.0,tt8085718
The Bold Type,2,2018-07-31,0.285,0.11,tt6116060,9,2.0,9.0,tt8085720
The Bold Type,2,2018-08-07,0.305,0.13,tt6116060,10,2.0,10.0,tt8085722
The Bold Type,3,2019-04-09,0.181,0.09,tt6116060,1,3.0,1.0,tt7557292
The Bold Type,3,2019-04-16,0.223,0.09,tt6116060,2,3.0,2.0,tt8731916
The Bold Type,3,2019-04-23,0.241,0.09,tt6116060,3,3.0,3.0,tt8731918
The Bold Type,3,2019-04-30,0.242,0.09,tt6116060,4,3.0,4.0,tt8731920
The Bold Type,3,,0.171,0.08,tt6116060,5,3.0,5.0,tt8926928
The Bold Type,3,,0.244,0.12,tt6116060,6,3.0,6.0,tt8926930
The Bold Type,3,,0.255,0.12,tt6116060,7,3.0,7.0,tt8926932
The Bold Type,3,,0.301,0.12,tt6116060,8,3.0,8.0,tt8926934
The Bold Type,3,2019-06-04,0.248,0.11,tt6116060,9,3.0,9.0,tt8926936
The Bold Type,3,2019-06-11,0.267,0.11,tt6116060,10,3.0,10.0,tt8926938
The Bold Type,4,2020-01-23,0.133,0.05,tt6116060,1,4.0,1.0,tt10601376
The Bold Type,4,2020-01-30,0.230,0.11,tt6116060,2,4.0,2.0,tt11669200
The Bold Type,4,2020-02-06,0.147,0.05,tt6116060,3,4.0,3.0,tt11568664
The Bold Type,4,2020-02-13,0.106,0.04,tt6116060,4,4.0,4.0,tt11156002
The Bold Type,4,2020-02-20,0.129,0.05,tt6116060,5,4.0,5.0,tt11383932
The Bold Type,4,2020-02-27,0.145,0.05,tt6116060,6,4.0,6.0,tt11151040
The Bold Type,4,2020-03-05,0.127,0.05,tt6116060,7,4.0,7.0,tt11151048
The Bold Type,4,2020-03-12,0.157,0.06,tt6116060,8,4.0,8.0,tt11880016
The Bold Type,4,2020-03-19,0.166,0.07,tt6116060,9,4.0,9.0,tt11880022
The Bold Type,4,2020-03-26,0.164,0.07,tt6116060,10,4.0,10.0,tt11880028
The Bold Type,4,2020-06-11,0.188,0.07,tt6116060,11,4.0,11.0,tt12234126
The Bold Type,4,2020-06-18,0.180,0.08,tt6116060,12,4.0,12.0,tt12498814
The Bold Type,4,2020-06-25,0.171,0.07,tt6116060,13,4.0,13.0,tt12545780
The Bold Type,4,2020-07-02,0.168,0.07,tt6116060,14,4.0,14.0,tt12593706
The Bold Type,4,2020-07-09,0.184,0.06,tt6116060,15,4.0,15.0,tt12605302
The Bold Type,4,2020-07-16,0.202,0.06,tt6116060,16,4.0,16.0,tt12605304
The Bold Type,5,,0.176,0.07,tt6116060,1,5.0,1.0,tt13930222
The Bold Type,5,2021-06-02,0.141,0.07,tt6116060,2,5.0,2.0,tt13930226
The Bold Type,5,2021-06-09,0.177,0.05,tt6116060,3,5.0,3.0,tt13930224
The Bold Type,5,2021-06-16,0.142,0.05,tt6116060,4,5.0,4.0,tt13930230
The Bold Type,5,2021-06-23,0.186,0.05,tt6116060,5,5.0,5.0,tt13930228
The Bold Type,5,2021-06-30,0.206,0.07,tt6116060,6,5.0,6.0,tt13930232
Dig,1,2015-03-05,1.834,0.56,tt3597606,1,1.0,1.0,tt3641738
Dig,1,2015-03-12,1.446,0.42,tt3597606,2,1.0,2.0,tt3641740
Dig,1,2015-03-19,1.428,0.40,tt3597606,3,1.0,3.0,tt4389352
Dig,1,2015-03-26,1.337,0.38,tt3597606,4,1.0,4.0,tt4193974
Dig,1,2015-04-02,0.925,0.21,tt3597606,5,1.0,5.0,tt4354344
Dig,1,2015-04-09,0.948,0.26,tt3597606,6,1.0,6.0,tt4163272
Dig,1,2015-04-16,1.075,0.28,tt3597606,7,1.0,7.0,tt4389354
Dig,1,2015-04-23,0.937,0.21,tt3597606,8,1.0,8.0,tt4389362
Dig,1,2015-04-30,1.085,0.19,tt3597606,9,1.0,9.0,tt4259134
Dig,1,,1.051,0.28,tt3597606,10,1.0,10.0,tt4139620
Sex and the City,1,1998-06-06,3.71,2.9,tt0159206,1,1.0,1.0,tt0698663
Sex and the City,1,1998-06-06,3.84,3.0,tt0159206,2,1.0,2.0,tt0698649
Sex and the City,1,1998-06-21,2.94,2.1,tt0159206,3,1.0,3.0,tt0698618
Sex and the City,1,1999-06-28,1.95,1.5,tt0159206,4,1.0,4.0,tt0698697
Sex and the City,1,1998-07-05,2.37,1.7,tt0159206,5,1.0,5.0,tt0698688
Sex and the City,1,1998-07-12,2.80,2.2,tt0159206,6,1.0,6.0,tt0698661
Sex and the City,1,1998-07-19,2.38,1.8,tt0159206,7,1.0,7.0,tt0698685
Sex and the City,1,1998-07-26,2.75,2.0,tt0159206,8,1.0,8.0,tt0698692
Sex and the City,1,1998-08-02,2.57,2.0,tt0159206,9,1.0,9.0,tt0698690
Sex and the City,1,1998-08-09,4.44,2.8,tt0159206,10,1.0,10.0,tt0698670
Sex and the City,1,1998-08-16,3.02,2.1,tt0159206,11,1.0,11.0,tt0698679
Sex and the City,1,1998-08-23,2.90,2.1,tt0159206,12,1.0,12.0,tt0698652
Sex and the City,2,1999-06-06,2.950,1.9,tt0159206,1,2.0,1.0,tt0698667
Sex and the City,2,1999-06-13,2.641,2.0,tt0159206,2,2.0,2.0,tt0698669
Sex and the City,2,1999-06-20,2.590,1.8,tt0159206,3,2.0,3.0,tt0698680
Sex and the City,2,1999-06-27,3.227,2.3,tt0159206,4,2.0,4.0,tt0698691
Sex and the City,2,1999-07-04,1.512,1.2,tt0159206,5,2.0,5.0,tt0698635
Sex and the City,2,1999-07-11,2.808,2.2,tt0159206,6,2.0,6.0,tt0698675
Sex and the City,2,1999-07-18,2.712,1.9,tt0159206,7,2.0,7.0,tt0698676
Sex and the City,2,1999-07-25,2.826,2.1,tt0159206,8,2.0,8.0,tt0698684
Sex and the City,2,1999-08-01,3.797,2.6,tt0159206,9,2.0,9.0,tt0698653
Sex and the City,2,1999-08-08,3.226,2.3,tt0159206,10,2.0,10.0,tt0698673
Sex and the City,2,1999-08-15,2.840,2.2,tt0159206,11,2.0,11.0,tt0698633
Sex and the City,2,1999-08-22,3.654,2.6,tt0159206,12,2.0,12.0,tt0698645
Sex and the City,2,1999-08-29,3.877,3.0,tt0159206,13,2.0,13.0,tt0698637
Sex and the City,2,,2.661,1.9,tt0159206,14,2.0,14.0,tt0698681
Sex and the City,2,,2.893,2.0,tt0159206,15,2.0,15.0,tt0698665
Sex and the City,2,,3.060,2.2,tt0159206,16,2.0,16.0,tt0698698
Sex and the City,2,,3.023,2.2,tt0159206,17,2.0,17.0,tt0698695
Sex and the City,2,1999-10-03,3.315,2.3,tt0159206,18,2.0,18.0,tt0698634
Sex and the City,3,2000-06-04,4.179,2.9,tt0159206,1,3.0,1.0,tt0698701
Sex and the City,3,2000-06-11,3.601,2.7,tt0159206,2,3.0,2.0,tt0698658
Sex and the City,3,2000-06-18,3.984,2.9,tt0159206,3,3.0,3.0,tt0698616
Sex and the City,3,2000-06-25,3.697,2.4,tt0159206,4,3.0,4.0,tt0698620
Sex and the City,3,2000-07-09,3.974,2.9,tt0159206,5,3.0,5.0,tt0698651
Sex and the City,3,2000-07-16,3.219,2.4,tt0159206,6,3.0,6.0,tt0698615
Sex and the City,3,2000-07-23,4.560,3.0,tt0159206,7,3.0,7.0,tt0698630
Sex and the City,3,2000-07-30,3.939,2.6,tt0159206,8,3.0,8.0,tt0698672
Sex and the City,3,2000-08-06,3.501,2.5,tt0159206,9,3.0,9.0,tt0698631
Sex and the City,3,2000-08-13,4.425,3.1,tt0159206,10,3.0,10.0,tt0698611
Sex and the City,3,2000-08-20,4.642,3.2,tt0159206,11,3.0,11.0,tt0698660
Sex and the City,3,2000-08-27,4.164,3.2,tt0159206,12,3.0,12.0,tt0698629
Sex and the City,3,,4.202,3.0,tt0159206,13,3.0,13.0,tt0698632
Sex and the City,3,,4.767,3.2,tt0159206,14,3.0,14.0,tt0698662
Sex and the City,3,,4.943,3.2,tt0159206,15,3.0,15.0,tt0698641
Sex and the City,3,2000-10-01,5.355,3.3,tt0159206,16,3.0,16.0,tt0698636
Sex and the City,3,2000-10-08,4.264,3.2,tt0159206,17,3.0,17.0,tt0698699
Sex and the City,3,2000-10-15,4.710,3.3,tt0159206,18,3.0,18.0,tt0698624
Sex and the City,4,2001-06-03,6.485,4.5,tt0159206,1,4.0,1.0,tt0698668
Sex and the City,4,2001-06-03,5.931,4.1,tt0159206,2,4.0,2.0,tt0698689
Sex and the City,4,2001-06-10,5.479,3.6,tt0159206,3,4.0,3.0,tt0698628
Sex and the City,4,2001-06-17,5.128,3.4,tt0159206,4,4.0,4.0,tt0698700
Sex and the City,4,2001-06-24,5.836,3.8,tt0159206,5,4.0,5.0,tt0698638
Sex and the City,4,2001-07-01,5.470,3.7,tt0159206,6,4.0,6.0,tt0698617
Sex and the City,4,2001-07-08,5.590,4.0,tt0159206,7,4.0,7.0,tt0698693
Sex and the City,4,2001-07-15,5.368,3.6,tt0159206,8,4.0,8.0,tt0698650
Sex and the City,4,2001-07-22,5.796,4.0,tt0159206,9,4.0,9.0,tt0698664
Sex and the City,4,2001-07-29,5.978,3.9,tt0159206,10,4.0,10.0,tt0698619
Sex and the City,4,2001-08-05,5.870,4.0,tt0159206,11,4.0,11.0,tt0698625
Sex and the City,4,2001-08-12,6.64,4.4,tt0159206,12,4.0,12.0,tt0698644
Sex and the City,4,2002-01-06,7.300,4.7,tt0159206,13,4.0,13.0,tt0698682
Sex and the City,4,2002-01-13,6.805,4.2,tt0159206,14,4.0,14.0,tt0698610
Sex and the City,4,2002-01-20,5.208,3.6,tt0159206,15,4.0,15.0,tt0698623
Sex and the City,4,2002-01-27,7.201,4.8,tt0159206,16,4.0,16.0,tt0698659
Sex and the City,4,2002-02-03,4.344,3.0,tt0159206,17,4.0,17.0,tt0698608
Sex and the City,4,2002-02-10,7.390,4.9,tt0159206,18,4.0,18.0,tt0698642
Sex and the City,5,2002-07-21,7.927,4.8,tt0159206,1,5.0,1.0,tt0698614
Sex and the City,5,2002-07-28,6.630,4.4,tt0159206,2,5.0,2.0,tt0698696
Sex and the City,5,2002-08-04,6.593,4.3,tt0159206,3,5.0,3.0,tt0698648
Sex and the City,5,2002-08-11,7.305,4.9,tt0159206,4,5.0,4.0,tt0698626
Sex and the City,5,2002-08-18,6.949,4.5,tt0159206,5,5.0,5.0,tt0698657
Sex and the City,5,2002-08-25,7.375,4.9,tt0159206,6,5.0,6.0,tt0698627
Sex and the City,5,,5.948,4.0,tt0159206,7,5.0,7.0,tt0698671
Sex and the City,5,,7.327,4.7,tt0159206,8,5.0,8.0,tt0698643
Sex and the City,6,2003-06-22,7.302,4.9,tt0159206,1,6.0,1.0,tt0698694
Sex and the City,6,2003-06-29,5.824,3.9,tt0159206,2,6.0,2.0,tt0698639
Sex and the City,6,2003-07-06,6.945,4.6,tt0159206,3,6.0,3.0,tt0698686
Sex and the City,6,2003-07-13,6.595,4.3,tt0159206,4,6.0,4.0,tt0698656
Sex and the City,6,2003-07-20,6.433,4.1,tt0159206,5,6.0,5.0,tt0698647
Sex and the City,6,2003-07-27,6.343,4.2,tt0159206,6,6.0,6.0,tt0698640
Sex and the City,6,2003-08-03,5.771,4.1,tt0159206,7,6.0,7.0,tt0698687
Sex and the City,6,2003-08-10,6.644,4.5,tt0159206,8,6.0,8.0,tt0698674
Sex and the City,6,2003-08-17,6.741,4.3,tt0159206,9,6.0,9.0,tt0698609
Sex and the City,6,2003-08-24,6.940,4.6,tt0159206,10,6.0,10.0,tt0698621
Sex and the City,6,,6.691,4.6,tt0159206,11,6.0,11.0,tt0698678
Sex and the City,6,,7.650,5.0,tt0159206,12,6.0,12.0,tt0698654
Sex and the City,6,2004-01-04,6.355,3.8,tt0159206,13,6.0,13.0,tt0698646
Sex and the City,6,2004-01-11,5.82,-,tt0159206,14,6.0,14.0,tt0698683
Sex and the City,6,2004-01-18,4.79,-,tt0159206,15,6.0,15.0,tt0698622
Sex and the City,6,2004-01-25,5.54,-,tt0159206,16,6.0,16.0,tt0698655
Sex and the City,6,2004-02-01,4.428,2.9,tt0159206,17,6.0,17.0,tt0698677
Sex and the City,6,2004-02-08,4.825,3.2,tt0159206,18,6.0,18.0,tt0698666
Sex and the City,6,2004-02-15,6.139,4.1,tt0159206,19,6.0,19.0,tt0698613
Sex and the City,6,2004-02-22,10.618,6.5,tt0159206,20,6.0,20.0,tt0698612
True Blood,1,,1.44,0.7/2,tt0844441,1,1.0,1.0,tt1008582
True Blood,1,,1.79,0.9/2,tt0844441,2,1.0,2.0,tt1051962
True Blood,1,,1.81,0.9/2,tt0844441,3,1.0,3.0,tt1051963
True Blood,1,,1.82,0.9/2,tt0844441,4,1.0,4.0,tt1051964
True Blood,1,2008-10-05,1.74,1.0/2,tt0844441,5,1.0,5.0,tt1051965
True Blood,1,2008-10-12,1.67,0.9/2,tt0844441,6,1.0,6.0,tt1051966
True Blood,1,2008-10-19,2.098,1.1/3,tt0844441,7,1.0,7.0,tt1051967
True Blood,1,2008-10-26,2.07,1.1/3,tt0844441,8,1.0,8.0,tt1051968
True Blood,1,2008-11-02,2.35,1.2/3,tt0844441,9,1.0,9.0,tt1227103
True Blood,1,2008-11-09,2.39,1.3/3,tt0844441,10,1.0,10.0,tt1226623
True Blood,1,2008-11-16,2.67,1.5/3,tt0844441,11,1.0,11.0,tt1226624
True Blood,1,2008-11-23,2.45,1.3/3,tt0844441,12,1.0,12.0,tt1226625
True Blood,2,2009-06-14,3.700,2.0/6,tt0844441,1,2.0,1.0,tt1368977
True Blood,2,2009-06-21,3.411,1.9/5,tt0844441,2,2.0,2.0,tt1372641
True Blood,2,2009-06-28,3.726,2.0/5,tt0844441,3,2.0,3.0,tt1372644
True Blood,2,2009-07-12,3.929,2.0/6,tt0844441,4,2.0,4.0,tt1372643
True Blood,2,2009-07-19,3.846,2.0/6,tt0844441,5,2.0,5.0,tt1384332
True Blood,2,2009-07-26,4.025,2.0/6,tt0844441,6,2.0,6.0,tt1394999
True Blood,2,2009-08-02,4.272,2.2/6,tt0844441,7,2.0,7.0,tt1403929
True Blood,2,2009-08-09,4.431,2.3/6,tt0844441,8,2.0,8.0,tt1413159
True Blood,2,2009-08-16,4.460,2.3/6,tt0844441,9,2.0,9.0,tt1423282
True Blood,2,2009-08-23,5.332,2.8/8,tt0844441,10,2.0,10.0,tt1435616
True Blood,2,2009-08-30,5.185,2.8/7,tt0844441,11,2.0,11.0,tt1441775
True Blood,2,,5.114,2.9/7,tt0844441,12,2.0,12.0,tt1467887
True Blood,3,2010-06-13,5.097,2.9/8,tt0844441,1,3.0,1.0,tt1484325
True Blood,3,2010-06-20,4.259,2.5/7,tt0844441,2,3.0,2.0,tt1484329
True Blood,3,2010-06-27,4.455,2.5/7,tt0844441,3,3.0,3.0,tt1484330
True Blood,3,2010-07-11,4.682,2.7/8,tt0844441,4,3.0,4.0,tt1484331
True Blood,3,2010-07-18,4.860,2.8/8,tt0844441,5,3.0,5.0,tt1484332
True Blood,3,2010-07-25,4.736,2.8/8,tt0844441,6,3.0,6.0,tt1484333
True Blood,3,2010-08-01,5.236,3.0/8,tt0844441,7,3.0,7.0,tt1484334
True Blood,3,2010-08-08,5.094,3.0/8,tt0844441,8,3.0,8.0,tt1484335
True Blood,3,2010-08-15,4.996,2.8/8,tt0844441,9,3.0,9.0,tt1484336
True Blood,3,2010-08-22,5.394,3.0/8,tt0844441,10,3.0,10.0,tt1484326
True Blood,3,2010-08-29,5.444,3.2/8,tt0844441,11,3.0,11.0,tt1484327
True Blood,3,,5.384,3.0/7,tt0844441,12,3.0,12.0,tt1484328
True Blood,4,2011-06-26,5.424,3.0,tt0844441,1,4.0,1.0,tt1683842
True Blood,4,2011-07-03,2.902,1.46,tt0844441,2,4.0,2.0,tt1683846
True Blood,4,2011-07-10,5.043,2.8,tt0844441,3,4.0,3.0,tt1683847
True Blood,4,2011-07-17,5.104,2.7,tt0844441,4,4.0,4.0,tt1683848
True Blood,4,2011-07-24,5.261,2.8,tt0844441,5,4.0,5.0,tt1683849
True Blood,4,2011-07-31,5.189,2.8,tt0844441,6,4.0,6.0,tt1683850
True Blood,4,2011-08-07,5.143,2.9,tt0844441,7,4.0,7.0,tt1683851
True Blood,4,2011-08-14,5.300,3.1,tt0844441,8,4.0,8.0,tt1683852
True Blood,4,2011-08-21,5.526,3.1,tt0844441,9,4.0,9.0,tt1683853
True Blood,4,2011-08-28,5.312,2.9,tt0844441,10,4.0,10.0,tt1683843
True Blood,4,,4.391,2.4,tt0844441,11,4.0,11.0,tt1683844
True Blood,4,,5.052,2.8,tt0844441,12,4.0,12.0,tt1683845
True Blood,5,2012-06-10,5.201,2.9,tt0844441,1,5.0,1.0,tt2139373
True Blood,5,2012-06-17,4.417,2.6,tt0844441,2,5.0,2.0,tt2170049
True Blood,5,2012-06-24,4.661,2.6,tt0844441,3,5.0,3.0,tt2170051
True Blood,5,2012-07-01,4.541,2.6,tt0844441,4,5.0,4.0,tt2171651
True Blood,5,2012-07-08,4.500,2.6,tt0844441,5,5.0,5.0,tt2210071
True Blood,5,2012-07-15,4.629,2.7,tt0844441,6,5.0,6.0,tt2210073
True Blood,5,2012-07-22,4.463,2.6,tt0844441,7,5.0,7.0,tt2287273
True Blood,5,2012-07-29,4.596,2.6,tt0844441,8,5.0,8.0,tt2318207
True Blood,5,2012-08-05,4.498,2.7,tt0844441,9,5.0,9.0,tt2343291
True Blood,5,2012-08-12,4.491,2.6,tt0844441,10,5.0,10.0,tt2187552
True Blood,5,2012-08-19,4.926,2.8,tt0844441,11,5.0,11.0,tt2187554
True Blood,5,2012-08-26,5.049,2.8,tt0844441,12,5.0,12.0,tt2187556
True Blood,6,2013-06-16,4.520,2.4,tt0844441,1,6.0,1.0,tt2288524
True Blood,6,2013-06-23,4.082,2.2,tt0844441,2,6.0,2.0,tt2629662
True Blood,6,2013-06-30,3.936,2.2,tt0844441,3,6.0,3.0,tt2677194
True Blood,6,2013-07-07,4.144,2.3,tt0844441,4,6.0,4.0,tt2758746
True Blood,6,2013-07-14,4.536,2.5,tt0844441,5,6.0,5.0,tt2762770
True Blood,6,2013-07-21,4.472,2.4,tt0844441,6,6.0,6.0,tt2806510
True Blood,6,2013-07-28,4.357,2.4,tt0844441,7,6.0,7.0,tt2821664
True Blood,6,2013-08-04,4.166,2.2,tt0844441,8,6.0,8.0,tt2821634
True Blood,6,2013-08-11,3.998,2.2,tt0844441,9,6.0,9.0,tt2821726
True Blood,6,2013-08-18,4.137,2.3,tt0844441,10,6.0,10.0,tt2821620
True Blood,7,2014-06-22,4.031,2.18,tt0844441,1,7.0,1.0,tt3058984
True Blood,7,2014-06-29,3.059,1.63,tt0844441,2,7.0,2.0,tt3362366
True Blood,7,2014-07-06,3.195,1.72,tt0844441,3,7.0,3.0,tt3500612
True Blood,7,2014-07-13,3.230,1.71,tt0844441,4,7.0,4.0,tt3500614
True Blood,7,2014-07-20,3.571,1.9,tt0844441,5,7.0,5.0,tt3500616
True Blood,7,2014-07-27,3.381,1.79,tt0844441,6,7.0,6.0,tt3500622
True Blood,7,2014-08-03,3.393,1.74,tt0844441,7,7.0,7.0,tt3500620
True Blood,7,2014-08-10,3.343,1.80,tt0844441,8,7.0,8.0,tt3500626
True Blood,7,2014-08-17,3.556,1.84,tt0844441,9,7.0,9.0,tt3500624
True Blood,7,2014-08-24,4.036,2.09,tt0844441,10,7.0,10.0,tt3500630
Eastbound & Down,1,2009-02-15,0.671,0.3,tt0866442,1,1.0,1.0,tt1376278
Eastbound & Down,1,2009-02-22,0.616,0.4,tt0866442,2,1.0,2.0,tt1376279
Eastbound & Down,1,2009-03-01,0.588,0.4,tt0866442,3,1.0,3.0,tt1385135
Eastbound & Down,1,2009-03-08,0.666,0.4,tt0866442,4,1.0,4.0,tt1385136
Eastbound & Down,1,2009-03-15,0.949,0.6,tt0866442,5,1.0,5.0,tt1385137
Eastbound & Down,1,2009-03-22,0.904,0.6,tt0866442,6,1.0,6.0,tt1385138
Eastbound & Down,2,,1.677,1.0,tt0866442,1,2.0,1.0,tt1653749
Eastbound & Down,2,2010-10-03,1.545,1.0,tt0866442,2,2.0,2.0,tt1721854
Eastbound & Down,2,2010-10-10,1.240,0.7,tt0866442,3,2.0,3.0,tt1722685
Eastbound & Down,2,2010-10-17,1.167,0.7,tt0866442,4,2.0,4.0,tt1721855
Eastbound & Down,2,2010-10-24,1.443,0.9,tt0866442,5,2.0,5.0,tt1722686
Eastbound & Down,2,2010-10-31,1.064,0.7,tt0866442,6,2.0,6.0,tt1721856
Eastbound & Down,2,2010-11-07,1.347,0.8,tt0866442,7,2.0,7.0,tt1734264
Eastbound & Down,3,2012-02-19,1.268,0.87,tt0866442,1,3.0,1.0,tt2024738
Eastbound & Down,3,2012-02-26,1.102,0.7,tt0866442,2,3.0,2.0,tt2023935
Eastbound & Down,3,2012-03-04,0.882,0.54,tt0866442,3,3.0,3.0,tt2023936
Eastbound & Down,3,2012-03-11,0.990,0.61,tt0866442,4,3.0,4.0,tt2023937
Eastbound & Down,3,2012-03-18,0.725,0.42,tt0866442,5,3.0,5.0,tt2023938
Eastbound & Down,3,2012-03-25,0.975,0.63,tt0866442,6,3.0,6.0,tt2023939
Eastbound & Down,3,2012-04-08,1.154,0.6,tt0866442,7,3.0,7.0,tt2023940
Eastbound & Down,3,2012-04-15,1.144,0.6,tt0866442,8,3.0,8.0,tt2061073
Eastbound & Down,4,,0.693,0.41,tt0866442,1,4.0,1.0,tt2963220
Eastbound & Down,4,2013-10-06,0.820,0.41,tt0866442,2,4.0,2.0,tt3038922
Eastbound & Down,4,2013-10-13,0.753,0.41,tt0866442,3,4.0,3.0,tt2372881
Eastbound & Down,4,2013-10-20,0.686,0.32,tt0866442,4,4.0,4.0,tt3038934
Eastbound & Down,4,2013-10-27,0.776,0.44,tt0866442,5,4.0,5.0,tt3089406
Eastbound & Down,4,2013-11-03,0.809,0.49,tt0866442,6,4.0,6.0,tt3127360
Eastbound & Down,4,2013-11-10,0.834,0.43,tt0866442,7,4.0,7.0,tt3130214
Eastbound & Down,4,2013-11-17,0.899,0.47,tt0866442,8,4.0,8.0,tt3130216
Colony,1,2016-01-14,1.359,0.44,tt4209256,1,1.0,1.0,tt4227368
Colony,1,2016-01-21,1.260,0.39,tt4209256,2,1.0,2.0,tt4700086
Colony,1,2016-01-28,1.212,0.46,tt4209256,3,1.0,3.0,tt4700088
Colony,1,2016-02-04,1.150,0.39,tt4209256,4,1.0,4.0,tt4706456
Colony,1,2016-02-11,1.074,0.39,tt4209256,5,1.0,5.0,tt4848334
Colony,1,2016-02-18,0.946,0.30,tt4209256,6,1.0,6.0,tt4910050
Colony,1,2016-02-25,1.000,0.35,tt4209256,7,1.0,7.0,tt4910054
Colony,1,2016-03-03,0.968,0.33,tt4209256,8,1.0,8.0,tt4926016
Colony,1,2016-03-10,1.091,0.37,tt4209256,9,1.0,9.0,tt4926022
Colony,1,2016-03-17,1.193,0.34,tt4209256,10,1.0,10.0,tt4700082
Colony,2,2017-01-12,0.926,0.29,tt4209256,1,2.0,1.0,tt5437508
Colony,2,2017-01-19,0.881,0.28,tt4209256,2,2.0,2.0,tt5762204
Colony,2,2017-01-26,0.777,0.25,tt4209256,3,2.0,3.0,tt5803094
Colony,2,2017-02-02,0.817,0.27,tt4209256,4,2.0,4.0,tt5803942
Colony,2,2017-02-09,0.887,0.31,tt4209256,5,2.0,5.0,tt5845688
Colony,2,2017-02-16,0.756,0.22,tt4209256,6,2.0,6.0,tt5845690
Colony,2,2017-02-23,0.762,0.25,tt4209256,7,2.0,7.0,tt5845692
Colony,2,2017-03-02,0.780,0.26,tt4209256,8,2.0,8.0,tt5845694
Colony,2,2017-03-09,0.774,0.28,tt4209256,9,2.0,9.0,tt5845764
Colony,2,2017-03-16,0.783,0.24,tt4209256,10,2.0,10.0,tt5755868
Colony,2,2017-03-23,0.804,0.24,tt4209256,11,2.0,11.0,tt6176834
Colony,2,2017-03-30,0.819,0.27,tt4209256,12,2.0,12.0,tt6352302
Colony,2,2017-04-06,0.818,0.25,tt4209256,13,2.0,13.0,tt6311790
Colony,3,,0.579,0.16,tt4209256,1,3.0,1.0,tt6739812
Colony,3,,0.443,0.12,tt4209256,2,3.0,2.0,tt7519972
Colony,3,,0.698,0.16,tt4209256,3,3.0,3.0,tt7520006
Colony,3,,0.698,0.17,tt4209256,4,3.0,4.0,tt7520040
Colony,3,,0.691,0.20,tt4209256,5,3.0,5.0,tt7974102
Colony,3,2018-06-06,0.718,0.21,tt4209256,6,3.0,6.0,tt7725764
Colony,3,2018-06-13,0.785,0.19,tt4209256,7,3.0,7.0,tt7738470
Colony,3,2018-06-20,0.729,0.20,tt4209256,8,3.0,8.0,tt7738472
Colony,3,2018-06-27,0.704,0.15,tt4209256,9,3.0,9.0,tt7984018
Colony,3,2018-07-04,0.755,0.14,tt4209256,10,3.0,10.0,tt7720408
Colony,3,2018-07-11,0.659,0.13,tt4209256,11,3.0,11.0,tt7974104
Colony,3,2018-07-18,0.599,0.16,tt4209256,12,3.0,12.0,tt7822326
Colony,3,2018-07-25,0.585,0.13,tt4209256,13,3.0,13.0,tt7983916
Six Feet Under,1,2001-06-03,4.974,3.6,tt0248654,1,1.0,1.0,tt0702006
Six Feet Under,1,2001-06-10,3.888,2.5,tt0248654,2,1.0,2.0,tt0702031
Six Feet Under,1,2001-06-17,4.159,2.8,tt0248654,3,1.0,3.0,tt0702016
Six Feet Under,1,2001-06-24,5.683,3.5,tt0248654,4,1.0,4.0,tt0701991
Six Feet Under,1,2001-07-01,4.638,3.2,tt0248654,5,1.0,5.0,tt0701976
Six Feet Under,1,2001-07-08,5.292,3.7,tt0248654,6,1.0,6.0,tt0702025
Six Feet Under,1,2001-07-15,5.325,3.5,tt0248654,7,1.0,7.0,tt0701979
Six Feet Under,1,2001-07-22,5.685,3.7,tt0248654,8,1.0,8.0,tt0701982
Six Feet Under,1,2001-07-29,5.817,3.8,tt0248654,9,1.0,9.0,tt0702000
Six Feet Under,1,2001-08-05,5.543,3.6,tt0248654,10,1.0,10.0,tt0702021
Six Feet Under,1,2001-08-12,6.14,4.0,tt0248654,11,1.0,11.0,tt0702029
Six Feet Under,1,2001-08-19,6.668,4.3,tt0248654,12,1.0,12.0,tt0701974
Six Feet Under,1,2001-08-19,7.056,4.5,tt0248654,13,1.0,13.0,tt0701999
Six Feet Under,2,2002-03-03,6.243,4.0,tt0248654,1,2.0,1.0,tt0701998
Six Feet Under,2,2002-03-10,4.637,3.0,tt0248654,2,2.0,2.0,tt0702003
Six Feet Under,2,2002-03-17,5.678,3.5,tt0248654,3,2.0,3.0,tt0702023
Six Feet Under,2,2002-03-24,4.428,2.7,tt0248654,4,2.0,4.0,tt0701985
Six Feet Under,2,2002-03-31,5.373,3.3,tt0248654,5,2.0,5.0,tt0702017
Six Feet Under,2,2002-04-07,6.597,4.1,tt0248654,6,2.0,6.0,tt0701997
Six Feet Under,2,2002-04-14,6.099,4.0,tt0248654,7,2.0,7.0,tt0701977
Six Feet Under,2,2002-04-21,6.965,4.3,tt0248654,8,2.0,8.0,tt0702020
Six Feet Under,2,2002-04-28,6.248,4.0,tt0248654,9,2.0,9.0,tt0702008
Six Feet Under,2,,5.660,3.6,tt0248654,10,2.0,10.0,tt0702026
Six Feet Under,2,,5.792,3.6,tt0248654,11,2.0,11.0,tt0702019
Six Feet Under,2,,4.294,2.7,tt0248654,12,2.0,12.0,tt0701994
Six Feet Under,2,2002-06-02,5.487,3.4,tt0248654,13,2.0,13.0,tt0702018
Six Feet Under,3,2003-03-02,5.086,3.5,tt0248654,1,3.0,1.0,tt0702005
Six Feet Under,3,2003-03-09,5.129,3.2,tt0248654,2,3.0,2.0,tt0702035
Six Feet Under,3,2003-03-16,4.414,2.8,tt0248654,3,3.0,3.0,tt0702015
Six Feet Under,3,2003-03-23,4.130,2.7,tt0248654,4,3.0,4.0,tt0702002
Six Feet Under,3,2003-03-30,4.865,3.1,tt0248654,5,3.0,5.0,tt0702028
Six Feet Under,3,2003-04-06,5.233,3.4,tt0248654,6,3.0,6.0,tt0702001
Six Feet Under,3,2003-04-13,3.895,2.6,tt0248654,7,3.0,7.0,tt0702033
Six Feet Under,3,2003-04-20,4.480,3.0,tt0248654,8,3.0,8.0,tt0702010
Six Feet Under,3,2003-04-27,4.623,3.1,tt0248654,9,3.0,9.0,tt0702022
Six Feet Under,3,,5.145,3.3,tt0248654,10,3.0,10.0,tt0701988
Six Feet Under,3,,5.071,3.2,tt0248654,11,3.0,11.0,tt0701984
Six Feet Under,3,,4.656,3.1,tt0248654,12,3.0,12.0,tt0702034
Six Feet Under,3,2003-06-01,5.775,3.6,tt0248654,13,3.0,13.0,tt0701995
Six Feet Under,4,2004-06-13,4.162,2.7,tt0248654,1,4.0,1.0,tt0701990
Six Feet Under,4,2004-06-20,3.933,2.4,tt0248654,2,4.0,2.0,tt0701996
Six Feet Under,4,2004-06-27,3.90,-,tt0248654,3,4.0,3.0,tt0702004
Six Feet Under,4,2004-07-11,3.63,-,tt0248654,4,4.0,4.0,tt0701980
Six Feet Under,4,2004-07-18,3.663,2.3,tt0248654,5,4.0,5.0,tt0702012
Six Feet Under,4,2004-07-25,3.800,-,tt0248654,6,4.0,6.0,tt0702011
Six Feet Under,4,2004-08-01,3.490,2.2,tt0248654,7,4.0,7.0,tt0702014
Six Feet Under,4,2004-08-08,3.948,-,tt0248654,8,4.0,8.0,tt0701981
Six Feet Under,4,2004-08-15,3.299,2.2,tt0248654,9,4.0,9.0,tt0701992
Six Feet Under,4,2004-08-22,3.361,2.1,tt0248654,10,4.0,10.0,tt0702013
Six Feet Under,4,2004-08-29,3.525,2.3,tt0248654,11,4.0,11.0,tt0701978
Six Feet Under,4,,3.729,2.3,tt0248654,12,4.0,12.0,tt0702030
Six Feet Under,5,2005-06-06,2.624,1.6,tt0248654,1,5.0,1.0,tt0701973
Six Feet Under,5,2005-06-13,2.098,1.3,tt0248654,2,5.0,2.0,tt0701983
Six Feet Under,5,2005-06-20,1.919,1.4,tt0248654,3,5.0,3.0,tt0701993
Six Feet Under,5,2005-06-27,2.185,1.4,tt0248654,4,5.0,4.0,tt0702032
Six Feet Under,5,2005-07-04,1.495,1.0,tt0248654,5,5.0,5.0,tt0701986
Six Feet Under,5,2005-07-10,2.234,1.5,tt0248654,6,5.0,6.0,tt0702024
Six Feet Under,5,2005-07-17,2.293,1.5,tt0248654,7,5.0,7.0,tt0702027
Six Feet Under,5,2005-07-24,2.455,1.6,tt0248654,8,5.0,8.0,tt0702007
Six Feet Under,5,2005-07-31,2.543,1.7,tt0248654,9,5.0,9.0,tt0701987
Six Feet Under,5,2005-08-07,2.851,1.9,tt0248654,10,5.0,10.0,tt0701975
Six Feet Under,5,2005-08-14,3.252,2.1,tt0248654,11,5.0,11.0,tt0702009
Six Feet Under,5,2005-08-21,3.893,2.4,tt0248654,12,5.0,12.0,tt0701989
Happyish,1,2015-04-05,0.430,0.15,tt3095080,1,1.0,1.0,tt4143958
Happyish,1,2015-04-26,0.232,0.06,tt3095080,2,1.0,2.0,tt4386378
Happyish,1,,0.237,0.10,tt3095080,3,1.0,3.0,tt4416836
Happyish,1,,0.208,0.04,tt3095080,4,1.0,4.0,tt4416838
Happyish,1,,0.262,0.08,tt3095080,5,1.0,5.0,tt4416842
Happyish,1,,0.343,0.15,tt3095080,6,1.0,6.0,tt4416844
Happyish,1,,0.250,0.09,tt3095080,7,1.0,7.0,tt4434600
Happyish,1,2015-06-07,0.229,0.09,tt3095080,8,1.0,8.0,tt4416846
Happyish,1,2015-06-14,0.224,0.07,tt3095080,9,1.0,9.0,tt4386380
Happyish,1,2015-06-21,0.197,0.07,tt3095080,10,1.0,10.0,tt4373518
Happyish,1,2015-06-28,0.261,0.08,tt3095080,11,,,
The 4400,1,2004-07-11,7.407,2.8,tt0389564,1,1.0,1.0,tt0502803
The 4400,1,2004-07-18,5.628,1.8,tt0389564,2,1.0,2.0,tt0502807
The 4400,1,2004-07-25,5.485,1.9,tt0389564,3,1.0,3.0,tt0502797
The 4400,1,2004-08-01,5.010,1.8,tt0389564,4,1.0,4.0,tt0502808
The 4400,1,2004-08-08,6.131,2.3,tt0389564,5,1.0,5.0,tt0502812
The 4400,2,2005-06-05,5.251,2.0,tt0389564,1,2.0,1.0,tt0502810
The 4400,2,2005-06-12,4.383,2.0,tt0389564,2,2.0,2.0,tt0502809
The 4400,2,2005-06-19,4.032,1.7,tt0389564,3,2.0,3.0,tt0502811
The 4400,2,2005-06-26,4.117,1.7,tt0389564,4,2.0,4.0,tt0502805
The 4400,2,2005-07-10,3.215,1.3,tt0389564,5,2.0,5.0,tt0502796
The 4400,2,2005-07-17,3.176,1.4,tt0389564,6,2.0,6.0,tt0502800
The 4400,2,2005-07-24,3.364,1.3,tt0389564,7,2.0,7.0,tt0502798
The 4400,2,2005-07-31,3.538,1.4,tt0389564,8,2.0,8.0,tt0502804
The 4400,2,2005-08-07,3.492,1.5,tt0389564,9,2.0,9.0,tt0502799
The 4400,2,2005-08-14,3.399,1.5,tt0389564,10,2.0,10.0,tt0502801
The 4400,2,2005-08-21,3.947,1.6,tt0389564,11,2.0,11.0,tt0502806
The 4400,2,2005-08-28,3.672,1.4,tt0389564,12,2.0,12.0,tt0502802
The 4400,3,2006-06-11,4.196,1.8,tt0389564,1,3.0,1.0,tt0812420
The 4400,3,2006-06-18,3.112,1.3,tt0389564,2,3.0,2.0,tt0814802
The 4400,3,2006-06-25,2.913,1.2,tt0389564,3,3.0,3.0,tt0814804
The 4400,3,2006-07-02,2.847,1.1,tt0389564,4,3.0,4.0,tt0814805
The 4400,3,2006-07-09,3.270,1.4,tt0389564,5,3.0,5.0,tt0814806
The 4400,3,2006-07-16,3.254,1.4,tt0389564,6,3.0,6.0,tt0814807
The 4400,3,2006-07-23,2.971,1.1,tt0389564,7,3.0,7.0,tt0814803
The 4400,3,2006-07-30,3.305,1.4,tt0389564,8,3.0,8.0,tt0812419
The 4400,3,2006-08-06,2.994,1.3,tt0389564,9,3.0,9.0,tt0814809
The 4400,3,2006-08-13,2.786,1.2,tt0389564,10,3.0,10.0,tt0835508
The 4400,3,2006-08-20,2.832,1.3,tt0389564,11,3.0,11.0,tt0835507
The 4400,3,2006-08-27,2.953,1.2,tt0389564,12,3.0,12.0,tt0835506
The 4400,4,2007-06-17,2.512,1.0,tt0389564,1,4.0,1.0,tt1043915
The 4400,4,2007-06-24,2.705,1.2,tt0389564,2,4.0,2.0,tt1038701
The 4400,4,2007-07-01,2.445,1.0,tt0389564,3,4.0,3.0,tt1049217
The 4400,4,2007-07-08,2.242,0.9,tt0389564,4,4.0,4.0,tt1049219
The 4400,4,2007-07-15,2.031,0.9,tt0389564,5,4.0,5.0,tt1049221
The 4400,4,2007-07-22,1.810,0.7,tt0389564,6,4.0,6.0,tt1049218
The 4400,4,2007-07-29,2.081,0.8,tt0389564,7,4.0,7.0,tt1049220
The 4400,4,2007-08-05,1.905,0.8,tt0389564,8,4.0,8.0,tt1079455
The 4400,4,2007-08-12,2.198,0.8,tt0389564,9,4.0,9.0,tt1038700
The 4400,4,2007-08-19,1.954,0.8,tt0389564,10,4.0,10.0,tt1078953
The 4400,4,2007-08-26,1.733,0.7,tt0389564,11,4.0,11.0,tt1085595
The 4400,4,,1.781,0.8,tt0389564,12,4.0,12.0,tt1085597
The 4400,4,,1.978,0.8,tt0389564,13,4.0,13.0,tt1085596
Killjoys,1,2015-06-19,0.966,0.26,tt3952222,1,1.0,1.0,tt3977698
Killjoys,1,2015-06-26,1.030,0.22,tt3952222,2,1.0,2.0,tt3961962
Killjoys,1,2015-07-03,0.915,0.21,tt3952222,3,1.0,3.0,tt3977704
Killjoys,1,2015-07-10,0.975,0.22,tt3952222,4,1.0,4.0,tt3977678
Killjoys,1,2015-07-17,0.956,0.24,tt3952222,5,1.0,5.0,tt4042182
Killjoys,1,2015-07-24,1.004,0.25,tt3952222,6,1.0,6.0,tt4105262
Killjoys,1,2015-07-31,0.841,0.23,tt3952222,7,1.0,7.0,tt4131614
Killjoys,1,2015-08-07,1.083,0.26,tt3952222,8,1.0,8.0,tt4157162
Killjoys,1,2015-08-14,0.897,0.20,tt3952222,9,1.0,9.0,tt4236898
Killjoys,1,2015-08-21,0.885,0.21,tt3952222,10,1.0,10.0,tt4236904
Killjoys,2,2016-07-01,0.765,0.24,tt3952222,1,2.0,1.0,tt5011940
Killjoys,2,2016-07-08,0.706,0.21,tt3952222,2,2.0,2.0,tt5365848
Killjoys,2,2016-07-15,0.618,0.18,tt3952222,3,2.0,3.0,tt5514030
Killjoys,2,2016-07-22,0.490,0.12,tt3952222,4,2.0,4.0,tt5351510
Killjoys,2,2016-07-29,0.771,0.19,tt3952222,5,2.0,5.0,tt5540814
Killjoys,2,2016-08-05,0.554,0.13,tt3952222,6,2.0,6.0,tt5514638
Killjoys,2,2016-08-12,0.631,0.18,tt3952222,7,2.0,7.0,tt5540816
Killjoys,2,2016-08-19,0.598,0.17,tt3952222,8,2.0,8.0,tt5540818
Killjoys,2,2016-08-26,0.677,0.20,tt3952222,9,2.0,9.0,tt5591242
Killjoys,2,,0.627,0.18,tt3952222,10,2.0,10.0,tt5649262
Killjoys,3,2017-06-30,0.552,0.15,tt3952222,1,3.0,1.0,tt6072892
Killjoys,3,2017-07-07,0.605,0.16,tt3952222,2,3.0,2.0,tt6072890
Killjoys,3,2017-07-14,0.638,0.17,tt3952222,3,3.0,3.0,tt6072896
Killjoys,3,2017-07-21,0.579,0.17,tt3952222,4,3.0,4.0,tt6072898
Killjoys,3,2017-07-28,0.722,0.22,tt3952222,5,3.0,5.0,tt6072900
Killjoys,3,2017-08-04,0.655,0.16,tt3952222,6,3.0,6.0,tt6072894
Killjoys,3,2017-08-11,0.644,0.19,tt3952222,7,3.0,7.0,tt6072906
Killjoys,3,2017-08-18,0.623,0.15,tt3952222,8,3.0,8.0,tt6072908
Killjoys,3,2017-08-25,0.628,0.16,tt3952222,9,3.0,9.0,tt6072902
Killjoys,3,,0.589,0.15,tt3952222,10,3.0,10.0,tt6072904
Killjoys,4,2018-07-20,0.451,0.09,tt3952222,1,4.0,1.0,tt7422052
Killjoys,4,2018-07-27,0.431,0.09,tt3952222,2,4.0,2.0,tt8433286
Killjoys,4,2018-08-03,0.369,0.05,tt3952222,3,4.0,3.0,tt8725210
Killjoys,4,2018-08-10,0.413,0.07,tt3952222,4,4.0,4.0,tt8788448
Killjoys,4,2018-08-17,0.434,0.10,tt3952222,5,4.0,5.0,tt8788450
Killjoys,4,2018-08-24,0.398,0.08,tt3952222,6,4.0,6.0,tt8806894
Killjoys,4,2018-08-31,0.378,0.09,tt3952222,7,4.0,7.0,tt8862812
Killjoys,4,,0.482,0.10,tt3952222,8,4.0,8.0,tt8893376
Killjoys,4,,0.428,0.07,tt3952222,9,4.0,9.0,tt8966818
Killjoys,4,,0.482,0.10,tt3952222,10,4.0,10.0,tt7422056
Killjoys,5,2019-07-19,0.324,0.09,tt3952222,1,5.0,1.0,tt9028782
Killjoys,5,2019-07-26,0.268,0.04,tt3952222,2,5.0,2.0,tt8822022
Killjoys,5,2019-08-02,0.384,0.08,tt3952222,3,5.0,3.0,tt8871618
Killjoys,5,2019-08-09,0.392,0.08,tt3952222,4,5.0,4.0,tt8871648
Killjoys,5,2019-08-16,0.294,0.04,tt3952222,5,5.0,5.0,tt8871652
Killjoys,5,2019-08-23,0.353,0.06,tt3952222,6,5.0,6.0,tt8871656
Killjoys,5,2019-08-30,0.258,0.04,tt3952222,7,5.0,7.0,tt8958624
Killjoys,5,,0.259,0.05,tt3952222,8,5.0,8.0,tt8958648
Killjoys,5,,0.293,0.05,tt3952222,9,5.0,9.0,tt9655736
Killjoys,5,,0.336,0.05,tt3952222,10,5.0,10.0,tt9655788
Complications,1,2015-06-18,1.910,0.41,tt0413573,1,1.0,1.0,tt0592902
Complications,1,2015-06-18,1.910,0.41,tt0413573,2,1.0,2.0,tt0592923
Complications,1,2015-06-25,1.067,0.28,tt0413573,3,1.0,3.0,tt0592926
Complications,1,2015-07-02,1.463,0.34,tt0413573,4,1.0,4.0,tt0592915
Complications,1,2015-07-09,1.526,0.46,tt0413573,5,1.0,5.0,tt0592919
Complications,1,2015-07-16,1.295,0.39,tt0413573,6,1.0,6.0,tt0592909
Complications,1,2015-07-23,1.192,0.29,tt0413573,7,1.0,7.0,tt0592924
Complications,1,2015-07-30,1.430,0.30,tt0413573,8,1.0,8.0,tt0592918
Complications,1,2015-08-06,1.166,0.28,tt0413573,9,1.0,9.0,tt0592925
Complications,1,2015-08-13,1.397,0.34,tt0413573,10,,,
The Musketeers,1,2014-06-22,0.371,0.07,tt2733252,1,1.0,1.0,tt2739344
The Musketeers,1,2014-06-29,0.142,0.04,tt2733252,2,1.0,2.0,tt2881028
The Musketeers,1,2014-07-06,0.189,0.05,tt2733252,3,1.0,3.0,tt2912748
The Musketeers,1,2014-07-13,0.244,0.06,tt2733252,4,1.0,4.0,tt2870572
The Musketeers,1,2014-07-20,0.172,0.05,tt2733252,5,1.0,5.0,tt2901566
The Musketeers,1,2014-07-27,0.213,0.04,tt2733252,6,1.0,6.0,tt3086112
The Musketeers,1,2014-08-03,0.137,0.04,tt2733252,7,1.0,7.0,tt2945402
The Musketeers,1,2014-08-10,0.194,0.05,tt2733252,8,1.0,8.0,tt3086114
The Musketeers,1,2014-08-17,0.190,0.05,tt2733252,9,1.0,9.0,tt3086116
The Musketeers,1,2014-08-24,0.240,0.08,tt2733252,10,1.0,10.0,tt3086120
The Musketeers,2,2015-01-17,0.281,0.07,tt2733252,1,2.0,1.0,tt3565764
The Musketeers,2,2015-01-24,0.234,0.05,tt2733252,2,2.0,2.0,tt3565780
The Musketeers,2,2015-01-31,0.190,0.04,tt2733252,3,2.0,3.0,tt3919384
The Musketeers,2,2015-02-07,0.179,0.05,tt2733252,4,2.0,4.0,tt3919390
The Musketeers,2,2015-02-14,0.214,0.02,tt2733252,5,2.0,5.0,tt3919388
The Musketeers,2,2015-02-21,0.311,0.07,tt2733252,6,2.0,6.0,tt3952180
The Musketeers,2,2015-02-28,0.291,0.07,tt2733252,7,2.0,7.0,tt4114238
The Musketeers,2,2015-03-07,0.210,0.05,tt2733252,8,2.0,8.0,tt4116796
The Musketeers,2,2015-03-14,0.228,0.07,tt2733252,9,2.0,9.0,tt4075144
The Musketeers,2,2015-03-21,0.251,0.06,tt2733252,10,2.0,10.0,tt4084774
Brotherhood,1,2006-07-09,0.454,0.2,tt1355642,1,1.0,1.0,tt1413326
Brotherhood,1,2006-07-16,0.158,0.1,tt1355642,2,1.0,2.0,tt1413327
Brotherhood,1,2006-07-23,0.255,0.1,tt1355642,3,1.0,3.0,tt1415050
Brotherhood,1,2006-07-30,0.200,0.1,tt1355642,4,1.0,4.0,tt1415049
Brotherhood,1,2006-08-06,0.185,0.1,tt1355642,5,1.0,5.0,tt1415051
Brotherhood,1,2006-08-13,0.133,0.0,tt1355642,6,1.0,6.0,tt1424977
Brotherhood,1,2006-08-20,0.135,0.0,tt1355642,7,1.0,7.0,tt1429692
Brotherhood,1,2006-08-27,0.201,0.1,tt1355642,8,1.0,8.0,tt1433389
Brotherhood,1,,0.266,0.1,tt1355642,9,1.0,9.0,tt1434026
Brotherhood,1,,0.122,0.0,tt1355642,10,1.0,10.0,tt1434025
Brotherhood,1,,0.170,0.1,tt1355642,11,1.0,11.0,tt1434022
Brotherhood,2,,0.371,0.2,tt1355642,1,,,
Brotherhood,2,2007-10-07,0.517,0.2,tt1355642,2,,,
Brotherhood,2,2007-10-14,0.445,0.2,tt1355642,3,,,
Brotherhood,2,2007-10-21,0.335,0.1,tt1355642,4,,,
Brotherhood,2,2007-10-28,0.282,0.1,tt1355642,5,,,
Brotherhood,2,2007-11-04,0.361,0.1,tt1355642,6,,,
Brotherhood,2,2007-11-11,0.342,0.1,tt1355642,7,,,
Brotherhood,2,2007-11-18,0.541,0.2,tt1355642,8,,,
Brotherhood,2,2007-11-25,0.327,0.1,tt1355642,9,,,
Brotherhood,2,2007-12-02,0.371,0.1,tt1355642,10,,,
Brotherhood,3,2008-11-02,0.305,0.1,tt1355642,1,,,
Brotherhood,3,2008-11-09,0.235,0.1,tt1355642,2,,,
Brotherhood,3,2008-11-16,0.190,0.1,tt1355642,3,,,
Brotherhood,3,2008-11-23,0.284,0.1,tt1355642,4,,,
Brotherhood,3,2008-11-30,0.285,0.1,tt1355642,5,,,
Brotherhood,3,2008-12-07,0.234,0.1,tt1355642,6,,,
Brotherhood,3,2008-12-14,0.294,0.1,tt1355642,7,,,
Brotherhood,3,2008-12-21,0.295,0.1,tt1355642,8,,,
Army Wives,1,2007-06-03,3.471,1.2/3,tt0859592,1,1.0,1.0,tt0965727
Army Wives,1,2007-06-10,3.268,1.1/3,tt0859592,2,1.0,2.0,tt1021181
Army Wives,1,2007-06-17,3.840,1.4/4,tt0859592,3,1.0,3.0,tt1003707
Army Wives,1,2007-06-24,3.894,1.5/4,tt0859592,4,1.0,4.0,tt1018221
Army Wives,1,2007-07-01,3.781,1.5/5,tt0859592,5,1.0,5.0,tt1010689
Army Wives,1,2007-07-08,3.547,1.3/4,tt0859592,6,1.0,6.0,tt1021183
Army Wives,1,2007-07-15,3.699,1.2/3,tt0859592,7,1.0,7.0,tt1021182
Army Wives,1,2007-07-22,3.520,1.2/4,tt0859592,8,1.0,8.0,tt1032947
Army Wives,1,2007-07-29,3.646,1.4/4,tt0859592,9,1.0,9.0,tt1060886
Army Wives,1,2007-08-05,3.705,1.4/4,tt0859592,10,1.0,10.0,tt1067940
Army Wives,1,2007-08-12,3.735,1.2/4,tt0859592,11,1.0,11.0,tt1060887
Army Wives,1,2007-08-19,3.81,1.3/4,tt0859592,12,1.0,12.0,tt1062444
Army Wives,1,2007-08-26,4.08,1.5/4,tt0859592,13,1.0,13.0,tt1059327
Army Wives,2,2008-06-08,4.518,1.9/5,tt0859592,1,2.0,1.0,tt1068162
Army Wives,2,2008-06-15,4.196,1.8/5,tt0859592,2,2.0,2.0,tt1068167
Army Wives,2,2008-06-22,3.754,1.4/4,tt0859592,3,2.0,3.0,tt1068168
Army Wives,2,2008-06-29,3.837,1.4/4,tt0859592,4,2.0,4.0,tt1068169
Army Wives,2,2008-07-06,3.787,1.5/4,tt0859592,5,2.0,5.0,tt1068170
Army Wives,2,2008-07-13,3.549,1.3,tt0859592,6,2.0,6.0,tt1068171
Army Wives,2,2008-07-20,3.653,1.1/4,tt0859592,7,2.0,7.0,tt1068172
Army Wives,2,2008-07-27,3.64,1.3/4,tt0859592,8,2.0,8.0,tt1068173
Army Wives,2,2008-08-03,4.181,1.6/5,tt0859592,9,2.0,9.0,tt1068174
Army Wives,2,2008-08-10,3.396,1.3/3,tt0859592,10,2.0,10.0,tt1068163
Army Wives,2,2008-08-17,3.49,1.3/3,tt0859592,11,2.0,11.0,tt1068164
Army Wives,2,,3.852,1.5/4,tt0859592,12,2.0,12.0,tt1068165
Army Wives,2,,4.126,1.7/4,tt0859592,13,2.0,13.0,tt1068166
Army Wives,2,,4.374,1.8/4,tt0859592,14,2.0,14.0,tt1280080
Army Wives,2,2008-10-05,3.319,1.4/3,tt0859592,15,2.0,15.0,tt1288507
Army Wives,2,2008-10-12,3.375,1.43/4,tt0859592,16,2.0,16.0,tt1287961
Army Wives,2,2008-10-19,3.360,1.3/3,tt0859592,17,2.0,17.0,tt1291589
Army Wives,2,2008-10-26,3.317,1.24/3,tt0859592,18,2.0,18.0,tt1291212
Army Wives,2,2008-11-02,3.942,1.6/4,tt0859592,19,2.0,19.0,tt1291213
Army Wives,3,2009-06-07,3.476,-,tt0859592,1,3.0,1.0,tt1400575
Army Wives,3,2009-06-14,3.710,-,tt0859592,2,3.0,2.0,tt1401312
Army Wives,3,2009-06-21,3.269,1.1,tt0859592,3,3.0,3.0,tt1394398
Army Wives,3,2009-06-28,3.14,-,tt0859592,4,3.0,4.0,tt1403870
Army Wives,3,2009-07-05,3.622,1.2,tt0859592,5,3.0,5.0,tt1444362
Army Wives,3,2009-07-12,3.829,-,tt0859592,6,3.0,6.0,tt1444363
Army Wives,3,2009-07-19,3.792,1.3/4,tt0859592,7,3.0,7.0,tt1444364
Army Wives,3,2009-07-26,3.805,1.3/4,tt0859592,8,3.0,8.0,tt1444365
Army Wives,3,2009-08-02,3.887,-,tt0859592,9,3.0,9.0,tt1451463
Army Wives,3,2009-08-09,3.550,1.1/3,tt0859592,10,3.0,10.0,tt1464352
Army Wives,3,2009-08-16,4.008,1.3/4,tt0859592,11,3.0,11.0,tt1463826
Army Wives,3,2009-08-23,3.858,1.2/3,tt0859592,12,3.0,12.0,tt1464353
Army Wives,3,2009-08-30,4.189,1.3/4,tt0859592,13,3.0,13.0,tt1464354
Army Wives,3,,3.905,1.3/3,tt0859592,14,3.0,14.0,tt1463825
Army Wives,3,,3.284,1.0/2,tt0859592,15,3.0,15.0,tt1470947
Army Wives,3,,3.381,1.1/3,tt0859592,16,3.0,16.0,tt1470948
Army Wives,3,2009-10-04,3.331,1.1/3,tt0859592,17,3.0,17.0,tt1470949
Army Wives,3,2009-10-11,3.931,1.3/3,tt0859592,18,3.0,18.0,tt1470950
Army Wives,4,2010-04-11,3.321,1.1/3,tt0859592,1,4.0,1.0,tt1608808
Army Wives,4,2010-04-18,3.150,1.1/3,tt0859592,2,4.0,2.0,tt1608809
Army Wives,4,2010-04-25,2.886,0.9/2,tt0859592,3,4.0,3.0,tt1608810
Army Wives,4,,3.148,1.1/3,tt0859592,4,4.0,4.0,tt1608811
Army Wives,4,,2.646,0.9/3,tt0859592,5,4.0,5.0,tt1608812
Army Wives,4,,2.951,1.1/3,tt0859592,6,4.0,6.0,tt1645210
Army Wives,4,,2.601,0.8/2,tt0859592,7,4.0,7.0,tt1643272
Army Wives,4,2010-06-06,3.463,1.0/3,tt0859592,8,4.0,8.0,tt1643273
Army Wives,4,2010-06-13,3.307,1.0/3,tt0859592,9,4.0,9.0,tt1648241
Army Wives,4,2010-06-20,3.449,1.1/3,tt0859592,10,4.0,10.0,tt1649456
Army Wives,4,2010-06-27,3.310,1.0/3,tt0859592,11,4.0,11.0,tt1649457
Army Wives,4,2010-07-11,3.251,0.9/3,tt0859592,12,4.0,12.0,tt1649458
Army Wives,4,2010-07-18,3.457,1.1/3,tt0859592,13,4.0,13.0,tt1649459
Army Wives,4,2010-07-25,3.310,1.1/3,tt0859592,14,4.0,14.0,tt1648240
Army Wives,4,2010-08-01,3.302,1.0/3,tt0859592,15,4.0,15.0,tt1674801
Army Wives,4,2010-08-08,3.335,1.0/3,tt0859592,16,4.0,16.0,tt1674802
Army Wives,4,2010-08-15,3.599,1.1/3,tt0859592,17,4.0,17.0,tt1695441
Army Wives,4,2010-08-22,3.910,1.3/4,tt0859592,18,4.0,18.0,tt1695152
Army Wives,5,2011-03-06,4.428,1.4/4,tt0859592,1,5.0,1.0,tt1836254
Army Wives,5,2011-03-13,3.356,1.0/3,tt0859592,2,5.0,2.0,tt1836255
Army Wives,5,2011-03-20,3.841,1.3/3,tt0859592,3,5.0,3.0,tt1854420
Army Wives,5,2011-03-27,4.794,1.7/4,tt0859592,4,5.0,4.0,tt1854645
Army Wives,5,2011-04-03,3.350,1.4/3,tt0859592,5,5.0,5.0,tt1854646
Army Wives,5,2011-04-10,3.444,1.1/3,tt0859592,6,5.0,6.0,tt1845939
Army Wives,5,2011-04-17,3.494,1.1/3,tt0859592,7,5.0,7.0,tt1856805
Army Wives,5,,3.124,1.0/2,tt0859592,8,5.0,8.0,tt1858837
Army Wives,5,,3.346,1.0/3,tt0859592,9,5.0,9.0,tt1856804
Army Wives,5,,3.277,1.0/2,tt0859592,10,5.0,10.0,tt1856800
Army Wives,5,,3.663,1.3/2,tt0859592,11,5.0,11.0,tt1856801
Army Wives,5,2011-06-05,3.471,1.1/3,tt0859592,12,5.0,12.0,tt1856802
Army Wives,5,2011-06-12,3.609,1.2/3,tt0859592,13,5.0,13.0,tt1856803
Army Wives,6,2012-03-04,3.626,1.2,tt0859592,1,6.0,1.0,tt2086985
Army Wives,6,2012-03-11,3.626,1.2,tt0859592,2,6.0,2.0,tt2089023
Army Wives,6,2012-03-18,3.038,1.0,tt0859592,3,6.0,3.0,tt2099011
Army Wives,6,2012-03-25,2.828,0.9,tt0859592,4,6.0,4.0,tt2109274
Army Wives,6,2012-04-01,2.700,0.8,tt0859592,5,6.0,5.0,tt2117014
Army Wives,6,2012-04-08,2.604,0.8,tt0859592,6,6.0,6.0,tt2125019
Army Wives,6,2012-04-15,3.100,0.9,tt0859592,7,6.0,7.0,tt2207841
Army Wives,6,2012-04-22,2.913,0.9,tt0859592,8,6.0,8.0,tt2207843
Army Wives,6,2012-04-29,3.178,1.1,tt0859592,9,6.0,9.0,tt2207845
Army Wives,6,,2.812,0.9,tt0859592,10,6.0,10.0,tt2262613
Army Wives,6,,3.073,0.9,tt0859592,11,6.0,11.0,tt2262617
Army Wives,6,,2.606,0.8,tt0859592,12,6.0,12.0,tt2262615
Army Wives,6,2012-06-24,2.772,1.0,tt0859592,13,6.0,13.0,tt2262619
Army Wives,6,2012-07-01,3.333,1.0,tt0859592,14,6.0,14.0,tt2331315
Army Wives,6,2012-07-08,3.021,0.9,tt0859592,15,6.0,15.0,tt2326329
Army Wives,6,2012-07-15,3.291,1.1,tt0859592,16,6.0,16.0,tt2392647
Army Wives,6,2012-07-22,3.488,1.1,tt0859592,17,6.0,17.0,tt2378677
Army Wives,6,2012-07-29,2.916,0.9,tt0859592,18,6.0,18.0,tt2383215
Army Wives,6,2012-08-05,2.815,0.9,tt0859592,19,6.0,19.0,tt2392649
Army Wives,6,2012-08-12,2.971,1.1,tt0859592,20,6.0,20.0,tt2392653
Army Wives,6,2012-08-19,3.565,1.2,tt0859592,21,6.0,21.0,tt2392651
Army Wives,6,2012-08-26,3.366,1.0,tt0859592,22,6.0,22.0,tt2392643
Army Wives,6,,3.298,1.0,tt0859592,23,6.0,23.0,tt2392645
Army Wives,7,2013-03-10,2.379,0.8,tt0859592,1,7.0,1.0,tt2642290
Army Wives,7,2013-03-17,2.266,0.7,tt0859592,2,7.0,2.0,tt2642294
Army Wives,7,2013-03-24,2.451,0.8,tt0859592,3,7.0,3.0,tt2642298
Army Wives,7,2013-03-31,2.120,0.7,tt0859592,4,7.0,4.0,tt2642304
Army Wives,7,2013-04-07,2.597,0.8,tt0859592,5,7.0,5.0,tt2642308
Army Wives,7,2013-04-14,2.658,0.8,tt0859592,6,7.0,6.0,tt2642314
Army Wives,7,2013-04-21,2.583,0.9,tt0859592,7,7.0,7.0,tt2642316
Army Wives,7,2013-04-28,2.762,0.9,tt0859592,8,7.0,8.0,tt2642312
Army Wives,7,,2.733,0.9,tt0859592,9,7.0,9.0,tt2642322
Army Wives,7,,2.306,0.7,tt0859592,10,7.0,10.0,tt2642320
Army Wives,7,,2.584,0.7,tt0859592,11,7.0,11.0,tt2642330
Army Wives,7,2013-06-02,2.842,0.8,tt0859592,12,7.0,12.0,tt2642332
Army Wives,7,2013-06-09,2.408,0.7,tt0859592,13,7.0,13.0,tt2642334
The Real Housewives of NYC,1,2008-03-04,0.824,0.5,tt6352258,1,,,
The Real Housewives of NYC,1,2008-03-11,0.824,0.4,tt6352258,2,,,
The Real Housewives of NYC,1,2008-03-18,0.944,0.5,tt6352258,3,,,
The Real Housewives of NYC,1,2008-03-25,1.137,0.6,tt6352258,4,,,
The Real Housewives of NYC,1,2008-04-01,0.991,0.6,tt6352258,5,,,
The Real Housewives of NYC,1,2008-04-08,1.084,0.6,tt6352258,6,,,
The Real Housewives of NYC,1,2008-04-15,1.426,0.8,tt6352258,7,,,
The Real Housewives of NYC,1,2008-04-22,1.104,0.6,tt6352258,8,,,
The Real Housewives of NYC,1,,1.063,0.6,tt6352258,9,,,
The Real Housewives of NYC,2,2009-02-17,1.641,0.9,tt6352258,1,,,
The Real Housewives of NYC,2,2009-02-24,1.861,1.1,tt6352258,2,,,
The Real Housewives of NYC,2,2009-03-03,1.224,0.7,tt6352258,3,,,
The Real Housewives of NYC,2,2009-03-10,1.388,0.7,tt6352258,4,,,
The Real Housewives of NYC,2,2009-03-17,1.590,0.8,tt6352258,5,,,
The Real Housewives of NYC,2,2009-03-24,1.391,0.8,tt6352258,6,,,
The Real Housewives of NYC,2,2009-03-31,1.736,0.9,tt6352258,7,,,
The Real Housewives of NYC,2,2009-04-07,1.737,1.0,tt6352258,8,,,
The Real Housewives of NYC,2,2009-04-14,1.891,1.1,tt6352258,9,,,
The Real Housewives of NYC,2,2009-04-21,1.753,1.0,tt6352258,10,,,
The Real Housewives of NYC,2,2009-04-28,1.771,0.9,tt6352258,11,,,
The Real Housewives of NYC,2,,2.027,1.1,tt6352258,12,,,
The Real Housewives of NYC,2,,2.285,1.2,tt6352258,13,,,
The Real Housewives of NYC,2,,1.534,0.8,tt6352258,14,,,
The Real Housewives of NYC,2,,1.203,0.6,tt6352258,15,,,
The Real Housewives of NYC,3,2010-03-04,2.040,1.1,tt6352258,1,,,
The Real Housewives of NYC,3,2010-03-11,1.975,1.0,tt6352258,2,,,
The Real Housewives of NYC,3,2010-03-18,1.753,0.9,tt6352258,3,,,
The Real Housewives of NYC,3,2010-03-25,1.744,0.9,tt6352258,4,,,
The Real Housewives of NYC,3,2010-04-01,1.532,0.9,tt6352258,5,,,
The Real Housewives of NYC,3,2010-04-08,1.845,1.0,tt6352258,6,,,
The Real Housewives of NYC,3,2010-04-15,1.866,0.9,tt6352258,7,,,
The Real Housewives of NYC,3,2010-04-22,1.742,0.9,tt6352258,8,,,
The Real Housewives of NYC,3,2010-04-29,1.906,1.0,tt6352258,9,,,
The Real Housewives of NYC,3,,2.251,1.2,tt6352258,10,,,
The Real Housewives of NYC,3,,2.082,1.1,tt6352258,11,,,
The Real Housewives of NYC,3,,2.319,1.2,tt6352258,12,,,
The Real Housewives of NYC,3,,2.564,1.3,tt6352258,13,,,
The Real Housewives of NYC,3,2010-06-03,2.641,1.3,tt6352258,14,,,
The Real Housewives of NYC,3,2010-06-10,2.237,1.1,tt6352258,15,,,
The Real Housewives of NYC,3,2010-06-14,2.051,1.0,tt6352258,16,,,
The Real Housewives of NYC,3,2010-06-17,2.058,1.1,tt6352258,17,,,
The Real Housewives of NYC,3,2010-06-24,1.440,0.6,tt6352258,18,,,
The Real Housewives of NYC,4,2011-04-07,1.965,1.0,tt6352258,1,,,
The Real Housewives of NYC,4,2011-04-14,1.856,0.9,tt6352258,2,,,
The Real Housewives of NYC,4,2011-04-21,1.927,0.9,tt6352258,3,,,
The Real Housewives of NYC,4,2011-04-28,1.866,0.9,tt6352258,4,,,
The Real Housewives of NYC,4,,1.828,0.9,tt6352258,5,,,
The Real Housewives of NYC,4,,1.792,0.8,tt6352258,6,,,
The Real Housewives of NYC,4,,1.795,0.8,tt6352258,7,,,
The Real Housewives of NYC,4,,2.292,1.1,tt6352258,8,,,
The Real Housewives of NYC,4,2011-06-02,2.283,1.1,tt6352258,9,,,
The Real Housewives of NYC,4,2011-06-09,2.256,1.0,tt6352258,10,,,
The Real Housewives of NYC,4,2011-06-16,2.038,0.9,tt6352258,11,,,
The Real Housewives of NYC,4,2011-06-23,2.142,0.9,tt6352258,12,,,
The Real Housewives of NYC,4,2011-06-30,1.934,0.8,tt6352258,13,,,
The Real Housewives of NYC,4,2011-07-07,2.017,0.9,tt6352258,14,,,
The Real Housewives of NYC,4,2011-07-14,2.171,0.9,tt6352258,15,,,
The Real Housewives of NYC,4,2011-07-21,2.449,1.1,tt6352258,16,,,
The Real Housewives of NYC,4,2011-07-25,2.325,1.1,tt6352258,17,,,
The Real Housewives of NYC,4,2011-08-01,1.781,0.7,tt6352258,18,,,
The Real Housewives of NYC,5,2012-06-04,1.660,0.8,tt6352258,1,,,
The Real Housewives of NYC,5,2012-06-11,1.430,0.6,tt6352258,2,,,
The Real Housewives of NYC,5,2012-06-18,1.390,0.6,tt6352258,3,,,
The Real Housewives of NYC,5,2012-06-25,1.462,0.6,tt6352258,4,,,
The Real Housewives of NYC,5,2012-07-02,1.386,0.5,tt6352258,5,,,
The Real Housewives of NYC,5,2012-07-09,1.299,0.5,tt6352258,6,,,
The Real Housewives of NYC,5,2012-07-16,1.394,0.5,tt6352258,7,,,
The Real Housewives of NYC,5,2012-07-23,1.507,0.7,tt6352258,8,,,
The Real Housewives of NYC,5,2012-07-30,1.553,0.7,tt6352258,9,,,
The Real Housewives of NYC,5,2012-08-06,1.441,0.6,tt6352258,10,,,
The Real Housewives of NYC,5,2012-08-13,1.651,0.7,tt6352258,11,,,
The Real Housewives of NYC,5,2012-08-20,1.653,0.7,tt6352258,12,,,
The Real Housewives of NYC,5,2012-08-27,1.823,0.8,tt6352258,13,,,
The Real Housewives of NYC,5,,1.928,0.8,tt6352258,14,,,
The Real Housewives of NYC,5,,1.801,0.8,tt6352258,15,,,
The Real Housewives of NYC,5,,1.989,0.8,tt6352258,16,,,
The Real Housewives of NYC,5,,1.700,0.8,tt6352258,17,,,
The Real Housewives of NYC,5,2012-10-01,1.838,0.9,tt6352258,18,,,
The Real Housewives of NYC,5,2012-10-08,1.700,0.8,tt6352258,19,,,
The Real Housewives of NYC,5,2012-10-15,1.720,0.8,tt6352258,20,,,
The Real Housewives of NYC,5,2012-10-22,0.933,0.4,tt6352258,21,,,
The Real Housewives of NYC,6,2014-03-11,1.329,0.52,tt6352258,1,,,
The Real Housewives of NYC,6,2014-03-18,1.312,0.50,tt6352258,2,,,
The Real Housewives of NYC,6,2014-03-25,1.437,0.59,tt6352258,3,,,
The Real Housewives of NYC,6,2014-04-01,1.290,0.51,tt6352258,4,,,
The Real Housewives of NYC,6,2014-04-08,1.204,0.47,tt6352258,5,,,
The Real Housewives of NYC,6,2014-04-15,1.259,0.47,tt6352258,6,,,
The Real Housewives of NYC,6,2014-04-22,1.383,0.60,tt6352258,7,,,
The Real Housewives of NYC,6,2014-04-29,1.464,0.55,tt6352258,8,,,
The Real Housewives of NYC,6,,1.479,0.59,tt6352258,9,,,
The Real Housewives of NYC,6,,1.427,0.51,tt6352258,10,,,
The Real Housewives of NYC,6,,1.204,0.47,tt6352258,11,,,
The Real Housewives of NYC,6,,1.167,0.43,tt6352258,12,,,
The Real Housewives of NYC,6,2014-06-03,1.134,0.41,tt6352258,13,,,
The Real Housewives of NYC,6,2014-06-10,1.125,0.48,tt6352258,14,,,
The Real Housewives of NYC,6,2014-06-17,1.011,0.37,tt6352258,15,,,
The Real Housewives of NYC,6,2014-06-24,1.268,0.55,tt6352258,16,,,
The Real Housewives of NYC,6,2014-07-01,1.150,0.46,tt6352258,17,,,
The Real Housewives of NYC,6,2014-07-08,1.293,0.52,tt6352258,18,,,
The Real Housewives of NYC,6,2014-07-15,1.131,0.44,tt6352258,19,,,
The Real Housewives of NYC,6,2014-07-22,1.504,0.64,tt6352258,20,,,
The Real Housewives of NYC,6,2014-07-29,1.312,0.57,tt6352258,21,,,
The Real Housewives of NYC,6,2014-08-05,1.514,0.63,tt6352258,22,,,
The Real Housewives of NYC,6,2014-08-12,1.305,0.55,tt6352258,23,,,
The Real Housewives of NYC,7,2015-04-07,1.565,0.60,tt6352258,1,,,
The Real Housewives of NYC,7,2015-04-14,1.523,0.61,tt6352258,2,,,
The Real Housewives of NYC,7,2015-04-21,1.451,0.60,tt6352258,3,,,
The Real Housewives of NYC,7,2015-04-28,1.299,0.53,tt6352258,4,,,
The Real Housewives of NYC,7,,1.310,0.51,tt6352258,5,,,
The Real Housewives of NYC,7,,1.385,0.57,tt6352258,6,,,
The Real Housewives of NYC,7,,1.089,0.47,tt6352258,7,,,
The Real Housewives of NYC,7,,1.297,0.55,tt6352258,8,,,
The Real Housewives of NYC,7,2015-06-02,1.181,0.48,tt6352258,9,,,
The Real Housewives of NYC,7,2015-06-09,1.230,0.54,tt6352258,10,,,
The Real Housewives of NYC,7,2015-06-16,1.157,0.51,tt6352258,11,,,
The Real Housewives of NYC,7,2015-06-23,1.410,0.59,tt6352258,12,,,
The Real Housewives of NYC,7,2015-06-30,1.267,0.54,tt6352258,13,,,
The Real Housewives of NYC,7,2015-07-07,1.361,0.59,tt6352258,14,,,
The Real Housewives of NYC,7,2015-07-14,1.511,0.60,tt6352258,15,,,
The Real Housewives of NYC,7,2015-07-21,1.241,0.51,tt6352258,16,,,
The Real Housewives of NYC,7,2015-07-28,1.110,0.46,tt6352258,17,,,
The Real Housewives of NYC,7,2015-08-04,1.238,0.49,tt6352258,18,,,
The Real Housewives of NYC,7,2015-08-11,1.406,0.56,tt6352258,19,,,
The Real Housewives of NYC,7,2015-08-18,1.314,0.57,tt6352258,20,,,
The Real Housewives of NYC,7,2015-08-25,1.390,0.55,tt6352258,21,,,
The Real Housewives of NYC,7,2015-08-27,0.844,0.33,tt6352258,22,,,
The Real Housewives of NYC,7,,0.703,0.26,tt6352258,23,,,
The Real Housewives of NYC,8,2016-04-06,1.245,0.44,tt6352258,1,,,
The Real Housewives of NYC,8,2016-04-13,1.242,0.43,tt6352258,2,,,
The Real Housewives of NYC,8,2016-04-20,1.428,0.50,tt6352258,3,,,
The Real Housewives of NYC,8,2016-04-27,1.322,0.47,tt6352258,4,,,
The Real Housewives of NYC,8,,1.323,0.46,tt6352258,5,,,
The Real Housewives of NYC,8,,1.310,0.42,tt6352258,6,,,
The Real Housewives of NYC,8,,1.297,0.44,tt6352258,7,,,
The Real Housewives of NYC,8,,1.558,0.52,tt6352258,8,,,
The Real Housewives of NYC,8,2016-06-01,1.608,0.55,tt6352258,9,,,
The Real Housewives of NYC,8,2016-06-08,1.517,0.54,tt6352258,10,,,
The Real Housewives of NYC,8,2016-06-15,1.595,0.51,tt6352258,11,,,
The Real Housewives of NYC,8,2016-06-22,1.383,0.41,tt6352258,12,,,
The Real Housewives of NYC,8,2016-06-29,1.572,0.49,tt6352258,13,,,
The Real Housewives of NYC,8,2016-07-06,1.615,0.56,tt6352258,14,,,
The Real Housewives of NYC,8,2016-07-13,1.526,0.49,tt6352258,15,,,
The Real Housewives of NYC,8,2016-07-20,1.317,0.45,tt6352258,16,,,
The Real Housewives of NYC,8,2016-07-27,1.431,0.47,tt6352258,17,,,
The Real Housewives of NYC,8,2016-08-03,1.792,0.60,tt6352258,18,,,
The Real Housewives of NYC,8,2016-08-17,1.775,0.61,tt6352258,19,,,
The Real Housewives of NYC,8,2016-08-24,1.962,0.71,tt6352258,20,,,
The Real Housewives of NYC,8,2016-08-31,1.817,0.61,tt6352258,21,,,
The Real Housewives of NYC,8,,1.805,0.62,tt6352258,22,,,
The Real Housewives of NYC,8,,1.763,0.62,tt6352258,23,,,
The Real Housewives of NYC,9,2017-03-15,0.634,0.18,tt6352258,1,,,
The Real Housewives of NYC,9,2017-04-05,1.267,0.41,tt6352258,2,,,
The Real Housewives of NYC,9,2017-04-12,1.287,0.44,tt6352258,3,,,
The Real Housewives of NYC,9,2017-04-19,1.376,0.48,tt6352258,4,,,
The Real Housewives of NYC,9,2017-04-26,1.432,0.46,tt6352258,5,,,
The Real Housewives of NYC,9,,1.358,0.47,tt6352258,6,,,
The Real Housewives of NYC,9,,1.314,0.47,tt6352258,7,,,
The Real Housewives of NYC,9,,1.330,0.45,tt6352258,8,,,
The Real Housewives of NYC,9,,1.254,0.42,tt6352258,9,,,
The Real Housewives of NYC,9,,1.610,0.60,tt6352258,10,,,
The Real Housewives of NYC,9,2017-06-07,1.610,0.55,tt6352258,11,,,
The Real Housewives of NYC,9,2017-06-14,1.685,0.54,tt6352258,12,,,
The Real Housewives of NYC,9,2017-06-21,1.585,0.52,tt6352258,13,,,
The Real Housewives of NYC,9,2017-06-28,1.448,0.50,tt6352258,14,,,
The Real Housewives of NYC,9,2017-07-05,1.632,0.55,tt6352258,15,,,
The Real Housewives of NYC,9,2017-07-12,1.545,0.52,tt6352258,16,,,
The Real Housewives of NYC,9,2017-07-19,1.703,0.62,tt6352258,17,,,
The Real Housewives of NYC,9,2017-07-26,1.780,0.61,tt6352258,18,,,
The Real Housewives of NYC,9,2017-08-02,1.637,0.57,tt6352258,19,,,
The Real Housewives of NYC,9,2017-08-09,1.722,0.62,tt6352258,20,,,
The Real Housewives of NYC,9,2017-08-16,1.616,0.59,tt6352258,21,,,
The Real Housewives of NYC,9,2017-08-23,1.391,0.53,tt6352258,22,,,
The Real Housewives of NYC,9,2017-08-30,1.470,0.54,tt6352258,23,,,
The Real Housewives of NYC,10,2018-04-04,1.393,0.46,tt6352258,1,,,
The Real Housewives of NYC,10,2018-04-11,1.272,0.42,tt6352258,2,,,
The Real Housewives of NYC,10,2018-04-18,1.338,0.46,tt6352258,3,,,
The Real Housewives of NYC,10,2018-04-25,1.434,0.46,tt6352258,4,,,
The Real Housewives of NYC,10,,1.369,0.44,tt6352258,5,,,
The Real Housewives of NYC,10,,1.444,0.46,tt6352258,6,,,
The Real Housewives of NYC,10,,1.411,0.47,tt6352258,7,,,
The Real Housewives of NYC,10,,1.225,0.43,tt6352258,8,,,
The Real Housewives of NYC,10,,1.449,0.52,tt6352258,9,,,
The Real Housewives of NYC,10,2018-06-06,1.394,0.49,tt6352258,10,,,
The Real Housewives of NYC,10,2018-06-13,1.397,0.47,tt6352258,11,,,
The Real Housewives of NYC,10,2018-06-20,1.368,0.43,tt6352258,12,,,
The Real Housewives of NYC,10,2018-06-27,1.377,0.50,tt6352258,13,,,
The Real Housewives of NYC,10,2018-07-11,1.307,0.44,tt6352258,14,,,
The Real Housewives of NYC,10,2018-07-18,1.356,0.46,tt6352258,15,,,
The Real Housewives of NYC,10,2018-07-25,1.475,0.52,tt6352258,16,,,
The Real Housewives of NYC,10,2018-08-01,1.502,0.50,tt6352258,17,,,
The Real Housewives of NYC,10,2018-08-08,1.369,0.46,tt6352258,18,,,
The Real Housewives of NYC,10,2018-08-15,1.241,0.42,tt6352258,19,,,
The Real Housewives of NYC,10,2018-08-22,1.272,0.45,tt6352258,20,,,
The Real Housewives of NYC,10,2018-08-29,1.392,0.46,tt6352258,21,,,
The Real Housewives of NYC,10,,1.263,0.47,tt6352258,22,,,
The Real Housewives of NYC,10,,0.495,0.16,tt6352258,23,,,
The Real Housewives of NYC,11,2019-03-06,1.536,0.59,tt6352258,1,,,
The Real Housewives of NYC,11,2019-03-13,1.382,0.47,tt6352258,2,,,
The Real Housewives of NYC,11,2019-03-20,1.273,0.38,tt6352258,3,,,
The Real Housewives of NYC,11,2019-03-27,1.268,0.44,tt6352258,4,,,
The Real Housewives of NYC,11,2019-04-03,1.347,0.42,tt6352258,5,,,
The Real Housewives of NYC,11,2019-04-10,1.391,0.44,tt6352258,6,,,
The Real Housewives of NYC,11,2019-04-17,1.171,0.37,tt6352258,7,,,
The Real Housewives of NYC,11,2019-04-24,1.156,0.41,tt6352258,8,,,
The Real Housewives of NYC,11,,1.132,0.38,tt6352258,9,,,
The Real Housewives of NYC,11,,1.124,0.38,tt6352258,10,,,
The Real Housewives of NYC,11,,1.294,0.46,tt6352258,11,,,
The Real Housewives of NYC,11,,1.220,0.37,tt6352258,12,,,
The Real Housewives of NYC,11,,1.354,0.42,tt6352258,13,,,
The Real Housewives of NYC,11,2019-06-05,1.362,0.44,tt6352258,14,,,
The Real Housewives of NYC,11,2019-06-12,1.431,0.45,tt6352258,15,,,
The Real Housewives of NYC,11,2019-06-20,1.377,0.40,tt6352258,16,,,
The Real Housewives of NYC,11,2019-06-27,1.266,0.41,tt6352258,17,,,
The Real Housewives of NYC,11,2019-07-11,1.286,0.42,tt6352258,18,,,
The Real Housewives of NYC,11,2019-07-18,1.092,0.31,tt6352258,19,,,
The Real Housewives of NYC,11,2019-07-25,1.210,0.40,tt6352258,20,,,
The Real Housewives of NYC,12,2020-04-02,1.089,0.43,tt6352258,1,,,
The Real Housewives of NYC,12,2020-04-09,1.029,0.34,tt6352258,2,,,
The Real Housewives of NYC,12,2020-04-16,1.168,0.39,tt6352258,3,,,
The Real Housewives of NYC,12,2020-04-23,1.251,0.40,tt6352258,4,,,
The Real Housewives of NYC,12,2020-04-30,1.215,0.40,tt6352258,5,,,
The Real Housewives of NYC,12,,1.178,0.36,tt6352258,6,,,
The Real Housewives of NYC,12,,1.265,0.45,tt6352258,7,,,
The Real Housewives of NYC,12,,1.144,0.37,tt6352258,8,,,
The Real Housewives of NYC,12,,1.325,0.41,tt6352258,9,,,
The Real Housewives of NYC,12,2020-06-04,1.183,0.37,tt6352258,10,,,
The Real Housewives of NYC,12,2020-06-11,1.182,0.42,tt6352258,11,,,
The Real Housewives of NYC,12,2020-07-02,0.878,0.27,tt6352258,12,,,
The Real Housewives of NYC,12,2020-07-09,1.107,0.36,tt6352258,13,,,
The Real Housewives of NYC,12,2020-07-16,1.114,0.33,tt6352258,14,,,
The Real Housewives of NYC,12,2020-07-23,1.123,0.36,tt6352258,15,,,
The Real Housewives of NYC,12,2020-07-30,1.180,0.38,tt6352258,16,,,
The Real Housewives of NYC,12,2020-08-06,1.159,0.36,tt6352258,17,,,
The Real Housewives of NYC,12,2020-08-13,1.224,0.42,tt6352258,18,,,
The Real Housewives of NYC,12,2020-08-20,1.060,0.31,tt6352258,19,,,
The Real Housewives of NYC,12,2020-08-27,1.116,0.35,tt6352258,20,,,
The Real Housewives of NYC,12,,1.122,0.31,tt6352258,21,,,
The Real Housewives of NYC,12,,1.128,0.35,tt6352258,22,,,
The Real Housewives of NYC,12,,1.016,0.28,tt6352258,23,,,
The Real Housewives of NYC,12,,1.004,0.29,tt6352258,24,,,
The Real Housewives of NYC,12,2020-10-01,0.502,0.13,tt6352258,25,,,
The Real Housewives of NYC,12,2020-10-08,0.254,0.05,tt6352258,26,,,
The Real Housewives of NYC,12,2021-04-27,0.258,0.07,tt6352258,27,,,
The Real Housewives of NYC,12,,0.959,0.28,tt6352258,28,,,
The Real Housewives of NYC,12,,0.871,0.26,tt6352258,29,,,
The Real Housewives of NYC,12,,0.822,0.22,tt6352258,30,,,
The Real Housewives of NYC,12,,0.836,0.28,tt6352258,31,,,
The Real Housewives of NYC,12,2021-06-01,0.881,0.26,tt6352258,32,,,
The Real Housewives of NYC,12,2021-06-08,0.878,0.24,tt6352258,33,,,
The Real Housewives of NYC,12,2021-06-15,0.866,0.25,tt6352258,34,,,
The Real Housewives of NYC,12,2021-06-29,0.764,0.22,tt6352258,35,,,
The Real Housewives of NYC,12,2021-07-06,0.856,0.25,tt6352258,36,,,
The Real Housewives of NYC,12,2021-07-13,0.717,0.19,tt6352258,37,,,
The Real Housewives of NYC,12,2021-07-20,0.875,0.23,tt6352258,38,,,
The Real Housewives of NYC,12,2021-07-27,0.805,0.21,tt6352258,39,,,
The Real Housewives of NYC,12,2021-08-03,0.816,0.19,tt6352258,40,,,
The Real Housewives of NYC,12,2021-08-10,0.809,0.24,tt6352258,41,,,
The Real Housewives of NYC,12,2021-08-17,0.826,0.19,tt6352258,42,,,
The Real Housewives of NYC,12,2021-08-24,0.746,0.19,tt6352258,43,,,
The Real Housewives of NYC,12,2021-08-31,0.841,0.20,tt6352258,44,,,
The Real Housewives of NYC,12,,0.542,0.12,tt6352258,45,,,
Olympus,1,2015-04-02,0.894,0.21,tt3681794,1,1.0,1.0,tt3906716
Olympus,1,2015-04-09,0.709,0.19,tt3681794,2,1.0,2.0,tt3906720
Olympus,1,2015-04-16,0.718,0.17,tt3681794,3,1.0,3.0,tt3970322
Olympus,1,2015-04-23,0.652,0.16,tt3681794,4,1.0,4.0,tt3959536
Olympus,1,2015-04-30,0.612,0.16,tt3681794,5,1.0,5.0,tt3953160
Olympus,1,,0.576,0.13,tt3681794,6,1.0,6.0,tt3953176
Olympus,1,,0.585,0.18,tt3681794,7,1.0,7.0,tt4058864
Olympus,1,,0.368,0.09,tt3681794,8,1.0,8.0,tt4126658
Olympus,1,2015-06-04,0.467,0.11,tt3681794,9,1.0,9.0,tt4126660
Olympus,1,2015-06-11,0.398,0.10,tt3681794,10,1.0,10.0,tt4104092
Olympus,1,2015-06-18,0.416,0.14,tt3681794,11,1.0,11.0,tt4126696
Olympus,1,2015-06-25,0.382,0.10,tt3681794,12,1.0,12.0,tt4126666
Olympus,1,2015-07-02,0.379,0.11,tt3681794,13,1.0,13.0,tt4126668
The End,1,2021-07-18,0.061,0.01,tt15227418,1,1.0,1.0,tt15659200
The End,1,2021-07-18,0.055,0.01,tt15227418,2,1.0,2.0,tt16970184
The End,1,2021-07-25,0.030,0.00,tt15227418,3,1.0,3.0,tt18550090
The End,1,2021-07-25,0.030,0.00,tt15227418,4,1.0,4.0,tt19373214
The End,1,2021-08-01,0.041,0.00,tt15227418,5,1.0,5.0,tt19373218
The End,1,2021-08-01,0.042,0.00,tt15227418,6,1.0,6.0,tt19373226
The End,1,2021-08-08,0.055,0.00,tt15227418,7,1.0,7.0,tt21935554
The End,1,2021-08-08,0.059,0.00,tt15227418,8,,,
The End,1,2021-08-15,0.029,0.00,tt15227418,9,,,
The End,1,2021-08-15,0.030,0.00,tt15227418,10,,,
Proof,1,2015-06-16,2.656,0.37,tt1587669,1,1.0,1.0,tt1698077
Proof,1,2015-06-23,2.183,0.30,tt1587669,2,1.0,2.0,tt1698078
Proof,1,2015-06-30,2.056,0.25,tt1587669,3,1.0,3.0,tt1698083
Proof,1,2015-07-07,2.092,0.36,tt1587669,4,1.0,4.0,tt1698082
Proof,1,2015-07-14,1.825,0.30,tt1587669,5,1.0,5.0,tt1770956
Proof,1,2015-07-21,1.825,0.24,tt1587669,6,1.0,6.0,tt1698081
Proof,1,2015-07-28,2.111,0.30,tt1587669,7,1.0,7.0,tt1698080
Proof,1,2015-08-04,1.992,0.27,tt1587669,8,1.0,8.0,tt1698079
Proof,1,2015-08-11,2.322,0.40,tt1587669,9,1.0,9.0,tt1698084
Proof,1,2015-08-18,2.115,0.33,tt1587669,10,,,
The Sopranos,1,1999-01-10,3.451,2.3,tt0141842,1,1.0,1.0,tt0705282
The Sopranos,1,1999-01-17,3.019,2.1,tt0141842,2,1.0,2.0,tt0705223
The Sopranos,1,1999-01-24,2.179,1.7,tt0141842,3,1.0,3.0,tt0705239
The Sopranos,1,1999-01-31,3.002,2.2,tt0141842,4,1.0,4.0,tt0705263
The Sopranos,1,1999-02-07,3.069,2.2,tt0141842,5,1.0,5.0,tt0705236
The Sopranos,1,1999-02-14,2.886,1.8,tt0141842,6,1.0,6.0,tt0705270
The Sopranos,1,1999-02-21,3.665,2.4,tt0141842,7,1.0,7.0,tt0705241
The Sopranos,1,1999-02-28,3.464,2.4,tt0141842,8,1.0,8.0,tt0705280
The Sopranos,1,1999-03-07,3.569,2.5,tt0141842,9,1.0,9.0,tt0705231
The Sopranos,1,1999-03-14,3.670,2.5,tt0141842,10,1.0,10.0,tt0705224
The Sopranos,1,1999-03-21,3.250,2.4,tt0141842,11,1.0,11.0,tt0705269
The Sopranos,1,1999-03-28,4.192,3.0,tt0141842,12,1.0,12.0,tt0705256
The Sopranos,1,1999-04-04,5.217,3.6,tt0141842,13,1.0,13.0,tt0705253
The Sopranos,2,2000-01-16,7.640,5.0,tt0141842,1,2.0,1.0,tt0705250
The Sopranos,2,2000-01-23,5.333,3.6,tt0141842,2,2.0,2.0,tt0705240
The Sopranos,2,2000-01-30,5.600,3.5,tt0141842,3,2.0,3.0,tt0705288
The Sopranos,2,2000-02-06,7.164,4.5,tt0141842,4,2.0,4.0,tt0705237
The Sopranos,2,2000-02-13,5.345,3.6,tt0141842,5,2.0,5.0,tt0705230
The Sopranos,2,2000-02-20,5.839,3.9,tt0141842,6,2.0,6.0,tt0705278
The Sopranos,2,2000-02-27,6.663,4.4,tt0141842,7,2.0,7.0,tt0705238
The Sopranos,2,2000-03-05,6.296,4.2,tt0141842,8,2.0,8.0,tt0705248
The Sopranos,2,2000-03-12,7.182,4.7,tt0141842,9,2.0,9.0,tt0705247
The Sopranos,2,2000-03-19,7.629,4.7,tt0141842,10,2.0,10.0,tt0705232
The Sopranos,2,2000-03-26,5.514,3.7,tt0141842,11,2.0,11.0,tt0705252
The Sopranos,2,2000-04-02,6.441,4.3,tt0141842,12,2.0,12.0,tt0705279
The Sopranos,2,2000-04-09,8.969,5.6,tt0141842,13,2.0,13.0,tt0705249
The Sopranos,3,2001-03-04,11.264,6.6,tt0141842,1,3.0,1.0,tt0705266
The Sopranos,3,2001-03-04,11.353,6.6,tt0141842,2,3.0,2.0,tt0705273
The Sopranos,3,2001-03-11,8.374,5.4,tt0141842,3,3.0,3.0,tt0705246
The Sopranos,3,2001-03-18,7.964,5.3,tt0141842,4,3.0,4.0,tt0705243
The Sopranos,3,2001-03-25,7.397,4.6,tt0141842,5,3.0,5.0,tt0705228
The Sopranos,3,2001-04-01,8.44,-,tt0141842,6,3.0,6.0,tt0705291
The Sopranos,3,2001-04-08,9.214,5.6,tt0141842,7,3.0,7.0,tt0705275
The Sopranos,3,2001-04-15,8.598,5.3,tt0141842,8,3.0,8.0,tt0705251
The Sopranos,3,2001-04-22,8.640,5.4,tt0141842,9,3.0,9.0,tt0705284
The Sopranos,3,2001-04-29,8.436,5.5,tt0141842,10,3.0,10.0,tt0705287
The Sopranos,3,,8.789,5.3,tt0141842,11,3.0,11.0,tt0705272
The Sopranos,3,,8.854,5.7,tt0141842,12,3.0,12.0,tt0705227
The Sopranos,3,,9.459,6.1,tt0141842,13,3.0,13.0,tt0705229
The Sopranos,4,,13.425,7.4,tt0141842,1,4.0,1.0,tt0705245
The Sopranos,4,,11.214,6.7,tt0141842,2,4.0,2.0,tt0705268
The Sopranos,4,,10.973,6.5,tt0141842,3,4.0,3.0,tt0705234
The Sopranos,4,2002-10-06,10.665,6.2,tt0141842,4,4.0,4.0,tt0705286
The Sopranos,4,2002-10-13,9.764,5.8,tt0141842,5,4.0,5.0,tt0705271
The Sopranos,4,2002-10-20,10.456,6.5,tt0141842,6,4.0,6.0,tt0705244
The Sopranos,4,2002-10-27,9.722,5.8,tt0141842,7,4.0,7.0,tt0705292
The Sopranos,4,2002-11-03,10.966,6.4,tt0141842,8,4.0,8.0,tt0705265
The Sopranos,4,2002-11-10,9.825,6.0,tt0141842,9,4.0,9.0,tt0705295
The Sopranos,4,2002-11-17,10.676,6.3,tt0141842,10,4.0,10.0,tt0705283
The Sopranos,4,2002-11-24,11.121,6.5,tt0141842,11,4.0,11.0,tt0705233
The Sopranos,4,2002-12-01,11.072,6.5,tt0141842,12,4.0,12.0,tt0705242
The Sopranos,4,2002-12-08,12.478,7.0,tt0141842,13,4.0,13.0,tt0705294
The Sopranos,5,2004-03-07,12.142,6.9,tt0141842,1,5.0,1.0,tt0705289
The Sopranos,5,2004-03-14,9.969,5.8,tt0141842,2,5.0,2.0,tt0705274
The Sopranos,5,2004-03-21,10.112,6.1,tt0141842,3,5.0,3.0,tt0705293
The Sopranos,5,2004-03-28,9.685,5.8,tt0141842,4,5.0,4.0,tt0705226
The Sopranos,5,2004-04-04,9.75,-,tt0141842,5,5.0,5.0,tt0705255
The Sopranos,5,2004-04-11,9.927,5.7,tt0141842,6,5.0,6.0,tt0705276
The Sopranos,5,2004-04-18,9.078,5.4,tt0141842,7,5.0,7.0,tt0705254
The Sopranos,5,2004-04-25,9.99,-,tt0141842,8,5.0,8.0,tt0705262
The Sopranos,5,,8.959,5.4,tt0141842,9,5.0,9.0,tt0705290
The Sopranos,5,,8.481,5.0,tt0141842,10,5.0,10.0,tt0705235
The Sopranos,5,,8.81,-,tt0141842,11,5.0,11.0,tt0705285
The Sopranos,5,,9.532,5.5,tt0141842,12,5.0,12.0,tt0705260
The Sopranos,5,2004-06-06,10.984,6.2,tt0141842,13,5.0,13.0,tt0705225
The Sopranos,6,2006-03-12,9.465,4.5/10,tt0141842,1,6.0,1.0,tt0705264
The Sopranos,6,2006-03-19,9.18,4.4/10,tt0141842,2,6.0,2.0,tt0705258
The Sopranos,6,2006-03-26,8.93,4.1/9,tt0141842,3,6.0,3.0,tt0763238
The Sopranos,6,2006-04-02,8.83,3.9/9,tt0141842,4,6.0,4.0,tt0705277
The Sopranos,6,2006-04-09,8.580,-,tt0141842,5,6.0,5.0,tt0705267
The Sopranos,6,2006-04-16,7.939,-,tt0141842,6,6.0,6.0,tt0705259
The Sopranos,6,2006-04-23,8.497,-,tt0141842,7,6.0,7.0,tt0705261
The Sopranos,6,2006-04-30,8.535,-,tt0141842,8,6.0,8.0,tt0705257
The Sopranos,6,,8.48,-,tt0141842,9,6.0,9.0,tt0705281
The Sopranos,6,,8.13,-,tt0141842,10,6.0,10.0,tt0756404
The Sopranos,6,,8.18,-,tt0141842,11,6.0,11.0,tt0790351
The Sopranos,6,2006-06-04,8.91,4.1/12,tt0141842,12,6.0,12.0,tt0793256
The Sopranos,6,2007-04-08,7.66,3.6,tt0141842,13,6.0,13.0,tt0979770
The Sopranos,6,2007-04-15,7.42,3.7/9,tt0141842,14,6.0,14.0,tt0979771
The Sopranos,6,2007-04-22,6.858,3.1/7,tt0141842,15,6.0,15.0,tt0979769
The Sopranos,6,2007-04-29,6.76,-,tt0141842,16,6.0,16.0,tt0995834
The Sopranos,6,,7.163,3.3/8,tt0141842,17,6.0,17.0,tt0995835
The Sopranos,6,,6.486,2.8/7,tt0141842,18,6.0,18.0,tt0995836
The Sopranos,6,,7.344,3.5/9,tt0141842,19,6.0,19.0,tt0995837
The Sopranos,6,2007-06-03,8.019,3.5/9,tt0141842,20,6.0,20.0,tt0995838
The Sopranos,6,2007-06-10,11.897,5.4,tt0141842,21,6.0,21.0,tt0995839
Shooter,1,2016-11-15,1.439,0.50,tt4181172,1,1.0,1.0,tt5708674
Shooter,1,2016-11-22,1.250,0.39,tt4181172,2,1.0,2.0,tt5708678
Shooter,1,2016-11-29,1.673,0.52,tt4181172,3,1.0,3.0,tt5728982
Shooter,1,2016-12-06,1.363,0.49,tt4181172,4,1.0,4.0,tt5728986
Shooter,1,2016-12-13,1.303,0.44,tt4181172,5,1.0,5.0,tt5728988
Shooter,1,2016-12-20,1.532,0.52,tt4181172,6,1.0,6.0,tt5728990
Shooter,1,2016-12-27,1.626,0.51,tt4181172,7,1.0,7.0,tt5728994
Shooter,1,2017-01-03,1.432,0.46,tt4181172,8,1.0,8.0,tt5728998
Shooter,1,2017-01-10,1.419,0.48,tt4181172,9,1.0,9.0,tt5728996
Shooter,1,2017-01-17,1.449,0.49,tt4181172,10,1.0,10.0,tt5729000
Shooter,2,2017-07-18,1.507,0.41,tt4181172,1,2.0,1.0,tt6378508
Shooter,2,2017-07-25,1.168,0.32,tt4181172,2,2.0,2.0,tt5729004
Shooter,2,2017-08-01,1.155,0.33,tt4181172,3,2.0,3.0,tt6746074
Shooter,2,2017-08-08,1.271,0.33,tt4181172,4,2.0,4.0,tt6746076
Shooter,2,2017-08-15,1.194,0.34,tt4181172,5,2.0,5.0,tt6746078
Shooter,2,2017-08-22,1.198,0.34,tt4181172,6,2.0,6.0,tt6746080
Shooter,2,2017-08-29,1.302,0.35,tt4181172,7,2.0,7.0,tt6746082
Shooter,2,,1.196,0.36,tt4181172,8,2.0,8.0,tt6746084
Shooter,3,2018-06-21,0.924,0.27,tt4181172,1,3.0,1.0,tt7846292
Shooter,3,2018-06-28,0.718,0.19,tt4181172,2,3.0,2.0,tt7991598
Shooter,3,2018-07-05,0.715,0.17,tt4181172,3,3.0,3.0,tt7974464
Shooter,3,2018-07-12,0.766,0.21,tt4181172,4,3.0,4.0,tt8174654
Shooter,3,2018-07-19,0.694,0.19,tt4181172,5,3.0,5.0,tt8080618
Shooter,3,2018-07-26,0.673,0.15,tt4181172,6,3.0,6.0,tt8161902
Shooter,3,2018-08-02,0.699,0.17,tt4181172,7,3.0,7.0,tt8174658
Shooter,3,2018-08-09,0.712,0.18,tt4181172,8,3.0,8.0,tt8174662
Shooter,3,2018-08-16,0.788,0.22,tt4181172,9,3.0,9.0,tt8174664
Shooter,3,2018-08-23,0.700,0.17,tt4181172,10,3.0,10.0,tt8174668
Shooter,3,2018-08-30,0.729,0.18,tt4181172,11,3.0,11.0,tt8174670
Shooter,3,,0.593,0.13,tt4181172,12,3.0,12.0,tt8174674
Shooter,3,,0.785,0.17,tt4181172,13,3.0,13.0,tt7846300
Famous in Love,1,2017-04-18,0.653,0.30,tt4578474,1,1.0,1.0,tt5119970
Famous in Love,1,2017-04-25,0.389,0.16,tt4578474,2,1.0,2.0,tt5668468
Famous in Love,1,,0.299,0.10,tt4578474,3,1.0,3.0,tt5668466
Famous in Love,1,,0.282,0.12,tt4578474,4,1.0,4.0,tt5668470
Famous in Love,1,,0.212,0.09,tt4578474,5,1.0,5.0,tt5668472
Famous in Love,1,,0.258,0.12,tt4578474,6,1.0,6.0,tt5668474
Famous in Love,1,,0.288,0.11,tt4578474,7,1.0,7.0,tt5668476
Famous in Love,1,2017-06-06,0.344,0.15,tt4578474,8,1.0,8.0,tt5668478
Famous in Love,1,2017-06-13,0.360,0.14,tt4578474,9,1.0,9.0,tt5668480
Famous in Love,1,2017-06-13,0.230,0.08,tt4578474,10,1.0,10.0,tt5668482
Famous in Love,2,2018-04-04,0.287,0.12,tt4578474,1,2.0,1.0,tt7217624
Famous in Love,2,2018-04-04,0.193,0.08,tt4578474,2,2.0,2.0,tt7549968
Famous in Love,2,2018-04-11,0.261,0.12,tt4578474,3,2.0,3.0,tt7567130
Famous in Love,2,2018-04-18,0.212,0.08,tt4578474,4,2.0,4.0,tt7567132
Famous in Love,2,2018-04-25,0.263,0.10,tt4578474,5,2.0,5.0,tt7567372
Famous in Love,2,,0.251,0.10,tt4578474,6,2.0,6.0,tt7567374
Famous in Love,2,,0.316,0.12,tt4578474,7,2.0,7.0,tt7567376
Famous in Love,2,,0.235,0.11,tt4578474,8,2.0,8.0,tt7567378
Famous in Love,2,,0.300,0.11,tt4578474,9,2.0,9.0,tt7567380
Famous in Love,2,,0.222,0.08,tt4578474,10,2.0,10.0,tt7567382
Knife Fight,1,,0.061,0.03,tt2700678,1,,,
Knife Fight,1,,0.061,0.03,tt2700678,2,,,
Knife Fight,1,2013-10-01,0.033,0.02,tt2700678,3,,,
Knife Fight,1,2013-10-01,0.024,0.01,tt2700678,4,,,
Knife Fight,1,2013-10-08,0.017,0.00,tt2700678,5,,,
Knife Fight,1,2013-10-08,0.016,0.01,tt2700678,6,,,
Knife Fight,1,2013-10-15,0.026,0.01,tt2700678,7,,,
Knife Fight,1,2013-10-15,0.021,0.01,tt2700678,8,,,
Knife Fight,1,2013-10-22,0.044,0.02,tt2700678,9,,,
Knife Fight,1,2013-10-22,0.069,0.02,tt2700678,10,,,
Knife Fight,1,2013-10-29,0.014,0.01,tt2700678,11,,,
Knife Fight,1,2013-10-29,0.015,0.01,tt2700678,12,,,
Knife Fight,1,2013-11-05,0.014,0.01,tt2700678,13,,,
Knife Fight,1,2013-11-05,0.019,0.01,tt2700678,14,,,
Knife Fight,1,2013-11-12,0.074,0.03,tt2700678,15,,,
Knife Fight,1,2013-11-12,0.026,0.01,tt2700678,16,,,
Knife Fight,1,2013-11-12,0.027,0.01,tt2700678,17,,,
Knife Fight,1,2013-11-12,0.048,0.03,tt2700678,18,,,
Knife Fight,2,2014-04-15,0.044,0.02,tt2700678,1,,,
Knife Fight,2,2014-04-22,0.045,0.02,tt2700678,2,,,
Knife Fight,2,2014-04-22,0.048,0.02,tt2700678,3,,,
Knife Fight,2,2014-04-29,0.053,0.03,tt2700678,4,,,
Knife Fight,2,2014-04-29,0.048,0.03,tt2700678,5,,,
Knife Fight,2,,0.022,0.01,tt2700678,6,,,
Knife Fight,2,,0.033,0.01,tt2700678,7,,,
Knife Fight,2,,0.021,0.01,tt2700678,8,,,
Knife Fight,2,,0.019,0.01,tt2700678,9,,,
Knife Fight,2,,0.027,0.01,tt2700678,10,,,
Knife Fight,2,,0.062,0.03,tt2700678,11,,,
Knife Fight,2,2014-07-29,0.152,0.07,tt2700678,12,,,
Knife Fight,2,2014-07-29,0.153,0.07,tt2700678,13,,,
Knife Fight,2,2014-08-05,0.144,0.08,tt2700678,14,,,
Knife Fight,2,2014-08-05,0.102,0.06,tt2700678,15,,,
Knife Fight,2,2014-08-12,0.029,0.02,tt2700678,16,,,
Knife Fight,2,2014-08-19,0.112,0.06,tt2700678,17,,,
Knife Fight,2,2014-08-26,0.190,0.12,tt2700678,18,,,
Knife Fight,2,,0.065,0.04,tt2700678,19,,,
Knife Fight,2,,0.045,0.02,tt2700678,20,,,
Knife Fight,2,,0.116,0.05,tt2700678,21,,,
Knife Fight,2,,0.037,0.02,tt2700678,22,,,
Knife Fight,2,,0.020,0.01,tt2700678,23,,,
Knife Fight,2,2014-10-07,0.082,0.03,tt2700678,24,,,
Knife Fight,3,,0.140,-,tt2700678,1,,,
Knife Fight,3,,0.081,-,tt2700678,2,,,
Knife Fight,3,2015-06-02,0.120,-,tt2700678,3,,,
Knife Fight,3,2015-06-02,0.097,-,tt2700678,4,,,
Knife Fight,3,2015-06-09,0.048,-,tt2700678,5,,,
Knife Fight,3,2015-06-09,0.026,-,tt2700678,6,,,
Knife Fight,3,2015-06-16,0.074,0.02,tt2700678,7,,,
Knife Fight,3,2015-06-16,0.056,0.02,tt2700678,8,,,
Knife Fight,3,2015-06-23,0.065,0.021,tt2700678,9,,,
Knife Fight,3,2015-06-23,0.057,0.016,tt2700678,10,,,
Knife Fight,3,2015-06-30,0.071,0.03,tt2700678,11,,,
Knife Fight,3,2015-06-30,0.036,0.01,tt2700678,12,,,
Knife Fight,3,2015-07-07,0.098,0.04,tt2700678,13,,,
Knife Fight,3,2015-07-07,0.069,0.03,tt2700678,14,,,
Knife Fight,3,2015-07-14,0.089,0.03,tt2700678,15,,,
Knife Fight,4,2015-11-10,0.040,0.01,tt2700678,1,,,
Knife Fight,4,2015-11-10,0.028,0.01,tt2700678,2,,,
Knife Fight,4,2015-11-17,0.033,0.00,tt2700678,3,,,
Knife Fight,4,2015-11-17,0.028,0.00,tt2700678,4,,,
Knife Fight,4,2015-11-24,0.043,0.01,tt2700678,5,,,
Knife Fight,4,2015-11-24,0.036,0.01,tt2700678,6,,,
Knife Fight,4,2015-12-01,0.044,0.01,tt2700678,7,,,
Knife Fight,4,2015-12-01,0.038,0.01,tt2700678,8,,,
Knife Fight,4,2015-12-08,0.060,0.03,tt2700678,9,,,
Knife Fight,4,2015-12-08,0.050,0.02,tt2700678,10,,,
Knife Fight,4,2015-12-15,0.042,0.02,tt2700678,11,,,
Knife Fight,4,2015-12-15,0.037,0.02,tt2700678,12,,,
Knife Fight,4,2015-12-22,0.100,0.03,tt2700678,13,,,
Knife Fight,4,2015-12-22,0.080,0.02,tt2700678,14,,,
Knife Fight,4,2015-12-29,0.110,0.04,tt2700678,15,,,
Queer as Folk,1,2000-12-03,1.626,1.0,tt0262985,1,1.0,1.0,tt0681305
Queer as Folk,1,2001-06-24,1.492,0.9,tt0262985,2,1.0,2.0,tt6165446
Queer as Folk,2,2002-01-06,1.231,0.9,tt0262985,1,2.0,1.0,tt0681316
Queer as Folk,2,2002-06-16,1.146,0.7,tt0262985,2,2.0,2.0,tt0681327
Queer as Folk,3,2003-03-02,1.175,0.7,tt0262985,1,3.0,1.0,tt0681336
Queer as Folk,3,2003-06-22,1.122,0.7,tt0262985,2,3.0,2.0,tt0681342
Queer as Folk,4,2004-04-18,0.660,0.4,tt0262985,1,4.0,1.0,tt0681350
Queer as Folk,4,2004-07-18,0.466,0.3,tt0262985,2,4.0,2.0,tt0681356
Queer as Folk,5,,0.476,0.3,tt0262985,1,5.0,1.0,tt0681364
Queer as Folk,5,2005-08-07,0.547,0.4,tt0262985,2,5.0,2.0,tt0681369
Dead Like Me,1,2003-06-27,1.111,0.7,tt0348913,1,1.0,1.0,tt0556085
Dead Like Me,1,,0.686,0.5,tt0348913,2,1.0,2.0,tt0556075
Dead Like Me,2,2004-07-25,0.797,0.5,tt0348913,1,2.0,1.0,tt0556091
Dead Like Me,2,2004-10-31,0.622,0.3,tt0348913,2,2.0,2.0,tt0556095
Sleeper Cell,1,2005-12-04,0.296,0.2,tt0465353,1,1.0,1.0,tt0702693
Sleeper Cell,1,2005-12-18,0.309,0.2,tt0465353,2,1.0,2.0,tt0702701
Sleeper Cell,1,2005-12-18,0.230,0.2,tt0465353,3,1.0,3.0,tt0702698
Sleeper Cell,2,2006-12-10,0.155,0.1,tt0465353,1,2.0,1.0,tt0829046
Sleeper Cell,2,2006-12-17,0.272,0.2,tt0465353,2,2.0,2.0,tt0829047
Fat Actress,1,2005-03-07,0.924,0.6,tt14107656,1,,,
Fat Actress,1,2005-03-14,0.295,0.2,tt14107656,2,,,
Fat Actress,1,2005-03-21,0.248,0.2,tt14107656,3,,,
Fat Actress,1,2005-03-28,0.193,0.1,tt14107656,4,,,
Fat Actress,1,2005-04-04,0.233,0.2,tt14107656,5,,,
Fat Actress,1,2005-04-11,0.192,0.1,tt14107656,6,,,
Fat Actress,1,2005-04-18,0.186,0.1,tt14107656,7,,,
Meadowlands,1,2007-06-17,0.184,0.0,tt6240094,1,,,
Meadowlands,1,2007-06-24,0.096,0.0,tt6240094,2,,,
Meadowlands,1,2007-07-01,0.055,0.0,tt6240094,3,,,
Meadowlands,1,2007-07-08,0.091,0.0,tt6240094,4,,,
Meadowlands,1,2007-07-15,0.051,0.0,tt6240094,5,,,
Meadowlands,1,2007-07-22,0.033,0.0,tt6240094,6,,,
Meadowlands,1,2007-07-29,0.070,0.0,tt6240094,7,,,
Meadowlands,1,2007-08-05,0.101,0.0,tt6240094,8,,,
Witches of East End,1,2013-10-06,1.929,0.71,tt2288064,1,1.0,1.0,tt2701320
Witches of East End,1,2013-10-13,1.932,0.82,tt2288064,2,1.0,2.0,tt3117608
Witches of East End,1,2013-10-20,1.689,0.64,tt2288064,3,1.0,3.0,tt3117612
Witches of East End,1,2013-10-27,1.827,0.74,tt2288064,4,1.0,4.0,tt3117616
Witches of East End,1,2013-11-03,1.600,0.65,tt2288064,5,1.0,5.0,tt3117618
Witches of East End,1,2013-11-10,1.461,0.55,tt2288064,6,1.0,6.0,tt3117626
Witches of East End,1,2013-11-17,1.618,0.52,tt2288064,7,1.0,7.0,tt3117624
Witches of East End,1,2013-11-24,1.507,0.57,tt2288064,8,1.0,8.0,tt3117628
Witches of East End,1,2013-12-01,1.398,0.51,tt2288064,9,1.0,9.0,tt3117632
Witches of East End,1,2013-12-15,1.743,0.61,tt2288064,10,1.0,10.0,tt3117636
Witches of East End,2,2014-07-06,1.121,0.47,tt2288064,1,2.0,1.0,tt3353420
Witches of East End,2,2014-07-13,1.503,0.55,tt2288064,2,2.0,2.0,tt3353518
Witches of East End,2,2014-07-20,1.314,0.5,tt2288064,3,2.0,3.0,tt3353522
Witches of East End,2,2014-07-27,1.100,0.46,tt2288064,4,2.0,4.0,tt3353526
Witches of East End,2,2014-08-10,0.964,0.40,tt2288064,5,2.0,5.0,tt3353528
Witches of East End,2,2014-08-17,1.146,0.47,tt2288064,6,2.0,6.0,tt3353520
Witches of East End,2,2014-08-24,1.017,0.46,tt2288064,7,2.0,7.0,tt3353530
Witches of East End,2,,1.079,0.45,tt2288064,8,2.0,8.0,tt3353538
Witches of East End,2,,1.204,0.45,tt2288064,9,2.0,9.0,tt3353532
Witches of East End,2,,1.239,0.52,tt2288064,10,2.0,10.0,tt3353534
Witches of East End,2,,0.882,0.37,tt2288064,11,2.0,11.0,tt3353540
Witches of East End,2,2014-10-05,1.137,0.51,tt2288064,12,2.0,12.0,tt3353542
Witches of East End,2,2014-10-05,1.032,0.44,tt2288064,13,2.0,13.0,tt3353546
The Real Housewives of Atlanta,1,2008-10-07,0.656,0.3,tt1252370,1,1.0,1.0,tt1304362
The Real Housewives of Atlanta,1,2008-10-14,1.184,0.7,tt1252370,2,1.0,2.0,tt1304361
The Real Housewives of Atlanta,1,2008-10-21,1.320,0.8,tt1252370,3,1.0,3.0,tt1304356
The Real Housewives of Atlanta,1,2008-10-28,1.277,0.8,tt1252370,4,1.0,4.0,tt1304357
The Real Housewives of Atlanta,1,2008-11-04,1.009,0.6,tt1252370,5,1.0,5.0,tt1304358
The Real Housewives of Atlanta,1,2008-11-11,1.499,0.8,tt1252370,6,1.0,6.0,tt1304359
The Real Housewives of Atlanta,1,2008-11-18,2.212,1.3,tt1252370,7,1.0,7.0,tt1304360
The Real Housewives of Atlanta,1,2008-11-25,2.817,1.6,tt1252370,8,1.0,8.0,tt1322804
The Real Housewives of Atlanta,2,2009-07-30,2.660,1.3,tt1252370,1,2.0,1.0,tt1472418
The Real Housewives of Atlanta,2,2009-08-06,2.696,1.4,tt1252370,2,2.0,2.0,tt1480594
The Real Housewives of Atlanta,2,2009-08-13,3.325,1.7,tt1252370,3,2.0,3.0,tt1492601
The Real Housewives of Atlanta,2,2009-08-20,2.822,1.5,tt1252370,4,2.0,4.0,tt1493750
The Real Housewives of Atlanta,2,2009-08-27,2.478,1.4,tt1252370,5,2.0,5.0,tt1493749
The Real Housewives of Atlanta,2,,3.057,1.7,tt1252370,6,2.0,6.0,tt1493751
The Real Housewives of Atlanta,2,,3.198,1.8,tt1252370,7,2.0,7.0,tt1493754
The Real Housewives of Atlanta,2,,3.020,1.7,tt1252370,8,2.0,8.0,tt1493753
The Real Housewives of Atlanta,2,,2.722,1.5,tt1252370,9,2.0,9.0,tt1493752
The Real Housewives of Atlanta,2,2009-10-01,2.722,1.5,tt1252370,10,2.0,10.0,tt1517433
The Real Housewives of Atlanta,2,2009-10-08,2.563,1.3,tt1252370,11,2.0,11.0,tt1517434
The Real Housewives of Atlanta,2,2009-10-15,2.636,1.4,tt1252370,12,2.0,12.0,tt1529193
The Real Housewives of Atlanta,2,2009-10-22,2.977,1.6,tt1252370,13,2.0,13.0,tt1533590
The Real Housewives of Atlanta,2,2009-10-29,2.805,1.5,tt1252370,14,2.0,14.0,tt1533592
The Real Housewives of Atlanta,2,2009-11-05,2.441,1.3,tt1252370,15,2.0,15.0,tt1533593
The Real Housewives of Atlanta,2,2009-12-10,1.075,0.5,tt1252370,16,2.0,16.0,tt1533591
The Real Housewives of Atlanta,3,2010-10-04,2.419,1.3,tt1252370,1,3.0,1.0,tt1752648
The Real Housewives of Atlanta,3,2010-10-11,2.260,1.2,tt1252370,2,3.0,2.0,tt1752647
The Real Housewives of Atlanta,3,2010-10-18,2.247,1.2,tt1252370,3,3.0,3.0,tt1757546
The Real Housewives of Atlanta,3,2010-10-25,2.491,1.2,tt1252370,4,3.0,4.0,tt1747735
The Real Housewives of Atlanta,3,2010-11-01,2.749,1.4,tt1252370,5,3.0,5.0,tt1752646
The Real Housewives of Atlanta,3,2010-11-07,2.490,1.4,tt1252370,6,3.0,6.0,tt1756083
The Real Housewives of Atlanta,3,2010-11-14,2.776,1.5,tt1252370,7,3.0,7.0,tt1763072
The Real Housewives of Atlanta,3,2010-11-21,2.999,1.6,tt1252370,8,3.0,8.0,tt1772074
The Real Housewives of Atlanta,3,2010-11-28,3.221,1.7,tt1252370,9,3.0,9.0,tt1786272
The Real Housewives of Atlanta,3,2010-12-05,3.222,1.7,tt1252370,10,3.0,10.0,tt1790547
The Real Housewives of Atlanta,3,2010-12-12,2.928,1.5,tt1252370,11,3.0,11.0,tt1802709
The Real Housewives of Atlanta,3,2010-12-19,3.218,1.7,tt1252370,12,3.0,12.0,tt1802710
The Real Housewives of Atlanta,3,2011-01-09,3.347,1.8,tt1252370,13,3.0,13.0,tt1802711
The Real Housewives of Atlanta,3,2011-01-16,3.272,1.6,tt1252370,14,3.0,14.0,tt1836698
The Real Housewives of Atlanta,3,2011-01-23,3.426,1.7,tt1252370,15,3.0,15.0,tt1825599
The Real Housewives of Atlanta,3,2011-01-30,4.381,2.4,tt1252370,16,3.0,16.0,tt1831490
The Real Housewives of Atlanta,3,2011-02-13,2.405,1.2,tt1252370,17,3.0,17.0,tt2690900
The Real Housewives of Atlanta,3,2011-02-20,2.652,1.4,tt1252370,18,3.0,18.0,tt2679988
The Real Housewives of Atlanta,4,2011-10-30,1.873,0.9,tt1252370,1,4.0,1.0,tt2094657
The Real Housewives of Atlanta,4,2011-11-06,2.896,1.5,tt1252370,2,4.0,2.0,tt2100314
The Real Housewives of Atlanta,4,2011-11-13,3.007,1.6,tt1252370,3,4.0,3.0,tt2136450
The Real Housewives of Atlanta,4,2011-11-20,3.239,1.7,tt1252370,4,4.0,4.0,tt2112767
The Real Housewives of Atlanta,4,2011-11-27,3.030,1.6,tt1252370,5,4.0,5.0,tt2119267
The Real Housewives of Atlanta,4,2011-12-04,3.254,1.6,tt1252370,6,4.0,6.0,tt2139281
The Real Housewives of Atlanta,4,2011-12-11,3.280,1.7,tt1252370,7,4.0,7.0,tt2125358
The Real Housewives of Atlanta,4,2011-12-13,2.855,1.4,tt1252370,8,4.0,8.0,tt2139279
The Real Housewives of Atlanta,4,2011-12-18,3.413,1.8,tt1252370,9,4.0,9.0,tt2156351
The Real Housewives of Atlanta,4,2012-01-08,3.145,1.7,tt1252370,10,4.0,10.0,tt2180155
The Real Housewives of Atlanta,4,2012-01-15,2.718,1.3,tt1252370,11,4.0,11.0,tt2214027
The Real Housewives of Atlanta,4,2012-01-22,2.776,1.5,tt1252370,12,4.0,12.0,tt2214029
The Real Housewives of Atlanta,4,2012-01-29,3.945,2.1,tt1252370,13,4.0,13.0,tt2214023
The Real Housewives of Atlanta,4,2012-02-12,2.346,1.2,tt1252370,14,4.0,14.0,tt2228619
The Real Housewives of Atlanta,4,2012-02-19,2.485,1.3,tt1252370,15,4.0,15.0,tt2260761
The Real Housewives of Atlanta,4,2012-02-26,1.581,0.9,tt1252370,16,4.0,16.0,tt2167435
The Real Housewives of Atlanta,4,2012-03-04,2.667,1.5,tt1252370,17,4.0,17.0,tt2292217
The Real Housewives of Atlanta,4,2012-03-11,2.297,1.2,tt1252370,18,4.0,18.0,tt2304139
The Real Housewives of Atlanta,4,2012-03-18,2.467,1.2,tt1252370,19,4.0,19.0,tt2318167
The Real Housewives of Atlanta,4,2012-03-25,2.646,1.4,tt1252370,20,4.0,20.0,tt5429994
The Real Housewives of Atlanta,4,2012-04-01,2.044,1.1,tt1252370,21,4.0,21.0,tt2330451
The Real Housewives of Atlanta,4,2012-04-08,2.312,1.1,tt1252370,22,4.0,22.0,tt2701690
The Real Housewives of Atlanta,4,2012-04-15,3.138,1.6,tt1252370,23,4.0,23.0,tt2701688
The Real Housewives of Atlanta,4,2012-04-19,2.540,1.3,tt1252370,24,4.0,24.0,tt2253733
The Real Housewives of Atlanta,4,2012-04-22,3.229,1.7,tt1252370,25,,,
The Real Housewives of Atlanta,5,2012-10-28,1.266,0.5,tt1252370,1,5.0,1.0,tt2474584
The Real Housewives of Atlanta,5,2012-11-04,3.228,1.6,tt1252370,2,5.0,2.0,tt2487646
The Real Housewives of Atlanta,5,2012-11-11,2.555,1.2,tt1252370,3,5.0,3.0,tt2500602
The Real Housewives of Atlanta,5,2012-11-18,2.482,1.2,tt1252370,4,5.0,4.0,tt2512008
The Real Housewives of Atlanta,5,2012-11-25,2.251,1.2,tt1252370,5,5.0,5.0,tt2524772
The Real Housewives of Atlanta,5,2012-12-02,3.009,1.5,tt1252370,6,5.0,6.0,tt2539046
The Real Housewives of Atlanta,5,2012-12-09,3.206,1.5,tt1252370,7,5.0,7.0,tt2554548
The Real Housewives of Atlanta,5,2012-12-16,3.605,1.9,tt1252370,8,5.0,8.0,tt2568048
The Real Housewives of Atlanta,5,2012-12-23,3.166,1.5,tt1252370,9,5.0,9.0,tt2580348
The Real Housewives of Atlanta,5,2012-12-30,3.501,1.6,tt1252370,10,5.0,10.0,tt2593032
The Real Housewives of Atlanta,5,2013-01-06,3.670,1.8,tt1252370,11,5.0,11.0,tt2605404
The Real Housewives of Atlanta,5,2013-01-13,3.403,1.7,tt1252370,12,5.0,12.0,tt2618768
The Real Housewives of Atlanta,5,2013-01-20,3.252,1.6,tt1252370,13,5.0,13.0,tt2632272
The Real Housewives of Atlanta,5,2013-01-27,4.090,2.0,tt1252370,14,5.0,14.0,tt2751412
The Real Housewives of Atlanta,5,2013-02-10,2.699,1.2,tt1252370,15,5.0,15.0,tt2677684
The Real Housewives of Atlanta,5,2013-02-17,2.603,1.2,tt1252370,16,5.0,16.0,tt2750974
The Real Housewives of Atlanta,5,2013-03-03,3.066,1.4,tt1252370,17,5.0,17.0,tt2733894
The Real Housewives of Atlanta,5,2013-03-10,2.714,1.3,tt1252370,18,5.0,18.0,tt2751986
The Real Housewives of Atlanta,5,2013-03-17,2.747,1.2,tt1252370,19,5.0,19.0,tt2768176
The Real Housewives of Atlanta,5,2013-03-24,2.795,1.4,tt1252370,20,5.0,20.0,tt2783626
The Real Housewives of Atlanta,5,2013-03-31,3.026,1.5,tt1252370,21,5.0,21.0,tt2798278
The Real Housewives of Atlanta,5,2013-04-07,3.633,1.9,tt1252370,22,5.0,22.0,tt5378256
The Real Housewives of Atlanta,5,2013-04-14,3.524,1.8,tt1252370,23,5.0,23.0,tt2829992
The Real Housewives of Atlanta,5,2013-04-21,3.748,1.8,tt1252370,24,5.0,24.0,tt2847048
The Real Housewives of Atlanta,5,2013-04-28,2.432,1.1,tt1252370,25,,,
The Real Housewives of Atlanta,6,2013-11-03,3.108,1.42,tt1252370,1,6.0,1.0,tt3280430
The Real Housewives of Atlanta,6,2013-11-10,3.337,1.51,tt1252370,2,6.0,2.0,tt3296500
The Real Housewives of Atlanta,6,2013-11-17,3.697,1.62,tt1252370,3,6.0,3.0,tt3314324
The Real Housewives of Atlanta,6,2013-11-24,3.295,1.50,tt1252370,4,6.0,4.0,tt3328206
The Real Housewives of Atlanta,6,2013-12-01,3.100,1.40,tt1252370,5,6.0,5.0,tt3380872
The Real Housewives of Atlanta,6,2013-12-08,3.777,1.69,tt1252370,6,6.0,6.0,tt3360746
The Real Housewives of Atlanta,6,2013-12-15,3.471,1.52,tt1252370,7,6.0,7.0,tt3379854
The Real Housewives of Atlanta,6,2013-12-22,3.677,1.60,tt1252370,8,6.0,8.0,tt3395098
The Real Housewives of Atlanta,6,2013-12-29,3.827,1.82,tt1252370,9,6.0,9.0,tt3409804
The Real Housewives of Atlanta,6,2014-01-05,4.519,2.13,tt1252370,10,6.0,10.0,tt3449940
The Real Housewives of Atlanta,6,2014-01-12,4.187,1.90,tt1252370,11,6.0,11.0,tt3433826
The Real Housewives of Atlanta,6,2014-01-19,3.695,1.58,tt1252370,12,6.0,12.0,tt3693260
The Real Housewives of Atlanta,6,2014-01-26,3.914,1.74,tt1252370,13,6.0,13.0,tt3466154
The Real Housewives of Atlanta,6,2014-02-09,4.638,2.06,tt1252370,14,6.0,14.0,tt3497942
The Real Housewives of Atlanta,6,2014-02-16,4.066,1.77,tt1252370,15,6.0,15.0,tt3512396
The Real Housewives of Atlanta,6,2014-02-23,4.041,1.87,tt1252370,16,6.0,16.0,tt3527184
The Real Housewives of Atlanta,6,2014-03-09,3.912,1.68,tt1252370,17,6.0,17.0,tt3693262
The Real Housewives of Atlanta,6,2014-03-16,4.306,1.95,tt1252370,18,6.0,18.0,tt3575718
The Real Housewives of Atlanta,6,2014-03-23,4.264,1.93,tt1252370,19,6.0,19.0,tt3590576
The Real Housewives of Atlanta,6,2014-03-30,3.943,1.74,tt1252370,20,6.0,20.0,tt3693272
The Real Housewives of Atlanta,6,2014-04-06,3.660,1.61,tt1252370,21,6.0,21.0,tt3622516
The Real Housewives of Atlanta,6,2014-04-13,3.816,1.73,tt1252370,22,6.0,22.0,tt3693276
The Real Housewives of Atlanta,6,2014-04-20,4.132,1.83,tt1252370,23,6.0,23.0,tt3605086
The Real Housewives of Atlanta,6,2014-04-27,4.148,1.81,tt1252370,24,6.0,24.0,tt3669754
The Real Housewives of Atlanta,6,,3.923,1.70,tt1252370,25,6.0,25.0,tt5423506
The Real Housewives of Atlanta,6,,1.791,0.78,tt1252370,26,6.0,26.0,tt5423516
The Real Housewives of Atlanta,6,,2.128,0.92,tt1252370,27,,,
The Real Housewives of Atlanta,7,2014-11-02,1.755,0.78,tt1252370,1,7.0,1.0,tt4355582
The Real Housewives of Atlanta,7,2014-11-09,3.826,1.76,tt1252370,2,7.0,2.0,tt4171748
The Real Housewives of Atlanta,7,2014-11-16,3.595,1.61,tt1252370,3,7.0,3.0,tt4460936
The Real Housewives of Atlanta,7,2014-11-23,3.143,1.45,tt1252370,4,7.0,4.0,tt4208918
The Real Housewives of Atlanta,7,2014-11-30,2.858,1.34,tt1252370,5,7.0,5.0,tt4226938
The Real Housewives of Atlanta,7,2014-12-07,3.062,1.52,tt1252370,6,7.0,6.0,tt4247234
The Real Housewives of Atlanta,7,2014-12-14,2.797,1.30,tt1252370,7,7.0,7.0,tt4266428
The Real Housewives of Atlanta,7,2014-12-21,2.815,1.26,tt1252370,8,7.0,8.0,tt4460962
The Real Housewives of Atlanta,7,2014-12-28,3.162,1.40,tt1252370,9,7.0,9.0,tt4302862
The Real Housewives of Atlanta,7,2015-01-04,3.355,1.56,tt1252370,10,7.0,10.0,tt4316586
The Real Housewives of Atlanta,7,2015-01-11,3.534,1.71,tt1252370,11,7.0,11.0,tt4331556
The Real Housewives of Atlanta,7,2015-01-18,3.192,1.36,tt1252370,12,7.0,12.0,tt4354470
The Real Housewives of Atlanta,7,2015-01-25,3.438,1.62,tt1252370,13,7.0,13.0,tt4396440
The Real Housewives of Atlanta,7,2015-02-08,2.618,1.20,tt1252370,14,7.0,14.0,tt4414936
The Real Housewives of Atlanta,7,2015-02-15,2.853,1.20,tt1252370,15,7.0,15.0,tt4439958
The Real Housewives of Atlanta,7,2015-03-01,3.737,1.71,tt1252370,16,7.0,16.0,tt4476912
The Real Housewives of Atlanta,7,2015-03-08,3.604,1.74,tt1252370,17,7.0,17.0,tt4496640
The Real Housewives of Atlanta,7,2015-03-15,3.144,1.36,tt1252370,18,7.0,18.0,tt4515268
The Real Housewives of Atlanta,7,2015-03-22,3.235,1.50,tt1252370,19,7.0,19.0,tt4546118
The Real Housewives of Atlanta,7,2015-03-29,2.978,1.24,tt1252370,20,7.0,20.0,tt4548478
The Real Housewives of Atlanta,7,2015-04-05,2.589,1.17,tt1252370,21,7.0,21.0,tt4568050
The Real Housewives of Atlanta,7,2015-04-12,2.631,1.12,tt1252370,22,7.0,22.0,tt4586782
The Real Housewives of Atlanta,7,2015-04-19,2.979,1.25,tt1252370,23,7.0,23.0,tt4613216
The Real Housewives of Atlanta,7,2015-04-26,3.382,1.56,tt1252370,24,7.0,24.0,tt4668596
The Real Housewives of Atlanta,7,,2.831,1.26,tt1252370,25,7.0,25.0,tt5023318
The Real Housewives of Atlanta,7,,2.588,1.14,tt1252370,26,,,
The Real Housewives of Atlanta,7,,1.457,0.58,tt1252370,27,,,
The Real Housewives of Atlanta,7,,1.644,0.67,tt1252370,28,,,
The Real Housewives of Atlanta,7,2015-06-07,1.659,0.63,tt1252370,29,,,
The Real Housewives of Atlanta,8,2015-11-08,2.968,1.38,tt1252370,1,8.0,1.0,tt5195874
The Real Housewives of Atlanta,8,2015-11-15,3.085,1.43,tt1252370,2,8.0,2.0,tt5172760
The Real Housewives of Atlanta,8,2015-11-22,2.617,1.19,tt1252370,3,8.0,3.0,tt5191588
The Real Housewives of Atlanta,8,2015-11-29,2.802,1.28,tt1252370,4,8.0,4.0,tt5207424
The Real Housewives of Atlanta,8,2015-12-06,2.986,1.44,tt1252370,5,8.0,5.0,tt5224996
The Real Housewives of Atlanta,8,2015-12-13,3.016,1.39,tt1252370,6,8.0,6.0,tt5240600
The Real Housewives of Atlanta,8,2015-12-20,2.863,1.36,tt1252370,7,8.0,7.0,tt5256874
The Real Housewives of Atlanta,8,2015-12-27,2.981,1.43,tt1252370,8,8.0,8.0,tt5272020
The Real Housewives of Atlanta,8,2016-01-03,3.041,1.38,tt1252370,9,8.0,9.0,tt5300940
The Real Housewives of Atlanta,8,2016-01-10,2.940,1.41,tt1252370,10,8.0,10.0,tt5302046
The Real Housewives of Atlanta,8,2016-01-17,3.179,1.39,tt1252370,11,8.0,11.0,tt5318434
The Real Housewives of Atlanta,8,2016-01-24,2.848,1.25,tt1252370,12,8.0,12.0,tt5354088
The Real Housewives of Atlanta,8,2016-01-31,3.080,1.34,tt1252370,13,8.0,13.0,tt5354086
The Real Housewives of Atlanta,8,2016-02-14,2.600,1.04,tt1252370,14,8.0,14.0,tt5434114
The Real Housewives of Atlanta,8,2016-02-21,3.170,1.40,tt1252370,15,8.0,15.0,tt5430510
The Real Housewives of Atlanta,8,2016-03-06,2.850,1.25,tt1252370,16,,,
The Real Housewives of Atlanta,8,2016-03-13,2.522,1.12,tt1252370,17,8.0,17.0,tt5654956
The Real Housewives of Atlanta,8,2016-03-20,3.007,1.40,tt1252370,18,8.0,18.0,tt5581334
The Real Housewives of Atlanta,8,2016-03-27,2.781,1.13,tt1252370,19,8.0,19.0,tt5581340
The Real Housewives of Atlanta,8,2016-04-03,2.807,1.21,tt1252370,20,8.0,20.0,tt6422218
The Real Housewives of Atlanta,8,2016-04-10,1.761,0.68,tt1252370,21,8.0,21.0,tt5654906
The Real Housewives of Atlanta,9,2016-11-06,2.587,1.08,tt1252370,1,9.0,1.0,tt6184046
The Real Housewives of Atlanta,9,2016-11-13,2.649,1.09,tt1252370,2,9.0,2.0,tt6280052
The Real Housewives of Atlanta,9,2016-11-20,2.492,1.03,tt1252370,3,9.0,3.0,tt6280056
The Real Housewives of Atlanta,9,2016-11-27,2.549,1.13,tt1252370,4,9.0,4.0,tt6280080
The Real Housewives of Atlanta,9,2016-12-04,2.739,1.11,tt1252370,5,9.0,5.0,tt6301378
The Real Housewives of Atlanta,9,2016-12-11,2.614,1.03,tt1252370,6,9.0,6.0,tt6330080
The Real Housewives of Atlanta,9,2016-12-18,2.555,1.07,tt1252370,7,9.0,7.0,tt6375468
The Real Housewives of Atlanta,9,2017-01-01,2.277,0.86,tt1252370,8,9.0,8.0,tt6405288
The Real Housewives of Atlanta,9,2017-01-08,2.602,1.06,tt1252370,9,9.0,9.0,tt6405300
The Real Housewives of Atlanta,9,2017-01-15,2.632,1.00,tt1252370,10,9.0,10.0,tt6429242
The Real Housewives of Atlanta,9,2017-01-22,2.477,1.04,tt1252370,11,9.0,11.0,tt6457428
The Real Housewives of Atlanta,9,2017-01-29,2.620,1.09,tt1252370,12,9.0,12.0,tt6554090
The Real Housewives of Atlanta,9,2017-02-12,2.251,1.00,tt1252370,13,9.0,13.0,tt6554182
The Real Housewives of Atlanta,9,2017-02-19,2.603,1.05,tt1252370,14,9.0,14.0,tt6554194
The Real Housewives of Atlanta,9,2017-03-05,2.591,1.15,tt1252370,15,9.0,15.0,tt6611234
The Real Housewives of Atlanta,9,2017-03-12,2.658,1.16,tt1252370,16,9.0,16.0,tt6611248
The Real Housewives of Atlanta,9,2017-03-19,2.482,1.05,tt1252370,17,9.0,17.0,tt6711698
The Real Housewives of Atlanta,9,2017-03-26,2.645,1.10,tt1252370,18,9.0,18.0,tt6722958
The Real Housewives of Atlanta,9,2017-04-02,2.582,1.06,tt1252370,19,9.0,19.0,tt6722968
The Real Housewives of Atlanta,9,2017-04-09,2.685,1.10,tt1252370,20,9.0,20.0,tt6722974
The Real Housewives of Atlanta,9,2017-04-16,2.796,1.12,tt1252370,21,9.0,21.0,tt6813722
The Real Housewives of Atlanta,9,2017-04-23,2.945,1.26,tt1252370,22,9.0,22.0,tt6813726
The Real Housewives of Atlanta,9,2017-04-30,2.768,1.13,tt1252370,23,9.0,23.0,tt6813730
The Real Housewives of Atlanta,9,,3.148,1.34,tt1252370,24,9.0,24.0,tt6864080
The Real Housewives of Atlanta,9,,1.470,0.54,tt1252370,25,9.0,25.0,tt6899240
The Real Housewives of Atlanta,10,2017-11-05,2.429,0.97,tt1252370,1,10.0,1.0,tt7603396
The Real Housewives of Atlanta,10,2017-11-12,2.561,1.00,tt1252370,2,10.0,2.0,tt7603446
The Real Housewives of Atlanta,10,2017-11-19,2.203,0.88,tt1252370,3,10.0,3.0,tt7657688
The Real Housewives of Atlanta,10,2017-11-26,2.113,0.84,tt1252370,4,10.0,4.0,tt7657696
The Real Housewives of Atlanta,10,2017-12-03,2.314,1.00,tt1252370,5,10.0,5.0,tt7705082
The Real Housewives of Atlanta,10,2017-12-10,2.640,1.01,tt1252370,6,10.0,6.0,tt7705084
The Real Housewives of Atlanta,10,2017-12-17,2.339,0.97,tt1252370,7,10.0,7.0,tt7773296
The Real Housewives of Atlanta,10,2018-01-07,2.268,0.93,tt1252370,8,10.0,8.0,tt7881838
The Real Housewives of Atlanta,10,2018-01-14,2.353,0.96,tt1252370,9,10.0,9.0,tt7881840
The Real Housewives of Atlanta,10,2018-01-21,1.388,0.53,tt1252370,10,10.0,10.0,tt7904366
The Real Housewives of Atlanta,10,2018-01-28,1.986,0.78,tt1252370,11,10.0,11.0,tt7955130
The Real Housewives of Atlanta,10,2018-02-11,2.238,0.95,tt1252370,12,10.0,12.0,tt8004388
The Real Housewives of Atlanta,10,2018-02-18,2.126,0.85,tt1252370,13,10.0,13.0,tt8004396
The Real Housewives of Atlanta,10,2018-02-25,2.291,0.91,tt1252370,14,10.0,14.0,tt8085586
The Real Housewives of Atlanta,10,2018-03-11,2.001,0.77,tt1252370,15,10.0,15.0,tt8146956
The Real Housewives of Atlanta,10,2018-03-18,2.069,0.80,tt1252370,16,10.0,16.0,tt8176712
The Real Housewives of Atlanta,10,2018-03-25,1.967,0.78,tt1252370,17,,,
The Real Housewives of Atlanta,10,2018-04-01,1.930,0.76,tt1252370,18,10.0,18.0,tt8218274
The Real Housewives of Atlanta,10,2018-04-08,2.444,0.94,tt1252370,19,10.0,19.0,tt8242692
The Real Housewives of Atlanta,10,2018-04-15,2.531,0.99,tt1252370,20,10.0,20.0,tt8242696
The Real Housewives of Atlanta,10,2018-04-22,2.319,0.90,tt1252370,21,10.0,21.0,tt8287206
The Real Housewives of Atlanta,10,2018-04-29,1.070,0.36,tt1252370,22,,,
The Real Housewives of Atlanta,11,2018-11-04,1.931,0.73,tt1252370,1,11.0,1.0,tt9233944
The Real Housewives of Atlanta,11,2018-11-11,1.841,0.74,tt1252370,2,11.0,2.0,tt9234048
The Real Housewives of Atlanta,11,2018-11-18,1.863,0.69,tt1252370,3,11.0,3.0,tt9267194
The Real Housewives of Atlanta,11,2018-11-25,1.855,0.75,tt1252370,4,11.0,4.0,tt9302940
The Real Housewives of Atlanta,11,2018-12-02,1.935,0.73,tt1252370,5,11.0,5.0,tt9355172
The Real Housewives of Atlanta,11,2018-12-09,2.038,0.82,tt1252370,6,11.0,6.0,tt9376930
The Real Housewives of Atlanta,11,2018-12-16,1.823,0.68,tt1252370,7,11.0,7.0,tt9441338
The Real Housewives of Atlanta,11,2018-12-23,1.648,0.62,tt1252370,8,11.0,8.0,tt9441358
The Real Housewives of Atlanta,11,2018-12-30,1.770,0.67,tt1252370,9,11.0,9.0,tt9515360
The Real Housewives of Atlanta,11,2019-01-06,2.118,0.83,tt1252370,10,11.0,10.0,tt9515368
The Real Housewives of Atlanta,11,2019-01-13,2.228,0.87,tt1252370,11,11.0,11.0,tt9568208
The Real Housewives of Atlanta,11,2019-01-20,1.814,0.66,tt1252370,12,11.0,12.0,tt9598868
The Real Housewives of Atlanta,11,2019-01-27,2.145,0.83,tt1252370,13,11.0,13.0,tt9659718
The Real Housewives of Atlanta,11,2019-02-10,1.632,0.65,tt1252370,14,11.0,14.0,tt9679492
The Real Housewives of Atlanta,11,2019-02-17,1.949,0.72,tt1252370,15,11.0,15.0,tt9777438
The Real Housewives of Atlanta,11,2019-03-03,1.961,0.75,tt1252370,16,11.0,16.0,tt9808354
The Real Housewives of Atlanta,11,2019-03-10,2.079,0.78,tt1252370,17,11.0,17.0,tt9910602
The Real Housewives of Atlanta,11,2019-03-17,2.081,0.77,tt1252370,18,11.0,18.0,tt9910606
The Real Housewives of Atlanta,11,2019-03-24,2.049,0.75,tt1252370,19,11.0,19.0,tt10049062
The Real Housewives of Atlanta,11,2019-03-31,2.141,0.81,tt1252370,20,11.0,20.0,tt10049072
The Real Housewives of Atlanta,11,2019-04-07,2.346,0.87,tt1252370,21,11.0,21.0,tt10232892
The Real Housewives of Atlanta,11,2019-04-14,2.090,0.79,tt1252370,22,11.0,22.0,tt10231482
The Real Housewives of Atlanta,11,2019-04-21,1.668,0.61,tt1252370,23,11.0,23.0,tt10231502
The Real Housewives of Atlanta,11,2019-04-28,1.467,0.52,tt1252370,24,,,
The Real Housewives of Atlanta,11,,1.308,0.43,tt1252370,25,,,
The Real Housewives of Atlanta,11,,1.143,0.36,tt1252370,26,,,
The Real Housewives of Atlanta,12,2019-11-03,1.907,0.63,tt1252370,1,12.0,1.0,tt3762556
The Real Housewives of Atlanta,12,2019-11-10,1.846,0.66,tt1252370,2,12.0,2.0,tt11187414
The Real Housewives of Atlanta,12,2019-11-17,1.860,0.66,tt1252370,3,12.0,3.0,tt3842244
The Real Housewives of Atlanta,12,2019-11-24,1.933,0.68,tt1252370,4,12.0,4.0,tt11225624
The Real Housewives of Atlanta,12,2019-12-01,1.973,0.64,tt1252370,5,12.0,5.0,tt11262650
The Real Housewives of Atlanta,12,2019-12-08,1.798,0.61,tt1252370,6,12.0,6.0,tt11311534
The Real Housewives of Atlanta,12,2019-12-15,1.746,0.61,tt1252370,7,12.0,7.0,tt11311536
The Real Housewives of Atlanta,12,2019-12-22,1.782,0.63,tt1252370,8,12.0,8.0,tt5511962
The Real Housewives of Atlanta,12,2019-12-29,1.985,0.64,tt1252370,9,12.0,9.0,tt11311540
The Real Housewives of Atlanta,12,2020-01-05,2.001,0.72,tt1252370,10,12.0,10.0,tt11463660
The Real Housewives of Atlanta,12,2020-01-12,2.008,0.73,tt1252370,11,12.0,11.0,tt11463668
The Real Housewives of Atlanta,12,2020-01-19,1.746,0.64,tt1252370,12,12.0,12.0,tt11463672
The Real Housewives of Atlanta,12,2020-02-09,1.701,0.62,tt1252370,13,12.0,13.0,tt11595840
The Real Housewives of Atlanta,12,2020-02-16,1.657,0.56,tt1252370,14,12.0,14.0,tt11595842
The Real Housewives of Atlanta,12,2020-02-23,1.862,0.65,tt1252370,15,12.0,15.0,tt11595844
The Real Housewives of Atlanta,12,2020-03-01,1.942,0.67,tt1252370,16,12.0,16.0,tt11758558
The Real Housewives of Atlanta,12,2020-03-08,1.777,0.63,tt1252370,17,12.0,17.0,tt11804164
The Real Housewives of Atlanta,12,2020-03-15,1.775,0.61,tt1252370,18,12.0,18.0,tt11804168
The Real Housewives of Atlanta,12,2020-03-22,1.983,0.68,tt1252370,19,12.0,19.0,tt11804170
The Real Housewives of Atlanta,12,2020-04-05,1.748,0.61,tt1252370,20,12.0,20.0,tt11804172
The Real Housewives of Atlanta,12,2020-04-12,1.677,0.61,tt1252370,21,12.0,21.0,tt11974254
The Real Housewives of Atlanta,12,2020-04-19,1.863,0.62,tt1252370,22,12.0,22.0,tt11974256
The Real Housewives of Atlanta,12,2020-04-26,1.300,0.39,tt1252370,23,12.0,23.0,tt12071594
The Real Housewives of Atlanta,12,,1.642,0.57,tt1252370,24,12.0,24.0,tt12110024
The Real Housewives of Atlanta,12,,1.716,0.55,tt1252370,25,12.0,25.0,tt12110026
The Real Housewives of Atlanta,12,,1.403,0.43,tt1252370,26,12.0,26.0,tt12206450
The Real Housewives of Atlanta,13,2020-12-06,1.418,0.50,tt1252370,1,13.0,1.0,tt13368106
The Real Housewives of Atlanta,13,2020-12-13,1.189,0.38,tt1252370,2,13.0,2.0,tt13520748
The Real Housewives of Atlanta,13,2020-12-20,1.211,0.36,tt1252370,3,13.0,3.0,tt13520754
The Real Housewives of Atlanta,13,2020-12-27,0.645,0.18,tt1252370,4,13.0,4.0,tt13563622
The Real Housewives of Atlanta,13,2021-01-03,1.219,0.40,tt1252370,5,13.0,5.0,tt13654450
The Real Housewives of Atlanta,13,2021-01-10,1.180,0.39,tt1252370,6,13.0,6.0,tt13696434
The Real Housewives of Atlanta,13,2021-01-17,1.222,0.36,tt1252370,7,13.0,7.0,tt13773144
The Real Housewives of Atlanta,13,2021-01-24,1.325,0.43,tt1252370,8,13.0,8.0,tt13819328
The Real Housewives of Atlanta,13,2021-01-31,1.396,0.42,tt1252370,9,13.0,9.0,tt13886122
The Real Housewives of Atlanta,13,2021-02-14,1.100,0.35,tt1252370,10,13.0,10.0,tt13957102
The Real Housewives of Atlanta,13,2021-02-21,1.434,0.51,tt1252370,11,13.0,11.0,tt14023656
The Real Housewives of Atlanta,13,2021-02-28,1.412,0.47,tt1252370,12,13.0,12.0,tt14023660
The Real Housewives of Atlanta,13,2021-03-07,1.149,0.32,tt1252370,13,13.0,13.0,tt14102700
The Real Housewives of Atlanta,13,2021-03-14,1.091,0.33,tt1252370,14,13.0,14.0,tt14158894
The Real Housewives of Atlanta,13,2021-03-21,1.183,0.35,tt1252370,15,13.0,15.0,tt14195794
The Real Housewives of Atlanta,13,2021-03-28,1.321,0.44,tt1252370,16,13.0,16.0,tt14259900
The Real Housewives of Atlanta,13,2021-04-04,1.172,0.37,tt1252370,17,13.0,17.0,tt14259904
The Real Housewives of Atlanta,13,2021-04-11,1.206,0.40,tt1252370,18,13.0,18.0,tt14259908
The Real Housewives of Atlanta,13,2021-04-18,1.385,0.44,tt1252370,19,13.0,19.0,tt14259912
The Real Housewives of Atlanta,13,2021-04-25,1.272,0.41,tt1252370,20,13.0,20.0,tt14259910
The Real Housewives of Atlanta,13,,1.175,0.36,tt1252370,21,13.0,21.0,tt14259924
The Real Housewives of Atlanta,13,,1.083,0.33,tt1252370,22,,,
The Real Housewives of Atlanta,14,,0.933,0.30,tt1252370,1,14.0,1.0,tt14437984
The Real Housewives of Atlanta,14,,0.736,0.23,tt1252370,2,14.0,2.0,tt19358840
The Real Housewives of Atlanta,14,,0.850,0.24,tt1252370,3,14.0,3.0,tt19358842
The Real Housewives of Atlanta,14,,0.992,0.32,tt1252370,4,14.0,4.0,tt19358848
The Real Housewives of Atlanta,14,2022-06-05,0.808,0.26,tt1252370,5,14.0,5.0,tt19358846
The Real Housewives of Atlanta,14,2022-06-12,1.005,0.31,tt1252370,6,14.0,6.0,tt20217128
The Real Housewives of Atlanta,14,2022-06-19,0.834,0.24,tt1252370,7,14.0,7.0,tt20217130
The Real Housewives of Atlanta,14,2022-06-26,0.722,0.21,tt1252370,8,14.0,8.0,tt20217136
The Real Housewives of Atlanta,14,2022-07-10,0.942,0.30,tt1252370,9,14.0,9.0,tt20217138
The Real Housewives of Atlanta,14,2022-07-17,0.919,0.29,tt1252370,10,14.0,10.0,tt20217140
The Real Housewives of Atlanta,14,2022-07-24,0.987,0.31,tt1252370,11,14.0,11.0,tt20217142
The Real Housewives of Atlanta,14,2022-07-31,1.018,0.30,tt1252370,12,14.0,12.0,tt20217144
The Real Housewives of Atlanta,14,2022-08-07,1.026,0.35,tt1252370,13,14.0,13.0,tt20217146
The Real Housewives of Atlanta,14,2022-08-14,0.973,0.31,tt1252370,14,14.0,14.0,tt20217148
The Real Housewives of Atlanta,14,2022-08-21,1.009,0.30,tt1252370,15,14.0,15.0,tt21216042
The Real Housewives of Atlanta,14,2022-08-28,0.964,0.30,tt1252370,16,14.0,16.0,tt21216048
The Real Housewives of Atlanta,14,,1.042,0.31,tt1252370,17,14.0,17.0,tt21343700
The Real Housewives of Atlanta,14,,1.028,0.35,tt1252370,18,14.0,18.0,tt21343702
The Real Housewives of Atlanta,14,,1.051,0.34,tt1252370,19,14.0,19.0,tt21351328
The Real Housewives of Atlanta,14,,1.131,0.34,tt1252370,20,14.0,20.0,tt21351332
Bunheads,1,2012-06-11,1.637,0.6,tt2006848,1,1.0,1.0,tt2342525
Bunheads,1,2012-06-18,1.636,0.6,tt2006848,2,1.0,2.0,tt2166870
Bunheads,1,2012-06-25,1.379,0.6,tt2006848,3,1.0,3.0,tt2166872
Bunheads,1,2012-07-09,1.439,0.6,tt2006848,4,1.0,4.0,tt2162290
Bunheads,1,2012-07-16,1.235,0.5,tt2006848,5,1.0,5.0,tt2177886
Bunheads,1,2012-07-23,1.581,0.6,tt2006848,6,1.0,6.0,tt2228328
Bunheads,1,2012-07-30,1.124,0.4,tt2006848,7,1.0,7.0,tt2209310
Bunheads,1,2012-08-06,1.173,0.5,tt2006848,8,1.0,8.0,tt2257678
Bunheads,1,2012-08-13,1.131,0.5,tt2006848,9,1.0,9.0,tt2297452
Bunheads,1,2012-08-20,1.504,0.6,tt2006848,10,1.0,10.0,tt2310468
Bunheads,1,2013-01-07,1.234,0.5,tt2006848,11,1.0,11.0,tt2482916
Bunheads,1,2013-01-14,1.067,0.4,tt2006848,12,1.0,12.0,tt2614940
Bunheads,1,2013-01-21,1.127,0.5,tt2006848,13,1.0,13.0,tt2626494
Bunheads,1,2013-01-28,1.115,0.4,tt2006848,14,1.0,14.0,tt2633406
Bunheads,1,2013-02-04,1.087,0.4,tt2006848,15,1.0,15.0,tt2573908
Bunheads,1,2013-02-11,0.967,0.4,tt2006848,16,1.0,16.0,tt2633112
Bunheads,1,2013-02-18,1.119,0.4,tt2006848,17,1.0,17.0,tt2633128
Bunheads,1,2013-02-25,1.012,0.4,tt2006848,18,1.0,18.0,tt2702968
Feud,1,2017-03-05,2.256,0.52,tt1984119,1,1.0,1.0,tt5718950
Feud,1,2017-03-12,1.320,0.30,tt1984119,2,1.0,2.0,tt5718954
Feud,1,2017-03-19,1.076,0.29,tt1984119,3,1.0,3.0,tt5719564
Feud,1,2017-03-26,1.213,0.31,tt1984119,4,1.0,4.0,tt5720470
Feud,1,2017-04-02,1.355,0.35,tt1984119,5,1.0,5.0,tt5720472
Feud,1,2017-04-09,1.061,0.28,tt1984119,6,1.0,6.0,tt5720476
Feud,1,2017-04-16,1.306,0.36,tt1984119,7,1.0,7.0,tt5720478
Feud,1,2017-04-23,1.303,0.30,tt1984119,8,1.0,8.0,tt5718952
Will,1,2015-07-10,0.633,0.16,tt17543592,1,1.0,1.0,tt19037604
Will,1,2015-07-10,0.477,0.09,tt17543592,2,1.0,2.0,tt23139496
Will,1,2015-07-17,0.471,0.16,tt17543592,3,1.0,3.0,tt23391980
Will,1,2015-07-24,0.368,0.10,tt17543592,4,1.0,4.0,tt23739134
Will,1,2015-07-31,0.300,0.10,tt17543592,5,1.0,5.0,tt23258538
Will,1,2015-08-07,0.364,0.13,tt17543592,6,1.0,6.0,tt23739146
Will,1,2015-08-14,0.305,0.08,tt17543592,7,1.0,7.0,tt23989018
Will,1,2015-08-21,0.291,0.08,tt17543592,8,1.0,8.0,tt26690705
Will,1,2015-08-28,0.315,0.10,tt17543592,9,1.0,9.0,tt26694394
Will,1,,0.307,0.09,tt17543592,10,1.0,10.0,tt26741529
Roadies,1,2016-06-26,0.348,0.07,tt4270458,1,1.0,1.0,tt5474146
Roadies,1,2016-07-03,0.353,0.11,tt4270458,2,1.0,2.0,tt5477616
Roadies,1,2016-07-10,0.329,0.10,tt4270458,3,1.0,3.0,tt5477644
Roadies,1,2016-07-17,0.262,0.08,tt4270458,4,1.0,4.0,tt5478574
Roadies,1,2016-07-24,0.291,0.08,tt4270458,5,1.0,5.0,tt5480844
Roadies,1,2016-07-31,0.242,0.06,tt4270458,6,1.0,6.0,tt5487328
Roadies,1,2016-08-07,0.310,0.06,tt4270458,7,1.0,7.0,tt5487330
Roadies,1,2016-08-14,0.286,0.10,tt4270458,8,1.0,8.0,tt5504652
Roadies,1,2016-08-21,0.345,0.11,tt4270458,9,1.0,9.0,tt5504660
Roadies,1,2016-08-28,0.308,0.08,tt4270458,10,1.0,10.0,tt5504666
Monk,1,2002-07-12,4.766,2.0,tt0312172,1,1.0,1.0,tt0308593
Monk,1,2002-07-19,4.061,1.5,tt0312172,2,1.0,2.0,tt0650647
Monk,1,2002-07-26,4.869,1.9,tt0312172,3,1.0,3.0,tt0650615
Monk,1,2002-08-02,4.909,1.7,tt0312172,4,1.0,4.0,tt0650610
Monk,1,2002-08-09,4.482,1.9,tt0312172,5,1.0,5.0,tt0650608
Monk,1,2002-08-16,4.455,1.7,tt0312172,6,1.0,6.0,tt0650628
Monk,1,2002-08-23,3.696,1.3,tt0312172,7,1.0,7.0,tt0650644
Monk,1,,4.859,1.5,tt0312172,8,1.0,8.0,tt0650641
Monk,1,,4.383,1.6,tt0312172,9,1.0,9.0,tt0650620
Monk,1,2002-10-04,3.610,1.4,tt0312172,10,1.0,10.0,tt0650634
Monk,1,2002-10-11,3.784,1.5,tt0312172,11,1.0,11.0,tt0650648
Monk,1,2002-10-18,4.246,1.8,tt0312172,12,1.0,12.0,tt0650624
Monk,2,2003-06-20,5.430,2.1,tt0312172,1,2.0,1.0,tt0650601
Monk,2,2003-06-27,4.029,1.4,tt0312172,2,2.0,2.0,tt0650604
Monk,2,2003-07-11,3.641,1.1,tt0312172,3,2.0,3.0,tt0650609
Monk,2,2003-07-18,4.070,1.5,tt0312172,4,2.0,4.0,tt0650611
Monk,2,2003-07-25,3.651,1.2,tt0312172,5,2.0,5.0,tt0650654
Monk,2,2003-08-01,4.696,1.6,tt0312172,6,2.0,6.0,tt0650614
Monk,2,2003-08-08,4.517,1.5,tt0312172,7,2.0,7.0,tt0650651
Monk,2,2003-08-15,3.989,1.3,tt0312172,8,2.0,8.0,tt0650616
Monk,2,2003-08-22,4.357,1.4,tt0312172,9,2.0,9.0,tt0650623
Monk,2,2004-01-16,5.952,2.4,tt0312172,10,2.0,10.0,tt0650646
Monk,2,2004-01-23,5.613,1.8,tt0312172,11,2.0,11.0,tt0650653
Monk,2,2004-01-30,6.267,2.3,tt0312172,12,2.0,12.0,tt0650652
Monk,2,2004-02-06,5.517,1.9,tt0312172,13,2.0,13.0,tt0650642
Monk,2,2004-02-13,5.596,1.9,tt0312172,14,2.0,14.0,tt0650632
Monk,2,2004-02-27,4.772,1.6,tt0312172,15,2.0,15.0,tt0650599
Monk,2,2004-03-05,5.506,1.9,tt0312172,16,2.0,16.0,tt0650603
Monk,3,2004-06-18,5.536,1.6,tt0312172,1,3.0,1.0,tt0650619
Monk,3,2004-06-25,4.697,1.4,tt0312172,2,3.0,2.0,tt0650645
Monk,3,2004-07-09,4.553,1.4,tt0312172,3,3.0,3.0,tt0650629
Monk,3,2004-07-16,4.678,1.6,tt0312172,4,3.0,4.0,tt0650597
Monk,3,2004-07-23,4.728,1.7,tt0312172,5,3.0,5.0,tt0650639
Monk,3,2004-07-30,5.399,1.6,tt0312172,6,3.0,6.0,tt0650638
Monk,3,2004-08-06,5.774,1.7,tt0312172,7,3.0,7.0,tt0650636
Monk,3,2004-08-13,4.852,1.7,tt0312172,8,3.0,8.0,tt0650637
Monk,3,2004-08-20,5.875,2.0,tt0312172,9,3.0,9.0,tt0650618
Monk,3,2005-01-21,5.508,1.7,tt0312172,10,3.0,10.0,tt0650649
Monk,3,2005-01-28,4.125,-,tt0312172,11,3.0,11.0,tt0650655
Monk,3,2005-02-04,4.998,1.5,tt0312172,12,3.0,12.0,tt0650595
Monk,3,2005-02-11,5.024,1.4,tt0312172,13,3.0,13.0,tt0650600
Monk,3,2005-02-18,5.398,1.7,tt0312172,14,3.0,14.0,tt0650605
Monk,3,2005-02-25,4.859,1.5,tt0312172,15,3.0,15.0,tt0650635
Monk,3,2005-03-04,4.442,1.4,tt0312172,16,3.0,16.0,tt0650640
Monk,4,2005-07-08,6.375,1.9,tt0312172,1,4.0,1.0,tt0650643
Monk,4,2005-07-15,4.974,1.6,tt0312172,2,4.0,2.0,tt0650602
Monk,4,2005-07-22,4.507,1.4,tt0312172,3,4.0,3.0,tt0650617
Monk,4,2005-07-29,4.657,-,tt0312172,4,4.0,4.0,tt0650613
Monk,4,2005-08-05,5.378,1.6,tt0312172,5,4.0,5.0,tt0650596
Monk,4,2005-08-12,4.413,-,tt0312172,6,4.0,6.0,tt0650622
Monk,4,2005-08-19,5.508,1.7,tt0312172,7,4.0,7.0,tt0650607
Monk,4,2005-08-26,5.282,1.6,tt0312172,8,4.0,8.0,tt0650621
Monk,4,2005-12-02,5.478,1.7,tt0312172,9,4.0,9.0,tt0650650
Monk,4,2006-01-13,5.400,1.5,tt0312172,10,4.0,10.0,tt0650606
Monk,4,2006-01-20,5.998,1.8,tt0312172,11,4.0,11.0,tt0650594
Monk,4,2006-01-27,5.351,1.5,tt0312172,12,4.0,12.0,tt0650626
Monk,4,2006-02-03,5.553,1.4,tt0312172,13,4.0,13.0,tt0650627
Monk,4,2006-03-03,4.885,1.4,tt0312172,14,4.0,14.0,tt0650625
Monk,4,2006-03-10,4.460,1.2,tt0312172,15,4.0,15.0,tt0650612
Monk,4,2006-03-17,5.366,1.5,tt0312172,16,4.0,16.0,tt0650598
Monk,5,2006-07-07,5.093,1.4,tt0312172,1,5.0,1.0,tt0825095
Monk,5,2006-07-14,4.893,1.3,tt0312172,2,5.0,2.0,tt0823067
Monk,5,2006-07-21,5.092,1.5,tt0312172,3,5.0,3.0,tt0830105
Monk,5,2006-07-28,5.225,1.4,tt0312172,4,5.0,4.0,tt0833363
Monk,5,2006-08-04,5.280,1.4,tt0312172,5,5.0,5.0,tt0839191
Monk,5,2006-08-11,5.555,1.5,tt0312172,6,5.0,6.0,tt0837401
Monk,5,2006-08-18,5.212,1.5,tt0312172,7,5.0,7.0,tt0842411
Monk,5,2006-08-25,5.632,1.6,tt0312172,8,5.0,8.0,tt0845825
Monk,5,2006-11-17,3.946,1.2,tt0312172,9,5.0,9.0,tt0854560
Monk,5,2006-12-22,2.630,0.7,tt0312172,10,5.0,10.0,tt0909244
Monk,5,2007-01-19,5.164,1.3,tt0312172,11,5.0,11.0,tt0935760
Monk,5,2007-01-26,5.000,-,tt0312172,12,5.0,12.0,tt0946426
Monk,5,2007-02-02,5.161,-,tt0312172,13,5.0,13.0,tt0940231
Monk,5,2007-02-09,4.856,1.2,tt0312172,14,5.0,14.0,tt0962450
Monk,5,2007-02-23,4.714,1.2,tt0312172,15,5.0,15.0,tt0966997
Monk,5,2007-03-02,5.710,1.5,tt0312172,16,5.0,16.0,tt0950299
Monk,6,2007-07-13,4.82,1.2,tt0312172,1,6.0,1.0,tt1033266
Monk,6,2007-07-20,4.877,1.4,tt0312172,2,6.0,2.0,tt1043178
Monk,6,2007-07-27,5.019,-,tt0312172,3,6.0,3.0,tt1072971
Monk,6,2007-08-03,4.305,-,tt0312172,4,6.0,4.0,tt1043177
Monk,6,2007-08-10,5.10,1.2,tt0312172,5,6.0,5.0,tt1084413
Monk,6,2007-08-17,4.54,-,tt0312172,6,6.0,6.0,tt1004893
Monk,6,2007-08-24,5.03,1.3,tt0312172,7,6.0,7.0,tt1070199
Monk,6,,4.686,1.2,tt0312172,8,6.0,8.0,tt1043179
Monk,6,,5.03,1.3,tt0312172,9,6.0,9.0,tt1087121
Monk,6,2007-12-07,4.546,1.2,tt0312172,10,6.0,10.0,tt1111043
Monk,6,2008-01-11,5.645,1.6,tt0312172,11,6.0,11.0,tt1167190
Monk,6,2008-01-18,5.457,1.5,tt0312172,12,6.0,12.0,tt1133754
Monk,6,2008-01-25,5.316,1.5,tt0312172,13,6.0,13.0,tt1133756
Monk,6,2008-02-01,5.447,1.3,tt0312172,14,6.0,14.0,tt1180674
Monk,6,2008-02-15,5.602,1.6,tt0312172,15,6.0,15.0,tt1133123
Monk,6,2008-02-22,6.877,2.0,tt0312172,16,6.0,16.0,tt1133124
Monk,7,2008-07-18,5.639,1.5,tt0312172,1,7.0,1.0,tt1189399
Monk,7,2008-07-25,5.062,1.3,tt0312172,2,7.0,2.0,tt1189407
Monk,7,2008-08-01,4.605,1.1,tt0312172,3,7.0,3.0,tt1189408
Monk,7,2008-08-08,3.624,1.0,tt0312172,4,7.0,4.0,tt1189409
Monk,7,2008-08-15,4.654,1.2,tt0312172,5,7.0,5.0,tt1268705
Monk,7,2008-08-22,4.577,1.1,tt0312172,6,7.0,6.0,tt1189411
Monk,7,,4.991,1.4,tt0312172,7,7.0,7.0,tt1189412
Monk,7,,5.020,1.3,tt0312172,8,7.0,8.0,tt1189413
Monk,7,2008-11-28,4.399,1.1,tt0312172,9,7.0,9.0,tt1189414
Monk,7,2009-01-09,5.247,1.4,tt0312172,10,7.0,10.0,tt1189400
Monk,7,2009-01-16,4.941,1.2,tt0312172,11,7.0,11.0,tt1189401
Monk,7,2009-01-23,4.969,-,tt0312172,12,7.0,12.0,tt1354394
Monk,7,2009-01-30,5.393,1.4,tt0312172,13,7.0,13.0,tt1189403
Monk,7,2009-02-06,5.677,-,tt0312172,14,7.0,14.0,tt1189404
Monk,7,2009-02-13,5.114,-,tt0312172,15,7.0,15.0,tt1189405
Monk,7,2009-02-20,5.544,1.4,tt0312172,16,7.0,16.0,tt1189406
Monk,8,2009-08-07,5.137,1.1,tt0312172,1,8.0,1.0,tt1405164
Monk,8,2009-08-14,5.305,1.3,tt0312172,2,8.0,2.0,tt1480119
Monk,8,2009-08-21,5.162,1.2,tt0312172,3,8.0,3.0,tt1432635
Monk,8,2009-08-28,4.976,-,tt0312172,4,8.0,4.0,tt1493474
Monk,8,,4.823,1.1,tt0312172,5,8.0,5.0,tt1506161
Monk,8,,4.879,1.2,tt0312172,6,8.0,6.0,tt1480479
Monk,8,,4.741,1.1,tt0312172,7,8.0,7.0,tt1458263
Monk,8,2009-10-09,4.371,1.1,tt0312172,8,8.0,8.0,tt1506162
Monk,8,2009-10-16,3.980,1.0,tt0312172,9,8.0,9.0,tt1518740
Monk,8,2009-10-23,5.419,1.5,tt0312172,10,8.0,10.0,tt1535241
Monk,8,2009-10-30,4.687,1.0,tt0312172,11,8.0,11.0,tt1502554
Monk,8,2009-11-06,4.266,1.1,tt0312172,12,8.0,12.0,tt1535240
Monk,8,2009-11-13,4.387,1.1,tt0312172,13,8.0,13.0,tt1525079
Monk,8,2009-11-20,5.296,1.3,tt0312172,14,8.0,14.0,tt1539424
Monk,8,2009-11-27,5.823,1.6,tt0312172,15,8.0,15.0,tt1537094
Monk,8,2009-12-04,9.439,2.4,tt0312172,16,8.0,16.0,tt1539425
Van Helsing,1,2016-07-31,1.237,0.35,tt5197820,1,1.0,1.0,tt5212382
Van Helsing,1,,0.890,0.22,tt5197820,2,1.0,2.0,tt5212384
Van Helsing,1,,0.834,0.18,tt5197820,3,1.0,3.0,tt5212494
Van Helsing,1,,0.666,0.17,tt5197820,4,1.0,4.0,tt5212498
Van Helsing,1,2016-10-07,0.619,0.15,tt5197820,5,1.0,5.0,tt5212500
Van Helsing,1,2016-10-14,0.613,0.17,tt5197820,6,1.0,6.0,tt5212502
Van Helsing,1,2016-10-21,0.635,0.16,tt5197820,7,1.0,7.0,tt5212506
Van Helsing,1,2016-10-28,0.530,0.16,tt5197820,8,1.0,8.0,tt5212510
Van Helsing,1,2016-11-04,0.608,0.15,tt5197820,9,1.0,9.0,tt5212516
Van Helsing,1,2016-11-11,0.679,0.17,tt5197820,10,1.0,10.0,tt5212522
Van Helsing,1,2016-11-18,0.604,0.14,tt5197820,11,1.0,11.0,tt5212524
Van Helsing,1,2016-11-25,0.649,0.15,tt5197820,12,1.0,12.0,tt5212528
Van Helsing,1,2016-12-02,0.502,0.12,tt5197820,13,1.0,13.0,tt5212530
Van Helsing,1,2016-12-09,0.561,0.12,tt5197820,14,,,
Van Helsing,2,2017-10-05,0.459,0.15,tt5197820,1,2.0,1.0,tt6360830
Van Helsing,2,2017-10-12,0.451,0.13,tt5197820,2,2.0,2.0,tt6530370
Van Helsing,2,2017-10-19,0.488,0.13,tt5197820,3,2.0,3.0,tt6530520
Van Helsing,2,2017-10-26,0.456,0.11,tt5197820,4,2.0,4.0,tt6530526
Van Helsing,2,2017-11-02,0.368,0.12,tt5197820,5,2.0,5.0,tt6658196
Van Helsing,2,2017-11-09,0.303,0.10,tt5197820,6,2.0,6.0,tt6658194
Van Helsing,2,2017-11-16,0.345,0.12,tt5197820,7,2.0,7.0,tt6658190
Van Helsing,2,2017-11-30,0.335,0.10,tt5197820,8,2.0,8.0,tt6658188
Van Helsing,2,2017-12-07,0.487,0.14,tt5197820,9,2.0,9.0,tt6658184
Van Helsing,2,2017-12-14,0.358,0.08,tt5197820,10,2.0,10.0,tt6658180
Van Helsing,2,2017-12-21,0.486,0.16,tt5197820,11,2.0,11.0,tt6658186
Van Helsing,2,2017-12-28,0.550,0.16,tt5197820,12,2.0,12.0,tt6658178
Van Helsing,2,2018-01-04,0.477,0.14,tt5197820,13,2.0,13.0,tt6658182
Van Helsing,3,2018-10-05,0.390,0.11,tt5197820,1,3.0,1.0,tt7787492
Van Helsing,3,2018-10-12,0.476,0.13,tt5197820,2,3.0,2.0,tt7992306
Van Helsing,3,2018-10-19,0.386,0.09,tt5197820,3,3.0,3.0,tt8230954
Van Helsing,3,2018-10-26,0.416,0.10,tt5197820,4,3.0,4.0,tt8488652
Van Helsing,3,2018-11-02,0.457,0.10,tt5197820,5,3.0,5.0,tt8461474
Van Helsing,3,2018-11-09,0.416,0.08,tt5197820,6,3.0,6.0,tt8488656
Van Helsing,3,2018-11-16,0.359,0.12,tt5197820,7,3.0,7.0,tt8488658
Van Helsing,3,2018-11-23,0.354,0.08,tt5197820,8,3.0,8.0,tt8488660
Van Helsing,3,2018-11-30,0.318,0.07,tt5197820,9,3.0,9.0,tt8016482
Van Helsing,3,2018-12-07,0.381,0.12,tt5197820,10,3.0,10.0,tt8016484
Van Helsing,3,2018-12-14,0.337,0.06,tt5197820,11,3.0,11.0,tt8488664
Van Helsing,3,2018-12-21,0.321,0.06,tt5197820,12,3.0,12.0,tt8384792
Van Helsing,3,2018-12-28,0.383,0.08,tt5197820,13,3.0,13.0,tt8119550
Van Helsing,4,,0.357,0.07,tt5197820,1,4.0,1.0,tt9578146
Van Helsing,4,2019-10-04,0.302,0.11,tt5197820,2,4.0,2.0,tt9578148
Van Helsing,4,2019-10-11,0.264,0.08,tt5197820,3,4.0,3.0,tt9578150
Van Helsing,4,2019-10-18,0.295,0.08,tt5197820,4,4.0,4.0,tt9578152
Van Helsing,4,2019-10-25,0.339,0.10,tt5197820,5,4.0,5.0,tt9578154
Van Helsing,4,2019-11-01,0.349,0.10,tt5197820,6,4.0,6.0,tt9578158
Van Helsing,4,2019-11-08,0.327,0.11,tt5197820,7,4.0,7.0,tt9578160
Van Helsing,4,2019-11-15,0.324,0.09,tt5197820,8,4.0,8.0,tt9578162
Van Helsing,4,2019-11-22,0.248,0.07,tt5197820,9,4.0,9.0,tt9578164
Van Helsing,4,2019-11-29,0.227,0.05,tt5197820,10,4.0,10.0,tt9578188
Van Helsing,4,2019-12-06,0.270,0.08,tt5197820,11,4.0,11.0,tt9578190
Van Helsing,4,2019-12-13,0.211,0.05,tt5197820,12,4.0,12.0,tt9578194
Van Helsing,4,2019-12-20,0.336,0.08,tt5197820,13,4.0,13.0,tt9578196
Lights Out,1,2011-01-11,1.487,0.6/2,tt1379690,1,1.0,1.0,tt1648580
Lights Out,1,2011-01-18,0.921,0.4/1,tt1379690,2,1.0,2.0,tt1648575
Lights Out,1,2011-01-25,0.819,0.4/1,tt1379690,3,1.0,3.0,tt1648576
Lights Out,1,2011-02-01,0.864,0.4/1,tt1379690,4,1.0,4.0,tt1648577
Lights Out,1,2011-02-08,0.803,0.4/1,tt1379690,5,1.0,5.0,tt1648578
Lights Out,1,2011-02-15,0.700,0.3/1,tt1379690,6,1.0,6.0,tt1648579
Lights Out,1,2011-02-22,0.742,0.3/1,tt1379690,7,1.0,7.0,tt1674918
Lights Out,1,2011-03-01,0.802,0.4/1,tt1379690,8,1.0,8.0,tt1674919
Lights Out,1,2011-03-08,0.797,0.4/1,tt1379690,9,1.0,9.0,tt1674461
Lights Out,1,2011-03-15,0.688,0.3/1,tt1379690,10,1.0,10.0,tt1680928
Lights Out,1,2011-03-22,0.693,0.3/1,tt1379690,11,1.0,11.0,tt1680929
Lights Out,1,2011-03-29,0.614,0.3/1,tt1379690,12,1.0,12.0,tt1692655
Lights Out,1,2011-04-05,0.636,0.3/1,tt1379690,13,1.0,13.0,tt1692656
Carter,1,2018-08-07,0.290,0.04,tt7083006,1,1.0,1.0,tt7245194
Carter,1,2018-08-14,0.309,0.05,tt7083006,2,1.0,2.0,tt7245918
Carter,1,2018-08-21,0.361,0.04,tt7083006,3,1.0,3.0,tt7245928
Carter,1,2018-08-28,0.242,0.04,tt7083006,4,1.0,4.0,tt7245932
Carter,1,,0.218,0.04,tt7083006,5,1.0,5.0,tt7260992
Carter,1,,0.266,0.05,tt7083006,6,1.0,6.0,tt7286018
Carter,1,,0.218,0.04,tt7083006,7,1.0,7.0,tt7337244
Carter,1,,0.161,0.02,tt7083006,8,1.0,8.0,tt7337266
Carter,1,2018-10-02,0.163,0.02,tt7083006,9,1.0,9.0,tt7337250
Carter,1,2018-10-09,0.171,0.02,tt7083006,10,1.0,10.0,tt7337142
Carter,2,2020-01-20,0.133,0.01,tt7083006,1,2.0,1.0,tt10278188
Carter,2,2020-01-27,0.098,0.01,tt7083006,2,2.0,2.0,tt10278182
Carter,2,2020-02-03,0.103,0.02,tt7083006,3,2.0,3.0,tt11160450
Carter,2,2020-02-10,0.092,0.01,tt7083006,4,2.0,4.0,tt11009942
Carter,2,2020-02-17,0.110,0.02,tt7083006,5,2.0,5.0,tt11009950
Carter,2,2020-02-24,0.108,0.02,tt7083006,6,2.0,6.0,tt10684406
Carter,2,2020-03-02,0.056,0.01,tt7083006,7,2.0,7.0,tt10525354
Carter,2,2020-03-09,0.060,0.01,tt7083006,8,2.0,8.0,tt10853242
Carter,2,2020-03-16,0.066,0.01,tt7083006,9,2.0,9.0,tt10683814
Carter,2,2020-03-23,0.085,0.01,tt7083006,10,2.0,10.0,tt10642466
Awkward,1,2011-07-19,1.717,0.8,tt1663676,1,,,
Awkward,1,2011-07-26,1.430,0.6,tt1663676,2,,,
Awkward,1,2011-08-02,1.617,0.8,tt1663676,3,,,
Awkward,1,2011-08-09,1.940,0.9,tt1663676,4,,,
Awkward,1,2011-08-16,1.877,0.9,tt1663676,5,,,
Awkward,1,2011-08-23,2.360,1.2,tt1663676,6,,,
Awkward,1,2011-08-30,1.986,1.0,tt1663676,7,,,
Awkward,1,,2.079,1.2,tt1663676,8,,,
Awkward,1,,2.281,1.3,tt1663676,9,,,
Awkward,1,,2.110,1.2,tt1663676,10,,,
Awkward,1,,2.240,1.2,tt1663676,11,,,
Awkward,1,,2.240,1.2,tt1663676,12,,,
Awkward,2,2012-06-28,2.154,0.9,tt1663676,1,,,
Awkward,2,2012-07-05,1.760,0.7,tt1663676,2,,,
Awkward,2,2012-07-12,1.715,0.8,tt1663676,3,,,
Awkward,2,2012-07-19,1.582,0.7,tt1663676,4,,,
Awkward,2,2012-07-26,1.787,0.8,tt1663676,5,,,
Awkward,2,2012-08-02,1.820,0.7,tt1663676,6,,,
Awkward,2,2012-08-09,1.815,0.8,tt1663676,7,,,
Awkward,2,2012-08-16,1.947,0.9,tt1663676,8,,,
Awkward,2,2012-08-23,2.189,1.0,tt1663676,9,,,
Awkward,2,2012-08-30,1.742,0.8,tt1663676,10,,,
Awkward,2,,1.782,1.0,tt1663676,11,,,
Awkward,2,,2.173,1.1,tt1663676,12,,,
Awkward,3,2013-04-16,2.137,0.9,tt1663676,1,,,
Awkward,3,2013-04-16,2.137,0.9,tt1663676,2,,,
Awkward,3,2013-04-23,1.343,0.6,tt1663676,3,,,
Awkward,3,2013-04-30,1.379,0.6,tt1663676,4,,,
Awkward,3,,1.375,0.7,tt1663676,5,,,
Awkward,3,,1.116,0.5,tt1663676,6,,,
Awkward,3,,1.166,0.5,tt1663676,7,,,
Awkward,3,,1.351,0.6,tt1663676,8,,,
Awkward,3,2013-06-04,0.994,0.5,tt1663676,9,,,
Awkward,3,2013-06-11,1.219,0.5,tt1663676,10,,,
Awkward,3,2013-10-22,1.561,0.82,tt1663676,11,,,
Awkward,3,2013-10-29,1.210,0.65,tt1663676,12,,,
Awkward,3,2013-11-05,1.019,0.55,tt1663676,13,,,
Awkward,3,2013-11-12,1.088,0.60,tt1663676,14,,,
Awkward,3,2013-11-19,1.058,0.51,tt1663676,15,,,
Awkward,3,2013-11-19,1.058,0.51,tt1663676,16,,,
Awkward,3,2013-11-26,1.053,0.60,tt1663676,17,,,
Awkward,3,2013-12-03,1.134,0.55,tt1663676,18,,,
Awkward,3,2013-12-10,1.031,0.47,tt1663676,19,,,
Awkward,3,2013-12-17,1.307,0.58,tt1663676,20,,,
Awkward,4,2014-04-15,1.629,0.83,tt1663676,1,,,
Awkward,4,2014-04-22,1.253,0.61,tt1663676,2,,,
Awkward,4,2014-04-29,1.022,0.51,tt1663676,3,,,
Awkward,4,,1.213,0.51,tt1663676,4,,,
Awkward,4,,1.079,0.53,tt1663676,5,,,
Awkward,4,,1.045,0.46,tt1663676,6,,,
Awkward,4,,1.191,0.56,tt1663676,7,,,
Awkward,4,2014-06-03,1.197,0.54,tt1663676,8,,,
Awkward,4,2014-06-10,1.046,0.47,tt1663676,9,,,
Awkward,4,2014-06-17,1.130,0.51,tt1663676,10,,,
Awkward,4,2014-06-17,1.220,0.54,tt1663676,11,,,
Awkward,4,,1.219,0.66,tt1663676,12,,,
Awkward,4,,1.253,0.64,tt1663676,13,,,
Awkward,4,2014-10-07,0.949,0.49,tt1663676,14,,,
Awkward,4,2014-10-14,0.927,0.46,tt1663676,15,,,
Awkward,4,2014-10-21,1.019,0.57,tt1663676,16,,,
Awkward,4,2014-10-28,0.824,0.43,tt1663676,17,,,
Awkward,4,2014-11-04,0.823,0.41,tt1663676,18,,,
Awkward,4,2014-11-11,1.268,0.51,tt1663676,19,,,
Awkward,4,2014-11-18,0.911,0.45,tt1663676,20,,,
Awkward,4,2014-11-25,1.038,0.50,tt1663676,21,,,
Awkward,5,2015-08-31,1.287,0.72,tt1663676,1,,,
Awkward,5,,0.682,0.30,tt1663676,2,,,
Awkward,5,,0.761,0.37,tt1663676,3,,,
Awkward,5,,0.532,0.28,tt1663676,4,,,
Awkward,5,,0.749,0.38,tt1663676,5,,,
Awkward,5,2015-10-05,0.577,0.32,tt1663676,6,,,
Awkward,5,2015-10-12,0.498,0.28,tt1663676,7,,,
Awkward,5,2015-10-19,0.707,0.37,tt1663676,8,,,
Awkward,5,2015-10-26,0.631,0.32,tt1663676,9,,,
Awkward,5,2015-11-02,0.810,0.41,tt1663676,10,,,
Awkward,5,2015-11-09,0.779,0.42,tt1663676,11,,,
Awkward,5,2015-11-09,0.737,0.40,tt1663676,12,,,
Awkward,5,2016-03-15,0.517,0.25,tt1663676,13,,,
Awkward,5,2016-03-22,0.576,0.31,tt1663676,14,,,
Awkward,5,2016-03-29,0.479,0.25,tt1663676,15,,,
Awkward,5,2016-04-05,0.523,0.28,tt1663676,16,,,
Awkward,5,2016-04-12,0.543,0.32,tt1663676,17,,,
Awkward,5,2016-04-19,0.590,0.34,tt1663676,18,,,
Awkward,5,2016-04-26,0.553,0.29,tt1663676,19,,,
Awkward,5,,0.703,0.39,tt1663676,20,,,
Awkward,5,,0.492,0.30,tt1663676,21,,,
Awkward,5,,0.592,0.33,tt1663676,22,,,
Awkward,5,,0.469,0.25,tt1663676,23,,,
Awkward,5,,0.382,0.22,tt1663676,24,,,
Rubicon,1,2010-06-13,1.072,0.5/2,tt1389371,1,1.0,1.0,tt1674557
Rubicon,1,2010-08-01,2.004,0.3/1,tt1389371,2,1.0,2.0,tt1677391
Rubicon,1,2010-08-01,1.903,0.3/1,tt1389371,3,1.0,3.0,tt1677392
Rubicon,1,2010-08-08,1.198,0.2/1,tt1389371,4,1.0,4.0,tt1677393
Rubicon,1,2010-08-15,1.183,0.2/1,tt1389371,5,1.0,5.0,tt1679790
Rubicon,1,2010-08-22,1.140,0.2/1,tt1389371,6,1.0,6.0,tt1680246
Rubicon,1,2010-08-29,1.306,0.4/1,tt1389371,7,1.0,7.0,tt1680247
Rubicon,1,,1.271,0.2/1,tt1389371,8,1.0,8.0,tt1680248
Rubicon,1,,1.115,0.2/0,tt1389371,9,1.0,9.0,tt1679791
Rubicon,1,,1.031,0.2/0,tt1389371,10,1.0,10.0,tt1679788
Rubicon,1,,0.970,0.2/0,tt1389371,11,1.0,11.0,tt1679789
Rubicon,1,2010-10-03,0.997,0.2/0,tt1389371,12,1.0,12.0,tt1693505
Rubicon,1,2010-10-10,1.260,0.3/1,tt1389371,13,1.0,13.0,tt1733635
Rubicon,1,2010-10-17,1.042,0.2/1,tt1389371,14,,,
Covert Affairs,1,2010-07-13,4.878,1.6,tt1495708,1,1.0,1.0,tt1662020
Covert Affairs,1,2010-07-20,5.213,1.6,tt1495708,2,1.0,2.0,tt1674366
Covert Affairs,1,2010-07-27,4.830,1.4,tt1495708,3,1.0,3.0,tt1695166
Covert Affairs,1,2010-08-03,5.325,1.7,tt1495708,4,1.0,4.0,tt1688757
Covert Affairs,1,2010-08-10,5.168,1.6,tt1495708,5,1.0,5.0,tt1695468
Covert Affairs,1,2010-08-17,5.362,1.8,tt1495708,6,1.0,6.0,tt1683570
Covert Affairs,1,2010-08-24,5.867,1.9,tt1495708,7,1.0,7.0,tt1695469
Covert Affairs,1,2010-08-31,5.260,1.5,tt1495708,8,1.0,8.0,tt1678143
Covert Affairs,1,,5.359,1.6,tt1495708,9,1.0,9.0,tt1698096
Covert Affairs,1,,4.586,1.3,tt1495708,10,1.0,10.0,tt1698095
Covert Affairs,1,,5.233,1.4,tt1495708,11,1.0,11.0,tt1698877
Covert Affairs,2,2011-06-07,4.555,1.2,tt1495708,1,2.0,1.0,tt1909437
Covert Affairs,2,2011-06-14,3.919,1.1,tt1495708,2,2.0,2.0,tt1951852
Covert Affairs,2,2011-06-21,4.030,1.2,tt1495708,3,2.0,3.0,tt1958291
Covert Affairs,2,2011-06-28,4.010,1.1,tt1495708,4,2.0,4.0,tt1919597
Covert Affairs,2,2011-07-05,4.807,1.4,tt1495708,5,2.0,5.0,tt1958290
Covert Affairs,2,2011-07-12,4.298,1.2,tt1495708,6,2.0,6.0,tt1955453
Covert Affairs,2,2011-07-19,4.548,1.2,tt1495708,7,2.0,7.0,tt1958292
Covert Affairs,2,2011-07-26,4.361,1.2,tt1495708,8,2.0,8.0,tt1958293
Covert Affairs,2,2011-08-02,4.608,1.3,tt1495708,9,2.0,9.0,tt1998612
Covert Affairs,2,2011-08-09,4.702,1.4,tt1495708,10,2.0,10.0,tt2013375
Covert Affairs,2,2011-11-01,2.696,1.0,tt1495708,11,2.0,11.0,tt2090784
Covert Affairs,2,2011-11-08,2.669,0.8,tt1495708,12,2.0,12.0,tt2095927
Covert Affairs,2,2011-11-15,2.258,0.7,tt1495708,13,2.0,13.0,tt2069251
Covert Affairs,2,2011-11-22,2.295,0.7,tt1495708,14,2.0,14.0,tt2107940
Covert Affairs,2,2011-11-29,3.222,1.0,tt1495708,15,2.0,15.0,tt2107941
Covert Affairs,2,2011-12-06,3.203,1.0,tt1495708,16,2.0,16.0,tt2078073
Covert Affairs,3,2012-07-10,3.504,0.9,tt1495708,1,3.0,1.0,tt2336717
Covert Affairs,3,2012-07-17,3.219,0.9,tt1495708,2,3.0,2.0,tt2183128
Covert Affairs,3,2012-07-24,3.743,1.0,tt1495708,3,3.0,3.0,tt2234300
Covert Affairs,3,2012-07-31,2.577,0.7,tt1495708,4,3.0,4.0,tt2223482
Covert Affairs,3,2012-08-14,3.254,0.9,tt1495708,5,3.0,5.0,tt2309886
Covert Affairs,3,2012-08-21,3.507,0.9,tt1495708,6,3.0,6.0,tt2321376
Covert Affairs,3,2012-08-28,3.234,0.7,tt1495708,7,3.0,7.0,tt2235072
Covert Affairs,3,,3.439,0.8,tt1495708,8,3.0,8.0,tt2351158
Covert Affairs,3,,3.941,1.0,tt1495708,9,3.0,9.0,tt2316022
Covert Affairs,3,,3.471,0.9,tt1495708,10,3.0,10.0,tt2379000
Covert Affairs,3,2012-10-16,2.757,0.8,tt1495708,11,3.0,11.0,tt2373260
Covert Affairs,3,2012-10-23,2.746,0.8,tt1495708,12,3.0,12.0,tt2379004
Covert Affairs,3,2012-10-30,2.355,0.7,tt1495708,13,3.0,13.0,tt2379006
Covert Affairs,3,2012-11-06,2.278,0.5,tt1495708,14,3.0,14.0,tt2401214
Covert Affairs,3,2012-11-13,2.450,0.7,tt1495708,15,3.0,15.0,tt2401218
Covert Affairs,3,2012-11-20,2.472,0.7,tt1495708,16,3.0,16.0,tt2401222
Covert Affairs,4,2013-07-16,2.387,0.6,tt1495708,1,4.0,1.0,tt2802552
Covert Affairs,4,2013-07-23,2.668,0.8,tt1495708,2,4.0,2.0,tt3058724
Covert Affairs,4,2013-07-30,2.290,0.7,tt1495708,3,4.0,3.0,tt3058638
Covert Affairs,4,2013-08-06,2.664,0.9,tt1495708,4,4.0,4.0,tt3032086
Covert Affairs,4,2013-08-13,2.215,0.6,tt1495708,5,4.0,5.0,tt3044690
Covert Affairs,4,2013-08-20,2.461,0.7,tt1495708,6,4.0,6.0,tt2938054
Covert Affairs,4,2013-08-27,2.364,0.6,tt1495708,7,4.0,7.0,tt3029772
Covert Affairs,4,,2.635,0.8,tt1495708,8,4.0,8.0,tt3031464
Covert Affairs,4,,2.203,0.5,tt1495708,9,4.0,9.0,tt3144530
Covert Affairs,4,,3.027,0.7,tt1495708,10,4.0,10.0,tt3059646
Covert Affairs,4,2013-10-17,2.049,0.6,tt1495708,11,4.0,11.0,tt3093690
Covert Affairs,4,2013-10-24,1.685,0.42,tt1495708,12,4.0,12.0,tt3161828
Covert Affairs,4,2013-10-31,1.870,0.47,tt1495708,13,4.0,13.0,tt3297616
Covert Affairs,4,2013-11-07,1.627,0.40,tt1495708,14,4.0,14.0,tt3297618
Covert Affairs,4,2013-11-14,1.755,0.48,tt1495708,15,4.0,15.0,tt3321360
Covert Affairs,4,2013-11-21,2.337,0.68,tt1495708,16,4.0,16.0,tt3321362
Covert Affairs,5,2014-06-24,1.882,0.41,tt1495708,1,5.0,1.0,tt3411826
Covert Affairs,5,2014-07-01,1.719,0.34,tt1495708,2,5.0,2.0,tt3776480
Covert Affairs,5,2014-07-08,1.438,0.29,tt1495708,3,5.0,3.0,tt3776486
Covert Affairs,5,2014-07-15,1.524,0.32,tt1495708,4,5.0,4.0,tt3737618
Covert Affairs,5,2014-07-22,1.700,0.4,tt1495708,5,5.0,5.0,tt3809602
Covert Affairs,5,2014-07-29,1.655,0.3,tt1495708,6,5.0,6.0,tt3809606
Covert Affairs,5,2014-08-05,1.641,0.3,tt1495708,7,5.0,7.0,tt3748956
Covert Affairs,5,2014-08-12,1.624,0.3,tt1495708,8,5.0,8.0,tt3799408
Covert Affairs,5,2014-08-19,1.625,0.38,tt1495708,9,5.0,9.0,tt3960512
Covert Affairs,5,2014-08-26,1.790,0.38,tt1495708,10,5.0,10.0,tt3975950
Covert Affairs,5,2014-11-06,1.224,0.26,tt1495708,11,5.0,11.0,tt4148964
Covert Affairs,5,2014-11-13,1.129,0.21,tt1495708,12,5.0,12.0,tt4003800
Covert Affairs,5,2014-11-20,1.348,0.31,tt1495708,13,5.0,13.0,tt4003798
Covert Affairs,5,2014-12-04,1.379,0.29,tt1495708,14,5.0,14.0,tt4036312
Covert Affairs,5,2014-12-11,1.306,0.27,tt1495708,15,5.0,15.0,tt4203774
Covert Affairs,5,2014-12-18,1.593,0.43,tt1495708,16,5.0,16.0,tt4203776
Major Crimes,1,2012-08-13,7.184,1.2,tt1936532,1,1.0,1.0,tt2307665
Major Crimes,1,2012-08-20,5.399,0.9,tt1936532,2,1.0,2.0,tt2385647
Major Crimes,1,2012-08-27,5.738,1.0,tt1936532,3,1.0,3.0,tt2233994
Major Crimes,1,,5.872,1.0,tt1936532,4,1.0,4.0,tt2169064
Major Crimes,1,,4.964,0.9,tt1936532,5,1.0,5.0,tt2234000
Major Crimes,1,,4.672,0.8,tt1936532,6,1.0,6.0,tt2234004
Major Crimes,1,,4.302,0.8,tt1936532,7,1.0,7.0,tt2234002
Major Crimes,1,2012-10-01,4.169,0.7,tt1936532,8,1.0,8.0,tt2260984
Major Crimes,1,2012-10-08,4.333,0.7,tt1936532,9,1.0,9.0,tt2282344
Major Crimes,1,2012-10-15,5.129,0.9,tt1936532,10,1.0,10.0,tt2315878
Major Crimes,2,2013-06-10,5.019,0.9,tt1936532,1,2.0,1.0,tt2801004
Major Crimes,2,2013-06-17,3.898,0.7,tt1936532,2,2.0,2.0,tt2813580
Major Crimes,2,2013-06-24,4.547,0.8,tt1936532,3,2.0,3.0,tt2838988
Major Crimes,2,2013-07-01,4.729,0.8,tt1936532,4,2.0,4.0,tt2882338
Major Crimes,2,2013-07-08,4.617,0.8,tt1936532,5,2.0,5.0,tt2991466
Major Crimes,2,2013-07-15,5.055,0.8,tt1936532,6,2.0,6.0,tt3007098
Major Crimes,2,2013-07-22,5.380,0.9,tt1936532,7,2.0,7.0,tt3009880
Major Crimes,2,2013-07-29,4.990,0.9,tt1936532,8,2.0,8.0,tt3003092
Major Crimes,2,2013-08-05,5.120,0.7,tt1936532,9,2.0,9.0,tt3009876
Major Crimes,2,2013-08-12,5.310,0.9,tt1936532,10,2.0,10.0,tt3009978
Major Crimes,2,2013-08-19,5.291,0.8,tt1936532,11,2.0,11.0,tt3009934
Major Crimes,2,2013-11-25,3.655,0.67,tt1936532,12,2.0,12.0,tt3120780
Major Crimes,2,2013-12-02,4.212,0.67,tt1936532,13,2.0,13.0,tt3319234
Major Crimes,2,2013-12-09,3.720,0.75,tt1936532,14,2.0,14.0,tt3232096
Major Crimes,2,2013-12-16,4.361,0.66,tt1936532,15,2.0,15.0,tt3281650
Major Crimes,2,2013-12-23,4.478,0.70,tt1936532,16,2.0,16.0,tt3305208
Major Crimes,2,2013-12-30,5.217,0.80,tt1936532,17,2.0,17.0,tt3375954
Major Crimes,2,2014-01-06,4.950,0.80,tt1936532,18,2.0,18.0,tt3375958
Major Crimes,2,2014-01-13,5.430,0.83,tt1936532,19,2.0,19.0,tt3361946
Major Crimes,3,2014-06-09,5.157,0.94,tt1936532,1,3.0,1.0,tt3124002
Major Crimes,3,2014-06-16,4.635,0.74,tt1936532,2,3.0,2.0,tt3659626
Major Crimes,3,2014-06-23,4.909,0.78,tt1936532,3,3.0,3.0,tt3701410
Major Crimes,3,2014-06-30,5.064,0.77,tt1936532,4,3.0,4.0,tt3697918
Major Crimes,3,2014-07-07,4.856,0.77,tt1936532,5,3.0,5.0,tt3790322
Major Crimes,3,2014-07-14,5.254,0.91,tt1936532,6,3.0,6.0,tt3738534
Major Crimes,3,2014-07-21,5.562,0.90,tt1936532,7,3.0,7.0,tt3803090
Major Crimes,3,2014-07-28,5.846,1.00,tt1936532,8,3.0,8.0,tt3859428
Major Crimes,3,2014-08-04,5.243,0.78,tt1936532,9,3.0,9.0,tt3859434
Major Crimes,3,2014-08-11,5.730,0.84,tt1936532,10,3.0,10.0,tt3867438
Major Crimes,3,2014-11-24,2.937,0.45,tt1936532,11,3.0,11.0,tt3916144
Major Crimes,3,2014-12-01,4.019,0.61,tt1936532,12,3.0,12.0,tt3978102
Major Crimes,3,2014-12-08,3.586,0.58,tt1936532,13,3.0,13.0,tt4008638
Major Crimes,3,2014-12-15,3.533,0.58,tt1936532,14,3.0,14.0,tt4131692
Major Crimes,3,2014-12-22,3.821,0.62,tt1936532,15,3.0,15.0,tt4115670
Major Crimes,3,2014-12-29,4.430,0.73,tt1936532,16,3.0,16.0,tt4126890
Major Crimes,3,2015-01-05,4.311,0.65,tt1936532,17,3.0,17.0,tt4150774
Major Crimes,3,2015-01-12,3.735,0.55,tt1936532,18,3.0,18.0,tt4150770
Major Crimes,3,2015-01-12,3.485,0.50,tt1936532,19,3.0,19.0,tt4001236
Major Crimes,4,2015-06-08,3.988,0.53,tt1936532,1,4.0,1.0,tt3881226
Major Crimes,4,2015-06-15,3.814,0.52,tt1936532,2,4.0,2.0,tt4624730
Major Crimes,4,2015-06-22,4.237,0.58,tt1936532,3,4.0,3.0,tt4669898
Major Crimes,4,2015-06-29,4.394,0.68,tt1936532,4,4.0,4.0,tt4677864
Major Crimes,4,2015-07-06,4.021,0.52,tt1936532,5,4.0,5.0,tt4665222
Major Crimes,4,2015-07-13,4.198,0.64,tt1936532,6,4.0,6.0,tt4701502
Major Crimes,4,2015-07-20,4.310,0.65,tt1936532,7,4.0,7.0,tt4737556
Major Crimes,4,2015-07-27,4.386,0.59,tt1936532,8,4.0,8.0,tt4768138
Major Crimes,4,2015-08-03,4.574,0.72,tt1936532,9,4.0,9.0,tt4768136
Major Crimes,4,2015-08-10,4.475,0.58,tt1936532,10,4.0,10.0,tt4768142
Major Crimes,4,2015-11-02,2.223,0.41,tt1936532,11,4.0,11.0,tt4789946
Major Crimes,4,2015-11-09,2.599,0.41,tt1936532,12,4.0,12.0,tt4789950
Major Crimes,4,2015-11-16,2.545,0.32,tt1936532,13,4.0,13.0,tt4789954
Major Crimes,4,2015-11-23,2.490,0.36,tt1936532,14,4.0,14.0,tt4789958
Major Crimes,4,2015-11-30,3.689,0.51,tt1936532,15,4.0,15.0,tt4561974
Major Crimes,4,2015-12-07,3.286,0.42,tt1936532,16,4.0,16.0,tt4800740
Major Crimes,4,2015-12-14,2.999,0.44,tt1936532,17,4.0,17.0,tt4800762
Major Crimes,4,2015-12-21,3.689,0.48,tt1936532,18,4.0,18.0,tt4767580
Major Crimes,4,2016-02-15,3.084,0.43,tt1936532,19,4.0,19.0,tt4958504
Major Crimes,4,2016-02-22,3.192,0.53,tt1936532,20,4.0,20.0,tt4958508
Major Crimes,4,2016-02-29,2.943,0.39,tt1936532,21,4.0,21.0,tt4958514
Major Crimes,4,2016-03-07,3.493,0.48,tt1936532,22,4.0,22.0,tt4958518
Major Crimes,4,2016-03-14,3.411,0.48,tt1936532,23,4.0,23.0,tt4958528
Major Crimes,5,2016-06-13,3.618,0.42,tt1936532,1,5.0,1.0,tt5275090
Major Crimes,5,2016-06-20,3.656,0.46,tt1936532,2,5.0,2.0,tt5500140
Major Crimes,5,2016-06-27,3.989,0.52,tt1936532,3,5.0,3.0,tt5502594
Major Crimes,5,2016-07-11,3.917,0.47,tt1936532,4,5.0,4.0,tt5502586
Major Crimes,5,2016-07-18,3.719,0.50,tt1936532,5,5.0,5.0,tt5502596
Major Crimes,5,2016-07-25,3.646,0.46,tt1936532,6,5.0,6.0,tt5502600
Major Crimes,5,2016-08-01,3.651,0.43,tt1936532,7,5.0,7.0,tt5502778
Major Crimes,5,2016-08-15,3.180,0.39,tt1936532,8,5.0,8.0,tt5502802
Major Crimes,5,2016-08-22,3.935,0.45,tt1936532,9,5.0,9.0,tt5502808
Major Crimes,5,2016-08-29,3.981,0.46,tt1936532,10,5.0,10.0,tt5502878
Major Crimes,5,,4.137,0.52,tt1936532,11,5.0,11.0,tt5502882
Major Crimes,5,,3.289,0.35,tt1936532,12,5.0,12.0,tt5502884
Major Crimes,5,,3.098,0.38,tt1936532,13,5.0,13.0,tt5308396
Major Crimes,5,2017-02-22,1.929,0.23,tt1936532,14,5.0,14.0,tt5859320
Major Crimes,5,2017-03-01,2.276,0.25,tt1936532,15,5.0,15.0,tt5864356
Major Crimes,5,2017-03-08,2.478,0.29,tt1936532,16,5.0,16.0,tt5886078
Major Crimes,5,2017-03-15,2.257,0.27,tt1936532,17,5.0,17.0,tt5895722
Major Crimes,5,2017-03-22,2.369,0.25,tt1936532,18,5.0,18.0,tt5895730
Major Crimes,5,2017-03-29,2.436,0.26,tt1936532,19,5.0,19.0,tt5895718
Major Crimes,5,2017-04-05,2.429,0.25,tt1936532,20,5.0,20.0,tt5834894
Major Crimes,5,2017-04-12,2.887,0.29,tt1936532,21,5.0,21.0,tt5830964
Major Crimes,6,2017-10-31,1.748,0.21,tt1936532,1,6.0,1.0,tt6441252
Major Crimes,6,2017-11-07,1.765,0.23,tt1936532,2,6.0,2.0,tt6450546
Major Crimes,6,2017-11-14,1.738,0.23,tt1936532,3,6.0,3.0,tt6464574
Major Crimes,6,2017-11-21,1.838,0.25,tt1936532,4,6.0,4.0,tt6464600
Major Crimes,6,2017-11-28,2.365,0.26,tt1936532,5,6.0,5.0,tt6464584
Major Crimes,6,2017-12-05,2.297,0.25,tt1936532,6,6.0,6.0,tt6464582
Major Crimes,6,2017-12-12,1.746,0.20,tt1936532,7,6.0,7.0,tt6464588
Major Crimes,6,2017-12-19,2.437,0.26,tt1936532,8,6.0,8.0,tt6464580
Major Crimes,6,2017-12-19,2.330,0.26,tt1936532,9,6.0,9.0,tt6464602
Major Crimes,6,2017-12-26,2.742,0.31,tt1936532,10,6.0,10.0,tt6464604
Major Crimes,6,2017-12-26,2.439,0.27,tt1936532,11,6.0,11.0,tt6464606
Major Crimes,6,2018-01-02,2.224,0.27,tt1936532,12,6.0,12.0,tt6464596
Major Crimes,6,2018-01-09,2.253,0.30,tt1936532,13,6.0,13.0,tt6441254
In Plain Sight,1,2008-06-01,5.253,1.3/4,tt0935095,1,1.0,1.0,tt0759583
In Plain Sight,1,2008-06-08,4.389,1.3/4,tt0935095,2,1.0,2.0,tt1103560
In Plain Sight,1,2008-06-15,4.073,1.3/4,tt0935095,3,1.0,3.0,tt1104390
In Plain Sight,1,2008-06-22,4.674,1.4/4,tt0935095,4,1.0,4.0,tt1104392
In Plain Sight,1,2008-06-29,4.460,1.4/4,tt0935095,5,1.0,5.0,tt1197844
In Plain Sight,1,2008-07-06,4.584,1.4/4,tt0935095,6,1.0,6.0,tt1127536
In Plain Sight,1,2008-07-13,5.087,1.7,tt0935095,7,1.0,7.0,tt1197845
In Plain Sight,1,2008-07-20,4.688,1.4/4,tt0935095,8,1.0,8.0,tt1197846
In Plain Sight,1,2008-07-27,4.174,1.3/4,tt0935095,9,1.0,9.0,tt1131232
In Plain Sight,1,2008-08-03,4.223,1.2/4,tt0935095,10,1.0,10.0,tt1242223
In Plain Sight,1,2008-08-10,4.177,1.3/3,tt0935095,11,1.0,11.0,tt1241889
In Plain Sight,1,2008-08-17,3.780,1.1/3,tt0935095,12,1.0,12.0,tt1274622
In Plain Sight,2,2009-04-19,5.113,1.7,tt0935095,1,2.0,1.0,tt1402299
In Plain Sight,2,2009-04-26,3.969,1.2,tt0935095,2,2.0,2.0,tt1370550
In Plain Sight,2,,3.668,1.2,tt0935095,3,2.0,3.0,tt1392605
In Plain Sight,2,,3.60,1.1,tt0935095,4,2.0,4.0,tt1392606
In Plain Sight,2,,3.948,-,tt0935095,5,2.0,5.0,tt1409289
In Plain Sight,2,,4.039,-,tt0935095,6,2.0,6.0,tt1392848
In Plain Sight,2,2009-06-07,3.73,1.1,tt0935095,7,2.0,7.0,tt1430230
In Plain Sight,2,2009-06-14,4.271,1.2,tt0935095,8,2.0,8.0,tt1434759
In Plain Sight,2,2009-06-21,3.720,1.1,tt0935095,9,2.0,9.0,tt1434760
In Plain Sight,2,2009-06-28,3.81,1.1,tt0935095,10,2.0,10.0,tt1435093
In Plain Sight,2,2009-07-12,3.915,1.2,tt0935095,11,2.0,11.0,tt1435094
In Plain Sight,2,2009-07-19,3.920,1.1,tt0935095,12,2.0,12.0,tt1402298
In Plain Sight,2,2009-07-26,4.613,1.2,tt0935095,13,2.0,13.0,tt1421186
In Plain Sight,2,2009-08-02,3.876,1.0,tt0935095,14,2.0,14.0,tt1435095
In Plain Sight,2,2009-08-09,4.436,1.2,tt0935095,15,2.0,15.0,tt1421185
In Plain Sight,3,2010-03-31,3.818,0.9,tt0935095,1,3.0,1.0,tt1594359
In Plain Sight,3,2010-04-07,3.337,0.9,tt0935095,2,3.0,2.0,tt1601365
In Plain Sight,3,2010-04-14,3.149,0.8,tt0935095,3,3.0,3.0,tt1603620
In Plain Sight,3,2010-04-21,3.414,0.7,tt0935095,4,3.0,4.0,tt1619550
In Plain Sight,3,2010-04-28,3.267,0.8,tt0935095,5,3.0,5.0,tt1622765
In Plain Sight,3,,3.259,0.9,tt0935095,6,3.0,6.0,tt1622766
In Plain Sight,3,,2.812,0.6,tt0935095,7,3.0,7.0,tt1631584
In Plain Sight,3,,2.872,0.7,tt0935095,8,3.0,8.0,tt1654280
In Plain Sight,3,2010-06-02,3.477,0.9,tt0935095,9,3.0,9.0,tt1661990
In Plain Sight,3,2010-06-09,3.616,0.8,tt0935095,10,3.0,10.0,tt1662565
In Plain Sight,3,2010-06-16,4.140,1.0,tt0935095,11,3.0,11.0,tt1662566
In Plain Sight,3,2010-06-23,3.643,0.8,tt0935095,12,3.0,12.0,tt1662567
In Plain Sight,3,2010-06-30,3.850,0.9,tt0935095,13,3.0,13.0,tt1662564
In Plain Sight,4,,3.867,1.0,tt0935095,1,4.0,1.0,tt1836447
In Plain Sight,4,,3.164,0.9,tt0935095,2,4.0,2.0,tt1910981
In Plain Sight,4,,3.177,0.9,tt0935095,3,4.0,3.0,tt1917796
In Plain Sight,4,,2.616,0.8,tt0935095,4,4.0,4.0,tt1870847
In Plain Sight,4,2011-06-05,3.450,0.9,tt0935095,5,4.0,5.0,tt1917794
In Plain Sight,4,2011-06-12,3.994,1.0,tt0935095,6,4.0,6.0,tt1917795
In Plain Sight,4,2011-06-19,3.280,0.9,tt0935095,7,4.0,7.0,tt1919902
In Plain Sight,4,2011-06-26,3.603,1.0,tt0935095,8,4.0,8.0,tt1910058
In Plain Sight,4,2011-07-10,3.345,1.0,tt0935095,9,4.0,9.0,tt1925861
In Plain Sight,4,2011-07-17,3.708,1.0,tt0935095,10,4.0,10.0,tt1923214
In Plain Sight,4,2011-07-24,3.343,0.8,tt0935095,11,4.0,11.0,tt1952400
In Plain Sight,4,2011-07-31,3.939,1.0,tt0935095,12,4.0,12.0,tt1952399
In Plain Sight,4,2011-08-07,4.085,0.9,tt0935095,13,4.0,13.0,tt1971877
In Plain Sight,5,2012-03-16,4.014,0.8,tt0935095,1,5.0,1.0,tt2286489
In Plain Sight,5,2012-03-23,3.759,0.7,tt0935095,2,5.0,2.0,tt2185939
In Plain Sight,5,2012-03-30,2.634,0.6,tt0935095,3,5.0,3.0,tt2259667
In Plain Sight,5,2012-04-06,2.961,0.6,tt0935095,4,5.0,4.0,tt2291301
In Plain Sight,5,2012-04-13,3.588,0.7,tt0935095,5,5.0,5.0,tt2300151
In Plain Sight,5,2012-04-20,3.272,0.6,tt0935095,6,5.0,6.0,tt2279891
In Plain Sight,5,2012-04-27,3.006,0.6,tt0935095,7,5.0,7.0,tt2301679
In Plain Sight,5,,3.200,0.7,tt0935095,8,5.0,8.0,tt2314501
Dead of Summer,1,2016-06-28,0.628,0.23,tt5210998,1,1.0,1.0,tt5542354
Dead of Summer,1,2016-07-05,0.488,0.20,tt5210998,2,1.0,2.0,tt5620388
Dead of Summer,1,2016-07-12,0.478,0.22,tt5210998,3,1.0,3.0,tt5684184
Dead of Summer,1,2016-07-19,0.457,0.22,tt5210998,4,1.0,4.0,tt5702224
Dead of Summer,1,2016-07-26,0.349,0.16,tt5210998,5,1.0,5.0,tt5721944
Dead of Summer,1,2016-08-02,0.530,0.23,tt5210998,6,1.0,6.0,tt5741446
Dead of Summer,1,2016-08-09,0.412,0.17,tt5210998,7,1.0,7.0,tt5741448
Dead of Summer,1,2016-08-16,0.478,0.20,tt5210998,8,1.0,8.0,tt5741450
Dead of Summer,1,2016-08-23,0.358,0.14,tt5210998,9,1.0,9.0,tt5741452
Dead of Summer,1,2016-08-30,0.410,0.18,tt5210998,10,1.0,10.0,tt5741454
Preacher,1,,2.380,0.90,tt5016504,1,1.0,1.0,tt1316546
Preacher,1,2016-06-05,2.075,0.80,tt5016504,2,1.0,2.0,tt5236114
Preacher,1,2016-06-12,1.754,0.68,tt5016504,3,1.0,3.0,tt5236116
Preacher,1,2016-06-19,1.142,0.43,tt5016504,4,1.0,4.0,tt5236118
Preacher,1,2016-06-26,1.425,0.49,tt5016504,5,1.0,5.0,tt5236124
Preacher,1,2016-07-03,1.494,0.51,tt5016504,6,1.0,6.0,tt5236130
Preacher,1,2016-07-10,1.547,0.55,tt5016504,7,1.0,7.0,tt5236134
Preacher,1,2016-07-17,1.649,0.63,tt5016504,8,1.0,8.0,tt5236136
Preacher,1,2016-07-24,1.565,0.61,tt5016504,9,1.0,9.0,tt5236140
Preacher,1,2016-07-31,1.722,0.60,tt5016504,10,1.0,10.0,tt5236142
Preacher,2,2017-06-25,1.693,0.58,tt5016504,1,2.0,1.0,tt5846038
Preacher,2,2017-06-26,1.347,0.43,tt5016504,2,2.0,2.0,tt5879524
Preacher,2,2017-07-03,1.111,0.37,tt5016504,3,2.0,3.0,tt5886328
Preacher,2,2017-07-10,1.186,0.40,tt5016504,4,2.0,4.0,tt5898108
Preacher,2,2017-07-17,1.269,0.42,tt5016504,5,2.0,5.0,tt5898116
Preacher,2,2017-07-24,1.192,0.44,tt5016504,6,2.0,6.0,tt5929254
Preacher,2,2017-07-31,1.248,0.47,tt5016504,7,2.0,7.0,tt5936958
Preacher,2,2017-08-07,1.153,0.36,tt5016504,8,2.0,8.0,tt5995762
Preacher,2,2017-08-14,0.992,0.36,tt5016504,9,2.0,9.0,tt5995766
Preacher,2,2017-08-21,1.031,0.31,tt5016504,10,2.0,10.0,tt5943660
Preacher,2,2017-08-28,0.898,0.32,tt5016504,11,2.0,11.0,tt5943662
Preacher,2,,1.099,0.33,tt5016504,12,2.0,12.0,tt5995768
Preacher,2,,0.972,0.35,tt5016504,13,2.0,13.0,tt5853500
Preacher,3,2018-06-24,0.838,0.23,tt5016504,1,3.0,1.0,tt7558826
Preacher,3,2018-07-01,0.763,0.19,tt5016504,2,3.0,2.0,tt7945860
Preacher,3,2018-07-08,0.773,0.21,tt5016504,3,3.0,3.0,tt8023446
Preacher,3,2018-07-15,0.750,0.21,tt5016504,4,3.0,4.0,tt8023450
Preacher,3,2018-07-22,0.819,0.26,tt5016504,5,3.0,5.0,tt8023456
Preacher,3,2018-07-29,0.781,0.22,tt5016504,6,3.0,6.0,tt8023460
Preacher,3,2018-08-05,0.879,0.30,tt5016504,7,3.0,7.0,tt8023462
Preacher,3,2018-08-12,0.937,0.28,tt5016504,8,3.0,8.0,tt8023468
Preacher,3,2018-08-19,0.977,0.26,tt5016504,9,3.0,9.0,tt8023470
Preacher,3,2018-08-26,1.017,0.29,tt5016504,10,3.0,10.0,tt8023472
Preacher,4,2019-08-04,0.622,0.15,tt5016504,1,4.0,1.0,tt9359008
Preacher,4,2019-08-04,0.622,0.15,tt5016504,2,4.0,2.0,tt9362804
Preacher,4,2019-08-11,0.553,0.14,tt5016504,3,4.0,3.0,tt9362806
Preacher,4,2019-08-18,0.544,0.14,tt5016504,4,4.0,4.0,tt9362808
Preacher,4,2019-08-25,0.527,0.12,tt5016504,5,4.0,5.0,tt9362810
Preacher,4,,0.453,0.08,tt5016504,6,4.0,6.0,tt9362812
Preacher,4,,0.533,0.11,tt5016504,7,4.0,7.0,tt9362814
Preacher,4,,0.450,0.08,tt5016504,8,4.0,8.0,tt9362816
Preacher,4,,0.511,0.10,tt5016504,9,4.0,9.0,tt9362818
Preacher,4,,0.506,0.12,tt5016504,10,4.0,10.0,tt9359012
Law & Order: Criminal Intent,1,,12.80,4.5/10,tt0275140,1,1.0,1.0,tt0629557
Law & Order: Criminal Intent,1,2001-10-07,11.27,3.5/8,tt0275140,2,1.0,2.0,tt0629506
Law & Order: Criminal Intent,1,2001-10-14,14.499,5.1/11,tt0275140,3,1.0,3.0,tt0629577
Law & Order: Criminal Intent,1,2001-10-17,19.319,6.8/18,tt0275140,4,1.0,4.0,tt0629583
Law & Order: Criminal Intent,1,2001-10-21,13.058,4.5/10,tt0275140,5,1.0,5.0,tt0629547
Law & Order: Criminal Intent,1,2001-10-28,12.62,4.6/10,tt0275140,6,1.0,6.0,tt0629582
Law & Order: Criminal Intent,1,2001-11-11,11.77,4.2/9,tt0275140,7,1.0,7.0,tt0629560
Law & Order: Criminal Intent,1,2001-11-18,12.83,4.5/10,tt0275140,8,1.0,8.0,tt0629588
Law & Order: Criminal Intent,1,2001-11-25,14.042,4.6/10,tt0275140,9,1.0,9.0,tt0629586
Law & Order: Criminal Intent,1,2001-12-09,10.81,3.5/8,tt0275140,10,1.0,10.0,tt0629528
Law & Order: Criminal Intent,1,2002-01-06,12.285,4.2/9,tt0275140,11,1.0,11.0,tt0629592
Law & Order: Criminal Intent,1,2002-01-13,13.31,4.4/10,tt0275140,12,1.0,12.0,tt0629521
Law & Order: Criminal Intent,1,2002-01-27,12.971,4.4/9,tt0275140,13,1.0,13.0,tt0629587
Law & Order: Criminal Intent,1,2002-03-03,11.61,3.7/8,tt0275140,14,1.0,14.0,tt0629541
Law & Order: Criminal Intent,1,2002-03-10,8.64,2.6/5,tt0275140,15,1.0,15.0,tt0629570
Law & Order: Criminal Intent,1,2002-03-17,11.932,3.8/9,tt0275140,16,1.0,16.0,tt0629559
Law & Order: Criminal Intent,1,2002-03-31,11.67,3.9/9,tt0275140,17,1.0,17.0,tt0629568
Law & Order: Criminal Intent,1,2002-04-14,10.34,3.5/9,tt0275140,18,1.0,18.0,tt0629603
Law & Order: Criminal Intent,1,2002-04-21,11.451,3.9/9,tt0275140,19,1.0,19.0,tt0629551
Law & Order: Criminal Intent,1,2002-04-28,13.442,4.4/10,tt0275140,20,1.0,20.0,tt0629507
Law & Order: Criminal Intent,1,2002-04-28,15.341,5.4/13,tt0275140,21,1.0,21.0,tt0629532
Law & Order: Criminal Intent,1,,12.530,3.8/12,tt0275140,22,1.0,22.0,tt0629595
Law & Order: Criminal Intent,2,,15.790,4.9/11,tt0275140,1,2.0,1.0,tt0629524
Law & Order: Criminal Intent,2,2002-10-06,14.780,5.0/11,tt0275140,2,2.0,2.0,tt0629512
Law & Order: Criminal Intent,2,2002-10-13,14.610,5.2/12,tt0275140,3,2.0,3.0,tt0629505
Law & Order: Criminal Intent,2,2002-10-20,14.731,5.2/12,tt0275140,4,2.0,4.0,tt0629510
Law & Order: Criminal Intent,2,2002-10-27,14.145,4.6/10,tt0275140,5,2.0,5.0,tt0629515
Law & Order: Criminal Intent,2,2002-11-03,15.026,4.7/10,tt0275140,6,2.0,6.0,tt0629552
Law & Order: Criminal Intent,2,2002-11-10,15.881,5.4/12,tt0275140,7,2.0,7.0,tt0629594
Law & Order: Criminal Intent,2,2002-11-17,16.233,5.3/12,tt0275140,8,2.0,8.0,tt0629589
Law & Order: Criminal Intent,2,2002-12-01,13.747,4.9/10,tt0275140,9,2.0,9.0,tt0629572
Law & Order: Criminal Intent,2,2003-01-05,15.006,5.1/12,tt0275140,10,2.0,10.0,tt0629518
Law & Order: Criminal Intent,2,2003-01-12,16.210,5.4/12,tt0275140,11,2.0,11.0,tt0629508
Law & Order: Criminal Intent,2,2003-02-02,15.260,5.2/12,tt0275140,12,2.0,12.0,tt0629581
Law & Order: Criminal Intent,2,2003-02-09,15.871,5.7/13,tt0275140,13,2.0,13.0,tt0629567
Law & Order: Criminal Intent,2,2003-02-16,14.823,5.4/12,tt0275140,14,2.0,14.0,tt0629563
Law & Order: Criminal Intent,2,2003-03-02,17.318,5.9/13,tt0275140,15,2.0,15.0,tt0629554
Law & Order: Criminal Intent,2,2003-03-09,14.961,5.1/12,tt0275140,16,2.0,16.0,tt0629522
Law & Order: Criminal Intent,2,2003-03-30,14.507,4.9/11,tt0275140,17,2.0,17.0,tt0629516
Law & Order: Criminal Intent,2,2003-04-06,15.587,5.7/13,tt0275140,18,2.0,18.0,tt0629548
Law & Order: Criminal Intent,2,2003-04-27,13.406,5.2,tt0275140,19,2.0,19.0,tt0629514
Law & Order: Criminal Intent,2,,14.292,5.1/12,tt0275140,20,2.0,20.0,tt0629511
Law & Order: Criminal Intent,2,,13.012,4.4/10,tt0275140,21,2.0,21.0,tt0629537
Law & Order: Criminal Intent,2,,14.459,4.9/12,tt0275140,22,2.0,22.0,tt0629604
Law & Order: Criminal Intent,2,,16.165,6.0/15,tt0275140,23,2.0,23.0,tt0629503
Law & Order: Criminal Intent,3,,15.842,5.2/12,tt0275140,1,3.0,1.0,tt0629597
Law & Order: Criminal Intent,3,2003-10-05,14.287,4.6/10,tt0275140,2,3.0,2.0,tt0629535
Law & Order: Criminal Intent,3,2003-10-12,14.411,4.9/12,tt0275140,3,3.0,3.0,tt0629584
Law & Order: Criminal Intent,3,2003-10-19,14.883,4.8/11,tt0275140,4,3.0,4.0,tt0629513
Law & Order: Criminal Intent,3,2003-10-26,15.155,5.3/12,tt0275140,5,3.0,5.0,tt0629561
Law & Order: Criminal Intent,3,2003-11-02,13.504,4.9/11,tt0275140,6,3.0,6.0,tt0629579
Law & Order: Criminal Intent,3,2003-11-09,13.179,4.4/10,tt0275140,7,3.0,7.0,tt0629502
Law & Order: Criminal Intent,3,2003-11-16,12.538,4.3/10,tt0275140,8,3.0,8.0,tt0629578
Law & Order: Criminal Intent,3,2003-11-23,14.208,4.6/10,tt0275140,9,3.0,9.0,tt0629540
Law & Order: Criminal Intent,3,2004-01-04,13.205,4.8/11,tt0275140,10,3.0,10.0,tt0629531
Law & Order: Criminal Intent,3,2004-01-11,16.109,5.7/13,tt0275140,11,3.0,11.0,tt0629549
Law & Order: Criminal Intent,3,2004-01-18,11.980,4.0/9,tt0275140,12,3.0,12.0,tt0629598
Law & Order: Criminal Intent,3,2004-02-15,13.304,5.7/15,tt0275140,13,3.0,13.0,tt0629558
Law & Order: Criminal Intent,3,2004-02-22,14.084,5.1/11,tt0275140,14,3.0,14.0,tt0629553
Law & Order: Criminal Intent,3,2004-03-07,14.992,4.9/13,tt0275140,15,3.0,15.0,tt0629574
Law & Order: Criminal Intent,3,2004-03-14,14.624,4.9/12,tt0275140,16,3.0,16.0,tt0629591
Law & Order: Criminal Intent,3,2004-03-28,14.400,4.7/11,tt0275140,17,3.0,17.0,tt0629519
Law & Order: Criminal Intent,3,2004-04-18,14.251,4.8/11,tt0275140,18,3.0,18.0,tt0629542
Law & Order: Criminal Intent,3,,11.643,3.5/8,tt0275140,19,3.0,19.0,tt0629534
Law & Order: Criminal Intent,3,,13.737,4.4/11,tt0275140,20,3.0,20.0,tt0629523
Law & Order: Criminal Intent,3,,13.036,4.3/10,tt0275140,21,3.0,21.0,tt0629520
Law & Order: Criminal Intent,4,,12.67,4.4/10,tt0275140,1,4.0,1.0,tt0629569
Law & Order: Criminal Intent,4,2004-10-03,11.00,3.5/8,tt0275140,2,4.0,2.0,tt0629590
Law & Order: Criminal Intent,4,2004-10-10,12.81,4.5/11,tt0275140,3,4.0,3.0,tt0629600
Law & Order: Criminal Intent,4,2004-10-17,11.92,4.2/9,tt0275140,4,4.0,4.0,tt0629538
Law & Order: Criminal Intent,4,2004-10-24,12.40,3.9/8,tt0275140,5,4.0,5.0,tt0629529
Law & Order: Criminal Intent,4,2004-10-31,11.51,3.8/9,tt0275140,6,4.0,6.0,tt0629543
Law & Order: Criminal Intent,4,2004-11-07,11.53,4.2/9,tt0275140,7,4.0,7.0,tt0629550
Law & Order: Criminal Intent,4,2004-11-14,15.157,4.9/11,tt0275140,8,4.0,8.0,tt0629575
Law & Order: Criminal Intent,4,2004-11-21,13.47,4.6/10,tt0275140,9,4.0,9.0,tt0629546
Law & Order: Criminal Intent,4,2005-01-02,14.85,4.8/11,tt0275140,10,4.0,10.0,tt0629599
Law & Order: Criminal Intent,4,2005-01-09,13.226,4.0/8,tt0275140,11,4.0,11.0,tt0629536
Law & Order: Criminal Intent,4,2005-01-30,14.263,4.8/11,tt0275140,12,4.0,12.0,tt0629517
Law & Order: Criminal Intent,4,2005-02-13,13.534,3.9/8,tt0275140,13,4.0,13.0,tt0629580
Law & Order: Criminal Intent,4,2005-02-20,9.04,2.6/6,tt0275140,14,4.0,14.0,tt0629571
Law & Order: Criminal Intent,4,2005-03-13,15.715,5.4/12,tt0275140,15,4.0,15.0,tt0629525
Law & Order: Criminal Intent,4,2005-03-20,12.352,4.3/10,tt0275140,16,4.0,16.0,tt0629530
Law & Order: Criminal Intent,4,2005-03-27,10.70,3.7/9,tt0275140,17,4.0,17.0,tt0629573
Law & Order: Criminal Intent,4,2005-04-03,12.981,3.8/9,tt0275140,18,4.0,18.0,tt0629585
Law & Order: Criminal Intent,4,2005-04-10,10.938,3.6/8,tt0275140,19,4.0,19.0,tt0629509
Law & Order: Criminal Intent,4,,11.597,3.4/7,tt0275140,20,4.0,20.0,tt0629556
Law & Order: Criminal Intent,4,,11.54,3.5/8,tt0275140,21,4.0,21.0,tt0629593
Law & Order: Criminal Intent,4,,10.32,2.8/6,tt0275140,22,4.0,22.0,tt0629555
Law & Order: Criminal Intent,4,,14.981,5.0/12,tt0275140,23,4.0,23.0,tt0629533
Law & Order: Criminal Intent,5,,10.72,3.1/7,tt0275140,1,5.0,1.0,tt0629539
Law & Order: Criminal Intent,5,2005-10-02,12.351,3.4/8,tt0275140,2,5.0,2.0,tt0629526
Law & Order: Criminal Intent,5,2005-10-09,12.887,3.9/8,tt0275140,3,5.0,3.0,tt0629562
Law & Order: Criminal Intent,5,2005-10-16,11.53,3.2/7,tt0275140,4,5.0,4.0,tt0629596
Law & Order: Criminal Intent,5,2005-10-23,10.45,3.0/7,tt0275140,5,5.0,5.0,tt0629504
Law & Order: Criminal Intent,5,2005-11-06,14.277,4.1/9,tt0275140,6,5.0,6.0,tt0629544
Law & Order: Criminal Intent,5,2005-11-27,10.95,3.2/7,tt0275140,7,5.0,7.0,tt0629545
Law & Order: Criminal Intent,5,2005-12-04,11.85,3.4/7,tt0275140,8,5.0,8.0,tt0629565
Law & Order: Criminal Intent,5,2006-01-08,10.79,3.0/7,tt0275140,9,5.0,9.0,tt0629566
Law & Order: Criminal Intent,5,2006-01-15,10.82,3.6/8,tt0275140,10,5.0,10.0,tt0629527
Law & Order: Criminal Intent,5,2006-01-22,10.52,3.1/6,tt0275140,11,5.0,11.0,tt0629576
Law & Order: Criminal Intent,5,2006-03-12,12.27,4.8/13,tt0275140,12,5.0,12.0,tt0629602
Law & Order: Criminal Intent,5,2006-03-19,11.38,3.3/7,tt0275140,13,5.0,13.0,tt0629564
Law & Order: Criminal Intent,5,2006-03-26,9.22,2.7/6,tt0275140,14,5.0,14.0,tt0629601
Law & Order: Criminal Intent,5,2006-04-09,10.00,2.6/6,tt0275140,15,5.0,15.0,tt0770583
Law & Order: Criminal Intent,5,2006-04-16,11.91,3.4/8,tt0275140,16,5.0,16.0,tt0763480
Law & Order: Criminal Intent,5,2006-04-23,11.13,3.2/7,tt0275140,17,5.0,17.0,tt0770005
Law & Order: Criminal Intent,5,2006-04-30,9.69,3.3/7,tt0275140,18,5.0,18.0,tt0770006
Law & Order: Criminal Intent,5,,10.35,2.9/7,tt0275140,19,5.0,19.0,tt0799186
Law & Order: Criminal Intent,5,,11.92,3.6/8,tt0275140,20,5.0,20.0,tt0805300
Law & Order: Criminal Intent,6,,11.57,4.0/10,tt0275140,1,6.0,1.0,tt0861172
Law & Order: Criminal Intent,6,,10.61,3.5/9,tt0275140,2,6.0,2.0,tt0870430
Law & Order: Criminal Intent,6,2006-10-03,12.18,4.2/11,tt0275140,3,6.0,3.0,tt0865161
Law & Order: Criminal Intent,6,2006-10-10,11.47,3.7/9,tt0275140,4,6.0,4.0,tt0877972
Law & Order: Criminal Intent,6,2006-10-17,10.99,3.8/9,tt0275140,5,6.0,5.0,tt0876809
Law & Order: Criminal Intent,6,2006-10-31,8.468,2.6/7,tt0275140,6,6.0,6.0,tt0888226
Law & Order: Criminal Intent,6,2006-11-07,7.394,2.5/6,tt0275140,7,6.0,7.0,tt0888225
Law & Order: Criminal Intent,6,2006-11-14,9.14,3.1/8,tt0275140,8,6.0,8.0,tt0890484
Law & Order: Criminal Intent,6,2006-11-21,9.263,2.3/6,tt0275140,9,6.0,9.0,tt0894294
Law & Order: Criminal Intent,6,2006-11-28,9.759,3.1/8,tt0275140,10,6.0,10.0,tt0891812
Law & Order: Criminal Intent,6,2007-01-02,13.375,4.1/10,tt0275140,11,6.0,11.0,tt0902660
Law & Order: Criminal Intent,6,2007-01-09,11.781,3.4/9,tt0275140,12,6.0,12.0,tt0928280
Law & Order: Criminal Intent,6,2007-02-06,8.81,2.7/6,tt0275140,13,6.0,13.0,tt0922039
Law & Order: Criminal Intent,6,2007-02-13,8.497,2.9/7,tt0275140,14,6.0,14.0,tt0964315
Law & Order: Criminal Intent,6,2007-02-20,9.388,2.6/6,tt0275140,15,6.0,15.0,tt0966156
Law & Order: Criminal Intent,6,2007-02-27,9.264,2.8/7,tt0275140,16,6.0,16.0,tt0960486
Law & Order: Criminal Intent,6,2007-03-27,8.85,2.7/7,tt0275140,17,6.0,17.0,tt0975310
Law & Order: Criminal Intent,6,2007-04-03,7.14,2.3/6,tt0275140,18,6.0,18.0,tt0971787
Law & Order: Criminal Intent,6,,7.36,2.2/5,tt0275140,19,6.0,19.0,tt1008354
Law & Order: Criminal Intent,6,,6.94,2.0/5,tt0275140,20,6.0,20.0,tt1015025
Law & Order: Criminal Intent,6,,7.20,2.8/8,tt0275140,21,6.0,21.0,tt1031814
Law & Order: Criminal Intent,6,,8.85,3.0/8,tt0275140,22,6.0,22.0,tt1036143
Law & Order: Criminal Intent,7,2007-10-04,3.755,1.3/4,tt0275140,1,7.0,1.0,tt1031382
Law & Order: Criminal Intent,7,2007-10-11,3.41,-,tt0275140,2,7.0,2.0,tt1031393
Law & Order: Criminal Intent,7,2007-10-18,4.543,1.6/4,tt0275140,3,7.0,3.0,tt1031397
Law & Order: Criminal Intent,7,2007-10-25,3.616,1.3/3,tt0275140,4,7.0,4.0,tt1133084
Law & Order: Criminal Intent,7,2007-11-01,3.586,1.2,tt0275140,5,7.0,5.0,tt1133738
Law & Order: Criminal Intent,7,2007-11-08,3.3,-,tt0275140,6,7.0,6.0,tt1031400
Law & Order: Criminal Intent,7,2007-11-15,3.1,-,tt0275140,7,7.0,7.0,tt1031401
Law & Order: Criminal Intent,7,2007-11-29,3.850,1.4/4,tt0275140,8,7.0,8.0,tt1031402
Law & Order: Criminal Intent,7,2007-12-06,4.578,1.7/4,tt0275140,9,7.0,9.0,tt1031403
Law & Order: Criminal Intent,7,2007-12-13,4.335,1.5/4,tt0275140,10,7.0,10.0,tt1031383
Law & Order: Criminal Intent,7,2008-06-08,4.529,1.3/4,tt0275140,11,7.0,11.0,tt1031384
Law & Order: Criminal Intent,7,2008-06-15,3.355,1.1/3,tt0275140,12,7.0,12.0,tt1031385
Law & Order: Criminal Intent,7,2008-06-22,4.690,1.6/4,tt0275140,13,7.0,13.0,tt1031386
Law & Order: Criminal Intent,7,2008-06-29,4.049,1.1/3,tt0275140,14,7.0,14.0,tt1031387
Law & Order: Criminal Intent,7,2008-07-06,4.882,1.5/4,tt0275140,15,7.0,15.0,tt1031388
Law & Order: Criminal Intent,7,2008-07-13,4.899,1.5/4,tt0275140,16,7.0,16.0,tt1031389
Law & Order: Criminal Intent,7,2008-07-20,4.384,1.5/4,tt0275140,17,7.0,17.0,tt1031390
Law & Order: Criminal Intent,7,2008-07-27,4.321,1.3/3,tt0275140,18,7.0,18.0,tt1031391
Law & Order: Criminal Intent,7,2008-08-03,4.926,1.4/4,tt0275140,19,7.0,19.0,tt1031392
Law & Order: Criminal Intent,7,2008-08-10,4.164,1.1/3,tt0275140,20,7.0,20.0,tt1031394
Law & Order: Criminal Intent,7,2008-08-17,4.644,1.3/3,tt0275140,21,7.0,21.0,tt1031395
Law & Order: Criminal Intent,7,2008-08-24,5.150,1.6/4,tt0275140,22,7.0,22.0,tt1031396
Law & Order: Criminal Intent,8,2009-04-19,4.578,1.5,tt0275140,1,8.0,1.0,tt1241298
Law & Order: Criminal Intent,8,2009-04-26,4.100,1.3,tt0275140,2,8.0,2.0,tt1241306
Law & Order: Criminal Intent,8,,3.146,1.0,tt0275140,3,8.0,3.0,tt1241307
Law & Order: Criminal Intent,8,,3.142,1.0,tt0275140,4,8.0,4.0,tt1241308
Law & Order: Criminal Intent,8,,3.709,1.0,tt0275140,5,8.0,5.0,tt1440529
Law & Order: Criminal Intent,8,,3.970,1.0,tt0275140,6,8.0,6.0,tt1241310
Law & Order: Criminal Intent,8,2009-06-07,4.012,1.2,tt0275140,7,8.0,7.0,tt1241311
Law & Order: Criminal Intent,8,2009-06-14,4.141,1.2,tt0275140,8,8.0,8.0,tt1241312
Law & Order: Criminal Intent,8,2009-06-21,3.436,1.0,tt0275140,9,8.0,9.0,tt1241313
Law & Order: Criminal Intent,8,2009-06-28,3.656,0.9,tt0275140,10,8.0,10.0,tt1241299
Law & Order: Criminal Intent,8,2009-06-28,3.908,1.0,tt0275140,11,8.0,11.0,tt1241300
Law & Order: Criminal Intent,8,2009-07-12,3.473,0.9,tt0275140,12,8.0,12.0,tt1241301
Law & Order: Criminal Intent,8,2009-07-19,4.148,1.2,tt0275140,13,8.0,13.0,tt1241302
Law & Order: Criminal Intent,8,2009-07-26,4.633,1.2,tt0275140,14,8.0,14.0,tt1241303
Law & Order: Criminal Intent,8,2009-08-02,4.235,1.2,tt0275140,15,8.0,15.0,tt1241304
Law & Order: Criminal Intent,8,2009-08-09,4.826,1.1,tt0275140,16,8.0,16.0,tt1241305
Law & Order: Criminal Intent,9,2010-03-30,3.559,1.1/3,tt0275140,1,9.0,1.0,tt1611479
Law & Order: Criminal Intent,9,2010-04-06,3.469,0.9/3,tt0275140,2,9.0,2.0,tt1611480
Law & Order: Criminal Intent,9,2010-04-13,3.219,0.9/3,tt0275140,3,9.0,3.0,tt1605952
Law & Order: Criminal Intent,9,2010-04-20,3.537,0.9/3,tt0275140,4,9.0,4.0,tt1610812
Law & Order: Criminal Intent,9,2010-04-27,2.823,0.9/2,tt0275140,5,9.0,5.0,tt1605306
Law & Order: Criminal Intent,9,,2.828,0.9/2,tt0275140,6,9.0,6.0,tt1598660
Law & Order: Criminal Intent,9,,3.026,1.0/3,tt0275140,7,9.0,7.0,tt1618648
Law & Order: Criminal Intent,9,,2.553,0.8/2,tt0275140,8,9.0,8.0,tt1618649
Law & Order: Criminal Intent,9,,2.860,1.0/3,tt0275140,9,9.0,9.0,tt1618065
Law & Order: Criminal Intent,9,2010-06-01,3.075,0.8/2,tt0275140,10,9.0,10.0,tt1662570
Law & Order: Criminal Intent,9,2010-06-08,2.972,0.8/2,tt0275140,11,9.0,11.0,tt1662148
Law & Order: Criminal Intent,9,2010-06-15,3.331,0.9/3,tt0275140,12,9.0,12.0,tt1664323
Law & Order: Criminal Intent,9,2010-06-22,2.737,0.8/3,tt0275140,13,9.0,13.0,tt1665572
Law & Order: Criminal Intent,9,2010-06-29,2.791,0.7/2,tt0275140,14,9.0,14.0,tt1678652
Law & Order: Criminal Intent,9,2010-07-06,2.989,0.8/2,tt0275140,15,9.0,15.0,tt1678651
Law & Order: Criminal Intent,10,,5.102,1.4/4,tt0275140,1,10.0,1.0,tt1848164
Law & Order: Criminal Intent,10,,3.683,0.9/2,tt0275140,2,10.0,2.0,tt1876968
Law & Order: Criminal Intent,10,,3.834,1.1/3,tt0275140,3,10.0,3.0,tt1933834
Law & Order: Criminal Intent,10,,3.333,1.1/3,tt0275140,4,10.0,4.0,tt1935526
Law & Order: Criminal Intent,10,2011-06-05,3.909,1.0/3,tt0275140,5,10.0,5.0,tt1942451
Law & Order: Criminal Intent,10,2011-06-12,3.586,1.0,tt0275140,6,10.0,6.0,tt1893987
Law & Order: Criminal Intent,10,2011-06-19,3.269,0.9,tt0275140,7,10.0,7.0,tt1940725
Law & Order: Criminal Intent,10,2011-06-26,3.751,0.9,tt0275140,8,10.0,8.0,tt1942450
The Secret Life of the American Teenager,1,2008-07-01,2.82,0.9,tt1179817,1,1.0,1.0,tt1255376
The Secret Life of the American Teenager,1,2008-07-08,2.81,0.9,tt1179817,2,1.0,2.0,tt1255786
The Secret Life of the American Teenager,1,2008-07-15,2.48,0.8,tt1179817,3,1.0,3.0,tt1255785
The Secret Life of the American Teenager,1,2008-07-22,3.09,1.1,tt1179817,4,1.0,4.0,tt1255779
The Secret Life of the American Teenager,1,2008-07-29,3.58,1.2,tt1179817,5,1.0,5.0,tt1255780
The Secret Life of the American Teenager,1,2008-08-05,4.092,1.4,tt1179817,6,1.0,6.0,tt1255781
The Secret Life of the American Teenager,1,2008-08-12,3.704,1.3,tt1179817,7,1.0,7.0,tt1255782
The Secret Life of the American Teenager,1,2008-08-19,3.909,1.3,tt1179817,8,1.0,8.0,tt1255783
The Secret Life of the American Teenager,1,2008-08-26,3.649,1.3,tt1179817,9,1.0,9.0,tt1255784
The Secret Life of the American Teenager,1,,3.55,1.3,tt1179817,10,1.0,10.0,tt1255778
The Secret Life of the American Teenager,1,,4.537,1.8,tt1179817,11,1.0,11.0,tt1290900
The Secret Life of the American Teenager,1,2009-01-05,4.375,1.4,tt1179817,12,1.0,12.0,tt1341057
The Secret Life of the American Teenager,1,2009-01-12,3.141,1.1,tt1179817,13,1.0,13.0,tt1341058
The Secret Life of the American Teenager,1,2009-01-19,3.911,1.3,tt1179817,14,1.0,14.0,tt1341059
The Secret Life of the American Teenager,1,2009-01-26,3.104,1.1,tt1179817,15,1.0,15.0,tt1341060
The Secret Life of the American Teenager,1,2009-02-02,3.058,1.0,tt1179817,16,1.0,16.0,tt1340523
The Secret Life of the American Teenager,1,2009-02-09,3.507,1.2,tt1179817,17,1.0,17.0,tt1340525
The Secret Life of the American Teenager,1,2009-02-16,3.514,1.3,tt1179817,18,1.0,18.0,tt1340524
The Secret Life of the American Teenager,1,2009-02-23,3.270,1.1,tt1179817,19,1.0,19.0,tt1345767
The Secret Life of the American Teenager,1,2009-03-02,3.329,1.1,tt1179817,20,1.0,20.0,tt1370069
The Secret Life of the American Teenager,1,2009-03-09,3.357,1.2,tt1179817,21,1.0,21.0,tt1370070
The Secret Life of the American Teenager,1,2009-03-16,3.117,1.0,tt1179817,22,1.0,22.0,tt1370071
The Secret Life of the American Teenager,1,2009-03-23,4.493,1.5,tt1179817,23,1.0,23.0,tt1369304
The Secret Life of the American Teenager,2,2009-06-22,4.679,1.6,tt1179817,1,2.0,1.0,tt1451600
The Secret Life of the American Teenager,2,2009-06-29,3.278,1.1,tt1179817,2,2.0,2.0,tt1461096
The Secret Life of the American Teenager,2,2009-07-06,2.851,1.1,tt1179817,3,2.0,3.0,tt1461095
The Secret Life of the American Teenager,2,2009-07-13,3.132,1.2,tt1179817,4,2.0,4.0,tt1461089
The Secret Life of the American Teenager,2,2009-07-20,3.022,1.0,tt1179817,5,2.0,5.0,tt1461090
The Secret Life of the American Teenager,2,2009-07-27,3.097,1.1,tt1179817,6,2.0,6.0,tt1461091
The Secret Life of the American Teenager,2,2009-08-03,3.556,1.3,tt1179817,7,2.0,7.0,tt1461092
The Secret Life of the American Teenager,2,2009-08-10,2.757,1.1,tt1179817,8,2.0,8.0,tt1461093
The Secret Life of the American Teenager,2,2009-08-17,3.304,1.3,tt1179817,9,2.0,9.0,tt1461094
The Secret Life of the American Teenager,2,2009-08-24,3.208,1.2,tt1179817,10,2.0,10.0,tt1461086
The Secret Life of the American Teenager,2,2009-08-31,3.106,1.2,tt1179817,11,2.0,11.0,tt1461087
The Secret Life of the American Teenager,2,,3.557,1.4,tt1179817,12,2.0,12.0,tt1461088
The Secret Life of the American Teenager,2,2010-01-04,4.549,1.6,tt1179817,13,2.0,13.0,tt1482780
The Secret Life of the American Teenager,2,2010-01-11,3.105,1.2,tt1179817,14,2.0,14.0,tt1482781
The Secret Life of the American Teenager,2,2010-01-18,2.967,1.0,tt1179817,15,2.0,15.0,tt1482782
The Secret Life of the American Teenager,2,2010-01-25,3.233,1.2,tt1179817,16,2.0,16.0,tt1481507
The Secret Life of the American Teenager,2,2010-02-01,2.889,1.1,tt1179817,17,2.0,17.0,tt1591580
The Secret Life of the American Teenager,2,2010-02-08,2.985,1.0,tt1179817,18,2.0,18.0,tt1598155
The Secret Life of the American Teenager,2,2010-02-15,3.179,1.1,tt1179817,19,2.0,19.0,tt1601743
The Secret Life of the American Teenager,2,2010-02-22,3.030,1.1,tt1179817,20,2.0,20.0,tt1602427
The Secret Life of the American Teenager,2,2010-03-01,3.136,1.1,tt1179817,21,2.0,21.0,tt1609906
The Secret Life of the American Teenager,2,2010-03-08,3.213,1.1,tt1179817,22,2.0,22.0,tt1614894
The Secret Life of the American Teenager,2,2010-03-15,2.793,1.1,tt1179817,23,2.0,23.0,tt1619573
The Secret Life of the American Teenager,2,2010-03-22,3.173,1.1,tt1179817,24,2.0,24.0,tt1622942
The Secret Life of the American Teenager,3,2010-06-07,3.183,1.3,tt1179817,1,3.0,1.0,tt1656872
The Secret Life of the American Teenager,3,2010-06-14,2.847,1.1,tt1179817,2,3.0,2.0,tt1669740
The Secret Life of the American Teenager,3,2010-06-21,2.772,1.2,tt1179817,3,3.0,3.0,tt1669741
The Secret Life of the American Teenager,3,2010-06-28,2.999,1.2,tt1179817,4,3.0,4.0,tt1669742
The Secret Life of the American Teenager,3,2010-07-05,2.989,1.2,tt1179817,5,3.0,5.0,tt1683798
The Secret Life of the American Teenager,3,2010-07-12,3.091,1.2,tt1179817,6,3.0,6.0,tt1690888
The Secret Life of the American Teenager,3,2010-07-19,3.043,1.3,tt1179817,7,3.0,7.0,tt1695364
The Secret Life of the American Teenager,3,2010-07-26,2.559,1.1,tt1179817,8,3.0,8.0,tt1698439
The Secret Life of the American Teenager,3,2010-08-02,2.706,1.1,tt1179817,9,3.0,9.0,tt1702333
The Secret Life of the American Teenager,3,2010-08-09,2.647,1.1,tt1179817,10,3.0,10.0,tt1707124
The Secret Life of the American Teenager,3,2010-08-16,2.826,1.1,tt1179817,11,3.0,11.0,tt1710824
The Secret Life of the American Teenager,3,2010-08-23,2.678,1.1,tt1179817,12,3.0,12.0,tt1713887
The Secret Life of the American Teenager,3,2010-08-30,2.910,1.3,tt1179817,13,3.0,13.0,tt1713888
The Secret Life of the American Teenager,3,,3.034,1.3,tt1179817,14,3.0,14.0,tt1713886
The Secret Life of the American Teenager,3,2011-03-28,3.332,1.3,tt1179817,15,3.0,15.0,tt1876140
The Secret Life of the American Teenager,3,2011-04-04,2.497,1.0,tt1179817,16,3.0,16.0,tt1871145
The Secret Life of the American Teenager,3,2011-04-11,2.291,0.8,tt1179817,17,3.0,17.0,tt1877427
The Secret Life of the American Teenager,3,2011-04-18,2.348,0.8,tt1179817,18,3.0,18.0,tt1886331
The Secret Life of the American Teenager,3,2011-04-25,2.205,0.9,tt1179817,19,3.0,19.0,tt1894322
The Secret Life of the American Teenager,3,,2.105,0.8,tt1179817,20,3.0,20.0,tt1922342
The Secret Life of the American Teenager,3,,2.050,0.8,tt1179817,21,3.0,21.0,tt1927864
The Secret Life of the American Teenager,3,,2.317,0.9,tt1179817,22,3.0,22.0,tt1922341
The Secret Life of the American Teenager,3,,2.221,0.9,tt1179817,23,3.0,23.0,tt1930039
The Secret Life of the American Teenager,3,,2.124,0.9,tt1179817,24,3.0,24.0,tt1936880
The Secret Life of the American Teenager,3,2011-06-06,3.562,1.5,tt1179817,25,3.0,25.0,tt1944953
The Secret Life of the American Teenager,4,2011-06-13,3.068,1.4,tt1179817,1,4.0,1.0,tt1964194
The Secret Life of the American Teenager,4,2011-06-20,2.712,1.1,tt1179817,2,4.0,2.0,tt1966261
The Secret Life of the American Teenager,4,2011-06-27,2.805,1.2,tt1179817,3,4.0,3.0,tt1978305
The Secret Life of the American Teenager,4,2011-07-04,1.604,0.62,tt1179817,4,4.0,4.0,tt1979106
The Secret Life of the American Teenager,4,2011-07-11,2.688,1.1,tt1179817,5,4.0,5.0,tt1979970
The Secret Life of the American Teenager,4,2011-07-18,2.584,1.1,tt1179817,6,4.0,6.0,tt1949500
The Secret Life of the American Teenager,4,2011-07-25,2.898,1.2,tt1179817,7,4.0,7.0,tt1975745
The Secret Life of the American Teenager,4,2011-08-01,2.353,1.1,tt1179817,8,4.0,8.0,tt1998071
The Secret Life of the American Teenager,4,2011-08-08,2.525,1.1,tt1179817,9,4.0,9.0,tt2005984
The Secret Life of the American Teenager,4,2011-08-15,2.424,1.1,tt1179817,10,4.0,10.0,tt2010736
The Secret Life of the American Teenager,4,2011-08-22,2.510,1.0,tt1179817,11,4.0,11.0,tt2016699
The Secret Life of the American Teenager,4,2011-08-29,2.383,1.1,tt1179817,12,4.0,12.0,tt2025243
The Secret Life of the American Teenager,4,,2.828,1.4,tt1179817,13,4.0,13.0,tt2034555
The Secret Life of the American Teenager,4,2012-03-26,2.514,1.1,tt1179817,14,4.0,14.0,tt2325123
The Secret Life of the American Teenager,4,2012-04-02,1.563,0.8,tt1179817,15,4.0,15.0,tt2325121
The Secret Life of the American Teenager,4,2012-04-09,1.610,0.7,tt1179817,16,4.0,16.0,tt2331189
The Secret Life of the American Teenager,4,2012-04-16,1.614,0.8,tt1179817,17,4.0,17.0,tt2368227
The Secret Life of the American Teenager,4,2012-04-23,1.600,0.7,tt1179817,18,4.0,18.0,tt2380957
The Secret Life of the American Teenager,4,2012-04-30,1.465,0.8,tt1179817,19,4.0,19.0,tt2368229
The Secret Life of the American Teenager,4,,1.506,0.7,tt1179817,20,4.0,20.0,tt2379565
The Secret Life of the American Teenager,4,,1.398,0.7,tt1179817,21,4.0,21.0,tt2388427
The Secret Life of the American Teenager,4,,1.163,0.5,tt1179817,22,4.0,22.0,tt2396245
The Secret Life of the American Teenager,4,,1.397,0.7,tt1179817,23,4.0,23.0,tt2402033
The Secret Life of the American Teenager,4,2012-06-04,1.430,0.6,tt1179817,24,4.0,24.0,tt2190292
The Secret Life of the American Teenager,5,2012-06-11,1.677,0.7,tt1179817,1,5.0,1.0,tt2180948
The Secret Life of the American Teenager,5,2012-06-18,1.680,0.8,tt1179817,2,5.0,2.0,tt2193092
The Secret Life of the American Teenager,5,2012-06-25,1.564,0.8,tt1179817,3,5.0,3.0,tt2232712
The Secret Life of the American Teenager,5,2012-07-09,1.247,0.6,tt1179817,4,5.0,4.0,tt2235026
The Secret Life of the American Teenager,5,2012-07-16,1.254,0.6,tt1179817,5,5.0,5.0,tt2248304
The Secret Life of the American Teenager,5,2012-07-23,1.520,0.7,tt1179817,6,5.0,6.0,tt2261902
The Secret Life of the American Teenager,5,2012-07-30,1.131,0.5,tt1179817,7,5.0,7.0,tt2252480
The Secret Life of the American Teenager,5,2012-08-06,1.102,0.5,tt1179817,8,5.0,8.0,tt2296868
The Secret Life of the American Teenager,5,2012-08-13,1.058,0.5,tt1179817,9,5.0,9.0,tt2273926
The Secret Life of the American Teenager,5,2012-08-20,1.409,0.6,tt1179817,10,5.0,10.0,tt2254438
The Secret Life of the American Teenager,5,2012-08-27,1.548,0.8,tt1179817,11,5.0,11.0,tt2365450
The Secret Life of the American Teenager,5,2012-11-19,1.588,0.7,tt1179817,12,5.0,12.0,tt2525880
The Secret Life of the American Teenager,5,2013-03-18,1.327,0.6,tt1179817,13,5.0,13.0,tt2748334
The Secret Life of the American Teenager,5,2013-03-25,1.186,0.6,tt1179817,14,5.0,14.0,tt2271440
The Secret Life of the American Teenager,5,2013-04-01,1.002,0.5,tt1179817,15,5.0,15.0,tt2815962
The Secret Life of the American Teenager,5,2013-04-08,0.900,0.4,tt1179817,16,5.0,16.0,tt2818244
The Secret Life of the American Teenager,5,2013-04-15,1.035,0.4,tt1179817,17,5.0,17.0,tt2818246
The Secret Life of the American Teenager,5,2013-04-22,1.033,0.4,tt1179817,18,5.0,18.0,tt2865504
The Secret Life of the American Teenager,5,2013-04-29,0.882,0.4,tt1179817,19,5.0,19.0,tt2403738
The Secret Life of the American Teenager,5,,0.886,0.4,tt1179817,20,5.0,20.0,tt2859292
The Secret Life of the American Teenager,5,,0.886,0.4,tt1179817,21,5.0,21.0,tt2917930
The Secret Life of the American Teenager,5,,0.988,0.5,tt1179817,22,5.0,22.0,tt2933098
The Secret Life of the American Teenager,5,,0.847,0.4,tt1179817,23,5.0,23.0,tt2488742
The Secret Life of the American Teenager,5,2013-06-03,1.503,0.8,tt1179817,24,5.0,24.0,tt2933100
The Wire,1,2002-06-02,3.663,2.3,tt0306414,1,1.0,1.0,tt0749451
The Wire,1,2002-06-09,2.799,1.8,tt0306414,2,1.0,2.0,tt0749448
The Wire,1,2002-06-16,2.633,1.7,tt0306414,3,1.0,3.0,tt0749446
The Wire,1,2002-06-23,2.910,1.9,tt0306414,4,1.0,4.0,tt0749437
The Wire,1,2002-06-30,2.965,1.9,tt0306414,5,1.0,5.0,tt0749450
The Wire,1,2002-07-07,2.982,2.0,tt0306414,6,1.0,6.0,tt0749452
The Wire,1,2002-07-21,4.124,2.4,tt0306414,7,1.0,7.0,tt0749438
The Wire,1,2002-07-28,3.305,2.3,tt0306414,8,1.0,8.0,tt0749433
The Wire,1,2002-08-04,3.418,2.3,tt0306414,9,1.0,9.0,tt0749429
The Wire,1,2002-08-11,4.145,2.8,tt0306414,10,1.0,10.0,tt0749447
The Wire,1,2002-08-18,3.431,2.3,tt0306414,11,1.0,11.0,tt0749449
The Wire,1,,3.655,2.4,tt0306414,12,1.0,12.0,tt0749424
The Wire,1,,3.770,2.5,tt0306414,13,1.0,13.0,tt0749441
The Wire,2,2003-06-01,4.430,2.8,tt0306414,1,2.0,1.0,tt0749428
The Wire,2,2003-06-08,3.492,2.2,tt0306414,2,2.0,2.0,tt0749425
The Wire,2,2003-06-15,2.641,1.8,tt0306414,3,2.0,3.0,tt0749432
The Wire,2,2003-06-22,4.332,2.9,tt0306414,4,2.0,4.0,tt0749430
The Wire,2,2003-06-29,3.618,2.5,tt0306414,5,2.0,5.0,tt0749454
The Wire,2,2003-07-06,4.109,2.8,tt0306414,6,2.0,6.0,tt0749419
The Wire,2,2003-07-13,3.519,2.3,tt0306414,7,2.0,7.0,tt0749422
The Wire,2,2003-07-27,3.643,2.6,tt0306414,8,2.0,8.0,tt0749427
The Wire,2,2003-08-03,3.040,2.1,tt0306414,9,2.0,9.0,tt0749445
The Wire,2,2003-08-10,3.506,2.4,tt0306414,10,2.0,10.0,tt0749443
The Wire,2,2003-08-17,3.699,2.4,tt0306414,11,2.0,11.0,tt0749423
The Wire,2,2003-08-24,4.483,3.0,tt0306414,12,2.0,12.0,tt0749439
The Wire,3,,1.826,1.2,tt0306414,1,3.0,1.0,tt0749453
The Wire,3,,1.247,1.0,tt0306414,2,3.0,2.0,tt0749418
The Wire,3,2004-10-03,1.539,1.1,tt0306414,3,3.0,3.0,tt0749426
The Wire,3,2004-10-10,1.447,1.0,tt0306414,4,3.0,4.0,tt0749420
The Wire,3,2004-10-17,1.341,0.9,tt0306414,5,3.0,5.0,tt0749444
The Wire,3,2004-10-31,1.423,0.9,tt0306414,6,3.0,6.0,tt0749431
The Wire,3,2004-11-07,1.041,0.8,tt0306414,7,3.0,7.0,tt0749421
The Wire,3,2004-11-14,1.471,1.0,tt0306414,8,3.0,8.0,tt0749436
The Wire,3,2004-11-21,1.652,1.2,tt0306414,9,3.0,9.0,tt0749442
The Wire,3,2004-11-28,1.667,1.1,tt0306414,10,3.0,10.0,tt0749440
The Wire,3,2004-12-12,2.040,1.2,tt0306414,11,3.0,11.0,tt0749434
The Wire,3,2004-12-19,1.333,0.9,tt0306414,12,3.0,12.0,tt0749435
The Wire,4,,1.530,0.8,tt0306414,1,4.0,1.0,tt0763093
The Wire,4,,1.764,0.9,tt0306414,2,4.0,2.0,tt0763095
The Wire,4,,1.368,0.7,tt0306414,3,4.0,3.0,tt0763096
The Wire,4,2006-10-01,1.510,0.8,tt0306414,4,4.0,4.0,tt0763097
The Wire,4,2006-10-08,1.408,0.7,tt0306414,5,4.0,5.0,tt0763098
The Wire,4,2006-10-15,1.430,0.7,tt0306414,6,4.0,6.0,tt0763099
The Wire,4,2006-10-29,1.436,0.7,tt0306414,7,4.0,7.0,tt0758650
The Wire,4,2006-11-05,1.226,0.7,tt0306414,8,4.0,8.0,tt0796549
The Wire,4,2006-11-12,1.551,0.7,tt0306414,9,4.0,9.0,tt0763100
The Wire,4,2006-11-19,1.666,0.9,tt0306414,10,4.0,10.0,tt0763094
The Wire,4,2006-11-26,1.578,0.8,tt0306414,11,4.0,11.0,tt0782660
The Wire,4,2006-12-03,1.451,0.7,tt0306414,12,4.0,12.0,tt0796551
The Wire,4,2006-12-10,1.939,1.0,tt0306414,13,4.0,13.0,tt0796550
The Wire,5,2008-01-06,1.234,0.6,tt0306414,1,5.0,1.0,tt0977178
The Wire,5,2008-01-13,1.185,0.6,tt0306414,2,5.0,2.0,tt0985516
The Wire,5,2008-01-20,0.846,0.5,tt0306414,3,5.0,3.0,tt0977180
The Wire,5,2008-01-27,1.282,0.7,tt0306414,4,5.0,4.0,tt0977181
The Wire,5,2008-02-03,0.534,0.3,tt0306414,5,5.0,5.0,tt0977182
The Wire,5,2008-02-10,0.738,0.3,tt0306414,6,5.0,6.0,tt0977183
The Wire,5,2008-02-17,0.570,0.3,tt0306414,7,5.0,7.0,tt0977184
The Wire,5,2008-02-24,0.685,0.4,tt0306414,8,5.0,8.0,tt0977185
The Wire,5,2008-03-02,0.706,0.3,tt0306414,9,5.0,9.0,tt0977186
The Wire,5,2008-03-09,1.119,0.6,tt0306414,10,5.0,10.0,tt0977179
Big Love,1,2006-03-12,4.563,2.2,tt0421030,1,1.0,1.0,tt0524034
Big Love,1,2006-03-19,3.398,1.8,tt0421030,2,1.0,2.0,tt0524037
Big Love,1,2006-03-26,3.732,1.7,tt0421030,3,1.0,3.0,tt0524033
Big Love,1,2006-04-02,3.536,1.6,tt0421030,4,1.0,4.0,tt0524031
Big Love,1,2006-04-09,4.197,2.0,tt0421030,5,1.0,5.0,tt0524036
Big Love,1,2006-04-16,3.940,1.9,tt0421030,6,1.0,6.0,tt0524035
Big Love,1,2006-04-23,4.248,2.0,tt0421030,7,1.0,7.0,tt0524032
Big Love,1,2006-04-30,4.034,2.1,tt0421030,8,1.0,8.0,tt0801858
Big Love,1,,4.041,2.0,tt0421030,9,1.0,9.0,tt0524030
Big Love,1,,3.820,1.8,tt0421030,10,1.0,10.0,tt0809485
Big Love,1,,4.125,2.0,tt0421030,11,1.0,11.0,tt0524038
Big Love,1,2006-06-04,4.455,2.1,tt0421030,12,1.0,12.0,tt0524029
Big Love,2,2007-06-11,2.205,1.1/3,tt0421030,1,2.0,1.0,tt0852751
Big Love,2,2007-06-18,1.527,0.8/2,tt0421030,2,2.0,2.0,tt0885595
Big Love,2,2007-06-25,1.656,0.8/2,tt0421030,3,2.0,3.0,tt0876667
Big Love,2,2007-07-02,1.627,0.8/2,tt0421030,4,2.0,4.0,tt0876668
Big Love,2,2007-07-09,1.859,0.9/3,tt0421030,5,2.0,5.0,tt0888750
Big Love,2,2007-07-16,1.326,0.9/3,tt0421030,6,2.0,6.0,tt0892480
Big Love,2,2007-07-23,1.866,0.9/3,tt0421030,7,2.0,7.0,tt0901757
Big Love,2,2007-07-30,2.020,1.0/3,tt0421030,8,2.0,8.0,tt0914409
Big Love,2,2007-08-06,2.053,0.9,tt0421030,9,2.0,9.0,tt0945698
Big Love,2,2007-08-13,2.060,1.0,tt0421030,10,2.0,10.0,tt0948801
Big Love,2,2007-08-19,2.340,1.1/3,tt0421030,11,2.0,11.0,tt0967593
Big Love,2,2007-08-26,2.882,1.4,tt0421030,12,2.0,12.0,tt0997914
Big Love,3,2009-01-18,1.158,0.6,tt0421030,1,3.0,1.0,tt1075433
Big Love,3,2009-01-25,1.443,0.7,tt0421030,2,3.0,2.0,tt1075437
Big Love,3,2009-02-01,1.490,0.7,tt0421030,3,3.0,3.0,tt1075438
Big Love,3,2009-02-08,1.907,0.9,tt0421030,4,3.0,4.0,tt1075439
Big Love,3,2009-02-15,2.014,1.0,tt0421030,5,3.0,5.0,tt1075440
Big Love,3,2009-02-22,1.875,0.9,tt0421030,6,3.0,6.0,tt1075441
Big Love,3,2009-03-01,2.406,1.1,tt0421030,7,3.0,7.0,tt1075442
Big Love,3,2009-03-08,1.983,0.9,tt0421030,8,3.0,8.0,tt1075443
Big Love,3,2009-03-15,2.274,1.0,tt0421030,9,3.0,9.0,tt1075444
Big Love,3,2009-03-22,2.725,1.3,tt0421030,10,3.0,10.0,tt1075434
Big Love,4,2010-01-10,1.728,0.8/2,tt0421030,1,4.0,1.0,tt1501827
Big Love,4,2010-01-17,1.540,0.8/2,tt0421030,2,4.0,2.0,tt1502470
Big Love,4,2010-01-24,1.670,0.8/2,tt0421030,3,4.0,3.0,tt1553446
Big Love,4,2010-01-31,1.520,0.7/2,tt0421030,4,4.0,4.0,tt1553447
Big Love,4,2010-02-07,1.308,0.6/1,tt0421030,5,4.0,5.0,tt1535132
Big Love,4,2010-02-14,1.501,0.6/2,tt0421030,6,4.0,6.0,tt1553448
Big Love,4,2010-02-21,1.705,0.8/2,tt0421030,7,4.0,7.0,tt1553445
Big Love,4,2010-02-28,1.923,0.9/2,tt0421030,8,4.0,8.0,tt1568364
Big Love,4,2010-03-07,1.714,0.8/2,tt0421030,9,4.0,9.0,tt1568363
Big Love,5,2011-01-16,1.209,0.5/1,tt0421030,1,5.0,1.0,tt1638386
Big Love,5,2011-01-23,1.122,0.5/1,tt0421030,2,5.0,2.0,tt1638388
Big Love,5,2011-01-30,1.033,0.4/1,tt0421030,3,5.0,3.0,tt1638389
Big Love,5,2011-02-06,0.773,0.4/1,tt0421030,4,5.0,4.0,tt1638390
Big Love,5,2011-02-13,0.992,0.4/1,tt0421030,5,5.0,5.0,tt1638391
Big Love,5,2011-02-20,1.040,0.5/1,tt0421030,6,5.0,6.0,tt1638392
Big Love,5,2011-02-27,1.053,0.5/1,tt0421030,7,5.0,7.0,tt1638393
Big Love,5,2011-03-06,1.363,0.6/2,tt0421030,8,5.0,8.0,tt1638394
Big Love,5,2011-03-13,1.373,0.6/2,tt0421030,9,5.0,9.0,tt1638395
Big Love,5,2011-03-20,1.565,0.7/2,tt0421030,10,5.0,10.0,tt1638387
Breaking Bad,1,2008-01-20,1.411,0.6,tt0903747,1,1.0,1.0,tt0959621
Breaking Bad,1,2008-01-27,1.488,0.6,tt0903747,2,1.0,2.0,tt1054724
Breaking Bad,1,2008-02-10,1.079,0.4,tt0903747,3,1.0,3.0,tt1054725
Breaking Bad,1,2008-02-17,1.086,0.4,tt0903747,4,1.0,4.0,tt1054726
Breaking Bad,1,2008-02-24,0.958,0.4,tt0903747,5,1.0,5.0,tt1054727
Breaking Bad,1,2008-03-02,1.070,0.5,tt0903747,6,1.0,6.0,tt1054728
Breaking Bad,1,2008-03-09,1.498,0.7,tt0903747,7,1.0,7.0,tt1054729
Breaking Bad,2,2009-03-08,1.662,0.7,tt0903747,1,2.0,1.0,tt1232244
Breaking Bad,2,2009-03-15,1.576,0.6,tt0903747,2,2.0,2.0,tt1232249
Breaking Bad,2,2009-03-22,1.129,0.4,tt0903747,3,2.0,3.0,tt1232250
Breaking Bad,2,2009-03-29,1.294,0.6,tt0903747,4,2.0,4.0,tt1232251
Breaking Bad,2,2009-04-05,1.213,0.4,tt0903747,5,2.0,5.0,tt1232252
Breaking Bad,2,2009-04-12,1.407,0.6,tt0903747,6,2.0,6.0,tt1232253
Breaking Bad,2,2009-04-19,1.198,0.5,tt0903747,7,2.0,7.0,tt1232254
Breaking Bad,2,2009-04-26,1.035,0.4,tt0903747,8,2.0,8.0,tt1232255
Breaking Bad,2,,1.271,0.5,tt0903747,9,2.0,9.0,tt1232256
Breaking Bad,2,,1.185,0.5,tt0903747,10,2.0,10.0,tt1232245
Breaking Bad,2,,1.288,0.6,tt0903747,11,2.0,11.0,tt1232246
Breaking Bad,2,,1.190,0.5,tt0903747,12,2.0,12.0,tt1232247
Breaking Bad,2,,1.466,0.5,tt0903747,13,2.0,13.0,tt1232248
Breaking Bad,3,2010-03-21,1.954,0.9,tt0903747,1,3.0,1.0,tt1528116
Breaking Bad,3,2010-03-28,1.545,0.7,tt0903747,2,3.0,2.0,tt1615186
Breaking Bad,3,2010-04-04,1.327,0.6,tt0903747,3,3.0,3.0,tt1615187
Breaking Bad,3,2010-04-11,1.463,0.6,tt0903747,4,3.0,4.0,tt1615554
Breaking Bad,3,2010-04-18,1.613,0.7,tt0903747,5,3.0,5.0,tt1615555
Breaking Bad,3,2010-04-25,1.642,0.7,tt0903747,6,3.0,6.0,tt1615556
Breaking Bad,3,,1.519,0.6,tt0903747,7,3.0,7.0,tt1615944
Breaking Bad,3,,1.780,0.7,tt0903747,8,3.0,8.0,tt1615557
Breaking Bad,3,,1.612,0.7,tt0903747,9,3.0,9.0,tt1615558
Breaking Bad,3,,1.202,0.5,tt0903747,10,3.0,10.0,tt1615550
Breaking Bad,3,,1.323,0.6,tt0903747,11,3.0,11.0,tt1615551
Breaking Bad,3,2010-06-06,1.191,0.5,tt0903747,12,3.0,12.0,tt1615552
Breaking Bad,3,2010-06-13,1.556,0.7,tt0903747,13,3.0,13.0,tt1615553
Breaking Bad,4,2011-07-17,2.576,1.1,tt0903747,1,4.0,1.0,tt1683084
Breaking Bad,4,2011-07-24,1.968,0.9,tt0903747,2,4.0,2.0,tt1683089
Breaking Bad,4,2011-07-31,1.714,0.7,tt0903747,3,4.0,3.0,tt1683090
Breaking Bad,4,2011-08-07,1.834,0.7,tt0903747,4,4.0,4.0,tt1683091
Breaking Bad,4,2011-08-14,1.754,0.7,tt0903747,5,4.0,5.0,tt1683092
Breaking Bad,4,2011-08-21,1.674,0.7,tt0903747,6,4.0,6.0,tt1683093
Breaking Bad,4,2011-08-28,1.913,0.8,tt0903747,7,4.0,7.0,tt1683094
Breaking Bad,4,,1.975,0.8,tt0903747,8,4.0,8.0,tt1683095
Breaking Bad,4,,1.891,0.9,tt0903747,9,4.0,9.0,tt1683096
Breaking Bad,4,,1.798,0.7,tt0903747,10,4.0,10.0,tt1683085
Breaking Bad,4,,1.550,0.7,tt0903747,11,4.0,11.0,tt1683086
Breaking Bad,4,2011-10-02,1.730,0.8,tt0903747,12,4.0,12.0,tt1683087
Breaking Bad,4,2011-10-09,1.897,1.0,tt0903747,13,4.0,13.0,tt1683088
Breaking Bad,5,2012-07-15,2.931,1.5,tt0903747,1,5.0,1.0,tt2081647
Breaking Bad,5,2012-07-22,2.294,1.2,tt0903747,2,5.0,2.0,tt2301457
Breaking Bad,5,2012-07-29,2.197,1.1,tt0903747,3,5.0,3.0,tt2301459
Breaking Bad,5,2012-08-05,2.287,1.2,tt0903747,4,5.0,4.0,tt2301461
Breaking Bad,5,2012-08-12,2.480,1.3,tt0903747,5,5.0,5.0,tt2301463
Breaking Bad,5,2012-08-19,2.809,1.3,tt0903747,6,5.0,6.0,tt2301465
Breaking Bad,5,2012-08-26,2.979,1.4,tt0903747,7,5.0,7.0,tt2301467
Breaking Bad,5,,2.781,1.3,tt0903747,8,5.0,8.0,tt2301469
Breaking Bad,5,2013-08-11,5.919,2.9,tt0903747,9,5.0,9.0,tt2301471
Breaking Bad,5,2013-08-18,4.771,2.4,tt0903747,10,5.0,10.0,tt2301443
Breaking Bad,5,2013-08-25,4.848,2.5,tt0903747,11,5.0,11.0,tt2301445
Breaking Bad,5,,4.413,2.2,tt0903747,12,5.0,12.0,tt2301447
Breaking Bad,5,,5.110,2.6,tt0903747,13,5.0,13.0,tt2301449
Breaking Bad,5,,6.366,3.2,tt0903747,14,5.0,14.0,tt2301451
Breaking Bad,5,,6.584,3.4,tt0903747,15,5.0,15.0,tt2301453
Breaking Bad,5,,10.280,5.3,tt0903747,16,5.0,16.0,tt2301455
Shadowhunters,1,2016-01-12,1.822,0.76,tt4145054,1,1.0,1.0,tt4601794
Shadowhunters,1,2016-01-19,1.006,0.41,tt4145054,2,1.0,2.0,tt4741672
Shadowhunters,1,2016-01-26,0.975,0.45,tt4145054,3,1.0,3.0,tt4807334
Shadowhunters,1,2016-02-02,0.960,0.41,tt4145054,4,1.0,4.0,tt4928274
Shadowhunters,1,2016-02-09,0.947,0.45,tt4145054,5,1.0,5.0,tt4928276
Shadowhunters,1,2016-02-16,0.976,0.43,tt4145054,6,1.0,6.0,tt4928280
Shadowhunters,1,2016-02-23,0.841,0.37,tt4145054,7,1.0,7.0,tt4888846
Shadowhunters,1,2016-03-01,0.871,0.37,tt4145054,8,1.0,8.0,tt4940096
Shadowhunters,1,2016-03-08,0.952,0.43,tt4145054,9,1.0,9.0,tt4940098
Shadowhunters,1,2016-03-15,0.737,0.33,tt4145054,10,1.0,10.0,tt5134170
Shadowhunters,1,2016-03-22,0.781,0.33,tt4145054,11,1.0,11.0,tt5121868
Shadowhunters,1,2016-03-29,0.821,0.32,tt4145054,12,1.0,12.0,tt5134180
Shadowhunters,1,2016-04-05,0.762,0.30,tt4145054,13,1.0,13.0,tt5134182
Shadowhunters,2,2017-01-02,1.187,0.38,tt4145054,1,2.0,1.0,tt5584048
Shadowhunters,2,2017-01-09,0.749,0.28,tt4145054,2,2.0,2.0,tt5584052
Shadowhunters,2,2017-01-16,0.811,0.32,tt4145054,3,2.0,3.0,tt5584054
Shadowhunters,2,2017-01-23,0.641,0.26,tt4145054,4,2.0,4.0,tt5584056
Shadowhunters,2,2017-01-30,0.581,0.24,tt4145054,5,2.0,5.0,tt5584058
Shadowhunters,2,2017-02-06,0.650,0.29,tt4145054,6,2.0,6.0,tt5584062
Shadowhunters,2,2017-02-13,0.547,0.21,tt4145054,7,2.0,7.0,tt5584064
Shadowhunters,2,2017-02-20,0.669,0.30,tt4145054,8,2.0,8.0,tt5584066
Shadowhunters,2,2017-02-27,0.519,0.22,tt4145054,9,2.0,9.0,tt5584068
Shadowhunters,2,2017-03-06,0.640,0.28,tt4145054,10,2.0,10.0,tt5584070
Shadowhunters,2,2017-06-05,0.712,0.26,tt4145054,11,2.0,11.0,tt5584074
Shadowhunters,2,2017-06-12,0.548,0.21,tt4145054,12,2.0,12.0,tt5584076
Shadowhunters,2,2017-06-19,0.588,0.24,tt4145054,13,2.0,13.0,tt5584078
Shadowhunters,2,2017-06-26,0.656,0.25,tt4145054,14,2.0,14.0,tt5616018
Shadowhunters,2,2017-07-10,0.455,0.19,tt4145054,15,2.0,15.0,tt5616024
Shadowhunters,2,2017-07-17,0.589,0.22,tt4145054,16,2.0,16.0,tt5616026
Shadowhunters,2,2017-07-24,0.596,0.24,tt4145054,17,2.0,17.0,tt5616030
Shadowhunters,2,2017-07-31,0.627,0.24,tt4145054,18,2.0,18.0,tt5616032
Shadowhunters,2,2017-08-07,0.601,0.25,tt4145054,19,2.0,19.0,tt5616038
Shadowhunters,2,2017-08-14,0.587,0.22,tt4145054,20,2.0,20.0,tt5616044
Shadowhunters,3,2018-03-20,0.490,0.19,tt4145054,1,3.0,1.0,tt7195802
Shadowhunters,3,2018-03-27,0.444,0.16,tt4145054,2,3.0,2.0,tt7176466
Shadowhunters,3,2018-04-03,0.463,0.20,tt4145054,3,3.0,3.0,tt7176470
Shadowhunters,3,2018-04-10,0.346,0.12,tt4145054,4,3.0,4.0,tt7176484
Shadowhunters,3,2018-04-17,0.296,0.12,tt4145054,5,3.0,5.0,tt7262848
Shadowhunters,3,2018-04-24,0.425,0.15,tt4145054,6,3.0,6.0,tt7262852
Shadowhunters,3,,0.419,0.17,tt4145054,7,3.0,7.0,tt7262854
Shadowhunters,3,,0.418,0.16,tt4145054,8,3.0,8.0,tt7262856
Shadowhunters,3,,0.365,0.14,tt4145054,9,3.0,9.0,tt7262866
Shadowhunters,3,,0.311,0.12,tt4145054,10,3.0,10.0,tt7262868
Shadowhunters,3,2019-02-25,0.373,0.13,tt4145054,11,3.0,11.0,tt7365376
Shadowhunters,3,2019-03-04,0.307,0.11,tt4145054,12,3.0,12.0,tt7365378
Shadowhunters,3,2019-03-11,0.346,0.12,tt4145054,13,3.0,13.0,tt7365380
Shadowhunters,3,2019-03-18,0.308,0.12,tt4145054,14,3.0,14.0,tt7370754
Shadowhunters,3,2019-03-25,0.354,0.12,tt4145054,15,3.0,15.0,tt7370758
Shadowhunters,3,2019-04-01,0.367,0.13,tt4145054,16,3.0,16.0,tt7370762
Shadowhunters,3,2019-04-08,0.305,0.10,tt4145054,17,3.0,17.0,tt7370764
Shadowhunters,3,2019-04-15,0.335,0.13,tt4145054,18,3.0,18.0,tt7370768
Shadowhunters,3,2019-04-22,0.318,0.10,tt4145054,19,3.0,19.0,tt7370770
Shadowhunters,3,2019-04-29,0.332,0.11,tt4145054,20,3.0,20.0,tt7370774
Shadowhunters,3,,0.305,0.09,tt4145054,21,3.0,21.0,tt8519980
Shadowhunters,3,,0.305,0.09,tt4145054,22,3.0,22.0,tt8519982
Bored to Death,1,,1.034,0.5/1,tt1255913,1,1.0,1.0,tt1442735
Bored to Death,1,,0.714,0.4/1,tt1255913,2,1.0,2.0,tt1442734
Bored to Death,1,2009-10-04,1.079,0.5/1,tt1255913,3,1.0,3.0,tt1443842
Bored to Death,1,2009-10-11,0.709,0.3/1,tt1255913,4,1.0,4.0,tt1434650
Bored to Death,1,2009-10-18,0.661,0.3/1,tt1255913,5,1.0,5.0,tt1477259
Bored to Death,1,2009-10-25,0.646,0.3/1,tt1255913,6,1.0,6.0,tt1477260
Bored to Death,1,2009-11-01,0.721,0.4/1,tt1255913,7,1.0,7.0,tt1477261
Bored to Death,1,2009-11-08,0.633,0.3/1,tt1255913,8,1.0,8.0,tt1477262
Bored to Death,2,,1.051,0.5/1,tt1255913,1,2.0,1.0,tt1708575
Bored to Death,2,2010-10-03,1.077,0.6/1,tt1255913,2,2.0,2.0,tt1714936
Bored to Death,2,2010-10-10,0.859,0.4/1,tt1255913,3,2.0,3.0,tt1650079
Bored to Death,2,2010-10-17,0.818,0.4/1,tt1255913,4,2.0,4.0,tt1714937
Bored to Death,2,2010-10-24,1.006,0.5/1,tt1255913,5,2.0,5.0,tt1698818
Bored to Death,2,2010-10-31,0.694,0.3/1,tt1255913,6,2.0,6.0,tt1714938
Bored to Death,2,2010-11-07,1.096,0.4/1,tt1255913,7,2.0,7.0,tt1714939
Bored to Death,2,2010-11-14,0.818,0.4/1,tt1255913,8,2.0,8.0,tt1714940
Bored to Death,3,2011-10-10,0.240,0.1,tt1255913,1,3.0,1.0,tt1795737
Bored to Death,3,2011-10-17,0.254,0.1,tt1255913,2,3.0,2.0,tt1795738
Bored to Death,3,2011-10-24,0.303,0.1,tt1255913,3,3.0,3.0,tt1795739
Bored to Death,3,2011-10-31,0.185,0.1,tt1255913,4,3.0,4.0,tt1795740
Bored to Death,3,2011-11-07,0.153,0.1,tt1255913,5,3.0,5.0,tt1795741
Bored to Death,3,2011-11-14,0.252,0.1,tt1255913,6,3.0,6.0,tt1795742
Bored to Death,3,2011-11-21,0.184,0.1,tt1255913,7,3.0,7.0,tt1795743
Bored to Death,3,2011-11-28,0.232,0.1,tt1255913,8,3.0,8.0,tt1795744
Hung,1,2009-06-28,2.827,1.4,tt1229413,1,1.0,1.0,tt1272688
Hung,1,2009-07-12,3.641,1.9,tt1229413,2,1.0,2.0,tt1404462
Hung,1,2009-07-19,2.773,1.5,tt1229413,3,1.0,3.0,tt1432606
Hung,1,2009-07-26,2.966,1.5,tt1229413,4,1.0,4.0,tt1432607
Hung,1,2009-08-02,3.402,1.8,tt1229413,5,1.0,5.0,tt1466670
Hung,1,2009-08-09,2.887,1.6,tt1229413,6,1.0,6.0,tt1464995
Hung,1,2009-08-16,2.829,1.5,tt1229413,7,1.0,7.0,tt1466671
Hung,1,2009-08-23,3.278,1.7,tt1229413,8,1.0,8.0,tt1466672
Hung,1,2009-08-30,3.160,1.7,tt1229413,9,1.0,9.0,tt1447605
Hung,1,,2.921,1.5,tt1229413,10,1.0,10.0,tt1459107
Hung,2,2010-06-27,2.447,1.3,tt1229413,1,2.0,1.0,tt1624620
Hung,2,2010-07-11,2.548,1.4,tt1229413,2,2.0,2.0,tt1665221
Hung,2,2010-07-18,2.534,1.4,tt1229413,3,2.0,3.0,tt1670016
Hung,2,2010-07-25,2.345,1.3,tt1229413,4,2.0,4.0,tt1670017
Hung,2,2010-08-01,2.429,1.4,tt1229413,5,2.0,5.0,tt1678313
Hung,2,2010-08-08,2.530,1.3,tt1229413,6,2.0,6.0,tt1686249
Hung,2,2010-08-15,2.482,1.3,tt1229413,7,2.0,7.0,tt1686250
Hung,2,2010-08-22,2.415,1.3,tt1229413,8,2.0,8.0,tt1686247
Hung,2,2010-08-29,2.525,1.4,tt1229413,9,2.0,9.0,tt1686248
Hung,2,,2.314,1.2,tt1229413,10,2.0,10.0,tt1686246
Hung,3,2011-10-02,1.106,0.5,tt1229413,1,3.0,1.0,tt1926596
Hung,3,2011-10-09,1.010,0.4,tt1229413,2,3.0,2.0,tt1926598
Hung,3,2011-10-16,1.029,0.4,tt1229413,3,3.0,3.0,tt1926599
Hung,3,2011-10-23,1.041,0.4,tt1229413,4,3.0,4.0,tt1926600
Hung,3,2011-10-30,1.120,0.5,tt1229413,5,3.0,5.0,tt1926601
Hung,3,2011-11-06,1.094,0.5,tt1229413,6,3.0,6.0,tt1926602
Hung,3,2011-11-13,1.024,0.5,tt1229413,7,3.0,7.0,tt1926603
Hung,3,2011-11-20,0.912,0.4,tt1229413,8,3.0,8.0,tt1926604
Hung,3,2011-11-27,0.965,0.4,tt1229413,9,3.0,9.0,tt1926605
Hung,3,2011-12-04,0.930,0.4,tt1229413,10,3.0,10.0,tt1926597
Claws,1,,1.094,0.45,tt5640558,1,1.0,1.0,tt6491026
Claws,1,2017-06-11,1.183,0.44,tt5640558,2,1.0,2.0,tt6619422
Claws,1,2017-06-18,1.200,0.42,tt5640558,3,1.0,3.0,tt6648748
Claws,1,2017-06-25,1.074,0.39,tt5640558,4,1.0,4.0,tt6648750
Claws,1,2017-07-02,1.242,0.46,tt5640558,5,1.0,5.0,tt6527306
Claws,1,2017-07-09,1.187,0.41,tt5640558,6,1.0,6.0,tt6648752
Claws,1,2017-07-16,1.253,0.47,tt5640558,7,1.0,7.0,tt6648764
Claws,1,2017-07-23,1.265,0.45,tt5640558,8,1.0,8.0,tt6648768
Claws,1,,1.589,0.56,tt5640558,9,1.0,9.0,tt6648772
Claws,1,2017-08-06,1.339,0.51,tt5640558,10,1.0,10.0,tt6527302
Claws,1,2017-08-13,1.573,0.56,tt5640558,11,,,
Claws,2,2018-06-10,1.320,0.51,tt5640558,1,2.0,1.0,tt7133886
Claws,2,2018-06-17,1.143,0.45,tt5640558,2,2.0,2.0,tt7926748
Claws,2,2018-06-24,1.137,0.39,tt5640558,3,2.0,3.0,tt7926752
Claws,2,2018-07-01,1.248,0.44,tt5640558,4,2.0,4.0,tt7926760
Claws,2,2018-07-08,1.314,0.49,tt5640558,5,2.0,5.0,tt7926766
Claws,2,2018-07-15,1.350,0.44,tt5640558,6,2.0,6.0,tt7926800
Claws,2,2018-07-22,1.297,0.45,tt5640558,7,2.0,7.0,tt7926818
Claws,2,2018-07-29,1.296,0.42,tt5640558,8,2.0,8.0,tt7926810
Claws,2,2018-08-05,1.281,0.44,tt5640558,9,2.0,9.0,tt7926828
Claws,2,2018-08-12,1.484,0.53,tt5640558,10,2.0,10.0,tt7926836
Claws,3,2019-06-09,1.051,0.37,tt5640558,1,3.0,1.0,tt8651894
Claws,3,2019-06-16,0.826,0.30,tt5640558,2,3.0,2.0,tt9475732
Claws,3,2019-06-23,0.619,0.22,tt5640558,3,3.0,3.0,tt9475734
Claws,3,2019-06-30,0.805,0.28,tt5640558,4,3.0,4.0,tt9475736
Claws,3,2019-07-07,0.736,0.27,tt5640558,5,3.0,5.0,tt9475742
Claws,3,2019-07-14,0.807,0.28,tt5640558,6,3.0,6.0,tt9475744
Claws,3,2019-07-21,0.892,0.30,tt5640558,7,3.0,7.0,tt9475748
Claws,3,2019-07-28,0.729,0.25,tt5640558,8,3.0,8.0,tt9475750
Claws,3,2019-08-04,0.771,0.28,tt5640558,9,3.0,9.0,tt9475758
Claws,3,2019-08-11,0.918,0.31,tt5640558,10,3.0,10.0,tt9475762
Claws,3,2019-06-09,0.524,0.18,tt5640558,11,,,
Claws,3,2019-06-16,0.431,0.12,tt5640558,12,,,
Claws,3,2019-06-23,0.419,0.13,tt5640558,13,,,
Claws,3,2019-06-30,0.347,0.12,tt5640558,14,,,
Claws,3,2019-07-07,0.385,0.12,tt5640558,15,,,
Claws,3,2019-07-14,0.497,0.19,tt5640558,16,,,
Claws,3,2019-07-21,0.449,0.12,tt5640558,17,,,
Claws,3,2019-07-28,0.368,0.09,tt5640558,18,,,
Claws,3,2019-08-04,0.457,0.12,tt5640558,19,,,
Claws,3,2019-08-11,0.437,0.14,tt5640558,20,,,
Young & Hungry,1,2014-06-25,1.088,0.50,tt2084712,1,1.0,1.0,tt3458562
Young & Hungry,1,2014-07-02,0.769,0.35,tt2084712,2,1.0,2.0,tt3564202
Young & Hungry,1,2014-07-09,0.908,0.39,tt2084712,3,1.0,3.0,tt3687748
Young & Hungry,1,2014-07-16,0.900,0.38,tt2084712,4,1.0,4.0,tt3671356
Young & Hungry,1,2014-07-23,0.769,0.37,tt2084712,5,1.0,5.0,tt3687750
Young & Hungry,1,2014-07-30,0.933,0.43,tt2084712,6,1.0,6.0,tt3706942
Young & Hungry,1,2014-08-06,0.847,0.41,tt2084712,7,1.0,7.0,tt3717320
Young & Hungry,1,2014-08-13,0.889,0.33,tt2084712,8,1.0,8.0,tt3733964
Young & Hungry,1,2014-08-20,0.853,0.39,tt2084712,9,1.0,9.0,tt3748096
Young & Hungry,1,2014-08-27,1.022,0.48,tt2084712,10,1.0,10.0,tt3757996
Young & Hungry,2,2015-03-25,0.767,0.36,tt2084712,1,2.0,1.0,tt4247902
Young & Hungry,2,2015-04-01,0.731,0.34,tt2084712,2,2.0,2.0,tt4247912
Young & Hungry,2,2015-04-08,0.758,0.41,tt2084712,3,2.0,3.0,tt4283194
Young & Hungry,2,2015-04-15,0.681,0.34,tt2084712,4,2.0,4.0,tt4292046
Young & Hungry,2,2015-04-22,0.769,0.43,tt2084712,5,2.0,5.0,tt4351816
Young & Hungry,2,2015-04-29,0.597,0.29,tt2084712,6,2.0,6.0,tt4392228
Young & Hungry,2,,0.568,0.26,tt2084712,7,2.0,7.0,tt4429930
Young & Hungry,2,,0.591,0.33,tt2084712,8,2.0,8.0,tt4371202
Young & Hungry,2,,0.973,0.43,tt2084712,9,2.0,9.0,tt4483694
Young & Hungry,2,,0.926,0.48,tt2084712,10,2.0,10.0,tt4483696
Young & Hungry,2,2015-08-19,0.851,0.42,tt2084712,11,2.0,11.0,tt4529340
Young & Hungry,2,2015-08-26,0.596,0.31,tt2084712,12,2.0,12.0,tt4529342
Young & Hungry,2,,0.708,0.37,tt2084712,13,2.0,13.0,tt4569534
Young & Hungry,2,,0.763,0.41,tt2084712,14,2.0,14.0,tt4648138
Young & Hungry,2,,0.604,0.28,tt2084712,15,2.0,15.0,tt4627318
Young & Hungry,2,,0.805,0.33,tt2084712,16,2.0,16.0,tt4648146
Young & Hungry,2,,0.678,0.28,tt2084712,17,2.0,17.0,tt4595104
Young & Hungry,2,,0.778,0.36,tt2084712,18,2.0,18.0,tt4648136
Young & Hungry,2,2015-10-14,0.629,0.28,tt2084712,19,2.0,19.0,tt4648150
Young & Hungry,2,2015-10-14,0.546,0.27,tt2084712,20,2.0,20.0,tt4648156
Young & Hungry,2,2015-11-24,0.550,0.27,tt2084712,21,2.0,21.0,tt4648198
Young & Hungry,3,2016-02-03,0.648,0.30,tt2084712,1,3.0,1.0,tt5246736
Young & Hungry,3,2016-02-10,0.530,0.26,tt2084712,2,3.0,2.0,tt5246748
Young & Hungry,3,2016-02-17,0.569,0.27,tt2084712,3,3.0,3.0,tt5314488
Young & Hungry,3,2016-02-24,0.623,0.31,tt2084712,4,3.0,4.0,tt5339084
Young & Hungry,3,2016-03-02,0.440,0.21,tt2084712,5,3.0,5.0,tt5351948
Young & Hungry,3,2016-03-09,0.529,0.25,tt2084712,6,3.0,6.0,tt5362952
Young & Hungry,3,2016-03-16,0.518,0.26,tt2084712,7,3.0,7.0,tt5449036
Young & Hungry,3,2016-03-23,0.450,0.21,tt2084712,8,3.0,8.0,tt5519306
Young & Hungry,3,2016-03-30,0.485,0.23,tt2084712,9,3.0,9.0,tt5472898
Young & Hungry,3,2016-04-06,0.538,0.27,tt2084712,10,3.0,10.0,tt5510008
Young & Hungry,4,2016-06-01,0.534,0.25,tt2084712,1,4.0,1.0,tt5558258
Young & Hungry,4,2016-06-08,0.558,0.27,tt2084712,2,4.0,2.0,tt5610288
Young & Hungry,4,2016-06-15,0.645,0.31,tt2084712,3,4.0,3.0,tt5666584
Young & Hungry,4,2016-06-22,0.632,0.30,tt2084712,4,4.0,4.0,tt5666608
Young & Hungry,4,2016-06-29,0.515,0.27,tt2084712,5,4.0,5.0,tt5668554
Young & Hungry,4,2016-07-06,0.564,0.25,tt2084712,6,4.0,6.0,tt5610322
Young & Hungry,4,2016-07-13,0.569,0.27,tt2084712,7,4.0,7.0,tt5610298
Young & Hungry,4,2016-07-20,0.438,0.23,tt2084712,8,4.0,8.0,tt5714602
Young & Hungry,4,2016-07-27,0.511,0.25,tt2084712,9,4.0,9.0,tt5668556
Young & Hungry,4,2016-08-03,0.529,0.26,tt2084712,10,4.0,10.0,tt5668558
Young & Hungry,5,2017-03-13,0.485,0.23,tt2084712,1,5.0,1.0,tt6427928
Young & Hungry,5,2017-03-20,0.356,0.18,tt2084712,2,5.0,2.0,tt6343202
Young & Hungry,5,2017-03-27,0.432,0.22,tt2084712,3,5.0,3.0,tt6415874
Young & Hungry,5,2017-04-03,0.427,0.19,tt2084712,4,5.0,4.0,tt6343196
Young & Hungry,5,2017-04-10,0.366,0.17,tt2084712,5,5.0,5.0,tt6343200
Young & Hungry,5,2017-04-24,0.328,0.14,tt2084712,6,5.0,6.0,tt6343220
Young & Hungry,5,,0.424,0.20,tt2084712,7,5.0,7.0,tt6343204
Young & Hungry,5,,0.418,0.20,tt2084712,8,5.0,8.0,tt6433470
Young & Hungry,5,,0.372,0.19,tt2084712,9,5.0,9.0,tt6642980
Young & Hungry,5,,0.547,0.25,tt2084712,10,5.0,10.0,tt6887554
Young & Hungry,5,2018-06-20,0.333,0.18,tt2084712,11,5.0,11.0,tt6950356
Young & Hungry,5,2018-06-20,0.308,0.16,tt2084712,12,5.0,12.0,tt6545120
Young & Hungry,5,2018-06-27,0.322,0.17,tt2084712,13,5.0,13.0,tt6660348
Young & Hungry,5,2018-06-27,0.293,0.16,tt2084712,14,5.0,14.0,tt8019476
Young & Hungry,5,2018-07-11,0.311,0.15,tt2084712,15,5.0,15.0,tt6682086
Young & Hungry,5,2018-07-11,0.311,0.14,tt2084712,16,5.0,16.0,tt8019480
Young & Hungry,5,2018-07-18,0.220,0.08,tt2084712,17,5.0,17.0,tt8019484
Young & Hungry,5,2018-07-18,0.205,0.08,tt2084712,18,5.0,18.0,tt8019482
Young & Hungry,5,2018-07-25,0.300,0.14,tt2084712,19,5.0,19.0,tt8019490
Young & Hungry,5,2018-07-25,0.290,0.14,tt2084712,20,5.0,20.0,tt8019492
Switched at Birth,1,2011-06-06,3.304,1.3,tt1758772,1,1.0,1.0,tt1953306
Switched at Birth,1,2011-06-13,2.923,1.2,tt1758772,2,1.0,2.0,tt1953299
Switched at Birth,1,2011-06-20,2.766,1.0,tt1758772,3,1.0,3.0,tt1953304
Switched at Birth,1,2011-06-27,2.797,1.2,tt1758772,4,1.0,4.0,tt1953300
Switched at Birth,1,2011-07-04,1.683,0.7,tt1758772,5,1.0,5.0,tt1953301
Switched at Birth,1,2011-07-11,2.630,0.9,tt1758772,6,1.0,6.0,tt1953305
Switched at Birth,1,2011-07-18,2.692,1.0,tt1758772,7,1.0,7.0,tt1943479
Switched at Birth,1,2011-07-25,3.144,1.3,tt1758772,8,1.0,8.0,tt1953302
Switched at Birth,1,2011-08-01,2.790,1.2,tt1758772,9,1.0,9.0,tt1953303
Switched at Birth,1,2011-08-08,2.837,1.3,tt1758772,10,1.0,10.0,tt1953298
Switched at Birth,1,2012-01-03,2.739,1.0,tt1758772,11,1.0,11.0,tt2151279
Switched at Birth,1,2012-01-10,2.070,0.9,tt1758772,12,1.0,12.0,tt2091111
Switched at Birth,1,2012-01-17,1.992,0.7,tt1758772,13,1.0,13.0,tt2171455
Switched at Birth,1,2012-01-24,1.897,0.8,tt1758772,14,1.0,14.0,tt2171457
Switched at Birth,1,2012-01-31,1.932,0.8,tt1758772,15,1.0,15.0,tt2171459
Switched at Birth,1,2012-02-07,1.817,0.7,tt1758772,16,1.0,16.0,tt2171461
Switched at Birth,1,2012-02-14,1.457,0.6,tt1758772,17,1.0,17.0,tt2171463
Switched at Birth,1,2012-02-21,1.791,0.8,tt1758772,18,1.0,18.0,tt2149991
Switched at Birth,1,2012-02-28,1.513,0.7,tt1758772,19,1.0,19.0,tt2247951
Switched at Birth,1,2012-03-06,1.481,0.7,tt1758772,20,1.0,20.0,tt2260511
Switched at Birth,1,2012-03-13,1.703,0.8,tt1758772,21,1.0,21.0,tt2280787
Switched at Birth,1,2012-03-20,1.710,0.8,tt1758772,22,1.0,22.0,tt2264233
Switched at Birth,1,,2.248,0.9,tt1758772,23,1.0,23.0,tt2380881
Switched at Birth,1,,1.666,0.8,tt1758772,24,1.0,24.0,tt2200422
Switched at Birth,1,,1.587,0.7,tt1758772,25,1.0,25.0,tt2200424
Switched at Birth,1,,1.408,0.6,tt1758772,26,1.0,26.0,tt2200426
Switched at Birth,1,2012-10-01,1.443,0.6,tt1758772,27,1.0,27.0,tt2200428
Switched at Birth,1,2012-10-08,1.556,0.7,tt1758772,28,1.0,28.0,tt2200432
Switched at Birth,1,2012-10-15,1.446,0.6,tt1758772,29,1.0,29.0,tt2200434
Switched at Birth,1,2012-10-22,1.783,0.8,tt1758772,30,1.0,30.0,tt2200436
Switched at Birth,2,2013-01-07,1.697,0.7,tt1758772,1,2.0,1.0,tt2341888
Switched at Birth,2,2013-01-14,1.651,0.7,tt1758772,2,2.0,2.0,tt2606760
Switched at Birth,2,2013-01-21,1.744,0.7,tt1758772,3,2.0,3.0,tt2621604
Switched at Birth,2,2013-01-28,1.763,0.8,tt1758772,4,2.0,4.0,tt2549168
Switched at Birth,2,2013-02-04,1.794,0.8,tt1758772,5,2.0,5.0,tt2650888
Switched at Birth,2,2013-02-11,1.650,0.7,tt1758772,6,2.0,6.0,tt2662256
Switched at Birth,2,2013-02-18,1.519,0.6,tt1758772,7,2.0,7.0,tt2679928
Switched at Birth,2,2013-02-25,1.692,0.8,tt1758772,8,2.0,8.0,tt2707026
Switched at Birth,2,2013-03-04,1.627,0.7,tt1758772,9,2.0,9.0,tt2721120
Switched at Birth,2,2013-03-11,1.752,0.8,tt1758772,10,2.0,10.0,tt2711310
Switched at Birth,2,2013-06-10,1.661,0.7,tt1758772,11,2.0,11.0,tt2767620
Switched at Birth,2,2013-06-17,1.623,0.7,tt1758772,12,2.0,12.0,tt2990394
Switched at Birth,2,2013-06-24,1.760,0.7,tt1758772,13,2.0,13.0,tt2976830
Switched at Birth,2,2013-07-01,1.611,0.7,tt1758772,14,2.0,14.0,tt2893496
Switched at Birth,2,2013-07-08,2.016,0.9,tt1758772,15,2.0,15.0,tt3007628
Switched at Birth,2,2013-07-15,1.751,0.8,tt1758772,16,2.0,16.0,tt2982932
Switched at Birth,2,2013-07-22,1.764,0.8,tt1758772,17,2.0,17.0,tt2958864
Switched at Birth,2,2013-07-29,1.758,0.7,tt1758772,18,2.0,18.0,tt2982938
Switched at Birth,2,2013-08-05,1.687,0.7,tt1758772,19,2.0,19.0,tt2993418
Switched at Birth,2,2013-08-12,1.599,0.7,tt1758772,20,2.0,20.0,tt3007632
Switched at Birth,2,2013-08-19,1.963,0.8,tt1758772,21,2.0,21.0,tt3043554
Switched at Birth,3,2014-01-13,1.756,0.74,tt1758772,1,3.0,1.0,tt3090846
Switched at Birth,3,2014-01-20,1.565,0.68,tt1758772,2,3.0,2.0,tt3315432
Switched at Birth,3,2014-01-27,1.554,0.63,tt1758772,3,3.0,3.0,tt3315446
Switched at Birth,3,2014-02-03,1.625,0.65,tt1758772,4,3.0,4.0,tt3315456
Switched at Birth,3,2014-02-10,1.706,0.77,tt1758772,5,3.0,5.0,tt3356216
Switched at Birth,3,2014-02-17,1.704,0.71,tt1758772,6,3.0,6.0,tt3362000
Switched at Birth,3,2014-02-24,1.637,0.66,tt1758772,7,3.0,7.0,tt3450960
Switched at Birth,3,2014-03-03,1.611,0.67,tt1758772,8,3.0,8.0,tt3455710
Switched at Birth,3,2014-03-10,1.390,0.60,tt1758772,9,3.0,9.0,tt3455716
Switched at Birth,3,2014-03-17,1.189,0.53,tt1758772,10,3.0,10.0,tt3527802
Switched at Birth,3,2014-03-24,1.300,0.58,tt1758772,11,3.0,11.0,tt3527804
Switched at Birth,3,2014-06-16,1.173,0.43,tt1758772,12,3.0,12.0,tt3589492
Switched at Birth,3,2014-06-23,1.411,0.66,tt1758772,13,3.0,13.0,tt3588558
Switched at Birth,3,2014-06-30,1.146,0.53,tt1758772,14,3.0,14.0,tt3588556
Switched at Birth,3,2014-07-07,1.326,0.62,tt1758772,15,3.0,15.0,tt3588560
Switched at Birth,3,2014-07-14,1.558,0.63,tt1758772,16,3.0,16.0,tt3727770
Switched at Birth,3,2014-07-21,1.359,0.58,tt1758772,17,3.0,17.0,tt3746404
Switched at Birth,3,2014-07-28,1.125,0.43,tt1758772,18,3.0,18.0,tt3761286
Switched at Birth,3,2014-08-04,1.290,0.57,tt1758772,19,3.0,19.0,tt3790258
Switched at Birth,3,2014-08-11,1.057,0.47,tt1758772,20,3.0,20.0,tt3854428
Switched at Birth,3,2014-08-18,1.294,0.54,tt1758772,21,3.0,21.0,tt3827664
Switched at Birth,3,2014-12-08,1.399,0.56,tt1758772,22,3.0,22.0,tt4229352
Switched at Birth,4,2015-01-06,1.294,0.57,tt1758772,1,4.0,1.0,tt3955204
Switched at Birth,4,2015-01-13,1.153,0.48,tt1758772,2,4.0,2.0,tt4162854
Switched at Birth,4,2015-01-20,1.205,0.53,tt1758772,3,4.0,3.0,tt4191406
Switched at Birth,4,2015-01-27,1.297,0.58,tt1758772,4,4.0,4.0,tt4227422
Switched at Birth,4,2015-02-03,1.238,0.54,tt1758772,5,4.0,5.0,tt4227434
Switched at Birth,4,2015-02-10,1.340,0.62,tt1758772,6,4.0,6.0,tt4227442
Switched at Birth,4,2015-02-17,1.246,0.48,tt1758772,7,4.0,7.0,tt4273050
Switched at Birth,4,2015-02-24,0.953,0.40,tt1758772,8,4.0,8.0,tt4286688
Switched at Birth,4,2015-03-03,0.958,0.34,tt1758772,9,4.0,9.0,tt4351374
Switched at Birth,4,2015-03-10,1.062,0.41,tt1758772,10,4.0,10.0,tt4371268
Switched at Birth,4,2015-08-24,0.979,0.35,tt1758772,11,4.0,11.0,tt4520968
Switched at Birth,4,2015-08-31,0.871,0.36,tt1758772,12,4.0,12.0,tt4608606
Switched at Birth,4,,0.986,0.42,tt1758772,13,4.0,13.0,tt4644262
Switched at Birth,4,,1.004,0.47,tt1758772,14,4.0,14.0,tt4667606
Switched at Birth,4,,0.701,0.27,tt1758772,15,4.0,15.0,tt4696414
Switched at Birth,4,,0.746,0.34,tt1758772,16,4.0,16.0,tt4715596
Switched at Birth,4,2015-10-05,0.739,0.36,tt1758772,17,4.0,17.0,tt4732618
Switched at Birth,4,2015-10-12,0.751,0.34,tt1758772,18,4.0,18.0,tt4758690
Switched at Birth,4,2015-10-19,0.952,0.43,tt1758772,19,4.0,19.0,tt4762322
Switched at Birth,4,2015-10-26,0.836,0.37,tt1758772,20,4.0,20.0,tt4841860
Switched at Birth,5,2017-01-31,0.598,0.24,tt1758772,1,5.0,1.0,tt5155250
Switched at Birth,5,2017-02-07,0.536,0.22,tt1758772,2,5.0,2.0,tt5360258
Switched at Birth,5,2017-02-14,0.516,0.20,tt1758772,3,5.0,3.0,tt5360266
Switched at Birth,5,2017-02-21,0.521,0.24,tt1758772,4,5.0,4.0,tt5379234
Switched at Birth,5,2017-02-28,0.508,0.21,tt1758772,5,5.0,5.0,tt5512250
Switched at Birth,5,2017-03-07,0.435,0.18,tt1758772,6,5.0,6.0,tt5509956
Switched at Birth,5,2017-03-21,0.502,0.22,tt1758772,7,5.0,7.0,tt5519592
Switched at Birth,5,2017-03-28,0.474,0.22,tt1758772,8,5.0,8.0,tt5541716
Switched at Birth,5,2017-04-04,0.432,0.20,tt1758772,9,5.0,9.0,tt5541722
Switched at Birth,5,2017-04-11,0.490,0.19,tt1758772,10,5.0,10.0,tt6762660
Legit,1,2013-01-17,0.650,0.4,tt2400391,1,1.0,1.0,tt2619724
Legit,1,2013-01-24,0.626,0.4,tt2400391,2,1.0,2.0,tt2623482
Legit,1,2013-01-31,0.710,0.4,tt2400391,3,1.0,3.0,tt2623488
Legit,1,2013-02-07,0.429,0.2,tt2400391,4,1.0,4.0,tt2671156
Legit,1,2013-02-14,0.554,0.3,tt2400391,5,1.0,5.0,tt2618008
Legit,1,2013-02-21,0.840,0.5,tt2400391,6,1.0,6.0,tt2713502
Legit,1,2013-02-28,0.554,0.4,tt2400391,7,1.0,7.0,tt2729940
Legit,1,2013-03-07,0.653,0.4,tt2400391,8,1.0,8.0,tt2759116
Legit,1,2013-03-14,0.499,0.3,tt2400391,9,1.0,9.0,tt2770254
Legit,1,2013-03-21,0.757,0.4,tt2400391,10,1.0,10.0,tt2795158
Legit,1,2013-03-28,0.584,0.4,tt2400391,11,1.0,11.0,tt2643960
Legit,1,2013-04-04,0.527,0.3,tt2400391,12,1.0,12.0,tt2826312
Legit,1,2013-04-11,0.621,0.4,tt2400391,13,1.0,13.0,tt2842298
Legit,2,2014-02-26,0.256,0.15,tt2400391,1,2.0,1.0,tt3254350
Legit,2,2014-03-05,0.136,0.07,tt2400391,2,2.0,2.0,tt3279510
Legit,2,2014-03-12,0.114,0.07,tt2400391,3,2.0,3.0,tt3256716
Legit,2,2014-03-19,0.166,0.09,tt2400391,4,2.0,4.0,tt3069656
Legit,2,2014-03-26,0.155,0.10,tt2400391,5,2.0,5.0,tt3399254
Legit,2,2014-04-02,0.217,0.12,tt2400391,6,2.0,6.0,tt3321572
Legit,2,2014-04-09,0.166,0.08,tt2400391,7,2.0,7.0,tt3389830
Legit,2,2014-04-16,0.121,0.07,tt2400391,8,2.0,8.0,tt3347896
Legit,2,2014-04-23,0.153,0.07,tt2400391,9,2.0,9.0,tt3399276
Legit,2,2014-04-30,0.151,0.08,tt2400391,10,2.0,10.0,tt3464734
Legit,2,,0.158,0.10,tt2400391,11,2.0,11.0,tt3719286
Legit,2,,0.089,0.03,tt2400391,12,2.0,12.0,tt3399280
Legit,2,,0.062,0.02,tt2400391,13,2.0,13.0,tt3399284
Masters of Sex,1,,0.998,0.37,tt2137109,1,1.0,1.0,tt2753206
Masters of Sex,1,2013-10-06,1.090,0.37,tt2137109,2,1.0,2.0,tt2764056
Masters of Sex,1,2013-10-13,1.042,0.40,tt2137109,3,1.0,3.0,tt2764062
Masters of Sex,1,2013-10-20,1.012,0.3,tt2137109,4,1.0,4.0,tt2764070
Masters of Sex,1,2013-10-27,1.009,0.3,tt2137109,5,1.0,5.0,tt2772856
Masters of Sex,1,2013-11-03,0.933,0.3,tt2137109,6,1.0,6.0,tt2788978
Masters of Sex,1,2013-11-10,1.095,0.35,tt2137109,7,1.0,7.0,tt2788988
Masters of Sex,1,2013-11-17,1.050,0.43,tt2137109,8,1.0,8.0,tt2788986
Masters of Sex,1,2013-11-24,1.128,0.41,tt2137109,9,1.0,9.0,tt2916182
Masters of Sex,1,2013-12-01,1.076,0.42,tt2137109,10,1.0,10.0,tt2891404
Masters of Sex,1,2013-12-08,1.234,0.47,tt2137109,11,1.0,11.0,tt2884120
Masters of Sex,1,2013-12-15,1.207,0.38,tt2137109,12,1.0,12.0,tt2927616
Masters of Sex,2,2014-07-13,0.825,0.32,tt2137109,1,2.0,1.0,tt3284010
Masters of Sex,2,2014-07-20,0.716,0.23,tt2137109,2,2.0,2.0,tt3376146
Masters of Sex,2,2014-07-27,0.837,0.26,tt2137109,3,2.0,3.0,tt3376148
Masters of Sex,2,2014-08-03,0.706,0.24,tt2137109,4,2.0,4.0,tt3376150
Masters of Sex,2,2014-08-10,0.971,0.30,tt2137109,5,2.0,5.0,tt3376152
Masters of Sex,2,2014-08-17,0.793,0.25,tt2137109,6,2.0,6.0,tt3376154
Masters of Sex,2,2014-08-24,0.840,0.28,tt2137109,7,2.0,7.0,tt3376156
Masters of Sex,2,2014-08-31,0.726,0.17,tt2137109,8,2.0,8.0,tt3376158
Masters of Sex,2,,0.760,0.24,tt2137109,9,2.0,9.0,tt3376160
Masters of Sex,2,,0.804,0.30,tt2137109,10,2.0,10.0,tt3376162
Masters of Sex,2,,0.714,0.22,tt2137109,11,2.0,11.0,tt3376164
Masters of Sex,2,,0.889,0.28,tt2137109,12,2.0,12.0,tt3376166
Masters of Sex,3,2015-07-12,0.583,0.13,tt2137109,1,3.0,1.0,tt3972578
Masters of Sex,3,2015-07-19,0.535,0.09,tt2137109,2,3.0,2.0,tt4278476
Masters of Sex,3,2015-07-26,0.509,0.16,tt2137109,3,3.0,3.0,tt4278484
Masters of Sex,3,2015-08-02,0.585,0.16,tt2137109,4,3.0,4.0,tt4278486
Masters of Sex,3,2015-08-09,0.552,0.15,tt2137109,5,3.0,5.0,tt4278490
Masters of Sex,3,2015-08-16,0.734,0.17,tt2137109,6,3.0,6.0,tt4278488
Masters of Sex,3,2015-08-23,0.643,0.10,tt2137109,7,3.0,7.0,tt4278494
Masters of Sex,3,2015-08-30,0.688,0.13,tt2137109,8,3.0,8.0,tt4278500
Masters of Sex,3,,0.562,0.13,tt2137109,9,3.0,9.0,tt4278502
Masters of Sex,3,,0.601,0.12,tt2137109,10,3.0,10.0,tt4278508
Masters of Sex,3,,0.548,0.13,tt2137109,11,3.0,11.0,tt4278510
Masters of Sex,3,,0.605,0.14,tt2137109,12,3.0,12.0,tt3974372
Masters of Sex,4,,0.518,0.13,tt2137109,1,4.0,1.0,tt4985978
Masters of Sex,4,,0.420,0.09,tt2137109,2,4.0,2.0,tt5366310
Masters of Sex,4,,0.422,0.09,tt2137109,3,4.0,3.0,tt5430078
Masters of Sex,4,2016-10-02,0.525,0.15,tt2137109,4,4.0,4.0,tt5465540
Masters of Sex,4,2016-10-09,0.341,0.11,tt2137109,5,4.0,5.0,tt5465542
Masters of Sex,4,2016-10-16,0.506,0.14,tt2137109,6,4.0,6.0,tt5465546
Masters of Sex,4,2016-10-23,0.486,0.12,tt2137109,7,4.0,7.0,tt5465894
Masters of Sex,4,2016-10-30,0.393,0.08,tt2137109,8,4.0,8.0,tt5466516
Masters of Sex,4,2016-11-06,0.463,0.13,tt2137109,9,4.0,9.0,tt5466518
Masters of Sex,4,2016-11-13,0.457,0.12,tt2137109,10,4.0,10.0,tt5466520
Mad Men,1,2007-07-19,1.645,0.4,tt0804503,1,1.0,1.0,tt1059578
Mad Men,1,2007-07-26,1.049,0.2,tt0804503,2,1.0,2.0,tt1049715
Mad Men,1,2007-08-02,1.086,0.4,tt0804503,3,1.0,3.0,tt1049716
Mad Men,1,2007-08-09,0.873,0.2,tt0804503,4,1.0,4.0,tt1040713
Mad Men,1,2007-08-16,0.753,0.3,tt0804503,5,1.0,5.0,tt1097127
Mad Men,1,2007-08-23,0.879,0.3,tt0804503,6,1.0,6.0,tt1042049
Mad Men,1,2007-08-30,1.019,0.2,tt0804503,7,1.0,7.0,tt1050979
Mad Men,1,,0.853,0.2,tt0804503,8,1.0,8.0,tt1097128
Mad Men,1,,0.841,0.2,tt0804503,9,1.0,9.0,tt1097298
Mad Men,1,,0.606,0.2,tt0804503,10,1.0,10.0,tt1094472
Mad Men,1,2007-10-04,0.679,0.2,tt0804503,11,1.0,11.0,tt1108366
Mad Men,1,2007-10-11,0.798,0.3,tt0804503,12,1.0,12.0,tt1102103
Mad Men,1,2007-10-18,0.926,0.3,tt0804503,13,1.0,13.0,tt1105057
Mad Men,2,2008-07-27,2.059,0.8,tt0804503,1,2.0,1.0,tt1118051
Mad Men,2,2008-08-03,1.326,0.5,tt0804503,2,2.0,2.0,tt1118056
Mad Men,2,2008-08-10,1.255,0.5,tt0804503,3,2.0,3.0,tt1118057
Mad Men,2,2008-08-17,1.073,0.4,tt0804503,4,2.0,4.0,tt1118058
Mad Men,2,2008-08-24,1.473,0.5,tt0804503,5,2.0,5.0,tt1118059
Mad Men,2,2008-08-31,1.456,0.5,tt0804503,6,2.0,6.0,tt1118060
Mad Men,2,,1.671,0.6,tt0804503,7,2.0,7.0,tt1118061
Mad Men,2,,1.870,0.7,tt0804503,8,2.0,8.0,tt1118062
Mad Men,2,,1.642,0.6,tt0804503,9,2.0,9.0,tt1118063
Mad Men,2,2008-10-05,1.281,0.4,tt0804503,10,2.0,10.0,tt1118052
Mad Men,2,2008-10-12,1.489,0.5,tt0804503,11,2.0,11.0,tt1118053
Mad Men,2,2008-10-19,1.357,0.5,tt0804503,12,2.0,12.0,tt1118054
Mad Men,2,2008-10-26,1.748,0.5,tt0804503,13,2.0,13.0,tt1118055
Mad Men,3,2009-08-16,2.769,0.9,tt0804503,1,3.0,1.0,tt1439792
Mad Men,3,2009-08-23,1.910,0.7,tt0804503,2,3.0,2.0,tt1449612
Mad Men,3,2009-08-30,1.608,0.6,tt0804503,3,3.0,3.0,tt1484415
Mad Men,3,,1.512,0.5,tt0804503,4,3.0,4.0,tt1484416
Mad Men,3,,1.752,0.6,tt0804503,5,3.0,5.0,tt1484417
Mad Men,3,,1.573,0.6,tt0804503,6,3.0,6.0,tt1484435
Mad Men,3,,1.729,0.6,tt0804503,7,3.0,7.0,tt1472778
Mad Men,3,2009-10-04,1.909,0.7,tt0804503,8,3.0,8.0,tt1484662
Mad Men,3,2009-10-11,1.529,0.6,tt0804503,9,3.0,9.0,tt1484663
Mad Men,3,2009-10-18,1.608,0.5,tt0804503,10,3.0,10.0,tt1484249
Mad Men,3,2009-10-25,1.723,0.6,tt0804503,11,3.0,11.0,tt1484250
Mad Men,3,2009-11-01,1.776,0.7,tt0804503,12,3.0,12.0,tt1484251
Mad Men,3,2009-11-08,2.323,0.8,tt0804503,13,3.0,13.0,tt1484414
Mad Men,4,2010-07-25,2.918,0.9,tt0804503,1,4.0,1.0,tt1615656
Mad Men,4,2010-08-01,2.473,0.8,tt0804503,2,4.0,2.0,tt1615661
Mad Men,4,2010-08-08,2.220,0.8,tt0804503,3,4.0,3.0,tt1615662
Mad Men,4,2010-08-15,2.049,0.7,tt0804503,4,4.0,4.0,tt1615663
Mad Men,4,2010-08-22,2.188,0.7,tt0804503,5,4.0,5.0,tt1615664
Mad Men,4,2010-08-29,2.039,0.8,tt0804503,6,4.0,6.0,tt1615665
Mad Men,4,,2.167,0.6,tt0804503,7,4.0,7.0,tt1615666
Mad Men,4,,2.312,0.7,tt0804503,8,4.0,8.0,tt1615667
Mad Men,4,,2.295,0.7,tt0804503,9,4.0,9.0,tt1615668
Mad Men,4,,2.116,0.7,tt0804503,10,4.0,10.0,tt1615657
Mad Men,4,2010-10-03,2.064,0.6,tt0804503,11,4.0,11.0,tt1615658
Mad Men,4,2010-10-10,2.229,0.7,tt0804503,12,4.0,12.0,tt1615659
Mad Men,4,2010-10-17,2.440,0.8,tt0804503,13,4.0,13.0,tt1615660
Mad Men,5,2012-03-25,3.535,1.2,tt0804503,1,5.0,1.0,tt2048448
Mad Men,5,2012-04-01,2.937,1.0,tt0804503,2,5.0,2.0,tt2049168
Mad Men,5,2012-04-08,2.754,1.0,tt0804503,3,5.0,3.0,tt2049169
Mad Men,5,2012-04-15,2.691,1.0,tt0804503,4,5.0,4.0,tt2049170
Mad Men,5,2012-04-22,2.662,0.9,tt0804503,5,5.0,5.0,tt2049171
Mad Men,5,2012-04-29,2.308,0.7,tt0804503,6,5.0,6.0,tt2049172
Mad Men,5,,2.290,0.7,tt0804503,7,5.0,7.0,tt2049173
Mad Men,5,,2.125,0.7,tt0804503,8,5.0,8.0,tt2049174
Mad Men,5,,1.922,0.6,tt0804503,9,5.0,9.0,tt2049175
Mad Men,5,,2.067,0.6,tt0804503,10,5.0,10.0,tt2049164
Mad Men,5,2012-06-03,2.414,0.8,tt0804503,11,5.0,11.0,tt2049165
Mad Men,5,2012-06-10,2.701,0.9,tt0804503,12,5.0,12.0,tt2049166
Mad Men,6,2013-04-07,3.366,1.1,tt0804503,1,6.0,1.0,tt2470504
Mad Men,6,2013-04-14,2.662,1.0,tt0804503,2,6.0,2.0,tt2649564
Mad Men,6,2013-04-21,2.403,0.9,tt0804503,3,6.0,3.0,tt2551222
Mad Men,6,2013-04-28,2.379,0.8,tt0804503,4,6.0,4.0,tt2560864
Mad Men,6,,2.445,0.9,tt0804503,5,6.0,5.0,tt2717848
Mad Men,6,,2.356,0.8,tt0804503,6,6.0,6.0,tt2717850
Mad Men,6,,2.160,0.8,tt0804503,7,6.0,7.0,tt2663614
Mad Men,6,,1.882,0.6,tt0804503,8,6.0,8.0,tt2882250
Mad Men,6,2013-06-02,2.448,0.8,tt0804503,9,6.0,9.0,tt2882248
Mad Men,6,2013-06-09,2.168,0.8,tt0804503,10,6.0,10.0,tt2939966
Mad Men,6,2013-06-16,2.059,0.7,tt0804503,11,6.0,11.0,tt2939964
Mad Men,6,2013-06-23,2.689,0.9,tt0804503,12,6.0,12.0,tt2939970
Mad Men,7,2014-04-13,2.268,0.81,tt0804503,1,7.0,1.0,tt3029774
Mad Men,7,2014-04-20,1.891,0.59,tt0804503,2,7.0,2.0,tt3669680
Mad Men,7,2014-04-27,2.024,0.73,tt0804503,3,7.0,3.0,tt3678086
Mad Men,7,,2.141,0.77,tt0804503,4,7.0,4.0,tt3680402
Mad Men,7,,1.856,0.65,tt0804503,5,7.0,5.0,tt3709284
Mad Men,7,,1.926,0.71,tt0804503,6,7.0,6.0,tt3709286
Mad Men,7,,1.936,0.67,tt0804503,7,7.0,7.0,tt3740788
Mad Men,7,2015-04-05,2.266,0.80,tt0804503,8,7.0,8.0,tt3239886
Mad Men,7,2015-04-12,1.974,0.73,tt0804503,9,7.0,9.0,tt3868862
Mad Men,7,2015-04-19,1.865,0.65,tt0804503,10,7.0,10.0,tt3908430
Mad Men,7,2015-04-26,1.768,0.61,tt0804503,11,7.0,11.0,tt3707054
Mad Men,7,,1.793,0.65,tt0804503,12,7.0,12.0,tt3908436
Mad Men,7,,1.866,0.64,tt0804503,13,7.0,13.0,tt3783560
Mad Men,7,,3.287,1.08,tt0804503,14,7.0,14.0,tt3756834
Man Seeking Woman,1,2015-01-14,0.326,0.19,tt4189492,1,1.0,1.0,tt3518774
Man Seeking Woman,1,2015-01-21,0.185,0.13,tt4189492,2,1.0,2.0,tt4202282
Man Seeking Woman,1,2015-01-28,0.206,0.14,tt4189492,3,1.0,3.0,tt4202284
Man Seeking Woman,1,2015-02-04,0.205,0.13,tt4189492,4,1.0,4.0,tt4202250
Man Seeking Woman,1,2015-02-11,0.098,0.07,tt4189492,5,1.0,5.0,tt4202286
Man Seeking Woman,1,2015-02-18,0.174,0.08,tt4189492,6,1.0,6.0,tt4202290
Man Seeking Woman,1,2015-02-25,0.210,0.13,tt4189492,7,1.0,7.0,tt4202288
Man Seeking Woman,1,2015-03-04,0.113,0.07,tt4189492,8,1.0,8.0,tt4202294
Man Seeking Woman,1,2015-03-11,0.218,0.13,tt4189492,9,1.0,9.0,tt4202292
Man Seeking Woman,1,2015-03-18,0.204,0.13,tt4189492,10,1.0,10.0,tt4202296
Man Seeking Woman,2,2016-01-06,0.280,0.17,tt4189492,1,2.0,1.0,tt4497020
Man Seeking Woman,2,2016-01-13,0.249,0.15,tt4189492,2,2.0,2.0,tt4513552
Man Seeking Woman,2,2016-01-20,0.254,0.14,tt4189492,3,2.0,3.0,tt4516116
Man Seeking Woman,2,2016-01-27,0.176,0.07,tt4189492,4,2.0,4.0,tt4516122
Man Seeking Woman,2,2016-02-03,0.251,0.14,tt4189492,5,2.0,5.0,tt4550142
Man Seeking Woman,2,2016-02-10,0.169,0.10,tt4189492,6,2.0,6.0,tt4578156
Man Seeking Woman,2,2016-02-17,0.207,0.11,tt4189492,7,2.0,7.0,tt4579126
Man Seeking Woman,2,2016-02-24,0.212,0.11,tt4189492,8,2.0,8.0,tt4579132
Man Seeking Woman,2,2016-03-02,0.154,0.10,tt4189492,9,2.0,9.0,tt4579134
Man Seeking Woman,2,2016-03-09,0.167,0.10,tt4189492,10,2.0,10.0,tt4497138
Man Seeking Woman,3,2017-01-04,0.239,0.14,tt4189492,1,3.0,1.0,tt5632194
Man Seeking Woman,3,2017-01-11,0.230,0.12,tt4189492,2,3.0,2.0,tt5793218
Man Seeking Woman,3,2017-01-18,0.195,0.13,tt4189492,3,3.0,3.0,tt5963936
Man Seeking Woman,3,2017-01-25,0.202,0.10,tt4189492,4,3.0,4.0,tt5977902
Man Seeking Woman,3,2017-02-01,0.192,0.11,tt4189492,5,3.0,5.0,tt5977910
Man Seeking Woman,3,2017-02-08,0.193,0.12,tt4189492,6,3.0,6.0,tt5993786
Man Seeking Woman,3,2017-02-15,0.161,0.10,tt4189492,7,3.0,7.0,tt5993790
Man Seeking Woman,3,2017-02-22,0.241,0.12,tt4189492,8,3.0,8.0,tt5993792
Man Seeking Woman,3,2017-03-01,0.198,0.10,tt4189492,9,3.0,9.0,tt5993796
Man Seeking Woman,3,2017-03-08,0.241,0.14,tt4189492,10,3.0,10.0,tt5778104
Wolf Creek,1,2016-10-14,0.068,0.01,tt4460878,1,1.0,1.0,tt4474070
Wolf Creek,1,2016-10-21,0.073,0.02,tt4460878,2,1.0,2.0,tt5319714
Wolf Creek,1,2016-10-28,0.103,0.01,tt4460878,3,1.0,3.0,tt5319722
Wolf Creek,1,2016-11-04,0.098,0.02,tt4460878,4,1.0,4.0,tt5319724
Wolf Creek,1,2016-11-11,0.128,0.02,tt4460878,5,1.0,5.0,tt5319740
Wolf Creek,1,2016-11-18,0.160,0.03,tt4460878,6,1.0,6.0,tt5319742
Black Monday,1,2019-01-20,0.327,0.08,tt7406334,1,1.0,1.0,tt8559884
Black Monday,1,2019-01-27,0.334,0.11,tt7406334,2,1.0,2.0,tt8559886
Black Monday,1,2019-02-10,0.288,0.09,tt7406334,3,1.0,3.0,tt8559888
Black Monday,1,2019-02-17,0.275,0.08,tt7406334,4,1.0,4.0,tt8559890
Black Monday,1,2019-02-24,0.242,0.06,tt7406334,5,1.0,5.0,tt8559892
Black Monday,1,2019-03-03,0.294,0.08,tt7406334,6,1.0,6.0,tt8559894
Black Monday,1,2019-03-10,0.313,0.08,tt7406334,7,1.0,7.0,tt8559896
Black Monday,1,2019-03-17,0.283,0.08,tt7406334,8,1.0,8.0,tt8559898
Black Monday,1,2019-03-24,0.264,0.08,tt7406334,9,1.0,9.0,tt8559900
Black Monday,1,2019-03-31,0.297,0.09,tt7406334,10,1.0,10.0,tt8559902
Black Monday,2,2020-03-15,0.081,0.02,tt7406334,1,2.0,1.0,tt10356442
Black Monday,2,2020-03-15,0.066,0.01,tt7406334,2,2.0,2.0,tt11026712
Black Monday,2,2020-03-22,0.191,0.03,tt7406334,3,2.0,3.0,tt10973894
Black Monday,2,2020-03-29,0.156,0.03,tt7406334,4,2.0,4.0,tt11079176
Black Monday,2,2020-04-05,0.127,0.03,tt7406334,5,2.0,5.0,tt11274740
Black Monday,2,2020-04-12,0.145,0.02,tt7406334,6,2.0,6.0,tt11240840
Black Monday,2,2020-06-28,0.091,0.02,tt7406334,7,2.0,7.0,tt11274742
Black Monday,2,2020-07-05,0.082,0.02,tt7406334,8,2.0,8.0,tt11196278
Black Monday,2,2020-07-12,0.093,0.02,tt7406334,9,2.0,9.0,tt11274744
Black Monday,2,2020-07-19,0.100,0.03,tt7406334,10,2.0,10.0,tt11274750
Black Monday,3,,0.129,0.02,tt7406334,1,3.0,1.0,tt13409706
Black Monday,3,,0.172,0.04,tt7406334,2,3.0,2.0,tt14270516
Black Monday,3,2021-06-06,0.131,0.02,tt7406334,3,3.0,3.0,tt14270522
Black Monday,3,2021-06-13,0.085,0.02,tt7406334,4,3.0,4.0,tt14270526
Black Monday,3,2021-06-20,0.070,0.02,tt7406334,5,3.0,5.0,tt14270532
Black Monday,3,2021-06-27,0.072,0.01,tt7406334,6,3.0,6.0,tt14270536
Black Monday,3,2021-07-11,0.066,0.01,tt7406334,7,3.0,7.0,tt14270540
Black Monday,3,2021-07-18,0.114,0.01,tt7406334,8,3.0,8.0,tt14270546
Black Monday,3,2021-07-25,0.079,0.02,tt7406334,9,3.0,9.0,tt14270550
Black Monday,3,2021-08-01,0.088,0.02,tt7406334,10,3.0,10.0,tt14270556
Survivor's Remorse,1,2014-10-04,0.203,0.07,tt3231022,1,1.0,1.0,tt4028218
Survivor's Remorse,1,2014-10-11,0.201,0.04,tt3231022,2,1.0,2.0,tt4028222
Survivor's Remorse,1,2014-10-18,0.186,0.05,tt3231022,3,1.0,3.0,tt4028224
Survivor's Remorse,1,2014-10-25,0.161,0.08,tt3231022,4,1.0,4.0,tt4028226
Survivor's Remorse,1,2014-11-01,0.237,0.08,tt3231022,5,1.0,5.0,tt4024212
Survivor's Remorse,1,2014-11-08,0.272,0.14,tt3231022,6,1.0,6.0,tt4028228
Survivor's Remorse,2,2015-08-22,0.334,0.12,tt3231022,1,2.0,1.0,tt4206246
Survivor's Remorse,2,2015-08-29,0.340,0.19,tt3231022,2,2.0,2.0,tt4219182
Survivor's Remorse,2,,0.393,0.17,tt3231022,3,2.0,3.0,tt4219670
Survivor's Remorse,2,,0.303,0.13,tt3231022,4,2.0,4.0,tt4221302
Survivor's Remorse,2,,0.329,0.15,tt3231022,5,2.0,5.0,tt4221310
Survivor's Remorse,2,,0.355,0.13,tt3231022,6,2.0,6.0,tt4221318
Survivor's Remorse,2,2015-10-03,0.387,0.19,tt3231022,7,2.0,7.0,tt4221308
Survivor's Remorse,2,2015-10-10,0.303,0.12,tt3231022,8,2.0,8.0,tt4219672
Survivor's Remorse,2,2015-10-17,0.235,0.08,tt3231022,9,2.0,9.0,tt4219184
Survivor's Remorse,2,2015-10-24,0.324,0.15,tt3231022,10,2.0,10.0,tt4112656
Survivor's Remorse,3,2016-07-24,0.883,0.41,tt3231022,1,3.0,1.0,tt5001838
Survivor's Remorse,3,2016-07-31,1.012,0.47,tt3231022,2,3.0,2.0,tt5297278
Survivor's Remorse,3,2016-08-07,0.672,0.25,tt3231022,3,3.0,3.0,tt5569104
Survivor's Remorse,3,2016-08-14,0.781,0.36,tt3231022,4,3.0,4.0,tt5543586
Survivor's Remorse,3,2016-08-21,0.936,0.41,tt3231022,5,3.0,5.0,tt5638096
Survivor's Remorse,3,2016-08-28,0.753,0.33,tt3231022,6,3.0,6.0,tt5567822
Survivor's Remorse,3,,0.951,0.34,tt3231022,7,3.0,7.0,tt5179924
Survivor's Remorse,3,,0.965,0.43,tt3231022,8,3.0,8.0,tt5638098
Survivor's Remorse,3,,0.761,0.32,tt3231022,9,3.0,9.0,tt5620028
Survivor's Remorse,4,2017-08-20,0.976,0.41,tt3231022,1,4.0,1.0,tt6050132
Survivor's Remorse,4,2017-08-27,0.571,0.23,tt3231022,2,4.0,2.0,tt6391212
Survivor's Remorse,4,,0.783,0.33,tt3231022,3,4.0,3.0,tt6443386
Survivor's Remorse,4,,0.388,0.14,tt3231022,4,4.0,4.0,tt6443390
Survivor's Remorse,4,,0.413,0.15,tt3231022,5,4.0,5.0,tt6443394
Survivor's Remorse,4,,0.378,0.11,tt3231022,6,4.0,6.0,tt6446486
Survivor's Remorse,4,2017-10-01,0.390,0.16,tt3231022,7,4.0,7.0,tt6446488
Survivor's Remorse,4,2017-10-08,0.279,0.10,tt3231022,8,4.0,8.0,tt6446484
Survivor's Remorse,4,2017-10-15,0.216,0.08,tt3231022,9,4.0,9.0,tt6446490
Survivor's Remorse,4,2017-10-22,0.226,0.08,tt3231022,10,4.0,10.0,tt6149136
Snowfall,1,2017-07-05,1.361,0.58,tt6439752,1,1.0,1.0,tt6439796
Snowfall,1,2017-07-12,0.965,0.39,tt6439752,2,1.0,2.0,tt6439800
Snowfall,1,2017-07-19,1.045,0.46,tt6439752,3,1.0,3.0,tt6439802
Snowfall,1,2017-07-26,1.003,0.42,tt6439752,4,1.0,4.0,tt6439804
Snowfall,1,2017-08-02,1.010,0.42,tt6439752,5,1.0,5.0,tt6439806
Snowfall,1,2017-08-09,0.845,0.36,tt6439752,6,1.0,6.0,tt6439814
Snowfall,1,2017-08-16,0.814,0.41,tt6439752,7,1.0,7.0,tt6439818
Snowfall,1,2017-08-23,0.847,0.36,tt6439752,8,1.0,8.0,tt6469076
Snowfall,1,2017-08-30,0.914,0.44,tt6439752,9,1.0,9.0,tt6469090
Snowfall,1,,0.854,0.39,tt6439752,10,1.0,10.0,tt6469096
Snowfall,2,2018-07-19,1.163,0.48,tt6439752,1,2.0,1.0,tt7104934
Snowfall,2,2018-07-26,0.888,0.39,tt6439752,2,2.0,2.0,tt7850944
Snowfall,2,2018-08-02,0.930,0.41,tt6439752,3,2.0,3.0,tt7854156
Snowfall,2,2018-08-09,0.975,0.40,tt6439752,4,2.0,4.0,tt7859878
Snowfall,2,2018-08-16,0.923,0.39,tt6439752,5,2.0,5.0,tt7702906
Snowfall,2,2018-08-23,0.822,0.36,tt6439752,6,2.0,6.0,tt7868264
Snowfall,2,2018-08-30,0.815,0.35,tt6439752,7,2.0,7.0,tt7868294
Snowfall,2,,0.752,0.31,tt6439752,8,2.0,8.0,tt7868302
Snowfall,2,,0.855,0.36,tt6439752,9,2.0,9.0,tt7868306
Snowfall,2,,0.783,0.34,tt6439752,10,2.0,10.0,tt7868322
Snowfall,3,2019-07-10,0.997,0.39,tt6439752,1,3.0,1.0,tt9023924
Snowfall,3,2019-07-17,0.698,0.28,tt6439752,2,3.0,2.0,tt9138914
Snowfall,3,2019-07-24,0.696,0.29,tt6439752,3,3.0,3.0,tt9138928
Snowfall,3,2019-07-31,0.758,0.33,tt6439752,4,3.0,4.0,tt9138932
Snowfall,3,2019-08-07,0.827,0.33,tt6439752,5,3.0,5.0,tt9138936
Snowfall,3,2019-08-14,0.819,0.36,tt6439752,6,3.0,6.0,tt9140950
Snowfall,3,2019-08-21,0.982,0.38,tt6439752,7,3.0,7.0,tt9140958
Snowfall,3,2019-08-28,1.035,0.42,tt6439752,8,3.0,8.0,tt9140960
Snowfall,3,,0.945,0.42,tt6439752,9,3.0,9.0,tt9140964
Snowfall,3,,1.044,0.42,tt6439752,10,3.0,10.0,tt9140968
Memphis Beat,1,2010-06-22,4.334,1.1/3,tt1409008,1,1.0,1.0,tt1624305
Memphis Beat,1,2010-06-29,3.995,0.9/3,tt1409008,2,1.0,2.0,tt1647199
Memphis Beat,1,2010-07-06,3.595,0.8/2,tt1409008,3,1.0,3.0,tt1642558
Memphis Beat,1,2010-07-13,2.951,0.7/2,tt1409008,4,1.0,4.0,tt1648623
Memphis Beat,1,2010-07-20,3.115,0.6/2,tt1409008,5,1.0,5.0,tt1659064
Memphis Beat,1,2010-07-27,3.184,0.8/2,tt1409008,6,1.0,6.0,tt1664402
Memphis Beat,1,2010-08-03,3.514,0.8/2,tt1409008,7,1.0,7.0,tt1660460
Memphis Beat,1,2010-08-10,3.811,0.9/3,tt1409008,8,1.0,8.0,tt1669003
Memphis Beat,1,2010-08-17,3.937,0.9/3,tt1409008,9,1.0,9.0,tt1695274
Memphis Beat,1,2010-08-24,3.861,0.9/3,tt1409008,10,1.0,10.0,tt1714491
Memphis Beat,2,2011-06-14,3.020,0.7,tt1409008,1,2.0,1.0,tt1915134
Memphis Beat,2,2011-06-21,2.888,0.7,tt1409008,2,2.0,2.0,tt1868813
Memphis Beat,2,2011-06-28,2.875,0.7,tt1409008,3,2.0,3.0,tt1905827
Memphis Beat,2,2011-07-05,3.334,0.6,tt1409008,4,2.0,4.0,tt1975577
Memphis Beat,2,2011-07-12,2.939,0.6,tt1409008,5,2.0,5.0,tt1913768
Memphis Beat,2,2011-07-19,2.866,0.6,tt1409008,6,2.0,6.0,tt1986545
Memphis Beat,2,2011-07-26,3.247,0.6,tt1409008,7,2.0,7.0,tt1905826
Memphis Beat,2,2011-08-02,3.220,0.7,tt1409008,8,2.0,8.0,tt1989963
Memphis Beat,2,2011-08-09,3.017,0.6,tt1409008,9,2.0,9.0,tt1989964
Memphis Beat,2,2011-08-16,4.048,0.8,tt1409008,10,2.0,10.0,tt1988383
Penny Dreadful,1,,0.872,0.39,tt2628232,1,1.0,1.0,tt2991722
Penny Dreadful,1,,0.722,0.20,tt2628232,2,1.0,2.0,tt2991728
Penny Dreadful,1,,0.734,0.32,tt2628232,3,1.0,3.0,tt2991730
Penny Dreadful,1,2014-06-01,0.730,0.32,tt2628232,4,1.0,4.0,tt2991746
Penny Dreadful,1,2014-06-08,0.797,0.30,tt2628232,5,1.0,5.0,tt2991752
Penny Dreadful,1,2014-06-15,0.681,0.29,tt2628232,6,1.0,6.0,tt2991742
Penny Dreadful,1,2014-06-22,0.799,0.40,tt2628232,7,1.0,7.0,tt2991764
Penny Dreadful,1,2014-06-29,0.856,0.33,tt2628232,8,1.0,8.0,tt2991762
Penny Dreadful,2,,0.575,0.21,tt2628232,1,2.0,1.0,tt3780302
Penny Dreadful,2,,0.536,0.22,tt2628232,2,2.0,2.0,tt3780304
Penny Dreadful,2,,0.639,0.26,tt2628232,3,2.0,3.0,tt3780308
Penny Dreadful,2,,0.640,0.24,tt2628232,4,2.0,4.0,tt3780310
Penny Dreadful,2,,0.712,0.30,tt2628232,5,2.0,5.0,tt3780314
Penny Dreadful,2,2015-06-07,0.566,0.22,tt2628232,6,2.0,6.0,tt3780316
Penny Dreadful,2,2015-06-14,0.572,0.19,tt2628232,7,2.0,7.0,tt3780320
Penny Dreadful,2,2015-06-21,0.523,0.22,tt2628232,8,2.0,8.0,tt3780322
Penny Dreadful,2,2015-06-28,0.604,0.20,tt2628232,9,2.0,9.0,tt3780326
Penny Dreadful,2,2015-07-05,0.746,0.30,tt2628232,10,2.0,10.0,tt3781008
Penny Dreadful,3,,0.540,0.18,tt2628232,1,3.0,1.0,tt4786300
Penny Dreadful,3,,0.554,0.20,tt2628232,2,3.0,2.0,tt4805826
Penny Dreadful,3,,0.599,0.19,tt2628232,3,3.0,3.0,tt4833968
Penny Dreadful,3,,0.482,0.17,tt2628232,4,3.0,4.0,tt4849368
Penny Dreadful,3,,0.656,0.20,tt2628232,5,3.0,5.0,tt4853878
Penny Dreadful,3,2016-06-05,0.722,0.23,tt2628232,6,3.0,6.0,tt4853880
Penny Dreadful,3,2016-06-12,0.651,0.18,tt2628232,7,3.0,7.0,tt4853882
Penny Dreadful,3,2016-06-19,0.448,0.13,tt2628232,8,3.0,8.0,tt4853884
Penny Dreadful,3,2016-06-19,0.551,0.14,tt2628232,9,3.0,9.0,tt4786304
Cleverman,1,2016-06-01,0.197,0.04,tt4649420,1,1.0,1.0,tt4656248
Cleverman,1,2016-06-08,0.140,0.04,tt4649420,2,1.0,2.0,tt4656252
Cleverman,1,2016-06-15,0.158,0.04,tt4649420,3,1.0,3.0,tt4656254
Cleverman,1,2016-06-22,0.123,0.02,tt4649420,4,1.0,4.0,tt4656258
Cleverman,1,2016-06-29,0.146,0.04,tt4649420,5,1.0,5.0,tt4656264
Cleverman,1,2016-07-06,0.129,0.05,tt4649420,6,1.0,6.0,tt4656270
Cleverman,2,2017-06-28,0.074,0.02,tt4649420,1,2.0,1.0,tt6015370
Cleverman,2,2017-07-05,0.076,0.02,tt4649420,2,2.0,2.0,tt6015374
Cleverman,2,2017-07-12,0.070,0.01,tt4649420,3,2.0,3.0,tt6015376
Cleverman,2,2017-07-19,0.072,0.02,tt4649420,4,2.0,4.0,tt6015378
Cleverman,2,2017-07-26,0.062,0.02,tt4649420,5,2.0,5.0,tt6015380
Cleverman,2,2017-08-02,0.057,0.01,tt4649420,6,2.0,6.0,tt6015382
John Adams,1,2008-03-16,2.518,0.6/2,tt0472027,1,1.0,1.0,tt1257493
John Adams,1,2008-03-16,2.800,0.7/2,tt0472027,2,1.0,2.0,tt1257755
John Adams,1,2008-03-23,2.102,0.6,tt0472027,3,1.0,3.0,tt1257492
John Adams,1,2008-03-30,2.147,0.7,tt0472027,4,1.0,4.0,tt1260630
John Adams,1,2008-04-06,1.619,0.5/1,tt0472027,5,1.0,5.0,tt1260631
John Adams,1,2008-04-13,1.558,0.5/1,tt0472027,6,1.0,6.0,tt1254529
John Adams,1,2008-04-20,1.582,0.5/1,tt0472027,7,1.0,7.0,tt1260983
Mob City,1,2013-12-04,2.292,0.6,tt2176609,1,1.0,1.0,tt2362038
Mob City,1,2013-12-11,1.389,0.4,tt2176609,2,1.0,2.0,tt3038212
Mob City,1,2013-12-18,1.350,0.4,tt2176609,3,1.0,3.0,tt3035574
Hunted,1,2012-10-19,0.245,0.08,tt5038678,1,1.0,1.0,tt5049348
Hunted,1,2012-10-26,0.166,0.06,tt5038678,2,1.0,2.0,tt5049350
Hunted,1,2012-11-02,0.181,0.04,tt5038678,3,1.0,3.0,tt5049356
Hunted,1,2012-11-09,0.183,0.09,tt5038678,4,1.0,4.0,tt5049360
Hunted,1,2012-11-16,0.100,0.03,tt5038678,5,1.0,5.0,tt5077850
Hunted,1,2012-11-23,0.110,0.04,tt5038678,6,1.0,6.0,tt5077852
Hunted,1,2012-11-30,0.229,0.05,tt5038678,7,,,
Hunted,1,2012-12-07,0.143,0.07,tt5038678,8,,,
Dice,1,2016-04-10,0.254,0.11,tt4688512,1,1.0,1.0,tt5459334
Dice,1,2016-04-17,0.180,0.07,tt4688512,2,1.0,2.0,tt5198772
Dice,1,2016-04-24,0.165,0.06,tt4688512,3,1.0,3.0,tt5181694
Dice,1,,0.171,0.05,tt4688512,4,1.0,4.0,tt5456318
Dice,1,,0.155,0.04,tt4688512,5,1.0,5.0,tt5095366
Dice,1,,0.220,0.07,tt4688512,6,1.0,6.0,tt5198770
Dice,2,2017-08-20,0.177,0.03,tt4688512,1,2.0,1.0,tt6098142
Dice,2,2017-08-27,0.135,0.03,tt4688512,2,2.0,2.0,tt6098146
Dice,2,,0.183,0.04,tt4688512,3,2.0,3.0,tt6108096
Dice,2,,0.105,0.01,tt4688512,4,2.0,4.0,tt6108100
Dice,2,,0.170,0.04,tt4688512,5,2.0,5.0,tt6108102
Dice,2,2017-10-01,0.137,0.03,tt4688512,6,2.0,6.0,tt6108106
Dice,2,2017-10-08,0.115,0.03,tt4688512,7,2.0,7.0,tt6098144
You're the Worst,1,2014-07-17,0.765,0.40,tt3228420,1,1.0,1.0,tt3884410
You're the Worst,1,2014-07-24,0.610,0.29,tt3228420,2,1.0,2.0,tt3886750
You're the Worst,1,2014-07-31,0.393,0.18,tt3228420,3,1.0,3.0,tt3886764
You're the Worst,1,2014-08-07,0.565,0.36,tt3228420,4,1.0,4.0,tt3886768
You're the Worst,1,2014-08-14,0.415,0.19,tt3228420,5,1.0,5.0,tt3958152
You're the Worst,1,2014-08-21,0.555,0.31,tt3228420,6,1.0,6.0,tt3889894
You're the Worst,1,2014-08-28,0.533,0.28,tt3228420,7,1.0,7.0,tt3994074
You're the Worst,1,,0.472,0.29,tt3228420,8,1.0,8.0,tt4004172
You're the Worst,1,,0.535,0.31,tt3228420,9,1.0,9.0,tt3887452
You're the Worst,1,,0.552,0.31,tt3228420,10,1.0,10.0,tt3958040
You're the Worst,2,,0.301,0.16,tt3228420,1,2.0,1.0,tt4076608
You're the Worst,2,,0.267,0.15,tt3228420,2,2.0,2.0,tt4564624
You're the Worst,2,,0.233,0.14,tt3228420,3,2.0,3.0,tt4579968
You're the Worst,2,,0.294,0.15,tt3228420,4,2.0,4.0,tt4581186
You're the Worst,2,2015-10-07,0.198,0.12,tt3228420,5,2.0,5.0,tt4581290
You're the Worst,2,2015-10-14,0.132,0.08,tt3228420,6,2.0,6.0,tt4581292
You're the Worst,2,2015-10-21,0.182,0.11,tt3228420,7,2.0,7.0,tt4581296
You're the Worst,2,2015-10-28,0.240,0.15,tt3228420,8,2.0,8.0,tt4581298
You're the Worst,2,2015-11-04,0.234,0.13,tt3228420,9,2.0,9.0,tt4581300
You're the Worst,2,2015-11-11,0.185,0.12,tt3228420,10,2.0,10.0,tt4581302
You're the Worst,2,2015-11-18,0.188,0.13,tt3228420,11,2.0,11.0,tt4581304
You're the Worst,2,2015-12-02,0.175,0.09,tt3228420,12,2.0,12.0,tt4581306
You're the Worst,2,2015-12-09,0.269,0.15,tt3228420,13,2.0,13.0,tt4216884
You're the Worst,3,2016-08-31,0.347,0.17,tt3228420,1,3.0,1.0,tt5243684
You're the Worst,3,,0.269,0.12,tt3228420,2,3.0,2.0,tt5444726
You're the Worst,3,,0.350,0.14,tt3228420,3,3.0,3.0,tt5698752
You're the Worst,3,,0.207,0.08,tt3228420,4,3.0,4.0,tt5867042
You're the Worst,3,,0.196,0.09,tt3228420,5,3.0,5.0,tt5924282
You're the Worst,3,2016-10-05,0.218,0.09,tt3228420,6,3.0,6.0,tt5843776
You're the Worst,3,2016-10-12,0.244,0.10,tt3228420,7,3.0,7.0,tt5880044
You're the Worst,3,2016-10-19,0.198,0.12,tt3228420,8,3.0,8.0,tt5875108
You're the Worst,3,2016-10-26,0.176,0.10,tt3228420,9,3.0,9.0,tt5924286
You're the Worst,3,2016-11-02,0.115,0.06,tt3228420,10,3.0,10.0,tt5542740
You're the Worst,3,2016-11-09,0.181,0.10,tt3228420,11,3.0,11.0,tt5924288
You're the Worst,3,2016-11-16,0.200,0.10,tt3228420,12,3.0,12.0,tt5924292
You're the Worst,3,2016-11-16,0.137,0.07,tt3228420,13,3.0,13.0,tt5712306
You're the Worst,4,,0.298,0.14,tt3228420,1,4.0,1.0,tt6186046
You're the Worst,4,,0.246,0.12,tt3228420,2,4.0,2.0,tt6986142
You're the Worst,4,,0.224,0.10,tt3228420,3,4.0,3.0,tt7091446
You're the Worst,4,,0.261,0.14,tt3228420,4,4.0,4.0,tt7091448
You're the Worst,4,,0.221,0.09,tt3228420,5,4.0,5.0,tt7091450
You're the Worst,4,2017-10-04,0.256,0.10,tt3228420,6,4.0,6.0,tt7102954
You're the Worst,4,2017-10-11,0.206,0.10,tt3228420,7,4.0,7.0,tt7102958
You're the Worst,4,2017-10-18,0.311,0.14,tt3228420,8,4.0,8.0,tt7102964
You're the Worst,4,2017-10-25,0.139,0.06,tt3228420,9,4.0,9.0,tt7102974
You're the Worst,4,2017-11-01,0.204,0.11,tt3228420,10,4.0,10.0,tt7080892
You're the Worst,4,2017-11-08,0.205,0.10,tt3228420,11,4.0,11.0,tt6914222
You're the Worst,4,2017-11-15,0.282,0.14,tt3228420,12,4.0,12.0,tt7080930
You're the Worst,4,2017-11-15,0.188,0.09,tt3228420,13,4.0,13.0,tt7078594
You're the Worst,5,2019-01-09,0.265,0.08,tt3228420,1,5.0,1.0,tt7639484
You're the Worst,5,2019-01-16,0.163,0.07,tt3228420,2,5.0,2.0,tt8041286
You're the Worst,5,2019-01-23,0.199,0.08,tt3228420,3,5.0,3.0,tt8041288
You're the Worst,5,2019-01-30,0.192,0.10,tt3228420,4,5.0,4.0,tt8041294
You're the Worst,5,2019-02-06,0.142,0.07,tt3228420,5,5.0,5.0,tt8041296
You're the Worst,5,2019-02-13,0.162,0.07,tt3228420,6,5.0,6.0,tt8041300
You're the Worst,5,2019-02-20,0.186,0.08,tt3228420,7,5.0,7.0,tt8041302
You're the Worst,5,2019-02-27,0.125,0.04,tt3228420,8,5.0,8.0,tt8041306
You're the Worst,5,2019-03-06,0.197,0.09,tt3228420,9,5.0,9.0,tt8041310
You're the Worst,5,2019-03-13,0.124,0.04,tt3228420,10,5.0,10.0,tt8041312
You're the Worst,5,2019-03-20,0.178,0.07,tt3228420,11,5.0,11.0,tt9108578
You're the Worst,5,2019-03-27,0.168,0.07,tt3228420,12,5.0,12.0,tt9059784
You're the Worst,5,2019-04-03,0.160,0.07,tt3228420,13,5.0,13.0,tt9059796
Greek,1,2007-07-09,1.064,0.4,tt0976014,1,1.0,1.0,tt1016094
Greek,1,2007-07-16,1.155,0.4,tt0976014,2,1.0,2.0,tt1016096
Greek,1,2007-07-23,1.014,0.3,tt0976014,3,1.0,3.0,tt1016097
Greek,1,2007-07-30,1.083,0.4,tt0976014,4,1.0,4.0,tt1016098
Greek,1,2007-08-06,0.946,0.3,tt0976014,5,1.0,5.0,tt1016099
Greek,1,2007-08-13,1.360,0.5,tt0976014,6,1.0,6.0,tt1016100
Greek,1,2007-08-20,1.103,0.4,tt0976014,7,1.0,7.0,tt1016101
Greek,1,2007-08-27,0.955,0.3,tt0976014,8,1.0,8.0,tt1016102
Greek,1,,1.071,0.5,tt0976014,9,1.0,9.0,tt1016103
Greek,1,,1.383,0.6,tt0976014,10,1.0,10.0,tt1016095
Greek,1,2008-03-24,1.420,0.7,tt0976014,11,1.0,11.0,tt1093595
Greek,1,2008-03-31,1.053,0.4,tt0976014,12,1.0,12.0,tt1115183
Greek,1,2008-04-07,1.194,0.5,tt0976014,13,1.0,13.0,tt1129588
Greek,1,2008-04-14,1.104,0.5,tt0976014,14,1.0,14.0,tt1128699
Greek,1,2008-04-21,0.949,0.4,tt0976014,15,1.0,15.0,tt1186454
Greek,1,2008-04-28,0.987,0.4,tt0976014,16,1.0,16.0,tt1186455
Greek,1,,1.052,0.5,tt0976014,17,1.0,17.0,tt1186456
Greek,1,,0.871,0.3,tt0976014,18,1.0,18.0,tt1186278
Greek,1,,0.825,0.3,tt0976014,19,1.0,19.0,tt1228816
Greek,1,,0.883,0.4,tt0976014,20,1.0,20.0,tt1232938
Greek,1,2008-06-02,0.794,0.4,tt0976014,21,1.0,21.0,tt1237636
Greek,1,2008-06-09,1.298,0.5,tt0976014,22,1.0,22.0,tt1242489
Greek,2,2008-08-26,1.554,0.6,tt0976014,1,2.0,1.0,tt1265406
Greek,2,,1.386,0.6,tt0976014,2,2.0,2.0,tt1287597
Greek,2,,1.289,0.6,tt0976014,3,2.0,3.0,tt1276011
Greek,2,,0.970,0.4,tt0976014,4,2.0,4.0,tt1290702
Greek,2,,0.760,0.4,tt0976014,5,2.0,5.0,tt1290703
Greek,2,,1.105,0.5,tt0976014,6,2.0,6.0,tt1288892
Greek,2,2008-10-07,1.022,0.5,tt0976014,7,2.0,7.0,tt1302968
Greek,2,2008-10-14,0.891,0.4,tt0976014,8,2.0,8.0,tt1305336
Greek,2,2008-10-21,1.045,0.5,tt0976014,9,2.0,9.0,tt1311370
Greek,2,2008-10-28,1.040,0.5,tt0976014,10,2.0,10.0,tt1311886
Greek,2,2009-03-30,0.991,0.4,tt0976014,11,2.0,11.0,tt1408196
Greek,2,2009-04-06,0.834,0.3,tt0976014,12,2.0,12.0,tt1410601
Greek,2,2009-04-13,0.775,0.3,tt0976014,13,2.0,13.0,tt1415990
Greek,2,2009-04-20,0.714,0.3,tt0976014,14,2.0,14.0,tt1417625
Greek,2,2009-04-27,0.647,0.2,tt0976014,15,2.0,15.0,tt1417713
Greek,2,,0.725,0.3,tt0976014,16,2.0,16.0,tt1417626
Greek,2,,0.748,0.3,tt0976014,17,2.0,17.0,tt1429691
Greek,2,,0.680,0.3,tt0976014,18,2.0,18.0,tt1441140
Greek,2,,0.711,0.3,tt0976014,19,2.0,19.0,tt1443962
Greek,2,2009-06-01,0.633,0.2,tt0976014,20,2.0,20.0,tt1447319
Greek,2,2009-06-08,0.665,0.3,tt0976014,21,2.0,21.0,tt1447320
Greek,2,2009-06-15,0.745,0.3,tt0976014,22,2.0,22.0,tt1452765
Greek,3,2009-08-31,1.211,0.5,tt0976014,1,3.0,1.0,tt1480398
Greek,3,,1.313,0.6,tt0976014,2,3.0,2.0,tt1482601
Greek,3,,0.772,0.3,tt0976014,3,3.0,3.0,tt1482602
Greek,3,,0.766,0.4,tt0976014,4,3.0,4.0,tt1468504
Greek,3,,0.740,0.4,tt0976014,5,3.0,5.0,tt1468503
Greek,3,2009-10-05,0.718,0.3,tt0976014,6,3.0,6.0,tt1471579
Greek,3,2009-10-12,0.658,0.3,tt0976014,7,3.0,7.0,tt1519927
Greek,3,2009-10-19,0.682,0.3,tt0976014,8,3.0,8.0,tt1524008
Greek,3,2009-10-26,0.773,0.4,tt0976014,9,3.0,9.0,tt1533306
Greek,3,2009-11-02,0.660,0.3,tt0976014,10,3.0,10.0,tt1532971
Greek,3,2010-01-25,1.033,0.5,tt0976014,11,3.0,11.0,tt1533305
Greek,3,2010-02-01,1.069,0.5,tt0976014,12,3.0,12.0,tt1532972
Greek,3,2010-02-08,0.976,0.5,tt0976014,13,3.0,13.0,tt1547302
Greek,3,2010-02-15,0.958,0.4,tt0976014,14,3.0,14.0,tt1546879
Greek,3,2010-02-22,0.872,0.4,tt0976014,15,3.0,15.0,tt1577311
Greek,3,2010-03-01,0.937,0.4,tt0976014,16,3.0,16.0,tt1576523
Greek,3,2010-03-08,1.031,0.4,tt0976014,17,3.0,17.0,tt1584320
Greek,3,2010-03-15,0.820,0.4,tt0976014,18,3.0,18.0,tt1583894
Greek,3,2010-03-22,0.821,0.4,tt0976014,19,3.0,19.0,tt1595403
Greek,3,2010-03-29,0.705,0.3,tt0976014,20,3.0,20.0,tt1622159
Greek,4,2011-01-03,1.206,0.5,tt0976014,1,4.0,1.0,tt1704842
Greek,4,2011-01-10,1.070,0.4,tt0976014,2,4.0,2.0,tt1730916
Greek,4,2011-01-17,0.915,0.4,tt0976014,3,4.0,3.0,tt1709994
Greek,4,2011-01-24,0.899,0.4,tt0976014,4,4.0,4.0,tt1677233
Greek,4,2011-01-31,0.909,0.4,tt0976014,5,4.0,5.0,tt1697211
Greek,4,2011-02-07,1.148,0.5,tt0976014,6,4.0,6.0,tt1730917
Greek,4,2011-02-14,0.745,0.3,tt0976014,7,4.0,7.0,tt1729860
Greek,4,2011-02-21,0.853,0.4,tt0976014,8,4.0,8.0,tt1705537
Greek,4,2011-02-28,0.889,0.5,tt0976014,9,4.0,9.0,tt1827725
Greek,4,2011-03-07,0.923,0.4,tt0976014,10,4.0,10.0,tt1827724
Unreal,1,2015-06-01,0.815,0.29,tt3314218,1,1.0,1.0,tt3532582
Unreal,1,2015-06-08,0.707,0.26,tt3314218,2,1.0,2.0,tt3532584
Unreal,1,2015-06-15,0.565,0.23,tt3314218,3,1.0,3.0,tt3532594
Unreal,1,2015-06-22,0.552,0.22,tt3314218,4,1.0,4.0,tt3532588
Unreal,1,2015-06-29,0.810,0.35,tt3314218,5,1.0,5.0,tt3532592
Unreal,1,2015-07-06,0.739,0.32,tt3314218,6,1.0,6.0,tt3532598
Unreal,1,2015-07-13,0.713,0.27,tt3314218,7,1.0,7.0,tt3532596
Unreal,1,2015-07-20,0.731,0.27,tt3314218,8,1.0,8.0,tt3532604
Unreal,1,2015-07-27,0.572,0.21,tt3314218,9,1.0,9.0,tt3532602
Unreal,1,2015-08-03,0.790,0.30,tt3314218,10,1.0,10.0,tt3532600
Unreal,2,2016-06-06,0.497,0.21,tt3314218,1,2.0,1.0,tt4836146
Unreal,2,2016-06-13,0.520,0.23,tt3314218,2,2.0,2.0,tt4836142
Unreal,2,2016-06-20,0.478,0.21,tt3314218,3,2.0,3.0,tt4836148
Unreal,2,2016-06-27,0.534,0.23,tt3314218,4,2.0,4.0,tt4836152
Unreal,2,2016-07-04,0.549,0.21,tt3314218,5,2.0,5.0,tt4836144
Unreal,2,2016-07-11,0.568,0.21,tt3314218,6,2.0,6.0,tt4836154
Unreal,2,2016-07-18,0.524,0.20,tt3314218,7,2.0,7.0,tt4836164
Unreal,2,2016-07-25,0.485,0.20,tt3314218,8,2.0,8.0,tt4836158
Unreal,2,2016-08-01,0.411,0.18,tt3314218,9,2.0,9.0,tt4836168
Unreal,2,2016-08-08,0.481,0.18,tt3314218,10,2.0,10.0,tt4836160
Unreal,3,2018-02-26,0.252,0.08,tt3314218,1,3.0,1.0,tt5776090
Unreal,3,2018-03-05,0.260,0.09,tt3314218,2,3.0,2.0,tt5776092
Unreal,3,2018-03-12,0.248,0.09,tt3314218,3,3.0,3.0,tt5776100
Unreal,3,2018-03-19,0.283,0.10,tt3314218,4,3.0,4.0,tt5776096
Unreal,3,2018-03-26,0.248,0.09,tt3314218,5,3.0,5.0,tt5776098
Unreal,3,2018-04-02,0.245,0.07,tt3314218,6,3.0,6.0,tt5776106
Unreal,3,2018-04-09,0.314,0.12,tt3314218,7,3.0,7.0,tt5776110
Unreal,3,2018-04-16,0.369,0.12,tt3314218,8,3.0,8.0,tt5776112
Unreal,3,2018-04-23,0.263,0.09,tt3314218,9,3.0,9.0,tt5776104
Unreal,3,2018-04-23,0.218,0.07,tt3314218,10,3.0,10.0,tt5776108
Royal Pains,1,2009-06-04,5.567,1.7,tt1319735,1,1.0,1.0,tt1449673
Royal Pains,1,2009-06-11,5.590,1.8,tt1319735,2,1.0,2.0,tt1449676
Royal Pains,1,2009-06-18,6.503,2.1,tt1319735,3,1.0,3.0,tt1449674
Royal Pains,1,2009-06-25,5.943,-,tt1319735,4,1.0,4.0,tt1449675
Royal Pains,1,2009-07-09,5.733,1.7,tt1319735,5,1.0,5.0,tt1457393
Royal Pains,1,2009-07-16,6.230,1.9,tt1319735,6,1.0,6.0,tt1455966
Royal Pains,1,2009-07-23,6.205,-,tt1319735,7,1.0,7.0,tt1467729
Royal Pains,1,2009-07-30,6.381,2.0,tt1319735,8,1.0,8.0,tt1466379
Royal Pains,1,2009-08-06,6.686,1.9,tt1319735,9,1.0,9.0,tt1480140
Royal Pains,1,2009-08-13,5.562,1.5,tt1319735,10,1.0,10.0,tt1480139
Royal Pains,1,2009-08-20,5.324,1.7,tt1319735,11,1.0,11.0,tt1496190
Royal Pains,1,2009-08-27,5.880,1.7,tt1319735,12,1.0,12.0,tt1496191
Royal Pains,2,2010-06-03,5.839,1.8,tt1319735,1,2.0,1.0,tt1632176
Royal Pains,2,2010-06-10,5.599,1.8,tt1319735,2,2.0,2.0,tt1647241
Royal Pains,2,2010-06-17,5.514,1.6,tt1319735,3,2.0,3.0,tt1647242
Royal Pains,2,2010-06-24,5.295,1.6,tt1319735,4,2.0,4.0,tt1647243
Royal Pains,2,2010-07-01,5.321,1.6,tt1319735,5,2.0,5.0,tt1647244
Royal Pains,2,2010-07-15,5.196,1.6,tt1319735,6,2.0,6.0,tt1647245
Royal Pains,2,2010-07-22,5.284,1.6,tt1319735,7,2.0,7.0,tt1647246
Royal Pains,2,2010-07-29,5.066,1.5,tt1319735,8,2.0,8.0,tt1647247
Royal Pains,2,2010-08-05,5.525,1.7,tt1319735,9,2.0,9.0,tt1647248
Royal Pains,2,2010-08-12,5.386,1.6,tt1319735,10,2.0,10.0,tt1647611
Royal Pains,2,2010-08-19,5.271,1.5,tt1319735,11,2.0,11.0,tt1647233
Royal Pains,2,2010-08-26,6.075,1.8,tt1319735,12,2.0,12.0,tt1647234
Royal Pains,2,2011-01-20,4.432,1.1,tt1319735,13,2.0,13.0,tt1647235
Royal Pains,2,2011-01-27,4.342,1.2,tt1319735,14,2.0,14.0,tt1647236
Royal Pains,2,2011-02-03,3.868,1.0,tt1319735,15,2.0,15.0,tt1647237
Royal Pains,2,2011-02-10,3.863,1.1,tt1319735,16,2.0,16.0,tt1647238
Royal Pains,2,2011-02-17,3.892,1.1,tt1319735,17,2.0,17.0,tt1647239
Royal Pains,2,2011-02-24,4.054,1.1,tt1319735,18,2.0,18.0,tt1647240
Royal Pains,3,2011-06-29,5.003,1.4,tt1319735,1,3.0,1.0,tt1968736
Royal Pains,3,2011-07-06,5.018,1.6,tt1319735,2,3.0,2.0,tt1976345
Royal Pains,3,2011-07-13,4.922,1.3,tt1319735,3,3.0,3.0,tt1981438
Royal Pains,3,2011-07-20,5.029,1.4,tt1319735,4,3.0,4.0,tt1971062
Royal Pains,3,2011-07-27,4.845,1.4,tt1319735,5,3.0,5.0,tt1971061
Royal Pains,3,2011-08-03,5.462,1.7,tt1319735,6,3.0,6.0,tt1975625
Royal Pains,3,2011-08-10,5.163,1.4,tt1319735,7,3.0,7.0,tt1977507
Royal Pains,3,2011-08-17,5.435,1.6,tt1319735,8,3.0,8.0,tt1989208
Royal Pains,3,2011-08-24,5.529,1.5,tt1319735,9,3.0,9.0,tt1988439
Royal Pains,3,2011-08-31,5.404,1.3,tt1319735,10,3.0,10.0,tt2005934
Royal Pains,3,2012-01-18,3.261,0.9,tt1319735,11,3.0,11.0,tt2072665
Royal Pains,3,2012-01-25,3.371,1.0,tt1319735,12,3.0,12.0,tt2072666
Royal Pains,3,2012-02-01,4.086,1.1,tt1319735,13,3.0,13.0,tt2072667
Royal Pains,3,2012-02-08,3.211,0.9,tt1319735,14,3.0,14.0,tt2070384
Royal Pains,3,2012-02-15,3.167,0.8,tt1319735,15,3.0,15.0,tt2157909
Royal Pains,3,2012-02-22,3.157,0.8,tt1319735,16,3.0,16.0,tt2155039
Royal Pains,4,2012-06-06,3.950,1.0,tt1319735,1,4.0,1.0,tt2169006
Royal Pains,4,2012-06-13,4.136,1.1,tt1319735,2,4.0,2.0,tt2169008
Royal Pains,4,2012-06-20,3.874,1.0,tt1319735,3,4.0,3.0,tt2169010
Royal Pains,4,2012-06-27,4.177,1.1,tt1319735,4,4.0,4.0,tt2169016
Royal Pains,4,2012-07-11,4.147,1.0,tt1319735,5,4.0,5.0,tt2233082
Royal Pains,4,2012-07-18,4.252,1.1,tt1319735,6,4.0,6.0,tt2249972
Royal Pains,4,2012-07-25,3.916,1.0,tt1319735,7,4.0,7.0,tt2249978
Royal Pains,4,2012-08-01,2.963,0.8,tt1319735,8,4.0,8.0,tt2276606
Royal Pains,4,2012-08-15,3.948,1.0,tt1319735,9,4.0,9.0,tt2242650
Royal Pains,4,2012-08-22,3.913,1.1,tt1319735,10,4.0,10.0,tt2319196
Royal Pains,4,2012-08-29,3.781,0.9,tt1319735,11,4.0,11.0,tt2285570
Royal Pains,4,,3.592,1.0,tt1319735,12,4.0,12.0,tt2354952
Royal Pains,4,,3.742,1.0,tt1319735,13,4.0,13.0,tt2351414
Royal Pains,4,,4.232,1.0,tt1319735,14,4.0,14.0,tt2380034
Royal Pains,4,2012-12-16,3.247,0.8,tt1319735,15,4.0,15.0,tt2443102
Royal Pains,5,2013-06-12,3.682,0.7,tt1319735,1,5.0,1.0,tt2846682
Royal Pains,5,2013-06-19,3.674,0.8,tt1319735,2,5.0,2.0,tt2952026
Royal Pains,5,2013-06-26,3.548,0.8,tt1319735,3,5.0,3.0,tt2952034
Royal Pains,5,2013-07-10,3.543,0.8,tt1319735,4,5.0,4.0,tt2901018
Royal Pains,5,2013-07-17,3.815,0.9,tt1319735,5,5.0,5.0,tt2919680
Royal Pains,5,2013-07-24,3.575,0.8,tt1319735,6,5.0,6.0,tt2927204
Royal Pains,5,2013-07-31,3.540,0.9,tt1319735,7,5.0,7.0,tt3076926
Royal Pains,5,2013-08-07,3.601,0.8,tt1319735,8,5.0,8.0,tt3085920
Royal Pains,5,2013-08-14,3.206,0.7,tt1319735,9,5.0,9.0,tt3097714
Royal Pains,5,2013-08-21,3.182,0.7,tt1319735,10,5.0,10.0,tt3088542
Royal Pains,5,2013-08-28,3.271,0.8,tt1319735,11,5.0,11.0,tt3129278
Royal Pains,5,,3.619,0.9,tt1319735,12,5.0,12.0,tt3158592
Royal Pains,5,,3.748,0.8,tt1319735,13,5.0,13.0,tt3163284
Royal Pains,6,2014-06-10,2.376,0.62,tt1319735,1,6.0,1.0,tt3770464
Royal Pains,6,2014-06-17,1.902,0.54,tt1319735,2,6.0,2.0,tt3598260
Royal Pains,6,2014-06-24,2.303,0.53,tt1319735,3,6.0,3.0,tt3800726
Royal Pains,6,2014-07-01,2.114,0.59,tt1319735,4,6.0,4.0,tt3817938
Royal Pains,6,2014-07-08,2.041,0.52,tt1319735,5,6.0,5.0,tt3748660
Royal Pains,6,2014-07-15,1.778,0.45,tt1319735,6,6.0,6.0,tt3874538
Royal Pains,6,2014-07-22,2.073,0.5,tt1319735,7,6.0,7.0,tt3874548
Royal Pains,6,2014-07-29,1.938,0.5,tt1319735,8,6.0,8.0,tt3887684
Royal Pains,6,2014-08-05,2.019,0.6,tt1319735,9,6.0,9.0,tt3904674
Royal Pains,6,2014-08-12,1.990,0.48,tt1319735,10,6.0,10.0,tt3918270
Royal Pains,6,2014-08-19,1.969,0.43,tt1319735,11,6.0,11.0,tt3953872
Royal Pains,6,2014-08-26,1.916,0.46,tt1319735,12,6.0,12.0,tt3913852
Royal Pains,6,,1.776,0.55,tt1319735,13,6.0,13.0,tt3982434
Royal Pains,7,2015-06-02,1.672,0.41,tt1319735,1,7.0,1.0,tt4419806
Royal Pains,7,2015-06-09,1.456,0.35,tt1319735,2,7.0,2.0,tt4606620
Royal Pains,7,2015-06-16,1.454,0.37,tt1319735,3,7.0,3.0,tt4755676
Royal Pains,7,2015-06-23,1.329,0.33,tt1319735,4,7.0,4.0,tt4703184
Royal Pains,7,2015-06-30,1.348,0.28,tt1319735,5,7.0,5.0,tt4755648
Royal Pains,7,2015-07-07,1.448,0.37,tt1319735,6,7.0,6.0,tt4769492
Royal Pains,7,2015-07-14,1.335,0.31,tt1319735,7,7.0,7.0,tt4791746
Royal Pains,7,2015-07-21,1.569,0.37,tt1319735,8,7.0,8.0,tt4419804
Royal Pains,8,,1.333,0.23,tt1319735,1,8.0,1.0,tt4419808
Royal Pains,8,,1.236,0.24,tt1319735,2,8.0,2.0,tt5011346
Royal Pains,8,2016-06-01,1.260,0.31,tt1319735,3,8.0,3.0,tt4948856
Royal Pains,8,2016-06-08,1.246,0.28,tt1319735,4,8.0,4.0,tt5131132
Royal Pains,8,2016-06-15,1.431,0.28,tt1319735,5,8.0,5.0,tt5131134
Royal Pains,8,2016-06-22,1.428,0.34,tt1319735,6,8.0,6.0,tt4981382
Royal Pains,8,2016-06-29,1.341,0.27,tt1319735,7,8.0,7.0,tt4941406
Royal Pains,8,2016-07-06,1.804,0.31,tt1319735,8,8.0,8.0,tt4419814
The Affair,1,2014-10-12,0.507,0.14,tt2699110,1,1.0,1.0,tt3501014
The Affair,1,2014-10-19,0.512,0.15,tt2699110,2,1.0,2.0,tt3860220
The Affair,1,2014-10-26,0.599,0.19,tt2699110,3,1.0,3.0,tt3917510
The Affair,1,2014-11-02,0.692,0.18,tt2699110,4,1.0,4.0,tt3948670
The Affair,1,2014-11-09,0.673,0.18,tt2699110,5,1.0,5.0,tt3954386
The Affair,1,2014-11-16,0.778,0.18,tt2699110,6,1.0,6.0,tt3867208
The Affair,1,2014-11-23,0.877,0.23,tt2699110,7,1.0,7.0,tt3950928
The Affair,1,2014-12-07,0.759,0.20,tt2699110,8,1.0,8.0,tt3983930
The Affair,1,2014-12-14,0.837,0.21,tt2699110,9,1.0,9.0,tt3917518
The Affair,1,2014-12-21,0.951,0.25,tt2699110,10,1.0,10.0,tt3881936
The Affair,2,2015-10-04,0.815,0.18,tt2699110,1,2.0,1.0,tt4220272
The Affair,2,2015-10-11,0.547,0.15,tt2699110,2,2.0,2.0,tt4235424
The Affair,2,2015-10-18,0.648,0.18,tt2699110,3,2.0,3.0,tt4257184
The Affair,2,2015-10-25,0.869,0.23,tt2699110,4,2.0,4.0,tt4257182
The Affair,2,2015-11-01,0.859,0.27,tt2699110,5,2.0,5.0,tt4257188
The Affair,2,2015-11-08,0.891,0.29,tt2699110,6,2.0,6.0,tt4257186
The Affair,2,2015-11-15,0.787,0.20,tt2699110,7,2.0,7.0,tt4257192
The Affair,2,2015-11-22,0.844,0.25,tt2699110,8,2.0,8.0,tt4257190
The Affair,2,2015-11-29,0.961,0.27,tt2699110,9,2.0,9.0,tt4257194
The Affair,2,2015-12-06,0.833,0.25,tt2699110,10,2.0,10.0,tt4220276
The Affair,2,2015-12-13,0.989,0.24,tt2699110,11,2.0,11.0,tt5189560
The Affair,2,2015-12-20,1.111,0.34,tt2699110,12,2.0,12.0,tt5189564
The Affair,3,2016-11-20,0.599,0.17,tt2699110,1,3.0,1.0,tt5261754
The Affair,3,2016-11-27,0.579,0.15,tt2699110,2,3.0,2.0,tt5328536
The Affair,3,2016-12-04,0.662,0.17,tt2699110,3,3.0,3.0,tt5777746
The Affair,3,2016-12-11,0.666,0.19,tt2699110,4,3.0,4.0,tt5777748
The Affair,3,2016-12-18,0.724,0.22,tt2699110,5,3.0,5.0,tt5791238
The Affair,3,2017-01-01,0.480,0.13,tt2699110,6,3.0,6.0,tt5806328
The Affair,3,2017-01-08,0.654,0.21,tt2699110,7,3.0,7.0,tt5806462
The Affair,3,2017-01-15,0.612,0.17,tt2699110,8,3.0,8.0,tt5806456
The Affair,3,2017-01-22,0.793,0.18,tt2699110,9,3.0,9.0,tt5806464
The Affair,3,2017-01-29,0.725,0.22,tt2699110,10,3.0,10.0,tt5773880
The Affair,4,2018-06-17,0.477,0.08,tt2699110,1,4.0,1.0,tt6408370
The Affair,4,2018-06-24,0.457,0.09,tt2699110,2,4.0,2.0,tt6557104
The Affair,4,2018-07-01,0.559,0.12,tt2699110,3,4.0,3.0,tt6557106
The Affair,4,2018-07-08,0.470,0.09,tt2699110,4,4.0,4.0,tt6557110
The Affair,4,2018-07-15,0.538,0.09,tt2699110,5,4.0,5.0,tt6557118
The Affair,4,2018-07-22,0.483,0.08,tt2699110,6,4.0,6.0,tt6560882
The Affair,4,2018-07-29,0.544,0.08,tt2699110,7,4.0,7.0,tt6560884
The Affair,4,2018-08-05,0.507,0.10,tt2699110,8,4.0,8.0,tt6560886
The Affair,4,2018-08-12,0.595,0.10,tt2699110,9,4.0,9.0,tt6560890
The Affair,4,2018-08-19,0.564,0.11,tt2699110,10,4.0,10.0,tt6437262
The Affair,5,2019-08-25,0.464,0.07,tt2699110,1,5.0,1.0,tt8753826
The Affair,5,,0.417,0.04,tt2699110,2,5.0,2.0,tt9255726
The Affair,5,,0.405,0.04,tt2699110,3,5.0,3.0,tt9255728
The Affair,5,,0.379,0.05,tt2699110,4,5.0,4.0,tt9255732
The Affair,5,,0.382,0.05,tt2699110,5,5.0,5.0,tt9255734
The Affair,5,,0.430,0.07,tt2699110,6,5.0,6.0,tt9255738
The Affair,5,2019-10-06,0.372,0.06,tt2699110,7,5.0,7.0,tt9255740
The Affair,5,2019-10-13,0.318,0.05,tt2699110,8,5.0,8.0,tt9255742
The Affair,5,2019-10-20,0.374,0.05,tt2699110,9,5.0,9.0,tt9255746
The Affair,5,2019-10-27,0.442,0.04,tt2699110,10,5.0,10.0,tt9255724
The Affair,5,2019-11-03,0.467,0.05,tt2699110,11,5.0,11.0,tt10438246
Falling Skies,1,2011-06-19,5.905,2.0,tt1462059,1,1.0,1.0,tt1732858
Falling Skies,1,2011-06-19,5.905,2.0,tt1462059,2,1.0,2.0,tt1736395
Falling Skies,1,2011-06-26,4.200,1.5,tt1462059,3,1.0,3.0,tt1736396
Falling Skies,1,2011-07-03,4.066,1.4,tt1462059,4,1.0,4.0,tt1736801
Falling Skies,1,2011-07-10,3.901,1.4,tt1462059,5,1.0,5.0,tt1736802
Falling Skies,1,2011-07-17,4.269,1.4,tt1462059,6,1.0,6.0,tt1736803
Falling Skies,1,2011-07-24,4.068,1.4,tt1462059,7,1.0,7.0,tt1736804
Falling Skies,1,2011-07-31,4.312,1.5,tt1462059,8,1.0,8.0,tt1736805
Falling Skies,1,2011-08-07,5.703,1.9,tt1462059,9,1.0,9.0,tt1784901
Falling Skies,1,2011-08-07,5.541,1.9,tt1462059,10,1.0,10.0,tt1952136
Falling Skies,2,2012-06-17,4.461,1.5,tt1462059,1,2.0,1.0,tt2092577
Falling Skies,2,2012-06-24,3.807,1.3,tt1462059,2,2.0,2.0,tt2370361
Falling Skies,2,2012-07-01,3.387,1.2,tt1462059,3,2.0,3.0,tt2370359
Falling Skies,2,2012-07-08,3.635,1.2,tt1462059,4,2.0,4.0,tt2196653
Falling Skies,2,2012-07-15,3.606,1.2,tt1462059,5,2.0,5.0,tt2372921
Falling Skies,2,2012-07-22,3.499,1.2,tt1462059,6,2.0,6.0,tt2372919
Falling Skies,2,2012-08-05,3.341,1.3,tt1462059,7,2.0,7.0,tt2372923
Falling Skies,2,2012-08-12,3.463,1.3,tt1462059,8,2.0,8.0,tt2177786
Falling Skies,2,2012-08-19,3.842,1.4,tt1462059,9,2.0,9.0,tt2293605
Falling Skies,3,2013-06-09,4.210,1.5,tt1462059,1,3.0,1.0,tt2307170
Falling Skies,3,2013-06-16,2.786,1.0,tt1462059,2,3.0,2.0,tt2631918
Falling Skies,3,2013-06-23,3.548,1.1,tt1462059,3,3.0,3.0,tt2971408
Falling Skies,3,2013-06-30,3.217,1.1,tt1462059,4,3.0,4.0,tt2531960
Falling Skies,3,2013-07-07,3.488,1.2,tt1462059,5,3.0,5.0,tt2531958
Falling Skies,3,2013-07-14,3.329,1.1,tt1462059,6,3.0,6.0,tt2580592
Falling Skies,3,2013-07-21,3.740,1.3,tt1462059,7,3.0,7.0,tt3021752
Falling Skies,3,2013-07-28,3.055,1.0,tt1462059,8,3.0,8.0,tt2531964
Falling Skies,3,2013-08-04,3.738,1.2,tt1462059,9,3.0,9.0,tt2910616
Falling Skies,4,2014-06-22,3.673,1.03,tt1462059,1,4.0,1.0,tt3025996
Falling Skies,4,2014-06-29,2.960,0.77,tt1462059,2,4.0,2.0,tt3822822
Falling Skies,4,2014-07-06,2.751,0.81,tt1462059,3,4.0,3.0,tt3687254
Falling Skies,4,2014-07-13,2.780,0.79,tt1462059,4,4.0,4.0,tt3850194
Falling Skies,4,2014-07-20,2.793,0.8,tt1462059,5,4.0,5.0,tt3509618
Falling Skies,4,2014-07-27,2.646,0.7,tt1462059,6,4.0,6.0,tt3882470
Falling Skies,4,2014-08-03,2.726,0.68,tt1462059,7,4.0,7.0,tt3882482
Falling Skies,4,2014-08-10,2.506,0.58,tt1462059,8,4.0,8.0,tt3639694
Falling Skies,4,2014-08-17,2.464,0.65,tt1462059,9,4.0,9.0,tt3823622
Falling Skies,4,2014-08-24,2.558,0.70,tt1462059,10,4.0,10.0,tt3477300
Falling Skies,4,2014-08-31,2.389,0.53,tt1462059,11,4.0,11.0,tt3823624
Falling Skies,4,2014-08-31,2.429,0.53,tt1462059,12,4.0,12.0,tt3823630
Falling Skies,5,2015-06-28,2.035,0.50,tt1462059,1,5.0,1.0,tt3881240
Falling Skies,5,2015-07-05,1.823,0.44,tt1462059,2,5.0,2.0,tt4114250
Falling Skies,5,2015-07-12,1.878,0.37,tt1462059,3,5.0,3.0,tt4164806
Falling Skies,5,2015-07-19,1.956,0.47,tt1462059,4,5.0,4.0,tt4164812
Falling Skies,5,2015-07-26,2.033,0.50,tt1462059,5,5.0,5.0,tt4233536
Falling Skies,5,2015-08-02,1.933,0.52,tt1462059,6,5.0,6.0,tt4234598
Falling Skies,5,2015-08-09,1.975,0.54,tt1462059,7,5.0,7.0,tt4259686
Falling Skies,5,2015-08-16,1.937,0.44,tt1462059,8,5.0,8.0,tt4277228
Falling Skies,5,2015-08-23,1.762,0.47,tt1462059,9,5.0,9.0,tt4277226
Falling Skies,5,2015-08-30,2.394,0.63,tt1462059,10,5.0,10.0,tt4277230
Drop Dead Diva,1,2009-07-12,2.81,-,tt1280822,1,1.0,1.0,tt1468465
Drop Dead Diva,1,2009-07-19,2.462,0.8/2,tt1280822,2,1.0,2.0,tt1468466
Drop Dead Diva,1,2009-07-26,2.795,0.8/2,tt1280822,3,1.0,3.0,tt1468464
Drop Dead Diva,1,2009-08-02,2.635,-,tt1280822,4,1.0,4.0,tt1471520
Drop Dead Diva,1,2009-08-09,2.444,0.7/2,tt1280822,5,1.0,5.0,tt1471517
Drop Dead Diva,1,2009-08-16,3.06,0.9/2,tt1280822,6,1.0,6.0,tt1471519
Drop Dead Diva,1,2009-08-23,2.90,1.0/3,tt1280822,7,1.0,7.0,tt1471522
Drop Dead Diva,1,2009-08-30,3.41,1.1/3,tt1280822,8,1.0,8.0,tt1471516
Drop Dead Diva,1,,3.082,0.9/2,tt1280822,9,1.0,9.0,tt1471521
Drop Dead Diva,1,,3.06,0.9/2,tt1280822,10,1.0,10.0,tt1471518
Drop Dead Diva,1,,2.523,0.8/2,tt1280822,11,1.0,11.0,tt1471523
Drop Dead Diva,1,2009-10-04,2.791,0.9/2,tt1280822,12,1.0,12.0,tt1477988
Drop Dead Diva,1,2009-10-11,2.794,0.9/2,tt1280822,13,1.0,13.0,tt1494007
Drop Dead Diva,2,2010-06-06,3.124,1.0/3,tt1280822,1,2.0,1.0,tt1635909
Drop Dead Diva,2,2010-06-13,2.868,0.9/2,tt1280822,2,2.0,2.0,tt1633501
Drop Dead Diva,2,2010-06-20,2.566,0.8/2,tt1280822,3,2.0,3.0,tt1635910
Drop Dead Diva,2,2010-06-27,2.379,0.7/2,tt1280822,4,2.0,4.0,tt1635911
Drop Dead Diva,2,2010-07-11,2.478,0.8/2,tt1280822,5,2.0,5.0,tt1635912
Drop Dead Diva,2,2010-07-18,2.409,0.7/2,tt1280822,6,2.0,6.0,tt1643477
Drop Dead Diva,2,2010-07-25,2.587,0.8/2,tt1280822,7,2.0,7.0,tt1654987
Drop Dead Diva,2,2010-08-01,2.431,0.7/2,tt1280822,8,2.0,8.0,tt1654555
Drop Dead Diva,2,2010-08-08,2.430,0.7/2,tt1280822,9,2.0,9.0,tt1672974
Drop Dead Diva,2,2010-08-15,2.556,0.7/2,tt1280822,10,2.0,10.0,tt1672320
Drop Dead Diva,2,2010-08-22,2.676,0.8/2,tt1280822,11,2.0,11.0,tt1682482
Drop Dead Diva,2,2010-08-29,2.573,0.9/2,tt1280822,12,2.0,12.0,tt1682481
Drop Dead Diva,2,2010-08-29,2.611,0.9/2,tt1280822,13,2.0,13.0,tt1691544
Drop Dead Diva,3,2011-06-19,2.856,1.0,tt1280822,1,3.0,1.0,tt1878254
Drop Dead Diva,3,2011-06-26,2.384,0.8,tt1280822,2,3.0,2.0,tt1868445
Drop Dead Diva,3,2011-07-10,2.005,0.7,tt1280822,3,3.0,3.0,tt1875249
Drop Dead Diva,3,2011-07-17,2.269,0.8,tt1280822,4,3.0,4.0,tt1893655
Drop Dead Diva,3,2011-07-24,2.083,0.7,tt1280822,5,3.0,5.0,tt1892267
Drop Dead Diva,3,2011-07-31,2.092,0.7,tt1280822,6,3.0,6.0,tt1917190
Drop Dead Diva,3,2011-08-07,2.360,0.7,tt1280822,7,3.0,7.0,tt1926510
Drop Dead Diva,3,2011-08-14,2.394,0.7,tt1280822,8,3.0,8.0,tt1957022
Drop Dead Diva,3,2011-08-21,2.234,0.7,tt1280822,9,3.0,9.0,tt1957023
Drop Dead Diva,3,2011-08-28,2.532,0.8,tt1280822,10,3.0,10.0,tt1952011
Drop Dead Diva,3,,1.928,0.5,tt1280822,11,3.0,11.0,tt1965632
Drop Dead Diva,3,,2.180,0.7,tt1280822,12,3.0,12.0,tt1998651
Drop Dead Diva,3,,2.117,0.7,tt1280822,13,3.0,13.0,tt2048180
Drop Dead Diva,4,2012-06-03,2.301,0.8,tt1280822,1,4.0,1.0,tt2222145
Drop Dead Diva,4,2012-06-10,2.118,0.7,tt1280822,2,4.0,2.0,tt2299957
Drop Dead Diva,4,2012-06-17,2.169,0.7,tt1280822,3,4.0,3.0,tt2297361
Drop Dead Diva,4,2012-06-24,2.040,0.6,tt1280822,4,4.0,4.0,tt2378959
Drop Dead Diva,4,2012-07-01,1.866,0.6,tt1280822,5,4.0,5.0,tt2392853
Drop Dead Diva,4,2012-07-08,2.277,0.8,tt1280822,6,4.0,6.0,tt2380515
Drop Dead Diva,4,2012-07-15,2.553,0.9,tt1280822,7,4.0,7.0,tt2401327
Drop Dead Diva,4,2012-07-22,2.126,0.6,tt1280822,8,4.0,8.0,tt2167812
Drop Dead Diva,4,2012-08-05,2.262,0.7,tt1280822,9,4.0,9.0,tt2298192
Drop Dead Diva,4,2012-08-12,2.360,0.9,tt1280822,10,4.0,10.0,tt2295784
Drop Dead Diva,4,2012-08-19,2.542,0.8,tt1280822,11,4.0,11.0,tt2194454
Drop Dead Diva,4,2012-08-26,2.486,0.8,tt1280822,12,4.0,12.0,tt2235620
Drop Dead Diva,4,,2.763,0.9,tt1280822,13,4.0,13.0,tt2256630
Drop Dead Diva,5,2013-06-23,2.152,0.7,tt1280822,1,5.0,1.0,tt2741504
Drop Dead Diva,5,2013-06-30,2.141,0.6,tt1280822,2,5.0,2.0,tt2945992
Drop Dead Diva,5,2013-07-07,2.164,0.7,tt1280822,3,5.0,3.0,tt2946002
Drop Dead Diva,5,2013-07-14,2.102,0.7,tt1280822,4,5.0,4.0,tt3001882
Drop Dead Diva,5,2013-07-21,2.202,0.7,tt1280822,5,5.0,5.0,tt3001884
Drop Dead Diva,5,2013-07-28,2.153,0.7,tt1280822,6,5.0,6.0,tt2993294
Drop Dead Diva,5,2013-08-04,2.153,0.7,tt1280822,7,5.0,7.0,tt3100970
Drop Dead Diva,5,2013-08-11,2.459,0.8,tt1280822,8,5.0,8.0,tt3113994
Drop Dead Diva,5,2013-10-06,1.440,0.49,tt1280822,9,5.0,9.0,tt3045732
Drop Dead Diva,5,2013-10-13,1.561,0.57,tt1280822,10,5.0,10.0,tt3084252
Drop Dead Diva,5,2013-10-20,1.769,0.51,tt1280822,11,5.0,11.0,tt3129202
Drop Dead Diva,5,2013-10-27,1.800,0.64,tt1280822,12,5.0,12.0,tt3093090
Drop Dead Diva,5,2013-11-03,1.781,0.53,tt1280822,13,5.0,13.0,tt3142124
Drop Dead Diva,6,2014-03-23,1.111,0.29,tt1280822,1,6.0,1.0,tt3292034
Drop Dead Diva,6,2014-03-23,1.165,0.33,tt1280822,2,6.0,2.0,tt3520868
Drop Dead Diva,6,2014-03-30,1.247,0.39,tt1280822,3,6.0,3.0,tt3563828
Drop Dead Diva,6,2014-04-06,1.391,0.45,tt1280822,4,6.0,4.0,tt3606804
Drop Dead Diva,6,2014-04-13,1.080,0.37,tt1280822,5,6.0,5.0,tt3625132
Drop Dead Diva,6,2014-04-27,1.317,0.48,tt1280822,6,6.0,6.0,tt3568832
Drop Dead Diva,6,,1.514,0.58,tt1280822,7,6.0,7.0,tt3625310
Drop Dead Diva,6,,1.197,0.32,tt1280822,8,6.0,8.0,tt3625338
Drop Dead Diva,6,,1.290,0.41,tt1280822,9,6.0,9.0,tt3625314
Drop Dead Diva,6,2014-06-01,1.691,0.53,tt1280822,10,6.0,10.0,tt3625318
Drop Dead Diva,6,2014-06-08,1.499,0.46,tt1280822,11,6.0,11.0,tt3625324
Drop Dead Diva,6,2014-06-15,1.495,0.47,tt1280822,12,6.0,12.0,tt3625328
Drop Dead Diva,6,2014-06-22,1.662,0.45,tt1280822,13,6.0,13.0,tt3625330
The White Queen,1,2013-08-09,0.457,"194,000 (0.2)",tt2372220,1,1.0,1.0,tt2398016
The White Queen,1,2013-08-17,0.801,"365,000 (0.3)",tt2372220,2,1.0,2.0,tt2618972
The White Queen,1,2013-08-24,0.704,"258,000 (0.2)",tt2372220,3,1.0,3.0,tt2618976
The White Queen,1,,0.811,"285,000 (0.2)",tt2372220,4,1.0,4.0,tt2710762
The White Queen,1,,0.929,"341,000 (0.27)",tt2372220,5,1.0,5.0,tt2710764
The White Queen,1,,0.859,"357,000 (0.28)",tt2372220,6,1.0,6.0,tt2529248
The White Queen,1,,0.896,"355,000 (0.28)",tt2372220,7,1.0,7.0,tt2674436
The White Queen,1,2013-10-05,0.910,"342,000 (0.27)",tt2372220,8,1.0,8.0,tt2640768
The White Queen,1,2013-10-12,0.741,"344,000 (0.27)",tt2372220,9,1.0,9.0,tt2691530
The White Queen,1,2013-10-19,1.155,"448,000 (0.35)",tt2372220,10,1.0,10.0,tt2632658
The White Princess,1,2017-04-16,0.633,0.16,tt5705956,1,1.0,1.0,tt5833806
The White Princess,1,2017-04-23,0.712,0.21,tt5705956,2,1.0,2.0,tt6060968
The White Princess,1,2017-04-30,0.784,0.20,tt5705956,3,1.0,3.0,tt6060972
The White Princess,1,,0.845,0.21,tt5705956,4,1.0,4.0,tt6060040
The White Princess,1,,0.951,0.27,tt5705956,5,1.0,5.0,tt6161514
The White Princess,1,,0.792,0.22,tt5705956,6,1.0,6.0,tt6161522
The White Princess,1,,0.722,0.17,tt5705956,7,1.0,7.0,tt6161526
The White Princess,1,2017-06-04,0.868,0.21,tt5705956,8,1.0,8.0,tt6161532
The Spanish Princess,1,,0.393,0.05,tt8417308,1,1.0,1.0,tt8429468
The Spanish Princess,1,,0.398,0.05,tt8417308,2,1.0,2.0,tt9641546
The Spanish Princess,1,,0.456,0.07,tt8417308,3,1.0,3.0,tt8429492
The Spanish Princess,1,,0.500,0.07,tt8417308,4,1.0,4.0,tt8429494
The Spanish Princess,1,2019-06-02,0.546,0.06,tt8417308,5,1.0,5.0,tt8429496
The Spanish Princess,1,2019-06-09,0.493,0.06,tt8417308,6,1.0,6.0,tt8429518
The Spanish Princess,1,2019-06-16,0.509,0.06,tt8417308,7,1.0,7.0,tt8429498
The Spanish Princess,1,2019-06-23,0.528,0.05,tt8417308,8,1.0,8.0,tt8429500
The Spanish Princess,1,2020-10-11,0.252,0.04,tt8417308,9,,,
The Spanish Princess,1,2020-10-18,0.173,0.02,tt8417308,10,,,
The Spanish Princess,1,2020-10-25,0.180,0.03,tt8417308,11,,,
The Spanish Princess,1,2020-11-01,0.233,0.02,tt8417308,12,,,
The Spanish Princess,1,2020-11-08,0.221,0.03,tt8417308,13,,,
The Spanish Princess,1,2020-11-15,0.234,0.03,tt8417308,14,,,
The Spanish Princess,1,2020-11-22,0.290,0.04,tt8417308,15,,,
The Spanish Princess,1,2020-11-29,0.315,0.02,tt8417308,16,,,
Deadwood,1,2004-03-21,5.792,3.6,tt0348914,1,1.0,1.0,tt0556296
Deadwood,1,2004-03-28,4.879,3.0,tt0348914,2,1.0,2.0,tt0556297
Deadwood,1,2004-04-04,4.74,-,tt0348914,3,1.0,3.0,tt0556306
Deadwood,1,2004-04-11,5.403,3.2,tt0348914,4,1.0,4.0,tt0556299
Deadwood,1,2004-04-18,4.555,2.7,tt0348914,5,1.0,5.0,tt0556312
Deadwood,1,2004-04-25,4.75,-,tt0348914,6,1.0,6.0,tt0556304
Deadwood,1,,4.291,2.7,tt0348914,7,1.0,7.0,tt0556292
Deadwood,1,,3.884,2.4,tt0348914,8,1.0,8.0,tt0556310
Deadwood,1,,3.43,-,tt0348914,9,1.0,9.0,tt0556303
Deadwood,1,,4.349,2.7,tt0348914,10,1.0,10.0,tt0556301
Deadwood,1,2004-06-06,4.260,2.5,tt0348914,11,1.0,11.0,tt0556300
Deadwood,1,2004-06-13,3.21,-,tt0348914,12,1.0,12.0,tt0556308
Deadwood,2,2005-03-06,2.792,1.6,tt0348914,1,2.0,1.0,tt0556286
Deadwood,2,2005-03-13,3.408,1.9,tt0348914,2,2.0,2.0,tt0556287
Deadwood,2,2005-03-20,2.80,-,tt0348914,3,2.0,3.0,tt0556302
Deadwood,2,2005-03-27,2.507,1.5,tt0348914,4,2.0,4.0,tt0556307
Deadwood,2,2005-04-03,2.174,1.4,tt0348914,5,2.0,5.0,tt0556295
Deadwood,2,2005-04-10,2.163,1.4,tt0348914,6,2.0,6.0,tt0556309
Deadwood,2,2005-04-17,2.375,1.6,tt0348914,7,2.0,7.0,tt0556298
Deadwood,2,2005-04-24,2.417,1.4,tt0348914,8,2.0,8.0,tt0556293
Deadwood,2,,2.164,1.4,tt0348914,9,2.0,9.0,tt0556289
Deadwood,2,,2.10,-,tt0348914,10,2.0,10.0,tt0556288
Deadwood,2,,2.022,1.3,tt0348914,11,2.0,11.0,tt0556313
Deadwood,2,,2.416,1.5,tt0348914,12,2.0,12.0,tt0556291
Deadwood,3,2006-06-11,2.374,0.9,tt0348914,1,3.0,1.0,tt0556311
Deadwood,3,2006-06-18,1.850,0.7,tt0348914,2,3.0,2.0,tt0556305
Deadwood,3,2006-06-25,2.160,1.0,tt0348914,3,3.0,3.0,tt0556294
Deadwood,3,2006-07-02,1.672,0.7,tt0348914,4,3.0,4.0,tt0556281
Deadwood,3,2006-07-09,2.206,0.9,tt0348914,5,3.0,5.0,tt0556282
Deadwood,3,2006-07-16,1.783,0.9,tt0348914,6,3.0,6.0,tt0556283
Deadwood,3,2006-07-23,2.081,0.9,tt0348914,7,3.0,7.0,tt0556284
Deadwood,3,2006-07-30,2.200,0.9,tt0348914,8,3.0,8.0,tt0556285
Deadwood,3,2006-08-06,2.124,0.9,tt0348914,9,3.0,9.0,tt0556290
Deadwood,3,2006-08-13,1.779,0.7,tt0348914,10,3.0,10.0,tt0828738
Deadwood,3,2006-08-20,1.851,0.8,tt0348914,11,3.0,11.0,tt0770857
Deadwood,3,2006-08-27,2.027,0.9,tt0348914,12,3.0,12.0,tt0828739
The Sinner,1,2017-08-02,1.633,0.42,tt6048596,1,1.0,1.0,tt7028724
The Sinner,1,2017-08-09,1.413,0.43,tt6048596,2,1.0,2.0,tt7070306
The Sinner,1,2017-08-16,1.643,0.51,tt6048596,3,1.0,3.0,tt7029992
The Sinner,1,2017-08-23,1.759,0.53,tt6048596,4,1.0,4.0,tt7070312
The Sinner,1,2017-08-30,1.837,0.52,tt6048596,5,1.0,5.0,tt7074794
The Sinner,1,,1.842,0.55,tt6048596,6,1.0,6.0,tt7074792
The Sinner,1,,1.837,0.54,tt6048596,7,1.0,7.0,tt7074786
The Sinner,1,,2.438,0.77,tt6048596,8,1.0,8.0,tt7074784
The Sinner,2,2018-08-01,1.148,0.31,tt6048596,1,2.0,1.0,tt8110686
The Sinner,2,2018-08-08,1.104,0.29,tt6048596,2,2.0,2.0,tt8392020
The Sinner,2,2018-08-15,1.013,0.30,tt6048596,3,2.0,3.0,tt8392106
The Sinner,2,2018-08-22,1.092,0.31,tt6048596,4,2.0,4.0,tt8392120
The Sinner,2,2018-08-29,1.137,0.28,tt6048596,5,2.0,5.0,tt8392166
The Sinner,2,,1.132,0.29,tt6048596,6,2.0,6.0,tt8392182
The Sinner,2,,1.041,0.24,tt6048596,7,2.0,7.0,tt8392194
The Sinner,2,,1.128,0.25,tt6048596,8,2.0,8.0,tt8392218
The Sinner,3,2020-02-06,0.882,0.19,tt6048596,1,3.0,1.0,tt10438268
The Sinner,3,2020-02-13,0.704,0.15,tt6048596,2,3.0,2.0,tt11106032
The Sinner,3,2020-02-20,0.584,0.18,tt6048596,3,3.0,3.0,tt11162458
The Sinner,3,2020-02-27,0.555,0.13,tt6048596,4,3.0,4.0,tt11091508
The Sinner,3,2020-03-05,0.656,0.17,tt6048596,5,3.0,5.0,tt11246014
The Sinner,3,2020-03-12,0.548,0.12,tt6048596,6,3.0,6.0,tt11433262
The Sinner,3,2020-03-19,0.625,0.16,tt6048596,7,3.0,7.0,tt11433264
The Sinner,3,2020-03-26,0.650,0.16,tt6048596,8,3.0,8.0,tt11433268
The Sinner,4,2021-10-13,0.379,0.09,tt6048596,1,4.0,1.0,tt12523476
The Sinner,4,2021-10-20,0.428,0.06,tt6048596,2,4.0,2.0,tt15250872
The Sinner,4,2021-10-27,0.366,0.10,tt6048596,3,4.0,3.0,tt15686042
The Sinner,4,2021-11-03,0.411,0.08,tt6048596,4,4.0,4.0,tt15737116
The Sinner,4,2021-11-10,0.478,0.08,tt6048596,5,4.0,5.0,tt15654592
The Sinner,4,2021-11-17,0.460,0.07,tt6048596,6,4.0,6.0,tt15470062
The Sinner,4,2021-11-24,0.526,0.09,tt6048596,7,4.0,7.0,tt15980176
The Sinner,4,2021-12-01,0.452,0.06,tt6048596,8,4.0,8.0,tt15980178
Dark Blue,1,2009-07-15,3.542,0.9/3,tt11546816,1,,,
Dark Blue,1,2009-07-22,2.885,0.8/3,tt11546816,2,,,
Dark Blue,1,2009-07-29,2.917,0.8/3,tt11546816,3,,,
Dark Blue,1,2009-08-05,2.881,0.7,tt11546816,4,,,
Dark Blue,1,2009-08-12,2.571,0.8/3,tt11546816,5,,,
Dark Blue,1,2009-08-19,2.566,0.7/2,tt11546816,6,,,
Dark Blue,1,2009-08-26,2.592,0.7/2,tt11546816,7,,,
Dark Blue,1,,2.455,0.8/2,tt11546816,8,,,
Dark Blue,1,,2.020,0.6/2,tt11546816,9,,,
Dark Blue,1,,1.610,0.6/2,tt11546816,10,,,
Dark Blue,2,2010-08-04,2.561,0.6/2,tt11546816,1,,,
Dark Blue,2,2010-08-04,2.482,0.7/2,tt11546816,2,,,
Dark Blue,2,2010-08-11,2.341,0.5/2,tt11546816,3,,,
Dark Blue,2,2010-08-18,2.433,0.7/2,tt11546816,4,,,
Dark Blue,2,2010-08-25,2.591,0.7/2,tt11546816,5,,,
Dark Blue,2,,2.064,0.5/2,tt11546816,6,,,
Dark Blue,2,,2.273,0.6/2,tt11546816,7,,,
Dark Blue,2,,1.971,0.5/2,tt11546816,8,,,
Dark Blue,2,,1.950,0.6/2,tt11546816,9,,,
Dark Blue,2,,1.822,0.6/2,tt11546816,10,,,
Lost Girl,1,2012-01-16,1.474,0.5,tt1429449,1,1.0,1.0,tt1652165
Lost Girl,1,2012-01-23,1.106,0.4,tt1429449,2,1.0,2.0,tt1703513
Lost Girl,1,2012-01-30,1.440,0.5,tt1429449,3,1.0,3.0,tt1688561
Lost Girl,1,2012-02-06,1.012,0.5,tt1429449,4,1.0,4.0,tt1695592
Lost Girl,1,2012-02-13,1.065,0.5,tt1429449,5,1.0,5.0,tt1703514
Lost Girl,1,2012-02-20,1.209,0.4,tt1429449,6,1.0,6.0,tt1703515
Lost Girl,1,2012-02-27,0.965,0.4,tt1429449,7,1.0,7.0,tt1678668
Lost Girl,1,2012-03-05,1.211,0.5,tt1429449,8,1.0,8.0,tt1703516
Lost Girl,1,2012-03-12,1.192,0.4,tt1429449,9,1.0,9.0,tt1703517
Lost Girl,1,2012-03-19,1.089,0.4,tt1429449,10,1.0,10.0,tt1671172
Lost Girl,1,2012-03-26,1.077,0.5,tt1429449,11,1.0,11.0,tt1703512
Lost Girl,1,2012-04-02,1.013,0.4,tt1429449,12,1.0,12.0,tt1673939
Lost Girl,1,2012-04-09,1.219,0.5,tt1429449,13,1.0,13.0,tt1678667
Lost Girl,2,2012-04-16,1.072,0.4,tt1429449,1,2.0,1.0,tt1775861
Lost Girl,2,2012-04-23,1.342,0.5,tt1429449,2,2.0,2.0,tt1775866
Lost Girl,2,2012-04-30,1.080,0.4,tt1429449,3,2.0,3.0,tt1775867
Lost Girl,2,,0.945,0.4,tt1429449,4,2.0,4.0,tt1775868
Lost Girl,2,,1.231,0.5,tt1429449,5,2.0,5.0,tt1775869
Lost Girl,2,,1.151,0.3,tt1429449,6,2.0,6.0,tt1775870
Lost Girl,2,2012-06-04,1.354,0.5,tt1429449,7,2.0,7.0,tt1775871
Lost Girl,2,2012-06-11,0.915,0.4,tt1429449,8,2.0,8.0,tt1775872
Lost Girl,2,2012-06-18,1.284,0.5,tt1429449,9,2.0,9.0,tt1775873
Lost Girl,2,2012-06-25,0.971,0.4,tt1429449,10,2.0,10.0,tt1775862
Lost Girl,2,2012-07-02,0.961,0.4,tt1429449,11,2.0,11.0,tt1775863
Lost Girl,2,2012-07-09,0.859,0.4,tt1429449,12,2.0,12.0,tt1775864
Lost Girl,2,2012-07-16,0.934,0.4,tt1429449,13,2.0,13.0,tt1775865
Lost Girl,2,2012-07-20,1.198,0.4,tt1429449,14,2.0,14.0,tt1986529
Lost Girl,2,2012-07-27,1.118,0.4,tt1429449,15,2.0,15.0,tt1986530
Lost Girl,2,2012-08-03,1.165,0.4,tt1429449,16,2.0,16.0,tt1986531
Lost Girl,2,2012-08-10,1.178,0.4,tt1429449,17,2.0,17.0,tt1986532
Lost Girl,2,2012-08-17,1.209,0.4,tt1429449,18,2.0,18.0,tt1986533
Lost Girl,2,2012-08-24,1.006,0.3,tt1429449,19,2.0,19.0,tt1987909
Lost Girl,2,2012-08-31,1.295,0.4,tt1429449,20,2.0,20.0,tt1987910
Lost Girl,2,,1.368,0.4,tt1429449,21,2.0,21.0,tt1987911
Lost Girl,2,,1.458,0.5,tt1429449,22,2.0,22.0,tt1987912
Lost Girl,3,2013-01-14,1.186,0.5,tt1429449,1,3.0,1.0,tt2135718
Lost Girl,3,2013-01-21,1.075,0.4,tt1429449,2,3.0,2.0,tt2373623
Lost Girl,3,2013-01-28,1.052,0.4,tt1429449,3,3.0,3.0,tt2384299
Lost Girl,3,2013-02-04,0.844,0.3,tt1429449,4,3.0,4.0,tt2393089
Lost Girl,3,2013-02-11,0.847,0.3,tt1429449,5,3.0,5.0,tt2532464
Lost Girl,3,2013-02-18,1.033,0.4,tt1429449,6,3.0,6.0,tt2441002
Lost Girl,3,2013-03-04,0.923,0.4,tt1429449,7,3.0,7.0,tt2532500
Lost Girl,3,2013-03-11,1.107,0.4,tt1429449,8,3.0,8.0,tt2254130
Lost Girl,3,2013-03-18,0.968,0.4,tt1429449,9,3.0,9.0,tt2253988
Lost Girl,3,2013-03-25,0.827,0.3,tt1429449,10,3.0,10.0,tt2301252
Lost Girl,3,2013-04-01,0.824,0.3,tt1429449,11,3.0,11.0,tt2371154
Lost Girl,3,2013-04-08,0.756,0.3,tt1429449,12,3.0,12.0,tt2413508
Lost Girl,3,2013-04-22,1.206,0.4,tt1429449,13,3.0,13.0,tt2539598
Lost Girl,4,2014-01-13,0.948,0.30,tt1429449,1,4.0,1.0,tt2849172
Lost Girl,4,2014-01-20,0.773,0.27,tt1429449,2,4.0,2.0,tt2972054
Lost Girl,4,2014-01-27,0.810,0.25,tt1429449,3,4.0,3.0,tt3041202
Lost Girl,4,2014-02-03,0.667,0.25,tt1429449,4,4.0,4.0,tt3146456
Lost Girl,4,2014-02-10,0.630,0.25,tt1429449,5,4.0,5.0,tt3041206
Lost Girl,4,2014-02-17,0.696,0.22,tt1429449,6,4.0,6.0,tt3146462
Lost Girl,4,2014-02-24,0.632,0.21,tt1429449,7,4.0,7.0,tt3123494
Lost Girl,4,2014-03-03,0.607,0.21,tt1429449,8,4.0,8.0,tt3325548
Lost Girl,4,2014-03-10,0.731,0.28,tt1429449,9,4.0,9.0,tt3291980
Lost Girl,4,2014-03-17,0.766,0.27,tt1429449,10,4.0,10.0,tt3285668
Lost Girl,4,2014-03-24,0.544,0.19,tt1429449,11,4.0,11.0,tt3325550
Lost Girl,4,2014-03-31,0.610,0.23,tt1429449,12,4.0,12.0,tt3325552
Lost Girl,4,2014-04-07,0.815,0.29,tt1429449,13,4.0,13.0,tt3325554
Lost Girl,5,2015-04-17,0.654,0.16,tt1429449,1,5.0,1.0,tt3580792
Lost Girl,5,2015-04-24,0.610,0.19,tt1429449,2,5.0,2.0,tt4032804
Lost Girl,5,,0.555,0.12,tt1429449,3,5.0,3.0,tt3873954
Lost Girl,5,,0.510,0.12,tt1429449,4,5.0,4.0,tt3879068
Lost Girl,5,,0.463,0.17,tt1429449,5,5.0,5.0,tt4032806
Lost Girl,5,,0.881,0.23,tt1429449,6,5.0,6.0,tt4032808
Lost Girl,5,,0.583,0.17,tt1429449,7,5.0,7.0,tt4032810
Lost Girl,5,2015-06-04,0.710,0.18,tt1429449,8,5.0,8.0,tt3918490
Lost Girl,5,2016-02-01,0.458,0.11,tt1429449,9,5.0,9.0,tt4032814
Lost Girl,5,2016-02-08,0.411,0.12,tt1429449,10,5.0,10.0,tt3985830
Lost Girl,5,2016-02-15,0.452,0.13,tt1429449,11,5.0,11.0,tt4036256
Lost Girl,5,2016-02-22,0.320,0.09,tt1429449,12,5.0,12.0,tt3912348
Lost Girl,5,2016-02-29,0.384,0.11,tt1429449,13,5.0,13.0,tt4011400
Lost Girl,5,2016-03-07,0.376,0.12,tt1429449,14,5.0,14.0,tt4036262
Lost Girl,5,2016-03-14,0.387,0.10,tt1429449,15,5.0,15.0,tt4036260
Lost Girl,5,2016-03-21,0.342,0.08,tt1429449,16,5.0,16.0,tt3984082
John From Cincinnati,1,2007-06-10,3.419,1.5/4,tt0814164,1,1.0,1.0,tt1016105
John From Cincinnati,1,2007-06-17,1.207,0.5,tt0814164,2,1.0,2.0,tt1016106
John From Cincinnati,1,2007-06-24,1.183,0.5/2,tt0814164,3,1.0,3.0,tt1016107
John From Cincinnati,1,2007-07-01,1.231,0.6/2,tt0814164,4,1.0,4.0,tt1016108
John From Cincinnati,1,2007-07-08,1.332,0.6,tt0814164,5,1.0,5.0,tt1016109
John From Cincinnati,1,2007-07-15,1.320,0.7/2,tt0814164,6,1.0,6.0,tt1016110
John From Cincinnati,1,2007-07-22,1.052,0.5/2,tt0814164,7,1.0,7.0,tt1056333
John From Cincinnati,1,2007-07-29,1.179,0.5,tt0814164,8,1.0,8.0,tt1056334
John From Cincinnati,1,2007-08-05,0.987,0.4,tt0814164,9,1.0,9.0,tt1056335
John From Cincinnati,1,2007-08-12,1.216,0.6,tt0814164,10,1.0,10.0,tt1056332
Falling Water,1,,0.467,0.16,tt4520992,1,1.0,1.0,tt5050184
Falling Water,1,2016-10-13,0.670,0.19,tt4520992,2,1.0,2.0,tt5848496
Falling Water,1,2016-10-20,0.507,0.16,tt4520992,3,1.0,3.0,tt5866534
Falling Water,1,2016-10-27,0.527,0.15,tt4520992,4,1.0,4.0,tt5842260
Falling Water,1,2016-11-03,0.348,0.12,tt4520992,5,1.0,5.0,tt6034412
Falling Water,1,2016-11-10,0.469,0.14,tt4520992,6,1.0,6.0,tt5866548
Falling Water,1,2016-11-17,0.418,0.16,tt4520992,7,1.0,7.0,tt5863666
Falling Water,1,2016-12-01,0.511,0.15,tt4520992,8,1.0,8.0,tt5938712
Falling Water,1,2016-12-08,0.444,0.13,tt4520992,9,1.0,9.0,tt6163122
Falling Water,1,2016-12-15,0.444,0.13,tt4520992,10,1.0,10.0,tt6163124
Falling Water,1,2016-12-22,0.470,0.14,tt4520992,11,,,
Falling Water,2,2018-01-06,0.279,0.09,tt4520992,1,2.0,1.0,tt6737886
Falling Water,2,2018-01-13,0.413,0.08,tt4520992,2,2.0,2.0,tt7349418
Falling Water,2,2018-01-20,0.346,0.11,tt4520992,3,2.0,3.0,tt7439488
Falling Water,2,2018-01-27,0.424,0.13,tt4520992,4,2.0,4.0,tt7439494
Falling Water,2,2018-02-03,0.433,0.13,tt4520992,5,2.0,5.0,tt7439506
Falling Water,2,2018-02-10,0.255,0.08,tt4520992,6,2.0,6.0,tt7445238
Falling Water,2,2018-02-17,0.469,0.08,tt4520992,7,2.0,7.0,tt7445248
Falling Water,2,2018-02-24,0.197,0.06,tt4520992,8,2.0,8.0,tt7445252
Falling Water,2,2018-03-03,0.342,0.07,tt4520992,9,2.0,9.0,tt7445254
Falling Water,2,2018-03-10,0.335,0.11,tt4520992,10,2.0,10.0,tt7445260
Dark Matter,1,2015-06-12,1.279,0.31,tt19231492,1,1.0,1.0,tt21158452
Dark Matter,1,2015-06-19,0.946,0.22,tt19231492,2,1.0,2.0,tt21158488
Dark Matter,1,2015-06-26,1.068,0.20,tt19231492,3,,,
Dark Matter,1,2015-07-03,1.028,0.22,tt19231492,4,,,
Dark Matter,1,2015-07-10,1.096,0.25,tt19231492,5,,,
Dark Matter,1,2015-07-17,1.009,0.25,tt19231492,6,,,
Dark Matter,1,2015-07-24,1.122,0.29,tt19231492,7,,,
Dark Matter,1,2015-07-31,0.922,0.25,tt19231492,8,,,
Dark Matter,1,2015-08-07,0.984,0.25,tt19231492,9,,,
Dark Matter,1,2015-08-14,0.844,0.21,tt19231492,10,,,
Dark Matter,1,2015-08-21,0.959,0.26,tt19231492,11,,,
Dark Matter,1,2015-08-28,0.931,0.21,tt19231492,12,,,
Dark Matter,1,2015-08-28,0.937,0.21,tt19231492,13,,,
Dark Matter,2,2016-07-01,0.827,0.20,tt19231492,1,,,
Dark Matter,2,2016-07-08,0.717,0.16,tt19231492,2,,,
Dark Matter,2,2016-07-15,0.641,0.15,tt19231492,3,,,
Dark Matter,2,2016-07-22,0.563,0.13,tt19231492,4,,,
Dark Matter,2,2016-07-29,0.734,0.18,tt19231492,5,,,
Dark Matter,2,2016-08-05,0.654,0.15,tt19231492,6,,,
Dark Matter,2,2016-08-12,0.664,0.16,tt19231492,7,,,
Dark Matter,2,2016-08-19,0.657,0.19,tt19231492,8,,,
Dark Matter,2,2016-08-26,0.762,0.22,tt19231492,9,,,
Dark Matter,2,,0.608,0.14,tt19231492,10,,,
Dark Matter,2,,0.742,0.18,tt19231492,11,,,
Dark Matter,2,,0.538,0.11,tt19231492,12,,,
Dark Matter,2,,0.687,0.19,tt19231492,13,,,
Dark Matter,3,2017-06-09,0.587,0.15,tt19231492,1,,,
Dark Matter,3,2017-06-16,0.662,0.17,tt19231492,2,,,
Dark Matter,3,2017-06-23,0.607,0.16,tt19231492,3,,,
Dark Matter,3,2017-06-30,0.619,0.16,tt19231492,4,,,
Dark Matter,3,2017-07-07,0.583,0.13,tt19231492,5,,,
Dark Matter,3,2017-07-14,0.568,0.15,tt19231492,6,,,
Dark Matter,3,2017-07-21,0.502,0.11,tt19231492,7,,,
Dark Matter,3,2017-07-28,0.693,0.17,tt19231492,8,,,
Dark Matter,3,2017-08-04,0.639,0.15,tt19231492,9,,,
Dark Matter,3,2017-08-11,0.602,0.14,tt19231492,10,,,
Dark Matter,3,2017-08-18,0.642,0.14,tt19231492,11,,,
Dark Matter,3,2017-08-25,0.686,0.15,tt19231492,12,,,
Alphas,1,2011-07-11,2.515,0.9,tt1183865,1,1.0,1.0,tt1185995
Alphas,1,2011-07-18,2.225,0.8,tt1183865,2,1.0,2.0,tt1185997
Alphas,1,2011-07-25,1.954,0.7,tt1183865,3,1.0,3.0,tt1185996
Alphas,1,2011-08-01,2.031,0.7,tt1183865,4,1.0,4.0,tt1185998
Alphas,1,2011-08-08,2.011,0.7,tt1183865,5,1.0,5.0,tt1185999
Alphas,1,2011-08-15,1.832,0.6,tt1183865,6,1.0,6.0,tt1977150
Alphas,1,2011-08-22,1.879,0.7,tt1183865,7,1.0,7.0,tt1186000
Alphas,1,2011-08-29,1.789,0.6,tt1183865,8,1.0,8.0,tt1990458
Alphas,1,,1.510,0.5,tt1183865,9,1.0,9.0,tt2008041
Alphas,1,,1.390,0.5,tt1183865,10,1.0,10.0,tt2008042
Alphas,1,,1.162,0.5,tt1183865,11,1.0,11.0,tt2015548
Alphas,2,2012-07-23,1.747,0.6,tt1183865,1,2.0,1.0,tt2081607
Alphas,2,2012-07-30,1.351,0.5,tt1183865,2,2.0,2.0,tt2245448
Alphas,2,2012-08-06,1.379,0.6,tt1183865,3,2.0,3.0,tt2383113
Alphas,2,2012-08-13,0.988,0.4,tt1183865,4,2.0,4.0,tt2156046
Alphas,2,2012-08-20,1.376,0.5,tt1183865,5,2.0,5.0,tt2162166
Alphas,2,2012-08-27,1.726,0.5,tt1183865,6,2.0,6.0,tt2175108
Alphas,2,,1.324,0.5,tt1183865,7,2.0,7.0,tt2174950
Alphas,2,,1.307,0.4,tt1183865,8,2.0,8.0,tt2207724
Alphas,2,,1.233,0.4,tt1183865,9,2.0,9.0,tt2250968
Alphas,2,2012-10-01,1.066,0.4,tt1183865,10,2.0,10.0,tt2303338
Alphas,2,2012-10-08,1.118,0.5,tt1183865,11,2.0,11.0,tt2270976
Alphas,2,2012-10-15,1.163,0.4,tt1183865,12,2.0,12.0,tt2389318
Alphas,2,2012-10-22,1.172,0.5,tt1183865,13,2.0,13.0,tt2389320
Startup U,1,2015-08-11,0.223,0.13,tt5028002,1,1.0,1.0,tt5653618
Startup U,1,2015-08-18,0.096,0.06,tt5028002,2,1.0,2.0,tt5622722
Startup U,1,2015-08-25,0.047,0.02,tt5028002,3,1.0,3.0,tt5716892
Startup U,1,,0.063,0.03,tt5028002,4,1.0,4.0,tt5699410
Startup U,1,,0.106,0.05,tt5028002,5,1.0,5.0,tt5758464
Startup U,1,,0.058,0.03,tt5028002,6,1.0,6.0,tt5718010
Startup U,1,,0.060,0.03,tt5028002,7,1.0,7.0,tt5718154
Startup U,1,2015-10-01,0.065,0.03,tt5028002,8,1.0,8.0,tt5685470
Startup U,1,2015-10-08,0.108,0.07,tt5028002,9,1.0,9.0,tt5685472
Startup U,1,2015-10-15,0.078,0.03,tt5028002,10,1.0,10.0,tt5685478
The Closer,1,2005-06-13,7.027,2.0,tt0458253,1,1.0,1.0,tt0542962
The Closer,1,2005-06-20,5.569,1.5/4,tt0458253,2,1.0,2.0,tt0542955
The Closer,1,2005-06-27,5.351,1.3/4,tt0458253,3,1.0,3.0,tt0542965
The Closer,1,2005-07-04,3.777,-,tt0458253,4,1.0,4.0,tt0542963
The Closer,1,2005-07-11,5.004,-,tt0458253,5,1.0,5.0,tt0542959
The Closer,1,2005-07-18,4.914,1.3,tt0458253,6,1.0,6.0,tt0542957
The Closer,1,2005-07-25,5.205,-,tt0458253,7,1.0,7.0,tt0542967
The Closer,1,2005-08-01,6.125,1.8,tt0458253,8,1.0,8.0,tt0542956
The Closer,1,2005-08-08,5.386,1.6,tt0458253,9,1.0,9.0,tt0542960
The Closer,1,2005-08-15,5.114,1.5/4,tt0458253,10,1.0,10.0,tt0542966
The Closer,1,2005-08-22,5.334,1.4,tt0458253,11,1.0,11.0,tt0542961
The Closer,1,2005-08-29,5.770,1.5,tt0458253,12,1.0,12.0,tt0542958
The Closer,1,,6.390,1.8/4,tt0458253,13,1.0,13.0,tt0542964
The Closer,2,2006-06-12,8.278,2.0/5,tt0458253,1,2.0,1.0,tt0769877
The Closer,2,2006-06-19,6.110,1.5/4,tt0458253,2,2.0,2.0,tt0785137
The Closer,2,2006-06-26,5.58,1.4,tt0458253,3,2.0,3.0,tt0822967
The Closer,2,2006-07-03,5.299,-,tt0458253,4,2.0,4.0,tt0818334
The Closer,2,2006-07-10,6.400,1.6/5,tt0458253,5,2.0,5.0,tt0822968
The Closer,2,2006-07-17,5.70,1.4/4,tt0458253,6,2.0,6.0,tt0798028
The Closer,2,2006-07-24,6.63,1.7/5,tt0458253,7,2.0,7.0,tt0809265
The Closer,2,2006-07-31,6.93,1.7/5,tt0458253,8,2.0,8.0,tt0836884
The Closer,2,2006-08-07,6.442,1.6/4,tt0458253,9,2.0,9.0,tt0820376
The Closer,2,2006-08-14,6.569,1.7/5,tt0458253,10,2.0,10.0,tt0824824
The Closer,2,2006-08-21,6.345,1.8,tt0458253,11,2.0,11.0,tt0823877
The Closer,2,2006-08-28,6.50,1.8/5,tt0458253,12,2.0,12.0,tt0849873
The Closer,2,,7.59,2.1/5,tt0458253,13,2.0,13.0,tt0845636
The Closer,2,2006-12-04,5.435,1.4,tt0458253,14,2.0,14.0,tt0863348
The Closer,3,2007-06-18,8.812,2.2/,tt0458253,1,3.0,1.0,tt0974071
The Closer,3,2007-06-25,6.448,1.5/4,tt0458253,2,3.0,2.0,tt0979464
The Closer,3,2007-07-02,7.187,1.7/5,tt0458253,3,3.0,3.0,tt0944339
The Closer,3,2007-07-09,7.408,1.8/5,tt0458253,4,3.0,4.0,tt1009326
The Closer,3,2007-07-16,6.848,1.6/5,tt0458253,5,3.0,5.0,tt1028146
The Closer,3,2007-07-23,7.288,1.5/4,tt0458253,6,3.0,6.0,tt1015575
The Closer,3,2007-07-30,7.672,1.6/5,tt0458253,7,3.0,7.0,tt1037344
The Closer,3,2007-08-06,7.526,1.6/5,tt0458253,8,3.0,8.0,tt1041256
The Closer,3,2007-08-13,7.363,1.5/4,tt0458253,9,3.0,9.0,tt1054783
The Closer,3,2007-08-20,7.72,1.7/5,tt0458253,10,3.0,10.0,tt1088215
The Closer,3,2007-08-27,7.78,1.7/5,tt0458253,11,3.0,11.0,tt1088216
The Closer,3,,8.172,2.0/5,tt0458253,12,3.0,12.0,tt1089844
The Closer,3,,9.207,2.2/5,tt0458253,13,3.0,13.0,tt1089845
The Closer,3,2007-12-03,6.053,1.3/3,tt0458253,14,3.0,14.0,tt1094774
The Closer,4,2008-07-14,7.809,1.9/5,tt0458253,1,4.0,1.0,tt1230305
The Closer,4,2008-07-21,7.058,1.6/5,tt0458253,2,4.0,2.0,tt1230312
The Closer,4,2008-07-28,7.358,1.8/5,tt0458253,3,4.0,3.0,tt1230314
The Closer,4,2008-08-04,7.863,1.8/5,tt0458253,4,4.0,4.0,tt1230313
The Closer,4,2008-08-11,6.419,1.3,tt0458253,5,4.0,5.0,tt1230315
The Closer,4,2008-08-18,6.445,1.4/4,tt0458253,6,4.0,6.0,tt1230316
The Closer,4,2008-08-25,7.415,1.6,tt0458253,7,4.0,7.0,tt1230317
The Closer,4,,8.050,2.0/5,tt0458253,8,4.0,8.0,tt1230318
The Closer,4,,7.440,1.7/4,tt0458253,9,4.0,9.0,tt1230319
The Closer,4,,7.627,1.8/4,tt0458253,10,4.0,10.0,tt1230306
The Closer,4,2009-01-26,6.243,1.5,tt0458253,11,4.0,11.0,tt1230307
The Closer,4,2009-02-02,5.369,1.2/3,tt0458253,12,4.0,12.0,tt1230308
The Closer,4,2009-02-09,5.437,1.3/3,tt0458253,13,4.0,13.0,tt1230309
The Closer,4,2009-02-16,5.887,-,tt0458253,14,4.0,14.0,tt1230310
The Closer,4,2009-02-23,6.011,-,tt0458253,15,4.0,15.0,tt1230311
The Closer,5,2009-06-08,7.139,1.7/5,tt0458253,1,5.0,1.0,tt1421894
The Closer,5,2009-06-15,6.469,1.4/4,tt0458253,2,5.0,2.0,tt1398069
The Closer,5,2009-06-22,6.410,1.4,tt0458253,3,5.0,3.0,tt1422525
The Closer,5,2009-06-29,6.295,1.3/4,tt0458253,4,5.0,4.0,tt1412348
The Closer,5,2009-07-06,6.053,-,tt0458253,5,5.0,5.0,tt1427512
The Closer,5,2009-07-13,6.590,1.4/4,tt0458253,6,5.0,6.0,tt1420891
The Closer,5,2009-07-20,6.601,1.4/4,tt0458253,7,5.0,7.0,tt1440049
The Closer,5,2009-07-27,7.455,1.7/5,tt0458253,8,5.0,8.0,tt1445403
The Closer,5,2009-08-03,6.976,-,tt0458253,9,5.0,9.0,tt1476880
The Closer,5,2009-08-10,6.953,1.6,tt0458253,10,5.0,10.0,tt1472941
The Closer,5,2009-08-17,7.313,1.6/4,tt0458253,11,5.0,11.0,tt1477517
The Closer,5,2009-08-24,7.390,1.7/5,tt0458253,12,5.0,12.0,tt1495240
The Closer,5,2009-12-07,6.180,1.4/3,tt0458253,13,5.0,13.0,tt1497827
The Closer,5,2009-12-14,3.545,1.2/3,tt0458253,14,5.0,14.0,tt1498084
The Closer,5,2009-12-21,5.971,1.4/4,tt0458253,15,5.0,15.0,tt1549812
The Closer,6,2010-07-12,7.660,1.5/4,tt0458253,1,6.0,1.0,tt1626042
The Closer,6,2010-07-19,6.972,1.3/4,tt0458253,2,6.0,2.0,tt1626049
The Closer,6,2010-07-26,6.751,1.2/3,tt0458253,3,6.0,3.0,tt1626050
The Closer,6,2010-08-02,6.942,1.5/4,tt0458253,4,6.0,4.0,tt1626051
The Closer,6,2010-08-09,7.215,1.4/4,tt0458253,5,6.0,5.0,tt1626052
The Closer,6,2010-08-16,6.818,1.2/3,tt0458253,6,6.0,6.0,tt1626053
The Closer,6,2010-08-23,7.045,1.4/4,tt0458253,7,6.0,7.0,tt1626054
The Closer,6,2010-08-30,7.607,1.4/4,tt0458253,8,6.0,8.0,tt1626055
The Closer,6,,7.917,1.5/4,tt0458253,9,6.0,9.0,tt1626056
The Closer,6,,7.209,1.4/4,tt0458253,10,6.0,10.0,tt1626043
The Closer,6,2010-12-06,5.817,1.0/3,tt0458253,11,6.0,11.0,tt1626044
The Closer,6,2010-12-13,5.456,1.0/3,tt0458253,12,6.0,12.0,tt1626045
The Closer,6,2010-12-20,5.400,0.9/2,tt0458253,13,6.0,13.0,tt1626047
The Closer,6,2010-12-27,6.514,1.2/,tt0458253,14,6.0,14.0,tt1626048
The Closer,6,2011-01-03,6.626,1.1/3,tt0458253,15,6.0,15.0,tt1626046
The Closer,7,2011-07-11,7.227,1.4,tt0458253,1,7.0,1.0,tt1956305
The Closer,7,2011-07-18,6.470,1.1,tt0458253,2,7.0,2.0,tt1928916
The Closer,7,2011-07-25,6.150,1.1,tt0458253,3,7.0,3.0,tt1964107
The Closer,7,2011-08-01,6.553,1.3,tt0458253,4,7.0,4.0,tt1964108
The Closer,7,2011-08-08,6.502,1.1,tt0458253,5,7.0,5.0,tt1949388
The Closer,7,2011-08-15,6.725,1.2,tt0458253,6,7.0,6.0,tt1960935
The Closer,7,2011-08-22,6.573,1.2,tt0458253,7,7.0,7.0,tt2007855
The Closer,7,2011-08-29,6.831,1.2,tt0458253,8,7.0,8.0,tt1985832
The Closer,7,,7.174,1.3,tt0458253,9,7.0,9.0,tt2000297
The Closer,7,,6.154,1.0,tt0458253,10,7.0,10.0,tt2009277
The Closer,7,2011-11-28,5.397,0.9,tt0458253,11,7.0,11.0,tt2092316
The Closer,7,2011-12-05,4.854,0.8,tt0458253,12,7.0,12.0,tt2092317
The Closer,7,2011-12-12,5.295,1.0,tt0458253,13,7.0,13.0,tt2092318
The Closer,7,2011-12-19,5.812,1.0,tt0458253,14,7.0,14.0,tt2078364
The Closer,7,2011-12-26,6.163,1.1,tt0458253,15,7.0,15.0,tt2092320
The Closer,7,2012-07-09,6.145,0.9,tt0458253,16,7.0,16.0,tt2091139
The Closer,7,2012-07-16,6.362,1.0,tt0458253,17,7.0,17.0,tt2180097
The Closer,7,2012-07-23,5.836,1.0,tt0458253,18,7.0,18.0,tt2177007
The Closer,7,2012-07-30,5.766,1.0,tt0458253,19,7.0,19.0,tt2220216
The Closer,7,2012-08-06,6.002,1.0,tt0458253,20,7.0,20.0,tt2355235
The Closer,7,2012-08-13,9.075,1.6,tt0458253,21,7.0,21.0,tt2341631
The Soul Man,1,2012-06-20,1.924,0.6,tt2400129,1,1.0,1.0,tt2169582
The Soul Man,1,2012-06-27,1.201,0.3,tt2400129,2,1.0,2.0,tt2230844
The Soul Man,1,2012-07-04,0.807,0.3,tt2400129,3,1.0,3.0,tt2230836
The Soul Man,1,2012-07-11,0.886,0.3,tt2400129,4,1.0,4.0,tt2230864
The Soul Man,1,2012-07-18,0.851,0.3,tt2400129,5,1.0,5.0,tt2230840
The Soul Man,1,2012-07-25,1.117,0.3,tt2400129,6,1.0,6.0,tt2230850
The Soul Man,1,2012-08-01,0.951,0.3,tt2400129,7,1.0,7.0,tt2315126
The Soul Man,1,2012-08-08,1.027,0.4,tt2400129,8,1.0,8.0,tt2327016
The Soul Man,1,2012-08-15,1.030,0.3,tt2400129,9,1.0,9.0,tt2327002
The Soul Man,1,2012-08-22,0.967,0.3,tt2400129,10,,,
The Soul Man,1,2012-08-29,1.014,0.3,tt2400129,11,1.0,11.0,tt2326998
The Soul Man,1,,0.992,0.3,tt2400129,12,1.0,12.0,tt2326996
The Soul Man,2,2013-06-19,0.830,0.24,tt2400129,1,2.0,1.0,tt2579132
The Soul Man,2,2013-06-26,0.773,0.22,tt2400129,2,2.0,2.0,tt2994508
The Soul Man,2,2013-07-10,0.622,0.19,tt2400129,3,2.0,3.0,tt3043964
The Soul Man,2,2013-07-17,0.852,0.23,tt2400129,4,2.0,4.0,tt2915278
The Soul Man,2,2013-07-24,0.717,0.23,tt2400129,5,2.0,5.0,tt3053368
The Soul Man,2,2013-07-31,0.903,0.3,tt2400129,6,,,
The Soul Man,2,2013-08-07,0.897,0.3,tt2400129,7,,,
The Soul Man,2,2013-08-14,0.794,0.27,tt2400129,8,,,
The Soul Man,2,2013-08-21,0.957,0.26,tt2400129,9,,,
The Soul Man,2,2013-08-28,0.885,0.3,tt2400129,10,,,
The Soul Man,3,2014-03-26,1.019,0.30,tt2400129,1,3.0,1.0,tt3383322
The Soul Man,3,2014-04-02,0.806,0.21,tt2400129,2,3.0,2.0,tt3626628
The Soul Man,3,2014-04-09,0.814,0.18,tt2400129,3,3.0,3.0,tt3626630
The Soul Man,3,2014-04-16,0.782,0.15,tt2400129,4,,,
The Soul Man,3,2014-04-23,0.686,0.21,tt2400129,5,,,
The Soul Man,3,2014-04-30,0.717,0.21,tt2400129,6,,,
The Soul Man,3,,0.658,0.11,tt2400129,7,,,
The Soul Man,3,,0.770,0.23,tt2400129,8,,,
The Soul Man,4,2015-03-18,0.606,0.20,tt2400129,1,4.0,1.0,tt3916388
The Soul Man,4,2015-03-25,0.456,0.10,tt2400129,2,,,
The Soul Man,4,2015-04-01,0.610,0.16,tt2400129,3,,,
The Soul Man,4,2015-04-08,0.462,0.18,tt2400129,4,,,
The Soul Man,4,2015-04-15,0.485,0.17,tt2400129,5,,,
The Soul Man,4,2015-04-22,0.396,0.09,tt2400129,6,,,
The Soul Man,4,2015-04-29,0.396,0.11,tt2400129,7,,,
The Soul Man,4,,0.539,0.17,tt2400129,8,,,
The Soul Man,4,,0.585,0.20,tt2400129,9,,,
The Soul Man,4,,0.478,0.11,tt2400129,10,,,
The Soul Man,4,,0.399,0.08,tt2400129,11,,,
The Soul Man,4,,0.335,0.07,tt2400129,12,,,
The Soul Man,5,2016-03-30,0.445,0.12,tt2400129,1,5.0,1.0,tt4926076
The Soul Man,5,2016-04-06,0.398,0.12,tt2400129,2,,,
The Soul Man,5,2016-04-13,0.301,0.09,tt2400129,3,,,
The Soul Man,5,2016-04-20,0.358,0.08,tt2400129,4,,,
The Soul Man,5,2016-04-27,0.308,0.08,tt2400129,5,,,
The Soul Man,5,,0.311,0.10,tt2400129,6,,,
The Soul Man,5,,0.276,0.07,tt2400129,7,,,
The Soul Man,5,,0.391,0.11,tt2400129,8,,,
The Soul Man,5,,0.298,0.07,tt2400129,9,,,
The Soul Man,5,2016-06-01,0.314,0.08,tt2400129,10,,,
The Soul Man,5,2016-06-15,0.315,0.08,tt2400129,11,,,
The Soul Man,5,2016-06-22,0.322,0.07,tt2400129,12,,,
Clique,1,2018-11-07,0.011,0.00,tt6563112,1,1.0,1.0,tt6614394
Clique,1,2018-11-07,0.011,0.00,tt6563112,2,1.0,2.0,tt6614398
Clique,1,2018-11-14,0.012,0.00,tt6563112,3,1.0,3.0,tt6614410
Clique,1,2018-11-21,0.040,0.01,tt6563112,4,1.0,4.0,tt6614416
Clique,1,2018-11-28,0.011,0.00,tt6563112,5,1.0,5.0,tt6614422
Clique,1,2018-11-28,0.011,0.00,tt6563112,6,1.0,6.0,tt6606210
Clique,2,2019-07-04,0.014,0.00,tt6563112,1,2.0,1.0,tt7863134
Clique,2,2019-07-04,0.008,0.00,tt6563112,2,2.0,2.0,tt9028786
Clique,2,2019-07-04,0.006,0.00,tt6563112,3,2.0,3.0,tt9028708
Clique,2,2019-07-04,0.010,0.00,tt6563112,4,2.0,4.0,tt9028790
Clique,2,2019-07-04,0.013,0.00,tt6563112,5,2.0,5.0,tt9028804
Clique,2,2019-07-04,0.010,0.00,tt6563112,6,2.0,6.0,tt9028806
Helix,1,2014-01-10,1.824,0.58,tt2758950,1,1.0,1.0,tt3077620
Helix,1,2014-01-17,1.337,0.43,tt2758950,2,1.0,2.0,tt3199326
Helix,1,2014-01-24,1.393,0.44,tt2758950,3,1.0,3.0,tt3258804
Helix,1,2014-01-31,1.132,0.39,tt2758950,4,1.0,4.0,tt3156214
Helix,1,2014-02-07,1.331,0.46,tt2758950,5,1.0,5.0,tt3217984
Helix,1,2014-02-14,1.169,0.32,tt2758950,6,1.0,6.0,tt3348266
Helix,1,2014-02-21,1.476,0.43,tt2758950,7,1.0,7.0,tt3348268
Helix,1,2014-02-28,1.287,0.41,tt2758950,8,1.0,8.0,tt3348270
Helix,1,2014-03-07,1.281,0.43,tt2758950,9,1.0,9.0,tt3362048
Helix,1,2014-03-14,1.181,0.46,tt2758950,10,1.0,10.0,tt3348272
Helix,1,2014-03-21,1.237,0.43,tt2758950,11,1.0,11.0,tt3326192
Helix,1,2014-03-28,1.375,0.44,tt2758950,12,1.0,12.0,tt3326196
Helix,2,2015-01-16,1.003,0.30,tt2758950,1,2.0,1.0,tt3631420
Helix,2,2015-01-23,0.697,0.29,tt2758950,2,2.0,2.0,tt3735772
Helix,2,2015-01-30,0.634,0.22,tt2758950,3,2.0,3.0,tt3735774
Helix,2,2015-02-06,0.484,0.14,tt2758950,4,2.0,4.0,tt3735776
Helix,2,2015-02-13,0.443,0.13,tt2758950,5,2.0,5.0,tt3735778
Helix,2,2015-02-20,0.474,0.10,tt2758950,6,2.0,6.0,tt3735780
Helix,2,2015-02-27,0.465,0.13,tt2758950,7,2.0,7.0,tt3735782
Helix,2,2015-03-06,0.522,0.15,tt2758950,8,2.0,8.0,tt3735784
Helix,2,2015-03-13,0.547,0.19,tt2758950,9,2.0,9.0,tt3735786
Helix,2,2015-03-20,0.570,0.18,tt2758950,10,2.0,10.0,tt3735788
Helix,2,2015-03-27,0.519,0.15,tt2758950,11,2.0,11.0,tt3735790
Helix,2,2015-04-03,0.540,0.16,tt2758950,12,2.0,12.0,tt3735792
Helix,2,2015-04-10,0.438,0.12,tt2758950,13,2.0,13.0,tt3735794
The Exes,1,2011-11-30,1.435,0.3,tt1830888,1,1.0,1.0,tt2074982
The Exes,1,2011-12-07,0.938,0.2,tt1830888,2,1.0,2.0,tt2128290
The Exes,1,2011-12-14,1.181,0.3,tt1830888,3,1.0,3.0,tt2136384
The Exes,1,2011-12-21,1.177,0.3,tt1830888,4,1.0,4.0,tt2148551
The Exes,1,2011-12-28,1.466,0.3,tt1830888,5,1.0,5.0,tt2019824
The Exes,1,2012-01-04,1.316,0.3,tt1830888,6,1.0,6.0,tt2148547
The Exes,1,2012-01-11,1.237,0.3,tt1830888,7,1.0,7.0,tt2148549
The Exes,1,2012-01-18,0.985,0.2,tt1830888,8,1.0,8.0,tt2148553
The Exes,1,2012-01-25,0.931,0.2,tt1830888,9,1.0,9.0,tt2148555
The Exes,1,2012-02-01,1.188,0.3,tt1830888,10,1.0,10.0,tt2071953
The Exes,2,2012-06-20,1.241,0.4,tt1830888,1,2.0,1.0,tt2163670
The Exes,2,2012-06-27,0.928,0.3,tt1830888,2,2.0,2.0,tt2238312
The Exes,2,2012-07-04,0.787,0.3,tt1830888,3,2.0,3.0,tt2191908
The Exes,2,2012-07-11,0.741,0.2,tt1830888,4,2.0,4.0,tt2241832
The Exes,2,2012-07-18,0.787,0.3,tt1830888,5,2.0,5.0,tt2241836
The Exes,2,2012-07-25,0.922,0.3,tt1830888,6,2.0,6.0,tt2241838
The Exes,2,2012-08-01,0.814,0.3,tt1830888,7,2.0,7.0,tt2315072
The Exes,2,2012-08-08,0.908,0.3,tt1830888,8,2.0,8.0,tt2329070
The Exes,2,2012-08-15,0.976,0.3,tt1830888,9,2.0,9.0,tt2314490
The Exes,2,2012-08-22,0.952,0.3,tt1830888,10,2.0,10.0,tt2346506
The Exes,2,2012-08-29,0.951,0.2,tt1830888,11,2.0,11.0,tt2346510
The Exes,2,,0.928,0.3,tt1830888,12,2.0,12.0,tt2171561
The Exes,3,2013-06-19,1.266,0.4,tt1830888,1,3.0,1.0,tt2579110
The Exes,3,2013-06-26,0.942,0.2,tt1830888,2,3.0,2.0,tt2994592
The Exes,3,2013-07-10,0.886,0.3,tt1830888,3,3.0,3.0,tt3055304
The Exes,3,2013-07-17,1.076,0.3,tt1830888,4,3.0,4.0,tt2994598
The Exes,3,2013-07-24,0.997,0.3,tt1830888,5,3.0,5.0,tt2994594
The Exes,3,2013-07-31,1.188,0.4,tt1830888,6,3.0,6.0,tt2952114
The Exes,3,2013-08-07,1.118,0.3,tt1830888,7,3.0,7.0,tt2935862
The Exes,3,2013-08-14,0.952,0.2,tt1830888,8,3.0,8.0,tt2956600
The Exes,3,2013-08-21,1.273,0.3,tt1830888,9,3.0,9.0,tt3122692
The Exes,3,2013-08-28,1.220,0.3,tt1830888,10,3.0,10.0,tt3152196
The Exes,3,2013-12-11,0.549,0.1,tt1830888,11,3.0,11.0,tt3091546
The Exes,3,2013-12-18,0.667,0.2,tt1830888,12,3.0,12.0,tt3345070
The Exes,3,2014-01-01,0.877,0.2,tt1830888,13,3.0,13.0,tt3425440
The Exes,3,2014-01-08,0.818,0.1,tt1830888,14,3.0,14.0,tt3445508
The Exes,3,2014-01-22,0.786,0.14,tt1830888,15,3.0,15.0,tt3490678
The Exes,3,2014-01-29,0.896,0.25,tt1830888,16,3.0,16.0,tt3507818
The Exes,3,2014-02-05,0.870,0.21,tt1830888,17,3.0,17.0,tt3516978
The Exes,3,2014-02-12,0.693,0.15,tt1830888,18,3.0,18.0,tt3516984
The Exes,3,2014-02-19,0.636,0.17,tt1830888,19,3.0,19.0,tt3516982
The Exes,3,2014-02-26,0.999,0.22,tt1830888,20,3.0,20.0,tt3572038
The Exes,4,2014-11-05,0.472,0.11,tt1830888,1,4.0,1.0,tt3511330
The Exes,4,2014-11-12,0.665,0.14,tt1830888,2,4.0,2.0,tt3851620
The Exes,4,2014-11-19,0.507,0.10,tt1830888,3,4.0,3.0,tt3920762
The Exes,4,2014-11-26,0.723,0.18,tt1830888,4,4.0,4.0,tt3968292
The Exes,4,2014-12-03,0.454,0.10,tt1830888,5,4.0,5.0,tt4213514
The Exes,4,2014-12-10,0.703,0.20,tt1830888,6,4.0,6.0,tt4213516
The Exes,4,2014-12-17,0.614,0.10,tt1830888,7,4.0,7.0,tt3953960
The Exes,4,2015-01-07,0.551,0.13,tt1830888,8,4.0,8.0,tt4335920
The Exes,4,2015-01-14,0.601,0.14,tt1830888,9,4.0,9.0,tt4354916
The Exes,4,2015-01-21,0.685,0.16,tt1830888,10,4.0,10.0,tt4381158
The Exes,4,2015-01-28,0.674,0.17,tt1830888,11,4.0,11.0,tt4255880
The Exes,4,2015-02-04,0.609,0.15,tt1830888,12,4.0,12.0,tt4426044
The Exes,4,2015-07-15,0.537,0.15,tt1830888,13,4.0,13.0,tt4801538
The Exes,4,2015-07-22,0.428,0.08,tt1830888,14,4.0,14.0,tt4806514
The Exes,4,2015-07-29,0.420,0.12,tt1830888,15,4.0,15.0,tt4806528
The Exes,4,2015-08-05,0.343,0.09,tt1830888,16,4.0,16.0,tt4483852
The Exes,4,2015-08-12,0.416,0.11,tt1830888,17,4.0,17.0,tt4934676
The Exes,4,2015-08-19,0.418,0.09,tt1830888,18,4.0,18.0,tt4681712
The Exes,4,2015-08-26,0.352,0.09,tt1830888,19,4.0,19.0,tt4538216
The Exes,4,,0.495,0.14,tt1830888,20,4.0,20.0,tt4950330
The Exes,4,,0.364,0.08,tt1830888,21,4.0,21.0,tt4771894
The Exes,4,,0.419,0.10,tt1830888,22,4.0,22.0,tt4950332
Looking,1,2014-01-19,0.338,0.15,tt2581458,1,1.0,1.0,tt3166378
Looking,1,2014-01-26,0.286,0.12,tt2581458,2,1.0,2.0,tt3166380
Looking,1,2014-02-01,0.118,0.06,tt2581458,3,1.0,3.0,tt3166382
Looking,1,,0.183,0.08,tt2581458,4,1.0,4.0,tt3166384
Looking,1,2014-02-09,0.446,0.2,tt2581458,5,1.0,5.0,tt3166386
Looking,1,2014-02-16,0.505,0.26,tt2581458,6,1.0,6.0,tt3166388
Looking,1,2014-02-23,0.519,-,tt2581458,7,1.0,7.0,tt3166390
Looking,1,2014-03-02,0.433,0.20,tt2581458,8,1.0,8.0,tt3166394
Looking,1,2014-03-09,0.425,0.20,tt2581458,9,,,
Looking,2,2015-01-11,0.183,0.09,tt2581458,1,2.0,1.0,tt3563754
Looking,2,2015-01-18,0.195,0.09,tt2581458,2,2.0,2.0,tt3682562
Looking,2,2015-01-25,0.324,0.15,tt2581458,3,2.0,3.0,tt3682566
Looking,2,2015-02-08,0.192,0.09,tt2581458,4,2.0,4.0,tt3682560
Looking,2,2015-02-15,0.150,0.04,tt2581458,5,2.0,5.0,tt3682552
Looking,2,2015-02-22,0.204,0.10,tt2581458,6,2.0,6.0,tt3682564
Looking,2,2015-03-01,0.239,0.11,tt2581458,7,2.0,7.0,tt3682558
Looking,2,2015-03-08,0.303,0.10,tt2581458,8,2.0,8.0,tt3682554
Looking,2,2015-03-15,0.312,0.14,tt2581458,9,2.0,9.0,tt3817722
Looking,2,2015-03-22,0.298,0.12,tt2581458,10,2.0,10.0,tt3817726
Damages,1,2007-07-24,3.656,0.9/3,tt0914387,1,1.0,1.0,tt1003349
Damages,1,2007-07-31,2.933,1.0/3,tt0914387,2,1.0,2.0,tt1003354
Damages,1,2007-08-07,2.056,0.7,tt0914387,3,1.0,3.0,tt1003355
Damages,1,2007-08-14,2.121,0.7,tt0914387,4,1.0,4.0,tt1003356
Damages,1,2007-08-21,2.149,0.8/2,tt0914387,5,1.0,5.0,tt1003357
Damages,1,,2.139,0.8,tt0914387,6,1.0,6.0,tt1003358
Damages,1,,2.137,0.7,tt0914387,7,1.0,7.0,tt1003359
Damages,1,,1.699,0.6/2,tt0914387,8,1.0,8.0,tt1003360
Damages,1,,1.162,0.5/1,tt0914387,9,1.0,9.0,tt1003361
Damages,1,2007-10-02,1.363,0.4,tt0914387,10,1.0,10.0,tt1003350
Damages,1,2007-10-09,1.383,0.5,tt0914387,11,1.0,11.0,tt1003351
Damages,1,2007-10-16,1.650,0.6,tt0914387,12,1.0,12.0,tt1003352
Damages,1,2007-10-23,1.694,0.6/2,tt0914387,13,1.0,13.0,tt1003353
Damages,2,2009-01-07,1.715,0.5/1,tt0914387,1,2.0,1.0,tt1141824
Damages,2,2009-01-14,1.135,0.5/1,tt0914387,2,2.0,2.0,tt1141829
Damages,2,2009-01-21,0.761,0.3,tt0914387,3,2.0,3.0,tt1141830
Damages,2,2009-01-28,1.027,0.4,tt0914387,4,2.0,4.0,tt1141831
Damages,2,2009-02-04,0.850,0.3/1,tt0914387,5,2.0,5.0,tt1141832
Damages,2,2009-02-11,0.941,0.4/1,tt0914387,6,2.0,6.0,tt1141833
Damages,2,2009-02-18,0.864,0.3/1,tt0914387,7,2.0,7.0,tt1141834
Damages,2,2009-02-25,0.887,0.3/1,tt0914387,8,2.0,8.0,tt1141835
Damages,2,2009-03-04,0.974,0.3,tt0914387,9,2.0,9.0,tt1141836
Damages,2,2009-03-11,0.703,0.2/1,tt0914387,10,2.0,10.0,tt1141825
Damages,2,2009-03-18,0.632,0.2/1,tt0914387,11,2.0,11.0,tt1141826
Damages,2,2009-03-25,0.890,0.3/1,tt0914387,12,2.0,12.0,tt1141827
Damages,2,2009-04-01,1.048,0.4/1,tt0914387,13,2.0,13.0,tt1141828
Damages,3,2010-01-25,1.428,0.3/1,tt0914387,1,3.0,1.0,tt1141837
Damages,3,2010-02-01,1.022,0.2/1,tt0914387,2,3.0,2.0,tt1141842
Damages,3,2010-02-08,1.075,0.2/1,tt0914387,3,3.0,3.0,tt1141843
Damages,3,2010-02-15,0.873,0.2/1,tt0914387,4,3.0,4.0,tt1141844
Damages,3,2010-02-22,0.816,0.2/0,tt0914387,5,3.0,5.0,tt1141845
Damages,3,2010-03-01,0.965,0.3/1,tt0914387,6,3.0,6.0,tt1141846
Damages,3,2010-03-08,0.924,0.2/1,tt0914387,7,3.0,7.0,tt1141847
Damages,3,2010-03-15,0.967,0.2/1,tt0914387,8,3.0,8.0,tt1141848
Damages,3,2010-03-22,0.925,0.2/1,tt0914387,9,3.0,9.0,tt1141849
Damages,3,2010-03-29,0.654,0.2/0,tt0914387,10,3.0,10.0,tt1141838
Damages,3,2010-04-05,0.745,0.2/1,tt0914387,11,3.0,11.0,tt1141839
Damages,3,2010-04-12,0.760,0.2/0,tt0914387,12,3.0,12.0,tt1141840
Damages,3,2010-04-19,0.906,0.2/0,tt0914387,13,3.0,13.0,tt1141841
Beyond,1,2017-01-01,0.946,0.34,tt21161156,1,1.0,1.0,tt21230892
Beyond,1,2017-01-02,1.182,0.31,tt21161156,2,1.0,2.0,tt21381900
Beyond,1,2017-01-02,1.066,0.27,tt21161156,3,1.0,3.0,tt21381914
Beyond,1,2017-01-09,0.599,0.17,tt21161156,4,1.0,4.0,tt21381926
Beyond,1,2017-01-16,0.506,0.14,tt21161156,5,1.0,5.0,tt21381946
Beyond,1,2017-01-23,0.412,0.14,tt21161156,6,1.0,6.0,tt21381960
Beyond,1,2017-01-30,0.381,0.13,tt21161156,7,,,
Beyond,1,2017-02-06,0.321,0.11,tt21161156,8,,,
Beyond,1,2017-02-13,0.345,0.09,tt21161156,9,,,
Beyond,1,2017-02-20,0.376,0.13,tt21161156,10,,,
Beyond,1,2017-02-27,0.304,0.09,tt21161156,11,,,
Beyond,2,2018-01-18,0.312,0.10,tt21161156,1,2.0,1.0,tt27466152
Beyond,2,2018-01-18,0.149,0.05,tt21161156,2,2.0,2.0,tt28253628
Beyond,2,2018-01-25,0.234,0.07,tt21161156,3,2.0,3.0,tt28253632
Beyond,2,2018-02-01,0.233,0.08,tt21161156,4,2.0,4.0,tt28253629
Beyond,2,2018-02-08,0.246,0.07,tt21161156,5,2.0,5.0,tt28253634
Beyond,2,2018-02-15,0.377,0.14,tt21161156,6,2.0,6.0,tt27881775
Beyond,2,2018-03-01,0.230,0.09,tt21161156,7,,,
Beyond,2,2018-03-08,0.153,0.05,tt21161156,8,,,
Beyond,2,2018-03-15,0.241,0.09,tt21161156,9,,,
Beyond,2,2018-03-22,0.263,0.09,tt21161156,10,,,
The Comeback,1,2005-06-05,1.505,1.0,tt0434672,1,1.0,1.0,tt0544642
The Comeback,1,2005-06-12,0.925,0.7,tt0434672,2,1.0,2.0,tt0544654
The Comeback,1,2005-06-19,0.784,0.6,tt0434672,3,1.0,3.0,tt0544643
The Comeback,1,2005-06-26,0.847,0.6,tt0434672,4,1.0,4.0,tt0544653
The Comeback,1,2005-07-10,0.931,0.6,tt0434672,5,1.0,5.0,tt0544644
The Comeback,1,2005-07-17,0.786,0.5,tt0434672,6,1.0,6.0,tt0544650
The Comeback,1,2005-07-24,0.955,0.7,tt0434672,7,1.0,7.0,tt0544647
The Comeback,1,2005-07-31,1.120,0.8,tt0434672,8,1.0,8.0,tt0544648
The Comeback,1,2005-08-07,0.937,0.6,tt0434672,9,1.0,9.0,tt0544649
The Comeback,1,2005-08-14,0.793,0.6,tt0434672,10,1.0,10.0,tt0544646
The Comeback,1,2005-08-21,1.038,0.7,tt0434672,11,1.0,11.0,tt0544652
The Comeback,1,2005-08-28,0.878,0.7,tt0434672,12,1.0,12.0,tt0544651
The Comeback,1,,0.920,0.7,tt0434672,13,1.0,13.0,tt0544645
The Comeback,2,2014-11-09,0.300,0.11,tt0434672,1,2.0,1.0,tt3698604
The Comeback,2,2014-11-16,0.183,0.06,tt0434672,2,2.0,2.0,tt3702918
The Comeback,2,2014-11-23,0.221,0.09,tt0434672,3,2.0,3.0,tt3702920
The Comeback,2,2014-11-30,0.267,0.11,tt0434672,4,2.0,4.0,tt3702916
The Comeback,2,2014-12-07,0.216,0.10,tt0434672,5,2.0,5.0,tt3702922
The Comeback,2,2014-12-14,0.238,0.09,tt0434672,6,2.0,6.0,tt3702924
The Comeback,2,2014-12-21,0.134,0.06,tt0434672,7,2.0,7.0,tt4034954
The Comeback,2,2014-12-28,0.242,0.12,tt0434672,8,2.0,8.0,tt4034956
Faking It,1,2014-04-22,1.165,0.51,tt3127020,1,1.0,1.0,tt3289260
Faking It,1,2014-04-29,0.859,0.35,tt3127020,2,1.0,2.0,tt3499122
Faking It,1,,0.928,0.41,tt3127020,3,1.0,3.0,tt3499124
Faking It,1,,0.858,0.42,tt3127020,4,1.0,4.0,tt3499126
Faking It,1,,0.885,0.38,tt3127020,5,1.0,5.0,tt3499128
Faking It,1,,0.952,0.44,tt3127020,6,1.0,6.0,tt3499130
Faking It,1,2014-06-03,0.980,0.44,tt3127020,7,1.0,7.0,tt3499134
Faking It,1,2014-06-10,0.966,0.39,tt3127020,8,1.0,8.0,tt3499136
Faking It,2,,1.042,0.51,tt3127020,1,2.0,1.0,tt3793628
Faking It,2,,0.751,0.36,tt3127020,2,2.0,2.0,tt3908660
Faking It,2,2014-10-07,0.729,0.33,tt3127020,3,2.0,3.0,tt3997370
Faking It,2,2014-10-14,0.645,0.31,tt3127020,4,2.0,4.0,tt4074274
Faking It,2,2014-10-21,0.713,0.36,tt3127020,5,2.0,5.0,tt3983194
Faking It,2,2014-10-28,0.687,0.35,tt3127020,6,2.0,6.0,tt3983192
Faking It,2,2014-11-04,0.674,0.33,tt3127020,7,2.0,7.0,tt4074280
Faking It,2,2014-11-11,0.912,0.36,tt3127020,8,2.0,8.0,tt4037850
Faking It,2,2014-11-18,0.845,0.41,tt3127020,9,2.0,9.0,tt4074288
Faking It,2,2014-11-25,0.897,0.40,tt3127020,10,2.0,10.0,tt4065496
Faking It,2,2015-08-31,0.922,0.48,tt3127020,11,2.0,11.0,tt4333020
Faking It,2,,0.584,0.20,tt3127020,12,2.0,12.0,tt4575032
Faking It,2,,0.439,0.18,tt3127020,13,2.0,13.0,tt4442582
Faking It,2,,0.401,0.21,tt3127020,14,2.0,14.0,tt4333026
Faking It,2,,0.584,0.25,tt3127020,15,2.0,15.0,tt4523772
Faking It,2,2015-10-05,0.374,0.19,tt3127020,16,2.0,16.0,tt4417608
Faking It,2,2015-10-12,0.390,0.20,tt3127020,17,2.0,17.0,tt4442588
Faking It,2,2015-10-19,0.508,0.23,tt3127020,18,2.0,18.0,tt4431134
Faking It,2,2015-10-26,0.441,0.20,tt3127020,19,2.0,19.0,tt4523776
Faking It,2,2015-11-02,0.515,0.24,tt3127020,20,2.0,20.0,tt4469934
Faking It,3,2016-03-15,0.284,0.13,tt3127020,1,3.0,1.0,tt5328044
Faking It,3,2016-03-22,0.398,0.21,tt3127020,2,3.0,2.0,tt5533920
Faking It,3,2016-03-29,0.371,0.19,tt3127020,3,3.0,3.0,tt5439300
Faking It,3,2016-04-05,0.365,0.19,tt3127020,4,3.0,4.0,tt5491344
Faking It,3,2016-04-12,0.354,0.17,tt3127020,5,3.0,5.0,tt5339372
Faking It,3,2016-04-19,0.385,0.22,tt3127020,6,3.0,6.0,tt5372682
Faking It,3,2016-04-26,0.345,0.17,tt3127020,7,3.0,7.0,tt5556210
Faking It,3,,0.472,0.26,tt3127020,8,3.0,8.0,tt5556216
Faking It,3,,0.337,0.20,tt3127020,9,3.0,9.0,tt5491348
Faking It,3,,0.396,0.19,tt3127020,10,3.0,10.0,tt5339392
Burn Notice,1,2007-06-28,3.985,1.5,tt0810788,1,1.0,1.0,tt1064284
Burn Notice,1,2007-07-05,3.944,1.4,tt0810788,2,1.0,2.0,tt1034670
Burn Notice,1,2007-07-12,3.247,1.1,tt0810788,3,1.0,3.0,tt1035894
Burn Notice,1,2007-07-19,3.330,-,tt0810788,4,1.0,4.0,tt1028636
Burn Notice,1,2007-07-26,3.514,1.1,tt0810788,5,1.0,5.0,tt1040292
Burn Notice,1,2007-08-02,4.406,1.7,tt0810788,6,1.0,6.0,tt1040293
Burn Notice,1,2007-08-09,4.143,1.6,tt0810788,7,1.0,7.0,tt1068387
Burn Notice,1,2007-08-16,4.23,1.6,tt0810788,8,1.0,8.0,tt1081197
Burn Notice,1,2007-08-23,4.08,1.4,tt0810788,9,1.0,9.0,tt1079066
Burn Notice,1,,4.02,1.5,tt0810788,10,1.0,10.0,tt1081196
Burn Notice,1,,4.78,1.6,tt0810788,11,1.0,11.0,tt1107474
Burn Notice,2,2008-07-10,5.385,1.8,tt0810788,1,2.0,1.0,tt1082935
Burn Notice,2,2008-07-17,4.865,1.6,tt0810788,2,2.0,2.0,tt1082940
Burn Notice,2,2008-07-24,4.760,1.6,tt0810788,3,2.0,3.0,tt1082941
Burn Notice,2,2008-07-31,4.863,1.7,tt0810788,4,2.0,4.0,tt1082942
Burn Notice,2,2008-08-07,4.558,1.5,tt0810788,5,2.0,5.0,tt1082943
Burn Notice,2,2008-08-14,3.881,1.4,tt0810788,6,2.0,6.0,tt1082944
Burn Notice,2,2008-08-21,3.864,1.3,tt0810788,7,2.0,7.0,tt1082945
Burn Notice,2,,4.768,1.7,tt0810788,8,2.0,8.0,tt1082946
Burn Notice,2,,4.665,1.6,tt0810788,9,2.0,9.0,tt1082947
Burn Notice,2,2009-01-22,5.124,1.9,tt0810788,10,2.0,10.0,tt1082936
Burn Notice,2,2009-01-29,5.376,2.0,tt0810788,11,2.0,11.0,tt1082937
Burn Notice,2,2009-02-05,5.271,1.8,tt0810788,12,2.0,12.0,tt1082938
Burn Notice,2,2009-02-12,4.845,1.8,tt0810788,13,2.0,13.0,tt1082939
Burn Notice,2,2009-02-19,4.677,1.7,tt0810788,14,2.0,14.0,tt1292819
Burn Notice,2,2009-02-26,4.848,1.6,tt0810788,15,2.0,15.0,tt1307500
Burn Notice,2,2009-03-05,6.090,2.1,tt0810788,16,2.0,16.0,tt1306029
Burn Notice,3,2009-06-04,5.992,1.9,tt0810788,1,3.0,1.0,tt1420790
Burn Notice,3,2009-06-11,5.242,1.6,tt0810788,2,3.0,2.0,tt1425452
Burn Notice,3,2009-06-18,5.872,1.9,tt0810788,3,3.0,3.0,tt1425450
Burn Notice,3,2009-06-25,5.346,-,tt0810788,4,3.0,4.0,tt1425451
Burn Notice,3,2009-07-09,5.505,1.7,tt0810788,5,3.0,5.0,tt1425453
Burn Notice,3,2009-07-16,6.664,2.0,tt0810788,6,3.0,6.0,tt1441107
Burn Notice,3,2009-07-23,6.803,1.9,tt0810788,7,3.0,7.0,tt1443845
Burn Notice,3,2009-07-30,6.634,1.9,tt0810788,8,3.0,8.0,tt1443582
Burn Notice,3,2009-08-06,7.594,2.1,tt0810788,9,3.0,9.0,tt1443583
Burn Notice,3,2010-01-21,5.351,1.9,tt0810788,10,3.0,10.0,tt1459591
Burn Notice,3,2010-01-28,5.304,1.9,tt0810788,11,3.0,11.0,tt1480338
Burn Notice,3,2010-02-04,4.247,1.7,tt0810788,12,3.0,12.0,tt1480339
Burn Notice,3,2010-02-11,4.658,1.7,tt0810788,13,3.0,13.0,tt1499986
Burn Notice,3,2010-02-18,4.117,1.4,tt0810788,14,3.0,14.0,tt1479982
Burn Notice,3,2010-02-25,4.499,1.6,tt0810788,15,3.0,15.0,tt1499372
Burn Notice,3,2010-03-04,4.323,1.6,tt0810788,16,3.0,16.0,tt1499371
Burn Notice,4,2010-06-03,6.618,2.0,tt0810788,1,4.0,1.0,tt1641262
Burn Notice,4,2010-06-10,5.674,1.8,tt0810788,2,4.0,2.0,tt1640794
Burn Notice,4,2010-06-17,5.306,1.6,tt0810788,3,4.0,3.0,tt1640795
Burn Notice,4,2010-06-24,5.333,1.6,tt0810788,4,4.0,4.0,tt1636905
Burn Notice,4,2010-07-01,5.213,1.5,tt0810788,5,4.0,5.0,tt1640796
Burn Notice,4,2010-07-15,5.647,1.8,tt0810788,6,4.0,6.0,tt1640797
Burn Notice,4,2010-07-22,5.871,1.7,tt0810788,7,4.0,7.0,tt1640798
Burn Notice,4,2010-07-29,5.378,1.7,tt0810788,8,4.0,8.0,tt1640799
Burn Notice,4,2010-08-05,5.687,1.6,tt0810788,9,4.0,9.0,tt1640800
Burn Notice,4,2010-08-12,5.574,1.5,tt0810788,10,4.0,10.0,tt1640787
Burn Notice,4,2010-08-19,5.503,1.5,tt0810788,11,4.0,11.0,tt1640788
Burn Notice,4,2010-08-26,6.285,2.0,tt0810788,12,4.0,12.0,tt1640789
Burn Notice,4,2010-11-11,4.317,1.5,tt0810788,13,4.0,13.0,tt1640790
Burn Notice,4,2010-11-18,3.500,1.3,tt0810788,14,4.0,14.0,tt1640791
Burn Notice,4,2010-12-02,3.695,1.2,tt0810788,15,4.0,15.0,tt1640792
Burn Notice,4,2010-12-09,4.430,1.5,tt0810788,16,4.0,16.0,tt1640793
Burn Notice,4,2010-12-16,4.774,1.5,tt0810788,17,4.0,17.0,tt1672278
Burn Notice,4,2010-12-16,5.111,1.7,tt0810788,18,4.0,18.0,tt1672279
Burn Notice,5,2011-06-23,5.167,1.7,tt0810788,1,5.0,1.0,tt1640801
Burn Notice,5,2011-06-30,4.666,1.3,tt0810788,2,5.0,2.0,tt1640809
Burn Notice,5,2011-07-07,4.884,1.4,tt0810788,3,5.0,3.0,tt1640810
Burn Notice,5,2011-07-14,5.394,1.5,tt0810788,4,5.0,4.0,tt1640811
Burn Notice,5,2011-07-21,5.390,1.5,tt0810788,5,5.0,5.0,tt1640812
Burn Notice,5,2011-07-28,4.997,1.4,tt0810788,6,5.0,6.0,tt1640813
Burn Notice,5,2011-08-04,5.211,1.4,tt0810788,7,5.0,7.0,tt1640814
Burn Notice,5,2011-08-11,4.749,1.2,tt0810788,8,5.0,8.0,tt1640815
Burn Notice,5,2011-08-18,5.316,1.5,tt0810788,9,5.0,9.0,tt1640816
Burn Notice,5,2011-08-25,4.576,1.3,tt0810788,10,5.0,10.0,tt1640802
Burn Notice,5,,4.074,1.1,tt0810788,11,5.0,11.0,tt1640803
Burn Notice,5,,4.393,1.3,tt0810788,12,5.0,12.0,tt1640804
Burn Notice,5,2011-11-03,2.863,1.0,tt0810788,13,5.0,13.0,tt1640805
Burn Notice,5,2011-11-10,2.664,1.0,tt0810788,14,5.0,14.0,tt1640806
Burn Notice,5,2011-11-17,2.362,0.8,tt0810788,15,5.0,15.0,tt1640807
Burn Notice,5,2011-12-01,3.116,1.2,tt0810788,16,5.0,16.0,tt1640808
Burn Notice,5,2011-12-08,2.787,1.0,tt0810788,17,5.0,17.0,tt2095095
Burn Notice,5,2011-12-15,2.885,1.1,tt0810788,18,5.0,18.0,tt2095097
Burn Notice,6,2012-06-14,3.872,1.2,tt0810788,1,6.0,1.0,tt1640817
Burn Notice,6,2012-06-21,4.094,1.2,tt0810788,2,6.0,2.0,tt1640818
Burn Notice,6,2012-06-28,4.111,1.2,tt0810788,3,6.0,3.0,tt1640819
Burn Notice,6,2012-07-12,4.438,1.2,tt0810788,4,6.0,4.0,tt1640820
Burn Notice,6,2012-07-19,4.974,1.3,tt0810788,5,6.0,5.0,tt1640821
Burn Notice,6,2012-07-26,4.858,1.4,tt0810788,6,6.0,6.0,tt2388935
Burn Notice,6,2012-08-02,4.316,1.3,tt0810788,7,6.0,7.0,tt2210716
Burn Notice,6,2012-08-09,4.036,1.1,tt0810788,8,6.0,8.0,tt2210718
Burn Notice,6,2012-08-16,4.356,1.2,tt0810788,9,6.0,9.0,tt2210720
Burn Notice,6,2012-08-23,4.958,1.3,tt0810788,10,6.0,10.0,tt2241630
Burn Notice,6,2012-11-08,3.473,1.1,tt0810788,11,6.0,11.0,tt2252968
Burn Notice,6,2012-11-15,3.171,0.9,tt0810788,12,6.0,12.0,tt2284820
Burn Notice,6,2012-11-29,3.140,1.0,tt0810788,13,6.0,13.0,tt2316750
Burn Notice,6,2012-12-06,3.156,1.0,tt0810788,14,6.0,14.0,tt2316752
Burn Notice,6,2012-12-13,2.856,0.9,tt0810788,15,6.0,15.0,tt2340482
Burn Notice,6,2012-12-20,3.781,1.0,tt0810788,16,6.0,16.0,tt2448288
Burn Notice,7,2013-06-06,4.319,1.2,tt0810788,1,7.0,1.0,tt2819596
Burn Notice,7,2013-06-13,4.288,1.2,tt0810788,2,7.0,2.0,tt2846880
Burn Notice,7,2013-06-20,3.401,0.9,tt0810788,3,7.0,3.0,tt2898964
Burn Notice,7,2013-06-27,3.871,1.1,tt0810788,4,7.0,4.0,tt2898966
Burn Notice,7,2013-07-11,3.041,1.0,tt0810788,5,7.0,5.0,tt2860900
Burn Notice,7,2013-07-18,2.858,0.7,tt0810788,6,7.0,6.0,tt3001732
Burn Notice,7,2013-07-25,3.063,1.0,tt0810788,7,7.0,7.0,tt3001740
Burn Notice,7,2013-08-01,3.598,1.0,tt0810788,8,7.0,8.0,tt3001752
Burn Notice,7,2013-08-08,3.692,1.0,tt0810788,9,7.0,9.0,tt3065772
Burn Notice,7,2013-08-15,3.655,1.0,tt0810788,10,7.0,10.0,tt3031640
Burn Notice,7,2013-08-22,3.643,0.9,tt0810788,11,7.0,11.0,tt3031704
Burn Notice,7,,3.793,1.2,tt0810788,12,7.0,12.0,tt3065778
Burn Notice,7,,4.972,1.3,tt0810788,13,7.0,13.0,tt3065780
Mr. Robot,1,2015-06-24,1.752,0.46,tt4158110,1,1.0,1.0,tt4652838
Mr. Robot,1,2015-07-01,1.731,0.55,tt4158110,2,1.0,2.0,tt4686038
Mr. Robot,1,2015-07-08,1.602,0.59,tt4158110,3,1.0,3.0,tt4730002
Mr. Robot,1,2015-07-15,1.274,0.43,tt4158110,4,1.0,4.0,tt4659980
Mr. Robot,1,2015-07-22,1.384,0.48,tt4158110,5,1.0,5.0,tt4730012
Mr. Robot,1,2015-07-29,1.249,0.42,tt4158110,6,1.0,6.0,tt4730014
Mr. Robot,1,2015-08-05,1.150,0.47,tt4158110,7,1.0,7.0,tt4730018
Mr. Robot,1,2015-08-12,1.238,0.44,tt4158110,8,1.0,8.0,tt4730026
Mr. Robot,1,2015-08-19,1.319,0.49,tt4158110,9,1.0,9.0,tt4799588
Mr. Robot,1,,1.210,0.46,tt4158110,10,1.0,10.0,tt4652854
Mr. Robot,2,2016-07-13,1.040,0.43,tt4158110,1,2.0,1.0,tt4901088
Mr. Robot,2,2016-07-13,1.040,0.43,tt4158110,2,2.0,2.0,tt5342606
Mr. Robot,2,2016-07-20,0.799,0.30,tt4158110,3,2.0,3.0,tt5344704
Mr. Robot,2,2016-07-27,0.637,0.26,tt4158110,4,2.0,4.0,tt5344766
Mr. Robot,2,2016-08-03,0.705,0.24,tt4158110,5,2.0,5.0,tt5344796
Mr. Robot,2,2016-08-10,0.572,0.22,tt4158110,6,2.0,6.0,tt5345894
Mr. Robot,2,2016-08-17,0.652,0.25,tt4158110,7,2.0,7.0,tt5347278
Mr. Robot,2,2016-08-24,0.742,0.30,tt4158110,8,2.0,8.0,tt5347318
Mr. Robot,2,2016-08-31,0.651,0.26,tt4158110,9,2.0,9.0,tt5347322
Mr. Robot,2,,0.765,0.29,tt4158110,10,2.0,10.0,tt5347330
Mr. Robot,2,,0.686,0.32,tt4158110,11,2.0,11.0,tt5831628
Mr. Robot,2,,0.852,0.39,tt4158110,12,2.0,12.0,tt5831630
Mr. Robot,3,2017-10-11,0.681,0.30,tt4158110,1,3.0,1.0,tt5970530
Mr. Robot,3,2017-10-18,0.519,0.23,tt4158110,2,3.0,2.0,tt6633686
Mr. Robot,3,2017-10-25,0.542,0.18,tt4158110,3,3.0,3.0,tt6633688
Mr. Robot,3,2017-11-01,0.552,0.22,tt4158110,4,3.0,4.0,tt6633692
Mr. Robot,3,2017-11-08,0.521,0.21,tt4158110,5,3.0,5.0,tt6633696
Mr. Robot,3,2017-11-15,0.598,0.27,tt4158110,6,3.0,6.0,tt6635194
Mr. Robot,3,2017-11-22,0.545,0.19,tt4158110,7,3.0,7.0,tt6635200
Mr. Robot,3,2017-11-29,0.444,0.17,tt4158110,8,3.0,8.0,tt6635212
Mr. Robot,3,2017-12-06,0.437,0.20,tt4158110,9,3.0,9.0,tt6635210
Mr. Robot,3,2017-12-13,0.454,0.19,tt4158110,10,3.0,10.0,tt6633682
Mr. Robot,4,2019-10-06,0.444,0.14,tt4158110,1,4.0,1.0,tt7748418
Mr. Robot,4,2019-10-13,0.342,0.10,tt4158110,2,4.0,2.0,tt8084154
Mr. Robot,4,2019-10-20,0.297,0.10,tt4158110,3,4.0,3.0,tt8084160
Mr. Robot,4,2019-10-27,0.348,0.10,tt4158110,4,4.0,4.0,tt8084164
Mr. Robot,4,2019-11-03,0.314,0.08,tt4158110,5,4.0,5.0,tt8084166
Mr. Robot,4,2019-11-10,0.366,0.11,tt4158110,6,4.0,6.0,tt8084172
Mr. Robot,4,2019-11-17,0.361,0.12,tt4158110,7,4.0,7.0,tt8084176
Mr. Robot,4,2019-11-24,0.376,0.13,tt4158110,8,4.0,8.0,tt8084178
Mr. Robot,4,2019-12-01,0.363,0.12,tt4158110,9,4.0,9.0,tt8084180
Mr. Robot,4,2019-12-08,0.452,0.14,tt4158110,10,4.0,10.0,tt8084184
Mr. Robot,4,2019-12-15,0.442,0.13,tt4158110,11,4.0,11.0,tt8919312
Mr. Robot,4,2019-12-22,0.464,0.15,tt4158110,12,4.0,12.0,tt8919318
Mr. Robot,4,2019-12-22,0.318,0.09,tt4158110,13,4.0,13.0,tt10883092
Fairly Legal,1,2011-01-20,3.876,1.1,tt1586676,1,1.0,1.0,tt1716881
Fairly Legal,1,2011-01-27,4.095,1.0,tt1586676,2,1.0,2.0,tt1730473
Fairly Legal,1,2011-02-03,3.674,1.0,tt1586676,3,1.0,3.0,tt1730474
Fairly Legal,1,2011-02-10,3.471,1.0,tt1586676,4,1.0,4.0,tt1730475
Fairly Legal,1,2011-02-17,3.223,0.8,tt1586676,5,1.0,5.0,tt1813995
Fairly Legal,1,2011-02-24,3.058,0.7,tt1586676,6,1.0,6.0,tt1733355
Fairly Legal,1,2011-03-03,3.205,0.9,tt1586676,7,1.0,7.0,tt1813993
Fairly Legal,1,2011-03-10,2.812,0.9,tt1586676,8,1.0,8.0,tt1813996
Fairly Legal,1,2011-03-17,4.044,0.9,tt1586676,9,1.0,9.0,tt1813994
Fairly Legal,1,2011-03-24,4.079,0.9,tt1586676,10,1.0,10.0,tt1813992
Fairly Legal,2,2012-03-16,3.497,0.7,tt1586676,1,2.0,1.0,tt2093483
Fairly Legal,2,2012-03-23,3.355,0.6,tt1586676,2,2.0,2.0,tt2146457
Fairly Legal,2,2012-03-30,2.774,0.7,tt1586676,3,2.0,3.0,tt2286389
Fairly Legal,2,2012-04-06,2.907,0.7,tt1586676,4,2.0,4.0,tt2276355
Fairly Legal,2,2012-04-13,2.830,0.6,tt1586676,5,2.0,5.0,tt2293603
Fairly Legal,2,2012-04-20,2.917,0.5,tt1586676,6,2.0,6.0,tt2352193
Fairly Legal,2,2012-04-27,2.554,0.6,tt1586676,7,2.0,7.0,tt2305389
Fairly Legal,2,,2.672,0.6,tt1586676,8,2.0,8.0,tt2286387
Fairly Legal,2,,1.879,0.4,tt1586676,9,2.0,9.0,tt2269233
Fairly Legal,2,,2.608,0.5,tt1586676,10,2.0,10.0,tt2250093
Fairly Legal,2,2012-06-01,2.515,0.6,tt1586676,11,2.0,11.0,tt2286385
Fairly Legal,2,2012-06-08,2.647,0.7,tt1586676,12,2.0,12.0,tt2174366
Fairly Legal,2,2012-06-15,2.481,0.6,tt1586676,13,2.0,13.0,tt2188420
Finding Carter,1,2014-07-08,1.687,0.73,tt3186138,1,1.0,1.0,tt3841690
Finding Carter,1,2014-07-08,1.440,0.6,tt3186138,2,1.0,2.0,tt3841642
Finding Carter,1,2014-07-15,1.269,0.56,tt3186138,3,1.0,3.0,tt3826286
Finding Carter,1,2014-07-22,1.217,0.5,tt3186138,4,1.0,4.0,tt3841652
Finding Carter,1,2014-07-29,0.985,0.40,tt3186138,5,1.0,5.0,tt3841668
Finding Carter,1,2014-08-05,1.194,0.47,tt3186138,6,1.0,6.0,tt3841674
Finding Carter,1,2014-08-12,0.944,0.40,tt3186138,7,1.0,7.0,tt3841684
Finding Carter,1,2014-08-19,1.121,0.44,tt3186138,8,1.0,8.0,tt3841686
Finding Carter,1,2014-08-26,1.010,0.50,tt3186138,9,1.0,9.0,tt3820144
Finding Carter,1,,0.973,0.43,tt3186138,10,1.0,10.0,tt3820150
Finding Carter,1,,0.888,0.41,tt3186138,11,1.0,11.0,tt3899678
Finding Carter,1,,0.999,0.48,tt3186138,12,1.0,12.0,tt4030166
Finding Carter,2,2015-03-31,1.099,0.52,tt3186138,1,2.0,1.0,tt3969936
Finding Carter,2,2015-04-07,0.829,0.43,tt3186138,2,2.0,2.0,tt4351276
Finding Carter,2,2015-04-14,0.822,0.44,tt3186138,3,2.0,3.0,tt4400770
Finding Carter,2,2015-04-21,0.791,0.43,tt3186138,4,2.0,4.0,tt4400780
Finding Carter,2,2015-04-28,0.761,0.37,tt3186138,5,2.0,5.0,tt4421338
Finding Carter,2,,0.661,0.32,tt3186138,6,2.0,6.0,tt4430692
Finding Carter,2,,0.723,0.38,tt3186138,7,2.0,7.0,tt4430696
Finding Carter,2,,0.577,0.30,tt3186138,8,2.0,8.0,tt4430700
Finding Carter,2,,0.543,0.28,tt3186138,9,2.0,9.0,tt4430708
Finding Carter,2,2015-06-02,0.691,0.36,tt3186138,10,2.0,10.0,tt4430706
Finding Carter,2,2015-06-09,0.529,0.26,tt3186138,11,2.0,11.0,tt4430710
Finding Carter,2,2015-06-16,0.556,0.28,tt3186138,12,2.0,12.0,tt4430714
Finding Carter,2,2015-10-06,0.473,0.25,tt3186138,13,2.0,13.0,tt4859288
Finding Carter,2,2015-10-13,0.523,0.28,tt3186138,14,2.0,14.0,tt5105124
Finding Carter,2,2015-10-20,0.357,0.18,tt3186138,15,2.0,15.0,tt5126380
Finding Carter,2,2015-10-27,0.488,0.26,tt3186138,16,2.0,16.0,tt5151332
Finding Carter,2,2015-11-03,0.401,0.23,tt3186138,17,2.0,17.0,tt5154204
Finding Carter,2,2015-11-10,0.544,0.30,tt3186138,18,2.0,18.0,tt5154412
Finding Carter,2,2015-11-17,0.467,0.21,tt3186138,19,2.0,19.0,tt5186180
Finding Carter,2,2015-11-24,0.361,0.18,tt3186138,20,2.0,20.0,tt5168842
Finding Carter,2,2015-12-01,0.303,0.16,tt3186138,21,2.0,21.0,tt5176618
Finding Carter,2,2015-12-08,0.358,0.18,tt3186138,22,2.0,22.0,tt5195288
Finding Carter,2,2015-12-15,0.337,0.18,tt3186138,23,2.0,23.0,tt5154422
Finding Carter,2,2015-12-15,0.334,0.17,tt3186138,24,2.0,24.0,tt5161278
"Signed, Sealed, Delivered",1,2013-10-12,1.715,0.20,tt3592718,1,1.0,1.0,tt3621736
"Signed, Sealed, Delivered",1,2014-04-20,1.7,-,tt3592718,2,1.0,2.0,tt3705596
"Signed, Sealed, Delivered",1,2014-04-27,1.44,-,tt3592718,3,1.0,3.0,tt3689600
"Signed, Sealed, Delivered",1,,1.687,0.3,tt3592718,4,1.0,4.0,tt3681886
"Signed, Sealed, Delivered",1,,1.303,-,tt3592718,5,1.0,5.0,tt3746278
"Signed, Sealed, Delivered",1,,1.437,-,tt3592718,6,1.0,6.0,tt3632766
"Signed, Sealed, Delivered",1,,1.264,0.15,tt3592718,7,1.0,7.0,tt3632706
"Signed, Sealed, Delivered",1,2014-06-01,1.273,-,tt3592718,8,1.0,8.0,tt3668564
"Signed, Sealed, Delivered",1,2014-06-08,1.609,0.2,tt3592718,9,1.0,9.0,tt3705112
"Signed, Sealed, Delivered",1,2014-06-15,1.473,0.2,tt3592718,10,1.0,10.0,tt3825036
"Signed, Sealed, Delivered",1,2014-06-22,1.516,-,tt3592718,11,,,
"Signed, Sealed, Delivered TV Movie",1,2014-11-23,0.755,0.08,tt3592718,12,,,
"Signed, Sealed, Delivered TV Movie",1,2015-06-06,0.830,0.07,tt3592718,13,,,
"Signed, Sealed, Delivered TV Movie",1,,0.806,0.07,tt3592718,14,,,
"Signed, Sealed, Delivered TV Movie",1,2015-10-04,0.798,0.06,tt3592718,15,,,
"Signed, Sealed, Delivered TV Movie",1,2016-02-21,0.807,0.10,tt3592718,16,,,
"Signed, Sealed, Delivered TV Movie",1,2016-07-24,1.021,0.11,tt3592718,17,,,
"Signed, Sealed, Delivered TV Movie",1,,0.996,0.09,tt3592718,18,,,
"Signed, Sealed, Delivered TV Movie",1,2017-02-19,1.114,0.11,tt3592718,19,,,
"Signed, Sealed, Delivered TV Movie",1,,1.245,0.09,tt3592718,20,,,
"Signed, Sealed, Delivered TV Movie",1,2018-02-11,1.155,0.09,tt3592718,21,,,
"Signed, Sealed, Delivered TV Movie",1,2018-07-15,1.455,0.15,tt3592718,22,,,
Public Morals,1,2015-08-25,2.143,0.28,tt3597854,1,1.0,1.0,tt4201190
Public Morals,1,,1.531,0.25,tt3597854,2,1.0,2.0,tt4467300
Public Morals,1,,0.962,0.22,tt3597854,3,1.0,3.0,tt4467308
Public Morals,1,,0.781,0.15,tt3597854,4,1.0,4.0,tt4467318
Public Morals,1,,0.632,0.12,tt3597854,5,1.0,5.0,tt4467320
Public Morals,1,,0.651,0.11,tt3597854,6,1.0,6.0,tt4267546
Public Morals,1,2015-10-06,0.620,0.11,tt3597854,7,1.0,7.0,tt4365540
Public Morals,1,2015-10-13,0.532,0.13,tt3597854,8,1.0,8.0,tt4335832
Public Morals,1,2015-10-20,0.498,0.09,tt3597854,9,1.0,9.0,tt4467322
Public Morals,1,2015-10-20,0.495,0.07,tt3597854,10,1.0,10.0,tt4703398
Rosehaven,1,,0.059,0.01,tt5226698,1,1.0,1.0,tt5230720
Rosehaven,1,,0.050,0.01,tt5226698,2,1.0,2.0,tt5230726
Rosehaven,1,2017-10-04,0.034,0.00,tt5226698,3,1.0,3.0,tt5230728
Rosehaven,1,2017-10-04,0.030,0.00,tt5226698,4,1.0,4.0,tt5230730
Rosehaven,1,2017-10-11,0.027,0.00,tt5226698,5,1.0,5.0,tt5230734
Rosehaven,1,2017-10-11,0.011,0.00,tt5226698,6,1.0,6.0,tt5230736
Rosehaven,1,2017-10-18,0.026,0.00,tt5226698,7,1.0,7.0,tt5230738
Rosehaven,1,2017-10-18,0.019,0.00,tt5226698,8,1.0,8.0,tt5230740
Rosehaven,2,2017-10-25,0.017,0.00,tt5226698,1,2.0,1.0,tt7256478
Rosehaven,2,2017-11-02,0.164,0.04,tt5226698,2,2.0,2.0,tt7256480
Rosehaven,2,2017-11-09,0.136,0.04,tt5226698,3,2.0,3.0,tt7256482
Rosehaven,2,2017-11-16,0.124,0.03,tt5226698,4,2.0,4.0,tt7256484
Rosehaven,2,2017-11-23,0.074,0.04,tt5226698,5,2.0,5.0,tt7256490
Rosehaven,2,2017-11-30,0.128,0.02,tt5226698,6,2.0,6.0,tt7259620
Rosehaven,2,2017-12-07,0.130,0.03,tt5226698,7,2.0,7.0,tt7259626
Rosehaven,2,2017-12-14,0.098,0.02,tt5226698,8,2.0,8.0,tt7259634
Rosehaven,3,2019-06-20,0.126,0.03,tt5226698,1,3.0,1.0,tt8047526
Rosehaven,3,2019-06-20,0.091,0.03,tt5226698,2,3.0,2.0,tt8390794
Rosehaven,3,2019-06-21,0.130,0.02,tt5226698,3,3.0,3.0,tt8390796
Rosehaven,3,2019-06-21,0.094,0.01,tt5226698,4,3.0,4.0,tt8390804
Rosehaven,3,2019-06-27,0.160,0.02,tt5226698,5,3.0,5.0,tt8390806
Rosehaven,3,2019-06-27,0.101,0.02,tt5226698,6,3.0,6.0,tt8390808
Rosehaven,3,2019-06-28,0.118,0.02,tt5226698,7,3.0,7.0,tt8390810
Rosehaven,3,2019-06-28,0.078,0.01,tt5226698,8,3.0,8.0,tt8390812
Barely Famous,1,2015-03-18,0.122,0.07,tt4175634,1,1.0,1.0,tt4211888
Barely Famous,1,2015-03-25,0.065,0.03,tt4175634,2,,,
Barely Famous,1,2015-04-01,0.081,0.04,tt4175634,3,,,
Barely Famous,1,2015-04-08,0.127,0.06,tt4175634,4,,,
Barely Famous,1,2015-04-15,0.146,0.07,tt4175634,5,,,
Barely Famous,1,2015-04-22,0.138,0.06,tt4175634,6,,,
Barely Famous,2,2016-06-29,0.217,0.09,tt4175634,1,2.0,1.0,tt5433828
Barely Famous,2,2016-06-29,0.130,0.05,tt4175634,2,,,
Barely Famous,2,2016-07-06,0.244,0.10,tt4175634,3,,,
Barely Famous,2,2016-07-13,0.168,0.09,tt4175634,4,,,
Barely Famous,2,2016-07-20,0.188,0.09,tt4175634,5,,,
Barely Famous,2,2016-07-27,0.220,0.10,tt4175634,6,,,
Rectify,2,2014-06-19,0.137,0.03,tt2183404,1,2.0,1.0,tt3165058
Rectify,2,2014-06-26,0.126,0.07,tt2183404,2,2.0,2.0,tt3523816
Rectify,2,2014-07-03,0.166,0.06,tt2183404,3,2.0,3.0,tt3718772
Rectify,2,2014-07-10,0.181,0.03,tt2183404,4,2.0,4.0,tt3718790
Rectify,2,2014-07-17,0.196,0.07,tt2183404,5,2.0,5.0,tt3687040
Rectify,2,2014-07-24,0.203,0.05,tt2183404,6,2.0,6.0,tt3718794
Rectify,2,2014-07-31,0.211,0.08,tt2183404,7,2.0,7.0,tt3718800
Rectify,2,2014-08-07,0.173,0.08,tt2183404,8,2.0,8.0,tt3718806
Rectify,2,2014-08-14,0.124,0.02,tt2183404,9,2.0,9.0,tt3699246
Rectify,2,2014-08-21,0.165,0.05,tt2183404,10,2.0,10.0,tt3718808
Rectify,3,2015-07-09,0.224,0.07,tt2183404,1,3.0,1.0,tt3975744
Rectify,3,2015-07-16,0.165,0.03,tt2183404,2,3.0,2.0,tt4046042
Rectify,3,2015-07-23,0.142,0.02,tt2183404,3,3.0,3.0,tt4168598
Rectify,3,2015-07-30,0.177,0.03,tt2183404,4,3.0,4.0,tt4235426
Rectify,3,2015-08-06,0.113,0.04,tt2183404,5,3.0,5.0,tt4235428
Rectify,3,2015-08-13,0.149,0.02,tt2183404,6,3.0,6.0,tt3975746
Rectify,4,2016-10-26,0.179,0.06,tt2183404,1,4.0,1.0,tt4841276
Rectify,4,2016-11-02,0.102,0.04,tt2183404,2,4.0,2.0,tt5535524
Rectify,4,2016-11-09,0.126,0.03,tt2183404,3,4.0,3.0,tt5535530
Rectify,4,2016-11-16,0.116,0.03,tt2183404,4,4.0,4.0,tt5535534
Rectify,4,2016-11-23,0.154,0.04,tt2183404,5,4.0,5.0,tt5535536
Rectify,4,2016-11-30,0.172,0.04,tt2183404,6,4.0,6.0,tt5535538
Rectify,4,2016-12-07,0.112,0.03,tt2183404,7,4.0,7.0,tt5610914
Rectify,4,2016-12-14,0.105,0.04,tt2183404,8,4.0,8.0,tt5610916
Euphoria,1,2019-06-16,0.577,0.17,tt8772296,1,1.0,1.0,tt8135530
Euphoria,1,2019-06-23,0.574,0.20,tt8772296,2,1.0,2.0,tt8806264
Euphoria,1,2019-06-30,0.493,0.19,tt8772296,3,1.0,3.0,tt8806262
Euphoria,1,2019-07-07,0.609,0.21,tt8772296,4,1.0,4.0,tt8806266
Euphoria,1,2019-07-14,0.579,0.21,tt8772296,5,1.0,5.0,tt8806268
Euphoria,1,2019-07-21,0.569,0.20,tt8772296,6,1.0,6.0,tt8806274
Euphoria,1,2019-07-28,0.549,0.19,tt8772296,7,1.0,7.0,tt8806270
Euphoria,1,2019-08-04,0.530,0.21,tt8772296,8,1.0,8.0,tt8806272
Euphoria,2,2022-01-09,0.254,0.08,tt8772296,1,2.0,1.0,tt14498996
Euphoria,2,2022-01-16,0.279,0.09,tt8772296,2,2.0,2.0,tt14510424
Euphoria,2,2022-01-23,0.264,0.09,tt8772296,3,2.0,3.0,tt14509522
Euphoria,2,2022-01-30,0.318,0.13,tt8772296,4,2.0,4.0,tt15319554
Euphoria,2,2022-02-06,0.353,0.11,tt8772296,5,2.0,5.0,tt15319556
Euphoria,2,2022-02-13,0.283,0.11,tt8772296,6,2.0,6.0,tt16258198
Euphoria,2,2022-02-20,0.350,0.14,tt8772296,7,2.0,7.0,tt16988436
Euphoria,2,2022-02-27,0.625,0.24,tt8772296,8,2.0,8.0,tt16988630
Euphoria,2,2022-01-09,0.086,0.03,tt8772296,9,,,
Euphoria,2,2022-01-16,0.198,0.07,tt8772296,10,,,
Euphoria,2,2022-01-23,0.124,0.03,tt8772296,11,,,
Euphoria,2,2022-01-30,0.140,0.04,tt8772296,12,,,
Euphoria,2,2022-02-06,0.140,0.03,tt8772296,13,,,
Euphoria,2,2022-02-13,0.178,0.04,tt8772296,14,,,
Euphoria,2,2022-02-20,0.166,0.05,tt8772296,15,,,
Euphoria,2,2022-02-27,0.102,0.03,tt8772296,16,,,
Playing House,1,2014-04-29,0.847,0.38,tt2750182,1,1.0,1.0,tt3657424
Playing House,1,2014-04-29,0.766,0.33,tt2750182,2,1.0,2.0,tt3657432
Playing House,1,,0.783,0.39,tt2750182,3,1.0,3.0,tt3665572
Playing House,1,,0.864,0.35,tt2750182,4,1.0,4.0,tt3657444
Playing House,1,,0.802,0.36,tt2750182,5,1.0,5.0,tt3657440
Playing House,1,,0.859,0.47,tt2750182,6,1.0,6.0,tt3673598
Playing House,1,2014-06-03,0.938,0.48,tt2750182,7,1.0,7.0,tt3673606
Playing House,1,2014-06-10,1.094,0.43,tt2750182,8,1.0,8.0,tt3673608
Playing House,1,2014-06-17,0.846,0.38,tt2750182,9,1.0,9.0,tt3686608
Playing House,1,2014-06-17,0.648,0.34,tt2750182,10,1.0,10.0,tt3582012
Playing House,2,2015-08-04,0.413,0.16,tt2750182,1,2.0,1.0,tt4381452
Playing House,2,2015-08-04,0.321,0.12,tt2750182,2,2.0,2.0,tt4386552
Playing House,2,2015-08-11,0.367,0.17,tt2750182,3,2.0,3.0,tt4386554
Playing House,2,2015-08-18,0.440,0.20,tt2750182,4,2.0,4.0,tt4386556
Playing House,2,2015-08-25,0.439,0.17,tt2750182,5,2.0,5.0,tt4386562
Playing House,2,,0.484,0.23,tt2750182,6,2.0,6.0,tt4386558
Playing House,2,,0.486,0.21,tt2750182,7,2.0,7.0,tt4386564
Playing House,2,,0.368,0.16,tt2750182,8,2.0,8.0,tt4381454
Playing House,3,2017-06-23,0.381,0.15,tt2750182,1,3.0,1.0,tt5341778
Playing House,3,2017-06-23,0.287,0.10,tt2750182,2,3.0,2.0,tt6855858
Playing House,3,2017-06-30,0.360,0.16,tt2750182,3,3.0,3.0,tt6855864
Playing House,3,2017-06-30,0.269,0.12,tt2750182,4,3.0,4.0,tt6710622
Playing House,3,2017-07-07,0.395,0.16,tt2750182,5,3.0,5.0,tt6855870
Playing House,3,2017-07-07,0.294,0.12,tt2750182,6,3.0,6.0,tt6710624
Playing House,3,2017-07-14,0.353,0.13,tt2750182,7,3.0,7.0,tt6855872
Playing House,3,2017-07-14,0.245,0.09,tt2750182,8,3.0,8.0,tt5867088
The Red Road,1,2014-02-27,0.342,0.05,tt2505072,1,1.0,1.0,tt3137872
The Red Road,1,2014-03-06,0.288,-,tt2505072,2,1.0,2.0,tt3137880
The Red Road,1,2014-03-13,0.221,0.02,tt2505072,3,1.0,3.0,tt3137886
The Red Road,1,2014-03-20,0.163,0.05,tt2505072,4,1.0,4.0,tt3137888
The Red Road,1,2014-03-27,0.190,0.03,tt2505072,5,1.0,5.0,tt3137890
The Red Road,1,2014-04-03,0.096,0.02,tt2505072,6,1.0,6.0,tt3137894
The Red Road,2,2015-04-02,0.191,0.04,tt2505072,1,2.0,1.0,tt4017136
The Red Road,2,2015-04-09,0.160,0.03,tt2505072,2,2.0,2.0,tt4016320
The Red Road,2,2015-04-16,0.204,0.04,tt2505072,3,2.0,3.0,tt4082418
The Red Road,2,2015-04-23,0.165,0.02,tt2505072,4,2.0,4.0,tt4150906
The Red Road,2,2015-04-30,0.165,0.03,tt2505072,5,2.0,5.0,tt4143198
The Red Road,2,,0.183,0.04,tt2505072,6,2.0,6.0,tt4017144
Game of Thrones,1,2011-04-17,2.222,0.9/2,tt0944947,1,1.0,1.0,tt1480055
Game of Thrones,1,2011-04-24,2.202,1.0/2,tt0944947,2,1.0,2.0,tt1668746
Game of Thrones,1,,2.438,1.1/3,tt0944947,3,1.0,3.0,tt1829962
Game of Thrones,1,,2.451,1.1/3,tt0944947,4,1.0,4.0,tt1829963
Game of Thrones,1,,2.580,1.2/3,tt0944947,5,1.0,5.0,tt1829964
Game of Thrones,1,,2.444,1.2/3,tt0944947,6,1.0,6.0,tt1837862
Game of Thrones,1,,2.396,0.9/3,tt0944947,7,1.0,7.0,tt1837863
Game of Thrones,1,2011-06-05,2.715,1.2/3,tt0944947,8,1.0,8.0,tt1837864
Game of Thrones,1,2011-06-12,2.664,1.2/3,tt0944947,9,1.0,9.0,tt1851398
Game of Thrones,1,2011-06-19,3.041,1.4/4,tt0944947,10,1.0,10.0,tt1851397
Game of Thrones,2,2012-04-01,3.858,2.0,tt0944947,1,2.0,1.0,tt1971833
Game of Thrones,2,2012-04-08,3.759,1.9,tt0944947,2,2.0,2.0,tt2069318
Game of Thrones,2,2012-04-15,3.766,1.8,tt0944947,3,2.0,3.0,tt2070135
Game of Thrones,2,2012-04-22,3.654,1.8,tt0944947,4,2.0,4.0,tt2069319
Game of Thrones,2,2012-04-29,3.903,1.9,tt0944947,5,2.0,5.0,tt2074658
Game of Thrones,2,,3.879,2.0,tt0944947,6,2.0,6.0,tt2085238
Game of Thrones,2,,3.694,1.9,tt0944947,7,2.0,7.0,tt2085239
Game of Thrones,2,,3.864,2.0,tt0944947,8,2.0,8.0,tt2085240
Game of Thrones,2,,3.384,1.6,tt0944947,9,2.0,9.0,tt2084342
Game of Thrones,2,2012-06-03,4.202,2.2,tt0944947,10,2.0,10.0,tt2112510
Game of Thrones,3,2013-03-31,4.366,2.4,tt0944947,1,3.0,1.0,tt2178782
Game of Thrones,3,2013-04-07,4.267,2.3,tt0944947,2,3.0,2.0,tt2178772
Game of Thrones,3,2013-04-14,4.724,2.4,tt0944947,3,3.0,3.0,tt2178802
Game of Thrones,3,2013-04-21,4.869,2.6,tt0944947,4,3.0,4.0,tt2178798
Game of Thrones,3,2013-04-28,5.349,2.8,tt0944947,5,3.0,5.0,tt2178788
Game of Thrones,3,,5.503,2.9,tt0944947,6,3.0,6.0,tt2178812
Game of Thrones,3,,4.842,2.4,tt0944947,7,3.0,7.0,tt2178814
Game of Thrones,3,,5.131,2.6,tt0944947,8,3.0,8.0,tt2178806
Game of Thrones,3,2013-06-02,5.216,2.8,tt0944947,9,3.0,9.0,tt2178784
Game of Thrones,3,2013-06-09,5.393,2.9,tt0944947,10,3.0,10.0,tt2178796
Game of Thrones,4,2014-04-06,6.635,3.61,tt0944947,1,4.0,1.0,tt2816136
Game of Thrones,4,2014-04-13,6.310,3.40,tt0944947,2,4.0,2.0,tt2832378
Game of Thrones,4,2014-04-20,6.594,3.46,tt0944947,3,4.0,3.0,tt2972426
Game of Thrones,4,2014-04-27,6.948,3.70,tt0944947,4,4.0,4.0,tt2972428
Game of Thrones,4,,7.155,3.92,tt0944947,5,4.0,5.0,tt3060856
Game of Thrones,4,,6.399,3.36,tt0944947,6,4.0,6.0,tt3060910
Game of Thrones,4,,7.195,3.87,tt0944947,7,4.0,7.0,tt3060876
Game of Thrones,4,2014-06-01,7.166,3.95,tt0944947,8,4.0,8.0,tt3060782
Game of Thrones,4,2014-06-08,6.948,3.67,tt0944947,9,4.0,9.0,tt3060858
Game of Thrones,4,2014-06-15,7.093,3.81,tt0944947,10,4.0,10.0,tt3060860
Game of Thrones,5,2015-04-12,7.997,4.19,tt0944947,1,5.0,1.0,tt3658012
Game of Thrones,5,2015-04-19,6.805,3.57,tt0944947,2,5.0,2.0,tt3846626
Game of Thrones,5,2015-04-26,6.711,3.47,tt0944947,3,5.0,3.0,tt3866836
Game of Thrones,5,,6.815,3.56,tt0944947,4,5.0,4.0,tt3866838
Game of Thrones,5,,6.559,3.48,tt0944947,5,5.0,5.0,tt3866840
Game of Thrones,5,,6.244,3.14,tt0944947,6,5.0,6.0,tt3866842
Game of Thrones,5,,5.402,2.53,tt0944947,7,5.0,7.0,tt3866846
Game of Thrones,5,,7.009,3.45,tt0944947,8,5.0,8.0,tt3866850
Game of Thrones,5,2015-06-07,7.136,3.65,tt0944947,9,5.0,9.0,tt3866826
Game of Thrones,5,2015-06-14,8.112,4.14,tt0944947,10,5.0,10.0,tt3866862
Game of Thrones,6,2016-04-24,7.944,3.98,tt0944947,1,6.0,1.0,tt3658014
Game of Thrones,6,,7.286,3.67,tt0944947,2,6.0,2.0,tt4077554
Game of Thrones,6,,7.281,3.70,tt0944947,3,6.0,3.0,tt4131606
Game of Thrones,6,,7.822,3.92,tt0944947,4,6.0,4.0,tt4283016
Game of Thrones,6,,7.890,3.96,tt0944947,5,6.0,5.0,tt4283028
Game of Thrones,6,,6.710,3.25,tt0944947,6,6.0,6.0,tt4283054
Game of Thrones,6,2016-06-05,7.801,3.95,tt0944947,7,6.0,7.0,tt4283060
Game of Thrones,6,2016-06-12,7.600,3.88,tt0944947,8,6.0,8.0,tt4283074
Game of Thrones,6,2016-06-19,7.660,3.85,tt0944947,9,6.0,9.0,tt4283088
Game of Thrones,6,2016-06-26,8.889,4.35,tt0944947,10,6.0,10.0,tt4283094
Game of Thrones,7,2017-07-16,10.105,4.71,tt0944947,1,7.0,1.0,tt5654088
Game of Thrones,7,2017-07-23,9.270,4.33,tt0944947,2,7.0,2.0,tt5655178
Game of Thrones,7,2017-07-30,9.245,4.30,tt0944947,3,7.0,3.0,tt5775840
Game of Thrones,7,2017-08-06,10.167,4.60,tt0944947,4,7.0,4.0,tt5775846
Game of Thrones,7,2017-08-13,10.718,4.98,tt0944947,5,7.0,5.0,tt5775854
Game of Thrones,7,2017-08-20,10.236,4.71,tt0944947,6,7.0,6.0,tt5775864
Game of Thrones,7,2017-08-27,12.072,5.70,tt0944947,7,7.0,7.0,tt5775874
Game of Thrones,8,2019-04-14,11.760,5.03,tt0944947,1,8.0,1.0,tt5924366
Game of Thrones,8,2019-04-21,10.287,4.42,tt0944947,2,8.0,2.0,tt6027908
Game of Thrones,8,2019-04-28,12.017,5.28,tt0944947,3,8.0,3.0,tt6027912
Game of Thrones,8,,11.795,5.07,tt0944947,4,8.0,4.0,tt6027914
Game of Thrones,8,,12.479,5.41,tt0944947,5,8.0,5.0,tt6027916
Game of Thrones,8,,13.613,5.78,tt0944947,6,8.0,6.0,tt6027920
Good Behavior,1,2016-11-13,0.573,0.14,tt4855114,1,1.0,1.0,tt4872110
Good Behavior,1,,0.813,0.28,tt4855114,2,1.0,2.0,tt5708090
Good Behavior,1,2016-11-15,0.746,0.21,tt4855114,3,1.0,3.0,tt5648218
Good Behavior,1,2016-11-22,0.644,0.17,tt4855114,4,1.0,4.0,tt5717556
Good Behavior,1,2016-11-22,0.500,0.13,tt4855114,5,1.0,5.0,tt5684168
Good Behavior,1,,0.516,0.15,tt4855114,6,1.0,6.0,tt5703422
Good Behavior,1,2016-12-06,0.707,0.17,tt4855114,7,1.0,7.0,tt5740446
Good Behavior,1,2016-12-13,0.685,0.17,tt4855114,8,1.0,8.0,tt5740752
Good Behavior,1,2016-12-20,0.914,0.23,tt4855114,9,1.0,9.0,tt5785718
Good Behavior,1,2016-12-27,0.909,0.23,tt4855114,10,1.0,10.0,tt5819810
Good Behavior,1,2017-01-03,0.831,0.19,tt4855114,11,,,
Good Behavior,1,2017-01-10,0.895,0.21,tt4855114,12,,,
Good Behavior,2,2017-10-15,0.686,0.19,tt4855114,1,2.0,1.0,tt6426262
Good Behavior,2,2017-10-22,0.558,0.15,tt4855114,2,2.0,2.0,tt6646752
Good Behavior,2,2017-10-29,0.504,0.13,tt4855114,3,2.0,3.0,tt6861528
Good Behavior,2,2017-11-05,0.525,0.13,tt4855114,4,2.0,4.0,tt6861546
Good Behavior,2,2017-11-12,0.620,0.16,tt4855114,5,2.0,5.0,tt6635052
Good Behavior,2,2017-11-19,0.543,0.13,tt4855114,6,2.0,6.0,tt6633120
Good Behavior,2,2017-11-26,0.570,0.16,tt4855114,7,2.0,7.0,tt6861558
Good Behavior,2,2017-12-03,0.538,0.15,tt4855114,8,2.0,8.0,tt6861560
Good Behavior,2,2017-12-10,0.678,0.19,tt4855114,9,2.0,9.0,tt6861564
Good Behavior,2,2017-12-17,0.724,0.22,tt4855114,10,2.0,10.0,tt6426266
Carnivale,1,,5.325,3.4,tt0489974,1,,,
Carnivale,1,,3.490,2.4,tt0489974,2,,,
Carnivale,1,,3.573,2.3,tt0489974,3,,,
Carnivale,1,2003-10-05,2.878,1.9,tt0489974,4,,,
Carnivale,1,2003-10-12,3.313,2.1,tt0489974,5,,,
Carnivale,1,2003-10-19,3.408,2.2,tt0489974,6,,,
Carnivale,1,2003-10-26,3.906,2.4,tt0489974,7,,,
Carnivale,1,2003-11-02,2.965,2.0,tt0489974,8,,,
Carnivale,1,2003-11-09,3.419,2.2,tt0489974,9,,,
Carnivale,1,2003-11-16,3.199,1.9,tt0489974,10,,,
Carnivale,1,2003-11-23,4.188,2.6,tt0489974,11,,,
Carnivale,1,2003-11-30,3.529,2.3,tt0489974,12,,,
Carnivale,2,2005-01-09,1.814,1.0,tt0489974,1,,,
Carnivale,2,2005-01-16,1.730,1.1,tt0489974,2,,,
Carnivale,2,2005-01-23,1.235,0.8,tt0489974,3,,,
Carnivale,2,2005-01-30,1.857,1.1,tt0489974,4,,,
Carnivale,2,2005-02-06,1.104,0.7,tt0489974,5,,,
Carnivale,2,2005-02-13,1.493,0.8,tt0489974,6,,,
Carnivale,2,2005-02-20,1.769,1.0,tt0489974,7,,,
Carnivale,2,2005-02-27,1.744,1.0,tt0489974,8,,,
Carnivale,2,2005-03-06,1.961,1.2,tt0489974,9,,,
Carnivale,2,2005-03-13,2.500,1.5,tt0489974,10,,,
Carnivale,2,2005-03-20,1.973,1.2,tt0489974,11,,,
Carnivale,2,2005-03-27,2.364,1.5,tt0489974,12,,,
Oz,1,1997-07-12,3.45,2.4,tt0118421,1,1.0,1.0,tt0668322
Oz,1,1997-07-14,2.90,2.2,tt0118421,2,1.0,2.0,tt0668330
Oz,1,1997-07-21,2.48,2.0,tt0118421,3,1.0,3.0,tt0668299
Oz,1,1997-07-28,2.30,1.9,tt0118421,4,1.0,4.0,tt0668288
Oz,1,1997-08-04,1.99,1.7,tt0118421,5,1.0,5.0,tt0668319
Oz,1,1997-08-11,2.26,1.9,tt0118421,6,1.0,6.0,tt0668325
Oz,1,1997-08-18,2.85,2.0,tt0118421,7,1.0,7.0,tt0668314
Oz,1,1997-08-25,3.21,2.5,tt0118421,8,1.0,8.0,tt0668282
Oz,2,1998-07-11,3.42,2.5,tt0118421,1,2.0,1.0,tt0668323
Oz,2,1998-07-20,2.87,2.1,tt0118421,2,2.0,2.0,tt0668285
Oz,2,1998-07-27,2.25,1.7,tt0118421,3,2.0,3.0,tt0668302
Oz,2,1998-08-03,2.46,1.9,tt0118421,4,2.0,4.0,tt0668307
Oz,2,1998-08-10,2.92,2.1,tt0118421,5,2.0,5.0,tt0668297
Oz,2,1998-08-17,3.23,2.5,tt0118421,6,2.0,6.0,tt0668320
Oz,2,1998-08-24,2.75,2.1,tt0118421,7,2.0,7.0,tt0668286
Oz,2,1998-08-31,3.24,2.3,tt0118421,8,2.0,8.0,tt0668294
Oz,3,1999-07-14,2.693,2.1,tt0118421,1,3.0,1.0,tt0668324
Oz,3,1999-07-21,3.175,2.3,tt0118421,2,3.0,2.0,tt0668309
Oz,3,1999-07-28,3.006,2.4,tt0118421,3,3.0,3.0,tt0668306
Oz,3,1999-08-04,2.857,2.2,tt0118421,4,3.0,4.0,tt0668327
Oz,3,1999-08-11,3.333,2.3,tt0118421,5,3.0,5.0,tt0668326
Oz,3,1999-08-18,3.692,2.6,tt0118421,6,3.0,6.0,tt0668290
Oz,3,1999-08-25,3.441,2.5,tt0118421,7,3.0,7.0,tt0668316
Oz,3,,3.941,2.8,tt0118421,8,3.0,8.0,tt0668313
Oz,4,2000-07-12,2.559,1.7,tt0118421,1,4.0,1.0,tt0668279
Oz,4,2000-07-19,3.023,2.0,tt0118421,2,4.0,2.0,tt0668311
Oz,4,2000-07-26,2.084,1.6,tt0118421,3,4.0,3.0,tt0668321
Oz,4,2000-08-02,3.076,2.3,tt0118421,4,4.0,4.0,tt0668332
Oz,4,2000-08-09,2.791,2.1,tt0118421,5,4.0,5.0,tt0668301
Oz,4,2000-08-16,3.096,2.2,tt0118421,6,4.0,6.0,tt0668284
Oz,4,2000-08-23,3.123,2.3,tt0118421,7,4.0,7.0,tt0668283
Oz,4,2000-08-30,3.456,2.5,tt0118421,8,4.0,8.0,tt0668333
Oz,4,2001-01-07,3.060,2.2,tt0118421,9,4.0,9.0,tt0668308
Oz,4,2001-01-14,2.790,1.9,tt0118421,10,4.0,10.0,tt0668289
Oz,4,2001-01-21,3.754,2.3,tt0118421,11,4.0,11.0,tt0668315
Oz,4,2001-01-28,2.814,1.8,tt0118421,12,4.0,12.0,tt0668291
Oz,4,2001-02-04,3.402,2.2,tt0118421,13,4.0,13.0,tt0668287
Oz,4,2001-02-11,3.708,2.5,tt0118421,14,4.0,14.0,tt0668312
Oz,4,2001-02-18,3.722,2.4,tt0118421,15,4.0,15.0,tt0668295
Oz,4,2001-02-25,4.159,2.7,tt0118421,16,4.0,16.0,tt0668298
Oz,5,2002-01-06,4.168,2.6,tt0118421,1,5.0,1.0,tt0668329
Oz,5,2002-01-13,3.451,2.2,tt0118421,2,5.0,2.0,tt0668305
Oz,5,2002-01-20,3.379,2.2,tt0118421,3,5.0,3.0,tt0668293
Oz,5,2002-01-27,3.797,2.5,tt0118421,4,5.0,4.0,tt0668310
Oz,5,2002-02-03,2.614,1.8,tt0118421,5,5.0,5.0,tt0668331
Oz,5,2002-02-10,3.894,2.7,tt0118421,6,5.0,6.0,tt0668328
Oz,5,2002-02-17,3.654,2.5,tt0118421,7,5.0,7.0,tt0668300
Oz,5,2002-02-24,3.590,2.3,tt0118421,8,5.0,8.0,tt0668303
Oz,6,2003-01-05,3.860,2.5,tt0118421,1,6.0,1.0,tt0668292
Oz,6,2003-01-12,2.637,1.7,tt0118421,2,6.0,2.0,tt0668317
Oz,6,2003-01-19,2.512,1.7,tt0118421,3,6.0,3.0,tt0668318
Oz,6,2003-01-26,3.085,1.9,tt0118421,4,6.0,4.0,tt0668281
Oz,6,2003-02-02,3.199,2.1,tt0118421,5,6.0,5.0,tt0668278
Oz,6,2003-02-09,3.683,2.5,tt0118421,6,6.0,6.0,tt0668280
Oz,6,2003-02-16,3.270,2.3,tt0118421,7,6.0,7.0,tt0668304
Oz,6,2003-02-23,3.706,2.4,tt0118421,8,6.0,8.0,tt0668296
Haven,1,2010-07-09,2.336,0.7,tt1519931,1,1.0,1.0,tt1595706
Haven,1,2010-07-16,2.086,0.6,tt1519931,2,1.0,2.0,tt1673088
Haven,1,2010-07-23,1.843,0.5,tt1519931,3,1.0,3.0,tt1672659
Haven,1,2010-07-30,2.125,0.6,tt1519931,4,1.0,4.0,tt1672658
Haven,1,2010-08-06,1.884,0.4,tt1519931,5,1.0,5.0,tt1677255
Haven,1,2010-08-13,1.999,0.5,tt1519931,6,1.0,6.0,tt1676463
Haven,1,2010-08-20,1.894,0.5,tt1519931,7,1.0,7.0,tt1702126
Haven,1,2010-08-27,1.973,0.6,tt1519931,8,1.0,8.0,tt1702125
Haven,1,,1.761,0.6,tt1519931,9,1.0,9.0,tt1707724
Haven,1,,1.586,0.4,tt1519931,10,1.0,10.0,tt1707725
Haven,1,,1.407,0.4,tt1519931,11,1.0,11.0,tt1707726
Haven,1,2010-10-01,1.442,0.4,tt1519931,12,1.0,12.0,tt1707722
Haven,1,2010-10-08,1.699,0.5,tt1519931,13,1.0,13.0,tt1707723
Haven,2,2011-07-15,1.884,0.5,tt1519931,1,2.0,1.0,tt1940526
Haven,2,2011-07-22,1.837,0.5,tt1519931,2,2.0,2.0,tt1989046
Haven,2,2011-07-29,2.004,0.6,tt1519931,3,2.0,3.0,tt1962774
Haven,2,2011-08-05,1.824,0.5,tt1519931,4,2.0,4.0,tt1997767
Haven,2,2011-08-12,1.886,0.5,tt1519931,5,2.0,5.0,tt1962775
Haven,2,2011-08-19,1.743,0.5,tt1519931,6,2.0,6.0,tt1997768
Haven,2,2011-08-26,1.912,0.5,tt1519931,7,2.0,7.0,tt1996663
Haven,2,,1.463,0.4,tt1519931,8,2.0,8.0,tt1997769
Haven,2,,1.909,0.6,tt1519931,9,2.0,9.0,tt1977387
Haven,2,,2.022,0.6,tt1519931,10,2.0,10.0,tt2005639
Haven,2,,1.868,0.5,tt1519931,11,2.0,11.0,tt2004579
Haven,2,,1.803,0.5,tt1519931,12,2.0,12.0,tt2005637
Haven,2,2011-12-06,1.199,0.4,tt1519931,13,2.0,13.0,tt2098189
Haven,3,,2.004,0.5,tt1519931,1,3.0,1.0,tt2373065
Haven,3,,1.442,0.3,tt1519931,2,3.0,2.0,tt2391433
Haven,3,2012-10-05,1.572,0.4,tt1519931,3,3.0,3.0,tt2391435
Haven,3,2012-10-12,1.724,0.5,tt1519931,4,3.0,4.0,tt2391437
Haven,3,2012-10-19,1.446,0.4,tt1519931,5,3.0,5.0,tt2391439
Haven,3,2012-10-26,1.405,0.3,tt1519931,6,3.0,6.0,tt2391441
Haven,3,2012-11-02,1.548,0.5,tt1519931,7,3.0,7.0,tt2391443
Haven,3,2012-11-09,1.601,0.4,tt1519931,8,3.0,8.0,tt2391445
Haven,3,2012-11-16,1.615,0.5,tt1519931,9,3.0,9.0,tt2391447
Haven,3,2012-11-30,1.533,0.4,tt1519931,10,3.0,10.0,tt2391425
Haven,3,2012-12-07,1.557,0.4,tt1519931,11,3.0,11.0,tt2391427
Haven,3,2013-01-17,1.313,0.4,tt1519931,12,3.0,12.0,tt2391429
Haven,3,2013-01-17,1.363,0.4,tt1519931,13,3.0,13.0,tt2391431
Haven,4,,1.548,0.4,tt1519931,1,4.0,1.0,tt2517656
Haven,4,,1.360,0.4,tt1519931,2,4.0,2.0,tt2816600
Haven,4,,1.540,0.5,tt1519931,3,4.0,3.0,tt3126318
Haven,4,2013-10-04,1.489,0.4,tt1519931,4,4.0,4.0,tt2969514
Haven,4,2013-10-11,1.587,0.4,tt1519931,5,4.0,5.0,tt3136544
Haven,4,2013-10-18,1.451,0.37,tt1519931,6,4.0,6.0,tt3136546
Haven,4,2013-10-25,1.455,0.43,tt1519931,7,4.0,7.0,tt3126320
Haven,4,2013-11-01,1.331,0.40,tt1519931,8,4.0,8.0,tt3135430
Haven,4,2013-11-08,1.722,0.52,tt1519931,9,4.0,9.0,tt3135434
Haven,4,2013-11-15,1.572,0.43,tt1519931,10,4.0,10.0,tt3135438
Haven,4,2013-11-22,1.459,0.45,tt1519931,11,4.0,11.0,tt3136556
Haven,4,2013-12-06,1.357,0.40,tt1519931,12,4.0,12.0,tt3136558
Haven,4,2013-12-13,1.252,0.39,tt1519931,13,4.0,13.0,tt3136560
Haven,5,,1.040,0.22,tt1519931,1,5.0,1.0,tt3499408
Haven,5,,1.018,0.25,tt1519931,2,5.0,2.0,tt4038728
Haven,5,,0.849,0.19,tt1519931,3,5.0,3.0,tt4050594
Haven,5,2014-10-02,0.721,0.17,tt1519931,4,5.0,4.0,tt4056624
Haven,5,2014-10-10,0.824,0.21,tt1519931,5,5.0,5.0,tt3807312
Haven,5,2014-10-17,0.945,0.26,tt1519931,6,5.0,6.0,tt3946654
Haven,5,2014-10-24,0.758,0.20,tt1519931,7,5.0,7.0,tt4074380
Haven,5,2014-10-31,0.847,0.19,tt1519931,8,5.0,8.0,tt4074382
Haven,5,2014-11-07,0.789,0.20,tt1519931,9,5.0,9.0,tt4166744
Haven,5,2014-11-14,0.863,0.22,tt1519931,10,5.0,10.0,tt4166750
Haven,5,2014-11-21,0.768,0.18,tt1519931,11,5.0,11.0,tt4203852
Haven,5,2014-11-28,0.871,0.17,tt1519931,12,5.0,12.0,tt4203858
Haven,5,2014-12-05,0.914,0.17,tt1519931,13,5.0,13.0,tt4203862
Haven,5,2015-10-08,0.745,0.20,tt1519931,14,5.0,14.0,tt4606484
Haven,5,2015-10-08,0.552,0.13,tt1519931,15,5.0,15.0,tt4082982
Haven,5,2015-10-15,0.695,0.19,tt1519931,16,5.0,16.0,tt4606486
Haven,5,2015-10-22,0.585,0.18,tt1519931,17,5.0,17.0,tt4082984
Haven,5,2015-10-29,0.645,0.18,tt1519931,18,5.0,18.0,tt4048968
Haven,5,2015-11-05,0.796,0.24,tt1519931,19,5.0,19.0,tt4048992
Haven,5,2015-11-12,0.724,0.18,tt1519931,20,5.0,20.0,tt4606490
Haven,5,2015-11-19,0.660,0.19,tt1519931,21,5.0,21.0,tt4509008
Haven,5,2015-11-26,0.533,0.13,tt1519931,22,5.0,22.0,tt4608174
Haven,5,2015-12-03,0.626,0.15,tt1519931,23,5.0,23.0,tt4294532
Haven,5,2015-12-10,0.741,0.21,tt1519931,24,5.0,24.0,tt4608178
Haven,5,2015-12-17,0.679,0.21,tt1519931,25,5.0,25.0,tt4608182
Haven,5,2015-12-17,0.528,0.12,tt1519931,26,5.0,26.0,tt4217606
Stargate: Universe,1,2009-10-02,2.346,0.9,tt1286039,1,,,
Stargate: Universe,1,2009-10-09,2.447,1.0,tt1286039,2,,,
Stargate: Universe,1,2009-10-16,2.009,0.9,tt1286039,3,,,
Stargate: Universe,1,2009-10-23,2.015,0.8,tt1286039,4,,,
Stargate: Universe,1,2009-10-30,1.974,0.8,tt1286039,5,,,
Stargate: Universe,1,2009-11-06,1.626,0.7,tt1286039,6,,,
Stargate: Universe,1,2009-11-13,1.802,0.7,tt1286039,7,,,
Stargate: Universe,1,2009-11-20,1.891,0.8,tt1286039,8,,,
Stargate: Universe,1,2009-12-04,1.340,0.5,tt1286039,9,,,
Stargate: Universe,1,2010-04-02,1.486,0.6,tt1286039,10,,,
Stargate: Universe,1,2010-04-09,1.600,0.6,tt1286039,11,,,
Stargate: Universe,1,2010-04-16,1.422,0.5,tt1286039,12,,,
Stargate: Universe,1,2010-04-23,1.313,0.4,tt1286039,13,,,
Stargate: Universe,1,2010-04-30,1.587,0.6,tt1286039,14,,,
Stargate: Universe,1,,1.391,0.6,tt1286039,15,,,
Stargate: Universe,1,,1.554,0.6,tt1286039,16,,,
Stargate: Universe,1,,1.454,0.5,tt1286039,17,,,
Stargate: Universe,1,2010-06-04,1.178,0.4,tt1286039,18,,,
Stargate: Universe,1,2010-06-11,1.469,0.5,tt1286039,19,,,
Stargate: Universe,2,,1.175,0.5,tt1286039,1,,,
Stargate: Universe,2,2010-10-05,1.070,0.5,tt1286039,2,,,
Stargate: Universe,2,2010-10-12,1.222,0.5,tt1286039,3,,,
Stargate: Universe,2,2010-10-19,0.974,0.4,tt1286039,4,,,
Stargate: Universe,2,2010-10-26,1.012,0.4,tt1286039,5,,,
Stargate: Universe,2,2010-11-02,0.967,0.4,tt1286039,6,,,
Stargate: Universe,2,2010-11-09,1.074,0.4,tt1286039,7,,,
Stargate: Universe,2,2010-11-16,1.025,0.4,tt1286039,8,,,
Stargate: Universe,2,2010-11-23,1.169,0.5,tt1286039,9,,,
Stargate: Universe,2,2010-11-30,1.094,0.5,tt1286039,10,,,
Stargate: Universe,2,2011-03-07,1.035,0.5,tt1286039,11,,,
Stargate: Universe,2,2011-03-14,0.928,0.5,tt1286039,12,,,
Stargate: Universe,2,2011-03-21,0.814,0.4,tt1286039,13,,,
Stargate: Universe,2,2011-03-28,0.876,0.4,tt1286039,14,,,
Stargate: Universe,2,2011-04-04,0.823,0.3,tt1286039,15,,,
Stargate: Universe,2,2011-04-11,1.020,0.4,tt1286039,16,,,
Stargate: Universe,2,2011-04-18,0.861,0.3,tt1286039,17,,,
Stargate: Universe,2,2011-04-25,1.092,0.4,tt1286039,18,,,
Stargate: Universe,2,,0.993,0.3,tt1286039,19,,,
Stargate: Universe,2,,1.134,0.5,tt1286039,20,,,
Shameless,1,2011-01-09,0.982,0.4,tt1586680,1,1.0,1.0,tt1589573
Shameless,1,2011-01-16,0.810,0.4,tt1586680,2,1.0,2.0,tt1717968
Shameless,1,2011-01-23,0.903,0.4,tt1586680,3,1.0,3.0,tt1732475
Shameless,1,2011-01-30,1.109,0.6,tt1586680,4,1.0,4.0,tt1733025
Shameless,1,2011-02-06,0.953,0.4,tt1586680,5,1.0,5.0,tt1744244
Shameless,1,2011-02-13,1.005,0.5,tt1586680,6,1.0,6.0,tt1751740
Shameless,1,2011-02-20,1.140,0.5,tt1586680,7,1.0,7.0,tt1814411
Shameless,1,2011-02-27,0.923,0.4,tt1586680,8,1.0,8.0,tt1812446
Shameless,1,2011-03-06,1.139,0.5,tt1586680,9,1.0,9.0,tt1812447
Shameless,1,2011-03-13,1.124,0.5,tt1586680,10,1.0,10.0,tt1814409
Shameless,1,2011-03-20,1.101,0.5,tt1586680,11,1.0,11.0,tt1814410
Shameless,1,2011-03-27,1.157,0.5,tt1586680,12,1.0,12.0,tt1812445
Shameless,2,2012-01-08,1.582,0.8,tt1586680,1,2.0,1.0,tt1988453
Shameless,2,2012-01-15,1.252,0.7,tt1586680,2,2.0,2.0,tt2004908
Shameless,2,2012-01-22,1.277,0.7,tt1586680,3,2.0,3.0,tt2108266
Shameless,2,2012-01-29,1.369,0.7,tt1586680,4,2.0,4.0,tt2108267
Shameless,2,2012-02-05,1.005,0.5,tt1586680,5,2.0,5.0,tt2108268
Shameless,2,2012-02-12,1.440,0.8,tt1586680,6,2.0,6.0,tt2048583
Shameless,2,2012-02-19,1.409,0.8,tt1586680,7,2.0,7.0,tt2064556
Shameless,2,2012-03-04,1.601,0.8,tt1586680,8,2.0,8.0,tt2105878
Shameless,2,2012-03-11,1.306,0.7,tt1586680,9,2.0,9.0,tt2080942
Shameless,2,2012-03-18,1.155,0.6,tt1586680,10,2.0,10.0,tt2093744
Shameless,2,2012-03-25,1.513,0.8,tt1586680,11,2.0,11.0,tt2091073
Shameless,2,2012-04-01,1.454,0.7,tt1586680,12,2.0,12.0,tt2104602
Shameless,3,2013-01-13,1.995,1.1,tt1586680,1,3.0,1.0,tt2316912
Shameless,3,2013-01-20,1.372,0.7,tt1586680,2,3.0,2.0,tt2316918
Shameless,3,2013-01-27,1.987,1.0,tt1586680,3,3.0,3.0,tt2316924
Shameless,3,2013-02-10,1.531,0.7,tt1586680,4,3.0,4.0,tt2316926
Shameless,3,2013-02-17,1.315,0.6,tt1586680,5,3.0,5.0,tt2316928
Shameless,3,2013-02-24,1.479,0.7,tt1586680,6,3.0,6.0,tt2386512
Shameless,3,2013-03-03,1.762,0.8,tt1586680,7,3.0,7.0,tt2666306
Shameless,3,2013-03-10,1.664,0.8,tt1586680,8,3.0,8.0,tt2666310
Shameless,3,2013-03-17,1.667,0.8,tt1586680,9,3.0,9.0,tt2666316
Shameless,3,2013-03-24,1.606,0.8,tt1586680,10,3.0,10.0,tt2666312
Shameless,3,2013-03-31,1.651,0.8,tt1586680,11,3.0,11.0,tt2666314
Shameless,3,2013-04-07,1.823,0.9,tt1586680,12,3.0,12.0,tt2747042
Shameless,4,2014-01-12,1.694,0.86,tt1586680,1,4.0,1.0,tt2785156
Shameless,4,2014-01-19,1.602,0.81,tt1586680,2,4.0,2.0,tt3391660
Shameless,4,2014-01-26,1.830,0.90,tt1586680,3,4.0,3.0,tt3380306
Shameless,4,2014-02-02,1.229,0.58,tt1586680,4,4.0,4.0,tt3332046
Shameless,4,2014-02-09,1.585,0.71,tt1586680,5,4.0,5.0,tt3437538
Shameless,4,2014-02-16,1.909,0.89,tt1586680,6,4.0,6.0,tt3437540
Shameless,4,2014-02-23,1.887,0.88,tt1586680,7,4.0,7.0,tt3391558
Shameless,4,2014-03-09,1.778,0.85,tt1586680,8,4.0,8.0,tt3507312
Shameless,4,2014-03-16,1.706,0.80,tt1586680,9,4.0,9.0,tt3478768
Shameless,4,2014-03-23,1.632,0.81,tt1586680,10,4.0,10.0,tt3507322
Shameless,4,2014-03-30,1.758,0.84,tt1586680,11,4.0,11.0,tt3507316
Shameless,4,2014-04-06,1.933,0.85,tt1586680,12,4.0,12.0,tt3570280
Shameless,5,2015-01-11,1.770,0.80,tt1586680,1,5.0,1.0,tt3547068
Shameless,5,2015-01-18,1.757,0.83,tt1586680,2,5.0,2.0,tt3858936
Shameless,5,2015-01-25,1.961,0.88,tt1586680,3,5.0,3.0,tt3858934
Shameless,5,2015-02-01,1.258,0.60,tt1586680,4,5.0,4.0,tt3878444
Shameless,5,2015-02-08,1.635,0.73,tt1586680,5,5.0,5.0,tt3904378
Shameless,5,2015-02-15,1.263,0.53,tt1586680,6,5.0,6.0,tt3953104
Shameless,5,2015-03-01,1.443,0.62,tt1586680,7,5.0,7.0,tt3979142
Shameless,5,2015-03-08,1.602,0.68,tt1586680,8,5.0,8.0,tt4056348
Shameless,5,2015-03-15,1.624,0.77,tt1586680,9,5.0,9.0,tt4080744
Shameless,5,2015-03-22,1.668,0.70,tt1586680,10,5.0,10.0,tt4079958
Shameless,5,2015-03-29,1.425,0.61,tt1586680,11,5.0,11.0,tt4112036
Shameless,5,2015-04-05,1.548,0.71,tt1586680,12,5.0,12.0,tt3902188
Shameless,6,2016-01-10,1.439,0.63,tt1586680,1,6.0,1.0,tt4368544
Shameless,6,2016-01-17,1.642,0.66,tt1586680,2,6.0,2.0,tt4815168
Shameless,6,2016-01-24,1.697,0.75,tt1586680,3,6.0,3.0,tt4881556
Shameless,6,2016-01-31,1.704,0.68,tt1586680,4,6.0,4.0,tt4850056
Shameless,6,2016-02-07,1.157,0.47,tt1586680,5,6.0,5.0,tt5037490
Shameless,6,2016-02-14,1.590,0.60,tt1586680,6,6.0,6.0,tt5056040
Shameless,6,2016-02-21,1.658,0.72,tt1586680,7,6.0,7.0,tt5090596
Shameless,6,2016-03-06,1.499,0.62,tt1586680,8,6.0,8.0,tt5152654
Shameless,6,2016-03-13,1.682,0.68,tt1586680,9,6.0,9.0,tt5159602
Shameless,6,2016-03-20,1.601,0.63,tt1586680,10,6.0,10.0,tt5205752
Shameless,6,2016-03-27,1.452,0.56,tt1586680,11,6.0,11.0,tt5208858
Shameless,6,2016-04-03,1.633,0.66,tt1586680,12,6.0,12.0,tt4393194
Shameless,7,2016-10-02,1.241,0.49,tt1586680,1,7.0,1.0,tt5338242
Shameless,7,2016-10-09,1.105,0.45,tt1586680,2,7.0,2.0,tt5521840
Shameless,7,2016-10-16,1.441,0.57,tt1586680,3,7.0,3.0,tt5585914
Shameless,7,2016-10-23,1.378,0.55,tt1586680,4,7.0,4.0,tt5602264
Shameless,7,2016-10-30,1.198,0.42,tt1586680,5,7.0,5.0,tt5638836
Shameless,7,2016-11-06,1.442,0.55,tt1586680,6,7.0,6.0,tt5678448
Shameless,7,2016-11-13,1.325,0.48,tt1586680,7,7.0,7.0,tt5688526
Shameless,7,2016-11-20,1.403,0.49,tt1586680,8,7.0,8.0,tt5745128
Shameless,7,2016-11-27,1.558,0.60,tt1586680,9,7.0,9.0,tt5745132
Shameless,7,2016-12-04,1.603,0.62,tt1586680,10,7.0,10.0,tt5745134
Shameless,7,2016-12-11,1.584,0.60,tt1586680,11,7.0,11.0,tt5745136
Shameless,7,2016-12-18,1.716,0.62,tt1586680,12,7.0,12.0,tt5507134
Shameless,8,2017-11-05,1.856,0.73,tt1586680,1,8.0,1.0,tt6347410
Shameless,8,2017-11-12,1.372,0.52,tt1586680,2,8.0,2.0,tt6349112
Shameless,8,2017-11-19,1.336,0.47,tt1586680,3,8.0,3.0,tt6360832
Shameless,8,2017-11-26,1.594,0.61,tt1586680,4,8.0,4.0,tt6402814
Shameless,8,2017-12-03,1.507,0.57,tt1586680,5,8.0,5.0,tt6423672
Shameless,8,2017-12-10,1.517,0.50,tt1586680,6,8.0,6.0,tt6428796
Shameless,8,2017-12-17,1.578,0.51,tt1586680,7,8.0,7.0,tt6428802
Shameless,8,2017-12-31,0.805,0.23,tt1586680,8,8.0,8.0,tt6428804
Shameless,8,2018-01-07,1.654,0.65,tt1586680,9,8.0,9.0,tt6428808
Shameless,8,2018-01-14,1.524,0.55,tt1586680,10,8.0,10.0,tt6428800
Shameless,8,2018-01-21,1.517,0.54,tt1586680,11,8.0,11.0,tt6428798
Shameless,8,2018-01-28,1.726,0.60,tt1586680,12,8.0,12.0,tt6360834
Shameless,9,,1.307,0.47,tt1586680,1,9.0,1.0,tt7613412
Shameless,9,,1.119,0.39,tt1586680,2,9.0,2.0,tt8245452
Shameless,9,,1.045,0.39,tt1586680,3,9.0,3.0,tt8245454
Shameless,9,,1.087,0.37,tt1586680,4,9.0,4.0,tt8245456
Shameless,9,2018-10-07,1.002,0.34,tt1586680,5,9.0,5.0,tt8245464
Shameless,9,2018-10-14,0.919,0.30,tt1586680,6,9.0,6.0,tt8245466
Shameless,9,2018-10-21,1.000,0.33,tt1586680,7,9.0,7.0,tt8245470
Shameless,9,2019-01-20,0.798,0.26,tt1586680,8,9.0,8.0,tt8245468
Shameless,9,2019-01-27,0.843,0.30,tt1586680,9,9.0,9.0,tt8245474
Shameless,9,2019-02-10,1.135,0.40,tt1586680,10,9.0,10.0,tt8245476
Shameless,9,2019-02-17,0.973,0.32,tt1586680,11,9.0,11.0,tt8245478
Shameless,9,2019-02-24,0.814,0.24,tt1586680,12,9.0,12.0,tt8245480
Shameless,9,2019-03-03,1.129,0.41,tt1586680,13,9.0,13.0,tt8810000
Shameless,9,2019-03-10,1.348,0.45,tt1586680,14,9.0,14.0,tt8810002
Shameless,10,2019-11-10,0.757,0.21,tt1586680,1,10.0,1.0,tt9694620
Shameless,10,2019-11-17,0.905,0.30,tt1586680,2,10.0,2.0,tt10611688
Shameless,10,2019-11-24,0.836,0.22,tt1586680,3,10.0,3.0,tt10547562
Shameless,10,2019-12-01,0.866,0.27,tt1586680,4,10.0,4.0,tt10547564
Shameless,10,2019-12-08,0.828,0.26,tt1586680,5,10.0,5.0,tt10547570
Shameless,10,2019-12-15,0.893,0.21,tt1586680,6,10.0,6.0,tt10547578
Shameless,10,2019-12-22,0.838,0.23,tt1586680,7,10.0,7.0,tt10547580
Shameless,10,2019-12-29,0.856,0.26,tt1586680,8,10.0,8.0,tt10547584
Shameless,10,2020-01-05,0.773,0.23,tt1586680,9,10.0,9.0,tt10740404
Shameless,10,2020-01-12,0.889,0.23,tt1586680,10,10.0,10.0,tt10547586
Shameless,10,2020-01-19,0.811,0.22,tt1586680,11,10.0,11.0,tt10547592
Shameless,10,2020-01-26,0.916,0.29,tt1586680,12,10.0,12.0,tt10001184
Shameless,11,2020-12-06,0.699,0.13,tt1586680,1,11.0,1.0,tt11600240
Shameless,11,2020-12-13,0.689,0.14,tt1586680,2,11.0,2.0,tt11600242
Shameless,11,2020-12-20,0.617,0.13,tt1586680,3,11.0,3.0,tt11600246
Shameless,11,2021-01-10,0.569,0.14,tt1586680,4,11.0,4.0,tt13236040
Shameless,11,2021-01-31,0.574,0.15,tt1586680,5,11.0,5.0,tt13389224
Shameless,11,2021-02-14,0.517,0.09,tt1586680,6,11.0,6.0,tt13389234
Shameless,11,2021-03-07,0.408,0.09,tt1586680,7,11.0,7.0,tt13389238
Shameless,11,2021-03-14,0.547,0.14,tt1586680,8,11.0,8.0,tt13389246
Shameless,11,2021-03-21,0.481,0.10,tt1586680,9,11.0,9.0,tt13389248
Shameless,11,2021-03-28,0.590,0.14,tt1586680,10,11.0,10.0,tt13389254
Shameless,11,2021-04-04,0.522,0.11,tt1586680,11,11.0,11.0,tt13389260
Shameless,11,2021-04-11,0.695,0.18,tt1586680,12,11.0,12.0,tt11622612
Jane by Design,1,2012-01-03,1.612,0.6,tt1743904,1,1.0,1.0,tt1747875
Jane by Design,1,2012-01-10,1.117,0.4,tt1743904,2,1.0,2.0,tt2039835
Jane by Design,1,2012-01-17,1.337,0.4,tt1743904,3,1.0,3.0,tt2038943
Jane by Design,1,2012-01-24,1.475,0.6,tt1743904,4,1.0,4.0,tt2046920
Jane by Design,1,2012-01-31,1.353,0.5,tt1743904,5,1.0,5.0,tt2045512
Jane by Design,1,2012-02-07,1.115,0.4,tt1743904,6,1.0,6.0,tt2049147
Jane by Design,1,2012-02-14,1.105,0.4,tt1743904,7,1.0,7.0,tt2056109
Jane by Design,1,2012-02-21,1.348,0.6,tt1743904,8,1.0,8.0,tt2058917
Jane by Design,1,2012-02-28,0.964,0.4,tt1743904,9,1.0,9.0,tt2057728
Jane by Design,1,2012-03-06,1.208,0.5,tt1743904,10,1.0,10.0,tt2121501
Jane by Design,1,2012-06-05,1.358,0.6,tt1743904,11,1.0,11.0,tt2194990
Jane by Design,1,2012-06-12,1.336,0.6,tt1743904,12,1.0,12.0,tt2154004
Jane by Design,1,2012-06-19,1.301,0.5,tt1743904,13,1.0,13.0,tt2389715
Jane by Design,1,2012-06-26,1.083,0.4,tt1743904,14,1.0,14.0,tt2227230
Jane by Design,1,2012-07-10,1.308,0.5,tt1743904,15,1.0,15.0,tt2236810
Jane by Design,1,2012-07-17,1.281,0.6,tt1743904,16,1.0,16.0,tt2249912
Jane by Design,1,2012-07-24,1.410,0.6,tt1743904,17,1.0,17.0,tt2264192
Jane by Design,1,2012-07-31,1.184,0.4,tt1743904,18,1.0,18.0,tt2281068
Salem,1,2014-04-20,1.521,0.51,tt2963254,1,1.0,1.0,tt3268336
Salem,1,2014-04-27,0.774,0.3,tt2963254,2,1.0,2.0,tt3488940
Salem,1,,0.440,0.18,tt2963254,3,1.0,3.0,tt3476920
Salem,1,,0.429,0.1,tt2963254,4,1.0,4.0,tt3551036
Salem,1,,0.500,0.2,tt2963254,5,1.0,5.0,tt3573802
Salem,1,,0.476,0.15,tt2963254,6,1.0,6.0,tt3618346
Salem,1,2014-06-01,0.537,0.21,tt2963254,7,1.0,7.0,tt3603160
Salem,1,2014-06-08,0.574,0.21,tt2963254,8,1.0,8.0,tt3638706
Salem,1,2014-06-15,0.490,0.16,tt2963254,9,1.0,9.0,tt3669050
Salem,1,2014-06-22,0.465,0.18,tt2963254,10,1.0,10.0,tt3789716
Salem,1,2014-06-29,0.591,0.23,tt2963254,11,1.0,11.0,tt3727294
Salem,1,2014-07-06,0.363,0.13,tt2963254,12,1.0,12.0,tt3797860
Salem,1,2014-07-13,0.432,0.18,tt2963254,13,1.0,13.0,tt3804798
Salem,2,2015-04-05,0.510,0.22,tt2963254,1,2.0,1.0,tt4338584
Salem,2,2015-04-12,0.376,0.11,tt2963254,2,2.0,2.0,tt4397200
Salem,2,2015-04-19,0.495,0.17,tt2963254,3,2.0,3.0,tt4445718
Salem,2,2015-04-26,0.331,0.12,tt2963254,4,2.0,4.0,tt4510150
Salem,2,,0.334,0.10,tt2963254,5,2.0,5.0,tt4510160
Salem,2,,0.245,0.13,tt2963254,6,2.0,6.0,tt4533372
Salem,2,,0.321,0.18,tt2963254,7,2.0,7.0,tt4564544
Salem,2,,0.310,0.13,tt2963254,8,2.0,8.0,tt4652370
Salem,2,,0.394,0.13,tt2963254,9,2.0,9.0,tt4614952
Salem,2,2015-06-07,0.284,0.10,tt2963254,10,2.0,10.0,tt4652376
Salem,2,2015-06-14,0.314,0.07,tt2963254,11,2.0,11.0,tt4665024
Salem,2,2015-06-21,0.318,0.11,tt2963254,12,2.0,12.0,tt4687982
Salem,2,2015-06-28,0.337,0.14,tt2963254,13,2.0,13.0,tt4774206
Salem,3,2016-11-02,0.272,0.10,tt2963254,1,3.0,1.0,tt4853240
Salem,3,2016-11-09,0.212,0.06,tt2963254,2,3.0,2.0,tt5467144
Salem,3,2016-11-16,0.295,0.10,tt2963254,3,3.0,3.0,tt5458136
Salem,3,2016-11-30,0.270,0.08,tt2963254,4,3.0,4.0,tt5506042
Salem,3,2016-12-07,0.257,0.09,tt2963254,5,3.0,5.0,tt5527284
Salem,3,2016-12-14,0.286,0.07,tt2963254,6,3.0,6.0,tt5569476
Salem,3,2017-01-04,0.259,0.07,tt2963254,7,3.0,7.0,tt5638370
Salem,3,2017-01-11,0.268,0.08,tt2963254,8,3.0,8.0,tt5638396
Salem,3,2017-01-18,0.236,0.05,tt2963254,9,3.0,9.0,tt5638400
Salem,3,2017-01-25,0.233,0.08,tt2963254,10,3.0,10.0,tt5643300
The Strain,1,2014-07-13,2.986,1.18,tt2654620,1,1.0,1.0,tt3380658
The Strain,1,2014-07-20,2.120,1.0,tt2654620,2,1.0,2.0,tt3480884
The Strain,1,2014-07-27,2.299,1.0,tt2654620,3,1.0,3.0,tt3428146
The Strain,1,2014-08-03,2.274,1.18,tt2654620,4,1.0,4.0,tt3410216
The Strain,1,2014-08-10,2.030,1.01,tt2654620,5,1.0,5.0,tt3475844
The Strain,1,2014-08-17,2.283,1.01,tt2654620,6,1.0,6.0,tt3613468
The Strain,1,2014-08-24,2.434,1.06,tt2654620,7,1.0,7.0,tt3515200
The Strain,1,2014-08-31,1.914,0.86,tt2654620,8,1.0,8.0,tt3646160
The Strain,1,,1.866,0.86,tt2654620,9,1.0,9.0,tt3515202
The Strain,1,,2.216,1.04,tt2654620,10,1.0,10.0,tt3699810
The Strain,1,,2.280,1.08,tt2654620,11,1.0,11.0,tt3630746
The Strain,1,,1.973,0.94,tt2654620,12,1.0,12.0,tt3675166
The Strain,1,2014-10-05,2.091,0.97,tt2654620,13,1.0,13.0,tt3742970
The Strain,2,2015-07-12,1.664,0.78,tt2654620,1,2.0,1.0,tt3969926
The Strain,2,2015-07-19,1.625,0.74,tt2654620,2,2.0,2.0,tt4174890
The Strain,2,2015-07-26,1.469,0.64,tt2654620,3,2.0,3.0,tt4229936
The Strain,2,2015-08-02,1.381,0.59,tt2654620,4,2.0,4.0,tt4247342
The Strain,2,2015-08-09,1.264,0.57,tt2654620,5,2.0,5.0,tt4247344
The Strain,2,2015-08-16,1.435,0.60,tt2654620,6,2.0,6.0,tt4247348
The Strain,2,2015-08-23,0.949,0.40,tt2654620,7,2.0,7.0,tt4247352
The Strain,2,2015-08-30,1.360,0.61,tt2654620,8,2.0,8.0,tt4247346
The Strain,2,,1.154,0.50,tt2654620,9,2.0,9.0,tt4247350
The Strain,2,,1.296,0.56,tt2654620,10,2.0,10.0,tt4247354
The Strain,2,,1.419,0.63,tt2654620,11,2.0,11.0,tt4247356
The Strain,2,,1.231,0.54,tt2654620,12,2.0,12.0,tt4247358
The Strain,2,2015-10-04,1.171,0.54,tt2654620,13,2.0,13.0,tt3973112
The Strain,3,2016-08-28,1.353,0.62,tt2654620,1,3.0,1.0,tt4999208
The Strain,3,,0.987,0.42,tt2654620,2,3.0,2.0,tt4999226
The Strain,3,,1.107,0.47,tt2654620,3,3.0,3.0,tt4999212
The Strain,3,,0.990,0.40,tt2654620,4,3.0,4.0,tt4999228
The Strain,3,,0.884,0.40,tt2654620,5,3.0,5.0,tt4999216
The Strain,3,2016-10-02,0.796,0.35,tt2654620,6,3.0,6.0,tt4999220
The Strain,3,2016-10-09,0.815,0.36,tt2654620,7,3.0,7.0,tt4999204
The Strain,3,2016-10-16,0.848,0.34,tt2654620,8,3.0,8.0,tt4999210
The Strain,3,2016-10-23,0.939,0.40,tt2654620,9,3.0,9.0,tt4999218
The Strain,3,2016-10-30,0.886,0.39,tt2654620,10,3.0,10.0,tt4926014
The Strain,4,2017-07-16,1.443,0.52,tt2654620,1,4.0,1.0,tt6101544
The Strain,4,2017-07-23,0.913,0.30,tt2654620,2,4.0,2.0,tt6131040
The Strain,4,2017-07-30,0.864,0.33,tt2654620,3,4.0,3.0,tt6141522
The Strain,4,2017-08-06,1.169,0.43,tt2654620,4,4.0,4.0,tt6141524
The Strain,4,2017-08-13,0.933,0.36,tt2654620,5,4.0,5.0,tt6141526
The Strain,4,2017-08-20,0.794,0.31,tt2654620,6,4.0,6.0,tt6141682
The Strain,4,2017-08-27,0.889,0.31,tt2654620,7,4.0,7.0,tt6141684
The Strain,4,,1.009,0.38,tt2654620,8,4.0,8.0,tt6141692
The Strain,4,,0.837,0.34,tt2654620,9,4.0,9.0,tt6141694
The Strain,4,,0.995,0.40,tt2654620,10,4.0,10.0,tt6123444
Married,1,2014-07-17,1.117,0.65,tt0092400,1,1.0,1.0,tt0642348
Married,1,2014-07-24,0.811,0.41,tt0092400,2,1.0,2.0,tt0642419
Married,1,2014-07-31,0.538,0.23,tt0092400,3,1.0,3.0,tt0642241
Married,1,2014-08-07,0.634,0.39,tt0092400,4,1.0,4.0,tt0793146
Married,1,2014-08-14,0.595,0.26,tt0092400,5,1.0,5.0,tt0793143
Married,1,2014-08-21,0.678,0.39,tt0092400,6,1.0,6.0,tt0642374
Married,1,2014-08-28,0.552,0.30,tt0092400,7,1.0,7.0,tt0642325
Married,1,,0.473,0.29,tt0092400,8,1.0,8.0,tt0642411
Married,1,,0.701,0.32,tt0092400,9,1.0,9.0,tt0642345
Married,1,,0.652,0.36,tt0092400,10,1.0,10.0,tt0642215
Married,2,2015-07-16,0.658,0.26,tt0092400,1,2.0,1.0,tt0642350
Married,2,2015-07-23,0.511,0.25,tt0092400,2,2.0,2.0,tt0642351
Married,2,2015-07-30,0.465,0.20,tt0092400,3,2.0,3.0,tt0807690
Married,2,2015-08-06,0.401,0.19,tt0092400,4,2.0,4.0,tt0642232
Married,2,2015-08-13,0.290,0.12,tt0092400,5,2.0,5.0,tt0642275
Married,2,2015-08-20,0.377,0.19,tt0092400,6,2.0,6.0,tt0642276
Married,2,2015-08-27,0.552,0.32,tt0092400,7,2.0,7.0,tt0807688
Married,2,,0.405,0.19,tt0092400,8,2.0,8.0,tt0807687
Married,2,,0.251,0.13,tt0092400,9,2.0,9.0,tt0642220
Married,2,,0.323,0.16,tt0092400,10,2.0,10.0,tt0807692
Married,2,,0.395,0.20,tt0092400,11,2.0,11.0,tt0642291
Married,2,2015-10-01,0.414,0.19,tt0092400,12,2.0,12.0,tt0642261
Married,2,2015-10-01,0.267,0.11,tt0092400,13,2.0,13.0,tt0642437
Flesh & Bone,1,2015-11-08,0.190,0.06,tt3507484,1,,,
Flesh & Bone,1,2015-11-15,0.147,0.04,tt3507484,2,,,
Flesh & Bone,1,2015-11-22,0.130,0.05,tt3507484,3,,,
Flesh & Bone,1,2015-11-29,0.124,0.05,tt3507484,4,,,
Flesh & Bone,1,2015-12-06,0.122,0.04,tt3507484,5,,,
Flesh & Bone,1,2015-12-13,0.073,0.03,tt3507484,6,,,
Flesh & Bone,1,2015-12-20,0.116,0.06,tt3507484,7,,,
Flesh & Bone,1,2015-12-27,0.093,0.02,tt3507484,8,,,
Partners,1,2014-08-04,1.116,0.35,tt2994108,1,1.0,1.0,tt3640238
Partners,1,2014-08-04,1.013,0.30,tt2994108,2,1.0,2.0,tt3856388
Partners,1,2014-08-11,0.862,0.36,tt2994108,3,1.0,3.0,tt3528560
Partners,1,2014-08-11,0.669,0.26,tt2994108,4,1.0,4.0,tt3638252
Partners,1,2014-08-18,0.384,0.10,tt2994108,5,1.0,5.0,tt3502718
Partners,1,2014-08-18,0.446,0.14,tt2994108,6,1.0,6.0,tt3520988
Partners,1,2014-08-25,0.648,0.25,tt2994108,7,1.0,7.0,tt3487928
Partners,1,2014-08-25,0.555,0.20,tt2994108,8,1.0,8.0,tt3555720
Partners,1,,0.779,0.19,tt2994108,9,1.0,9.0,tt3564368
Partners,1,,0.749,0.19,tt2994108,10,1.0,10.0,tt3543682
Hot Date,1,2017-11-08,0.083,0.01,tt7603386,1,1.0,1.0,tt7607658
Hot Date,1,2017-11-08,0.041,0.01,tt7603386,2,1.0,2.0,tt7608050
Hot Date,1,2017-11-15,0.118,0.02,tt7603386,3,1.0,3.0,tt7607948
Hot Date,1,2017-11-22,0.076,0.01,tt7603386,4,1.0,4.0,tt7607942
Hot Date,1,2017-11-29,0.095,0.02,tt7603386,5,1.0,5.0,tt7681612
Hot Date,1,2017-12-06,0.058,0.02,tt7603386,6,1.0,6.0,tt7682080
Hot Date,1,2017-12-13,0.025,0.01,tt7603386,7,1.0,7.0,tt7698034
Hot Date,1,2017-12-20,0.024,0.01,tt7603386,8,1.0,8.0,tt7690526
Hot Date,1,2017-12-27,0.079,0.02,tt7603386,9,1.0,9.0,tt7698188
Hot Date,1,2018-01-03,0.019,0.01,tt7603386,10,1.0,10.0,tt7698360
Hot Date,2,,0.042,0.02,tt7603386,1,2.0,1.0,tt10265462
Hot Date,2,,0.030,0.02,tt7603386,2,2.0,2.0,tt10265470
Hot Date,2,,0.041,0.02,tt7603386,3,,,
Hot Date,2,,0.026,0.01,tt7603386,4,2.0,4.0,tt10265476
Hot Date,2,2019-10-04,0.033,0.01,tt7603386,5,,,
Hot Date,2,2019-10-04,0.019,0.01,tt7603386,6,,,
Hot Date,2,2019-10-11,0.054,0.01,tt7603386,7,,,
Hot Date,2,2019-10-11,0.040,0.01,tt7603386,8,,,
Hot Date,2,2019-10-18,0.059,0.03,tt7603386,9,,,
Hot Date,2,2019-10-18,0.023,0.01,tt7603386,10,,,
The Bridge,1,2013-07-10,3.043,0.9,tt1733785,1,1.0,1.0,tt1829101
The Bridge,1,2013-07-17,1.740,0.5,tt1733785,2,1.0,2.0,tt1829103
The Bridge,1,2013-07-24,1.782,0.7,tt1733785,3,1.0,3.0,tt1829104
The Bridge,1,2013-07-31,1.752,0.6,tt1733785,4,1.0,4.0,tt1829105
The Bridge,1,2013-08-07,1.918,0.7,tt1733785,5,1.0,5.0,tt1790933
The Bridge,1,2013-08-14,1.634,0.7,tt1733785,6,1.0,6.0,tt1829106
The Bridge,1,2013-08-21,1.657,0.6,tt1733785,7,1.0,7.0,tt1829107
The Bridge,1,2013-08-28,1.770,0.6,tt1733785,8,1.0,8.0,tt1829108
The Bridge,1,,1.653,0.5,tt1733785,9,1.0,9.0,tt1829109
The Bridge,1,,1.795,0.7,tt1733785,10,1.0,10.0,tt1829102
The Bridge,1,,1.497,0.6,tt1733785,11,,,
The Bridge,1,,1.342,0.6,tt1733785,12,,,
The Bridge,1,2013-10-02,1.433,0.5,tt1733785,13,,,
The Bridge,2,2014-07-09,1.500,0.50,tt1733785,1,2.0,1.0,tt2871034
The Bridge,2,2014-07-16,1.183,0.3,tt1733785,2,2.0,2.0,tt3146184
The Bridge,2,2014-07-23,1.288,0.47,tt1733785,3,2.0,3.0,tt3146200
The Bridge,2,2014-07-30,1.128,0.35,tt1733785,4,2.0,4.0,tt3146242
The Bridge,2,2014-08-06,0.930,0.32,tt1733785,5,2.0,5.0,tt3146248
The Bridge,2,2014-08-13,0.821,0.29,tt1733785,6,2.0,6.0,tt3146250
The Bridge,2,2014-08-20,0.936,0.32,tt1733785,7,2.0,7.0,tt3146252
The Bridge,2,2014-08-27,0.954,0.29,tt1733785,8,2.0,8.0,tt3146254
The Bridge,2,,1.191,0.41,tt1733785,9,2.0,9.0,tt3146256
The Bridge,2,,1.279,0.40,tt1733785,10,2.0,10.0,tt3146258
The Bridge,2,,1.216,0.41,tt1733785,11,,,
The Bridge,2,,1.031,0.28,tt1733785,12,,,
The Bridge,2,2014-10-01,1.027,0.31,tt1733785,13,,,
Satisfaction,1,2014-07-17,1.707,0.49,tt1129029,1,1.0,1.0,tt1150782
Satisfaction,1,2014-07-24,1.590,0.44,tt1129029,2,1.0,2.0,tt1150779
Satisfaction,1,2014-07-31,1.468,0.44,tt1129029,3,1.0,3.0,tt1150777
Satisfaction,1,2014-08-07,1.401,0.40,tt1129029,4,1.0,4.0,tt1150778
Satisfaction,1,2014-08-14,1.141,0.27,tt1129029,5,1.0,5.0,tt1150784
Satisfaction,1,2014-08-21,1.336,0.38,tt1129029,6,1.0,6.0,tt1150776
Satisfaction,1,2014-08-28,1.246,0.40,tt1129029,7,1.0,7.0,tt1150781
Satisfaction,1,,1.113,0.33,tt1129029,8,1.0,8.0,tt1150785
Satisfaction,1,,1.501,0.49,tt1129029,9,1.0,9.0,tt1150780
Satisfaction,1,,1.336,0.42,tt1129029,10,1.0,10.0,tt1150783
Satisfaction,2,2015-10-16,0.818,0.26,tt1129029,1,2.0,1.0,tt1302772
Satisfaction,2,2015-10-23,0.722,0.24,tt1129029,2,2.0,2.0,tt1290331
Satisfaction,2,2015-10-30,0.543,0.17,tt1129029,3,2.0,3.0,tt1302774
Satisfaction,2,2015-11-06,0.686,0.18,tt1129029,4,2.0,4.0,tt1281277
Satisfaction,2,2015-11-13,0.663,0.21,tt1129029,5,2.0,5.0,tt1302775
Satisfaction,2,2015-11-20,0.659,0.20,tt1129029,6,2.0,6.0,tt1302776
Satisfaction,2,2015-11-27,0.493,0.17,tt1129029,7,2.0,7.0,tt1302777
Satisfaction,2,2015-12-04,0.612,0.22,tt1129029,8,2.0,8.0,tt1302778
Satisfaction,2,2015-12-11,0.636,0.17,tt1129029,9,2.0,9.0,tt1302779
Satisfaction,2,2015-12-18,0.636,0.12,tt1129029,10,2.0,10.0,tt1302773
Twisted,1,2013-03-19,1.191,0.46,tt14261112,1,1.0,1.0,tt18350986
Twisted,1,2013-06-11,1.605,0.5,tt14261112,2,1.0,2.0,tt21041654
Twisted,1,2013-06-18,1.796,0.7,tt14261112,3,1.0,3.0,tt21162438
Twisted,1,2013-06-25,1.359,0.5,tt14261112,4,1.0,4.0,tt21162466
Twisted,1,2013-07-02,1.063,0.4,tt14261112,5,1.0,5.0,tt21162456
Twisted,1,2013-07-09,1.614,0.6,tt14261112,6,1.0,6.0,tt21162488
Twisted,1,2013-07-16,1.575,0.6,tt14261112,7,1.0,7.0,tt21307536
Twisted,1,2013-07-23,1.479,0.5,tt14261112,8,1.0,8.0,tt21307538
Twisted,1,2013-07-30,1.318,0.5,tt14261112,9,1.0,9.0,tt21361264
Twisted,1,2013-08-06,1.500,0.5,tt14261112,10,1.0,10.0,tt21361266
Twisted,1,2013-08-13,1.435,0.5,tt14261112,11,,,
Twisted,1,2013-08-27,1.624,0.6,tt14261112,12,,,
Twisted,1,2014-02-11,1.292,0.46,tt14261112,13,,,
Twisted,1,2014-02-18,1.374,0.50,tt14261112,14,,,
Twisted,1,2014-02-25,1.121,0.43,tt14261112,15,,,
Twisted,1,2014-03-04,1.101,0.40,tt14261112,16,,,
Twisted,1,2014-03-11,1.017,0.37,tt14261112,17,,,
Twisted,1,2014-03-18,1.132,0.44,tt14261112,18,,,
Twisted,1,2014-03-25,0.726,0.2,tt14261112,19,,,
Twisted,1,2014-04-01,0.773,0.30,tt14261112,20,,,
Sex & Drugs & Rock & Roll,1,2015-07-16,0.867,0.35,tt3594982,1,,,
Sex & Drugs & Rock & Roll,1,2015-07-23,0.701,0.27,tt3594982,2,,,
Sex & Drugs & Rock & Roll,1,2015-07-30,0.703,0.29,tt3594982,3,,,
Sex & Drugs & Rock & Roll,1,2015-08-06,0.701,0.31,tt3594982,4,,,
Sex & Drugs & Rock & Roll,1,2015-08-13,0.508,0.21,tt3594982,5,,,
Sex & Drugs & Rock & Roll,1,2015-08-20,0.426,0.19,tt3594982,6,,,
Sex & Drugs & Rock & Roll,1,2015-08-27,0.785,0.40,tt3594982,7,,,
Sex & Drugs & Rock & Roll,1,,0.573,0.24,tt3594982,8,,,
Sex & Drugs & Rock & Roll,1,,0.383,0.17,tt3594982,9,,,
Sex & Drugs & Rock & Roll,1,,0.487,0.19,tt3594982,10,,,
Sex & Drugs & Rock & Roll,2,2016-06-30,0.529,0.22,tt3594982,1,,,
Sex & Drugs & Rock & Roll,2,2016-07-07,0.334,0.13,tt3594982,2,,,
Sex & Drugs & Rock & Roll,2,2016-07-14,0.560,0.20,tt3594982,3,,,
Sex & Drugs & Rock & Roll,2,2016-07-21,0.333,0.13,tt3594982,4,,,
Sex & Drugs & Rock & Roll,2,2016-07-28,0.416,0.15,tt3594982,5,,,
Sex & Drugs & Rock & Roll,2,2016-08-04,0.375,0.15,tt3594982,6,,,
Sex & Drugs & Rock & Roll,2,2016-08-11,0.354,0.16,tt3594982,7,,,
Sex & Drugs & Rock & Roll,2,2016-08-18,0.353,0.13,tt3594982,8,,,
Sex & Drugs & Rock & Roll,2,2016-08-25,0.483,0.22,tt3594982,9,,,
Sex & Drugs & Rock & Roll,2,,0.453,0.17,tt3594982,10,,,
Jennifer Falls,1,2014-06-04,0.890,0.27,tt3106400,1,1.0,1.0,tt3787128
Jennifer Falls,1,2014-06-11,0.744,0.16,tt3106400,2,1.0,2.0,tt3799580
Jennifer Falls,1,2014-06-18,0.682,0.14,tt3106400,3,1.0,3.0,tt3787304
Jennifer Falls,1,2014-06-25,0.802,0.18,tt3106400,4,1.0,4.0,tt3835882
Jennifer Falls,1,2014-07-09,0.733,0.17,tt3106400,5,1.0,5.0,tt3835884
Jennifer Falls,1,2014-07-16,0.454,0.17,tt3106400,6,1.0,6.0,tt3835888
Jennifer Falls,1,2014-07-23,0.568,0.15,tt3106400,7,1.0,7.0,tt3835890
Jennifer Falls,1,2014-07-30,0.614,0.15,tt3106400,8,1.0,8.0,tt3835892
Jennifer Falls,1,2014-08-06,0.768,0.17,tt3106400,9,1.0,9.0,tt3835896
Jennifer Falls,1,2014-08-13,0.619,0.13,tt3106400,10,1.0,10.0,tt3914964
Flipping Out,1,2007-07-31,0.470,0.3,tt1078394,1,1.0,1.0,tt1083616
Flipping Out,1,2007-08-07,0.639,0.3,tt1078394,2,1.0,2.0,tt1097093
Flipping Out,1,2007-08-14,0.494,0.3,tt1078394,3,1.0,3.0,tt1091355
Flipping Out,1,2007-08-21,0.830,0.5,tt1078394,4,1.0,4.0,tt1097091
Flipping Out,1,2007-08-28,0.680,0.4,tt1078394,5,1.0,5.0,tt1097092
Flipping Out,1,,0.774,0.4,tt1078394,6,1.0,6.0,tt1132867
Flipping Out,1,,0.581,0.3,tt1078394,7,1.0,7.0,tt1252429
Flipping Out,2,2008-06-17,0.672,0.4,tt1078394,1,,,
Flipping Out,2,2008-06-24,0.590,0.3,tt1078394,2,,,
Flipping Out,2,2008-07-01,0.759,0.4,tt1078394,3,,,
Flipping Out,2,2008-07-08,0.866,0.4,tt1078394,4,,,
Flipping Out,2,2008-07-15,1.136,0.6,tt1078394,5,,,
Flipping Out,2,2008-07-22,1.080,0.6,tt1078394,6,,,
Flipping Out,2,2008-07-29,1.210,0.6,tt1078394,7,,,
Flipping Out,2,2008-08-05,1.276,0.7,tt1078394,8,,,
Flipping Out,3,2009-08-18,1.030,0.6,tt1078394,1,,,
Flipping Out,3,2009-08-25,1.042,0.6,tt1078394,2,,,
Flipping Out,3,,1.142,0.6,tt1078394,3,,,
Flipping Out,3,,1.163,0.6,tt1078394,4,,,
Flipping Out,3,,0.935,0.5,tt1078394,5,,,
Flipping Out,3,,1.170,0.7,tt1078394,6,,,
Flipping Out,3,,1.013,0.6,tt1078394,7,,,
Flipping Out,3,2009-10-06,0.905,0.5,tt1078394,8,,,
Flipping Out,3,2009-10-13,1.089,0.6,tt1078394,9,,,
Flipping Out,3,2009-10-20,0.977,0.6,tt1078394,10,,,
Flipping Out,3,2009-10-27,1.088,0.6,tt1078394,11,3.0,11.0,tt1532970
Flipping Out,4,2010-08-10,1.265,0.6,tt1078394,1,,,
Flipping Out,4,2010-08-17,1.221,0.6,tt1078394,2,,,
Flipping Out,4,2010-08-24,1.198,0.6,tt1078394,3,,,
Flipping Out,4,2010-08-31,1.517,0.7,tt1078394,4,,,
Flipping Out,4,,1.255,0.6,tt1078394,5,,,
Flipping Out,4,,1.205,0.6,tt1078394,6,,,
Flipping Out,4,,1.006,0.5,tt1078394,7,,,
Flipping Out,4,,0.888,0.4,tt1078394,8,,,
Flipping Out,4,2010-10-05,1.272,0.6,tt1078394,9,,,
Flipping Out,4,2010-10-12,1.146,0.5,tt1078394,10,,,
Flipping Out,5,2011-07-06,1.078,0.6,tt1078394,1,5.0,1.0,tt1985414
Flipping Out,5,2011-07-12,1.251,0.7,tt1078394,2,,,
Flipping Out,5,2011-07-19,0.946,0.5,tt1078394,3,,,
Flipping Out,5,2011-07-26,1.222,0.6,tt1078394,4,,,
Flipping Out,5,2011-08-02,1.295,0.6,tt1078394,5,,,
Flipping Out,5,2011-08-09,1.470,0.8,tt1078394,6,,,
Flipping Out,5,2011-08-16,1.467,0.7,tt1078394,7,,,
Flipping Out,5,2011-08-23,1.438,0.7,tt1078394,8,,,
Flipping Out,5,2011-08-30,1.488,0.7,tt1078394,9,,,
Flipping Out,5,,1.762,0.9,tt1078394,10,,,
Flipping Out,5,,1.393,0.7,tt1078394,11,,,
Flipping Out,6,,1.346,0.5,tt1078394,1,,,
Flipping Out,6,,1.224,0.5,tt1078394,2,,,
Flipping Out,6,,1.197,0.5,tt1078394,3,,,
Flipping Out,6,,1.208,0.6,tt1078394,4,,,
Flipping Out,6,2012-10-02,1.277,0.5,tt1078394,5,,,
Flipping Out,6,2012-10-09,1.063,0.4,tt1078394,6,,,
Flipping Out,6,2012-10-16,0.819,0.3,tt1078394,7,,,
Flipping Out,6,2012-10-23,1.156,0.5,tt1078394,8,,,
Flipping Out,6,2012-10-30,0.974,0.4,tt1078394,9,,,
Flipping Out,6,2012-11-13,1.083,0.5,tt1078394,10,,,
Flipping Out,6,2012-11-20,1.096,0.4,tt1078394,11,,,
Flipping Out,6,2012-11-27,1.253,0.5,tt1078394,12,6.0,12.0,tt2516078
Flipping Out,7,2014-03-05,0.993,0.41,tt1078394,1,7.0,1.0,tt3553186
Flipping Out,7,2014-03-12,0.802,0.28,tt1078394,2,7.0,2.0,tt3594890
Flipping Out,7,2014-03-19,0.953,0.33,tt1078394,3,,,
Flipping Out,7,2014-03-26,0.833,0.33,tt1078394,4,,,
Flipping Out,7,2014-04-02,1.083,0.41,tt1078394,5,7.0,5.0,tt3613550
Flipping Out,7,2014-04-09,1.151,0.45,tt1078394,6,,,
Flipping Out,7,2014-04-16,1.167,0.47,tt1078394,7,,,
Flipping Out,7,2014-04-23,1.062,0.50,tt1078394,8,,,
Flipping Out,7,2014-04-30,0.821,0.32,tt1078394,9,,,
Flipping Out,7,,0.800,0.28,tt1078394,10,,,
Flipping Out,8,2015-07-01,0.843,0.30,tt1078394,1,8.0,1.0,tt4788772
Flipping Out,8,2015-07-08,0.857,0.29,tt1078394,2,8.0,2.0,tt4818162
Flipping Out,8,2015-07-15,0.704,0.22,tt1078394,3,8.0,3.0,tt4824396
Flipping Out,8,2015-07-22,0.787,0.27,tt1078394,4,8.0,4.0,tt4841782
Flipping Out,8,2015-07-29,0.839,0.36,tt1078394,5,8.0,5.0,tt4861714
Flipping Out,8,2015-08-05,0.980,0.38,tt1078394,6,8.0,6.0,tt4883670
Flipping Out,8,2015-08-12,1.050,0.39,tt1078394,7,8.0,7.0,tt4907046
Flipping Out,8,2015-08-19,1.040,0.40,tt1078394,8,8.0,8.0,tt4933800
Flipping Out,9,2016-07-13,0.984,0.31,tt1078394,1,9.0,1.0,tt5681966
Flipping Out,9,2016-07-14,0.917,0.25,tt1078394,2,9.0,2.0,tt5851668
Flipping Out,9,2016-07-21,1.014,0.32,tt1078394,3,9.0,3.0,tt5870498
Flipping Out,9,2016-07-28,0.823,0.24,tt1078394,4,9.0,4.0,tt5938746
Flipping Out,9,2016-08-04,0.942,0.33,tt1078394,5,9.0,5.0,tt5904872
Flipping Out,9,2016-08-18,0.836,0.28,tt1078394,6,9.0,6.0,tt5942946
Flipping Out,9,2016-08-25,0.969,0.32,tt1078394,7,9.0,7.0,tt5977822
Flipping Out,9,,1.061,0.34,tt1078394,8,9.0,8.0,tt5983848
Flipping Out,9,,1.092,0.33,tt1078394,9,9.0,9.0,tt6036000
Flipping Out,9,,0.997,0.32,tt1078394,10,9.0,10.0,tt6030772
Flipping Out,10,2017-08-17,0.926,0.29,tt1078394,1,,,
Flipping Out,10,2017-08-24,0.872,0.29,tt1078394,2,,,
Flipping Out,10,2017-08-31,0.986,0.34,tt1078394,3,,,
Flipping Out,10,,0.984,0.34,tt1078394,4,,,
Flipping Out,10,,1.024,0.34,tt1078394,5,,,
Flipping Out,10,,1.029,0.35,tt1078394,6,,,
Flipping Out,10,,0.932,0.27,tt1078394,7,,,
Flipping Out,10,2017-10-05,0.964,0.30,tt1078394,8,,,
Flipping Out,10,2017-10-12,1.103,0.33,tt1078394,9,,,
Flipping Out,10,2017-10-19,0.945,0.27,tt1078394,10,,,
Flipping Out,11,,0.866,0.28,tt1078394,1,11.0,1.0,tt8776840
Flipping Out,11,,0.674,0.20,tt1078394,2,,,
Flipping Out,11,,0.733,0.27,tt1078394,3,,,
Flipping Out,11,2018-10-02,0.711,0.25,tt1078394,4,11.0,4.0,tt8986444
Flipping Out,11,2018-10-09,0.689,0.21,tt1078394,5,11.0,5.0,tt8986502
Flipping Out,11,2018-10-16,0.824,0.27,tt1078394,6,,,
Flipping Out,11,2018-10-30,0.780,0.25,tt1078394,7,,,
Flipping Out,11,2018-11-06,0.727,0.22,tt1078394,8,,,
Flipping Out,11,2018-11-13,0.827,0.28,tt1078394,9,,,
Flipping Out,11,2018-11-20,1.004,0.35,tt1078394,10,11.0,10.0,tt9265592
Legends,1,2014-08-13,2.580,0.52,tt11126994,1,1.0,1.0,tt14586040
Legends,1,2014-08-20,1.725,0.47,tt11126994,2,1.0,2.0,tt15496380
Legends,1,2014-08-27,1.761,0.36,tt11126994,3,1.0,3.0,tt15496376
Legends,1,,1.743,0.35,tt11126994,4,1.0,4.0,tt15496390
Legends,1,,1.436,0.28,tt11126994,5,1.0,5.0,tt15496392
Legends,1,,1.631,0.29,tt11126994,6,1.0,6.0,tt15496430
Legends,1,,1.458,0.32,tt11126994,7,1.0,7.0,tt15496436
Legends,1,2014-10-01,1.060,0.19,tt11126994,8,1.0,8.0,tt15496432
Legends,1,2014-10-08,1.077,0.29,tt11126994,9,1.0,9.0,tt15496440
Legends,1,2014-10-08,0.876,0.16,tt11126994,10,,,
Legends,2,2015-11-02,0.676,0.15,tt11126994,1,,,
Legends,2,2015-11-09,0.477,0.11,tt11126994,2,,,
Legends,2,2015-11-23,0.576,0.12,tt11126994,3,,,
Legends,2,2015-11-30,0.721,0.14,tt11126994,4,,,
Legends,2,2015-12-07,0.668,0.13,tt11126994,5,,,
Legends,2,2015-12-14,0.514,0.13,tt11126994,6,,,
Legends,2,2015-12-21,0.824,0.18,tt11126994,7,,,
Legends,2,2015-12-28,0.515,0.15,tt11126994,8,,,
Legends,2,2015-12-28,0.405,0.09,tt11126994,9,,,
Legends,2,2015-12-28,0.325,0.10,tt11126994,10,,,
The Agent,1,,0.051,0.03,tt12844722,1,,,
The Agent,1,,0.090,0.04,tt12844722,2,,,
The Agent,1,,0.052,0.02,tt12844722,3,,,
The Agent,1,,0.055,0.01,tt12844722,4,,,
The Agent,1,,0.048,0.02,tt12844722,5,,,
The Agent,1,,0.082,0.03,tt12844722,6,,,
The Agent,1,,0.031,0.01,tt12844722,7,,,
The Agent,1,,0.031,0.01,tt12844722,8,,,
The Agent,1,,0.026,0.01,tt12844722,9,,,
Gomorrah,1,2016-08-24,0.126,0.03,tt2049116,1,1.0,1.0,tt3176682
Gomorrah,1,2016-08-31,0.099,0.02,tt2049116,2,1.0,2.0,tt3178706
Gomorrah,1,,0.081,0.01,tt2049116,3,1.0,3.0,tt3180136
Gomorrah,1,,0.105,0.03,tt2049116,4,1.0,4.0,tt3178718
Gomorrah,1,,0.083,0.02,tt2049116,5,1.0,5.0,tt3184628
Gomorrah,1,,0.070,0.01,tt2049116,6,1.0,6.0,tt3184638
Gomorrah,2,2017-04-26,0.042,0.01,tt2049116,1,2.0,1.0,tt5593114
Gomorrah,2,,0.059,0.01,tt2049116,2,2.0,2.0,tt5710598
Gomorrah,2,,0.056,0.01,tt2049116,3,2.0,3.0,tt5715502
Gomorrah,2,,0.046,0.01,tt2049116,4,2.0,4.0,tt5724262
Gomorrah,2,,0.060,0.02,tt2049116,5,2.0,5.0,tt5724264
Gomorrah,2,,0.096,0.02,tt2049116,6,2.0,6.0,tt5724266
Gomorrah,2,2017-06-07,0.058,0.01,tt2049116,7,2.0,7.0,tt5764608
Gomorrah,2,2017-06-14,0.079,0.02,tt2049116,8,2.0,8.0,tt5764610
Gomorrah,2,2017-06-21,0.074,0.02,tt2049116,9,2.0,9.0,tt5785728
Manhattan,1,2014-07-27,0.904,0.20,tt3231564,1,1.0,1.0,tt3540872
Manhattan,1,2014-08-03,0.339,0.06,tt3231564,2,1.0,2.0,tt3615034
Manhattan,1,2014-08-10,0.398,0.09,tt3231564,3,1.0,3.0,tt3645694
Manhattan,1,2014-08-17,0.372,0.08,tt3231564,4,1.0,4.0,tt3687210
Manhattan,1,2014-08-24,0.377,0.07,tt3231564,5,1.0,5.0,tt3713060
Manhattan,1,2014-08-31,0.295,0.07,tt3231564,6,1.0,6.0,tt3726940
Manhattan,1,,0.426,0.04,tt3231564,7,1.0,7.0,tt3863356
Manhattan,1,,0.303,0.07,tt3231564,8,1.0,8.0,tt3824910
Manhattan,1,,0.425,0.09,tt3231564,9,1.0,9.0,tt3863378
Manhattan,1,,0.360,0.06,tt3231564,10,1.0,10.0,tt3863386
Manhattan,1,2014-10-05,0.371,0.05,tt3231564,11,1.0,11.0,tt3863390
Manhattan,1,2014-10-12,0.413,0.07,tt3231564,12,1.0,12.0,tt3863394
Manhattan,1,2014-10-19,0.378,0.11,tt3231564,13,1.0,13.0,tt3884398
Manhattan,2,2015-10-13,0.265,0.03,tt3231564,1,2.0,1.0,tt4307982
Manhattan,2,2015-10-20,0.191,0.04,tt3231564,2,2.0,2.0,tt4626992
Manhattan,2,2015-10-27,0.256,0.03,tt3231564,3,2.0,3.0,tt4626994
Manhattan,2,2015-11-03,0.335,0.03,tt3231564,4,2.0,4.0,tt4626998
Manhattan,2,2015-11-10,0.161,0.03,tt3231564,5,2.0,5.0,tt4627000
Manhattan,2,2015-11-17,0.250,0.02,tt3231564,6,2.0,6.0,tt4627004
Manhattan,2,2015-11-24,0.180,0.01,tt3231564,7,2.0,7.0,tt4627002
Manhattan,2,2015-12-01,0.308,0.04,tt3231564,8,2.0,8.0,tt4627008
Manhattan,2,2015-12-08,0.240,0.05,tt3231564,9,2.0,9.0,tt4627010
Manhattan,2,2015-12-15,0.201,0.03,tt3231564,10,2.0,10.0,tt4584562
Sons of Anarchy,1,,2.53,1.2/3,tt1124373,1,1.0,1.0,tt1284388
Sons of Anarchy,1,,2.20,1.1/3,tt1124373,2,1.0,2.0,tt1259489
Sons of Anarchy,1,,2.10,0.9/3,tt1124373,3,1.0,3.0,tt1261700
Sons of Anarchy,1,,2.003,0.99,tt1124373,4,1.0,4.0,tt1261701
Sons of Anarchy,1,2008-10-01,2.19,1.1/3,tt1124373,5,1.0,5.0,tt1261702
Sons of Anarchy,1,2008-10-08,2.09,1.1/3,tt1124373,6,1.0,6.0,tt1261703
Sons of Anarchy,1,2008-10-15,1.87,1.0/3,tt1124373,7,1.0,7.0,tt1261704
Sons of Anarchy,1,2008-10-22,2.14,1.0/3,tt1124373,8,1.0,8.0,tt1261705
Sons of Anarchy,1,2008-10-29,2.06,1.1/3,tt1124373,9,1.0,9.0,tt1261706
Sons of Anarchy,1,2008-11-05,2.14,1.1/3,tt1124373,10,1.0,10.0,tt1261707
Sons of Anarchy,1,2008-11-12,2.22,1.2/3,tt1124373,11,1.0,11.0,tt1261696
Sons of Anarchy,1,2008-11-19,2.46,1.3/4,tt1124373,12,1.0,12.0,tt1261697
Sons of Anarchy,1,2008-11-26,2.48,1.2/4,tt1124373,13,1.0,13.0,tt1261698
Sons of Anarchy,2,,4.290,2.3/6,tt1124373,1,2.0,1.0,tt1303554
Sons of Anarchy,2,,3.707,1.9/5,tt1124373,2,2.0,2.0,tt1303559
Sons of Anarchy,2,,3.490,1.9/5,tt1124373,3,2.0,3.0,tt1303560
Sons of Anarchy,2,,3.763,1.9/5,tt1124373,4,2.0,4.0,tt1303561
Sons of Anarchy,2,2009-10-06,3.656,2.0/6,tt1124373,5,2.0,5.0,tt1303562
Sons of Anarchy,2,2009-10-13,3.312,1.8/5,tt1124373,6,2.0,6.0,tt1303563
Sons of Anarchy,2,2009-10-20,3.702,2.0/6,tt1124373,7,2.0,7.0,tt1303564
Sons of Anarchy,2,2009-10-27,3.390,1.8/5,tt1124373,8,2.0,8.0,tt1303565
Sons of Anarchy,2,2009-11-03,3.516,1.8/5,tt1124373,9,2.0,9.0,tt1303566
Sons of Anarchy,2,2009-11-10,3.383,1.9/6,tt1124373,10,2.0,10.0,tt1303555
Sons of Anarchy,2,2009-11-17,3.475,1.9/6,tt1124373,11,2.0,11.0,tt1303556
Sons of Anarchy,2,2009-11-24,3.438,1.7/5,tt1124373,12,2.0,12.0,tt1303557
Sons of Anarchy,2,2009-12-01,4.328,2.3/6,tt1124373,13,2.0,13.0,tt1303558
Sons of Anarchy,3,,4.134,2.1/6,tt1124373,1,3.0,1.0,tt1559905
Sons of Anarchy,3,,3.368,1.8/5,tt1124373,2,3.0,2.0,tt1559910
Sons of Anarchy,3,,3.480,1.8/5,tt1124373,3,3.0,3.0,tt1559911
Sons of Anarchy,3,,2.977,1.6/5,tt1124373,4,3.0,4.0,tt1559912
Sons of Anarchy,3,2010-10-05,3.124,1.6/5,tt1124373,5,3.0,5.0,tt1559913
Sons of Anarchy,3,2010-10-12,2.853,1.6/4,tt1124373,6,3.0,6.0,tt1559914
Sons of Anarchy,3,2010-10-19,2.599,1.3/4,tt1124373,7,3.0,7.0,tt1559915
Sons of Anarchy,3,2010-10-26,2.674,1.4/4,tt1124373,8,3.0,8.0,tt1559916
Sons of Anarchy,3,2010-11-02,3.351,1.7/5,tt1124373,9,3.0,9.0,tt1559917
Sons of Anarchy,3,2010-11-09,3.177,1.6/5,tt1124373,10,3.0,10.0,tt1559906
Sons of Anarchy,3,2010-11-16,3.403,1.7/5,tt1124373,11,3.0,11.0,tt1559907
Sons of Anarchy,3,2010-11-23,3.272,1.7/5,tt1124373,12,3.0,12.0,tt1559908
Sons of Anarchy,3,2010-11-30,3.598,1.8/5,tt1124373,13,3.0,13.0,tt1559909
Sons of Anarchy,4,,4.927,2.5,tt1124373,1,4.0,1.0,tt1989270
Sons of Anarchy,4,,3.710,2.0,tt1124373,2,4.0,2.0,tt1974884
Sons of Anarchy,4,,3.424,1.9,tt1124373,3,4.0,3.0,tt1989269
Sons of Anarchy,4,,3.276,1.7,tt1124373,4,4.0,4.0,tt1977537
Sons of Anarchy,4,2011-10-04,3.514,1.9,tt1124373,5,4.0,5.0,tt1989268
Sons of Anarchy,4,2011-10-11,3.557,1.9,tt1124373,6,4.0,6.0,tt2016680
Sons of Anarchy,4,2011-10-18,3.650,2.0,tt1124373,7,4.0,7.0,tt2010656
Sons of Anarchy,4,2011-10-25,3.819,2.0,tt1124373,8,4.0,8.0,tt2021956
Sons of Anarchy,4,2011-11-01,3.632,1.9,tt1124373,9,4.0,9.0,tt2050258
Sons of Anarchy,4,2011-11-08,3.925,2.0,tt1124373,10,4.0,10.0,tt2049291
Sons of Anarchy,4,2011-11-15,4.234,2.2,tt1124373,11,4.0,11.0,tt2085522
Sons of Anarchy,4,2011-11-22,3.851,1.9,tt1124373,12,4.0,12.0,tt2083709
Sons of Anarchy,4,2011-11-29,4.419,2.3,tt1124373,13,4.0,13.0,tt2105914
Sons of Anarchy,4,2011-12-06,4.244,2.1,tt1124373,14,4.0,14.0,tt2105915
Sons of Anarchy,5,,5.366,2.8,tt1124373,1,5.0,1.0,tt2175526
Sons of Anarchy,5,,4.166,2.3,tt1124373,2,5.0,2.0,tt2254710
Sons of Anarchy,5,,3.802,2.1,tt1124373,3,5.0,3.0,tt2222136
Sons of Anarchy,5,2012-10-02,4.597,2.4,tt1124373,4,5.0,4.0,tt2254722
Sons of Anarchy,5,2012-10-09,4.339,2.3,tt1124373,5,5.0,5.0,tt2254728
Sons of Anarchy,5,2012-10-16,4.032,2.2,tt1124373,6,5.0,6.0,tt2315090
Sons of Anarchy,5,2012-10-23,4.300,2.2,tt1124373,7,5.0,7.0,tt2315092
Sons of Anarchy,5,2012-10-30,4.585,2.5,tt1124373,8,5.0,8.0,tt2315094
Sons of Anarchy,5,2012-11-06,3.963,2.1,tt1124373,9,5.0,9.0,tt2315100
Sons of Anarchy,5,2012-11-13,4.580,2.4,tt1124373,10,5.0,10.0,tt2315096
Sons of Anarchy,5,2012-11-20,4.231,2.2,tt1124373,11,5.0,11.0,tt2315098
Sons of Anarchy,5,2012-11-27,4.253,2.3,tt1124373,12,5.0,12.0,tt2315102
Sons of Anarchy,5,2012-12-04,4.655,2.4,tt1124373,13,5.0,13.0,tt2315104
Sons of Anarchy,6,,5.869,3.1,tt1124373,1,6.0,1.0,tt2524432
Sons of Anarchy,6,,4.632,2.46,tt1124373,2,6.0,2.0,tt2966864
Sons of Anarchy,6,,4.480,2.44,tt1124373,3,6.0,3.0,tt2980966
Sons of Anarchy,6,2013-10-01,4.598,2.43,tt1124373,4,6.0,4.0,tt3155914
Sons of Anarchy,6,2013-10-08,4.459,2.47,tt1124373,5,6.0,5.0,tt3180174
Sons of Anarchy,6,2013-10-15,4.355,2.34,tt1124373,6,6.0,6.0,tt3198434
Sons of Anarchy,6,2013-10-22,4.383,2.41,tt1124373,7,6.0,7.0,tt3212886
Sons of Anarchy,6,2013-10-29,4.200,2.25,tt1124373,8,6.0,8.0,tt3147428
Sons of Anarchy,6,2013-11-05,4.496,2.40,tt1124373,9,6.0,9.0,tt3175848
Sons of Anarchy,6,2013-11-12,4.381,2.28,tt1124373,10,6.0,10.0,tt3188850
Sons of Anarchy,6,2013-11-19,4.173,2.22,tt1124373,11,6.0,11.0,tt3240506
Sons of Anarchy,6,2013-11-26,4.577,2.48,tt1124373,12,6.0,12.0,tt3240508
Sons of Anarchy,6,2013-12-03,5.172,2.78,tt1124373,13,6.0,13.0,tt3240510
Sons of Anarchy,7,,6.199,3.19,tt1124373,1,7.0,1.0,tt3383464
Sons of Anarchy,7,,4.828,2.48,tt1124373,2,7.0,2.0,tt3894464
Sons of Anarchy,7,,4.128,2.17,tt1124373,3,7.0,3.0,tt3838552
Sons of Anarchy,7,,4.036,2.14,tt1124373,4,7.0,4.0,tt3898634
Sons of Anarchy,7,2014-10-07,4.321,2.25,tt1124373,5,7.0,5.0,tt3901218
Sons of Anarchy,7,2014-10-14,4.420,2.28,tt1124373,6,7.0,6.0,tt3901214
Sons of Anarchy,7,2014-10-21,4.285,2.26,tt1124373,7,7.0,7.0,tt3902190
Sons of Anarchy,7,2014-10-28,3.957,1.98,tt1124373,8,7.0,8.0,tt3902192
Sons of Anarchy,7,2014-11-04,3.883,1.89,tt1124373,9,7.0,9.0,tt3908440
Sons of Anarchy,7,2014-11-11,4.380,2.23,tt1124373,10,7.0,10.0,tt3903590
Sons of Anarchy,7,2014-11-18,4.622,2.40,tt1124373,11,7.0,11.0,tt3908442
Sons of Anarchy,7,2014-12-02,5.053,2.62,tt1124373,12,7.0,12.0,tt3903588
Sons of Anarchy,7,2014-12-09,6.393,3.32,tt1124373,13,7.0,13.0,tt3885886
Ripper Street,1,2013-01-19,0.552,0.12,tt2183641,1,1.0,1.0,tt2362501
Ripper Street,1,2013-01-26,0.400,0.05,tt2183641,2,1.0,2.0,tt2329416
Ripper Street,1,2013-02-02,0.409,0.08,tt2183641,3,1.0,3.0,tt2393293
Ripper Street,1,2013-02-09,0.364,0.10,tt2183641,4,1.0,4.0,tt2396089
Ripper Street,1,2013-02-16,0.292,0.06,tt2183641,5,1.0,5.0,tt2241954
Ripper Street,1,2013-02-23,0.319,0.06,tt2183641,6,1.0,6.0,tt2242356
Ripper Street,1,2013-03-02,0.264,0.06,tt2183641,7,1.0,7.0,tt2324306
Ripper Street,1,2013-03-09,0.381,0.08,tt2183641,8,1.0,8.0,tt2271138
Ripper Street,2,2014-02-22,0.313,0.08,tt2183641,1,2.0,1.0,tt2782524
Ripper Street,2,2014-03-01,0.236,0.04,tt2183641,2,2.0,2.0,tt2782526
Ripper Street,2,2014-03-08,0.214,0.04,tt2183641,3,2.0,3.0,tt2782528
Ripper Street,2,2014-03-15,0.219,0.08,tt2183641,4,2.0,4.0,tt2782530
Ripper Street,2,2014-03-22,0.241,0.06,tt2183641,5,2.0,5.0,tt2782534
Ripper Street,2,2014-03-29,0.191,0.04,tt2183641,6,2.0,6.0,tt2782540
Ripper Street,2,2014-04-05,0.153,0.05,tt2183641,7,2.0,7.0,tt2782544
Ripper Street,2,2014-04-12,0.179,0.02,tt2183641,8,2.0,8.0,tt2782552
Ripper Street,3,2015-04-29,0.197,0.02,tt2183641,1,3.0,1.0,tt3568532
Ripper Street,3,,0.083,0.04,tt2183641,2,3.0,2.0,tt3568534
Ripper Street,3,,0.183,0.02,tt2183641,3,3.0,3.0,tt3568538
Ripper Street,3,,0.271,0.04,tt2183641,4,3.0,4.0,tt3568542
Ripper Street,3,,0.147,0.03,tt2183641,5,3.0,5.0,tt3568544
Ripper Street,3,2015-06-03,0.238,0.05,tt2183641,6,3.0,6.0,tt3568546
Ripper Street,3,2015-06-10,0.201,0.03,tt2183641,7,3.0,7.0,tt3568548
Ripper Street,3,2015-06-17,0.201,0.03,tt2183641,8,3.0,8.0,tt3568552
Ripper Street,4,2016-07-28,0.151,0.04,tt2183641,1,4.0,1.0,tt4844246
Ripper Street,4,2016-08-04,0.101,0.01,tt2183641,2,4.0,2.0,tt5085128
Ripper Street,4,2016-08-11,0.101,0.02,tt2183641,3,4.0,3.0,tt5298654
Ripper Street,4,2016-08-18,0.105,0.02,tt2183641,4,4.0,4.0,tt5298662
Ripper Street,4,2016-08-25,0.135,0.03,tt2183641,5,4.0,5.0,tt5298664
Ripper Street,4,,0.138,0.02,tt2183641,6,4.0,6.0,tt5226744
Ripper Street,4,,0.147,0.04,tt2183641,7,,,
Ripper Street,5,2017-03-08,0.094,0.02,tt2183641,1,5.0,1.0,tt4934684
Ripper Street,5,2017-03-15,0.075,0.02,tt2183641,2,5.0,2.0,tt5529432
Ripper Street,5,2017-03-22,0.092,0.02,tt2183641,3,5.0,3.0,tt5581828
Ripper Street,5,2017-03-29,0.113,0.02,tt2183641,4,5.0,4.0,tt5581832
Ripper Street,5,2017-04-05,0.072,0.02,tt2183641,5,5.0,5.0,tt5633074
Ripper Street,5,2017-04-12,0.076,0.01,tt2183641,6,5.0,6.0,tt6132942
Leverage,1,2008-12-07,4.987,1.6/,tt1103987,1,1.0,1.0,tt1287615
Leverage,1,2008-12-09,3.114,-,tt1103987,2,1.0,2.0,tt1293988
Leverage,1,2008-12-16,2.977,-,tt1103987,3,1.0,3.0,tt1290275
Leverage,1,2008-12-23,2.656,-,tt1103987,4,1.0,4.0,tt1290273
Leverage,1,2008-12-30,3.772,1.2/,tt1103987,5,1.0,5.0,tt1291599
Leverage,1,2009-01-06,2.850,0.9/2,tt1103987,6,1.0,6.0,tt1290274
Leverage,1,2009-01-13,2.657,-,tt1103987,7,1.0,7.0,tt1289052
Leverage,1,2009-01-20,2.830,-,tt1103987,8,1.0,8.0,tt1284839
Leverage,1,2009-01-27,2.809,0.9/2,tt1103987,9,1.0,9.0,tt1283408
Leverage,1,2009-02-03,2.790,0.9/3,tt1103987,10,1.0,10.0,tt1322096
Leverage,1,2009-02-10,3.212,1.0/3,tt1103987,11,1.0,11.0,tt1300991
Leverage,1,2009-02-17,2.910,0.9/3,tt1103987,12,1.0,12.0,tt1321677
Leverage,1,2009-02-24,3.322,1.0/3,tt1103987,13,1.0,13.0,tt1321678
Leverage,2,2009-07-15,3.890,1.0/3,tt1103987,1,2.0,1.0,tt1466363
Leverage,2,2009-07-22,3.045,0.8/3,tt1103987,2,2.0,2.0,tt1466364
Leverage,2,2009-07-29,3.676,0.9/3,tt1103987,3,2.0,3.0,tt1473607
Leverage,2,2009-08-05,3.69,-,tt1103987,4,2.0,4.0,tt1473606
Leverage,2,2009-08-12,3.164,0.8/2,tt1103987,5,2.0,5.0,tt1480463
Leverage,2,2009-08-19,3.428,0.9/3,tt1103987,6,2.0,6.0,tt1482637
Leverage,2,2009-08-26,3.729,1.1/3,tt1103987,7,2.0,7.0,tt1482638
Leverage,2,,3.578,1.1/3,tt1103987,8,2.0,8.0,tt1482639
Leverage,2,,3.367,1.0/3,tt1103987,9,2.0,9.0,tt1480093
Leverage,2,2010-01-13,3.688,1.3/4,tt1103987,10,2.0,10.0,tt1481469
Leverage,2,2020-01-20,2.997,1.0/3,tt1103987,11,2.0,11.0,tt1481064
Leverage,2,2010-01-27,3.020,0.8/2,tt1103987,12,2.0,12.0,tt1498351
Leverage,2,2010-02-03,2.913,0.9/3,tt1103987,13,2.0,13.0,tt1497969
Leverage,2,2010-02-10,2.779,0.8/2,tt1103987,14,2.0,14.0,tt1511780
Leverage,2,2010-02-17,2.848,0.9/2,tt1103987,15,2.0,15.0,tt1511781
Leverage,3,2010-06-20,3.114,1.0/3,tt1103987,1,3.0,1.0,tt1670802
Leverage,3,2010-06-20,2.950,1.0/3,tt1103987,2,3.0,2.0,tt1671162
Leverage,3,2010-06-27,3.447,1.0/3,tt1103987,3,3.0,3.0,tt1672650
Leverage,3,2010-06-27,3.242,1.0/3,tt1103987,4,3.0,4.0,tt1655120
Leverage,3,2010-07-11,2.890,0.8/2,tt1103987,5,3.0,5.0,tt1649823
Leverage,3,2010-07-18,3.932,1.0/3,tt1103987,6,3.0,6.0,tt1683170
Leverage,3,2010-07-25,3.909,1.1/3,tt1103987,7,3.0,7.0,tt1688550
Leverage,3,2010-08-01,3.488,0.9/2,tt1103987,8,3.0,8.0,tt1692651
Leverage,3,2010-08-08,3.210,1.0/3,tt1103987,9,3.0,9.0,tt1692652
Leverage,3,2010-08-15,3.117,0.8/2,tt1103987,10,3.0,10.0,tt1692653
Leverage,3,2010-08-22,3.373,1.0/3,tt1103987,11,3.0,11.0,tt1705615
Leverage,3,2010-08-29,2.886,0.8/2,tt1103987,12,3.0,12.0,tt1708733
Leverage,3,,3.744,1.0/3,tt1103987,13,3.0,13.0,tt1713778
Leverage,3,2010-12-12,2.103,0.5/1,tt1103987,14,3.0,14.0,tt1755525
Leverage,3,2010-12-19,2.549,0.7/2,tt1103987,15,3.0,15.0,tt1724327
Leverage,3,2010-12-19,2.557,0.7/2,tt1103987,16,3.0,16.0,tt1769995
Leverage,4,2011-06-26,3.418,1.0,tt1103987,1,4.0,1.0,tt1884819
Leverage,4,2011-07-03,2.456,0.7,tt1103987,2,4.0,2.0,tt1884815
Leverage,4,2011-07-10,3.239,0.8,tt1103987,3,4.0,3.0,tt1884816
Leverage,4,2011-07-17,4.063,1.1,tt1103987,4,4.0,4.0,tt1884820
Leverage,4,2011-07-24,3.249,0.8,tt1103987,5,4.0,5.0,tt1884818
Leverage,4,2011-07-31,3.375,1.0,tt1103987,6,4.0,6.0,tt1884817
Leverage,4,2011-08-14,3.356,0.9,tt1103987,7,4.0,7.0,tt1894002
Leverage,4,2011-08-14,3.290,1.0,tt1103987,8,4.0,8.0,tt1909533
Leverage,4,2011-08-21,3.033,0.9,tt1103987,9,4.0,9.0,tt1949346
Leverage,4,2011-08-28,3.218,0.9,tt1103987,10,4.0,10.0,tt2006494
Leverage,4,2011-11-27,2.101,0.7,tt1103987,11,4.0,11.0,tt1949347
Leverage,4,2011-12-04,1.831,0.6,tt1103987,12,4.0,12.0,tt1991566
Leverage,4,2011-12-11,1.827,0.6,tt1103987,13,4.0,13.0,tt1976820
Leverage,4,2011-12-18,2.109,0.6,tt1103987,14,4.0,14.0,tt1975524
Leverage,4,2011-12-25,1.985,0.6,tt1103987,15,4.0,15.0,tt1996757
Leverage,4,2012-01-01,2.265,0.7,tt1103987,16,4.0,16.0,tt2138527
Leverage,4,2012-01-08,2.318,0.8,tt1103987,17,4.0,17.0,tt2138531
Leverage,4,2012-01-15,2.550,0.8,tt1103987,18,4.0,18.0,tt2138529
Leverage,5,2012-07-15,3.387,0.8,tt1103987,1,5.0,1.0,tt2358039
Leverage,5,2012-07-22,2.627,0.7,tt1103987,2,5.0,2.0,tt2341145
Leverage,5,2012-08-05,2.612,0.7,tt1103987,3,5.0,3.0,tt2273874
Leverage,5,2012-08-12,2.322,0.6,tt1103987,4,5.0,4.0,tt2273880
Leverage,5,2012-08-19,2.389,0.7,tt1103987,5,5.0,5.0,tt2273882
Leverage,5,2012-08-26,2.623,0.8,tt1103987,6,5.0,6.0,tt2401131
Leverage,5,,2.353,0.7,tt1103987,7,5.0,7.0,tt2401133
Leverage,5,,2.194,0.6,tt1103987,8,5.0,8.0,tt2273956
Leverage,5,,2.625,0.7,tt1103987,9,5.0,9.0,tt2273980
Leverage,5,,2.447,0.7,tt1103987,10,5.0,10.0,tt2273960
Leverage,5,2012-11-27,1.914,0.5,tt1103987,11,5.0,11.0,tt2537408
Leverage,5,2012-12-04,2.410,0.5,tt1103987,12,5.0,12.0,tt2459262
Leverage,5,2012-12-11,2.047,0.5,tt1103987,13,5.0,13.0,tt2340520
Leverage,5,2012-12-18,2.230,0.6,tt1103987,14,5.0,14.0,tt2558878
Leverage,5,2012-12-25,3.039,0.7,tt1103987,15,5.0,15.0,tt2584700
Aftermath,1,,0.634,0.16,tt19842834,1,1.0,1.0,tt19843234
Aftermath,1,2016-10-04,0.755,0.19,tt19842834,2,1.0,2.0,tt27002891
Aftermath,1,2016-10-11,0.655,0.15,tt19842834,3,1.0,3.0,tt27131605
Aftermath,1,2016-10-18,0.599,0.20,tt19842834,4,1.0,4.0,tt27131607
Aftermath,1,2016-10-25,0.600,0.19,tt19842834,5,1.0,5.0,tt27131609
Aftermath,1,2016-11-01,0.551,0.14,tt19842834,6,,,
Aftermath,1,2016-11-08,0.517,0.13,tt19842834,7,,,
Aftermath,1,2016-11-15,0.561,0.15,tt19842834,8,,,
Aftermath,1,2016-11-22,0.543,0.17,tt19842834,9,,,
Aftermath,1,2016-11-29,0.607,0.17,tt19842834,10,,,
Aftermath,1,2016-12-06,0.495,0.12,tt19842834,11,,,
Aftermath,1,2016-12-13,0.506,0.13,tt19842834,12,,,
Aftermath,1,2016-12-20,0.701,0.16,tt19842834,13,,,
Hunters,1,2016-04-11,0.537,0.16,tt7456722,1,1.0,1.0,tt8429350
Hunters,1,2016-04-18,0.432,0.10,tt7456722,2,1.0,2.0,tt8429352
Hunters,1,2016-04-25,0.398,0.08,tt7456722,3,1.0,3.0,tt8429354
Hunters,1,,0.325,0.07,tt7456722,4,1.0,4.0,tt8429356
Hunters,1,,0.367,0.09,tt7456722,5,1.0,5.0,tt8429360
Hunters,1,,0.288,0.07,tt7456722,6,1.0,6.0,tt8429362
Hunters,1,,0.255,0.07,tt7456722,7,1.0,7.0,tt8429364
Hunters,1,,0.168,0.05,tt7456722,8,1.0,8.0,tt8429366
Hunters,1,2016-06-07,0.245,0.06,tt7456722,9,1.0,9.0,tt8429370
Hunters,1,2016-06-14,0.288,0.10,tt7456722,10,1.0,10.0,tt8429368
Hunters,1,2016-06-21,0.273,0.07,tt7456722,11,,,
Hunters,1,2016-06-28,0.208,0.06,tt7456722,12,,,
Hunters,1,2016-07-12,0.310,0.07,tt7456722,13,,,
Wynonna Earp,1,2016-04-01,0.801,0.20,tt4878326,1,1.0,1.0,tt5345100
Wynonna Earp,1,2016-04-08,0.647,0.15,tt4878326,2,1.0,2.0,tt5465820
Wynonna Earp,1,2016-04-15,0.643,0.18,tt4878326,3,1.0,3.0,tt5465858
Wynonna Earp,1,2016-04-22,0.573,0.08,tt4878326,4,1.0,4.0,tt5215276
Wynonna Earp,1,2016-04-29,0.643,0.15,tt4878326,5,1.0,5.0,tt5215278
Wynonna Earp,1,,0.548,0.15,tt4878326,6,1.0,6.0,tt5215280
Wynonna Earp,1,,0.404,0.13,tt4878326,7,1.0,7.0,tt5200474
Wynonna Earp,1,,0.574,0.12,tt4878326,8,1.0,8.0,tt5359978
Wynonna Earp,1,,0.391,0.08,tt4878326,9,1.0,9.0,tt5479248
Wynonna Earp,1,2016-06-03,0.539,0.13,tt4878326,10,1.0,10.0,tt5359986
Wynonna Earp,1,2016-06-10,0.519,0.13,tt4878326,11,1.0,11.0,tt5359990
Wynonna Earp,1,2016-06-17,0.530,0.10,tt4878326,12,1.0,12.0,tt5513508
Wynonna Earp,1,2016-06-24,0.447,0.14,tt4878326,13,1.0,13.0,tt5513512
Wynonna Earp,2,2017-06-09,0.462,0.09,tt4878326,1,2.0,1.0,tt5946792
Wynonna Earp,2,2017-06-16,0.567,0.14,tt4878326,2,2.0,2.0,tt6611288
Wynonna Earp,2,2017-06-23,0.496,0.12,tt4878326,3,2.0,3.0,tt6474348
Wynonna Earp,2,2017-06-30,0.581,0.13,tt4878326,4,2.0,4.0,tt6809996
Wynonna Earp,2,2017-07-07,0.499,0.12,tt4878326,5,2.0,5.0,tt6628692
Wynonna Earp,2,2017-07-14,0.496,0.13,tt4878326,6,2.0,6.0,tt6628708
Wynonna Earp,2,2017-07-21,0.397,0.10,tt4878326,7,2.0,7.0,tt6873860
Wynonna Earp,2,2017-07-28,0.574,0.13,tt4878326,8,2.0,8.0,tt6802534
Wynonna Earp,2,2017-08-04,0.531,0.16,tt4878326,9,2.0,9.0,tt6865510
Wynonna Earp,2,2017-08-11,0.473,0.12,tt4878326,10,2.0,10.0,tt6876358
Wynonna Earp,2,2017-08-18,0.478,0.13,tt4878326,11,2.0,11.0,tt6876362
Wynonna Earp,2,2017-08-25,0.439,0.08,tt4878326,12,2.0,12.0,tt6876368
Wynonna Earp,3,2018-07-20,0.371,0.09,tt4878326,1,3.0,1.0,tt7192416
Wynonna Earp,3,2018-07-27,0.484,0.12,tt4878326,2,3.0,2.0,tt8483178
Wynonna Earp,3,2018-08-03,0.513,0.10,tt4878326,3,3.0,3.0,tt8488952
Wynonna Earp,3,2018-08-10,0.544,0.13,tt4878326,4,3.0,4.0,tt8488956
Wynonna Earp,3,2018-08-17,0.601,0.13,tt4878326,5,3.0,5.0,tt8057504
Wynonna Earp,3,2018-08-24,0.480,0.11,tt4878326,6,3.0,6.0,tt8057520
Wynonna Earp,3,2018-08-31,0.502,0.13,tt4878326,7,3.0,7.0,tt8532134
Wynonna Earp,3,,0.496,0.11,tt4878326,8,3.0,8.0,tt8532140
Wynonna Earp,3,,0.490,0.13,tt4878326,9,3.0,9.0,tt8532144
Wynonna Earp,3,,0.460,0.11,tt4878326,10,3.0,10.0,tt8792056
Wynonna Earp,3,,0.389,0.11,tt4878326,11,3.0,11.0,tt8801204
Wynonna Earp,3,,0.339,0.09,tt4878326,12,3.0,12.0,tt8801208
Wynonna Earp,4,2020-07-26,0.459,0.13,tt4878326,1,4.0,1.0,tt8873738
Wynonna Earp,4,2020-08-02,0.268,0.06,tt4878326,2,4.0,2.0,tt8873746
Wynonna Earp,4,2020-08-09,0.348,0.07,tt4878326,3,4.0,3.0,tt8879356
Wynonna Earp,4,2020-08-16,0.230,0.07,tt4878326,4,4.0,4.0,tt8873762
Wynonna Earp,4,2020-08-23,0.266,0.06,tt4878326,5,4.0,5.0,tt8873768
Wynonna Earp,4,2020-08-30,0.342,0.09,tt4878326,6,4.0,6.0,tt8873776
Wynonna Earp,4,2021-03-05,0.338,0.09,tt4878326,7,4.0,7.0,tt8873778
Wynonna Earp,4,2021-03-12,0.276,0.09,tt4878326,8,4.0,8.0,tt8873786
Wynonna Earp,4,2021-03-19,0.326,0.04,tt4878326,9,4.0,9.0,tt8873788
Wynonna Earp,4,2021-03-26,0.296,0.06,tt4878326,10,4.0,10.0,tt8873792
Wynonna Earp,4,2021-04-02,0.201,0.03,tt4878326,11,4.0,11.0,tt8873798
Wynonna Earp,4,2021-04-09,0.278,0.06,tt4878326,12,4.0,12.0,tt8873802
Psych,1,2006-07-07,6.056,1.9,tt0491738,1,1.0,1.0,tt0680222
Psych,1,2006-07-14,4.712,1.5,tt0491738,2,1.0,2.0,tt0828981
Psych,1,2006-07-21,4.69,1.6,tt0491738,3,1.0,3.0,tt0828980
Psych,1,2006-07-28,4.35,1.4,tt0491738,4,1.0,4.0,tt0830108
Psych,1,2006-08-04,4.724,1.6,tt0491738,5,1.0,5.0,tt0839433
Psych,1,2006-08-11,4.76,1.5,tt0491738,6,1.0,6.0,tt0824606
Psych,1,2006-08-18,4.894,1.6,tt0491738,7,1.0,7.0,tt0833804
Psych,1,2006-08-25,4.635,1.6,tt0491738,8,1.0,8.0,tt0824605
Psych,1,2007-01-19,3.776,1.3,tt0491738,9,1.0,9.0,tt0836429
Psych,1,2007-01-26,3.714,1.2,tt0491738,10,1.0,10.0,tt0954465
Psych,1,2007-02-02,3.811,1.3,tt0491738,11,1.0,11.0,tt0957124
Psych,1,2007-02-09,3.600,1.2,tt0491738,12,1.0,12.0,tt0858238
Psych,1,2007-02-16,3.243,1.1,tt0491738,13,1.0,13.0,tt0967060
Psych,1,2007-02-23,3.742,1.2,tt0491738,14,1.0,14.0,tt0957838
Psych,1,2007-03-02,4.480,1.4,tt0491738,15,1.0,15.0,tt0890819
Psych,2,2007-07-13,4.325,1.4,tt0491738,1,2.0,1.0,tt1023767
Psych,2,2007-07-20,3.905,1.2,tt0491738,2,2.0,2.0,tt1049285
Psych,2,2007-07-27,4.182,1.3,tt0491738,3,2.0,3.0,tt1033338
Psych,2,2007-08-03,3.729,1.3,tt0491738,4,2.0,4.0,tt1075613
Psych,2,2007-08-10,4.430,1.3,tt0491738,5,2.0,5.0,tt1084533
Psych,2,2007-08-17,3.813,1.4,tt0491738,6,2.0,6.0,tt1088640
Psych,2,2007-08-24,4.246,1.3,tt0491738,7,2.0,7.0,tt1093707
Psych,2,,3.965,1.3,tt0491738,8,2.0,8.0,tt1094913
Psych,2,,4.151,1.4,tt0491738,9,2.0,9.0,tt1106318
Psych,2,2007-12-07,3.674,1.2,tt0491738,10,2.0,10.0,tt1154545
Psych,2,2008-01-11,4.685,1.7,tt0491738,11,2.0,11.0,tt1166956
Psych,2,2008-01-18,4.207,1.4,tt0491738,12,2.0,12.0,tt1171346
Psych,2,2008-01-25,4.662,1.6,tt0491738,13,2.0,13.0,tt1171466
Psych,2,2008-02-01,4.342,1.4,tt0491738,14,2.0,14.0,tt1171465
Psych,2,2008-02-08,3.505,1.3,tt0491738,15,2.0,15.0,tt1171464
Psych,2,2008-02-15,4.695,1.5,tt0491738,16,2.0,16.0,tt1171467
Psych,3,2008-07-18,4.890,1.6,tt0491738,1,3.0,1.0,tt1189416
Psych,3,2008-07-25,4.484,1.4,tt0491738,2,3.0,2.0,tt1189424
Psych,3,2008-08-01,4.290,1.3,tt0491738,3,3.0,3.0,tt1189425
Psych,3,2008-08-08,3.373,1.1,tt0491738,4,3.0,4.0,tt1189426
Psych,3,2008-08-15,3.660,1.1,tt0491738,5,3.0,5.0,tt1189427
Psych,3,2008-08-22,3.956,1.2,tt0491738,6,3.0,6.0,tt1189428
Psych,3,,4.223,1.4,tt0491738,7,3.0,7.0,tt1189429
Psych,3,,4.023,1.2,tt0491738,8,3.0,8.0,tt1189430
Psych,3,2008-11-28,3.713,1.1,tt0491738,9,3.0,9.0,tt1189431
Psych,3,2009-01-09,4.137,1.3,tt0491738,10,3.0,10.0,tt1189417
Psych,3,2009-01-16,3.646,1.0,tt0491738,11,3.0,11.0,tt1189418
Psych,3,2009-01-23,3.831,-,tt0491738,12,3.0,12.0,tt1189419
Psych,3,2009-01-30,4.319,1.3,tt0491738,13,3.0,13.0,tt1189420
Psych,3,2009-02-06,4.460,1.3,tt0491738,14,3.0,14.0,tt1189421
Psych,3,2009-02-13,4.266,1.3,tt0491738,15,3.0,15.0,tt1189422
Psych,3,2009-02-20,4.828,1.5,tt0491738,16,3.0,16.0,tt1189423
Psych,4,2009-08-07,3.979,1.2,tt0491738,1,4.0,1.0,tt1457627
Psych,4,2009-08-14,4.195,1.3,tt0491738,2,4.0,2.0,tt1486056
Psych,4,2009-08-21,3.866,1.1,tt0491738,3,4.0,3.0,tt1455948
Psych,4,2009-08-28,4.083,-,tt0491738,4,4.0,4.0,tt1492122
Psych,4,,4.027,1.3,tt0491738,5,4.0,5.0,tt1492123
Psych,4,,3.741,1.2,tt0491738,6,4.0,6.0,tt1491375
Psych,4,,3.694,1.1,tt0491738,7,4.0,7.0,tt1492124
Psych,4,2009-10-09,3.344,1.1,tt0491738,8,4.0,8.0,tt1491376
Psych,4,2009-10-16,3.678,1.2,tt0491738,9,4.0,9.0,tt1451567
Psych,4,2010-01-27,4.367,1.5,tt0491738,10,4.0,10.0,tt1477463
Psych,4,2010-02-03,2.856,1.1,tt0491738,11,4.0,11.0,tt1539854
Psych,4,2010-02-10,3.573,1.3,tt0491738,12,4.0,12.0,tt1539852
Psych,4,2010-02-17,2.935,1.0,tt0491738,13,4.0,13.0,tt1539853
Psych,4,2010-02-24,3.570,1.3,tt0491738,14,4.0,14.0,tt1539438
Psych,4,2010-03-03,2.866,1.0,tt0491738,15,4.0,15.0,tt1539855
Psych,4,2010-03-10,2.946,1.1,tt0491738,16,4.0,16.0,tt1539856
Psych,5,2010-07-14,3.679,1.1,tt0491738,1,5.0,1.0,tt1652241
Psych,5,2010-07-21,3.303,1.0,tt0491738,2,5.0,2.0,tt1654405
Psych,5,2010-07-28,3.744,1.2,tt0491738,3,5.0,3.0,tt1654406
Psych,5,2010-08-04,3.476,1.1,tt0491738,4,5.0,4.0,tt1654407
Psych,5,2010-08-11,3.775,1.3,tt0491738,5,5.0,5.0,tt1654408
Psych,5,2010-08-18,4.107,1.4,tt0491738,6,5.0,6.0,tt1654409
Psych,5,2010-08-25,3.630,1.2,tt0491738,7,5.0,7.0,tt1654410
Psych,5,,3.700,1.2,tt0491738,8,5.0,8.0,tt1654411
Psych,5,,3.112,1.1,tt0491738,9,5.0,9.0,tt1654412
Psych,5,2010-11-10,2.786,1.0,tt0491738,10,5.0,10.0,tt1654399
Psych,5,2010-11-17,2.989,1.0,tt0491738,11,5.0,11.0,tt1654398
Psych,5,2010-12-01,3.543,1.3,tt0491738,12,5.0,12.0,tt1654401
Psych,5,2010-12-08,3.087,1.1,tt0491738,13,5.0,13.0,tt1654400
Psych,5,2010-12-15,2.425,1.0,tt0491738,14,5.0,14.0,tt1654402
Psych,5,2010-12-15,2.529,1.0,tt0491738,15,5.0,15.0,tt1654403
Psych,5,2010-12-22,2.904,0.9,tt0491738,16,5.0,16.0,tt1654404
Psych,6,2011-10-12,2.995,1.0,tt0491738,1,6.0,1.0,tt2058449
Psych,6,2011-10-19,2.477,1.0,tt0491738,2,6.0,2.0,tt2025155
Psych,6,2011-10-26,3.276,1.1,tt0491738,3,6.0,3.0,tt1963577
Psych,6,2011-11-02,3.077,1.1,tt0491738,4,6.0,4.0,tt2089322
Psych,6,2011-11-09,2.450,0.9,tt0491738,5,6.0,5.0,tt1945887
Psych,6,2011-11-16,2.457,0.9,tt0491738,6,6.0,6.0,tt1978995
Psych,6,2011-11-30,3.168,1.2,tt0491738,7,6.0,7.0,tt2114131
Psych,6,2011-12-07,2.697,1.0,tt0491738,8,6.0,8.0,tt1953073
Psych,6,2011-12-14,3.027,1.1,tt0491738,9,6.0,9.0,tt2098363
Psych,6,2012-02-29,2.455,0.8,tt0491738,10,6.0,10.0,tt2149921
Psych,6,2012-03-07,2.864,0.9,tt0491738,11,6.0,11.0,tt2100161
Psych,6,2012-03-14,2.565,0.8,tt0491738,12,6.0,12.0,tt2100162
Psych,6,2012-03-21,2.730,1.1,tt0491738,13,6.0,13.0,tt2047299
Psych,6,2012-03-28,2.362,0.8,tt0491738,14,6.0,14.0,tt2286931
Psych,6,2012-04-04,2.641,0.9,tt0491738,15,6.0,15.0,tt2322035
Psych,6,2012-04-11,2.709,0.9,tt0491738,16,6.0,16.0,tt2092746
Psych,7,2013-02-27,2.940,1.0,tt0491738,1,7.0,1.0,tt2297632
Psych,7,2013-03-06,2.811,0.9,tt0491738,2,7.0,2.0,tt2297652
Psych,7,2013-03-13,3.038,0.9,tt0491738,3,7.0,3.0,tt2297654
Psych,7,2013-03-20,2.450,0.7,tt0491738,4,7.0,4.0,tt2297656
Psych,7,2013-03-27,2.929,0.9,tt0491738,5,7.0,5.0,tt2239834
Psych,7,2013-04-03,2.406,0.7,tt0491738,6,7.0,6.0,tt2297658
Psych,7,2013-04-10,2.253,0.7,tt0491738,7,7.0,7.0,tt2297660
Psych,7,2013-04-17,2.772,0.9,tt0491738,8,7.0,8.0,tt2297662
Psych,7,2013-04-24,2.459,0.8,tt0491738,9,7.0,9.0,tt2297684
Psych,7,,2.352,0.8,tt0491738,10,7.0,10.0,tt2297680
Psych,7,,2.294,0.8,tt0491738,11,7.0,11.0,tt2297682
Psych,7,,2.310,0.8,tt0491738,12,7.0,12.0,tt2297678
Psych,7,,2.482,0.8,tt0491738,13,7.0,13.0,tt2297674
Psych,7,,2.177,0.7,tt0491738,14,7.0,14.0,tt2297690
Psych,8,2014-01-08,2.282,0.81,tt0491738,1,8.0,1.0,tt3310524
Psych,8,2014-01-15,1.510,0.58,tt0491738,2,8.0,2.0,tt2297688
Psych,8,2014-01-22,1.612,0.69,tt0491738,3,8.0,3.0,tt3030772
Psych,8,2014-01-29,1.730,0.71,tt0491738,4,8.0,4.0,tt2297692
Psych,8,2014-02-05,1.794,0.78,tt0491738,5,8.0,5.0,tt2962654
Psych,8,2014-02-26,1.534,0.51,tt0491738,6,8.0,6.0,tt2962662
Psych,8,2014-03-05,1.555,0.59,tt0491738,7,8.0,7.0,tt3108888
Psych,8,2014-03-12,1.357,0.49,tt0491738,8,8.0,8.0,tt3165012
Psych,8,2014-03-19,1.526,0.52,tt0491738,9,8.0,9.0,tt3518202
Psych,8,2014-03-26,1.928,0.72,tt0491738,10,8.0,10.0,tt3070054
The Inbetweeners,1,2012-08-20,0.913,0.4,tt1220617,1,1.0,1.0,tt1228324
The Inbetweeners,1,2012-08-27,0.648,0.3,tt1220617,2,1.0,2.0,tt1228323
The Inbetweeners,1,,0.668,0.3,tt1220617,3,1.0,3.0,tt1236074
The Inbetweeners,1,,0.570,0.2,tt1220617,4,1.0,4.0,tt1236073
The Inbetweeners,1,,0.533,0.2,tt1220617,5,1.0,5.0,tt1236071
The Inbetweeners,1,,0.521,0.2,tt1220617,6,1.0,6.0,tt1234984
The Inbetweeners,1,2012-10-01,0.532,0.3,tt1220617,7,,,
The Inbetweeners,1,2012-10-08,0.528,0.3,tt1220617,8,,,
The Inbetweeners,1,2012-10-15,0.654,0.3,tt1220617,9,,,
The Inbetweeners,1,2012-10-22,0.554,0.2,tt1220617,10,,,
The Inbetweeners,1,2012-10-29,0.621,0.2,tt1220617,11,,,
The Inbetweeners,1,2012-11-05,0.655,0.3,tt1220617,12,,,
Eureka,1,2006-07-18,4.053,1.3,tt0796264,1,1.0,1.0,tt0466369
Eureka,1,2006-07-25,2.491,0.8,tt0796264,2,1.0,2.0,tt0822122
Eureka,1,2006-08-01,2.621,1.0,tt0796264,3,1.0,3.0,tt0822121
Eureka,1,2006-08-08,2.251,0.7,tt0796264,4,1.0,4.0,tt0841235
Eureka,1,2006-08-15,2.326,0.7,tt0796264,5,1.0,5.0,tt0805757
Eureka,1,2006-08-22,2.336,0.8,tt0796264,6,1.0,6.0,tt0822123
Eureka,1,2006-08-29,2.403,0.8,tt0796264,7,1.0,7.0,tt0849936
Eureka,1,,2.302,0.8,tt0796264,8,1.0,8.0,tt0853529
Eureka,1,,2.579,1.0,tt0796264,9,1.0,9.0,tt0853527
Eureka,1,,1.714,0.7,tt0796264,10,1.0,10.0,tt0853528
Eureka,1,,2.272,0.8,tt0796264,11,1.0,11.0,tt0853526
Eureka,1,2006-10-03,2.363,0.9,tt0796264,12,1.0,12.0,tt0859973
Eureka,2,2007-07-10,2.554,1.0/3,tt0796264,1,2.0,1.0,tt1058924
Eureka,2,2007-07-17,2.195,0.8/2,tt0796264,2,2.0,2.0,tt1060051
Eureka,2,2007-07-24,2.100,0.8/2,tt0796264,3,2.0,3.0,tt1060052
Eureka,2,2007-07-31,2.030,0.7/2,tt0796264,4,2.0,4.0,tt1060053
Eureka,2,2007-08-07,1.808,0.7,tt0796264,5,2.0,5.0,tt1060054
Eureka,2,2007-08-14,2.211,0.8,tt0796264,6,2.0,6.0,tt1060055
Eureka,2,2007-08-21,2.307,0.8/2,tt0796264,7,2.0,7.0,tt1060056
Eureka,2,2007-08-28,2.283,0.9,tt0796264,8,2.0,8.0,tt1060057
Eureka,2,,1.868,0.6,tt0796264,9,2.0,9.0,tt1060058
Eureka,2,,2.305,0.8,tt0796264,10,2.0,10.0,tt1060047
Eureka,2,,2.440,0.9,tt0796264,11,2.0,11.0,tt1060048
Eureka,2,,1.538,0.6/1,tt0796264,12,2.0,12.0,tt1060049
Eureka,2,2007-10-02,1.874,0.8,tt0796264,13,2.0,13.0,tt1060050
Eureka,3,2008-07-29,2.808,1.0,tt0796264,1,3.0,1.0,tt1232280
Eureka,3,2008-08-05,2.495,0.8,tt0796264,2,3.0,2.0,tt1232285
Eureka,3,2008-08-12,2.432,1.0,tt0796264,3,3.0,3.0,tt1232286
Eureka,3,2008-08-19,2.419,0.9,tt0796264,4,3.0,4.0,tt1232287
Eureka,3,2008-08-26,2.481,0.8,tt0796264,5,3.0,5.0,tt1232288
Eureka,3,,1.977,0.6,tt0796264,6,3.0,6.0,tt1232289
Eureka,3,,2.146,0.7,tt0796264,7,3.0,7.0,tt1232290
Eureka,3,,1.968,0.6,tt0796264,8,3.0,8.0,tt1232291
Eureka,3,2009-07-10,2.584,0.8,tt0796264,9,3.0,9.0,tt1232281
Eureka,3,2009-07-17,2.675,0.8,tt0796264,10,3.0,10.0,tt1307022
Eureka,3,2009-07-24,2.410,0.7,tt0796264,11,3.0,11.0,tt1232282
Eureka,3,2009-07-31,2.527,0.8,tt0796264,12,3.0,12.0,tt1232283
Eureka,3,2009-08-07,2.353,0.7,tt0796264,13,3.0,13.0,tt1232284
Eureka,3,2009-08-14,2.219,0.7,tt0796264,14,3.0,14.0,tt1489349
Eureka,3,2009-08-21,1.989,0.6,tt0796264,15,3.0,15.0,tt1489350
Eureka,3,2009-08-28,2.060,0.6,tt0796264,16,3.0,16.0,tt1490124
Eureka,3,,2.377,0.8,tt0796264,17,3.0,17.0,tt1489348
Eureka,3,,2.297,0.8,tt0796264,18,3.0,18.0,tt1489351
Eureka,4,2010-07-09,2.520,0.8,tt0796264,1,4.0,1.0,tt1658962
Eureka,4,2010-07-16,2.209,0.6,tt0796264,2,4.0,2.0,tt1673009
Eureka,4,2010-07-23,2.293,0.7,tt0796264,3,4.0,3.0,tt1667523
Eureka,4,2010-07-30,2.272,0.7,tt0796264,4,4.0,4.0,tt1673010
Eureka,4,2010-08-06,2.562,0.8,tt0796264,5,4.0,5.0,tt1658963
Eureka,4,2010-08-13,2.520,0.8,tt0796264,6,4.0,6.0,tt1673011
Eureka,4,2010-08-20,2.299,0.7,tt0796264,7,4.0,7.0,tt1668018
Eureka,4,2010-08-27,2.438,0.8,tt0796264,8,4.0,8.0,tt1672220
Eureka,4,,2.250,0.7,tt0796264,9,4.0,9.0,tt1668017
Eureka,4,2010-12-07,1.919,0.6,tt0796264,10,4.0,10.0,tt1672219
Eureka,4,2011-07-11,2.016,0.7,tt0796264,11,4.0,11.0,tt1710296
Eureka,4,2011-07-18,2.162,0.8,tt0796264,12,4.0,12.0,tt1710297
Eureka,4,2011-07-25,1.768,0.6,tt0796264,13,4.0,13.0,tt1733832
Eureka,4,2011-08-01,2.134,0.7,tt0796264,14,4.0,14.0,tt1732856
Eureka,4,2011-08-08,2.248,0.7,tt0796264,15,4.0,15.0,tt1740597
Eureka,4,2011-08-15,2.230,0.7,tt0796264,16,4.0,16.0,tt1740902
Eureka,4,2011-08-22,2.032,0.7,tt0796264,17,4.0,17.0,tt1740903
Eureka,4,2011-08-29,2.130,0.7,tt0796264,18,4.0,18.0,tt1740598
Eureka,4,,1.927,0.7,tt0796264,19,4.0,19.0,tt1757105
Eureka,4,,1.871,0.7,tt0796264,20,4.0,20.0,tt1757104
Eureka,4,2011-12-06,1.399,0.4,tt0796264,21,4.0,21.0,tt2034296
Eureka,5,2012-04-16,1.808,0.6,tt0796264,1,5.0,1.0,tt1894826
Eureka,5,2012-04-23,1.589,0.5,tt0796264,2,5.0,2.0,tt2013488
Eureka,5,2012-04-30,1.473,0.5,tt0796264,3,5.0,3.0,tt2013486
Eureka,5,,1.446,0.6,tt0796264,4,5.0,4.0,tt2013487
Eureka,5,,1.486,0.5,tt0796264,5,5.0,5.0,tt1965662
Eureka,5,,1.624,0.4,tt0796264,6,5.0,6.0,tt2015622
Eureka,5,2012-06-04,1.966,0.6,tt0796264,7,5.0,7.0,tt2015623
Eureka,5,2012-06-11,1.454,0.4,tt0796264,8,5.0,8.0,tt2015624
Eureka,5,2012-06-18,1.592,0.5,tt0796264,9,5.0,9.0,tt1998658
Eureka,5,2012-06-25,1.613,0.5,tt0796264,10,5.0,10.0,tt2034300
Eureka,5,2012-07-02,1.588,0.5,tt0796264,11,5.0,11.0,tt2034299
Eureka,5,2012-07-09,1.496,0.6,tt0796264,12,5.0,12.0,tt2034297
Eureka,5,2012-07-16,1.565,0.6,tt0796264,13,5.0,13.0,tt2034298
Treme,1,2010-04-11,1.125,0.4/1,tt1279972,1,1.0,1.0,tt1583170
Treme,1,2010-04-18,0.777,0.3/1,tt1279972,2,1.0,2.0,tt1593610
Treme,1,2010-04-25,0.809,0.3/1,tt1279972,3,1.0,3.0,tt1613659
Treme,1,,0.667,0.3/1,tt1279972,4,1.0,4.0,tt1612984
Treme,1,,0.572,0.2/1,tt1279972,5,1.0,5.0,tt1612985
Treme,1,,0.621,0.2/1,tt1279972,6,1.0,6.0,tt1612986
Treme,1,,0.560,0.2/0,tt1279972,7,1.0,7.0,tt1609450
Treme,1,2010-06-06,0.541,0.2/1,tt1279972,8,1.0,8.0,tt1612987
Treme,1,2010-06-13,1.165,0.6/2,tt1279972,9,1.0,9.0,tt1626113
Treme,1,2010-06-20,0.931,0.4/1,tt1279972,10,1.0,10.0,tt1626112
Treme,2,2011-04-24,0.605,0.2/1,tt1279972,1,2.0,1.0,tt1637551
Treme,2,,0.560,0.2/1,tt1279972,2,2.0,2.0,tt1637553
Treme,2,,0.518,0.2/0,tt1279972,3,2.0,3.0,tt1637554
Treme,2,,0.561,0.2/0,tt1279972,4,2.0,4.0,tt1637555
Treme,2,,0.591,0.2/0,tt1279972,5,2.0,5.0,tt1637556
Treme,2,,0.531,0.2/1,tt1279972,6,2.0,6.0,tt1637557
Treme,2,2011-06-05,0.550,0.2/0,tt1279972,7,2.0,7.0,tt1637558
Treme,2,2011-06-12,0.440,0.2,tt1279972,8,2.0,8.0,tt1637559
Treme,2,2011-06-19,0.572,0.2,tt1279972,9,2.0,9.0,tt1637560
Treme,2,2011-06-26,0.721,0.3,tt1279972,10,2.0,10.0,tt1637552
Treme,2,2011-07-03,0.664,0.3,tt1279972,11,2.0,11.0,tt1752965
Treme,3,,0.568,0.18,tt1279972,1,3.0,1.0,tt2165357
Treme,3,,0.538,0.1,tt1279972,2,3.0,2.0,tt2175397
Treme,3,2012-10-07,0.484,0.16,tt1279972,3,3.0,3.0,tt2214391
Treme,3,2012-10-14,0.523,0.2,tt1279972,4,3.0,4.0,tt2214393
Treme,3,2012-10-21,0.602,0.21,tt1279972,5,3.0,5.0,tt2214395
Treme,3,2012-10-28,0.491,0.2,tt1279972,6,3.0,6.0,tt2397377
Treme,3,2012-11-04,0.560,0.2,tt1279972,7,3.0,7.0,tt2337667
Treme,3,2012-11-11,0.496,0.17,tt1279972,8,3.0,8.0,tt2336115
Treme,3,2012-11-18,0.590,0.2,tt1279972,9,3.0,9.0,tt2356775
Treme,3,2012-11-25,0.473,0.12,tt1279972,10,3.0,10.0,tt2364429
Treme,4,2013-12-01,0.560,-,tt1279972,1,4.0,1.0,tt2593068
Treme,4,2013-12-08,0.448,0.20,tt1279972,2,4.0,2.0,tt2593076
Treme,4,2013-12-15,0.451,0.18,tt1279972,3,4.0,3.0,tt2593070
Treme,4,2013-12-22,0.412,0.16,tt1279972,4,4.0,4.0,tt2593072
Treme,4,2013-12-29,0.397,-,tt1279972,5,4.0,5.0,tt2593078
Banshee,1,2013-01-11,0.483,0.18,tt2017109,1,1.0,1.0,tt2313681
Banshee,1,2013-01-18,0.343,0.14,tt2017109,2,1.0,2.0,tt2169286
Banshee,1,2013-01-25,0.405,0.13,tt2017109,3,1.0,3.0,tt2272320
Banshee,1,2013-02-01,0.448,0.17,tt2017109,4,1.0,4.0,tt2392675
Banshee,1,2013-02-08,0.445,0.15,tt2017109,5,1.0,5.0,tt2198566
Banshee,1,2013-02-15,0.465,0.15,tt2017109,6,1.0,6.0,tt2272322
Banshee,1,2013-02-22,0.381,0.12,tt2017109,7,1.0,7.0,tt2371798
Banshee,1,2013-03-01,0.476,0.20,tt2017109,8,1.0,8.0,tt2356588
Banshee,1,2013-03-08,0.335,0.11,tt2017109,9,1.0,9.0,tt2372062
Banshee,1,2013-03-15,0.455,0.19,tt2017109,10,1.0,10.0,tt2403698
Banshee,2,2014-01-10,0.491,0.2,tt2017109,1,2.0,1.0,tt2813706
Banshee,2,2014-01-17,0.424,0.2,tt2017109,2,2.0,2.0,tt2813708
Banshee,2,2014-01-24,0.536,0.21,tt2017109,3,2.0,3.0,tt2861116
Banshee,2,2014-01-31,0.514,0.18,tt2017109,4,2.0,4.0,tt2928310
Banshee,2,2014-02-07,0.591,0.2,tt2017109,5,2.0,5.0,tt2928336
Banshee,2,2014-02-14,0.550,0.20,tt2017109,6,2.0,6.0,tt2928312
Banshee,2,2014-02-21,0.537,0.2,tt2017109,7,2.0,7.0,tt2928338
Banshee,2,2014-02-28,0.503,0.2,tt2017109,8,2.0,8.0,tt2928324
Banshee,2,2014-03-07,0.464,0.1,tt2017109,9,2.0,9.0,tt3053838
Banshee,2,2014-03-14,0.733,0.27,tt2017109,10,2.0,10.0,tt3053842
Banshee,3,2015-01-09,0.547,0.20,tt2017109,1,3.0,1.0,tt3673440
Banshee,3,2015-01-16,0.439,0.15,tt2017109,2,3.0,2.0,tt3676808
Banshee,3,2015-01-23,0.588,0.21,tt2017109,3,3.0,3.0,tt3842946
Banshee,3,2015-01-30,0.662,0.25,tt2017109,4,3.0,4.0,tt3860480
Banshee,3,2015-02-06,0.583,0.23,tt2017109,5,3.0,5.0,tt3842948
Banshee,3,2015-02-13,0.610,0.24,tt2017109,6,3.0,6.0,tt3860506
Banshee,3,2015-02-20,0.547,0.23,tt2017109,7,3.0,7.0,tt3908124
Banshee,3,2015-02-27,0.588,0.23,tt2017109,8,3.0,8.0,tt3908126
Banshee,3,2015-03-06,0.564,0.20,tt2017109,9,3.0,9.0,tt4086612
Banshee,3,2015-03-13,0.692,0.29,tt2017109,10,3.0,10.0,tt4086614
Banshee,4,2016-04-01,0.356,0.10,tt2017109,1,4.0,1.0,tt4469364
Banshee,4,2016-04-08,0.277,0.10,tt2017109,2,4.0,2.0,tt4548098
Banshee,4,2016-04-15,0.290,0.08,tt2017109,3,4.0,3.0,tt4549112
Banshee,4,2016-04-22,0.355,0.13,tt2017109,4,4.0,4.0,tt4549116
Banshee,4,2016-04-29,0.390,0.12,tt2017109,5,4.0,5.0,tt4549122
Banshee,4,,0.425,0.13,tt2017109,6,4.0,6.0,tt4549124
Banshee,4,,0.424,0.14,tt2017109,7,4.0,7.0,tt4549128
Banshee,4,,0.500,0.14,tt2017109,8,4.0,8.0,tt4448236
Being Human,1,2011-01-17,1.961,0.8,tt1349938,1,1.0,1.0,tt1363611
Being Human,1,2011-01-24,2.139,0.9,tt1349938,2,1.0,2.0,tt1368181
Being Human,1,2011-01-31,1.502,0.5,tt1349938,3,1.0,3.0,tt1373306
Being Human,1,2011-02-07,1.438,0.6,tt1349938,4,1.0,4.0,tt1373499
Being Human,1,2011-02-14,1.086,0.4,tt1349938,5,1.0,5.0,tt1383797
Being Human,1,2011-02-21,1.390,0.5,tt1349938,6,1.0,6.0,tt1383500
Being Human,1,2011-02-28,1.407,0.6,tt1349938,7,,,
Being Human,1,2011-03-07,1.460,0.5,tt1349938,8,,,
Being Human,1,2011-03-14,1.372,0.6,tt1349938,9,,,
Being Human,1,2011-03-21,1.195,0.5,tt1349938,10,,,
Being Human,1,2011-03-28,1.299,0.5,tt1349938,11,,,
Being Human,1,2011-04-04,1.442,0.6,tt1349938,12,,,
Being Human,1,2011-04-11,1.666,0.7,tt1349938,13,,,
Being Human,2,2012-01-16,1.813,0.9,tt1349938,1,2.0,1.0,tt1526661
Being Human,2,2012-01-23,1.651,0.7,tt1349938,2,2.0,2.0,tt1533180
Being Human,2,2012-01-30,1.660,0.8,tt1349938,3,2.0,3.0,tt1533181
Being Human,2,2012-02-06,1.453,0.7,tt1349938,4,2.0,4.0,tt1533182
Being Human,2,2012-02-13,1.345,0.7,tt1349938,5,2.0,5.0,tt1533183
Being Human,2,2012-02-20,1.427,0.6,tt1349938,6,2.0,6.0,tt1533184
Being Human,2,2012-02-27,1.362,0.6,tt1349938,7,2.0,7.0,tt1533185
Being Human,2,2012-03-05,1.395,0.7,tt1349938,8,2.0,8.0,tt1533186
Being Human,2,2012-03-12,1.362,0.6,tt1349938,9,,,
Being Human,2,2012-03-19,1.426,0.7,tt1349938,10,,,
Being Human,2,2012-03-26,1.253,0.6,tt1349938,11,,,
Being Human,2,2012-04-02,1.271,0.5,tt1349938,12,,,
Being Human,2,2012-04-09,1.382,0.6,tt1349938,13,,,
Being Human,3,2013-01-14,1.221,0.5,tt1349938,1,3.0,1.0,tt1664067
Being Human,3,2013-01-21,1.169,0.5,tt1349938,2,3.0,2.0,tt1664068
Being Human,3,2013-01-28,1.417,0.6,tt1349938,3,3.0,3.0,tt1720448
Being Human,3,2013-02-04,1.049,0.5,tt1349938,4,3.0,4.0,tt1664069
Being Human,3,2013-02-11,1.106,0.5,tt1349938,5,3.0,5.0,tt1720449
Being Human,3,2013-02-18,1.153,0.5,tt1349938,6,3.0,6.0,tt1720450
Being Human,3,2013-02-25,0.980,0.4,tt1349938,7,3.0,7.0,tt1726301
Being Human,3,2013-03-04,0.973,0.4,tt1349938,8,3.0,8.0,tt1726302
Being Human,3,2013-03-11,1.121,0.4,tt1349938,9,,,
Being Human,3,2013-03-18,1.018,0.4,tt1349938,10,,,
Being Human,3,2013-03-25,1.162,0.6,tt1349938,11,,,
Being Human,3,2013-04-01,1.125,0.5,tt1349938,12,,,
Being Human,3,2013-04-08,1.069,0.5,tt1349938,13,,,
Being Human,4,2014-01-13,1.257,0.47,tt1349938,1,4.0,1.0,tt2118833
Being Human,4,2014-01-20,1.028,0.37,tt1349938,2,4.0,2.0,tt2125042
Being Human,4,2014-01-27,1.115,0.41,tt1349938,3,4.0,3.0,tt2125043
Being Human,4,2014-02-03,1.150,0.48,tt1349938,4,4.0,4.0,tt2125044
Being Human,4,2014-02-10,1.215,0.53,tt1349938,5,4.0,5.0,tt2125045
Being Human,4,2014-02-17,1.160,0.44,tt1349938,6,4.0,6.0,tt2125046
Being Human,4,2014-02-24,1.170,0.53,tt1349938,7,4.0,7.0,tt2125047
Being Human,4,2014-03-03,1.025,0.43,tt1349938,8,4.0,8.0,tt2125048
Being Human,4,2014-03-10,1.100,0.50,tt1349938,9,,,
Being Human,4,2014-03-17,1.134,0.49,tt1349938,10,,,
Being Human,4,2014-03-24,0.996,0.41,tt1349938,11,,,
Being Human,4,2014-03-31,1.050,0.48,tt1349938,12,,,
Being Human,4,2014-04-07,1.417,0.59,tt1349938,13,,,
Little Birds,1,2021-06-06,0.102,0.01,tt13678006,1,1.0,1.0,tt27486983
Little Birds,1,2021-06-13,0.069,0.02,tt13678006,2,1.0,2.0,tt27486981
Little Birds,1,2021-06-20,0.053,0.01,tt13678006,3,1.0,3.0,tt27486988
Little Birds,1,2021-06-27,0.035,0.00,tt13678006,4,1.0,4.0,tt27486994
Little Birds,1,2021-07-04,0.042,0.01,tt13678006,5,1.0,5.0,tt27486996
Little Birds,1,2021-07-11,0.027,0.00,tt13678006,6,1.0,6.0,tt27486997
Death and Nighingales,1,,0.060,0.00,tt8359610,1,,,
Death and Nighingales,1,,0.078,0.01,tt8359610,2,,,
Death and Nighingales,1,,0.040,0.00,tt8359610,3,,,
Men in Kilts,1,2021-02-14,0.322,0.03,tt7554866,1,,,
Men in Kilts,1,2021-02-21,0.137,0.01,tt7554866,2,,,
Men in Kilts,1,2021-02-28,0.146,0.02,tt7554866,3,,,
Men in Kilts,1,2021-03-07,0.157,0.02,tt7554866,4,,,
Men in Kilts,1,2021-03-14,0.151,0.01,tt7554866,5,,,
Men in Kilts,1,2021-03-28,0.146,0.01,tt7554866,6,,,
Men in Kilts,1,2021-04-04,0.135,0.00,tt7554866,7,,,
Men in Kilts,1,2021-04-11,0.105,0.01,tt7554866,8,,,
The L Word,1,2004-01-18,0.936,0.5,tt0330251,1,1.0,1.0,tt0623889
The L Word,1,2004-04-11,0.585,0.4,tt0330251,2,1.0,2.0,tt0623867
The L Word,2,2005-02-20,0.515,0.3,tt0330251,1,2.0,1.0,tt0623870
The L Word,2,,0.461,0.3,tt0330251,2,2.0,2.0,tt0623861
The L Word,3,2006-01-08,0.652,0.4,tt0330251,1,3.0,1.0,tt0623856
The L Word,3,2006-03-26,0.646,0.4,tt0330251,2,3.0,2.0,tt0623883
The L Word,4,2007-01-07,0.359,0.2,tt0330251,1,4.0,1.0,tt0822900
The L Word,4,2007-01-14,0.347,0.2,tt0330251,2,4.0,2.0,tt0830103
The L Word,4,2007-01-21,0.399,0.3,tt0330251,3,4.0,3.0,tt0825061
The L Word,4,2007-01-28,0.368,0.2,tt0330251,4,4.0,4.0,tt0830761
The L Word,4,2007-02-04,0.448,0.3,tt0330251,5,4.0,5.0,tt0830762
The L Word,4,2007-02-11,0.387,0.2,tt0330251,6,4.0,6.0,tt0836296
The L Word,4,2007-02-18,0.381,0.2,tt0330251,7,4.0,7.0,tt0854524
The L Word,4,2007-02-25,0.325,0.2,tt0330251,8,4.0,8.0,tt0850935
The L Word,4,2007-03-04,0.513,0.3,tt0330251,9,4.0,9.0,tt0866194
The L Word,4,2007-03-11,0.474,0.3,tt0330251,10,4.0,10.0,tt0876806
The L Word,4,2007-03-18,0.331,0.2,tt0330251,11,4.0,11.0,tt0876854
The L Word,4,2007-03-25,0.485,0.3,tt0330251,12,4.0,12.0,tt0941700
The L Word,5,2008-01-06,0.460,0.3,tt0330251,1,5.0,1.0,tt0994315
The L Word,5,2008-01-13,0.430,0.3,tt0330251,2,5.0,2.0,tt0994319
The L Word,5,2008-01-20,0.241,0.1,tt0330251,3,5.0,3.0,tt0994320
The L Word,5,2008-01-27,0.450,0.3,tt0330251,4,5.0,4.0,tt0994321
The L Word,5,2008-02-03,0.281,0.2,tt0330251,5,5.0,5.0,tt0994322
The L Word,5,2008-02-10,0.376,0.2,tt0330251,6,5.0,6.0,tt0994323
The L Word,5,2008-02-17,0.414,0.2,tt0330251,7,5.0,7.0,tt0994324
The L Word,5,2008-02-24,0.382,0.2,tt0330251,8,5.0,8.0,tt0994325
The L Word,5,2008-03-02,0.349,0.2,tt0330251,9,5.0,9.0,tt0994326
The L Word,5,2008-03-09,0.402,0.2,tt0330251,10,5.0,10.0,tt0994316
The L Word,5,2008-03-16,0.529,0.3,tt0330251,11,5.0,11.0,tt0994317
The L Word,5,2008-03-23,0.365,0.2,tt0330251,12,5.0,12.0,tt0994318
The L Word,6,2009-01-18,0.664,0.3,tt0330251,1,6.0,1.0,tt1331733
The L Word,6,2009-01-25,0.502,0.3,tt0330251,2,6.0,2.0,tt1333815
The L Word,6,2009-02-01,0.308,0.2,tt0330251,3,6.0,3.0,tt1333811
The L Word,6,2009-02-08,0.464,0.3,tt0330251,4,6.0,4.0,tt1333812
The L Word,6,2009-02-15,0.430,0.2,tt0330251,5,6.0,5.0,tt1333813
The L Word,6,2009-02-22,0.511,0.3,tt0330251,6,6.0,6.0,tt1333814
The L Word,6,2009-03-01,0.518,0.3,tt0330251,7,6.0,7.0,tt1336792
The L Word,6,2009-03-08,0.756,0.4,tt0330251,8,6.0,8.0,tt1340975
Warehouse 13,1,2009-07-07,3.51,1.0,tt1132290,1,1.0,1.0,tt1417762
Warehouse 13,1,2009-07-14,3.47,0.9,tt1132290,2,1.0,2.0,tt1431675
Warehouse 13,1,2009-07-21,2.869,0.8,tt1132290,3,1.0,3.0,tt1431673
Warehouse 13,1,2009-07-28,3.28,1.0,tt1132290,4,1.0,4.0,tt1431669
Warehouse 13,1,2009-08-04,3.31,-,tt1132290,5,1.0,5.0,tt1431671
Warehouse 13,1,2009-08-11,3.35,0.9,tt1132290,6,1.0,6.0,tt1431668
Warehouse 13,1,2009-08-18,3.273,1.0,tt1132290,7,1.0,7.0,tt1431672
Warehouse 13,1,2009-08-25,2.862,0.9,tt1132290,8,1.0,8.0,tt1431670
Warehouse 13,1,,2.926,0.9,tt1132290,9,1.0,9.0,tt1431674
Warehouse 13,1,,2.700,0.8,tt1132290,10,1.0,10.0,tt1431667
Warehouse 13,1,,2.927,1.0,tt1132290,11,1.0,11.0,tt1431665
Warehouse 13,1,,2.232,0.7,tt1132290,12,1.0,12.0,tt1431666
Warehouse 13,2,2010-07-06,2.961,1.0,tt1132290,1,2.0,1.0,tt1618355
Warehouse 13,2,2010-07-13,2.330,0.7,tt1132290,2,2.0,2.0,tt1665404
Warehouse 13,2,2010-07-20,2.282,0.8,tt1132290,3,2.0,3.0,tt1684864
Warehouse 13,2,2010-07-27,2.483,0.8,tt1132290,4,2.0,4.0,tt1684863
Warehouse 13,2,2010-08-03,2.741,0.9,tt1132290,5,2.0,5.0,tt1659181
Warehouse 13,2,2010-08-10,2.793,0.9,tt1132290,6,2.0,6.0,tt1684860
Warehouse 13,2,2010-08-17,2.341,0.7,tt1132290,7,2.0,7.0,tt1684861
Warehouse 13,2,2010-08-24,2.361,0.7,tt1132290,8,2.0,8.0,tt1684862
Warehouse 13,2,2010-08-31,2.401,0.7,tt1132290,9,2.0,9.0,tt1679521
Warehouse 13,2,,2.487,0.8,tt1132290,10,2.0,10.0,tt1708361
Warehouse 13,2,,2.377,0.9,tt1132290,11,2.0,11.0,tt1707663
Warehouse 13,2,,2.448,0.8,tt1132290,12,2.0,12.0,tt1719469
Warehouse 13,2,2010-12-07,2.015,0.7,tt1132290,13,2.0,13.0,tt1790597
Warehouse 13,3,2011-07-11,2.337,0.8,tt1132290,1,3.0,1.0,tt1733085
Warehouse 13,3,2011-07-18,2.457,0.9,tt1132290,2,3.0,2.0,tt1878799
Warehouse 13,3,2011-07-25,2.041,0.8,tt1132290,3,3.0,3.0,tt1877525
Warehouse 13,3,2011-08-01,2.252,0.8,tt1132290,4,3.0,4.0,tt1991859
Warehouse 13,3,2011-08-08,2.546,0.9,tt1132290,5,3.0,5.0,tt1918571
Warehouse 13,3,2011-08-15,2.423,0.9,tt1132290,6,3.0,6.0,tt1991857
Warehouse 13,3,2011-08-22,2.253,0.8,tt1132290,7,3.0,7.0,tt1991858
Warehouse 13,3,2011-08-29,2.292,0.8,tt1132290,8,3.0,8.0,tt1912325
Warehouse 13,3,,1.908,0.6,tt1132290,9,3.0,9.0,tt2004133
Warehouse 13,3,,1.827,0.7,tt1132290,10,3.0,10.0,tt1977646
Warehouse 13,3,2011-10-03,1.629,0.6,tt1132290,11,3.0,11.0,tt2064683
Warehouse 13,3,2011-12-06,1.579,0.5,tt1132290,12,3.0,12.0,tt2084726
Warehouse 13,4,2012-07-23,2.139,0.8,tt1132290,1,4.0,1.0,tt2353463
Warehouse 13,4,2012-07-30,1.665,0.6,tt1132290,2,4.0,2.0,tt2374519
Warehouse 13,4,2012-08-06,1.632,0.6,tt1132290,3,4.0,3.0,tt2353465
Warehouse 13,4,2012-08-13,1.561,0.5,tt1132290,4,4.0,4.0,tt2374521
Warehouse 13,4,2012-08-20,1.866,0.6,tt1132290,5,4.0,5.0,tt2328449
Warehouse 13,4,2012-08-27,1.866,0.5,tt1132290,6,4.0,6.0,tt2358813
Warehouse 13,4,,1.660,0.5,tt1132290,7,4.0,7.0,tt2400237
Warehouse 13,4,,1.320,0.4,tt1132290,8,4.0,8.0,tt2404149
Warehouse 13,4,,1.487,0.4,tt1132290,9,4.0,9.0,tt2322366
Warehouse 13,4,2012-10-01,1.620,0.6,tt1132290,10,4.0,10.0,tt2398814
Warehouse 13,4,2013-04-29,1.507,0.5,tt1132290,11,4.0,11.0,tt2225994
Warehouse 13,4,,1.275,0.5,tt1132290,12,4.0,12.0,tt2534582
Warehouse 13,4,,1.272,0.4,tt1132290,13,4.0,13.0,tt2449026
Warehouse 13,4,,1.081,0.4,tt1132290,14,4.0,14.0,tt2607524
Warehouse 13,4,2013-06-03,1.358,0.3,tt1132290,15,4.0,15.0,tt2607544
Warehouse 13,4,2013-06-10,1.663,0.5,tt1132290,16,4.0,16.0,tt2426442
Warehouse 13,4,2013-06-17,1.361,0.4,tt1132290,17,4.0,17.0,tt2496012
Warehouse 13,4,2013-06-24,1.113,0.4,tt1132290,18,4.0,18.0,tt2424324
Warehouse 13,4,2013-07-01,1.422,0.5,tt1132290,19,4.0,19.0,tt2962924
Warehouse 13,4,2013-07-08,1.415,0.5,tt1132290,20,4.0,20.0,tt2583080
Warehouse 13,5,2014-04-14,1.172,0.43,tt1132290,1,5.0,1.0,tt3537172
Warehouse 13,5,2014-04-21,1.153,0.35,tt1132290,2,5.0,2.0,tt2990220
Warehouse 13,5,2014-04-28,1.076,0.35,tt1132290,3,5.0,3.0,tt3132706
Warehouse 13,5,,0.898,0.26,tt1132290,4,5.0,4.0,tt3116590
Warehouse 13,5,,0.852,0.29,tt1132290,5,5.0,5.0,tt3305482
Warehouse 13,5,,1.135,0.31,tt1132290,6,5.0,6.0,tt3468334
Younger,1,2015-03-31,0.504,0.17,tt3288518,1,1.0,1.0,tt3676824
Younger,1,2015-03-31,0.463,0.18,tt3288518,2,1.0,2.0,tt3676822
Younger,1,2015-04-07,0.507,0.20,tt3288518,3,1.0,3.0,tt3676826
Younger,1,2015-04-14,0.344,0.11,tt3288518,4,1.0,4.0,tt3676830
Younger,1,2015-04-21,0.550,0.14,tt3288518,5,1.0,5.0,tt3676828
Younger,1,2015-04-28,0.647,0.16,tt3288518,6,1.0,6.0,tt3676832
Younger,1,,0.531,0.16,tt3288518,7,1.0,7.0,tt3676836
Younger,1,,0.616,0.21,tt3288518,8,1.0,8.0,tt3676834
Younger,1,,0.425,0.12,tt3288518,9,1.0,9.0,tt3676844
Younger,1,,0.589,0.17,tt3288518,10,1.0,10.0,tt3676840
Younger,1,2015-06-02,0.657,0.24,tt3288518,11,1.0,11.0,tt3676846
Younger,1,2015-06-09,0.645,0.16,tt3288518,12,1.0,12.0,tt3676848
Younger,1,2015-03-31,0.662,0.16,tt3288518,13,,,
Younger,1,2015-03-31,0.588,0.16,tt3288518,14,,,
Younger,1,2015-04-07,0.587,0.21,tt3288518,15,,,
Younger,1,2015-04-14,0.644,0.20,tt3288518,16,,,
Younger,1,2015-04-21,0.579,0.22,tt3288518,17,,,
Younger,1,2015-04-28,0.502,0.20,tt3288518,18,,,
Younger,1,,0.578,0.21,tt3288518,19,,,
Younger,1,,0.615,0.24,tt3288518,20,,,
Younger,1,,0.501,0.22,tt3288518,21,,,
Younger,1,,0.687,0.18,tt3288518,22,,,
Younger,1,2015-06-02,0.611,0.17,tt3288518,23,,,
Younger,1,2015-06-09,0.581,0.19,tt3288518,24,,,
Younger,2,2016-01-13,0.540,0.17,tt3288518,1,2.0,1.0,tt4623628
Younger,2,2016-01-13,0.433,0.13,tt3288518,2,2.0,2.0,tt4623632
Younger,2,2016-01-20,0.574,0.20,tt3288518,3,2.0,3.0,tt4623638
Younger,2,2016-01-27,0.574,0.22,tt3288518,4,2.0,4.0,tt4623634
Younger,2,2016-02-03,0.624,0.21,tt3288518,5,2.0,5.0,tt4623640
Younger,2,2016-02-10,0.569,0.17,tt3288518,6,2.0,6.0,tt4623642
Younger,2,2016-02-17,0.616,0.20,tt3288518,7,2.0,7.0,tt4623650
Younger,2,2016-02-24,0.705,0.23,tt3288518,8,2.0,8.0,tt4623644
Younger,2,2016-03-02,0.643,0.21,tt3288518,9,2.0,9.0,tt4623646
Younger,2,2016-03-09,0.616,0.19,tt3288518,10,2.0,10.0,tt4623652
Younger,2,2016-03-16,0.654,0.24,tt3288518,11,2.0,11.0,tt4623656
Younger,2,2016-03-23,0.678,0.23,tt3288518,12,2.0,12.0,tt4623654
Younger,2,2016-01-13,0.560,0.18,tt3288518,13,,,
Younger,2,2016-01-13,0.492,0.16,tt3288518,14,,,
Younger,2,2016-01-27,0.594,0.19,tt3288518,15,,,
Younger,3,,0.496,0.16,tt3288518,1,3.0,1.0,tt5321436
Younger,3,2016-10-05,0.537,0.19,tt3288518,2,3.0,2.0,tt5321434
Younger,3,2016-10-12,0.528,0.14,tt3288518,3,3.0,3.0,tt5321440
Younger,3,2016-10-19,0.453,0.12,tt3288518,4,3.0,4.0,tt5321442
Younger,3,2016-10-26,0.567,0.17,tt3288518,5,3.0,5.0,tt5321448
Younger,3,2016-11-02,0.553,0.16,tt3288518,6,3.0,6.0,tt5321450
Younger,3,2016-11-09,0.548,0.15,tt3288518,7,3.0,7.0,tt5321446
Younger,3,2016-11-16,0.618,0.20,tt3288518,8,3.0,8.0,tt5321452
Younger,3,2016-11-30,0.655,0.20,tt3288518,9,3.0,9.0,tt5321458
Younger,3,2016-12-07,0.648,0.20,tt3288518,10,3.0,10.0,tt5321460
Younger,3,2016-12-14,0.602,0.19,tt3288518,11,3.0,11.0,tt5321456
Younger,3,2016-12-14,0.546,0.17,tt3288518,12,3.0,12.0,tt5321468
Younger,4,2017-06-28,0.802,0.27,tt3288518,1,4.0,1.0,tt5813600
Younger,4,2017-07-05,0.661,0.20,tt3288518,2,4.0,2.0,tt5818532
Younger,4,2017-07-12,0.713,0.18,tt3288518,3,4.0,3.0,tt5818534
Younger,4,2017-07-19,0.671,0.18,tt3288518,4,4.0,4.0,tt5818538
Younger,4,2017-07-26,0.672,0.22,tt3288518,5,4.0,5.0,tt5818536
Younger,4,2017-08-02,0.738,0.21,tt3288518,6,4.0,6.0,tt5818540
Younger,4,2017-08-09,0.696,0.19,tt3288518,7,4.0,7.0,tt5818544
Younger,4,2017-08-16,0.698,0.21,tt3288518,8,4.0,8.0,tt5818546
Younger,4,2017-08-23,0.760,0.22,tt3288518,9,4.0,9.0,tt5818542
Younger,4,2017-08-30,0.828,0.28,tt3288518,10,4.0,10.0,tt5818550
Younger,4,,0.758,0.24,tt3288518,11,4.0,11.0,tt5818552
Younger,4,,0.825,0.29,tt3288518,12,4.0,12.0,tt5818554
Younger,5,2018-06-05,0.603,0.18,tt3288518,1,5.0,1.0,tt6812012
Younger,5,2018-06-12,0.701,0.23,tt3288518,2,5.0,2.0,tt8047474
Younger,5,2018-06-19,0.635,0.22,tt3288518,3,5.0,3.0,tt8047480
Younger,5,2018-06-26,0.735,0.24,tt3288518,4,5.0,4.0,tt8047486
Younger,5,2018-07-10,0.545,0.18,tt3288518,5,5.0,5.0,tt8086160
Younger,5,2018-07-17,0.568,0.17,tt3288518,6,5.0,6.0,tt8086170
Younger,5,2018-07-24,0.639,0.18,tt3288518,7,5.0,7.0,tt8098438
Younger,5,2018-07-31,0.646,0.22,tt3288518,8,5.0,8.0,tt8098440
Younger,5,2018-08-07,0.786,0.26,tt3288518,9,5.0,9.0,tt8106634
Younger,5,2018-08-14,0.742,0.24,tt3288518,10,5.0,10.0,tt8107680
Younger,5,2018-08-21,0.700,0.22,tt3288518,11,5.0,11.0,tt8107688
Younger,5,2018-08-28,0.734,0.22,tt3288518,12,5.0,12.0,tt6812014
Younger,6,2019-06-12,0.635,0.15,tt3288518,1,6.0,1.0,tt8938202
Younger,6,2019-06-19,0.580,0.11,tt3288518,2,6.0,2.0,tt8962094
Younger,6,2019-06-26,0.532,0.11,tt3288518,3,6.0,3.0,tt8962096
Younger,6,2019-07-10,0.648,0.13,tt3288518,4,6.0,4.0,tt8962102
Younger,6,2019-07-17,0.634,0.16,tt3288518,5,6.0,5.0,tt8962104
Younger,6,2019-07-24,0.498,0.10,tt3288518,6,6.0,6.0,tt8962106
Younger,6,2019-07-31,0.454,0.09,tt3288518,7,6.0,7.0,tt8962108
Younger,6,2019-08-07,0.605,0.13,tt3288518,8,6.0,8.0,tt8962110
Younger,6,2019-08-14,0.554,0.14,tt3288518,9,6.0,9.0,tt8962112
Younger,6,2019-08-21,0.637,0.13,tt3288518,10,6.0,10.0,tt8962114
Younger,6,2019-08-28,0.547,0.12,tt3288518,11,6.0,11.0,tt8962118
Younger,6,,0.630,0.17,tt3288518,12,6.0,12.0,tt8962120
Sanctuary,1,2008-10-03,2.722,0.8,tt0965394,1,1.0,1.0,tt1179688
Sanctuary,1,2008-10-03,2.722,0.8,tt0965394,2,1.0,2.0,tt1179693
Sanctuary,1,2008-10-10,1.946,0.7,tt0965394,3,1.0,3.0,tt1179694
Sanctuary,1,2008-10-17,1.983,0.6,tt0965394,4,1.0,4.0,tt1179695
Sanctuary,1,2008-10-24,1.688,0.5,tt0965394,5,1.0,5.0,tt1179696
Sanctuary,1,2008-11-07,1.823,0.6,tt0965394,6,1.0,6.0,tt1179697
Sanctuary,1,2008-11-14,1.825,0.6,tt0965394,7,1.0,7.0,tt1179698
Sanctuary,1,2008-11-21,1.746,0.5,tt0965394,8,1.0,8.0,tt1179699
Sanctuary,1,2008-12-05,1.538,0.5,tt0965394,9,1.0,9.0,tt1179700
Sanctuary,1,2008-12-12,1.703,0.5,tt0965394,10,1.0,10.0,tt1179689
Sanctuary,1,2008-12-19,1.520,0.4,tt0965394,11,1.0,11.0,tt1179690
Sanctuary,1,2009-01-02,1.850,0.6,tt0965394,12,1.0,12.0,tt1179691
Sanctuary,1,2009-01-09,1.990,0.7,tt0965394,13,1.0,13.0,tt1179692
Sanctuary,2,2009-10-09,1.850,0.7,tt0965394,1,2.0,1.0,tt1413448
Sanctuary,2,2009-10-16,1.766,0.6,tt0965394,2,2.0,2.0,tt1428553
Sanctuary,2,2009-10-23,1.694,0.5,tt0965394,3,2.0,3.0,tt1428744
Sanctuary,2,2009-10-30,1.606,0.5,tt0965394,4,2.0,4.0,tt1428551
Sanctuary,2,2009-11-06,1.420,0.5,tt0965394,5,2.0,5.0,tt1444936
Sanctuary,2,2009-11-13,1.661,0.6,tt0965394,6,2.0,6.0,tt1456776
Sanctuary,2,2009-11-20,1.439,0.5,tt0965394,7,2.0,7.0,tt1456777
Sanctuary,2,2009-12-04,1.328,0.4,tt0965394,8,2.0,8.0,tt1456778
Sanctuary,2,2009-12-11,1.363,0.4,tt0965394,9,2.0,9.0,tt1457402
Sanctuary,2,2009-12-18,1.376,0.4,tt0965394,10,2.0,10.0,tt1456772
Sanctuary,2,2010-01-08,1.404,0.4,tt0965394,11,2.0,11.0,tt1456773
Sanctuary,2,2010-01-15,1.493,0.4,tt0965394,12,2.0,12.0,tt1456774
Sanctuary,2,2010-01-15,1.493,0.4,tt0965394,13,2.0,13.0,tt1456775
Sanctuary,3,2010-10-15,1.787,0.6,tt0965394,1,3.0,1.0,tt1720544
Sanctuary,3,2010-10-22,1.380,0.4,tt0965394,2,3.0,2.0,tt1721658
Sanctuary,3,2010-10-29,1.479,0.4,tt0965394,3,3.0,3.0,tt1721659
Sanctuary,3,2010-11-05,1.257,0.4,tt0965394,4,3.0,4.0,tt1721660
Sanctuary,3,2010-11-12,1.574,0.5,tt0965394,5,3.0,5.0,tt1721661
Sanctuary,3,2010-11-19,1.259,0.4,tt0965394,6,3.0,6.0,tt1721662
Sanctuary,3,2010-11-26,1.483,0.4,tt0965394,7,3.0,7.0,tt1721663
Sanctuary,3,2010-12-03,1.472,0.4,tt0965394,8,3.0,8.0,tt1721664
Sanctuary,3,2010-12-10,1.410,0.4,tt0965394,9,3.0,9.0,tt1721665
Sanctuary,3,2010-12-17,1.474,0.4,tt0965394,10,3.0,10.0,tt1721656
Sanctuary,3,2011-04-15,1.217,0.4,tt0965394,11,3.0,11.0,tt1721657
Sanctuary,3,2011-04-22,1.424,0.4,tt0965394,12,3.0,12.0,tt1751625
Sanctuary,3,2011-04-25,0.868,0.2,tt0965394,13,3.0,13.0,tt1751626
Sanctuary,3,,0.838,0.2,tt0965394,14,3.0,14.0,tt1751627
Sanctuary,3,,0.756,0.2,tt0965394,15,3.0,15.0,tt1751628
Sanctuary,3,,0.815,0.3,tt0965394,16,3.0,16.0,tt1751629
Sanctuary,3,,0.656,0.2,tt0965394,17,3.0,17.0,tt1751630
Sanctuary,3,2011-06-06,0.915,0.3,tt0965394,18,3.0,18.0,tt1751631
Sanctuary,3,2011-06-13,1.201,0.4,tt0965394,19,3.0,19.0,tt1751632
Sanctuary,3,2011-06-20,1.283,0.4,tt0965394,20,3.0,20.0,tt1751633
Sanctuary,4,2011-10-07,1.380,0.5,tt0965394,1,4.0,1.0,tt1975629
Sanctuary,4,2011-10-14,1.323,0.4,tt0965394,2,4.0,2.0,tt2087452
Sanctuary,4,2011-10-21,1.466,0.5,tt0965394,3,4.0,3.0,tt2005937
Sanctuary,4,2011-10-28,1.201,0.3,tt0965394,4,4.0,4.0,tt2089350
Sanctuary,4,2011-11-04,1.258,0.4,tt0965394,5,4.0,5.0,tt1950825
Sanctuary,4,2011-11-11,1.319,0.4,tt0965394,6,4.0,6.0,tt1988442
Sanctuary,4,2011-11-18,1.203,0.4,tt0965394,7,4.0,7.0,tt1995908
Sanctuary,4,2011-11-25,1.108,0.4,tt0965394,8,4.0,8.0,tt2089351
Sanctuary,4,2011-11-29,0.955,0.4,tt0965394,9,4.0,9.0,tt2089352
Sanctuary,4,2011-12-09,1.505,0.4,tt0965394,10,4.0,10.0,tt2005936
Sanctuary,4,2011-12-16,1.281,0.3,tt0965394,11,4.0,11.0,tt2141303
Sanctuary,4,2011-12-23,1.115,0.4,tt0965394,12,4.0,12.0,tt2141299
Sanctuary,4,2011-12-30,1.288,0.4,tt0965394,13,4.0,13.0,tt2141301
Blunt Talk,1,2015-08-22,0.446,0.13,tt4197508,1,1.0,1.0,tt4278516
Blunt Talk,1,2015-08-29,0.341,0.15,tt4197508,2,1.0,2.0,tt4278528
Blunt Talk,1,,0.204,0.07,tt4197508,3,1.0,3.0,tt4278536
Blunt Talk,1,,0.221,0.10,tt4197508,4,1.0,4.0,tt4278538
Blunt Talk,1,,0.169,0.05,tt4197508,5,1.0,5.0,tt4278542
Blunt Talk,1,,0.179,0.03,tt4197508,6,1.0,6.0,tt4278546
Blunt Talk,1,2015-10-03,0.160,0.06,tt4197508,7,1.0,7.0,tt4278550
Blunt Talk,1,2015-10-10,0.183,0.07,tt4197508,8,1.0,8.0,tt4278548
Blunt Talk,1,2015-10-17,0.136,0.05,tt4197508,9,1.0,9.0,tt4278554
Blunt Talk,1,2015-10-24,0.161,0.04,tt4197508,10,1.0,10.0,tt4278518
Blunt Talk,2,2016-10-02,0.160,0.06,tt4197508,1,2.0,1.0,tt4278520
Blunt Talk,2,2016-10-09,0.135,0.05,tt4197508,2,2.0,2.0,tt4387122
Blunt Talk,2,2016-10-16,0.095,0.03,tt4197508,3,2.0,3.0,tt4387120
Blunt Talk,2,2016-10-23,0.112,0.04,tt4197508,4,2.0,4.0,tt4387124
Blunt Talk,2,2016-10-30,0.105,0.03,tt4197508,5,2.0,5.0,tt4387126
Blunt Talk,2,2016-11-06,0.119,0.05,tt4197508,6,2.0,6.0,tt4387130
Blunt Talk,2,2016-11-13,0.155,0.07,tt4197508,7,2.0,7.0,tt4387132
Blunt Talk,2,2016-11-20,0.107,0.04,tt4197508,8,2.0,8.0,tt4387136
Blunt Talk,2,2016-12-04,0.098,0.02,tt4197508,9,2.0,9.0,tt4387140
Blunt Talk,2,2016-12-11,0.077,0.02,tt4197508,10,2.0,10.0,tt4278522
The Bastard Executioner,1,,2.116,0.83,tt4218618,1,1.0,1.0,tt4722864
The Bastard Executioner,1,,1.092,0.39,tt4218618,2,1.0,2.0,tt4722872
The Bastard Executioner,1,,1.261,0.41,tt4218618,3,1.0,3.0,tt4724270
The Bastard Executioner,1,2015-10-06,1.120,0.40,tt4218618,4,1.0,4.0,tt4724274
The Bastard Executioner,1,2015-10-13,0.942,0.32,tt4218618,5,1.0,5.0,tt4724272
The Bastard Executioner,1,2015-10-20,0.833,0.30,tt4218618,6,1.0,6.0,tt4724284
The Bastard Executioner,1,2015-11-03,1.078,0.35,tt4218618,7,1.0,7.0,tt4741400
The Bastard Executioner,1,2015-11-10,0.816,0.26,tt4218618,8,1.0,8.0,tt4741398
The Bastard Executioner,1,2015-11-17,0.867,0.31,tt4218618,9,1.0,9.0,tt4741404
Cedar Cove,1,2013-07-20,2.624,0.2,tt2871832,1,1.0,1.0,tt2181432
Cedar Cove,1,2013-07-27,2.413,0.2,tt2871832,2,1.0,2.0,tt3087876
Cedar Cove,1,2013-08-03,1.993,0.2,tt2871832,3,1.0,3.0,tt2980372
Cedar Cove,1,2013-08-10,2.074,0.2,tt2871832,4,1.0,4.0,tt2994412
Cedar Cove,1,2013-08-17,1.961,0.1,tt2871832,5,1.0,5.0,tt2980382
Cedar Cove,1,2013-08-24,2.100,0.19,tt2871832,6,1.0,6.0,tt2994426
Cedar Cove,1,2013-08-31,1.58,0.1,tt2871832,7,1.0,7.0,tt2941166
Cedar Cove,1,,1.830,0.2,tt2871832,8,1.0,8.0,tt3005490
Cedar Cove,1,,2.234,0.14,tt2871832,9,1.0,9.0,tt3025202
Cedar Cove,1,,1.925,0.19,tt2871832,10,1.0,10.0,tt2980378
Cedar Cove,1,,1.886,0.12,tt2871832,11,1.0,11.0,tt3113442
Cedar Cove,1,2013-10-05,2.219,0.20,tt2871832,12,1.0,12.0,tt3239796
Cedar Cove,1,2013-10-12,2.364,0.29,tt2871832,13,1.0,13.0,tt3239800
Cedar Cove,2,2014-07-19,1.692,0.25,tt2871832,1,2.0,1.0,tt3649974
Cedar Cove,2,2014-07-26,1.859,0.14,tt2871832,2,2.0,2.0,tt3649982
Cedar Cove,2,2014-08-02,2.097,0.17,tt2871832,3,2.0,3.0,tt3677410
Cedar Cove,2,2014-08-09,1.875,0.18,tt2871832,4,2.0,4.0,tt3677416
Cedar Cove,2,2014-08-16,1.726,0.14,tt2871832,5,2.0,5.0,tt3725262
Cedar Cove,2,2014-08-23,1.990,0.14,tt2871832,6,2.0,6.0,tt3725264
Cedar Cove,2,2014-08-30,1.759,0.17,tt2871832,7,2.0,7.0,tt3767952
Cedar Cove,2,,1.965,0.17,tt2871832,8,2.0,8.0,tt3768000
Cedar Cove,2,,1.764,0.12,tt2871832,9,2.0,9.0,tt3778810
Cedar Cove,2,,1.719,0.16,tt2871832,10,2.0,10.0,tt3778850
Cedar Cove,2,,1.933,0.15,tt2871832,11,2.0,11.0,tt3819798
Cedar Cove,2,2014-10-04,2.052,0.16,tt2871832,12,2.0,12.0,tt3824440
Cedar Cove,3,2015-07-18,1.455,0.10,tt2871832,1,3.0,1.0,tt4599840
Cedar Cove,3,2015-07-25,1.567,0.13,tt2871832,2,3.0,2.0,tt4599848
Cedar Cove,3,2015-08-01,1.621,0.15,tt2871832,3,3.0,3.0,tt4618692
Cedar Cove,3,2015-08-08,1.591,0.16,tt2871832,4,3.0,4.0,tt4619944
Cedar Cove,3,2015-08-15,1.651,0.18,tt2871832,5,3.0,5.0,tt4870630
Cedar Cove,3,2015-08-22,1.661,0.11,tt2871832,6,3.0,6.0,tt4870632
Cedar Cove,3,2015-08-29,1.613,0.13,tt2871832,7,3.0,7.0,tt4870636
Cedar Cove,3,,1.582,0.11,tt2871832,8,3.0,8.0,tt4870640
Cedar Cove,3,,1.753,0.14,tt2871832,9,3.0,9.0,tt4870644
Cedar Cove,3,,1.687,0.14,tt2871832,10,3.0,10.0,tt4870306
Cedar Cove,3,,2.047,0.16,tt2871832,11,3.0,11.0,tt4870650
Lucky Louie,1,2006-06-11,1.521,0.7,tt0175863,1,,,
Lucky Louie,1,2006-06-18,1.345,0.8,tt0175863,2,,,
Lucky Louie,1,2006-06-25,1.288,0.7,tt0175863,3,,,
Lucky Louie,1,2006-07-02,1.147,0.6,tt0175863,4,,,
Lucky Louie,1,2006-07-09,1.255,0.7,tt0175863,5,,,
Lucky Louie,1,2006-07-16,1.492,0.8,tt0175863,6,,,
Lucky Louie,1,2006-07-23,1.559,0.9,tt0175863,7,,,
Lucky Louie,1,2006-07-30,1.420,0.8,tt0175863,8,,,
Lucky Louie,1,2006-08-06,1.076,0.6,tt0175863,9,,,
Lucky Louie,1,2006-08-13,1.531,0.8,tt0175863,10,,,
Lucky Louie,1,2006-08-20,1.283,0.7,tt0175863,11,,,
Lucky Louie,1,2006-08-27,1.294,0.7,tt0175863,12,,,
American Horror Story,1,2011-10-05,3.184,1.6,tt1844624,1,1.0,1.0,tt2030547
American Horror Story,1,2011-10-12,2.462,1.4,tt1844624,2,1.0,2.0,tt2065065
American Horror Story,1,2011-10-19,2.586,1.5,tt1844624,3,1.0,3.0,tt2063035
American Horror Story,1,2011-10-26,2.961,1.7,tt1844624,4,1.0,4.0,tt2040655
American Horror Story,1,2011-11-02,2.745,1.6,tt1844624,5,1.0,5.0,tt2074512
American Horror Story,1,2011-11-09,2.831,1.6,tt1844624,6,1.0,6.0,tt2074513
American Horror Story,1,2011-11-16,3.061,1.8,tt1844624,7,1.0,7.0,tt2074514
American Horror Story,1,2011-11-23,2.812,1.6,tt1844624,8,1.0,8.0,tt2074515
American Horror Story,1,2011-11-30,2.851,1.7,tt1844624,9,1.0,9.0,tt2074516
American Horror Story,1,2011-12-07,2.543,1.6,tt1844624,10,1.0,10.0,tt2074508
American Horror Story,1,2011-12-14,2.589,1.4,tt1844624,11,1.0,11.0,tt2074509
American Horror Story,1,2011-12-21,3.222,1.7,tt1844624,12,1.0,12.0,tt2074510
American Horror Story,2,2012-10-17,3.848,2.2,tt1844624,1,2.0,1.0,tt2106795
American Horror Story,2,2012-10-24,3.061,1.7,tt1844624,2,2.0,2.0,tt2378292
American Horror Story,2,2012-10-31,2.469,1.5,tt1844624,3,2.0,3.0,tt2378294
American Horror Story,2,2012-11-07,2.648,1.5,tt1844624,4,2.0,4.0,tt2378296
American Horror Story,2,2012-11-14,2.779,1.6,tt1844624,5,2.0,5.0,tt2378304
American Horror Story,2,2012-11-21,1.893,0.9,tt1844624,6,2.0,6.0,tt2383792
American Horror Story,2,2012-11-28,2.273,1.3,tt1844624,7,2.0,7.0,tt2436548
American Horror Story,2,2012-12-05,2.363,1.4,tt1844624,8,2.0,8.0,tt2471092
American Horror Story,2,2012-12-12,2.216,1.3,tt1844624,9,2.0,9.0,tt2471094
American Horror Story,2,2013-01-02,2.210,1.2,tt1844624,10,2.0,10.0,tt2471102
American Horror Story,2,2013-01-09,2.506,1.5,tt1844624,11,2.0,11.0,tt2471106
American Horror Story,2,2013-01-16,2.303,1.3,tt1844624,12,2.0,12.0,tt2471112
American Horror Story,2,2013-01-23,2.288,1.3,tt1844624,13,2.0,13.0,tt2471114
American Horror Story,3,2013-10-09,5.538,3.05,tt1844624,1,3.0,1.0,tt2516452
American Horror Story,3,2013-10-16,4.513,2.47,tt1844624,2,3.0,2.0,tt3175800
American Horror Story,3,2013-10-23,3.779,2.14,tt1844624,3,3.0,3.0,tt3175804
American Horror Story,3,2013-10-30,3.714,2.01,tt1844624,4,3.0,4.0,tt3213080
American Horror Story,3,2013-11-06,3.799,2.17,tt1844624,5,3.0,5.0,tt3213082
American Horror Story,3,2013-11-13,4.161,2.29,tt1844624,6,3.0,6.0,tt3223256
American Horror Story,3,2013-11-20,3.995,2.22,tt1844624,7,3.0,7.0,tt3223258
American Horror Story,3,2013-12-04,4.066,2.17,tt1844624,8,3.0,8.0,tt3223262
American Horror Story,3,2013-12-11,3.942,2.11,tt1844624,9,3.0,9.0,tt3223260
American Horror Story,3,2014-01-08,3.486,1.79,tt1844624,10,3.0,10.0,tt3223264
American Horror Story,3,2014-01-15,3.462,1.72,tt1844624,11,3.0,11.0,tt3223266
American Horror Story,3,2014-01-22,3.352,1.75,tt1844624,12,3.0,12.0,tt3223270
American Horror Story,3,2014-01-29,4.242,2.23,tt1844624,13,3.0,13.0,tt3223272
American Horror Story,4,2014-10-08,6.127,3.11,tt1844624,1,4.0,1.0,tt3317604
American Horror Story,4,2014-10-15,4.527,2.26,tt1844624,2,4.0,2.0,tt3687726
American Horror Story,4,2014-10-22,4.439,2.21,tt1844624,3,4.0,3.0,tt3687728
American Horror Story,4,2014-10-29,4.511,2.30,tt1844624,4,4.0,4.0,tt3687724
American Horror Story,4,2014-11-05,4.220,2.11,tt1844624,5,4.0,5.0,tt3687734
American Horror Story,4,2014-11-12,3.647,1.77,tt1844624,6,4.0,6.0,tt3687742
American Horror Story,4,2014-11-19,3.912,1.99,tt1844624,7,4.0,7.0,tt3687732
American Horror Story,4,2014-12-03,3.303,1.61,tt1844624,8,4.0,8.0,tt3687730
American Horror Story,4,2014-12-10,3.071,1.51,tt1844624,9,4.0,9.0,tt3687740
American Horror Story,4,2014-12-17,2.993,1.50,tt1844624,10,4.0,10.0,tt3687744
American Horror Story,4,2015-01-07,3.111,1.46,tt1844624,11,4.0,11.0,tt3781960
American Horror Story,4,2015-01-14,2.938,1.39,tt1844624,12,4.0,12.0,tt3781962
American Horror Story,4,2015-01-21,3.271,1.55,tt1844624,13,4.0,13.0,tt3781964
American Horror Story,5,2015-10-07,5.807,2.99,tt1844624,1,5.0,1.0,tt4217832
American Horror Story,5,2015-10-14,4.061,2.15,tt1844624,2,5.0,2.0,tt4480742
American Horror Story,5,2015-10-21,3.202,1.67,tt1844624,3,5.0,3.0,tt4480746
American Horror Story,5,2015-10-28,3.045,1.60,tt1844624,4,5.0,4.0,tt4480760
American Horror Story,5,2015-11-04,2.867,1.48,tt1844624,5,5.0,5.0,tt4480766
American Horror Story,5,2015-11-11,2.637,1.40,tt1844624,6,5.0,6.0,tt4480768
American Horror Story,5,2015-11-18,2.637,1.41,tt1844624,7,5.0,7.0,tt4480776
American Horror Story,5,2015-12-02,2.310,1.20,tt1844624,8,5.0,8.0,tt4480780
American Horror Story,5,2015-12-09,2.142,1.07,tt1844624,9,5.0,9.0,tt4480778
American Horror Story,5,2015-12-16,1.846,0.94,tt1844624,10,5.0,10.0,tt4480784
American Horror Story,5,2016-01-06,1.840,0.85,tt1844624,11,5.0,11.0,tt4480792
American Horror Story,5,2016-01-13,2.245,1.15,tt1844624,12,5.0,12.0,tt4480800
American Horror Story,6,,5.137,2.78,tt1844624,1,6.0,1.0,tt5194600
American Horror Story,6,,3.273,1.79,tt1844624,2,6.0,2.0,tt4480806
American Horror Story,6,,3.078,1.69,tt1844624,3,6.0,3.0,tt5839308
American Horror Story,6,2016-10-05,2.828,1.43,tt1844624,4,6.0,4.0,tt5915274
American Horror Story,6,2016-10-12,2.824,1.46,tt1844624,5,6.0,5.0,tt5915284
American Horror Story,6,2016-10-19,2.482,1.36,tt1844624,6,6.0,6.0,tt5915290
American Horror Story,6,2016-10-26,2.622,1.41,tt1844624,7,6.0,7.0,tt5915294
American Horror Story,6,2016-11-02,2.197,1.19,tt1844624,8,6.0,8.0,tt5915300
American Horror Story,6,2016-11-09,2.433,1.30,tt1844624,9,6.0,9.0,tt5902962
American Horror Story,6,2016-11-16,2.450,1.33,tt1844624,10,6.0,10.0,tt5748102
American Horror Story,7,,3.933,2.02,tt1844624,1,7.0,1.0,tt6137398
American Horror Story,7,,2.381,1.24,tt1844624,2,7.0,2.0,tt6144116
American Horror Story,7,,2.247,1.15,tt1844624,3,7.0,3.0,tt6710686
American Horror Story,7,,2.126,1.06,tt1844624,4,7.0,4.0,tt6710692
American Horror Story,7,2017-10-03,2.199,1.07,tt1844624,5,7.0,5.0,tt6710698
American Horror Story,7,2017-10-10,2.149,1.04,tt1844624,6,7.0,6.0,tt6710702
American Horror Story,7,2017-10-17,2.065,0.97,tt1844624,7,7.0,7.0,tt6710704
American Horror Story,7,2017-10-24,2.061,1.03,tt1844624,8,7.0,8.0,tt6710710
American Horror Story,7,2017-10-31,1.483,0.72,tt1844624,9,7.0,9.0,tt6710712
American Horror Story,7,2017-11-07,1.820,0.83,tt1844624,10,7.0,10.0,tt6710720
American Horror Story,7,2017-11-14,1.974,1.01,tt1844624,11,7.0,11.0,tt7367948
American Horror Story,8,,3.081,1.45,tt1844624,1,8.0,1.0,tt6417466
American Horror Story,8,,2.210,1.07,tt1844624,2,8.0,2.0,tt8241360
American Horror Story,8,,1.945,0.92,tt1844624,3,8.0,3.0,tt8241366
American Horror Story,8,2018-10-03,2.022,1.00,tt1844624,4,8.0,4.0,tt8241368
American Horror Story,8,2018-10-10,2.116,1.02,tt1844624,5,8.0,5.0,tt8241370
American Horror Story,8,2018-10-17,2.008,0.93,tt1844624,6,8.0,6.0,tt8241372
American Horror Story,8,2018-10-24,1.848,0.90,tt1844624,7,8.0,7.0,tt8241378
American Horror Story,8,2018-10-31,1.625,0.74,tt1844624,8,8.0,8.0,tt8241376
American Horror Story,8,2018-11-07,1.648,0.75,tt1844624,9,8.0,9.0,tt8241374
American Horror Story,8,2018-11-14,1.830,0.81,tt1844624,10,8.0,10.0,tt7639488
American Horror Story,9,,2.126,1.00,tt1844624,1,9.0,1.0,tt6417474
American Horror Story,9,,1.491,0.68,tt1844624,2,9.0,2.0,tt8961842
American Horror Story,9,2019-10-02,1.344,0.62,tt1844624,3,9.0,3.0,tt10333022
American Horror Story,9,2019-10-09,1.293,0.64,tt1844624,4,9.0,4.0,tt10333030
American Horror Story,9,2019-10-16,1.085,0.50,tt1844624,5,9.0,5.0,tt10333032
American Horror Story,9,2019-10-23,1.350,0.61,tt1844624,6,9.0,6.0,tt10333036
American Horror Story,9,2019-10-30,1.053,0.46,tt1844624,7,9.0,7.0,tt10333040
American Horror Story,9,2019-11-06,1.046,0.49,tt1844624,8,9.0,8.0,tt10333042
American Horror Story,9,2019-11-13,1.082,0.50,tt1844624,9,9.0,9.0,tt10333046
American Horror Story,10,2021-08-25,0.925,0.36,tt1844624,1,10.0,1.0,tt8792244
American Horror Story,10,2021-08-25,0.581,0.23,tt1844624,2,10.0,2.0,tt14031916
American Horror Story,10,,0.697,0.26,tt1844624,3,10.0,3.0,tt14031934
American Horror Story,10,,0.610,0.20,tt1844624,4,10.0,4.0,tt14031938
American Horror Story,10,,0.642,0.22,tt1844624,5,10.0,5.0,tt14031940
American Horror Story,10,,0.732,0.29,tt1844624,6,10.0,6.0,tt14031942
American Horror Story,10,,0.687,0.26,tt1844624,7,10.0,7.0,tt14031944
American Horror Story,10,2021-10-06,0.483,0.15,tt1844624,8,10.0,8.0,tt14404590
American Horror Story,10,2021-10-13,0.579,0.20,tt1844624,9,10.0,9.0,tt14031950
American Horror Story,10,2021-10-20,0.579,0.17,tt1844624,10,10.0,10.0,tt9256918
Feed the Beast,1,2016-06-05,0.976,0.31,tt5363766,1,1.0,1.0,tt5397296
Feed the Beast,1,2016-06-07,0.398,0.14,tt5363766,2,1.0,2.0,tt5484432
Feed the Beast,1,2016-06-14,0.484,0.10,tt5363766,3,1.0,3.0,tt5502110
Feed the Beast,1,2016-06-21,0.389,0.12,tt5363766,4,1.0,4.0,tt5544892
Feed the Beast,1,2016-06-28,0.299,0.08,tt5363766,5,1.0,5.0,tt5569134
Feed the Beast,1,2016-07-05,0.374,0.13,tt5363766,6,1.0,6.0,tt5569138
Feed the Beast,1,2016-07-12,0.390,0.10,tt5363766,7,1.0,7.0,tt5580072
Feed the Beast,1,2016-07-19,0.419,0.13,tt5363766,8,1.0,8.0,tt5580076
Feed the Beast,1,2016-07-26,0.337,0.10,tt5363766,9,1.0,9.0,tt5580078
Feed the Beast,1,2016-08-02,0.406,0.11,tt5363766,10,1.0,10.0,tt5535514
Mystery Girls,1,2014-06-25,0.759,0.34,tt3310544,1,1.0,1.0,tt3650240
Mystery Girls,1,2014-07-02,0.450,0.20,tt3310544,2,1.0,2.0,tt3321890
Mystery Girls,1,2014-07-09,0.581,0.25,tt3310544,3,1.0,3.0,tt3650242
Mystery Girls,1,2014-07-16,0.575,0.22,tt3310544,4,1.0,4.0,tt3321178
Mystery Girls,1,2014-07-23,0.415,0.21,tt3310544,5,1.0,5.0,tt3650246
Mystery Girls,1,2014-07-30,0.490,0.20,tt3310544,6,1.0,6.0,tt3650258
Mystery Girls,1,2014-08-06,0.389,0.17,tt3310544,7,1.0,7.0,tt3921290
Mystery Girls,1,2014-08-13,0.365,0.15,tt3310544,8,1.0,8.0,tt3650250
Mystery Girls,1,2014-08-20,0.405,0.17,tt3310544,9,1.0,9.0,tt3650252
Mystery Girls,1,2014-08-27,0.542,0.24,tt3310544,10,1.0,10.0,tt3650260
The Shield,1,2002-03-12,4.827,2.4,tt0286486,1,1.0,1.0,tt0699523
The Shield,1,2002-03-19,4.005,2.1,tt0286486,2,1.0,2.0,tt0699520
The Shield,1,2002-03-26,3.334,1.8,tt0286486,3,1.0,3.0,tt0699538
The Shield,1,2002-04-02,2.634,1.3,tt0286486,4,1.0,4.0,tt0699499
The Shield,1,2002-04-09,3.615,2.0,tt0286486,5,1.0,5.0,tt0699488
The Shield,1,2002-04-16,3.492,1.9,tt0286486,6,1.0,6.0,tt0699493
The Shield,1,2002-04-23,2.900,1.3,tt0286486,7,1.0,7.0,tt0699522
The Shield,1,2002-04-30,2.218,1.3,tt0286486,8,1.0,8.0,tt0699497
The Shield,1,,2.053,1.1,tt0286486,9,1.0,9.0,tt0699539
The Shield,1,,2.582,1.3,tt0286486,10,1.0,10.0,tt0699504
The Shield,1,,2.558,1.5,tt0286486,11,1.0,11.0,tt0699491
The Shield,1,,3.080,1.6,tt0286486,12,1.0,12.0,tt0699541
The Shield,1,2002-06-04,4.142,2.1,tt0286486,13,1.0,13.0,tt0699494
The Shield,2,2003-01-07,4.427,2.4,tt0286486,1,2.0,1.0,tt0699537
The Shield,2,2003-01-14,3.161,1.7,tt0286486,2,2.0,2.0,tt0699501
The Shield,2,2003-01-21,3.759,2.0,tt0286486,3,2.0,3.0,tt0699521
The Shield,2,2003-01-28,3.115,1.6,tt0286486,4,2.0,4.0,tt0699492
The Shield,2,2003-02-04,3.002,1.7,tt0286486,5,2.0,5.0,tt0699509
The Shield,2,2003-02-11,2.921,1.6,tt0286486,6,2.0,6.0,tt0699510
The Shield,2,2003-02-18,2.790,1.5,tt0286486,7,2.0,7.0,tt0699486
The Shield,2,2003-02-25,3.246,1.8,tt0286486,8,2.0,8.0,tt0699529
The Shield,2,2003-03-04,3.031,1.5,tt0286486,9,2.0,9.0,tt0699500
The Shield,2,2003-03-11,3.201,1.6,tt0286486,10,2.0,10.0,tt0699495
The Shield,2,2003-03-18,3.300,1.7,tt0286486,11,2.0,11.0,tt0699512
The Shield,2,2003-03-25,3.215,1.5,tt0286486,12,2.0,12.0,tt0699490
The Shield,2,2003-04-01,3.673,1.9,tt0286486,13,2.0,13.0,tt0699503
The Shield,3,2004-03-09,2.816,1.6,tt0286486,1,3.0,1.0,tt0699524
The Shield,3,2004-03-16,2.664,1.4,tt0286486,2,3.0,2.0,tt0699487
The Shield,3,2004-03-23,3.318,1.7,tt0286486,3,3.0,3.0,tt0699489
The Shield,3,2004-03-30,2.636,1.3,tt0286486,4,3.0,4.0,tt0699532
The Shield,3,2004-04-06,2.403,1.4,tt0286486,5,3.0,5.0,tt0699518
The Shield,3,2004-04-13,2.591,1.4,tt0286486,6,3.0,6.0,tt0699525
The Shield,3,2004-04-20,2.606,1.4,tt0286486,7,3.0,7.0,tt0699528
The Shield,3,2004-04-27,2.222,1.2,tt0286486,8,3.0,8.0,tt0699496
The Shield,3,,2.530,1.4,tt0286486,9,3.0,9.0,tt0699530
The Shield,3,,2.364,1.3,tt0286486,10,3.0,10.0,tt0699542
The Shield,3,,2.272,1.2,tt0286486,11,3.0,11.0,tt0699531
The Shield,3,,2.516,1.3,tt0286486,12,3.0,12.0,tt0699527
The Shield,3,2004-06-01,2.284,1.1,tt0286486,13,3.0,13.0,tt0699507
The Shield,3,2004-06-08,2.421,1.2,tt0286486,14,3.0,14.0,tt0699483
The Shield,3,2004-06-15,2.103,1.1,tt0286486,15,3.0,15.0,tt0699519
The Shield,4,2005-03-15,3.927,1.8,tt0286486,1,4.0,1.0,tt0699536
The Shield,4,2005-03-22,3.252,1.7,tt0286486,2,4.0,2.0,tt0699508
The Shield,4,2005-03-29,2.865,1.3,tt0286486,3,4.0,3.0,tt0699485
The Shield,4,2005-04-05,3.079,1.6,tt0286486,4,4.0,4.0,tt0699502
The Shield,4,2005-04-12,2.953,1.4,tt0286486,5,4.0,5.0,tt0699535
The Shield,4,2005-04-19,3.407,1.7,tt0286486,6,4.0,6.0,tt0699513
The Shield,4,2005-04-26,3.072,1.4,tt0286486,7,4.0,7.0,tt0699511
The Shield,4,,3.221,1.6,tt0286486,8,4.0,8.0,tt0699498
The Shield,4,,3.214,1.5,tt0286486,9,4.0,9.0,tt0699533
The Shield,4,,3.332,1.6,tt0286486,10,4.0,10.0,tt0699484
The Shield,4,,3.037,1.4,tt0286486,11,4.0,11.0,tt0699481
The Shield,4,2005-06-07,2.658,1.3,tt0286486,12,4.0,12.0,tt0699515
The Shield,4,2005-06-14,3.190,1.5,tt0286486,13,4.0,13.0,tt0699482
The Shield,5,2006-01-10,3.417,1.7,tt0286486,1,5.0,1.0,tt0699506
The Shield,5,2006-01-17,2.805,1.5,tt0286486,2,5.0,2.0,tt0699505
The Shield,5,2006-01-24,2.845,1.4,tt0286486,3,5.0,3.0,tt0699514
The Shield,5,2006-01-31,2.612,1.2,tt0286486,4,5.0,4.0,tt0699534
The Shield,5,2006-02-07,2.447,1.1,tt0286486,5,5.0,5.0,tt0699540
The Shield,5,2006-02-14,2.432,1.1,tt0286486,6,5.0,6.0,tt0699526
The Shield,5,2006-02-21,2.434,1.2,tt0286486,7,5.0,7.0,tt0699517
The Shield,5,2006-02-28,2.311,1.1,tt0286486,8,5.0,8.0,tt0699516
The Shield,5,2006-03-07,2.780,1.4,tt0286486,9,5.0,9.0,tt0762492
The Shield,5,2006-03-14,2.555,1.2,tt0286486,10,5.0,10.0,tt0757684
The Shield,5,2006-03-21,3.217,1.6,tt0286486,11,5.0,11.0,tt0761273
The Shield,6,2007-04-03,2.076,1.1,tt0286486,1,6.0,1.0,tt0836472
The Shield,6,2007-04-10,2.346,1.2,tt0286486,2,6.0,2.0,tt0795277
The Shield,6,2007-04-17,1.949,0.9,tt0286486,3,6.0,3.0,tt0844622
The Shield,6,2007-04-24,1.968,0.9,tt0286486,4,6.0,4.0,tt0979129
The Shield,6,,2.154,1.1,tt0286486,5,6.0,5.0,tt0902870
The Shield,6,,1.873,1.0,tt0286486,6,6.0,6.0,tt1026198
The Shield,6,,1.902,0.9,tt0286486,7,6.0,7.0,tt1033349
The Shield,6,,1.467,0.8,tt0286486,8,6.0,8.0,tt0865248
The Shield,6,,1.742,0.9,tt0286486,9,6.0,9.0,tt1038578
The Shield,6,2007-06-05,2.059,1.1,tt0286486,10,6.0,10.0,tt1019218
The Shield,7,,2.124,1.0,tt0286486,1,7.0,1.0,tt1243827
The Shield,7,,1.656,0.8,tt0286486,2,7.0,2.0,tt1243832
The Shield,7,,1.928,0.9,tt0286486,3,7.0,3.0,tt1243833
The Shield,7,,1.561,0.7,tt0286486,4,7.0,4.0,tt1243834
The Shield,7,,1.484,0.8,tt0286486,5,7.0,5.0,tt1243835
The Shield,7,2008-10-07,1.150,0.6,tt0286486,6,7.0,6.0,tt1243836
The Shield,7,2008-10-14,1.313,0.7,tt0286486,7,7.0,7.0,tt1243837
The Shield,7,2008-10-21,1.614,0.8,tt0286486,8,7.0,8.0,tt1243838
The Shield,7,2008-10-28,1.675,0.9,tt0286486,9,7.0,9.0,tt1243839
The Shield,7,2008-11-04,1.485,0.7,tt0286486,10,7.0,10.0,tt1243828
The Shield,7,2008-11-11,1.657,0.8,tt0286486,11,7.0,11.0,tt1243829
The Shield,7,2008-11-18,1.628,0.8,tt0286486,12,7.0,12.0,tt1243830
The Shield,7,2008-11-25,1.840,0.9,tt0286486,13,7.0,13.0,tt1243831
Schitt's Creek,1,2015-02-11,0.275,0.04,tt3526078,1,1.0,1.0,tt3653868
Schitt's Creek,1,2015-02-18,0.122,0.03,tt3526078,2,1.0,2.0,tt3653872
Schitt's Creek,1,2015-02-25,0.181,0.02,tt3526078,3,1.0,3.0,tt3533990
Schitt's Creek,1,2015-03-04,0.182,0.03,tt3526078,4,1.0,4.0,tt3653874
Schitt's Creek,1,2015-03-11,0.198,0.05,tt3526078,5,1.0,5.0,tt3653878
Schitt's Creek,1,2015-03-18,0.161,0.05,tt3526078,6,1.0,6.0,tt4132008
Schitt's Creek,1,2015-03-25,0.102,0.03,tt3526078,7,1.0,7.0,tt3653882
Schitt's Creek,1,2015-04-08,0.125,0.02,tt3526078,8,1.0,8.0,tt3653920
Schitt's Creek,1,2015-04-15,0.138,0.06,tt3526078,9,1.0,9.0,tt3653924
Schitt's Creek,1,2015-04-22,0.195,0.05,tt3526078,10,1.0,10.0,tt3653932
Schitt's Creek,1,2015-04-29,0.106,0.05,tt3526078,11,1.0,11.0,tt3653964
Schitt's Creek,1,,0.086,0.05,tt3526078,12,1.0,12.0,tt3653980
Schitt's Creek,2,2016-03-16,0.238,0.06,tt3526078,1,2.0,1.0,tt4444336
Schitt's Creek,2,2016-03-23,0.206,0.05,tt3526078,2,2.0,2.0,tt4835328
Schitt's Creek,2,2016-03-30,0.183,0.06,tt3526078,3,2.0,3.0,tt4835758
Schitt's Creek,2,2016-04-06,0.224,0.04,tt3526078,4,2.0,4.0,tt4835812
Schitt's Creek,2,2016-04-13,0.183,0.05,tt3526078,5,2.0,5.0,tt4835880
Schitt's Creek,2,2016-04-20,0.240,0.06,tt3526078,6,2.0,6.0,tt4835902
Schitt's Creek,2,2016-04-27,0.241,0.07,tt3526078,7,2.0,7.0,tt4835934
Schitt's Creek,2,,0.211,0.05,tt3526078,8,2.0,8.0,tt4835960
Schitt's Creek,2,,0.252,0.08,tt3526078,9,2.0,9.0,tt4835994
Schitt's Creek,2,,0.206,0.06,tt3526078,10,2.0,10.0,tt4836034
Schitt's Creek,2,,0.214,0.05,tt3526078,11,2.0,11.0,tt4837892
Schitt's Creek,2,2016-06-01,0.200,0.05,tt3526078,12,2.0,12.0,tt4837982
Schitt's Creek,3,2017-01-11,0.286,0.08,tt3526078,1,3.0,1.0,tt6288890
Schitt's Creek,3,2017-01-18,0.293,0.08,tt3526078,2,3.0,2.0,tt6415370
Schitt's Creek,3,2017-01-25,0.224,0.06,tt3526078,3,3.0,3.0,tt6415374
Schitt's Creek,3,2017-02-01,0.319,0.08,tt3526078,4,3.0,4.0,tt6431188
Schitt's Creek,3,2017-02-08,0.254,0.07,tt3526078,5,3.0,5.0,tt6431222
Schitt's Creek,3,2017-02-15,0.286,0.08,tt3526078,6,3.0,6.0,tt6431250
Schitt's Creek,3,2017-02-22,0.182,0.04,tt3526078,7,3.0,7.0,tt6431298
Schitt's Creek,3,2017-03-01,0.253,0.06,tt3526078,8,3.0,8.0,tt6537378
Schitt's Creek,3,2017-03-08,0.256,0.05,tt3526078,9,3.0,9.0,tt6553752
Schitt's Creek,3,2017-03-15,0.240,0.06,tt3526078,10,3.0,10.0,tt6587090
Schitt's Creek,3,2017-03-22,0.230,0.06,tt3526078,11,3.0,11.0,tt6616710
Schitt's Creek,3,2017-03-29,0.316,0.07,tt3526078,12,3.0,12.0,tt6647674
Schitt's Creek,3,2017-04-05,0.313,0.09,tt3526078,13,3.0,13.0,tt6671898
Schitt's Creek,4,2018-01-24,0.295,0.08,tt3526078,1,4.0,1.0,tt6647624
Schitt's Creek,4,2018-01-31,0.320,0.09,tt3526078,2,4.0,2.0,tt7826756
Schitt's Creek,4,2018-02-07,0.290,0.09,tt3526078,3,4.0,3.0,tt7857028
Schitt's Creek,4,2018-02-14,0.212,0.05,tt3526078,4,4.0,4.0,tt7896162
Schitt's Creek,4,2018-02-21,0.287,0.08,tt3526078,5,4.0,5.0,tt7939172
Schitt's Creek,4,2018-02-28,0.273,0.10,tt3526078,6,4.0,6.0,tt7981526
Schitt's Creek,4,2018-03-07,0.315,0.11,tt3526078,7,4.0,7.0,tt8046642
Schitt's Creek,4,2018-03-14,0.300,0.10,tt3526078,8,4.0,8.0,tt8070502
Schitt's Creek,4,2018-03-21,0.278,0.08,tt3526078,9,4.0,9.0,tt8082864
Schitt's Creek,4,2018-03-28,0.214,0.07,tt3526078,10,4.0,10.0,tt8082910
Schitt's Creek,4,2018-04-04,0.244,0.06,tt3526078,11,4.0,11.0,tt8082948
Schitt's Creek,4,2018-04-11,0.265,0.08,tt3526078,12,4.0,12.0,tt8083004
Schitt's Creek,4,2018-12-19,0.237,0.06,tt3526078,13,4.0,13.0,tt9228672
Schitt's Creek,5,2019-01-16,0.158,0.05,tt3526078,1,5.0,1.0,tt9203528
Schitt's Creek,5,2019-01-23,0.121,0.05,tt3526078,2,5.0,2.0,tt9525916
Schitt's Creek,5,2019-01-30,0.195,0.07,tt3526078,3,5.0,3.0,tt9599994
Schitt's Creek,5,2019-02-06,0.189,0.07,tt3526078,4,5.0,4.0,tt9639696
Schitt's Creek,5,2019-02-13,0.181,0.05,tt3526078,5,5.0,5.0,tt9663044
Schitt's Creek,5,2019-02-20,0.229,0.08,tt3526078,6,5.0,6.0,tt9728350
Schitt's Creek,5,2019-02-27,0.227,0.08,tt3526078,7,5.0,7.0,tt9765702
Schitt's Creek,5,2019-03-06,0.232,0.09,tt3526078,8,5.0,8.0,tt9799628
Schitt's Creek,5,2019-03-13,0.246,0.10,tt3526078,9,5.0,9.0,tt9809498
Schitt's Creek,5,2019-03-20,0.224,0.07,tt3526078,10,5.0,10.0,tt9809502
Schitt's Creek,5,2019-03-27,0.179,0.06,tt3526078,11,5.0,11.0,tt9809506
Schitt's Creek,5,2019-04-03,0.241,0.08,tt3526078,12,5.0,12.0,tt9870384
Schitt's Creek,5,2019-04-10,0.190,0.07,tt3526078,13,5.0,13.0,tt9870386
Schitt's Creek,6,2020-01-07,0.398,0.17,tt3526078,1,6.0,1.0,tt10065360
Schitt's Creek,6,2020-01-14,0.361,0.14,tt3526078,2,6.0,2.0,tt10065362
Schitt's Creek,6,2020-01-21,0.316,0.12,tt3526078,3,6.0,3.0,tt10065364
Schitt's Creek,6,2020-01-28,0.352,0.12,tt3526078,4,6.0,4.0,tt10065366
Schitt's Creek,6,2020-02-04,0.364,0.14,tt3526078,5,6.0,5.0,tt10065368
Schitt's Creek,6,2020-02-11,0.342,0.13,tt3526078,6,6.0,6.0,tt10065370
Schitt's Creek,6,2020-02-18,0.294,0.11,tt3526078,7,6.0,7.0,tt10065374
Schitt's Creek,6,2020-02-25,0.355,0.12,tt3526078,8,6.0,8.0,tt10065376
Schitt's Creek,6,2020-03-03,0.348,0.11,tt3526078,9,6.0,9.0,tt10065378
Schitt's Creek,6,2020-03-10,0.327,0.12,tt3526078,10,6.0,10.0,tt10065380
Schitt's Creek,6,2020-03-17,0.389,0.13,tt3526078,11,6.0,11.0,tt10065384
Schitt's Creek,6,2020-03-24,0.397,0.15,tt3526078,12,6.0,12.0,tt10065386
Schitt's Creek,6,2020-03-31,0.499,0.18,tt3526078,13,6.0,13.0,tt10065388
Schitt's Creek,6,2020-04-07,0.501,0.18,tt3526078,14,6.0,14.0,tt10065390
Schitt's Creek,6,2020-04-07,0.495,0.19,tt3526078,15,,,
The Killing,1,2011-04-03,2.720,0.7,tt1637727,1,1.0,1.0,tt1729484
The Killing,1,2011-04-10,2.556,0.7,tt1637727,2,1.0,2.0,tt1769191
The Killing,1,2011-04-17,2.507,0.8,tt1637727,3,1.0,3.0,tt1793155
The Killing,1,2011-04-24,2.254,0.7,tt1637727,4,1.0,4.0,tt1792692
The Killing,1,,1.808,0.5,tt1637727,5,1.0,5.0,tt1792693
The Killing,1,,1.825,0.6,tt1637727,6,1.0,6.0,tt1861182
The Killing,1,,1.977,0.6,tt1637727,7,1.0,7.0,tt1861183
The Killing,1,,1.686,0.5,tt1637727,8,1.0,8.0,tt1861184
The Killing,1,,1.971,0.4,tt1637727,9,1.0,9.0,tt1861185
The Killing,1,2011-06-05,1.983,0.5,tt1637727,10,1.0,10.0,tt1861186
The Killing,1,2011-06-12,1.828,0.5,tt1637727,11,1.0,11.0,tt1861179
The Killing,1,2011-06-19,2.317,0.7,tt1637727,12,1.0,12.0,tt1861180
The Killing,2,2012-04-01,1.802,0.5,tt1637727,1,2.0,1.0,tt1964127
The Killing,2,2012-04-08,1.806,0.6,tt1637727,2,2.0,2.0,tt1964132
The Killing,2,2012-04-15,1.650,0.6,tt1637727,3,2.0,3.0,tt1964133
The Killing,2,2012-04-22,1.592,0.6,tt1637727,4,2.0,4.0,tt1964134
The Killing,2,2012-04-29,1.353,0.4,tt1637727,5,2.0,5.0,tt1964135
The Killing,2,,1.344,0.3,tt1637727,6,2.0,6.0,tt1964136
The Killing,2,,1.606,0.5,tt1637727,7,2.0,7.0,tt1964137
The Killing,2,,1.305,0.4,tt1637727,8,2.0,8.0,tt1964138
The Killing,2,,1.312,0.3,tt1637727,9,2.0,9.0,tt1964139
The Killing,2,2012-06-03,1.669,0.5,tt1637727,10,2.0,10.0,tt1964128
The Killing,2,2012-06-10,1.841,0.5,tt1637727,11,2.0,11.0,tt1964129
The Killing,2,2012-06-17,1.448,0.5,tt1637727,12,2.0,12.0,tt1964130
The Killing,3,2013-06-02,1.757,0.4,tt1637727,1,3.0,1.0,tt2583900
The Killing,3,2013-06-09,1.466,0.4,tt1637727,2,3.0,2.0,tt2640652
The Killing,3,2013-06-16,1.357,0.4,tt1637727,3,3.0,3.0,tt2640668
The Killing,3,2013-06-23,1.671,0.6,tt1637727,4,3.0,4.0,tt2640672
The Killing,3,2013-06-30,1.366,0.4,tt1637727,5,3.0,5.0,tt2722616
The Killing,3,2013-07-07,1.616,0.5,tt1637727,6,3.0,6.0,tt2722618
The Killing,3,2013-07-14,1.519,0.4,tt1637727,7,3.0,7.0,tt2722620
The Killing,3,2013-07-21,1.350,0.4,tt1637727,8,3.0,8.0,tt2722622
The Killing,3,2013-07-28,1.471,0.4,tt1637727,9,3.0,9.0,tt2737334
The Killing,3,2013-08-04,1.483,0.5,tt1637727,10,3.0,10.0,tt2737340
The Librarians,1,2014-12-07,5.353,1.27,tt3663490,1,1.0,1.0,tt3696750
The Librarians,1,2014-12-14,3.374,0.77,tt3663490,2,1.0,2.0,tt3696904
The Librarians,1,2014-12-21,3.186,0.76,tt3663490,3,1.0,3.0,tt3905292
The Librarians,1,2014-12-28,4.096,0.97,tt3663490,4,1.0,4.0,tt4279086
The Librarians,1,2015-01-04,3.726,0.95,tt3663490,5,1.0,5.0,tt3846542
The Librarians,1,2015-01-11,3.445,0.85,tt3663490,6,1.0,6.0,tt3704304
The Librarians,1,2015-01-11,2.863,0.77,tt3663490,7,1.0,7.0,tt3813430
The Librarians,1,2015-01-18,3.275,0.77,tt3663490,8,1.0,8.0,tt3724040
The Librarians,1,2015-01-18,3.033,0.71,tt3663490,9,1.0,9.0,tt3711274
The Librarians,2,2015-11-01,2.249,0.63,tt3663490,1,2.0,1.0,tt4447420
The Librarians,2,2015-11-01,1.951,0.44,tt3663490,2,2.0,2.0,tt4447426
The Librarians,2,2015-11-08,1.951,0.53,tt3663490,3,2.0,3.0,tt4447418
The Librarians,2,2015-11-15,1.888,0.45,tt3663490,4,2.0,4.0,tt4447430
The Librarians,2,2015-11-22,2.097,0.50,tt3663490,5,2.0,5.0,tt4447428
The Librarians,2,2015-11-29,2.021,0.53,tt3663490,6,2.0,6.0,tt4447432
The Librarians,2,2015-12-06,2.242,0.54,tt3663490,7,2.0,7.0,tt4447434
The Librarians,2,2015-12-13,2.214,0.60,tt3663490,8,2.0,8.0,tt4447440
The Librarians,2,2015-12-20,1.941,0.48,tt3663490,9,2.0,9.0,tt4447442
The Librarians,2,2015-12-27,2.237,0.55,tt3663490,10,2.0,10.0,tt4447450
The Librarians,3,2016-11-20,1.890,0.53,tt3663490,1,3.0,1.0,tt5275066
The Librarians,3,2016-11-27,1.620,0.52,tt3663490,2,3.0,2.0,tt5971148
The Librarians,3,2016-12-04,1.867,0.49,tt3663490,3,3.0,3.0,tt6279500
The Librarians,3,2016-12-11,1.755,0.44,tt3663490,4,3.0,4.0,tt5767208
The Librarians,3,2016-12-18,1.857,0.48,tt3663490,5,3.0,5.0,tt5748582
The Librarians,3,2016-12-25,1.651,0.41,tt3663490,6,3.0,6.0,tt6301504
The Librarians,3,2017-01-01,1.779,0.45,tt3663490,7,3.0,7.0,tt6360356
The Librarians,3,2017-01-08,2.046,0.51,tt3663490,8,3.0,8.0,tt6082786
The Librarians,3,2017-01-15,1.602,0.41,tt3663490,9,3.0,9.0,tt6312780
The Librarians,3,2017-01-22,1.967,0.50,tt3663490,10,3.0,10.0,tt5946158
The Librarians,4,2017-12-13,1.675,0.34,tt3663490,1,4.0,1.0,tt6497464
The Librarians,4,2017-12-13,1.360,0.24,tt3663490,2,4.0,2.0,tt7069078
The Librarians,4,2017-12-20,1.484,0.32,tt3663490,3,4.0,3.0,tt6998566
The Librarians,4,2017-12-20,1.395,0.25,tt3663490,4,4.0,4.0,tt6967460
The Librarians,4,2017-12-27,1.817,0.36,tt3663490,5,4.0,5.0,tt7093864
The Librarians,4,2017-12-27,1.523,0.31,tt3663490,6,4.0,6.0,tt7575928
The Librarians,4,2018-01-03,1.248,0.26,tt3663490,7,4.0,7.0,tt7364454
The Librarians,4,2018-01-10,1.405,0.27,tt3663490,8,4.0,8.0,tt7364504
The Librarians,4,2018-01-17,1.341,0.27,tt3663490,9,4.0,9.0,tt7364512
The Librarians,4,2018-01-24,1.354,0.28,tt3663490,10,4.0,10.0,tt7773488
The Librarians,4,2018-01-31,1.336,0.34,tt3663490,11,4.0,11.0,tt7773498
The Librarians,4,2018-02-07,1.436,0.27,tt3663490,12,4.0,12.0,tt7379274
The Returned,1,2013-10-31,0.267,0.08,tt2521668,1,1.0,1.0,tt2550114
The Returned,1,2013-11-07,0.071,0.03,tt2521668,2,1.0,2.0,tt2550130
The Returned,1,2013-11-14,0.055,0.01,tt2521668,3,1.0,3.0,tt2550120
The Returned,1,2013-11-21,0.038,0.02,tt2521668,4,1.0,4.0,tt2550118
The Returned,1,2013-11-28,0.077,0.03,tt2521668,5,1.0,5.0,tt2550122
The Returned,1,2013-12-05,0.067,0.02,tt2521668,6,1.0,6.0,tt2550128
The Returned,1,2013-12-12,0.049,0.02,tt2521668,7,1.0,7.0,tt2553666
The Returned,1,2013-12-19,0.064,0.02,tt2521668,8,1.0,8.0,tt2553670
The Returned,2,2015-10-31,0.123,0.03,tt2521668,1,2.0,1.0,tt3699524
The Returned,2,2015-11-07,0.100,0.02,tt2521668,2,2.0,2.0,tt4301490
The Returned,2,2015-11-14,0.127,0.04,tt2521668,3,2.0,3.0,tt4499410
The Returned,2,2015-11-21,0.082,0.02,tt2521668,4,2.0,4.0,tt4499418
The Returned,2,2015-11-28,0.092,0.03,tt2521668,5,2.0,5.0,tt4499424
The Returned,2,2015-12-05,0.072,0.01,tt2521668,6,2.0,6.0,tt4499426
The Returned,2,2015-12-12,0.062,0.01,tt2521668,7,2.0,7.0,tt4499438
The Returned,2,2015-12-19,0.072,0.01,tt2521668,8,2.0,8.0,tt4499444
Tyrant,1,2014-06-24,2.100,0.61,tt2568204,1,1.0,1.0,tt3816256
Tyrant,1,2014-07-01,1.385,0.53,tt2568204,2,1.0,2.0,tt3816260
Tyrant,1,2014-07-08,1.705,0.58,tt2568204,3,1.0,3.0,tt3816268
Tyrant,1,2014-07-15,1.568,0.53,tt2568204,4,1.0,4.0,tt3816272
Tyrant,1,2014-07-22,1.504,0.50,tt2568204,5,1.0,5.0,tt3824568
Tyrant,1,2014-07-29,1.434,0.50,tt2568204,6,1.0,6.0,tt3863600
Tyrant,1,2014-08-05,1.336,0.50,tt2568204,7,1.0,7.0,tt3863618
Tyrant,1,2014-08-12,1.529,0.59,tt2568204,8,1.0,8.0,tt3866682
Tyrant,1,2014-08-19,1.446,0.58,tt2568204,9,1.0,9.0,tt3866686
Tyrant,1,2014-08-26,1.516,0.53,tt2568204,10,1.0,10.0,tt3866690
Tyrant,2,2015-06-16,1.063,0.30,tt2568204,1,2.0,1.0,tt4216880
Tyrant,2,2015-06-23,1.152,0.34,tt2568204,2,2.0,2.0,tt4594948
Tyrant,2,2015-06-30,1.098,0.29,tt2568204,3,2.0,3.0,tt4587214
Tyrant,2,2015-07-07,1.244,0.43,tt2568204,4,2.0,4.0,tt4587222
Tyrant,2,2015-07-14,1.163,0.32,tt2568204,5,2.0,5.0,tt4550034
Tyrant,2,2015-07-21,1.081,0.37,tt2568204,6,2.0,6.0,tt4643070
Tyrant,2,2015-07-28,1.203,0.40,tt2568204,7,2.0,7.0,tt4654140
Tyrant,2,2015-08-04,1.126,0.39,tt2568204,8,2.0,8.0,tt4778246
Tyrant,2,2015-08-11,1.347,0.49,tt2568204,9,2.0,9.0,tt4778254
Tyrant,2,2015-08-18,1.204,0.36,tt2568204,10,2.0,10.0,tt4798808
Tyrant,2,2015-08-25,1.232,0.42,tt2568204,11,2.0,11.0,tt4798812
Tyrant,2,,1.252,0.37,tt2568204,12,2.0,12.0,tt4278684
Tyrant,3,2016-07-06,1.040,0.27,tt2568204,1,3.0,1.0,tt5095088
Tyrant,3,2016-07-13,0.712,0.19,tt2568204,2,3.0,2.0,tt5491554
Tyrant,3,2016-07-20,0.743,0.19,tt2568204,3,3.0,3.0,tt5503570
Tyrant,3,2016-07-27,0.776,0.19,tt2568204,4,3.0,4.0,tt5542236
Tyrant,3,2016-08-03,0.827,0.22,tt2568204,5,3.0,5.0,tt5542238
Tyrant,3,2016-08-10,0.769,0.20,tt2568204,6,3.0,6.0,tt5542228
Tyrant,3,2016-08-17,0.621,0.13,tt2568204,7,3.0,7.0,tt5542240
Tyrant,3,2016-08-24,0.810,0.21,tt2568204,8,3.0,8.0,tt5542242
Tyrant,3,2016-08-31,0.825,0.24,tt2568204,9,3.0,9.0,tt5542244
Tyrant,3,,0.719,0.21,tt2568204,10,3.0,10.0,tt5197332
Doll & Em,1,2014-03-19,0.123,0.04,tt2561882,1,1.0,1.0,tt2583416
Doll & Em,1,2014-03-19,0.116,0.03,tt2561882,2,1.0,2.0,tt2807994
Doll & Em,1,2014-03-26,0.083,0.02,tt2561882,3,1.0,3.0,tt2807984
Doll & Em,1,2014-03-26,0.064,0.01,tt2561882,4,1.0,4.0,tt2807988
Doll & Em,1,2014-04-02,0.138,0.05,tt2561882,5,1.0,5.0,tt2600582
Doll & Em,1,2014-04-02,0.138,0.04,tt2561882,6,1.0,6.0,tt2819806
Doll & Em,2,,0.161,0.06,tt2561882,1,2.0,1.0,tt4235374
Doll & Em,2,,0.065,0.02,tt2561882,2,2.0,2.0,tt4757960
Doll & Em,2,,0.145,0.06,tt2561882,3,2.0,3.0,tt4781614
Doll & Em,2,2015-10-04,0.147,0.03,tt2561882,4,2.0,4.0,tt4798474
Doll & Em,2,2015-10-11,0.089,0.03,tt2561882,5,2.0,5.0,tt4811342
Doll & Em,2,2015-10-18,0.075,0.03,tt2561882,6,2.0,6.0,tt4811352
The Client List,1,2012-04-08,2.792,0.9,tt2022170,1,1.0,1.0,tt2230635
The Client List,1,2012-04-15,2.852,1.0,tt2022170,2,1.0,2.0,tt2302185
The Client List,1,2012-04-22,2.750,1.1,tt2022170,3,1.0,3.0,tt2380905
The Client List,1,2012-04-29,2.405,0.9,tt2022170,4,1.0,4.0,tt2260651
The Client List,1,,2.507,0.9,tt2022170,5,1.0,5.0,tt2377819
The Client List,1,,2.274,0.8,tt2022170,6,1.0,6.0,tt2339161
The Client List,1,,2.547,1.1,tt2022170,7,1.0,7.0,tt2326977
The Client List,1,2012-06-03,2.102,0.8,tt2022170,8,1.0,8.0,tt2168814
The Client List,1,2012-06-10,2.191,0.8,tt2022170,9,1.0,9.0,tt2205698
The Client List,1,2012-06-17,2.729,1.0,tt2022170,10,1.0,10.0,tt2218676
The Client List,2,2013-03-10,2.212,0.9,tt2022170,1,2.0,1.0,tt2379098
The Client List,2,2013-03-17,2.075,1.0,tt2022170,2,2.0,2.0,tt2507316
The Client List,2,2013-03-24,2.003,0.9,tt2022170,3,2.0,3.0,tt2573952
The Client List,2,2013-03-31,1.848,0.8,tt2022170,4,2.0,4.0,tt2573964
The Client List,2,2013-04-07,2.187,0.8,tt2022170,5,2.0,5.0,tt2614958
The Client List,2,2013-04-14,1.955,0.8,tt2022170,6,2.0,6.0,tt2615534
The Client List,2,2013-04-21,2.107,0.8,tt2022170,7,2.0,7.0,tt2641084
The Client List,2,2013-04-28,2.387,0.9,tt2022170,8,2.0,8.0,tt2657488
The Client List,2,,2.114,0.8,tt2022170,9,2.0,9.0,tt2734576
The Client List,2,,1.793,0.7,tt2022170,10,2.0,10.0,tt2797154
The Client List,2,,2.079,0.8,tt2022170,11,2.0,11.0,tt2854874
The Client List,2,2013-06-02,2.123,0.7,tt2022170,12,2.0,12.0,tt2811508
The Client List,2,2013-06-09,1.951,0.7,tt2022170,13,2.0,13.0,tt2940726
The Client List,2,2013-06-16,1.895,0.6,tt2022170,14,2.0,14.0,tt2940762
The Client List,2,2013-06-16,2.094,0.7,tt2022170,15,2.0,15.0,tt2937832
Vida,1,,0.020,0.01,tt7725422,1,1.0,1.0,tt7736614
Vida,1,,0.181,0.04,tt7725422,2,1.0,2.0,tt7736620
Vida,1,,0.133,0.03,tt7725422,3,1.0,3.0,tt7740226
Vida,1,,0.148,0.03,tt7725422,4,1.0,4.0,tt7740230
Vida,1,2018-06-03,0.136,0.04,tt7725422,5,1.0,5.0,tt7740232
Vida,1,2018-06-10,0.163,0.06,tt7725422,6,1.0,6.0,tt7740234
Vida,2,,0.135,0.03,tt7725422,1,2.0,1.0,tt7725472
Vida,2,,0.107,0.01,tt7725422,2,2.0,2.0,tt8772436
Vida,2,2019-06-02,0.140,0.03,tt7725422,3,2.0,3.0,tt8772438
Vida,2,2019-06-02,0.128,0.02,tt7725422,4,2.0,4.0,tt8772460
Vida,2,2019-06-09,0.112,0.02,tt7725422,5,2.0,5.0,tt8772464
Vida,2,2019-06-09,0.108,0.02,tt7725422,6,2.0,6.0,tt8772462
Vida,2,2019-06-16,0.103,0.03,tt7725422,7,2.0,7.0,tt8772468
Vida,2,2019-06-16,0.132,0.04,tt7725422,8,2.0,8.0,tt8772470
Vida,2,2019-06-23,0.112,0.03,tt7725422,9,2.0,9.0,tt8772472
Vida,2,2019-06-23,0.121,0.02,tt7725422,10,2.0,10.0,tt8765606
Vida,3,2020-04-26,0.099,0.03,tt7725422,1,3.0,1.0,tt10418386
Vida,3,,0.110,0.02,tt7725422,2,3.0,2.0,tt11314526
Vida,3,,0.082,0.02,tt7725422,3,3.0,3.0,tt11314520
Vida,3,,0.086,0.02,tt7725422,4,3.0,4.0,tt11309062
Vida,3,,0.070,0.02,tt7725422,5,3.0,5.0,tt11309070
Vida,3,,0.115,0.02,tt7725422,6,3.0,6.0,tt11309094
Sweetbitter,1,,0.038,0.01,tt7563270,1,1.0,1.0,tt7564010
Sweetbitter,1,,0.160,0.05,tt7563270,2,1.0,2.0,tt7578432
Sweetbitter,1,,0.174,0.05,tt7563270,3,1.0,3.0,tt7578438
Sweetbitter,1,,0.217,0.06,tt7563270,4,1.0,4.0,tt7578442
Sweetbitter,1,2018-06-03,0.185,0.07,tt7563270,5,1.0,5.0,tt7578446
Sweetbitter,1,2018-06-10,0.210,0.09,tt7563270,6,1.0,6.0,tt7578430
Sweetbitter,2,2019-07-14,0.119,0.04,tt7563270,1,2.0,1.0,tt8696416
Sweetbitter,2,2019-07-14,0.092,0.03,tt7563270,2,2.0,2.0,tt8708342
Sweetbitter,2,2019-07-21,0.095,0.03,tt7563270,3,2.0,3.0,tt8708348
Sweetbitter,2,2019-07-28,0.099,0.03,tt7563270,4,2.0,4.0,tt8708350
Sweetbitter,2,2019-08-04,0.077,0.02,tt7563270,5,2.0,5.0,tt8708352
Sweetbitter,2,2019-08-11,0.108,0.02,tt7563270,6,2.0,6.0,tt8708356
Sweetbitter,2,2019-08-18,0.086,0.03,tt7563270,7,2.0,7.0,tt9389606
Sweetbitter,2,2019-08-18,0.065,0.02,tt7563270,8,2.0,8.0,tt9389608
Episodes,1,2011-01-09,0.768,0.2,tt1582350,1,1.0,1.0,tt1681778
Episodes,1,2011-01-16,0.442,0.1,tt1582350,2,1.0,2.0,tt1681779
Episodes,1,2011-01-23,0.332,0.1,tt1582350,3,1.0,3.0,tt1819893
Episodes,1,2011-01-30,0.558,0.3,tt1582350,4,1.0,4.0,tt1819894
Episodes,1,2011-02-06,0.379,0.2,tt1582350,5,1.0,5.0,tt1819895
Episodes,1,2011-02-13,0.489,0.2,tt1582350,6,1.0,6.0,tt1819896
Episodes,1,2011-02-20,0.589,0.2,tt1582350,7,1.0,7.0,tt1819897
Episodes,2,2012-07-01,0.486,0.23,tt1582350,1,2.0,1.0,tt2311305
Episodes,2,2012-07-08,0.373,0.18,tt1582350,2,2.0,2.0,tt2311307
Episodes,2,2012-07-15,0.417,0.2,tt1582350,3,2.0,3.0,tt2246274
Episodes,2,2012-07-22,0.381,0.17,tt1582350,4,2.0,4.0,tt2311311
Episodes,2,2012-07-29,0.239,0.10,tt1582350,5,2.0,5.0,tt2311313
Episodes,2,2012-08-05,0.332,0.13,tt1582350,6,2.0,6.0,tt2311315
Episodes,2,2012-08-12,0.343,0.2,tt1582350,7,2.0,7.0,tt2311317
Episodes,2,2012-08-19,0.412,0.18,tt1582350,8,2.0,8.0,tt2311319
Episodes,2,2012-08-26,0.414,0.18,tt1582350,9,2.0,9.0,tt2311321
Episodes,3,2014-01-12,0.543,0.23,tt1582350,1,3.0,1.0,tt1247743
Episodes,3,2014-01-19,0.443,0.16,tt1582350,2,3.0,2.0,tt2593238
Episodes,3,2014-01-26,0.400,0.19,tt1582350,3,3.0,3.0,tt2593240
Episodes,3,2014-02-02,0.429,0.21,tt1582350,4,3.0,4.0,tt2593242
Episodes,3,2014-02-09,0.475,0.18,tt1582350,5,3.0,5.0,tt2593244
Episodes,3,2014-02-16,0.506,0.17,tt1582350,6,3.0,6.0,tt2593246
Episodes,3,2014-02-23,0.460,0.15,tt1582350,7,3.0,7.0,tt2593248
Episodes,3,2014-03-09,0.437,0.17,tt1582350,8,3.0,8.0,tt2593250
Episodes,3,2014-03-16,0.482,0.20,tt1582350,9,3.0,9.0,tt2593252
Episodes,4,2015-01-11,0.365,0.17,tt1582350,1,4.0,1.0,tt3397406
Episodes,4,2015-01-18,0.366,0.18,tt1582350,2,4.0,2.0,tt3687012
Episodes,4,2015-01-25,0.314,0.12,tt1582350,3,4.0,3.0,tt3687014
Episodes,4,2015-02-01,0.319,0.13,tt1582350,4,4.0,4.0,tt3687018
Episodes,4,2015-02-08,0.343,0.11,tt1582350,5,4.0,5.0,tt3687020
Episodes,4,2015-02-15,0.255,0.12,tt1582350,6,4.0,6.0,tt3687024
Episodes,4,2015-03-01,0.301,0.14,tt1582350,7,4.0,7.0,tt3687030
Episodes,4,2015-03-08,0.413,0.21,tt1582350,8,4.0,8.0,tt3687032
Episodes,4,2015-03-15,0.466,0.16,tt1582350,9,4.0,9.0,tt3687036
Episodes,5,2017-08-20,0.239,0.05,tt1582350,1,5.0,1.0,tt4765348
Episodes,5,2017-08-27,0.239,0.04,tt1582350,2,5.0,2.0,tt4789916
Episodes,5,,0.264,0.04,tt1582350,3,5.0,3.0,tt4789918
Episodes,5,,0.264,0.05,tt1582350,4,5.0,4.0,tt4789922
Episodes,5,,0.350,0.05,tt1582350,5,5.0,5.0,tt4789928
Episodes,5,2017-10-01,0.335,0.06,tt1582350,6,5.0,6.0,tt4789962
Episodes,5,2017-10-08,0.263,0.07,tt1582350,7,5.0,7.0,tt4791192
Curb Your Enthusiasm,1,2000-10-15,3.082,2.1,tt0264235,1,1.0,1.0,tt0551416
Curb Your Enthusiasm,1,2000-10-22,1.772,1.4,tt0264235,2,1.0,2.0,tt0551396
Curb Your Enthusiasm,1,2000-10-29,2.311,1.8,tt0264235,3,1.0,3.0,tt0551394
Curb Your Enthusiasm,1,2000-11-05,1.491,1.2,tt0264235,4,1.0,4.0,tt0551403
Curb Your Enthusiasm,1,2000-11-12,2.464,1.7,tt0264235,5,1.0,5.0,tt0551387
Curb Your Enthusiasm,1,2000-11-19,1.944,1.3,tt0264235,6,1.0,6.0,tt0551427
Curb Your Enthusiasm,1,2000-11-26,1.831,1.2,tt0264235,7,1.0,7.0,tt0551381
Curb Your Enthusiasm,1,2000-12-03,1.925,1.2,tt0264235,8,1.0,8.0,tt0551383
Curb Your Enthusiasm,1,2000-12-10,1.750,1.3,tt0264235,9,1.0,9.0,tt0551382
Curb Your Enthusiasm,1,2000-12-17,2.186,1.5,tt0264235,10,1.0,10.0,tt0551411
Curb Your Enthusiasm,2,,2.402,1.5,tt0264235,1,2.0,1.0,tt0551405
Curb Your Enthusiasm,2,,1.827,1.4,tt0264235,2,2.0,2.0,tt0551428
Curb Your Enthusiasm,2,2001-10-07,1.800,1.2,tt0264235,3,2.0,3.0,tt0551429
Curb Your Enthusiasm,2,2001-10-14,2.936,1.8,tt0264235,4,2.0,4.0,tt0551418
Curb Your Enthusiasm,2,2001-10-21,2.612,1.8,tt0264235,5,2.0,5.0,tt0551425
Curb Your Enthusiasm,2,2001-10-28,2.537,1.7,tt0264235,6,2.0,6.0,tt0551398
Curb Your Enthusiasm,2,2001-11-04,1.558,1.2,tt0264235,7,2.0,7.0,tt0551408
Curb Your Enthusiasm,2,2001-11-11,2.641,1.7,tt0264235,8,2.0,8.0,tt0551395
Curb Your Enthusiasm,2,2001-11-18,2.558,1.6,tt0264235,9,2.0,9.0,tt0551399
Curb Your Enthusiasm,2,2001-11-25,2.266,1.6,tt0264235,10,2.0,10.0,tt0551414
Curb Your Enthusiasm,3,,5.528,3.5,tt0264235,1,3.0,1.0,tt0551385
Curb Your Enthusiasm,3,,4.553,2.8,tt0264235,2,3.0,2.0,tt0551400
Curb Your Enthusiasm,3,,3.841,2.7,tt0264235,3,3.0,3.0,tt0551386
Curb Your Enthusiasm,3,2002-10-06,4.545,2.8,tt0264235,4,3.0,4.0,tt0551415
Curb Your Enthusiasm,3,2002-10-13,4.429,2.7,tt0264235,5,3.0,5.0,tt0551424
Curb Your Enthusiasm,3,2002-10-20,4.011,2.8,tt0264235,6,3.0,6.0,tt0551421
Curb Your Enthusiasm,3,2002-10-27,3.820,2.3,tt0264235,7,3.0,7.0,tt0551407
Curb Your Enthusiasm,3,2002-11-03,4.589,3.1,tt0264235,8,3.0,8.0,tt0551389
Curb Your Enthusiasm,3,2002-11-10,4.810,3.1,tt0264235,9,3.0,9.0,tt0551391
Curb Your Enthusiasm,3,2002-11-17,4.731,3.1,tt0264235,10,3.0,10.0,tt0551410
Curb Your Enthusiasm,4,2004-01-04,3.267,1.9,tt0264235,1,4.0,1.0,tt0551392
Curb Your Enthusiasm,4,2004-01-11,2.632,1.5,tt0264235,2,4.0,2.0,tt0551384
Curb Your Enthusiasm,4,2004-01-18,2.533,1.5,tt0264235,3,4.0,3.0,tt0551401
Curb Your Enthusiasm,4,2004-01-25,2.396,1.6,tt0264235,4,4.0,4.0,tt0551426
Curb Your Enthusiasm,4,2004-02-01,1.520,1.1,tt0264235,5,4.0,5.0,tt0551397
Curb Your Enthusiasm,4,2004-02-08,2.051,1.4,tt0264235,6,4.0,6.0,tt0551404
Curb Your Enthusiasm,4,2004-02-22,5.094,3.0,tt0264235,7,4.0,7.0,tt0551422
Curb Your Enthusiasm,4,2004-02-29,1.591,1.0,tt0264235,8,4.0,8.0,tt0551430
Curb Your Enthusiasm,4,2004-03-07,4.360,2.7,tt0264235,9,4.0,9.0,tt0551423
Curb Your Enthusiasm,4,2004-03-14,3.361,2.1,tt0264235,10,4.0,10.0,tt0551393
Curb Your Enthusiasm,5,,1.550,0.9,tt0264235,1,5.0,1.0,tt0551413
Curb Your Enthusiasm,5,2005-10-02,1.357,1.0,tt0264235,2,5.0,2.0,tt0551402
Curb Your Enthusiasm,5,2005-10-09,1.482,0.9,tt0264235,3,5.0,3.0,tt0551406
Curb Your Enthusiasm,5,2005-10-16,1.378,0.9,tt0264235,4,5.0,4.0,tt0551388
Curb Your Enthusiasm,5,2005-10-30,1.111,0.7,tt0264235,5,5.0,5.0,tt0551390
Curb Your Enthusiasm,5,2005-11-06,1.178,0.8,tt0264235,6,5.0,6.0,tt0551420
Curb Your Enthusiasm,5,2005-11-13,1.135,0.8,tt0264235,7,5.0,7.0,tt0551417
Curb Your Enthusiasm,5,2005-11-20,1.313,0.9,tt0264235,8,5.0,8.0,tt0551419
Curb Your Enthusiasm,5,2005-11-27,0.896,0.7,tt0264235,9,5.0,9.0,tt0551412
Curb Your Enthusiasm,5,2005-12-04,1.088,0.7,tt0264235,10,5.0,10.0,tt0551409
Curb Your Enthusiasm,6,,1.174,0.5,tt0264235,1,6.0,1.0,tt1049249
Curb Your Enthusiasm,6,,1.035,0.5,tt0264235,2,6.0,2.0,tt1049250
Curb Your Enthusiasm,6,,0.909,0.4,tt0264235,3,6.0,3.0,tt0947227
Curb Your Enthusiasm,6,,0.910,0.5,tt0264235,4,6.0,4.0,tt0902552
Curb Your Enthusiasm,6,2007-10-07,0.873,0.4,tt0264235,5,6.0,5.0,tt1049251
Curb Your Enthusiasm,6,2007-10-14,0.909,0.5,tt0264235,6,6.0,6.0,tt0948188
Curb Your Enthusiasm,6,2007-10-21,0.875,0.5/1,tt0264235,7,6.0,7.0,tt1104262
Curb Your Enthusiasm,6,2007-10-28,0.938,0.4/1,tt0264235,8,6.0,8.0,tt1104263
Curb Your Enthusiasm,6,2007-11-04,0.937,0.4,tt0264235,9,6.0,9.0,tt1104264
Curb Your Enthusiasm,6,2007-11-11,1.075,0.5/1,tt0264235,10,6.0,10.0,tt1104261
Curb Your Enthusiasm,7,,1.118,0.5/1,tt0264235,1,7.0,1.0,tt1484410
Curb Your Enthusiasm,7,,1.050,0.6/1,tt0264235,2,7.0,2.0,tt1484411
Curb Your Enthusiasm,7,2009-10-04,1.562,0.7/2,tt0264235,3,7.0,3.0,tt1506595
Curb Your Enthusiasm,7,2009-10-11,1.193,0.5/1,tt0264235,4,7.0,4.0,tt1515102
Curb Your Enthusiasm,7,2009-10-18,1.077,0.5/1,tt0264235,5,7.0,5.0,tt1515099
Curb Your Enthusiasm,7,2009-10-25,1.051,0.4/1,tt0264235,6,7.0,6.0,tt1515100
Curb Your Enthusiasm,7,2009-11-01,0.981,0.4/1,tt0264235,7,7.0,7.0,tt1515101
Curb Your Enthusiasm,7,2009-11-08,0.979,0.3/1,tt0264235,8,7.0,8.0,tt1527329
Curb Your Enthusiasm,7,2009-11-15,1.257,0.5/1,tt0264235,9,7.0,9.0,tt1536150
Curb Your Enthusiasm,7,2009-11-22,1.334,0.6/1,tt0264235,10,7.0,10.0,tt1536149
Curb Your Enthusiasm,8,2011-07-10,1.713,0.9,tt0264235,1,8.0,1.0,tt1640879
Curb Your Enthusiasm,8,2011-07-17,1.913,0.8,tt0264235,2,8.0,2.0,tt1640881
Curb Your Enthusiasm,8,2011-07-24,2.372,1.0,tt0264235,3,8.0,3.0,tt1640882
Curb Your Enthusiasm,8,2011-07-31,2.104,1.0,tt0264235,4,8.0,4.0,tt1640883
Curb Your Enthusiasm,8,2011-08-07,2.051,0.9,tt0264235,5,8.0,5.0,tt1640884
Curb Your Enthusiasm,8,2011-08-14,2.305,1.1,tt0264235,6,8.0,6.0,tt1640885
Curb Your Enthusiasm,8,2011-08-21,2.078,1.0,tt0264235,7,8.0,7.0,tt1640886
Curb Your Enthusiasm,8,2011-08-28,1.871,0.9,tt0264235,8,8.0,8.0,tt1640887
Curb Your Enthusiasm,8,,1.425,0.6,tt0264235,9,8.0,9.0,tt1640888
Curb Your Enthusiasm,8,,2.040,1.0,tt0264235,10,8.0,10.0,tt1640880
Curb Your Enthusiasm,9,2017-10-01,1.543,0.52,tt0264235,1,9.0,1.0,tt5808896
Curb Your Enthusiasm,9,2017-10-08,1.126,0.39,tt0264235,2,9.0,2.0,tt6739316
Curb Your Enthusiasm,9,2017-10-15,1.123,0.40,tt0264235,3,9.0,3.0,tt7126472
Curb Your Enthusiasm,9,2017-10-22,1.105,0.38,tt0264235,4,9.0,4.0,tt7126476
Curb Your Enthusiasm,9,2017-10-29,0.800,0.26,tt0264235,5,9.0,5.0,tt7126486
Curb Your Enthusiasm,9,2017-11-05,0.828,0.30,tt0264235,6,9.0,6.0,tt6764872
Curb Your Enthusiasm,9,2017-11-12,0.880,0.30,tt0264235,7,9.0,7.0,tt6618290
Curb Your Enthusiasm,9,2017-11-19,0.910,0.30,tt0264235,8,9.0,8.0,tt6706428
Curb Your Enthusiasm,9,2017-11-26,0.967,0.31,tt0264235,9,9.0,9.0,tt7126456
Curb Your Enthusiasm,9,2017-12-03,0.881,0.30,tt0264235,10,9.0,10.0,tt7032890
Curb Your Enthusiasm,10,2020-01-19,0.708,0.22,tt0264235,1,10.0,1.0,tt7754536
Curb Your Enthusiasm,10,2020-01-26,0.683,0.17,tt0264235,2,10.0,2.0,tt9663058
Curb Your Enthusiasm,10,2020-02-02,0.577,0.14,tt0264235,3,10.0,3.0,tt9392394
Curb Your Enthusiasm,10,2020-02-09,0.441,0.12,tt0264235,4,10.0,4.0,tt9663062
Curb Your Enthusiasm,10,2020-02-16,0.663,0.15,tt0264235,5,10.0,5.0,tt9663066
Curb Your Enthusiasm,10,2020-02-23,0.635,0.15,tt0264235,6,10.0,6.0,tt9663064
Curb Your Enthusiasm,10,2020-03-01,0.645,0.17,tt0264235,7,10.0,7.0,tt9663068
Curb Your Enthusiasm,10,2020-03-08,0.747,0.17,tt0264235,8,10.0,8.0,tt9248766
Curb Your Enthusiasm,10,2020-03-15,0.691,0.17,tt0264235,9,10.0,9.0,tt9663070
Curb Your Enthusiasm,10,2020-03-22,0.843,0.25,tt0264235,10,10.0,10.0,tt9663072
Curb Your Enthusiasm,11,2021-10-24,0.486,0.08,tt0264235,1,11.0,1.0,tt12632016
Curb Your Enthusiasm,11,2021-10-31,0.409,0.07,tt0264235,2,11.0,2.0,tt15204200
Curb Your Enthusiasm,11,2021-11-07,0.370,0.08,tt0264235,3,11.0,3.0,tt15204210
Curb Your Enthusiasm,11,2021-11-14,0.527,0.11,tt0264235,4,11.0,4.0,tt15204226
Curb Your Enthusiasm,11,2021-11-21,0.405,0.08,tt0264235,5,11.0,5.0,tt15243598
Curb Your Enthusiasm,11,2021-11-28,0.541,0.11,tt0264235,6,11.0,6.0,tt15243624
Curb Your Enthusiasm,11,2021-12-05,0.423,0.09,tt0264235,7,11.0,7.0,tt15243632
Curb Your Enthusiasm,11,2021-12-12,0.424,0.08,tt0264235,8,11.0,8.0,tt15243640
Curb Your Enthusiasm,11,2021-12-19,0.371,0.08,tt0264235,9,11.0,9.0,tt15243658
Curb Your Enthusiasm,11,2021-12-26,0.450,0.10,tt0264235,10,11.0,10.0,tt15243674
Last Week Tonight,1,2014-04-27,1.109,0.5,tt3530232,1,,,
Last Week Tonight,1,,1.194,0.5,tt3530232,2,,,
Last Week Tonight,1,,1.013,0.5,tt3530232,3,,,
Last Week Tonight,1,,1.031,0.5,tt3530232,4,,,
Last Week Tonight,1,2014-06-01,0.985,0.5,tt3530232,5,,,
Last Week Tonight,1,2014-06-08,0.952,0.5,tt3530232,6,,,
Last Week Tonight,1,2014-06-15,0.905,0.4,tt3530232,7,,,
Last Week Tonight,1,2014-06-22,0.890,0.4,tt3530232,8,,,
Last Week Tonight,1,2014-06-29,0.847,0.4,tt3530232,9,,,
Last Week Tonight,1,2014-07-13,0.839,0.4,tt3530232,10,,,
Last Week Tonight,1,2014-07-20,0.922,0.4,tt3530232,11,,,
Last Week Tonight,1,2014-07-27,1.003,0.48,tt3530232,12,,,
Last Week Tonight,1,2014-08-03,0.964,0.46,tt3530232,13,,,
Last Week Tonight,1,2014-08-10,0.940,0.49,tt3530232,14,,,
Last Week Tonight,1,2014-08-17,1.028,0.51,tt3530232,15,,,
Last Week Tonight,1,,0.661,0.26,tt3530232,16,,,
Last Week Tonight,1,,0.702,0.30,tt3530232,17,,,
Last Week Tonight,1,,0.825,0.37,tt3530232,18,,,
Last Week Tonight,1,,0.710,0.35,tt3530232,19,,,
Last Week Tonight,1,2014-10-05,0.661,0.27,tt3530232,20,,,
Last Week Tonight,1,2014-10-19,0.621,0.29,tt3530232,21,,,
Last Week Tonight,1,2014-10-26,0.758,0.36,tt3530232,22,,,
Last Week Tonight,1,2014-11-02,0.601,0.21,tt3530232,23,,,
Last Week Tonight,1,2014-11-09,0.796,0.35,tt3530232,24,,,
Last Week Tonight,2,2015-02-08,0.720,0.31,tt3530232,1,,,
Last Week Tonight,2,2015-02-15,0.513,0.23,tt3530232,2,,,
Last Week Tonight,2,2015-02-22,0.469,0.24,tt3530232,3,,,
Last Week Tonight,2,2015-03-01,0.711,0.33,tt3530232,4,,,
Last Week Tonight,2,2015-03-08,0.695,0.32,tt3530232,5,,,
Last Week Tonight,2,2015-03-15,0.845,0.33,tt3530232,6,,,
Last Week Tonight,2,2015-03-22,0.777,0.35,tt3530232,7,,,
Last Week Tonight,2,2015-04-05,0.655,0.32,tt3530232,8,,,
Last Week Tonight,2,2015-04-12,1.319,0.67,tt3530232,9,,,
Last Week Tonight,2,2015-04-19,1.447,0.71,tt3530232,10,,,
Last Week Tonight,2,2015-04-26,1.394,0.64,tt3530232,11,,,
Last Week Tonight,2,,1.395,0.71,tt3530232,12,,,
Last Week Tonight,2,,1.198,0.59,tt3530232,13,,,
Last Week Tonight,2,,1.036,0.50,tt3530232,14,,,
Last Week Tonight,2,,1.394,0.62,tt3530232,15,,,
Last Week Tonight,2,2015-06-07,1.257,0.60,tt3530232,16,,,
Last Week Tonight,2,2015-06-14,1.259,0.59,tt3530232,17,,,
Last Week Tonight,2,2015-06-21,1.365,0.55,tt3530232,18,,,
Last Week Tonight,2,2015-06-28,1.241,0.49,tt3530232,19,,,
Last Week Tonight,2,2015-07-12,1.013,0.41,tt3530232,20,,,
Last Week Tonight,2,2015-07-19,1.042,0.41,tt3530232,21,,,
Last Week Tonight,2,2015-07-26,0.938,0.32,tt3530232,22,,,
Last Week Tonight,2,2015-08-02,0.975,0.42,tt3530232,23,,,
Last Week Tonight,2,2015-08-09,0.929,0.38,tt3530232,24,,,
Last Week Tonight,2,2015-08-16,1.010,0.45,tt3530232,25,,,
Last Week Tonight,2,2015-08-23,1.027,0.44,tt3530232,26,,,
Last Week Tonight,2,,0.694,0.25,tt3530232,27,,,
Last Week Tonight,2,,0.658,0.27,tt3530232,28,,,
Last Week Tonight,2,2015-10-04,0.687,0.28,tt3530232,29,,,
Last Week Tonight,2,2015-10-11,0.704,0.24,tt3530232,30,,,
Last Week Tonight,2,2015-10-18,0.716,0.31,tt3530232,31,,,
Last Week Tonight,2,2015-11-01,0.690,0.29,tt3530232,32,,,
Last Week Tonight,2,2015-11-08,0.914,0.40,tt3530232,33,,,
Last Week Tonight,2,2015-11-15,0.712,0.30,tt3530232,34,,,
Last Week Tonight,2,2015-11-22,0.778,0.34,tt3530232,35,,,
Last Week Tonight,3,2016-02-14,1.018,0.36,tt3530232,1,,,
Last Week Tonight,3,2016-02-21,0.919,0.34,tt3530232,2,,,
Last Week Tonight,3,2016-02-28,0.699,0.26,tt3530232,3,,,
Last Week Tonight,3,2016-03-06,0.824,0.33,tt3530232,4,,,
Last Week Tonight,3,2016-03-13,0.962,0.38,tt3530232,5,,,
Last Week Tonight,3,2016-03-20,0.931,0.34,tt3530232,6,,,
Last Week Tonight,3,2016-04-03,0.953,0.37,tt3530232,7,,,
Last Week Tonight,3,2016-04-10,0.909,0.36,tt3530232,8,,,
Last Week Tonight,3,2016-04-17,0.849,0.29,tt3530232,9,,,
Last Week Tonight,3,2016-04-24,1.343,0.59,tt3530232,10,,,
Last Week Tonight,3,,1.419,0.60,tt3530232,11,,,
Last Week Tonight,3,,1.377,0.58,tt3530232,12,,,
Last Week Tonight,3,,1.274,0.57,tt3530232,13,,,
Last Week Tonight,3,2016-06-05,1.606,0.72,tt3530232,14,,,
Last Week Tonight,3,2016-06-12,1.210,0.53,tt3530232,15,,,
Last Week Tonight,3,2016-06-19,1.439,0.62,tt3530232,16,,,
Last Week Tonight,3,2016-06-26,1.532,0.68,tt3530232,17,,,
Last Week Tonight,3,2016-07-24,1.088,0.42,tt3530232,18,,,
Last Week Tonight,3,2016-07-31,1.270,0.53,tt3530232,19,,,
Last Week Tonight,3,2016-08-07,1.013,0.39,tt3530232,20,,,
Last Week Tonight,3,2016-08-14,0.968,0.38,tt3530232,21,,,
Last Week Tonight,3,2016-08-21,1.145,0.45,tt3530232,22,,,
Last Week Tonight,3,,0.884,0.33,tt3530232,23,,,
Last Week Tonight,3,2016-10-02,1.097,0.42,tt3530232,24,,,
Last Week Tonight,3,2016-10-09,1.079,0.42,tt3530232,25,,,
Last Week Tonight,3,2016-10-16,1.343,0.49,tt3530232,26,,,
Last Week Tonight,3,2016-10-23,1.181,0.40,tt3530232,27,,,
Last Week Tonight,3,2016-10-30,1.028,0.39,tt3530232,28,,,
Last Week Tonight,3,2016-11-06,1.051,0.40,tt3530232,29,,,
Last Week Tonight,3,2016-11-13,1.173,0.47,tt3530232,30,,,
Last Week Tonight,4,2017-02-12,1.193,0.44,tt3530232,1,,,
Last Week Tonight,4,2017-02-19,1.245,0.43,tt3530232,2,,,
Last Week Tonight,4,2017-02-26,0.724,0.27,tt3530232,3,,,
Last Week Tonight,4,2017-03-05,1.278,0.45,tt3530232,4,,,
Last Week Tonight,4,2017-03-12,1.122,0.40,tt3530232,5,,,
Last Week Tonight,4,2017-03-19,1.030,0.38,tt3530232,6,,,
Last Week Tonight,4,2017-04-02,1.184,0.43,tt3530232,7,,,
Last Week Tonight,4,2017-04-09,1.145,0.41,tt3530232,8,,,
Last Week Tonight,4,2017-04-16,1.181,0.43,tt3530232,9,,,
Last Week Tonight,4,2017-04-23,1.193,0.40,tt3530232,10,,,
Last Week Tonight,4,,1.184,0.40,tt3530232,11,,,
Last Week Tonight,4,,1.363,0.50,tt3530232,12,,,
Last Week Tonight,4,,1.416,0.49,tt3530232,13,,,
Last Week Tonight,4,2017-06-04,1.215,0.47,tt3530232,14,,,
Last Week Tonight,4,2017-06-11,1.238,0.42,tt3530232,15,,,
Last Week Tonight,4,2017-06-18,1.275,0.45,tt3530232,16,,,
Last Week Tonight,4,2017-06-25,1.310,0.51,tt3530232,17,,,
Last Week Tonight,4,2017-07-02,1.142,0.40,tt3530232,18,,,
Last Week Tonight,4,2017-07-30,1.760,0.67,tt3530232,19,,,
Last Week Tonight,4,2017-08-06,1.746,0.71,tt3530232,20,,,
Last Week Tonight,4,2017-08-13,1.933,0.82,tt3530232,21,,,
Last Week Tonight,4,2017-08-20,1.759,0.67,tt3530232,22,,,
Last Week Tonight,4,,0.968,0.36,tt3530232,23,,,
Last Week Tonight,4,,1.253,0.39,tt3530232,24,,,
Last Week Tonight,4,2017-10-01,1.273,0.43,tt3530232,25,,,
Last Week Tonight,4,2017-10-08,1.304,0.43,tt3530232,26,,,
Last Week Tonight,4,2017-10-15,1.247,0.43,tt3530232,27,,,
Last Week Tonight,4,2017-10-29,0.963,0.31,tt3530232,28,,,
Last Week Tonight,4,2017-11-05,1.010,0.34,tt3530232,29,,,
Last Week Tonight,4,2017-11-12,1.199,0.41,tt3530232,30,,,
Last Week Tonight,5,2018-02-18,1.199,0.30,tt3530232,1,,,
Last Week Tonight,5,2018-02-25,1.114,0.32,tt3530232,2,,,
Last Week Tonight,5,2018-03-04,0.940,0.30,tt3530232,3,,,
Last Week Tonight,5,2018-03-11,1.083,0.34,tt3530232,4,,,
Last Week Tonight,5,2018-03-18,1.227,0.41,tt3530232,5,,,
Last Week Tonight,5,2018-04-01,1.265,0.41,tt3530232,6,,,
Last Week Tonight,5,2018-04-08,1.134,0.35,tt3530232,7,,,
Last Week Tonight,5,2018-04-15,1.226,0.43,tt3530232,8,,,
Last Week Tonight,5,2018-04-22,1.188,0.41,tt3530232,9,,,
Last Week Tonight,5,,1.244,0.42,tt3530232,10,,,
Last Week Tonight,5,,1.027,0.33,tt3530232,11,,,
Last Week Tonight,5,,1.276,0.44,tt3530232,12,,,
Last Week Tonight,5,2018-06-03,1.141,0.40,tt3530232,13,,,
Last Week Tonight,5,2018-06-10,1.136,0.38,tt3530232,14,,,
Last Week Tonight,5,2018-06-17,1.192,0.40,tt3530232,15,,,
Last Week Tonight,5,2018-06-24,0.937,0.31,tt3530232,16,,,
Last Week Tonight,5,2018-07-01,1.122,0.34,tt3530232,17,,,
Last Week Tonight,5,2018-07-29,0.920,0.33,tt3530232,18,,,
Last Week Tonight,5,2018-08-05,0.994,0.27,tt3530232,19,,,
Last Week Tonight,5,2018-08-12,1.028,0.34,tt3530232,20,,,
Last Week Tonight,5,2018-08-19,1.169,0.38,tt3530232,21,,,
Last Week Tonight,5,,0.901,0.30,tt3530232,22,,,
Last Week Tonight,5,,1.013,0.33,tt3530232,23,,,
Last Week Tonight,5,,1.157,0.37,tt3530232,24,,,
Last Week Tonight,5,2018-10-07,0.999,0.31,tt3530232,25,,,
Last Week Tonight,5,2018-10-14,0.919,0.30,tt3530232,26,,,
Last Week Tonight,5,2018-10-28,0.918,0.27,tt3530232,27,,,
Last Week Tonight,5,2018-11-04,0.648,0.20,tt3530232,28,,,
Last Week Tonight,5,2018-11-11,0.782,0.24,tt3530232,29,,,
Last Week Tonight,5,2018-11-18,0.762,0.21,tt3530232,30,,,
Last Week Tonight,6,2019-02-17,1.028,0.27,tt3530232,1,,,
Last Week Tonight,6,2019-02-24,0.840,0.29,tt3530232,2,,,
Last Week Tonight,6,2019-03-03,0.965,0.27,tt3530232,3,,,
Last Week Tonight,6,2019-03-10,1.079,0.35,tt3530232,4,,,
Last Week Tonight,6,2019-03-17,0.946,0.26,tt3530232,5,,,
Last Week Tonight,6,2019-03-31,0.868,0.26,tt3530232,6,,,
Last Week Tonight,6,2019-04-07,0.921,0.28,tt3530232,7,,,
Last Week Tonight,6,2019-04-14,1.335,0.44,tt3530232,8,,,
Last Week Tonight,6,2019-04-21,1.307,0.47,tt3530232,9,,,
Last Week Tonight,6,,1.204,0.43,tt3530232,10,,,
Last Week Tonight,6,,1.158,0.43,tt3530232,11,,,
Last Week Tonight,6,,1.627,0.58,tt3530232,12,,,
Last Week Tonight,6,2019-06-02,0.902,0.31,tt3530232,13,,,
Last Week Tonight,6,2019-06-09,0.772,0.24,tt3530232,14,,,
Last Week Tonight,6,2019-06-16,0.915,0.27,tt3530232,15,,,
Last Week Tonight,6,2019-06-23,0.918,0.28,tt3530232,16,,,
Last Week Tonight,6,2019-06-30,0.843,0.25,tt3530232,17,,,
Last Week Tonight,6,2019-07-28,0.709,0.19,tt3530232,18,,,
Last Week Tonight,6,2019-08-04,0.810,0.24,tt3530232,19,,,
Last Week Tonight,6,2019-08-11,0.846,0.26,tt3530232,20,,,
Last Week Tonight,6,2019-08-18,0.916,0.29,tt3530232,21,,,
Last Week Tonight,6,,0.744,0.22,tt3530232,22,,,
Last Week Tonight,6,,0.646,0.17,tt3530232,23,,,
Last Week Tonight,6,,0.817,0.25,tt3530232,24,,,
Last Week Tonight,6,2019-10-06,0.812,0.23,tt3530232,25,,,
Last Week Tonight,6,2019-10-13,0.780,0.23,tt3530232,26,,,
Last Week Tonight,6,2019-10-27,0.890,0.25,tt3530232,27,,,
Last Week Tonight,6,2019-11-03,0.722,0.19,tt3530232,28,,,
Last Week Tonight,6,2019-11-10,0.734,0.22,tt3530232,29,,,
Last Week Tonight,6,2019-11-17,0.875,0.25,tt3530232,30,,,
Last Week Tonight,7,2020-02-16,0.817,0.16,tt3530232,1,,,
Last Week Tonight,7,2020-02-23,0.753,0.20,tt3530232,2,,,
Last Week Tonight,7,2020-03-01,0.929,0.28,tt3530232,3,,,
Last Week Tonight,7,2020-03-08,0.954,0.27,tt3530232,4,,,
Last Week Tonight,7,2020-03-15,0.890,0.23,tt3530232,5,,,
Last Week Tonight,7,2020-03-29,0.973,0.25,tt3530232,6,,,
Last Week Tonight,7,2020-04-05,0.965,0.25,tt3530232,7,,,
Last Week Tonight,7,2020-04-12,0.912,0.26,tt3530232,8,,,
Last Week Tonight,7,2020-04-19,1.044,0.27,tt3530232,9,,,
Last Week Tonight,7,,0.947,0.25,tt3530232,10,,,
Last Week Tonight,7,,0.834,0.23,tt3530232,11,,,
Last Week Tonight,7,,0.902,0.21,tt3530232,12,,,
Last Week Tonight,7,,0.829,0.26,tt3530232,13,,,
Last Week Tonight,7,2020-06-07,0.798,0.21,tt3530232,14,,,
Last Week Tonight,7,2020-06-14,0.668,0.19,tt3530232,15,,,
Last Week Tonight,7,2020-06-21,0.857,0.19,tt3530232,16,,,
Last Week Tonight,7,2020-06-28,0.880,0.22,tt3530232,17,,,
Last Week Tonight,7,2020-07-19,0.860,0.20,tt3530232,18,,,
Last Week Tonight,7,2020-07-26,0.726,0.17,tt3530232,19,,,
Last Week Tonight,7,2020-08-02,0.881,0.22,tt3530232,20,,,
Last Week Tonight,7,2020-08-16,0.658,0.16,tt3530232,21,,,
Last Week Tonight,7,2020-08-23,0.823,0.21,tt3530232,22,,,
Last Week Tonight,7,2020-08-30,0.833,0.20,tt3530232,23,,,
Last Week Tonight,7,,0.754,0.23,tt3530232,24,,,
Last Week Tonight,7,2020-10-04,0.728,0.20,tt3530232,25,,,
Last Week Tonight,7,2020-10-18,0.805,0.21,tt3530232,26,,,
Last Week Tonight,7,2020-10-25,0.875,0.22,tt3530232,27,,,
Last Week Tonight,7,2020-11-01,0.688,0.15,tt3530232,28,,,
Last Week Tonight,7,2020-11-08,1.060,0.29,tt3530232,29,,,
Last Week Tonight,7,2020-11-15,0.930,0.22,tt3530232,30,,,
Last Week Tonight,8,2021-02-14,0.689,0.13,tt3530232,1,,,
Last Week Tonight,8,2021-02-21,0.751,0.18,tt3530232,2,,,
Last Week Tonight,8,2021-02-28,0.659,0.15,tt3530232,3,,,
Last Week Tonight,8,2021-03-07,0.590,0.10,tt3530232,4,,,
Last Week Tonight,8,2021-03-14,0.572,0.11,tt3530232,5,,,
Last Week Tonight,8,2021-03-21,0.690,0.19,tt3530232,6,,,
Last Week Tonight,8,2021-04-04,0.728,0.19,tt3530232,7,,,
Last Week Tonight,8,2021-04-11,0.721,0.16,tt3530232,8,,,
Last Week Tonight,8,2021-04-18,0.685,0.18,tt3530232,9,,,
Last Week Tonight,8,,0.849,0.21,tt3530232,10,,,
Last Week Tonight,8,,0.742,0.16,tt3530232,11,,,
Last Week Tonight,8,,0.805,0.18,tt3530232,12,,,
Last Week Tonight,8,,0.773,0.18,tt3530232,13,,,
Last Week Tonight,8,2021-06-06,0.647,0.16,tt3530232,14,,,
Last Week Tonight,8,2021-06-13,0.637,0.16,tt3530232,15,,,
Last Week Tonight,8,2021-06-20,0.636,0.14,tt3530232,16,,,
Last Week Tonight,8,2021-06-27,0.562,0.14,tt3530232,17,,,
Last Week Tonight,8,2021-07-25,0.439,0.08,tt3530232,18,,,
Last Week Tonight,8,2021-08-01,0.512,0.14,tt3530232,19,,,
Last Week Tonight,8,2021-08-08,0.568,0.10,tt3530232,20,,,
Last Week Tonight,8,2021-08-15,0.550,0.12,tt3530232,21,,,
Last Week Tonight,8,2021-08-22,0.607,0.16,tt3530232,22,,,
Last Week Tonight,8,,0.597,0.15,tt3530232,23,,,
Last Week Tonight,8,,0.559,0.13,tt3530232,24,,,
Last Week Tonight,8,2021-10-03,0.425,0.10,tt3530232,25,,,
Last Week Tonight,8,2021-10-10,0.421,0.08,tt3530232,26,,,
Last Week Tonight,8,2021-10-24,0.559,0.12,tt3530232,27,,,
Last Week Tonight,8,2021-10-31,0.434,0.07,tt3530232,28,,,
Last Week Tonight,8,2021-11-07,0.475,0.09,tt3530232,29,,,
Last Week Tonight,8,2021-11-14,0.560,0.10,tt3530232,30,,,
Last Week Tonight,9,2022-02-20,0.592,0.12,tt3530232,1,,,
Last Week Tonight,9,2022-02-27,0.480,0.08,tt3530232,2,,,
Last Week Tonight,9,2022-03-06,0.581,0.14,tt3530232,3,,,
Last Week Tonight,9,2022-03-13,0.664,0.15,tt3530232,4,,,
Last Week Tonight,9,2022-03-27,0.466,0.07,tt3530232,5,,,
Last Week Tonight,9,2022-04-03,0.477,0.11,tt3530232,6,,,
Last Week Tonight,9,2022-04-10,0.496,0.09,tt3530232,7,,,
Last Week Tonight,9,2022-04-17,0.662,0.19,tt3530232,8,,,
Last Week Tonight,9,,0.571,0.14,tt3530232,9,,,
Last Week Tonight,9,,0.567,0.12,tt3530232,10,,,
Last Week Tonight,9,,0.520,0.10,tt3530232,11,,,
Last Week Tonight,9,,0.456,0.10,tt3530232,12,,,
Last Week Tonight,9,2022-06-05,0.469,0.08,tt3530232,13,,,
Last Week Tonight,9,2022-06-12,0.423,0.06,tt3530232,14,,,
Last Week Tonight,9,2022-06-19,0.505,0.13,tt3530232,15,,,
Last Week Tonight,9,2022-06-26,0.469,0.09,tt3530232,16,,,
Last Week Tonight,9,2022-07-24,0.473,0.10,tt3530232,17,,,
Last Week Tonight,9,2022-07-31,0.458,0.08,tt3530232,18,,,
Last Week Tonight,9,2022-08-07,0.577,0.14,tt3530232,19,,,
Last Week Tonight,9,2022-08-14,0.554,0.12,tt3530232,20,,,
Last Week Tonight,9,2022-08-21,0.628,0.14,tt3530232,21,,,
Last Week Tonight,9,,0.568,0.09,tt3530232,22,,,
Last Week Tonight,9,,0.523,0.11,tt3530232,23,,,
Last Week Tonight,9,2022-10-02,0.480,0.07,tt3530232,24,,,
Last Week Tonight,9,2022-10-09,0.495,0.10,tt3530232,25,,,
Last Week Tonight,9,2022-10-16,0.501,0.12,tt3530232,26,,,
Last Week Tonight,9,2022-10-30,0.455,0.08,tt3530232,27,,,
Last Week Tonight,9,2022-11-06,0.381,0.08,tt3530232,28,,,
Last Week Tonight,9,2022-11-13,0.455,0.08,tt3530232,29,,,
Last Week Tonight,9,2022-11-20,0.387,0.07,tt3530232,30,,,
Bitten,1,2014-01-13,0.839,0.25,tt2365946,1,1.0,1.0,tt2892770
Bitten,1,2014-01-20,0.636,0.21,tt2365946,2,1.0,2.0,tt3118000
Bitten,1,2014-01-27,0.936,0.27,tt2365946,3,1.0,3.0,tt3045796
Bitten,1,2014-02-03,0.826,0.32,tt2365946,4,1.0,4.0,tt2924732
Bitten,1,2014-02-10,0.750,0.30,tt2365946,5,1.0,5.0,tt3118030
Bitten,1,2014-02-17,0.829,0.30,tt2365946,6,1.0,6.0,tt3118074
Bitten,1,2014-02-24,0.691,0.24,tt2365946,7,1.0,7.0,tt3091600
Bitten,1,2014-03-03,0.738,0.26,tt2365946,8,1.0,8.0,tt3045798
Bitten,1,2014-03-10,0.930,0.35,tt2365946,9,1.0,9.0,tt3118108
Bitten,1,2014-03-17,0.729,0.26,tt2365946,10,1.0,10.0,tt3118112
Bitten,1,2014-03-24,0.660,0.21,tt2365946,11,1.0,11.0,tt3118116
Bitten,1,2014-03-31,0.764,0.31,tt2365946,12,1.0,12.0,tt3118122
Bitten,1,2014-04-07,0.813,0.25,tt2365946,13,1.0,13.0,tt3118142
Bitten,2,2015-04-17,0.439,0.13,tt2365946,1,2.0,1.0,tt3752738
Bitten,2,2015-04-17,0.561,0.13,tt2365946,2,2.0,2.0,tt3752740
Bitten,2,2015-04-24,0.587,0.18,tt2365946,3,2.0,3.0,tt3752742
Bitten,2,,0.473,0.11,tt2365946,4,2.0,4.0,tt3752744
Bitten,2,,0.486,0.15,tt2365946,5,2.0,5.0,tt3752752
Bitten,2,,0.588,0.20,tt2365946,6,2.0,6.0,tt3752754
Bitten,2,,0.469,0.15,tt2365946,7,2.0,7.0,tt3752756
Bitten,2,,0.383,0.12,tt2365946,8,2.0,8.0,tt3752758
Bitten,2,2015-06-05,0.537,0.21,tt2365946,9,2.0,9.0,tt3752762
Bitten,2,2015-06-05,0.491,0.16,tt2365946,10,2.0,10.0,tt3752764
Bitten,3,2016-02-15,0.466,0.14,tt2365946,1,3.0,1.0,tt4852488
Bitten,3,2016-02-22,0.355,0.10,tt2365946,2,3.0,2.0,tt5459606
Bitten,3,2016-02-29,0.372,0.09,tt2365946,3,3.0,3.0,tt5459608
Bitten,3,2016-03-07,0.322,0.11,tt2365946,4,3.0,4.0,tt5515060
Bitten,3,2016-03-14,0.366,0.09,tt2365946,5,3.0,5.0,tt5149052
Bitten,3,2016-03-21,0.339,0.08,tt2365946,6,3.0,6.0,tt5525036
Bitten,3,2016-03-28,0.239,0.07,tt2365946,7,3.0,7.0,tt5525048
Bitten,3,2016-04-04,0.373,0.08,tt2365946,8,3.0,8.0,tt5535984
Bitten,3,2016-04-18,0.354,0.07,tt2365946,9,3.0,9.0,tt5609838
Bitten,3,2016-04-25,0.302,0.08,tt2365946,10,3.0,10.0,tt5637772
The Magicians,1,2016-01-25,1.057,0.39,tt4254242,1,1.0,1.0,tt4917582
The Magicians,1,2016-01-25,1.113,0.41,tt4254242,2,1.0,2.0,tt4976372
The Magicians,1,2016-02-01,0.901,0.35,tt4254242,3,1.0,3.0,tt4976402
The Magicians,1,2016-02-08,0.745,0.28,tt4254242,4,1.0,4.0,tt4976436
The Magicians,1,2016-02-15,0.748,0.27,tt4254242,5,1.0,5.0,tt5140284
The Magicians,1,2016-02-22,0.647,0.27,tt4254242,6,1.0,6.0,tt5128652
The Magicians,1,2016-02-29,0.702,0.25,tt4254242,7,1.0,7.0,tt5140326
The Magicians,1,2016-03-07,0.672,0.27,tt4254242,8,1.0,8.0,tt5081416
The Magicians,1,2016-03-14,0.712,0.28,tt4254242,9,1.0,9.0,tt5140362
The Magicians,1,2016-03-21,0.778,0.32,tt4254242,10,1.0,10.0,tt5140366
The Magicians,1,2016-03-28,0.723,0.28,tt4254242,11,1.0,11.0,tt5277068
The Magicians,1,2016-04-04,0.746,0.28,tt4254242,12,1.0,12.0,tt5277074
The Magicians,1,2016-04-11,0.676,0.27,tt4254242,13,1.0,13.0,tt5346642
The Magicians,2,2017-01-25,1.288,0.52,tt4254242,1,2.0,1.0,tt5451048
The Magicians,2,2017-02-01,0.944,0.37,tt4254242,2,2.0,2.0,tt5841038
The Magicians,2,2017-02-08,0.913,0.35,tt4254242,3,2.0,3.0,tt6052166
The Magicians,2,2017-02-15,0.778,0.29,tt4254242,4,2.0,4.0,tt5890464
The Magicians,2,2017-02-22,0.884,0.36,tt4254242,5,2.0,5.0,tt6226038
The Magicians,2,2017-03-01,0.782,0.32,tt4254242,6,2.0,6.0,tt6342500
The Magicians,2,2017-03-08,0.626,0.24,tt4254242,7,2.0,7.0,tt6023464
The Magicians,2,2017-03-15,0.708,0.29,tt4254242,8,2.0,8.0,tt6040386
The Magicians,2,2017-03-22,0.611,0.25,tt4254242,9,2.0,9.0,tt6292532
The Magicians,2,2017-03-29,0.724,0.26,tt4254242,10,2.0,10.0,tt6292534
The Magicians,2,2017-04-05,0.650,0.24,tt4254242,11,2.0,11.0,tt6285258
The Magicians,2,2017-04-12,0.671,0.26,tt4254242,12,2.0,12.0,tt6267930
The Magicians,2,2017-04-19,0.667,0.27,tt4254242,13,2.0,13.0,tt6292536
The Magicians,3,2018-01-10,0.782,0.30,tt4254242,1,3.0,1.0,tt6772460
The Magicians,3,2018-01-17,0.762,0.29,tt4254242,2,3.0,2.0,tt7708384
The Magicians,3,2018-01-24,0.607,0.22,tt4254242,3,3.0,3.0,tt7238702
The Magicians,3,2018-01-31,0.669,0.28,tt4254242,4,3.0,4.0,tt7577234
The Magicians,3,2018-02-07,0.795,0.26,tt4254242,5,3.0,5.0,tt7344002
The Magicians,3,2018-02-14,0.674,0.26,tt4254242,6,3.0,6.0,tt7468114
The Magicians,3,2018-02-21,0.636,0.23,tt4254242,7,3.0,7.0,tt7708402
The Magicians,3,2018-02-28,0.732,0.28,tt4254242,8,3.0,8.0,tt7416408
The Magicians,3,2018-03-07,0.720,0.27,tt4254242,9,3.0,9.0,tt7913328
The Magicians,3,2018-03-14,0.702,0.28,tt4254242,10,3.0,10.0,tt7582342
The Magicians,3,2018-03-21,0.766,0.29,tt4254242,11,3.0,11.0,tt7913330
The Magicians,3,2018-03-28,0.732,0.28,tt4254242,12,3.0,12.0,tt7708408
The Magicians,3,2018-04-04,0.659,0.24,tt4254242,13,3.0,13.0,tt6772466
The Magicians,4,2019-01-23,0.611,0.19,tt4254242,1,4.0,1.0,tt8306132
The Magicians,4,2019-01-30,0.534,0.19,tt4254242,2,4.0,2.0,tt8499360
The Magicians,4,2019-02-06,0.615,0.20,tt4254242,3,4.0,3.0,tt8717710
The Magicians,4,2019-02-13,0.573,0.20,tt4254242,4,4.0,4.0,tt8937102
The Magicians,4,2019-02-20,0.531,0.21,tt4254242,5,4.0,5.0,tt8846878
The Magicians,4,2019-02-27,0.534,0.17,tt4254242,6,4.0,6.0,tt9429500
The Magicians,4,2019-03-06,0.517,0.18,tt4254242,7,4.0,7.0,tt8390532
The Magicians,4,2019-03-13,0.534,0.19,tt4254242,8,4.0,8.0,tt9031286
The Magicians,4,2019-03-20,0.498,0.16,tt4254242,9,4.0,9.0,tt9085032
The Magicians,4,2019-03-27,0.515,0.19,tt4254242,10,4.0,10.0,tt9079692
The Magicians,4,2019-04-03,0.505,0.16,tt4254242,11,4.0,11.0,tt9429674
The Magicians,4,2019-04-10,0.560,0.20,tt4254242,12,4.0,12.0,tt9217042
The Magicians,4,2019-04-17,0.501,0.21,tt4254242,13,4.0,13.0,tt9435298
The Magicians,5,2020-01-15,0.429,0.15,tt4254242,1,5.0,1.0,tt10203844
The Magicians,5,2020-01-22,0.355,0.09,tt4254242,2,5.0,2.0,tt10203846
The Magicians,5,2020-01-29,0.374,0.11,tt4254242,3,5.0,3.0,tt10203848
The Magicians,5,2020-02-05,0.338,0.14,tt4254242,4,5.0,4.0,tt10203852
The Magicians,5,2020-02-12,0.335,0.09,tt4254242,5,5.0,5.0,tt10203850
The Magicians,5,2020-02-12,0.261,0.07,tt4254242,6,5.0,6.0,tt10203854
The Magicians,5,2020-02-19,0.328,0.10,tt4254242,7,5.0,7.0,tt10203856
The Magicians,5,2020-02-26,0.308,0.10,tt4254242,8,5.0,8.0,tt10203858
The Magicians,5,2020-03-04,0.376,0.12,tt4254242,9,5.0,9.0,tt10203860
The Magicians,5,2020-03-11,0.308,0.07,tt4254242,10,5.0,10.0,tt10203864
The Magicians,5,2020-03-18,0.369,0.14,tt4254242,11,5.0,11.0,tt10203866
The Magicians,5,2020-03-25,0.379,0.12,tt4254242,12,5.0,12.0,tt10203874
The Magicians,5,2020-04-01,0.432,0.14,tt4254242,13,5.0,13.0,tt10203872
Better Things,1,,0.671,0.31,tt4370596,1,1.0,1.0,tt5708688
Better Things,1,,0.570,0.21,tt4370596,2,1.0,2.0,tt5711068
Better Things,1,,0.382,0.16,tt4370596,3,1.0,3.0,tt5711076
Better Things,1,,0.455,0.15,tt4370596,4,1.0,4.0,tt5716672
Better Things,1,2016-10-06,0.439,0.20,tt4370596,5,1.0,5.0,tt5716674
Better Things,1,2016-10-13,0.406,0.15,tt4370596,6,1.0,6.0,tt5716676
Better Things,1,2016-10-20,0.460,0.22,tt4370596,7,1.0,7.0,tt5716688
Better Things,1,2016-10-27,0.381,0.16,tt4370596,8,1.0,8.0,tt5716698
Better Things,1,2016-11-03,0.426,0.15,tt4370596,9,1.0,9.0,tt5716704
Better Things,1,2016-11-10,0.547,0.24,tt4370596,10,1.0,10.0,tt5712012
Better Things,2,,0.528,0.17,tt4370596,1,2.0,1.0,tt6080486
Better Things,2,,0.492,0.19,tt4370596,2,2.0,2.0,tt6270792
Better Things,2,,0.498,0.17,tt4370596,3,2.0,3.0,tt6270794
Better Things,2,2017-10-05,0.377,0.11,tt4370596,4,2.0,4.0,tt6333522
Better Things,2,2017-10-12,0.520,0.18,tt4370596,5,2.0,5.0,tt6333520
Better Things,2,2017-10-19,0.502,0.16,tt4370596,6,2.0,6.0,tt6364824
Better Things,2,2017-10-26,0.414,0.12,tt4370596,7,2.0,7.0,tt6364828
Better Things,2,2017-11-02,0.426,0.13,tt4370596,8,2.0,8.0,tt6364826
Better Things,2,2017-11-09,0.499,0.17,tt4370596,9,2.0,9.0,tt6364832
Better Things,2,2017-11-16,0.336,0.12,tt4370596,10,2.0,10.0,tt6220364
Better Things,3,2019-02-28,0.450,0.19,tt4370596,1,3.0,1.0,tt7531854
Better Things,3,2019-03-07,0.353,0.11,tt4370596,2,3.0,2.0,tt8161930
Better Things,3,2019-03-14,0.337,0.13,tt4370596,3,3.0,3.0,tt8161932
Better Things,3,2019-03-21,0.313,0.10,tt4370596,4,3.0,4.0,tt8161938
Better Things,3,2019-03-28,0.365,0.13,tt4370596,5,3.0,5.0,tt8161942
Better Things,3,2019-04-04,0.418,0.15,tt4370596,6,3.0,6.0,tt8161944
Better Things,3,2019-04-11,0.274,0.08,tt4370596,7,3.0,7.0,tt8161948
Better Things,3,2019-04-18,0.364,0.13,tt4370596,8,3.0,8.0,tt8161950
Better Things,3,2019-04-25,0.256,0.08,tt4370596,9,3.0,9.0,tt8161954
Better Things,3,,0.342,0.13,tt4370596,10,3.0,10.0,tt7532436
Better Things,3,,0.242,0.08,tt4370596,11,3.0,11.0,tt9089588
Better Things,3,,0.289,0.09,tt4370596,12,3.0,12.0,tt8844878
Better Things,4,2020-03-05,0.302,0.10,tt4370596,1,4.0,1.0,tt10085520
Better Things,4,2020-03-05,0.163,0.06,tt4370596,2,4.0,2.0,tt11166672
Better Things,4,2020-03-12,0.496,0.17,tt4370596,3,4.0,3.0,tt11147004
Better Things,4,2020-03-19,0.268,0.11,tt4370596,4,4.0,4.0,tt11166674
Better Things,4,2020-03-26,0.351,0.14,tt4370596,5,4.0,5.0,tt11166676
Better Things,4,2020-04-02,0.283,0.12,tt4370596,6,4.0,6.0,tt11327172
Better Things,4,2020-04-09,0.287,0.11,tt4370596,7,4.0,7.0,tt11327174
Better Things,4,2020-04-16,0.353,0.13,tt4370596,8,4.0,8.0,tt11327178
Better Things,4,2020-04-23,0.251,0.08,tt4370596,9,4.0,9.0,tt11327180
Better Things,4,2020-04-30,0.186,0.06,tt4370596,10,4.0,10.0,tt11327182
Dominion,1,2014-06-19,1.961,0.63,tt3079768,1,1.0,1.0,tt3396696
Dominion,1,2014-06-26,1.446,0.40,tt3079768,2,1.0,2.0,tt3592770
Dominion,1,2014-07-03,1.692,0.44,tt3079768,3,1.0,3.0,tt3815940
Dominion,1,2014-07-10,1.620,0.45,tt3079768,4,1.0,4.0,tt3839020
Dominion,1,2014-07-17,1.583,0.5,tt3079768,5,1.0,5.0,tt3862298
Dominion,1,2014-07-24,1.540,0.4,tt3079768,6,1.0,6.0,tt3868420
Dominion,1,2014-07-31,1.492,0.45,tt3079768,7,1.0,7.0,tt3875124
Dominion,1,2014-08-07,1.537,0.48,tt3079768,8,1.0,8.0,tt3894452
Dominion,2,2015-07-09,1.059,0.26,tt3079768,1,2.0,1.0,tt4552116
Dominion,2,2015-07-16,1.020,0.30,tt3079768,2,2.0,2.0,tt4552148
Dominion,2,2015-07-23,0.983,0.31,tt3079768,3,2.0,3.0,tt4552460
Dominion,2,2015-07-30,1.048,0.33,tt3079768,4,2.0,4.0,tt4558398
Dominion,2,2015-08-06,0.941,0.27,tt3079768,5,2.0,5.0,tt4558414
Dominion,2,2015-08-13,0.919,0.23,tt3079768,6,2.0,6.0,tt4558430
Dominion,2,2015-08-20,0.837,0.26,tt3079768,7,2.0,7.0,tt4569912
Dominion,2,2015-08-27,0.749,0.21,tt3079768,8,2.0,8.0,tt4569926
Dominion,2,,0.771,0.17,tt3079768,9,2.0,9.0,tt4569932
Dominion,2,,0.836,0.28,tt3079768,10,2.0,10.0,tt4650488
Dominion,2,,0.641,0.16,tt3079768,11,2.0,11.0,tt4677042
Dominion,2,,0.769,0.25,tt3079768,12,2.0,12.0,tt4677048
Dominion,2,2015-10-01,0.721,0.20,tt3079768,13,2.0,13.0,tt4677058
Franklin & Bash,1,2011-06-01,2.746,0.9,tt1600199,1,1.0,1.0,tt1668967
Franklin & Bash,1,2011-06-08,2.608,0.8,tt1600199,2,1.0,2.0,tt1738506
Franklin & Bash,1,2011-06-15,2.880,0.9,tt1600199,3,1.0,3.0,tt1749719
Franklin & Bash,1,2011-06-22,2.761,1.0,tt1600199,4,1.0,4.0,tt1969561
Franklin & Bash,1,2011-06-29,2.541,0.8,tt1600199,5,1.0,5.0,tt1785906
Franklin & Bash,1,2013-07-06,2.580,0.9,tt1600199,6,1.0,6.0,tt1785905
Franklin & Bash,1,2013-07-13,2.547,0.7,tt1600199,7,1.0,7.0,tt1757110
Franklin & Bash,1,2013-07-20,2.341,0.8,tt1600199,8,1.0,8.0,tt1757111
Franklin & Bash,1,2013-07-27,2.844,0.9,tt1600199,9,1.0,9.0,tt1781215
Franklin & Bash,1,2011-08-03,2.544,0.8,tt1600199,10,1.0,10.0,tt1870001
Franklin & Bash,2,2012-06-05,3.070,0.9,tt1600199,1,2.0,1.0,tt1870002
Franklin & Bash,2,2012-06-12,2.891,0.7,tt1600199,2,2.0,2.0,tt1868520
Franklin & Bash,2,2012-06-19,2.952,0.7,tt1600199,3,2.0,3.0,tt2114700
Franklin & Bash,2,2012-06-26,3.571,1.0,tt1600199,4,2.0,4.0,tt2113290
Franklin & Bash,2,2012-07-03,3.195,0.8,tt1600199,5,2.0,5.0,tt2124117
Franklin & Bash,2,2012-07-10,2.720,0.9,tt1600199,6,2.0,6.0,tt2134989
Franklin & Bash,2,2012-07-17,2.876,0.7,tt1600199,7,2.0,7.0,tt2174515
Franklin & Bash,2,2012-07-24,2.538,0.7,tt1600199,8,2.0,8.0,tt2227459
Franklin & Bash,2,2012-07-31,2.164,0.6,tt1600199,9,2.0,9.0,tt2276409
Franklin & Bash,2,2012-08-14,2.824,0.9,tt1600199,10,2.0,10.0,tt2286395
Franklin & Bash,3,2013-06-19,1.966,0.6,tt1600199,1,3.0,1.0,tt2423882
Franklin & Bash,3,2013-06-26,2.198,0.6,tt1600199,2,3.0,2.0,tt2710180
Franklin & Bash,3,2013-07-03,2.185,0.6,tt1600199,3,3.0,3.0,tt2756050
Franklin & Bash,3,2013-07-10,2.177,0.6,tt1600199,4,3.0,4.0,tt2737724
Franklin & Bash,3,2013-07-17,1.961,0.6,tt1600199,5,3.0,5.0,tt3040846
Franklin & Bash,3,2013-07-24,2.139,0.7,tt1600199,6,3.0,6.0,tt2796434
Franklin & Bash,3,2013-07-31,2.302,0.7,tt1600199,7,3.0,7.0,tt2954730
Franklin & Bash,3,2013-08-07,2.057,0.6,tt1600199,8,3.0,8.0,tt2893196
Franklin & Bash,3,2013-08-14,2.165,0.6,tt1600199,9,3.0,9.0,tt3005324
Franklin & Bash,4,2014-08-13,1.246,0.28,tt1600199,1,4.0,1.0,tt3268928
Franklin & Bash,4,2014-08-20,1.201,0.35,tt1600199,2,4.0,2.0,tt3505932
Franklin & Bash,4,2014-08-27,1.289,0.32,tt1600199,3,4.0,3.0,tt3558036
Franklin & Bash,4,,1.249,0.33,tt1600199,4,4.0,4.0,tt3727926
Franklin & Bash,4,,1.266,0.32,tt1600199,5,4.0,5.0,tt3597634
Franklin & Bash,4,,1.520,0.40,tt1600199,6,4.0,6.0,tt3699050
Franklin & Bash,4,,1.168,0.26,tt1600199,7,4.0,7.0,tt3662220
Franklin & Bash,4,2014-10-01,0.793,0.25,tt1600199,8,4.0,8.0,tt3729732
Franklin & Bash,4,2014-10-15,0.876,0.25,tt1600199,9,4.0,9.0,tt3691712
Franklin & Bash,4,2014-10-22,0.975,0.40,tt1600199,10,4.0,10.0,tt3717716
Into the Badlands,1,2015-11-15,6.390,3.15,tt3865236,1,1.0,1.0,tt4228740
Into the Badlands,1,2015-11-22,4.828,2.27,tt3865236,2,1.0,2.0,tt4259764
Into the Badlands,1,2015-11-29,5.166,2.46,tt3865236,3,1.0,3.0,tt4259770
Into the Badlands,1,2015-12-06,2.424,1.06,tt3865236,4,1.0,4.0,tt4259768
Into the Badlands,1,2015-12-13,2.209,0.96,tt3865236,5,1.0,5.0,tt4259788
Into the Badlands,1,2015-12-20,2.159,0.83,tt3865236,6,1.0,6.0,tt4259790
Into the Badlands,2,2017-03-19,3.435,1.42,tt3865236,1,2.0,1.0,tt5543760
Into the Badlands,2,2017-03-26,3.413,1.49,tt3865236,2,2.0,2.0,tt5982130
Into the Badlands,2,2017-04-02,3.113,1.36,tt3865236,3,2.0,3.0,tt6080216
Into the Badlands,2,2017-04-09,1.574,0.58,tt3865236,4,2.0,4.0,tt6131028
Into the Badlands,2,2017-04-16,1.416,0.52,tt3865236,5,2.0,5.0,tt6118712
Into the Badlands,2,2017-04-23,1.311,0.48,tt3865236,6,2.0,6.0,tt6131030
Into the Badlands,2,2017-04-30,1.415,0.51,tt3865236,7,2.0,7.0,tt6131032
Into the Badlands,2,,1.293,0.50,tt3865236,8,2.0,8.0,tt6131034
Into the Badlands,2,,1.562,0.56,tt3865236,9,2.0,9.0,tt6131038
Into the Badlands,2,,1.369,0.47,tt3865236,10,2.0,10.0,tt5543764
Into the Badlands,3,2018-04-22,1.349,0.45,tt3865236,1,3.0,1.0,tt6918906
Into the Badlands,3,2018-04-29,1.265,0.44,tt3865236,2,3.0,2.0,tt7430690
Into the Badlands,3,,0.968,0.33,tt3865236,3,3.0,3.0,tt7758138
Into the Badlands,3,,1.199,0.39,tt3865236,4,3.0,4.0,tt7725474
Into the Badlands,3,,1.078,0.38,tt3865236,5,3.0,5.0,tt7568874
Into the Badlands,3,2018-06-03,0.921,0.26,tt3865236,6,3.0,6.0,tt7668568
Into the Badlands,3,2018-06-10,1.056,0.32,tt3865236,7,3.0,7.0,tt7843546
Into the Badlands,3,2018-06-17,0.894,0.29,tt3865236,8,3.0,8.0,tt7843548
Into the Badlands,3,2019-03-24,1.249,0.42,tt3865236,9,3.0,9.0,tt7843550
Into the Badlands,3,2019-03-25,0.591,0.17,tt3865236,10,3.0,10.0,tt7843552
Into the Badlands,3,2019-04-01,0.609,0.17,tt3865236,11,3.0,11.0,tt7843558
Into the Badlands,3,2019-04-08,0.413,0.14,tt3865236,12,3.0,12.0,tt7843560
Into the Badlands,3,2019-04-15,0.400,0.10,tt3865236,13,3.0,13.0,tt7843562
Into the Badlands,3,2019-04-22,0.653,0.24,tt3865236,14,3.0,14.0,tt7843566
Into the Badlands,3,2019-04-29,0.503,0.16,tt3865236,15,3.0,15.0,tt7843568
Into the Badlands,3,,0.463,0.13,tt3865236,16,3.0,16.0,tt7843570
Men of a Certain Age,1,2009-12-07,5.397,1.6,tt1242441,1,1.0,1.0,tt1489451
Men of a Certain Age,1,2009-12-14,4.425,1.3,tt1242441,2,1.0,2.0,tt1489450
Men of a Certain Age,1,2009-12-21,3.696,1.1,tt1242441,3,1.0,3.0,tt1492020
Men of a Certain Age,1,2009-12-28,3.123,0.9,tt1242441,4,1.0,4.0,tt1502091
Men of a Certain Age,1,2010-01-04,3.096,1.0,tt1242441,5,1.0,5.0,tt1492021
Men of a Certain Age,1,2010-01-11,2.868,1.0,tt1242441,6,1.0,6.0,tt1511798
Men of a Certain Age,1,2010-01-25,2.346,0.8,tt1242441,7,1.0,7.0,tt1512386
Men of a Certain Age,1,2010-02-01,2.259,0.6,tt1242441,8,1.0,8.0,tt1534204
Men of a Certain Age,1,2010-02-15,2.068,0.6,tt1242441,9,1.0,9.0,tt1534205
Men of a Certain Age,1,2010-02-22,2.642,0.9,tt1242441,10,1.0,10.0,tt1603646
Men of a Certain Age,2,2010-12-06,2.404,0.6,tt1242441,1,2.0,1.0,tt1637341
Men of a Certain Age,2,2010-12-13,2.197,0.5,tt1242441,2,2.0,2.0,tt1637343
Men of a Certain Age,2,2010-12-20,2.314,0.5,tt1242441,3,2.0,3.0,tt1637344
Men of a Certain Age,2,2010-12-27,2.318,0.5,tt1242441,4,2.0,4.0,tt1637345
Men of a Certain Age,2,2011-01-03,2.110,0.4,tt1242441,5,2.0,5.0,tt1637346
Men of a Certain Age,2,2011-01-10,1.630,0.5,tt1242441,6,2.0,6.0,tt1637347
Men of a Certain Age,2,2011-06-01,1.846,0.4,tt1242441,7,2.0,7.0,tt1637348
Men of a Certain Age,2,2011-06-08,1.347,0.4,tt1242441,8,2.0,8.0,tt1637349
Men of a Certain Age,2,2011-06-15,1.438,0.4,tt1242441,9,2.0,9.0,tt1637350
Men of a Certain Age,2,2011-06-22,1.598,0.4,tt1242441,10,2.0,10.0,tt1637342
Men of a Certain Age,2,2011-06-29,1.502,0.3,tt1242441,11,2.0,11.0,tt1694844
Men of a Certain Age,2,2011-07-06,1.786,0.4,tt1242441,12,2.0,12.0,tt1694845
In The Long Run,1,2019-11-01,0.022,0.00,tt7464074,1,1.0,1.0,tt7744792
In The Long Run,1,2019-11-01,0.013,0.00,tt7464074,2,1.0,2.0,tt7744798
In The Long Run,1,2019-11-08,0.035,0.01,tt7464074,3,1.0,3.0,tt7745014
In The Long Run,1,2019-11-08,0.034,0.01,tt7464074,4,1.0,4.0,tt7745906
In The Long Run,1,2019-11-15,0.029,0.01,tt7464074,5,1.0,5.0,tt7745024
In The Long Run,1,2019-11-15,0.020,0.01,tt7464074,6,1.0,6.0,tt7746464
In The Long Run,2,2019-12-06,0.028,0.01,tt7464074,1,2.0,1.0,tt9048742
In The Long Run,2,2019-12-06,0.038,0.02,tt7464074,2,2.0,2.0,tt10499700
In The Long Run,2,2019-12-13,0.030,0.01,tt7464074,3,2.0,3.0,tt10230678
In The Long Run,2,2019-12-13,0.022,0.01,tt7464074,4,2.0,4.0,tt10499704
In The Long Run,2,2019-12-20,0.014,0.01,tt7464074,5,2.0,5.0,tt10400606
In The Long Run,2,2019-12-20,0.016,0.01,tt7464074,6,2.0,6.0,tt10499706
In The Long Run,2,2019-12-20,0.018,0.01,tt7464074,7,2.0,7.0,tt11355144
In The Long Run,3,2021-01-03,0.177,0.05,tt7464074,1,3.0,1.0,tt10499708
In The Long Run,3,2021-01-10,0.066,0.02,tt7464074,2,3.0,2.0,tt10515910
In The Long Run,3,2021-01-17,0.041,0.02,tt7464074,3,3.0,3.0,tt10515914
In The Long Run,3,2021-01-24,0.059,0.03,tt7464074,4,3.0,4.0,tt10515916
In The Long Run,3,2021-01-31,0.048,0.00,tt7464074,5,3.0,5.0,tt10515922
In The Long Run,3,2021-02-07,0.017,0.01,tt7464074,6,3.0,6.0,tt10515924
Atlantis,1,2013-11-23,0.631,0.26,tt0374455,1,1.0,1.0,tt0426236
Atlantis,1,2013-11-30,0.291,0.08,tt0374455,2,1.0,2.0,tt0709233
Atlantis,1,2013-12-07,0.277,0.08,tt0374455,3,1.0,3.0,tt0709258
Atlantis,1,2013-12-14,0.412,0.07,tt0374455,4,1.0,4.0,tt0709244
Atlantis,1,2013-12-21,0.301,0.10,tt0374455,5,1.0,5.0,tt0709225
Atlantis,1,2013-12-28,0.368,0.09,tt0374455,6,1.0,6.0,tt0709239
Atlantis,1,2014-01-04,0.279,0.08,tt0374455,7,1.0,7.0,tt0709260
Atlantis,1,2014-01-11,0.219,0.04,tt0374455,8,1.0,8.0,tt0709234
Atlantis,1,2014-01-18,0.302,0.10,tt0374455,9,1.0,9.0,tt0709256
Atlantis,1,2014-01-25,0.263,0.09,tt0374455,10,1.0,10.0,tt0709247
Atlantis,1,2014-02-01,0.207,0.04,tt0374455,11,1.0,11.0,tt0709246
Atlantis,1,2014-02-08,0.189,0.06,tt0374455,12,1.0,12.0,tt0709235
Atlantis,1,2014-02-15,0.306,0.09,tt0374455,13,1.0,13.0,tt0709243
Atlantis,2,2014-11-15,0.390,0.09,tt0374455,1,2.0,1.0,tt0709255
Atlantis,2,2014-11-22,0.336,0.08,tt0374455,2,2.0,2.0,tt0709250
Atlantis,2,2014-11-29,0.278,0.06,tt0374455,3,2.0,3.0,tt0709242
Atlantis,2,2014-12-06,0.207,0.04,tt0374455,4,2.0,4.0,tt0709230
Atlantis,2,2014-12-13,0.150,0.04,tt0374455,5,2.0,5.0,tt0709226
Atlantis,2,2014-12-20,0.258,0.08,tt0374455,6,2.0,6.0,tt0709259
Atlantis,2,2015-06-27,0.148,0.03,tt0374455,7,2.0,7.0,tt0709236
Atlantis,2,2015-07-04,0.152,0.07,tt0374455,8,2.0,8.0,tt0709227
Atlantis,2,2015-07-11,0.189,0.04,tt0374455,9,2.0,9.0,tt0709223
Atlantis,2,2015-07-18,0.085,0.02,tt0374455,10,2.0,10.0,tt0709252
Atlantis,2,2015-07-25,0.117,0.02,tt0374455,11,2.0,11.0,tt0709249
Atlantis,2,2015-08-01,0.166,0.02,tt0374455,12,2.0,12.0,tt0709231
Atlantis,2,2015-08-08,0.114,0.02,tt0374455,13,2.0,13.0,tt0709229
Gravity,1,2010-04-23,0.123,0.1,tt1865718,1,1.0,1.0,tt2152239
Gravity,1,2010-04-30,0.190,0.08,tt1865718,2,1.0,2.0,tt2168670
Gravity,1,,0.088,0.03,tt1865718,3,1.0,3.0,tt2168676
Gravity,1,,0.146,0.1,tt1865718,4,1.0,4.0,tt2229194
Gravity,1,,0.111,0.1,tt1865718,5,1.0,5.0,tt2229196
Gravity,1,,0.029,0.0,tt1865718,6,1.0,6.0,tt2229192
Gravity,1,2010-06-04,0.040,0.0,tt1865718,7,1.0,7.0,tt2267658
Gravity,1,2010-06-11,0.084,0.03,tt1865718,8,1.0,8.0,tt2267660
Gravity,1,2010-06-18,0.107,0.0,tt1865718,9,1.0,9.0,tt2310928
Gravity,1,2010-06-25,0.054,0.0,tt1865718,10,1.0,10.0,tt2340344
The Expanse,1,2015-12-14,1.189,0.33,tt3230854,1,1.0,1.0,tt3982200
The Expanse,1,2015-12-15,0.854,0.27,tt3230854,2,1.0,2.0,tt3982202
The Expanse,1,2015-12-22,0.676,0.15,tt3230854,3,1.0,3.0,tt3983220
The Expanse,1,2015-12-29,0.633,0.17,tt3230854,4,1.0,4.0,tt3983230
The Expanse,1,2016-01-05,0.631,0.22,tt3230854,5,1.0,5.0,tt3983242
The Expanse,1,2016-01-12,0.713,0.22,tt3230854,6,1.0,6.0,tt3983500
The Expanse,1,2016-01-19,0.502,0.17,tt3230854,7,1.0,7.0,tt3983524
The Expanse,1,2016-01-26,0.721,0.25,tt3230854,8,1.0,8.0,tt3983526
The Expanse,1,2016-02-02,0.555,0.20,tt3230854,9,1.0,9.0,tt3983528
The Expanse,1,2016-02-02,0.555,0.20,tt3230854,10,1.0,10.0,tt3983534
The Expanse,2,2017-02-01,0.700,0.25,tt3230854,1,2.0,1.0,tt5312444
The Expanse,2,2017-02-01,0.700,0.25,tt3230854,2,2.0,2.0,tt5625514
The Expanse,2,2017-02-08,0.587,0.18,tt3230854,3,2.0,3.0,tt5625502
The Expanse,2,2017-02-15,0.534,0.14,tt3230854,4,2.0,4.0,tt5625506
The Expanse,2,2017-02-22,0.600,0.20,tt3230854,5,2.0,5.0,tt5625510
The Expanse,2,2017-03-01,0.625,0.22,tt3230854,6,2.0,6.0,tt5625512
The Expanse,2,2017-03-08,0.451,0.15,tt3230854,7,2.0,7.0,tt5812224
The Expanse,2,2017-03-15,0.460,0.13,tt3230854,8,2.0,8.0,tt5847512
The Expanse,2,2017-03-22,0.471,0.11,tt3230854,9,2.0,9.0,tt5847532
The Expanse,2,2017-03-29,0.573,0.17,tt3230854,10,2.0,10.0,tt5881396
The Expanse,2,2017-04-05,0.504,0.16,tt3230854,11,2.0,11.0,tt6083958
The Expanse,2,2017-04-12,0.515,0.15,tt3230854,12,2.0,12.0,tt6083960
The Expanse,2,2017-04-19,0.581,0.18,tt3230854,13,2.0,13.0,tt5580030
The Expanse,3,2018-04-11,0.653,0.21,tt3230854,1,3.0,1.0,tt6665296
The Expanse,3,2018-04-18,0.500,0.15,tt3230854,2,3.0,2.0,tt6665300
The Expanse,3,2018-04-25,0.553,0.18,tt3230854,3,3.0,3.0,tt6665304
The Expanse,3,,0.590,0.16,tt3230854,4,3.0,4.0,tt6665310
The Expanse,3,,0.555,0.18,tt3230854,5,3.0,5.0,tt6665312
The Expanse,3,,0.609,0.19,tt3230854,6,3.0,6.0,tt6665314
The Expanse,3,,0.625,0.17,tt3230854,7,3.0,7.0,tt6665320
The Expanse,3,,0.609,0.20,tt3230854,8,3.0,8.0,tt6665326
The Expanse,3,2018-06-06,0.568,0.16,tt3230854,9,3.0,9.0,tt6665336
The Expanse,3,2018-06-13,0.615,0.17,tt3230854,10,3.0,10.0,tt6665350
The Expanse,3,2018-06-20,0.670,0.18,tt3230854,11,3.0,11.0,tt6665354
The Expanse,3,2018-06-27,0.730,0.19,tt3230854,12,3.0,12.0,tt6665358
The Expanse,3,2018-06-27,0.606,0.14,tt3230854,13,3.0,13.0,tt6665364
The Spoils of Babylon,1,2014-01-09,0.514,0.20,tt2884286,1,1.0,1.0,tt2899056
The Spoils of Babylon,1,2014-01-16,0.173,0.07,tt2884286,2,1.0,2.0,tt3010480
The Spoils of Babylon,1,2014-01-23,0.132,0.04,tt2884286,3,1.0,3.0,tt3010484
The Spoils of Babylon,1,2014-01-30,0.151,0.07,tt2884286,4,1.0,4.0,tt3010486
The Spoils of Babylon,1,2014-02-06,0.117,0.05,tt2884286,5,1.0,5.0,tt3010490
The Spoils of Babylon,2,2015-07-08,0.138,0.05,tt2884286,1,,,
The Spoils of Babylon,2,2015-07-08,0.113,0.06,tt2884286,2,,,
The Spoils of Babylon,2,2015-07-09,0.056,0.02,tt2884286,3,,,
The Spoils of Babylon,2,2015-07-09,0.028,0.01,tt2884286,4,,,
The Spoils of Babylon,2,2015-07-10,0.082,0.02,tt2884286,5,,,
The Spoils of Babylon,2,2015-07-10,0.078,0.01,tt2884286,6,,,
The Chi,1,2018-01-07,0.533,0.19,tt6294706,1,1.0,1.0,tt7536798
The Chi,1,2018-01-14,0.570,0.20,tt6294706,2,1.0,2.0,tt7540602
The Chi,1,2018-01-21,0.707,0.24,tt6294706,3,1.0,3.0,tt7540616
The Chi,1,2018-01-28,0.751,0.28,tt6294706,4,1.0,4.0,tt7540622
The Chi,1,2018-02-11,0.679,0.24,tt6294706,5,1.0,5.0,tt7540626
The Chi,1,2018-02-18,0.673,0.24,tt6294706,6,1.0,6.0,tt7540630
The Chi,1,2018-02-25,0.791,0.28,tt6294706,7,1.0,7.0,tt7540640
The Chi,1,2018-03-04,0.675,0.23,tt6294706,8,1.0,8.0,tt7540666
The Chi,1,2018-03-11,0.797,0.25,tt6294706,9,1.0,9.0,tt7536794
The Chi,1,2018-03-18,0.872,0.32,tt6294706,10,1.0,10.0,tt7536792
The Chi,2,2019-04-07,0.454,0.13,tt6294706,1,2.0,1.0,tt7947872
The Chi,2,2019-04-14,0.375,0.11,tt6294706,2,2.0,2.0,tt8741054
The Chi,2,2019-04-21,0.339,0.12,tt6294706,3,2.0,3.0,tt8741060
The Chi,2,2019-04-28,0.392,0.11,tt6294706,4,2.0,4.0,tt8741062
The Chi,2,,0.439,0.18,tt6294706,5,2.0,5.0,tt8741066
The Chi,2,,0.397,0.13,tt6294706,6,2.0,6.0,tt8741068
The Chi,2,,0.350,0.11,tt6294706,7,2.0,7.0,tt8741070
The Chi,2,2019-06-02,0.328,0.12,tt6294706,8,2.0,8.0,tt8421264
The Chi,2,2019-06-09,0.427,0.14,tt6294706,9,2.0,9.0,tt8741072
The Chi,2,2019-06-16,0.474,0.16,tt6294706,10,2.0,10.0,tt7958420
The Chi,3,2020-06-21,0.348,0.11,tt6294706,1,3.0,1.0,tt10266212
The Chi,3,2020-06-28,0.347,0.11,tt6294706,2,3.0,2.0,tt11263080
The Chi,3,2020-07-05,0.351,0.10,tt6294706,3,3.0,3.0,tt11263084
The Chi,3,2020-07-12,0.367,0.12,tt6294706,4,3.0,4.0,tt11263086
The Chi,3,2020-07-19,0.438,0.15,tt6294706,5,3.0,5.0,tt11263092
The Chi,3,2020-07-26,0.525,0.18,tt6294706,6,3.0,6.0,tt11437970
The Chi,3,2020-08-02,0.415,0.15,tt6294706,7,3.0,7.0,tt11306572
The Chi,3,2020-08-09,0.430,0.14,tt6294706,8,3.0,8.0,tt11416528
The Chi,3,2020-08-16,0.384,0.13,tt6294706,9,3.0,9.0,tt11437972
The Chi,3,2020-08-23,0.382,0.10,tt6294706,10,3.0,10.0,tt11320594
The Chi,4,,0.335,0.08,tt6294706,1,4.0,1.0,tt13370874
The Chi,4,,0.404,0.11,tt6294706,2,4.0,2.0,tt14270574
The Chi,4,2021-06-06,0.310,0.07,tt6294706,3,4.0,3.0,tt14270578
The Chi,4,2021-06-13,0.284,0.07,tt6294706,4,4.0,4.0,tt14270580
The Chi,4,2021-06-20,0.235,0.06,tt6294706,5,4.0,5.0,tt14270584
The Chi,4,2021-06-27,0.284,0.08,tt6294706,6,4.0,6.0,tt14270592
The Chi,4,2021-07-11,0.053,0.05,tt6294706,7,4.0,7.0,tt14270596
The Chi,4,2021-07-18,0.324,0.07,tt6294706,8,4.0,8.0,tt14270600
The Chi,4,2021-07-25,0.258,0.08,tt6294706,9,4.0,9.0,tt14270604
The Chi,4,2021-08-01,0.289,0.08,tt6294706,10,4.0,10.0,tt14270612
Intruders,1,2014-08-23,0.796,0.23,tt3552166,1,1.0,1.0,tt3626336
Intruders,1,2014-08-30,0.366,0.08,tt3552166,2,1.0,2.0,tt3661096
Intruders,1,,0.293,0.06,tt3552166,3,1.0,3.0,tt3658792
Intruders,1,,0.306,0.06,tt3552166,4,1.0,4.0,tt3723636
Intruders,1,,0.311,0.08,tt3552166,5,1.0,5.0,tt3723620
Intruders,1,,0.238,0.07,tt3552166,6,1.0,6.0,tt3685516
Intruders,1,2014-10-04,0.243,0.09,tt3552166,7,1.0,7.0,tt3723626
Intruders,1,2014-10-11,0.267,0.06,tt3552166,8,1.0,8.0,tt3723632
Battlestar Galactica,1,2005-01-14,3.101,1.4,tt0407362,1,1.0,1.0,tt0519761
Battlestar Galactica,1,2005-01-21,2.861,1.4,tt0407362,2,1.0,2.0,tt0519792
Battlestar Galactica,1,2005-01-28,3.021,1.3,tt0407362,3,1.0,3.0,tt0519763
Battlestar Galactica,1,2005-02-04,3.206,1.6,tt0407362,4,1.0,4.0,tt0519762
Battlestar Galactica,1,2005-02-11,2.905,1.2,tt0407362,5,1.0,5.0,tt0519793
Battlestar Galactica,1,2005-02-18,2.593,1.2,tt0407362,6,1.0,6.0,tt0519778
Battlestar Galactica,1,2005-02-25,2.884,1.4,tt0407362,7,1.0,7.0,tt0519786
Battlestar Galactica,1,2005-03-04,2.567,1.3,tt0407362,8,1.0,8.0,tt0519769
Battlestar Galactica,1,2005-03-11,2.645,1.4,tt0407362,9,1.0,9.0,tt0519790
Battlestar Galactica,1,2005-03-18,2.796,1.3,tt0407362,10,1.0,10.0,tt0519789
Battlestar Galactica,1,2005-03-25,2.714,1.2,tt0407362,11,1.0,11.0,tt0519765
Battlestar Galactica,1,2005-04-01,2.835,1.3,tt0407362,12,1.0,12.0,tt0519774
Battlestar Galactica,2,2005-07-15,3.053,1.4,tt0407362,1,2.0,1.0,tt0519785
Battlestar Galactica,2,2005-07-22,2.290,1.1,tt0407362,2,2.0,2.0,tt0519791
Battlestar Galactica,2,2005-07-29,2.399,1.1,tt0407362,3,2.0,3.0,tt0519771
Battlestar Galactica,2,2005-08-05,2.256,1.1,tt0407362,4,2.0,4.0,tt0519780
Battlestar Galactica,2,2005-08-12,2.370,1.1,tt0407362,5,2.0,5.0,tt0519788
Battlestar Galactica,2,2005-08-19,2.402,1.2,tt0407362,6,2.0,6.0,tt0519772
Battlestar Galactica,2,2005-08-26,2.458,1.2,tt0407362,7,2.0,7.0,tt0519773
Battlestar Galactica,2,,2.435,1.2,tt0407362,8,2.0,8.0,tt0519768
Battlestar Galactica,2,,2.302,1.1,tt0407362,9,2.0,9.0,tt0519770
Battlestar Galactica,2,,2.253,1.1,tt0407362,10,2.0,10.0,tt0519779
Battlestar Galactica,2,2006-01-06,2.385,1.2,tt0407362,11,2.0,11.0,tt0519781
Battlestar Galactica,2,2006-01-13,2.271,1.1,tt0407362,12,2.0,12.0,tt0519782
Battlestar Galactica,2,2006-01-20,2.107,1.0,tt0407362,13,2.0,13.0,tt0519767
Battlestar Galactica,2,2006-01-27,1.959,0.9,tt0407362,14,2.0,14.0,tt0519764
Battlestar Galactica,2,2006-02-03,2.170,1.0,tt0407362,15,2.0,15.0,tt0519784
Battlestar Galactica,2,2006-02-10,2.114,1.0,tt0407362,16,2.0,16.0,tt0519783
Battlestar Galactica,2,2006-02-17,1.895,0.8,tt0407362,17,2.0,17.0,tt0519787
Battlestar Galactica,2,2006-02-24,2.041,0.9,tt0407362,18,2.0,18.0,tt0519766
Battlestar Galactica,2,2006-03-03,2.063,0.9,tt0407362,19,2.0,19.0,tt0519776
Battlestar Galactica,2,2006-03-10,2.108,1.0,tt0407362,20,2.0,20.0,tt0519777
Battlestar Galactica,3,2006-10-06,2.163,1.0,tt0407362,1,3.0,1.0,tt0793695
Battlestar Galactica,3,2006-10-13,2.085,1.0,tt0407362,2,3.0,2.0,tt0801850
Battlestar Galactica,3,2006-10-20,1.899,0.8,tt0407362,3,3.0,3.0,tt0801849
Battlestar Galactica,3,2006-10-27,1.752,0.9,tt0407362,4,3.0,4.0,tt0867671
Battlestar Galactica,3,2006-11-03,1.884,0.9,tt0407362,5,3.0,5.0,tt0811218
Battlestar Galactica,3,2006-11-10,1.987,0.9,tt0407362,6,3.0,6.0,tt0811219
Battlestar Galactica,3,2006-11-17,1.669,0.8,tt0407362,7,3.0,7.0,tt0870871
Battlestar Galactica,3,2006-12-01,1.768,0.8,tt0407362,8,3.0,8.0,tt0887220
Battlestar Galactica,3,2006-12-08,1.604,0.7,tt0407362,9,3.0,9.0,tt0903208
Battlestar Galactica,3,2006-12-15,1.661,0.6,tt0407362,10,3.0,10.0,tt0887222
Battlestar Galactica,3,2007-01-21,1.802,1.0,tt0407362,11,3.0,11.0,tt0887221
Battlestar Galactica,3,2007-01-28,2.050,0.9,tt0407362,12,3.0,12.0,tt0909050
Battlestar Galactica,3,2007-02-11,1.508,0.8,tt0407362,13,3.0,13.0,tt0944310
Battlestar Galactica,3,2007-02-18,1.546,0.7,tt0407362,14,3.0,14.0,tt0947108
Battlestar Galactica,3,2007-02-25,1.540,0.8,tt0407362,15,3.0,15.0,tt0947103
Battlestar Galactica,3,2007-03-04,1.426,0.8,tt0407362,16,3.0,16.0,tt0947106
Battlestar Galactica,3,2007-03-11,1.545,0.8,tt0407362,17,3.0,17.0,tt0944309
Battlestar Galactica,3,2007-03-18,1.707,0.8,tt0407362,18,3.0,18.0,tt0947107
Battlestar Galactica,3,2007-03-25,1.516,0.8,tt0407362,19,3.0,19.0,tt0947104
Battlestar Galactica,4,2007-11-24,1.723,0.8,tt0407362,1,4.0,1.0,tt0993910
Battlestar Galactica,4,2008-04-04,2.138,1.1,tt0407362,2,4.0,2.0,tt0993921
Battlestar Galactica,4,2008-04-11,1.801,0.9,tt0407362,3,4.0,3.0,tt0993925
Battlestar Galactica,4,2008-04-18,1.741,0.8,tt0407362,4,4.0,4.0,tt0993926
Battlestar Galactica,4,2008-04-25,1.648,0.9,tt0407362,5,4.0,5.0,tt0993927
Battlestar Galactica,4,,1.634,0.8,tt0407362,6,4.0,6.0,tt0993928
Battlestar Galactica,4,,1.514,0.7,tt0407362,7,4.0,7.0,tt0993929
Battlestar Galactica,4,,1.544,0.8,tt0407362,8,4.0,8.0,tt0993930
Battlestar Galactica,4,,1.611,0.8,tt0407362,9,4.0,9.0,tt0993931
Battlestar Galactica,4,2008-06-06,1.748,0.8,tt0407362,10,4.0,10.0,tt0993911
Battlestar Galactica,4,2008-06-13,1.810,0.9,tt0407362,11,4.0,11.0,tt1239323
Battlestar Galactica,4,2009-01-16,2.112,1.0,tt0407362,12,4.0,12.0,tt0993913
Battlestar Galactica,4,2009-01-23,1.717,0.8,tt0407362,13,4.0,13.0,tt0993914
Battlestar Galactica,4,2009-01-30,1.560,0.7,tt0407362,14,4.0,14.0,tt0993915
Battlestar Galactica,4,2009-02-06,1.767,0.9,tt0407362,15,4.0,15.0,tt0993916
Battlestar Galactica,4,2009-02-13,1.738,0.8,tt0407362,16,4.0,16.0,tt0993917
Battlestar Galactica,4,2009-02-20,1.528,0.7,tt0407362,17,4.0,17.0,tt0993918
Battlestar Galactica,4,2009-02-27,1.657,0.8,tt0407362,18,4.0,18.0,tt0993919
Battlestar Galactica,4,2009-03-06,1.568,0.7,tt0407362,19,4.0,19.0,tt0993920
Battlestar Galactica,4,2009-03-13,1.661,0.8,tt0407362,20,4.0,20.0,tt0993922
Battlestar Galactica,4,2009-03-20,2.364,1.1,tt0407362,21,4.0,21.0,tt12394444
Battlestar Galactica,4,2010-01-10,1.023,0.4,tt0407362,22,,,
Melissa & Joey,1,2010-08-17,2.145,1.0,tt1597420,1,1.0,1.0,tt1602317
Melissa & Joey,1,2010-08-17,2.184,0.9,tt1597420,2,1.0,2.0,tt1676703
Melissa & Joey,1,2010-08-24,1.922,0.9,tt1597420,3,1.0,3.0,tt1693436
Melissa & Joey,1,2010-08-31,1.600,0.7,tt1597420,4,1.0,4.0,tt1694425
Melissa & Joey,1,,1.640,0.7,tt1597420,5,1.0,5.0,tt1706157
Melissa & Joey,1,,1.399,0.7,tt1597420,6,1.0,6.0,tt1705623
Melissa & Joey,1,,1.324,0.7,tt1597420,7,1.0,7.0,tt1711182
Melissa & Joey,1,,0.961,0.4,tt1597420,8,1.0,8.0,tt1708742
Melissa & Joey,1,2010-10-05,0.897,0.4,tt1597420,9,1.0,9.0,tt1730570
Melissa & Joey,1,2010-10-12,1.284,0.5,tt1597420,10,1.0,10.0,tt1730569
Melissa & Joey,1,2010-10-19,1.524,0.6,tt1597420,11,1.0,11.0,tt1730567
Melissa & Joey,1,2010-10-26,1.383,0.6,tt1597420,12,1.0,12.0,tt1730568
Melissa & Joey,1,2011-06-29,1.540,0.6,tt1597420,13,1.0,13.0,tt1742890
Melissa & Joey,1,2011-07-06,1.080,0.4,tt1597420,14,1.0,14.0,tt1823964
Melissa & Joey,1,2011-07-13,1.028,0.4,tt1597420,15,1.0,15.0,tt1818994
Melissa & Joey,1,2011-07-20,0.975,0.4,tt1597420,16,1.0,16.0,tt1824555
Melissa & Joey,1,2011-07-27,0.883,0.4,tt1597420,17,1.0,17.0,tt1824556
Melissa & Joey,1,2011-08-03,1.024,0.4,tt1597420,18,1.0,18.0,tt1824557
Melissa & Joey,1,2011-08-03,1.048,0.4,tt1597420,19,1.0,19.0,tt1947248
Melissa & Joey,1,2011-08-10,1.043,0.5,tt1597420,20,1.0,20.0,tt1742891
Melissa & Joey,1,2011-08-17,0.979,0.4,tt1597420,21,1.0,21.0,tt1989962
Melissa & Joey,1,2011-08-17,1.144,0.5,tt1597420,22,1.0,22.0,tt1848208
Melissa & Joey,1,2011-08-24,1.022,0.5,tt1597420,23,1.0,23.0,tt1850142
Melissa & Joey,1,2011-08-24,1.065,0.5,tt1597420,24,1.0,24.0,tt1907184
Melissa & Joey,1,2011-08-31,0.889,0.4,tt1597420,25,1.0,25.0,tt1873250
Melissa & Joey,1,2011-08-31,0.961,0.4,tt1597420,26,1.0,26.0,tt1875543
Melissa & Joey,1,,0.942,0.4,tt1597420,27,1.0,27.0,tt1831217
Melissa & Joey,1,,0.832,0.4,tt1597420,28,1.0,28.0,tt1876998
Melissa & Joey,1,,1.269,0.7,tt1597420,29,1.0,29.0,tt1908159
Melissa & Joey,1,,1.394,0.7,tt1597420,30,1.0,30.0,tt2035118
Melissa & Joey,2,,1.208,0.7,tt1597420,1,2.0,1.0,tt2035117
Melissa & Joey,2,,1.252,0.7,tt1597420,2,2.0,2.0,tt2055266
Melissa & Joey,2,2012-06-06,1.070,0.5,tt1597420,3,2.0,3.0,tt2089245
Melissa & Joey,2,2012-06-06,1.077,0.5,tt1597420,4,2.0,4.0,tt2087333
Melissa & Joey,2,2012-06-13,1.110,0.5,tt1597420,5,2.0,5.0,tt2087336
Melissa & Joey,2,2012-06-20,1.491,0.7,tt1597420,6,2.0,6.0,tt2087335
Melissa & Joey,2,2012-06-27,1.423,0.7,tt1597420,7,2.0,7.0,tt2110802
Melissa & Joey,2,2012-07-11,1.210,0.6,tt1597420,8,2.0,8.0,tt2098290
Melissa & Joey,2,2012-07-18,1.008,0.5,tt1597420,9,2.0,9.0,tt2254854
Melissa & Joey,2,2012-07-25,1.245,0.6,tt1597420,10,2.0,10.0,tt2110800
Melissa & Joey,2,2012-08-01,1.232,0.5,tt1597420,11,2.0,11.0,tt2110801
Melissa & Joey,2,2012-08-08,1.092,0.5,tt1597420,12,2.0,12.0,tt2138621
Melissa & Joey,2,2012-08-15,1.629,0.6,tt1597420,13,2.0,13.0,tt2187873
Melissa & Joey,2,2012-08-22,1.218,0.5,tt1597420,14,2.0,14.0,tt2310194
Melissa & Joey,2,2012-08-29,1.500,0.7,tt1597420,15,2.0,15.0,tt2344878
Melissa & Joey,3,,0.966,0.5,tt1597420,1,3.0,1.0,tt2341894
Melissa & Joey,3,2013-06-05,0.815,0.3,tt1597420,2,3.0,2.0,tt2938640
Melissa & Joey,3,2013-06-12,1.017,0.5,tt1597420,3,3.0,3.0,tt2760432
Melissa & Joey,3,2013-06-12,0.758,0.3,tt1597420,4,3.0,4.0,tt2980666
Melissa & Joey,3,2013-06-19,1.046,0.5,tt1597420,5,3.0,5.0,tt2966452
Melissa & Joey,3,2013-06-26,0.981,0.5,tt1597420,6,3.0,6.0,tt2783458
Melissa & Joey,3,2013-07-10,0.807,0.4,tt1597420,7,3.0,7.0,tt3000546
Melissa & Joey,3,2013-07-17,0.907,0.5,tt1597420,8,3.0,8.0,tt3032084
Melissa & Joey,3,2013-07-24,0.963,0.4,tt1597420,9,3.0,9.0,tt2854498
Melissa & Joey,3,2013-07-31,0.996,0.4,tt1597420,10,3.0,10.0,tt2872214
Melissa & Joey,3,2013-08-07,0.913,0.5,tt1597420,11,3.0,11.0,tt3084442
Melissa & Joey,3,2013-08-14,0.742,0.4,tt1597420,12,3.0,12.0,tt3101912
Melissa & Joey,3,2013-08-21,0.851,0.5,tt1597420,13,3.0,13.0,tt3105326
Melissa & Joey,3,2013-08-28,0.909,0.5,tt1597420,14,3.0,14.0,tt3066426
Melissa & Joey,3,,1.125,0.6,tt1597420,15,3.0,15.0,tt3126126
Melissa & Joey,3,2013-12-11,1.223,0.58,tt1597420,16,3.0,16.0,tt3368996
Melissa & Joey,3,2014-01-15,1.252,0.60,tt1597420,17,3.0,17.0,tt3440578
Melissa & Joey,3,2014-01-22,1.211,0.55,tt1597420,18,3.0,18.0,tt3457148
Melissa & Joey,3,2014-01-29,1.360,0.66,tt1597420,19,3.0,19.0,tt3500752
Melissa & Joey,3,2014-02-05,1.130,0.55,tt1597420,20,3.0,20.0,tt3487760
Melissa & Joey,3,2014-02-12,1.067,0.49,tt1597420,21,3.0,21.0,tt3504750
Melissa & Joey,3,2014-02-26,0.895,0.46,tt1597420,22,3.0,22.0,tt3566786
Melissa & Joey,3,2014-03-05,0.992,0.45,tt1597420,23,3.0,23.0,tt3554716
Melissa & Joey,3,2014-03-12,0.863,0.38,tt1597420,24,3.0,24.0,tt3593682
Melissa & Joey,3,2014-03-19,0.985,0.38,tt1597420,25,3.0,25.0,tt3585348
Melissa & Joey,3,2014-03-26,1.103,0.52,tt1597420,26,3.0,26.0,tt3576520
Melissa & Joey,3,2014-04-02,0.913,0.44,tt1597420,27,3.0,27.0,tt3610950
Melissa & Joey,3,2014-04-09,0.950,0.43,tt1597420,28,3.0,28.0,tt3636292
Melissa & Joey,3,2014-04-16,0.997,0.46,tt1597420,29,3.0,29.0,tt3646996
Melissa & Joey,3,2014-04-23,0.873,0.43,tt1597420,30,3.0,30.0,tt3662510
Melissa & Joey,3,2014-04-30,0.896,0.40,tt1597420,31,3.0,31.0,tt3671320
Melissa & Joey,3,,0.824,0.35,tt1597420,32,3.0,32.0,tt3718040
Melissa & Joey,3,,0.890,0.38,tt1597420,33,3.0,33.0,tt3732386
Melissa & Joey,3,,1.022,0.48,tt1597420,34,3.0,34.0,tt3734846
Melissa & Joey,3,2014-06-04,0.977,0.47,tt1597420,35,3.0,35.0,tt3671324
Melissa & Joey,3,2014-06-11,0.957,0.39,tt1597420,36,3.0,36.0,tt3764826
Melissa & Joey,3,2014-06-18,1.288,0.62,tt1597420,37,3.0,37.0,tt3783014
Melissa & Joey,4,2014-10-22,1.185,0.57,tt1597420,1,4.0,1.0,tt2946264
Melissa & Joey,4,2014-12-10,1.003,0.46,tt1597420,2,4.0,2.0,tt3634210
Melissa & Joey,4,2015-01-14,0.945,0.48,tt1597420,3,4.0,3.0,tt4322888
Melissa & Joey,4,2015-01-21,0.782,0.41,tt1597420,4,4.0,4.0,tt3634212
Melissa & Joey,4,2015-01-28,0.984,0.49,tt1597420,5,4.0,5.0,tt5050950
Melissa & Joey,4,2015-02-04,0.745,0.39,tt1597420,6,4.0,6.0,tt3634214
Melissa & Joey,4,2015-02-11,0.610,0.33,tt1597420,7,4.0,7.0,tt3634218
Melissa & Joey,4,,0.680,0.37,tt1597420,8,4.0,8.0,tt3634252
Melissa & Joey,4,2015-02-25,0.820,0.43,tt1597420,9,4.0,9.0,tt3634226
Melissa & Joey,4,2015-03-04,0.735,0.38,tt1597420,10,4.0,10.0,tt3634228
Melissa & Joey,4,2015-03-11,0.740,0.38,tt1597420,11,4.0,11.0,tt3634240
Melissa & Joey,4,2015-03-18,0.698,0.34,tt1597420,12,4.0,12.0,tt3634242
Melissa & Joey,4,2015-06-03,0.598,0.26,tt1597420,13,4.0,13.0,tt3634238
Melissa & Joey,4,2015-06-10,0.614,0.31,tt1597420,14,4.0,14.0,tt3634244
Melissa & Joey,4,2015-06-17,0.728,0.37,tt1597420,15,4.0,15.0,tt3634234
Melissa & Joey,4,2015-06-24,0.645,0.32,tt1597420,16,4.0,16.0,tt3634250
Melissa & Joey,4,2015-07-01,0.709,0.33,tt1597420,17,4.0,17.0,tt3634246
Melissa & Joey,4,2015-07-08,0.745,0.32,tt1597420,18,4.0,18.0,tt4808608
Melissa & Joey,4,2015-07-15,0.627,0.33,tt1597420,19,4.0,19.0,tt3634248
Melissa & Joey,4,2015-07-22,0.656,0.27,tt1597420,20,4.0,20.0,tt3634254
Melissa & Joey,4,2015-07-29,0.839,0.37,tt1597420,21,4.0,21.0,tt4372366
Melissa & Joey,4,2015-08-05,0.935,0.41,tt1597420,22,4.0,22.0,tt4372372
Party Down,1,2009-03-20,0.117,0.07,tt1073507,1,1.0,1.0,tt1400944
Party Down,1,2009-03-27,0.149,0.05,tt1073507,2,1.0,2.0,tt1400939
Party Down,1,2009-04-03,0.212,0.12,tt1073507,3,1.0,3.0,tt1400941
Party Down,1,2009-04-10,0.084,0.03,tt1073507,4,1.0,4.0,tt1400940
Party Down,1,2009-04-17,0.086,0.04,tt1073507,5,1.0,5.0,tt1400942
Party Down,1,2009-04-24,0.113,0.03,tt1073507,6,1.0,6.0,tt1400943
Party Down,1,,0.091,0.03,tt1073507,7,1.0,7.0,tt1402330
Party Down,1,,0.042,0.02,tt1073507,8,1.0,8.0,tt1404289
Party Down,1,,0.069,0.01,tt1073507,9,1.0,9.0,tt1402331
Party Down,1,,0.082,0.04,tt1073507,10,1.0,10.0,tt1405230
Party Down,2,2010-04-23,0.126,0.1,tt1073507,1,2.0,1.0,tt1581751
Party Down,2,2010-04-30,0.289,0.1,tt1073507,2,2.0,2.0,tt1581752
Party Down,2,,0.113,0.06,tt1073507,3,2.0,3.0,tt1589565
Party Down,2,,0.159,0.1,tt1073507,4,2.0,4.0,tt1590587
Party Down,2,,0.187,0.1,tt1073507,5,2.0,5.0,tt1589568
Party Down,2,,0.087,0.0,tt1073507,6,2.0,6.0,tt1589566
Party Down,2,2010-06-04,0.068,0.0,tt1073507,7,2.0,7.0,tt1589567
Party Down,2,2010-06-11,0.109,0.04,tt1073507,8,2.0,8.0,tt1589564
Party Down,2,2010-06-18,0.109,0.1,tt1073507,9,2.0,9.0,tt1589562
Party Down,2,2010-06-25,0.074,0.0,tt1073507,10,2.0,10.0,tt1589563
SMILF,1,2017-11-05,0.768,0.25,tt6274614,1,1.0,1.0,tt6976488
SMILF,1,2017-11-12,0.547,0.18,tt6274614,2,1.0,2.0,tt7255146
SMILF,1,2017-11-19,0.476,0.14,tt6274614,3,1.0,3.0,tt7255148
SMILF,1,2017-11-26,0.516,0.15,tt6274614,4,1.0,4.0,tt7255156
SMILF,1,2017-12-03,0.529,0.17,tt6274614,5,1.0,5.0,tt7255174
SMILF,1,2017-12-10,0.575,0.20,tt6274614,6,1.0,6.0,tt7255182
SMILF,1,2017-12-17,0.567,0.20,tt6274614,7,1.0,7.0,tt7255186
SMILF,1,2017-12-31,0.407,0.10,tt6274614,8,1.0,8.0,tt7255188
SMILF,2,2019-01-20,0.242,0.06,tt6274614,1,2.0,1.0,tt7691846
SMILF,2,2019-01-27,0.203,0.07,tt6274614,2,2.0,2.0,tt7255194
SMILF,2,2019-02-10,0.206,0.06,tt6274614,3,2.0,3.0,tt7231866
SMILF,2,2019-02-17,0.196,0.05,tt6274614,4,2.0,4.0,tt7944164
SMILF,2,2019-02-24,0.142,0.04,tt6274614,5,2.0,5.0,tt7944166
SMILF,2,2019-03-03,0.215,0.07,tt6274614,6,2.0,6.0,tt7944168
SMILF,2,2019-03-10,0.250,0.07,tt6274614,7,2.0,7.0,tt7944174
SMILF,2,2019-03-17,0.185,0.06,tt6274614,8,2.0,8.0,tt7921884
SMILF,2,2019-03-24,0.175,0.05,tt6274614,9,2.0,9.0,tt8816212
SMILF,2,2019-03-31,0.149,0.03,tt6274614,10,2.0,10.0,tt8816214
It’s Always Sunny in Philadelphia,1,2005-08-04,1.418,0.7,tt0472954,1,,,
It’s Always Sunny in Philadelphia,1,2005-08-11,0.840,0.4,tt0472954,2,,,
It’s Always Sunny in Philadelphia,1,2005-08-16,1.277,0.6,tt0472954,3,,,
It’s Always Sunny in Philadelphia,1,2005-08-23,1.137,0.6,tt0472954,4,,,
It’s Always Sunny in Philadelphia,1,2005-08-30,1.049,0.5,tt0472954,5,,,
It’s Always Sunny in Philadelphia,1,,1.163,0.6,tt0472954,6,,,
It’s Always Sunny in Philadelphia,1,,1.086,0.6,tt0472954,7,,,
It’s Always Sunny in Philadelphia,2,2006-06-29,1.642,0.8,tt0472954,1,,,
It’s Always Sunny in Philadelphia,2,2006-06-29,1.518,0.7,tt0472954,2,,,
It’s Always Sunny in Philadelphia,2,2006-07-06,1.363,0.7,tt0472954,3,,,
It’s Always Sunny in Philadelphia,2,2006-07-06,1.267,0.7,tt0472954,4,,,
It’s Always Sunny in Philadelphia,2,2006-07-13,1.402,0.7,tt0472954,5,,,
It’s Always Sunny in Philadelphia,2,2006-07-20,1.128,0.5,tt0472954,6,,,
It’s Always Sunny in Philadelphia,2,2006-07-27,1.134,0.6,tt0472954,7,,,
It’s Always Sunny in Philadelphia,2,2006-08-03,0.938,0.5,tt0472954,8,,,
It’s Always Sunny in Philadelphia,2,2006-08-10,1.112,0.7,tt0472954,9,,,
It’s Always Sunny in Philadelphia,2,2006-08-17,0.960,0.5,tt0472954,10,,,
It’s Always Sunny in Philadelphia,3,,2.339,1.4,tt0472954,1,,,
It’s Always Sunny in Philadelphia,3,,1.860,1.1,tt0472954,2,,,
It’s Always Sunny in Philadelphia,3,,1.265,0.7,tt0472954,3,,,
It’s Always Sunny in Philadelphia,3,,1.223,0.7,tt0472954,4,,,
It’s Always Sunny in Philadelphia,3,,0.906,0.5,tt0472954,5,,,
It’s Always Sunny in Philadelphia,3,,0.995,0.6,tt0472954,6,,,
It’s Always Sunny in Philadelphia,3,2007-10-04,1.159,0.6,tt0472954,7,,,
It’s Always Sunny in Philadelphia,3,2007-10-04,1.397,0.9,tt0472954,8,,,
It’s Always Sunny in Philadelphia,3,2007-10-11,1.029,0.6,tt0472954,9,,,
It’s Always Sunny in Philadelphia,3,2007-10-18,1.305,0.8,tt0472954,10,,,
It’s Always Sunny in Philadelphia,3,2007-10-25,1.105,0.6,tt0472954,11,,,
It’s Always Sunny in Philadelphia,3,2007-11-01,1.368,0.7,tt0472954,12,,,
It’s Always Sunny in Philadelphia,3,2007-11-01,1.330,0.7,tt0472954,13,,,
It’s Always Sunny in Philadelphia,3,2007-11-08,0.906,0.5,tt0472954,14,,,
It’s Always Sunny in Philadelphia,3,2007-11-15,0.991,0.6,tt0472954,15,,,
It’s Always Sunny in Philadelphia,4,,1.731,0.9/2,tt0472954,1,,,
It’s Always Sunny in Philadelphia,4,,1.597,0.9/2,tt0472954,2,,,
It’s Always Sunny in Philadelphia,4,,1.436,0.8/2,tt0472954,3,,,
It’s Always Sunny in Philadelphia,4,,1.347,0.7/2,tt0472954,4,,,
It’s Always Sunny in Philadelphia,4,2008-10-02,1.019,0.5/1,tt0472954,5,,,
It’s Always Sunny in Philadelphia,4,2008-10-02,1.023,0.6/1,tt0472954,6,,,
It’s Always Sunny in Philadelphia,4,2008-10-09,1.282,0.7/2,tt0472954,7,,,
It’s Always Sunny in Philadelphia,4,2008-10-16,1.266,0.7/2,tt0472954,8,,,
It’s Always Sunny in Philadelphia,4,2008-10-23,1.323,0.7/2,tt0472954,9,,,
It’s Always Sunny in Philadelphia,4,2008-10-30,1.152,0.7/2,tt0472954,10,,,
It’s Always Sunny in Philadelphia,4,2008-11-06,1.355,0.7/2,tt0472954,11,,,
It’s Always Sunny in Philadelphia,4,2008-11-13,1.313,0.7/2,tt0472954,12,,,
It’s Always Sunny in Philadelphia,4,2008-11-20,1.297,0.7,tt0472954,13,,,
It’s Always Sunny in Philadelphia,5,,2.245,1.62/,tt0472954,1,,,
It’s Always Sunny in Philadelphia,5,,1.790,1.26/,tt0472954,2,,,
It’s Always Sunny in Philadelphia,5,2009-10-01,2.018,1.47/,tt0472954,3,,,
It’s Always Sunny in Philadelphia,5,2009-10-08,1.512,1.07/,tt0472954,4,,,
It’s Always Sunny in Philadelphia,5,2009-10-15,1.612,1.16/,tt0472954,5,,,
It’s Always Sunny in Philadelphia,5,2009-10-22,1.616,1.12/,tt0472954,6,,,
It’s Always Sunny in Philadelphia,5,2009-10-29,1.353,0.90/,tt0472954,7,,,
It’s Always Sunny in Philadelphia,5,2009-11-05,1.991,1.51/,tt0472954,8,,,
It’s Always Sunny in Philadelphia,5,2009-11-12,1.871,1.2/3,tt0472954,9,,,
It’s Always Sunny in Philadelphia,5,2009-11-19,1.488,0.9/3,tt0472954,10,,,
It’s Always Sunny in Philadelphia,5,2009-12-03,1.890,1.1/3,tt0472954,11,,,
It’s Always Sunny in Philadelphia,5,2009-12-10,2.126,1.3/4,tt0472954,12,,,
It’s Always Sunny in Philadelphia,5,,2.245,1.6,tt0472954,13,,,
It’s Always Sunny in Philadelphia,5,,1.790,1.3,tt0472954,14,,,
It’s Always Sunny in Philadelphia,5,2009-10-01,2.018,1.5,tt0472954,15,,,
It’s Always Sunny in Philadelphia,5,2009-10-08,1.512,1.1,tt0472954,16,,,
It’s Always Sunny in Philadelphia,5,2009-10-15,1.612,1.2,tt0472954,17,,,
It’s Always Sunny in Philadelphia,5,2009-10-22,1.616,1.1,tt0472954,18,,,
It’s Always Sunny in Philadelphia,5,2009-10-29,1.353,0.9,tt0472954,19,,,
It’s Always Sunny in Philadelphia,5,2009-11-05,1.991,1.5,tt0472954,20,,,
It’s Always Sunny in Philadelphia,5,2009-11-12,1.871,1.2/3,tt0472954,21,,,
It’s Always Sunny in Philadelphia,5,2009-11-19,1.488,0.9/3,tt0472954,22,,,
It’s Always Sunny in Philadelphia,5,2009-12-03,1.890,1.1/3,tt0472954,23,,,
It’s Always Sunny in Philadelphia,5,2009-12-10,2.126,1.3/4,tt0472954,24,,,
It’s Always Sunny in Philadelphia,7,,2.275,1.4,tt0472954,1,,,
It’s Always Sunny in Philadelphia,7,,1.932,1.2,tt0472954,2,,,
It’s Always Sunny in Philadelphia,7,,2.025,1.3,tt0472954,3,,,
It’s Always Sunny in Philadelphia,7,2011-10-06,1.819,1.1,tt0472954,4,,,
It’s Always Sunny in Philadelphia,7,2011-10-13,1.420,0.9,tt0472954,5,,,
It’s Always Sunny in Philadelphia,7,2011-10-20,1.517,0.9,tt0472954,6,,,
It’s Always Sunny in Philadelphia,7,2011-10-27,1.384,0.9,tt0472954,7,,,
It’s Always Sunny in Philadelphia,7,2011-11-03,1.686,1.1,tt0472954,8,,,
It’s Always Sunny in Philadelphia,7,2011-11-10,1.317,0.8,tt0472954,9,,,
It’s Always Sunny in Philadelphia,7,2011-11-17,1.258,0.8,tt0472954,10,,,
It’s Always Sunny in Philadelphia,7,2011-12-01,1.518,1.0,tt0472954,11,,,
It’s Always Sunny in Philadelphia,7,2011-12-08,1.400,0.9,tt0472954,12,,,
It’s Always Sunny in Philadelphia,7,2011-12-15,1.324,0.8,tt0472954,13,,,
It’s Always Sunny in Philadelphia,8,2012-10-11,1.049,0.6,tt0472954,1,,,
It’s Always Sunny in Philadelphia,8,2012-10-18,1.099,0.8,tt0472954,2,,,
It’s Always Sunny in Philadelphia,8,2012-10-25,1.120,0.7,tt0472954,3,,,
It’s Always Sunny in Philadelphia,8,2012-11-01,1.395,0.9,tt0472954,4,,,
It’s Always Sunny in Philadelphia,8,2012-11-08,1.107,0.7,tt0472954,5,,,
It’s Always Sunny in Philadelphia,8,2012-11-15,0.945,0.6,tt0472954,6,,,
It’s Always Sunny in Philadelphia,8,2012-11-29,1.080,0.7,tt0472954,7,,,
It’s Always Sunny in Philadelphia,8,2012-12-06,1.009,0.6,tt0472954,8,,,
It’s Always Sunny in Philadelphia,8,2012-12-13,0.923,0.6,tt0472954,9,,,
It’s Always Sunny in Philadelphia,8,2012-12-20,0.938,0.5,tt0472954,10,,,
It’s Always Sunny in Philadelphia,9,,0.757,0.5,tt0472954,1,,,
It’s Always Sunny in Philadelphia,9,,0.606,0.4,tt0472954,2,,,
It’s Always Sunny in Philadelphia,9,,0.521,0.33,tt0472954,3,,,
It’s Always Sunny in Philadelphia,9,,0.458,0.3,tt0472954,4,,,
It’s Always Sunny in Philadelphia,9,2013-10-02,0.459,0.29,tt0472954,5,,,
It’s Always Sunny in Philadelphia,9,2013-10-09,0.509,0.35,tt0472954,6,,,
It’s Always Sunny in Philadelphia,9,2013-10-16,0.574,0.40,tt0472954,7,,,
It’s Always Sunny in Philadelphia,9,2013-10-23,0.460,0.33,tt0472954,8,,,
It’s Always Sunny in Philadelphia,9,2013-10-30,0.427,0.27,tt0472954,9,,,
It’s Always Sunny in Philadelphia,9,2013-11-06,0.535,0.33,tt0472954,10,,,
It’s Always Sunny in Philadelphia,10,2015-01-14,0.786,0.51,tt0472954,1,,,
It’s Always Sunny in Philadelphia,10,2015-01-21,0.524,0.35,tt0472954,2,,,
It’s Always Sunny in Philadelphia,10,2015-01-28,0.511,0.34,tt0472954,3,,,
It’s Always Sunny in Philadelphia,10,2015-02-04,0.554,0.36,tt0472954,4,,,
It’s Always Sunny in Philadelphia,10,2015-02-11,0.527,0.37,tt0472954,5,,,
It’s Always Sunny in Philadelphia,10,2015-02-18,0.544,0.33,tt0472954,6,,,
It’s Always Sunny in Philadelphia,10,2015-02-25,0.442,0.26,tt0472954,7,,,
It’s Always Sunny in Philadelphia,10,2015-03-04,0.445,0.29,tt0472954,8,,,
It’s Always Sunny in Philadelphia,10,2015-03-11,0.505,0.32,tt0472954,9,,,
It’s Always Sunny in Philadelphia,10,2015-03-18,0.543,0.37,tt0472954,10,,,
It’s Always Sunny in Philadelphia,11,2016-01-06,0.716,0.45,tt0472954,1,,,
It’s Always Sunny in Philadelphia,11,2016-01-13,0.511,0.32,tt0472954,2,,,
It’s Always Sunny in Philadelphia,11,2016-01-20,0.609,0.35,tt0472954,3,,,
It’s Always Sunny in Philadelphia,11,2016-01-27,0.478,0.28,tt0472954,4,,,
It’s Always Sunny in Philadelphia,11,2016-02-03,0.563,0.37,tt0472954,5,,,
It’s Always Sunny in Philadelphia,11,2016-02-10,0.536,0.33,tt0472954,6,,,
It’s Always Sunny in Philadelphia,11,2016-02-17,0.531,0.32,tt0472954,7,,,
It’s Always Sunny in Philadelphia,11,2016-02-24,0.515,0.32,tt0472954,8,,,
It’s Always Sunny in Philadelphia,11,2016-03-02,0.485,0.31,tt0472954,9,,,
It’s Always Sunny in Philadelphia,11,2016-03-09,0.460,0.29,tt0472954,10,,,
It’s Always Sunny in Philadelphia,12,2017-01-04,0.730,0.44,tt0472954,1,,,
It’s Always Sunny in Philadelphia,12,2017-01-11,0.574,0.32,tt0472954,2,,,
It’s Always Sunny in Philadelphia,12,2017-01-18,0.602,0.40,tt0472954,3,,,
It’s Always Sunny in Philadelphia,12,2017-01-25,0.629,0.38,tt0472954,4,,,
It’s Always Sunny in Philadelphia,12,2017-02-01,0.602,0.37,tt0472954,5,,,
It’s Always Sunny in Philadelphia,12,2017-02-08,0.551,0.34,tt0472954,6,,,
It’s Always Sunny in Philadelphia,12,2017-02-15,0.572,0.35,tt0472954,7,,,
It’s Always Sunny in Philadelphia,12,2017-02-22,0.587,0.34,tt0472954,8,,,
It’s Always Sunny in Philadelphia,12,2017-03-01,0.523,0.30,tt0472954,9,,,
It’s Always Sunny in Philadelphia,12,2017-03-08,0.640,0.36,tt0472954,10,,,
It’s Always Sunny in Philadelphia,13,,0.606,0.38,tt0472954,1,,,
It’s Always Sunny in Philadelphia,13,,0.390,0.20,tt0472954,2,,,
It’s Always Sunny in Philadelphia,13,,0.420,0.25,tt0472954,3,,,
It’s Always Sunny in Philadelphia,13,,0.312,0.20,tt0472954,4,,,
It’s Always Sunny in Philadelphia,13,2018-10-03,0.319,0.18,tt0472954,5,,,
It’s Always Sunny in Philadelphia,13,2018-10-10,0.342,0.20,tt0472954,6,,,
It’s Always Sunny in Philadelphia,13,2018-10-17,0.298,0.17,tt0472954,7,,,
It’s Always Sunny in Philadelphia,13,2018-10-24,0.294,0.18,tt0472954,8,,,
It’s Always Sunny in Philadelphia,13,2018-10-31,0.323,0.19,tt0472954,9,,,
It’s Always Sunny in Philadelphia,13,2018-11-07,0.357,0.20,tt0472954,10,,,
It’s Always Sunny in Philadelphia,14,,0.481,0.28,tt0472954,1,,,
It’s Always Sunny in Philadelphia,14,2019-10-02,0.317,0.16,tt0472954,2,,,
It’s Always Sunny in Philadelphia,14,2019-10-09,0.308,0.17,tt0472954,3,,,
It’s Always Sunny in Philadelphia,14,2019-10-16,0.296,0.16,tt0472954,4,,,
It’s Always Sunny in Philadelphia,14,2019-10-23,0.259,0.13,tt0472954,5,,,
It’s Always Sunny in Philadelphia,14,2019-10-30,0.248,0.13,tt0472954,6,,,
It’s Always Sunny in Philadelphia,14,2019-11-06,0.261,0.12,tt0472954,7,,,
It’s Always Sunny in Philadelphia,14,2019-11-13,0.314,0.20,tt0472954,8,,,
It’s Always Sunny in Philadelphia,14,2019-11-20,0.268,0.14,tt0472954,9,,,
It’s Always Sunny in Philadelphia,14,2019-11-20,0.236,0.13,tt0472954,10,,,
Nightcap,1,2016-11-16,0.146,0.02,tt5507340,1,1.0,1.0,tt5566504
Nightcap,1,2016-11-16,0.074,0.01,tt5507340,2,1.0,2.0,tt5566498
Nightcap,1,2016-11-23,0.139,0.02,tt5507340,3,1.0,3.0,tt5566506
Nightcap,1,2016-11-30,0.130,0.02,tt5507340,4,1.0,4.0,tt5566496
Nightcap,1,2016-12-07,0.128,0.03,tt5507340,5,1.0,5.0,tt5566500
Nightcap,1,2016-12-14,0.143,0.03,tt5507340,6,1.0,6.0,tt5566510
Nightcap,1,2016-12-21,0.136,0.03,tt5507340,7,1.0,7.0,tt5566502
Nightcap,1,2016-12-28,0.132,0.02,tt5507340,8,1.0,8.0,tt5566508
Nightcap,1,2017-01-04,0.131,0.04,tt5507340,9,1.0,9.0,tt5566512
Nightcap,1,2017-01-11,0.093,0.01,tt5507340,10,1.0,10.0,tt5566514
Nightcap,2,2017-06-07,0.136,0.02,tt5507340,1,2.0,1.0,tt6466506
Nightcap,2,2017-06-07,0.082,0.01,tt5507340,2,2.0,2.0,tt6466512
Nightcap,2,2017-06-14,0.123,0.01,tt5507340,3,2.0,3.0,tt6466510
Nightcap,2,2017-06-21,0.103,0.01,tt5507340,4,2.0,4.0,tt6466516
Nightcap,2,2017-06-28,0.102,0.01,tt5507340,5,2.0,5.0,tt6466518
Nightcap,2,2017-07-05,0.095,0.01,tt5507340,6,2.0,6.0,tt6665118
Nightcap,2,2017-07-12,0.110,0.01,tt5507340,7,2.0,7.0,tt6674372
Nightcap,2,2017-07-19,0.089,0.02,tt5507340,8,2.0,8.0,tt6665122
Nightcap,2,2017-07-26,0.099,0.02,tt5507340,9,2.0,9.0,tt6665124
Nightcap,2,2017-08-02,0.072,0.01,tt5507340,10,2.0,10.0,tt6665126
Hit the Floor,1,,1.540,0.8,tt2368645,1,1.0,1.0,tt2301100
Hit the Floor,1,2013-06-03,1.668,0.8,tt2368645,2,1.0,2.0,tt2413708
Hit the Floor,1,2013-06-10,1.983,1.0,tt2368645,3,1.0,3.0,tt2721944
Hit the Floor,1,2013-06-17,2.163,1.1,tt2368645,4,1.0,4.0,tt2764992
Hit the Floor,1,2013-06-24,2.226,1.2,tt2368645,5,1.0,5.0,tt2724634
Hit the Floor,1,2013-07-01,2.124,1.1,tt2368645,6,1.0,6.0,tt2842188
Hit the Floor,1,2013-07-08,2.230,1.1,tt2368645,7,1.0,7.0,tt2819758
Hit the Floor,1,2013-07-15,2.234,1.2,tt2368645,8,1.0,8.0,tt2842176
Hit the Floor,1,2013-07-22,2.506,1.3,tt2368645,9,1.0,9.0,tt2813862
Hit the Floor,1,2013-07-29,2.623,1.4,tt2368645,10,1.0,10.0,tt2842184
Hit the Floor,2,,2.358,1.10,tt2368645,1,2.0,1.0,tt3756912
Hit the Floor,2,2014-06-02,2.157,1.04,tt2368645,2,2.0,2.0,tt3530576
Hit the Floor,2,2014-06-09,2.159,1.09,tt2368645,3,2.0,3.0,tt3566676
Hit the Floor,2,2014-06-16,2.392,1.09,tt2368645,4,2.0,4.0,tt3636578
Hit the Floor,2,2014-06-23,2.450,1.31,tt2368645,5,2.0,5.0,tt3636582
Hit the Floor,2,2014-06-30,2.380,1.11,tt2368645,6,2.0,6.0,tt3636588
Hit the Floor,2,2014-07-07,2.450,1.19,tt2368645,7,2.0,7.0,tt3636594
Hit the Floor,2,2014-07-14,2.144,0.99,tt2368645,8,2.0,8.0,tt3636596
Hit the Floor,2,2014-07-21,2.412,1.2,tt2368645,9,2.0,9.0,tt3636600
Hit the Floor,2,2014-07-28,1.959,1.0,tt2368645,10,2.0,10.0,tt3636602
Hit the Floor,2,2014-08-04,1.867,0.8,tt2368645,11,2.0,11.0,tt3883432
Hit the Floor,2,2014-08-11,2.368,1.14,tt2368645,12,2.0,12.0,tt3883434
Hit the Floor,3,2016-01-18,1.707,0.84,tt2368645,1,3.0,1.0,tt4431224
Hit the Floor,3,2016-01-25,1.546,0.78,tt2368645,2,3.0,2.0,tt4514618
Hit the Floor,3,2016-02-01,1.352,0.69,tt2368645,3,3.0,3.0,tt4505454
Hit the Floor,3,2016-02-08,1.172,0.62,tt2368645,4,3.0,4.0,tt4505458
Hit the Floor,3,2016-02-22,1.415,0.70,tt2368645,5,3.0,5.0,tt4578206
Hit the Floor,3,2016-02-29,1.249,0.66,tt2368645,6,3.0,6.0,tt4585990
Hit the Floor,3,2016-03-07,1.112,0.54,tt2368645,7,3.0,7.0,tt4585996
Hit the Floor,3,2016-03-14,0.920,0.43,tt2368645,8,3.0,8.0,tt4588788
Hit the Floor,3,2016-03-21,1.320,0.66,tt2368645,9,3.0,9.0,tt4695150
Hit the Floor,3,2016-03-28,1.211,0.64,tt2368645,10,3.0,10.0,tt4692984
Hit the Floor,3,,1.235,0.57,tt2368645,11,3.0,11.0,tt5701820
Hit the Floor,4,2018-07-10,0.483,0.20,tt2368645,1,4.0,1.0,tt6997772
Hit the Floor,4,2018-07-17,0.343,0.12,tt2368645,2,4.0,2.0,tt7569292
Hit the Floor,4,2018-07-24,0.371,0.16,tt2368645,3,4.0,3.0,tt7569294
Hit the Floor,4,2018-07-31,0.456,0.18,tt2368645,4,4.0,4.0,tt7569296
Hit the Floor,4,2018-08-07,0.346,0.11,tt2368645,5,4.0,5.0,tt7569300
Hit the Floor,4,2018-08-14,0.347,0.12,tt2368645,6,4.0,6.0,tt7698442
Hit the Floor,4,2018-08-21,0.393,0.16,tt2368645,7,4.0,7.0,tt7927894
Hit the Floor,4,2018-08-28,0.321,0.12,tt2368645,8,4.0,8.0,tt7927898
City on a Hill,1,2019-06-16,0.532,0.07,tt7187044,1,1.0,1.0,tt7632766
City on a Hill,1,2019-06-23,0.446,0.06,tt7187044,2,1.0,2.0,tt8782500
City on a Hill,1,2019-06-30,0.409,0.04,tt7187044,3,1.0,3.0,tt8782502
City on a Hill,1,2019-07-07,0.411,0.06,tt7187044,4,1.0,4.0,tt8782508
City on a Hill,1,2019-07-14,0.459,0.06,tt7187044,5,1.0,5.0,tt8782510
City on a Hill,1,,0.406,0.04,tt7187044,6,1.0,6.0,tt8782514
City on a Hill,1,2019-07-28,0.534,0.06,tt7187044,7,1.0,7.0,tt8782516
City on a Hill,1,2019-08-04,0.601,0.09,tt7187044,8,1.0,8.0,tt8782518
City on a Hill,1,2019-08-11,0.555,0.06,tt7187044,9,1.0,9.0,tt8782520
City on a Hill,1,2019-08-18,0.569,0.06,tt7187044,10,1.0,10.0,tt8782524
City on a Hill,2,2021-03-28,0.372,0.06,tt7187044,1,2.0,1.0,tt10740716
City on a Hill,2,2021-04-04,0.353,0.03,tt7187044,2,2.0,2.0,tt10740718
City on a Hill,2,2021-04-11,0.347,0.04,tt7187044,3,2.0,3.0,tt13520688
City on a Hill,2,2021-04-18,0.372,0.05,tt7187044,4,2.0,4.0,tt13520698
City on a Hill,2,2021-04-25,0.308,0.03,tt7187044,5,2.0,5.0,tt13520706
City on a Hill,2,,0.426,0.03,tt7187044,6,2.0,6.0,tt13520708
City on a Hill,2,,0.471,0.07,tt7187044,7,2.0,7.0,tt13520710
City on a Hill,2,,0.382,0.03,tt7187044,8,2.0,8.0,tt13520718
Ascension,1,2014-12-15,1.763,0.61,tt3696720,1,1.0,1.0,tt3854230
Ascension,1,2014-12-16,1.326,0.43,tt3696720,2,1.0,2.0,tt3953884
Ascension,1,2014-12-17,1.503,0.47,tt3696720,3,1.0,3.0,tt3967812
The Night Manager,1,2016-04-19,0.933,0.21,tt1399664,1,1.0,1.0,tt4426876
The Night Manager,1,2016-04-26,0.812,0.15,tt1399664,2,1.0,2.0,tt4426890
The Night Manager,1,,0.806,0.19,tt1399664,3,1.0,3.0,tt4426894
The Night Manager,1,,0.725,0.12,tt1399664,4,1.0,4.0,tt4426898
The Night Manager,1,,0.678,0.14,tt1399664,5,1.0,5.0,tt4426900
The Night Manager,1,,0.806,0.19,tt1399664,6,1.0,6.0,tt4426880
Homeland,1,2011-10-02,1.082,0.4,tt1796960,1,1.0,1.0,tt1811020
Homeland,1,2011-10-09,0.938,0.4,tt1796960,2,1.0,2.0,tt1988308
Homeland,1,2011-10-16,1.077,0.4,tt1796960,3,1.0,3.0,tt1988309
Homeland,1,2011-10-23,1.101,0.4,tt1796960,4,1.0,4.0,tt2011518
Homeland,1,2011-10-30,1.277,0.4,tt1796960,5,1.0,5.0,tt2023998
Homeland,1,2011-11-06,1.327,0.5,tt1796960,6,1.0,6.0,tt2024865
Homeland,1,2011-11-13,1.424,0.6,tt1796960,7,1.0,7.0,tt2043149
Homeland,1,2011-11-20,1.203,0.4,tt1796960,8,1.0,8.0,tt2041952
Homeland,1,2011-11-27,1.352,0.5,tt1796960,9,1.0,9.0,tt2081742
Homeland,1,2011-12-04,1.215,0.4,tt1796960,10,1.0,10.0,tt2081741
Homeland,1,2011-12-11,1.321,0.5,tt1796960,11,1.0,11.0,tt2084389
Homeland,1,2011-12-18,1.705,0.7,tt1796960,12,1.0,12.0,tt2084390
Homeland,2,,1.727,0.7,tt1796960,1,2.0,1.0,tt2100961
Homeland,2,2012-10-07,1.661,0.8,tt1796960,2,2.0,2.0,tt2385581
Homeland,2,2012-10-14,1.480,0.6,tt1796960,3,2.0,3.0,tt2385583
Homeland,2,2012-10-21,1.745,0.8,tt1796960,4,2.0,4.0,tt2385585
Homeland,2,2012-10-28,2.073,0.9,tt1796960,5,2.0,5.0,tt2325080
Homeland,2,2011-11-04,1.741,0.8,tt1796960,6,2.0,6.0,tt2352340
Homeland,2,2011-11-11,1.905,0.8,tt1796960,7,2.0,7.0,tt2355180
Homeland,2,2011-11-18,1.867,0.9,tt1796960,8,2.0,8.0,tt2368314
Homeland,2,2012-11-25,2.015,0.8,tt1796960,9,2.0,9.0,tt2368332
Homeland,2,2012-12-02,2.198,1.0,tt1796960,10,2.0,10.0,tt2408792
Homeland,2,2012-12-09,2.363,1.0,tt1796960,11,2.0,11.0,tt2408796
Homeland,2,2012-12-16,2.285,0.9,tt1796960,12,2.0,12.0,tt2408794
Homeland,3,,1.876,0.8,tt1796960,1,3.0,1.0,tt2473824
Homeland,3,2013-10-06,1.827,0.7,tt1796960,2,3.0,2.0,tt2916284
Homeland,3,2013-10-13,1.809,0.8,tt1796960,3,3.0,3.0,tt2916290
Homeland,3,2013-10-20,1.772,0.7,tt1796960,4,3.0,4.0,tt2916300
Homeland,3,2013-10-27,2.001,0.8,tt1796960,5,3.0,5.0,tt2916302
Homeland,3,2013-11-03,2.001,0.8,tt1796960,6,3.0,6.0,tt2916304
Homeland,3,2013-11-10,1.850,0.7,tt1796960,7,3.0,7.0,tt2916308
Homeland,3,2013-11-17,1.784,0.7,tt1796960,8,3.0,8.0,tt2916310
Homeland,3,2013-11-24,1.941,0.7,tt1796960,9,3.0,9.0,tt2916312
Homeland,3,2013-12-01,2.062,0.7,tt1796960,10,3.0,10.0,tt2916314
Homeland,3,2013-12-08,2.088,0.8,tt1796960,11,3.0,11.0,tt2916316
Homeland,3,2013-12-15,2.384,0.9,tt1796960,12,3.0,12.0,tt2916318
Homeland,4,,1.610,0.56,tt1796960,1,4.0,1.0,tt3284012
Homeland,4,2014-10-12,1.223,0.44,tt1796960,2,4.0,2.0,tt3505184
Homeland,4,2014-10-19,1.349,0.47,tt1796960,3,4.0,3.0,tt3505188
Homeland,4,2014-10-26,1.523,0.53,tt1796960,4,4.0,4.0,tt3505186
Homeland,4,2014-11-02,1.535,0.53,tt1796960,5,4.0,5.0,tt3505192
Homeland,4,2014-11-09,1.545,0.52,tt1796960,6,4.0,6.0,tt3921048
Homeland,4,2014-11-16,1.663,0.52,tt1796960,7,4.0,7.0,tt3977324
Homeland,4,2014-11-23,1.774,0.59,tt1796960,8,4.0,8.0,tt3990534
Homeland,4,2014-12-07,1.947,0.60,tt1796960,9,4.0,9.0,tt4023224
Homeland,4,2014-12-14,2.110,0.68,tt1796960,10,4.0,10.0,tt3984158
Homeland,4,2014-12-21,1.920,0.62,tt1796960,11,4.0,11.0,tt3960094
Homeland,5,2015-10-04,1.663,0.56,tt1796960,1,5.0,1.0,tt4190442
Homeland,5,2015-10-11,1.396,0.46,tt1796960,2,5.0,2.0,tt4791472
Homeland,5,2015-10-18,1.106,0.37,tt1796960,3,5.0,3.0,tt4847018
Homeland,5,2015-10-25,1.630,0.56,tt1796960,4,5.0,4.0,tt4840674
Homeland,5,2015-11-01,1.304,0.38,tt1796960,5,5.0,5.0,tt4847022
Homeland,5,2015-11-08,1.350,0.42,tt1796960,6,5.0,6.0,tt4847026
Homeland,5,2015-11-15,1.348,0.40,tt1796960,7,5.0,7.0,tt4847030
Homeland,5,2015-11-22,1.468,0.48,tt1796960,8,5.0,8.0,tt4847038
Homeland,5,2015-11-29,1.420,0.48,tt1796960,9,5.0,9.0,tt4847040
Homeland,5,2015-12-06,1.740,0.63,tt1796960,10,5.0,10.0,tt4847044
Homeland,5,2015-12-13,1.837,0.59,tt1796960,11,5.0,11.0,tt4847046
Homeland,5,2015-12-20,2.073,0.70,tt1796960,12,5.0,12.0,tt4626230
Homeland,6,2017-01-15,1.075,0.31,tt1796960,1,6.0,1.0,tt5261748
Homeland,6,2017-01-22,1.451,0.46,tt1796960,2,6.0,2.0,tt5314806
Homeland,6,2017-01-29,1.130,0.36,tt1796960,3,6.0,3.0,tt5314802
Homeland,6,2017-02-12,1.051,0.31,tt1796960,4,6.0,4.0,tt5314810
Homeland,6,2017-02-19,1.069,0.33,tt1796960,5,6.0,5.0,tt5314818
Homeland,6,2017-02-26,0.899,0.29,tt1796960,6,6.0,6.0,tt5314816
Homeland,6,2017-03-05,1.437,0.51,tt1796960,7,6.0,7.0,tt5314822
Homeland,6,2017-03-12,1.274,0.44,tt1796960,8,6.0,8.0,tt5314830
Homeland,6,2017-03-19,1.258,0.45,tt1796960,9,6.0,9.0,tt5314824
Homeland,6,2017-03-26,1.427,0.49,tt1796960,10,6.0,10.0,tt5314826
Homeland,6,2017-04-02,1.342,0.44,tt1796960,11,6.0,11.0,tt5314832
Homeland,6,2017-04-09,1.896,0.62,tt1796960,12,6.0,12.0,tt5314828
Homeland,7,2018-02-11,1.221,0.33,tt1796960,1,7.0,1.0,tt5959082
Homeland,7,2018-02-18,1.120,0.29,tt1796960,2,7.0,2.0,tt7319318
Homeland,7,2018-02-25,1.255,0.28,tt1796960,3,7.0,3.0,tt7367134
Homeland,7,2018-03-04,0.930,0.22,tt1796960,4,7.0,4.0,tt7367140
Homeland,7,2018-03-11,1.315,0.29,tt1796960,5,7.0,5.0,tt7386406
Homeland,7,2018-03-18,1.253,0.31,tt1796960,6,7.0,6.0,tt7386408
Homeland,7,2018-03-25,1.275,0.32,tt1796960,7,7.0,7.0,tt7386416
Homeland,7,2018-04-01,1.219,0.30,tt1796960,8,7.0,8.0,tt7386420
Homeland,7,2018-04-08,1.242,0.29,tt1796960,9,7.0,9.0,tt7386422
Homeland,7,2018-04-15,1.283,0.29,tt1796960,10,7.0,10.0,tt7319320
Homeland,7,2018-04-22,1.387,0.33,tt1796960,11,7.0,11.0,tt7319316
Homeland,7,2018-04-29,1.300,0.32,tt1796960,12,7.0,12.0,tt7126668
Homeland,8,2020-02-09,0.600,0.13,tt1796960,1,8.0,1.0,tt5959084
Homeland,8,2020-02-16,0.675,0.10,tt1796960,2,8.0,2.0,tt8355876
Homeland,8,2020-02-23,0.710,0.13,tt1796960,3,8.0,3.0,tt8355878
Homeland,8,2020-03-01,0.732,0.13,tt1796960,4,8.0,4.0,tt8355882
Homeland,8,2020-03-08,0.823,0.13,tt1796960,5,8.0,5.0,tt8355884
Homeland,8,2020-03-15,0.706,0.11,tt1796960,6,8.0,6.0,tt8355888
Homeland,8,2020-03-22,1.090,0.19,tt1796960,7,8.0,7.0,tt8355890
Homeland,8,2020-03-29,0.749,0.11,tt1796960,8,8.0,8.0,tt8355892
Homeland,8,2020-04-05,0.809,0.13,tt1796960,9,8.0,9.0,tt8355894
Homeland,8,2020-04-12,0.893,0.12,tt1796960,10,8.0,10.0,tt8355896
Homeland,8,2020-04-19,0.958,0.18,tt1796960,11,8.0,11.0,tt8355898
Homeland,8,2020-04-26,1.258,0.24,tt1796960,12,8.0,12.0,tt7126670
Orphan Black,1,2013-03-30,0.684,0.3,tt2234222,1,1.0,1.0,tt2510426
Orphan Black,1,2013-04-06,0.409,0.18,tt2234222,2,1.0,2.0,tt2580386
Orphan Black,1,2013-04-13,0.350,0.14,tt2234222,3,1.0,3.0,tt2639284
Orphan Black,1,2013-04-20,0.361,0.18,tt2234222,4,1.0,4.0,tt2545702
Orphan Black,1,2013-04-27,0.327,0.13,tt2234222,5,1.0,5.0,tt2639288
Orphan Black,1,,0.340,0.13,tt2234222,6,1.0,6.0,tt2639290
Orphan Black,1,,0.280,0.10,tt2234222,7,1.0,7.0,tt2639292
Orphan Black,1,,0.367,0.17,tt2234222,8,1.0,8.0,tt2639296
Orphan Black,1,,0.253,0.10,tt2234222,9,1.0,9.0,tt2639302
Orphan Black,1,2013-06-01,0.376,0.16,tt2234222,10,1.0,10.0,tt2639304
Orphan Black,2,2014-04-19,0.620,0.31,tt2234222,1,2.0,1.0,tt2922240
Orphan Black,2,2014-04-26,0.718,0.29,tt2234222,2,2.0,2.0,tt3314556
Orphan Black,2,,0.454,0.2,tt2234222,3,2.0,3.0,tt3314576
Orphan Black,2,,0.484,0.24,tt2234222,4,2.0,4.0,tt3360108
Orphan Black,2,,0.510,0.25,tt2234222,5,2.0,5.0,tt3360114
Orphan Black,2,,0.541,0.25,tt2234222,6,2.0,6.0,tt3360112
Orphan Black,2,,0.497,0.23,tt2234222,7,2.0,7.0,tt3360118
Orphan Black,2,2014-06-07,0.576,0.27,tt2234222,8,2.0,8.0,tt3360120
Orphan Black,2,2014-06-14,0.613,0.25,tt2234222,9,2.0,9.0,tt3360126
Orphan Black,2,2014-06-21,0.538,0.23,tt2234222,10,2.0,10.0,tt3360124
Orphan Black,3,,0.535,0.19,tt2234222,1,3.0,1.0,tt3859370
Orphan Black,3,,1.271,0.40,tt2234222,2,3.0,2.0,tt4277160
Orphan Black,3,2015-04-25,0.420,0.14,tt2234222,3,3.0,3.0,tt4277162
Orphan Black,3,,0.443,0.19,tt2234222,4,3.0,4.0,tt4226074
Orphan Black,3,,0.406,0.16,tt2234222,5,3.0,5.0,tt4277164
Orphan Black,3,,0.460,0.15,tt2234222,6,3.0,6.0,tt4277166
Orphan Black,3,,0.393,0.10,tt2234222,7,3.0,7.0,tt4277168
Orphan Black,3,,0.372,0.10,tt2234222,8,3.0,8.0,tt4277172
Orphan Black,3,2015-06-06,0.522,0.16,tt2234222,9,3.0,9.0,tt4277174
Orphan Black,3,2015-06-13,0.401,0.11,tt2234222,10,3.0,10.0,tt4277176
Orphan Black,3,2015-06-20,0.428,0.15,tt2234222,11,,,
Orphan Black,4,2016-04-14,0.229,0.08,tt2234222,1,4.0,1.0,tt4666106
Orphan Black,4,2016-04-21,0.271,0.11,tt2234222,2,4.0,2.0,tt5202896
Orphan Black,4,2016-04-28,0.242,0.10,tt2234222,3,4.0,3.0,tt5202902
Orphan Black,4,,0.218,0.08,tt2234222,4,4.0,4.0,tt5202900
Orphan Black,4,,0.223,0.08,tt2234222,5,4.0,5.0,tt5202898
Orphan Black,4,,0.248,0.10,tt2234222,6,4.0,6.0,tt5202904
Orphan Black,4,,0.258,0.10,tt2234222,7,4.0,7.0,tt5202906
Orphan Black,4,2016-06-02,0.245,0.10,tt2234222,8,4.0,8.0,tt5202908
Orphan Black,4,2016-06-09,0.291,0.12,tt2234222,9,4.0,9.0,tt5202910
Orphan Black,4,2016-06-16,0.325,0.13,tt2234222,10,4.0,10.0,tt5202912
Orphan Black,5,2017-06-10,0.278,0.07,tt2234222,1,5.0,1.0,tt5814630
Orphan Black,5,2017-06-17,0.225,0.06,tt2234222,2,5.0,2.0,tt6333012
Orphan Black,5,2017-06-24,0.205,0.05,tt2234222,3,5.0,3.0,tt6271006
Orphan Black,5,2017-07-01,0.277,0.08,tt2234222,4,5.0,4.0,tt6446452
Orphan Black,5,2017-07-08,0.271,0.07,tt2234222,5,5.0,5.0,tt6446456
Orphan Black,5,2017-07-15,0.236,0.07,tt2234222,6,5.0,6.0,tt6408790
Orphan Black,5,2017-07-22,0.278,0.09,tt2234222,7,5.0,7.0,tt6446458
Orphan Black,5,2017-07-29,0.285,0.10,tt2234222,8,5.0,8.0,tt6446462
Orphan Black,5,2017-08-05,0.305,0.08,tt2234222,9,5.0,9.0,tt6446460
Orphan Black,5,2017-08-12,0.376,0.13,tt2234222,10,5.0,10.0,tt6185992
Guilt,1,2016-06-13,0.486,0.16,tt9644058,1,1.0,1.0,tt10147196
Guilt,1,2016-06-20,0.328,0.12,tt9644058,2,1.0,2.0,tt10147198
Guilt,1,2016-06-27,0.329,0.14,tt9644058,3,1.0,3.0,tt10147200
Guilt,1,2016-07-11,0.245,0.08,tt9644058,4,1.0,4.0,tt10147204
Guilt,1,2016-07-18,0.286,0.08,tt9644058,5,,,
Guilt,1,2016-07-25,0.302,0.11,tt9644058,6,,,
Guilt,1,2016-08-01,0.341,0.12,tt9644058,7,,,
Guilt,1,2016-08-08,0.305,0.12,tt9644058,8,,,
Guilt,1,2016-08-15,0.296,0.12,tt9644058,9,,,
Guilt,1,2016-08-22,0.396,0.15,tt9644058,10,,,
Best Week Ever,1,2013-01-18,0.298,0.2,tt2874362,1,,,
Best Week Ever,1,2013-01-25,0.369,0.2,tt2874362,2,,,
Best Week Ever,1,2013-02-01,0.193,0.1,tt2874362,3,,,
Best Week Ever,1,2013-02-08,0.279,0.2,tt2874362,4,,,
Best Week Ever,1,2013-02-15,0.231,0.1,tt2874362,5,,,
Best Week Ever,1,2013-02-22,0.173,0.1,tt2874362,6,,,
Best Week Ever,1,2013-03-08,0.104,0.1,tt2874362,7,,,
Best Week Ever,1,2013-03-15,0.187,0.1,tt2874362,8,,,
Best Week Ever,1,2013-03-22,0.173,0.1,tt2874362,9,,,
Best Week Ever,1,2013-03-29,0.163,0.1,tt2874362,10,,,
Best Week Ever,1,2013-04-05,0.127,0.1,tt2874362,11,,,
Best Week Ever,1,2013-04-12,0.152,0.1,tt2874362,12,,,
Best Week Ever,1,2013-04-19,0.286,0.2,tt2874362,13,,,
Best Week Ever,1,2013-04-26,0.172,0.1,tt2874362,14,,,
Best Week Ever,1,,0.127,0.1,tt2874362,15,,,
Best Week Ever,1,,0.174,0.1,tt2874362,16,,,
Best Week Ever,1,,0.181,0.1,tt2874362,17,,,
Best Week Ever,1,,0.285,0.1,tt2874362,18,,,
Best Week Ever,2,,0.207,0.13,tt2874362,1,,,
Best Week Ever,2,,0.235,0.14,tt2874362,2,,,
Best Week Ever,2,2013-10-04,0.240,0.15,tt2874362,3,,,
Best Week Ever,2,2013-10-11,0.327,0.17,tt2874362,4,,,
Best Week Ever,2,2013-10-18,0.197,0.08,tt2874362,5,,,
Best Week Ever,2,2013-10-25,0.252,0.12,tt2874362,6,,,
Best Week Ever,2,2013-11-01,0.227,0.14,tt2874362,7,,,
Best Week Ever,2,2013-11-08,0.318,0.20,tt2874362,8,,,
Best Week Ever,2,2013-11-15,0.261,0.13,tt2874362,9,,,
Best Week Ever,2,2013-11-22,0.396,0.12,tt2874362,10,,,
Best Week Ever,2,2013-12-06,0.387,0.19,tt2874362,11,,,
Best Week Ever,2,2013-12-13,0.230,0.15,tt2874362,12,,,
Best Week Ever,2,2013-12-20,0.221,0.13,tt2874362,13,,,
Best Week Ever,2,2014-01-10,0.224,0.11,tt2874362,14,,,
Best Week Ever,2,2014-01-17,0.186,0.10,tt2874362,15,,,
Best Week Ever,2,2014-01-24,0.363,0.20,tt2874362,16,,,
Best Week Ever,2,2014-02-07,0.143,0.06,tt2874362,17,,,
Best Week Ever,2,2014-02-14,0.209,0.10,tt2874362,18,,,
Best Week Ever,2,2014-02-21,0.232,0.13,tt2874362,19,,,
Best Week Ever,2,2014-02-28,0.238,0.14,tt2874362,20,,,
Best Week Ever,2,2014-03-07,0.252,0.14,tt2874362,21,,,
Best Week Ever,2,2014-03-14,0.214,0.11,tt2874362,22,,,
Best Week Ever,2,2014-03-28,0.279,0.16,tt2874362,23,,,
Best Week Ever,2,2014-04-04,0.298,0.12,tt2874362,24,,,
Best Week Ever,2,2014-04-11,0.126,0.06,tt2874362,25,,,
Best Week Ever,2,2014-04-18,0.176,0.09,tt2874362,26,,,
Underground,1,2016-03-09,1.421,0.39,tt4522400,1,1.0,1.0,tt4621966
Underground,1,2016-03-16,0.989,0.27,tt4522400,2,1.0,2.0,tt4744238
Underground,1,2016-03-23,0.895,0.24,tt4522400,3,1.0,3.0,tt4694730
Underground,1,2016-03-30,0.915,0.29,tt4522400,4,1.0,4.0,tt4744248
Underground,1,2016-04-06,0.978,0.34,tt4522400,5,1.0,5.0,tt4769506
Underground,1,2016-04-13,0.881,0.29,tt4522400,6,1.0,6.0,tt4765140
Underground,1,2016-04-20,0.946,0.33,tt4522400,7,1.0,7.0,tt4863160
Underground,1,2016-04-27,0.992,0.33,tt4522400,8,1.0,8.0,tt4845800
Underground,1,,0.905,0.33,tt4522400,9,1.0,9.0,tt4880612
Underground,1,,1.012,0.38,tt4522400,10,1.0,10.0,tt4975154
Underground,2,2017-03-08,1.103,0.37,tt4522400,1,2.0,1.0,tt5665680
Underground,2,2017-03-15,0.641,0.23,tt4522400,2,2.0,2.0,tt5688828
Underground,2,2017-03-22,0.563,0.19,tt4522400,3,2.0,3.0,tt5689768
Underground,2,2017-03-29,0.476,0.14,tt4522400,4,2.0,4.0,tt5716426
Underground,2,2017-04-05,0.594,0.21,tt4522400,5,2.0,5.0,tt5722644
Underground,2,2017-04-12,0.379,0.12,tt4522400,6,2.0,6.0,tt5722646
Underground,2,2017-04-19,0.500,0.19,tt4522400,7,2.0,7.0,tt5722650
Underground,2,2017-04-26,0.494,0.14,tt4522400,8,2.0,8.0,tt5722654
Underground,2,,0.443,0.16,tt4522400,9,2.0,9.0,tt5722658
Underground,2,,0.479,0.16,tt4522400,10,2.0,10.0,tt5665682
The Luminaries,1,2021-02-14,0.154,0.01,tt8075008,1,1.0,1.0,tt9055570
The Luminaries,1,2021-02-21,0.117,0.01,tt8075008,2,1.0,2.0,tt9055572
The Luminaries,1,2021-02-28,0.114,0.01,tt8075008,3,1.0,3.0,tt9055574
The Luminaries,1,2021-03-07,0.086,0.01,tt8075008,4,1.0,4.0,tt9055576
The Luminaries,1,2021-03-14,0.088,0.01,tt8075008,5,1.0,5.0,tt9055578
The Luminaries,1,2021-03-28,0.063,0.00,tt8075008,6,1.0,6.0,tt9055580
The Gloaming,1,2021-03-21,0.137,0.02,tt8610212,1,1.0,1.0,tt11329036
The Gloaming,1,2021-03-28,0.076,0.00,tt8610212,2,1.0,2.0,tt11329038
The Gloaming,1,2021-04-04,0.075,0.01,tt8610212,3,1.0,3.0,tt11329042
The Gloaming,1,2021-04-11,0.038,0.01,tt8610212,4,1.0,4.0,tt11329046
The Gloaming,1,2021-04-18,0.079,0.01,tt8610212,5,1.0,5.0,tt11329050
The Gloaming,1,2021-04-25,0.090,0.01,tt8610212,6,1.0,6.0,tt11329052
The Gloaming,1,,0.034,0.00,tt8610212,7,1.0,7.0,tt11329054
The Gloaming,1,,0.073,0.01,tt8610212,8,1.0,8.0,tt11329056
Confronting a Serial Killer,1,2021-04-18,0.084,0.00,tt13847744,1,1.0,1.0,tt13984738
Confronting a Serial Killer,1,2021-04-25,0.071,0.01,tt13847744,2,1.0,2.0,tt13988040
Confronting a Serial Killer,1,,0.052,0.01,tt13847744,3,1.0,3.0,tt13988060
Confronting a Serial Killer,1,,0.031,0.01,tt13847744,4,1.0,4.0,tt13988074
Confronting a Serial Killer,1,,0.058,0.02,tt13847744,5,1.0,5.0,tt13988084
Outsiders,1,2016-01-26,1.055,0.33,tt4816626,1,1.0,1.0,tt4917094
Outsiders,1,2016-02-02,0.840,0.29,tt4816626,2,1.0,2.0,tt4857794
Outsiders,1,2016-02-09,0.881,0.28,tt4816626,3,1.0,3.0,tt4851972
Outsiders,1,2016-02-16,0.801,0.30,tt4816626,4,1.0,4.0,tt4917100
Outsiders,1,2016-02-23,0.764,0.29,tt4816626,5,1.0,5.0,tt4864608
Outsiders,1,2016-03-01,0.728,0.29,tt4816626,6,1.0,6.0,tt4851974
Outsiders,1,2016-03-08,0.669,0.24,tt4816626,7,1.0,7.0,tt4917102
Outsiders,1,2016-03-15,0.737,0.28,tt4816626,8,1.0,8.0,tt4864618
Outsiders,1,2016-03-22,0.673,0.22,tt4816626,9,1.0,9.0,tt4917104
Outsiders,1,2016-03-29,0.809,0.27,tt4816626,10,1.0,10.0,tt4917106
Outsiders,1,2016-04-05,0.823,0.32,tt4816626,11,1.0,11.0,tt4917112
Outsiders,1,2016-04-12,0.954,0.31,tt4816626,12,1.0,12.0,tt4917116
Outsiders,1,2016-04-19,0.956,0.32,tt4816626,13,1.0,13.0,tt4996382
Outsiders,2,2017-01-24,0.932,0.27,tt4816626,1,2.0,1.0,tt5741878
Outsiders,2,2017-01-31,0.834,0.19,tt4816626,2,2.0,2.0,tt5741890
Outsiders,2,2017-02-07,0.747,0.19,tt4816626,3,2.0,3.0,tt5741852
Outsiders,2,2017-02-14,0.797,0.24,tt4816626,4,2.0,4.0,tt5741856
Outsiders,2,2017-02-21,0.773,0.24,tt4816626,5,2.0,5.0,tt5870130
Outsiders,2,2017-02-28,0.825,0.24,tt4816626,6,2.0,6.0,tt5870132
Outsiders,2,2017-03-07,0.721,0.21,tt4816626,7,2.0,7.0,tt5982844
Outsiders,2,2017-03-14,0.728,0.20,tt4816626,8,2.0,8.0,tt6191262
Outsiders,2,2017-03-21,0.886,0.27,tt4816626,9,2.0,9.0,tt6191266
Outsiders,2,2017-04-04,0.735,0.17,tt4816626,10,2.0,10.0,tt6191272
Outsiders,2,2017-04-11,0.764,0.21,tt4816626,11,2.0,11.0,tt6191274
Outsiders,2,2017-04-18,0.622,0.13,tt4816626,12,2.0,12.0,tt6186206
Outsiders,2,2017-04-25,0.673,0.17,tt4816626,13,2.0,13.0,tt6155212
Impastor,1,2015-06-02,0.382,0.11,tt4543708,1,1.0,1.0,tt4558080
Impastor,1,2015-07-12,0.619,0.13,tt4543708,2,1.0,2.0,tt4583276
Impastor,1,2015-07-19,0.519,0.12,tt4543708,3,1.0,3.0,tt4583300
Impastor,1,2015-07-29,0.438,0.08,tt4543708,4,1.0,4.0,tt4611212
Impastor,1,2015-08-05,0.484,0.11,tt4543708,5,1.0,5.0,tt4582216
Impastor,1,2015-08-12,0.489,0.13,tt4543708,6,1.0,6.0,tt4627172
Impastor,1,2015-08-19,0.489,0.13,tt4543708,7,1.0,7.0,tt4627148
Impastor,1,2015-08-26,0.351,0.09,tt4543708,8,1.0,8.0,tt4627176
Impastor,1,,0.449,0.12,tt4543708,9,1.0,9.0,tt4611218
Impastor,1,,0.337,0.06,tt4543708,10,1.0,10.0,tt4561272
Impastor,1,,0.384,0.08,tt4543708,11,,,
Impastor,1,2015-07-12,0.534,0.19,tt4543708,12,,,
Impastor,1,2015-07-19,0.546,0.18,tt4543708,13,,,
Impastor,1,2015-07-29,0.580,0.17,tt4543708,14,,,
Impastor,1,2015-08-05,0.472,0.14,tt4543708,15,,,
Impastor,1,2015-08-12,0.484,0.15,tt4543708,16,,,
Impastor,1,2015-08-19,0.481,0.16,tt4543708,17,,,
Impastor,1,2015-08-26,0.637,0.18,tt4543708,18,,,
Impastor,1,,not simulcast,not simulcast,tt4543708,19,,,
Impastor,1,,0.460,0.13,tt4543708,20,,,
Impastor,1,,0.526,0.16,tt4543708,21,,,
Impastor,2,,0.320,0.08,tt4543708,1,2.0,1.0,tt5434354
Impastor,2,2016-10-05,0.331,0.11,tt4543708,2,2.0,2.0,tt5648544
Impastor,2,2016-10-12,0.336,0.07,tt4543708,3,2.0,3.0,tt6082260
Impastor,2,2016-10-19,0.296,0.07,tt4543708,4,2.0,4.0,tt5699986
Impastor,2,2016-10-26,0.368,0.10,tt4543708,5,2.0,5.0,tt5699988
Impastor,2,2016-11-02,0.392,0.07,tt4543708,6,2.0,6.0,tt6082266
Impastor,2,2016-11-09,0.345,0.07,tt4543708,7,2.0,7.0,tt5648124
Impastor,2,2016-11-16,0.419,0.08,tt4543708,8,2.0,8.0,tt5716740
Impastor,2,2016-11-30,0.383,0.08,tt4543708,9,2.0,9.0,tt6082256
Impastor,2,2016-12-07,0.434,0.10,tt4543708,10,2.0,10.0,tt6082248
The Last Ship,1,2014-06-22,5.334,1.18,tt2402207,1,1.0,1.0,tt3307766
The Last Ship,1,2014-06-29,4.645,1.10,tt2402207,2,1.0,2.0,tt3350816
The Last Ship,1,2014-07-06,4.092,1.00,tt2402207,3,1.0,3.0,tt3355528
The Last Ship,1,2014-07-13,4.559,1.02,tt2402207,4,1.0,4.0,tt3398224
The Last Ship,1,2014-07-20,4.056,1.1,tt2402207,5,1.0,5.0,tt3398226
The Last Ship,1,2014-07-27,4.357,1.1,tt2402207,6,1.0,6.0,tt3399198
The Last Ship,1,2014-08-03,4.147,1.05,tt2402207,7,1.0,7.0,tt3903734
The Last Ship,1,2014-08-10,4.607,1.03,tt2402207,8,1.0,8.0,tt3399200
The Last Ship,1,2014-08-17,4.124,1.01,tt2402207,9,1.0,9.0,tt3340416
The Last Ship,1,2014-08-24,4.375,1.01,tt2402207,10,1.0,10.0,tt3473116
The Last Ship,2,2015-06-21,2.938,0.69,tt2402207,1,2.0,1.0,tt3881242
The Last Ship,2,2015-06-28,3.282,0.85,tt2402207,2,2.0,2.0,tt4227492
The Last Ship,2,2015-07-05,2.618,0.67,tt2402207,3,2.0,3.0,tt4251310
The Last Ship,2,2015-07-12,2.999,0.69,tt2402207,4,2.0,4.0,tt4251330
The Last Ship,2,2015-07-19,3.023,0.69,tt2402207,5,2.0,5.0,tt4251486
The Last Ship,2,2015-07-26,2.956,0.69,tt2402207,6,2.0,6.0,tt4284044
The Last Ship,2,2015-08-02,2.857,0.77,tt2402207,7,2.0,7.0,tt4423106
The Last Ship,2,2015-08-09,2.980,0.76,tt2402207,8,2.0,8.0,tt4423120
The Last Ship,2,2015-08-16,2.806,0.69,tt2402207,9,2.0,9.0,tt4479840
The Last Ship,2,2015-08-23,2.693,0.70,tt2402207,10,2.0,10.0,tt4511986
The Last Ship,2,2015-08-30,2.960,0.80,tt2402207,11,2.0,11.0,tt4525180
The Last Ship,2,,2.754,0.66,tt2402207,12,2.0,12.0,tt4560202
The Last Ship,3,,1.857,0.76,tt2402207,1,3.0,1.0,tt5024738
The Last Ship,3,,1.785,0.41,tt2402207,2,3.0,2.0,tt5271056
The Last Ship,3,2016-06-19,1.780,0.39,tt2402207,3,3.0,3.0,tt4984876
The Last Ship,3,2016-06-26,2.417,0.57,tt2402207,4,3.0,4.0,tt5269158
The Last Ship,3,2016-07-03,1.969,0.41,tt2402207,5,3.0,5.0,tt5689016
The Last Ship,3,2016-07-10,2.503,0.62,tt2402207,6,3.0,6.0,tt5372326
The Last Ship,3,2016-07-17,2.345,0.52,tt2402207,7,3.0,7.0,tt5689018
The Last Ship,3,2016-07-24,2.463,0.55,tt2402207,8,3.0,8.0,tt5446732
The Last Ship,3,2016-07-31,2.400,0.50,tt2402207,9,3.0,9.0,tt5527682
The Last Ship,3,2016-08-14,2.002,0.48,tt2402207,10,3.0,10.0,tt5538538
The Last Ship,3,2016-08-21,2.323,0.57,tt2402207,11,3.0,11.0,tt5569846
The Last Ship,3,2016-08-28,2.544,0.50,tt2402207,12,3.0,12.0,tt5609884
The Last Ship,3,,2.130,0.48,tt2402207,13,3.0,13.0,tt5609902
The Last Ship,3,,2.266,0.47,tt2402207,14,,,
The Last Ship,4,2017-08-20,1.873,0.34,tt2402207,1,4.0,1.0,tt5939132
The Last Ship,4,2017-08-20,1.651,0.30,tt2402207,2,4.0,2.0,tt5939136
The Last Ship,4,2017-08-27,1.645,0.31,tt2402207,3,4.0,3.0,tt5939142
The Last Ship,4,,1.665,0.34,tt2402207,4,4.0,4.0,tt5939134
The Last Ship,4,,1.461,0.27,tt2402207,5,4.0,5.0,tt5939140
The Last Ship,4,,1.580,0.34,tt2402207,6,4.0,6.0,tt5939138
The Last Ship,4,,1.538,0.34,tt2402207,7,4.0,7.0,tt5939148
The Last Ship,4,2017-10-01,1.311,0.28,tt2402207,8,4.0,8.0,tt5939146
The Last Ship,4,2017-10-08,1.335,0.30,tt2402207,9,4.0,9.0,tt5939154
The Last Ship,4,2017-10-08,1.203,0.25,tt2402207,10,4.0,10.0,tt5939150
The Last Ship,5,,1.258,0.24,tt2402207,1,5.0,1.0,tt6047366
The Last Ship,5,,1.305,0.25,tt2402207,2,5.0,2.0,tt6464614
The Last Ship,5,,1.411,0.28,tt2402207,3,5.0,3.0,tt6464592
The Last Ship,5,,1.204,0.19,tt2402207,4,5.0,4.0,tt6464616
The Last Ship,5,2018-10-07,1.047,0.19,tt2402207,5,5.0,5.0,tt6464610
The Last Ship,5,2018-10-14,1.208,0.20,tt2402207,6,5.0,6.0,tt6464594
The Last Ship,5,2018-10-21,1.299,0.25,tt2402207,7,5.0,7.0,tt6464622
The Last Ship,5,2018-10-28,1.123,0.23,tt2402207,8,5.0,8.0,tt6464628
The Last Ship,5,2018-11-04,1.127,0.20,tt2402207,9,5.0,9.0,tt6464624
The Last Ship,5,2018-11-11,1.149,0.19,tt2402207,10,5.0,10.0,tt6464608
Mary Kills People,1,2017-04-23,1.011,0.25,tt6236572,1,1.0,1.0,tt6267196
Mary Kills People,1,2017-04-30,0.540,0.14,tt6236572,2,1.0,2.0,tt6280028
Mary Kills People,1,,0.641,0.17,tt6236572,3,1.0,3.0,tt6283232
Mary Kills People,1,,0.513,0.17,tt6236572,4,1.0,4.0,tt6283234
Mary Kills People,1,,0.597,0.17,tt6236572,5,1.0,5.0,tt6283236
Mary Kills People,1,,0.502,0.14,tt6236572,6,1.0,6.0,tt6283238
Mary Kills People,2,2018-03-12,0.311,0.07,tt6236572,1,2.0,1.0,tt6980672
Mary Kills People,2,2018-03-19,0.236,0.05,tt6236572,2,2.0,2.0,tt7281732
Mary Kills People,2,2018-03-26,0.280,0.06,tt6236572,3,2.0,3.0,tt7281736
Mary Kills People,2,2018-04-02,0.308,0.08,tt6236572,4,2.0,4.0,tt7281738
Mary Kills People,2,2018-04-09,0.330,0.09,tt6236572,5,2.0,5.0,tt7281740
Mary Kills People,2,2018-04-09,0.329,0.08,tt6236572,6,2.0,6.0,tt7246320
Magic City,1,,0.538,0.19,tt1832045,1,1.0,1.0,tt1960549
Magic City,1,2012-04-06,0.295,0.12,tt1832045,2,1.0,2.0,tt1960551
Magic City,1,2012-04-13,0.370,0.13,tt1832045,3,1.0,3.0,tt1960552
Magic City,1,2012-04-20,0.375,0.14,tt1832045,4,1.0,4.0,tt1960553
Magic City,1,2012-04-27,0.385,0.14,tt1832045,5,1.0,5.0,tt1960554
Magic City,1,,0.503,0.17,tt1832045,6,1.0,6.0,tt1960555
Magic City,1,,0.429,0.17,tt1832045,7,1.0,7.0,tt1960556
Magic City,1,,0.474,0.12,tt1832045,8,1.0,8.0,tt1960557
Magic City,1,2012-06-01,0.498,0.14,tt1832045,9,,,
Magic City,2,2013-06-14,0.496,0.1,tt1832045,1,2.0,1.0,tt1960558
Magic City,2,2013-06-21,0.338,0.1,tt1832045,2,2.0,2.0,tt1960550
Magic City,2,2013-06-28,0.448,0.1,tt1832045,3,2.0,3.0,tt2517786
Magic City,2,2013-07-12,0.522,0.2,tt1832045,4,2.0,4.0,tt2573768
Magic City,2,2013-07-19,0.338,0.1,tt1832045,5,2.0,5.0,tt2517804
Magic City,2,2013-07-26,0.442,0.1,tt1832045,6,2.0,6.0,tt2536326
Magic City,2,2013-08-02,0.564,0.1,tt1832045,7,2.0,7.0,tt2599422
Magic City,2,2013-08-09,0.526,0.1,tt1832045,8,2.0,8.0,tt2601346
Black Sails,1,2014-01-25,0.846,0.3,tt2375692,1,1.0,1.0,tt2392996
Black Sails,1,2014-02-01,0.840,0.27,tt2375692,2,1.0,2.0,tt2691182
Black Sails,1,2014-02-08,0.671,0.2,tt2375692,3,1.0,3.0,tt2751182
Black Sails,1,2014-02-15,0.672,0.21,tt2375692,4,1.0,4.0,tt2777746
Black Sails,1,2014-02-22,0.744,0.24,tt2375692,5,1.0,5.0,tt2806892
Black Sails,1,2014-03-01,0.847,0.32,tt2375692,6,1.0,6.0,tt2843802
Black Sails,1,2014-03-08,0.703,0.20,tt2375692,7,1.0,7.0,tt2939430
Black Sails,1,2014-03-15,0.762,0.28,tt2375692,8,1.0,8.0,tt2843830
Black Sails,2,2015-01-24,0.860,0.19,tt2375692,1,2.0,1.0,tt3324958
Black Sails,2,2015-01-31,0.746,0.17,tt2375692,2,2.0,2.0,tt3600856
Black Sails,2,2015-02-07,0.691,0.22,tt2375692,3,2.0,3.0,tt3649822
Black Sails,2,2015-02-14,0.752,0.19,tt2375692,4,2.0,4.0,tt3600858
Black Sails,2,2015-02-21,0.750,0.18,tt2375692,5,2.0,5.0,tt3540590
Black Sails,2,2015-02-28,0.778,0.17,tt2375692,6,2.0,6.0,tt3540592
Black Sails,2,2015-03-07,0.632,0.16,tt2375692,7,2.0,7.0,tt3624274
Black Sails,2,2015-03-14,0.743,0.17,tt2375692,8,2.0,8.0,tt3624276
Black Sails,2,2015-03-21,0.653,0.22,tt2375692,9,2.0,9.0,tt3687004
Black Sails,2,2015-03-28,0.668,0.20,tt2375692,10,2.0,10.0,tt3708414
Black Sails,3,2016-01-23,0.843,0.27,tt2375692,1,3.0,1.0,tt4114526
Black Sails,3,2016-01-30,0.759,0.23,tt2375692,2,3.0,2.0,tt4471404
Black Sails,3,2016-02-06,0.501,0.12,tt2375692,3,3.0,3.0,tt4471406
Black Sails,3,2016-02-13,0.640,0.21,tt2375692,4,3.0,4.0,tt4471408
Black Sails,3,2016-02-20,0.679,0.21,tt2375692,5,3.0,5.0,tt4471414
Black Sails,3,2016-02-27,0.603,0.17,tt2375692,6,3.0,6.0,tt4471500
Black Sails,3,2016-03-05,0.658,0.20,tt2375692,7,3.0,7.0,tt4471504
Black Sails,3,2016-03-12,0.677,0.22,tt2375692,8,3.0,8.0,tt4471508
Black Sails,3,2016-03-19,0.608,0.17,tt2375692,9,3.0,9.0,tt4471512
Black Sails,3,2016-03-26,0.644,0.17,tt2375692,10,3.0,10.0,tt4384708
Black Sails,4,2017-01-29,0.738,0.23,tt2375692,1,4.0,1.0,tt4906428
Black Sails,4,2017-02-05,0.340,0.09,tt2375692,2,4.0,2.0,tt5235410
Black Sails,4,2017-02-12,0.503,0.15,tt2375692,3,4.0,3.0,tt5251478
Black Sails,4,2017-02-19,0.483,0.12,tt2375692,4,4.0,4.0,tt5345890
Black Sails,4,2017-02-26,0.448,0.13,tt2375692,5,4.0,5.0,tt5349930
Black Sails,4,2017-03-05,0.448,0.16,tt2375692,6,4.0,6.0,tt5356158
Black Sails,4,2017-03-12,0.505,0.15,tt2375692,7,4.0,7.0,tt5356162
Black Sails,4,2017-03-19,0.473,0.13,tt2375692,8,4.0,8.0,tt5361576
Black Sails,4,2017-03-26,0.501,0.14,tt2375692,9,4.0,9.0,tt5361578
Black Sails,4,2017-04-02,0.568,0.17,tt2375692,10,4.0,10.0,tt5174426
Z Nation,1,,1.580,0.55,tt3843168,1,1.0,1.0,tt3998408
Z Nation,1,,1.616,0.50,tt3843168,2,1.0,2.0,tt3998414
Z Nation,1,,1.137,0.38,tt3843168,3,1.0,3.0,tt3998416
Z Nation,1,2014-10-03,1.554,0.52,tt3843168,4,1.0,4.0,tt3982520
Z Nation,1,2014-10-10,1.261,0.41,tt3843168,5,1.0,5.0,tt3973662
Z Nation,1,2014-10-17,1.565,0.54,tt3843168,6,1.0,6.0,tt3878722
Z Nation,1,2014-10-24,1.340,0.44,tt3843168,7,1.0,7.0,tt3920776
Z Nation,1,2014-10-31,1.104,0.38,tt3843168,8,1.0,8.0,tt3969588
Z Nation,1,2014-11-07,1.303,0.47,tt3843168,9,1.0,9.0,tt4018330
Z Nation,1,2014-11-14,1.488,0.52,tt3843168,10,1.0,10.0,tt4018328
Z Nation,1,2014-11-21,1.395,0.55,tt3843168,11,1.0,11.0,tt3973844
Z Nation,1,2014-11-28,1.609,0.46,tt3843168,12,1.0,12.0,tt4018366
Z Nation,1,2014-12-05,1.444,0.53,tt3843168,13,1.0,13.0,tt4116866
Z Nation,2,,0.943,0.40,tt3843168,1,2.0,1.0,tt4216868
Z Nation,2,,0.882,0.30,tt3843168,2,2.0,2.0,tt4774330
Z Nation,2,,0.990,0.38,tt3843168,3,2.0,3.0,tt4774332
Z Nation,2,2015-10-02,0.896,0.35,tt3843168,4,2.0,4.0,tt4714792
Z Nation,2,2015-10-09,0.882,0.40,tt3843168,5,2.0,5.0,tt4807786
Z Nation,2,2015-10-16,0.841,0.32,tt3843168,6,2.0,6.0,tt4777216
Z Nation,2,2015-10-23,0.763,0.30,tt3843168,7,2.0,7.0,tt4807790
Z Nation,2,2015-10-30,0.868,0.37,tt3843168,8,2.0,8.0,tt4851412
Z Nation,2,2015-11-06,0.835,0.30,tt3843168,9,2.0,9.0,tt4930682
Z Nation,2,2015-11-13,0.665,0.23,tt3843168,10,2.0,10.0,tt4930690
Z Nation,2,2015-11-20,0.767,0.28,tt3843168,11,2.0,11.0,tt4930696
Z Nation,2,2015-11-27,0.917,0.32,tt3843168,12,2.0,12.0,tt4971222
Z Nation,2,2015-12-04,0.969,0.31,tt3843168,13,2.0,13.0,tt4971230
Z Nation,2,2015-12-11,0.826,0.28,tt3843168,14,2.0,14.0,tt5053176
Z Nation,2,2015-12-18,1.102,0.42,tt3843168,15,2.0,15.0,tt5053180
Z Nation,3,,1.060,0.30,tt3843168,1,3.0,1.0,tt5182374
Z Nation,3,,1.026,0.31,tt3843168,2,3.0,2.0,tt5836836
Z Nation,3,,0.860,0.25,tt3843168,3,3.0,3.0,tt6092746
Z Nation,3,,0.846,0.25,tt3843168,4,3.0,4.0,tt5810494
Z Nation,3,2016-10-14,0.803,0.26,tt3843168,5,3.0,5.0,tt6134630
Z Nation,3,2016-10-21,0.768,0.23,tt3843168,6,3.0,6.0,tt5836844
Z Nation,3,2016-10-28,0.717,0.24,tt3843168,7,3.0,7.0,tt5891620
Z Nation,3,2016-11-04,0.867,0.26,tt3843168,8,3.0,8.0,tt5891624
Z Nation,3,2016-11-11,0.916,0.25,tt3843168,9,3.0,9.0,tt5891628
Z Nation,3,2016-11-18,0.768,0.20,tt3843168,10,3.0,10.0,tt5920046
Z Nation,3,2016-11-25,1.014,0.29,tt3843168,11,3.0,11.0,tt5922334
Z Nation,3,2016-12-02,0.737,0.21,tt3843168,12,3.0,12.0,tt5950480
Z Nation,3,2016-12-09,0.755,0.18,tt3843168,13,3.0,13.0,tt6006860
Z Nation,3,2016-12-16,0.874,0.25,tt3843168,14,3.0,14.0,tt6006894
Z Nation,4,,0.575,0.17,tt3843168,1,4.0,1.0,tt6286768
Z Nation,4,2017-10-06,0.545,0.15,tt3843168,2,4.0,2.0,tt6344868
Z Nation,4,2017-10-13,0.576,0.17,tt3843168,3,4.0,3.0,tt6533324
Z Nation,4,2017-10-20,0.616,0.21,tt3843168,4,4.0,4.0,tt6581554
Z Nation,4,2017-10-27,0.600,0.16,tt3843168,5,4.0,5.0,tt6581566
Z Nation,4,2017-11-03,0.584,0.19,tt3843168,6,4.0,6.0,tt6581568
Z Nation,4,2017-11-10,0.654,0.18,tt3843168,7,4.0,7.0,tt6581572
Z Nation,4,2017-11-17,0.636,0.17,tt3843168,8,4.0,8.0,tt6581578
Z Nation,4,2017-11-24,0.623,0.18,tt3843168,9,4.0,9.0,tt6581580
Z Nation,4,2017-12-01,0.522,0.15,tt3843168,10,4.0,10.0,tt6586284
Z Nation,4,2017-12-08,0.572,0.16,tt3843168,11,4.0,11.0,tt7427528
Z Nation,4,2017-12-15,0.605,0.16,tt3843168,12,4.0,12.0,tt7440588
Z Nation,4,2017-12-15,0.555,0.15,tt3843168,13,4.0,13.0,tt7440606
Z Nation,5,2018-10-05,0.542,0.18,tt3843168,1,5.0,1.0,tt7756074
Z Nation,5,2018-10-12,0.511,0.14,tt3843168,2,5.0,2.0,tt8705598
Z Nation,5,2018-10-19,0.365,0.10,tt3843168,3,5.0,3.0,tt8705642
Z Nation,5,2018-10-26,0.400,0.13,tt3843168,4,5.0,4.0,tt8705650
Z Nation,5,2018-11-02,0.457,0.11,tt3843168,5,5.0,5.0,tt8705664
Z Nation,5,2018-11-09,0.457,0.12,tt3843168,6,5.0,6.0,tt8705682
Z Nation,5,2018-11-16,0.531,0.18,tt3843168,7,5.0,7.0,tt8697860
Z Nation,5,2018-11-23,0.448,0.14,tt3843168,8,5.0,8.0,tt8705694
Z Nation,5,2018-11-30,0.436,0.15,tt3843168,9,5.0,9.0,tt8063636
Z Nation,5,2018-12-07,0.465,0.13,tt3843168,10,5.0,10.0,tt8789922
Z Nation,5,2018-12-14,0.428,0.10,tt3843168,11,5.0,11.0,tt8865730
Z Nation,5,2018-12-21,0.403,0.10,tt3843168,12,5.0,12.0,tt8865734
Z Nation,5,2018-12-28,0.483,0.11,tt3843168,13,5.0,13.0,tt8902704
Years of Living Dangerously,1,2014-04-13,0.294,-,tt2963070,1,1.0,1.0,tt3667700
Years of Living Dangerously,1,2014-04-20,0.123,0.04,tt2963070,2,1.0,2.0,tt3675354
Years of Living Dangerously,1,2014-04-27,0.144,0.04,tt2963070,3,1.0,3.0,tt3675356
Years of Living Dangerously,1,,0.150,0.04,tt2963070,4,1.0,4.0,tt3675362
Years of Living Dangerously,1,,0.129,0.04,tt2963070,5,1.0,5.0,tt3675366
Years of Living Dangerously,1,,0.209,0.08,tt2963070,6,1.0,6.0,tt3675292
Years of Living Dangerously,1,,0.116,0.03,tt2963070,7,1.0,7.0,tt3675302
Years of Living Dangerously,1,2014-06-02,0.118,0.06,tt2963070,8,1.0,8.0,tt3675326
Years of Living Dangerously,1,2014-06-09,0.120,0.06,tt2963070,9,1.0,9.0,tt3675352
Years of Living Dangerously,1,2016-10-30,0.533,0.08,tt2963070,10,,,
Years of Living Dangerously,1,2016-11-02,0.229,0.07,tt2963070,11,,,
Years of Living Dangerously,1,2016-11-09,0.329,0.08,tt2963070,12,,,
Years of Living Dangerously,1,2016-11-16,0.266,0.08,tt2963070,13,,,
Years of Living Dangerously,1,2016-11-23,0.250,0.08,tt2963070,14,,,
Years of Living Dangerously,1,2016-11-30,0.247,0.08,tt2963070,15,,,
Years of Living Dangerously,1,2016-12-07,0.171,0.05,tt2963070,16,,,
Years of Living Dangerously,1,2016-12-14,0.148,0.04,tt2963070,17,,,
The Americans,1,2013-01-30,3.219,1.2,tt2149175,1,1.0,1.0,tt2349740
The Americans,1,2013-02-06,1.966,0.8,tt2149175,2,1.0,2.0,tt2573020
The Americans,1,2013-02-13,1.648,0.7,tt2149175,3,1.0,3.0,tt2598996
The Americans,1,2013-02-20,1.910,0.8,tt2149175,4,1.0,4.0,tt2637674
The Americans,1,2013-02-27,1.438,0.5,tt2149175,5,1.0,5.0,tt2637678
The Americans,1,2013-03-06,1.878,0.7,tt2149175,6,1.0,6.0,tt2637676
The Americans,1,2013-03-13,1.702,0.6,tt2149175,7,1.0,7.0,tt2637680
The Americans,1,2013-03-20,1.651,0.6,tt2149175,8,1.0,8.0,tt2637682
The Americans,1,2013-04-03,1.378,0.4,tt2149175,9,1.0,9.0,tt2737870
The Americans,1,2013-04-10,1.503,0.6,tt2149175,10,1.0,10.0,tt2737872
The Americans,1,2013-04-17,1.814,0.6,tt2149175,11,1.0,11.0,tt2737878
The Americans,1,2013-04-24,1.485,0.5,tt2149175,12,1.0,12.0,tt2737876
The Americans,1,,1.743,0.6,tt2149175,13,1.0,13.0,tt2737880
The Americans,2,2014-02-26,1.897,0.68,tt2149175,1,2.0,1.0,tt2726822
The Americans,2,2014-03-05,1.458,0.56,tt2149175,2,2.0,2.0,tt3459856
The Americans,2,2014-03-12,1.266,0.39,tt2149175,3,2.0,3.0,tt3459862
The Americans,2,2014-03-19,1.389,0.47,tt2149175,4,2.0,4.0,tt3459860
The Americans,2,2014-03-26,1.356,0.42,tt2149175,5,2.0,5.0,tt3459858
The Americans,2,2014-04-02,1.205,0.42,tt2149175,6,2.0,6.0,tt3459866
The Americans,2,2014-04-09,1.175,0.41,tt2149175,7,2.0,7.0,tt3459864
The Americans,2,2014-04-16,1.386,0.43,tt2149175,8,2.0,8.0,tt3533366
The Americans,2,2014-04-23,1.366,0.48,tt2149175,9,2.0,9.0,tt3553756
The Americans,2,2014-04-30,1.274,0.39,tt2149175,10,2.0,10.0,tt3594864
The Americans,2,,1.119,0.33,tt2149175,11,2.0,11.0,tt3594870
The Americans,2,,1.269,0.35,tt2149175,12,2.0,12.0,tt3594868
The Americans,2,,1.292,0.46,tt2149175,13,2.0,13.0,tt3599846
The Americans,3,2015-01-28,1.895,0.63,tt2149175,1,3.0,1.0,tt3672866
The Americans,3,2015-02-04,0.918,0.35,tt2149175,2,3.0,2.0,tt4183010
The Americans,3,2015-02-11,1.018,0.29,tt2149175,3,3.0,3.0,tt4303066
The Americans,3,2015-02-18,0.972,0.24,tt2149175,4,3.0,4.0,tt4259458
The Americans,3,2015-02-25,0.811,0.19,tt2149175,5,3.0,5.0,tt4228750
The Americans,3,2015-03-04,0.931,0.24,tt2149175,6,3.0,6.0,tt4259460
The Americans,3,2015-03-11,1.224,0.35,tt2149175,7,3.0,7.0,tt4277628
The Americans,3,2015-03-18,1.125,0.31,tt2149175,8,3.0,8.0,tt4257820
The Americans,3,2015-03-25,0.988,0.27,tt2149175,9,3.0,9.0,tt4343722
The Americans,3,2015-04-01,0.895,0.25,tt2149175,10,3.0,10.0,tt4331672
The Americans,3,2015-04-08,1.035,0.35,tt2149175,11,3.0,11.0,tt4458716
The Americans,3,2015-04-15,0.975,0.27,tt2149175,12,3.0,12.0,tt4428472
The Americans,3,2015-04-22,1.220,0.34,tt2149175,13,3.0,13.0,tt4419730
The Americans,4,2016-03-16,1.113,0.28,tt2149175,1,4.0,1.0,tt4573270
The Americans,4,2016-03-23,0.933,0.29,tt2149175,2,4.0,2.0,tt5183578
The Americans,4,2016-03-30,0.820,0.24,tt2149175,3,4.0,3.0,tt5124962
The Americans,4,2016-04-06,1.037,0.32,tt2149175,4,4.0,4.0,tt5255258
The Americans,4,2016-04-13,0.885,0.25,tt2149175,5,4.0,5.0,tt5253620
The Americans,4,2016-04-20,0.902,0.23,tt2149175,6,4.0,6.0,tt5339002
The Americans,4,2016-04-27,0.895,0.22,tt2149175,7,4.0,7.0,tt5374770
The Americans,4,,1.021,0.30,tt2149175,8,4.0,8.0,tt5562344
The Americans,4,,0.895,0.23,tt2149175,9,4.0,9.0,tt5339026
The Americans,4,,0.817,0.25,tt2149175,10,4.0,10.0,tt5449928
The Americans,4,,0.805,0.21,tt2149175,11,4.0,11.0,tt5478564
The Americans,4,2016-06-01,0.929,0.31,tt2149175,12,4.0,12.0,tt5339034
The Americans,4,2016-06-08,0.768,0.21,tt2149175,13,4.0,13.0,tt4759442
The Americans,5,2017-03-07,0.925,0.24,tt2149175,1,5.0,1.0,tt5774874
The Americans,5,2017-03-14,0.944,0.24,tt2149175,2,5.0,2.0,tt6261578
The Americans,5,2017-03-21,0.796,0.21,tt2149175,3,5.0,3.0,tt6261580
The Americans,5,2017-03-28,0.890,0.28,tt2149175,4,5.0,4.0,tt6261582
The Americans,5,2017-04-04,0.704,0.17,tt2149175,5,5.0,5.0,tt6261584
The Americans,5,2017-04-11,0.706,0.18,tt2149175,6,5.0,6.0,tt6261586
The Americans,5,2017-04-18,0.791,0.16,tt2149175,7,5.0,7.0,tt6263000
The Americans,5,2017-04-25,0.763,0.17,tt2149175,8,5.0,8.0,tt6263002
The Americans,5,,0.677,0.15,tt2149175,9,5.0,9.0,tt6263006
The Americans,5,,0.613,0.16,tt2149175,10,5.0,10.0,tt6263008
The Americans,5,,0.620,0.12,tt2149175,11,5.0,11.0,tt6263014
The Americans,5,,0.661,0.15,tt2149175,12,5.0,12.0,tt6263012
The Americans,5,,0.767,0.20,tt2149175,13,5.0,13.0,tt5780828
The Americans,6,2018-03-28,0.642,0.14,tt2149175,1,6.0,1.0,tt5774876
The Americans,6,2018-04-04,0.616,0.15,tt2149175,2,6.0,2.0,tt6268270
The Americans,6,2018-04-11,0.705,0.18,tt2149175,3,6.0,3.0,tt6268274
The Americans,6,2018-04-18,0.569,0.13,tt2149175,4,6.0,4.0,tt6268276
The Americans,6,2018-04-25,0.538,0.14,tt2149175,5,6.0,5.0,tt6268280
The Americans,6,,0.611,0.15,tt2149175,6,6.0,6.0,tt6268282
The Americans,6,,0.671,0.17,tt2149175,7,6.0,7.0,tt6268284
The Americans,6,,0.620,0.13,tt2149175,8,6.0,8.0,tt6268290
The Americans,6,,0.730,0.19,tt2149175,9,6.0,9.0,tt6268292
The Americans,6,,0.922,0.22,tt2149175,10,6.0,10.0,tt5780830
Fear the Walking Dead,1,2015-08-23,10.130,4.93,tt3743822,1,1.0,1.0,tt4417020
Fear the Walking Dead,1,2015-08-30,8.184,4.10,tt3743822,2,1.0,2.0,tt4559272
Fear the Walking Dead,1,,7.185,3.62,tt3743822,3,1.0,3.0,tt4559274
Fear the Walking Dead,1,,6.623,3.31,tt3743822,4,1.0,4.0,tt4559276
Fear the Walking Dead,1,,6.655,3.44,tt3743822,5,1.0,5.0,tt4559278
Fear the Walking Dead,1,2015-10-04,6.861,3.37,tt3743822,6,1.0,6.0,tt4549106
Fear the Walking Dead,2,2016-04-10,6.674,3.08,tt3743822,1,2.0,1.0,tt4549108
Fear the Walking Dead,2,2016-04-17,5.581,2.53,tt3743822,2,2.0,2.0,tt4897130
Fear the Walking Dead,2,2016-04-24,4.726,2.12,tt3743822,3,2.0,3.0,tt5218334
Fear the Walking Dead,2,,4.803,2.15,tt3743822,4,2.0,4.0,tt5218358
Fear the Walking Dead,2,,4.414,1.97,tt3743822,5,2.0,5.0,tt5218374
Fear the Walking Dead,2,,4.486,1.94,tt3743822,6,2.0,6.0,tt5218388
Fear the Walking Dead,2,,4.388,1.88,tt3743822,7,2.0,7.0,tt5218406
Fear the Walking Dead,2,2016-08-21,3.864,1.62,tt3743822,8,2.0,8.0,tt5218418
Fear the Walking Dead,2,2016-08-28,3.661,1.59,tt3743822,9,2.0,9.0,tt5218430
Fear the Walking Dead,2,,2.991,1.24,tt3743822,10,2.0,10.0,tt5218442
Fear the Walking Dead,2,,3.401,1.49,tt3743822,11,2.0,11.0,tt5218450
Fear the Walking Dead,2,,3.616,1.55,tt3743822,12,2.0,12.0,tt5218460
Fear the Walking Dead,2,,3.491,1.48,tt3743822,13,2.0,13.0,tt5218470
Fear the Walking Dead,2,2016-10-02,3.671,1.59,tt3743822,14,2.0,14.0,tt5218476
Fear the Walking Dead,2,2016-10-02,3.048,1.26,tt3743822,15,2.0,15.0,tt4959800
Fear the Walking Dead,3,2017-06-04,3.109,1.18,tt3743822,1,3.0,1.0,tt5646582
Fear the Walking Dead,3,2017-06-04,2.698,1.04,tt3743822,2,3.0,2.0,tt6082748
Fear the Walking Dead,3,2017-06-11,2.504,1.02,tt3743822,3,3.0,3.0,tt6082752
Fear the Walking Dead,3,2017-06-18,2.396,0.94,tt3743822,4,3.0,4.0,tt6082756
Fear the Walking Dead,3,2017-06-25,2.499,0.96,tt3743822,5,3.0,5.0,tt6094030
Fear the Walking Dead,3,2017-07-02,2.193,0.83,tt3743822,6,3.0,6.0,tt6094034
Fear the Walking Dead,3,2017-07-09,2.621,0.93,tt3743822,7,3.0,7.0,tt6094038
Fear the Walking Dead,3,2017-07-09,2.402,0.83,tt3743822,8,3.0,8.0,tt6094044
Fear the Walking Dead,3,,2.139,0.78,tt3743822,9,3.0,9.0,tt6100958
Fear the Walking Dead,3,,1.985,0.74,tt3743822,10,3.0,10.0,tt6100962
Fear the Walking Dead,3,,2.078,0.75,tt3743822,11,3.0,11.0,tt6107056
Fear the Walking Dead,3,2017-10-01,2.364,0.88,tt3743822,12,3.0,12.0,tt6107058
Fear the Walking Dead,3,2017-10-08,2.231,0.77,tt3743822,13,3.0,13.0,tt6107064
Fear the Walking Dead,3,2017-10-15,2.230,0.80,tt3743822,14,3.0,14.0,tt6111434
Fear the Walking Dead,4,2018-04-15,4.090,1.63,tt3743822,1,4.0,1.0,tt6785160
Fear the Walking Dead,4,2018-04-22,3.066,1.09,tt3743822,2,4.0,2.0,tt8115224
Fear the Walking Dead,4,2018-04-29,2.708,0.97,tt3743822,3,4.0,3.0,tt8115226
Fear the Walking Dead,4,,2.485,0.85,tt3743822,4,4.0,4.0,tt7897236
Fear the Walking Dead,4,,2.464,0.85,tt3743822,5,4.0,5.0,tt8115230
Fear the Walking Dead,4,,2.306,0.82,tt3743822,6,4.0,6.0,tt8005956
Fear the Walking Dead,4,2018-06-03,1.971,0.60,tt3743822,7,4.0,7.0,tt8115234
Fear the Walking Dead,4,2018-06-10,2.320,0.73,tt3743822,8,4.0,8.0,tt8115238
Fear the Walking Dead,4,2018-08-12,1.878,0.68,tt3743822,9,4.0,9.0,tt8115240
Fear the Walking Dead,4,2018-08-19,1.855,0.63,tt3743822,10,4.0,10.0,tt8115244
Fear the Walking Dead,4,2018-08-26,1.827,0.61,tt3743822,11,4.0,11.0,tt8115246
Fear the Walking Dead,4,,1.521,0.48,tt3743822,12,4.0,12.0,tt8115248
Fear the Walking Dead,4,,1.712,0.57,tt3743822,13,4.0,13.0,tt8115250
Fear the Walking Dead,4,,1.871,0.57,tt3743822,14,4.0,14.0,tt8115252
Fear the Walking Dead,4,,2.033,0.69,tt3743822,15,4.0,15.0,tt8115254
Fear the Walking Dead,4,,2.127,0.71,tt3743822,16,4.0,16.0,tt8115264
Fear the Walking Dead,5,2019-06-02,1.966,0.59,tt3743822,1,5.0,1.0,tt8772598
Fear the Walking Dead,5,2019-06-09,1.687,0.51,tt3743822,2,5.0,2.0,tt9567792
Fear the Walking Dead,5,2019-06-16,1.756,0.54,tt3743822,3,5.0,3.0,tt9567818
Fear the Walking Dead,5,2019-06-23,1.655,0.45,tt3743822,4,5.0,4.0,tt9567838
Fear the Walking Dead,5,2019-06-30,1.708,0.46,tt3743822,5,5.0,5.0,tt9567748
Fear the Walking Dead,5,2019-07-07,1.488,0.42,tt3743822,6,5.0,6.0,tt9567778
Fear the Walking Dead,5,2019-07-14,1.393,0.34,tt3743822,7,5.0,7.0,tt9567894
Fear the Walking Dead,5,2019-07-21,1.599,0.48,tt3743822,8,5.0,8.0,tt9567906
Fear the Walking Dead,5,2019-08-11,1.402,0.38,tt3743822,9,5.0,9.0,tt9663056
Fear the Walking Dead,5,2019-08-18,1.368,0.38,tt3743822,10,5.0,10.0,tt9567922
Fear the Walking Dead,5,2019-08-25,1.435,0.43,tt3743822,11,5.0,11.0,tt9858238
Fear the Walking Dead,5,,1.141,0.29,tt3743822,12,5.0,12.0,tt9858244
Fear the Walking Dead,5,,1.446,0.41,tt3743822,13,5.0,13.0,tt9858258
Fear the Walking Dead,5,,1.307,0.34,tt3743822,14,5.0,14.0,tt9858264
Fear the Walking Dead,5,,1.340,0.35,tt3743822,15,5.0,15.0,tt9858272
Fear the Walking Dead,5,,1.513,0.41,tt3743822,16,5.0,16.0,tt9858296
Portlandia,1,2011-01-21,0.263,-,tt1780441,1,1.0,1.0,tt1785082
Portlandia,1,2011-01-28,0.186,-,tt1780441,2,1.0,2.0,tt1828760
Portlandia,1,2011-02-04,0.178,-,tt1780441,3,1.0,3.0,tt1835569
Portlandia,1,2011-02-11,0.138,0.07,tt1780441,4,1.0,4.0,tt1841285
Portlandia,1,2011-02-18,0.147,0.05,tt1780441,5,1.0,5.0,tt1845094
Portlandia,1,2011-02-25,0.209,0.08,tt1780441,6,1.0,6.0,tt1845093
Portlandia,2,2012-01-06,0.255,0.14,tt1780441,1,2.0,1.0,tt2055315
Portlandia,2,2012-01-13,0.315,0.17,tt1780441,2,2.0,2.0,tt2159673
Portlandia,2,2012-01-20,0.326,0.15,tt1780441,3,2.0,3.0,tt2159671
Portlandia,2,2012-01-27,0.322,0.19,tt1780441,4,2.0,4.0,tt2176783
Portlandia,2,2012-02-03,0.229,0.13,tt1780441,5,2.0,5.0,tt2176781
Portlandia,2,2012-02-10,0.159,0.09,tt1780441,6,2.0,6.0,tt2176773
Portlandia,2,2012-02-17,0.228,0.12,tt1780441,7,2.0,7.0,tt2176775
Portlandia,2,2012-02-24,0.140,0.08,tt1780441,8,2.0,8.0,tt2176777
Portlandia,2,2012-03-02,0.155,0.07,tt1780441,9,2.0,9.0,tt2176779
Portlandia,2,2012-03-09,0.179,0.09,tt1780441,10,2.0,10.0,tt2176771
Portlandia,2,2012-07-20,0.034,0.02,tt1780441,11,2.0,11.0,tt2602654
Portlandia,3,2012-12-14,0.179,0.09,tt1780441,1,3.0,1.0,tt2507504
Portlandia,3,2013-01-04,0.379,0.18,tt1780441,2,3.0,2.0,tt2507508
Portlandia,3,2013-01-04,0.313,0.15,tt1780441,3,3.0,3.0,tt2607874
Portlandia,3,2013-01-11,0.163,0.08,tt1780441,4,3.0,4.0,tt2612346
Portlandia,3,2013-01-18,0.285,0.13,tt1780441,5,3.0,5.0,tt2611608
Portlandia,3,2013-01-25,0.175,0.10,tt1780441,6,3.0,6.0,tt2611612
Portlandia,3,2013-02-01,0.211,0.10,tt1780441,7,3.0,7.0,tt2611614
Portlandia,3,2013-02-08,0.268,0.15,tt1780441,8,3.0,8.0,tt2611616
Portlandia,3,2013-02-15,0.153,0.09,tt1780441,9,3.0,9.0,tt2611622
Portlandia,3,2013-02-22,0.231,0.12,tt1780441,10,3.0,10.0,tt2611624
Portlandia,3,2013-03-01,0.191,0.11,tt1780441,11,3.0,11.0,tt2699728
Portlandia,4,2014-02-27,0.314,0.14,tt1780441,1,4.0,1.0,tt3326154
Portlandia,4,2014-03-06,0.209,0.12,tt1780441,2,4.0,2.0,tt3554808
Portlandia,4,2014-03-13,0.246,0.15,tt1780441,3,4.0,3.0,tt3521586
Portlandia,4,2014-03-20,0.220,0.12,tt1780441,4,4.0,4.0,tt3585364
Portlandia,4,2014-03-27,0.229,0.10,tt1780441,5,4.0,5.0,tt3599358
Portlandia,4,2014-04-03,0.186,0.12,tt1780441,6,4.0,6.0,tt3615676
Portlandia,4,2014-04-10,0.231,-,tt1780441,7,4.0,7.0,tt3632506
Portlandia,4,2014-04-17,0.168,0.07,tt1780441,8,4.0,8.0,tt3649664
Portlandia,4,2014-04-24,0.181,0.08,tt1780441,9,4.0,9.0,tt3664716
Portlandia,4,,0.191,0.09,tt1780441,10,4.0,10.0,tt3678880
Portlandia,5,2015-01-08,0.218,0.11,tt1780441,1,5.0,1.0,tt3702338
Portlandia,5,2015-01-15,0.223,0.11,tt1780441,2,5.0,2.0,tt4324622
Portlandia,5,2015-01-22,0.230,0.10,tt1780441,3,5.0,3.0,tt4343220
Portlandia,5,2015-01-29,0.184,0.11,tt1780441,4,5.0,4.0,tt4365662
Portlandia,5,2015-02-05,0.159,0.09,tt1780441,5,5.0,5.0,tt4386788
Portlandia,5,2015-02-12,0.140,0.09,tt1780441,6,5.0,6.0,tt4412804
Portlandia,5,2015-02-19,0.194,0.11,tt1780441,7,5.0,7.0,tt4459846
Portlandia,5,2015-02-26,0.169,0.09,tt1780441,8,5.0,8.0,tt4451974
Portlandia,5,2015-03-05,0.218,0.11,tt1780441,9,5.0,9.0,tt4469760
Portlandia,5,2015-03-12,0.248,0.12,tt1780441,10,5.0,10.0,tt4488036
Portlandia,6,2016-01-21,0.207,0.11,tt1780441,1,6.0,1.0,tt4442046
Portlandia,6,2016-01-28,0.159,0.07,tt1780441,2,6.0,2.0,tt5084254
Portlandia,6,2016-02-04,0.152,0.07,tt1780441,3,6.0,3.0,tt5084256
Portlandia,6,2016-02-11,0.163,0.08,tt1780441,4,6.0,4.0,tt5084258
Portlandia,6,2016-02-18,0.165,0.07,tt1780441,5,6.0,5.0,tt5084260
Portlandia,6,2016-02-25,0.116,0.05,tt1780441,6,6.0,6.0,tt5084262
Portlandia,6,2016-03-03,0.136,0.06,tt1780441,7,6.0,7.0,tt5084266
Portlandia,6,2016-03-10,0.127,0.06,tt1780441,8,6.0,8.0,tt4949488
Portlandia,6,2016-03-17,0.131,0.06,tt1780441,9,6.0,9.0,tt5084264
Portlandia,6,2016-03-24,0.120,0.05,tt1780441,10,6.0,10.0,tt4451738
Portlandia,7,2017-01-05,0.161,0.07,tt1780441,1,7.0,1.0,tt4442048
Portlandia,7,2017-01-12,0.134,0.04,tt1780441,2,7.0,2.0,tt6386800
Portlandia,7,2017-01-19,0.121,0.06,tt1780441,3,7.0,3.0,tt6386804
Portlandia,7,2017-01-26,0.126,0.07,tt1780441,4,7.0,4.0,tt6386806
Portlandia,7,2017-02-02,0.175,0.09,tt1780441,5,7.0,5.0,tt6386808
Portlandia,7,2017-02-09,0.122,0.05,tt1780441,6,7.0,6.0,tt6042530
Portlandia,7,2017-02-16,0.145,0.06,tt1780441,7,7.0,7.0,tt6476666
Portlandia,7,2017-02-23,0.115,0.06,tt1780441,8,7.0,8.0,tt6458972
Portlandia,7,2017-03-02,0.109,0.05,tt1780441,9,7.0,9.0,tt6459136
Portlandia,7,2017-03-09,0.126,0.04,tt1780441,10,7.0,10.0,tt4451740
Portlandia,8,2018-01-18,0.152,0.05,tt1780441,1,8.0,1.0,tt6428776
Portlandia,8,2018-01-25,0.104,0.03,tt1780441,2,8.0,2.0,tt7899870
Portlandia,8,2018-02-01,0.100,0.02,tt1780441,3,8.0,3.0,tt7763592
Portlandia,8,2018-02-08,0.130,0.05,tt1780441,4,8.0,4.0,tt7926046
Portlandia,8,2018-02-15,0.124,0.03,tt1780441,5,8.0,5.0,tt7231424
Portlandia,8,2018-02-22,0.100,0.04,tt1780441,6,8.0,6.0,tt7926050
Portlandia,8,2018-03-01,0.100,0.03,tt1780441,7,8.0,7.0,tt7926052
Portlandia,8,2018-03-08,0.108,0.03,tt1780441,8,8.0,8.0,tt7926056
Portlandia,8,2018-03-15,0.084,0.03,tt1780441,9,8.0,9.0,tt7994090
Portlandia,8,2018-03-22,0.136,0.03,tt1780441,10,8.0,10.0,tt7994092
Humans,1,2015-06-28,1.726,0.53,tt4122068,1,1.0,1.0,tt4217412
Humans,1,2015-07-05,1.091,0.32,tt4122068,2,1.0,2.0,tt4259688
Humans,1,2015-07-12,1.208,0.44,tt4122068,3,1.0,3.0,tt4259696
Humans,1,2015-07-19,1.049,0.33,tt4122068,4,1.0,4.0,tt4226896
Humans,1,2015-07-26,1.150,0.39,tt4122068,5,1.0,5.0,tt4259698
Humans,1,2015-08-02,1.026,0.34,tt4122068,6,1.0,6.0,tt4259704
Humans,1,2015-08-09,1.136,0.42,tt4122068,7,1.0,7.0,tt4259702
Humans,1,2015-08-16,1.078,0.35,tt4122068,8,1.0,8.0,tt4259708
Humans,2,2017-02-13,0.716,0.20,tt4122068,1,2.0,1.0,tt4968872
Humans,2,2017-02-20,0.566,0.17,tt4122068,2,2.0,2.0,tt5685374
Humans,2,2017-02-27,0.418,0.12,tt4122068,3,2.0,3.0,tt5685400
Humans,2,2017-03-06,0.457,0.12,tt4122068,4,2.0,4.0,tt5685406
Humans,2,2017-03-13,0.435,0.13,tt4122068,5,2.0,5.0,tt5685404
Humans,2,2017-03-13,0.435,0.13,tt4122068,6,2.0,6.0,tt5685410
Humans,2,2017-03-20,0.360,0.11,tt4122068,7,2.0,7.0,tt5792560
Humans,2,2017-03-20,0.311,0.10,tt4122068,8,2.0,8.0,tt5792564
Humans,3,2018-06-05,0.526,0.13,tt4122068,1,3.0,1.0,tt6708670
Humans,3,2018-06-12,0.419,0.08,tt4122068,2,3.0,2.0,tt7216874
Humans,3,2018-06-19,0.384,0.08,tt4122068,3,3.0,3.0,tt7216890
Humans,3,2018-06-26,0.383,0.09,tt4122068,4,3.0,4.0,tt7216894
Humans,3,2018-07-03,0.291,0.07,tt4122068,5,3.0,5.0,tt7216900
Humans,3,2018-07-10,0.237,0.07,tt4122068,6,3.0,6.0,tt7216904
Humans,3,2018-07-17,0.298,0.08,tt4122068,7,3.0,7.0,tt7216878
Humans,3,2018-07-24,0.286,0.05,tt4122068,8,3.0,8.0,tt7216914
The Lying Game,1,2011-08-15,1.386,0.5,tt13144490,1,,,
The Lying Game,1,2011-08-22,1.470,0.5,tt13144490,2,,,
The Lying Game,1,2011-08-29,1.310,0.5,tt13144490,3,,,
The Lying Game,1,,1.458,0.5,tt13144490,4,,,
The Lying Game,1,,1.302,0.4,tt13144490,5,,,
The Lying Game,1,,1.193,0.4,tt13144490,6,,,
The Lying Game,1,,1.064,0.4,tt13144490,7,,,
The Lying Game,1,2011-10-03,1.228,0.5,tt13144490,8,,,
The Lying Game,1,2011-10-10,1.101,0.5,tt13144490,9,,,
The Lying Game,1,2011-10-17,1.278,0.5,tt13144490,10,,,
The Lying Game,1,2012-01-02,1.761,0.7,tt13144490,11,,,
The Lying Game,1,2012-01-09,1.508,0.6,tt13144490,12,,,
The Lying Game,1,2012-01-16,1.704,0.7,tt13144490,13,,,
The Lying Game,1,2012-01-23,1.656,0.7,tt13144490,14,,,
The Lying Game,1,2012-01-30,1.682,0.7,tt13144490,15,,,
The Lying Game,1,2012-02-06,1.413,0.6,tt13144490,16,,,
The Lying Game,1,2012-02-13,1.248,0.5,tt13144490,17,,,
The Lying Game,1,2012-02-20,1.316,0.4,tt13144490,18,,,
The Lying Game,1,2012-02-27,1.203,0.5,tt13144490,19,,,
The Lying Game,1,2012-03-05,1.241,0.5,tt13144490,20,,,
The Lying Game,2,2013-01-08,1.552,0.6,tt13144490,1,,,
The Lying Game,2,2013-01-15,1.217,0.5,tt13144490,2,,,
The Lying Game,2,2013-01-22,1.281,0.6,tt13144490,3,,,
The Lying Game,2,2013-01-29,1.363,0.6,tt13144490,4,,,
The Lying Game,2,2013-02-05,1.245,0.6,tt13144490,5,,,
The Lying Game,2,2013-02-12,1.222,0.5,tt13144490,6,,,
The Lying Game,2,2013-02-19,1.304,0.4,tt13144490,7,,,
The Lying Game,2,2013-02-26,1.234,0.5,tt13144490,8,,,
The Lying Game,2,2013-03-05,1.218,0.5,tt13144490,9,,,
The Lying Game,2,2013-03-12,1.105,0.5,tt13144490,10,,,
Better Call Saul,1,2015-02-08,6.881,3.43,tt3032476,1,1.0,1.0,tt3464768
Better Call Saul,1,2015-02-09,3.418,1.63,tt3032476,2,1.0,2.0,tt3857028
Better Call Saul,1,2015-02-16,3.233,1.58,tt3032476,3,1.0,3.0,tt3858672
Better Call Saul,1,2015-02-23,2.870,1.38,tt3032476,4,1.0,4.0,tt3864892
Better Call Saul,1,2015-03-02,2.708,1.22,tt3032476,5,1.0,5.0,tt3876380
Better Call Saul,1,2015-03-09,2.573,1.26,tt3032476,6,1.0,6.0,tt3866650
Better Call Saul,1,2015-03-16,2.669,1.31,tt3032476,7,1.0,7.0,tt3884286
Better Call Saul,1,2015-03-23,2.872,1.33,tt3032476,8,1.0,8.0,tt3895284
Better Call Saul,1,2015-03-30,2.381,1.13,tt3032476,9,1.0,9.0,tt3895286
Better Call Saul,1,2015-04-06,2.532,1.19,tt3032476,10,1.0,10.0,tt3895288
Better Call Saul,2,2016-02-15,2.573,1.06,tt3032476,1,2.0,1.0,tt3824148
Better Call Saul,2,2016-02-22,2.228,0.98,tt3032476,2,2.0,2.0,tt4462674
Better Call Saul,2,2016-02-29,2.201,0.99,tt3032476,3,2.0,3.0,tt4462676
Better Call Saul,2,2016-03-07,2.199,0.94,tt3032476,4,2.0,4.0,tt4462678
Better Call Saul,2,2016-03-14,1.992,0.81,tt3032476,5,2.0,5.0,tt4462682
Better Call Saul,2,2016-03-21,2.105,0.87,tt3032476,6,2.0,6.0,tt4462680
Better Call Saul,2,2016-03-28,2.031,0.78,tt3032476,7,2.0,7.0,tt4462684
Better Call Saul,2,2016-04-04,1.930,0.81,tt3032476,8,2.0,8.0,tt4462686
Better Call Saul,2,2016-04-11,2.059,0.82,tt3032476,9,2.0,9.0,tt4462688
Better Call Saul,2,2016-04-18,2.263,0.85,tt3032476,10,2.0,10.0,tt4462690
Better Call Saul,3,2017-04-10,1.813,0.70,tt3032476,1,3.0,1.0,tt5554490
Better Call Saul,3,2017-04-17,1.463,0.54,tt3032476,2,3.0,2.0,tt5579594
Better Call Saul,3,2017-04-24,1.524,0.52,tt3032476,3,3.0,3.0,tt5719532
Better Call Saul,3,,1.562,0.58,tt3032476,4,3.0,4.0,tt5719534
Better Call Saul,3,,1.756,0.65,tt3032476,5,3.0,5.0,tt5719536
Better Call Saul,3,,1.715,0.63,tt3032476,6,3.0,6.0,tt5719540
Better Call Saul,3,,1.650,0.67,tt3032476,7,3.0,7.0,tt5719542
Better Call Saul,3,2017-06-05,1.633,0.52,tt3032476,8,3.0,8.0,tt5719546
Better Call Saul,3,2017-06-12,1.472,0.45,tt3032476,9,3.0,9.0,tt5719544
Better Call Saul,3,2017-06-19,1.851,0.62,tt3032476,10,3.0,10.0,tt5570804
Better Call Saul,4,2018-08-06,1.768,0.56,tt3032476,1,4.0,1.0,tt7073996
Better Call Saul,4,2018-08-13,1.548,0.43,tt3032476,2,4.0,2.0,tt7073998
Better Call Saul,4,2018-08-20,1.508,0.43,tt3032476,3,4.0,3.0,tt7074002
Better Call Saul,4,2018-08-27,1.529,0.39,tt3032476,4,4.0,4.0,tt7074006
Better Call Saul,4,,1.525,0.43,tt3032476,5,4.0,5.0,tt7074010
Better Call Saul,4,,1.401,0.39,tt3032476,6,4.0,6.0,tt7074012
Better Call Saul,4,,1.350,0.41,tt3032476,7,4.0,7.0,tt7074020
Better Call Saul,4,,1.370,0.47,tt3032476,8,4.0,8.0,tt7074022
Better Call Saul,4,2018-10-01,1.353,0.45,tt3032476,9,4.0,9.0,tt7074032
Better Call Saul,4,2018-10-08,1.526,0.47,tt3032476,10,4.0,10.0,tt7074030
Better Call Saul,5,2020-02-23,1.597,0.49,tt3032476,1,5.0,1.0,tt8772146
Better Call Saul,5,2010-02-24,1.056,0.27,tt3032476,2,5.0,2.0,tt8772148
Better Call Saul,5,2020-03-02,1.181,0.32,tt3032476,3,5.0,3.0,tt8772190
Better Call Saul,5,2020-03-09,1.222,0.33,tt3032476,4,5.0,4.0,tt8772192
Better Call Saul,5,2020-03-16,1.454,0.40,tt3032476,5,5.0,5.0,tt8772194
Better Call Saul,5,2020-03-23,1.400,0.34,tt3032476,6,5.0,6.0,tt8772196
Better Call Saul,5,2020-03-30,1.302,0.33,tt3032476,7,5.0,7.0,tt8772216
Better Call Saul,5,2020-04-06,1.417,0.32,tt3032476,8,5.0,8.0,tt8772218
Better Call Saul,5,2020-04-13,1.513,0.39,tt3032476,9,5.0,9.0,tt8772220
Better Call Saul,5,2020-04-20,1.586,0.39,tt3032476,10,5.0,10.0,tt8772224
Better Call Saul,6,2022-04-18,1.418,0.31,tt3032476,1,6.0,1.0,tt11630814
Better Call Saul,6,2022-04-18,1.164,0.24,tt3032476,2,6.0,2.0,tt12187028
Better Call Saul,6,2022-04-25,1.160,0.26,tt3032476,3,6.0,3.0,tt12187032
Better Call Saul,6,,1.162,0.27,tt3032476,4,6.0,4.0,tt12187036
Better Call Saul,6,,1.217,0.26,tt3032476,5,6.0,5.0,tt12187034
Better Call Saul,6,,1.134,0.28,tt3032476,6,6.0,6.0,tt12187038
Better Call Saul,6,,1.187,0.26,tt3032476,7,6.0,7.0,tt12187040
Channel Zero,1,2016-10-11,0.761,0.25,tt4820370,1,1.0,1.0,tt5833684
Channel Zero,1,2016-10-18,0.626,0.24,tt4820370,2,1.0,2.0,tt5833686
Channel Zero,1,2016-10-25,0.552,0.22,tt4820370,3,1.0,3.0,tt5836196
Channel Zero,1,2016-11-01,0.465,0.16,tt4820370,4,1.0,4.0,tt5836214
Channel Zero,1,2016-11-08,0.435,0.12,tt4820370,5,1.0,5.0,tt5836218
Channel Zero,1,2016-11-15,0.421,0.15,tt4820370,6,1.0,6.0,tt5836254
Channel Zero,2,,0.392,0.13,tt4820370,1,2.0,1.0,tt6179304
Channel Zero,2,,0.375,0.11,tt4820370,2,2.0,2.0,tt6179306
Channel Zero,2,2017-10-04,0.406,0.16,tt4820370,3,2.0,3.0,tt6179308
Channel Zero,2,2017-10-11,0.477,0.18,tt4820370,4,2.0,4.0,tt6179310
Channel Zero,2,2017-10-18,0.407,0.14,tt4820370,5,2.0,5.0,tt6179314
Channel Zero,2,2017-10-25,0.374,0.11,tt4820370,6,2.0,6.0,tt6179318
Channel Zero,3,2018-02-07,0.378,0.09,tt4820370,1,3.0,1.0,tt6551376
Channel Zero,3,2018-02-14,0.330,0.10,tt4820370,2,3.0,2.0,tt6562336
Channel Zero,3,2018-02-21,0.282,0.09,tt4820370,3,3.0,3.0,tt6562338
Channel Zero,3,2018-02-28,0.254,0.08,tt4820370,4,3.0,4.0,tt6562340
Channel Zero,3,2018-03-07,0.269,0.07,tt4820370,5,3.0,5.0,tt6562344
Channel Zero,3,2018-03-14,0.335,0.09,tt4820370,6,3.0,6.0,tt6562346
Channel Zero,4,2018-10-26,0.322,0.10,tt4820370,1,4.0,1.0,tt6551378
Channel Zero,4,2018-10-27,0.324,0.06,tt4820370,2,4.0,2.0,tt6562348
Channel Zero,4,2018-10-28,0.273,0.10,tt4820370,3,4.0,3.0,tt6562352
Channel Zero,4,2018-10-29,0.173,0.04,tt4820370,4,4.0,4.0,tt6562350
Channel Zero,4,2018-10-30,0.257,0.06,tt4820370,5,4.0,5.0,tt6562354
Channel Zero,4,2018-10-31,0.239,0.07,tt4820370,6,4.0,6.0,tt6562358
Baroness Von Sketch Show,1,2017-08-02,0.130,0.03,tt4919930,1,1.0,1.0,tt4934604
Baroness Von Sketch Show,1,2017-08-09,0.108,0.03,tt4919930,2,1.0,2.0,tt4934610
Baroness Von Sketch Show,1,2017-08-16,0.076,0.01,tt4919930,3,1.0,3.0,tt4934620
Baroness Von Sketch Show,1,2017-08-23,0.095,0.04,tt4919930,4,1.0,4.0,tt4934632
Baroness Von Sketch Show,1,2017-08-30,0.106,0.05,tt4919930,5,1.0,5.0,tt4934640
Baroness Von Sketch Show,1,,0.116,0.04,tt4919930,6,1.0,6.0,tt4934646
Baroness Von Sketch Show,2,,0.069,0.02,tt4919930,1,2.0,1.0,tt6772426
Baroness Von Sketch Show,2,,0.068,0.03,tt4919930,2,2.0,2.0,tt6772432
Baroness Von Sketch Show,2,,0.127,0.03,tt4919930,3,2.0,3.0,tt6772436
Baroness Von Sketch Show,2,2017-10-04,0.090,0.02,tt4919930,4,2.0,4.0,tt6772438
Baroness Von Sketch Show,2,2017-10-11,0.110,0.04,tt4919930,5,2.0,5.0,tt6772440
Baroness Von Sketch Show,2,2017-10-18,0.107,0.06,tt4919930,6,2.0,6.0,tt6772446
Baroness Von Sketch Show,2,2017-10-25,0.086,0.02,tt4919930,7,2.0,7.0,tt6772450
Baroness Von Sketch Show,3,2018-11-08,0.093,0.04,tt4919930,1,3.0,1.0,tt7572074
Baroness Von Sketch Show,3,2018-11-08,0.066,0.03,tt4919930,2,3.0,2.0,tt8616400
Baroness Von Sketch Show,3,2018-11-15,0.118,0.06,tt4919930,3,3.0,3.0,tt8616406
Baroness Von Sketch Show,3,2018-11-15,0.096,0.04,tt4919930,4,3.0,4.0,tt8616408
Baroness Von Sketch Show,3,2018-11-29,0.079,0.02,tt4919930,5,3.0,5.0,tt8616410
Baroness Von Sketch Show,3,2018-11-29,0.069,0.02,tt4919930,6,3.0,6.0,tt8616412
Baroness Von Sketch Show,3,2018-12-06,0.074,0.02,tt4919930,7,3.0,7.0,tt8616458
Baroness Von Sketch Show,3,2018-12-13,0.143,0.03,tt4919930,8,3.0,8.0,tt8616474
Baroness Von Sketch Show,3,2018-12-20,0.110,0.03,tt4919930,9,3.0,9.0,tt8616478
Baroness Von Sketch Show,3,2018-12-20,0.069,0.02,tt4919930,10,3.0,10.0,tt8616484
Baroness Von Sketch Show,4,2019-10-30,0.068,0.04,tt4919930,1,4.0,1.0,tt9201094
Baroness Von Sketch Show,4,2019-10-30,0.047,0.03,tt4919930,2,4.0,2.0,tt10981014
Baroness Von Sketch Show,4,2019-11-06,0.084,0.04,tt4919930,3,4.0,3.0,tt11018334
Baroness Von Sketch Show,4,2019-11-06,0.026,0.01,tt4919930,4,4.0,4.0,tt11057720
Baroness Von Sketch Show,4,2019-11-13,0.036,0.01,tt4919930,5,4.0,5.0,tt11096186
Baroness Von Sketch Show,4,2019-11-13,0.025,0.01,tt4919930,6,4.0,6.0,tt11131226
Baroness Von Sketch Show,4,2019-11-20,0.072,0.02,tt4919930,7,4.0,7.0,tt11156264
Baroness Von Sketch Show,4,2019-11-20,0.037,0.01,tt4919930,8,4.0,8.0,tt11192540
Baroness Von Sketch Show,4,2019-11-27,0.078,0.02,tt4919930,9,4.0,9.0,tt11234694
Baroness Von Sketch Show,4,2019-11-27,0.041,0.01,tt4919930,10,4.0,10.0,tt11273662
Baroness Von Sketch Show,5,2020-10-14,0.031,0.01,tt4919930,1,5.0,1.0,tt13121302
Baroness Von Sketch Show,5,2020-10-21,0.109,0.04,tt4919930,2,5.0,2.0,tt13128222
Baroness Von Sketch Show,5,2020-10-28,0.036,0.01,tt4919930,3,5.0,3.0,tt13279730
Baroness Von Sketch Show,5,2020-11-04,0.057,0.01,tt4919930,4,5.0,4.0,tt13302750
Baroness Von Sketch Show,5,2020-11-11,0.051,0.01,tt4919930,5,5.0,5.0,tt13361242
Baroness Von Sketch Show,5,2020-11-18,0.025,0.01,tt4919930,6,5.0,6.0,tt13414538
Baroness Von Sketch Show,5,2020-11-25,0.036,0.01,tt4919930,7,5.0,7.0,tt13442314
Baroness Von Sketch Show,5,2020-12-02,0.065,0.02,tt4919930,8,5.0,8.0,tt13486314
Baroness Von Sketch Show,5,2021-02-24,0.126,0.01,tt4919930,9,5.0,9.0,tt13711146
Baroness Von Sketch Show,5,2021-03-03,0.131,0.03,tt4919930,10,5.0,10.0,tt13791724
Baroness Von Sketch Show,5,2021-03-10,0.141,0.04,tt4919930,11,5.0,11.0,tt13791762
Baroness Von Sketch Show,5,2021-03-17,0.130,0.03,tt4919930,12,5.0,12.0,tt13840788
Baroness Von Sketch Show,5,2021-03-24,0.114,0.02,tt4919930,13,5.0,13.0,tt13883656
Queen of the South,1,2016-06-23,1.389,0.45,tt1064899,1,1.0,1.0,tt5200008
Queen of the South,1,2016-06-30,1.352,0.48,tt1064899,2,1.0,2.0,tt5211650
Queen of the South,1,2016-07-07,1.255,0.38,tt1064899,3,1.0,3.0,tt5211652
Queen of the South,1,2016-07-14,1.258,0.42,tt1064899,4,1.0,4.0,tt5211654
Queen of the South,1,2016-07-21,1.216,0.39,tt1064899,5,1.0,5.0,tt5211646
Queen of the South,1,2016-07-28,1.220,0.42,tt1064899,6,1.0,6.0,tt5205748
Queen of the South,1,2016-08-04,1.205,0.37,tt1064899,7,1.0,7.0,tt5448756
Queen of the South,1,2016-08-11,1.059,0.32,tt1064899,8,1.0,8.0,tt5373984
Queen of the South,1,2016-08-18,1.051,0.35,tt1064899,9,1.0,9.0,tt5458060
Queen of the South,1,2016-08-25,1.203,0.37,tt1064899,10,1.0,10.0,tt5504314
Queen of the South,1,,1.162,0.30,tt1064899,11,1.0,11.0,tt5512152
Queen of the South,1,,1.119,0.36,tt1064899,12,1.0,12.0,tt5502016
Queen of the South,1,,1.353,0.40,tt1064899,13,1.0,13.0,tt5556790
Queen of the South,2,2017-06-08,1.248,0.40,tt1064899,1,2.0,1.0,tt6040182
Queen of the South,2,2017-06-15,1.266,0.42,tt1064899,2,2.0,2.0,tt6588026
Queen of the South,2,2017-06-22,1.076,0.37,tt1064899,3,2.0,3.0,tt6588040
Queen of the South,2,2017-06-29,0.904,0.31,tt1064899,4,2.0,4.0,tt6588042
Queen of the South,2,2017-07-06,1.110,0.41,tt1064899,5,2.0,5.0,tt6588034
Queen of the South,2,2017-07-13,1.104,0.38,tt1064899,6,2.0,6.0,tt6588046
Queen of the South,2,2017-07-20,1.180,0.38,tt1064899,7,2.0,7.0,tt6588038
Queen of the South,2,2017-07-27,1.162,0.41,tt1064899,8,2.0,8.0,tt6747340
Queen of the South,2,2017-08-03,1.015,0.31,tt1064899,9,2.0,9.0,tt6747342
Queen of the South,2,2017-08-10,1.179,0.38,tt1064899,10,2.0,10.0,tt6757076
Queen of the South,2,2017-08-17,1.238,0.42,tt1064899,11,2.0,11.0,tt6757086
Queen of the South,2,2017-08-24,1.240,0.40,tt1064899,12,2.0,12.0,tt6757100
Queen of the South,2,2017-08-31,1.332,0.39,tt1064899,13,2.0,13.0,tt6757104
Queen of the South,3,2018-06-21,1.240,0.41,tt1064899,1,3.0,1.0,tt7243860
Queen of the South,3,2018-06-28,1.023,0.32,tt1064899,2,3.0,2.0,tt8070108
Queen of the South,3,2018-07-05,1.024,0.31,tt1064899,3,3.0,3.0,tt8106544
Queen of the South,3,2018-07-12,1.215,0.40,tt1064899,4,3.0,4.0,tt8079418
Queen of the South,3,2018-07-19,1.122,0.40,tt1064899,5,3.0,5.0,tt8205990
Queen of the South,3,2018-07-26,1.094,0.35,tt1064899,6,3.0,6.0,tt8245374
Queen of the South,3,2018-08-02,1.090,0.33,tt1064899,7,3.0,7.0,tt8220188
Queen of the South,3,2018-08-09,1.049,0.35,tt1064899,8,3.0,8.0,tt8300724
Queen of the South,3,2018-08-16,1.187,0.35,tt1064899,9,3.0,9.0,tt8421638
Queen of the South,3,2018-08-23,1.135,0.37,tt1064899,10,3.0,10.0,tt8425294
Queen of the South,3,2018-08-30,1.180,0.37,tt1064899,11,3.0,11.0,tt8505596
Queen of the South,3,,1.140,0.38,tt1064899,12,3.0,12.0,tt8709668
Queen of the South,3,,1.220,0.41,tt1064899,13,3.0,13.0,tt8709672
Queen of the South,4,2019-06-06,0.988,0.32,tt1064899,1,4.0,1.0,tt9099516
Queen of the South,4,2019-06-13,0.790,0.27,tt1064899,2,4.0,2.0,tt10285062
Queen of the South,4,2019-06-20,0.863,0.27,tt1064899,3,4.0,3.0,tt10285070
Queen of the South,4,2019-06-27,0.832,0.28,tt1064899,4,4.0,4.0,tt10285074
Queen of the South,4,2019-07-04,0.720,0.22,tt1064899,5,4.0,5.0,tt10285078
Queen of the South,4,2019-07-11,0.868,0.28,tt1064899,6,4.0,6.0,tt10285084
Queen of the South,4,2019-07-18,0.938,0.28,tt1064899,7,4.0,7.0,tt10285090
Queen of the South,4,2019-07-25,1.028,0.34,tt1064899,8,4.0,8.0,tt10285098
Queen of the South,4,2019-08-01,1.056,0.32,tt1064899,9,4.0,9.0,tt10285104
Queen of the South,4,2019-08-08,0.894,0.29,tt1064899,10,4.0,10.0,tt10285106
Queen of the South,4,2019-08-15,0.886,0.26,tt1064899,11,4.0,11.0,tt10285108
Queen of the South,4,2019-08-22,1.063,0.31,tt1064899,12,4.0,12.0,tt10285150
Queen of the South,4,2019-08-29,1.035,0.31,tt1064899,13,4.0,13.0,tt10285154
Queen of the South,5,2021-04-07,0.687,0.23,tt1064899,1,5.0,1.0,tt11086870
Queen of the South,5,2021-04-14,0.656,0.19,tt1064899,2,5.0,2.0,tt12016436
Queen of the South,5,2021-04-21,0.562,0.14,tt1064899,3,5.0,3.0,tt13369692
Queen of the South,5,2021-04-28,0.766,0.23,tt1064899,4,5.0,4.0,tt13508262
Queen of the South,5,,0.704,0.17,tt1064899,5,5.0,5.0,tt13508266
Queen of the South,5,,0.707,0.19,tt1064899,6,5.0,6.0,tt13508270
Queen of the South,5,,0.670,0.16,tt1064899,7,5.0,7.0,tt13508274
Queen of the South,5,,0.640,0.20,tt1064899,8,5.0,8.0,tt13508276
Queen of the South,5,2021-06-02,0.793,0.18,tt1064899,9,5.0,9.0,tt13508278
Queen of the South,5,2021-06-09,0.894,0.24,tt1064899,10,5.0,10.0,tt13508282
Justified,1,2010-03-16,4.158,1.5/5,tt1489428,1,1.0,1.0,tt1522554
Justified,1,2010-03-23,3.536,1.4/4,tt1489428,2,1.0,2.0,tt1616292
Justified,1,2010-03-30,2.308,0.9/3,tt1489428,3,1.0,3.0,tt1594763
Justified,1,2010-04-06,2.100,0.85/2,tt1489428,4,1.0,4.0,tt1566258
Justified,1,2010-04-13,2.407,0.9/3,tt1489428,5,1.0,5.0,tt1540598
Justified,1,2010-04-20,2.058,0.8/2,tt1489428,6,1.0,6.0,tt1588042
Justified,1,2010-04-27,2.257,0.8/2,tt1489428,7,1.0,7.0,tt1588574
Justified,1,,2.456,0.9/3,tt1489428,8,1.0,8.0,tt1629832
Justified,1,,2.088,0.8/2,tt1489428,9,1.0,9.0,tt1603625
Justified,1,,2.082,0.8/2,tt1489428,10,1.0,10.0,tt1594360
Justified,1,,1.814,0.7/2,tt1489428,11,1.0,11.0,tt1599645
Justified,1,2010-06-01,2.129,0.8/2,tt1489428,12,1.0,12.0,tt1582924
Justified,1,2010-06-08,2.031,0.8/2,tt1489428,13,1.0,13.0,tt1644780
Justified,2,2011-02-09,3.466,1.3/4,tt1489428,1,2.0,1.0,tt1649567
Justified,2,2011-02-16,2.413,0.9/3,tt1489428,2,2.0,2.0,tt1649572
Justified,2,2011-02-23,2.598,0.9/3,tt1489428,3,2.0,3.0,tt1649573
Justified,2,2011-03-02,2.635,1.0/3,tt1489428,4,2.0,4.0,tt1649574
Justified,2,2011-03-09,2.714,1.0/3,tt1489428,5,2.0,5.0,tt1649575
Justified,2,2011-03-16,2.366,0.8/2,tt1489428,6,2.0,6.0,tt1649576
Justified,2,2011-03-23,2.224,0.7/2,tt1489428,7,2.0,7.0,tt1649577
Justified,2,2011-03-30,2.642,0.9/2,tt1489428,8,2.0,8.0,tt1649578
Justified,2,2011-04-06,2.787,0.9/2,tt1489428,9,2.0,9.0,tt1649579
Justified,2,2011-04-13,2.498,0.9/2,tt1489428,10,2.0,10.0,tt1649568
Justified,2,2011-04-20,2.503,0.9/2,tt1489428,11,2.0,11.0,tt1649569
Justified,2,2011-04-27,2.918,0.9/2,tt1489428,12,2.0,12.0,tt1649570
Justified,2,,2.676,0.9/2,tt1489428,13,2.0,13.0,tt1649571
Justified,3,2012-01-17,3.065,1.0,tt1489428,1,3.0,1.0,tt2101875
Justified,3,2012-01-24,2.709,0.9,tt1489428,2,3.0,2.0,tt2098233
Justified,3,2012-01-31,2.710,1.1,tt1489428,3,3.0,3.0,tt2101003
Justified,3,2012-02-07,2.210,0.9,tt1489428,4,3.0,4.0,tt2138455
Justified,3,2012-02-14,2.130,0.8,tt1489428,5,3.0,5.0,tt2135436
Justified,3,2012-02-21,2.015,0.8,tt1489428,6,3.0,6.0,tt2189413
Justified,3,2012-02-28,2.147,0.9,tt1489428,7,3.0,7.0,tt2189415
Justified,3,2012-03-06,2.164,0.8,tt1489428,8,3.0,8.0,tt2189417
Justified,3,2012-03-13,2.262,0.9,tt1489428,9,3.0,9.0,tt2189419
Justified,3,2012-03-20,2.323,0.9,tt1489428,10,3.0,10.0,tt2189405
Justified,3,2012-03-27,2.491,0.9,tt1489428,11,3.0,11.0,tt2189407
Justified,3,2012-04-03,2.465,0.8,tt1489428,12,3.0,12.0,tt2189409
Justified,3,2012-04-10,2.660,1.1,tt1489428,13,3.0,13.0,tt2189411
Justified,4,2013-01-08,3.594,1.3,tt1489428,1,4.0,1.0,tt2329771
Justified,4,2013-01-15,2.448,0.9,tt1489428,2,4.0,2.0,tt2438010
Justified,4,2013-01-22,2.436,1.0,tt1489428,3,4.0,3.0,tt1902752
Justified,4,2013-01-29,2.076,0.9,tt1489428,4,4.0,4.0,tt2544102
Justified,4,2013-02-05,2.424,0.9,tt1489428,5,4.0,5.0,tt2518872
Justified,4,2013-02-12,2.298,0.9,tt1489428,6,4.0,6.0,tt2553904
Justified,4,2013-02-19,2.146,0.8,tt1489428,7,4.0,7.0,tt2547398
Justified,4,2013-02-26,2.181,0.8,tt1489428,8,4.0,8.0,tt2539204
Justified,4,2013-03-05,2.316,0.9,tt1489428,9,4.0,9.0,tt2539210
Justified,4,2013-03-12,2.395,0.9,tt1489428,10,4.0,10.0,tt2626368
Justified,4,2013-03-19,2.451,0.9,tt1489428,11,4.0,11.0,tt2639552
Justified,4,2013-03-26,2.441,0.8,tt1489428,12,4.0,12.0,tt2639562
Justified,4,2013-04-02,2.249,0.7,tt1489428,13,4.0,13.0,tt2639568
Justified,5,2014-01-07,2.839,1.12,tt1489428,1,5.0,1.0,tt2805108
Justified,5,2014-01-14,2.227,0.83,tt1489428,2,5.0,2.0,tt3256702
Justified,5,2014-01-21,2.502,0.92,tt1489428,3,5.0,3.0,tt3295904
Justified,5,2014-01-28,2.355,0.82,tt1489428,4,5.0,4.0,tt3295906
Justified,5,2014-02-04,2.385,0.87,tt1489428,5,5.0,5.0,tt3344892
Justified,5,2014-02-11,2.326,0.85,tt1489428,6,5.0,6.0,tt3345508
Justified,5,2014-02-25,2.104,0.73,tt1489428,7,5.0,7.0,tt3391708
Justified,5,2014-03-04,2.323,0.90,tt1489428,8,5.0,8.0,tt3463962
Justified,5,2014-03-11,2.243,0.78,tt1489428,9,5.0,9.0,tt3452770
Justified,5,2014-03-18,2.043,0.66,tt1489428,10,5.0,10.0,tt3521128
Justified,5,2014-03-25,2.050,0.63,tt1489428,11,5.0,11.0,tt3578400
Justified,5,2014-04-01,2.039,0.60,tt1489428,12,5.0,12.0,tt3528744
Justified,5,2014-04-08,2.367,0.78,tt1489428,13,5.0,13.0,tt3563852
Justified,6,2015-01-20,2.172,0.60,tt1489428,1,6.0,1.0,tt3672562
Justified,6,2015-01-27,1.714,0.50,tt1489428,2,6.0,2.0,tt4155322
Justified,6,2015-02-03,2.008,0.67,tt1489428,3,6.0,3.0,tt4155332
Justified,6,2015-02-10,1.646,0.51,tt1489428,4,6.0,4.0,tt4161952
Justified,6,2015-02-17,1.726,0.48,tt1489428,5,6.0,5.0,tt4155334
Justified,6,2015-02-24,1.810,0.46,tt1489428,6,6.0,6.0,tt4218350
Justified,6,2015-03-03,1.734,0.48,tt1489428,7,6.0,7.0,tt4235538
Justified,6,2015-03-10,1.804,0.56,tt1489428,8,6.0,8.0,tt4235544
Justified,6,2015-03-17,1.806,0.55,tt1489428,9,6.0,9.0,tt4235540
Justified,6,2015-03-24,1.718,0.47,tt1489428,10,6.0,10.0,tt4235548
Justified,6,2015-03-31,1.963,0.56,tt1489428,11,6.0,11.0,tt4235552
Justified,6,2015-04-07,1.825,0.53,tt1489428,12,6.0,12.0,tt4235558
Justified,6,2015-04-14,2.242,0.65,tt1489428,13,6.0,13.0,tt4217814
Loaded,1,2017-07-17,0.276,0.08,tt24856370,1,,,
Loaded,1,2017-07-24,0.242,0.08,tt24856370,2,,,
Loaded,1,2017-07-31,0.289,0.12,tt24856370,3,,,
Loaded,1,2017-08-07,0.221,0.07,tt24856370,4,,,
Loaded,1,2017-08-14,0.176,0.05,tt24856370,5,,,
Loaded,1,2017-08-21,0.178,0.04,tt24856370,6,,,
Loaded,1,2017-08-28,0.127,0.02,tt24856370,7,,,
Loaded,1,,0.145,0.05,tt24856370,8,,,
Hindsight,1,2015-01-07,0.367,0.18,tt3597470,1,1.0,1.0,tt3791296
Hindsight,1,2015-01-14,0.226,0.10,tt3597470,2,1.0,2.0,tt4137556
Hindsight,1,2015-01-21,0.298,0.16,tt3597470,3,1.0,3.0,tt4137588
Hindsight,1,2015-01-28,0.320,0.19,tt3597470,4,1.0,4.0,tt4078952
Hindsight,1,2015-02-04,0.280,0.15,tt3597470,5,1.0,5.0,tt4137620
Hindsight,1,2015-02-11,0.284,0.14,tt3597470,6,1.0,6.0,tt4142242
Hindsight,1,2015-02-18,0.175,0.10,tt3597470,7,1.0,7.0,tt4142280
Hindsight,1,2015-02-25,0.205,0.13,tt3597470,8,1.0,8.0,tt4220780
Hindsight,1,2015-03-04,0.227,0.12,tt3597470,9,1.0,9.0,tt4220082
Hindsight,1,2015-03-11,0.249,0.17,tt3597470,10,1.0,10.0,tt4200344
Girls,1,2012-04-15,0.872,0.4,tt1723816,1,1.0,1.0,tt2193619
Girls,1,2012-04-22,0.858,0.4,tt1723816,2,1.0,2.0,tt2307301
Girls,1,2012-04-29,0.816,0.4,tt1723816,3,1.0,3.0,tt2307299
Girls,1,,0.743,0.4,tt1723816,4,1.0,4.0,tt2338795
Girls,1,,0.830,0.5,tt1723816,5,1.0,5.0,tt2338797
Girls,1,,0.678,0.4,tt1723816,6,1.0,6.0,tt2362053
Girls,1,,0.868,0.5,tt1723816,7,1.0,7.0,tt2362055
Girls,1,2012-06-03,1.094,0.6,tt1723816,8,1.0,8.0,tt2372991
Girls,1,2012-06-10,0.866,0.5,tt1723816,9,1.0,9.0,tt2385527
Girls,1,2012-06-17,1.004,0.5,tt1723816,10,1.0,10.0,tt2390641
Girls,2,2013-01-13,0.866,0.5,tt1723816,1,2.0,1.0,tt2240296
Girls,2,2013-01-20,0.572,0.3,tt1723816,2,2.0,2.0,tt2563394
Girls,2,2013-01-27,0.759,0.5,tt1723816,3,2.0,3.0,tt2563392
Girls,2,2013-02-02,0.516,0.2,tt1723816,4,2.0,4.0,tt2588918
Girls,2,2013-02-10,0.746,0.4,tt1723816,5,2.0,5.0,tt2588924
Girls,2,2013-02-17,0.686,0.4,tt1723816,6,2.0,6.0,tt2599012
Girls,2,2013-02-24,0.484,0.3,tt1723816,7,2.0,7.0,tt2382432
Girls,2,2013-03-03,0.673,0.4,tt1723816,8,2.0,8.0,tt2627872
Girls,2,2013-03-10,0.677,0.4,tt1723816,9,2.0,9.0,tt2344962
Girls,2,2013-03-17,0.632,0.4,tt1723816,10,2.0,10.0,tt2619896
Girls,3,2014-01-12,1.107,0.60,tt1723816,1,3.0,1.0,tt2651248
Girls,3,2014-01-12,0.881,0.49,tt1723816,2,3.0,2.0,tt3031946
Girls,3,2014-01-19,0.799,0.42,tt1723816,3,3.0,3.0,tt3031948
Girls,3,2014-01-26,0.655,0.34,tt1723816,4,3.0,4.0,tt3031952
Girls,3,2014-02-01,0.278,0.13,tt1723816,5,3.0,5.0,tt3144358
Girls,3,,0.264,0.11,tt1723816,6,3.0,6.0,tt3031956
Girls,3,2014-02-09,0.833,0.49,tt1723816,7,3.0,7.0,tt3000706
Girls,3,2014-02-16,0.942,0.48,tt1723816,8,3.0,8.0,tt3031960
Girls,3,2014-02-23,0.916,0.48,tt1723816,9,3.0,9.0,tt3041332
Girls,3,2014-03-02,0.801,0.45,tt1723816,10,3.0,10.0,tt3144360
Girls,3,2014-03-09,1.036,0.55,tt1723816,11,3.0,11.0,tt3144362
Girls,3,2014-03-16,0.719,0.40,tt1723816,12,3.0,12.0,tt3524102
Girls,3,2014-03-23,0.670,0.38,tt1723816,13,,,
Girls,4,2015-01-11,0.680,0.39,tt1723816,1,4.0,1.0,tt3505962
Girls,4,2015-01-18,0.797,0.38,tt1723816,2,4.0,2.0,tt3796084
Girls,4,2015-01-25,0.721,0.31,tt1723816,3,4.0,3.0,tt3733516
Girls,4,2015-02-08,0.406,0.21,tt1723816,4,4.0,4.0,tt3869166
Girls,4,2015-02-15,0.385,0.17,tt1723816,5,4.0,5.0,tt3791114
Girls,4,2015-02-22,0.477,0.22,tt1723816,6,4.0,6.0,tt3773412
Girls,4,2015-03-01,0.639,0.33,tt1723816,7,4.0,7.0,tt3842870
Girls,4,2015-03-08,0.708,0.35,tt1723816,8,4.0,8.0,tt3899746
Girls,4,2015-03-15,0.701,0.30,tt1723816,9,4.0,9.0,tt3846594
Girls,4,2015-03-22,0.687,0.26,tt1723816,10,4.0,10.0,tt3906242
Girls,5,2016-02-21,0.489,0.23,tt1723816,1,5.0,1.0,tt4355374
Girls,5,2016-02-28,0.533,0.26,tt1723816,2,5.0,2.0,tt4560742
Girls,5,2016-03-06,0.497,0.24,tt1723816,3,5.0,3.0,tt4585518
Girls,5,2016-03-13,0.479,0.22,tt1723816,4,5.0,4.0,tt4692228
Girls,5,2016-03-20,0.535,0.24,tt1723816,5,5.0,5.0,tt4700568
Girls,5,2016-03-27,0.586,0.26,tt1723816,6,5.0,6.0,tt4723998
Girls,5,2016-04-03,0.558,0.28,tt1723816,7,5.0,7.0,tt4724000
Girls,5,2016-04-10,0.656,0.27,tt1723816,8,5.0,8.0,tt4724004
Girls,5,2016-04-17,0.582,0.24,tt1723816,9,5.0,9.0,tt4724014
Girls,5,2016-04-17,0.512,0.21,tt1723816,10,5.0,10.0,tt4355376
Girls,6,2017-02-12,0.519,0.24,tt1723816,1,6.0,1.0,tt5321378
Girls,6,2017-02-19,0.708,0.27,tt1723816,2,6.0,2.0,tt5463740
Girls,6,2017-02-26,0.383,0.19,tt1723816,3,6.0,3.0,tt5464210
Girls,6,2017-03-05,0.571,0.24,tt1723816,4,6.0,4.0,tt5464212
Girls,6,2017-03-12,0.703,0.31,tt1723816,5,6.0,5.0,tt5464338
Girls,6,2017-03-19,0.576,0.26,tt1723816,6,6.0,6.0,tt5464340
Girls,6,2017-03-26,0.675,0.30,tt1723816,7,6.0,7.0,tt5464362
Girls,6,2017-04-02,0.765,0.35,tt1723816,8,6.0,8.0,tt5464368
Girls,6,2017-04-09,0.734,0.33,tt1723816,9,6.0,9.0,tt5464372
Girls,6,2017-04-16,0.741,0.35,tt1723816,10,6.0,10.0,tt5462316
Low Winter Sun,1,2013-08-11,2.507,1.1,tt2314792,1,1.0,1.0,tt2584664
Low Winter Sun,1,2013-08-18,1.467,0.5,tt2314792,2,1.0,2.0,tt2889040
Low Winter Sun,1,2013-08-25,1.225,0.4,tt2314792,3,1.0,3.0,tt2954708
Low Winter Sun,1,,1.177,0.4,tt2314792,4,1.0,4.0,tt2954696
Low Winter Sun,1,,1.062,0.4,tt2314792,5,1.0,5.0,tt2961026
Low Winter Sun,1,,1.045,0.37,tt2314792,6,1.0,6.0,tt2987888
Low Winter Sun,1,,1.327,0.49,tt2314792,7,1.0,7.0,tt2980622
Low Winter Sun,1,,0.871,0.35,tt2314792,8,1.0,8.0,tt3032214
Low Winter Sun,1,2013-10-06,0.628,0.15,tt2314792,9,1.0,9.0,tt3107516
House of Lies,1,2012-01-08,1.031,0.5,tt1797404,1,1.0,1.0,tt2082715
House of Lies,1,2012-01-15,0.891,0.4,tt1797404,2,1.0,2.0,tt2174541
House of Lies,1,2012-01-22,0.725,0.4,tt1797404,3,1.0,3.0,tt2174547
House of Lies,1,2012-01-29,1.021,0.6,tt1797404,4,1.0,4.0,tt2174549
House of Lies,1,2012-02-05,0.829,0.4,tt1797404,5,1.0,5.0,tt2174559
House of Lies,1,2012-02-12,0.986,0.5,tt1797404,6,1.0,6.0,tt2174551
House of Lies,1,2012-02-19,0.846,0.4,tt1797404,7,1.0,7.0,tt2174543
House of Lies,1,2012-03-04,0.823,0.39,tt1797404,8,1.0,8.0,tt2174561
House of Lies,1,2012-03-11,0.698,0.37,tt1797404,9,1.0,9.0,tt2174553
House of Lies,1,2012-03-18,0.616,0.30,tt1797404,10,1.0,10.0,tt2174555
House of Lies,1,2012-03-25,0.715,0.39,tt1797404,11,1.0,11.0,tt2174545
House of Lies,1,2012-04-01,0.775,0.42,tt1797404,12,1.0,12.0,tt2174557
House of Lies,2,2013-01-13,1.188,0.6,tt1797404,1,2.0,1.0,tt2352505
House of Lies,2,2013-01-20,0.893,0.5,tt1797404,2,2.0,2.0,tt2553598
House of Lies,2,2013-01-27,1.142,0.6,tt1797404,3,2.0,3.0,tt2553600
House of Lies,2,2013-02-10,0.915,0.5,tt1797404,4,2.0,4.0,tt2544212
House of Lies,2,2013-02-17,0.795,0.4,tt1797404,5,2.0,5.0,tt2608068
House of Lies,2,2013-02-24,0.773,0.4,tt1797404,6,2.0,6.0,tt2503956
House of Lies,2,2013-03-03,0.947,0.4,tt1797404,7,2.0,7.0,tt2584806
House of Lies,2,2013-03-10,0.856,0.4,tt1797404,8,2.0,8.0,tt2666322
House of Lies,2,2013-03-17,0.805,0.4,tt1797404,9,2.0,9.0,tt2666326
House of Lies,2,2013-03-24,0.771,0.4,tt1797404,10,2.0,10.0,tt2647354
House of Lies,2,2013-03-31,0.787,0.4,tt1797404,11,2.0,11.0,tt2666328
House of Lies,2,2013-04-07,0.862,0.4,tt1797404,12,2.0,12.0,tt2747044
House of Lies,3,2014-01-12,0.842,0.40,tt1797404,1,3.0,1.0,tt2664256
House of Lies,3,2014-01-19,0.796,0.36,tt1797404,2,3.0,2.0,tt3382974
House of Lies,3,2014-01-26,0.741,0.40,tt1797404,3,3.0,3.0,tt3382996
House of Lies,3,2014-02-02,0.646,0.32,tt1797404,4,3.0,4.0,tt3448716
House of Lies,3,2014-02-09,0.852,0.43,tt1797404,5,3.0,5.0,tt3260536
House of Lies,3,2014-02-16,0.819,0.36,tt1797404,6,3.0,6.0,tt3295074
House of Lies,3,2014-02-23,0.798,0.39,tt1797404,7,3.0,7.0,tt3475750
House of Lies,3,2014-03-09,0.639,0.24,tt1797404,8,3.0,8.0,tt3475752
House of Lies,3,2014-03-16,0.734,0.33,tt1797404,9,3.0,9.0,tt3475754
House of Lies,3,2014-03-23,0.492,0.21,tt1797404,10,3.0,10.0,tt3433114
House of Lies,3,2014-03-30,0.757,0.37,tt1797404,11,3.0,11.0,tt3364724
House of Lies,3,2014-04-06,0.731,0.3,tt1797404,12,3.0,12.0,tt3464658
House of Lies,4,2015-01-11,0.723,0.33,tt1797404,1,4.0,1.0,tt3547064
House of Lies,4,2015-01-18,0.566,0.27,tt1797404,2,4.0,2.0,tt4213606
House of Lies,4,2015-01-25,0.645,0.23,tt1797404,3,4.0,3.0,tt4228862
House of Lies,4,2015-02-01,0.441,0.18,tt1797404,4,4.0,4.0,tt4118348
House of Lies,4,2015-02-08,0.556,0.24,tt1797404,5,4.0,5.0,tt4228864
House of Lies,4,2015-02-15,0.484,0.18,tt1797404,6,4.0,6.0,tt4228868
House of Lies,4,2015-03-01,0.622,0.28,tt1797404,7,4.0,7.0,tt4146866
House of Lies,4,2015-03-08,0.647,0.31,tt1797404,8,4.0,8.0,tt4146870
House of Lies,4,2015-03-15,0.723,0.31,tt1797404,9,4.0,9.0,tt4146872
House of Lies,4,2015-03-22,0.589,0.24,tt1797404,10,4.0,10.0,tt4146874
House of Lies,4,2015-03-29,0.503,0.20,tt1797404,11,4.0,11.0,tt4228580
House of Lies,5,2016-04-10,0.399,0.17,tt1797404,1,5.0,1.0,tt4569296
House of Lies,5,2016-04-17,0.418,0.18,tt1797404,2,5.0,2.0,tt4574802
House of Lies,5,2016-04-24,0.308,0.17,tt1797404,3,5.0,3.0,tt4574908
House of Lies,5,,0.357,0.14,tt1797404,4,5.0,4.0,tt4581168
House of Lies,5,,0.258,0.13,tt1797404,5,5.0,5.0,tt4581166
House of Lies,5,,0.383,0.14,tt1797404,6,5.0,6.0,tt4624566
House of Lies,5,,0.256,0.10,tt1797404,7,5.0,7.0,tt4633428
House of Lies,5,,0.243,0.09,tt1797404,8,5.0,8.0,tt4633430
House of Lies,5,,0.304,0.13,tt1797404,9,5.0,9.0,tt4633432
House of Lies,5,,0.307,0.14,tt1797404,10,5.0,10.0,tt4569524
I'm Dying Up Here,1,,0.102,0.03,tt4938700,1,1.0,1.0,tt5976904
I'm Dying Up Here,1,,0.167,0.03,tt4938700,2,1.0,2.0,tt5989644
I'm Dying Up Here,1,2017-06-11,0.120,0.03,tt4938700,3,1.0,3.0,tt6000728
I'm Dying Up Here,1,2017-06-18,0.124,0.04,tt4938700,4,1.0,4.0,tt6006502
I'm Dying Up Here,1,2017-06-25,0.113,0.04,tt4938700,5,1.0,5.0,tt6006512
I'm Dying Up Here,1,2017-07-09,0.114,0.04,tt4938700,6,1.0,6.0,tt6006520
I'm Dying Up Here,1,2017-07-16,0.148,0.05,tt4938700,7,1.0,7.0,tt6006530
I'm Dying Up Here,1,2017-07-23,0.126,0.04,tt4938700,8,1.0,8.0,tt6006542
I'm Dying Up Here,1,2017-07-30,0.135,0.05,tt4938700,9,1.0,9.0,tt6006548
I'm Dying Up Here,1,2017-08-06,0.163,0.04,tt4938700,10,1.0,10.0,tt6006560
I'm Dying Up Here,1,2017-08-13,0.215,0.07,tt4938700,11,,,
I'm Dying Up Here,2,,0.168,0.04,tt4938700,1,2.0,1.0,tt7349472
I'm Dying Up Here,2,,0.232,0.06,tt4938700,2,2.0,2.0,tt7834078
I'm Dying Up Here,2,,0.207,0.05,tt4938700,3,2.0,3.0,tt7834080
I'm Dying Up Here,2,,0.159,0.03,tt4938700,4,2.0,4.0,tt7834082
I'm Dying Up Here,2,2018-06-03,0.197,0.04,tt4938700,5,2.0,5.0,tt7834084
I'm Dying Up Here,2,2018-06-10,0.179,0.03,tt4938700,6,2.0,6.0,tt7834086
I'm Dying Up Here,2,2018-06-17,0.146,0.05,tt4938700,7,2.0,7.0,tt7837248
I'm Dying Up Here,2,2018-06-24,0.184,0.02,tt4938700,8,2.0,8.0,tt7837250
I'm Dying Up Here,2,,0.145,0.04,tt4938700,9,2.0,9.0,tt7837254
I'm Dying Up Here,2,2018-07-08,0.162,0.03,tt4938700,10,2.0,10.0,tt7541740
Chasing Life,1,2014-06-10,1.347,0.53,tt2399794,1,1.0,1.0,tt3375442
Chasing Life,1,2014-06-17,1.106,0.50,tt2399794,2,1.0,2.0,tt3375448
Chasing Life,1,2014-06-24,1.113,0.46,tt2399794,3,1.0,3.0,tt3375446
Chasing Life,1,2014-07-01,1.116,0.50,tt2399794,4,1.0,4.0,tt3375450
Chasing Life,1,2014-07-08,1.208,0.54,tt2399794,5,1.0,5.0,tt3375452
Chasing Life,1,2014-07-15,1.185,0.46,tt2399794,6,1.0,6.0,tt3375466
Chasing Life,1,2014-07-22,1.131,0.50,tt2399794,7,1.0,7.0,tt3375456
Chasing Life,1,2014-07-29,1.084,0.43,tt2399794,8,1.0,8.0,tt3375458
Chasing Life,1,2014-08-05,1.107,0.46,tt2399794,9,1.0,9.0,tt3375468
Chasing Life,1,2014-08-12,1.297,0.57,tt2399794,10,1.0,10.0,tt3375460
Chasing Life,1,2014-12-09,1.217,0.54,tt2399794,11,1.0,11.0,tt3375462
Chasing Life,1,2015-01-19,1.020,0.39,tt2399794,12,1.0,12.0,tt3375464
Chasing Life,1,2015-01-26,0.782,0.29,tt2399794,13,1.0,13.0,tt3375472
Chasing Life,1,2015-02-02,0.775,0.26,tt2399794,14,1.0,14.0,tt3375470
Chasing Life,1,2015-02-09,0.916,0.36,tt2399794,15,1.0,15.0,tt3375476
Chasing Life,1,2015-02-16,0.813,0.31,tt2399794,16,1.0,16.0,tt3375478
Chasing Life,1,2015-02-23,0.806,0.29,tt2399794,17,1.0,17.0,tt4481416
Chasing Life,1,2015-03-02,0.733,0.24,tt2399794,18,1.0,18.0,tt3375474
Chasing Life,1,2015-03-09,0.635,0.22,tt2399794,19,1.0,19.0,tt3375482
Chasing Life,1,2015-03-16,0.694,0.24,tt2399794,20,1.0,20.0,tt3770368
Chasing Life,1,2015-03-23,0.934,0.35,tt2399794,21,1.0,21.0,tt3375484
Chasing Life,2,2015-07-06,0.723,0.28,tt2399794,1,2.0,1.0,tt4578168
Chasing Life,2,2015-07-13,0.785,0.29,tt2399794,2,2.0,2.0,tt4599210
Chasing Life,2,2015-07-20,0.719,0.30,tt2399794,3,2.0,3.0,tt4590452
Chasing Life,2,2015-07-27,0.601,0.22,tt2399794,4,2.0,4.0,tt4177480
Chasing Life,2,2015-08-03,0.611,0.24,tt2399794,5,2.0,5.0,tt4177482
Chasing Life,2,2015-08-10,0.752,0.27,tt2399794,6,2.0,6.0,tt4177486
Chasing Life,2,2015-08-17,0.754,0.27,tt2399794,7,2.0,7.0,tt4177490
Chasing Life,2,2015-08-24,0.772,0.28,tt2399794,8,2.0,8.0,tt4177492
Chasing Life,2,2015-08-31,0.642,0.26,tt2399794,9,2.0,9.0,tt4177488
Chasing Life,2,,0.591,0.21,tt2399794,10,2.0,10.0,tt4177494
Chasing Life,2,,0.679,0.28,tt2399794,11,2.0,11.0,tt4899650
Chasing Life,2,,0.538,0.19,tt2399794,12,2.0,12.0,tt4899654
Chasing Life,2,,0.486,0.19,tt2399794,13,2.0,13.0,tt4899662
Agent X,1,2015-11-08,1.282,0.27,tt3499120,1,1.0,1.0,tt4274202
Agent X,1,2015-11-08,1.012,0.20,tt3499120,2,1.0,2.0,tt4540420
Agent X,1,2015-11-15,1.026,0.19,tt3499120,3,1.0,3.0,tt4947682
Agent X,1,2015-11-22,1.026,0.21,tt3499120,4,1.0,4.0,tt4551854
Agent X,1,2015-11-29,0.978,0.23,tt3499120,5,1.0,5.0,tt4540422
Agent X,1,2015-12-06,0.987,0.20,tt3499120,6,1.0,6.0,tt4483932
Agent X,1,2015-12-13,1.154,0.28,tt3499120,7,1.0,7.0,tt4551858
Agent X,1,2015-12-20,1.207,0.24,tt3499120,8,1.0,8.0,tt4551864
Agent X,1,2015-12-27,1.223,0.28,tt3499120,9,1.0,9.0,tt4551868
Agent X,1,2015-12-27,1.119,0.21,tt3499120,10,1.0,10.0,tt4551874
Louie,1,2010-06-29,1.108,0.6,tt1492966,1,1.0,1.0,tt1648586
Louie,1,2010-06-29,0.820,0.4,tt1492966,2,1.0,2.0,tt1678670
Louie,1,2010-07-06,0.718,0.4,tt1492966,3,1.0,3.0,tt1678669
Louie,1,2010-07-13,0.622,0.3,tt1492966,4,1.0,4.0,tt1678671
Louie,1,2010-07-20,0.676,0.3,tt1492966,5,1.0,5.0,tt1697261
Louie,1,2010-07-27,0.820,0.5,tt1492966,6,1.0,6.0,tt1697006
Louie,1,2010-08-03,0.581,0.3,tt1492966,7,1.0,7.0,tt1702824
Louie,1,2010-08-10,0.777,0.4,tt1492966,8,1.0,8.0,tt1711170
Louie,1,2010-08-17,0.580,0.3,tt1492966,9,1.0,9.0,tt1717353
Louie,1,2010-08-24,0.577,0.3,tt1492966,10,1.0,10.0,tt1717354
Louie,1,2010-08-31,0.760,0.4,tt1492966,11,1.0,11.0,tt1718436
Louie,1,,1.316,0.7,tt1492966,12,1.0,12.0,tt1722049
Louie,1,,0.844,0.4,tt1492966,13,1.0,13.0,tt1722050
Louie,2,2011-06-23,1.569,0.8,tt1492966,1,2.0,1.0,tt1844124
Louie,2,2011-06-30,1.280,0.7,tt1492966,2,2.0,2.0,tt1969700
Louie,2,2011-07-07,0.948,0.5,tt1492966,3,2.0,3.0,tt1976828
Louie,2,2011-07-14,1.117,0.6,tt1492966,4,2.0,4.0,tt1981898
Louie,2,2011-07-21,0.869,0.4,tt1492966,5,2.0,5.0,tt1987913
Louie,2,2011-07-28,1.019,0.6,tt1492966,6,2.0,6.0,tt1994921
Louie,2,2011-08-04,0.928,0.4,tt1492966,7,2.0,7.0,tt2000117
Louie,2,2011-08-11,0.733,0.4,tt1492966,8,2.0,8.0,tt2012391
Louie,2,2011-08-11,0.637,0.4,tt1492966,9,2.0,9.0,tt1945794
Louie,2,2011-08-18,0.729,0.4,tt1492966,10,2.0,10.0,tt1900291
Louie,2,2011-08-25,0.805,0.4,tt1492966,11,2.0,11.0,tt2019387
Louie,2,,0.975,0.6,tt1492966,12,2.0,12.0,tt2029767
Louie,2,,0.573,0.3,tt1492966,13,2.0,13.0,tt2037574
Louie,3,2012-06-28,1.432,0.7,tt1492966,1,3.0,1.0,tt2117433
Louie,3,2012-07-05,1.076,0.6,tt1492966,2,3.0,2.0,tt2210346
Louie,3,2012-07-12,1.062,0.5,tt1492966,3,3.0,3.0,tt2210354
Louie,3,2012-07-19,0.961,0.5,tt1492966,4,3.0,4.0,tt2210378
Louie,3,2012-07-26,0.824,0.4,tt1492966,5,3.0,5.0,tt2210366
Louie,3,2012-08-02,0.689,0.3,tt1492966,6,3.0,6.0,tt2260188
Louie,3,2012-08-09,0.703,0.4,tt1492966,7,3.0,7.0,tt2260196
Louie,3,2012-08-16,0.844,0.4,tt1492966,8,3.0,8.0,tt2260198
Louie,3,2012-08-23,0.714,0.4,tt1492966,9,3.0,9.0,tt2260210
Louie,3,2012-08-30,0.604,0.3,tt1492966,10,3.0,10.0,tt2260216
Louie,3,,0.476,0.2,tt1492966,11,3.0,11.0,tt2260224
Louie,3,,0.537,0.3,tt1492966,12,3.0,12.0,tt2260232
Louie,3,,0.434,0.2,tt1492966,13,3.0,13.0,tt2260248
Louie,4,,0.941,0.50,tt1492966,1,4.0,1.0,tt2549028
Louie,4,,0.910,0.51,tt1492966,2,4.0,2.0,tt3704072
Louie,4,,0.809,0.42,tt1492966,3,4.0,3.0,tt3710674
Louie,4,,0.679,0.34,tt1492966,4,4.0,4.0,tt3716884
Louie,4,,0.601,0.28,tt1492966,5,4.0,5.0,tt3716886
Louie,4,,0.568,0.30,tt1492966,6,4.0,6.0,tt3735762
Louie,4,,0.506,0.24,tt1492966,7,4.0,7.0,tt3735764
Louie,4,,0.435,0.22,tt1492966,8,4.0,8.0,tt3735768
Louie,4,2014-06-02,0.609,0.33,tt1492966,9,4.0,9.0,tt3735798
Louie,4,2014-06-02,0.436,0.22,tt1492966,10,4.0,10.0,tt3750904
Louie,4,2014-06-09,0.596,0.28,tt1492966,11,4.0,11.0,tt3750906
Louie,4,2014-06-16,0.596,0.36,tt1492966,12,4.0,12.0,tt3759210
Louie,4,2014-06-16,0.556,0.31,tt1492966,13,4.0,13.0,tt3775760
Louie,5,2015-04-09,0.630,0.28,tt1492966,1,5.0,1.0,tt3886616
Louie,5,2015-04-16,0.470,0.21,tt1492966,2,5.0,2.0,tt3893882
Louie,5,2015-04-23,0.407,0.20,tt1492966,3,5.0,3.0,tt3893884
Louie,5,2015-04-30,0.576,0.23,tt1492966,4,5.0,4.0,tt3893886
Louie,5,,0.366,0.17,tt1492966,5,5.0,5.0,tt3893890
Louie,5,,0.414,0.22,tt1492966,6,5.0,6.0,tt3893894
Louie,5,,0.438,0.21,tt1492966,7,5.0,7.0,tt3886620
Louie,5,,0.507,0.24,tt1492966,8,5.0,8.0,tt4368394
The Walking Dead,1,2010-10-31,5.345,2.7/7,tt1520211,1,1.0,1.0,tt1589921
The Walking Dead,1,2010-11-07,4.707,2.5/7,tt1520211,2,1.0,2.0,tt1628064
The Walking Dead,1,2010-11-14,5.074,2.5/7,tt1520211,3,1.0,3.0,tt1628065
The Walking Dead,1,2010-11-21,4.754,2.4/6,tt1520211,4,1.0,4.0,tt1628066
The Walking Dead,1,2010-11-28,5.561,2.8/7,tt1520211,5,1.0,5.0,tt1628067
The Walking Dead,1,2010-12-05,5.972,3.0/8,tt1520211,6,1.0,6.0,tt1628068
The Walking Dead,2,2011-10-16,7.257,3.8,tt1520211,1,2.0,1.0,tt1790548
The Walking Dead,2,2011-10-23,6.703,3.6,tt1520211,2,2.0,2.0,tt1804266
The Walking Dead,2,2011-10-30,6.095,3.1,tt1520211,3,2.0,3.0,tt1804267
The Walking Dead,2,2011-11-06,6.294,3.4,tt1520211,4,2.0,4.0,tt1804268
The Walking Dead,2,2011-11-13,6.124,3.2,tt1520211,5,2.0,5.0,tt1804269
The Walking Dead,2,2011-11-20,6.077,3.1,tt1520211,6,2.0,6.0,tt1804270
The Walking Dead,2,2011-11-27,6.623,3.5,tt1520211,7,2.0,7.0,tt1804271
The Walking Dead,2,2012-02-12,8.102,4.2,tt1520211,8,2.0,8.0,tt1804272
The Walking Dead,2,2012-02-19,6.890,3.6,tt1520211,9,2.0,9.0,tt1804273
The Walking Dead,2,2012-02-26,7.040,3.8,tt1520211,10,2.0,10.0,tt1804262
The Walking Dead,2,2012-03-04,6.771,3.5,tt1520211,11,2.0,11.0,tt1804263
The Walking Dead,2,2012-03-11,6.888,3.6,tt1520211,12,2.0,12.0,tt1804264
The Walking Dead,2,2012-03-18,8.991,4.7,tt1520211,13,2.0,13.0,tt1804265
The Walking Dead,3,2012-10-14,10.872,5.8,tt1520211,1,3.0,1.0,tt2107527
The Walking Dead,3,2012-10-21,9.547,5.1,tt1520211,2,3.0,2.0,tt2253598
The Walking Dead,3,2012-10-28,10.509,5.4,tt1520211,3,3.0,3.0,tt2253600
The Walking Dead,3,2012-11-04,9.270,4.9,tt1520211,4,3.0,4.0,tt2253602
The Walking Dead,3,2012-11-11,10.373,5.6,tt1520211,5,3.0,5.0,tt2253610
The Walking Dead,3,2012-11-18,9.214,4.9,tt1520211,6,3.0,6.0,tt2253604
The Walking Dead,3,2012-11-25,10.427,5.4,tt1520211,7,3.0,7.0,tt2253606
The Walking Dead,3,2012-12-02,10.484,5.4,tt1520211,8,3.0,8.0,tt2253608
The Walking Dead,3,2013-02-10,12.257,6.1,tt1520211,9,3.0,9.0,tt2269550
The Walking Dead,3,2013-02-17,11.050,5.6,tt1520211,10,3.0,10.0,tt2401094
The Walking Dead,3,2013-02-24,11.014,5.7,tt1520211,11,3.0,11.0,tt2521154
The Walking Dead,3,2013-03-03,11.296,5.7,tt1520211,12,3.0,12.0,tt2521158
The Walking Dead,3,2013-03-10,11.458,5.7,tt1520211,13,3.0,13.0,tt2521162
The Walking Dead,3,2013-03-17,10.843,5.5,tt1520211,14,3.0,14.0,tt2521168
The Walking Dead,3,2013-03-24,10.993,5.4,tt1520211,15,3.0,15.0,tt2521172
The Walking Dead,3,2013-03-31,12.419,6.4,tt1520211,16,3.0,16.0,tt2521182
The Walking Dead,4,2013-10-13,16.111,8.19,tt1520211,1,4.0,1.0,tt2795750
The Walking Dead,4,2013-10-20,13.945,7.14,tt1520211,2,4.0,2.0,tt2931446
The Walking Dead,4,2013-10-27,12.924,6.80,tt1520211,3,4.0,3.0,tt2948632
The Walking Dead,4,2013-11-03,13.314,6.83,tt1520211,4,4.0,4.0,tt2948628
The Walking Dead,4,2013-11-10,12.201,6.20,tt1520211,5,4.0,5.0,tt2948636
The Walking Dead,4,2013-11-17,12.003,6.05,tt1520211,6,4.0,6.0,tt2948630
The Walking Dead,4,2013-11-24,11.293,5.65,tt1520211,7,4.0,7.0,tt2948634
The Walking Dead,4,2013-12-01,12.051,6.09,tt1520211,8,4.0,8.0,tt2948638
The Walking Dead,4,2014-02-09,15.760,8.17,tt1520211,9,4.0,9.0,tt3316798
The Walking Dead,4,2014-02-16,13.339,6.83,tt1520211,10,4.0,10.0,tt3260594
The Walking Dead,4,2014-02-23,13.122,6.64,tt1520211,11,4.0,11.0,tt3316794
The Walking Dead,4,2014-03-02,12.607,6.41,tt1520211,12,4.0,12.0,tt3259044
The Walking Dead,4,2014-03-09,12.652,6.30,tt1520211,13,4.0,13.0,tt3316796
The Walking Dead,4,2014-03-16,12.865,6.36,tt1520211,14,4.0,14.0,tt3316800
The Walking Dead,4,2014-03-23,13.467,6.66,tt1520211,15,4.0,15.0,tt3260610
The Walking Dead,4,2014-03-30,15.678,8.00,tt1520211,16,4.0,16.0,tt3260612
The Walking Dead,5,2014-10-12,17.286,8.65,tt1520211,1,5.0,1.0,tt3297776
The Walking Dead,5,2014-10-19,15.143,7.71,tt1520211,2,5.0,2.0,tt3646000
The Walking Dead,5,2014-10-26,13.801,6.97,tt1520211,3,5.0,3.0,tt3689244
The Walking Dead,5,2014-11-02,14.518,7.56,tt1520211,4,5.0,4.0,tt3712494
The Walking Dead,5,2014-11-09,13.534,6.95,tt1520211,5,5.0,5.0,tt3714480
The Walking Dead,5,2014-11-16,14.068,7.26,tt1520211,6,5.0,6.0,tt3714484
The Walking Dead,5,2014-11-23,13.329,6.97,tt1520211,7,5.0,7.0,tt3714490
The Walking Dead,5,2014-11-30,14.807,7.58,tt1520211,8,5.0,8.0,tt3714498
The Walking Dead,5,2015-02-08,15.643,7.98,tt1520211,9,5.0,9.0,tt3853912
The Walking Dead,5,2015-02-15,12.267,6.22,tt1520211,10,5.0,10.0,tt3853914
The Walking Dead,5,2015-02-22,13.438,6.93,tt1520211,11,5.0,11.0,tt3853916
The Walking Dead,5,2015-03-01,14.430,7.53,tt1520211,12,5.0,12.0,tt3853920
The Walking Dead,5,2015-03-08,14.534,7.27,tt1520211,13,5.0,13.0,tt3853922
The Walking Dead,5,2015-03-15,13.781,6.99,tt1520211,14,5.0,14.0,tt3853924
The Walking Dead,5,2015-03-22,13.757,6.99,tt1520211,15,5.0,15.0,tt3853926
The Walking Dead,5,2015-03-29,15.784,8.16,tt1520211,16,5.0,16.0,tt3853928
The Walking Dead,6,2015-10-11,14.633,7.43,tt1520211,1,6.0,1.0,tt4211958
The Walking Dead,6,2015-10-18,12.183,6.17,tt1520211,2,6.0,2.0,tt4452400
The Walking Dead,6,2015-10-25,13.143,6.69,tt1520211,3,6.0,3.0,tt4719614
The Walking Dead,6,2015-11-01,13.339,6.78,tt1520211,4,6.0,4.0,tt4719620
The Walking Dead,6,2015-11-08,12.440,6.19,tt1520211,5,6.0,5.0,tt4719650
The Walking Dead,6,2015-11-15,12.871,6.51,tt1520211,6,6.0,6.0,tt4719674
The Walking Dead,6,2015-11-22,13.224,6.65,tt1520211,7,6.0,7.0,tt4323856
The Walking Dead,6,2015-11-29,13.981,7.02,tt1520211,8,6.0,8.0,tt4589566
The Walking Dead,6,2016-02-14,13.742,6.75,tt1520211,9,6.0,9.0,tt4575388
The Walking Dead,6,2016-02-21,13.483,6.58,tt1520211,10,6.0,10.0,tt4776068
The Walking Dead,6,2016-02-28,12.794,6.08,tt1520211,11,6.0,11.0,tt4776070
The Walking Dead,6,2016-03-06,12.816,6.15,tt1520211,12,6.0,12.0,tt4776072
The Walking Dead,6,2016-03-13,12.530,5.96,tt1520211,13,6.0,13.0,tt4776078
The Walking Dead,6,2016-03-20,12.686,6.04,tt1520211,14,6.0,14.0,tt4776082
The Walking Dead,6,2016-03-27,12.384,5.83,tt1520211,15,6.0,15.0,tt4776088
The Walking Dead,6,2016-04-03,14.193,6.92,tt1520211,16,6.0,16.0,tt4589574
The Walking Dead,7,2016-10-23,17.029,8.36,tt1520211,1,7.0,1.0,tt5164772
The Walking Dead,7,2016-10-30,12.455,6.09,tt1520211,2,7.0,2.0,tt5207722
The Walking Dead,7,2016-11-06,11.721,5.68,tt1520211,3,7.0,3.0,tt5207726
The Walking Dead,7,2016-11-13,11.402,5.43,tt1520211,4,7.0,4.0,tt5207730
The Walking Dead,7,2016-11-20,10.996,5.17,tt1520211,5,7.0,5.0,tt5207732
The Walking Dead,7,2016-11-27,10.403,4.90,tt1520211,6,7.0,6.0,tt5207734
The Walking Dead,7,2016-12-04,10.481,4.95,tt1520211,7,7.0,7.0,tt5207738
The Walking Dead,7,2016-12-11,10.583,5.09,tt1520211,8,7.0,8.0,tt5207740
The Walking Dead,7,2017-02-12,11.996,5.72,tt1520211,9,7.0,9.0,tt5207746
The Walking Dead,7,2017-02-19,11.075,5.28,tt1520211,10,7.0,10.0,tt5207750
The Walking Dead,7,2017-02-26,10.423,4.95,tt1520211,11,7.0,11.0,tt5207754
The Walking Dead,7,2017-03-05,10.163,4.71,tt1520211,12,7.0,12.0,tt5207756
The Walking Dead,7,2017-03-12,10.676,4.88,tt1520211,13,7.0,13.0,tt5207758
The Walking Dead,7,2017-03-19,10.318,4.72,tt1520211,14,7.0,14.0,tt5207764
The Walking Dead,7,2017-03-26,10.543,4.88,tt1520211,15,7.0,15.0,tt5207766
The Walking Dead,7,2017-04-02,11.314,5.42,tt1520211,16,7.0,16.0,tt5207772
The Walking Dead,8,2017-10-22,11.439,5.03,tt1520211,1,8.0,1.0,tt6156390
The Walking Dead,8,2017-10-29,8.923,3.99,tt1520211,2,8.0,2.0,tt6198638
The Walking Dead,8,2017-11-05,8.519,3.79,tt1520211,3,8.0,3.0,tt6198656
The Walking Dead,8,2017-11-12,8.688,3.87,tt1520211,4,8.0,4.0,tt6198662
The Walking Dead,8,2017-11-19,7.845,3.42,tt1520211,5,8.0,5.0,tt6198668
The Walking Dead,8,2017-11-26,8.282,3.57,tt1520211,6,8.0,6.0,tt6207930
The Walking Dead,8,2017-12-03,7.468,3.28,tt1520211,7,8.0,7.0,tt6325296
The Walking Dead,8,2017-12-10,7.885,3.36,tt1520211,8,8.0,8.0,tt6327118
The Walking Dead,8,2018-02-25,8.282,3.64,tt1520211,9,8.0,9.0,tt6337078
The Walking Dead,8,2018-03-04,6.820,2.86,tt1520211,10,8.0,10.0,tt6337088
The Walking Dead,8,2018-03-11,6.604,2.80,tt1520211,11,8.0,11.0,tt6337096
The Walking Dead,8,2018-03-18,6.663,2.83,tt1520211,12,8.0,12.0,tt6337098
The Walking Dead,8,2018-03-25,6.774,2.95,tt1520211,13,8.0,13.0,tt6337102
The Walking Dead,8,2018-04-01,6.295,2.63,tt1520211,14,8.0,14.0,tt6337116
The Walking Dead,8,2018-04-08,6.665,2.81,tt1520211,15,8.0,15.0,tt6337114
The Walking Dead,8,2018-04-15,7.916,3.41,tt1520211,16,8.0,16.0,tt6337120
The Walking Dead,9,2018-10-07,6.076,2.49,tt1520211,1,9.0,1.0,tt7901208
The Walking Dead,9,2018-10-14,4.947,1.98,tt1520211,2,9.0,2.0,tt8230772
The Walking Dead,9,2018-10-21,5.037,1.93,tt1520211,3,9.0,3.0,tt8232860
The Walking Dead,9,2018-10-28,5.095,1.95,tt1520211,4,9.0,4.0,tt8244690
The Walking Dead,9,2018-11-04,5.414,2.07,tt1520211,5,9.0,5.0,tt8250812
The Walking Dead,9,2018-11-11,5.396,2.02,tt1520211,6,9.0,6.0,tt8250818
The Walking Dead,9,2018-11-18,4.794,1.80,tt1520211,7,9.0,7.0,tt8250820
The Walking Dead,9,2018-11-25,5.089,1.96,tt1520211,8,9.0,8.0,tt8250824
The Walking Dead,9,2019-02-10,5.156,2.00,tt1520211,9,9.0,9.0,tt8250826
The Walking Dead,9,2019-02-17,4.538,1.68,tt1520211,10,9.0,10.0,tt8250828
The Walking Dead,9,2019-02-24,4.386,1.71,tt1520211,11,9.0,11.0,tt8250830
The Walking Dead,9,2019-03-03,4.708,1.73,tt1520211,12,9.0,12.0,tt8250832
The Walking Dead,9,2019-03-10,4.831,1.77,tt1520211,13,9.0,13.0,tt8250834
The Walking Dead,9,2019-03-17,4.566,1.66,tt1520211,14,9.0,14.0,tt8250838
The Walking Dead,9,2019-03-24,4.152,1.48,tt1520211,15,9.0,15.0,tt8250840
The Walking Dead,9,2019-03-31,5.019,1.86,tt1520211,16,9.0,16.0,tt7958876
The Walking Dead,10,2019-10-06,4.000,1.44,tt1520211,1,10.0,1.0,tt9728352
The Walking Dead,10,2019-10-13,3.467,1.29,tt1520211,2,10.0,2.0,tt9729150
The Walking Dead,10,2019-10-20,3.479,1.19,tt1520211,3,10.0,3.0,tt9729152
The Walking Dead,10,2019-10-27,3.305,1.12,tt1520211,4,10.0,4.0,tt9729154
The Walking Dead,10,2019-11-03,3.086,1.03,tt1520211,5,10.0,5.0,tt9729158
The Walking Dead,10,2019-11-10,3.212,1.05,tt1520211,6,10.0,6.0,tt9729156
The Walking Dead,10,2019-11-17,3.310,1.12,tt1520211,7,10.0,7.0,tt9729160
The Walking Dead,10,2019-11-24,3.214,1.02,tt1520211,8,10.0,8.0,tt9729162
The Walking Dead,10,2020-02-23,3.518,1.20,tt1520211,9,10.0,9.0,tt9729164
The Walking Dead,10,2020-03-01,3.159,1.00,tt1520211,10,10.0,10.0,tt9729166
The Walking Dead,10,2020-03-08,2.927,0.92,tt1520211,11,10.0,11.0,tt9729176
The Walking Dead,10,2020-03-15,3.494,1.23,tt1520211,12,10.0,12.0,tt9729172
The Walking Dead,10,2020-03-22,3.662,1.21,tt1520211,13,10.0,13.0,tt9729178
The Walking Dead,10,2020-03-29,3.264,1.06,tt1520211,14,10.0,14.0,tt9729182
The Walking Dead,10,2020-04-05,3.488,1.13,tt1520211,15,10.0,15.0,tt9729180
The Walking Dead,10,2020-10-04,2.727,0.87,tt1520211,16,10.0,16.0,tt9729184
The Walking Dead,10,2021-02-28,2.891,0.92,tt1520211,17,10.0,17.0,tt12772726
The Walking Dead,10,2021-03-07,2.259,0.65,tt1520211,18,10.0,18.0,tt12772732
The Walking Dead,10,2021-03-14,2.170,0.57,tt1520211,19,10.0,19.0,tt12772738
The Walking Dead,10,2021-03-21,2.113,0.56,tt1520211,20,10.0,20.0,tt12772744
The Walking Dead,10,2021-03-28,1.938,0.55,tt1520211,21,10.0,21.0,tt12772746
The Walking Dead,10,2021-04-04,2.124,0.60,tt1520211,22,10.0,22.0,tt12772748
The Walking Dead,11,2021-08-22,2.216,0.60,tt1520211,1,11.0,1.0,tt11156952
The Walking Dead,11,2021-08-29,1.990,0.52,tt1520211,2,11.0,2.0,tt12772874
The Walking Dead,11,,1.873,0.49,tt1520211,3,11.0,3.0,tt12772878
The Walking Dead,11,,1.884,0.46,tt1520211,4,11.0,4.0,tt12772880
The Walking Dead,11,,1.914,0.51,tt1520211,5,11.0,5.0,tt12772882
The Walking Dead,11,,1.782,0.43,tt1520211,6,11.0,6.0,tt12772884
The Walking Dead,11,2021-10-03,1.891,0.47,tt1520211,7,11.0,7.0,tt12772886
The Walking Dead,11,2021-10-10,1.914,0.53,tt1520211,8,11.0,8.0,tt12772890
The Walking Dead,11,2022-02-20,1.756,0.53,tt1520211,9,11.0,9.0,tt12772892
The Walking Dead,11,2022-02-27,1.604,0.41,tt1520211,10,11.0,10.0,tt12772896
The Walking Dead,11,2022-03-06,1.672,0.42,tt1520211,11,11.0,11.0,tt12772898
The Walking Dead,11,2022-03-13,1.582,0.38,tt1520211,12,11.0,12.0,tt12772900
The Walking Dead,11,2022-03-20,1.789,0.45,tt1520211,13,11.0,13.0,tt12772904
The Walking Dead,11,2022-03-27,1.552,0.40,tt1520211,14,11.0,14.0,tt12772906
The Walking Dead,11,2022-04-03,1.673,0.37,tt1520211,15,11.0,15.0,tt12772908
The Walking Dead,11,2022-04-10,1.606,0.39,tt1520211,16,11.0,16.0,tt12772916
Nip/Tuck,1,2003-07-22,3.701,1.6,tt0361217,1,1.0,1.0,tt0661193
Nip/Tuck,1,2003-07-29,3.342,1.7,tt0361217,2,1.0,2.0,tt0661183
Nip/Tuck,1,2003-08-05,3.549,1.8,tt0361217,3,1.0,3.0,tt0661189
Nip/Tuck,1,2003-08-12,3.346,1.7,tt0361217,4,1.0,4.0,tt0661199
Nip/Tuck,1,2003-08-19,2.959,1.4,tt0361217,5,1.0,5.0,tt0661181
Nip/Tuck,1,,3.275,1.7,tt0361217,6,1.0,6.0,tt0661185
Nip/Tuck,1,,3.322,1.8,tt0361217,7,1.0,7.0,tt0661169
Nip/Tuck,1,,3.515,1.9,tt0361217,8,1.0,8.0,tt0661166
Nip/Tuck,1,,3.669,2.1,tt0361217,9,1.0,9.0,tt0661200
Nip/Tuck,1,,3.031,1.8,tt0361217,10,1.0,10.0,tt0661160
Nip/Tuck,1,2003-10-07,2.495,1.5,tt0361217,11,1.0,11.0,tt0661187
Nip/Tuck,1,2003-10-14,2.919,1.7,tt0361217,12,1.0,12.0,tt0661163
Nip/Tuck,1,2003-10-21,2.986,1.6,tt0361217,13,1.0,13.0,tt0661171
Nip/Tuck,2,2004-06-22,3.812,2.1,tt0361217,1,2.0,1.0,tt0661170
Nip/Tuck,2,2004-06-29,3.170,1.6,tt0361217,2,2.0,2.0,tt0661168
Nip/Tuck,2,2004-07-06,3.493,1.9,tt0361217,3,2.0,3.0,tt0661184
Nip/Tuck,2,2004-07-13,3.041,1.6,tt0361217,4,2.0,4.0,tt0661188
Nip/Tuck,2,2004-07-20,3.093,1.6,tt0361217,5,2.0,5.0,tt0661176
Nip/Tuck,2,2004-07-27,3.741,1.8,tt0361217,6,2.0,6.0,tt0661165
Nip/Tuck,2,2004-08-03,3.804,2.2,tt0361217,7,2.0,7.0,tt0661190
Nip/Tuck,2,2004-08-10,3.879,2.1,tt0361217,8,2.0,8.0,tt0661161
Nip/Tuck,2,2004-08-17,3.453,1.8,tt0361217,9,2.0,9.0,tt0661196
Nip/Tuck,2,2004-08-24,3.726,2.0,tt0361217,10,2.0,10.0,tt0661180
Nip/Tuck,2,2004-08-31,4.296,2.4,tt0361217,11,2.0,11.0,tt0661191
Nip/Tuck,2,,4.145,2.2,tt0361217,12,2.0,12.0,tt0661178
Nip/Tuck,2,,3.749,2.0,tt0361217,13,2.0,13.0,tt0661192
Nip/Tuck,2,,3.674,2.0,tt0361217,14,2.0,14.0,tt0661202
Nip/Tuck,2,,3.845,2.0,tt0361217,15,2.0,15.0,tt0661198
Nip/Tuck,2,2004-10-05,5.216,2.7,tt0361217,16,2.0,16.0,tt0661175
Nip/Tuck,3,,5.287,2.8,tt0361217,1,3.0,1.0,tt0661186
Nip/Tuck,3,,3.914,2.0,tt0361217,2,3.0,2.0,tt0661179
Nip/Tuck,3,2005-10-04,3.892,2.1,tt0361217,3,3.0,3.0,tt0661162
Nip/Tuck,3,2005-10-11,3.424,1.8,tt0361217,4,3.0,4.0,tt0661195
Nip/Tuck,3,2005-10-18,3.839,2.2,tt0361217,5,3.0,5.0,tt0661173
Nip/Tuck,3,2005-10-25,3.541,2.1,tt0361217,6,3.0,6.0,tt0661172
Nip/Tuck,3,2005-11-01,3.332,1.7,tt0361217,7,3.0,7.0,tt0661164
Nip/Tuck,3,2005-11-08,3.417,1.9,tt0361217,8,3.0,8.0,tt0661201
Nip/Tuck,3,2005-11-15,2.831,1.5,tt0361217,9,3.0,9.0,tt0661174
Nip/Tuck,3,2005-11-22,2.930,1.6,tt0361217,10,3.0,10.0,tt0661182
Nip/Tuck,3,2005-11-29,3.481,1.8,tt0361217,11,3.0,11.0,tt0661159
Nip/Tuck,3,2005-12-06,2.995,1.7,tt0361217,12,3.0,12.0,tt0661197
Nip/Tuck,3,2005-12-13,3.295,1.9,tt0361217,13,3.0,13.0,tt0661177
Nip/Tuck,3,2005-12-20,5.684,3.0,tt0361217,14,3.0,14.0,tt0661167
Nip/Tuck,4,,4.856,2.6,tt0361217,1,4.0,1.0,tt0816897
Nip/Tuck,4,,3.860,2.1,tt0361217,2,4.0,2.0,tt0816896
Nip/Tuck,4,,3.451,1.8,tt0361217,3,4.0,3.0,tt0865715
Nip/Tuck,4,,3.917,2.1,tt0361217,4,4.0,4.0,tt0863902
Nip/Tuck,4,2006-10-03,3.335,1.8,tt0361217,5,4.0,5.0,tt0866228
Nip/Tuck,4,2006-10-10,3.550,1.9,tt0361217,6,4.0,6.0,tt0866229
Nip/Tuck,4,2006-10-17,3.981,2.2,tt0361217,7,4.0,7.0,tt0866226
Nip/Tuck,4,2006-10-24,3.260,1.7,tt0361217,8,4.0,8.0,tt0866227
Nip/Tuck,4,2006-10-31,3.271,1.8,tt0361217,9,4.0,9.0,tt0866230
Nip/Tuck,4,2006-11-07,3.914,2.1,tt0361217,10,4.0,10.0,tt0866231
Nip/Tuck,4,2006-11-14,3.470,1.9,tt0361217,11,4.0,11.0,tt0898704
Nip/Tuck,4,2006-11-21,3.302,1.7,tt0361217,12,4.0,12.0,tt0888288
Nip/Tuck,4,2006-11-28,3.016,1.7,tt0361217,13,4.0,13.0,tt0897919
Nip/Tuck,4,2006-12-05,2.840,1.6,tt0361217,14,4.0,14.0,tt0900672
Nip/Tuck,4,2006-12-12,3.375,1.8,tt0361217,15,4.0,15.0,tt0900671
Nip/Tuck,5,2007-10-30,4.344,2.7,tt0361217,1,5.0,1.0,tt1058340
Nip/Tuck,5,2007-11-06,3.328,2.0,tt0361217,2,5.0,2.0,tt1058351
Nip/Tuck,5,2007-11-13,3.564,2.1,tt0361217,3,5.0,3.0,tt1058355
Nip/Tuck,5,2007-11-20,3.206,1.7,tt0361217,4,5.0,4.0,tt1058356
Nip/Tuck,5,2007-11-27,3.402,2.0,tt0361217,5,5.0,5.0,tt1058357
Nip/Tuck,5,2007-12-04,2.490,1.4,tt0361217,6,5.0,6.0,tt1058358
Nip/Tuck,5,2007-12-11,2.518,1.4,tt0361217,7,5.0,7.0,tt1058359
Nip/Tuck,5,2007-12-18,1.936,1.0,tt0361217,8,5.0,8.0,tt1058360
Nip/Tuck,5,2008-01-15,2.192,1.3,tt0361217,9,5.0,9.0,tt1058361
Nip/Tuck,5,2008-01-22,2.838,1.6,tt0361217,10,5.0,10.0,tt1058341
Nip/Tuck,5,2008-01-29,2.889,1.6,tt0361217,11,5.0,11.0,tt1058342
Nip/Tuck,5,2008-02-05,3.340,1.8,tt0361217,12,5.0,12.0,tt1058343
Nip/Tuck,5,2008-02-12,2.714,1.6,tt0361217,13,5.0,13.0,tt1058344
Nip/Tuck,5,2008-02-19,2.983,1.8,tt0361217,14,5.0,14.0,tt1058345
Nip/Tuck,5,2009-01-06,3.122,1.8,tt0361217,15,5.0,15.0,tt1058346
Nip/Tuck,5,2009-01-13,2.528,1.4,tt0361217,16,5.0,16.0,tt1335605
Nip/Tuck,5,2009-01-27,2.677,1.5,tt0361217,17,5.0,17.0,tt1335608
Nip/Tuck,5,2009-02-03,2.702,1.5,tt0361217,18,5.0,18.0,tt1335609
Nip/Tuck,5,2009-02-10,2.330,1.3,tt0361217,19,5.0,19.0,tt1335607
Nip/Tuck,5,2009-02-17,2.404,1.4,tt0361217,20,5.0,20.0,tt1058352
Nip/Tuck,5,2009-02-24,2.098,1.2,tt0361217,21,5.0,21.0,tt1335603
Nip/Tuck,5,2009-03-03,2.385,1.4,tt0361217,22,5.0,22.0,tt1335606
Nip/Tuck,6,2009-10-14,2.922,1.4,tt0361217,1,6.0,1.0,tt1334173
Nip/Tuck,6,2009-10-21,2.229,1.2,tt0361217,2,6.0,2.0,tt1058347
Nip/Tuck,6,2009-10-28,2.200,1.1,tt0361217,3,6.0,3.0,tt1058348
Nip/Tuck,6,2009-11-04,2.167,1.1,tt0361217,4,6.0,4.0,tt1058349
Nip/Tuck,6,2009-11-11,1.745,0.9,tt0361217,5,6.0,5.0,tt1058350
Nip/Tuck,6,2009-11-18,1.888,1.0,tt0361217,6,6.0,6.0,tt1284881
Nip/Tuck,6,2009-11-25,1.412,0.7,tt0361217,7,6.0,7.0,tt1058353
Nip/Tuck,6,2009-12-02,2.414,1.1,tt0361217,8,6.0,8.0,tt1058354
Nip/Tuck,6,2009-12-09,1.746,0.9,tt0361217,9,6.0,9.0,tt1408682
Nip/Tuck,6,2009-12-16,2.094,1.1,tt0361217,10,6.0,10.0,tt1413904
Nip/Tuck,6,2010-01-06,1.706,0.9,tt0361217,11,6.0,11.0,tt1413901
Nip/Tuck,6,2010-01-13,1.964,1.0,tt0361217,12,6.0,12.0,tt1413905
Nip/Tuck,6,2010-01-20,1.887,0.9,tt0361217,13,6.0,13.0,tt1413902
Nip/Tuck,6,2010-01-27,1.808,0.9,tt0361217,14,6.0,14.0,tt1413903
Nip/Tuck,6,2010-02-03,1.541,0.8,tt0361217,15,6.0,15.0,tt1426094
Nip/Tuck,6,2010-02-10,1.734,0.9,tt0361217,16,6.0,16.0,tt1444065
Nip/Tuck,6,2010-02-17,1.490,0.7,tt0361217,17,6.0,17.0,tt1425560
Nip/Tuck,6,2010-02-24,1.521,0.6,tt0361217,18,6.0,18.0,tt1444066
Nip/Tuck,6,2010-03-03,1.876,0.9,tt0361217,19,6.0,19.0,tt1452768
Weeds,1,2005-08-07,0.538,0.3,tt0439100,1,1.0,1.0,tt0745217
Weeds,1,2005-08-08,0.488,0.2,tt0439100,2,1.0,2.0,tt0745210
Weeds,1,2005-08-15,0.405,0.3,tt0439100,3,1.0,3.0,tt0745211
Weeds,1,2005-08-22,0.326,0.2,tt0439100,4,1.0,4.0,tt0745209
Weeds,1,2005-08-29,0.340,0.2,tt0439100,5,1.0,5.0,tt0745213
Weeds,1,,0.422,0.2,tt0439100,6,1.0,6.0,tt0745208
Weeds,1,,0.288,0.2,tt0439100,7,1.0,7.0,tt0745212
Weeds,1,,0.318,0.2,tt0439100,8,1.0,8.0,tt0745215
Weeds,1,,0.319,0.2,tt0439100,9,1.0,9.0,tt0745216
Weeds,1,2005-10-03,0.263,0.1,tt0439100,10,1.0,10.0,tt0745214
Weeds,1,2005-10-10,0.511,0.3,tt0439100,11,,,
Weeds,2,2006-08-14,0.578,0.3,tt0439100,1,2.0,1.0,tt0815016
Weeds,2,2006-08-21,0.487,0.3,tt0439100,2,2.0,2.0,tt0823133
Weeds,2,2006-08-28,0.516,0.3,tt0439100,3,2.0,3.0,tt0823134
Weeds,2,,0.617,0.3,tt0439100,4,2.0,4.0,tt0823136
Weeds,2,,0.375,0.2,tt0439100,5,2.0,5.0,tt0823135
Weeds,2,,0.482,0.2,tt0439100,6,2.0,6.0,tt0815017
Weeds,2,,0.387,0.2,tt0439100,7,2.0,7.0,tt0815018
Weeds,2,2006-10-02,0.330,0.2,tt0439100,8,2.0,8.0,tt0831804
Weeds,2,2006-10-09,0.496,0.3,tt0439100,9,2.0,9.0,tt0852431
Weeds,2,2006-10-16,0.435,0.2,tt0439100,10,2.0,10.0,tt0826017
Weeds,2,2006-10-23,0.476,0.3,tt0439100,11,2.0,11.0,tt0840977
Weeds,2,2006-10-30,0.626,0.3,tt0439100,12,2.0,12.0,tt0840976
Weeds,3,2007-08-13,0.824,0.5,tt0439100,1,3.0,1.0,tt1026422
Weeds,3,2007-08-20,0.729,0.4,tt0439100,2,3.0,2.0,tt1014055
Weeds,3,2007-08-27,0.773,0.4,tt0439100,3,3.0,3.0,tt1014056
Weeds,3,,0.735,0.4,tt0439100,4,3.0,4.0,tt1014057
Weeds,3,,0.610,0.4,tt0439100,5,3.0,5.0,tt1014058
Weeds,3,,0.640,0.4,tt0439100,6,3.0,6.0,tt1014059
Weeds,3,,0.644,0.4,tt0439100,7,3.0,7.0,tt1014060
Weeds,3,2007-10-01,0.576,0.3,tt0439100,8,3.0,8.0,tt1014061
Weeds,3,2007-10-08,0.521,0.3,tt0439100,9,3.0,9.0,tt1014062
Weeds,3,2007-10-15,0.716,0.4,tt0439100,10,3.0,10.0,tt1014054
Weeds,3,2007-10-22,0.611,0.3,tt0439100,11,3.0,11.0,tt1106488
Weeds,3,2007-10-29,0.693,0.4,tt0439100,12,3.0,12.0,tt1106623
Weeds,3,2007-11-05,0.583,0.3,tt0439100,13,3.0,13.0,tt1110201
Weeds,3,2007-11-12,0.684,0.4,tt0439100,14,3.0,14.0,tt1103083
Weeds,3,2007-11-19,0.737,0.4,tt0439100,15,3.0,15.0,tt1137945
Weeds,4,2008-06-16,1.349,0.7,tt0439100,1,4.0,1.0,tt1137932
Weeds,4,2008-06-23,1.104,0.7,tt0439100,2,4.0,2.0,tt1137937
Weeds,4,2008-06-30,0.863,0.5,tt0439100,3,4.0,3.0,tt1137938
Weeds,4,2008-07-07,1.057,0.6,tt0439100,4,4.0,4.0,tt1137939
Weeds,4,2008-07-14,1.003,0.6,tt0439100,5,4.0,5.0,tt1137940
Weeds,4,2008-07-21,1.032,0.6,tt0439100,6,4.0,6.0,tt1137941
Weeds,4,2008-07-28,0.773,0.5,tt0439100,7,4.0,7.0,tt1137942
Weeds,4,2008-08-04,0.937,0.5,tt0439100,8,4.0,8.0,tt1137943
Weeds,4,2008-08-11,0.853,0.5,tt0439100,9,4.0,9.0,tt1137944
Weeds,4,2008-08-18,0.877,0.5,tt0439100,10,4.0,10.0,tt1137933
Weeds,4,2008-08-25,0.816,0.5,tt0439100,11,4.0,11.0,tt1137934
Weeds,4,,0.931,0.5,tt0439100,12,4.0,12.0,tt1137935
Weeds,4,,1.008,0.6,tt0439100,13,4.0,13.0,tt1137936
Weeds,5,2009-06-08,1.218,0.6,tt0439100,1,5.0,1.0,tt1407020
Weeds,5,2009-06-15,0.962,0.5,tt0439100,2,5.0,2.0,tt1431676
Weeds,5,2009-06-22,0.761,0.4,tt0439100,3,5.0,3.0,tt1444658
Weeds,5,2009-06-29,0.940,0.4,tt0439100,4,5.0,4.0,tt1457584
Weeds,5,2009-07-06,1.036,0.5,tt0439100,5,5.0,5.0,tt1457585
Weeds,5,2009-07-13,0.852,0.4,tt0439100,6,5.0,6.0,tt1457586
Weeds,5,2009-07-20,0.912,0.5,tt0439100,7,5.0,7.0,tt1444242
Weeds,5,2009-07-27,1.043,0.5,tt0439100,8,5.0,8.0,tt1457587
Weeds,5,2009-08-03,1.128,0.6,tt0439100,9,5.0,9.0,tt1447169
Weeds,5,2009-08-10,1.171,0.6,tt0439100,10,5.0,10.0,tt1447165
Weeds,5,2009-08-17,1.114,0.5,tt0439100,11,5.0,11.0,tt1447166
Weeds,5,2009-08-24,1.132,0.5,tt0439100,12,5.0,12.0,tt1447167
Weeds,5,2009-08-31,1.337,0.6,tt0439100,13,5.0,13.0,tt1447168
Weeds,6,2010-08-16,1.262,0.6,tt0439100,1,6.0,1.0,tt1620407
Weeds,6,2010-08-23,1.040,0.5,tt0439100,2,6.0,2.0,tt1665705
Weeds,6,2010-08-30,1.022,0.5,tt0439100,3,6.0,3.0,tt1664614
Weeds,6,,0.959,0.5,tt0439100,4,6.0,4.0,tt1674661
Weeds,6,,0.825,0.4,tt0439100,5,6.0,5.0,tt1675136
Weeds,6,,0.985,0.5,tt0439100,6,6.0,6.0,tt1675137
Weeds,6,2010-10-04,0.677,0.4,tt0439100,7,6.0,7.0,tt1674662
Weeds,6,2010-10-11,0.931,0.4,tt0439100,8,6.0,8.0,tt1673347
Weeds,6,2010-10-18,0.850,0.4,tt0439100,9,6.0,9.0,tt1681356
Weeds,6,2010-10-25,0.800,0.4,tt0439100,10,6.0,10.0,tt1683858
Weeds,6,2010-11-01,0.989,0.5,tt0439100,11,6.0,11.0,tt1683377
Weeds,6,2010-11-08,0.863,0.4,tt0439100,12,6.0,12.0,tt1686757
Weeds,6,2010-11-15,0.990,0.5,tt0439100,13,6.0,13.0,tt1709071
Weeds,7,2011-06-27,1.194,0.6,tt0439100,1,7.0,1.0,tt1854499
Weeds,7,2011-07-04,0.622,0.26,tt0439100,2,7.0,2.0,tt1954059
Weeds,7,2011-07-11,0.779,0.4,tt0439100,3,7.0,3.0,tt1954060
Weeds,7,2011-07-18,0.674,0.3,tt0439100,4,7.0,4.0,tt1954056
Weeds,7,2011-07-25,0.677,0.4,tt0439100,5,7.0,5.0,tt1954058
Weeds,7,2011-08-01,0.711,0.3,tt0439100,6,7.0,6.0,tt1971299
Weeds,7,2011-08-08,0.692,0.3,tt0439100,7,7.0,7.0,tt1977647
Weeds,7,2011-08-15,0.670,0.3,tt0439100,8,7.0,8.0,tt1980009
Weeds,7,2011-08-22,0.722,0.3,tt0439100,9,7.0,9.0,tt1995223
Weeds,7,2011-08-29,0.796,0.4,tt0439100,10,7.0,10.0,tt1995221
Weeds,7,,0.745,0.4,tt0439100,11,7.0,11.0,tt1995222
Weeds,7,,0.519,0.3,tt0439100,12,7.0,12.0,tt1999005
Weeds,7,,0.556,0.3,tt0439100,13,7.0,13.0,tt1999006
Weeds,8,2012-07-01,0.805,0.4,tt0439100,1,8.0,1.0,tt2108433
Weeds,8,2012-07-08,0.608,0.3,tt0439100,2,8.0,2.0,tt2364491
Weeds,8,2012-07-15,0.782,0.4,tt0439100,3,8.0,3.0,tt2364493
Weeds,8,2012-07-22,0.573,0.3,tt0439100,4,8.0,4.0,tt2364495
Weeds,8,2012-07-29,0.478,0.28,tt0439100,5,8.0,5.0,tt2364497
Weeds,8,2012-08-05,0.637,0.3,tt0439100,6,8.0,6.0,tt2364499
Weeds,8,2012-08-12,0.562,0.3,tt0439100,7,8.0,7.0,tt2364501
Weeds,8,2012-08-19,0.779,0.4,tt0439100,8,8.0,8.0,tt2364503
Weeds,8,2012-08-26,0.685,0.4,tt0439100,9,8.0,9.0,tt2364505
Weeds,8,,0.605,0.33,tt0439100,10,8.0,10.0,tt2364483
Weeds,8,,0.692,0.4,tt0439100,11,8.0,11.0,tt2364485
Weeds,8,,0.864,0.5,tt0439100,12,8.0,12.0,tt2364487
Outcast,1,2016-06-03,0.152,0.06,tt4229954,1,1.0,1.0,tt4455660
Outcast,1,2016-06-10,0.193,0.07,tt4229954,2,1.0,2.0,tt4947652
Outcast,1,2016-06-17,0.170,0.06,tt4229954,3,1.0,3.0,tt5033394
Outcast,1,2016-06-24,0.249,0.06,tt4229954,4,1.0,4.0,tt5027514
Outcast,1,2016-07-08,0.145,0.05,tt4229954,5,1.0,5.0,tt5068518
Outcast,1,2016-07-15,0.205,0.08,tt4229954,6,1.0,6.0,tt5068520
Outcast,1,2016-07-22,0.173,0.03,tt4229954,7,1.0,7.0,tt5074148
Outcast,1,2016-07-29,0.154,0.06,tt4229954,8,1.0,8.0,tt5074152
Outcast,1,2016-08-05,0.146,0.06,tt4229954,9,1.0,9.0,tt5074158
Outcast,1,2016-08-12,0.152,0.06,tt4229954,10,1.0,10.0,tt5074172
Outcast,2,2018-07-20,0.149,0.07,tt4229954,1,2.0,1.0,tt5781178
Outcast,2,2018-07-27,0.091,0.02,tt4229954,2,2.0,2.0,tt5926362
Outcast,2,2018-08-03,0.081,0.02,tt4229954,3,2.0,3.0,tt5996914
Outcast,2,2018-08-10,0.049,0.02,tt4229954,4,2.0,4.0,tt6047494
Outcast,2,2018-08-17,0.157,0.05,tt4229954,5,2.0,5.0,tt6047498
Outcast,2,2018-08-24,0.113,0.04,tt4229954,6,2.0,6.0,tt6047502
Outcast,2,,0.117,0.03,tt4229954,7,2.0,7.0,tt6163002
Outcast,2,,0.098,0.03,tt4229954,8,2.0,8.0,tt6162998
Outcast,2,,0.093,0.03,tt4229954,9,2.0,9.0,tt6163004
Outcast,2,,0.108,0.05,tt4229954,10,2.0,10.0,tt6148932
Teachers,1,2016-01-13,0.341,0.09,tt0280330,1,1.0,1.0,tt0718591
Teachers,1,2016-01-20,0.392,0.14,tt0280330,2,1.0,2.0,tt0718592
Teachers,1,2016-01-27,0.422,0.15,tt0280330,3,1.0,3.0,tt0718593
Teachers,1,2016-02-03,0.458,0.17,tt0280330,4,1.0,4.0,tt0718594
Teachers,1,2016-02-10,0.466,0.15,tt0280330,5,1.0,5.0,tt0718595
Teachers,1,2016-02-17,0.382,0.13,tt0280330,6,1.0,6.0,tt0718596
Teachers,1,2016-02-24,0.434,0.13,tt0280330,7,1.0,7.0,tt0718597
Teachers,1,2016-03-02,0.426,0.15,tt0280330,8,1.0,8.0,tt0718598
Teachers,1,2016-03-09,0.340,0.10,tt0280330,9,,,
Teachers,1,2016-03-16,0.344,0.11,tt0280330,10,,,
Teachers,2,2017-01-17,0.605,0.14,tt0280330,1,2.0,1.0,tt0718599
Teachers,2,2017-01-24,0.530,0.15,tt0280330,2,2.0,2.0,tt0718601
Teachers,2,2017-01-31,0.643,0.18,tt0280330,3,2.0,3.0,tt0718602
Teachers,2,2017-02-07,0.516,0.13,tt0280330,4,2.0,4.0,tt0718603
Teachers,2,2017-02-14,0.503,0.15,tt0280330,5,2.0,5.0,tt0718604
Teachers,2,2017-02-21,0.482,0.14,tt0280330,6,2.0,6.0,tt0718605
Teachers,2,2017-02-28,0.497,0.14,tt0280330,7,2.0,7.0,tt0718606
Teachers,2,2017-03-07,0.477,0.15,tt0280330,8,2.0,8.0,tt0718607
Teachers,2,2017-03-14,0.535,0.14,tt0280330,9,2.0,9.0,tt0718608
Teachers,2,2017-03-21,0.345,0.09,tt0280330,10,2.0,10.0,tt0718600
Teachers,2,2017-11-07,0.470,0.11,tt0280330,11,,,
Teachers,2,2017-11-14,0.621,0.13,tt0280330,12,,,
Teachers,2,2017-11-21,0.574,0.15,tt0280330,13,,,
Teachers,2,2017-11-28,0.564,0.10,tt0280330,14,,,
Teachers,2,2017-12-05,0.650,0.15,tt0280330,15,,,
Teachers,2,2017-12-12,0.462,0.08,tt0280330,16,,,
Teachers,2,2017-12-19,0.521,0.11,tt0280330,17,,,
Teachers,2,2018-01-02,0.443,0.11,tt0280330,18,,,
Teachers,2,2018-01-09,0.434,0.09,tt0280330,19,,,
Teachers,2,2018-01-16,0.492,0.11,tt0280330,20,,,
Teachers,3,2018-06-05,0.423,0.10,tt0280330,1,3.0,1.0,tt0718609
Teachers,3,2018-06-12,0.389,0.09,tt0280330,2,3.0,2.0,tt0718614
Teachers,3,2018-06-19,0.348,0.07,tt0280330,3,3.0,3.0,tt0718615
Teachers,3,2018-06-26,0.400,0.11,tt0280330,4,3.0,4.0,tt1097516
Teachers,3,2018-07-10,0.303,0.09,tt0280330,5,3.0,5.0,tt0718616
Teachers,3,2018-07-17,0.349,0.10,tt0280330,6,3.0,6.0,tt0718617
Teachers,3,2018-07-24,0.380,0.09,tt0280330,7,3.0,7.0,tt0718618
Teachers,3,2018-07-31,0.334,0.10,tt0280330,8,3.0,8.0,tt0718619
Teachers,3,2018-08-07,0.384,0.10,tt0280330,9,3.0,9.0,tt0718620
Teachers,3,2018-08-14,0.356,0.09,tt0280330,10,3.0,10.0,tt0718610
Teachers,3,2019-01-15,0.487,0.08,tt0280330,11,3.0,11.0,tt0718611
Teachers,3,2019-01-22,0.516,0.11,tt0280330,12,3.0,12.0,tt0718612
Teachers,3,2019-01-29,0.513,0.10,tt0280330,13,3.0,13.0,tt0718613
Teachers,3,2019-02-05,0.289,0.05,tt0280330,14,,,
Teachers,3,2019-02-12,0.462,0.09,tt0280330,15,,,
Teachers,3,2019-02-19,0.489,0.10,tt0280330,16,,,
Teachers,3,2019-02-26,0.435,0.08,tt0280330,17,,,
Teachers,3,2019-03-05,0.531,0.09,tt0280330,18,,,
Teachers,3,2019-03-12,0.415,0.07,tt0280330,19,,,
Teachers,3,2019-03-19,0.436,0.07,tt0280330,20,,,
Rizzoli & Isles,1,2010-07-12,7.553,1.6/5,tt1551632,1,1.0,1.0,tt1686408
Rizzoli & Isles,1,2010-07-19,7.272,1.5/4,tt1551632,2,1.0,2.0,tt1686407
Rizzoli & Isles,1,2010-07-26,6.548,1.3/4,tt1551632,3,1.0,3.0,tt1686409
Rizzoli & Isles,1,2010-08-02,6.612,1.4/5,tt1551632,4,1.0,4.0,tt1686403
Rizzoli & Isles,1,2010-08-09,7.423,1.6/5,tt1551632,5,1.0,5.0,tt1686405
Rizzoli & Isles,1,2010-08-16,6.494,1.3/4,tt1551632,6,1.0,6.0,tt1683724
Rizzoli & Isles,1,2010-08-23,6.732,1.6/4,tt1551632,7,1.0,7.0,tt1686404
Rizzoli & Isles,1,2010-08-30,6.424,1.3/4,tt1551632,8,1.0,8.0,tt1686406
Rizzoli & Isles,1,,7.239,1.5/4,tt1551632,9,1.0,9.0,tt1710109
Rizzoli & Isles,1,,6.559,1.5/4,tt1551632,10,1.0,10.0,tt1710110
Rizzoli & Isles,2,2011-07-11,6.382,1.2,tt1551632,1,2.0,1.0,tt1885000
Rizzoli & Isles,2,2011-07-18,6.392,1.2,tt1551632,2,2.0,2.0,tt1883976
Rizzoli & Isles,2,2011-07-25,6.040,1.1,tt1551632,3,2.0,3.0,tt1895097
Rizzoli & Isles,2,2011-08-01,6.454,1.4,tt1551632,4,2.0,4.0,tt1947545
Rizzoli & Isles,2,2011-08-08,6.455,1.3,tt1551632,5,2.0,5.0,tt1910236
Rizzoli & Isles,2,2011-08-15,6.742,1.3,tt1551632,6,2.0,6.0,tt1941020
Rizzoli & Isles,2,2011-08-22,6.274,1.2,tt1551632,7,2.0,7.0,tt1949373
Rizzoli & Isles,2,2011-08-29,6.714,1.2,tt1551632,8,2.0,8.0,tt1980680
Rizzoli & Isles,2,,6.688,1.3,tt1551632,9,2.0,9.0,tt1979906
Rizzoli & Isles,2,,5.626,1.1,tt1551632,10,2.0,10.0,tt2011749
Rizzoli & Isles,2,2011-11-28,4.782,0.8,tt1551632,11,2.0,11.0,tt2005932
Rizzoli & Isles,2,2011-12-05,3.860,0.8,tt1551632,12,2.0,12.0,tt2021845
Rizzoli & Isles,2,2011-12-12,4.905,1.0,tt1551632,13,2.0,13.0,tt2026469
Rizzoli & Isles,2,2011-12-19,5.324,1.0,tt1551632,14,2.0,14.0,tt2032030
Rizzoli & Isles,2,2011-12-26,5.790,1.1,tt1551632,15,2.0,15.0,tt2057108
Rizzoli & Isles,3,2012-06-05,5.620,1.2,tt1551632,1,3.0,1.0,tt2364193
Rizzoli & Isles,3,2012-06-12,5.131,1.0,tt1551632,2,3.0,2.0,tt2362503
Rizzoli & Isles,3,2012-06-19,5.359,1.0,tt1551632,3,3.0,3.0,tt2341369
Rizzoli & Isles,3,2012-06-26,5.426,1.1,tt1551632,4,3.0,4.0,tt2362505
Rizzoli & Isles,3,2012-07-03,5.320,1.0,tt1551632,5,3.0,5.0,tt2393295
Rizzoli & Isles,3,2012-07-10,5.516,1.2,tt1551632,6,3.0,6.0,tt2215280
Rizzoli & Isles,3,2012-07-17,5.840,1.1,tt1551632,7,3.0,7.0,tt2215284
Rizzoli & Isles,3,2012-07-24,5.592,1.2,tt1551632,8,3.0,8.0,tt2215300
Rizzoli & Isles,3,2012-07-31,4.438,0.8,tt1551632,9,3.0,9.0,tt2250292
Rizzoli & Isles,3,2012-08-14,6.038,1.3,tt1551632,10,3.0,10.0,tt2289006
Rizzoli & Isles,3,2012-11-27,3.436,0.8,tt1551632,11,3.0,11.0,tt2289010
Rizzoli & Isles,3,2012-12-04,4.752,0.9,tt1551632,12,3.0,12.0,tt2305582
Rizzoli & Isles,3,2012-12-11,3.792,0.8,tt1551632,13,3.0,13.0,tt2335844
Rizzoli & Isles,3,2012-12-18,3.424,0.7,tt1551632,14,3.0,14.0,tt2364788
Rizzoli & Isles,3,2012-12-25,4.422,0.8,tt1551632,15,3.0,15.0,tt2487316
Rizzoli & Isles,4,2013-06-25,6.636,1.4,tt1551632,1,4.0,1.0,tt2635780
Rizzoli & Isles,4,2013-07-02,5.895,1.2,tt1551632,2,4.0,2.0,tt2701060
Rizzoli & Isles,4,2013-07-09,5.581,1.0,tt1551632,3,4.0,3.0,tt3041174
Rizzoli & Isles,4,2013-07-16,5.216,1.0,tt1551632,4,4.0,4.0,tt2738748
Rizzoli & Isles,4,2013-07-23,5.488,1.1,tt1551632,5,4.0,5.0,tt2756544
Rizzoli & Isles,4,2013-07-30,5.328,1.0,tt1551632,6,4.0,6.0,tt2801016
Rizzoli & Isles,4,2013-08-06,5.499,1.2,tt1551632,7,4.0,7.0,tt2890252
Rizzoli & Isles,4,2013-08-13,5.600,1.1,tt1551632,8,4.0,8.0,tt2896526
Rizzoli & Isles,4,2013-08-20,5.605,1.1,tt1551632,9,4.0,9.0,tt2954176
Rizzoli & Isles,4,2013-08-27,5.997,1.4,tt1551632,10,4.0,10.0,tt2962530
Rizzoli & Isles,4,,5.884,1.2,tt1551632,11,4.0,11.0,tt3000892
Rizzoli & Isles,4,,5.696,1.2,tt1551632,12,4.0,12.0,tt2986450
Rizzoli & Isles,4,2014-02-25,3.733,0.7,tt1551632,13,4.0,13.0,tt3054588
Rizzoli & Isles,4,2014-03-04,3.353,0.7,tt1551632,14,4.0,14.0,tt3131164
Rizzoli & Isles,4,2014-03-11,4.745,0.9,tt1551632,15,4.0,15.0,tt3488234
Rizzoli & Isles,4,2014-03-18,3.584,0.7,tt1551632,16,4.0,16.0,tt3249656
Rizzoli & Isles,5,2014-06-17,5.811,1.01,tt1551632,1,5.0,1.0,tt3122628
Rizzoli & Isles,5,2014-06-24,5.500,1.00,tt1551632,2,5.0,2.0,tt3577062
Rizzoli & Isles,5,2014-07-01,5.428,0.95,tt1551632,3,5.0,3.0,tt3633542
Rizzoli & Isles,5,2014-07-08,5.131,1.10,tt1551632,4,5.0,4.0,tt3666408
Rizzoli & Isles,5,2014-07-15,4.859,0.92,tt1551632,5,5.0,5.0,tt3637568
Rizzoli & Isles,5,2014-07-22,5.228,1.0,tt1551632,6,5.0,6.0,tt3676784
Rizzoli & Isles,5,2014-07-29,4.768,0.86,tt1551632,7,5.0,7.0,tt3710412
Rizzoli & Isles,5,2014-08-05,5.092,0.92,tt1551632,8,5.0,8.0,tt3710432
Rizzoli & Isles,5,2014-08-12,5.677,1.01,tt1551632,9,5.0,9.0,tt3779074
Rizzoli & Isles,5,2014-08-19,5.206,0.83,tt1551632,10,5.0,10.0,tt3779078
Rizzoli & Isles,5,2014-08-26,5.163,0.94,tt1551632,11,5.0,11.0,tt3875920
Rizzoli & Isles,5,,5.037,1.01,tt1551632,12,5.0,12.0,tt3873912
Rizzoli & Isles,5,2015-02-17,3.580,0.76,tt1551632,13,5.0,13.0,tt4024066
Rizzoli & Isles,5,2015-02-24,2.864,0.57,tt1551632,14,5.0,14.0,tt4032674
Rizzoli & Isles,5,2015-03-03,3.506,0.65,tt1551632,15,5.0,15.0,tt4024070
Rizzoli & Isles,5,2015-03-10,3.123,0.56,tt1551632,16,5.0,16.0,tt4045150
Rizzoli & Isles,5,2015-03-17,3.394,0.60,tt1551632,17,5.0,17.0,tt4024078
Rizzoli & Isles,5,2015-03-17,3.615,0.63,tt1551632,18,5.0,18.0,tt4034254
Rizzoli & Isles,6,2015-06-16,4.394,0.75,tt1551632,1,6.0,1.0,tt4266724
Rizzoli & Isles,6,2015-06-23,4.005,0.63,tt1551632,2,6.0,2.0,tt4266728
Rizzoli & Isles,6,2015-06-30,4.273,0.71,tt1551632,3,6.0,3.0,tt4266730
Rizzoli & Isles,6,2015-07-07,4.423,0.76,tt1551632,4,6.0,4.0,tt4266732
Rizzoli & Isles,6,2015-07-14,4.117,0.68,tt1551632,5,6.0,5.0,tt4266736
Rizzoli & Isles,6,2015-07-21,4.156,0.57,tt1551632,6,6.0,6.0,tt4266738
Rizzoli & Isles,6,2015-07-28,4.403,0.76,tt1551632,7,6.0,7.0,tt4266746
Rizzoli & Isles,6,2015-08-04,4.226,0.63,tt1551632,8,6.0,8.0,tt4266752
Rizzoli & Isles,6,2015-08-11,4.333,0.75,tt1551632,9,6.0,9.0,tt4266750
Rizzoli & Isles,6,2015-08-18,4.520,0.74,tt1551632,10,6.0,10.0,tt4266754
Rizzoli & Isles,6,2015-08-25,4.589,0.63,tt1551632,11,6.0,11.0,tt4266756
Rizzoli & Isles,6,,4.766,0.82,tt1551632,12,6.0,12.0,tt4266760
Rizzoli & Isles,6,2016-02-16,2.339,0.41,tt1551632,13,6.0,13.0,tt4266764
Rizzoli & Isles,6,2016-02-16,2.594,0.40,tt1551632,14,6.0,14.0,tt4266762
Rizzoli & Isles,6,2016-02-23,2.397,0.43,tt1551632,15,6.0,15.0,tt4266766
Rizzoli & Isles,6,2016-03-01,2.431,0.36,tt1551632,16,6.0,16.0,tt4266768
Rizzoli & Isles,6,2016-03-08,3.329,0.50,tt1551632,17,6.0,17.0,tt4266774
Rizzoli & Isles,6,2016-03-15,2.922,0.47,tt1551632,18,6.0,18.0,tt4266770
Rizzoli & Isles,7,2016-06-06,3.913,0.58,tt1551632,1,7.0,1.0,tt5506782
Rizzoli & Isles,7,2016-06-06,3.577,0.52,tt1551632,2,7.0,2.0,tt5507716
Rizzoli & Isles,7,2016-06-13,4.001,0.61,tt1551632,3,7.0,3.0,tt5509986
Rizzoli & Isles,7,2016-06-20,4.129,0.55,tt1551632,4,7.0,4.0,tt5509988
Rizzoli & Isles,7,2016-06-27,4.355,0.62,tt1551632,5,7.0,5.0,tt5509990
Rizzoli & Isles,7,2016-07-11,4.136,0.57,tt1551632,6,7.0,6.0,tt5509994
Rizzoli & Isles,7,2016-07-18,4.052,0.52,tt1551632,7,7.0,7.0,tt5509996
Rizzoli & Isles,7,2016-07-25,3.869,0.53,tt1551632,8,7.0,8.0,tt5510002
Rizzoli & Isles,7,2016-08-01,4.087,0.55,tt1551632,9,7.0,9.0,tt5510006
Rizzoli & Isles,7,2016-08-15,3.867,0.50,tt1551632,10,7.0,10.0,tt5510014
Rizzoli & Isles,7,2016-08-22,4.746,0.64,tt1551632,11,7.0,11.0,tt5510016
Rizzoli & Isles,7,2016-08-29,4.829,0.67,tt1551632,12,7.0,12.0,tt5510020
Rizzoli & Isles,7,,5.256,0.70,tt1551632,13,7.0,13.0,tt5506784
Hell on Wheels,1,2011-11-06,4.362,1.9,tt1699748,1,1.0,1.0,tt2037275
Hell on Wheels,1,2011-11-13,3.838,1.5,tt1699748,2,1.0,2.0,tt2037267
Hell on Wheels,1,2011-11-20,3.517,1.2,tt1699748,3,1.0,3.0,tt2037268
Hell on Wheels,1,2011-11-27,3.280,1.2,tt1699748,4,1.0,4.0,tt2037269
Hell on Wheels,1,2011-12-04,2.701,0.8,tt1699748,5,1.0,5.0,tt2037270
Hell on Wheels,1,2011-12-11,2.153,0.6,tt1699748,6,1.0,6.0,tt2037271
Hell on Wheels,1,2011-12-18,2.273,0.6,tt1699748,7,1.0,7.0,tt2037272
Hell on Wheels,1,2012-01-01,2.507,0.7,tt1699748,8,1.0,8.0,tt2037273
Hell on Wheels,1,2012-01-08,2.293,0.7,tt1699748,9,1.0,9.0,tt2037274
Hell on Wheels,1,2012-01-15,2.843,0.7,tt1699748,10,1.0,10.0,tt2037266
Hell on Wheels,2,2012-08-12,2.452,0.6,tt1699748,1,2.0,1.0,tt2159349
Hell on Wheels,2,2012-08-19,2.313,0.6,tt1699748,2,2.0,2.0,tt2283732
Hell on Wheels,2,2012-08-26,2.497,0.6,tt1699748,3,2.0,3.0,tt2283734
Hell on Wheels,2,,2.472,0.6,tt1699748,4,2.0,4.0,tt2283736
Hell on Wheels,2,,2.623,0.6,tt1699748,5,2.0,5.0,tt2313198
Hell on Wheels,2,,2.695,0.6,tt1699748,6,2.0,6.0,tt2302814
Hell on Wheels,2,,2.318,0.5,tt1699748,7,2.0,7.0,tt2385348
Hell on Wheels,2,,1.829,0.4,tt1699748,8,2.0,8.0,tt2385350
Hell on Wheels,2,2012-10-07,2.184,0.5,tt1699748,9,2.0,9.0,tt2400638
Hell on Wheels,3,2013-08-10,2.494,0.5,tt1699748,1,3.0,1.0,tt2579572
Hell on Wheels,3,2013-08-17,1.883,0.5,tt1699748,2,3.0,2.0,tt2913534
Hell on Wheels,3,2013-08-24,1.999,0.3,tt1699748,3,3.0,3.0,tt2943886
Hell on Wheels,3,2013-08-31,2.200,0.4,tt1699748,4,3.0,4.0,tt3060798
Hell on Wheels,3,,2.065,0.5,tt1699748,5,3.0,5.0,tt3060840
Hell on Wheels,3,,1.989,0.43,tt1699748,6,3.0,6.0,tt3060838
Hell on Wheels,3,,2.078,0.35,tt1699748,7,3.0,7.0,tt3060866
Hell on Wheels,3,,2.101,0.45,tt1699748,8,3.0,8.0,tt3060868
Hell on Wheels,3,2013-10-05,2.492,0.50,tt1699748,9,3.0,9.0,tt3060920
Hell on Wheels,4,2014-08-02,2.425,0.47,tt1699748,1,4.0,1.0,tt3681074
Hell on Wheels,4,2014-08-09,1.983,0.35,tt1699748,2,4.0,2.0,tt3729772
Hell on Wheels,4,2014-08-16,2.166,0.36,tt1699748,3,4.0,3.0,tt3858794
Hell on Wheels,4,2014-08-23,2.075,0.45,tt1699748,4,4.0,4.0,tt3865254
Hell on Wheels,4,2014-08-30,1.779,0.28,tt1699748,5,4.0,5.0,tt3856370
Hell on Wheels,4,,2.157,0.41,tt1699748,6,4.0,6.0,tt3905114
Hell on Wheels,4,,2.175,0.37,tt1699748,7,4.0,7.0,tt3868998
Hell on Wheels,4,,2.012,0.33,tt1699748,8,4.0,8.0,tt3907594
Hell on Wheels,4,,2.301,0.41,tt1699748,9,4.0,9.0,tt3909986
Hell on Wheels,4,2014-10-04,2.269,0.39,tt1699748,10,4.0,10.0,tt3924260
Hell on Wheels,4,2014-11-08,1.889,0.29,tt1699748,11,4.0,11.0,tt3954426
Hell on Wheels,4,2014-11-15,1.742,0.31,tt1699748,12,4.0,12.0,tt3971152
Hell on Wheels,4,2014-11-22,2.173,0.37,tt1699748,13,4.0,13.0,tt4021086
Hell on Wheels,5,2015-07-18,2.072,0.38,tt1699748,1,5.0,1.0,tt4253524
Hell on Wheels,5,2015-07-25,1.551,0.25,tt1699748,2,5.0,2.0,tt4257270
Hell on Wheels,5,2015-08-01,1.665,0.30,tt1699748,3,5.0,3.0,tt4257268
Hell on Wheels,5,2015-08-08,1.995,0.30,tt1699748,4,5.0,4.0,tt4257272
Hell on Wheels,5,2015-08-15,1.902,0.31,tt1699748,5,5.0,5.0,tt4257282
Hell on Wheels,5,2015-08-22,1.588,0.29,tt1699748,6,5.0,6.0,tt4257286
Hell on Wheels,5,2015-08-29,1.850,0.28,tt1699748,7,5.0,7.0,tt4257284
Hell on Wheels,5,2016-06-11,1.783,0.23,tt1699748,8,5.0,8.0,tt4257288
Hell on Wheels,5,2016-06-18,1.485,0.19,tt1699748,9,5.0,9.0,tt4257294
Hell on Wheels,5,2016-06-25,1.510,0.19,tt1699748,10,5.0,10.0,tt4257296
Hell on Wheels,5,2016-07-02,1.430,0.19,tt1699748,11,5.0,11.0,tt4257304
Hell on Wheels,5,2016-07-09,1.718,0.28,tt1699748,12,5.0,12.0,tt4257302
Hell on Wheels,5,2016-07-16,1.597,0.19,tt1699748,13,5.0,13.0,tt4257308
Hell on Wheels,5,2016-07-23,1.645,0.25,tt1699748,14,5.0,14.0,tt4257312
The Big C,1,2010-08-16,1.154,0.5,tt1515193,1,1.0,1.0,tt1633070
The Big C,1,2010-08-23,1.069,0.5,tt1515193,2,1.0,2.0,tt1708944
The Big C,1,2010-08-30,0.875,0.4,tt1515193,3,1.0,3.0,tt1674593
The Big C,1,,0.874,0.4,tt1515193,4,1.0,4.0,tt1673997
The Big C,1,,0.709,0.3,tt1515193,5,1.0,5.0,tt1673996
The Big C,1,,0.728,0.3,tt1515193,6,1.0,6.0,tt1692041
The Big C,1,2010-10-04,0.624,0.3,tt1515193,7,1.0,7.0,tt1691716
The Big C,1,2010-10-11,0.741,0.3,tt1515193,8,1.0,8.0,tt1685356
The Big C,1,2010-10-18,0.607,0.3,tt1515193,9,1.0,9.0,tt1718016
The Big C,1,2010-10-25,0.705,0.4,tt1515193,10,1.0,10.0,tt1693553
The Big C,1,2010-11-01,0.966,0.5,tt1515193,11,1.0,11.0,tt1738711
The Big C,1,2010-11-08,0.800,0.4,tt1515193,12,1.0,12.0,tt1691715
The Big C,1,2010-11-15,0.957,0.4,tt1515193,13,1.0,13.0,tt1691717
The Big C,2,2011-06-27,0.891,0.4,tt1515193,1,2.0,1.0,tt1929989
The Big C,2,2011-07-04,0.583,0.2,tt1515193,2,2.0,2.0,tt1953431
The Big C,2,2011-07-11,0.528,0.2,tt1515193,3,2.0,3.0,tt1953432
The Big C,2,2011-07-18,0.617,0.2,tt1515193,4,2.0,4.0,tt1953429
The Big C,2,2011-07-25,0.506,0.2,tt1515193,5,2.0,5.0,tt1953430
The Big C,2,2011-08-01,0.572,0.2,tt1515193,6,2.0,6.0,tt1957712
The Big C,2,2011-08-08,0.492,0.2,tt1515193,7,2.0,7.0,tt1941183
The Big C,2,2011-08-15,0.527,0.2,tt1515193,8,2.0,8.0,tt1941184
The Big C,2,2011-08-22,0.624,0.2,tt1515193,9,2.0,9.0,tt1947667
The Big C,2,2011-08-29,0.704,0.3,tt1515193,10,2.0,10.0,tt1949494
The Big C,2,,0.535,0.2,tt1515193,11,2.0,11.0,tt2009267
The Big C,2,,0.454,0.2,tt1515193,12,2.0,12.0,tt2009268
The Big C,2,,0.431,0.1,tt1515193,13,2.0,13.0,tt2009266
The Big C,3,2012-04-08,0.581,0.2,tt1515193,1,3.0,1.0,tt2128266
The Big C,3,2012-04-15,0.465,0.2,tt1515193,2,3.0,2.0,tt2209669
The Big C,3,2012-04-22,0.442,0.1,tt1515193,3,3.0,3.0,tt2209671
The Big C,3,2012-04-29,0.429,0.2,tt1515193,4,3.0,4.0,tt2209673
The Big C,3,,0.483,0.2,tt1515193,5,3.0,5.0,tt2213667
The Big C,3,,0.417,0.2,tt1515193,6,3.0,6.0,tt2209675
The Big C,3,,0.450,0.2,tt1515193,7,3.0,7.0,tt2209677
The Big C,3,2012-06-03,0.589,0.2,tt1515193,8,3.0,8.0,tt2209679
The Big C,3,2012-06-10,0.499,0.2,tt1515193,9,3.0,9.0,tt2209681
The Big C,3,2012-06-17,0.445,0.2,tt1515193,10,3.0,10.0,tt2209667
The Big C,4,2013-04-29,0.238,0.1,tt1515193,1,4.0,1.0,tt2310906
The Big C,4,,0.253,0.1,tt1515193,2,4.0,2.0,tt2392408
The Big C,4,,0.251,0.1,tt1515193,3,4.0,3.0,tt2392410
The Big C,4,,0.390,0.1,tt1515193,4,4.0,4.0,tt2392416
Billions,1,2016-01-17,0.904,0.24,tt4270492,1,1.0,1.0,tt4608554
Billions,1,2016-01-24,0.950,0.27,tt4270492,2,1.0,2.0,tt4674946
Billions,1,2016-01-31,1.282,0.37,tt4270492,3,1.0,3.0,tt4700648
Billions,1,2016-02-07,0.851,0.25,tt4270492,4,1.0,4.0,tt4704400
Billions,1,2016-02-14,1.010,0.33,tt4270492,5,1.0,5.0,tt4772192
Billions,1,2016-02-21,1.172,0.38,tt4270492,6,1.0,6.0,tt4776696
Billions,1,2016-03-06,1.051,0.36,tt4270492,7,1.0,7.0,tt4776698
Billions,1,2016-03-13,1.093,0.37,tt4270492,8,1.0,8.0,tt4776710
Billions,1,2016-03-20,1.127,0.38,tt4270492,9,1.0,9.0,tt4790002
Billions,1,2016-03-27,1.103,0.34,tt4270492,10,1.0,10.0,tt4790766
Billions,1,2016-04-03,1.080,0.33,tt4270492,11,1.0,11.0,tt4790768
Billions,1,2016-04-10,1.013,0.32,tt4270492,12,1.0,12.0,tt4608560
Billions,2,2017-02-19,0.753,0.20,tt4270492,1,2.0,1.0,tt5376026
Billions,2,2017-02-26,0.512,0.15,tt4270492,2,2.0,2.0,tt5829294
Billions,2,2017-03-05,0.851,0.27,tt4270492,3,2.0,3.0,tt5946238
Billions,2,2017-03-12,0.981,0.31,tt4270492,4,2.0,4.0,tt6059518
Billions,2,2017-03-19,0.857,0.28,tt4270492,5,2.0,5.0,tt5989406
Billions,2,2017-03-26,0.922,0.28,tt4270492,6,2.0,6.0,tt6092996
Billions,2,2017-04-02,0.903,0.27,tt4270492,7,2.0,7.0,tt6062920
Billions,2,2017-04-09,1.029,0.28,tt4270492,8,2.0,8.0,tt6093000
Billions,2,2017-04-16,0.847,0.29,tt4270492,9,2.0,9.0,tt6093004
Billions,2,2017-04-23,0.912,0.23,tt4270492,10,2.0,10.0,tt6093006
Billions,2,2017-04-30,0.947,0.24,tt4270492,11,2.0,11.0,tt5960350
Billions,2,,1.019,0.26,tt4270492,12,2.0,12.0,tt5691466
Billions,3,2018-03-25,0.928,0.26,tt4270492,1,3.0,1.0,tt6667762
Billions,3,2018-04-01,0.839,0.24,tt4270492,2,3.0,2.0,tt7549654
Billions,3,2018-04-08,0.849,0.26,tt4270492,3,3.0,3.0,tt7471904
Billions,3,2018-04-15,0.722,0.19,tt4270492,4,3.0,4.0,tt7620520
Billions,3,2018-04-22,0.874,0.23,tt4270492,5,3.0,5.0,tt7620518
Billions,3,2018-04-29,0.773,0.21,tt4270492,6,3.0,6.0,tt7731472
Billions,3,,0.984,0.25,tt4270492,7,3.0,7.0,tt7731480
Billions,3,,0.965,0.28,tt4270492,8,3.0,8.0,tt7780756
Billions,3,,0.952,0.24,tt4270492,9,3.0,9.0,tt7780758
Billions,3,,0.775,0.19,tt4270492,10,3.0,10.0,tt7549638
Billions,3,2018-06-03,0.900,0.21,tt4270492,11,3.0,11.0,tt7549642
Billions,3,2018-06-10,0.938,0.23,tt4270492,12,3.0,12.0,tt6667766
Billions,4,2019-03-17,0.843,0.18,tt4270492,1,4.0,1.0,tt8490712
Billions,4,2019-03-24,0.790,0.16,tt4270492,2,4.0,2.0,tt9261354
Billions,4,2019-03-31,0.824,0.16,tt4270492,3,4.0,3.0,tt9141488
Billions,4,2019-04-07,0.886,0.19,tt4270492,4,4.0,4.0,tt9256906
Billions,4,2019-04-14,0.751,0.17,tt4270492,5,4.0,5.0,tt9261360
Billions,4,2019-04-21,0.680,0.15,tt4270492,6,4.0,6.0,tt9261364
Billions,4,2019-04-28,0.741,0.17,tt4270492,7,4.0,7.0,tt9261366
Billions,4,,0.761,0.18,tt4270492,8,4.0,8.0,tt9261368
Billions,4,,0.678,0.15,tt4270492,9,4.0,9.0,tt9261372
Billions,4,,0.729,0.12,tt4270492,10,4.0,10.0,tt9261374
Billions,4,2019-06-02,0.782,0.15,tt4270492,11,4.0,11.0,tt9261376
Billions,4,2019-06-02,0.793,0.18,tt4270492,12,4.0,12.0,tt8490718
Billions,5,,0.610,0.14,tt4270492,1,5.0,1.0,tt10569630
Billions,5,,0.633,0.12,tt4270492,2,5.0,2.0,tt11191406
Billions,5,,0.568,0.09,tt4270492,3,5.0,3.0,tt11191410
Billions,5,,0.625,0.09,tt4270492,4,5.0,4.0,tt11191416
Billions,5,,0.519,0.08,tt4270492,5,5.0,5.0,tt11229598
Billions,5,2020-06-07,0.647,0.11,tt4270492,6,5.0,6.0,tt11519846
Billions,5,2020-06-14,0.660,0.12,tt4270492,7,5.0,7.0,tt11519848
Billions,5,,0.192,0.02,tt4270492,8,5.0,8.0,tt11519850
Billions,5,,0.392,0.04,tt4270492,9,5.0,9.0,tt11519852
Billions,5,,0.318,0.03,tt4270492,10,5.0,10.0,tt11519858
Billions,5,,0.331,0.06,tt4270492,11,5.0,11.0,tt11519860
Billions,5,2021-10-03,0.394,0.05,tt4270492,12,5.0,12.0,tt11514788
The Borgias,1,2011-04-03,1.062,0.3,tt1582457,1,1.0,1.0,tt1836665
The Borgias,1,2011-04-10,0.683,0.1,tt1582457,2,1.0,2.0,tt1708945
The Borgias,1,2011-04-17,0.708,0.1,tt1582457,3,1.0,3.0,tt1752142
The Borgias,1,2011-04-24,0.778,0.2,tt1582457,4,1.0,4.0,tt1835735
The Borgias,1,,0.824,0.3,tt1582457,5,1.0,5.0,tt1836667
The Borgias,1,,0.855,0.2,tt1582457,6,1.0,6.0,tt1835736
The Borgias,1,,0.764,0.2,tt1582457,7,1.0,7.0,tt1755989
The Borgias,1,,0.810,0.2,tt1582457,8,1.0,8.0,tt1755990
The Borgias,2,2012-04-08,0.605,0.2,tt1582457,1,2.0,1.0,tt1990830
The Borgias,2,2012-04-15,0.534,0.2,tt1582457,2,2.0,2.0,tt1990832
The Borgias,2,2012-04-22,0.509,0.2,tt1582457,3,2.0,3.0,tt1990833
The Borgias,2,2012-04-29,0.579,0.2,tt1582457,4,2.0,4.0,tt1990834
The Borgias,2,,0.567,0.2,tt1582457,5,2.0,5.0,tt1990835
The Borgias,2,,0.687,0.2,tt1582457,6,2.0,6.0,tt1990836
The Borgias,2,,0.554,0.2,tt1582457,7,2.0,7.0,tt1990837
The Borgias,2,2012-06-03,0.567,0.2,tt1582457,8,2.0,8.0,tt1990838
The Borgias,2,2012-06-10,0.621,0.2,tt1582457,9,2.0,9.0,tt1990839
The Borgias,2,2012-06-17,0.517,0.1,tt1582457,10,2.0,10.0,tt1990831
The Borgias,3,2013-04-14,0.582,0.16,tt1582457,1,3.0,1.0,tt2497488
The Borgias,3,2013-04-21,0.474,0.1,tt1582457,2,3.0,2.0,tt2650344
The Borgias,3,2013-04-28,0.569,0.15,tt1582457,3,3.0,3.0,tt2747050
The Borgias,3,,0.674,0.18,tt1582457,4,3.0,4.0,tt2811992
The Borgias,3,,0.749,0.19,tt1582457,5,3.0,5.0,tt2811996
The Borgias,3,,0.663,0.13,tt1582457,6,3.0,6.0,tt2811998
The Borgias,3,,0.421,0.17,tt1582457,7,3.0,7.0,tt2812006
The Borgias,3,2013-06-02,0.804,0.21,tt1582457,8,3.0,8.0,tt2812010
The Borgias,3,2013-06-09,0.611,0.2,tt1582457,9,3.0,9.0,tt2812012
The Borgias,3,2013-06-16,0.528,0.1,tt1582457,10,3.0,10.0,tt2812014
Legion,1,2017-02-08,1.622,0.69,tt5114356,1,1.0,1.0,tt6143054
Legion,1,2017-02-15,1.133,0.53,tt5114356,2,1.0,2.0,tt6157742
Legion,1,2017-02-22,1.043,0.49,tt5114356,3,1.0,3.0,tt6179252
Legion,1,2017-03-01,0.750,0.37,tt5114356,4,1.0,4.0,tt6162936
Legion,1,2017-03-08,0.795,0.38,tt5114356,5,1.0,5.0,tt6162934
Legion,1,2017-03-15,0.732,0.34,tt5114356,6,1.0,6.0,tt6162942
Legion,1,2017-03-22,0.716,0.38,tt5114356,7,1.0,7.0,tt6162948
Legion,1,2017-03-29,0.812,0.42,tt5114356,8,1.0,8.0,tt6162944
Legion,2,2018-04-03,0.669,0.30,tt5114356,1,2.0,1.0,tt6653454
Legion,2,2018-04-10,0.439,0.21,tt5114356,2,2.0,2.0,tt6653944
Legion,2,2018-04-17,0.380,0.16,tt5114356,3,2.0,3.0,tt7246760
Legion,2,2018-04-24,0.434,0.20,tt5114356,4,2.0,4.0,tt7246768
Legion,2,,0.456,0.20,tt5114356,5,2.0,5.0,tt7246778
Legion,2,,0.353,0.14,tt5114356,6,2.0,6.0,tt7246784
Legion,2,,0.451,0.22,tt5114356,7,2.0,7.0,tt7246792
Legion,2,,0.409,0.18,tt5114356,8,2.0,8.0,tt7246798
Legion,2,,0.362,0.15,tt5114356,9,2.0,9.0,tt6703346
Legion,2,2018-06-05,0.467,0.21,tt5114356,10,2.0,10.0,tt8488322
Legion,2,2018-06-12,0.315,0.12,tt5114356,11,2.0,11.0,tt8358588
Legion,3,2019-06-24,0.377,0.12,tt5114356,1,3.0,1.0,tt8498932
Legion,3,2019-07-01,0.381,0.14,tt5114356,2,3.0,2.0,tt9700546
Legion,3,2019-07-08,0.370,0.13,tt5114356,3,3.0,3.0,tt9612226
Legion,3,2019-07-15,0.277,0.10,tt5114356,4,3.0,4.0,tt9776894
Legion,3,2019-07-22,0.288,0.11,tt5114356,5,3.0,5.0,tt9776898
Legion,3,2019-07-29,0.332,0.12,tt5114356,6,3.0,6.0,tt9776906
Legion,3,2019-08-05,0.288,0.10,tt5114356,7,3.0,7.0,tt9795438
Legion,3,2019-08-12,0.365,0.13,tt5114356,8,3.0,8.0,tt9795440
Sing It On,1,,0.058,0.02,tt3831518,1,,,
Sing It On,1,,0.060,0.02,tt3831518,2,,,
Sing It On,1,,0.080,0.02,tt3831518,3,,,
Sing It On,1,2015-06-03,0.144,0.06,tt3831518,4,,,
Sing It On,1,2015-06-10,0.114,0.01,tt3831518,5,,,
Sing It On,1,2015-06-17,0.111,0.03,tt3831518,6,,,
Sing It On,1,2015-06-24,0.146,0.04,tt3831518,7,,,
Sing It On,1,2015-07-01,0.142,0.06,tt3831518,8,,,
Sing It On,2,2016-07-27,0.077,0.03,tt3831518,1,,,
Sing It On,2,2016-08-03,0.096,0.03,tt3831518,2,,,
Sing It On,2,2016-08-10,0.081,0.03,tt3831518,3,,,
Sing It On,2,2016-08-17,0.101,0.02,tt3831518,4,,,
Sing It On,2,2016-08-24,0.108,0.03,tt3831518,5,,,
Sing It On,2,2016-08-31,0.079,0.02,tt3831518,6,,,
Sing It On,2,,0.079,0.01,tt3831518,7,,,
Sing It On,2,,0.062,0.01,tt3831518,8,,,
Da Vinci’s Demons,1,2013-04-12,1.042,0.4,tt2094262,1,,,
Da Vinci’s Demons,1,2013-04-19,0.503,0.2,tt2094262,2,,,
Da Vinci’s Demons,1,2013-04-26,0.382,0.2,tt2094262,3,,,
Da Vinci’s Demons,1,,0.419,0.2,tt2094262,4,,,
Da Vinci’s Demons,1,,0.464,0.2,tt2094262,5,,,
Da Vinci’s Demons,1,,0.548,0.2,tt2094262,6,,,
Da Vinci’s Demons,1,,0.451,0.2,tt2094262,7,,,
Da Vinci’s Demons,1,2013-06-07,0.379,0.1,tt2094262,8,,,
Da Vinci’s Demons,2,2014-03-22,0.578,0.22,tt2094262,1,,,
Da Vinci’s Demons,2,2014-03-29,0.391,0.2,tt2094262,2,,,
Da Vinci’s Demons,2,2014-04-05,0.408,0.2,tt2094262,3,,,
Da Vinci’s Demons,2,2014-04-12,0.432,0.17,tt2094262,4,,,
Da Vinci’s Demons,2,2014-04-19,0.426,0.1,tt2094262,5,,,
Da Vinci’s Demons,2,2014-04-26,0.255,-,tt2094262,6,,,
Da Vinci’s Demons,2,,0.340,0.1,tt2094262,7,,,
Da Vinci’s Demons,2,,0.420,0.2,tt2094262,8,,,
Da Vinci’s Demons,2,,0.439,0.2,tt2094262,9,,,
Da Vinci’s Demons,2,,0.435,0.15,tt2094262,10,,,
Da Vinci’s Demons,3,2015-10-24,0.238,0.07,tt2094262,1,,,
Da Vinci’s Demons,3,2015-10-31,0.250,0.06,tt2094262,2,,,
Da Vinci’s Demons,3,2015-11-07,0.233,0.07,tt2094262,3,,,
Da Vinci’s Demons,3,2015-11-14,0.231,0.04,tt2094262,4,,,
Da Vinci’s Demons,3,2015-11-21,0.201,0.04,tt2094262,5,,,
Da Vinci’s Demons,3,2015-11-28,0.191,0.02,tt2094262,6,,,
Da Vinci’s Demons,3,2015-12-05,0.102,0.04,tt2094262,7,,,
Da Vinci’s Demons,3,2015-12-12,0.120,0.03,tt2094262,8,,,
Da Vinci’s Demons,3,2015-12-19,0.120,0.02,tt2094262,9,,,
Da Vinci’s Demons,3,2016-12-26,0.202,0.03,tt2094262,10,,,
Californication,1,2007-08-13,0.550,0.3,tt0904208,1,1.0,1.0,tt0946832
Californication,1,2007-08-20,0.685,0.4,tt0904208,2,1.0,2.0,tt1039933
Californication,1,2007-08-27,0.658,0.4,tt0904208,3,1.0,3.0,tt1039934
Californication,1,,0.612,0.3,tt0904208,4,1.0,4.0,tt1039935
Californication,1,,0.533,0.3,tt0904208,5,1.0,5.0,tt1039936
Californication,1,,0.527,0.4,tt0904208,6,1.0,6.0,tt1039937
Californication,1,,0.536,0.4,tt0904208,7,1.0,7.0,tt1039938
Californication,1,2007-10-01,0.391,0.2,tt0904208,8,1.0,8.0,tt1039939
Californication,1,2007-10-08,0.400,0.2,tt0904208,9,1.0,9.0,tt1039940
Californication,1,2007-10-15,0.423,0.3,tt0904208,10,1.0,10.0,tt1039930
Californication,1,2007-10-22,0.489,0.3,tt0904208,11,1.0,11.0,tt1039931
Californication,1,2007-10-29,0.488,0.3,tt0904208,12,1.0,12.0,tt1039932
Californication,2,,0.522,0.3,tt0904208,1,2.0,1.0,tt1143241
Californication,2,2008-10-05,0.442,0.2,tt0904208,2,2.0,2.0,tt1281153
Californication,2,2008-10-12,0.410,0.2,tt0904208,3,2.0,3.0,tt1282604
Californication,2,2008-10-19,0.469,0.2,tt0904208,4,2.0,4.0,tt1282605
Californication,2,2008-10-26,0.378,0.1,tt0904208,5,2.0,5.0,tt1282606
Californication,2,2008-11-02,0.440,0.2,tt0904208,6,2.0,6.0,tt1290183
Californication,2,2008-11-09,0.551,0.2,tt0904208,7,2.0,7.0,tt1317890
Californication,2,2008-11-16,0.515,0.2,tt0904208,8,2.0,8.0,tt1317889
Californication,2,2008-11-23,0.552,0.2,tt0904208,9,2.0,9.0,tt1319226
Californication,2,2008-11-30,0.467,0.2,tt0904208,10,2.0,10.0,tt1321561
Californication,2,2008-12-07,0.479,0.2,tt0904208,11,2.0,11.0,tt1321562
Californication,2,2008-12-14,0.615,0.3,tt0904208,12,2.0,12.0,tt1320581
Californication,3,,0.821,0.4,tt0904208,1,3.0,1.0,tt1428579
Californication,3,2009-10-04,0.772,0.4,tt0904208,2,3.0,2.0,tt1428583
Californication,3,2009-10-11,0.739,0.3,tt0904208,3,3.0,3.0,tt1428584
Californication,3,2009-10-18,0.773,0.3,tt0904208,4,3.0,4.0,tt1428585
Californication,3,2009-10-25,0.773,0.4,tt0904208,5,3.0,5.0,tt1428586
Californication,3,2009-11-01,0.820,0.4,tt0904208,6,3.0,6.0,tt1428587
Californication,3,2009-11-08,0.762,0.4,tt0904208,7,3.0,7.0,tt1428588
Californication,3,2009-11-15,0.828,0.4,tt0904208,8,3.0,8.0,tt1428589
Californication,3,2009-11-22,0.773,0.4,tt0904208,9,3.0,9.0,tt1428590
Californication,3,2009-11-29,0.894,0.4,tt0904208,10,3.0,10.0,tt1428580
Californication,3,2009-12-06,0.913,0.5,tt0904208,11,3.0,11.0,tt1428581
Californication,3,2009-12-13,1.055,0.5,tt0904208,12,3.0,12.0,tt1428582
Californication,4,2011-01-09,0.848,0.4,tt0904208,1,4.0,1.0,tt1656236
Californication,4,2011-01-16,0.554,0.2,tt0904208,2,4.0,2.0,tt1656237
Californication,4,2011-01-23,0.432,0.2,tt0904208,3,4.0,3.0,tt1656238
Californication,4,2011-01-30,0.645,0.3,tt0904208,4,4.0,4.0,tt1656239
Californication,4,2011-02-06,0.418,0.2,tt0904208,5,4.0,5.0,tt1656240
Californication,4,2011-02-13,0.520,0.3,tt0904208,6,4.0,6.0,tt1656241
Californication,4,2011-02-20,0.550,0.2,tt0904208,7,4.0,7.0,tt1656915
Californication,4,2011-02-27,0.513,0.2,tt0904208,8,4.0,8.0,tt1656916
Californication,4,2011-03-06,0.469,0.2,tt0904208,9,4.0,9.0,tt1656917
Californication,4,2011-03-13,0.633,0.3,tt0904208,10,4.0,10.0,tt1656912
Californication,4,2011-03-20,0.369,0.2,tt0904208,11,4.0,11.0,tt1656913
Californication,4,2011-03-27,0.547,0.2,tt0904208,12,4.0,12.0,tt1656914
Californication,5,2012-01-08,0.758,0.4,tt0904208,1,5.0,1.0,tt1928453
Californication,5,2012-01-15,0.751,0.4,tt0904208,2,5.0,2.0,tt1928454
Californication,5,2012-01-22,0.641,0.3,tt0904208,3,5.0,3.0,tt1951720
Californication,5,2012-01-29,0.748,0.4,tt0904208,4,5.0,4.0,tt1951721
Californication,5,2012-02-05,0.742,0.4,tt0904208,5,5.0,5.0,tt1951722
Californication,5,2012-02-12,0.834,0.45,tt0904208,6,5.0,6.0,tt1959937
Californication,5,2012-02-19,0.714,0.38,tt0904208,7,5.0,7.0,tt1979450
Californication,5,2012-03-04,0.668,0.32,tt0904208,8,5.0,8.0,tt1979451
Californication,5,2012-03-11,0.680,0.37,tt0904208,9,5.0,9.0,tt1996582
Californication,5,2012-03-18,0.637,0.36,tt0904208,10,5.0,10.0,tt1996579
Californication,5,2012-03-25,0.725,0.42,tt0904208,11,5.0,11.0,tt1996580
Californication,5,2012-04-01,0.768,0.45,tt0904208,12,5.0,12.0,tt1996581
Californication,6,2013-01-13,1.070,0.6,tt0904208,1,6.0,1.0,tt2340325
Californication,6,2013-01-20,0.749,0.4,tt0904208,2,6.0,2.0,tt2395677
Californication,6,2013-01-27,0.889,0.4,tt0904208,3,6.0,3.0,tt2402285
Californication,6,2013-02-10,0.753,0.3,tt0904208,4,6.0,4.0,tt2402287
Californication,6,2013-02-17,0.669,0.3,tt0904208,5,6.0,5.0,tt2170308
Californication,6,2013-02-24,0.574,0.2,tt0904208,6,6.0,6.0,tt2231856
Californication,6,2013-03-03,0.788,0.3,tt0904208,7,6.0,7.0,tt2247946
Californication,6,2013-03-10,0.693,0.3,tt0904208,8,6.0,8.0,tt2325020
Californication,6,2013-03-17,0.766,0.3,tt0904208,9,6.0,9.0,tt2325024
Californication,6,2013-03-24,0.592,0.2,tt0904208,10,6.0,10.0,tt2291482
Californication,6,2013-03-31,0.580,0.2,tt0904208,11,6.0,11.0,tt2325036
Californication,6,2013-04-07,0.618,0.2,tt0904208,12,6.0,12.0,tt2325042
Californication,7,2014-04-13,0.640,0.2,tt0904208,1,7.0,1.0,tt2785154
Californication,7,2014-04-20,0.390,0.2,tt0904208,2,7.0,2.0,tt2900208
Californication,7,2014-04-27,0.399,0.16,tt0904208,3,7.0,3.0,tt3003492
Californication,7,,0.451,0.16,tt0904208,4,7.0,4.0,tt3003496
Californication,7,,0.507,0.18,tt0904208,5,7.0,5.0,tt3417358
Californication,7,,0.513,0.15,tt0904208,6,7.0,6.0,tt3417360
Californication,7,,0.371,0.11,tt0904208,7,7.0,7.0,tt3067540
Californication,7,2014-06-01,0.475,0.16,tt0904208,8,7.0,8.0,tt3417364
Californication,7,2014-06-08,0.397,0.13,tt0904208,9,7.0,9.0,tt3018576
Californication,7,2014-06-15,0.411,0.14,tt0904208,10,7.0,10.0,tt3168750
Californication,7,2014-06-22,0.504,0.15,tt0904208,11,7.0,11.0,tt3417362
Californication,7,2014-06-29,0.481,0.16,tt0904208,12,7.0,12.0,tt3208366
Power,1,2014-06-07,0.462,0.15,tt3281796,1,1.0,1.0,tt3326028
Power,1,2014-06-14,0.614,0.31,tt3281796,2,1.0,2.0,tt3378490
Power,1,2014-06-21,0.472,0.24,tt3281796,3,1.0,3.0,tt3425172
Power,1,2014-06-28,0.557,0.26,tt3281796,4,1.0,4.0,tt3425174
Power,1,2014-07-12,0.528,0.25,tt3281796,5,1.0,5.0,tt3502494
Power,1,2014-07-19,0.745,0.4,tt3281796,6,1.0,6.0,tt3566840
Power,1,2014-07-26,0.754,0.4,tt3281796,7,1.0,7.0,tt3566844
Power,1,2014-08-02,1.082,0.52,tt3281796,8,1.0,8.0,tt3566848
Power,2,2015-06-06,1.427,0.61,tt3281796,1,2.0,1.0,tt3797264
Power,2,2015-06-13,1.119,0.52,tt3281796,2,2.0,2.0,tt4071518
Power,2,2015-06-20,1.144,0.50,tt3281796,3,2.0,3.0,tt4054704
Power,2,2015-06-27,1.304,0.55,tt3281796,4,2.0,4.0,tt4109822
Power,2,2015-07-11,1.248,0.56,tt3281796,5,2.0,5.0,tt4172972
Power,2,2015-07-18,1.246,0.53,tt3281796,6,2.0,6.0,tt4172976
Power,2,2015-07-25,1.257,0.57,tt3281796,7,2.0,7.0,tt4172978
Power,2,2015-08-01,1.040,0.50,tt3281796,8,2.0,8.0,tt4178826
Power,2,2015-08-08,1.367,0.65,tt3281796,9,2.0,9.0,tt4172990
Power,2,2015-08-15,1.535,0.66,tt3281796,10,2.0,10.0,tt3878560
Power,3,2016-07-17,2.258,1.10,tt3281796,1,3.0,1.0,tt4765182
Power,3,2016-07-24,1.742,0.82,tt3281796,2,3.0,2.0,tt5009086
Power,3,2016-07-31,1.878,0.89,tt3281796,3,3.0,3.0,tt5100842
Power,3,2016-08-07,1.720,0.78,tt3281796,4,3.0,4.0,tt5022436
Power,3,2016-08-14,1.804,0.85,tt3281796,5,3.0,5.0,tt5162328
Power,3,2016-08-21,2.106,0.96,tt3281796,6,3.0,6.0,tt5165300
Power,3,2016-08-28,1.839,0.84,tt3281796,7,3.0,7.0,tt5273862
Power,3,,1.987,0.88,tt3281796,8,3.0,8.0,tt5297122
Power,3,,2.038,0.90,tt3281796,9,3.0,9.0,tt5297144
Power,3,,2.005,0.91,tt3281796,10,3.0,10.0,tt5001840
Power,4,2017-06-25,1.681,0.78,tt3281796,1,4.0,1.0,tt5895810
Power,4,2017-07-02,1.436,0.64,tt3281796,2,4.0,2.0,tt5977724
Power,4,2017-07-09,1.719,0.76,tt3281796,3,4.0,3.0,tt5977750
Power,4,2017-07-16,1.720,0.74,tt3281796,4,4.0,4.0,tt6006284
Power,4,2017-07-23,1.789,0.82,tt3281796,5,4.0,5.0,tt6006288
Power,4,2017-07-30,1.826,0.78,tt3281796,6,4.0,6.0,tt6007454
Power,4,2017-08-06,1.686,0.75,tt3281796,7,4.0,7.0,tt6007456
Power,4,2017-08-13,1.805,0.78,tt3281796,8,4.0,8.0,tt6007462
Power,4,2017-08-20,1.898,0.85,tt3281796,9,4.0,9.0,tt6007464
Power,4,,1.998,0.90,tt3281796,10,4.0,10.0,tt5934364
Power,5,2018-07-01,1.554,0.62,tt3281796,1,5.0,1.0,tt5895814
Power,5,2018-07-08,0.702,0.28,tt3281796,2,5.0,2.0,tt6014362
Power,5,2018-07-15,1.495,0.65,tt3281796,3,5.0,3.0,tt6014364
Power,5,2018-07-22,1.357,0.57,tt3281796,4,5.0,4.0,tt6020482
Power,5,2018-07-29,1.354,0.53,tt3281796,5,5.0,5.0,tt6020488
Power,5,2018-08-05,1.326,0.56,tt3281796,6,5.0,6.0,tt6020498
Power,5,2018-08-12,1.410,0.59,tt3281796,7,5.0,7.0,tt6020504
Power,5,2018-08-26,1.456,0.59,tt3281796,8,5.0,8.0,tt6020508
Power,5,,1.418,0.58,tt3281796,9,5.0,9.0,tt6020514
Power,5,,1.533,0.62,tt3281796,10,5.0,10.0,tt5934366
Flatbush Misdemeanors,1,,0.079,0.01,tt13266618,1,1.0,1.0,tt13266622
Flatbush Misdemeanors,1,,0.130,0.04,tt13266618,2,1.0,2.0,tt13266624
Flatbush Misdemeanors,1,2021-06-06,0.088,0.01,tt13266618,3,1.0,3.0,tt13266626
Flatbush Misdemeanors,1,2021-06-13,0.053,0.01,tt13266618,4,1.0,4.0,tt13266628
Flatbush Misdemeanors,1,2021-06-20,0.063,0.01,tt13266618,5,1.0,5.0,tt13266630
Flatbush Misdemeanors,1,2021-06-27,0.054,0.02,tt13266618,6,1.0,6.0,tt13266632
Flatbush Misdemeanors,1,2021-07-11,0.049,0.01,tt13266618,7,1.0,7.0,tt13266634
Flatbush Misdemeanors,1,2021-07-18,0.060,0.00,tt13266618,8,1.0,8.0,tt13266636
Flatbush Misdemeanors,1,2021-07-25,0.055,0.02,tt13266618,9,1.0,9.0,tt13266640
Flatbush Misdemeanors,1,2021-08-01,0.060,0.02,tt13266618,10,1.0,10.0,tt13266642
Couples Therapy,1,,0.087,0.02,tt10665386,1,1.0,1.0,tt10665458
Couples Therapy,1,,0.051,0.01,tt10665386,2,1.0,2.0,tt10665460
Couples Therapy,1,,0.059,0.01,tt10665386,3,1.0,3.0,tt10665462
Couples Therapy,1,,0.029,0.00,tt10665386,4,1.0,4.0,tt10665464
Couples Therapy,1,2019-10-04,0.032,0.01,tt10665386,5,1.0,5.0,tt10665466
Couples Therapy,1,2019-10-11,0.027,0.01,tt10665386,6,1.0,6.0,tt10665468
Couples Therapy,1,2019-10-18,0.035,0.01,tt10665386,7,1.0,7.0,tt10665472
Couples Therapy,1,2019-10-25,0.041,0.02,tt10665386,8,1.0,8.0,tt10665474
Couples Therapy,1,2019-11-01,0.047,0.01,tt10665386,9,1.0,9.0,tt10665476
Couples Therapy,1,2020-12-13,0.073,0.01,tt10665386,10,1.0,10.0,tt13286152
Couples Therapy,2,2021-04-18,0.109,0.01,tt10665386,1,2.0,1.0,tt11251612
Couples Therapy,2,2021-04-18,0.064,0.00,tt10665386,2,2.0,2.0,tt11251614
Couples Therapy,2,2021-04-25,0.061,0.01,tt10665386,3,2.0,3.0,tt11251620
Couples Therapy,2,2021-04-25,0.059,0.01,tt10665386,4,2.0,4.0,tt14116670
Couples Therapy,2,,0.085,0.02,tt10665386,5,2.0,5.0,tt14116674
Couples Therapy,2,,0.030,0.00,tt10665386,6,2.0,6.0,tt14116676
Couples Therapy,2,,0.037,0.01,tt10665386,7,2.0,7.0,tt14116678
Couples Therapy,2,,0.059,0.00,tt10665386,8,2.0,8.0,tt14116680
Couples Therapy,2,,0.081,0.02,tt10665386,9,2.0,9.0,tt14116682
Couples Therapy,3,,0.041,0.00,tt10665386,1,3.0,1.0,tt14914470
Couples Therapy,3,,0.061,0.00,tt10665386,2,3.0,2.0,tt19379816
Couples Therapy,3,,0.032,0.00,tt10665386,3,3.0,3.0,tt19379826
Couples Therapy,3,,0.034,0.00,tt10665386,4,3.0,4.0,tt19379838
Couples Therapy,3,,0.030,0.00,tt10665386,5,3.0,5.0,tt19379846
Couples Therapy,3,,0.030,0.01,tt10665386,6,3.0,6.0,tt19379852
Couples Therapy,3,2022-06-03,0.036,0.00,tt10665386,7,3.0,7.0,tt19379870
Couples Therapy,3,2022-06-03,0.030,0.00,tt10665386,8,3.0,8.0,tt19379874
Couples Therapy,3,2022-06-10,0.019,0.00,tt10665386,9,3.0,9.0,tt19379882
Suits,1,2011-06-23,4.636,1.6,tt1632701,1,1.0,1.0,tt1973786
Suits,1,2011-06-30,3.894,1.18,tt1632701,2,1.0,2.0,tt1973785
Suits,1,2011-07-07,4.527,1.3,tt1632701,3,1.0,3.0,tt1976882
Suits,1,2011-07-14,4.378,1.3,tt1632701,4,1.0,4.0,tt1977541
Suits,1,2011-07-21,4.376,1.5,tt1632701,5,1.0,5.0,tt2003931
Suits,1,2011-07-28,4.435,1.5,tt1632701,6,1.0,6.0,tt1973787
Suits,1,2011-08-04,4.025,1.3,tt1632701,7,1.0,7.0,tt1987364
Suits,1,2011-08-11,3.963,1.2,tt1632701,8,1.0,8.0,tt1987365
Suits,1,2011-08-18,4.455,1.5,tt1632701,9,1.0,9.0,tt1985804
Suits,1,2011-08-25,3.818,1.2,tt1632701,10,1.0,10.0,tt1986650
Suits,1,,3.961,1.2,tt1632701,11,1.0,11.0,tt1995990
Suits,1,,3.467,1.1,tt1632701,12,1.0,12.0,tt2014019
Suits,2,2012-06-14,3.474,1.1,tt1632701,1,2.0,1.0,tt2185442
Suits,2,2012-06-21,3.804,1.2,tt1632701,2,2.0,2.0,tt2397283
Suits,2,2012-06-28,3.884,1.3,tt1632701,3,2.0,3.0,tt2199752
Suits,2,2012-07-12,3.704,1.2,tt1632701,4,2.0,4.0,tt2199756
Suits,2,2012-07-19,3.725,1.2,tt1632701,5,2.0,5.0,tt2253942
Suits,2,2012-07-26,3.887,1.2,tt1632701,6,2.0,6.0,tt2199758
Suits,2,2012-08-02,3.409,1.2,tt1632701,7,2.0,7.0,tt2268628
Suits,2,2012-08-09,3.423,1.1,tt1632701,8,2.0,8.0,tt2305044
Suits,2,2012-08-16,4.003,1.4,tt1632701,9,2.0,9.0,tt2310538
Suits,2,2012-08-23,4.482,1.5,tt1632701,10,2.0,10.0,tt2310526
Suits,2,2013-01-17,3.571,1.2,tt1632701,11,2.0,11.0,tt2583678
Suits,2,2013-01-24,3.572,1.1,tt1632701,12,2.0,12.0,tt2583680
Suits,2,2013-01-31,3.360,1.0,tt1632701,13,2.0,13.0,tt2583682
Suits,2,2013-02-07,3.065,1.0,tt1632701,14,2.0,14.0,tt2660120
Suits,2,2013-02-14,2.899,1.0,tt1632701,15,2.0,15.0,tt2671864
Suits,2,2013-02-21,3.204,1.0,tt1632701,16,2.0,16.0,tt2560618
Suits,3,2013-07-16,2.933,1.1,tt1632701,1,3.0,1.0,tt2529130
Suits,3,2013-07-23,2.888,1.0,tt1632701,2,3.0,2.0,tt2850832
Suits,3,2013-07-30,2.476,0.9,tt1632701,3,3.0,3.0,tt2983982
Suits,3,2013-08-06,2.993,1.1,tt1632701,4,3.0,4.0,tt2983986
Suits,3,2013-08-13,2.789,0.9,tt1632701,5,3.0,5.0,tt2983988
Suits,3,2013-08-20,2.764,1.0,tt1632701,6,3.0,6.0,tt2983994
Suits,3,2013-08-27,2.793,1.0,tt1632701,7,3.0,7.0,tt2983996
Suits,3,,3.519,1.2,tt1632701,8,3.0,8.0,tt3053154
Suits,3,,2.953,0.9,tt1632701,9,3.0,9.0,tt3132574
Suits,3,,3.163,1.0,tt1632701,10,3.0,10.0,tt3132584
Suits,3,2014-03-06,2.275,0.76,tt1632701,11,3.0,11.0,tt3563802
Suits,3,2014-03-13,2.276,0.69,tt1632701,12,3.0,12.0,tt3570124
Suits,3,2014-03-20,2.354,0.66,tt1632701,13,3.0,13.0,tt3591456
Suits,3,2014-03-27,2.530,0.72,tt1632701,14,3.0,14.0,tt3599424
Suits,3,2014-04-03,2.498,0.75,tt1632701,15,3.0,15.0,tt3607734
Suits,3,2014-04-10,2.401,0.66,tt1632701,16,3.0,16.0,tt3639420
Suits,4,2014-06-11,2.499,0.75,tt1632701,1,4.0,1.0,tt3285896
Suits,4,2014-06-18,2.651,0.77,tt1632701,2,4.0,2.0,tt3783016
Suits,4,2014-06-25,2.755,0.76,tt1632701,3,4.0,3.0,tt3800126
Suits,4,2014-07-09,2.423,0.73,tt1632701,4,4.0,4.0,tt3832646
Suits,4,2014-07-16,2.327,0.7,tt1632701,5,4.0,5.0,tt3839596
Suits,4,2014-07-23,2.702,0.85,tt1632701,6,4.0,6.0,tt3839598
Suits,4,2014-07-30,2.805,0.9,tt1632701,7,4.0,7.0,tt3881112
Suits,4,2014-08-06,2.589,0.72,tt1632701,8,4.0,8.0,tt3895112
Suits,4,2014-08-13,2.585,0.76,tt1632701,9,4.0,9.0,tt3953700
Suits,4,2014-08-20,2.762,0.80,tt1632701,10,4.0,10.0,tt3923868
Suits,4,2015-01-28,1.870,0.55,tt1632701,11,4.0,11.0,tt4231052
Suits,4,2015-02-04,1.668,0.54,tt1632701,12,4.0,12.0,tt4383488
Suits,4,2015-02-11,1.460,0.45,tt1632701,13,4.0,13.0,tt4410566
Suits,4,2015-02-18,1.700,0.46,tt1632701,14,4.0,14.0,tt3951374
Suits,4,2015-02-25,1.802,0.56,tt1632701,15,4.0,15.0,tt4434386
Suits,4,2015-03-04,1.553,0.55,tt1632701,16,4.0,16.0,tt4454772
Suits,5,2015-06-24,2.129,0.61,tt1632701,1,5.0,1.0,tt4503862
Suits,5,2015-07-01,2.269,0.59,tt1632701,2,5.0,2.0,tt4649068
Suits,5,2015-07-08,2.161,0.62,tt1632701,3,5.0,3.0,tt4649074
Suits,5,2015-07-15,2.377,0.62,tt1632701,4,5.0,4.0,tt4800888
Suits,5,2015-07-22,2.099,0.60,tt1632701,5,5.0,5.0,tt4845228
Suits,5,2015-07-29,2.164,0.55,tt1632701,6,5.0,6.0,tt4779252
Suits,5,2015-08-05,2.083,0.59,tt1632701,7,5.0,7.0,tt4815634
Suits,5,2015-08-12,2.306,0.68,tt1632701,8,5.0,8.0,tt4905626
Suits,5,2015-08-19,2.299,0.61,tt1632701,9,5.0,9.0,tt4923722
Suits,5,2015-08-26,2.339,0.62,tt1632701,10,5.0,10.0,tt4938410
Suits,5,2016-01-27,1.740,0.54,tt1632701,11,5.0,11.0,tt5176286
Suits,5,2016-02-03,1.506,0.48,tt1632701,12,5.0,12.0,tt5181364
Suits,5,2016-02-10,1.710,0.51,tt1632701,13,5.0,13.0,tt5181368
Suits,5,2016-02-17,1.578,0.46,tt1632701,14,5.0,14.0,tt5181370
Suits,5,2016-02-24,1.733,0.50,tt1632701,15,5.0,15.0,tt5181372
Suits,5,2016-03-02,1.708,0.52,tt1632701,16,5.0,16.0,tt5181374
Suits,6,2016-07-13,1.848,0.53,tt1632701,1,6.0,1.0,tt5498940
Suits,6,2016-07-20,1.652,0.49,tt1632701,2,6.0,2.0,tt5513372
Suits,6,2016-07-27,1.778,0.54,tt1632701,3,6.0,3.0,tt5895102
Suits,6,2016-08-03,1.812,0.54,tt1632701,4,6.0,4.0,tt5895096
Suits,6,2016-08-10,1.506,0.39,tt1632701,5,6.0,5.0,tt5895106
Suits,6,2016-08-17,1.682,0.42,tt1632701,6,6.0,6.0,tt5895108
Suits,6,2016-08-24,1.827,0.42,tt1632701,7,6.0,7.0,tt5895110
Suits,6,2016-08-31,1.879,0.47,tt1632701,8,6.0,8.0,tt5895112
Suits,6,,1.866,0.50,tt1632701,9,6.0,9.0,tt5880940
Suits,6,,1.997,0.51,tt1632701,10,6.0,10.0,tt5880946
Suits,6,2017-01-25,1.374,0.31,tt1632701,11,6.0,11.0,tt5880950
Suits,6,2017-02-01,1.527,0.34,tt1632701,12,6.0,12.0,tt5880956
Suits,6,2017-02-08,1.275,0.32,tt1632701,13,6.0,13.0,tt5880960
Suits,6,2017-02-15,1.211,0.32,tt1632701,14,6.0,14.0,tt5895116
Suits,6,2017-02-22,1.251,0.32,tt1632701,15,6.0,15.0,tt5937920
Suits,6,2017-03-01,1.127,0.32,tt1632701,16,6.0,16.0,tt5937924
Suits,7,2017-07-12,1.398,0.36,tt1632701,1,7.0,1.0,tt5934988
Suits,7,2017-07-19,1.358,0.36,tt1632701,2,7.0,2.0,tt5937932
Suits,7,2017-07-26,1.412,0.34,tt1632701,3,7.0,3.0,tt7006210
Suits,7,2017-08-02,1.407,0.36,tt1632701,4,7.0,4.0,tt6896678
Suits,7,2017-08-09,1.294,0.33,tt1632701,5,7.0,5.0,tt6949856
Suits,7,2017-08-16,1.466,0.41,tt1632701,6,7.0,6.0,tt7022000
Suits,7,2017-08-23,1.350,0.37,tt1632701,7,7.0,7.0,tt7016302
Suits,7,2017-08-30,1.512,0.39,tt1632701,8,7.0,8.0,tt7027760
Suits,7,,1.635,0.40,tt1632701,9,7.0,9.0,tt7222256
Suits,7,,1.676,0.47,tt1632701,10,7.0,10.0,tt7222258
Suits,7,2018-03-28,1.181,0.30,tt1632701,11,7.0,11.0,tt7222260
Suits,7,2018-04-04,1.056,0.26,tt1632701,12,7.0,12.0,tt7222262
Suits,7,2018-04-11,0.949,0.24,tt1632701,13,7.0,13.0,tt7222264
Suits,7,2018-04-18,0.989,0.25,tt1632701,14,7.0,14.0,tt7222268
Suits,7,2018-04-25,1.093,0.27,tt1632701,15,7.0,15.0,tt7222270
Suits,7,2018-04-25,1.069,0.26,tt1632701,16,7.0,16.0,tt7222272
Suits,8,2018-07-18,1.265,0.28,tt1632701,1,8.0,1.0,tt8258536
Suits,8,2018-07-25,1.181,0.22,tt1632701,2,8.0,2.0,tt8717372
Suits,8,2018-08-01,1.158,0.24,tt1632701,3,8.0,3.0,tt8726852
Suits,8,2018-08-08,1.091,0.27,tt1632701,4,8.0,4.0,tt8744648
Suits,8,2018-08-15,1.152,0.28,tt1632701,5,8.0,5.0,tt8788454
Suits,8,2018-08-22,1.222,0.32,tt1632701,6,8.0,6.0,tt8790900
Suits,8,2018-08-29,1.133,0.23,tt1632701,7,8.0,7.0,tt8885702
Suits,8,,1.300,0.29,tt1632701,8,8.0,8.0,tt8885706
Suits,8,,1.066,0.25,tt1632701,9,8.0,9.0,tt8967858
Suits,8,,1.078,0.26,tt1632701,10,8.0,10.0,tt8947536
Suits,8,2019-01-23,0.824,0.26,tt1632701,11,8.0,11.0,tt9068346
Suits,8,2019-01-30,0.911,0.21,tt1632701,12,8.0,12.0,tt9318630
Suits,8,2019-02-06,0.774,0.18,tt1632701,13,8.0,13.0,tt9318632
Suits,8,2019-02-13,0.779,0.20,tt1632701,14,8.0,14.0,tt9318634
Suits,8,2019-02-20,0.687,0.17,tt1632701,15,8.0,15.0,tt9318636
Suits,8,2019-02-27,0.741,0.18,tt1632701,16,8.0,16.0,tt9318638
Suits,9,2019-07-17,1.039,0.21,tt1632701,1,9.0,1.0,tt9654274
Suits,9,2019-07-24,1.040,0.23,tt1632701,2,9.0,2.0,tt9788428
Suits,9,2019-07-31,0.944,0.22,tt1632701,3,9.0,3.0,tt9788430
Suits,9,2019-08-07,1.001,0.21,tt1632701,4,9.0,4.0,tt9788432
Suits,9,2019-08-14,0.955,0.21,tt1632701,5,9.0,5.0,tt9788434
Suits,9,2019-08-21,1.050,0.20,tt1632701,6,9.0,6.0,tt9788436
Suits,9,,1.073,0.23,tt1632701,7,9.0,7.0,tt9788438
Suits,9,,0.965,0.15,tt1632701,8,9.0,8.0,tt9788440
Suits,9,,0.955,0.20,tt1632701,9,9.0,9.0,tt9788442
Suits,9,,0.861,0.19,tt1632701,10,9.0,10.0,tt9788424
Baby Daddy,1,2012-06-20,1.654,0.7,tt2177489,1,1.0,1.0,tt2306989
Baby Daddy,1,2012-06-27,1.719,0.7,tt2177489,2,1.0,2.0,tt2306991
Baby Daddy,1,2012-07-11,1.442,0.7,tt2177489,3,1.0,3.0,tt2359643
Baby Daddy,1,2012-07-18,1.101,0.5,tt2177489,4,1.0,4.0,tt2162776
Baby Daddy,1,2012-07-25,1.392,0.7,tt2177489,5,1.0,5.0,tt2154232
Baby Daddy,1,2012-08-01,1.095,0.4,tt2177489,6,1.0,6.0,tt2209536
Baby Daddy,1,2012-08-08,1.123,0.6,tt2177489,7,1.0,7.0,tt2209538
Baby Daddy,1,2012-08-15,1.673,0.5,tt2177489,8,1.0,8.0,tt2209542
Baby Daddy,1,2012-08-22,1.247,0.6,tt2177489,9,1.0,9.0,tt2209546
Baby Daddy,1,2012-08-29,1.392,0.7,tt2177489,10,1.0,10.0,tt2209552
Baby Daddy,2,,0.862,0.4,tt2177489,1,2.0,1.0,tt2341900
Baby Daddy,2,2013-06-05,0.806,0.4,tt2177489,2,2.0,2.0,tt2857172
Baby Daddy,2,2013-06-12,0.904,0.4,tt2177489,3,2.0,3.0,tt2857176
Baby Daddy,2,2013-06-12,0.728,0.3,tt2177489,4,2.0,4.0,tt2857178
Baby Daddy,2,2013-06-19,1.018,0.5,tt2177489,5,2.0,5.0,tt2586514
Baby Daddy,2,2013-06-26,0.848,0.4,tt2177489,6,2.0,6.0,tt2857180
Baby Daddy,2,2013-07-10,0.714,0.3,tt2177489,7,2.0,7.0,tt2761570
Baby Daddy,2,2013-07-17,1.021,0.5,tt2177489,8,2.0,8.0,tt2857164
Baby Daddy,2,2013-07-24,0.832,0.3,tt2177489,9,2.0,9.0,tt2857182
Baby Daddy,2,2013-07-31,1.022,0.4,tt2177489,10,2.0,10.0,tt2857184
Baby Daddy,2,2013-08-07,0.878,0.4,tt2177489,11,2.0,11.0,tt3070170
Baby Daddy,2,2013-08-14,0.747,0.4,tt2177489,12,2.0,12.0,tt2871118
Baby Daddy,2,2013-08-21,0.920,0.5,tt2177489,13,2.0,13.0,tt3126070
Baby Daddy,2,2013-08-28,0.823,0.4,tt2177489,14,2.0,14.0,tt3126072
Baby Daddy,2,,1.279,0.6,tt2177489,15,2.0,15.0,tt3151998
Baby Daddy,2,2013-12-11,1.109,0.5,tt2177489,16,2.0,16.0,tt3398412
Baby Daddy,3,2014-01-15,1.102,0.57,tt2177489,1,3.0,1.0,tt2946272
Baby Daddy,3,2014-01-22,1.104,0.49,tt2177489,2,3.0,2.0,tt3485218
Baby Daddy,3,2014-01-29,1.295,0.63,tt2177489,3,3.0,3.0,tt3502090
Baby Daddy,3,2014-02-05,1.035,0.47,tt2177489,4,3.0,4.0,tt3514784
Baby Daddy,3,2014-02-12,0.980,0.47,tt2177489,5,3.0,5.0,tt3523192
Baby Daddy,3,2014-02-26,0.845,0.44,tt2177489,6,3.0,6.0,tt3523194
Baby Daddy,3,2014-03-05,0.866,0.42,tt2177489,7,3.0,7.0,tt3523196
Baby Daddy,3,2014-03-12,0.796,0.38,tt2177489,8,3.0,8.0,tt3523200
Baby Daddy,3,2014-03-19,0.735,0.35,tt2177489,9,3.0,9.0,tt3523198
Baby Daddy,3,2014-03-26,0.901,0.48,tt2177489,10,3.0,10.0,tt3523202
Baby Daddy,3,2014-04-02,0.869,0.46,tt2177489,11,3.0,11.0,tt3612268
Baby Daddy,3,2014-04-09,0.924,0.45,tt2177489,12,3.0,12.0,tt3612272
Baby Daddy,3,2014-04-16,0.886,0.39,tt2177489,13,3.0,13.0,tt3612270
Baby Daddy,3,2014-04-23,0.797,0.40,tt2177489,14,3.0,14.0,tt3359396
Baby Daddy,3,2014-04-30,0.914,0.44,tt2177489,15,3.0,15.0,tt3612276
Baby Daddy,3,,0.713,0.29,tt2177489,16,3.0,16.0,tt3708626
Baby Daddy,3,,0.757,0.35,tt2177489,17,3.0,17.0,tt3583222
Baby Daddy,3,,0.926,0.41,tt2177489,18,3.0,18.0,tt3708628
Baby Daddy,3,2014-06-04,0.787,0.38,tt2177489,19,3.0,19.0,tt3720878
Baby Daddy,3,2014-06-11,0.696,0.32,tt2177489,20,3.0,20.0,tt3738496
Baby Daddy,3,2014-06-18,0.807,0.37,tt2177489,21,3.0,21.0,tt3738498
Baby Daddy,4,2014-10-22,0.890,0.42,tt2177489,1,4.0,1.0,tt4007444
Baby Daddy,4,2014-12-10,0.783,0.38,tt2177489,2,4.0,2.0,tt3603810
Baby Daddy,4,2015-01-14,0.964,0.55,tt2177489,3,4.0,3.0,tt4255552
Baby Daddy,4,2015-01-21,0.747,0.40,tt2177489,4,4.0,4.0,tt4380526
Baby Daddy,4,2015-01-28,0.795,0.39,tt2177489,5,4.0,5.0,tt4412420
Baby Daddy,4,2015-02-04,0.608,0.29,tt2177489,6,4.0,6.0,tt4428146
Baby Daddy,4,2015-02-11,0.652,0.35,tt2177489,7,4.0,7.0,tt4401592
Baby Daddy,4,,0.725,0.37,tt2177489,8,4.0,8.0,tt4475038
Baby Daddy,4,2015-02-25,0.783,0.43,tt2177489,9,4.0,9.0,tt4490584
Baby Daddy,4,2015-03-04,0.797,0.37,tt2177489,10,4.0,10.0,tt4504384
Baby Daddy,4,2015-03-11,0.657,0.36,tt2177489,11,4.0,11.0,tt4356964
Baby Daddy,4,2015-03-18,0.716,0.34,tt2177489,12,4.0,12.0,tt4417240
Baby Daddy,4,2015-06-03,0.776,0.33,tt2177489,13,4.0,13.0,tt4738452
Baby Daddy,4,2015-06-10,0.743,0.40,tt2177489,14,4.0,14.0,tt4768096
Baby Daddy,4,2015-06-17,0.635,0.30,tt2177489,15,4.0,15.0,tt4790846
Baby Daddy,4,2015-06-24,0.807,0.34,tt2177489,16,4.0,16.0,tt4488496
Baby Daddy,4,2015-07-01,0.842,0.37,tt2177489,17,4.0,17.0,tt4823528
Baby Daddy,4,2015-07-08,0.763,0.36,tt2177489,18,4.0,18.0,tt4375654
Baby Daddy,4,2015-07-15,0.713,0.34,tt2177489,19,4.0,19.0,tt4818116
Baby Daddy,4,2015-07-22,0.620,0.26,tt2177489,20,4.0,20.0,tt4849388
Baby Daddy,4,2015-07-29,0.923,0.43,tt2177489,21,4.0,21.0,tt4849396
Baby Daddy,4,2015-08-05,0.909,0.36,tt2177489,22,4.0,22.0,tt4849398
Baby Daddy,5,2016-02-03,0.620,0.28,tt2177489,1,5.0,1.0,tt3776654
Baby Daddy,5,2016-02-10,0.475,0.24,tt2177489,2,5.0,2.0,tt4967384
Baby Daddy,5,2016-02-17,0.606,0.27,tt2177489,3,5.0,3.0,tt5084318
Baby Daddy,5,2016-02-24,0.591,0.26,tt2177489,4,5.0,4.0,tt5500796
Baby Daddy,5,2016-03-02,0.472,0.21,tt2177489,5,5.0,5.0,tt5460030
Baby Daddy,5,2016-03-09,0.573,0.26,tt2177489,6,5.0,6.0,tt5538086
Baby Daddy,5,2016-03-16,0.530,0.24,tt2177489,7,5.0,7.0,tt5538088
Baby Daddy,5,2016-03-23,0.436,0.21,tt2177489,8,5.0,8.0,tt5433510
Baby Daddy,5,2016-03-30,0.457,0.22,tt2177489,9,5.0,9.0,tt5595616
Baby Daddy,5,2016-04-06,0.592,0.28,tt2177489,10,5.0,10.0,tt5425296
Baby Daddy,5,2016-06-01,0.573,0.25,tt2177489,11,5.0,11.0,tt5425300
Baby Daddy,5,2016-06-08,0.619,0.31,tt2177489,12,5.0,12.0,tt5436506
Baby Daddy,5,2016-06-15,0.797,0.37,tt2177489,13,5.0,13.0,tt5813248
Baby Daddy,5,2016-06-22,0.610,0.28,tt2177489,14,5.0,14.0,tt5839590
Baby Daddy,5,2016-06-29,0.587,0.28,tt2177489,15,5.0,15.0,tt5455328
Baby Daddy,5,2016-07-06,0.561,0.26,tt2177489,16,5.0,16.0,tt5865576
Baby Daddy,5,2016-07-13,0.583,0.26,tt2177489,17,5.0,17.0,tt5883310
Baby Daddy,5,2016-07-20,0.540,0.25,tt2177489,18,5.0,18.0,tt5906162
Baby Daddy,5,2016-07-27,0.476,0.21,tt2177489,19,5.0,19.0,tt5611114
Baby Daddy,5,2016-08-03,0.563,0.26,tt2177489,20,5.0,20.0,tt5929872
Baby Daddy,6,2017-03-13,0.606,0.29,tt2177489,1,6.0,1.0,tt6228854
Baby Daddy,6,2017-03-20,0.412,0.21,tt2177489,2,6.0,2.0,tt6403892
Baby Daddy,6,2017-03-27,0.500,0.25,tt2177489,3,6.0,3.0,tt6391042
Baby Daddy,6,2017-04-03,0.406,0.17,tt2177489,4,6.0,4.0,tt6644452
Baby Daddy,6,2017-04-10,0.470,0.23,tt2177489,5,6.0,5.0,tt6456864
Baby Daddy,6,2017-04-17,0.445,0.19,tt2177489,6,6.0,6.0,tt6467174
Baby Daddy,6,2017-04-24,0.327,0.15,tt2177489,7,6.0,7.0,tt6415500
Baby Daddy,6,,0.468,0.20,tt2177489,8,6.0,8.0,tt6446966
Baby Daddy,6,,0.417,0.20,tt2177489,9,6.0,9.0,tt6636670
Baby Daddy,6,,0.456,0.22,tt2177489,10,6.0,10.0,tt6532900
Baby Daddy,6,,0.539,0.23,tt2177489,11,6.0,11.0,tt6578838
Warrior,1,2019-04-05,0.157,0.03,tt5743796,1,1.0,1.0,tt6021006
Warrior,1,2019-04-12,0.114,0.03,tt5743796,2,1.0,2.0,tt7852242
Warrior,1,2019-04-19,0.146,0.04,tt5743796,3,1.0,3.0,tt7852244
Warrior,1,2019-04-26,0.147,0.04,tt5743796,4,1.0,4.0,tt7603186
Warrior,1,,0.138,0.03,tt5743796,5,1.0,5.0,tt8228680
Warrior,1,,0.090,0.03,tt5743796,6,1.0,6.0,tt7603196
Warrior,1,,0.144,0.03,tt5743796,7,1.0,7.0,tt8071142
Warrior,1,,0.105,0.02,tt5743796,8,1.0,8.0,tt8071280
Warrior,1,,0.176,0.03,tt5743796,9,1.0,9.0,tt7633190
Warrior,1,2019-06-07,0.117,0.03,tt5743796,10,1.0,10.0,tt7633194
Warrior,2,2020-10-02,0.067,0.01,tt5743796,1,2.0,1.0,tt9823182
Warrior,2,2020-10-09,0.073,0.01,tt5743796,2,2.0,2.0,tt10248332
Warrior,2,2020-10-16,0.048,0.01,tt5743796,3,2.0,3.0,tt10449078
Warrior,2,2020-10-23,0.078,0.01,tt5743796,4,2.0,4.0,tt10775008
Warrior,2,2020-10-30,0.093,0.02,tt5743796,5,2.0,5.0,tt10948224
Warrior,2,2020-11-06,0.083,0.02,tt5743796,6,2.0,6.0,tt11046426
Warrior,2,2020-11-13,0.047,0.01,tt5743796,7,2.0,7.0,tt11046438
Warrior,2,2020-11-20,0.068,0.01,tt5743796,8,2.0,8.0,tt11046442
Warrior,2,2020-11-27,0.065,0.00,tt5743796,9,2.0,9.0,tt11046444
Warrior,2,2020-12-04,0.080,0.01,tt5743796,10,2.0,10.0,tt11046452
12 Monkeys,1,2015-01-16,1.353,0.43,tt3148266,1,1.0,1.0,tt4135892
12 Monkeys,1,2015-01-23,1.104,0.24,tt3148266,2,1.0,2.0,tt4135886
12 Monkeys,1,2015-01-30,0.903,0.31,tt3148266,3,1.0,3.0,tt4135904
12 Monkeys,1,2015-02-06,0.731,0.23,tt3148266,4,1.0,4.0,tt4135918
12 Monkeys,1,2015-02-13,0.664,0.23,tt3148266,5,1.0,5.0,tt4135960
12 Monkeys,1,2015-02-20,0.686,0.17,tt3148266,6,1.0,6.0,tt4135976
12 Monkeys,1,2015-02-27,0.696,0.18,tt3148266,7,1.0,7.0,tt4136010
12 Monkeys,1,2015-03-06,0.843,0.30,tt3148266,8,1.0,8.0,tt4131526
12 Monkeys,1,2015-03-13,0.708,0.26,tt3148266,9,1.0,9.0,tt4129690
12 Monkeys,1,2015-03-20,0.727,0.22,tt3148266,10,1.0,10.0,tt4146402
12 Monkeys,1,2015-03-27,0.677,0.19,tt3148266,11,1.0,11.0,tt4188922
12 Monkeys,1,2015-04-03,0.580,0.20,tt3148266,12,1.0,12.0,tt4189062
12 Monkeys,1,2015-04-10,0.661,0.20,tt3148266,13,1.0,13.0,tt4189068
12 Monkeys,2,2016-04-18,0.476,0.14,tt3148266,1,2.0,1.0,tt4520928
12 Monkeys,2,2016-04-25,0.318,0.10,tt3148266,2,2.0,2.0,tt4700858
12 Monkeys,2,,0.405,0.11,tt3148266,3,2.0,3.0,tt4866400
12 Monkeys,2,,0.425,0.12,tt3148266,4,2.0,4.0,tt4866402
12 Monkeys,2,,0.367,0.12,tt3148266,5,2.0,5.0,tt4866406
12 Monkeys,2,,0.348,0.08,tt3148266,6,2.0,6.0,tt4866432
12 Monkeys,2,,0.423,0.12,tt3148266,7,2.0,7.0,tt5210560
12 Monkeys,2,2016-06-06,0.425,0.12,tt3148266,8,2.0,8.0,tt5248854
12 Monkeys,2,2016-06-13,0.349,0.10,tt3148266,9,2.0,9.0,tt5248858
12 Monkeys,2,2016-06-20,0.389,0.11,tt3148266,10,2.0,10.0,tt5248862
12 Monkeys,2,2016-06-27,0.398,0.14,tt3148266,11,2.0,11.0,tt5248874
12 Monkeys,2,2016-07-11,0.472,0.15,tt3148266,12,2.0,12.0,tt5248880
12 Monkeys,2,2016-07-18,0.431,0.12,tt3148266,13,2.0,13.0,tt5248882
12 Monkeys,3,,0.585,0.16,tt3148266,1,3.0,1.0,tt5964102
12 Monkeys,3,,0.399,0.12,tt3148266,2,3.0,2.0,tt6165674
12 Monkeys,3,,0.374,0.11,tt3148266,3,3.0,3.0,tt6165682
12 Monkeys,3,,0.324,0.09,tt3148266,4,3.0,4.0,tt6165704
12 Monkeys,3,,0.397,0.10,tt3148266,5,3.0,5.0,tt6165708
12 Monkeys,3,,0.315,0.07,tt3148266,6,3.0,6.0,tt6165730
12 Monkeys,3,,0.313,0.07,tt3148266,7,3.0,7.0,tt6165742
12 Monkeys,3,,0.278,0.08,tt3148266,8,3.0,8.0,tt6165750
12 Monkeys,3,,0.232,0.05,tt3148266,9,3.0,9.0,tt6165756
12 Monkeys,3,,0.246,0.05,tt3148266,10,3.0,10.0,tt6165768
12 Monkeys,4,2018-06-15,0.336,0.07,tt3148266,1,4.0,1.0,tt6659954
12 Monkeys,4,2018-06-15,0.259,0.04,tt3148266,2,4.0,2.0,tt7049314
12 Monkeys,4,2018-06-15,0.215,0.03,tt3148266,3,4.0,3.0,tt7178250
12 Monkeys,4,2018-06-22,0.336,0.09,tt3148266,4,4.0,4.0,tt7106646
12 Monkeys,4,2018-06-22,0.273,0.05,tt3148266,5,4.0,5.0,tt7178256
12 Monkeys,4,2018-06-22,0.264,0.05,tt3148266,6,4.0,6.0,tt7103416
12 Monkeys,4,2018-06-29,0.293,0.06,tt3148266,7,4.0,7.0,tt7082984
12 Monkeys,4,2018-06-29,0.243,0.04,tt3148266,8,4.0,8.0,tt7067014
12 Monkeys,4,2018-06-29,0.254,0.04,tt3148266,9,4.0,9.0,tt7067018
12 Monkeys,4,2018-07-06,0.384,0.10,tt3148266,10,4.0,10.0,tt7013660
12 Monkeys,4,2018-07-06,0.331,0.07,tt3148266,11,4.0,11.0,tt8400858
Necessary Roughness,1,2011-06-29,4.670,1.4,tt1657505,1,1.0,1.0,tt1858167
Necessary Roughness,1,2011-07-06,4.446,1.3,tt1657505,2,1.0,2.0,tt1933076
Necessary Roughness,1,2011-07-13,3.990,1.1,tt1657505,3,1.0,3.0,tt1921976
Necessary Roughness,1,2011-07-20,4.202,1.2,tt1657505,4,1.0,4.0,tt1987259
Necessary Roughness,1,2011-07-27,4.211,1.3,tt1657505,5,1.0,5.0,tt1960674
Necessary Roughness,1,2011-08-03,4.456,1.3,tt1657505,6,1.0,6.0,tt1967248
Necessary Roughness,1,2011-08-10,4.139,1.3,tt1657505,7,1.0,7.0,tt1985542
Necessary Roughness,1,2011-08-17,4.211,1.2,tt1657505,8,1.0,8.0,tt2009097
Necessary Roughness,1,2011-08-24,4.188,1.2,tt1657505,9,1.0,9.0,tt2013015
Necessary Roughness,1,2011-08-31,4.001,1.2,tt1657505,10,1.0,10.0,tt2010502
Necessary Roughness,1,,3.706,1.1,tt1657505,11,1.0,11.0,tt2036066
Necessary Roughness,1,,4.007,1.2,tt1657505,12,1.0,12.0,tt2039950
Necessary Roughness,2,2012-06-06,3.115,0.8,tt1657505,1,2.0,1.0,tt2317905
Necessary Roughness,2,2012-06-13,2.667,0.8,tt1657505,2,2.0,2.0,tt2352891
Necessary Roughness,2,2012-06-20,3.011,0.8,tt1657505,3,2.0,3.0,tt2341221
Necessary Roughness,2,2012-06-27,2.959,0.8,tt1657505,4,2.0,4.0,tt2393163
Necessary Roughness,2,2012-07-11,2.645,0.8,tt1657505,5,2.0,5.0,tt2393161
Necessary Roughness,2,2012-07-18,2.806,0.8,tt1657505,6,2.0,6.0,tt2153864
Necessary Roughness,2,2012-07-25,2.759,0.7,tt1657505,7,2.0,7.0,tt2154862
Necessary Roughness,2,2012-08-01,2.057,0.6,tt1657505,8,2.0,8.0,tt2276260
Necessary Roughness,2,2012-08-15,2.488,0.7,tt1657505,9,2.0,9.0,tt2178750
Necessary Roughness,2,2012-08-22,2.566,0.6,tt1657505,10,2.0,10.0,tt2277266
Necessary Roughness,2,2012-08-29,2.865,0.6,tt1657505,11,2.0,11.0,tt2236604
Necessary Roughness,2,2013-01-23,2.367,0.6,tt1657505,12,2.0,12.0,tt2609926
Necessary Roughness,2,2013-01-30,1.972,0.6,tt1657505,13,2.0,13.0,tt2638332
Necessary Roughness,2,2013-02-06,1.856,0.5,tt1657505,14,2.0,14.0,tt2653526
Necessary Roughness,2,2013-02-13,2.026,0.5,tt1657505,15,2.0,15.0,tt2670084
Necessary Roughness,2,2013-02-20,1.978,0.5,tt1657505,16,2.0,16.0,tt2697234
Necessary Roughness,3,2013-06-12,2.610,0.6,tt1657505,1,3.0,1.0,tt2821246
Necessary Roughness,3,2013-06-19,2.514,0.7,tt1657505,2,3.0,2.0,tt2834898
Necessary Roughness,3,2013-06-26,2.654,0.7,tt1657505,3,3.0,3.0,tt2902394
Necessary Roughness,3,2013-07-10,2.107,0.6,tt1657505,4,3.0,4.0,tt2909952
Necessary Roughness,3,2013-07-17,2.561,0.6,tt1657505,5,3.0,5.0,tt2926814
Necessary Roughness,3,2013-07-24,2.448,0.7,tt1657505,6,3.0,6.0,tt2937392
Necessary Roughness,3,2013-07-31,2.509,0.7,tt1657505,7,3.0,7.0,tt2982316
Necessary Roughness,3,2013-08-07,2.338,0.6,tt1657505,8,3.0,8.0,tt2982326
Necessary Roughness,3,2013-08-14,2.353,0.6,tt1657505,9,3.0,9.0,tt3007104
Necessary Roughness,3,2013-08-21,2.364,0.6,tt1657505,10,3.0,10.0,tt3016632
Friday Night Tykes,1,2014-01-14,0.150,0.06,tt0758745,1,1.0,1.0,tt0868133
Friday Night Tykes,1,2014-01-14,0.120,0.06,tt0758745,2,1.0,2.0,tt0871137
Friday Night Tykes,1,2014-01-21,0.174,0.09,tt0758745,3,1.0,3.0,tt0863502
Friday Night Tykes,1,2014-01-28,0.119,0.05,tt0758745,4,1.0,4.0,tt0872912
Friday Night Tykes,1,2014-02-04,0.147,0.07,tt0758745,5,1.0,5.0,tt0863503
Friday Night Tykes,1,2014-02-25,0.122,0.07,tt0758745,6,1.0,6.0,tt0877087
Friday Night Tykes,1,2014-03-04,0.166,0.07,tt0758745,7,1.0,7.0,tt0875325
Friday Night Tykes,1,2014-03-11,0.150,0.06,tt0758745,8,1.0,8.0,tt0875324
Friday Night Tykes,1,2014-03-18,0.133,0.07,tt0758745,9,1.0,9.0,tt0886859
Friday Night Tykes,1,2014-03-25,0.159,0.08,tt0758745,10,1.0,10.0,tt0890844
Friday Night Tykes,1,2014-04-01,0.061,0.03,tt0758745,11,1.0,11.0,tt0894070
Friday Night Tykes,2,2015-01-20,0.182,0.10,tt0758745,1,2.0,1.0,tt1031339
Friday Night Tykes,2,2015-01-27,0.226,0.11,tt0758745,2,2.0,2.0,tt1031344
Friday Night Tykes,2,2015-02-03,0.197,0.11,tt0758745,3,2.0,3.0,tt1031345
Friday Night Tykes,2,2015-02-10,0.122,0.06,tt0758745,4,2.0,4.0,tt1031346
Friday Night Tykes,2,2015-02-17,0.193,0.09,tt0758745,5,2.0,5.0,tt1031347
Friday Night Tykes,2,2015-02-24,0.159,0.08,tt0758745,6,2.0,6.0,tt1031348
Friday Night Tykes,2,2015-03-03,0.208,0.12,tt0758745,7,2.0,7.0,tt1031349
Friday Night Tykes,2,2015-03-10,0.163,0.10,tt0758745,8,2.0,8.0,tt1031350
Friday Night Tykes,2,2015-03-17,0.205,0.11,tt0758745,9,2.0,9.0,tt1031351
Friday Night Tykes,2,2015-03-24,0.229,0.11,tt0758745,10,2.0,10.0,tt1031340
Friday Night Tykes,3,2016-01-19,0.185,0.08,tt0758745,1,3.0,1.0,tt1216618
Friday Night Tykes,3,2016-01-26,0.179,0.09,tt0758745,2,3.0,2.0,tt1216623
Friday Night Tykes,3,2016-02-02,0.160,0.07,tt0758745,3,3.0,3.0,tt1216624
Friday Night Tykes,3,2016-02-09,0.171,0.09,tt0758745,4,3.0,4.0,tt1216625
Friday Night Tykes,3,2016-02-16,0.244,0.11,tt0758745,5,3.0,5.0,tt1216626
Friday Night Tykes,3,2016-02-23,0.211,0.08,tt0758745,6,3.0,6.0,tt1216627
Friday Night Tykes,3,2016-03-01,0.250,0.12,tt0758745,7,3.0,7.0,tt1216628
Friday Night Tykes,3,2016-03-08,0.258,0.14,tt0758745,8,3.0,8.0,tt1216629
Friday Night Tykes,3,2016-03-15,0.196,0.09,tt0758745,9,3.0,9.0,tt1216630
Friday Night Tykes,3,2016-03-22,0.266,0.16,tt0758745,10,3.0,10.0,tt1216619
Friday Night Tykes,4,2017-01-17,0.092,0.04,tt0758745,1,4.0,1.0,tt1491856
Friday Night Tykes,4,2017-01-24,0.086,0.03,tt0758745,2,4.0,2.0,tt1501909
Friday Night Tykes,4,2017-01-31,0.117,0.05,tt0758745,3,4.0,3.0,tt1502516
Friday Night Tykes,4,2017-02-07,0.093,0.03,tt0758745,4,4.0,4.0,tt1502517
Friday Night Tykes,4,2017-02-14,0.065,0.03,tt0758745,5,4.0,5.0,tt1526671
Friday Night Tykes,4,2017-02-21,0.083,0.03,tt0758745,6,4.0,6.0,tt1539374
Friday Night Tykes,4,2017-02-28,0.111,0.04,tt0758745,7,4.0,7.0,tt1564137
Friday Night Tykes,4,2017-03-07,0.077,0.03,tt0758745,8,4.0,8.0,tt1564138
Friday Night Tykes,4,2017-03-14,0.078,0.04,tt0758745,9,4.0,9.0,tt1564136
Friday Night Tykes,4,2017-03-21,0.128,0.07,tt0758745,10,4.0,10.0,tt1564132
Ghost Wars,1,2017-10-05,0.512,0.10,tt6856484,1,1.0,1.0,tt6862206
Ghost Wars,1,2017-10-12,0.505,0.10,tt6856484,2,1.0,2.0,tt7023438
Ghost Wars,1,2017-10-19,0.393,0.11,tt6856484,3,1.0,3.0,tt7023454
Ghost Wars,1,2017-10-26,0.498,0.10,tt6856484,4,1.0,4.0,tt7023514
Ghost Wars,1,2017-11-02,0.331,0.08,tt6856484,5,1.0,5.0,tt7023520
Ghost Wars,1,2017-11-09,0.324,0.06,tt6856484,6,1.0,6.0,tt7023522
Ghost Wars,1,2017-11-16,0.326,0.08,tt6856484,7,1.0,7.0,tt7023526
Ghost Wars,1,2017-11-30,0.251,0.06,tt6856484,8,1.0,8.0,tt7023528
Ghost Wars,1,2017-12-07,0.388,0.09,tt6856484,9,1.0,9.0,tt7023550
Ghost Wars,1,2017-12-14,0.289,0.05,tt6856484,10,1.0,10.0,tt7141154
Ghost Wars,1,2017-12-21,0.343,0.08,tt6856484,11,1.0,11.0,tt7141156
Ghost Wars,1,2017-12-28,0.392,0.11,tt6856484,12,1.0,12.0,tt7141158
Ghost Wars,1,2018-01-04,0.338,0.09,tt6856484,13,1.0,13.0,tt6858944
The Deceived,1,2021-07-18,0.071,0.02,tt10681614,1,1.0,1.0,tt12619348
The Deceived,1,2021-07-25,0.064,0.02,tt10681614,2,1.0,2.0,tt12619388
The Deceived,1,2021-08-01,0.021,0.01,tt10681614,3,1.0,3.0,tt12619394
The Deceived,1,2021-08-08,0.030,0.01,tt10681614,4,1.0,4.0,tt12619398
Ths Kings,1,2021-06-06,0.110,0.01,tt0165581,1,1.0,1.0,tt0765909
Ths Kings,1,2021-06-13,0.134,0.01,tt0165581,2,1.0,2.0,tt0765905
Ths Kings,1,2021-06-20,0.079,0.01,tt0165581,3,1.0,3.0,tt0620036
Ths Kings,1,2021-06-27,0.070,0.00,tt0165581,4,1.0,4.0,tt0620138
Entourage,1,2004-07-18,1.889,1.3,tt0387199,1,1.0,1.0,tt0572410
Entourage,1,2004-07-25,1.846,1.1,tt0387199,2,1.0,2.0,tt0572415
Entourage,1,2004-08-01,1.942,1.2,tt0387199,3,1.0,3.0,tt0572411
Entourage,1,2004-08-08,2.146,1.4,tt0387199,4,1.0,4.0,tt0572402
Entourage,1,2004-08-15,1.970,1.3,tt0387199,5,1.0,5.0,tt0572417
Entourage,1,2004-08-22,1.626,1.1,tt0387199,6,1.0,6.0,tt0572400
Entourage,1,2004-08-29,2.013,1.3,tt0387199,7,1.0,7.0,tt0572416
Entourage,1,,1.978,1.3,tt0387199,8,1.0,8.0,tt0572408
Entourage,2,2005-06-05,1.593,1.0,tt0387199,1,2.0,1.0,tt0572414
Entourage,2,2005-06-12,1.207,0.9,tt0387199,2,2.0,2.0,tt0572406
Entourage,2,2005-06-19,1.331,0.9,tt0387199,3,2.0,3.0,tt0572398
Entourage,2,2005-06-26,1.461,1.0,tt0387199,4,2.0,4.0,tt0572397
Entourage,2,2005-07-03,0.900,0.6,tt0387199,5,2.0,5.0,tt0572407
Entourage,2,2005-07-10,1.951,1.3,tt0387199,6,2.0,6.0,tt0572401
Entourage,2,2005-07-17,1.968,1.2,tt0387199,7,2.0,7.0,tt0572418
Entourage,2,2005-07-24,2.050,1.4,tt0387199,8,2.0,8.0,tt0572409
Entourage,2,2005-07-31,1.938,1.3,tt0387199,9,2.0,9.0,tt0572405
Entourage,2,2005-08-07,2.213,1.5,tt0387199,10,2.0,10.0,tt0572413
Entourage,2,2005-08-14,2.565,1.5,tt0387199,11,2.0,11.0,tt0572399
Entourage,2,2005-08-21,2.710,1.7,tt0387199,12,2.0,12.0,tt0572404
Entourage,2,2005-08-28,2.122,1.4,tt0387199,13,2.0,13.0,tt0572403
Entourage,2,,2.143,1.3,tt0387199,14,2.0,14.0,tt0572412
Entourage,3,2006-06-11,2.689,1.5,tt0387199,1,3.0,1.0,tt0763913
Entourage,3,2006-06-18,2.177,1.3,tt0387199,2,3.0,2.0,tt0763912
Entourage,3,2006-06-25,2.357,1.4,tt0387199,3,3.0,3.0,tt0759835
Entourage,3,2006-07-02,2.033,1.1,tt0387199,4,3.0,4.0,tt0793750
Entourage,3,2006-07-09,2.368,1.4,tt0387199,5,3.0,5.0,tt0824540
Entourage,3,2006-07-16,2.664,1.6,tt0387199,6,3.0,6.0,tt0823943
Entourage,3,2006-07-23,2.575,1.5,tt0387199,7,3.0,7.0,tt0804721
Entourage,3,2006-07-30,2.417,1.4,tt0387199,8,3.0,8.0,tt0809709
Entourage,3,2006-08-06,2.402,1.5,tt0387199,9,3.0,9.0,tt0804722
Entourage,3,2006-08-13,2.604,1.5,tt0387199,10,3.0,10.0,tt0809707
Entourage,3,2006-08-20,2.519,1.4,tt0387199,11,3.0,11.0,tt0804723
Entourage,3,2006-08-27,2.540,1.5,tt0387199,12,3.0,12.0,tt0836110
Entourage,3,2007-04-08,3.765,2.0,tt0387199,13,3.0,13.0,tt0849935
Entourage,3,2007-04-15,3.845,2.3,tt0387199,14,3.0,14.0,tt0845679
Entourage,3,2007-04-22,3.626,2.0,tt0387199,15,3.0,15.0,tt0958532
Entourage,3,2007-04-29,3.334,1.9,tt0387199,16,3.0,16.0,tt0958531
Entourage,3,,3.454,2.0,tt0387199,17,3.0,17.0,tt0840508
Entourage,3,,3.122,1.7,tt0387199,18,3.0,18.0,tt0844542
Entourage,3,,3.384,2.0,tt0387199,19,3.0,19.0,tt0962339
Entourage,3,2007-06-03,3.356,2.3,tt0387199,20,3.0,20.0,tt1024457
Entourage,4,2007-06-17,2.242,1.4/4,tt0387199,1,4.0,1.0,tt0971568
Entourage,4,2007-06-24,2.266,1.2/4,tt0387199,2,4.0,2.0,tt0986622
Entourage,4,2007-07-01,2.546,1.6/5,tt0387199,3,4.0,3.0,tt0998314
Entourage,4,2007-07-08,2.206,1.3/4,tt0387199,4,4.0,4.0,tt1048484
Entourage,4,2007-07-15,2.626,1.6/5,tt0387199,5,4.0,5.0,tt1024456
Entourage,4,2007-07-22,2.507,1.5/4,tt0387199,6,4.0,6.0,tt1045694
Entourage,4,2007-07-29,2.497,1.4/4,tt0387199,7,4.0,7.0,tt1032397
Entourage,4,2007-08-05,2.607,1.5,tt0387199,8,4.0,8.0,tt1027390
Entourage,4,2007-08-12,2.856,1.8,tt0387199,9,4.0,9.0,tt1043098
Entourage,4,2007-08-19,2.768,1.8/5,tt0387199,10,4.0,10.0,tt1048482
Entourage,4,2007-08-26,3.065,1.9,tt0387199,11,4.0,11.0,tt1048483
Entourage,4,,2.189,1.2/4,tt0387199,12,4.0,12.0,tt1044304
Entourage,5,,1.645,1.0/2,tt0387199,1,5.0,1.0,tt1280592
Entourage,5,,1.65,1.0/2,tt0387199,2,5.0,2.0,tt1280595
Entourage,5,,1.58,1.0/2,tt0387199,3,5.0,3.0,tt1280594
Entourage,5,,1.56,1.0/2,tt0387199,4,5.0,4.0,tt1280593
Entourage,5,2008-10-05,1.53,0.94/2,tt0387199,5,5.0,5.0,tt1280587
Entourage,5,2008-10-12,1.61,0.98/2,tt0387199,6,5.0,6.0,tt1280588
Entourage,5,2008-10-19,1.586,0.9/2,tt0387199,7,5.0,7.0,tt1280589
Entourage,5,2008-10-26,1.77,1.0/2,tt0387199,8,5.0,8.0,tt1280590
Entourage,5,2008-11-02,1.77,1.1/3,tt0387199,9,5.0,9.0,tt1280591
Entourage,5,2008-11-09,1.83,1.1/3,tt0387199,10,5.0,10.0,tt1280584
Entourage,5,2008-11-16,2.06,1.3/3,tt0387199,11,5.0,11.0,tt1280585
Entourage,5,2008-11-23,2.05,1.3/3,tt0387199,12,5.0,12.0,tt1280586
Entourage,6,2009-07-12,3.446,1.9/6,tt0387199,1,6.0,1.0,tt1410538
Entourage,6,2009-07-19,2.694,1.6/5,tt0387199,2,6.0,2.0,tt1428144
Entourage,6,2009-07-26,2.841,1.6/5,tt0387199,3,6.0,3.0,tt1427380
Entourage,6,2009-08-02,3.298,1.9/6,tt0387199,4,6.0,4.0,tt1475811
Entourage,6,2009-08-09,2.740,1.7/5,tt0387199,5,6.0,5.0,tt1477295
Entourage,6,2009-08-16,2.843,1.7/5,tt0387199,6,6.0,6.0,tt1477296
Entourage,6,2009-08-23,3.181,1.9/5,tt0387199,7,6.0,7.0,tt1477297
Entourage,6,2009-08-30,3.191,1.9/6,tt0387199,8,6.0,8.0,tt1469917
Entourage,6,,2.594,1.6/4,tt0387199,9,6.0,9.0,tt1477997
Entourage,6,,1.827,1.1/3,tt0387199,10,6.0,10.0,tt1477996
Entourage,6,,1.869,1.1/3,tt0387199,11,6.0,11.0,tt1472670
Entourage,6,2009-10-04,2.485,1.5/4,tt0387199,12,6.0,12.0,tt1469916
Entourage,7,2010-06-27,2.479,1.5/4,tt0387199,1,7.0,1.0,tt1633511
Entourage,7,2010-07-11,2.552,1.5/5,tt0387199,2,7.0,2.0,tt1631959
Entourage,7,2010-07-18,2.559,1.5/5,tt0387199,3,7.0,3.0,tt1638440
Entourage,7,2010-07-25,2.582,1.6/5,tt0387199,4,7.0,4.0,tt1638441
Entourage,7,2010-08-01,2.848,1.7/5,tt0387199,5,7.0,5.0,tt1638442
Entourage,7,2010-08-08,2.560,1.5/4,tt0387199,6,7.0,6.0,tt1638443
Entourage,7,2010-08-15,2.723,1.6/5,tt0387199,7,7.0,7.0,tt1638444
Entourage,7,2010-08-22,2.646,1.5/5,tt0387199,8,7.0,8.0,tt1638445
Entourage,7,2010-08-29,2.861,1.8/5,tt0387199,9,7.0,9.0,tt1638446
Entourage,7,,2.724,1.6/4,tt0387199,10,7.0,10.0,tt1638437
Entourage,8,2011-07-24,2.493,1.4,tt0387199,1,8.0,1.0,tt1725268
Entourage,8,2011-07-31,2.136,1.2,tt0387199,2,8.0,2.0,tt1942277
Entourage,8,2011-08-07,2.364,1.3,tt0387199,3,8.0,3.0,tt1940447
Entourage,8,2011-08-14,2.460,1.4,tt0387199,4,8.0,4.0,tt1940448
Entourage,8,2011-08-21,2.529,1.5,tt0387199,5,8.0,5.0,tt1988994
Entourage,8,2011-08-28,2.164,1.3,tt0387199,6,8.0,6.0,tt1991439
Entourage,8,,1.723,1.0,tt0387199,7,8.0,7.0,tt1991440
Entourage,8,,2.612,1.6,tt0387199,8,8.0,8.0,tt1986371
Wilfred,1,2011-06-23,2.553,1.2,tt1703925,1,1.0,1.0,tt1833624
Wilfred,1,2011-06-30,2.044,1.03,tt1703925,2,1.0,2.0,tt1874366
Wilfred,1,2011-07-07,1.516,0.7,tt1703925,3,1.0,3.0,tt1887625
Wilfred,1,2011-07-14,1.564,0.8,tt1703925,4,1.0,4.0,tt1984074
Wilfred,1,2011-07-21,1.436,0.7,tt1703925,5,1.0,5.0,tt1924190
Wilfred,1,2011-07-28,1.738,0.9,tt1703925,6,1.0,6.0,tt1924191
Wilfred,1,2011-08-04,1.404,0.6,tt1703925,7,1.0,7.0,tt1924192
Wilfred,1,2011-08-11,1.229,0.7,tt1703925,8,1.0,8.0,tt1915496
Wilfred,1,2011-08-18,1.179,0.6,tt1703925,9,1.0,9.0,tt1922482
Wilfred,1,2011-08-18,1.042,0.6,tt1703925,10,1.0,10.0,tt1942782
Wilfred,1,2011-08-25,1.208,0.7,tt1703925,11,1.0,11.0,tt1942783
Wilfred,1,,1.320,0.7,tt1703925,12,1.0,12.0,tt1941364
Wilfred,1,,0.902,0.4,tt1703925,13,1.0,13.0,tt1941362
Wilfred,2,2012-06-21,0.957,0.4,tt1703925,1,2.0,1.0,tt2319619
Wilfred,2,2012-06-28,2.526,1.2,tt1703925,2,2.0,2.0,tt2186876
Wilfred,2,2012-07-05,1.453,0.7,tt1703925,3,2.0,3.0,tt2186924
Wilfred,2,2012-07-12,1.354,0.7,tt1703925,4,2.0,4.0,tt2186926
Wilfred,2,2012-07-19,1.339,0.7,tt1703925,5,2.0,5.0,tt2186580
Wilfred,2,2012-07-26,1.276,0.6,tt1703925,6,2.0,6.0,tt2186628
Wilfred,2,2012-08-02,0.828,0.4,tt1703925,7,2.0,7.0,tt2186630
Wilfred,2,2012-08-09,0.947,0.4,tt1703925,8,2.0,8.0,tt2186586
Wilfred,2,2012-08-16,1.052,0.5,tt1703925,9,2.0,9.0,tt2186590
Wilfred,2,2012-08-23,0.835,0.4,tt1703925,10,2.0,10.0,tt2186928
Wilfred,2,2012-08-30,0.719,0.4,tt1703925,11,2.0,11.0,tt2186592
Wilfred,2,,0.642,0.3,tt1703925,12,2.0,12.0,tt2186622
Wilfred,2,,0.541,0.3,tt1703925,13,2.0,13.0,tt2186738
Wilfred,3,2013-06-20,0.648,0.3,tt1703925,1,3.0,1.0,tt2644756
Wilfred,3,2013-06-20,0.607,0.3,tt1703925,2,3.0,2.0,tt2906966
Wilfred,3,2013-06-27,0.705,0.3,tt1703925,3,3.0,3.0,tt2906972
Wilfred,3,2013-06-27,0.535,0.3,tt1703925,4,3.0,4.0,tt2906974
Wilfred,3,2013-07-11,0.711,0.3,tt1703925,5,3.0,5.0,tt2906976
Wilfred,3,2013-07-18,0.605,0.3,tt1703925,6,3.0,6.0,tt2806622
Wilfred,3,2013-07-25,0.542,0.3,tt1703925,7,3.0,7.0,tt2941678
Wilfred,3,2013-08-01,0.470,0.2,tt1703925,8,3.0,8.0,tt2941680
Wilfred,3,2013-08-08,0.462,0.3,tt1703925,9,3.0,9.0,tt2941670
Wilfred,3,2013-08-15,0.649,0.3,tt1703925,10,3.0,10.0,tt2941676
Wilfred,3,2013-08-22,0.411,0.2,tt1703925,11,3.0,11.0,tt2941672
Wilfred,3,2013-08-29,0.835,0.4,tt1703925,12,3.0,12.0,tt2876152
Wilfred,3,,0.443,0.2,tt1703925,13,3.0,13.0,tt2941674
Wilfred,4,2014-06-25,0.185,0.12,tt1703925,1,4.0,1.0,tt3491548
Wilfred,4,2014-06-25,0.185,0.11,tt1703925,2,4.0,2.0,tt3681032
Wilfred,4,2014-07-02,0.214,0.11,tt1703925,3,4.0,3.0,tt3681034
Wilfred,4,2014-07-09,0.120,0.07,tt1703925,4,4.0,4.0,tt3681036
Wilfred,4,2014-07-16,0.118,0.06,tt1703925,5,4.0,5.0,tt3681038
Wilfred,4,2014-07-23,0.185,0.10,tt1703925,6,4.0,6.0,tt3681042
Wilfred,4,2014-07-30,0.198,0.13,tt1703925,7,4.0,7.0,tt3681044
Wilfred,4,2014-08-06,0.170,0.12,tt1703925,8,4.0,8.0,tt3681050
Wilfred,4,2014-08-13,0.239,0.14,tt1703925,9,4.0,9.0,tt3681052
Wilfred,4,2014-08-13,0.247,0.16,tt1703925,10,4.0,10.0,tt3681056
Veep,1,2012-04-22,1.379,0.6,tt1759761,1,1.0,1.0,tt1927930
Veep,1,2012-04-29,1.149,0.5,tt1759761,2,1.0,2.0,tt2081045
Veep,1,,0.949,0.6,tt1759761,3,1.0,3.0,tt2081046
Veep,1,,0.942,0.6,tt1759761,4,1.0,4.0,tt2101246
Veep,1,,0.807,0.5,tt1759761,5,1.0,5.0,tt2103089
Veep,1,,0.831,0.4,tt1759761,6,1.0,6.0,tt2102237
Veep,1,2012-06-03,1.175,0.6,tt1759761,7,1.0,7.0,tt2161219
Veep,1,2012-06-10,1.075,0.6,tt1759761,8,1.0,8.0,tt2158251
Veep,2,2013-04-14,1.188,0.6,tt1759761,1,2.0,1.0,tt2289052
Veep,2,2013-04-21,1.114,0.6,tt1759761,2,2.0,2.0,tt2608298
Veep,2,2013-04-28,1.324,0.7,tt1759761,3,2.0,3.0,tt2583892
Veep,2,,1.186,0.6,tt1759761,4,2.0,4.0,tt2740802
Veep,2,,1.210,0.6,tt1759761,5,2.0,5.0,tt2693972
Veep,2,,1.092,0.6,tt1759761,6,2.0,6.0,tt2693602
Veep,2,2013-06-02,1.213,0.7,tt1759761,7,2.0,7.0,tt2845800
Veep,2,2013-06-09,1.101,0.6,tt1759761,8,2.0,8.0,tt2845812
Veep,2,2013-06-16,1.025,0.5,tt1759761,9,2.0,9.0,tt2845806
Veep,2,2013-06-23,0.985,0.5,tt1759761,10,2.0,10.0,tt2845808
Veep,3,2014-04-06,0.955,0.51,tt1759761,1,3.0,1.0,tt2936066
Veep,3,2014-04-13,0.860,0.49,tt1759761,2,3.0,2.0,tt3257422
Veep,3,2014-04-20,0.775,0.36,tt1759761,3,3.0,3.0,tt3259028
Veep,3,2014-04-27,0.922,0.50,tt1759761,4,3.0,4.0,tt3481874
Veep,3,,1.020,0.50,tt1759761,5,3.0,5.0,tt3382358
Veep,3,,1.066,0.54,tt1759761,6,3.0,6.0,tt3387258
Veep,3,,1.092,0.59,tt1759761,7,3.0,7.0,tt3560590
Veep,3,2014-06-01,1.061,0.54,tt1759761,8,3.0,8.0,tt3549022
Veep,3,2014-06-08,0.945,0.48,tt1759761,9,3.0,9.0,tt3615490
Veep,3,2014-06-08,0.664,0.33,tt1759761,10,3.0,10.0,tt3551604
Veep,4,2015-04-12,1.048,0.55,tt1759761,1,4.0,1.0,tt3682512
Veep,4,2015-04-19,0.986,0.49,tt1759761,2,4.0,2.0,tt3682516
Veep,4,2015-04-26,0.983,0.52,tt1759761,3,4.0,3.0,tt3682514
Veep,4,,0.980,0.50,tt1759761,4,4.0,4.0,tt3682524
Veep,4,,0.820,0.43,tt1759761,5,4.0,5.0,tt3682530
Veep,4,,0.741,0.40,tt1759761,6,4.0,6.0,tt3682522
Veep,4,,0.975,0.50,tt1759761,7,4.0,7.0,tt3682526
Veep,4,,0.993,0.48,tt1759761,8,4.0,8.0,tt3682538
Veep,4,2015-06-07,0.907,0.41,tt1759761,9,4.0,9.0,tt3682536
Veep,4,2015-06-14,1.112,0.53,tt1759761,10,4.0,10.0,tt3682534
Veep,5,2016-04-24,1.098,0.52,tt1759761,1,5.0,1.0,tt4675212
Veep,5,,1.011,0.47,tt1759761,2,5.0,2.0,tt5169560
Veep,5,,0.968,0.44,tt1759761,3,5.0,3.0,tt5218322
Veep,5,,0.974,0.46,tt1759761,4,5.0,4.0,tt5218338
Veep,5,,0.918,0.42,tt1759761,5,5.0,5.0,tt5248844
Veep,5,,0.975,0.43,tt1759761,6,5.0,6.0,tt5218360
Veep,5,2016-06-05,1.100,0.51,tt1759761,7,5.0,7.0,tt5218380
Veep,5,2016-06-12,0.851,0.39,tt1759761,8,5.0,8.0,tt5218390
Veep,5,2016-06-19,0.899,0.43,tt1759761,9,5.0,9.0,tt5218410
Veep,5,2016-06-26,1.146,0.50,tt1759761,10,5.0,10.0,tt5049994
Veep,6,2017-04-16,0.659,0.27,tt1759761,1,6.0,1.0,tt5654080
Veep,6,2017-04-23,0.625,0.27,tt1759761,2,6.0,2.0,tt5840192
Veep,6,2017-04-30,0.543,0.22,tt1759761,3,6.0,3.0,tt5869170
Veep,6,,0.486,0.18,tt1759761,4,6.0,4.0,tt6030442
Veep,6,,0.619,0.25,tt1759761,5,6.0,5.0,tt6094862
Veep,6,,0.613,0.23,tt1759761,6,6.0,6.0,tt6094864
Veep,6,,0.552,0.19,tt1759761,7,6.0,7.0,tt6094868
Veep,6,2017-06-11,0.639,0.25,tt1759761,8,6.0,8.0,tt6094870
Veep,6,2017-06-18,0.566,0.23,tt1759761,9,6.0,9.0,tt6094872
Veep,6,2017-06-25,0.536,0.22,tt1759761,10,6.0,10.0,tt5790938
Veep,7,2019-03-31,0.533,0.18,tt1759761,1,7.0,1.0,tt6932620
Veep,7,2019-04-07,0.473,0.15,tt1759761,2,7.0,2.0,tt7806352
Veep,7,2019-04-14,1.002,0.35,tt1759761,3,7.0,3.0,tt7870754
Veep,7,2019-04-21,1.047,0.37,tt1759761,4,7.0,4.0,tt7870756
Veep,7,2019-04-28,1.082,0.40,tt1759761,5,7.0,5.0,tt7870758
Veep,7,,1.072,0.39,tt1759761,6,7.0,6.0,tt7870760
Veep,7,,1.097,0.40,tt1759761,7,7.0,7.0,tt7870762
The Son,1,2017-04-08,1.915,0.19,tt3839822,1,1.0,1.0,tt5541044
The Son,1,2017-04-15,1.547,0.17,tt3839822,2,1.0,2.0,tt5924300
The Son,1,2017-04-22,1.390,0.18,tt3839822,3,1.0,3.0,tt5924306
The Son,1,2017-04-29,1.214,0.14,tt3839822,4,1.0,4.0,tt5980386
The Son,1,,1.295,0.15,tt3839822,5,1.0,5.0,tt5980388
The Son,1,,1.172,0.14,tt3839822,6,1.0,6.0,tt6184940
The Son,1,,1.261,0.14,tt3839822,7,1.0,7.0,tt6185044
The Son,1,2017-06-03,1.060,0.12,tt3839822,8,1.0,8.0,tt6166012
The Son,1,2017-06-10,1.162,0.13,tt3839822,9,1.0,9.0,tt6590564
The Son,2,2019-04-27,0.674,0.09,tt3839822,1,2.0,1.0,tt6882994
The Son,2,,0.612,0.06,tt3839822,2,2.0,2.0,tt7958622
The Son,2,,0.654,0.09,tt3839822,3,2.0,3.0,tt7604280
The Son,2,,0.527,0.06,tt3839822,4,2.0,4.0,tt7817200
The Son,2,,0.560,0.07,tt3839822,5,2.0,5.0,tt7906232
The Son,2,2019-06-01,0.559,0.11,tt3839822,6,2.0,6.0,tt7911730
The Son,2,2019-06-08,0.559,0.06,tt3839822,7,2.0,7.0,tt7911754
The Son,2,2019-06-15,0.593,0.06,tt3839822,8,2.0,8.0,tt7958630
The Son,2,2019-06-22,0.646,0.08,tt3839822,9,2.0,9.0,tt8111310
The Son,2,2019-06-29,0.656,0.05,tt3839822,10,2.0,10.0,tt8248918
Shear Genius,1,2007-04-11,1.090,0.5,tt4597194,1,,,
Shear Genius,1,2007-04-18,0.894,0.4,tt4597194,2,,,
Shear Genius,1,2007-04-25,0.854,0.4,tt4597194,3,,,
Shear Genius,1,,0.960,0.5,tt4597194,4,,,
Shear Genius,1,,1.065,0.6,tt4597194,5,,,
Shear Genius,1,,1.046,0.5,tt4597194,6,,,
Shear Genius,1,,0.892,0.4,tt4597194,7,,,
Shear Genius,1,,1.304,0.7,tt4597194,8,,,
Shear Genius,2,2008-06-25,0.892,0.4/1,tt4597194,1,,,
Shear Genius,2,2008-07-02,1.03,0.5/2,tt4597194,2,,,
Shear Genius,2,2008-07-09,1.16,0.6/2,tt4597194,3,,,
Shear Genius,2,2008-07-16,2.164,1.0/3,tt4597194,4,,,
Shear Genius,2,2008-07-23,1.912,0.9,tt4597194,5,,,
Shear Genius,2,2008-07-30,2.399,1.1/3,tt4597194,6,,,
Shear Genius,2,2008-08-06,2.25,1.0/3,tt4597194,7,,,
Shear Genius,2,2008-08-13,1.95,0.9/3,tt4597194,8,,,
Shear Genius,2,2008-08-20,1.671,0.8/2,tt4597194,9,,,
Shear Genius,2,2008-08-27,2.543,1.3/4,tt4597194,10,,,
Shear Genius,3,2010-02-03,1.097,0.5/1,tt4597194,1,,,
Shear Genius,3,2010-02-10,1.100,0.5/1,tt4597194,2,,,
Shear Genius,3,2010-02-17,0.931,0.4/1,tt4597194,3,,,
Shear Genius,3,2010-02-24,0.871,0.4/1,tt4597194,4,,,
Shear Genius,3,2010-03-03,0.935,0.4/1,tt4597194,5,,,
Shear Genius,3,2010-03-10,1.076,0.5/1,tt4597194,6,,,
Shear Genius,3,2010-03-17,0.982,0.4/1,tt4597194,7,,,
Shear Genius,3,2010-03-24,1.144,0.5/1,tt4597194,8,,,
Shear Genius,3,2010-03-31,1.198,0.6/2,tt4597194,9,,,
Shear Genius,3,2010-04-07,1.234,0.5/2,tt4597194,10,,,
Animal Kingdom,1,2016-06-14,1.308,0.45,tt5574490,1,1.0,1.0,tt4916994
Animal Kingdom,1,2016-06-14,1.099,0.35,tt5574490,2,1.0,2.0,tt5580068
Animal Kingdom,1,2016-06-21,1.175,0.43,tt5574490,3,1.0,3.0,tt5580070
Animal Kingdom,1,2016-06-28,1.179,0.42,tt5574490,4,1.0,4.0,tt5580074
Animal Kingdom,1,2016-07-05,1.389,0.50,tt5574490,5,1.0,5.0,tt5580080
Animal Kingdom,1,2016-07-12,1.253,0.42,tt5574490,6,1.0,6.0,tt5580088
Animal Kingdom,1,2016-07-19,1.218,0.42,tt5574490,7,1.0,7.0,tt5580090
Animal Kingdom,1,2016-07-26,1.227,0.38,tt5574490,8,1.0,8.0,tt5580092
Animal Kingdom,1,2016-08-02,1.318,0.44,tt5574490,9,1.0,9.0,tt5580094
Animal Kingdom,1,2016-08-09,1.510,0.48,tt5574490,10,1.0,10.0,tt5580096
Animal Kingdom,2,,1.193,0.44,tt5574490,1,2.0,1.0,tt5866450
Animal Kingdom,2,2017-06-06,1.046,0.35,tt5574490,2,2.0,2.0,tt6340206
Animal Kingdom,2,2017-06-13,0.960,0.34,tt5574490,3,2.0,3.0,tt6351700
Animal Kingdom,2,2017-06-20,1.126,0.34,tt5574490,4,2.0,4.0,tt6374498
Animal Kingdom,2,2017-06-27,1.172,0.36,tt5574490,5,2.0,5.0,tt6378404
Animal Kingdom,2,2017-07-11,1.172,0.36,tt5574490,6,2.0,6.0,tt6378414
Animal Kingdom,2,2017-07-18,1.272,0.40,tt5574490,7,2.0,7.0,tt6378424
Animal Kingdom,2,2017-07-25,1.099,0.36,tt5574490,8,2.0,8.0,tt6378430
Animal Kingdom,2,2017-08-01,1.208,0.39,tt5574490,9,2.0,9.0,tt6378446
Animal Kingdom,2,2017-08-08,1.203,0.35,tt5574490,10,2.0,10.0,tt6351698
Animal Kingdom,2,2017-08-15,1.157,0.39,tt5574490,11,2.0,11.0,tt6887628
Animal Kingdom,2,2017-08-22,1.215,0.40,tt5574490,12,2.0,12.0,tt6887636
Animal Kingdom,2,2017-08-29,1.405,0.43,tt5574490,13,2.0,13.0,tt6975126
Animal Kingdom,3,,1.300,0.43,tt5574490,1,3.0,1.0,tt7186580
Animal Kingdom,3,2018-06-05,1.217,0.37,tt5574490,2,3.0,2.0,tt7880680
Animal Kingdom,3,2018-06-12,1.163,0.38,tt5574490,3,3.0,3.0,tt7941636
Animal Kingdom,3,2018-06-19,1.333,0.43,tt5574490,4,3.0,4.0,tt7967172
Animal Kingdom,3,2018-06-26,1.311,0.39,tt5574490,5,3.0,5.0,tt8054536
Animal Kingdom,3,2018-07-03,1.197,0.37,tt5574490,6,3.0,6.0,tt8111968
Animal Kingdom,3,2018-07-10,1.274,0.37,tt5574490,7,3.0,7.0,tt8111972
Animal Kingdom,3,2018-07-17,1.345,0.41,tt5574490,8,3.0,8.0,tt8111974
Animal Kingdom,3,2018-07-24,1.334,0.36,tt5574490,9,3.0,9.0,tt8227804
Animal Kingdom,3,2018-07-31,1.313,0.39,tt5574490,10,3.0,10.0,tt8292740
Animal Kingdom,3,2018-08-07,1.444,0.44,tt5574490,11,3.0,11.0,tt8329046
Animal Kingdom,3,2018-08-14,1.374,0.38,tt5574490,12,3.0,12.0,tt8367054
Animal Kingdom,3,2018-08-21,1.367,0.39,tt5574490,13,3.0,13.0,tt8368550
Animal Kingdom,4,,1.354,0.41,tt5574490,1,4.0,1.0,tt8652208
Animal Kingdom,4,2019-06-04,1.096,0.31,tt5574490,2,4.0,2.0,tt9421726
Animal Kingdom,4,2019-06-11,1.183,0.31,tt5574490,3,4.0,3.0,tt8993280
Animal Kingdom,4,2019-06-18,1.194,0.31,tt5574490,4,4.0,4.0,tt9783638
Animal Kingdom,4,2019-06-25,1.137,0.28,tt5574490,5,4.0,5.0,tt9881516
Animal Kingdom,4,2019-07-02,1.120,0.31,tt5574490,6,4.0,6.0,tt10061642
Animal Kingdom,4,2019-07-09,1.148,0.32,tt5574490,7,4.0,7.0,tt10061656
Animal Kingdom,4,2019-07-16,1.286,0.31,tt5574490,8,4.0,8.0,tt10061664
Animal Kingdom,4,2019-07-23,1.134,0.27,tt5574490,9,4.0,9.0,tt10111020
Animal Kingdom,4,2019-07-30,1.125,0.32,tt5574490,10,4.0,10.0,tt10242924
Animal Kingdom,4,2019-08-06,1.195,0.33,tt5574490,11,4.0,11.0,tt10728712
Animal Kingdom,4,2019-08-13,1.420,0.40,tt5574490,12,4.0,12.0,tt10544282
Animal Kingdom,4,2019-08-20,1.388,0.41,tt5574490,13,4.0,13.0,tt10740318
Flight of the Conchords,1,2007-06-17,1.200,0.7,tt0863046,1,1.0,1.0,tt1006987
Flight of the Conchords,1,2007-06-24,0.973,0.5,tt0863046,2,1.0,2.0,tt1034827
Flight of the Conchords,1,2007-07-01,0.841,0.4,tt0863046,3,1.0,3.0,tt0982049
Flight of the Conchords,1,2007-07-08,0.817,0.5,tt0863046,4,1.0,4.0,tt1004298
Flight of the Conchords,1,2007-07-15,1.031,0.6,tt0863046,5,1.0,5.0,tt1047196
Flight of the Conchords,1,2007-07-22,0.728,0.4,tt0863046,6,1.0,6.0,tt1047195
Flight of the Conchords,1,2007-07-29,1.050,0.6,tt0863046,7,1.0,7.0,tt1031780
Flight of the Conchords,1,2007-08-05,0.883,0.5,tt0863046,8,1.0,8.0,tt1011396
Flight of the Conchords,1,2007-08-12,1.146,0.7,tt0863046,9,1.0,9.0,tt1036019
Flight of the Conchords,1,2007-08-19,1.047,0.7,tt0863046,10,1.0,10.0,tt1033815
Flight of the Conchords,1,2007-08-26,1.048,0.6,tt0863046,11,1.0,11.0,tt1095775
Flight of the Conchords,1,,0.950,0.5,tt0863046,12,1.0,12.0,tt1078392
Flight of the Conchords,2,2009-01-18,0.561,0.3,tt0863046,1,2.0,1.0,tt1292590
Flight of the Conchords,2,2009-01-25,0.501,0.3,tt0863046,2,2.0,2.0,tt1313334
Flight of the Conchords,2,2009-02-01,0.451,0.2,tt0863046,3,2.0,3.0,tt1313335
Flight of the Conchords,2,2009-02-08,0.660,0.3,tt0863046,4,2.0,4.0,tt1313336
Flight of the Conchords,2,2009-02-15,0.826,0.5,tt0863046,5,2.0,5.0,tt1313337
Flight of the Conchords,2,2009-02-22,0.469,0.3,tt0863046,6,2.0,6.0,tt1355997
Flight of the Conchords,2,2009-03-01,0.719,0.4,tt0863046,7,2.0,7.0,tt1355998
Flight of the Conchords,2,2009-03-08,0.658,0.4,tt0863046,8,2.0,8.0,tt1357680
Flight of the Conchords,2,2009-03-15,0.800,0.4,tt0863046,9,2.0,9.0,tt1357681
Flight of the Conchords,2,2009-03-22,0.678,0.4,tt0863046,10,2.0,10.0,tt1357679
Recovery Road,1,2016-01-25,0.458,0.16,tt4144890,1,1.0,1.0,tt4549396
Recovery Road,1,2016-02-01,0.411,0.18,tt4144890,2,1.0,2.0,tt4765694
Recovery Road,1,2016-02-08,0.446,0.18,tt4144890,3,1.0,3.0,tt4718620
Recovery Road,1,2016-02-15,0.488,0.17,tt4144890,4,1.0,4.0,tt4733666
Recovery Road,1,2016-02-22,0.464,0.18,tt4144890,5,1.0,5.0,tt4746068
Recovery Road,1,2016-02-29,0.449,0.17,tt4144890,6,1.0,6.0,tt4777616
Recovery Road,1,2016-03-07,0.484,0.21,tt4144890,7,1.0,7.0,tt4936260
Recovery Road,1,2016-03-14,0.441,0.18,tt4144890,8,1.0,8.0,tt5151536
Recovery Road,1,2016-03-21,0.491,0.20,tt4144890,9,1.0,9.0,tt4916612
Recovery Road,1,2016-03-28,0.462,0.20,tt4144890,10,1.0,10.0,tt4916616
Trust Me,1,2009-01-26,3.400,1.0,tt6708260,1,1.0,1.0,tt6831704
Trust Me,1,2009-02-02,1.911,0.6,tt6708260,2,1.0,2.0,tt6831708
Trust Me,1,2009-02-09,1.914,0.6,tt6708260,3,1.0,3.0,tt6831710
Trust Me,1,2009-02-16,1.815,0.6,tt6708260,4,1.0,4.0,tt6831712
Trust Me,1,2009-02-23,1.646,0.5,tt6708260,5,,,
Trust Me,1,2009-03-03,1.053,0.5,tt6708260,6,,,
Trust Me,1,2009-03-10,0.876,0.3,tt6708260,7,,,
Trust Me,1,2009-03-17,0.541,0.2,tt6708260,8,,,
Trust Me,1,2009-03-17,0.577,0.2,tt6708260,9,,,
Trust Me,1,2009-03-31,0.353,0.1,tt6708260,10,,,
Trust Me,1,2009-03-31,0.396,0.2,tt6708260,11,,,
Trust Me,1,2009-04-07,0.434,0.2,tt6708260,12,,,
Trust Me,1,2009-04-07,0.426,0.2,tt6708260,13,,,
Perception,1,2012-07-09,5.601,0.9,tt1714204,1,1.0,1.0,tt1923717
Perception,1,2012-07-16,5.331,1.0,tt1714204,2,1.0,2.0,tt2027957
Perception,1,2012-07-23,4.540,0.8,tt1714204,3,1.0,3.0,tt2031972
Perception,1,2012-07-30,3.733,0.7,tt1714204,4,1.0,4.0,tt2052997
Perception,1,2012-08-06,4.097,0.7,tt1714204,5,1.0,5.0,tt2052999
Perception,1,2012-08-20,3.902,0.7,tt1714204,6,1.0,6.0,tt2027958
Perception,1,2012-08-27,3.975,0.7,tt1714204,7,1.0,7.0,tt2052998
Perception,1,,4.212,0.8,tt1714204,8,1.0,8.0,tt2077488
Perception,1,,3.540,0.8,tt1714204,9,1.0,9.0,tt2077490
Perception,1,,3.485,0.6,tt1714204,10,1.0,10.0,tt2077489
Perception,2,2013-06-25,4.007,0.8,tt1714204,1,2.0,1.0,tt2844522
Perception,2,2013-07-02,3.510,0.7,tt1714204,2,2.0,2.0,tt2844528
Perception,2,2013-07-09,4.020,0.7,tt1714204,3,2.0,3.0,tt2901630
Perception,2,2013-07-16,3.225,0.7,tt1714204,4,2.0,4.0,tt2878742
Perception,2,2013-07-23,3.482,0.8,tt1714204,5,2.0,5.0,tt2900778
Perception,2,2013-07-30,3.399,0.7,tt1714204,6,2.0,6.0,tt2956120
Perception,2,2013-08-06,3.057,0.6,tt1714204,7,2.0,7.0,tt2898824
Perception,2,2013-08-13,3.253,0.7,tt1714204,8,2.0,8.0,tt2906896
Perception,2,2013-08-20,3.442,0.7,tt1714204,9,2.0,9.0,tt2877472
Perception,2,2013-08-27,3.618,0.7,tt1714204,10,2.0,10.0,tt2965706
Perception,2,2014-02-25,2.021,0.48,tt1714204,11,2.0,11.0,tt2934898
Perception,2,2014-03-04,1.712,0.38,tt1714204,12,2.0,12.0,tt3577168
Perception,2,2014-03-11,2.361,0.53,tt1714204,13,2.0,13.0,tt3021464
Perception,2,2014-03-18,1.760,0.42,tt1714204,14,2.0,14.0,tt2990328
Perception,3,2014-06-17,3.074,0.68,tt1714204,1,3.0,1.0,tt3122632
Perception,3,2014-06-24,2.554,0.56,tt1714204,2,3.0,2.0,tt3515906
Perception,3,2014-07-01,3.193,0.65,tt1714204,3,3.0,3.0,tt3646374
Perception,3,2014-07-08,2.576,0.60,tt1714204,4,3.0,4.0,tt3742726
Perception,3,2014-07-15,2.582,0.53,tt1714204,5,3.0,5.0,tt3742728
Perception,3,2014-07-22,2.853,0.5,tt1714204,6,3.0,6.0,tt3598110
Perception,3,2014-07-29,2.794,0.53,tt1714204,7,3.0,7.0,tt3637974
Perception,3,2014-08-05,2.751,0.52,tt1714204,8,3.0,8.0,tt3612054
Perception,3,2014-08-12,2.866,0.60,tt1714204,9,3.0,9.0,tt3657470
Perception,3,2014-08-19,2.573,0.46,tt1714204,10,3.0,10.0,tt3765302
Perception,3,2015-02-17,1.614,0.32,tt1714204,11,3.0,11.0,tt3856892
Perception,3,2015-02-24,1.307,0.31,tt1714204,12,3.0,12.0,tt4468140
Perception,3,2015-03-03,1.740,0.31,tt1714204,13,3.0,13.0,tt3907524
Perception,3,2015-03-10,1.681,0.32,tt1714204,14,3.0,14.0,tt4015560
Perception,3,2015-03-17,1.783,0.31,tt1714204,15,3.0,15.0,tt4468152
Quarry,1,,0.182,0.06,tt2980696,1,1.0,1.0,tt4455668
Quarry,1,,0.173,0.06,tt2980696,2,1.0,2.0,tt4634852
Quarry,1,,0.204,0.06,tt2980696,3,1.0,3.0,tt4634850
Quarry,1,,0.184,0.05,tt2980696,4,1.0,4.0,tt4643066
Quarry,1,2016-10-07,0.157,0.05,tt2980696,5,1.0,5.0,tt4634906
Quarry,1,2016-10-14,0.165,0.05,tt2980696,6,1.0,6.0,tt4653156
Quarry,1,2016-10-21,0.198,0.05,tt2980696,7,1.0,7.0,tt4653170
Quarry,1,2016-10-28,0.178,0.05,tt2980696,8,1.0,8.0,tt4653168
Anger Management,1,2012-06-28,5.472,2.1,tt1986770,1,1.0,1.0,tt2243745
Anger Management,1,2012-06-28,5.741,2.3,tt1986770,2,1.0,2.0,tt2336573
Anger Management,1,2012-07-05,3.370,1.3,tt1986770,3,1.0,3.0,tt2396835
Anger Management,1,2012-07-12,2.421,1.0,tt1986770,4,1.0,4.0,tt2396839
Anger Management,1,2012-07-19,2.647,1.1,tt1986770,5,1.0,5.0,tt2396831
Anger Management,1,2012-07-26,2.407,1.0,tt1986770,6,1.0,6.0,tt2385333
Anger Management,1,2012-08-02,1.578,0.7,tt1986770,7,1.0,7.0,tt2260558
Anger Management,1,2012-08-09,2.100,0.9,tt1986770,8,1.0,8.0,tt2372611
Anger Management,1,2012-08-16,2.052,0.9,tt1986770,9,1.0,9.0,tt2303914
Anger Management,1,2012-08-23,1.976,0.8,tt1986770,10,1.0,10.0,tt2315088
Anger Management,2,2013-01-17,1.818,0.7,tt1986770,1,2.0,1.0,tt2498302
Anger Management,2,2013-01-17,1.661,0.8,tt1986770,2,2.0,2.0,tt2439926
Anger Management,2,2013-01-24,1.343,0.6,tt1986770,3,2.0,3.0,tt2609886
Anger Management,2,2013-01-31,1.404,0.6,tt1986770,4,2.0,4.0,tt2573086
Anger Management,2,2013-02-07,0.986,0.5,tt1986770,5,2.0,5.0,tt2633656
Anger Management,2,2013-02-14,0.934,0.4,tt1986770,6,2.0,6.0,tt2646632
Anger Management,2,2013-02-21,1.042,0.5,tt1986770,7,2.0,7.0,tt2664170
Anger Management,2,2013-02-28,1.200,0.6,tt1986770,8,2.0,8.0,tt2729158
Anger Management,2,2013-03-07,1.268,0.6,tt1986770,9,2.0,9.0,tt2729164
Anger Management,2,2013-03-14,0.845,0.4,tt1986770,10,2.0,10.0,tt2676856
Anger Management,2,2013-04-04,1.024,0.4,tt1986770,11,2.0,11.0,tt2706058
Anger Management,2,2013-04-11,1.250,0.6,tt1986770,12,2.0,12.0,tt2797710
Anger Management,2,2013-04-18,1.297,0.5,tt1986770,13,2.0,13.0,tt2824064
Anger Management,2,2013-04-18,1.136,0.5,tt1986770,14,2.0,14.0,tt2829444
Anger Management,2,2013-04-25,0.676,0.3,tt1986770,15,2.0,15.0,tt2829446
Anger Management,2,,0.946,0.4,tt1986770,16,2.0,16.0,tt2577398
Anger Management,2,,1.132,0.5,tt1986770,17,2.0,17.0,tt2842678
Anger Management,2,,0.638,0.3,tt1986770,18,2.0,18.0,tt2824062
Anger Management,2,,0.777,0.3,tt1986770,19,2.0,19.0,tt2878116
Anger Management,2,,1.018,0.5,tt1986770,20,2.0,20.0,tt2882412
Anger Management,2,2013-06-06,1.108,0.5,tt1986770,21,2.0,21.0,tt2919042
Anger Management,2,2013-06-13,0.776,0.3,tt1986770,22,2.0,22.0,tt2705646
Anger Management,2,2013-06-20,0.920,0.4,tt1986770,23,2.0,23.0,tt2947666
Anger Management,2,2013-06-27,1.243,0.4,tt1986770,24,2.0,24.0,tt2936162
Anger Management,2,2013-06-27,1.209,0.4,tt1986770,25,2.0,25.0,tt2936164
Anger Management,2,2013-07-11,1.068,0.4,tt1986770,26,2.0,26.0,tt2984168
Anger Management,2,2013-07-11,1.085,0.4,tt1986770,27,2.0,27.0,tt3013320
Anger Management,2,2013-07-18,0.886,0.5,tt1986770,28,2.0,28.0,tt3013324
Anger Management,2,2013-07-25,0.844,0.4,tt1986770,29,2.0,29.0,tt3013326
Anger Management,2,2013-08-01,0.984,0.4,tt1986770,30,2.0,30.0,tt3021732
Anger Management,2,2013-08-08,0.847,0.4,tt1986770,31,2.0,31.0,tt3041068
Anger Management,2,2013-08-15,1.096,0.5,tt1986770,32,2.0,32.0,tt3058902
Anger Management,2,,0.806,0.3,tt1986770,33,2.0,33.0,tt3141386
Anger Management,2,,0.877,0.4,tt1986770,34,2.0,34.0,tt3156386
Anger Management,2,,0.844,0.3,tt1986770,35,2.0,35.0,tt3164052
Anger Management,2,,0.532,0.2,tt1986770,36,2.0,36.0,tt3187160
Anger Management,2,2013-10-03,0.662,0.3,tt1986770,37,2.0,37.0,tt3197870
Anger Management,2,2013-10-10,0.680,0.2,tt1986770,38,2.0,38.0,tt3219676
Anger Management,2,2013-10-24,0.623,0.25,tt1986770,39,2.0,39.0,tt3219680
Anger Management,2,2013-10-31,0.691,0.31,tt1986770,40,2.0,40.0,tt3221540
Anger Management,2,2013-11-07,0.747,0.36,tt1986770,41,2.0,41.0,tt3323734
Anger Management,2,2013-11-14,0.821,0.31,tt1986770,42,2.0,42.0,tt3339204
Anger Management,2,2013-11-21,0.684,0.29,tt1986770,43,2.0,43.0,tt3351284
Anger Management,2,2013-12-05,0.655,0.27,tt1986770,44,2.0,44.0,tt3354384
Anger Management,2,2013-12-12,0.911,0.44,tt1986770,45,2.0,45.0,tt3403978
Anger Management,2,2013-12-19,0.945,0.41,tt1986770,46,2.0,46.0,tt3406456
Anger Management,2,2014-01-23,0.737,0.29,tt1986770,47,2.0,47.0,tt3406458
Anger Management,2,2014-01-30,0.758,0.31,tt1986770,48,2.0,48.0,tt3508008
Anger Management,2,2014-02-06,0.733,0.34,tt1986770,49,2.0,49.0,tt3490866
Anger Management,2,2014-02-27,0.720,0.28,tt1986770,50,2.0,50.0,tt3552198
Anger Management,2,2014-03-06,1.046,0.40,tt1986770,51,,,
Anger Management,2,2014-03-13,0.743,0.30,tt1986770,52,,,
Anger Management,2,2014-03-20,0.880,0.44,tt1986770,53,,,
Anger Management,2,2014-03-27,0.678,0.28,tt1986770,54,,,
Anger Management,2,2014-04-03,0.656,0.28,tt1986770,55,,,
Anger Management,2,2014-04-10,0.702,0.31,tt1986770,56,,,
Anger Management,2,2014-04-17,0.755,0.33,tt1986770,57,,,
Anger Management,2,2014-04-24,0.587,0.2,tt1986770,58,,,
Anger Management,2,,0.565,0.23,tt1986770,59,,,
Anger Management,2,,0.653,0.25,tt1986770,60,,,
Anger Management,2,,0.721,0.29,tt1986770,61,,,
Anger Management,2,,0.501,0.24,tt1986770,62,,,
Anger Management,2,2014-08-04,0.719,0.24,tt1986770,63,,,
Anger Management,2,2014-08-04,0.597,0.19,tt1986770,64,,,
Anger Management,2,2014-08-11,0.563,0.2,tt1986770,65,,,
Anger Management,2,2014-08-11,0.601,0.26,tt1986770,66,,,
Anger Management,2,2014-08-18,0.665,0.2,tt1986770,67,,,
Anger Management,2,2014-08-18,0.537,0.15,tt1986770,68,,,
Anger Management,2,2014-08-25,0.533,0.19,tt1986770,69,,,
Anger Management,2,2014-08-25,0.446,0.18,tt1986770,70,,,
Anger Management,2,,0.624,0.20,tt1986770,71,,,
Anger Management,2,,0.503,0.16,tt1986770,72,,,
Anger Management,2,,0.494,0.23,tt1986770,73,,,
Anger Management,2,,0.436,0.19,tt1986770,74,,,
Anger Management,2,2014-11-03,0.546,0.27,tt1986770,75,,,
Anger Management,2,2014-11-03,0.490,0.28,tt1986770,76,,,
Anger Management,2,2014-11-10,0.507,0.21,tt1986770,77,,,
Anger Management,2,2014-11-10,0.439,0.19,tt1986770,78,,,
Anger Management,2,2014-11-17,0.730,0.35,tt1986770,79,,,
Anger Management,2,2014-11-17,0.674,0.29,tt1986770,80,,,
Anger Management,2,2014-11-24,0.663,0.31,tt1986770,81,,,
Anger Management,2,2014-11-24,0.591,0.28,tt1986770,82,,,
Anger Management,2,2014-12-01,0.532,0.22,tt1986770,83,,,
Anger Management,2,2014-12-01,0.419,0.17,tt1986770,84,,,
Anger Management,2,2014-12-08,0.601,0.27,tt1986770,85,,,
Anger Management,2,2014-12-08,0.567,0.26,tt1986770,86,,,
Anger Management,2,2014-12-15,0.572,0.27,tt1986770,87,,,
Anger Management,2,2014-12-15,0.463,0.22,tt1986770,88,,,
Anger Management,2,2014-12-22,0.798,0.28,tt1986770,89,,,
Anger Management,2,2014-12-22,0.721,0.26,tt1986770,90,,,
Teen Wolf,1,2011-06-05,2.167,0.9,tt1567432,1,1.0,1.0,tt1850843
Teen Wolf,1,2011-06-06,1.472,0.5,tt1567432,2,1.0,2.0,tt1850221
Teen Wolf,1,2011-06-13,1.819,0.7,tt1567432,3,1.0,3.0,tt1850222
Teen Wolf,1,2011-06-20,1.801,0.7,tt1567432,4,1.0,4.0,tt1850223
Teen Wolf,1,2011-06-27,1.674,0.7,tt1567432,5,1.0,5.0,tt1850224
Teen Wolf,1,2011-07-04,1.208,0.5,tt1567432,6,1.0,6.0,tt1850225
Teen Wolf,1,2011-07-11,1.655,0.6,tt1567432,7,1.0,7.0,tt1850226
Teen Wolf,1,2011-07-18,1.762,0.7,tt1567432,8,1.0,8.0,tt1850227
Teen Wolf,1,2011-07-25,1.934,0.8,tt1567432,9,1.0,9.0,tt1850228
Teen Wolf,1,2011-08-01,1.494,0.5,tt1567432,10,1.0,10.0,tt1850218
Teen Wolf,1,2011-08-08,1.740,0.7,tt1567432,11,1.0,11.0,tt1850219
Teen Wolf,1,2011-08-15,2.081,0.8,tt1567432,12,1.0,12.0,tt1850220
Teen Wolf,2,2012-06-03,2.109,0.8,tt1567432,1,2.0,1.0,tt2047466
Teen Wolf,2,2012-06-04,1.746,0.6,tt1567432,2,2.0,2.0,tt2082967
Teen Wolf,2,2012-06-11,1.761,0.7,tt1567432,3,2.0,3.0,tt2082968
Teen Wolf,2,2012-06-18,1.693,0.7,tt1567432,4,2.0,4.0,tt2082969
Teen Wolf,2,2012-06-25,1.652,0.7,tt1567432,5,2.0,5.0,tt2225533
Teen Wolf,2,2012-07-02,1.647,0.6,tt1567432,6,2.0,6.0,tt2287123
Teen Wolf,2,2012-07-09,1.719,0.7,tt1567432,7,2.0,7.0,tt2337419
Teen Wolf,2,2012-07-16,1.327,0.5,tt1567432,8,2.0,8.0,tt2337421
Teen Wolf,2,2012-07-23,1.647,0.6,tt1567432,9,2.0,9.0,tt2337423
Teen Wolf,2,2012-07-30,1.602,0.7,tt1567432,10,2.0,10.0,tt2337413
Teen Wolf,2,2012-08-06,1.723,0.7,tt1567432,11,2.0,11.0,tt2337415
Teen Wolf,2,2012-08-13,1.709,0.8,tt1567432,12,2.0,12.0,tt2337417
Teen Wolf,3,2013-06-03,2.355,1.0,tt1567432,1,3.0,1.0,tt2267214
Teen Wolf,3,2013-06-10,2.108,1.0,tt1567432,2,3.0,2.0,tt2956322
Teen Wolf,3,2013-06-17,1.672,0.7,tt1567432,3,3.0,3.0,tt2787182
Teen Wolf,3,2013-06-24,1.914,0.9,tt1567432,4,3.0,4.0,tt2787190
Teen Wolf,3,2013-07-01,1.631,0.7,tt1567432,5,3.0,5.0,tt2900378
Teen Wolf,3,2013-07-08,1.855,0.8,tt1567432,6,3.0,6.0,tt2939832
Teen Wolf,3,2013-07-15,1.815,0.8,tt1567432,7,3.0,7.0,tt2787186
Teen Wolf,3,2013-07-22,1.783,0.8,tt1567432,8,3.0,8.0,tt2965966
Teen Wolf,3,2013-07-29,1.774,0.8,tt1567432,9,3.0,9.0,tt3086894
Teen Wolf,3,2013-08-05,1.971,0.8,tt1567432,10,3.0,10.0,tt3086898
Teen Wolf,3,2013-08-12,1.910,0.8,tt1567432,11,3.0,11.0,tt3086904
Teen Wolf,3,2013-08-19,2.081,0.8,tt1567432,12,3.0,12.0,tt3089166
Teen Wolf,3,2014-01-06,2.429,0.93,tt1567432,13,3.0,13.0,tt3105298
Teen Wolf,3,2014-01-13,1.911,0.81,tt1567432,14,3.0,14.0,tt3460974
Teen Wolf,3,2014-01-20,2.007,0.85,tt1567432,15,3.0,15.0,tt3208502
Teen Wolf,3,2014-01-27,1.877,0.77,tt1567432,16,3.0,16.0,tt3460978
Teen Wolf,3,2014-02-03,2.262,0.96,tt1567432,17,3.0,17.0,tt3460982
Teen Wolf,3,2014-02-10,2.097,0.94,tt1567432,18,3.0,18.0,tt3460980
Teen Wolf,3,2014-02-17,2.122,0.91,tt1567432,19,3.0,19.0,tt3460988
Teen Wolf,3,2014-02-24,1.935,0.87,tt1567432,20,3.0,20.0,tt3460990
Teen Wolf,3,2014-03-03,2.067,0.86,tt1567432,21,3.0,21.0,tt3460998
Teen Wolf,3,2014-03-10,1.796,0.79,tt1567432,22,3.0,22.0,tt3460996
Teen Wolf,3,2014-03-17,2.009,0.81,tt1567432,23,3.0,23.0,tt3461006
Teen Wolf,3,2014-03-24,2.255,0.91,tt1567432,24,3.0,24.0,tt3461002
Teen Wolf,4,2014-06-23,2.184,0.90,tt1567432,1,4.0,1.0,tt3256392
Teen Wolf,4,2014-06-30,1.558,0.66,tt1567432,2,4.0,2.0,tt3821872
Teen Wolf,4,2014-07-07,1.554,0.69,tt1567432,3,4.0,3.0,tt3841380
Teen Wolf,4,2014-07-14,1.719,0.79,tt1567432,4,4.0,4.0,tt3841382
Teen Wolf,4,2014-07-21,1.610,0.7,tt1567432,5,4.0,5.0,tt3841386
Teen Wolf,4,2014-07-28,1.565,0.7,tt1567432,6,4.0,6.0,tt3842518
Teen Wolf,4,2014-08-04,1.747,0.65,tt1567432,7,4.0,7.0,tt3843946
Teen Wolf,4,2014-08-11,1.681,0.74,tt1567432,8,4.0,8.0,tt3842522
Teen Wolf,4,2014-08-18,1.484,0.65,tt1567432,9,4.0,9.0,tt3842524
Teen Wolf,4,2014-08-24,1.438,0.68,tt1567432,10,4.0,10.0,tt3842530
Teen Wolf,4,,1.293,0.56,tt1567432,11,4.0,11.0,tt3807714
Teen Wolf,4,,1.543,0.77,tt1567432,12,4.0,12.0,tt3842536
Teen Wolf,5,2015-06-29,1.527,0.61,tt1567432,1,5.0,1.0,tt3894090
Teen Wolf,5,2015-06-30,1.176,0.50,tt1567432,2,5.0,2.0,tt4481426
Teen Wolf,5,2015-07-06,1.380,0.58,tt1567432,3,5.0,3.0,tt4481430
Teen Wolf,5,2015-07-13,1.012,0.45,tt1567432,4,5.0,4.0,tt4481428
Teen Wolf,5,2015-07-20,1.263,0.59,tt1567432,5,5.0,5.0,tt3967000
Teen Wolf,5,2015-07-27,1.137,0.43,tt1567432,6,5.0,6.0,tt4489498
Teen Wolf,5,2015-08-03,1.092,0.50,tt1567432,7,5.0,7.0,tt4489502
Teen Wolf,5,2015-08-10,1.104,0.43,tt1567432,8,5.0,8.0,tt4489504
Teen Wolf,5,2015-08-17,1.100,0.45,tt1567432,9,5.0,9.0,tt4489506
Teen Wolf,5,2015-08-24,0.958,0.44,tt1567432,10,5.0,10.0,tt4489510
Teen Wolf,5,2016-01-05,1.112,0.46,tt1567432,11,5.0,11.0,tt4857452
Teen Wolf,5,2016-01-12,0.930,0.39,tt1567432,12,5.0,12.0,tt4857456
Teen Wolf,5,2016-01-19,0.906,0.39,tt1567432,13,5.0,13.0,tt4857460
Teen Wolf,5,2016-01-26,0.916,0.44,tt1567432,14,5.0,14.0,tt4857462
Teen Wolf,5,2016-02-02,0.971,0.45,tt1567432,15,5.0,15.0,tt4857464
Teen Wolf,5,2016-02-09,0.883,0.38,tt1567432,16,5.0,16.0,tt4857470
Teen Wolf,5,2016-02-16,0.974,0.42,tt1567432,17,5.0,17.0,tt4857476
Teen Wolf,5,2016-02-23,0.760,0.36,tt1567432,18,5.0,18.0,tt4857478
Teen Wolf,5,2016-03-01,0.905,0.42,tt1567432,19,5.0,19.0,tt4857480
Teen Wolf,5,2016-03-08,0.800,0.37,tt1567432,20,5.0,20.0,tt4857484
Teen Wolf,6,2016-11-15,0.567,0.25,tt1567432,1,6.0,1.0,tt4853894
Teen Wolf,6,2016-11-22,0.414,0.19,tt1567432,2,6.0,2.0,tt4859582
Teen Wolf,6,2016-11-29,0.428,0.20,tt1567432,3,6.0,3.0,tt4859584
Teen Wolf,6,2016-12-06,0.508,0.24,tt1567432,4,6.0,4.0,tt4859588
Teen Wolf,6,2016-12-13,0.549,0.28,tt1567432,5,6.0,5.0,tt4859586
Teen Wolf,6,2017-01-03,0.453,0.21,tt1567432,6,6.0,6.0,tt4859590
Teen Wolf,6,2017-01-10,0.425,0.19,tt1567432,7,6.0,7.0,tt4859594
Teen Wolf,6,2017-01-17,0.441,0.22,tt1567432,8,6.0,8.0,tt4859592
Teen Wolf,6,2017-01-24,0.494,0.24,tt1567432,9,6.0,9.0,tt4859596
Teen Wolf,6,2017-01-31,0.445,0.21,tt1567432,10,6.0,10.0,tt4859598
Teen Wolf,6,2017-07-30,0.518,0.26,tt1567432,11,6.0,11.0,tt5450560
Teen Wolf,6,2017-08-06,0.470,0.23,tt1567432,12,6.0,12.0,tt5535198
Teen Wolf,6,2017-08-13,0.435,0.21,tt1567432,13,6.0,13.0,tt5535206
Teen Wolf,6,2017-08-20,0.448,0.22,tt1567432,14,6.0,14.0,tt5535212
Teen Wolf,6,2017-08-20,0.379,0.17,tt1567432,15,6.0,15.0,tt5535222
Teen Wolf,6,,0.439,0.22,tt1567432,16,6.0,16.0,tt5535226
Teen Wolf,6,,0.423,0.21,tt1567432,17,6.0,17.0,tt5535232
Teen Wolf,6,,0.428,0.23,tt1567432,18,6.0,18.0,tt5535238
Teen Wolf,6,,0.389,0.21,tt1567432,19,6.0,19.0,tt5535250
Teen Wolf,6,,0.676,0.37,tt1567432,20,6.0,20.0,tt5535266
Defiance,1,2013-04-15,2.727,1.0,tt2189221,1,1.0,1.0,tt2297333
Defiance,1,2013-04-22,2.402,0.8,tt2189221,2,1.0,2.0,tt2846856
Defiance,1,2013-04-29,2.289,0.8,tt2189221,3,1.0,3.0,tt2361364
Defiance,1,,2.152,0.8,tt2189221,4,1.0,4.0,tt2444182
Defiance,1,,1.980,0.6,tt2189221,5,1.0,5.0,tt2258126
Defiance,1,,1.947,0.8,tt2189221,6,1.0,6.0,tt2445688
Defiance,1,2013-06-03,1.690,0.6,tt2189221,7,1.0,7.0,tt2429000
Defiance,1,2013-06-10,1.908,0.6,tt2189221,8,1.0,8.0,tt2429004
Defiance,1,2013-06-17,1.601,0.5,tt2189221,9,1.0,9.0,tt2401299
Defiance,1,2013-06-24,1.665,0.5,tt2189221,10,1.0,10.0,tt2552422
Defiance,1,2013-07-01,1.936,0.6,tt2189221,11,1.0,11.0,tt2486182
Defiance,1,2013-07-08,2.168,0.7,tt2189221,12,1.0,12.0,tt2501006
Defiance,2,2014-06-19,2.010,0.61,tt2189221,1,2.0,1.0,tt2917404
Defiance,2,2014-06-26,1.427,0.41,tt2189221,2,2.0,2.0,tt3574726
Defiance,2,2014-07-03,1.492,0.39,tt2189221,3,2.0,3.0,tt3522400
Defiance,2,2014-07-10,1.646,0.50,tt2189221,4,2.0,4.0,tt3574720
Defiance,2,2014-07-17,1.639,0.50,tt2189221,5,2.0,5.0,tt3522404
Defiance,2,2014-07-24,1.610,0.50,tt2189221,6,2.0,6.0,tt3574714
Defiance,2,2014-07-31,1.477,0.45,tt2189221,7,2.0,7.0,tt3574710
Defiance,2,2014-08-07,1.615,0.48,tt2189221,8,2.0,8.0,tt3522406
Defiance,2,2014-08-14,1.577,0.46,tt2189221,9,2.0,9.0,tt3574704
Defiance,2,2014-08-21,1.421,0.41,tt2189221,10,2.0,10.0,tt3574688
Defiance,2,2014-08-21,1.500,0.43,tt2189221,11,2.0,11.0,tt3522410
Defiance,2,2014-08-28,1.355,0.40,tt2189221,12,2.0,12.0,tt3574728
Defiance,2,2014-08-28,1.482,0.44,tt2189221,13,2.0,13.0,tt3574732
Defiance,3,2015-06-12,1.111,0.23,tt2189221,1,3.0,1.0,tt4378634
Defiance,3,2015-06-12,1.111,0.23,tt2189221,2,3.0,2.0,tt4708590
Defiance,3,2015-06-19,0.880,0.16,tt2189221,3,3.0,3.0,tt4488892
Defiance,3,2015-06-26,1.157,0.24,tt2189221,4,3.0,4.0,tt4714790
Defiance,3,2015-07-03,1.277,0.36,tt2189221,5,3.0,5.0,tt4511918
Defiance,3,2015-07-10,1.066,0.26,tt2189221,6,3.0,6.0,tt4546818
Defiance,3,2015-07-17,1.114,0.23,tt2189221,7,3.0,7.0,tt4615446
Defiance,3,2015-07-24,1.238,0.29,tt2189221,8,3.0,8.0,tt4615452
Defiance,3,2015-07-31,1.004,0.24,tt2189221,9,3.0,9.0,tt4869050
Defiance,3,2015-08-07,1.260,0.30,tt2189221,10,3.0,10.0,tt4912576
Defiance,3,2015-08-14,1.114,0.21,tt2189221,11,3.0,11.0,tt4932812
Defiance,3,2015-08-21,1.131,0.24,tt2189221,12,3.0,12.0,tt4889058
Defiance,3,2015-08-28,1.165,0.22,tt2189221,13,3.0,13.0,tt4967064
When Calls the Heart,1,2014-01-11,1.685,0.23,tt2874692,1,1.0,1.0,tt3195094
When Calls the Heart,1,2014-01-18,1.831,0.21,tt2874692,2,1.0,2.0,tt3195102
When Calls the Heart,1,2014-01-25,1.655,0.12,tt2874692,3,1.0,3.0,tt3206884
When Calls the Heart,1,2014-02-01,1.497,0.08,tt2874692,4,1.0,4.0,tt3206888
When Calls the Heart,1,2014-02-08,1.589,0.18,tt2874692,5,1.0,5.0,tt3221456
When Calls the Heart,1,2014-02-15,1.530,0.07,tt2874692,6,1.0,6.0,tt3221462
When Calls the Heart,1,2014-02-22,1.508,0.16,tt2874692,7,1.0,7.0,tt3250578
When Calls the Heart,1,2014-03-01,1.484,0.10,tt2874692,8,1.0,8.0,tt3319208
When Calls the Heart,1,2014-03-08,1.838,0.20,tt2874692,9,1.0,9.0,tt3302394
When Calls the Heart,1,2014-03-15,1.724,0.20,tt2874692,10,1.0,10.0,tt3302402
When Calls the Heart,1,2014-03-22,2.010,-,tt2874692,11,1.0,11.0,tt3500896
When Calls the Heart,1,2014-03-29,2.066,-,tt2874692,12,1.0,12.0,tt3500906
When the Calls the Heart,2,2015-04-25,1.943,0.15,tt2874692,1,2.0,1.0,tt4726138
When the Calls the Heart,2,,1.353,0.14,tt2874692,2,2.0,2.0,tt4221896
When the Calls the Heart,2,,1.618,0.12,tt2874692,3,2.0,3.0,tt4258988
When the Calls the Heart,2,,1.510,0.10,tt2874692,4,2.0,4.0,tt4325330
When the Calls the Heart,2,,1.625,0.11,tt2874692,5,2.0,5.0,tt4325158
When the Calls the Heart,2,2015-06-06,1.522,0.13,tt2874692,6,2.0,6.0,tt4386208
When the Calls the Heart,2,2015-06-13,1.777,0.14,tt2874692,7,2.0,7.0,tt4386186
When Calls the Heart,3,2016-02-21,1.702,0.22,tt2874692,1,3.0,1.0,tt5253306
When Calls the Heart,3,2016-02-28,1.738,0.23,tt2874692,2,3.0,2.0,tt5253310
When Calls the Heart,3,2016-03-06,1.758,0.20,tt2874692,3,3.0,3.0,tt5253312
When Calls the Heart,3,2016-03-13,2.047,0.21,tt2874692,4,3.0,4.0,tt5253314
When Calls the Heart,3,2016-03-20,1.801,0.25,tt2874692,5,3.0,5.0,tt5253316
When Calls the Heart,3,2016-03-27,1.942,0.19,tt2874692,6,3.0,6.0,tt5253318
When Calls the Heart,3,2016-04-03,2.072,0.25,tt2874692,7,3.0,7.0,tt5253320
When Calls the Heart,3,2016-04-10,2.530,0.33,tt2874692,8,3.0,8.0,tt5258674
When Calls the Heart,4,2017-02-19,2.192,0.23,tt2874692,1,4.0,1.0,tt6028688
When Calls the Heart,4,2017-02-26,1.862,0.20,tt2874692,2,4.0,2.0,tt5722702
When Calls the Heart,4,2017-03-05,2.132,0.21,tt2874692,3,4.0,3.0,tt6241660
When Calls the Heart,4,2017-03-12,2.213,0.21,tt2874692,4,4.0,4.0,tt6320866
When Calls the Heart,4,2017-03-19,2.011,0.21,tt2874692,5,4.0,5.0,tt6329122
When Calls the Heart,4,2017-03-26,2.024,0.22,tt2874692,6,4.0,6.0,tt6347904
When Calls the Heart,4,2017-04-02,2.077,0.22,tt2874692,7,4.0,7.0,tt6328842
When Calls the Heart,4,2017-04-09,2.313,0.25,tt2874692,8,4.0,8.0,tt6328854
When Calls the Heart,4,2017-04-16,2.155,0.25,tt2874692,9,4.0,9.0,tt6323098
When Calls the Heart,4,2017-04-23,2.576,0.30,tt2874692,10,4.0,10.0,tt6323116
When Calls the Heart,5,2018-02-18,2.200,0.23,tt2874692,1,5.0,1.0,tt7701520
When Calls the Heart,5,2018-02-25,2.233,0.20,tt2874692,2,5.0,2.0,tt8070248
When Calls the Heart,5,2018-03-04,2.181,0.28,tt2874692,3,5.0,3.0,tt7436144
When Calls the Heart,5,2018-03-11,2.107,0.21,tt2874692,4,5.0,4.0,tt7549658
When Calls the Heart,5,2018-03-18,2.448,0.26,tt2874692,5,5.0,5.0,tt7536280
When Calls the Heart,5,2018-03-25,2.146,0.19,tt2874692,6,5.0,6.0,tt7536290
When Calls the Heart,5,2018-04-01,1.928,0.23,tt2874692,7,5.0,7.0,tt7816582
When Calls the Heart,5,2018-04-08,2.121,0.24,tt2874692,8,5.0,8.0,tt7816584
When Calls the Heart,5,2018-04-15,2.039,0.21,tt2874692,9,5.0,9.0,tt7713710
When Calls the Heart,5,2018-04-22,2.570,0.31,tt2874692,10,5.0,10.0,tt7713714
When Calls the Heart,6,2019-02-24,2.446,0.22,tt2874692,1,6.0,1.0,tt8689160
When Calls the Heart,6,2019-03-03,2.387,0.30,tt2874692,2,6.0,2.0,tt9775540
When Calls the Heart,6,2019-03-10,2.139,0.20,tt2874692,3,6.0,3.0,tt9865208
When Calls the Heart,6,,2.269,0.25,tt2874692,4,6.0,4.0,tt9865220
When Calls the Heart,6,,1.646,0.15,tt2874692,5,6.0,5.0,tt9123988
When Calls the Heart,6,,2.000,0.18,tt2874692,6,6.0,6.0,tt9093102
When Calls the Heart,6,,1.990,0.18,tt2874692,7,6.0,7.0,tt9865298
When Calls the Heart,6,,2.328,0.20,tt2874692,8,6.0,8.0,tt9288038
When Calls the Heart,6,2019-06-02,2.395,0.21,tt2874692,9,6.0,9.0,tt9865404
When Calls the Heart,7,2020-02-23,2.144,0.20,tt2874692,1,7.0,1.0,tt11438466
When Calls the Heart,7,2020-03-01,2.101,0.18,tt2874692,2,7.0,2.0,tt11438580
When Calls the Heart,7,2020-03-08,1.959,0.20,tt2874692,3,7.0,3.0,tt11438628
When Calls the Heart,7,2020-03-15,2.156,0.20,tt2874692,4,7.0,4.0,tt11438648
When Calls the Heart,7,2020-03-22,2.353,0.22,tt2874692,5,7.0,5.0,tt11438666
When Calls the Heart,7,2020-03-29,2.363,0.23,tt2874692,6,7.0,6.0,tt11438686
When Calls the Heart,7,2020-04-05,2.310,0.20,tt2874692,7,7.0,7.0,tt11438700
When Calls the Heart,7,2020-04-12,2.279,0.19,tt2874692,8,7.0,8.0,tt12057222
When Calls the Heart,7,2020-04-19,2.446,0.24,tt2874692,9,7.0,9.0,tt12057256
When Calls the Heart,7,2020-04-26,2.672,0.26,tt2874692,10,7.0,10.0,tt12111246
When Calls the Heart,8,2021-02-21,2.140,0.19,tt2874692,1,8.0,1.0,tt12820746
When Calls the Heart,8,2021-02-28,2.179,0.18,tt2874692,2,8.0,2.0,tt12847942
When Calls the Heart,8,2021-03-07,2.175,0.17,tt2874692,3,8.0,3.0,tt14102668
When Calls the Heart,8,2021-03-14,2.396,0.17,tt2874692,4,8.0,4.0,tt14102672
When Calls the Heart,8,2021-03-21,2.205,0.19,tt2874692,5,8.0,5.0,tt14102676
When Calls the Heart,8,2021-03-28,2.33,0.21,tt2874692,6,8.0,6.0,tt14102682
When Calls the Heart,8,2021-04-04,2.27,0.20,tt2874692,7,8.0,7.0,tt14343406
When Calls the Heart,8,2021-04-11,2.56,0.22,tt2874692,8,8.0,8.0,tt14368822
When Calls the Heart,8,2021-04-18,2.59,0.21,tt2874692,9,8.0,9.0,tt14426180
When Calls the Heart,8,2021-04-25,2.649,0.23,tt2874692,10,8.0,10.0,tt14460002
When Calls the Heart,8,,2.632,0.17,tt2874692,11,8.0,11.0,tt14483360
When Calls the Heart,8,,2.792,0.18,tt2874692,12,8.0,12.0,tt14515544
Band of Brothers,1,,9.90,-,tt0185906,1,1.0,1.0,tt1245384
Band of Brothers,1,,9.90,-,tt0185906,2,1.0,2.0,tt1247465
Band of Brothers,1,,7.271,4.3,tt0185906,3,1.0,3.0,tt1247463
Band of Brothers,1,,6.294,3.8,tt0185906,4,1.0,4.0,tt1247467
Band of Brothers,1,,6.132,3.8,tt0185906,5,1.0,5.0,tt1247464
Band of Brothers,1,2001-10-07,6.415,3.8,tt0185906,6,1.0,6.0,tt1247462
Band of Brothers,1,2001-10-14,6.433,3.9,tt0185906,7,1.0,7.0,tt1247468
Band of Brothers,1,2001-10-21,5.950,3.5,tt0185906,8,1.0,8.0,tt1247469
Band of Brothers,1,2001-10-28,6.080,3.5,tt0185906,9,1.0,9.0,tt1247470
Band of Brothers,1,2001-11-04,5.045,3.2,tt0185906,10,1.0,10.0,tt1247466
Boss,1,2011-10-21,0.659,0.21,tt10691770,1,1.0,1.0,tt13304324
Boss,1,2011-10-28,0.391,-,tt10691770,2,1.0,2.0,tt13380734
Boss,1,2011-11-04,0.268,-,tt10691770,3,1.0,3.0,tt13611330
Boss,1,2011-11-11,0.420,-,tt10691770,4,1.0,4.0,tt13954840
Boss,1,2011-11-18,0.250,0.08,tt10691770,5,1.0,5.0,tt14240610
Boss,1,2011-11-25,0.514,0.17,tt10691770,6,1.0,6.0,tt14294138
Boss,1,2011-12-02,0.352,0.12,tt10691770,7,1.0,7.0,tt14294136
Boss,1,2011-12-09,0.505,0.14,tt10691770,8,1.0,8.0,tt14294134
Boss,2,2012-08-17,0.317,0.13,tt10691770,1,2.0,1.0,tt15234532
Boss,2,2012-08-24,0.229,0.05,tt10691770,2,2.0,2.0,tt21410522
Boss,2,2012-08-31,0.371,0.1,tt10691770,3,2.0,3.0,tt27112219
Boss,2,,0.387,0.1,tt10691770,4,2.0,4.0,tt27786887
Boss,2,,0.382,0.1,tt10691770,5,2.0,5.0,tt27860166
Boss,2,,0.409,0.11,tt10691770,6,2.0,6.0,tt27860177
Boss,2,,0.312,0.07,tt10691770,7,2.0,7.0,tt27860187
Boss,2,2012-10-05,0.436,0.18,tt10691770,8,,,
Boss,2,2012-10-12,0.340,0.10,tt10691770,9,,,
Boss,2,2012-10-19,0.442,0.2,tt10691770,10,,,
The Breaks,1,2017-02-20,1.214,0.62,tt6110624,1,1.0,1.0,tt6128452
The Breaks,1,2017-02-27,1.100,0.56,tt6110624,2,1.0,2.0,tt6128466
The Breaks,1,2017-03-06,1.357,0.71,tt6110624,3,1.0,3.0,tt6128472
The Breaks,1,2017-03-13,1.201,0.61,tt6110624,4,1.0,4.0,tt6128474
The Breaks,1,2017-03-20,1.066,0.53,tt6110624,5,1.0,5.0,tt6126904
The Breaks,1,2017-03-27,1.136,0.54,tt6110624,6,1.0,6.0,tt6128476
The Breaks,1,2017-04-03,1.022,0.50,tt6110624,7,1.0,7.0,tt6128478
The Breaks,1,2017-04-10,0.961,0.47,tt6110624,8,1.0,8.0,tt6128480
Rush,1,2014-07-17,1.704,0.39,tt1258216,1,1.0,1.0,tt1284368
Rush,1,2014-07-24,1.640,0.48,tt1258216,2,1.0,2.0,tt1284369
Rush,1,2014-07-31,1.791,0.41,tt1258216,3,1.0,3.0,tt1284370
Rush,1,2014-08-07,1.827,0.49,tt1258216,4,1.0,4.0,tt1287740
Rush,1,2014-08-14,1.551,0.36,tt1258216,5,1.0,5.0,tt1295661
Rush,1,2014-08-21,1.600,0.36,tt1258216,6,1.0,6.0,tt1295662
Rush,1,2014-08-28,1.492,0.33,tt1258216,7,1.0,7.0,tt1295663
Rush,1,,1.430,0.28,tt1258216,8,1.0,8.0,tt1300024
Rush,1,,1.870,0.57,tt1258216,9,1.0,9.0,tt1304918
Rush,1,,1.625,0.35,tt1258216,10,1.0,10.0,tt1304917
The Lottery,1,2014-07-20,1.078,0.41,tt3314228,1,1.0,1.0,tt3543440
The Lottery,1,2014-07-27,0.721,0.21,tt3314228,2,1.0,2.0,tt3543438
The Lottery,1,2014-08-03,0.823,0.26,tt3314228,3,1.0,3.0,tt3543456
The Lottery,1,2014-08-10,0.576,0.21,tt3314228,4,1.0,4.0,tt3543460
The Lottery,1,2014-08-17,0.626,0.22,tt3314228,5,1.0,5.0,tt3543424
The Lottery,1,2014-08-24,0.620,0.18,tt3314228,6,1.0,6.0,tt3543446
The Lottery,1,,0.654,0.22,tt3314228,7,1.0,7.0,tt3543472
The Lottery,1,,0.549,0.18,tt3314228,8,1.0,8.0,tt3543464
The Lottery,1,,0.634,0.23,tt3314228,9,1.0,9.0,tt3543476
The Lottery,1,,0.425,0.16,tt3314228,10,1.0,10.0,tt3543426
Guerilla,1,2017-04-16,0.182,0.06,tt5650574,1,1.0,1.0,tt5661878
Guerilla,1,2017-04-23,0.131,0.02,tt5650574,2,1.0,2.0,tt5842278
Guerilla,1,2017-04-30,0.109,0.02,tt5650574,3,1.0,3.0,tt5842282
Guerilla,1,,0.085,0.01,tt5650574,4,1.0,4.0,tt5842284
Guerilla,1,,0.061,0.01,tt5650574,5,1.0,5.0,tt5842286
Guerilla,1,,0.043,0.01,tt5650574,6,1.0,6.0,tt5842288
Comedy Bang! Bang!,1,2012-06-08,0.146,0.08,tt2176287,1,1.0,1.0,tt2342579
Comedy Bang! Bang!,1,2012-06-15,0.031,0.02,tt2176287,2,1.0,2.0,tt2173956
Comedy Bang! Bang!,1,2012-06-22,0.044,0.03,tt2176287,3,1.0,3.0,tt2182398
Comedy Bang! Bang!,1,2012-06-29,0.019,0.01,tt2176287,4,1.0,4.0,tt2267153
Comedy Bang! Bang!,1,2012-07-06,0.064,0.04,tt2176287,5,1.0,5.0,tt2226308
Comedy Bang! Bang!,1,2012-07-13,0.053,0.04,tt2176287,6,1.0,6.0,tt2226328
Comedy Bang! Bang!,1,2012-07-20,0.057,0.04,tt2176287,7,1.0,7.0,tt2268304
Comedy Bang! Bang!,1,2012-07-27,0.045,0.02,tt2176287,8,1.0,8.0,tt2268354
Comedy Bang! Bang!,1,2012-08-03,0.008,0.00,tt2176287,9,1.0,9.0,tt2268228
Comedy Bang! Bang!,1,2012-08-10,0.045,0.01,tt2176287,10,1.0,10.0,tt2268230
Comedy Bang! Bang!,2,2013-07-12,0.078,0.02,tt2176287,1,2.0,1.0,tt2992822
Comedy Bang! Bang!,2,2013-07-19,0.137,0.05,tt2176287,2,2.0,2.0,tt2992834
Comedy Bang! Bang!,2,2013-07-26,0.073,0.03,tt2176287,3,2.0,3.0,tt2992836
Comedy Bang! Bang!,2,2013-08-02,0.064,0.02,tt2176287,4,2.0,4.0,tt2992838
Comedy Bang! Bang!,2,2013-08-09,0.048,0.03,tt2176287,5,2.0,5.0,tt2881266
Comedy Bang! Bang!,2,2013-08-16,0.062,0.01,tt2176287,6,2.0,6.0,tt2992850
Comedy Bang! Bang!,2,2013-08-23,0.032,0.02,tt2176287,7,2.0,7.0,tt2992858
Comedy Bang! Bang!,2,2013-08-30,0.060,0.03,tt2176287,8,2.0,8.0,tt2992864
Comedy Bang! Bang!,2,,0.076,0.03,tt2176287,9,2.0,9.0,tt2992874
Comedy Bang! Bang!,2,,0.086,0.04,tt2176287,10,2.0,10.0,tt2992880
Comedy Bang! Bang!,2,2013-10-18,0.046,0.03,tt2176287,11,2.0,11.0,tt3253754
Comedy Bang! Bang!,2,2013-10-25,0.107,0.06,tt2176287,12,2.0,12.0,tt3253756
Comedy Bang! Bang!,2,2013-11-01,0.023,0.01,tt2176287,13,2.0,13.0,tt3253760
Comedy Bang! Bang!,2,2013-11-08,0.054,0.03,tt2176287,14,2.0,14.0,tt3253764
Comedy Bang! Bang!,2,2013-11-15,0.035,0.02,tt2176287,15,2.0,15.0,tt3253770
Comedy Bang! Bang!,2,2013-11-22,0.070,0.04,tt2176287,16,2.0,16.0,tt3253784
Comedy Bang! Bang!,2,2013-11-29,0.064,0.04,tt2176287,17,2.0,17.0,tt3253786
Comedy Bang! Bang!,2,2013-12-06,0.091,0.05,tt2176287,18,2.0,18.0,tt2946856
Comedy Bang! Bang!,2,2013-12-13,0.045,0.02,tt2176287,19,2.0,19.0,tt3253790
Comedy Bang! Bang!,2,2013-12-20,0.088,0.04,tt2176287,20,2.0,20.0,tt3253792
Comedy Bang! Bang!,3,,0.044,0.01,tt2176287,1,3.0,1.0,tt3719504
Comedy Bang! Bang!,3,,0.052,0.03,tt2176287,2,3.0,2.0,tt3719510
Comedy Bang! Bang!,3,,0.050,0.02,tt2176287,3,3.0,3.0,tt3719520
Comedy Bang! Bang!,3,,0.056,0.01,tt2176287,4,3.0,4.0,tt3719526
Comedy Bang! Bang!,3,2014-06-05,0.053,0.02,tt2176287,5,3.0,5.0,tt3719528
Comedy Bang! Bang!,3,2014-06-12,0.042,0.02,tt2176287,6,3.0,6.0,tt3719536
Comedy Bang! Bang!,3,2014-06-19,0.061,0.03,tt2176287,7,3.0,7.0,tt3719542
Comedy Bang! Bang!,3,2014-06-26,0.055,0.03,tt2176287,8,3.0,8.0,tt3719544
Comedy Bang! Bang!,3,2014-07-03,0.039,0.01,tt2176287,9,3.0,9.0,tt3719546
Comedy Bang! Bang!,3,2014-07-10,0.109,0.03,tt2176287,10,3.0,10.0,tt3719552
Comedy Bang! Bang!,3,2014-10-17,0.076,0.04,tt2176287,11,3.0,11.0,tt4141164
Comedy Bang! Bang!,3,2014-10-24,0.059,0.04,tt2176287,12,3.0,12.0,tt4141166
Comedy Bang! Bang!,3,2014-10-31,0.092,0.05,tt2176287,13,3.0,13.0,tt3646318
Comedy Bang! Bang!,3,2014-11-07,0.068,0.03,tt2176287,14,3.0,14.0,tt4141174
Comedy Bang! Bang!,3,2014-11-14,0.040,0.01,tt2176287,15,3.0,15.0,tt4141178
Comedy Bang! Bang!,3,2014-11-21,0.148,0.08,tt2176287,16,3.0,16.0,tt4053960
Comedy Bang! Bang!,3,2014-11-28,0.063,0.03,tt2176287,17,3.0,17.0,tt4141184
Comedy Bang! Bang!,3,2014-12-05,0.082,0.06,tt2176287,18,3.0,18.0,tt4141180
Comedy Bang! Bang!,3,2014-12-12,0.033,0.02,tt2176287,19,3.0,19.0,tt4141194
Comedy Bang! Bang!,3,2014-12-19,0.112,0.05,tt2176287,20,3.0,20.0,tt4141188
Comedy Bang! Bang!,4,2015-01-09,0.075,0.03,tt2176287,1,4.0,1.0,tt4067690
Comedy Bang! Bang!,4,2015-01-16,0.062,0.02,tt2176287,2,4.0,2.0,tt4362480
Comedy Bang! Bang!,4,2015-01-23,0.032,0.02,tt2176287,3,4.0,3.0,tt4382724
Comedy Bang! Bang!,4,2015-01-30,0.079,0.04,tt2176287,4,4.0,4.0,tt4420012
Comedy Bang! Bang!,4,2015-02-06,0.083,0.03,tt2176287,5,4.0,5.0,tt4438738
Comedy Bang! Bang!,4,2015-02-13,0.073,0.03,tt2176287,6,4.0,6.0,tt4432776
Comedy Bang! Bang!,4,2015-02-20,0.026,0.01,tt2176287,7,4.0,7.0,tt4438740
Comedy Bang! Bang!,4,2015-02-27,0.082,0.03,tt2176287,8,4.0,8.0,tt4438744
Comedy Bang! Bang!,4,2015-03-06,0.050,0.02,tt2176287,9,4.0,9.0,tt4511644
Comedy Bang! Bang!,4,2015-03-13,0.044,0.03,tt2176287,10,4.0,10.0,tt4528380
Comedy Bang! Bang!,4,2015-04-03,0.029,0.02,tt2176287,11,4.0,11.0,tt4580802
Comedy Bang! Bang!,4,2015-04-10,0.040,0.02,tt2176287,12,4.0,12.0,tt4601984
Comedy Bang! Bang!,4,2015-04-17,0.049,0.02,tt2176287,13,4.0,13.0,tt4603820
Comedy Bang! Bang!,4,2015-04-24,0.082,0.03,tt2176287,14,4.0,14.0,tt4183494
Comedy Bang! Bang!,4,,0.039,0.02,tt2176287,15,4.0,15.0,tt4651228
Comedy Bang! Bang!,4,,0.014,0.01,tt2176287,16,4.0,16.0,tt4693896
Comedy Bang! Bang!,4,,0.064,0.01,tt2176287,17,4.0,17.0,tt4693898
Comedy Bang! Bang!,4,,0.032,0.02,tt2176287,18,4.0,18.0,tt4701624
Comedy Bang! Bang!,4,,0.057,0.03,tt2176287,19,4.0,19.0,tt4722760
Comedy Bang! Bang!,4,2015-06-04,0.029,0.01,tt2176287,20,4.0,20.0,tt4524078
Comedy Bang! Bang!,4,2015-07-09,0.028,0.01,tt2176287,21,4.0,21.0,tt4837224
Comedy Bang! Bang!,4,2015-07-16,0.052,0.02,tt2176287,22,4.0,22.0,tt4837226
Comedy Bang! Bang!,4,2015-07-23,0.059,0.02,tt2176287,23,4.0,23.0,tt4837228
Comedy Bang! Bang!,4,2015-07-30,0.030,0.02,tt2176287,24,4.0,24.0,tt4837230
Comedy Bang! Bang!,4,2015-08-06,0.037,0.01,tt2176287,25,4.0,25.0,tt4601600
Comedy Bang! Bang!,4,2015-08-13,0.050,0.03,tt2176287,26,4.0,26.0,tt4837238
Comedy Bang! Bang!,4,2015-08-20,0.070,0.03,tt2176287,27,4.0,27.0,tt4818560
Comedy Bang! Bang!,4,2015-08-27,0.070,0.04,tt2176287,28,4.0,28.0,tt4556646
Comedy Bang! Bang!,4,,0.044,0.00,tt2176287,29,4.0,29.0,tt4999818
Comedy Bang! Bang!,4,,0.049,0.01,tt2176287,30,4.0,30.0,tt5013064
Comedy Bang! Bang!,4,2015-10-08,0.018,0.00,tt2176287,31,4.0,31.0,tt5092600
Comedy Bang! Bang!,4,2015-10-15,0.017,0.01,tt2176287,32,4.0,32.0,tt5100234
Comedy Bang! Bang!,4,2015-10-22,0.011,0.00,tt2176287,33,4.0,33.0,tt5100236
Comedy Bang! Bang!,4,2015-10-29,0.025,0.01,tt2176287,34,4.0,34.0,tt5100248
Comedy Bang! Bang!,4,2015-11-05,0.054,0.02,tt2176287,35,4.0,35.0,tt5147146
Comedy Bang! Bang!,4,2015-11-12,0.042,0.01,tt2176287,36,4.0,36.0,tt5019214
Comedy Bang! Bang!,4,2015-11-19,0.031,0.01,tt2176287,37,4.0,37.0,tt5202042
Comedy Bang! Bang!,4,2015-12-03,0.017,0.01,tt2176287,38,4.0,38.0,tt5228956
Comedy Bang! Bang!,4,2015-12-03,0.050,0.01,tt2176287,39,4.0,39.0,tt5228960
Comedy Bang! Bang!,4,2015-12-10,0.036,0.00,tt2176287,40,4.0,40.0,tt5228962
Comedy Bang! Bang!,5,2016-06-03,0.050,0.03,tt2176287,1,5.0,1.0,tt5525714
Comedy Bang! Bang!,5,2016-06-03,0.040,0.02,tt2176287,2,5.0,2.0,tt5525716
Comedy Bang! Bang!,5,2016-06-10,0.040,0.02,tt2176287,3,5.0,3.0,tt5525718
Comedy Bang! Bang!,5,2016-06-10,0.027,0.01,tt2176287,4,5.0,4.0,tt5525720
Comedy Bang! Bang!,5,2016-06-17,0.035,0.02,tt2176287,5,5.0,5.0,tt5525722
Comedy Bang! Bang!,5,2016-06-17,0.031,0.02,tt2176287,6,5.0,6.0,tt5525724
Comedy Bang! Bang!,5,2016-06-24,0.062,0.03,tt2176287,7,5.0,7.0,tt5525726
Comedy Bang! Bang!,5,2016-06-24,0.065,0.03,tt2176287,8,5.0,8.0,tt5525728
Comedy Bang! Bang!,5,2016-07-01,0.096,0.05,tt2176287,9,5.0,9.0,tt5525730
Comedy Bang! Bang!,5,2016-07-01,0.068,0.03,tt2176287,10,5.0,10.0,tt5525732
Comedy Bang! Bang!,5,2016-10-28,0.057,0.01,tt2176287,11,5.0,11.0,tt5525734
Comedy Bang! Bang!,5,2016-10-28,0.040,0.01,tt2176287,12,5.0,12.0,tt5525736
Comedy Bang! Bang!,5,2016-11-04,0.144,0.05,tt2176287,13,5.0,13.0,tt5525738
Comedy Bang! Bang!,5,2016-11-04,0.094,0.03,tt2176287,14,5.0,14.0,tt5525740
Comedy Bang! Bang!,5,2016-11-11,0.085,0.03,tt2176287,15,5.0,15.0,tt5525742
Comedy Bang! Bang!,5,2016-11-11,0.044,0.01,tt2176287,16,5.0,16.0,tt6237472
Comedy Bang! Bang!,5,2016-11-18,0.102,0.04,tt2176287,17,5.0,17.0,tt6252096
Comedy Bang! Bang!,5,2016-11-18,0.073,0.03,tt2176287,18,5.0,18.0,tt6252108
Comedy Bang! Bang!,5,2016-12-02,0.076,0.02,tt2176287,19,5.0,19.0,tt6260392
Comedy Bang! Bang!,5,2016-12-02,0.066,0.02,tt2176287,20,5.0,20.0,tt6260398
United States of Tara,1,2009-01-18,0.881,0.4,tt1001482,1,1.0,1.0,tt1242352
United States of Tara,1,2009-01-25,0.834,0.4,tt1001482,2,1.0,2.0,tt1242356
United States of Tara,1,2009-02-01,0.574,0.3,tt1001482,3,1.0,3.0,tt1242357
United States of Tara,1,2009-02-08,0.656,0.3,tt1001482,4,1.0,4.0,tt1242358
United States of Tara,1,2009-02-15,0.614,0.3,tt1001482,5,1.0,5.0,tt1242359
United States of Tara,1,2009-02-22,0.601,0.2,tt1001482,6,1.0,6.0,tt1242360
United States of Tara,1,2009-03-01,0.610,0.3,tt1001482,7,1.0,7.0,tt1242361
United States of Tara,1,2009-03-08,0.630,0.3,tt1001482,8,1.0,8.0,tt1242362
United States of Tara,1,2009-03-15,0.545,0.3,tt1001482,9,1.0,9.0,tt1242363
United States of Tara,1,2009-03-22,0.455,0.2,tt1001482,10,1.0,10.0,tt1242353
United States of Tara,1,2009-03-29,0.338,0.2,tt1001482,11,1.0,11.0,tt1242354
United States of Tara,1,2009-04-05,0.413,0.2,tt1001482,12,1.0,12.0,tt1242355
United States of Tara,2,2010-03-22,0.816,0.4,tt1001482,1,2.0,1.0,tt1576332
United States of Tara,2,2010-03-29,0.511,0.2,tt1001482,2,2.0,2.0,tt1576333
United States of Tara,2,2010-04-05,0.414,0.2,tt1001482,3,2.0,3.0,tt1518784
United States of Tara,2,2010-04-12,0.404,0.2,tt1001482,4,2.0,4.0,tt1606568
United States of Tara,2,2010-04-19,0.469,0.2,tt1001482,5,2.0,5.0,tt1599885
United States of Tara,2,2010-04-26,0.701,0.3,tt1001482,6,2.0,6.0,tt1613546
United States of Tara,2,,0.595,0.3,tt1001482,7,2.0,7.0,tt1613540
United States of Tara,2,,0.556,0.3,tt1001482,8,2.0,8.0,tt1613541
United States of Tara,2,,0.557,0.3,tt1001482,9,2.0,9.0,tt1613544
United States of Tara,2,,0.509,0.3,tt1001482,10,2.0,10.0,tt1613543
United States of Tara,2,,0.470,0.2,tt1001482,11,2.0,11.0,tt1613545
United States of Tara,2,2010-06-07,0.633,0.3,tt1001482,12,2.0,12.0,tt1613542
United States of Tara,3,2011-03-28,0.411,0.2,tt1001482,1,3.0,1.0,tt1627859
United States of Tara,3,2011-04-04,0.288,0.1,tt1001482,2,3.0,2.0,tt1627863
United States of Tara,3,2011-04-11,0.409,0.19,tt1001482,3,3.0,3.0,tt1627864
United States of Tara,3,2011-04-18,0.326,0.16,tt1001482,4,3.0,4.0,tt1627865
United States of Tara,3,2011-04-25,0.334,0.2,tt1001482,5,3.0,5.0,tt1627866
United States of Tara,3,,0.323,0.1,tt1001482,6,3.0,6.0,tt1627867
United States of Tara,3,,0.288,0.1,tt1001482,7,3.0,7.0,tt1627868
United States of Tara,3,,0.230,0.1,tt1001482,8,3.0,8.0,tt1627869
United States of Tara,3,,0.309,0.2,tt1001482,9,3.0,9.0,tt1627870
United States of Tara,3,2011-06-06,0.333,0.1,tt1001482,10,3.0,10.0,tt1627860
United States of Tara,3,2011-06-13,0.285,0.2,tt1001482,11,3.0,11.0,tt1627861
United States of Tara,3,2011-06-20,0.375,0.1,tt1001482,12,3.0,12.0,tt1627862
Kevin From Work,1,2015-08-12,0.583,0.24,tt4334446,1,1.0,1.0,tt4863854
Kevin From Work,1,2015-08-12,0.365,0.14,tt4334446,2,1.0,2.0,tt4910968
Kevin From Work,1,2015-08-19,0.402,0.20,tt4334446,3,1.0,3.0,tt4910970
Kevin From Work,1,2015-08-26,0.261,0.10,tt4334446,4,1.0,4.0,tt4910974
Kevin From Work,1,,0.378,0.19,tt4334446,5,1.0,5.0,tt4910976
Kevin From Work,1,,0.306,0.12,tt4334446,6,1.0,6.0,tt4910978
Kevin From Work,1,,0.297,0.09,tt4334446,7,1.0,7.0,tt4910980
Kevin From Work,1,,0.296,0.14,tt4334446,8,1.0,8.0,tt4939290
Kevin From Work,1,2015-10-07,0.149,0.06,tt4334446,9,1.0,9.0,tt4982232
Kevin From Work,1,2015-10-07,0.120,0.05,tt4334446,10,1.0,10.0,tt4968584
Make it or Break It,1,2009-06-22,2.481,0.8,tt1332030,1,1.0,1.0,tt1463916
Make it or Break It,1,2009-06-29,1.912,0.6,tt1332030,2,1.0,2.0,tt1463918
Make it or Break It,1,2009-07-06,1.784,0.7,tt1332030,3,1.0,3.0,tt1463915
Make it or Break It,1,2009-07-13,2.053,0.7,tt1332030,4,1.0,4.0,tt1463917
Make it or Break It,1,2009-07-20,1.894,0.6,tt1332030,5,1.0,5.0,tt1473618
Make it or Break It,1,2009-07-27,1.879,0.6,tt1332030,6,1.0,6.0,tt1478049
Make it or Break It,1,2009-08-03,2.077,0.7,tt1332030,7,1.0,7.0,tt1478636
Make it or Break It,1,2009-08-10,1.910,0.6,tt1332030,8,1.0,8.0,tt1478637
Make it or Break It,1,2009-08-17,2.311,0.7,tt1332030,9,1.0,9.0,tt1478638
Make it or Break It,1,2009-08-24,2.397,0.8,tt1332030,10,1.0,10.0,tt1472781
Make it or Break It,1,2010-01-04,2.656,0.9,tt1332030,11,1.0,11.0,tt1537591
Make it or Break It,1,2010-01-11,2.076,0.7,tt1332030,12,1.0,12.0,tt1537141
Make it or Break It,1,2010-01-18,2.370,0.7,tt1332030,13,1.0,13.0,tt1550121
Make it or Break It,1,2010-01-25,2.301,0.7,tt1332030,14,1.0,14.0,tt1549803
Make it or Break It,1,2010-02-01,2.159,0.7,tt1332030,15,1.0,15.0,tt1568530
Make it or Break It,1,2010-02-08,2.286,0.8,tt1332030,16,1.0,16.0,tt1568531
Make it or Break It,1,2010-02-15,2.220,0.7,tt1332030,17,1.0,17.0,tt1591319
Make it or Break It,1,2010-02-22,2.052,0.7,tt1332030,18,1.0,18.0,tt1591320
Make it or Break It,1,2010-03-01,2.141,0.7,tt1332030,19,1.0,19.0,tt1590520
Make it or Break It,1,2010-03-08,2.497,0.8,tt1332030,20,1.0,20.0,tt1614729
Make it or Break It,2,2010-06-28,1.830,0.7,tt1332030,1,2.0,1.0,tt1646633
Make it or Break It,2,2010-07-05,1.716,0.6,tt1332030,2,2.0,2.0,tt1646632
Make it or Break It,2,2010-07-13,1.561,0.6,tt1332030,3,2.0,3.0,tt1691379
Make it or Break It,2,2010-07-20,1.458,0.5,tt1332030,4,2.0,4.0,tt1695271
Make it or Break It,2,2010-07-27,1.664,0.5,tt1332030,5,2.0,5.0,tt1695594
Make it or Break It,2,2010-08-03,1.745,0.6,tt1332030,6,2.0,6.0,tt1695596
Make it or Break It,2,2010-08-10,1.558,0.5,tt1332030,7,2.0,7.0,tt1695597
Make it or Break It,2,2010-08-17,1.303,0.5,tt1332030,8,2.0,8.0,tt1692663
Make it or Break It,2,2010-08-24,1.419,0.6,tt1332030,9,2.0,9.0,tt1695595
Make it or Break It,2,2010-08-31,1.438,0.5,tt1332030,10,2.0,10.0,tt1695593
Make it or Break It,2,2011-03-28,2.058,0.9,tt1332030,11,2.0,11.0,tt1725703
Make it or Break It,2,2011-04-04,1.690,0.7,tt1332030,12,2.0,12.0,tt1733399
Make it or Break It,2,2011-04-11,1.640,0.6,tt1332030,13,2.0,13.0,tt1738569
Make it or Break It,2,2011-04-18,1.585,0.5,tt1332030,14,2.0,14.0,tt1761687
Make it or Break It,2,2011-04-25,1.639,0.6,tt1332030,15,2.0,15.0,tt1760651
Make it or Break It,2,,1.645,0.6,tt1332030,16,2.0,16.0,tt1788780
Make it or Break It,2,,1.515,0.6,tt1332030,17,2.0,17.0,tt1788781
Make it or Break It,2,,1.637,0.6,tt1332030,18,2.0,18.0,tt1796094
Make it or Break It,2,,1.488,0.6,tt1332030,19,2.0,19.0,tt1796095
Make it or Break It,3,2012-03-26,1.570,0.7,tt1332030,1,3.0,1.0,tt2135736
Make it or Break It,3,2012-04-02,1.165,0.5,tt1332030,2,3.0,2.0,tt2189455
Make it or Break It,3,2012-04-09,1.103,0.4,tt1332030,3,3.0,3.0,tt2329847
Make it or Break It,3,2012-04-16,1.215,0.5,tt1332030,4,3.0,4.0,tt2342869
Make it or Break It,3,2012-04-23,1.112,0.4,tt1332030,5,3.0,5.0,tt2380681
Make it or Break It,3,2012-04-30,0.907,0.4,tt1332030,6,3.0,6.0,tt2230199
Make it or Break It,3,,1.091,0.4,tt1332030,7,3.0,7.0,tt2379291
Make it or Break It,3,,1.208,0.5,tt1332030,8,3.0,8.0,tt2388105
Shoot the Messenger,1,2018-02-26,0.173,0.03,tt5178678,1,1.0,1.0,tt5931796
Shoot the Messenger,1,2018-03-05,0.129,0.02,tt5178678,2,1.0,2.0,tt5931804
Shoot the Messenger,1,2018-03-12,0.115,0.01,tt5178678,3,1.0,3.0,tt5931808
Shoot the Messenger,1,2018-03-23,0.124,0.02,tt5178678,4,1.0,4.0,tt5931810
Shoot the Messenger,1,2018-03-30,0.135,0.04,tt5178678,5,1.0,5.0,tt5931834
Shoot the Messenger,1,2018-04-06,0.118,0.02,tt5178678,6,1.0,6.0,tt5931820
Shoot the Messenger,1,2018-04-13,0.107,0.02,tt5178678,7,1.0,7.0,tt5931826
Shoot the Messenger,1,2018-04-20,0.107,0.02,tt5178678,8,1.0,8.0,tt5931830
Dexter,1,2006-10-01,0.603,0.3,tt0773262,1,1.0,1.0,tt0785280
Dexter,1,2006-10-08,0.413,0.2,tt0773262,2,1.0,2.0,tt0757186
Dexter,1,2006-10-15,0.381,0.2,tt0773262,3,1.0,3.0,tt0828745
Dexter,1,2006-10-22,0.490,0.3,tt0773262,4,1.0,4.0,tt0824887
Dexter,1,2006-10-29,0.462,0.2,tt0773262,5,1.0,5.0,tt0823912
Dexter,1,2006-11-05,0.587,0.3,tt0773262,6,1.0,6.0,tt0836899
Dexter,1,2006-11-12,0.614,0.3,tt0773262,7,1.0,7.0,tt0859272
Dexter,1,2006-11-19,0.565,0.2,tt0773262,8,1.0,8.0,tt0859273
Dexter,1,2006-11-26,0.758,0.4,tt0773262,9,1.0,9.0,tt0866567
Dexter,1,2006-12-03,0.785,0.4,tt0773262,10,1.0,10.0,tt0866568
Dexter,1,2006-12-10,0.760,0.4,tt0773262,11,1.0,11.0,tt0866569
Dexter,1,2006-12-17,1.082,0.5,tt0773262,12,1.0,12.0,tt0877058
Dexter,2,,1.009,0.5,tt0773262,1,2.0,1.0,tt1013977
Dexter,2,2007-10-07,0.889,0.4,tt0773262,2,2.0,2.0,tt1013981
Dexter,2,2007-10-14,0.954,-,tt0773262,3,2.0,3.0,tt1013982
Dexter,2,2007-10-21,0.798,0.4,tt0773262,4,2.0,4.0,tt1013983
Dexter,2,2007-10-28,0.625,0.3,tt0773262,5,2.0,5.0,tt1013984
Dexter,2,2007-11-04,0.848,0.5,tt0773262,6,2.0,6.0,tt1013985
Dexter,2,2007-11-11,0.841,0.4,tt0773262,7,2.0,7.0,tt1013986
Dexter,2,2007-11-18,1.228,0.6,tt0773262,8,2.0,8.0,tt1013987
Dexter,2,2007-11-25,1.025,0.5,tt0773262,9,2.0,9.0,tt1013988
Dexter,2,2007-12-02,1.076,0.5,tt0773262,10,2.0,10.0,tt1013978
Dexter,2,2007-12-09,0.890,0.4,tt0773262,11,2.0,11.0,tt1013979
Dexter,2,2007-12-16,1.016,0.4,tt0773262,12,2.0,12.0,tt1013980
Dexter,3,,1.217,0.5,tt0773262,1,3.0,1.0,tt1242111
Dexter,3,2008-10-05,0.786,0.3,tt0773262,2,3.0,2.0,tt1242115
Dexter,3,2008-10-12,1.067,0.5,tt0773262,3,3.0,3.0,tt1242116
Dexter,3,2008-10-19,0.863,0.3,tt0773262,4,3.0,4.0,tt1242117
Dexter,3,2008-10-26,1.003,0.5,tt0773262,5,3.0,5.0,tt1242118
Dexter,3,2008-11-02,1.041,0.5,tt0773262,6,3.0,6.0,tt1242119
Dexter,3,2008-11-09,0.834,0.4,tt0773262,7,3.0,7.0,tt1242120
Dexter,3,2008-11-16,0.960,0.5,tt0773262,8,3.0,8.0,tt1242121
Dexter,3,2008-11-23,1.133,0.6,tt0773262,9,3.0,9.0,tt1242122
Dexter,3,2008-11-30,1.335,0.7,tt0773262,10,3.0,10.0,tt1242112
Dexter,3,2008-12-07,1.334,0.7,tt0773262,11,3.0,11.0,tt1242113
Dexter,3,2008-12-14,1.506,0.7,tt0773262,12,3.0,12.0,tt1242114
Dexter,4,,1.520,0.8,tt0773262,1,4.0,1.0,tt1444418
Dexter,4,2009-10-04,1.374,0.6,tt0773262,2,4.0,2.0,tt1444422
Dexter,4,2009-10-11,1.242,0.5,tt0773262,3,4.0,3.0,tt1444423
Dexter,4,2009-10-18,1.509,0.7,tt0773262,4,4.0,4.0,tt1444424
Dexter,4,2009-10-25,1.676,0.8,tt0773262,5,4.0,5.0,tt1444425
Dexter,4,2009-11-01,1.876,0.9,tt0773262,6,4.0,6.0,tt1444426
Dexter,4,2009-11-08,1.755,0.9,tt0773262,7,4.0,7.0,tt1444427
Dexter,4,2009-11-15,1.698,0.8,tt0773262,8,4.0,8.0,tt1444428
Dexter,4,2009-11-22,1.762,0.8,tt0773262,9,4.0,9.0,tt1444429
Dexter,4,2009-11-29,1.795,0.8,tt0773262,10,4.0,10.0,tt1444419
Dexter,4,2009-12-06,2.107,1.1,tt0773262,11,4.0,11.0,tt1444420
Dexter,4,2009-12-13,2.575,1.3,tt0773262,12,4.0,12.0,tt1444421
Dexter,5,,1.769,0.8,tt0773262,1,5.0,1.0,tt1615586
Dexter,5,2010-10-03,1.701,0.8,tt0773262,2,5.0,2.0,tt1681772
Dexter,5,2010-10-10,1.864,0.9,tt0773262,3,5.0,3.0,tt1691535
Dexter,5,2010-10-17,1.788,0.9,tt0773262,4,5.0,4.0,tt1691360
Dexter,5,2010-10-24,1.943,0.9,tt0773262,5,5.0,5.0,tt1699327
Dexter,5,2010-10-31,1.632,0.8,tt0773262,6,5.0,6.0,tt1699544
Dexter,5,2010-11-07,1.900,0.9,tt0773262,7,5.0,7.0,tt1721224
Dexter,5,2010-11-14,1.939,0.9,tt0773262,8,5.0,8.0,tt1720655
Dexter,5,2010-11-21,2.110,1.0,tt0773262,9,5.0,9.0,tt1733347
Dexter,5,2010-11-28,2.537,1.1,tt0773262,10,5.0,10.0,tt1733346
Dexter,5,2010-12-05,2.261,1.1,tt0773262,11,5.0,11.0,tt1733345
Dexter,5,2010-12-12,2.480,1.1,tt0773262,12,5.0,12.0,tt1733344
Dexter,6,2011-10-02,2.188,1.1,tt0773262,1,6.0,1.0,tt1790076
Dexter,6,2011-10-09,1.714,0.9,tt0773262,2,6.0,2.0,tt1890880
Dexter,6,2011-10-16,1.502,0.7,tt0773262,3,6.0,3.0,tt1890881
Dexter,6,2011-10-23,1.888,0.9,tt0773262,4,6.0,4.0,tt1890882
Dexter,6,2011-10-30,1.799,0.8,tt0773262,5,6.0,5.0,tt1890883
Dexter,6,2011-11-06,1.982,1.0,tt0773262,6,6.0,6.0,tt1890884
Dexter,6,2011-11-13,1.985,1.0,tt0773262,7,6.0,7.0,tt1890885
Dexter,6,2011-11-20,2.050,1.0,tt0773262,8,6.0,8.0,tt1890886
Dexter,6,2011-11-27,1.887,0.9,tt0773262,9,6.0,9.0,tt1890887
Dexter,6,2011-12-04,1.876,0.9,tt0773262,10,6.0,10.0,tt1890877
Dexter,6,2011-12-11,1.924,0.9,tt0773262,11,6.0,11.0,tt1890878
Dexter,6,2011-12-18,2.230,1.0,tt0773262,12,6.0,12.0,tt1890879
Dexter,7,,2.403,1.3,tt0773262,1,7.0,1.0,tt2134715
Dexter,7,2012-10-07,2.103,1.1,tt0773262,2,7.0,2.0,tt2403521
Dexter,7,2012-10-14,1.984,1.0,tt0773262,3,7.0,3.0,tt2170724
Dexter,7,2012-10-21,2.176,1.1,tt0773262,4,7.0,4.0,tt2218408
Dexter,7,2012-10-28,2.275,1.2,tt0773262,5,7.0,5.0,tt2207888
Dexter,7,2012-11-04,1.985,1.0,tt0773262,6,7.0,6.0,tt2207890
Dexter,7,2012-11-11,2.007,1.1,tt0773262,7,7.0,7.0,tt2235984
Dexter,7,2012-11-18,2.251,1.1,tt0773262,8,7.0,8.0,tt2235982
Dexter,7,2012-11-25,2.124,1.0,tt0773262,9,7.0,9.0,tt2235988
Dexter,7,2012-12-02,2.082,1.1,tt0773262,10,7.0,10.0,tt2235986
Dexter,7,2012-12-09,2.598,1.3,tt0773262,11,7.0,11.0,tt2235996
Dexter,7,2012-12-16,2.749,1.4,tt0773262,12,7.0,12.0,tt2235994
Dexter,8,2013-06-30,2.484,1.2,tt0773262,1,8.0,1.0,tt2577702
Dexter,8,2013-07-07,2.524,1.2,tt0773262,2,8.0,2.0,tt2578758
Dexter,8,2013-07-14,2.431,1.1,tt0773262,3,8.0,3.0,tt2578760
Dexter,8,2013-07-21,2.471,1.2,tt0773262,4,8.0,4.0,tt2578762
Dexter,8,2013-07-28,2.550,1.2,tt0773262,5,8.0,5.0,tt2578764
Dexter,8,2013-08-04,2.208,1.1,tt0773262,6,8.0,6.0,tt2578770
Dexter,8,2013-08-11,1.904,0.9,tt0773262,7,8.0,7.0,tt2578776
Dexter,8,2013-08-18,1.943,0.9,tt0773262,8,8.0,8.0,tt2578778
Dexter,8,2013-08-25,2.286,1.1,tt0773262,9,8.0,9.0,tt2578782
Dexter,8,,2.340,1.1,tt0773262,10,8.0,10.0,tt2578788
Dexter,8,,2.400,1.04,tt0773262,11,8.0,11.0,tt2578790
Dexter,8,,2.799,1.28,tt0773262,12,8.0,12.0,tt2578802
The Split,1,,0.088,0.02,tt7631146,1,1.0,1.0,tt7694906
The Split,1,,0.086,0.01,tt7631146,2,1.0,2.0,tt7694912
The Split,1,2018-06-06,0.071,0.00,tt7631146,3,1.0,3.0,tt7694914
The Split,1,2018-06-13,0.055,0.02,tt7631146,4,1.0,4.0,tt7694918
The Split,1,2018-06-20,0.057,0.01,tt7631146,5,1.0,5.0,tt7694920
The Split,1,2018-06-27,0.057,0.01,tt7631146,6,1.0,6.0,tt7694922
The Split,2,,0.184,0.03,tt7631146,1,2.0,1.0,tt8488050
The Split,2,,0.133,0.01,tt7631146,2,2.0,2.0,tt11082206
The Split,2,,0.150,0.02,tt7631146,3,2.0,3.0,tt11082248
The Split,2,,0.139,0.01,tt7631146,4,2.0,4.0,tt11082272
The Split,2,2020-06-04,0.103,0.02,tt7631146,5,2.0,5.0,tt10976130
The Split,2,2020-06-05,0.126,0.02,tt7631146,6,2.0,6.0,tt11082292
The Split,3,2022-06-27,0.076,0.01,tt7631146,1,3.0,1.0,tt14147938
The Split,3,2022-07-04,0.034,0.00,tt7631146,2,3.0,2.0,tt15171540
The Split,3,2022-07-11,0.068,0.01,tt7631146,3,3.0,3.0,tt15171546
The Split,3,2022-07-18,0.121,0.02,tt7631146,4,3.0,4.0,tt15171608
The Split,3,2022-07-25,0.075,0.01,tt7631146,5,3.0,5.0,tt15171632
The Split,3,2022-08-01,0.113,0.01,tt7631146,6,3.0,6.0,tt19359724
Ash vs. Evil Dead,1,,0.233,0.11,tt4189022,1,1.0,1.0,tt4427980
Ash vs. Evil Dead,1,2015-10-31,0.437,0.13,tt4189022,2,1.0,2.0,tt4466474
Ash vs. Evil Dead,1,2015-11-07,0.276,0.12,tt4189022,3,1.0,3.0,tt4632962
Ash vs. Evil Dead,1,2015-11-14,0.383,0.16,tt4189022,4,1.0,4.0,tt4696468
Ash vs. Evil Dead,1,2015-11-21,0.448,0.20,tt4189022,5,1.0,5.0,tt4713110
Ash vs. Evil Dead,1,2015-11-28,0.430,0.15,tt4189022,6,1.0,6.0,tt4713114
Ash vs. Evil Dead,1,2015-12-05,0.402,0.19,tt4189022,7,1.0,7.0,tt4713116
Ash vs. Evil Dead,1,2015-12-12,0.452,0.18,tt4189022,8,1.0,8.0,tt4713122
Ash vs. Evil Dead,1,2015-12-19,0.465,0.18,tt4189022,9,1.0,9.0,tt4713126
Ash vs. Evil Dead,1,2015-12-26,0.343,0.14,tt4189022,10,1.0,10.0,tt4427982
Ash vs. Evil Dead,1,2016-01-02,0.508,0.21,tt4189022,11,,,
Ash vs. Evil Dead,2,2016-10-02,0.436,0.21,tt4189022,1,2.0,1.0,tt5158912
Ash vs. Evil Dead,2,2016-10-09,0.333,0.18,tt4189022,2,2.0,2.0,tt5218206
Ash vs. Evil Dead,2,2016-10-16,0.321,0.19,tt4189022,3,2.0,3.0,tt5218258
Ash vs. Evil Dead,2,2016-10-23,0.274,0.13,tt4189022,4,2.0,4.0,tt5218262
Ash vs. Evil Dead,2,2016-10-30,0.274,0.13,tt4189022,5,2.0,5.0,tt5218402
Ash vs. Evil Dead,2,2016-11-06,0.330,0.15,tt4189022,6,2.0,6.0,tt5218416
Ash vs. Evil Dead,2,2016-11-13,0.337,0.18,tt4189022,7,2.0,7.0,tt5218426
Ash vs. Evil Dead,2,2016-11-20,0.237,0.12,tt4189022,8,2.0,8.0,tt5218448
Ash vs. Evil Dead,2,2016-12-04,0.266,0.14,tt4189022,9,2.0,9.0,tt5218462
Ash vs. Evil Dead,2,2016-12-11,0.269,0.14,tt4189022,10,2.0,10.0,tt5197286
Ash vs. Evil Dead,3,2018-02-25,0.225,0.10,tt4189022,1,3.0,1.0,tt6139796
Ash vs. Evil Dead,3,2018-03-04,0.171,0.07,tt4189022,2,3.0,2.0,tt6724924
Ash vs. Evil Dead,3,2018-03-11,0.160,0.08,tt4189022,3,3.0,3.0,tt7801812
Ash vs. Evil Dead,3,2018-03-18,0.176,0.06,tt4189022,4,3.0,4.0,tt7801818
Ash vs. Evil Dead,3,2018-03-25,0.179,0.10,tt4189022,5,3.0,5.0,tt7801824
Ash vs. Evil Dead,3,2018-04-01,0.196,0.07,tt4189022,6,3.0,6.0,tt7802474
Ash vs. Evil Dead,3,2018-04-08,0.136,0.06,tt4189022,7,3.0,7.0,tt7802476
Ash vs. Evil Dead,3,2018-04-15,0.175,0.08,tt4189022,8,3.0,8.0,tt7802484
Ash vs. Evil Dead,3,2018-04-22,0.130,0.05,tt4189022,9,3.0,9.0,tt7802490
Ash vs. Evil Dead,3,2018-04-29,0.174,0.09,tt4189022,10,3.0,10.0,tt7801806
White Famous,1,2017-10-15,0.154,0.06,tt5774044,1,1.0,1.0,tt7068380
White Famous,1,2017-10-15,0.129,0.04,tt5774044,2,1.0,2.0,tt7068388
White Famous,1,2017-10-22,0.196,0.07,tt5774044,3,1.0,3.0,tt7068392
White Famous,1,2017-10-29,0.266,0.08,tt5774044,4,1.0,4.0,tt7138342
White Famous,1,2017-11-05,0.339,0.12,tt5774044,5,1.0,5.0,tt7155728
White Famous,1,2017-11-12,0.297,0.12,tt5774044,6,1.0,6.0,tt7167134
White Famous,1,2017-11-19,0.271,0.09,tt5774044,7,1.0,7.0,tt7191882
White Famous,1,2017-11-26,0.222,0.07,tt5774044,8,1.0,8.0,tt7206018
White Famous,1,2017-12-03,0.287,0.11,tt5774044,9,1.0,9.0,tt7206038
White Famous,1,2017-12-10,0.333,0.12,tt5774044,10,1.0,10.0,tt7206040
Bellevue,1,2018-01-23,0.412,0.05,tt7817340,1,1.0,1.0,tt8385764
Bellevue,1,2018-01-30,0.240,0.05,tt7817340,2,1.0,2.0,tt8825530
Bellevue,1,2018-02-06,0.205,0.03,tt7817340,3,1.0,3.0,tt8825532
Bellevue,1,2018-02-13,0.164,0.02,tt7817340,4,1.0,4.0,tt8825536
Bellevue,1,2018-02-20,0.172,0.03,tt7817340,5,1.0,5.0,tt8825540
Bellevue,1,2018-02-27,0.206,0.05,tt7817340,6,1.0,6.0,tt8825544
Bellevue,1,2018-03-06,0.194,0.03,tt7817340,7,1.0,7.0,tt8825546
Bellevue,1,2018-03-13,0.184,0.03,tt7817340,8,1.0,8.0,tt9239232
The Good Witch,1,2015-02-28,2.905,0.27,tt1105729,1,,,
The Good Witch,1,2015-03-07,2.017,0.23,tt1105729,2,,,
The Good Witch,1,2015-03-14,1.987,0.13,tt1105729,3,,,
The Good Witch,1,2015-03-21,1.947,0.13,tt1105729,4,,,
The Good Witch,1,2015-03-28,2.155,0.18,tt1105729,5,,,
The Good Witch,1,2015-04-04,1.808,0.13,tt1105729,6,,,
The Good Witch,1,2015-04-11,1.920,0.17,tt1105729,7,,,
The Good Witch,1,2015-04-18,2.250,0.15,tt1105729,8,,,
The Good Witch,2,2016-04-17,2.185,0.25,tt1105729,1,,,
The Good Witch,2,2016-04-24,1.960,0.21,tt1105729,2,,,
The Good Witch,2,,1.965,0.25,tt1105729,3,,,
The Good Witch,2,,1.924,0.24,tt1105729,4,,,
The Good Witch,2,,2.014,0.23,tt1105729,5,,,
The Good Witch,2,,2.191,0.23,tt1105729,6,,,
The Good Witch,2,,2.045,0.23,tt1105729,7,,,
The Good Witch,2,2016-06-05,2.214,0.27,tt1105729,8,,,
The Good Witch,2,2016-06-12,2.121,0.26,tt1105729,9,,,
The Good Witch,2,2016-06-19,2.295,0.29,tt1105729,10,,,
The Good Witch,3,2017-04-30,2.136,0.20,tt1105729,1,,,
The Good Witch,3,,2.111,0.24,tt1105729,2,,,
The Good Witch,3,,1.875,0.20,tt1105729,3,,,
The Good Witch,3,,1.782,0.19,tt1105729,4,,,
The Good Witch,3,,1.977,0.18,tt1105729,5,,,
The Good Witch,3,2017-06-04,2.201,0.24,tt1105729,6,,,
The Good Witch,3,2017-06-11,2.379,0.28,tt1105729,7,,,
The Good Witch,3,2017-06-18,2.090,0.21,tt1105729,8,,,
The Good Witch,3,2017-06-25,2.388,0.25,tt1105729,9,,,
The Good Witch,3,2017-07-02,2.343,0.23,tt1105729,10,,,
The Good Witch,4,2018-04-29,2.296,0.26,tt1105729,1,,,
The Good Witch,4,,1.929,0.23,tt1105729,2,,,
The Good Witch,4,,1.825,0.18,tt1105729,3,,,
The Good Witch,4,,1.767,0.17,tt1105729,4,,,
The Good Witch,4,,2.022,0.17,tt1105729,5,,,
The Good Witch,4,2018-06-03,2.099,0.22,tt1105729,6,,,
The Good Witch,4,2018-06-10,2.022,0.22,tt1105729,7,,,
The Good Witch,4,2018-06-17,1.970,0.19,tt1105729,8,,,
The Good Witch,4,2018-06-24,2.122,0.23,tt1105729,9,,,
The Good Witch,4,2018-07-01,2.202,0.20,tt1105729,10,,,
The Good Witch,5,2019-06-09,2.222,0.20,tt1105729,1,,,
The Good Witch,5,2019-06-10,2.063,0.19,tt1105729,2,,,
The Good Witch,5,2019-06-16,2.019,0.19,tt1105729,3,,,
The Good Witch,5,2019-06-23,2.140,0.23,tt1105729,4,,,
The Good Witch,5,2019-06-30,2.134,0.20,tt1105729,5,,,
The Good Witch,5,2019-07-07,1.927,0.19,tt1105729,6,,,
The Good Witch,5,2019-07-28,2.099,0.22,tt1105729,7,,,
The Good Witch,5,2019-08-04,2.014,0.18,tt1105729,8,,,
The Good Witch,5,2019-08-11,2.130,0.21,tt1105729,9,,,
The Good Witch,5,2019-08-18,2.308,0.22,tt1105729,10,,,
The Good Witch,6,,1.883,0.16,tt1105729,1,,,
The Good Witch,6,,1.978,0.18,tt1105729,2,,,
The Good Witch,6,,1.752,0.16,tt1105729,3,,,
The Good Witch,6,,1.846,0.15,tt1105729,4,,,
The Good Witch,6,,1.853,0.17,tt1105729,5,,,
The Good Witch,6,2020-06-07,1.917,0.15,tt1105729,6,,,
The Good Witch,6,2020-06-14,1.694,0.14,tt1105729,7,,,
The Good Witch,6,2020-06-21,2.007,0.20,tt1105729,8,,,
The Good Witch,6,2020-06-28,1.820,0.18,tt1105729,9,,,
The Good Witch,6,2020-07-05,1.900,0.15,tt1105729,10,,,
The Good Witch,7,,1.711,0.12,tt1105729,1,,,
The Good Witch,7,,1.510,0.11,tt1105729,2,,,
The Good Witch,7,,1.614,0.15,tt1105729,3,,,
The Good Witch,7,2021-06-06,1.536,0.10,tt1105729,4,,,
The Good Witch,7,2021-06-13,1.361,0.11,tt1105729,5,,,
The Good Witch,7,2021-06-20,1.454,0.13,tt1105729,6,,,
The Good Witch,7,2021-06-27,1.526,0.13,tt1105729,7,,,
The Good Witch,7,2021-07-11,1.544,0.10,tt1105729,8,,,
The Good Witch,7,2021-07-18,1.636,0.15,tt1105729,9,,,
The Good Witch,7,2021-07-25,1.857,0.13,tt1105729,10,,,
Lucky Bastards,1,2014-04-16,0.075,0.03,tt1086236,1,,,
Lucky Bastards,1,2014-04-23,0.020,0.01,tt1086236,2,,,
Lucky Bastards,1,2014-04-30,0.032,0.02,tt1086236,3,,,
Lucky Bastards,1,,0.011,0.00,tt1086236,4,,,
Lucky Bastards,1,,0.047,0.01,tt1086236,5,,,
Lucky Bastards,1,,0.022,0.01,tt1086236,6,,,
Lucky Bastards,1,,0.037,0.02,tt1086236,7,,,
Lucky Bastards,1,2014-06-04,0.024,0.01,tt1086236,8,,,
Lucky Bastards,1,2014-06-11,0.026,0.01,tt1086236,9,,,
Lucky Bastards,1,2014-06-18,0.031,0.01,tt1086236,10,,,
Halt and Catch Fire,1,2014-06-01,1.190,0.34,tt2543312,1,1.0,1.0,tt3168442
Halt and Catch Fire,1,2014-06-08,0.970,0.32,tt2543312,2,1.0,2.0,tt3370408
Halt and Catch Fire,1,2014-06-15,0.765,0.2,tt2543312,3,1.0,3.0,tt3438496
Halt and Catch Fire,1,2014-06-22,0.844,0.35,tt2543312,4,1.0,4.0,tt3464414
Halt and Catch Fire,1,2014-06-29,0.575,0.2,tt2543312,5,1.0,5.0,tt3499556
Halt and Catch Fire,1,2014-07-06,0.718,0.24,tt2543312,6,1.0,6.0,tt3517700
Halt and Catch Fire,1,2014-07-13,0.724,0.26,tt2543312,7,1.0,7.0,tt3549020
Halt and Catch Fire,1,2014-07-20,0.627,0.25,tt2543312,8,1.0,8.0,tt3566354
Halt and Catch Fire,1,2014-07-27,0.549,0.19,tt2543312,9,1.0,9.0,tt3566360
Halt and Catch Fire,1,2014-08-03,0.574,0.18,tt2543312,10,1.0,10.0,tt3566368
Halt and Catch Fire,2,,0.659,0.21,tt2543312,1,2.0,1.0,tt3972584
Halt and Catch Fire,2,2015-06-07,0.494,0.14,tt2543312,2,2.0,2.0,tt4364332
Halt and Catch Fire,2,2015-06-14,0.452,0.15,tt2543312,3,2.0,3.0,tt4364336
Halt and Catch Fire,2,2015-06-21,0.451,0.15,tt2543312,4,2.0,4.0,tt4422412
Halt and Catch Fire,2,2015-06-28,0.543,0.18,tt2543312,5,2.0,5.0,tt4437720
Halt and Catch Fire,2,2015-07-05,0.558,0.17,tt2543312,6,2.0,6.0,tt4508160
Halt and Catch Fire,2,2015-07-12,0.499,0.17,tt2543312,7,2.0,7.0,tt4537868
Halt and Catch Fire,2,2015-07-19,0.497,0.12,tt2543312,8,2.0,8.0,tt4568616
Halt and Catch Fire,2,2015-07-26,0.588,0.19,tt2543312,9,2.0,9.0,tt4569076
Halt and Catch Fire,2,2015-08-02,0.485,0.12,tt2543312,10,2.0,10.0,tt4436098
Halt and Catch Fire,3,2016-08-21,0.367,0.15,tt2543312,1,3.0,1.0,tt5098994
Halt and Catch Fire,3,2016-08-23,0.339,0.11,tt2543312,2,3.0,2.0,tt5539282
Halt and Catch Fire,3,2016-08-30,0.397,0.14,tt2543312,3,3.0,3.0,tt5539292
Halt and Catch Fire,3,,0.312,0.13,tt2543312,4,3.0,4.0,tt5539294
Halt and Catch Fire,3,,0.324,0.13,tt2543312,5,3.0,5.0,tt5640498
Halt and Catch Fire,3,,0.280,0.10,tt2543312,6,3.0,6.0,tt5640508
Halt and Catch Fire,3,,0.307,0.10,tt2543312,7,3.0,7.0,tt5640738
Halt and Catch Fire,3,2016-10-04,0.366,0.13,tt2543312,8,3.0,8.0,tt5707496
Halt and Catch Fire,3,2016-10-11,0.407,0.14,tt2543312,9,3.0,9.0,tt5707510
Halt and Catch Fire,3,2016-10-11,0.287,0.11,tt2543312,10,3.0,10.0,tt5707526
Halt and Catch Fire,4,2017-08-19,0.340,0.11,tt2543312,1,4.0,1.0,tt6141394
Halt and Catch Fire,4,2017-08-26,0.270,0.10,tt2543312,2,4.0,2.0,tt6143702
Halt and Catch Fire,4,,0.344,0.13,tt2543312,3,4.0,3.0,tt6143704
Halt and Catch Fire,4,,0.313,0.09,tt2543312,4,4.0,4.0,tt6143708
Halt and Catch Fire,4,,0.354,0.11,tt2543312,5,4.0,5.0,tt6143716
Halt and Catch Fire,4,,0.322,0.11,tt2543312,6,4.0,6.0,tt6145872
Halt and Catch Fire,4,2017-10-07,0.327,0.08,tt2543312,7,4.0,7.0,tt6145880
Halt and Catch Fire,4,2017-10-14,0.394,0.12,tt2543312,8,4.0,8.0,tt6145886
Dallas,1,2012-06-13,6.863,1.5,tt0077000,1,1.0,1.0,tt0553300
Dallas,1,2012-06-20,4.755,1.3,tt0077000,2,1.0,2.0,tt0553456
Dallas,1,2012-06-27,4.079,1.1,tt0077000,3,1.0,3.0,tt0553425
Dallas,1,2012-07-04,3.363,1.0,tt0077000,4,1.0,4.0,tt0553519
Dallas,1,2012-07-11,3.628,1.0,tt0077000,5,1.0,5.0,tt0553263
Dallas,1,2012-07-18,3.882,1.0,tt0077000,6,,,
Dallas,1,2012-07-25,3.253,0.7,tt0077000,7,,,
Dallas,1,2012-08-01,3.241,0.8,tt0077000,8,,,
Dallas,1,2012-08-08,4.287,1.3,tt0077000,9,,,
Dallas,2,2013-01-28,2.977,0.8,tt0077000,1,2.0,1.0,tt0553399
Dallas,2,2013-02-04,2.232,0.6,tt0077000,2,2.0,2.0,tt0553400
Dallas,2,2013-02-11,2.411,0.8,tt0077000,3,2.0,3.0,tt0553381
Dallas,2,2013-02-18,2.509,0.7,tt0077000,4,2.0,4.0,tt0553278
Dallas,2,2013-02-25,2.545,0.7,tt0077000,5,2.0,5.0,tt0553271
Dallas,2,2013-03-04,2.785,0.7,tt0077000,6,2.0,6.0,tt0553304
Dallas,2,2013-03-11,3.559,0.9,tt0077000,7,2.0,7.0,tt0553405
Dallas,2,2013-03-18,2.667,0.8,tt0077000,8,2.0,8.0,tt0553305
Dallas,2,2013-03-25,2.614,0.7,tt0077000,9,2.0,9.0,tt0553429
Dallas,2,2013-04-01,2.603,0.8,tt0077000,10,2.0,10.0,tt0553254
Dallas,2,2013-04-08,1.941,0.6,tt0077000,11,2.0,11.0,tt0553502
Dallas,2,2013-04-08,2.441,0.8,tt0077000,12,2.0,12.0,tt0553313
Dallas,2,2013-04-15,2.822,0.8,tt0077000,13,2.0,13.0,tt0553348
Dallas,2,2013-04-15,2.992,0.9,tt0077000,14,2.0,14.0,tt0553333
Dallas,3,2014-02-24,2.658,0.75,tt0077000,1,3.0,1.0,tt0553512
Dallas,3,2014-03-03,1.934,0.44,tt0077000,2,3.0,2.0,tt0553513
Dallas,3,2014-03-10,1.985,0.40,tt0077000,3,3.0,3.0,tt0553474
Dallas,3,2014-03-17,1.779,0.47,tt0077000,4,3.0,4.0,tt0553410
Dallas,3,2014-03-24,1.787,0.45,tt0077000,5,3.0,5.0,tt0553453
Dallas,3,2014-03-31,1.817,0.44,tt0077000,6,3.0,6.0,tt0762185
Dallas,3,2014-04-07,1.873,0.46,tt0077000,7,3.0,7.0,tt0553457
Dallas,3,2014-04-14,2.053,0.56,tt0077000,8,3.0,8.0,tt0762184
Dallas,3,2014-08-18,1.970,0.45,tt0077000,9,3.0,9.0,tt0553364
Dallas,3,2014-08-25,1.836,0.44,tt0077000,10,3.0,10.0,tt0763141
Dallas,3,,1.931,0.40,tt0077000,11,3.0,11.0,tt0553452
Dallas,3,,1.934,0.42,tt0077000,12,3.0,12.0,tt0763384
Dallas,3,,1.859,0.43,tt0077000,13,3.0,13.0,tt0553367
Dallas,3,,1.718,0.44,tt0077000,14,3.0,14.0,tt0553397
Dallas,3,,1.718,0.44,tt0077000,15,3.0,15.0,tt0553357
Nurse Jackie,1,2009-06-08,1.006,0.4,tt1190689,1,1.0,1.0,tt1434846
Nurse Jackie,1,2009-06-15,1.084,0.4,tt1190689,2,1.0,2.0,tt1437510
Nurse Jackie,1,2009-06-22,0.775,0.3,tt1190689,3,1.0,3.0,tt1437511
Nurse Jackie,1,2009-06-29,0.859,0.4,tt1190689,4,1.0,4.0,tt1437512
Nurse Jackie,1,2009-07-06,0.908,0.4,tt1190689,5,1.0,5.0,tt1437513
Nurse Jackie,1,2009-07-13,0.712,0.3,tt1190689,6,1.0,6.0,tt1437514
Nurse Jackie,1,2009-07-20,0.877,0.4,tt1190689,7,1.0,7.0,tt1437515
Nurse Jackie,1,2009-07-27,0.919,0.4,tt1190689,8,1.0,8.0,tt1437516
Nurse Jackie,1,2009-08-03,1.028,0.5,tt1190689,9,1.0,9.0,tt1437517
Nurse Jackie,1,2009-08-10,0.962,0.4,tt1190689,10,1.0,10.0,tt1437507
Nurse Jackie,1,2009-08-17,1.074,0.5,tt1190689,11,1.0,11.0,tt1437508
Nurse Jackie,1,2009-08-24,0.992,0.4,tt1190689,12,1.0,12.0,tt1437509
Nurse Jackie,2,2010-03-22,1.084,0.6,tt1190689,1,2.0,1.0,tt1577404
Nurse Jackie,2,2010-03-29,0.686,0.3,tt1190689,2,2.0,2.0,tt1597930
Nurse Jackie,2,2010-04-05,0.525,0.2,tt1190689,3,2.0,3.0,tt1583908
Nurse Jackie,2,2010-04-12,0.682,0.3,tt1190689,4,2.0,4.0,tt1583907
Nurse Jackie,2,2010-04-19,0.584,0.3,tt1190689,5,2.0,5.0,tt1597931
Nurse Jackie,2,2010-04-26,0.917,0.4,tt1190689,6,2.0,6.0,tt1598301
Nurse Jackie,2,,0.739,0.3,tt1190689,7,2.0,7.0,tt1583910
Nurse Jackie,2,,0.675,0.3,tt1190689,8,2.0,8.0,tt1583912
Nurse Jackie,2,,0.729,0.3,tt1190689,9,2.0,9.0,tt1598302
Nurse Jackie,2,,0.670,0.3,tt1190689,10,2.0,10.0,tt1597929
Nurse Jackie,2,,0.746,0.3,tt1190689,11,2.0,11.0,tt1583911
Nurse Jackie,2,2010-06-07,0.858,0.4,tt1190689,12,2.0,12.0,tt1583909
Nurse Jackie,3,2011-03-28,0.611,0.2,tt1190689,1,3.0,1.0,tt1627534
Nurse Jackie,3,2011-04-04,0.490,0.2,tt1190689,2,3.0,2.0,tt1627538
Nurse Jackie,3,2011-04-11,0.574,0.2,tt1190689,3,3.0,3.0,tt1627539
Nurse Jackie,3,2011-04-18,0.595,0.2,tt1190689,4,3.0,4.0,tt1627540
Nurse Jackie,3,2011-04-25,0.650,0.2,tt1190689,5,3.0,5.0,tt1627541
Nurse Jackie,3,,0.531,0.2,tt1190689,6,3.0,6.0,tt1627542
Nurse Jackie,3,,0.467,0.2,tt1190689,7,3.0,7.0,tt1627543
Nurse Jackie,3,,0.431,0.2,tt1190689,8,3.0,8.0,tt1627544
Nurse Jackie,3,,0.601,0.3,tt1190689,9,3.0,9.0,tt1627545
Nurse Jackie,3,2011-06-06,0.556,0.2,tt1190689,10,3.0,10.0,tt1627535
Nurse Jackie,3,2011-06-13,0.582,0.3,tt1190689,11,3.0,11.0,tt1627536
Nurse Jackie,3,2011-06-20,0.832,0.3,tt1190689,12,3.0,12.0,tt1627537
Nurse Jackie,4,2012-04-08,0.653,0.3,tt1190689,1,4.0,1.0,tt2087365
Nurse Jackie,4,2012-04-15,0.579,0.2,tt1190689,2,4.0,2.0,tt2142353
Nurse Jackie,4,2012-04-22,0.531,0.2,tt1190689,3,4.0,3.0,tt2138825
Nurse Jackie,4,2012-04-29,0.474,0.2,tt1190689,4,4.0,4.0,tt2138823
Nurse Jackie,4,,0.542,0.2,tt1190689,5,4.0,5.0,tt2142355
Nurse Jackie,4,,0.497,0.2,tt1190689,6,4.0,6.0,tt2142357
Nurse Jackie,4,,0.554,0.2,tt1190689,7,4.0,7.0,tt2108188
Nurse Jackie,4,2012-06-03,0.627,0.2,tt1190689,8,4.0,8.0,tt2138821
Nurse Jackie,4,2012-06-10,0.602,0.2,tt1190689,9,4.0,9.0,tt2118321
Nurse Jackie,4,2012-06-17,0.535,0.2,tt1190689,10,4.0,10.0,tt2151203
Nurse Jackie,5,2013-04-14,0.770,0.30,tt1190689,1,5.0,1.0,tt2187770
Nurse Jackie,5,2013-04-21,0.759,0.3,tt1190689,2,5.0,2.0,tt2747048
Nurse Jackie,5,2013-04-28,0.688,0.26,tt1190689,3,5.0,3.0,tt2747046
Nurse Jackie,5,,0.725,0.32,tt1190689,4,5.0,4.0,tt2492432
Nurse Jackie,5,,0.840,0.30,tt1190689,5,5.0,5.0,tt2822350
Nurse Jackie,5,,0.835,0.26,tt1190689,6,5.0,6.0,tt2846232
Nurse Jackie,5,,0.563,0.17,tt1190689,7,5.0,7.0,tt2846234
Nurse Jackie,5,2013-06-02,0.784,0.33,tt1190689,8,5.0,8.0,tt2579590
Nurse Jackie,5,2013-06-09,0.821,0.3,tt1190689,9,5.0,9.0,tt2569262
Nurse Jackie,5,2013-06-16,0.751,0.3,tt1190689,10,5.0,10.0,tt2878124
Nurse Jackie,6,2014-04-13,0.751,0.22,tt1190689,1,6.0,1.0,tt2965690
Nurse Jackie,6,2014-04-20,0.625,0.2,tt1190689,2,6.0,2.0,tt3350372
Nurse Jackie,6,2014-04-27,0.617,0.22,tt1190689,3,6.0,3.0,tt3453796
Nurse Jackie,6,,0.660,0.24,tt1190689,4,6.0,4.0,tt3303690
Nurse Jackie,6,,0.592,0.20,tt1190689,5,6.0,5.0,tt3294858
Nurse Jackie,6,,0.766,0.23,tt1190689,6,6.0,6.0,tt3471258
Nurse Jackie,6,,0.623,0.19,tt1190689,7,6.0,7.0,tt3547924
Nurse Jackie,6,2014-06-01,0.839,0.21,tt1190689,8,6.0,8.0,tt3547928
Nurse Jackie,6,2014-06-08,0.722,0.19,tt1190689,9,6.0,9.0,tt3547922
Nurse Jackie,6,2014-06-15,0.641,0.21,tt1190689,10,6.0,10.0,tt3547926
Nurse Jackie,6,2014-06-22,0.757,0.26,tt1190689,11,6.0,11.0,tt3791720
Nurse Jackie,6,2014-06-29,0.674,0.20,tt1190689,12,6.0,12.0,tt3791878
Nurse Jackie,7,2015-04-12,0.532,0.16,tt1190689,1,7.0,1.0,tt3640876
Nurse Jackie,7,2015-04-19,0.810,0.25,tt1190689,2,7.0,2.0,tt4028060
Nurse Jackie,7,2015-04-26,0.651,0.18,tt1190689,3,7.0,3.0,tt4029382
Nurse Jackie,7,,0.742,0.25,tt1190689,4,7.0,4.0,tt4030292
Nurse Jackie,7,,0.743,0.20,tt1190689,5,7.0,5.0,tt4034834
Nurse Jackie,7,,0.783,0.19,tt1190689,6,7.0,6.0,tt4037150
Nurse Jackie,7,,0.697,0.22,tt1190689,7,7.0,7.0,tt4041064
Nurse Jackie,7,,0.593,0.17,tt1190689,8,7.0,8.0,tt4042944
Nurse Jackie,7,2015-06-07,0.723,0.28,tt1190689,9,7.0,9.0,tt4043562
Nurse Jackie,7,2015-06-14,0.728,0.20,tt1190689,10,7.0,10.0,tt4045906
Nurse Jackie,7,2015-06-21,0.612,0.17,tt1190689,11,7.0,11.0,tt4047750
Nurse Jackie,7,2015-06-28,0.835,0.25,tt1190689,12,7.0,12.0,tt3950220
The Honourable Woman,1,2014-07-31,0.252,0.02,tt3021686,1,1.0,1.0,tt3038386
The Honourable Woman,1,2014-08-07,0.110,0.02,tt3021686,2,1.0,2.0,tt3038394
The Honourable Woman,1,2014-08-14,0.081,0.014,tt3021686,3,1.0,3.0,tt3038398
The Honourable Woman,1,2014-08-21,0.108,0.01,tt3021686,4,1.0,4.0,tt3038378
The Honourable Woman,1,2014-08-28,0.106,0.02,tt3021686,5,1.0,5.0,tt3038400
The Honourable Woman,1,,0.093,0.0,tt3021686,6,1.0,6.0,tt3038404
The Honourable Woman,1,,0.089,0.0,tt3021686,7,1.0,7.0,tt3038382
The Honourable Woman,1,,0.177,0.014,tt3021686,8,1.0,8.0,tt3691938
Project Runway,1,2004-12-01,0.354,0.2,tt0437741,1,1.0,1.0,tt0830035
Project Runway,1,2004-12-08,0.378,0.2,tt0437741,2,1.0,2.0,tt0828979
Project Runway,1,2004-12-15,0.304,0.1,tt0437741,3,1.0,3.0,tt0830034
Project Runway,1,2005-01-05,1.065,0.6,tt0437741,4,1.0,4.0,tt0830435
Project Runway,1,2005-01-12,1.178,0.6,tt0437741,5,1.0,5.0,tt0830705
Project Runway,1,2005-01-19,1.046,0.6,tt0437741,6,1.0,6.0,tt0830438
Project Runway,1,2005-01-26,1.097,0.6,tt0437741,7,1.0,7.0,tt0830436
Project Runway,1,2005-02-02,1.334,0.7,tt0437741,8,1.0,8.0,tt0830439
Project Runway,1,2005-02-09,0.918,0.5,tt0437741,9,1.0,9.0,tt0830437
Project Runway,1,2005-02-16,1.160,0.7,tt0437741,10,1.0,10.0,tt0830440
Project Runway,1,2005-02-23,2.010,1.0,tt0437741,11,1.0,11.0,tt0679832
Project Runway,2,2005-12-07,0.924,0.5,tt0437741,1,2.0,1.0,tt0762449
Project Runway,2,2005-12-14,1.024,0.6,tt0437741,2,2.0,2.0,tt0834348
Project Runway,2,2005-12-21,1.093,0.6,tt0437741,3,2.0,3.0,tt0834347
Project Runway,2,2006-01-04,1.450,0.8,tt0437741,4,2.0,4.0,tt0834350
Project Runway,2,2006-01-11,1.533,0.9,tt0437741,5,2.0,5.0,tt0834349
Project Runway,2,2006-01-18,1.769,1.1,tt0437741,6,2.0,6.0,tt0836428
Project Runway,2,2006-01-25,1.858,1.1,tt0437741,7,2.0,7.0,tt0679833
Project Runway,2,2006-02-01,2.323,1.3,tt0437741,8,2.0,8.0,tt0836424
Project Runway,2,2006-02-08,1.852,1.0,tt0437741,9,2.0,9.0,tt0836422
Project Runway,2,2006-02-15,2.019,1.1,tt0437741,10,2.0,10.0,tt0836425
Project Runway,2,2006-02-22,1.572,0.9,tt0437741,11,2.0,11.0,tt0836427
Project Runway,2,2006-03-01,1.790,1.0,tt0437741,12,2.0,12.0,tt0836426
Project Runway,2,2006-03-08,3.409,1.9,tt0437741,13,2.0,13.0,tt0825133
Project Runway,3,2006-07-12,2.411,1.2,tt0437741,1,3.0,1.0,tt0836423
Project Runway,3,2006-07-19,2.576,1.4,tt0437741,2,3.0,2.0,tt0836421
Project Runway,3,2006-07-26,2.986,1.6,tt0437741,3,3.0,3.0,tt0836420
Project Runway,3,2006-08-02,3.444,1.7,tt0437741,4,3.0,4.0,tt0839362
Project Runway,3,2006-08-09,3.111,1.6,tt0437741,5,3.0,5.0,tt0865202
Project Runway,3,2006-08-16,2.990,1.5,tt0437741,6,3.0,6.0,tt0865203
Project Runway,3,2006-08-23,3.321,1.7,tt0437741,7,3.0,7.0,tt0865200
Project Runway,3,2006-08-30,3.399,1.8,tt0437741,8,3.0,8.0,tt0865201
Project Runway,3,,3.912,1.9,tt0437741,9,3.0,9.0,tt0865199
Project Runway,3,,3.866,1.9,tt0437741,10,3.0,10.0,tt0865198
Project Runway,3,,3.757,1.9,tt0437741,11,3.0,11.0,tt0871742
Project Runway,3,2006-10-04,2.878,1.5,tt0437741,12,3.0,12.0,tt0876007
Project Runway,3,2006-10-11,3.621,1.7,tt0437741,13,3.0,13.0,tt0882555
Project Runway,3,2006-10-18,5.363,2.6,tt0437741,14,3.0,14.0,tt0884651
Project Runway,4,2007-11-14,2.890,1.5,tt0437741,1,4.0,1.0,tt1023753
Project Runway,4,2007-11-21,2.19,1.1,tt0437741,2,4.0,2.0,tt1023759
Project Runway,4,2007-11-28,2.791,1.5,tt0437741,3,4.0,3.0,tt1023760
Project Runway,4,2007-12-05,3.102,1.7,tt0437741,4,4.0,4.0,tt1023761
Project Runway,4,2007-12-12,3.04,1.6,tt0437741,5,4.0,5.0,tt1023762
Project Runway,4,2008-01-02,2.785,1.4,tt0437741,6,4.0,6.0,tt1023763
Project Runway,4,2008-01-09,3.231,1.7,tt0437741,7,4.0,7.0,tt1023764
Project Runway,4,2008-01-16,3.342,1.9,tt0437741,8,4.0,8.0,tt1023765
Project Runway,4,2008-01-23,3.165,1.7,tt0437741,9,4.0,9.0,tt1023766
Project Runway,4,2008-02-06,3.63,1.8,tt0437741,10,4.0,10.0,tt1023754
Project Runway,4,2008-02-13,3.826,2.0,tt0437741,11,4.0,11.0,tt1023755
Project Runway,4,2008-02-20,2.92,1.6,tt0437741,12,4.0,12.0,tt1023756
Project Runway,4,2008-02-27,3.96,2.1,tt0437741,13,4.0,13.0,tt1023757
Project Runway,4,2008-03-05,5.181,2.9,tt0437741,14,4.0,14.0,tt1023758
Project Runway,5,2008-07-16,2.915,1.4,tt0437741,1,5.0,1.0,tt1245594
Project Runway,5,2008-07-23,2.621,1.3,tt0437741,2,5.0,2.0,tt1245600
Project Runway,5,2008-07-30,3.287,1.6,tt0437741,3,5.0,3.0,tt1245601
Project Runway,5,2008-08-06,3.44,1.7,tt0437741,4,5.0,4.0,tt1245602
Project Runway,5,2008-08-13,3.251,1.5,tt0437741,5,5.0,5.0,tt1245603
Project Runway,5,2008-08-20,3.202,1.7,tt0437741,6,5.0,6.0,tt1245604
Project Runway,5,2008-08-27,3.547,1.8,tt0437741,7,5.0,7.0,tt1245605
Project Runway,5,,3.264,1.7,tt0437741,8,5.0,8.0,tt1245606
Project Runway,5,,3.864,2.0,tt0437741,9,5.0,9.0,tt1245607
Project Runway,5,,3.989,2.1,tt0437741,10,5.0,10.0,tt1245595
Project Runway,5,,3.70,2.0,tt0437741,11,5.0,11.0,tt1245596
Project Runway,5,2008-10-01,4.014,2.1,tt0437741,12,5.0,12.0,tt1245597
Project Runway,5,2008-10-08,4.226,2.1,tt0437741,13,5.0,13.0,tt1245598
Project Runway,5,2008-10-15,4.787,2.4,tt0437741,14,5.0,14.0,tt1245599
Project Runway,6,2009-08-20,2.92,1.3,tt0437741,1,6.0,1.0,tt1476734
Project Runway,6,2009-08-20,4.233,1.8,tt0437741,2,6.0,2.0,tt1476739
Project Runway,6,2009-08-27,3.488,1.6,tt0437741,3,6.0,3.0,tt1476740
Project Runway,6,,3.18,1.4,tt0437741,4,6.0,4.0,tt1476741
Project Runway,6,,3.12,1.4,tt0437741,5,6.0,5.0,tt1476742
Project Runway,6,,3.620,1.6,tt0437741,6,6.0,6.0,tt1476743
Project Runway,6,,2.872,1.3,tt0437741,7,6.0,7.0,tt1476744
Project Runway,6,2009-10-01,2.810,1.3,tt0437741,8,6.0,8.0,tt1476745
Project Runway,6,2009-10-08,3.218,1.5,tt0437741,9,6.0,9.0,tt1476746
Project Runway,6,2009-10-15,2.966,1.3,tt0437741,10,6.0,10.0,tt1476735
Project Runway,6,2009-10-22,3.020,1.3,tt0437741,11,6.0,11.0,tt1476736
Project Runway,6,2009-10-29,3.245,1.4,tt0437741,12,6.0,12.0,tt1476737
Project Runway,6,2009-11-05,2.831,1.3,tt0437741,13,6.0,13.0,tt1476738
Project Runway,6,2009-11-12,3.125,1.4,tt0437741,14,6.0,14.0,tt1547161
Project Runway,6,2009-11-19,4.276,1.9,tt0437741,15,,,
Project Runway,7,2010-01-14,2.941,1.3,tt0437741,1,7.0,1.0,tt1567960
Project Runway,7,2010-01-21,2.705,1.1,tt0437741,2,7.0,2.0,tt1585111
Project Runway,7,2010-01-28,3.400,1.4,tt0437741,3,7.0,3.0,tt1585112
Project Runway,7,2010-02-04,2.745,1.2,tt0437741,4,7.0,4.0,tt1585105
Project Runway,7,2010-02-11,2.916,1.2,tt0437741,5,7.0,5.0,tt1585106
Project Runway,7,2010-02-18,2.293,1.0,tt0437741,6,7.0,6.0,tt1585107
Project Runway,7,2010-03-04,2.377,0.9,tt0437741,7,7.0,7.0,tt1585108
Project Runway,7,2010-03-11,2.541,1.0,tt0437741,8,7.0,8.0,tt1585109
Project Runway,7,2010-03-18,2.980,1.2,tt0437741,9,7.0,9.0,tt1585110
Project Runway,7,2010-03-25,2.824,1.1,tt0437741,10,7.0,10.0,tt1585102
Project Runway,7,2010-04-01,3.010,1.2,tt0437741,11,7.0,11.0,tt1585103
Project Runway,7,2010-04-08,3.370,1.4,tt0437741,12,7.0,12.0,tt1585104
Project Runway,7,2010-04-15,2.979,1.1,tt0437741,13,7.0,13.0,tt1636262
Project Runway,7,2010-04-22,3.804,1.5,tt0437741,14,7.0,14.0,tt1636263
Project Runway,8,2010-07-29,2.546,1.1,tt0437741,1,8.0,1.0,tt1697297
Project Runway,8,2010-08-05,2.625,1.0,tt0437741,2,8.0,2.0,tt1697299
Project Runway,8,2010-08-12,3.061,1.2,tt0437741,3,8.0,3.0,tt1697298
Project Runway,8,2010-08-19,3.439,1.4,tt0437741,4,8.0,4.0,tt1724389
Project Runway,8,2010-08-26,3.216,1.3,tt0437741,5,8.0,5.0,tt1733960
Project Runway,8,,4.002,1.7,tt0437741,6,8.0,6.0,tt1733961
Project Runway,8,,3.528,1.5,tt0437741,7,8.0,7.0,tt1722803
Project Runway,8,,3.475,1.4,tt0437741,8,8.0,8.0,tt1729988
Project Runway,8,,3.055,1.2,tt0437741,9,8.0,9.0,tt1751454
Project Runway,8,,3.309,1.2,tt0437741,10,8.0,10.0,tt1751455
Project Runway,8,2010-10-07,3.129,1.1,tt0437741,11,8.0,11.0,tt1751453
Project Runway,8,2010-10-14,3.490,1.3,tt0437741,12,8.0,12.0,tt1751456
Project Runway,8,2010-10-21,3.550,1.4,tt0437741,13,8.0,13.0,tt2076611
Project Runway,8,2010-10-28,3.749,1.5,tt0437741,14,8.0,14.0,tt2076612
Project Runway,9,2011-07-28,2.750,1.1,tt0437741,1,9.0,1.0,tt1986612
Project Runway,9,2011-08-04,2.789,1.1,tt0437741,2,9.0,2.0,tt2000141
Project Runway,9,2011-08-11,2.806,1.1,tt0437741,3,9.0,3.0,tt2044426
Project Runway,9,2011-08-18,3.106,1.2,tt0437741,4,9.0,4.0,tt2044425
Project Runway,9,2011-08-25,3.318,1.4,tt0437741,5,9.0,5.0,tt2047297
Project Runway,9,,3.216,1.2,tt0437741,6,9.0,6.0,tt2060092
Project Runway,9,,2.549,0.9,tt0437741,7,9.0,7.0,tt2037707
Project Runway,9,,3.146,1.2,tt0437741,8,9.0,8.0,tt2062314
Project Runway,9,,2.411,0.8,tt0437741,9,9.0,9.0,tt2054440
Project Runway,9,,2.725,0.9,tt0437741,10,9.0,10.0,tt2076613
Project Runway,9,2011-10-06,2.920,1.0,tt0437741,11,9.0,11.0,tt2068503
Project Runway,9,2011-10-13,2.709,0.9,tt0437741,12,9.0,12.0,tt2092266
Project Runway,9,2011-10-20,2.982,1.1,tt0437741,13,9.0,13.0,tt2080048
Project Runway,9,2011-10-27,2.997,1.1,tt0437741,14,9.0,14.0,tt2110172
Project Runway,10,2012-07-19,1.194,0.5,tt0437741,1,10.0,1.0,tt2253904
Project Runway,10,2012-07-19,2.013,0.8,tt0437741,2,10.0,2.0,tt2268828
Project Runway,10,2012-07-26,2.032,0.7,tt0437741,3,10.0,3.0,tt2289410
Project Runway,10,2012-08-02,1.789,0.7,tt0437741,4,10.0,4.0,tt2289408
Project Runway,10,2012-08-09,2.027,0.7,tt0437741,5,10.0,5.0,tt2356768
Project Runway,10,2012-08-16,2.433,0.9,tt0437741,6,10.0,6.0,tt2356770
Project Runway,10,2012-08-23,2.688,1.0,tt0437741,7,10.0,7.0,tt2356760
Project Runway,10,2012-08-30,2.564,1.0,tt0437741,8,10.0,8.0,tt2370030
Project Runway,10,,2.115,0.8,tt0437741,9,10.0,9.0,tt2387154
Project Runway,10,,2.094,0.8,tt0437741,10,10.0,10.0,tt2427562
Project Runway,10,,2.269,0.8,tt0437741,11,10.0,11.0,tt2428088
Project Runway,10,,2.066,0.8,tt0437741,12,10.0,12.0,tt2428096
Project Runway,10,2012-10-04,1.907,0.6,tt0437741,13,10.0,13.0,tt2452858
Project Runway,10,2012-10-11,1.917,0.7,tt0437741,14,10.0,14.0,tt2467324
Project Runway,10,2012-10-18,2.404,0.8,tt0437741,15,,,
Project Runway,11,2013-01-24,1.202,0.4,tt0437741,1,11.0,1.0,tt2639516
Project Runway,11,2013-01-24,1.890,0.6,tt0437741,2,11.0,2.0,tt2661370
Project Runway,11,2013-01-31,1.803,0.6,tt0437741,3,11.0,3.0,tt2673260
Project Runway,11,2013-02-07,1.988,0.6,tt0437741,4,11.0,4.0,tt2673262
Project Runway,11,2013-02-14,1.760,0.6,tt0437741,5,11.0,5.0,tt2673264
Project Runway,11,2013-02-21,1.617,0.5,tt0437741,6,11.0,6.0,tt2714590
Project Runway,11,2013-02-28,1.943,0.6,tt0437741,7,11.0,7.0,tt2746046
Project Runway,11,2013-03-07,2.294,0.8,tt0437741,8,11.0,8.0,tt2746040
Project Runway,11,2013-03-14,1.777,0.5,tt0437741,9,11.0,9.0,tt2746044
Project Runway,11,2013-03-21,2.192,0.6,tt0437741,10,11.0,10.0,tt2780102
Project Runway,11,2013-03-28,2.066,0.6,tt0437741,11,11.0,11.0,tt2802756
Project Runway,11,2013-04-04,1.868,0.5,tt0437741,12,11.0,12.0,tt2802708
Project Runway,11,2013-04-11,2.236,0.7,tt0437741,13,11.0,13.0,tt2802714
Project Runway,11,2013-04-18,2.317,0.7,tt0437741,14,11.0,14.0,tt2802750
Project Runway,11,2013-04-25,2.283,0.7,tt0437741,15,11.0,15.0,tt2879638
Project Runway,11,,1.169,0.4,tt0437741,16,,,
Project Runway,12,2013-07-18,1.330,0.4,tt0437741,1,12.0,1.0,tt3009204
Project Runway,12,2013-07-18,1.736,0.5,tt0437741,2,12.0,2.0,tt3009216
Project Runway,12,2013-07-25,2.014,0.7,tt0437741,3,12.0,3.0,tt3009224
Project Runway,12,2013-08-01,2.034,0.6,tt0437741,4,12.0,4.0,tt3009264
Project Runway,12,2013-08-08,2.104,0.7,tt0437741,5,12.0,5.0,tt3129514
Project Runway,12,2013-08-15,2.410,0.9,tt0437741,6,12.0,6.0,tt3134474
Project Runway,12,2013-08-22,2.245,0.7,tt0437741,7,12.0,7.0,tt3134478
Project Runway,12,2013-08-29,2.403,0.8,tt0437741,8,12.0,8.0,tt3164516
Project Runway,12,,2.338,0.7,tt0437741,9,12.0,9.0,tt3164520
Project Runway,12,,2.224,0.7,tt0437741,10,12.0,10.0,tt3164522
Project Runway,12,,2.611,0.91,tt0437741,11,12.0,11.0,tt3164524
Project Runway,12,,1.980,0.60,tt0437741,12,12.0,12.0,tt3226068
Project Runway,12,2013-10-03,2.038,0.64,tt0437741,13,12.0,13.0,tt3226070
Project Runway,12,2013-10-10,2.273,0.75,tt0437741,14,12.0,14.0,tt3226072
Project Runway,12,2013-10-17,2.682,0.88,tt0437741,15,12.0,15.0,tt3277254
Project Runway,12,2013-10-24,1.510,0.43,tt0437741,16,,,
Project Runway,13,2014-07-24,1.058,0.3,tt0437741,1,13.0,1.0,tt3824194
Project Runway,13,2014-07-24,1.644,0.5,tt0437741,2,13.0,2.0,tt3955906
Project Runway,13,2014-07-31,1.921,0.60,tt0437741,3,13.0,3.0,tt3955898
Project Runway,13,2014-08-07,2.008,0.61,tt0437741,4,13.0,4.0,tt3953088
Project Runway,13,2014-08-14,1.877,0.61,tt0437741,5,13.0,5.0,tt4063332
Project Runway,13,2014-08-21,2.366,0.75,tt0437741,6,13.0,6.0,tt4063346
Project Runway,13,2014-08-28,2.237,0.77,tt0437741,7,13.0,7.0,tt4063350
Project Runway,13,,1.969,0.60,tt0437741,8,13.0,8.0,tt4034110
Project Runway,13,,2.459,0.80,tt0437741,9,13.0,9.0,tt4063374
Project Runway,13,,2.430,0.74,tt0437741,10,13.0,10.0,tt4134538
Project Runway,13,,2.238,0.63,tt0437741,11,13.0,11.0,tt4134540
Project Runway,13,2014-10-02,2.184,0.67,tt0437741,12,13.0,12.0,tt4116122
Project Runway,13,2014-10-09,2.329,0.70,tt0437741,13,13.0,13.0,tt4134546
Project Runway,13,2014-10-16,2.334,0.71,tt0437741,14,13.0,14.0,tt4134548
Project Runway,13,2014-10-23,2.629,0.84,tt0437741,15,13.0,15.0,tt4134550
Project Runway,13,2014-10-30,1.360,0.39,tt0437741,16,,,
Project Runway,14,2015-08-06,1.185,0.34,tt0437741,1,14.0,1.0,tt4903548
Project Runway,14,2015-08-06,1.661,0.47,tt0437741,2,14.0,2.0,tt4926950
Project Runway,14,2015-08-13,1.934,0.54,tt0437741,3,14.0,3.0,tt4944438
Project Runway,14,2015-08-20,1.785,0.47,tt0437741,4,14.0,4.0,tt4967426
Project Runway,14,2015-08-27,1.953,0.52,tt0437741,5,14.0,5.0,tt4991692
Project Runway,14,,2.029,0.66,tt0437741,6,14.0,6.0,tt4991700
Project Runway,14,,2.249,0.67,tt0437741,7,14.0,7.0,tt5009162
Project Runway,14,,2.212,0.64,tt0437741,8,14.0,8.0,tt5032054
Project Runway,14,,2.177,0.63,tt0437741,9,14.0,9.0,tt5071888
Project Runway,14,2015-10-01,2.202,0.57,tt0437741,10,14.0,10.0,tt5080146
Project Runway,14,2015-10-08,2.171,0.66,tt0437741,11,14.0,11.0,tt5080148
Project Runway,14,2015-10-15,2.339,0.76,tt0437741,12,14.0,12.0,tt5080154
Project Runway,14,2015-10-22,2.516,0.77,tt0437741,13,14.0,13.0,tt5154720
Project Runway,14,2015-10-29,2.289,0.64,tt0437741,14,14.0,14.0,tt5180790
Project Runway,14,2015-11-05,2.516,0.78,tt0437741,15,14.0,15.0,tt5180792
Project Runway,14,2015-11-12,1.276,0.38,tt0437741,16,,,
Project Runway,14,2015-11-19,0.846,0.21,tt0437741,17,,,
Project Runway,15,,1.360,0.33,tt0437741,1,15.0,1.0,tt6029792
Project Runway,15,,1.721,0.40,tt0437741,2,15.0,2.0,tt6171814
Project Runway,15,,1.769,0.44,tt0437741,3,15.0,3.0,tt6171820
Project Runway,15,,1.809,0.47,tt0437741,4,15.0,4.0,tt6171828
Project Runway,15,2016-10-06,1.969,0.51,tt0437741,5,15.0,5.0,tt6171838
Project Runway,15,2016-10-13,1.769,0.45,tt0437741,6,15.0,6.0,tt6171840
Project Runway,15,2016-10-20,1.797,0.45,tt0437741,7,15.0,7.0,tt6185260
Project Runway,15,2016-10-27,1.795,0.44,tt0437741,8,15.0,8.0,tt6199754
Project Runway,15,2016-11-03,1.868,0.46,tt0437741,9,15.0,9.0,tt6220864
Project Runway,15,2016-11-10,1.918,0.48,tt0437741,10,15.0,10.0,tt6259898
Project Runway,15,2016-11-17,1.856,0.46,tt0437741,11,15.0,11.0,tt6260038
Project Runway,15,2016-12-01,1.792,0.47,tt0437741,12,15.0,12.0,tt6318196
Project Runway,15,2016-12-08,1.960,0.53,tt0437741,13,15.0,13.0,tt6321880
Project Runway,15,2016-12-15,1.733,0.40,tt0437741,14,15.0,14.0,tt6543780
Project Runway,15,2016-12-22,1.785,0.37,tt0437741,15,15.0,15.0,tt7358882
Project Runway,15,2016-12-29,0.993,0.21,tt0437741,16,,,
Project Runway,16,2017-08-10,0.876,0.21,tt0437741,1,16.0,1.0,tt7284176
Project Runway,16,2017-08-17,1.603,0.44,tt0437741,2,16.0,2.0,tt7284182
Project Runway,16,2017-08-24,1.572,0.40,tt0437741,3,16.0,3.0,tt7284186
Project Runway,16,2017-08-31,1.637,0.42,tt0437741,4,16.0,4.0,tt7284188
Project Runway,16,,1.546,0.40,tt0437741,5,16.0,5.0,tt7284190
Project Runway,16,,1.789,0.46,tt0437741,6,16.0,6.0,tt7284192
Project Runway,16,,1.935,0.52,tt0437741,7,16.0,7.0,tt7449670
Project Runway,16,,1.668,0.41,tt0437741,8,16.0,8.0,tt7531256
Project Runway,16,2017-10-05,1.919,0.49,tt0437741,9,16.0,9.0,tt7531262
Project Runway,16,2017-10-12,1.971,0.50,tt0437741,10,16.0,10.0,tt7531266
Project Runway,16,2017-10-19,1.788,0.47,tt0437741,11,16.0,11.0,tt7534494
Project Runway,16,2017-10-26,1.909,0.46,tt0437741,12,16.0,12.0,tt7560320
Project Runway,16,2017-11-02,1.812,0.48,tt0437741,13,16.0,13.0,tt7697800
Project Runway,16,2017-11-09,1.668,0.39,tt0437741,14,16.0,14.0,tt7697810
Project Runway,16,2017-11-16,1.898,0.50,tt0437741,15,16.0,15.0,tt7697816
Project Runway,16,2017-11-30,0.893,0.20,tt0437741,16,,,
Project Runway,17,2019-03-14,1.017,0.24,tt0437741,1,17.0,1.0,tt8594002
Project Runway,17,2019-03-21,1.026,0.23,tt0437741,2,17.0,2.0,tt10006448
Project Runway,17,2019-03-28,0.950,0.22,tt0437741,3,17.0,3.0,tt10250660
Project Runway,17,2019-04-04,0.941,0.21,tt0437741,4,17.0,4.0,tt10250662
Project Runway,17,2019-04-11,1.030,0.22,tt0437741,5,17.0,5.0,tt10250664
Project Runway,17,2019-04-18,0.859,0.21,tt0437741,6,17.0,6.0,tt10250666
Project Runway,17,2019-04-25,0.977,0.25,tt0437741,7,17.0,7.0,tt10250668
Project Runway,17,,0.921,0.21,tt0437741,8,17.0,8.0,tt10397808
Project Runway,17,,0.869,0.20,tt0437741,9,17.0,9.0,tt10397864
Project Runway,17,,0.886,0.21,tt0437741,10,17.0,10.0,tt10426752
Project Runway,17,,1.022,0.25,tt0437741,11,17.0,11.0,tt10426754
Project Runway,17,,1.104,0.21,tt0437741,12,17.0,12.0,tt10426764
Project Runway,17,2019-06-06,1.212,0.25,tt0437741,13,17.0,13.0,tt10467952
Project Runway,17,2019-06-13,1.307,0.30,tt0437741,14,17.0,14.0,tt10467958
Project Runway,18,2019-12-05,0.867,0.17,tt0437741,1,18.0,1.0,tt11495192
Project Runway,18,2019-12-12,0.980,0.19,tt0437741,2,18.0,2.0,tt11498054
Project Runway,18,2019-12-19,0.836,0.21,tt0437741,3,18.0,3.0,tt11932470
Project Runway,18,2020-01-02,1.155,0.25,tt0437741,4,18.0,4.0,tt11932504
Project Runway,18,2020-01-09,1.173,0.23,tt0437741,5,18.0,5.0,tt11932530
Project Runway,18,2020-01-16,1.174,0.24,tt0437741,6,18.0,6.0,tt11932556
Project Runway,18,2020-01-23,1.184,0.24,tt0437741,7,18.0,7.0,tt11932584
Project Runway,18,2020-01-30,1.235,0.26,tt0437741,8,18.0,8.0,tt11932760
Project Runway,18,2020-02-06,1.264,0.26,tt0437741,9,18.0,9.0,tt11932778
Project Runway,18,2020-02-13,1.189,0.22,tt0437741,10,18.0,10.0,tt11932790
Project Runway,18,2020-02-20,1.364,0.27,tt0437741,11,18.0,11.0,tt11932800
Project Runway,18,2020-02-27,1.198,0.24,tt0437741,12,18.0,12.0,tt11932846
Project Runway,18,2020-03-05,1.257,0.25,tt0437741,13,18.0,13.0,tt11932858
Project Runway,18,2020-03-12,1.424,0.32,tt0437741,14,18.0,14.0,tt11932866
Project Runway,19,2021-10-14,0.841,0.16,tt0437741,1,19.0,1.0,tt14495456
Project Runway,19,2021-10-21,0.694,0.13,tt0437741,2,19.0,2.0,tt15687634
Project Runway,19,2021-10-28,0.796,0.15,tt0437741,3,19.0,3.0,tt15743332
Project Runway,19,2021-11-04,0.917,0.16,tt0437741,4,19.0,4.0,tt15798506
Project Runway,19,2021-11-11,0.907,0.16,tt0437741,5,19.0,5.0,tt15798512
Project Runway,19,2021-11-18,0.877,0.16,tt0437741,6,19.0,6.0,tt15798514
Project Runway,19,2021-12-02,0.826,0.12,tt0437741,7,19.0,7.0,tt16161240
Project Runway,19,2021-12-09,0.794,0.12,tt0437741,8,19.0,8.0,tt16310424
Project Runway,19,2021-12-16,0.833,0.14,tt0437741,9,19.0,9.0,tt16409938
Project Runway,19,2022-01-06,1.027,0.20,tt0437741,10,19.0,10.0,tt16450668
Project Runway,19,2022-01-13,1.002,0.19,tt0437741,11,19.0,11.0,tt16968020
Project Runway,19,2022-01-20,1.093,0.17,tt0437741,12,19.0,12.0,tt17047196
Project Runway,19,2022-01-27,1.204,0.20,tt0437741,13,19.0,13.0,tt17278836
Project Runway,19,2022-02-03,1.073,0.18,tt0437741,14,19.0,14.0,tt17491832
Project Runway,20,2023-06-14,0.502,0.11,tt0437741,1,20.0,1.0,tt27709450
Project Runway,20,2023-06-15,0.717,0.14,tt0437741,2,20.0,2.0,tt28079810
Project Runway,20,2023-06-22,0.686,0.10,tt0437741,3,20.0,3.0,tt28079811
Project Runway,20,2023-06-29,0.696,0.12,tt0437741,4,20.0,4.0,tt28079814
Project Runway,20,2023-07-06,0.791,0.12,tt0437741,5,20.0,5.0,tt28079813
Project Runway,20,2023-07-13,0.686,0.09,tt0437741,6,20.0,6.0,tt28310194
Project Runway,20,2023-07-20,0.755,0.10,tt0437741,7,20.0,7.0,tt28310203
Project Runway,20,2023-07-27,0.782,0.11,tt0437741,8,20.0,8.0,tt28310207
Project Runway,20,2023-08-03,0.871,0.12,tt0437741,9,20.0,9.0,tt28310208
Project Runway,20,2023-08-10,0.716,0.12,tt0437741,10,20.0,10.0,tt28310211
Project Runway,20,2023-08-17,0.852,0.13,tt0437741,11,20.0,11.0,tt28657854
Project Runway,20,2023-08-24,0.779,0.10,tt0437741,12,20.0,12.0,tt28657855
Project Runway,20,2023-08-31,0.890,0.12,tt0437741,13,20.0,13.0,tt28657858
Project Runway,20,,0.911,0.13,tt0437741,14,20.0,14.0,tt28834482
Tell Me You Love Me,1,,0.910,0.3,tt0809497,1,1.0,1.0,tt0895630
Tell Me You Love Me,1,,0.793,0.4,tt0809497,2,1.0,2.0,tt0895628
Tell Me You Love Me,1,,0.958,0.4,tt0809497,3,1.0,3.0,tt0895629
Tell Me You Love Me,1,,0.723,0.3,tt0809497,4,1.0,4.0,tt0902192
Tell Me You Love Me,1,2007-10-07,0.716,0.3,tt0809497,5,1.0,5.0,tt0902193
Tell Me You Love Me,1,2007-10-14,0.687,0.3,tt0809497,6,1.0,6.0,tt0900207
Tell Me You Love Me,1,2007-10-21,0.710,0.3,tt0809497,7,1.0,7.0,tt0902194
Tell Me You Love Me,1,2007-10-28,0.720,0.3,tt0809497,8,1.0,8.0,tt0902195
Tell Me You Love Me,1,2007-11-04,0.615,0.2,tt0809497,9,1.0,9.0,tt0902196
Tell Me You Love Me,1,2007-11-11,0.838,0.4,tt0809497,10,1.0,10.0,tt0902191
The Tudors,1,2007-04-01,0.869,0.3,tt0758790,1,1.0,1.0,tt0987812
The Tudors,1,2007-04-08,0.464,0.2,tt0758790,2,1.0,2.0,tt0987813
The Tudors,1,2007-04-15,0.350,0.1,tt0758790,3,1.0,3.0,tt0997130
The Tudors,1,2007-04-22,0.601,0.2,tt0758790,4,1.0,4.0,tt0997131
The Tudors,1,2007-04-29,0.592,0.2,tt0758790,5,1.0,5.0,tt0997132
The Tudors,1,,0.599,0.2,tt0758790,6,1.0,6.0,tt0997133
The Tudors,1,,0.460,0.1,tt0758790,7,1.0,7.0,tt0997134
The Tudors,1,,0.424,0.2,tt0758790,8,1.0,8.0,tt0997135
The Tudors,1,2007-06-03,0.396,0.1,tt0758790,9,1.0,9.0,tt0997136
The Tudors,1,2007-06-10,0.465,0.2,tt0758790,10,1.0,10.0,tt0997129
The Tudors,2,2008-03-30,0.768,-,tt0758790,1,2.0,1.0,tt1014043
The Tudors,2,2008-04-06,0.487,0.19,tt0758790,2,2.0,2.0,tt1014045
The Tudors,2,2008-04-13,0.586,0.20,tt0758790,3,2.0,3.0,tt1014046
The Tudors,2,2008-04-20,0.515,0.19,tt0758790,4,2.0,4.0,tt1014047
The Tudors,2,2008-04-27,0.670,0.24,tt0758790,5,2.0,5.0,tt1014048
The Tudors,2,,0.649,-,tt0758790,6,2.0,6.0,tt1014049
The Tudors,2,,0.483,0.10,tt0758790,7,2.0,7.0,tt1014050
The Tudors,2,,0.701,0.22,tt0758790,8,2.0,8.0,tt1014051
The Tudors,2,,0.675,0.22,tt0758790,9,2.0,9.0,tt1014052
The Tudors,2,2008-06-01,0.852,-,tt0758790,10,2.0,10.0,tt1014044
The Tudors,3,2009-04-05,0.726,-,tt0758790,1,3.0,1.0,tt1384333
The Tudors,3,2009-04-12,0.872,0.31,tt0758790,2,3.0,2.0,tt1390788
The Tudors,3,2009-04-19,0.649,0.18,tt0758790,3,3.0,3.0,tt1401057
The Tudors,3,2009-04-26,0.700,0.17,tt0758790,4,3.0,4.0,tt1401058
The Tudors,3,,0.520,0.14,tt0758790,5,3.0,5.0,tt1401059
The Tudors,3,,0.622,0.15,tt0758790,6,3.0,6.0,tt1401060
The Tudors,3,,0.504,0.13,tt0758790,7,3.0,7.0,tt1401061
The Tudors,3,,0.366,-,tt0758790,8,3.0,8.0,tt1401062
The Tudors,4,2010-04-11,0.883,0.3,tt0758790,1,4.0,1.0,tt1619578
The Tudors,4,2010-04-18,0.739,0.3,tt0758790,2,4.0,2.0,tt1621746
The Tudors,4,2010-04-25,0.887,0.3,tt0758790,3,4.0,3.0,tt1647295
The Tudors,4,,0.902,0.4,tt0758790,4,4.0,4.0,tt1651851
The Tudors,4,,0.929,0.4,tt0758790,5,4.0,5.0,tt1653119
The Tudors,4,,0.819,0.3,tt0758790,6,4.0,6.0,tt1652941
The Tudors,4,,0.948,0.3,tt0758790,7,4.0,7.0,tt1629166
The Tudors,4,2010-06-06,0.991,0.4,tt0758790,8,4.0,8.0,tt1661000
The Tudors,4,2010-06-13,0.724,0.3,tt0758790,9,4.0,9.0,tt1672555
The Tudors,4,2010-06-20,0.682,0.3,tt0758790,10,4.0,10.0,tt1672554
Eye Candy,1,2015-01-12,0.589,0.24,tt3186162,1,1.0,1.0,tt3733234
Eye Candy,1,2015-01-19,0.626,0.24,tt3186162,2,1.0,2.0,tt3534412
Eye Candy,1,2015-01-26,0.521,0.19,tt3186162,3,1.0,3.0,tt3534414
Eye Candy,1,2015-02-02,0.604,0.25,tt3186162,4,1.0,4.0,tt3534420
Eye Candy,1,2015-02-09,0.619,0.27,tt3186162,5,1.0,5.0,tt3534416
Eye Candy,1,2015-02-16,0.707,0.28,tt3186162,6,1.0,6.0,tt3534418
Eye Candy,1,2015-02-23,0.601,0.29,tt3186162,7,1.0,7.0,tt3534422
Eye Candy,1,2015-03-02,0.579,0.28,tt3186162,8,1.0,8.0,tt3534428
Eye Candy,1,2015-03-09,0.525,0.24,tt3186162,9,1.0,9.0,tt3534424
Eye Candy,1,2015-03-16,0.541,0.24,tt3186162,10,1.0,10.0,tt3534426
Dirk Gently's Holistic Detective Agency,1,2016-10-22,0.437,0.12,tt4047038,1,1.0,1.0,tt5753436
Dirk Gently's Holistic Detective Agency,1,2016-10-29,0.293,0.10,tt4047038,2,1.0,2.0,tt5753452
Dirk Gently's Holistic Detective Agency,1,2016-11-05,0.297,0.09,tt4047038,3,1.0,3.0,tt5753468
Dirk Gently's Holistic Detective Agency,1,2016-11-12,0.248,0.08,tt4047038,4,1.0,4.0,tt5753470
Dirk Gently's Holistic Detective Agency,1,2016-11-19,0.240,0.05,tt4047038,5,1.0,5.0,tt5753474
Dirk Gently's Holistic Detective Agency,1,2016-11-26,0.198,0.08,tt4047038,6,1.0,6.0,tt5753484
Dirk Gently's Holistic Detective Agency,1,2016-12-03,0.307,0.11,tt4047038,7,1.0,7.0,tt5753440
Dirk Gently's Holistic Detective Agency,1,2016-12-10,0.277,0.09,tt4047038,8,1.0,8.0,tt5753444
Dirk Gently's Holistic Detective Agency,2,2017-10-14,0.235,0.07,tt4047038,1,2.0,1.0,tt6270840
Dirk Gently's Holistic Detective Agency,2,2017-10-21,0.245,0.07,tt4047038,2,2.0,2.0,tt6547556
Dirk Gently's Holistic Detective Agency,2,2017-10-28,0.219,0.07,tt4047038,3,2.0,3.0,tt6954146
Dirk Gently's Holistic Detective Agency,2,2017-11-04,0.212,0.07,tt4047038,4,2.0,4.0,tt6954148
Dirk Gently's Holistic Detective Agency,2,2017-11-11,0.248,0.06,tt4047038,5,2.0,5.0,tt7127456
Dirk Gently's Holistic Detective Agency,2,2017-11-18,0.256,0.06,tt4047038,6,2.0,6.0,tt7126384
Dirk Gently's Holistic Detective Agency,2,2017-11-25,0.282,0.09,tt4047038,7,2.0,7.0,tt7131502
Dirk Gently's Holistic Detective Agency,2,2017-12-02,0.259,0.07,tt4047038,8,2.0,8.0,tt7134498
Dirk Gently's Holistic Detective Agency,2,2017-12-09,0.280,0.07,tt4047038,9,2.0,9.0,tt7313414
Dirk Gently's Holistic Detective Agency,2,2017-12-16,0.250,0.06,tt4047038,10,2.0,10.0,tt6427128
The Newsroom,1,2012-06-24,2.139,1.0,tt1870479,1,1.0,1.0,tt2289479
The Newsroom,1,2012-07-01,1.676,0.7,tt1870479,2,1.0,2.0,tt2299121
The Newsroom,1,2012-07-08,2.211,0.9,tt1870479,3,1.0,3.0,tt2299123
The Newsroom,1,2012-07-15,1.940,0.9,tt1870479,4,1.0,4.0,tt2270947
The Newsroom,1,2012-07-22,1.954,0.9,tt1870479,5,1.0,5.0,tt2299125
The Newsroom,1,2012-07-29,1.739,0.7,tt1870479,6,1.0,6.0,tt2299127
The Newsroom,1,2012-08-05,1.758,0.8,tt1870479,7,1.0,7.0,tt2280877
The Newsroom,1,2012-08-12,1.838,0.8,tt1870479,8,1.0,8.0,tt2362655
The Newsroom,1,2012-08-19,1.964,0.9,tt1870479,9,1.0,9.0,tt2362657
The Newsroom,1,2012-08-26,2.304,1.0,tt1870479,10,1.0,10.0,tt2391725
The Newsroom,2,2013-07-14,2.221,0.9,tt1870479,1,2.0,1.0,tt2288440
The Newsroom,2,2013-07-21,1.882,0.8,tt1870479,2,2.0,2.0,tt2554692
The Newsroom,2,2013-07-28,1.804,0.8,tt1870479,3,2.0,3.0,tt2987146
The Newsroom,2,2013-08-04,1.618,0.7,tt1870479,4,2.0,4.0,tt2989418
The Newsroom,2,2013-08-11,1.815,0.8,tt1870479,5,2.0,5.0,tt2978644
The Newsroom,2,2013-08-18,1.887,0.8,tt1870479,6,2.0,6.0,tt3067864
The Newsroom,2,2013-08-25,1.473,0.6,tt1870479,7,2.0,7.0,tt3067860
The Newsroom,2,,1.756,0.8,tt1870479,8,2.0,8.0,tt3067868
The Newsroom,2,,1.671,0.7,tt1870479,9,2.0,9.0,tt3067866
The Newsroom,3,2014-11-09,1.207,0.45,tt1870479,1,3.0,1.0,tt3251486
The Newsroom,3,2014-11-16,1.278,0.53,tt1870479,2,3.0,2.0,tt3680804
The Newsroom,3,2014-11-23,1.188,0.51,tt1870479,3,3.0,3.0,tt3680810
The Newsroom,3,2014-11-30,1.382,0.54,tt1870479,4,3.0,4.0,tt3680812
The Newsroom,3,2014-12-07,1.359,0.53,tt1870479,5,3.0,5.0,tt3680818
The Newsroom,3,2014-12-14,1.621,0.56,tt1870479,6,3.0,6.0,tt3680822
The Nine Lives of Chloe King,1,2011-06-14,2.171,0.7,tt0499400,1,1.0,1.0,tt1788822
The Nine Lives of Chloe King,1,2011-06-21,1.398,0.4,tt0499400,2,1.0,2.0,tt1886051
The Nine Lives of Chloe King,1,2011-06-28,1.432,0.5,tt0499400,3,1.0,3.0,tt1895020
The Nine Lives of Chloe King,1,2011-07-05,1.310,0.4,tt0499400,4,1.0,4.0,tt1907261
The Nine Lives of Chloe King,1,2011-07-12,1.290,0.4,tt0499400,5,1.0,5.0,tt1953705
The Nine Lives of Chloe King,1,2011-07-19,1.264,0.4,tt0499400,6,1.0,6.0,tt1961010
The Nine Lives of Chloe King,1,2011-07-26,1.192,0.3,tt0499400,7,1.0,7.0,tt1964180
The Nine Lives of Chloe King,1,2011-08-02,0.961,0.3,tt0499400,8,1.0,8.0,tt1964181
The Nine Lives of Chloe King,1,2011-08-09,1.267,0.4,tt0499400,9,1.0,9.0,tt1964182
The Nine Lives of Chloe King,1,2011-08-16,1.078,0.3,tt0499400,10,1.0,10.0,tt2011796
Political Animals,1,2012-07-15,2.624,0.5,tt2239947,1,1.0,1.0,tt2164924
Political Animals,1,2012-07-22,2.281,0.5,tt2239947,2,1.0,2.0,tt2166676
Political Animals,1,2012-07-29,1.733,0.4,tt2239947,3,1.0,3.0,tt2217938
Political Animals,1,2012-08-05,1.795,0.4,tt2239947,4,1.0,4.0,tt2217964
Political Animals,1,2012-08-12,1.981,0.5,tt2239947,5,1.0,5.0,tt2224128
Political Animals,1,2012-08-19,2.339,0.5,tt2239947,6,1.0,6.0,tt2257932
Outlander,1,2014-08-09,0.721,0.19,tt3006802,1,1.0,1.0,tt3244568
Outlander,1,2014-08-16,0.895,0.27,tt3006802,2,1.0,2.0,tt3571562
Outlander,1,2014-08-23,1.003,0.21,tt3006802,3,1.0,3.0,tt3571564
Outlander,1,2014-08-30,0.843,0.21,tt3006802,4,1.0,4.0,tt3609248
Outlander,1,,0.948,0.20,tt3006802,5,1.0,5.0,tt3827662
Outlander,1,,1.097,0.23,tt3006802,6,1.0,6.0,tt3863916
Outlander,1,,1.233,0.32,tt3006802,7,1.0,7.0,tt3627460
Outlander,1,,1.417,0.38,tt3006802,8,1.0,8.0,tt3627600
Outlander,1,2015-04-04,1.220,0.27,tt3006802,9,1.0,9.0,tt3476578
Outlander,1,2015-04-11,0.860,0.25,tt3006802,10,1.0,10.0,tt3476584
Outlander,1,2015-04-18,1.093,0.31,tt3006802,11,1.0,11.0,tt3809316
Outlander,1,2015-04-25,1.112,0.29,tt3006802,12,1.0,12.0,tt3879020
Outlander,1,,1.048,0.25,tt3006802,13,1.0,13.0,tt3889026
Outlander,1,,1.084,0.30,tt3006802,14,1.0,14.0,tt3889032
Outlander,1,,1.014,0.24,tt3006802,15,1.0,15.0,tt3874196
Outlander,1,,0.981,0.19,tt3006802,16,1.0,16.0,tt3863918
Outlander,2,2016-04-09,1.457,0.39,tt3006802,1,2.0,1.0,tt3959572
Outlander,2,2016-04-16,1.237,0.27,tt3006802,2,2.0,2.0,tt3996966
Outlander,2,2016-04-23,1.212,0.28,tt3006802,3,2.0,3.0,tt4462704
Outlander,2,2016-04-30,1.165,0.27,tt3006802,4,2.0,4.0,tt4462706
Outlander,2,,1.129,0.21,tt3006802,5,2.0,5.0,tt4462708
Outlander,2,,1.027,0.21,tt3006802,6,2.0,6.0,tt4462710
Outlander,2,,1.099,0.24,tt3006802,7,2.0,7.0,tt4462712
Outlander,2,,1.059,0.22,tt3006802,8,2.0,8.0,tt4462716
Outlander,2,2016-06-04,0.938,0.17,tt3006802,9,2.0,9.0,tt4462718
Outlander,2,2016-06-11,0.819,0.15,tt3006802,10,2.0,10.0,tt4462720
Outlander,2,2016-06-18,0.864,0.13,tt3006802,11,2.0,11.0,tt4179564
Outlander,2,2016-06-25,1.047,0.15,tt3006802,12,2.0,12.0,tt4179604
Outlander,2,2016-07-09,1.154,0.19,tt3006802,13,2.0,13.0,tt3972954
Outlander,3,,1.493,0.31,tt3006802,1,3.0,1.0,tt5791266
Outlander,3,,1.401,0.29,tt3006802,2,3.0,2.0,tt6684168
Outlander,3,,1.553,0.34,tt3006802,3,3.0,3.0,tt6463866
Outlander,3,2017-10-01,1.588,0.33,tt3006802,4,3.0,4.0,tt6463872
Outlander,3,2017-10-08,1.597,0.34,tt3006802,5,3.0,5.0,tt6463874
Outlander,3,2017-10-22,1.716,0.41,tt3006802,6,3.0,6.0,tt6686874
Outlander,3,2017-10-29,1.520,0.33,tt3006802,7,3.0,7.0,tt6686878
Outlander,3,2017-11-05,1.639,0.34,tt3006802,8,3.0,8.0,tt6686880
Outlander,3,2017-11-12,1.492,0.33,tt3006802,9,3.0,9.0,tt6686882
Outlander,3,2017-11-19,1.234,0.28,tt3006802,10,3.0,10.0,tt6684176
Outlander,3,2017-11-26,1.402,0.26,tt3006802,11,3.0,11.0,tt6642026
Outlander,3,2017-12-03,1.509,0.29,tt3006802,12,3.0,12.0,tt6642028
Outlander,3,2017-12-10,1.427,0.30,tt3006802,13,3.0,13.0,tt6684170
Outlander,4,2018-11-04,1.082,0.21,tt3006802,1,4.0,1.0,tt5791268
Outlander,4,2018-11-11,0.870,0.13,tt3006802,2,4.0,2.0,tt8188816
Outlander,4,2018-11-18,0.861,0.14,tt3006802,3,4.0,3.0,tt8399420
Outlander,4,2018-11-25,0.960,0.15,tt3006802,4,4.0,4.0,tt8399422
Outlander,4,2018-12-02,0.958,0.17,tt3006802,5,4.0,5.0,tt8399426
Outlander,4,2018-12-09,1.040,0.16,tt3006802,6,4.0,6.0,tt8399428
Outlander,4,2018-12-16,1.117,0.19,tt3006802,7,4.0,7.0,tt8399430
Outlander,4,2018-12-23,0.908,0.12,tt3006802,8,4.0,8.0,tt8258032
Outlander,4,2018-12-30,1.007,0.14,tt3006802,9,4.0,9.0,tt8399434
Outlander,4,2019-01-06,1.157,0.19,tt3006802,10,4.0,10.0,tt8399436
Outlander,4,2019-01-13,1.265,0.21,tt3006802,11,4.0,11.0,tt8399438
Outlander,4,2019-01-20,1.270,0.24,tt3006802,12,4.0,12.0,tt8399440
Outlander,4,2019-01-27,1.450,0.23,tt3006802,13,4.0,13.0,tt6690048
Outlander,5,2020-02-16,0.815,0.12,tt3006802,1,5.0,1.0,tt8394316
Outlander,5,2020-02-23,0.787,0.13,tt3006802,2,5.0,2.0,tt8394320
Outlander,5,2020-03-01,0.772,0.13,tt3006802,3,5.0,3.0,tt8394322
Outlander,5,2020-03-08,0.762,0.10,tt3006802,4,5.0,4.0,tt8394326
Outlander,5,2020-03-15,0.733,0.10,tt3006802,5,5.0,5.0,tt8394328
Outlander,5,2020-03-22,0.823,0.13,tt3006802,6,5.0,6.0,tt8394330
Outlander,5,2020-03-29,0.812,0.10,tt3006802,7,5.0,7.0,tt8394332
Outlander,5,2020-04-12,0.784,0.13,tt3006802,8,5.0,8.0,tt8394336
Outlander,5,2020-04-19,0.837,0.14,tt3006802,9,5.0,9.0,tt8394354
Outlander,5,2020-04-26,0.850,0.13,tt3006802,10,5.0,10.0,tt8394338
Outlander,5,,0.866,0.12,tt3006802,11,5.0,11.0,tt8394340
Outlander,5,,0.855,0.11,tt3006802,12,5.0,12.0,tt8394342
The Missing,1,2014-11-15,0.268,0.05,tt3877200,1,1.0,1.0,tt3945624
The Missing,1,2014-11-22,0.197,0.007,tt3877200,2,1.0,2.0,tt3945632
The Missing,1,2014-11-29,0.188,0.02,tt3877200,3,1.0,3.0,tt3903504
The Missing,1,2014-12-06,0.221,0.05,tt3877200,4,1.0,4.0,tt3916858
The Missing,1,2014-12-13,0.149,0.02,tt3877200,5,1.0,5.0,tt3923234
The Missing,1,2014-12-20,0.136,0.007,tt3877200,6,1.0,6.0,tt3945640
The Missing,1,2015-01-03,0.137,0.03,tt3877200,7,1.0,7.0,tt3945644
The Missing,1,2015-01-10,0.161,0.04,tt3877200,8,1.0,8.0,tt3945646
The Missing,2,2017-02-12,0.181,0.06,tt3877200,1,2.0,1.0,tt4437940
The Missing,2,2017-02-19,0.156,0.03,tt3877200,2,2.0,2.0,tt5477420
The Missing,2,2017-02-26,0.179,0.03,tt3877200,3,2.0,3.0,tt5477422
The Missing,2,2017-03-05,0.167,0.04,tt3877200,4,2.0,4.0,tt5477426
The Missing,2,2017-03-12,0.158,0.03,tt3877200,5,2.0,5.0,tt5477430
The Missing,2,2017-03-19,0.183,0.03,tt3877200,6,2.0,6.0,tt5477436
The Missing,2,2017-03-26,0.122,0.03,tt3877200,7,2.0,7.0,tt5477434
The Missing,2,2017-04-02,0.209,0.04,tt3877200,8,2.0,8.0,tt5476934
