Show,Season,Episode Date,Viewers (millions),18-49 rating
Sweet/Vicious,1,"Nov. 15, 2016",0.270,0.12
Sweet/Vicious,1,"Nov. 22, 2016",0.178,0.08
Sweet/Vicious,1,"Nov. 29, 2016",0.139,0.07
Sweet/Vicious,1,"Dec. 6, 2016",0.188,0.08
Sweet/Vicious,1,"Dec. 13, 2016",0.136,0.06
Sweet/Vicious,1,"Jan. 3, 2017",0.166,0.08
Sweet/Vicious,1,"Jan. 10, 2017",0.142,0.06
Sweet/Vicious,1,"Jan. 17, 2017",0.161,0.07
Sweet/Vicious,1,"Jan. 24, 2017",0.239,0.12
Sweet/Vicious,1,"Jan. 24, 2017",0.184,0.10
The A Word,1,"Jul. 13, 2016",0.100,0.02
The A Word,1,"Jul. 20, 2016",0.048,0.02
The A Word,1,"Jul. 27, 2016",0.048,0.01
The A Word,1,"Aug. 3, 2016",0.042,0.01
The A Word,1,"Aug. 10, 2016",0.053,0.02
The A Word,1,"Aug. 17, 2016",0.080,0.02
The A Word,2,"Nov. 8, 2017",0.040,0.01
The A Word,2,"Nov. 15, 2017",0.046,0.01
The A Word,2,"Nov. 22, 2017",0.073,0.01
The A Word,2,"Nov. 29, 2017",0.049,0.01
The A Word,2,"Dec. 6, 2017",0.040,0.01
The A Word,2,"Dec. 13, 2017",0.040,0.00
The A Word,3,"Nov. 4, 2020",0.055,0.01
The A Word,3,"Nov. 11, 2020",0.049,0.02
The A Word,3,"Nov. 18, 2020",0.048,0.01
The A Word,3,"Nov. 25, 2020",0.079,0.01
The A Word,3,"Dec. 2, 2020",0.036,0.00
The A Word,3,"Dec. 9, 2020",0.038,0.01
Chesapeake Shores,1,"Aug. 14, 2016",1.942,0.31
Chesapeake Shores,1,"Aug. 21, 2016",1.855,0.30
Chesapeake Shores,1,"Aug. 28, 2016",2.179,0.30
Chesapeake Shores,1,"Sept. 4, 2016",2.213,0.31
Chesapeake Shores,1,"Sept. 11, 2016",2.228,0.29
Chesapeake Shores,1,"Sept. 18, 2016",1.851,0.24
Chesapeake Shores,1,"Sept. 25, 2016",1.892,0.24
Chesapeake Shores,1,"Oct. 2, 2016",2.188,0.33
Chesapeake Shores,1,"Oct. 9, 2016",1.718,0.30
Chesapeake Shores,2,"Aug. 6, 2017",1.870,0.24
Chesapeake Shores,2,"Aug. 13, 2017",1.609,0.22
Chesapeake Shores,2,"Aug. 20, 2017",1.841,0.23
Chesapeake Shores,2,"Aug. 27, 2017",1.697,0.22
Chesapeake Shores,2,"Sept. 3, 2017",1.846,0.23
Chesapeake Shores,2,"Sept. 10, 2017",1.799,0.24
Chesapeake Shores,2,"Sept. 17, 2017",1.724,0.27
Chesapeake Shores,2,"Sept. 24, 2017",1.856,0.23
Chesapeake Shores,2,"Oct. 1, 2017",1.918,0.26
Chesapeake Shores,2,"Oct. 8, 2017",1.630,0.20
Chesapeake Shores,3,"Aug. 5, 2018",1.669,0.21
Chesapeake Shores,3,"Aug. 12, 2018",1.413,0.19
Chesapeake Shores,3,"Aug. 19, 2018",1.462,0.23
Chesapeake Shores,3,"Aug. 26, 2018",1.625,0.21
Chesapeake Shores,3,"Sept. 2, 2018",1.596,0.16
Chesapeake Shores,3,"Sept. 9, 2018",1.435,0.19
Chesapeake Shores,3,"Sept. 16, 2018",1.487,0.19
Chesapeake Shores,3,"Sept. 23, 2018",1.671,0.23
Chesapeake Shores,3,"Sept. 30, 2018",1.653,0.23
Chesapeake Shores,3,"Oct. 7, 2018",1.662,0.22
Chesapeake Shores,4,"Aug. 25, 2019",1.811,0.21
Chesapeake Shores,4,"Sept. 1, 2019",1.770,0.17
Chesapeake Shores,4,"Sept. 8, 2019",1.678,0.16
Chesapeake Shores,4,"Sept. 15, 2019",1.697,0.18
Chesapeake Shores,4,"Sept. 22, 2019",1.544,0.16
Chesapeake Shores,4,"Sept. 29, 2019",1.692,0.19
The Real Housewives of OC,1,"Mar. 21, 2006",0.430,0.2
The Real Housewives of OC,1,"Mar. 28, 2006",0.307,0.2
The Real Housewives of OC,1,"Apr. 4, 2006",0.534,0.3
The Real Housewives of OC,1,"Apr. 11, 2006",0.491,0.3
The Real Housewives of OC,1,"Apr. 18, 2006",0.625,0.4
The Real Housewives of OC,1,"Apr. 25, 2006",0.779,0.5
The Real Housewives of OC,1,"May 2, 2006",0.923,0.6
The Real Housewives of OC,1,"May 9, 2006",0.838,0.5
The Real Housewives of OC,2,"Jan. 16, 2007",1.120,0.6
The Real Housewives of OC,2,"Jan. 23, 2007",1.008,0.6
The Real Housewives of OC,2,"Jan. 30, 2007",0.827,0.5
The Real Housewives of OC,2,"Feb. 6, 2007",0.912,0.6
The Real Housewives of OC,2,"Feb. 13, 2007",1.103,0.7
The Real Housewives of OC,2,"Feb. 20, 2007",1.033,0.6
The Real Housewives of OC,2,"Feb. 27, 2007",1.004,0.6
The Real Housewives of OC,2,"Mar. 6, 2007",1.322,0.8
The Real Housewives of OC,2,"Mar. 13, 2007",1.477,0.9
The Real Housewives of OC,2,"Mar. 20, 2007",1.132,0.7
The Real Housewives of OC,3,"Nov. 6, 2007",1.154,0.7
The Real Housewives of OC,3,"Nov. 13, 2007",0.994,0.6
The Real Housewives of OC,3,"Nov. 20, 2007",0.910,0.6
The Real Housewives of OC,3,"Nov. 27, 2007",0.932,0.6
The Real Housewives of OC,3,"Dec. 4, 2007",1.470,0.9
The Real Housewives of OC,3,"Dec. 11, 2007",1.403,0.7
The Real Housewives of OC,3,"Dec. 18, 2007",1.251,0.7
The Real Housewives of OC,3,"Jan. 1, 2008",1.267,0.7
The Real Housewives of OC,3,"Jan. 8, 2008",1.592,0.9
The Real Housewives of OC,3,"Jan. 15, 2008",1.458,0.8
The Real Housewives of OC,3,"Jan. 22, 2008",2.018,1.1
The Real Housewives of OC,3,"Jan. 29, 2008",1.379,0.7
The Real Housewives of OC,4,"Nov. 25, 2008",1.877,1.0
The Real Housewives of OC,4,"Dec. 2, 2008",1.655,0.9
The Real Housewives of OC,4,"Dec. 9, 2008",1.771,1.0
The Real Housewives of OC,4,"Dec. 16, 2008",1.380,0.8
The Real Housewives of OC,4,"Dec. 23, 2008",1.478,0.8
The Real Housewives of OC,4,"Dec. 30, 2008",1.575,0.8
The Real Housewives of OC,4,"Jan. 6, 2009",1.559,0.8
The Real Housewives of OC,4,"Jan. 13, 2009",1.713,1.0
The Real Housewives of OC,4,"Jan. 20, 2009",1.967,1.1
The Real Housewives of OC,4,"Jan. 27, 2009",2.032,1.2
The Real Housewives of OC,4,"Feb. 3, 2009",1.700,1.0
The Real Housewives of OC,4,"Feb. 10, 2009",1.637,1.0
The Real Housewives of OC,4,"Feb. 17, 2009",1.972,1.1
The Real Housewives of OC,4,"Feb. 24, 2009",2.214,1.2
The Real Housewives of OC,4,"Jun. 11, 2009",1.204,0.6
The Real Housewives of OC,5,"Nov. 5, 2009",2.583,1.5
The Real Housewives of OC,5,"Nov. 12, 2009",1.835,1.0
The Real Housewives of OC,5,"Nov. 19, 2009",2.036,1.2
The Real Housewives of OC,5,"Dec. 3, 2009",1.885,1.0
The Real Housewives of OC,5,"Dec. 10, 2009",1.877,1.0
The Real Housewives of OC,5,"Dec. 17, 2009",1.991,1.1
The Real Housewives of OC,5,"Jan. 7, 2010",2.043,1.1
The Real Housewives of OC,5,"Jan. 14, 2010",1.496,0.9
The Real Housewives of OC,5,"Jan. 21, 2010",1.449,0.8
The Real Housewives of OC,5,"Jan. 28, 2010",2.014,1.1
The Real Housewives of OC,5,"Feb. 4, 2010",2.133,1.3
The Real Housewives of OC,5,"Feb. 11, 2010",2.208,1.2
The Real Housewives of OC,5,"Feb. 18, 2010",1.845,1.0
The Real Housewives of OC,5,"Feb. 25, 2010",2.340,1.3
The Real Housewives of OC,5,"Mar. 4, 2010",2.459,1.4
The Real Housewives of OC,5,"Mar. 10, 2010",1.673,0.9
The Real Housewives of OC,5,"Mar. 11, 2010",2.472,1.3
The Real Housewives of OC,6,"Mar. 6, 2011",2.050,1.1
The Real Housewives of OC,6,"Mar. 13, 2011",2.051,1.1
The Real Housewives of OC,6,"Mar. 20, 2011",1.776,1.0
The Real Housewives of OC,6,"Mar. 27, 2011",1.794,1.0
The Real Housewives of OC,6,"Apr. 3, 2011",1.519,0.8
The Real Housewives of OC,6,"Apr. 10, 2011",1.530,0.9
The Real Housewives of OC,6,"Apr. 17, 2011",1.644,0.9
The Real Housewives of OC,6,"Apr. 24, 2011",1.686,0.9
The Real Housewives of OC,6,"May 1, 2011",2.039,1.1
The Real Housewives of OC,6,"May 8, 2011",1.925,1.1
The Real Housewives of OC,6,"May 15, 2011",1.700,1.0
The Real Housewives of OC,6,"May 22, 2011",2.102,1.2
The Real Housewives of OC,6,"Jun. 5, 2011",2.875,1.4
The Real Housewives of OC,6,"Jun. 12, 2011",2.322,1.2
The Real Housewives of OC,6,"Jun. 13, 2011",2.535,1.3
The Real Housewives of OC,6,"Jun. 20, 2011",1.530,0.8
The Real Housewives of OC,7,"Feb. 7, 2012",2.264,1.1
The Real Housewives of OC,7,"Feb. 14, 2012",1.697,0.8
The Real Housewives of OC,7,"Feb. 21, 2012",2.056,1.0
The Real Housewives of OC,7,"Feb. 28, 2012",1.669,0.9
The Real Housewives of OC,7,"Mar. 6, 2012",1.817,0.9
The Real Housewives of OC,7,"Mar. 13, 2012",2.101,1.0
The Real Housewives of OC,7,"Mar. 20, 2012",2.056,1.1
The Real Housewives of OC,7,"Apr. 3, 2012",1.766,0.9
The Real Housewives of OC,7,"Apr. 10, 2012",1.859,0.9
The Real Housewives of OC,7,"Apr. 17, 2012",1.772,1.0
The Real Housewives of OC,7,"Apr. 24, 2012",1.924,1.0
The Real Housewives of OC,7,"May 1, 2012",2.043,1.0
The Real Housewives of OC,7,"May 8, 2012",1.852,0.9
The Real Housewives of OC,7,"May 15, 2012",1.918,1.0
The Real Housewives of OC,7,"May 22, 2012",1.915,1.0
The Real Housewives of OC,7,"May 29, 2012",2.077,1.1
The Real Housewives of OC,7,"Jun. 5, 2012",1.883,0.9
The Real Housewives of OC,7,"Jun. 12, 2012",1.771,0.9
The Real Housewives of OC,7,"Jun. 19, 2012",1.966,0.9
The Real Housewives of OC,7,"Jun. 26, 2012",2.504,1.3
The Real Housewives of OC,7,"Jul. 10, 2012",2.513,1.2
The Real Housewives of OC,7,"Jul. 16, 2012",1.941,0.8
The Real Housewives of OC,7,"Jul. 24, 2012",1.420,0.7
The Real Housewives of OC,8,"Apr. 1, 2013",1.814,0.8
The Real Housewives of OC,8,"Apr. 8, 2013",1.597,0.8
The Real Housewives of OC,8,"Apr. 15, 2013",1.609,0.8
The Real Housewives of OC,8,"Apr. 22, 2013",1.711,0.8
The Real Housewives of OC,8,"Apr. 29, 2013",1.850,0.9
The Real Housewives of OC,8,"May 6, 2013",1.961,1.0
The Real Housewives of OC,8,"May 13, 2013",1.810,0.9
The Real Housewives of OC,8,"May 20, 2013",1.851,0.9
The Real Housewives of OC,8,"May 27, 2013",1.670,0.8
The Real Housewives of OC,8,"Jun. 3, 2013",1.846,0.9
The Real Housewives of OC,8,"Jun. 10, 2013",1.775,0.8
The Real Housewives of OC,8,"Jun. 17, 2013",1.861,0.9
The Real Housewives of OC,8,"Jun. 24, 2013",1.723,0.7
The Real Housewives of OC,8,"Jul. 1, 2013",1.968,1.0
The Real Housewives of OC,8,"Jul. 8, 2013",2.168,1.0
The Real Housewives of OC,8,"Jul. 15, 2013",1.995,0.9
The Real Housewives of OC,8,"Jul. 22, 2013",2.039,1.0
The Real Housewives of OC,8,"Jul. 29, 2013",2.004,0.9
The Real Housewives of OC,8,"Aug. 5, 2013",2.386,1.2
The Real Housewives of OC,8,"Aug. 12, 2013",2.128,1.0
The Real Housewives of OC,8,"Aug. 19, 2013",2.083,1.0
The Real Housewives of OC,8,"Aug. 26, 2013",2.309,1.0
The Real Housewives of OC,8,"Sept. 1, 2013",1.326,0.5
The Real Housewives of OC,9,"Apr. 14, 2014",1.703,0.83
The Real Housewives of OC,9,"Apr. 21, 2014",1.840,0.83
The Real Housewives of OC,9,"Apr. 28, 2014",1.711,0.79
The Real Housewives of OC,9,"May 5, 2014",1.435,0.59
The Real Housewives of OC,9,"May 12, 2014",1.746,0.79
The Real Housewives of OC,9,"May 26, 2014",1.638,0.69
The Real Housewives of OC,9,"Jun. 2, 2014",1.824,0.75
The Real Housewives of OC,9,"Jun. 9, 2014",1.623,0.74
The Real Housewives of OC,9,"Jun. 16, 2014",1.643,0.72
The Real Housewives of OC,9,"Jun. 23, 2014",1.864,0.80
The Real Housewives of OC,9,"Jun. 30, 2014",1.770,0.78
The Real Housewives of OC,9,"Jul. 7, 2014",1.694,0.83
The Real Housewives of OC,9,"Jul. 14, 2014",1.725,0.81
The Real Housewives of OC,9,"Jul. 21, 2014",1.684,0.70
The Real Housewives of OC,9,"Jul. 28, 2014",1.778,0.86
The Real Housewives of OC,9,"Aug. 4, 2014",1.974,0.95
The Real Housewives of OC,9,"Aug. 11, 2014",2.032,0.93
The Real Housewives of OC,9,"Aug. 18, 2014",2.027,0.87
The Real Housewives of OC,9,"Aug. 25, 2014",1.910,0.88
The Real Housewives of OC,9,"Sept. 1, 2014",2.032,0.90
The Real Housewives of OC,9,"Sept. 8, 2014",1.203,0.58
The Real Housewives of OC,10,"Jun. 8, 2015",1.230,0.73
The Real Housewives of OC,10,"Jun. 15, 2015",1.403,0.64
The Real Housewives of OC,10,"Jun. 22, 2015",1.662,0.71
The Real Housewives of OC,10,"Jun. 29, 2015",1.623,0.69
The Real Housewives of OC,10,"Jul. 6, 2015",1.997,0.90
The Real Housewives of OC,10,"Jul. 13, 2015",1.753,0.76
The Real Housewives of OC,10,"Jul. 20, 2015",1.563,0.66
The Real Housewives of OC,10,"Jul. 27, 2015",1.445,0.62
The Real Housewives of OC,10,"Aug. 3, 2015",1.719,0.74
The Real Housewives of OC,10,"Aug. 10, 2015",1.865,0.82
The Real Housewives of OC,10,"Aug. 17, 2015",2.030,0.87
The Real Housewives of OC,10,"Aug. 24, 2015",1.800,0.77
The Real Housewives of OC,10,"Aug. 31, 2015",1.977,0.94
The Real Housewives of OC,10,"Sept. 7, 2015",1.882,0.78
The Real Housewives of OC,10,"Sept. 14, 2015",1.991,0.83
The Real Housewives of OC,10,"Sept. 21, 2015",1.850,0.79
The Real Housewives of OC,10,"Sept. 28, 2015",1.833,0.81
The Real Housewives of OC,10,"Oct. 5, 2015",1.733,0.75
The Real Housewives of OC,10,"Oct. 12, 2015",2.067,0.87
The Real Housewives of OC,10,"Oct. 19, 2015",2.039,0.85
The Real Housewives of OC,10,"Oct. 26, 2015",2.350,1.11
The Real Housewives of OC,10,"Nov. 1, 2015",1.864,0.74
The Real Housewives of OC,10,"Nov. 12, 2015",1.167,0.52
The Real Housewives of OC,10,"Nov. 12, 2015",1.079,0.44
The Real Housewives of OC,11,"Jun. 20, 2016",1.715,0.66
The Real Housewives of OC,11,"Jun. 27, 2016",1.666,0.57
The Real Housewives of OC,11,"Jul. 11, 2016",1.615,0.58
The Real Housewives of OC,11,"Jul. 18, 2016",1.798,0.67
The Real Housewives of OC,11,"Jul. 25, 2016",1.803,0.65
The Real Housewives of OC,11,"Aug. 1, 2016",1.849,0.69
The Real Housewives of OC,11,"Aug. 15, 2016",1.808,0.67
The Real Housewives of OC,11,"Aug. 22, 2016",1.818,0.67
The Real Housewives of OC,11,"Aug. 29, 2016",1.911,0.74
The Real Housewives of OC,11,"Sept. 5, 2016",2.006,0.80
The Real Housewives of OC,11,"Sept. 12, 2016",1.973,0.72
The Real Housewives of OC,11,"Sept. 19, 2016",1.758,0.67
The Real Housewives of OC,11,"Sept. 26, 2016",1.445,0.56
The Real Housewives of OC,11,"Oct. 3, 2016",1.714,0.66
The Real Housewives of OC,11,"Oct. 10, 2016",1.844,0.70
The Real Housewives of OC,11,"Oct. 17, 2016",1.820,0.70
The Real Housewives of OC,11,"Oct. 24, 2016",1.872,0.74
The Real Housewives of OC,11,"Oct. 31, 2016",1.812,0.70
The Real Housewives of OC,11,"Nov. 7, 2016",1.851,0.76
The Real Housewives of OC,11,"Nov. 14, 2016",1.959,0.81
The Real Housewives of OC,11,"Nov. 21, 2016",1.706,0.65
The Real Housewives of OC,12,"Jul. 10, 2017",1.681,0.60
The Real Housewives of OC,12,"Jul. 17, 2017",1.728,0.63
The Real Housewives of OC,12,"Jul. 24, 2017",1.742,0.58
The Real Housewives of OC,12,"Jul. 31, 2017",1.614,0.57
The Real Housewives of OC,12,"Aug. 7, 2017",1.594,0.57
The Real Housewives of OC,12,"Aug. 14, 2017",1.656,0.61
The Real Housewives of OC,12,"Aug. 21, 2017",1.612,0.54
The Real Housewives of OC,12,"Aug. 28, 2017",1.765,0.64
The Real Housewives of OC,12,"Sept. 4, 2017",1.688,0.60
The Real Housewives of OC,12,"Sept. 11, 2017",1.630,0.58
The Real Housewives of OC,12,"Sept. 18, 2017",1.719,0.59
The Real Housewives of OC,12,"Sept. 25, 2017",1.587,0.61
The Real Housewives of OC,12,"Oct. 2, 2017",1.725,0.63
The Real Housewives of OC,12,"Oct. 9, 2017",1.775,0.67
The Real Housewives of OC,12,"Oct. 16, 2017",1.540,0.59
The Real Housewives of OC,12,"Oct. 23, 2017",1.793,0.66
The Real Housewives of OC,12,"Oct. 30, 2017",1.645,0.54
The Real Housewives of OC,12,"Nov. 6, 2017",1.560,0.58
The Real Housewives of OC,12,"Nov. 13, 2017",1.734,0.65
The Real Housewives of OC,12,"Nov. 20, 2017",1.870,0.67
The Real Housewives of OC,12,"Nov. 27, 2017",1.887,0.72
The Real Housewives of OC,13,"Jul. 16, 2018",1.412,0.54
The Real Housewives of OC,13,"Jul. 23, 2018",1.460,0.51
The Real Housewives of OC,13,"Jul. 30, 2018",1.412,0.52
The Real Housewives of OC,13,"Aug. 6, 2018",1.354,0.53
The Real Housewives of OC,13,"Aug. 13, 2018",1.520,0.58
The Real Housewives of OC,13,"Aug. 20, 2018",1.421,0.48
The Real Housewives of OC,13,"Aug. 27, 2018",1.497,0.53
The Real Housewives of OC,13,"Sept. 10, 2018",1.554,0.58
The Real Housewives of OC,13,"Sept. 17, 2018",1.544,0.56
The Real Housewives of OC,13,"Sept. 24, 2018",1.315,0.49
The Real Housewives of OC,13,"Oct. 1, 2018",1.362,0.53
The Real Housewives of OC,13,"Oct. 8, 2018",1.266,0.48
The Real Housewives of OC,13,"Oct. 15, 2018",1.307,0.48
The Real Housewives of OC,13,"Oct. 22, 2018",1.438,0.53
The Real Housewives of OC,13,"Oct. 29, 2018",1.345,0.49
The Real Housewives of OC,13,"Nov. 5, 2018",1.341,0.52
The Real Housewives of OC,13,"Nov. 12, 2018",1.446,0.55
The Real Housewives of OC,13,"Nov. 19, 2018",1.178,0.44
The Real Housewives of OC,13,"Nov. 25, 2018",1.509,0.56
The Real Housewives of OC,13,"Dec. 2, 2018",1.705,0.66
The Real Housewives of OC,13,"Dec. 9, 2018",1.469,0.56
The Real Housewives of OC,14,"Aug. 6, 2019",1.416,0.44
The Real Housewives of OC,14,"Aug. 13, 2019",1.442,0.49
The Real Housewives of OC,14,"Aug. 20, 2019",1.477,0.48
The Real Housewives of OC,14,"Aug. 27, 2019",1.458,0.45
The Real Housewives of OC,14,"Sept. 3, 2019",1.432,0.47
The Real Housewives of OC,14,"Sept. 10, 2019",1.339,0.42
The Real Housewives of OC,14,"Sept. 17, 2019",1.400,0.49
The Real Housewives of OC,14,"Sept. 24, 2019",1.375,0.46
The Real Housewives of OC,14,"Oct. 1, 2019",1.346,0.41
The Real Housewives of OC,14,"Oct. 8, 2019",1.397,0.49
The Real Housewives of OC,14,"Oct. 15, 2019",1.259,0.43
The Real Housewives of OC,14,"Oct. 22, 2019",1.370,0.46
The Real Housewives of OC,14,"Oct. 29, 2019",1.326,0.45
The Real Housewives of OC,14,"Nov. 5, 2019",1.276,0.41
The Real Housewives of OC,14,"Nov. 12, 2019",1.363,0.46
The Real Housewives of OC,14,"Nov. 19, 2019",1.216,0.39
The Real Housewives of OC,14,"Nov. 26, 2019",1.353,0.45
The Real Housewives of OC,14,"Dec. 3, 2019",1.375,0.50
The Real Housewives of OC,14,"Dec. 10, 2019",1.344,0.43
The Real Housewives of OC,14,"Dec. 17, 2019",1.238,0.39
The Real Housewives of OC,14,"Dec. 18, 2019",0.930,0.32
The Real Housewives of OC,14,"Dec. 23, 2019",1.115,0.34
The Real Housewives of OC,14,"Dec. 26, 2019",1.020,0.31
The Real Housewives of OC,15,"Oct. 7, 2020",0.227,0.07
The Real Housewives of OC,15,"Oct. 14, 2020",1.051,0.34
The Real Housewives of OC,15,"Oct. 21, 2020",1.108,0.36
The Real Housewives of OC,15,"Oct. 28, 2020",1.004,0.30
The Real Housewives of OC,15,"Nov. 4, 2020",1.012,0.32
The Real Housewives of OC,15,"Nov. 11, 2020",1.091,0.38
The Real Housewives of OC,15,"Nov. 18, 2020",1.059,0.37
The Real Housewives of OC,15,"Nov. 25, 2020",0.982,0.28
The Real Housewives of OC,15,"Dec. 2, 2020",1.123,0.35
The Real Housewives of OC,15,"Dec. 9, 2020",1.084,0.35
The Real Housewives of OC,15,"Dec. 16, 2020",1.004,0.35
The Real Housewives of OC,15,"Dec. 23, 2020",1.029,0.29
The Real Housewives of OC,15,"Dec. 30, 2020",1.015,0.29
The Real Housewives of OC,15,"Jan. 6, 2021",0.822,0.23
The Real Housewives of OC,15,"Jan. 13, 2021",1.005,0.30
The Real Housewives of OC,15,"Jan. 20, 2021",1.081,0.33
The Real Housewives of OC,15,"Jan. 27, 2021",1.095,0.35
The Real Housewives of OC,16,"Dec. 1, 2021",0.936,0.23
The Real Housewives of OC,16,"Dec. 8, 2021",1.024,0.34
The Real Housewives of OC,16,"Dec. 15, 2021",0.955,0.32
The Real Housewives of OC,16,"Dec. 22, 2021",0.822,0.24
The Real Housewives of OC,16,"Jan. 5, 2022",0.797,0.24
The Real Housewives of OC,16,"Jan. 12, 2022",0.920,0.29
The Real Housewives of OC,16,"Jan. 19, 2022",0.978,0.30
The Real Housewives of OC,16,"Feb. 2, 2022",0.844,0.24
The Real Housewives of OC,16,"Feb. 9, 2022",0.771,0.19
The Real Housewives of OC,16,"Feb. 16, 2022",0.783,0.24
The Real Housewives of OC,16,"Mar. 2, 2022",0.772,0.22
The Real Housewives of OC,16,"Mar. 9, 2022",0.834,0.23
The Real Housewives of OC,16,"Mar. 16, 2022",0.775,0.21
The Real Housewives of OC,16,"Mar. 23, 2022",0.820,0.22
The Real Housewives of OC,16,"Mar. 30, 2022",0.782,0.23
The Real Housewives of OC,16,"Apr. 6, 2022",0.790,0.25
The Real Housewives of OC,16,"Apr. 13, 2022",0.732,0.22
The Real Housewives of OC,16,"Apr. 20, 2022",0.873,0.22
The Real Housewives of OC,16,"Apr. 27, 2022",0.948,0.27
Fargo,1,"Apr. 15, 2014",2.654,0.80
Fargo,1,"Apr. 22, 2014",2.037,0.65
Fargo,1,"Apr. 29, 2014",1.874,0.59
Fargo,1,"May 6, 2014",1.704,0.50
Fargo,1,"May 13, 2014",1.597,0.51
Fargo,1,"May 20, 2014",1.799,0.60
Fargo,1,"May 27, 2014",1.515,0.46
Fargo,1,"Jun. 3, 2014",1.863,0.57
Fargo,1,"Jun. 10, 2014",1.902,0.64
Fargo,1,"Jun. 17, 2014",1.980,0.61
Fargo,2,"Oct. 12, 2015",1.588,0.48
Fargo,2,"Oct. 19, 2015",0.962,0.27
Fargo,2,"Oct. 26, 2015",1.209,0.42
Fargo,2,"Nov. 2, 2015",1.282,0.36
Fargo,2,"Nov. 9, 2015",1.126,0.31
Fargo,2,"Nov. 16, 2015",1.152,0.32
Fargo,2,"Nov. 23, 2015",1.237,0.33
Fargo,2,"Nov. 30, 2015",1.316,0.35
Fargo,2,"Dec. 7, 2015",1.310,0.37
Fargo,2,"Dec. 14, 2015",1.821,0.49
Fargo,3,"Apr. 19, 2017",1.422,0.40
Fargo,3,"Apr. 26, 2017",1.061,0.32
Fargo,3,"May 3, 2017",1.169,0.36
Fargo,3,"May 10, 2017",1.046,0.30
Fargo,3,"May 17, 2017",0.977,0.26
Fargo,3,"May 24, 2017",1.041,0.24
Fargo,3,"May 31, 2017",1.032,0.27
Fargo,3,"Jun. 7, 2017",1.144,0.28
Fargo,3,"Jun. 14, 2017",1.190,0.29
Fargo,3,"Jun. 21, 2017",1.218,0.34
Rellik,1,"Apr. 13, 2018",0.058,0.01
Rellik,1,"Apr. 20, 2018",0.088,0.02
Rellik,1,"Apr. 27, 2018",0.052,0.01
Rellik,1,"May 4, 2018",0.055,0.01
Rellik,1,"May 11, 2018",0.062,0.01
Rellik,1,"May 18, 2018",0.064,0.01
Trackers,1,"Jun. 5, 2020",0.038,0.00
Trackers,1,"Jun. 12, 2020",0.011,0.00
Trackers,1,"Jun. 19, 2020",0.055,0.01
Trackers,1,"Jun. 26, 2020",0.061,0.01
Trackers,1,"Jul. 3, 2020",0.040,0.01
Trackers,1,"Jul. 10, 2020",0.048,0.01
Lopez,1,"Mar. 30, 2016*",1.320,0.40
Lopez,1,"Apr. 6, 2016",0.490,0.15
Lopez,1,"Apr. 13, 2016",0.437,0.13
Lopez,1,"Apr. 20, 2016",0.460,0.10
Lopez,1,"Apr. 27, 2016",0.427,0.13
Lopez,1,"May 4, 2016",0.456,0.13
Lopez,1,"May 11, 2016",0.389,0.10
Lopez,1,"May 18, 2016",0.442,0.13
Lopez,1,"May 25, 2016",0.389,0.11
Lopez,1,"Jun. 1, 2016",0.436,0.13
Lopez,1,"Jun. 15, 2016",0.402,0.12
Lopez,1,"Jun. 22, 2016",0.386,0.07
Lopez,2,"Mar. 29, 2017",0.370,0.10
Lopez,2,"Apr. 5, 2017",0.353,0.09
Lopez,2,"Apr. 12, 2017",0.305,0.08
Lopez,2,"Apr. 19, 2017",0.373,0.07
Lopez,2,"Apr. 26, 2017",0.278,0.07
Lopez,2,"May 3, 2017",0.302,0.08
Lopez,2,"May 10, 2017",0.353,0.10
Lopez,2,"May 17, 2017",0.261,0.06
Lopez,2,"May 24, 2017",0.323,0.08
Lopez,2,"May 31, 2017",0.319,0.07
Lopez,2,"Jun. 14, 2017",0.276,0.06
Lopez,2,"Jun. 21, 2017",0.311,0.06
Rome,1,"Aug. 28, 2005",3.808,2.4
Rome,1,"Sept. 4, 2005",3.034,1.9
Rome,1,"Sept. 11, 2005",2.584,1.6
Rome,1,"Sept. 18, 2005",2.527,1.6
Rome,1,"Sept. 25, 2005",2.286,1.4
Rome,1,"Oct. 2, 2005",2.060,1.4
Rome,1,"Oct. 9, 2005",2.430,1.4
Rome,1,"Oct. 16, 2005",2.456,1.6
Rome,1,"Oct. 30, 2005",2.748,1.8
Rome,1,"Nov. 6, 2005",2.225,1.4
Rome,1,"Nov. 13, 2005",2.210,1.4
Rome,1,"Nov. 20, 2005",2.592,1.7
Rome,2,"Jan. 14, 2007",1.537,0.6
Rome,2,"Jan. 21, 2007",2.066,0.9
Rome,2,"Jan. 28, 2007",2.389,1.0
Rome,2,"Feb. 4, 2007",1.543,0.6
Rome,2,"Feb. 11, 2007",1.993,0.7
Rome,2,"Feb. 18, 2007",2.176,0.9
Rome,2,"Mar. 4, 2007",1.996,0.8
Rome,2,"Mar. 11, 2007",1.844,0.7
Rome,2,"Mar. 18, 2007",2.419,1.0
Rome,2,"Mar. 25, 2007",2.376,1.0
The Sorrentinos,1,"Jul. 15, 2014",0.149,-
The Sorrentinos,1,"Jul. 22, 2014",0.194,-
The Sorrentinos,1,"Jul. 29, 2014",0.085,0.01
The Sorrentinos,1,"Aug. 5, 2014",0.082,0.04
The Sorrentinos,1,"Aug. 12, 2014",0.079,0.03
The Sorrentinos,1,"Aug. 19, 2014",0.056,0.03
The Sorrentinos,1,"Aug. 26, 2014",0.041,0.02
The Sorrentinos,1,"Sept. 2, 2014",0.088,0.0
The Sorrentinos,1,"Sept. 9, 2014",0.117,0.04
The Sorrentinos,1,"Sept. 16, 2014",0.145,0.05
Graceland,1,"Jun. 6, 2013",3.317,0.8
Graceland,1,"Jun. 13, 2013",2.774,0.8
Graceland,1,"Jun. 20, 2013",2.265,0.7
Graceland,1,"Jun. 27, 2013",2.327,0.7
Graceland,1,"Jul. 11, 2013",1.878,0.8
Graceland,1,"Jul. 18, 2013",1.895,0.7
Graceland,1,"Jul. 25, 2013",2.019,0.8
Graceland,1,"Aug. 8, 2013",2.222,0.8
Graceland,1,"Aug. 15, 2013",2.014,0.7
Graceland,1,"Aug. 22, 2013",2.177,0.8
Graceland,1,"Sept. 5, 2013",1.901,0.7
Graceland,1,"Sept. 12, 2013",2.053,0.6
Graceland,2,"Jun. 11, 2014",1.563,0.57
Graceland,2,"Jun. 18, 2014",1.394,0.51
Graceland,2,"Jun. 25, 2014",1.270,0.51
Graceland,2,"Jul. 9, 2014",1.162,0.49
Graceland,2,"Jul. 16, 2014",1.037,0.4
Graceland,2,"Jul. 23, 2014",1.464,0.5
Graceland,2,"Jul. 30, 2014",1.204,0.5
Graceland,2,"Aug. 6, 2014",1.164,0.46
Graceland,2,"Aug. 13, 2014",1.266,0.42
Graceland,2,"Aug. 20, 2014",1.061,0.38
Graceland,2,"Aug. 27, 2014",1.276,0.40
Graceland,2,"Sept. 3, 2014",1.144,0.45
Graceland,2,"Sept. 10, 2014",1.234,0.46
Graceland,3,"Jun. 25, 2015",1.006,0.35
Graceland,3,"Jul. 2, 2015",0.992,0.32
Graceland,3,"Jul. 9, 2015",0.919,0.33
Graceland,3,"Jul. 16, 2015",0.815,0.32
Graceland,3,"Jul. 23, 2015",0.738,0.27
Graceland,3,"Jul. 30, 2015",0.761,0.26
Graceland,3,"Aug. 6, 2015",0.639,0.21
Graceland,3,"Aug. 13, 2015",0.745,0.25
Graceland,3,"Aug. 20, 2015",0.961,0.31
Graceland,3,"Aug. 27, 2015",0.906,0.30
Graceland,3,"Sept. 3, 2015",0.810,0.25
Graceland,3,"Sept. 10, 2015",0.815,0.22
Graceland,3,"Sept. 17, 2015",0.913,0.33
The Pillars of the Earth,1,"Jul. 23, 2010*",0.423,0.1
The Pillars of the Earth,1,"Jul. 30, 2010",0.298,0.1
The Pillars of the Earth,1,"Aug. 6, 2010",0.361,-
The Pillars of the Earth,1,"Aug. 13, 2010**",0.364,-
The Pillars of the Earth,1,"Aug. 20, 2010",0.432,0.2
The Pillars of the Earth,1,"Aug. 27, 2010",0.607,0.2
The Chair,1,"Sept. 6, 2014",0.108,0.03
The Chair,1,"Sept. 13, 2014",0.161,0.02
The Chair,1,"Sept. 20, 2014",0.132,0.02
The Chair,1,"Sept. 27, 2014",0.087,0.02
The Chair,1,"Oct. 4, 2014",0.036,0.01
The Chair,1,"Oct. 11, 2014",0.050,0.03
The Chair,1,"Oct. 18, 2014",0.086,0.05
The Chair,1,"Oct. 25, 2014",0.033,0.02
The Chair,1,"Nov. 1, 2014",0.034,0.02
The Chair,1,"Nov. 8, 2014",0.012,0.004
Stitchers,1,"Jun. 2, 2015",1.280,0.53
Stitchers,1,"Jun. 9, 2015",0.983,0.36
Stitchers,1,"Jun. 16, 2015",0.922,0.36
Stitchers,1,"Jun. 23, 2015",0.905,0.38
Stitchers,1,"Jun. 30, 2015",0.799,0.32
Stitchers,1,"Jul. 7, 2015",0.711,0.30
Stitchers,1,"Jul. 14, 2015",0.636,0.27
Stitchers,1,"Jul. 21, 2015",0.684,0.23
Stitchers,1,"Jul. 28, 2015",0.842,0.36
Stitchers,1,"Aug. 4, 2015",0.805,0.33
Stitchers,1,"Oct. 20, 2015",0.491,0.20
Stitchers,2,"Mar. 22, 2016",0.433,0.17
Stitchers,2,"Mar. 29, 2016",0.459,0.18
Stitchers,2,"Apr. 5, 2016",0.343,0.11
Stitchers,2,"Apr. 12, 2016",0.394,0.16
Stitchers,2,"Apr. 19, 2016",0.376,0.15
Stitchers,2,"Apr. 26, 2016",0.367,0.13
Stitchers,2,"May 3, 2016",0.356,0.13
Stitchers,2,"May 10, 2016",0.392,0.15
Stitchers,2,"May 17, 2016",0.374,0.15
Stitchers,2,"May 24, 2016",0.380,0.15
Stitchers,3,"Jun. 5, 2017",0.475,0.18
Stitchers,3,"Jun. 12, 2017",0.363,0.10
Stitchers,3,"Jun. 19, 2017",0.333,0.13
Stitchers,3,"Jun. 26, 2017",0.385,0.14
Stitchers,3,"Jul. 10, 2017",0.295,0.11
Stitchers,3,"Jul. 17, 2017",0.349,0.12
Stitchers,3,"Jul. 24, 2017",0.335,0.12
Stitchers,3,"Jul. 31, 2017",0.401,0.13
Stitchers,3,"Aug. 7, 2017",0.350,0.13
Stitchers,3,"Aug. 14, 2017",0.364,0.13
K Street,1,"Sept. 14, 2003",2.995,2.1
K Street,1,"Sept. 21, 2003",2.246,1.6
K Street,1,"Sept. 28, 2003",1.975,1.4
K Street,1,"Oct. 5, 2003",1.834,1.3
K Street,1,"Oct. 12, 2003",1.876,1.4
K Street,1,"Oct. 19, 2003",1.913,1.3
K Street,1,"Oct. 26, 2003",2.239,1.5
K Street,1,"Nov. 2, 2003",1.765,1.2
K Street,1,"Nov. 9, 2003",1.705,1.3
K Street,1,"Nov. 16, 2003",1.536,1.1
Caprica,1,"Jan. 22, 2010",1.602,0.4/1
Caprica,1,"Jan. 29, 2010",1.411,0.5/1
Caprica,1,"Feb. 5, 2010",1.128,0.4/1
Caprica,1,"Feb. 19, 2010",0.976,0.4/1
Caprica,1,"Feb. 26, 2010",1.127,0.4/1
Caprica,1,"Mar. 5, 2010",1.155,0.5/1
Caprica,1,"Mar. 12, 2010",1.071,0.4/1
Caprica,1,"Mar. 19, 2010",1.229,0.4/1
Caprica,1,"Mar. 26, 2010",1.103,0.5/2
Caprica,1,"Oct. 5, 2010",0.889,0.4/1
Caprica,1,"Oct. 12, 2010",0.840,0.3/1
Caprica,1,"Oct. 19, 2010",0.718,0.3/1
Caprica,1,"Oct. 26, 2010",0.843,0.3/1
Caprica,1,"Jan. 4, 2011",0.528,-
Caprica,1,"Jan. 4, 2011",0.671,-
Caprica,1,"Jan. 4, 2011",0.703,0.3/1
Caprica,1,"Jan. 4, 2011",0.618,0.2/1
Caprica,1,"Jan. 4, 2011",0.782,0.3/1
Taboo,1,"Jan. 10, 2017",1.839,0.63
Taboo,1,"Jan. 17, 2017",1.122,0.43
Taboo,1,"Jan. 24, 2017",1.083,0.42
Taboo,1,"Jan. 31, 2017",1.269,0.50
Taboo,1,"Feb. 7, 2017",1.069,0.34
Taboo,1,"Feb. 14, 2017",1.123,0.41
Taboo,1,"Feb. 21, 2017",1.034,0.35
Taboo,1,"Feb. 28, 2017",1.021,0.38
Blood Drive,1,"Jun. 14, 2017",0.834,0.24
Blood Drive,1,"Jun. 21, 2017",0.627,0.18
Blood Drive,1,"Jun. 28, 2017",0.444,0.13
Blood Drive,1,"Jul. 5, 2017",0.490,0.13
Blood Drive,1,"Jul. 12, 2017",0.454,0.14
Blood Drive,1,"Jul. 19, 2017",0.436,0.13
Blood Drive,1,"Jul. 26, 2017",0.380,0.11
Blood Drive,1,"Aug. 2, 2017",0.498,0.15
Blood Drive,1,"Aug. 9, 2017",0.334,0.11
Blood Drive,1,"Aug. 16, 2017",0.343,0.10
Blood Drive,1,"Aug. 23, 2017",0.377,0.09
Blood Drive,1,"Aug. 30, 2017",0.364,0.12
Blood Drive,1,"Sept. 6, 2017",0.364,0.11
10 Things I Hate About You,1,"Jul. 7, 2009",1.642,0.6
10 Things I Hate About You,1,"Jul. 14, 2009",1.137,0.4
10 Things I Hate About You,1,"Jul. 21, 2009",1.589,0.5
10 Things I Hate About You,1,"Jul. 28, 2009",1.824,0.6
10 Things I Hate About You,1,"Aug. 4, 2009",1.115,0.3
10 Things I Hate About You,1,"Aug. 11, 2009",1.165,0.4
10 Things I Hate About You,1,"Aug. 18, 2009",1.229,0.4
10 Things I Hate About You,1,"Aug. 25, 2009",1.146,0.4
10 Things I Hate About You,1,"Sept. 1, 2009",1.214,0.4
10 Things I Hate About You,1,"Sept. 8, 2009",1.209,0.4
10 Things I Hate About You,1,"Mar. 29, 2010",1.452,0.4
10 Things I Hate About You,1,"Apr. 5, 2010",0.978,0.3
10 Things I Hate About You,1,"Apr. 12, 2010",0.751,0.3
10 Things I Hate About You,1,"Apr. 19, 2010",0.832,0.3
10 Things I Hate About You,1,"Apr. 26, 2010",0.888,0.3
10 Things I Hate About You,1,"May 3, 2010",0.764,0.2
10 Things I Hate About You,1,"May 10, 2010",0.646,0.2
10 Things I Hate About You,1,"May 17, 2010",0.798,0.3
10 Things I Hate About You,1,"May 24, 2010",0.760,0.3
10 Things I Hate About You,1,"May 24, 2010",0.745,0.2
The League,1,"Oct. 29, 2009",0.994,0.6/2
The League,1,"Nov. 5, 2009",1.414,0.9/3
The League,1,"Nov. 12, 2009",1.025,0.6/2
The League,1,"Nov. 19, 2009",0.859,0.5/1
The League,1,"Dec. 3, 2009",1.053,0.7/2
The League,1,"Dec. 10, 2009",1.203,0.7/2
The League,2,"Sept. 16, 2010",1.714,1.1/3
The League,2,"Sept. 23, 2010",1.046,0.6/2
The League,2,"Sept. 30, 2010",0.899,0.6/2
The League,2,"Oct. 7, 2010",0.822,0.5/2
The League,2,"Oct. 14, 2010",0.856,0.6/2
The League,2,"Oct. 21, 2010",0.616,0.4/1
The League,2,"Oct. 28, 2010",0.668,0.4/1
The League,2,"Nov. 4, 2010",1.012,0.6/2
The League,2,"Nov. 11, 2010",1.000,0.7/2
The League,2,"Nov. 18, 2010",1.043,0.6/2
The League,2,"Dec. 2, 2010",0.982,0.6/2
The League,2,"Dec. 9, 2010",1.046,0.6/2
The League,2,"Dec. 9, 2010",1.714,1.1/3
The League,3,"Oct. 6, 2011",1.292,0.9
The League,3,"Oct. 13, 2011",0.947,0.6
The League,3,"Oct. 20, 2011",1.045,0.7
The League,3,"Oct. 27, 2011",0.907,0.6
The League,3,"Nov. 3, 2011",1.173,0.7
The League,3,"Nov. 10, 2011",0.872,0.5
The League,3,"Nov. 17, 2011",0.857,0.6
The League,3,"Dec. 1, 2011",1.010,0.7
The League,3,"Dec. 8, 2011",1.032,0.7
The League,3,"Dec. 15, 2011",1.009,0.7
The League,3,"Dec. 22, 2011",0.980,0.6
The League,3,"Dec. 22, 2011",0.889,0.5
The League,4,"Oct. 11, 2012",0.907,0.6
The League,4,"Oct. 18, 2012",0.935,0.6
The League,4,"Oct. 25, 2012",0.759,0.5
The League,4,"Nov. 1, 2012",0.860,0.6
The League,4,"Nov. 8, 2012",0.831,0.5
The League,4,"Nov. 15, 2012",0.773,0.5
The League,4,"Nov. 29, 2012",0.870,0.6
The League,4,"Dec. 6, 2012",0.726,0.4
The League,4,"Dec. 13, 2012",0.722,0.4
The League,4,"Dec. 20, 2012",0.816,0.5
The League,5,"Sept. 4, 2013",0.786,0.5
The League,5,"Sept. 11, 2013",0.595,0.4
The League,5,"Sept. 18, 2013",0.502,0.35
The League,5,"Sept. 25, 2013",0.445,0.3
The League,5,"Oct. 2, 2013",0.424,0.30
The League,5,"Oct. 9, 2013",0.415,0.30
The League,5,"Oct. 16, 2013",0.523,0.38
The League,5,"Oct. 23, 2013",0.420,0.31
The League,5,"Oct. 30, 2013",0.363,0.25
The League,5,"Nov. 6, 2013",0.477,0.33
The League,5,"Nov. 13, 2013",0.509,0.30
The League,5,"Nov. 20, 2013",0.411,0.3
The League,5,"Nov. 20, 2013",0.368,0.3
The League,6,"Sept. 3, 2014",0.604,0.41
The League,6,"Sept. 10, 2014",0.491,0.36
The League,6,"Sept. 17, 2014",0.572,0.41
The League,6,"Sept. 24, 2014",0.539,0.40
The League,6,"Oct. 1, 2014",0.485,0.36
The League,6,"Oct. 8, 2014",0.399,0.27
The League,6,"Oct. 15, 2014",0.461,0.30
The League,6,"Oct. 22, 2014",0.331,0.25
The League,6,"Oct. 29, 2014",0.401,0.24
The League,6,"Nov. 5, 2014",0.366,0.25
The League,6,"Nov. 12, 2014",0.365,0.24
The League,6,"Nov. 19, 2014",0.323,0.19
The League,6,"Nov. 19, 2014",0.276,0.19
The League,7,"Sept. 9, 2015",0.720,0.49
The League,7,"Sept. 16, 2015",0.382,0.27
The League,7,"Sept. 23, 2015",0.547,0.37
The League,7,"Sept. 30, 2015",0.634,0.39
The League,7,"Oct. 7, 2015",0.368,0.25
The League,7,"Oct. 14, 2015",0.440,0.28
The League,7,"Oct. 21, 2015",0.329,0.21
The League,7,"Oct. 28, 2015",0.405,0.24
The League,7,"Nov. 4, 2015",0.452,0.30
The League,7,"Nov. 11, 2015",0.337,0.23
The League,7,"Nov. 18, 2015",0.373,0.24
The League,7,"Dec. 2, 2015",0.406,0.25
The League,7,"Dec. 9, 2015",0.456,0.27
Freak Out,1,"Oct. 21, 2014",0.640,0.22
Freak Out,1,"Oct. 22, 2014",0.407,0.15
Freak Out,1,"Mar. 25, 2015",0.322,0.15
Freak Out,1,"Apr. 1, 2015",0.225,0.09
Freak Out,1,"Apr. 8, 2015",0.289,0.13
Freak Out,1,"Apr. 15, 2015",0.286,0.13
Freak Out,1,"Apr. 22, 2015",0.298,0.12
Freak Out,1,"Apr. 29, 2015",0.122,0.06
Freak Out,1,"May 6, 2015",0.200,0.11
Freak Out,1,"May 13, 2015",0.140,0.05
Freak Out,1,"May 20, 2015",0.323,0.12
Freak Out,1,"May 27, 2015",0.332,0.13
Tales from the Tour Bus,1,"Sept. 22, 2017",0.068,0.02
Tales from the Tour Bus,1,"Sept. 29, 2017",0.069,0.02
Tales from the Tour Bus,1,"Oct. 6, 2017",0.055,0.02
Tales from the Tour Bus,1,"Oct. 13, 2017",0.071,0.03
Tales from the Tour Bus,1,"Oct. 20, 2017",0.061,0.01
Tales from the Tour Bus,1,"Oct. 27, 2017",0.125,0.04
Tales from the Tour Bus,1,"Nov. 3, 2017",0.105,0.04
Tales from the Tour Bus,1,"Nov. 10, 2017",0.045,0.02
Tales from the Tour Bus,2,"Nov. 2, 2018",0.031,0.01
Tales from the Tour Bus,2,"Nov. 9, 2018",0.076,0.03
Tales from the Tour Bus,2,"Nov. 16, 2018",0.047,0.02
Tales from the Tour Bus,2,"Nov. 23, 2018",0.086,0.03
Tales from the Tour Bus,2,"Nov. 30, 2018",0.094,0.03
Tales from the Tour Bus,2,"Dec. 7, 2018",0.040,0.01
Tales from the Tour Bus,2,"Dec. 14, 2018",0.055,0.01
Tales from the Tour Bus,2,"Dec. 21, 2018",0.040,0.02
Top Chef,1,"Mar. 8, 2006",1.285,0.7
Top Chef,1,"Mar. 15, 2006",0.701,0.4
Top Chef,1,"Mar. 22, 2006",0.720,0.4
Top Chef,1,"Mar. 29, 2006",0.860,0.5
Top Chef,1,"Apr. 5, 2006",0.995,0.5
Top Chef,1,"Apr. 12, 2006",1.084,0.5
Top Chef,1,"Apr. 19, 2006",1.245,0.7
Top Chef,1,"Apr. 26, 2006",1.332,0.7
Top Chef,1,"May 3, 2006",1.678,0.9
Top Chef,1,"May 10, 2006",1.092,0.6
Top Chef,1,"May 17, 2006",1.452,0.8
Top Chef,1,"May 24, 2006",1.515,0.8
Top Chef,2,"Oct. 18, 2006",1.872,1.0
Top Chef,2,"Oct. 25, 2006",1.277,0.7
Top Chef,2,"Nov. 1, 2006",1.368,0.7
Top Chef,2,"Nov. 8, 2006",1.672,0.9
Top Chef,2,"Nov. 15, 2006",1.712,1.0
Top Chef,2,"Nov. 22, 2006",1.633,0.8
Top Chef,2,"Dec. 6, 2006",1.757,0.9
Top Chef,2,"Dec. 13, 2006",1.631,0.9
Top Chef,2,"Jan. 3, 2007",2.214,1.2
Top Chef,2,"Jan. 10, 2007",2.637,1.4
Top Chef,2,"Jan. 17, 2007",2.810,1.6
Top Chef,2,"Jan. 24, 2007",2.602,1.5
Top Chef,2,"Jan. 31, 2007",3.896,2.2
Top Chef,3,"Jun. 6, 2007",1.315,0.6
Top Chef,3,"Jun. 13, 2007",2.024,1.1
Top Chef,3,"Jun. 20, 2007",1.985,1.0
Top Chef,3,"Jun. 27, 2007",1.973,0.9
Top Chef,3,"Jul. 11, 2007",2.063,1.0
Top Chef,3,"Jul. 18, 2007",2.082,1.0
Top Chef,3,"Jul. 25, 2007",1.381,0.7
Top Chef,3,"Aug. 1, 2007",2.053,1.0
Top Chef,3,"Aug. 8, 2007",2.055,1.1
Top Chef,3,"Aug. 15, 2007",2.269,1.2
Top Chef,3,"Aug. 22, 2007",2.415,1.2
Top Chef,3,"Sept. 5, 2007",1.990,1.0
Top Chef,3,"Sept. 12, 2007",2.311,1.1
Top Chef,3,"Sept. 19, 2007",2.238,1.2
Top Chef,3,"Sept. 26, 2007",2.124,1.1
Top Chef,3,"Oct. 3, 2007",3.079,1.7
Top Chef,3,"Oct. 10, 2007",1.142,0.6
Top Chef,3,Average*,2.136,1.09
Top Chef Holiday Special,1,"Dec. 6, 2007",0.760,0.4
Top Chef,4,"Mar. 12, 2008",2.256,1.1
Top Chef,4,"Mar. 19, 2008",2.168,1.1
Top Chef,4,"Mar. 26, 2008",2.413,1.3
Top Chef,4,"Apr. 2, 2008",2.297,1.2
Top Chef,4,"Apr. 9, 2008",2.096,1.1
Top Chef,4,"Apr. 16, 2008",2.584,1.4
Top Chef,4,"Apr. 23, 2008",2.398,1.4
Top Chef,4,"Apr. 30, 2008",2.417,1.2
Top Chef,4,"May 7, 2008",2.698,1.6
Top Chef,4,"May 14, 2008",2.661,1.4
Top Chef,4,"May 21, 2008",2.483,1.3
Top Chef,4,"May 28, 2008",2.690,1.5
Top Chef,4,"Jun. 4, 2008",2.882,1.7
Top Chef,4,"Jun. 11, 2008",3.540,2.0
Top Chef,4,"Jun. 18, 2008",1.729,0.9
Top Chef,4,Average**,2.542,1.38
Top Chef,5,"Nov. 12, 2008",2.695,1.4
Top Chef,5,"Nov. 19, 2008",2.569,1.4
Top Chef,5,"Nov. 26, 2008",2.031,1.0
Top Chef,5,"Dec. 3, 2008",2.847,1.5
Top Chef,5,"Dec. 10, 2008",3.021,1.7
Top Chef,5,"Dec. 17, 2008",3.125,1.6
Top Chef,5,"Jan. 7, 2009",2.933,1.6
Top Chef,5,"Jan. 14, 2009",3.172,1.7
Top Chef,5,"Jan. 21, 2009",2.679,1.5
Top Chef,5,"Jan. 28, 2009",3.216,1.7
Top Chef,5,"Feb. 4, 2009",3.234,1.8
Top Chef,5,"Feb. 11, 2009",3.271,1.8
Top Chef,5,"Feb. 18, 2009",3.627,1.9
Top Chef,5,"Feb. 25, 2009",3.743,2.1
Top Chef,5,"Mar. 4, 2009",1.904,1.0
Top Chef,5,Average**,3.012,1.62
Top Chef,6,"Aug. 19, 2009",2.592,1.3
Top Chef,6,"Aug. 26, 2009",2.769,1.5
Top Chef,6,"Sept. 2, 2009",2.853,1.5
Top Chef,6,"Sept. 9, 2009",2.792,1.4
Top Chef,6,"Sept. 16, 2009",2.670,1.4
Top Chef,6,"Sept. 23, 2009",2.844,1.5
Top Chef,6,"Oct. 7, 2009",2.763,1.5
Top Chef,6,"Oct. 14, 2009",2.668,1.4
Top Chef,6,"Oct. 21, 2009",2.858,1.5
Top Chef,6,"Oct. 28, 2009",3.043,1.7
Top Chef,6,"Nov. 4, 2009",1.714,0.9
Top Chef,6,"Nov. 11, 2009",3.020,1.7
Top Chef,6,"Nov. 18, 2009",2.813,1.5
Top Chef,6,"Dec. 2, 2009",3.000,1.5
Top Chef,6,"Dec. 9, 2009",3.492,1.8
Top Chef,6,"Dec. 16, 2009",1.347,0.6
Top Chef,6,Average**,2.793,1.47
Top Chef,7,"Jun. 16, 2010",1.834,0.9
Top Chef,7,"Jun. 23, 2010",2.196,1.1
Top Chef,7,"Jun. 30, 2010",2.206,1.1
Top Chef,7,"Jul. 7, 2010",2.584,1.2
Top Chef,7,"Jul. 14, 2010",2.378,1.2
Top Chef,7,"Jul. 21, 2010",2.072,1.1
Top Chef,7,"Jul. 28, 2010",2.402,1.3
Top Chef,7,"Aug. 4, 2010",2.462,1.2
Top Chef,7,"Aug. 11, 2010",2.483,1.2
Top Chef,7,"Aug. 18, 2010",2.570,1.2
Top Chef,7,"Aug. 25, 2010",2.591,1.2
Top Chef,7,"Sept. 1, 2010",2.568,1.3
Top Chef,7,"Sept. 8, 2010",2.898,1.4
Top Chef,7,"Sept. 15, 2010",2.695,1.4
Top Chef,7,"Sept. 22, 2010",1.478,0.7
Top Chef,7,Average**,2.424,1.20
Top Chef,8,"Dec. 1, 2010",1.659,0.8
Top Chef,8,"Dec. 8, 2010",2.030,1.0
Top Chef,8,"Dec. 15, 2010",1.978,1.1
Top Chef,8,"Dec. 22, 2010",2.116,1.0
Top Chef,8,"Jan. 5, 2011",2.464,1.3
Top Chef,8,"Jan. 12, 2011",2.363,1.3
Top Chef,8,"Jan. 19, 2011",2.334,1.2
Top Chef,8,"Feb. 2, 2011",2.343,1.3
Top Chef,8,"Feb. 9, 2011",2.231,1.2
Top Chef,8,"Feb. 16, 2011",2.351,1.3
Top Chef,8,"Feb. 23, 2011",2.610,1.4
Top Chef,8,"Mar. 2, 2011",2.482,1.3
Top Chef,8,"Mar. 9, 2011",2.439,1.2
Top Chef,8,"Mar. 16, 2011",2.256,1.2
Top Chef,8,"Mar. 23, 2011",2.376,1.3
Top Chef,8,"Mar. 30, 2011",2.774,1.5
Top Chef,8,"Apr. 6, 2011",1.678,0.9
Top Chef,8,Average**,2.300,1.21
Top Chef,9,"Nov. 2, 2011",1.585,0.8
Top Chef,9,"Nov. 9, 2011",1.637,0.8
Top Chef,9,"Nov. 16, 2011",1.453,0.7
Top Chef,9,"Nov. 23, 2011",1.671,0.7
Top Chef,9,"Nov. 30, 2011",0.826,0.4
Top Chef,9,"Dec. 7, 2011",1.695,0.8
Top Chef,9,"Dec. 14, 2011",1.744,0.9
Top Chef,9,"Dec. 21, 2011",1.688,0.8
Top Chef,9,"Jan. 4, 2012",1.936,0.9
Top Chef,9,"Jan. 11, 2012",1.820,1.0
Top Chef,9,"Jan. 18, 2012",1.995,1.0
Top Chef,9,"Jan. 25, 2012",1.831,0.9
Top Chef,9,"Feb. 1, 2012",2.010,1.0
Top Chef,9,"Feb. 8, 2012",2.024,1.0
Top Chef,9,"Feb. 15, 2012",1.743,0.9
Top Chef,9,"Feb. 22, 2012",1.786,0.9
Top Chef,9,"Feb. 29, 2012",1.848,1.0
Top Chef,9,"Mar. 7, 2012",1.039,0.5
Top Chef,9,Average**,1.723,0.85
Top Chef,10,"Nov. 7, 2012",0.912,0.4
Top Chef,10,"Nov. 14, 2012",0.941,0.4
Top Chef,10,"Nov. 21, 2012",1.045,0.4
Top Chef,10,"Nov. 28, 2012",1.115,0.5
Top Chef,10,"Dec. 5, 2012",1.405,0.6
Top Chef,10,"Dec. 12, 2012",1.287,0.5
Top Chef,10,"Dec. 19, 2012",1.458,0.6
Top Chef,10,"Dec. 26, 2012",1.562,0.7
Top Chef,10,"Jan. 2, 2013",1.568,0.7
Top Chef,10,"Jan. 9, 2013",1.651,0.7
Top Chef,10,"Jan. 16, 2013",1.522,0.7
Top Chef,10,"Jan. 23, 2013",1.593,0.7
Top Chef,10,"Jan. 30, 2013",1.635,0.7
Top Chef,10,"Feb. 6, 2013",1.645,0.7
Top Chef,10,"Feb. 13, 2013",1.519,0.6
Top Chef,10,"Feb. 20, 2013",1.739,0.8
Top Chef,10,"Feb. 27, 2013",1.853,0.8
Top Chef,11,"Oct. 2, 2013",1.318,0.54
Top Chef,11,"Oct. 9, 2013",1.148,0.45
Top Chef,11,"Oct. 16, 2013",1.354,0.54
Top Chef,11,"Oct. 23, 2013",1.165,0.48
Top Chef,11,"Oct. 30, 2013",1.003,0.39
Top Chef,11,"Nov. 6, 2013",1.157,0.53
Top Chef,11,"Nov. 13, 2013",1.205,0.46
Top Chef,11,"Nov. 20, 2013",1.312,0.54
Top Chef,11,"Dec. 4, 2013",1.261,0.50
Top Chef,11,"Dec. 11, 2013",1.260,0.5
Top Chef,11,"Dec. 18, 2013",1.207,0.48
Top Chef,11,"Jan. 1, 2014",1.033,0.42
Top Chef,11,"Jan. 8, 2014",1.402,0.63
Top Chef,11,"Jan. 15, 2014",1.160,0.43
Top Chef,11,"Jan. 22, 2014",1.319,0.58
Top Chef,11,"Jan. 29, 2014",1.494,0.64
Top Chef,11,"Feb. 5, 2014",1.693,0.69
Top Chef,12,"Oct. 15, 2014",1.091,0.44
Top Chef,12,"Oct. 22, 2014",0.980,0.38
Top Chef,12,"Oct. 29, 2014",1.051,0.38
Top Chef,12,"Nov. 5, 2014",0.906,0.37
Top Chef,12,"Nov. 12, 2014",0.901,0.39
Top Chef,12,"Nov. 19, 2014",0.949,0.43
Top Chef,12,"Dec. 3, 2014",0.955,0.40
Top Chef,12,"Dec. 10, 2014",0.979,0.35
Top Chef,12,"Dec. 17, 2014",0.983,0.37
Top Chef,12,"Jan. 7, 2015",1.015,0.42
Top Chef,12,"Jan. 14, 2015",1.090,0.48
Top Chef,12,"Jan. 21, 2015",0.990,0.38
Top Chef,12,"Jan. 28, 2015",1.110,0.50
Top Chef,12,"Feb. 4, 2015",0.885,0.42
Top Chef,12,"Feb. 11, 2015",0.955,0.40
Top Chef,13,"Dec. 2, 2015",0.795,0.26
Top Chef,13,"Dec. 3, 2015",0.841,0.27
Top Chef,13,"Dec. 10, 2015",0.889,0.37
Top Chef,13,"Dec. 17, 2015",0.850,0.37
Top Chef,13,"Jan. 7, 2016",0.914,0.36
Top Chef,13,"Jan. 14, 2016",0.895,0.34
Top Chef,13,"Jan. 21, 2016",1.148,0.50
Top Chef,13,"Jan. 28, 2016",0.973,0.43
Top Chef,13,"Feb. 4, 2016",0.928,0.43
Top Chef,13,"Feb. 11, 2016",0.856,0.39
Top Chef,13,"Feb. 18, 2016",0.876,0.37
Top Chef,13,"Feb. 25, 2016",0.833,0.37
Top Chef,13,"Mar. 3, 2016",0.881,0.38
Top Chef,13,"Mar. 10, 2016",0.921,0.38
Top Chef,13,"Mar. 17, 2016",1.169,0.46
Top Chef,14,"Dec. 1, 2016",0.796,0.33
Top Chef,14,"Dec. 8, 2016",0.825,0.31
Top Chef,14,"Dec. 15, 2016",0.820,0.30
Top Chef,14,"Dec. 22, 2016",0.784,0.29
Top Chef,14,"Dec. 29, 2016",0.968,0.29
Top Chef,14,"Jan. 5, 2017",1.055,0.39
Top Chef,14,"Jan. 12, 2017",1.063,0.41
Top Chef,14,"Jan. 19, 2017",1.007,0.36
Top Chef,14,"Jan. 26, 2017",1.130,0.41
Top Chef,14,"Feb. 2, 2017",1.018,0.37
Top Chef,14,"Feb. 9, 2017",0.882,0.36
Top Chef,14,"Feb. 16, 2017",1.041,0.40
Top Chef,14,"Feb. 23, 2017",0.971,0.37
Top Chef,14,"Mar. 2, 2017",1.286,0.50
Top Chef,15,"Dec. 7, 2017",0.879,0.33
Top Chef,15,"Dec. 14, 2017",0.784,0.28
Top Chef,15,"Dec. 21, 2017",0.813,0.28
Top Chef,15,"Dec. 28, 2017",0.989,0.32
Top Chef,15,"Jan. 4, 2018",0.957,0.36
Top Chef,15,"Jan. 11, 2018",0.847,0.31
Top Chef,15,"Jan. 18, 2018",0.864,0.29
Top Chef,15,"Jan. 25, 2018",0.806,0.27
Top Chef,15,"Feb. 1, 2018",0.881,0.31
Top Chef,15,"Feb. 8, 2018",0.797,0.29
Top Chef,15,"Feb. 15, 2018",0.842,0.29
Top Chef,15,"Feb. 22, 2018",0.736,0.25
Top Chef,15,"Mar. 1, 2018",0.771,0.26
Top Chef,15,"Mar. 8, 2018",0.927,0.33
Top Chef,16,"Dec. 6, 2018",0.833,0.25
Top Chef,16,"Dec. 13, 2018",0.698,0.22
Top Chef,16,"Dec. 20, 2018",0.870,0.31
Top Chef,16,"Dec. 27, 2018",0.960,0.36
Top Chef,16,"Jan. 3, 2019",1.132,0.35
Top Chef,16,"Jan. 10, 2019",0.977,0.34
Top Chef,16,"Jan. 17, 2019",1.015,0.32
Top Chef,16,"Jan. 24, 2019",0.983,0.33
Top Chef,16,"Jan. 31, 2019",1.028,0.33
Top Chef,16,"Feb. 7, 2019",0.934,0.32
Top Chef,16,"Feb. 14, 2019",0.978,0.33
Top Chef,16,"Feb. 21, 2019",0.912,0.32
Top Chef,16,"Feb. 28, 2019",0.956,0.32
Top Chef,16,"Mar. 7, 2019",0.936,0.32
Top Chef,16,"Mar. 14, 2019",0.909,0.26
Top Chef,17,"Mar. 19, 2020",0.768,0.26
Top Chef,17,"Mar. 26, 2020",0.821,0.29
Top Chef,17,"Apr. 2, 2020",0.829,0.29
Top Chef,17,"Apr. 9, 2020",0.911,0.29
Top Chef,17,"Apr. 16, 2020",0.822,0.30
Top Chef,17,"Apr. 23, 2020",0.919,0.31
Top Chef,17,"Apr. 30, 2020",0.891,0.27
Top Chef,17,"May 7, 2020",0.949,0.32
Top Chef,17,"May 14, 2020",0.899,0.29
Top Chef,17,"May 21, 2020",0.842,0.27
Top Chef,17,"May 28, 2020",0.901,0.29
Top Chef,17,"Jun. 4, 2020",0.845,0.28
Top Chef,17,"Jun. 11, 2020",0.998,0.33
Top Chef,17,"Jun. 18, 2020",1.044,0.30
Top Chef,18,"Apr. 1, 2021",0.829,0.24
Top Chef,18,"Apr. 8, 2021",0.737,0.25
Top Chef,18,"Apr. 15, 2021",0.748,0.24
Top Chef,18,"Apr. 22, 2021",0.892,0.29
Top Chef,18,"Apr. 29, 2021",0.898,0.31
Top Chef,18,"May 6, 2021",0.906,0.28
Top Chef,18,"May 13, 2021",0.847,0.27
Top Chef,18,"May 20, 2021",0.775,0.26
Top Chef,18,"May 27, 2021",0.832,0.27
Top Chef,18,"Jun. 3, 2021",0.776,0.24
Top Chef,18,"Jun. 10, 2021",0.834,0.23
Top Chef,18,"Jun. 17, 2021",0.892,0.25
Top Chef,18,"Jun. 24, 2021",0.824,0.25
Top Chef,18,"Jul. 1, 2021",0.891,0.29
Top Chef,19,"Mar. 3, 2022",0.701,0.18
Top Chef,19,"Mar. 10, 2022",0.792,0.20
Top Chef,19,"Mar. 17, 2022",0.754,0.19
Top Chef,19,"Mar. 24, 2022",0.759,0.20
Top Chef,19,"Mar. 31, 2022",0.825,0.26
Top Chef,19,"Apr. 7, 2022",0.770,0.23
Top Chef,19,"Apr. 14, 2022",0.655,0.20
Top Chef,19,"Apr. 21, 2022",0.735,0.23
Top Chef,19,"Apr. 28, 2022",0.727,0.24
Top Chef,19,"May 5, 2022",0.707,0.21
Top Chef,19,"May 12, 2022",0.688,0.18
Top Chef,19,"May 19, 2022",0.717,0.20
Top Chef,19,"May 26, 2022",0.631,0.20
Top Chef,19,"Jun. 2, 2022",0.694,0.20
Getting On,1,"Nov. 24, 2013",0.520,-
Getting On,1,"Dec. 1, 2013",0.379,0.19
Getting On,1,"Dec. 8, 2013",0.315,0.13
Getting On,1,"Dec. 15, 2013",0.314,0.10
Getting On,1,"Dec. 22, 2013",0.311,0.15
Getting On,1,"Dec. 29, 2013",0.322,0.15
Getting On,2,"Nov. 9, 2014",0.309,0.10
Getting On,2,"Nov. 16, 2014",0.232,0.07
Getting On,2,"Nov. 23, 2014",0.273,0.10
Getting On,2,"Nov. 30, 2014",0.273,0.10
Getting On,2,"Dec. 7, 2014",0.226,0.08
Getting On,2,"Dec. 14, 2014",0.209,0.05
Getting On,3,"Nov. 8, 2015",0.269,0.10
Getting On,3,"Nov. 15, 2015",0.240,0.06
Getting On,3,"Nov. 22, 2015",0.262,0.06
Getting On,3,"Nov. 29, 2015",0.321,0.11
Getting On,3,"Dec. 6, 2015",0.318,0.09
Getting On,3,"Dec. 13, 2015",0.263,0.08
Baskets,1,"Jan. 21, 2016",1.035,0.46
Baskets,1,"Jan. 28, 2016",0.658,0.35
Baskets,1,"Feb. 4, 2016",0.625,0.27
Baskets,1,"Feb. 11, 2016",0.567,0.27
Baskets,1,"Feb. 18, 2016",0.649,0.31
Baskets,1,"Feb. 25, 2016",0.483,0.24
Baskets,1,"Mar. 3, 2016",0.399,0.18
Baskets,1,"Mar. 10, 2016",0.396,0.18
Baskets,1,"Mar. 17, 2016",0.500,0.22
Baskets,1,"Mar. 24, 2016",0.564,0.22
Baskets,2,"Jan. 19, 2017",0.656,0.24
Baskets,2,"Jan. 26, 2017",0.518,0.25
Baskets,2,"Feb. 2, 2017",0.362,0.14
Baskets,2,"Feb. 9, 2017",0.515,0.22
Baskets,2,"Feb. 16, 2017",0.463,0.19
Baskets,2,"Feb. 23, 2017",0.460,0.22
Baskets,2,"Mar. 2, 2017",0.500,0.20
Baskets,2,"Mar. 9, 2017",0.517,0.21
Baskets,2,"Mar. 16, 2017",0.391,0.17
Baskets,2,"Mar. 23, 2017",0.442,0.17
Baskets,3,"Jan. 23, 2018",0.536,0.19
Baskets,3,"Jan. 30, 2018",0.530,0.16
Baskets,3,"Feb. 6, 2018",0.386,0.12
Baskets,3,"Feb. 13, 2018",0.389,0.14
Baskets,3,"Feb. 20, 2018",0.375,0.10
Baskets,3,"Feb. 27, 2018",0.353,0.14
Baskets,3,"Mar. 6, 2018",0.345,0.12
Baskets,3,"Mar. 13, 2018",0.414,0.15
Baskets,3,"Mar. 20, 2018",0.437,0.16
Baskets,3,"Mar. 27, 2018",0.307,0.11
Baskets,4,"Jun. 13, 2019",0.317,0.10
Baskets,4,"Jun. 20, 2019",0.298,0.09
Baskets,4,"Jun. 27, 2019",0.337,0.12
Baskets,4,"Jul. 11, 2019",0.332,0.12
Baskets,4,"Jul. 18, 2019",0.370,0.11
Baskets,4,"Jul. 25, 2019",0.349,0.11
Baskets,4,"Aug. 1, 2019",0.317,0.10
Baskets,4,"Aug. 8, 2019",0.330,0.08
Baskets,4,"Aug. 15, 2019",0.320,0.12
Baskets,4,"Aug. 22, 2019",0.296,0.10
Devious Maids,1,"Jun. 23, 2013",1.987,0.7
Devious Maids,1,"Jun. 30, 2013",2.086,0.6
Devious Maids,1,"Jul. 7, 2013",2.533,0.9
Devious Maids,1,"Jul. 14, 2013",2.227,0.8
Devious Maids,1,"Jul. 21, 2013",2.778,1.0
Devious Maids,1,"Jul. 28, 2013",2.884,1.1
Devious Maids,1,"Aug. 4, 2013",2.740,1.0
Devious Maids,1,"Aug. 11, 2013",2.663,0.9
Devious Maids,1,"Aug. 18, 2013",2.560,0.9
Devious Maids,1,"Aug. 25, 2013",2.479,0.9
Devious Maids,1,"Sept. 8, 2013",2.494,0.8
Devious Maids,1,"Sept. 15, 2013",2.519,0.9
Devious Maids,1,"Sept. 22, 2013",2.952,1.1
Devious Maids,2,"Apr. 20, 2014",1.962,0.75
Devious Maids,2,"Apr. 27, 2014",1.676,0.67
Devious Maids,2,"May 4, 2014",1.574,0.56
Devious Maids,2,"May 11, 2014",1.654,0.61
Devious Maids,2,"May 18, 2014",1.542,0.55
Devious Maids,2,"May 25, 2014",1.775,0.58
Devious Maids,2,"Jun. 1, 2014",2.142,0.66
Devious Maids,2,"Jun. 8, 2014",1.822,0.58
Devious Maids,2,"Jun. 15, 2014",1.808,0.55
Devious Maids,2,"Jun. 22, 2014",1.934,0.55
Devious Maids,2,"Jun. 29, 2014",1.494,0.44
Devious Maids,2,"Jul. 6, 2014",1.862,0.68
Devious Maids,2,"Jul. 13, 2014",2.225,0.79
Devious Maids,3,"Jun. 1, 2015",1.465,0.53
Devious Maids,3,"Jun. 8, 2015",1.424,0.56
Devious Maids,3,"Jun. 15, 2015",1.344,0.46
Devious Maids,3,"Jun. 22, 2015",1.135,0.43
Devious Maids,3,"Jun. 29, 2015",1.335,0.49
Devious Maids,3,"Jul. 6, 2015",1.337,0.46
Devious Maids,3,"Jul. 13, 2015",1.352,0.47
Devious Maids,3,"Jul. 20, 2015",1.165,0.41
Devious Maids,3,"Jul. 27, 2015",1.265,0.37
Devious Maids,3,"Aug. 3, 2015",1.411,0.41
Devious Maids,3,"Aug. 10, 2015",1.339,0.44
Devious Maids,3,"Aug. 17, 2015",1.518,0.46
Devious Maids,3,"Aug. 24, 2015",1.533,0.55
Devious Maids,4,"Jun. 6, 2016",1.080,0.35
Devious Maids,4,"Jun. 13, 2016",1.068,0.33
Devious Maids,4,"Jun. 20, 2016",0.816,0.26
Devious Maids,4,"Jun. 27, 2016",0.958,0.31
Devious Maids,4,"Jul. 4, 2016",0.943,0.29
Devious Maids,4,"Jul. 11, 2016",1.032,0.34
Devious Maids,4,"Jul. 18, 2016",0.818,0.27
Devious Maids,4,"Jul. 25, 2016",0.871,0.30
Devious Maids,4,"Aug. 1, 2016",0.784,0.28
Devious Maids,4,"Aug. 8, 2016",0.859,0.26
Wrestling with Death,1,"Jan. 13, 2015",0.151,0.05
Wrestling with Death,1,"Jan. 13, 2015",0.122,0.04
Wrestling with Death,1,"Jan. 20, 2015",0.105,0.02
Wrestling with Death,1,"Jan. 20, 2015",0.112,0.03
Wrestling with Death,1,"Jan. 27, 2015",0.093,0.03
Wrestling with Death,1,"Jan. 27, 2015",0.088,0.04
Wrestling with Death,1,"Feb. 3, 2015",0.090,0.04
Wrestling with Death,1,"Feb. 3, 2015",0.067,0.02
Wrestling with Death,1,"Feb. 10, 2015",0.073,0.03
Wrestling with Death,1,"Feb. 10, 2015",0.056,0.03
Wrestling with Death,1,"Feb. 17, 2015",0.023,0.01
Wrestling with Death,1,"Feb. 17, 2015",0.018,0.00
Deutschland 83,1,"Jun. 17, 2015",0.066,0.01
Deutschland 83,1,"Jun. 24, 2015",0.074,0.01
Deutschland 83,1,"Jul. 1, 2015",0.077,0.02
Deutschland 83,1,"Jul. 8, 2015",0.100,0.01
Deutschland 83,1,"Jul. 15, 2015",0.143,0.02
Deutschland 83,1,"Jul. 22, 2015",0.082,0.01
Deutschland 83,1,"Jul. 29, 2015",0.072,0.01
Deutschland 83,1,"Aug. 5, 2015",0.107,0.03
Deutschland 86,1,"Oct. 25, 2018",0.098,0.03
Deutschland 86,1,"Oct. 26, 2018",0.089,0.02
Deutschland 86,1,"Nov. 1, 2018",0.149,0.04
Deutschland 86,1,"Nov. 2, 2018",0.082,0.02
Deutschland 86,1,"Nov. 8, 2018",0.092,0.02
Deutschland 86,1,"Nov. 9, 2018",0.072,0.01
Deutschland 86,1,"Nov. 15, 2018",0.100,0.02
Deutschland 86,1,"Nov. 15, 2018",0.045,0.01
Deutschland 86,1,"Nov. 16, 2018",0.061,0.01
Deutschland 86,1,"Nov. 16, 2018",0.042,0.01
Deutschland 89,1,"Oct. 29, 2020",0.050,0.00
Deutschland 89,1,"Oct. 29, 2020",0.038,0.00
Deutschland 89,1,"Nov. 5, 2020",0.059,0.01
Deutschland 89,1,"Nov. 5, 2020",0.018,0.00
Deutschland 89,1,"Nov. 12, 2020",0.056,0.02
Deutschland 89,1,"Nov. 12, 2020",0.029,0.01
Deutschland 89,1,"Nov. 19, 2020",0.046,0.01
Deutschland 89,1,"Nov. 19, 2020",0.029,0.00
Monday Mornings,1,"Feb. 4, 2013",1.344,0.3
Monday Mornings,1,"Feb. 11, 2013",1.222,0.3
Monday Mornings,1,"Feb. 18, 2013",1.248,0.3
Monday Mornings,1,"Feb. 25, 2013",1.243,0.3
Monday Mornings,1,"Mar. 4, 2013",1.453,0.3
Monday Mornings,1,"Mar. 11, 2013",1.862,0.4
Monday Mornings,1,"Mar. 18, 2013",1.229,0.3
Monday Mornings,1,"Mar. 25, 2013",1.321,0.3
Monday Mornings,1,"Apr. 1, 2013",1.604,0.4
Monday Mornings,1,"Apr. 8, 2013",1.371,0.3
Outlaw Country,1,"Feb. 12, 2015",0.135,0.03
Outlaw Country,1,"Feb. 24, 2015",0.219,0.09
Outlaw Country,1,"Mar. 3, 2015",0.133,0.04
Outlaw Country,1,"Mar. 10, 2015",0.146,0.07
Outlaw Country,1,"Mar. 17, 2015",0.141,0.07
Outlaw Country,1,"Mar. 24, 2015",0.104,0.02
Outlaw Country,1,"Mar. 31, 2015",0.094,0.03
Outlaw Country,1,"Apr. 7, 2015",0.125,0.06
The Girlfriend Experience,1,"Apr. 10, 2016",0.363,0.11
The Girlfriend Experience,1,"Apr. 10, 2016",0.334,0.11
The Girlfriend Experience,1,"Apr. 17, 2016",0.268,0.08
The Girlfriend Experience,1,"Apr. 24, 2016",0.262,0.08
The Girlfriend Experience,1,"May 1, 2016",0.163,0.05
The Girlfriend Experience,1,"May 8, 2016",0.196,0.05
The Girlfriend Experience,1,"May 15, 2016",0.222,0.06
The Girlfriend Experience,1,"May 22, 2016",0.226,0.06
The Girlfriend Experience,1,"May 29, 2016",0.161,0.03
The Girlfriend Experience,1,"Jun. 5, 2016",0.177,0.03
The Girlfriend Experience,1,"Jun. 12, 2016",0.248,0.06
The Girlfriend Experience,1,"Jun. 19, 2016",0.180,0.05
The Girlfriend Experience,1,"Jun. 19, 2016",0.209,0.06
The Girlfriend Experience,2,"Nov. 5, 2017",0.402,0.10
The Girlfriend Experience,2,"Nov. 5, 2017",0.336,0.08
The Girlfriend Experience,2,"Nov. 12, 2017",0.346,0.10
The Girlfriend Experience,2,"Nov. 12, 2017",0.325,0.09
The Girlfriend Experience,2,"Nov. 19, 2017",0.269,0.07
The Girlfriend Experience,2,"Nov. 19, 2017",0.243,0.06
The Girlfriend Experience,2,"Nov. 26, 2017",0.211,0.05
The Girlfriend Experience,2,"Nov. 26, 2017",0.229,0.04
The Girlfriend Experience,2,"Dec. 3, 2017",0.297,0.06
The Girlfriend Experience,2,"Dec. 3, 2017",0.226,0.05
The Girlfriend Experience,2,"Dec. 17, 2017",0.198,0.04
The Girlfriend Experience,2,"Dec. 17, 2017",0.195,0.04
The Girlfriend Experience,2,"Dec. 24, 2017",0.176,0.05
The Girlfriend Experience,2,"Dec. 24, 2017",0.176,0.05
The Girlfriend Experience,3,"May 2, 2021",0.047,0.00
The Girlfriend Experience,3,"May 2, 2021",0.052,0.00
The Girlfriend Experience,3,"May 9, 2021",0.041,0.00
The Girlfriend Experience,3,"May 16, 2021",0.034,0.00
The Girlfriend Experience,3,"May 23, 2021",0.079,0.00
The Girlfriend Experience,3,"May 30, 2021",0.089,0.04
The Girlfriend Experience,3,"Jun. 6, 2021",0.078,0.01
The Girlfriend Experience,3,"Jun. 13, 2021",0.039,0.00
The Girlfriend Experience,3,"Jun. 20, 2021",0.034,0.00
The Girlfriend Experience,3,"Jun. 20, 2021",0.024,0.00
Dirt,1,"Jan. 2, 2007",3.744,1.8
Dirt,1,"Jan. 9, 2007",2.428,1.3
Dirt,1,"Jan. 16, 2007",1.966,1.0
Dirt,1,"Jan. 23, 2007",1.920,1.0
Dirt,1,"Jan. 30, 2007",2.156,1.2
Dirt,1,"Feb. 6, 2007",1.425,0.8
Dirt,1,"Feb. 13, 2007",1.581,1.0
Dirt,1,"Feb. 20, 2007",1.315,0.7
Dirt,1,"Feb. 27, 2007",1.364,0.8
Dirt,1,"Mar. 6, 2007",1.665,0.9
Dirt,1,"Mar. 13, 2007",1.699,0.9
Dirt,1,"Mar. 20, 2007",1.794,1.0
Dirt,1,"Mar. 27, 2007",2.396,1.3
Dirt,2,"Mar. 2, 2008",1.695,0.9
Dirt,2,"Mar. 9, 2008",1.414,0.7
Dirt,2,"Mar. 16, 2008",1.542,0.8
Dirt,2,"Mar. 23, 2008",1.270,0.6
Dirt,2,"Mar. 30, 2008",1.271,0.7
Dirt,2,"Apr. 6, 2008",1.296,0.7
Dirt,2,"Apr. 13, 2008",1.064,0.6
Continuum,1,"Jan. 14, 2013",0.903,0.2
Continuum,1,"Jan. 21, 2013",1.279,0.4
Continuum,1,"Jan. 28, 2013",1.159,0.4
Continuum,1,"Feb. 4, 2013",1.008,0.3
Continuum,1,"Feb. 11, 2013",1.028,0.3
Continuum,1,"Feb. 18, 2013",1.123,0.4
Continuum,1,"Feb. 24, 2013",0.986,0.3
Continuum,1,"Mar. 4, 2013",1.010,0.3
Continuum,1,"Mar. 11, 2013",1.095,0.3
Continuum,1,"Mar. 18, 2013",0.896,0.3
Continuum,2,"Jun. 7, 2013",1.421,0.4
Continuum,2,"Jun. 14, 2013",1.278,0.4
Continuum,2,"Jun. 21, 2013",1.001,0.3
Continuum,2,"Jun. 28, 2013",1.193,0.4
Continuum,2,"Jul. 5, 2013",1.030,0.3
Continuum,2,"Jul. 12, 2013",1.259,0.4
Continuum,2,"Jul. 19, 2013",1.214,0.4
Continuum,2,"Jul. 26, 2013",1.333,0.4
Continuum,2,"Aug. 2, 2013",1.072,0.4
Continuum,2,"Aug. 9, 2013",1.085,0.3
Continuum,2,"Aug. 16, 2013",1.160,0.4
Continuum,2,"Aug. 23, 2013",1.124,0.3
Continuum,2,"Aug. 30, 2013",1.369,0.4
Continuum,3,"Apr. 4, 2014",0.812,0.24
Continuum,3,"Apr. 11, 2014",0.876,0.28
Continuum,3,"Apr. 18, 2014",0.825,0.24
Continuum,3,"Apr. 25, 2014",0.754,0.27
Continuum,3,"May 2, 2014",0.762,0.24
Continuum,3,"May 9, 2014",0.624,0.20
Continuum,3,"May 16, 2014",0.979,0.28
Continuum,3,"May 23, 2014",0.935,0.31
Continuum,3,"May 30, 2014",0.663,0.23
Continuum,3,"Jun. 6, 2014",0.800,0.27
Continuum,3,"Jun. 13, 2014",0.912,0.29
Continuum,3,"Jun. 20, 2014",0.928,0.25
Continuum,3,"Jun. 27, 2014",1.072,0.35
Continuum,4,"Sept. 11, 2015",0.459,0.11
Continuum,4,"Sept. 18, 2015",0.424,0.15
Continuum,4,"Sept. 25, 2015",0.526,0.16
Continuum,4,"Oct. 2, 2015",0.331,0.10
Continuum,4,"Oct. 9, 2015",0.374,0.14
Continuum,4,"Oct. 16, 2015",0.347,0.10
Pretty Little Liars,1,"Jun. 8, 2010",2.466,0.9
Pretty Little Liars,1,"Jun. 15, 2010",2.476,0.9
Pretty Little Liars,1,"Jun. 22, 2010",2.740,1.0
Pretty Little Liars,1,"Jun. 29, 2010",2.088,0.7
Pretty Little Liars,1,"Jul. 6, 2010",2.624,1.0
Pretty Little Liars,1,"Jul. 13, 2010",2.692,0.9
Pretty Little Liars,1,"Jul. 20, 2010",2.553,0.9
Pretty Little Liars,1,"Jul. 27, 2010",2.516,0.9
Pretty Little Liars,1,"Aug. 3, 2010",2.550,0.9
Pretty Little Liars,1,"Aug. 10, 2010",3.071,1.1
Pretty Little Liars,1,"Jan. 3, 2011",4.222,1.5
Pretty Little Liars,1,"Jan. 10, 2011",3.212,1.1
Pretty Little Liars,1,"Jan. 17, 2011",2.992,1.2
Pretty Little Liars,1,"Jan. 24, 2011",3.173,1.2
Pretty Little Liars,1,"Jan. 31, 2011",3.192,1.2
Pretty Little Liars,1,"Feb. 7, 2011",3.141,1.1
Pretty Little Liars,1,"Feb. 14, 2011",2.346,0.9
Pretty Little Liars,1,"Feb. 21, 2011",2.898,1.0
Pretty Little Liars,1,"Feb. 28, 2011",2.688,1.0
Pretty Little Liars,1,"Mar. 7, 2011",2.953,1.1
Pretty Little Liars,1,"Mar. 14, 2011",2.939,1.1
Pretty Little Liars,1,"Mar. 21, 2011",3.635,1.3
Pretty Little Liars,2,"Jun. 14, 2011",3.678,1.3
Pretty Little Liars,2,"Jun. 21, 2011",2.655,1.0
Pretty Little Liars,2,"Jun. 28, 2011",2.777,1.0
Pretty Little Liars,2,"Jul. 5, 2011",2.422,0.9
Pretty Little Liars,2,"Jul. 12, 2011",2.424,0.9
Pretty Little Liars,2,"Jul. 19, 2011",2.528,0.9
Pretty Little Liars,2,"Jul. 26, 2011",2.358,0.9
Pretty Little Liars,2,"Aug. 2, 2011",2.414,0.8
Pretty Little Liars,2,"Aug. 9, 2011",2.541,0.9
Pretty Little Liars,2,"Aug. 16, 2011",2.295,0.8
Pretty Little Liars,2,"Aug. 23, 2011",2.627,1.0
Pretty Little Liars,2,"Aug. 30, 2011",2.979,1.2
Pretty Little Liars,2,"Oct. 19, 2011",2.470,1.0
Pretty Little Liars,2,"Jan. 2, 2012",3.342,1.3
Pretty Little Liars,2,"Jan. 9, 2012",2.948,1.3
Pretty Little Liars,2,"Jan. 16, 2012",2.784,1.1
Pretty Little Liars,2,"Jan. 23, 2012",3.165,1.4
Pretty Little Liars,2,"Jan. 30, 2012",2.554,0.9
Pretty Little Liars,2,"Feb. 6, 2012",2.250,1.0
Pretty Little Liars,2,"Feb. 13, 2012",2.106,0.8
Pretty Little Liars,2,"Feb. 20, 2012",2.539,1.0
Pretty Little Liars,2,"Feb. 27, 2012",2.486,1.0
Pretty Little Liars,2,"Mar. 5, 2012",2.577,1.0
Pretty Little Liars,2,"Mar. 12, 2012",2.470,1.0
Pretty Little Liars,2,"Mar. 19, 2012",3.689,1.6
Pretty Little Liars,3,"Jun. 5, 2012",2.932,1.1
Pretty Little Liars,3,"Jun. 12, 2012",2.663,1.1
Pretty Little Liars,3,"Jun. 19, 2012",2.440,1.0
Pretty Little Liars,3,"Jun. 26, 2012",2.355,1.0
Pretty Little Liars,3,"Jul. 10, 2012",2.380,0.9
Pretty Little Liars,3,"Jul. 17, 2012",2.270,1.0
Pretty Little Liars,3,"Jul. 24, 2012",2.428,1.0
Pretty Little Liars,3,"Jul. 31, 2012",2.222,0.9
Pretty Little Liars,3,"Aug. 7, 2012",2.445,1.0
Pretty Little Liars,3,"Aug. 14, 2012",2.265,1.0
Pretty Little Liars,3,"Aug. 21, 2012",2.399,1.1
Pretty Little Liars,3,"Aug. 28, 2012",2.977,1.3
Pretty Little Liars,3,"Oct. 23, 2012",2.849,1.2
Pretty Little Liars,3,"Jan. 8, 2013",3.210,1.4
Pretty Little Liars,3,"Jan. 15, 2013",2.480,1.1
Pretty Little Liars,3,"Jan. 22, 2013",2.676,1.2
Pretty Little Liars,3,"Jan. 29, 2013",2.845,1.2
Pretty Little Liars,3,"Feb. 5, 2013",2.750,1.2
Pretty Little Liars,3,"Feb. 12, 2013",2.410,1.1
Pretty Little Liars,3,"Feb. 19, 2013",2.612,1.1
Pretty Little Liars,3,"Feb. 26, 2013",2.712,1.2
Pretty Little Liars,3,"Mar. 5, 2013",2.559,1.2
Pretty Little Liars,3,"Mar. 12, 2013",2.413,1.0
Pretty Little Liars,3,"Mar. 19, 2013",2.874,1.2
Pretty Little Liars,4,"Jun. 11, 2013",2.972,1.3
Pretty Little Liars,4,"Jun. 18, 2013",2.917,1.3
Pretty Little Liars,4,"Jun. 25, 2013",2.247,0.9
Pretty Little Liars,4,"Jul. 2, 2013",2.157,0.9
Pretty Little Liars,4,"Jul. 9, 2013",2.301,1.0
Pretty Little Liars,4,"Jul. 16, 2013",2.353,1.0
Pretty Little Liars,4,"Jul. 23, 2013",2.856,1.3
Pretty Little Liars,4,"Jul. 30, 2013",2.313,1.1
Pretty Little Liars,4,"Aug. 6, 2013",2.645,1.1
Pretty Little Liars,4,"Aug. 13, 2013",2.385,1.0
Pretty Little Liars,4,"Aug. 20, 2013",2.263,0.9
Pretty Little Liars,4,"Aug. 27, 2013",3.325,1.4
Pretty Little Liars,4,"Oct. 22, 2013",3.184,1.4
Pretty Little Liars,4,"Jan. 7, 2014",3.171,1.21
Pretty Little Liars,4,"Jan. 14, 2014",2.393,1.06
Pretty Little Liars,4,"Jan. 21, 2014",2.632,1.20
Pretty Little Liars,4,"Jan. 28, 2014",2.494,1.03
Pretty Little Liars,4,"Feb. 4, 2014",2.164,0.94
Pretty Little Liars,4,"Feb. 11, 2014",2.161,0.88
Pretty Little Liars,4,"Feb. 18, 2014",2.558,1.02
Pretty Little Liars,4,"Feb. 25, 2014",2.171,0.96
Pretty Little Liars,4,"Mar. 4, 2014",2.064,0.81
Pretty Little Liars,4,"Mar. 11, 2014",1.947,0.83
Pretty Little Liars,4,"Mar. 18, 2014",3.116,1.28
Pretty Little Liars,5,"Jun. 10, 2014",2.722,1.11
Pretty Little Liars,5,"Jun. 17, 2014",2.160,0.91
Pretty Little Liars,5,"Jun. 24, 2014",2.276,1.02
Pretty Little Liars,5,"Jul. 1, 2014",2.126,0.94
Pretty Little Liars,5,"Jul. 8, 2014",2.249,0.98
Pretty Little Liars,5,"Jul. 15, 2014",2.128,1.01
Pretty Little Liars,5,"Jul. 22, 2014",2.063,1.00
Pretty Little Liars,5,"Jul. 29, 2014",1.803,0.75
Pretty Little Liars,5,"Aug. 5, 2014",2.050,0.95
Pretty Little Liars,5,"Aug. 12, 2014",2.053,0.90
Pretty Little Liars,5,"Aug. 19, 2014",1.801,0.76
Pretty Little Liars,5,"Aug. 26, 2014",2.294,1.03
Pretty Little Liars,5,"Dec. 9, 2014",2.085,0.90
Pretty Little Liars,5,"Jan. 6, 2015",2.012,0.95
Pretty Little Liars,5,"Jan. 13, 2015",2.024,0.93
Pretty Little Liars,5,"Jan. 20, 2015",1.722,0.74
Pretty Little Liars,5,"Jan. 27, 2015",1.996,0.92
Pretty Little Liars,5,"Feb. 3, 2015",1.797,0.84
Pretty Little Liars,5,"Feb. 10, 2015",1.774,0.84
Pretty Little Liars,5,"Feb. 17, 2015",2.045,0.89
Pretty Little Liars,5,"Feb. 24, 2015",1.577,0.74
Pretty Little Liars,5,"Mar. 3, 2015",1.490,0.67
Pretty Little Liars,5,"Mar. 10, 2015",1.740,0.86
Pretty Little Liars,5,"Mar. 17, 2015",1.698,0.86
Pretty Little Liars,5,"Mar. 24, 2015",2.645,1.27
Pretty Little Liars,6,"Jun. 2, 2015",2.378,1.06
Pretty Little Liars,6,"Jun. 9, 2015",2.133,0.99
Pretty Little Liars,6,"Jun. 16, 2015",1.743,0.72
Pretty Little Liars,6,"Jun. 23, 2015",1.841,0.75
Pretty Little Liars,6,"Jun. 30, 2015",1.795,0.80
Pretty Little Liars,6,"Jul. 14, 2015",1.704,0.84
Pretty Little Liars,6,"Jul. 21, 2015",1.773,0.79
Pretty Little Liars,6,"Jul. 28, 2015",1.584,0.74
Pretty Little Liars,6,"Aug. 4, 2015",2.031,0.84
Pretty Little Liars,6,"Aug. 11, 2015",3.087,1.39
Pretty Little Liars,6,"Jan. 12, 2016",2.246,1.06
Pretty Little Liars,6,"Jan. 19, 2016",1.664,0.83
Pretty Little Liars,6,"Jan. 26, 2016",1.648,0.79
Pretty Little Liars,6,"Feb. 2, 2016",1.391,0.63
Pretty Little Liars,6,"Feb. 9, 2016",1.224,0.59
Pretty Little Liars,6,"Feb. 16, 2016",1.356,0.69
Pretty Little Liars,6,"Feb. 23, 2016",1.271,0.59
Pretty Little Liars,6,"Mar. 1, 2016",1.145,0.55
Pretty Little Liars,6,"Mar. 8, 2016",1.263,0.66
Pretty Little Liars,6,"Mar. 15, 2016",1.186,0.59
Pretty Little Liars,7,"Jun. 21, 2016",1.429,0.67
Pretty Little Liars,7,"Jun. 28, 2016",1.236,0.56
Pretty Little Liars,7,"Jul. 5, 2016",1.117,0.53
Pretty Little Liars,7,"Jul. 12, 2016",1.257,0.60
Pretty Little Liars,7,"Jul. 19, 2016",1.174,0.57
Pretty Little Liars,7,"Aug. 2, 2016",1.101,0.54
Pretty Little Liars,7,"Aug. 9, 2016",1.159,0.60
Pretty Little Liars,7,"Aug. 16, 2016",1.110,0.55
Pretty Little Liars,7,"Aug. 23, 2016",1.090,0.54
Pretty Little Liars,7,"Aug. 30, 2016",1.327,0.68
Pretty Little Liars,7,"Apr. 18, 2017",1.330,0.65
Pretty Little Liars,7,"Apr. 25, 2017",0.915,0.45
Pretty Little Liars,7,"May 2, 2017",0.856,0.40
Pretty Little Liars,7,"May 9, 2017",0.911,0.45
Pretty Little Liars,7,"May 23, 2017",0.851,0.41
Pretty Little Liars,7,"May 30, 2017",0.900,0.43
Pretty Little Liars,7,"Jun. 6, 2017",0.966,0.50
Pretty Little Liars,7,"Jun. 13, 2017",0.961,0.46
Pretty Little Liars,7,"Jun. 20, 2017",0.830,0.43
Pretty Little Liars,7,"Jun. 27, 2017",1.406,0.72
Camelot,1,"Feb. 25, 2011*",0.860,0.37
Camelot,1,"Apr. 1, 2011",1.125,0.5
Camelot,1,"Apr. 8, 2011",0.854,0.4
Camelot,1,"Apr. 15, 2011",0.988,0.4
Camelot,1,"Apr. 29, 2011",0.985,0.4
Camelot,1,"May 6, 2011",0.730,0.3
Camelot,1,"May 13, 2011",0.845,0.4
Camelot,1,"May 20, 2011",0.712,0.3
Camelot,1,"Jun. 3, 2011",1.003,-
Camelot,1,"Jun. 10, 2011",1.032,-
Incorporated,1,"Nov. 30, 2016",0.523,0.15
Incorporated,1,"Dec. 7, 2016",0.539,0.18
Incorporated,1,"Dec. 14, 2016",0.572,0.17
Incorporated,1,"Dec. 21, 2016",0.542,0.13
Incorporated,1,"Dec. 28, 2016",0.464,0.12
Incorporated,1,"Jan. 4, 2017",0.424,0.12
Incorporated,1,"Jan. 11, 2017",0.499,0.14
Incorporated,1,"Jan. 18, 2017",0.406,0.15
Incorporated,1,"Jan. 25, 2017",0.547,0.23
Incorporated,1,"Jan. 25, 2017",0.409,0.16
The Lizzie Borden Chronicles,1,"Apr. 5, 2015",1.137,0.38
The Lizzie Borden Chronicles,1,"Apr. 12, 2015",0.985,0.30
The Lizzie Borden Chronicles,1,"Apr. 19, 2015",0.723,0.22
The Lizzie Borden Chronicles,1,"Apr. 26, 2015",0.799,0.24
The Lizzie Borden Chronicles,1,"May 3, 2015",0.817,0.30
The Lizzie Borden Chronicles,1,"May 10, 2015",0.581,0.22
The Lizzie Borden Chronicles,1,"May 17, 2015",0.773,0.26
The Lizzie Borden Chronicles,1,"May 24, 2015",0.705,0.24
White Collar,1,"Oct. 23, 2009",5.400,1.4
White Collar,1,"Oct. 30, 2009",5.075,1.2
White Collar,1,"Nov. 6, 2009",3.848,0.9
White Collar,1,"Nov. 13, 2009",4.278,1.1
White Collar,1,"Nov. 20, 2009",4.559,1.2
White Collar,1,"Nov. 27, 2009",4.401,1.3
White Collar,1,"Dec. 4, 2009",5.548,1.6
White Collar,1,"Jan. 19, 2010",4.722,1.6
White Collar,1,"Jan. 26, 2010",4.322,1.3
White Collar,1,"Feb. 2, 2010",2.892,0.9
White Collar,1,"Feb. 9, 2010",3.827,1.3
White Collar,1,"Feb. 23, 2010",3.568,1.2
White Collar,1,"Mar. 2, 2010",3.484,1.1
White Collar,1,"Mar. 9, 2010",4.035,1.4
White Collar,2,"Jul. 13, 2010",4.290,1.2
White Collar,2,"Jul. 20, 2010",3.961,1.2
White Collar,2,"Jul. 27, 2010",3.723,1.0
White Collar,2,"Aug. 3, 2010",4.096,1.3
White Collar,2,"Aug. 10, 2010",3.997,1.1
White Collar,2,"Aug. 17, 2010",4.481,1.5
White Collar,2,"Aug. 24, 2010",4.596,1.3
White Collar,2,"Aug. 31, 2010",4.444,1.3
White Collar,2,"Sept. 7, 2010",4.715,1.4
White Collar,2,"Jan. 18, 2011",3.810,1.3
White Collar,2,"Jan. 25, 2011",3.898,1.3
White Collar,2,"Feb. 1, 2011",3.460,1.3
White Collar,2,"Feb. 8, 2011",3.460,1.1
White Collar,2,"Feb. 22, 2011",3.268,1.2
White Collar,2,"Mar. 1, 2011",3.301,1.1
White Collar,2,"Mar. 8, 2011",3.808,1.3
White Collar,3,"Jun. 7, 2011",3.900,1.2
White Collar,3,"Jun. 14, 2011",3.714,1.1
White Collar,3,"Jun. 21, 2011",3.673,1.1
White Collar,3,"Jun. 28, 2011",3.722,1.1
White Collar,3,"Jul. 5, 2011",4.191,1.3
White Collar,3,"Jul. 12, 2011",3.839,1.2
White Collar,3,"Jul. 19, 2011",4.184,1.2
White Collar,3,"Jul. 26, 2011",3.889,1.2
White Collar,3,"Aug. 2, 2011",3.712,1.3
White Collar,3,"Aug. 9, 2011",4.298,1.5
White Collar,3,"Jan. 17, 2012",3.225,1.1
White Collar,3,"Jan. 24, 2012",3.472,1.1
White Collar,3,"Jan. 31, 2012",3.042,1.0
White Collar,3,"Feb. 7, 2012",2.469,0.8
White Collar,3,"Feb. 21, 2012",2.313,0.7
White Collar,3,"Feb. 28, 2012",2.547,0.7
White Collar,4,"Jul. 10, 2012",3.207,1.0
White Collar,4,"Jul. 17, 2012",2.980,1.0
White Collar,4,"Jul. 24, 2012",3.007,0.9
White Collar,4,"Jul. 31, 2012",2.817,0.9
White Collar,4,"Aug. 14, 2012",2.929,0.9
White Collar,4,"Aug. 21, 2012",3.892,1.1
White Collar,4,"Aug. 28, 2012",3.357,0.9
White Collar,4,"Sept. 4, 2012",3.381,1.0
White Collar,4,"Sept. 11, 2012",3.799,1.2
White Collar,4,"Sept. 18, 2012",3.411,1.0
White Collar,4,"Jan. 22, 2013",2.768,0.9
White Collar,4,"Jan. 29, 2013",2.608,0.9
White Collar,4,"Feb. 5, 2013",2.283,0.6
White Collar,4,"Feb. 19, 2013",2.422,0.7
White Collar,4,"Feb. 26, 2013",2.213,0.7
White Collar,4,"Mar. 5, 2013",2.358,0.6
White Collar,5,"Oct. 17, 2013",2.531,0.55
White Collar,5,"Oct. 24, 2013",2.134,0.51
White Collar,5,"Oct. 31, 2013",2.381,0.61
White Collar,5,"Nov. 7, 2013",2.243,0.51
White Collar,5,"Nov. 14, 2013",2.211,0.57
White Collar,5,"Nov. 21, 2013",2.497,0.68
White Collar,5,"Dec. 5, 2013",2.124,0.55
White Collar,5,"Dec. 12, 2013",2.092,0.47
White Collar,5,"Dec. 19, 2013",2.520,0.62
White Collar,5,"Jan. 9, 2014",2.819,0.76
White Collar,5,"Jan. 16, 2014",2.653,0.73
White Collar,5,"Jan. 23, 2013",2.750,0.77
White Collar,5,"Jan. 30, 2014",2.994,0.76
White Collar,6,"Nov. 6, 2014",1.544,0.39
White Collar,6,"Nov. 13, 2014",1.362,0.32
White Collar,6,"Nov. 20, 2014",1.376,0.36
White Collar,6,"Dec. 4, 2014",1.593,0.36
White Collar,6,"Dec. 11, 2014",1.570,0.44
White Collar,6,"Dec. 18, 2014",1.868,0.45
Wakefield,1,"Oct. 18, 2021",0.030,0.00
Wakefield,1,"Oct. 25, 2021",0.037,0.00
Wakefield,1,"Nov. 1, 2021",0.055,0.00
Wakefield,1,"Nov. 8, 2021",0.066,0.00
Wakefield,1,"Nov. 15, 2021",0.038,0.01
Wakefield,1,"Nov. 22, 2021",0.090,0.01
Wakefield,1,"Nov. 29, 2021",0.034,0.00
Wakefield,1,"Dec. 6, 2021",0.045,0.00
The Fosters,1,"Jun. 3, 2013",1.423,0.6
The Fosters,1,"Jun. 10, 2013",1.700,0.6
The Fosters,1,"Jun. 17, 2013",1.250,0.5
The Fosters,1,"Jun. 24, 2013",1.893,0.6
The Fosters,1,"Jul. 1, 2013",1.781,0.7
The Fosters,1,"Jul. 8, 2013",1.766,0.7
The Fosters,1,"Jul. 15, 2013",1.786,0.6
The Fosters,1,"Jul. 22, 2013",1.894,0.8
The Fosters,1,"Jul. 29, 2013",1.877,0.7
The Fosters,1,"Aug. 5, 2013",2.073,0.8
The Fosters,1,"Jan. 13, 2014",1.918,0.75
The Fosters,1,"Jan. 20, 2014",2.144,0.87
The Fosters,1,"Jan. 27, 2014",1.877,0.69
The Fosters,1,"Feb. 3, 2014",1.796,0.63
The Fosters,1,"Feb. 10, 2014",1.833,0.70
The Fosters,1,"Feb. 17, 2014",1.679,0.62
The Fosters,1,"Feb. 24, 2014",1.483,0.55
The Fosters,1,"Mar. 3, 2014",1.511,0.58
The Fosters,1,"Mar. 10, 2014",1.208,0.52
The Fosters,1,"Mar. 17, 2014",1.204,0.45
The Fosters,1,"Mar. 24, 2014",1.285,0.51
The Fosters,2,"Jun. 16, 2014",1.465,0.50
The Fosters,2,"Jun. 23, 2014",1.445,0.58
The Fosters,2,"Jun. 30, 2014",1.374,0.61
The Fosters,2,"Jul. 7, 2014",1.421,0.62
The Fosters,2,"Jul. 14, 2014",1.616,0.65
The Fosters,2,"Jul. 21, 2014",1.512,0.60
The Fosters,2,"Jul. 28, 2014",1.444,0.60
The Fosters,2,"Aug. 4, 2014",1.382,0.53
The Fosters,2,"Aug. 11, 2014",1.356,0.54
The Fosters,2,"Aug. 18, 2014",1.478,0.62
The Fosters,2,"Dec. 8, 2014",1.927,0.70
The Fosters,2,"Jan. 19, 2015",1.448,0.53
The Fosters,2,"Jan. 26, 2015",1.203,0.49
The Fosters,2,"Feb. 2, 2015",1.256,0.47
The Fosters,2,"Feb. 9, 2015",1.239,0.45
The Fosters,2,"Feb. 16, 2015",1.276,0.53
The Fosters,2,"Feb. 23, 2015",1.250,0.45
The Fosters,2,"Mar. 2, 2015",1.227,0.51
The Fosters,2,"Mar. 9, 2015",1.144,0.42
The Fosters,2,"Mar. 16, 2015",1.317,0.57
The Fosters,2,"Mar. 23, 2015",1.448,0.62
The Fosters,3,"Jun. 8, 2015",1.261,0.47
The Fosters,3,"Jun. 15, 2015",0.970,0.41
The Fosters,3,"Jun. 22, 2015",1.004,0.42
The Fosters,3,"Jun. 29, 2015",1.185,0.49
The Fosters,3,"Jul. 6, 2015",1.295,0.51
The Fosters,3,"Jul. 13, 2015",1.302,0.51
The Fosters,3,"Jul. 20, 2015",1.332,0.54
The Fosters,3,"Aug. 3, 2015",1.225,0.54
The Fosters,3,"Aug. 10, 2015",1.065,0.40
The Fosters,3,"Aug. 17, 2015",1.246,0.52
The Fosters,3,"Jan. 25, 2016",1.054,0.43
The Fosters,3,"Feb. 1, 2016",0.789,0.32
The Fosters,3,"Feb. 8, 2016",0.837,0.29
The Fosters,3,"Feb. 15, 2016",0.814,0.29
The Fosters,3,"Feb. 22, 2016",0.788,0.30
The Fosters,3,"Feb. 29, 2016",0.673,0.26
The Fosters,3,"Mar. 7, 2016",0.844,0.34
The Fosters,3,"Mar. 14, 2016",0.731,0.30
The Fosters,3,"Mar. 21, 2016",0.800,0.31
The Fosters,3,"Mar. 28, 2016",0.778,0.30
The Fosters,4,"Jun. 20, 2016",0.907,0.39
The Fosters,4,"Jun. 27, 2016",1.045,0.47
The Fosters,4,"Jul. 11, 2016",0.798,0.34
The Fosters,4,"Jul. 18, 2016",0.822,0.33
The Fosters,4,"Jul. 25, 2016",0.848,0.34
The Fosters,4,"Aug. 1, 2016",0.937,0.43
The Fosters,4,"Aug. 8, 2016",0.802,0.34
The Fosters,4,"Aug. 15, 2016",0.884,0.36
The Fosters,4,"Aug. 22, 2016",0.879,0.36
The Fosters,4,"Aug. 29, 2016",0.989,0.44
The Fosters,4,"Jan. 31, 2017",0.916,0.40
The Fosters,4,"Feb. 7, 2017",0.675,0.27
The Fosters,4,"Feb. 14, 2017",0.759,0.29
The Fosters,4,"Feb. 21, 2017",0.730,0.28
The Fosters,4,"Feb. 28, 2017",0.658,0.26
The Fosters,4,"Mar. 14, 2017",0.705,0.28
The Fosters,4,"Mar. 21, 2017",0.686,0.29
The Fosters,4,"Mar. 28, 2017",0.693,0.29
The Fosters,4,"Apr. 4, 2017",0.617,0.26
The Fosters,4,"Apr. 11, 2017",0.720,0.30
The Fosters,5,"Jul. 11, 2017",0.872,0.33
The Fosters,5,"Jul. 18, 2017",0.687,0.30
The Fosters,5,"Jul. 25, 2017",0.764,0.29
The Fosters,5,"Aug. 1, 2017",0.657,0.25
The Fosters,5,"Aug. 8, 2017",0.694,0.29
The Fosters,5,"Aug. 15, 2017",0.612,0.25
The Fosters,5,"Aug. 22, 2017",0.586,0.21
The Fosters,5,"Aug. 29, 2017",0.577,0.24
The Fosters,5,"Sept. 5, 2017",0.743,0.33
The Fosters,5,"Jan. 9, 2018",0.517,0.22
The Fosters,5,"Jan. 16, 2018",0.703,0.25
The Fosters,5,"Jan. 23, 2018",0.616,0.26
The Fosters,5,"Jan. 30, 2018",0.560,0.21
The Fosters,5,"Feb. 6, 2018",0.574,0.25
The Fosters,5,"Feb. 13, 2018",0.521,0.20
The Fosters,5,"Feb. 27, 2018",0.542,0.23
The Fosters,5,"Mar. 6, 2018",0.504,0.18
The Fosters,5,"Mar. 13, 2018",0.530,0.21
The Fosters,5,"Mar. 13, 2018",0.483,0.17
The Fosters,5,"Jun. 4, 2018",0.634,0.27
The Fosters,5,"Jun. 5, 2018",0.607,0.28
The Fosters,5,"Jun. 6, 2018",0.633,0.27
Eyewitness,1,"Oct. 16, 2016",0.765,0.20
Eyewitness,1,"Oct. 23, 2016",0.632,0.15
Eyewitness,1,"Oct. 30, 2016",0.563,0.20
Eyewitness,1,"Nov. 6, 2016",0.568,0.15
Eyewitness,1,"Nov. 13, 2016",0.610,0.15
Eyewitness,1,"Nov. 20, 2016",0.622,0.16
Eyewitness,1,"Nov. 27, 2016",0.610,0.17
Eyewitness,1,"Dec. 4, 2016",0.645,0.18
Eyewitness,1,"Dec. 11, 2016",0.638,0.15
Eyewitness,1,"Dec. 18, 2016",0.741,0.20
Common Law,1,"May 11, 2012",2.479,0.7
Common Law,1,"May 18, 2012",2.507,0.7
Common Law,1,"Jun. 1, 2012",2.292,0.6
Common Law,1,"Jun. 8, 2012",2.311,0.6
Common Law,1,"Jun. 15, 2012",2.213,0.6
Common Law,1,"Jun. 22, 2012",2.169,0.7
Common Law,1,"Jun. 29, 2012",1.966,0.6
Common Law,1,"Jul. 13, 2012",2.072,0.6
Common Law,1,"Jul. 20, 2012",1.817,0.5
Common Law,1,"Jul. 27, 2012",1.764,0.5
Common Law,1,"Aug. 3, 2012",1.786,0.5
Common Law,1,"Aug. 10, 2012",2.035,0.6
The Knick,1,"Aug. 8, 2014",0.354,0.10
The Knick,1,"Aug. 15, 2014",0.419,0.13
The Knick,1,"Aug. 22, 2014",0.407,0.13
The Knick,1,"Sept. 5, 2014",0.374,0.13
The Knick,1,"Sept. 12, 2014",0.322,0.06
The Knick,1,"Sept. 19, 2014",0.358,0.11
The Knick,1,"Sept. 26, 2014",0.358,0.12
The Knick,1,"Oct. 3, 2014",0.349,0.09
The Knick,1,"Oct. 10, 2014",0.319,0.09
The Knick,1,"Oct. 17, 2014",0.413,0.09
The Knick,2,"Oct. 16, 2015",0.269,0.07
The Knick,2,"Oct. 23, 2015",0.229,0.06
The Knick,2,"Oct. 30, 2015",0.202,0.05
The Knick,2,"Nov. 6, 2015",0.166,0.03
The Knick,2,"Nov. 13, 2015",0.255,0.06
The Knick,2,"Nov. 20, 2015",0.195,0.05
The Knick,2,"Nov. 27, 2015",0.347,0.09
The Knick,2,"Dec. 4, 2015",0.266,0.05
The Knick,2,"Dec. 11, 2015",0.199,0.04
The Knick,2,"Dec. 18, 2015",0.275,0.05
The Starter Wife,1,"May 31, 2007",5.390,2.2/6
The Starter Wife,1,"Jun. 7, 2007",3.92,1.5/4
The Starter Wife,1,"Jun. 14, 2007",3.554,1.5/4
The Starter Wife,1,"Jun. 21, 2007",2.799,1.0/3
The Starter Wife,1,"Jun. 28, 2007",3.12,1.2/4
The Starter Wife,2,"Oct. 10, 2008",2.636,1.0/3
The Starter Wife,2,"Oct. 17, 2008",1.953,0.8
The Starter Wife,2,"Oct. 24, 2008",1.928,0.7/2
The Starter Wife,2,"Oct. 31, 2008",1.839,0.6/2
The Starter Wife,2,"Nov. 7, 2008",1.688,0.6/2
The Starter Wife,2,"Nov. 14, 2008",1.697,0.7/2
The Starter Wife,2,"Nov. 21, 2008",1.695,0.6/2
The Starter Wife,2,"Dec. 5, 2008",1.664,0.6
The Starter Wife,2,"Dec. 12, 2008",2.053,0.7
The Shannara Chronicles,1,"Jan. 5, 2016*",1.031,0.48
The Shannara Chronicles,1,"Jan. 5, 2016**",1.511,0.59
The Shannara Chronicles,1,"Jan. 12, 2016",0.919,0.38
The Shannara Chronicles,1,"Jan. 19, 2016",0.751,0.31
The Shannara Chronicles,1,"Jan. 26, 2016",1.029,0.49
The Shannara Chronicles,1,"Feb. 2, 2016",0.969,0.44
The Shannara Chronicles,1,"Feb. 9, 2016",0.801,0.35
The Shannara Chronicles,1,"Feb. 16, 2016",0.778,0.32
The Shannara Chronicles,1,"Feb. 23, 2016",0.723,0.33
The Shannara Chronicles,1,"Mar. 1, 2016",0.854,0.40
The Shannara Chronicles,1,Average*,0.889,0.40
The Shannara Chronicles,2,"Oct. 11, 2017",0.314,0.10
The Shannara Chronicles,2,"Oct. 18, 2017",0.206,0.10
The Shannara Chronicles,2,"Oct. 25, 2017",0.225,0.09
The Shannara Chronicles,2,"Nov. 1, 2017",0.156,0.07
The Shannara Chronicles,2,"Nov. 8, 2017",0.240,0.09
The Shannara Chronicles,2,"Nov. 8, 2017",0.265,0.08
The Shannara Chronicles,2,"Nov. 15, 2017",0.270,0.12
The Shannara Chronicles,2,"Nov. 15, 2017",0.284,0.10
The Shannara Chronicles,2,"Nov. 22, 2017",0.257,0.09
The Shannara Chronicles,2,"Nov. 22, 2017",0.239,0.07
The Jim Gaffigan Show,Land,"Jul. 15, 2015",0.850,0.20
The Jim Gaffigan Show,Land,"Jul. 22, 2015",0.808,0.20
The Jim Gaffigan Show,Land,"Jul. 29, 2015",0.620,0.15
The Jim Gaffigan Show,Land,"Aug. 5, 2015",0.599,0.14
The Jim Gaffigan Show,Land,"Aug. 12, 2015",0.562,0.16
The Jim Gaffigan Show,Land,"Aug. 19, 2015",0.580,0.15
The Jim Gaffigan Show,Land,"Aug. 26, 2015",0.443,0.09
The Jim Gaffigan Show,Land,"Sept. 2, 2015",0.571,0.16
The Jim Gaffigan Show,Land,"Sept. 9, 2015",0.506,0.10
The Jim Gaffigan Show,Land,"Sept. 16, 2015",0.426,0.10
The Jim Gaffigan Show,Land,"Sept. 23, 2015",0.473,0.12
The Jim Gaffigan Show,Nick-at-Nite,"Jul. 15, 2015",0.731,0.24
The Jim Gaffigan Show,Nick-at-Nite,"Jul. 22, 2015",0.662,0.21
The Jim Gaffigan Show,Nick-at-Nite,"Jul. 29, 2015",0.674,0.21
The Jim Gaffigan Show,Nick-at-Nite,"Aug. 5, 2015",0.558,0.16
The Jim Gaffigan Show,Nick-at-Nite,"Aug. 12, 2015",0.759,0.24
The Jim Gaffigan Show,Nick-at-Nite,"Aug. 19, 2015",0.703,0.20
The Jim Gaffigan Show,Nick-at-Nite,"Aug. 26, 2015",0.739,0.23
The Jim Gaffigan Show,Nick-at-Nite,"Sept. 2, 2015",Not simulcast,Not simulcast
The Jim Gaffigan Show,Nick-at-Nite,"Sept. 9, 2015",0.594,0.16
The Jim Gaffigan Show,Nick-at-Nite,"Sept. 16, 2015",0.695,0.23
The Jim Gaffigan Show,Nick-at-Nite,"Sept. 23, 2015",0.649,0.19
The Jim Gaffigan Show Combined,1,"Jul. 15, 2015",1.580,0.44
The Jim Gaffigan Show Combined,1,"Jul. 22, 2015",1.470,0.41
The Jim Gaffigan Show Combined,1,"Jul. 29, 2015",1.290,0.36
The Jim Gaffigan Show Combined,1,"Aug. 5, 2015",1.160,0.30
The Jim Gaffigan Show Combined,1,"Aug. 12, 2015",1.320,0.40
The Jim Gaffigan Show Combined,1,"Aug. 19, 2015",1.280,0.35
The Jim Gaffigan Show Combined,1,"Aug. 26, 2015",1.180,0.32
The Jim Gaffigan Show Combined,1,"Sept. 2, 2015",0.570,0.16
The Jim Gaffigan Show Combined,1,"Sept. 9, 2015",1.100,0.26
The Jim Gaffigan Show Combined,1,"Sept. 16, 2015",1.120,0.33
The Jim Gaffigan Show Combined,1,"Sept. 23, 2015",1.120,0.31
The Jim Gaffigan Show,2,"Jun. 19, 2016 (ep 1)*",0.471,0.11
The Jim Gaffigan Show,2,"Jun. 19, 2016 (ep 1)**",0.485,0.14
The Jim Gaffigan Show,2,"Jun. 19, 2016 (ep 2)*",0.343,0.08
The Jim Gaffigan Show,2,"Jun. 19, 2016 (ep 2)**",0.429,0.13
The Jim Gaffigan Show,2,"Jun. 26, 2016",0.453,0.10
The Jim Gaffigan Show,2,"Jul. 3, 2016",0.466,0.12
The Jim Gaffigan Show,2,"Jul. 10, 2016",0.373,0.12
The Jim Gaffigan Show,2,"Jul. 17, 2016",0.451,0.11
The Jim Gaffigan Show,2,"Jul. 24, 2016",0.443,0.11
The Jim Gaffigan Show,2,"Jul. 31, 2016",0.470,0.11
The Jim Gaffigan Show,2,"Aug. 7, 2016",0.470,0.13
The Jim Gaffigan Show,2,"Aug. 14, 2016",0.490,0.11
The Jim Gaffigan Show,2,"Aug. 21, 2016",0.442,0.13
The Jim Gaffigan Show,2,"Aug. 21, 2016",0.407,0.11
The Jim Gaffigan Show,2,TV Land Average,0.440,0.11
The Bold Type,1,"Jul. 9, 2017*",0.235,0.12
The Bold Type,1,"Jul. 11, 2017",0.355,0.16
The Bold Type,1,"Jul. 11, 2017",0.302,0.14
The Bold Type,1,"Jul. 18, 2017",0.275,0.13
The Bold Type,1,"Jul. 25, 2017",0.359,0.16
The Bold Type,1,"Aug. 1, 2017",0.352,0.19
The Bold Type,1,"Aug. 8, 2017",0.339,0.17
The Bold Type,1,"Aug. 15, 2017",0.294,0.13
The Bold Type,1,"Aug. 22, 2017",0.280,0.12
The Bold Type,1,"Aug. 29, 2017",0.360,0.17
The Bold Type,1,"Sept. 5, 2017",0.331,0.16
The Bold Type,1,Average**,0.325,0.15
The Bold Type,2,"Jun. 12, 2018",0.302,0.14
The Bold Type,2,"Jun. 12, 2018",0.184,0.09
The Bold Type,2,"Jun. 19, 2018",0.400,0.17
The Bold Type,2,"Jun. 26, 2018",0.334,0.14
The Bold Type,2,"Jul. 3, 2018",0.360,0.15
The Bold Type,2,"Jul. 10, 2018",0.336,0.15
The Bold Type,2,"Jul. 17, 2018",0.265,0.12
The Bold Type,2,"Jul. 24, 2018",0.328,0.15
The Bold Type,2,"Jul. 31, 2018",0.285,0.11
The Bold Type,2,"Aug. 7, 2018",0.305,0.13
The Bold Type,3,"Apr. 9, 2019",0.181,0.09
The Bold Type,3,"Apr. 16, 2019",0.223,0.09
The Bold Type,3,"Apr. 23, 2019",0.241,0.09
The Bold Type,3,"Apr. 30, 2019",0.242,0.09
The Bold Type,3,"May 7, 2019",0.171,0.08
The Bold Type,3,"May 14, 2019",0.244,0.12
The Bold Type,3,"May 21, 2019",0.255,0.12
The Bold Type,3,"May 28, 2019",0.301,0.12
The Bold Type,3,"Jun. 4, 2019",0.248,0.11
The Bold Type,3,"Jun. 11, 2019",0.267,0.11
The Bold Type,4,"Jan. 23, 2020",0.133,0.05
The Bold Type,4,"Jan. 30, 2020",0.230,0.11
The Bold Type,4,"Feb. 6, 2020",0.147,0.05
The Bold Type,4,"Feb. 13, 2020",0.106,0.04
The Bold Type,4,"Feb. 20, 2020",0.129,0.05
The Bold Type,4,"Feb. 27, 2020",0.145,0.05
The Bold Type,4,"Mar. 5, 2020",0.127,0.05
The Bold Type,4,"Mar. 12, 2020",0.157,0.06
The Bold Type,4,"Mar. 19, 2020",0.166,0.07
The Bold Type,4,"Mar. 26, 2020",0.164,0.07
The Bold Type,4,"Jun. 11, 2020",0.188,0.07
The Bold Type,4,"Jun. 18, 2020",0.180,0.08
The Bold Type,4,"Jun. 25, 2020",0.171,0.07
The Bold Type,4,"Jul. 2, 2020",0.168,0.07
The Bold Type,4,"Jul. 9, 2020",0.184,0.06
The Bold Type,4,"Jul. 16, 2020",0.202,0.06
The Bold Type,5,"May 26, 2021",0.176,0.07
The Bold Type,5,"Jun. 2, 2021",0.141,0.07
The Bold Type,5,"Jun. 9, 2021",0.177,0.05
The Bold Type,5,"Jun. 16, 2021",0.142,0.05
The Bold Type,5,"Jun. 23, 2021",0.186,0.05
The Bold Type,5,"Jun. 30, 2021",0.206,0.07
Dig,1,"Mar. 5, 2015",1.834,0.56
Dig,1,"Mar. 12, 2015",1.446,0.42
Dig,1,"Mar. 19, 2015",1.428,0.40
Dig,1,"Mar. 26, 2015",1.337,0.38
Dig,1,"Apr. 2, 2015",0.925,0.21
Dig,1,"Apr. 9, 2015",0.948,0.26
Dig,1,"Apr. 16, 2015",1.075,0.28
Dig,1,"Apr. 23, 2015",0.937,0.21
Dig,1,"Apr. 30, 2015",1.085,0.19
Dig,1,"May 7, 2015",1.051,0.28
Sex and the City,1,"Jun. 6, 1998",3.71,2.9
Sex and the City,1,"Jun. 6, 1998",3.84,3.0
Sex and the City,1,"Jun. 21, 1998",2.94,2.1
Sex and the City,1,"Jun. 28, 1999",1.95,1.5
Sex and the City,1,"Jul. 5, 1998",2.37,1.7
Sex and the City,1,"Jul. 12, 1998",2.80,2.2
Sex and the City,1,"Jul. 19, 1998",2.38,1.8
Sex and the City,1,"Jul. 26, 1998",2.75,2.0
Sex and the City,1,"Aug. 2, 1998",2.57,2.0
Sex and the City,1,"Aug. 9, 1998",4.44,2.8
Sex and the City,1,"Aug. 16, 1998",3.02,2.1
Sex and the City,1,"Aug. 23, 1998",2.90,2.1
Sex and the City,2,"Jun. 6, 1999",2.950,1.9
Sex and the City,2,"Jun. 13, 1999",2.641,2.0
Sex and the City,2,"Jun. 20, 1999",2.590,1.8
Sex and the City,2,"Jun. 27, 1999",3.227,2.3
Sex and the City,2,"Jul. 4, 1999",1.512,1.2
Sex and the City,2,"Jul. 11, 1999",2.808,2.2
Sex and the City,2,"Jul. 18, 1999",2.712,1.9
Sex and the City,2,"Jul. 25, 1999",2.826,2.1
Sex and the City,2,"Aug. 1, 1999",3.797,2.6
Sex and the City,2,"Aug. 8, 1999",3.226,2.3
Sex and the City,2,"Aug. 15, 1999",2.840,2.2
Sex and the City,2,"Aug. 22, 1999",3.654,2.6
Sex and the City,2,"Aug. 29, 1999",3.877,3.0
Sex and the City,2,"Sept. 5, 1999",2.661,1.9
Sex and the City,2,"Sept. 12, 1999",2.893,2.0
Sex and the City,2,"Sept. 19, 1999",3.060,2.2
Sex and the City,2,"Sept. 26, 1999",3.023,2.2
Sex and the City,2,"Oct. 3, 1999",3.315,2.3
Sex and the City,3,"Jun. 4, 2000",4.179,2.9
Sex and the City,3,"Jun. 11, 2000",3.601,2.7
Sex and the City,3,"Jun. 18, 2000",3.984,2.9
Sex and the City,3,"Jun. 25, 2000",3.697,2.4
Sex and the City,3,"Jul. 9, 2000",3.974,2.9
Sex and the City,3,"Jul. 16, 2000",3.219,2.4
Sex and the City,3,"Jul. 23, 2000",4.560,3.0
Sex and the City,3,"Jul. 30, 2000",3.939,2.6
Sex and the City,3,"Aug. 6, 2000",3.501,2.5
Sex and the City,3,"Aug. 13, 2000",4.425,3.1
Sex and the City,3,"Aug. 20, 2000",4.642,3.2
Sex and the City,3,"Aug. 27, 2000",4.164,3.2
Sex and the City,3,"Sept. 10, 2000",4.202,3.0
Sex and the City,3,"Sept. 17, 2000",4.767,3.2
Sex and the City,3,"Sept. 24, 2000",4.943,3.2
Sex and the City,3,"Oct. 1, 2000",5.355,3.3
Sex and the City,3,"Oct. 8, 2000",4.264,3.2
Sex and the City,3,"Oct. 15, 2000",4.710,3.3
Sex and the City,4,"Jun. 3, 2001",6.485,4.5
Sex and the City,4,"Jun. 3, 2001",5.931,4.1
Sex and the City,4,"Jun. 10, 2001",5.479,3.6
Sex and the City,4,"Jun. 17, 2001",5.128,3.4
Sex and the City,4,"Jun. 24, 2001",5.836,3.8
Sex and the City,4,"Jul. 1, 2001",5.470,3.7
Sex and the City,4,"Jul. 8, 2001",5.590,4.0
Sex and the City,4,"Jul. 15, 2001",5.368,3.6
Sex and the City,4,"Jul. 22, 2001",5.796,4.0
Sex and the City,4,"Jul. 29, 2001",5.978,3.9
Sex and the City,4,"Aug. 5, 2001",5.870,4.0
Sex and the City,4,"Aug. 12, 2001",6.64,4.4
Sex and the City,4,"Jan. 6, 2002",7.300,4.7
Sex and the City,4,"Jan. 13, 2002",6.805,4.2
Sex and the City,4,"Jan. 20, 2002",5.208,3.6
Sex and the City,4,"Jan. 27, 2002",7.201,4.8
Sex and the City,4,"Feb. 3, 2002",4.344,3.0
Sex and the City,4,"Feb. 10, 2002",7.390,4.9
Sex and the City,5,"Jul. 21, 2002",7.927,4.8
Sex and the City,5,"Jul. 28, 2002",6.630,4.4
Sex and the City,5,"Aug. 4, 2002",6.593,4.3
Sex and the City,5,"Aug. 11, 2002",7.305,4.9
Sex and the City,5,"Aug. 18, 2002",6.949,4.5
Sex and the City,5,"Aug. 25, 2002",7.375,4.9
Sex and the City,5,"Sept. 1, 2002",5.948,4.0
Sex and the City,5,"Sept. 8, 2002",7.327,4.7
Sex and the City,6,"Jun. 22, 2003",7.302,4.9
Sex and the City,6,"Jun. 29, 2003",5.824,3.9
Sex and the City,6,"Jul. 6, 2003",6.945,4.6
Sex and the City,6,"Jul. 13, 2003",6.595,4.3
Sex and the City,6,"Jul. 20, 2003",6.433,4.1
Sex and the City,6,"Jul. 27, 2003",6.343,4.2
Sex and the City,6,"Aug. 3, 2003",5.771,4.1
Sex and the City,6,"Aug. 10, 2003",6.644,4.5
Sex and the City,6,"Aug. 17, 2003",6.741,4.3
Sex and the City,6,"Aug. 24, 2003",6.940,4.6
Sex and the City,6,"Sept. 7, 2003",6.691,4.6
Sex and the City,6,"Sept. 14, 2003",7.650,5.0
Sex and the City,6,"Jan. 4, 2004",6.355,3.8
Sex and the City,6,"Jan. 11, 2004",5.82,-
Sex and the City,6,"Jan. 18, 2004",4.79,-
Sex and the City,6,"Jan. 25, 2004",5.54,-
Sex and the City,6,"Feb. 1, 2004",4.428,2.9
Sex and the City,6,"Feb. 8, 2004",4.825,3.2
Sex and the City,6,"Feb. 15, 2004",6.139,4.1
Sex and the City,6,"Feb. 22, 2004",10.618,6.5
True Blood,1,"Sept. 7, 2008",1.44,0.7/2
True Blood,1,"Sept. 14, 2008",1.79,0.9/2
True Blood,1,"Sept. 21, 2008",1.81,0.9/2
True Blood,1,"Sept. 28, 2008",1.82,0.9/2
True Blood,1,"Oct. 5, 2008",1.74,1.0/2
True Blood,1,"Oct. 12, 2008",1.67,0.9/2
True Blood,1,"Oct. 19, 2008",2.098,1.1/3
True Blood,1,"Oct. 26, 2008",2.07,1.1/3
True Blood,1,"Nov. 2, 2008",2.35,1.2/3
True Blood,1,"Nov. 9, 2008",2.39,1.3/3
True Blood,1,"Nov. 16, 2008",2.67,1.5/3
True Blood,1,"Nov. 23, 2008",2.45,1.3/3
True Blood,2,"Jun. 14, 2009",3.700,2.0/6
True Blood,2,"Jun. 21, 2009",3.411,1.9/5
True Blood,2,"Jun. 28, 2009",3.726,2.0/5
True Blood,2,"Jul. 12, 2009",3.929,2.0/6
True Blood,2,"Jul. 19, 2009",3.846,2.0/6
True Blood,2,"Jul. 26, 2009",4.025,2.0/6
True Blood,2,"Aug. 2, 2009",4.272,2.2/6
True Blood,2,"Aug. 9, 2009",4.431,2.3/6
True Blood,2,"Aug. 16, 2009",4.460,2.3/6
True Blood,2,"Aug. 23, 2009",5.332,2.8/8
True Blood,2,"Aug. 30, 2009",5.185,2.8/7
True Blood,2,"Sept. 13, 2009",5.114,2.9/7
True Blood,3,"Jun. 13, 2010",5.097,2.9/8
True Blood,3,"Jun. 20, 2010",4.259,2.5/7
True Blood,3,"Jun. 27, 2010",4.455,2.5/7
True Blood,3,"Jul. 11, 2010",4.682,2.7/8
True Blood,3,"Jul. 18, 2010",4.860,2.8/8
True Blood,3,"Jul. 25, 2010",4.736,2.8/8
True Blood,3,"Aug. 1, 2010",5.236,3.0/8
True Blood,3,"Aug. 8, 2010",5.094,3.0/8
True Blood,3,"Aug. 15, 2010",4.996,2.8/8
True Blood,3,"Aug. 22, 2010",5.394,3.0/8
True Blood,3,"Aug. 29, 2010",5.444,3.2/8
True Blood,3,"Sept. 12, 2010",5.384,3.0/7
True Blood,4,"Jun. 26, 2011",5.424,3.0
True Blood,4,"Jul. 3, 2011",2.902,1.46
True Blood,4,"Jul. 10, 2011",5.043,2.8
True Blood,4,"Jul. 17, 2011",5.104,2.7
True Blood,4,"Jul. 24, 2011",5.261,2.8
True Blood,4,"Jul. 31, 2011",5.189,2.8
True Blood,4,"Aug. 7, 2011",5.143,2.9
True Blood,4,"Aug. 14, 2011",5.300,3.1
True Blood,4,"Aug. 21, 2011",5.526,3.1
True Blood,4,"Aug. 28, 2011",5.312,2.9
True Blood,4,"Sept. 4, 2011",4.391,2.4
True Blood,4,"Sept. 11, 2011",5.052,2.8
True Blood,5,"Jun. 10, 2012",5.201,2.9
True Blood,5,"Jun. 17, 2012",4.417,2.6
True Blood,5,"Jun. 24, 2012",4.661,2.6
True Blood,5,"Jul. 1, 2012",4.541,2.6
True Blood,5,"Jul. 8, 2012",4.500,2.6
True Blood,5,"Jul. 15, 2012",4.629,2.7
True Blood,5,"Jul. 22, 2012",4.463,2.6
True Blood,5,"Jul. 29, 2012",4.596,2.6
True Blood,5,"Aug. 5, 2012",4.498,2.7
True Blood,5,"Aug. 12, 2012",4.491,2.6
True Blood,5,"Aug. 19, 2012",4.926,2.8
True Blood,5,"Aug. 26, 2012",5.049,2.8
True Blood,6,"Jun. 16, 2013",4.520,2.4
True Blood,6,"Jun. 23, 2013",4.082,2.2
True Blood,6,"Jun. 30, 2013",3.936,2.2
True Blood,6,"Jul. 7, 2013",4.144,2.3
True Blood,6,"Jul. 14, 2013",4.536,2.5
True Blood,6,"Jul. 21, 2013",4.472,2.4
True Blood,6,"Jul. 28, 2013",4.357,2.4
True Blood,6,"Aug. 4, 2013",4.166,2.2
True Blood,6,"Aug. 11, 2013",3.998,2.2
True Blood,6,"Aug. 18, 2013",4.137,2.3
True Blood,7,"Jun. 22, 2014",4.031,2.18
True Blood,7,"Jun. 29, 2014",3.059,1.63
True Blood,7,"Jul. 6, 2014",3.195,1.72
True Blood,7,"Jul. 13, 2014",3.230,1.71
True Blood,7,"Jul. 20, 2014",3.571,1.9
True Blood,7,"Jul. 27, 2014",3.381,1.79
True Blood,7,"Aug. 3, 2014",3.393,1.74
True Blood,7,"Aug. 10, 2014",3.343,1.80
True Blood,7,"Aug. 17, 2014",3.556,1.84
True Blood,7,"Aug. 24, 2014",4.036,2.09
Saved,1,"Jun. 12, 2006",5.101,1.6
Saved,1,"Jun. 19, 2006",3.515,1.1
Saved,1,"Jun. 26, 2006",3.457,1.1
Saved,1,"Jul. 3, 2006",2.779,0.7
Saved,1,"Jul. 10, 2006",3.240,1.1
Saved,1,"Jul. 17, 2006",2.699,0.9
Saved,1,"Jul. 24, 2006",2.945,0.9
Saved,1,"Jul. 31, 2006",3.566,1.1
Saved,1,"Aug. 7, 2006",3.262,1.0
Saved,1,"Aug. 14, 2006",3.157,1.0
Saved,1,"Aug. 21, 2006",3.285,1.1
Saved,1,"Aug. 28, 2006",3.263,1.1
Saved,1,"Sept. 4, 2006",3.937,1.2
Eastbound & Down,1,"Feb. 15, 2009",0.671,0.3
Eastbound & Down,1,"Feb. 22, 2009",0.616,0.4
Eastbound & Down,1,"Mar. 1, 2009",0.588,0.4
Eastbound & Down,1,"Mar. 8, 2009",0.666,0.4
Eastbound & Down,1,"Mar. 15, 2009",0.949,0.6
Eastbound & Down,1,"Mar. 22, 2009",0.904,0.6
Eastbound & Down,2,"Sept. 26, 2010",1.677,1.0
Eastbound & Down,2,"Oct. 3, 2010",1.545,1.0
Eastbound & Down,2,"Oct. 10, 2010",1.240,0.7
Eastbound & Down,2,"Oct. 17, 2010",1.167,0.7
Eastbound & Down,2,"Oct. 24, 2010",1.443,0.9
Eastbound & Down,2,"Oct. 31, 2010",1.064,0.7
Eastbound & Down,2,"Nov. 7, 2010",1.347,0.8
Eastbound & Down,3,"Feb. 19, 2012",1.268,0.87
Eastbound & Down,3,"Feb. 26, 2012",1.102,0.7
Eastbound & Down,3,"Mar. 4, 2012",0.882,0.54
Eastbound & Down,3,"Mar. 11, 2012",0.990,0.61
Eastbound & Down,3,"Mar. 18, 2012",0.725,0.42
Eastbound & Down,3,"Mar. 25, 2012",0.975,0.63
Eastbound & Down,3,"Apr. 8, 2012",1.154,0.6
Eastbound & Down,3,"Apr. 15, 2012",1.144,0.6
Eastbound & Down,4,"Sept. 29, 2013",0.693,0.41
Eastbound & Down,4,"Oct. 6, 2013",0.820,0.41
Eastbound & Down,4,"Oct. 13, 2013",0.753,0.41
Eastbound & Down,4,"Oct. 20, 2013",0.686,0.32
Eastbound & Down,4,"Oct. 27, 2013",0.776,0.44
Eastbound & Down,4,"Nov. 3, 2013",0.809,0.49
Eastbound & Down,4,"Nov. 10, 2013",0.834,0.43
Eastbound & Down,4,"Nov. 17, 2013",0.899,0.47
Colony,1,"Jan. 14, 2016",1.359,0.44
Colony,1,"Jan. 21, 2016",1.260,0.39
Colony,1,"Jan. 28, 2016",1.212,0.46
Colony,1,"Feb. 4, 2016",1.150,0.39
Colony,1,"Feb. 11, 2016",1.074,0.39
Colony,1,"Feb. 18, 2016",0.946,0.30
Colony,1,"Feb. 25, 2016",1.000,0.35
Colony,1,"Mar. 3, 2016",0.968,0.33
Colony,1,"Mar. 10, 2016",1.091,0.37
Colony,1,"Mar. 17, 2016",1.193,0.34
Colony,2,"Jan. 12, 2017",0.926,0.29
Colony,2,"Jan. 19, 2017",0.881,0.28
Colony,2,"Jan. 26, 2017",0.777,0.25
Colony,2,"Feb. 2, 2017",0.817,0.27
Colony,2,"Feb. 9, 2017",0.887,0.31
Colony,2,"Feb. 16, 2017",0.756,0.22
Colony,2,"Feb. 23, 2017",0.762,0.25
Colony,2,"Mar. 2, 2017",0.780,0.26
Colony,2,"Mar. 9, 2017",0.774,0.28
Colony,2,"Mar. 16, 2017",0.783,0.24
Colony,2,"Mar. 23, 2017",0.804,0.24
Colony,2,"Mar. 30, 2017",0.819,0.27
Colony,2,"Apr. 6, 2017",0.818,0.25
Colony,3,"May 2, 2018",0.579,0.16
Colony,3,"May 9, 2018",0.443,0.12
Colony,3,"May 16, 2018",0.698,0.16
Colony,3,"May 23, 2018",0.698,0.17
Colony,3,"May 30, 2018",0.691,0.20
Colony,3,"Jun. 6, 2018",0.718,0.21
Colony,3,"Jun. 13, 2018",0.785,0.19
Colony,3,"Jun. 20, 2018",0.729,0.20
Colony,3,"Jun. 27, 2018",0.704,0.15
Colony,3,"Jul. 4, 2018",0.755,0.14
Colony,3,"Jul. 11, 2018",0.659,0.13
Colony,3,"Jul. 18, 2018",0.599,0.16
Colony,3,"Jul. 25, 2018",0.585,0.13
Six Feet Under,1,"Jun. 3, 2001",4.974,3.6
Six Feet Under,1,"Jun. 10, 2001",3.888,2.5
Six Feet Under,1,"Jun. 17, 2001",4.159,2.8
Six Feet Under,1,"Jun. 24, 2001",5.683,3.5
Six Feet Under,1,"Jul. 1, 2001",4.638,3.2
Six Feet Under,1,"Jul. 8, 2001",5.292,3.7
Six Feet Under,1,"Jul. 15, 2001",5.325,3.5
Six Feet Under,1,"Jul. 22, 2001",5.685,3.7
Six Feet Under,1,"Jul. 29, 2001",5.817,3.8
Six Feet Under,1,"Aug. 5, 2001",5.543,3.6
Six Feet Under,1,"Aug. 12, 2001",6.14,4.0
Six Feet Under,1,"Aug. 19, 2001",6.668,4.3
Six Feet Under,1,"Aug. 19, 2001",7.056,4.5
Six Feet Under,2,"Mar. 3, 2002",6.243,4.0
Six Feet Under,2,"Mar. 10, 2002",4.637,3.0
Six Feet Under,2,"Mar. 17, 2002",5.678,3.5
Six Feet Under,2,"Mar. 24, 2002",4.428,2.7
Six Feet Under,2,"Mar. 31, 2002",5.373,3.3
Six Feet Under,2,"Apr. 7, 2002",6.597,4.1
Six Feet Under,2,"Apr. 14, 2002",6.099,4.0
Six Feet Under,2,"Apr. 21, 2002",6.965,4.3
Six Feet Under,2,"Apr. 28, 2002",6.248,4.0
Six Feet Under,2,"May 5, 2002",5.660,3.6
Six Feet Under,2,"May 12, 2002",5.792,3.6
Six Feet Under,2,"May 19, 2002",4.294,2.7
Six Feet Under,2,"Jun. 2, 2002",5.487,3.4
Six Feet Under,3,"Mar. 2, 2003",5.086,3.5
Six Feet Under,3,"Mar. 9, 2003",5.129,3.2
Six Feet Under,3,"Mar. 16, 2003",4.414,2.8
Six Feet Under,3,"Mar. 23, 2003",4.130,2.7
Six Feet Under,3,"Mar. 30, 2003",4.865,3.1
Six Feet Under,3,"Apr. 6, 2003",5.233,3.4
Six Feet Under,3,"Apr. 13, 2003",3.895,2.6
Six Feet Under,3,"Apr. 20, 2003",4.480,3.0
Six Feet Under,3,"Apr. 27, 2003",4.623,3.1
Six Feet Under,3,"May 4, 2003",5.145,3.3
Six Feet Under,3,"May 11, 2003",5.071,3.2
Six Feet Under,3,"May 18, 2003",4.656,3.1
Six Feet Under,3,"Jun. 1, 2003",5.775,3.6
Six Feet Under,4,"Jun. 13, 2004",4.162,2.7
Six Feet Under,4,"Jun. 20, 2004",3.933,2.4
Six Feet Under,4,"Jun. 27, 2004",3.90,-
Six Feet Under,4,"Jul. 11, 2004",3.63,-
Six Feet Under,4,"Jul. 18, 2004",3.663,2.3
Six Feet Under,4,"Jul. 25, 2004",3.800,-
Six Feet Under,4,"Aug. 1, 2004",3.490,2.2
Six Feet Under,4,"Aug. 8, 2004",3.948,-
Six Feet Under,4,"Aug. 15, 2004",3.299,2.2
Six Feet Under,4,"Aug. 22, 2004",3.361,2.1
Six Feet Under,4,"Aug. 29, 2004",3.525,2.3
Six Feet Under,4,"Sept. 12, 2004",3.729,2.3
Six Feet Under,5,"Jun. 6, 2005",2.624,1.6
Six Feet Under,5,"Jun. 13, 2005",2.098,1.3
Six Feet Under,5,"Jun. 20, 2005",1.919,1.4
Six Feet Under,5,"Jun. 27, 2005",2.185,1.4
Six Feet Under,5,"Jul. 4, 2005",1.495,1.0
Six Feet Under,5,"Jul. 10, 2005",2.234,1.5
Six Feet Under,5,"Jul. 17, 2005",2.293,1.5
Six Feet Under,5,"Jul. 24, 2005",2.455,1.6
Six Feet Under,5,"Jul. 31, 2005",2.543,1.7
Six Feet Under,5,"Aug. 7, 2005",2.851,1.9
Six Feet Under,5,"Aug. 14, 2005",3.252,2.1
Six Feet Under,5,"Aug. 21, 2005",3.893,2.4
Copper,1,"Aug. 19, 2012",1.107,0.36
Copper,1,"Aug. 26, 2012",0.874,0.27
Copper,1,"Sept. 2, 2012",0.901,0.27
Copper,1,"Sept. 9, 2012",0.837,0.25
Copper,1,"Sept. 16, 2012",0.704,0.22
Copper,1,"Sept. 23, 2012",0.624,0.17
Copper,1,"Sept. 30, 2012",0.404,0.15
Copper,1,"Oct. 7, 2012",0.436,0.17
Copper,1,"Oct. 14, 2012",0.513,0.13
Copper,1,"Oct. 21, 2012",0.523,0.15
Copper,2,"Jun. 23, 2013",0.510,0.13
Copper,2,"Jun. 30, 2013",0.416,0.07
Copper,2,"Jul. 7, 2013",0.452,0.13
Copper,2,"Jul. 14, 2013",0.394,0.07
Copper,2,"Jul. 21, 2013",0.370,0.08
Copper,2,"Jul. 28, 2013",0.404,0.08
Copper,2,"Aug. 4, 2013",0.442,0.11
Copper,2,"Aug. 18, 2013",0.395,0.08
Copper,2,"Aug. 25, 2013",0.431,0.12
Copper,2,"Sept. 1, 2013",0.418,0.08
Copper,2,"Sept. 8, 2013",0.350,0.06
Copper,2,"Sept. 15, 2013",0.351,0.08
Copper,2,"Sept. 22, 2013",0.445,0.06
Happyish,1,"Apr. 5, 2015",0.430,0.15
Happyish,1,"Apr. 26, 2015",0.232,0.06
Happyish,1,"May 3, 2015",0.237,0.10
Happyish,1,"May 10, 2015",0.208,0.04
Happyish,1,"May 17, 2015",0.262,0.08
Happyish,1,"May 24, 2015",0.343,0.15
Happyish,1,"May 31, 2015",0.250,0.09
Happyish,1,"Jun. 7, 2015",0.229,0.09
Happyish,1,"Jun. 14, 2015",0.224,0.07
Happyish,1,"Jun. 21, 2015",0.197,0.07
Happyish,1,"Jun. 28, 2015",0.261,0.08
The 4400,1,"Jul. 11, 2004",7.407,2.8
The 4400,1,"Jul. 18, 2004",5.628,1.8
The 4400,1,"Jul. 25, 2004",5.485,1.9
The 4400,1,"Aug. 1, 2004",5.010,1.8
The 4400,1,"Aug. 8, 2004",6.131,2.3
The 4400,2,"Jun. 5, 2005",5.251,2.0
The 4400,2,"Jun. 12, 2005",4.383,2.0
The 4400,2,"Jun. 19, 2005",4.032,1.7
The 4400,2,"Jun. 26, 2005",4.117,1.7
The 4400,2,"Jul. 10, 2005",3.215,1.3
The 4400,2,"Jul. 17, 2005",3.176,1.4
The 4400,2,"Jul. 24, 2005",3.364,1.3
The 4400,2,"Jul. 31, 2005",3.538,1.4
The 4400,2,"Aug. 7, 2005",3.492,1.5
The 4400,2,"Aug. 14, 2005",3.399,1.5
The 4400,2,"Aug. 21, 2005",3.947,1.6
The 4400,2,"Aug. 28, 2005",3.672,1.4
The 4400,3,"Jun. 11, 2006",4.196,1.8
The 4400,3,"Jun. 18, 2006",3.112,1.3
The 4400,3,"Jun. 25, 2006",2.913,1.2
The 4400,3,"Jul. 2, 2006",2.847,1.1
The 4400,3,"Jul. 9, 2006",3.270,1.4
The 4400,3,"Jul. 16, 2006",3.254,1.4
The 4400,3,"Jul. 23, 2006",2.971,1.1
The 4400,3,"Jul. 30, 2006",3.305,1.4
The 4400,3,"Aug. 6, 2006",2.994,1.3
The 4400,3,"Aug. 13, 2006",2.786,1.2
The 4400,3,"Aug. 20, 2006",2.832,1.3
The 4400,3,"Aug. 27, 2006",2.953,1.2
The 4400,4,"Jun. 17, 2007",2.512,1.0
The 4400,4,"Jun. 24, 2007",2.705,1.2
The 4400,4,"Jul. 1, 2007",2.445,1.0
The 4400,4,"Jul. 8, 2007",2.242,0.9
The 4400,4,"Jul. 15, 2007",2.031,0.9
The 4400,4,"Jul. 22, 2007",1.810,0.7
The 4400,4,"Jul. 29, 2007",2.081,0.8
The 4400,4,"Aug. 5, 2007",1.905,0.8
The 4400,4,"Aug. 12, 2007",2.198,0.8
The 4400,4,"Aug. 19, 2007",1.954,0.8
The 4400,4,"Aug. 26, 2007",1.733,0.7
The 4400,4,"Sept. 9, 2007",1.781,0.8
The 4400,4,"Sept. 16, 2007",1.978,0.8
Killjoys,1,"Jun. 19, 2015",0.966,0.26
Killjoys,1,"Jun. 26, 2015",1.030,0.22
Killjoys,1,"Jul. 3, 2015",0.915,0.21
Killjoys,1,"Jul. 10, 2015",0.975,0.22
Killjoys,1,"Jul. 17, 2015",0.956,0.24
Killjoys,1,"Jul. 24, 2015",1.004,0.25
Killjoys,1,"Jul. 31, 2015",0.841,0.23
Killjoys,1,"Aug. 7, 2015",1.083,0.26
Killjoys,1,"Aug. 14, 2015",0.897,0.20
Killjoys,1,"Aug. 21, 2015",0.885,0.21
Killjoys,2,"Jul. 1, 2016",0.765,0.24
Killjoys,2,"Jul. 8, 2016",0.706,0.21
Killjoys,2,"Jul. 15, 2016",0.618,0.18
Killjoys,2,"Jul. 22, 2016",0.490,0.12
Killjoys,2,"Jul. 29, 2016",0.771,0.19
Killjoys,2,"Aug. 5, 2016",0.554,0.13
Killjoys,2,"Aug. 12, 2016",0.631,0.18
Killjoys,2,"Aug. 19, 2016",0.598,0.17
Killjoys,2,"Aug. 26, 2016",0.677,0.20
Killjoys,2,"Sept. 2, 2016",0.627,0.18
Killjoys,3,"Jun. 30, 2017",0.552,0.15
Killjoys,3,"Jul. 7, 2017",0.605,0.16
Killjoys,3,"Jul. 14, 2017",0.638,0.17
Killjoys,3,"Jul. 21, 2017",0.579,0.17
Killjoys,3,"Jul. 28, 2017",0.722,0.22
Killjoys,3,"Aug. 4, 2017",0.655,0.16
Killjoys,3,"Aug. 11, 2017",0.644,0.19
Killjoys,3,"Aug. 18, 2017",0.623,0.15
Killjoys,3,"Aug. 25, 2017",0.628,0.16
Killjoys,3,"Sept. 1, 2017",0.589,0.15
Killjoys,4,"Jul. 20, 2018",0.451,0.09
Killjoys,4,"Jul. 27, 2018",0.431,0.09
Killjoys,4,"Aug. 3, 2018",0.369,0.05
Killjoys,4,"Aug. 10, 2018",0.413,0.07
Killjoys,4,"Aug. 17, 2018",0.434,0.10
Killjoys,4,"Aug. 24, 2018",0.398,0.08
Killjoys,4,"Aug. 31, 2018",0.378,0.09
Killjoys,4,"Sept. 7, 2018",0.482,0.10
Killjoys,4,"Sept. 14, 2018",0.428,0.07
Killjoys,4,"Sept. 21, 2018",0.482,0.10
Killjoys,5,"Jul. 19, 2019",0.324,0.09
Killjoys,5,"Jul. 26, 2019",0.268,0.04
Killjoys,5,"Aug. 2, 2019",0.384,0.08
Killjoys,5,"Aug. 9, 2019",0.392,0.08
Killjoys,5,"Aug. 16, 2019",0.294,0.04
Killjoys,5,"Aug. 23, 2019",0.353,0.06
Killjoys,5,"Aug. 30, 2019",0.258,0.04
Killjoys,5,"Sept. 6, 2019",0.259,0.05
Killjoys,5,"Sept. 13, 2019",0.293,0.05
Killjoys,5,"Sept. 20, 2019",0.336,0.05
Complications,1,"Jun. 18, 2015",1.910,0.41
Complications,1,"Jun. 18, 2015",1.910,0.41
Complications,1,"Jun. 25, 2015",1.067,0.28
Complications,1,"Jul. 2, 2015",1.463,0.34
Complications,1,"Jul. 9, 2015",1.526,0.46
Complications,1,"Jul. 16, 2015",1.295,0.39
Complications,1,"Jul. 23, 2015",1.192,0.29
Complications,1,"Jul. 30, 2015",1.430,0.30
Complications,1,"Aug. 6, 2015",1.166,0.28
Complications,1,"Aug. 13, 2015",1.397,0.34
The Musketeers,1,"Jun. 22, 2014",0.371,0.07
The Musketeers,1,"Jun. 29, 2014",0.142,0.04
The Musketeers,1,"Jul. 6, 2014",0.189,0.05
The Musketeers,1,"Jul. 13, 2014",0.244,0.06
The Musketeers,1,"Jul. 20, 2014",0.172,0.05
The Musketeers,1,"Jul. 27, 2014",0.213,0.04
The Musketeers,1,"Aug. 3, 2014",0.137,0.04
The Musketeers,1,"Aug. 10, 2014",0.194,0.05
The Musketeers,1,"Aug. 17, 2014",0.190,0.05
The Musketeers,1,"Aug. 24, 2014",0.240,0.08
The Musketeers,2,"Jan. 17, 2015",0.281,0.07
The Musketeers,2,"Jan. 24, 2015",0.234,0.05
The Musketeers,2,"Jan. 31, 2015",0.190,0.04
The Musketeers,2,"Feb. 7, 2015",0.179,0.05
The Musketeers,2,"Feb. 14, 2015",0.214,0.02
The Musketeers,2,"Feb. 21, 2015",0.311,0.07
The Musketeers,2,"Feb. 28, 2015",0.291,0.07
The Musketeers,2,"Mar. 7, 2015",0.210,0.05
The Musketeers,2,"Mar. 14, 2015",0.228,0.07
The Musketeers,2,"Mar. 21, 2015",0.251,0.06
Brotherhood,1,"Jul. 9, 2006",0.454,0.2
Brotherhood,1,"Jul. 16, 2006",0.158,0.1
Brotherhood,1,"Jul. 23, 2006",0.255,0.1
Brotherhood,1,"Jul. 30, 2006",0.200,0.1
Brotherhood,1,"Aug. 6, 2006",0.185,0.1
Brotherhood,1,"Aug. 13, 2006",0.133,0.0
Brotherhood,1,"Aug. 20, 2006",0.135,0.0
Brotherhood,1,"Aug. 27, 2006",0.201,0.1
Brotherhood,1,"Sept. 10, 2006",0.266,0.1
Brotherhood,1,"Sept. 17, 2006",0.122,0.0
Brotherhood,1,"Sept. 24, 2006",0.170,0.1
Brotherhood,2,"Sept. 30, 2007",0.371,0.2
Brotherhood,2,"Oct. 7, 2007",0.517,0.2
Brotherhood,2,"Oct. 14, 2007",0.445,0.2
Brotherhood,2,"Oct. 21, 2007",0.335,0.1
Brotherhood,2,"Oct. 28, 2007",0.282,0.1
Brotherhood,2,"Nov. 4, 2007",0.361,0.1
Brotherhood,2,"Nov. 11, 2007",0.342,0.1
Brotherhood,2,"Nov. 18, 2007",0.541,0.2
Brotherhood,2,"Nov. 25, 2007",0.327,0.1
Brotherhood,2,"Dec. 2, 2007",0.371,0.1
Brotherhood,3,"Nov. 2, 2008",0.305,0.1
Brotherhood,3,"Nov. 9, 2008",0.235,0.1
Brotherhood,3,"Nov. 16, 2008",0.190,0.1
Brotherhood,3,"Nov. 23, 2008",0.284,0.1
Brotherhood,3,"Nov. 30, 2008",0.285,0.1
Brotherhood,3,"Dec. 7, 2008",0.234,0.1
Brotherhood,3,"Dec. 14, 2008",0.294,0.1
Brotherhood,3,"Dec. 21, 2008",0.295,0.1
Army Wives,1,"Jun. 3, 2007",3.471,1.2/3
Army Wives,1,"Jun. 10, 2007",3.268,1.1/3
Army Wives,1,"Jun. 17, 2007",3.840,1.4/4
Army Wives,1,"Jun. 24, 2007",3.894,1.5/4
Army Wives,1,"Jul. 1, 2007",3.781,1.5/5
Army Wives,1,"Jul. 8, 2007",3.547,1.3/4
Army Wives,1,"Jul. 15, 2007",3.699,1.2/3
Army Wives,1,"Jul. 22, 2007",3.520,1.2/4
Army Wives,1,"Jul. 29, 2007",3.646,1.4/4
Army Wives,1,"Aug. 5, 2007",3.705,1.4/4
Army Wives,1,"Aug. 12, 2007",3.735,1.2/4
Army Wives,1,"Aug. 19, 2007",3.81,1.3/4
Army Wives,1,"Aug. 26, 2007",4.08,1.5/4
Army Wives,2,"Jun. 8, 2008",4.518,1.9/5
Army Wives,2,"Jun. 15, 2008",4.196,1.8/5
Army Wives,2,"Jun. 22, 2008",3.754,1.4/4
Army Wives,2,"Jun. 29, 2008",3.837,1.4/4
Army Wives,2,"Jul. 6, 2008",3.787,1.5/4
Army Wives,2,"Jul. 13, 2008",3.549,1.3
Army Wives,2,"Jul. 20, 2008",3.653,1.1/4
Army Wives,2,"Jul. 27, 2008",3.64,1.3/4
Army Wives,2,"Aug. 3, 2008",4.181,1.6/5
Army Wives,2,"Aug. 10, 2008",3.396,1.3/3
Army Wives,2,"Aug. 17, 2008",3.49,1.3/3
Army Wives,2,"Sept. 7, 2008",3.852,1.5/4
Army Wives,2,"Sept. 14, 2008",4.126,1.7/4
Army Wives,2,"Sept. 21, 2008",4.374,1.8/4
Army Wives,2,"Oct. 5, 2008",3.319,1.4/3
Army Wives,2,"Oct. 12, 2008",3.375,1.43/4
Army Wives,2,"Oct. 19, 2008",3.360,1.3/3
Army Wives,2,"Oct. 26, 2008",3.317,1.24/3
Army Wives,2,"Nov. 2, 2008",3.942,1.6/4
Army Wives,3,"Jun. 7, 2009",3.476,-
Army Wives,3,"Jun. 14, 2009",3.710,-
Army Wives,3,"Jun. 21, 2009",3.269,1.1
Army Wives,3,"Jun. 28, 2009",3.14,-
Army Wives,3,"Jul. 5, 2009",3.622,1.2
Army Wives,3,"Jul. 12, 2009",3.829,-
Army Wives,3,"Jul. 19, 2009",3.792,1.3/4
Army Wives,3,"Jul. 26, 2009",3.805,1.3/4
Army Wives,3,"Aug. 2, 2009",3.887,-
Army Wives,3,"Aug. 9, 2009",3.550,1.1/3
Army Wives,3,"Aug. 16, 2009",4.008,1.3/4
Army Wives,3,"Aug. 23, 2009",3.858,1.2/3
Army Wives,3,"Aug. 30, 2009",4.189,1.3/4
Army Wives,3,"Sept. 13, 2009",3.905,1.3/3
Army Wives,3,"Sept. 20, 2009",3.284,1.0/2
Army Wives,3,"Sept. 27, 2009",3.381,1.1/3
Army Wives,3,"Oct. 4, 2009",3.331,1.1/3
Army Wives,3,"Oct. 11, 2009",3.931,1.3/3
Army Wives,4,"Apr. 11, 2010",3.321,1.1/3
Army Wives,4,"Apr. 18, 2010",3.150,1.1/3
Army Wives,4,"Apr. 25, 2010",2.886,0.9/2
Army Wives,4,"May 2, 2010",3.148,1.1/3
Army Wives,4,"May 9, 2010",2.646,0.9/3
Army Wives,4,"May 16, 2010",2.951,1.1/3
Army Wives,4,"May 23, 2010",2.601,0.8/2
Army Wives,4,"Jun. 6, 2010",3.463,1.0/3
Army Wives,4,"Jun. 13, 2010",3.307,1.0/3
Army Wives,4,"Jun. 20, 2010",3.449,1.1/3
Army Wives,4,"Jun. 27, 2010",3.310,1.0/3
Army Wives,4,"Jul. 11, 2010",3.251,0.9/3
Army Wives,4,"Jul. 18, 2010",3.457,1.1/3
Army Wives,4,"Jul. 25, 2010",3.310,1.1/3
Army Wives,4,"Aug. 1, 2010",3.302,1.0/3
Army Wives,4,"Aug. 8, 2010",3.335,1.0/3
Army Wives,4,"Aug. 15, 2010",3.599,1.1/3
Army Wives,4,"Aug. 22, 2010",3.910,1.3/4
Army Wives,5,"Mar. 6, 2011",4.428,1.4/4
Army Wives,5,"Mar. 13, 2011",3.356,1.0/3
Army Wives,5,"Mar. 20, 2011",3.841,1.3/3
Army Wives,5,"Mar. 27, 2011",4.794,1.7/4
Army Wives,5,"Apr. 3, 2011",3.350,1.4/3
Army Wives,5,"Apr. 10, 2011",3.444,1.1/3
Army Wives,5,"Apr. 17, 2011",3.494,1.1/3
Army Wives,5,"May 1, 2011",3.124,1.0/2
Army Wives,5,"May 8, 2011",3.346,1.0/3
Army Wives,5,"May 15, 2011",3.277,1.0/2
Army Wives,5,"May 22, 2011",3.663,1.3/2
Army Wives,5,"Jun. 5, 2011",3.471,1.1/3
Army Wives,5,"Jun. 12, 2011",3.609,1.2/3
Army Wives,6,"Mar. 4, 2012",3.626,1.2
Army Wives,6,"Mar. 11, 2012",3.626,1.2
Army Wives,6,"Mar. 18, 2012",3.038,1.0
Army Wives,6,"Mar. 25, 2012",2.828,0.9
Army Wives,6,"Apr. 1, 2012",2.700,0.8
Army Wives,6,"Apr. 8, 2012",2.604,0.8
Army Wives,6,"Apr. 15, 2012",3.100,0.9
Army Wives,6,"Apr. 22, 2012",2.913,0.9
Army Wives,6,"Apr. 29, 2012",3.178,1.1
Army Wives,6,"May 6, 2012",2.812,0.9
Army Wives,6,"May 13, 2012",3.073,0.9
Army Wives,6,"May 20, 2012",2.606,0.8
Army Wives,6,"Jun. 24, 2012",2.772,1.0
Army Wives,6,"Jul. 1, 2012",3.333,1.0
Army Wives,6,"Jul. 8, 2012",3.021,0.9
Army Wives,6,"Jul. 15, 2012",3.291,1.1
Army Wives,6,"Jul. 22, 2012",3.488,1.1
Army Wives,6,"Jul. 29, 2012",2.916,0.9
Army Wives,6,"Aug. 5, 2012",2.815,0.9
Army Wives,6,"Aug. 12, 2012",2.971,1.1
Army Wives,6,"Aug. 19, 2012",3.565,1.2
Army Wives,6,"Aug. 26, 2012",3.366,1.0
Army Wives,6,"Sept. 9, 2012",3.298,1.0
Army Wives,7,"Mar. 10, 2013",2.379,0.8
Army Wives,7,"Mar. 17, 2013",2.266,0.7
Army Wives,7,"Mar. 24, 2013",2.451,0.8
Army Wives,7,"Mar. 31, 2013",2.120,0.7
Army Wives,7,"Apr. 7, 2013",2.597,0.8
Army Wives,7,"Apr. 14, 2013",2.658,0.8
Army Wives,7,"Apr. 21, 2013",2.583,0.9
Army Wives,7,"Apr. 28, 2013",2.762,0.9
Army Wives,7,"May 5, 2013",2.733,0.9
Army Wives,7,"May 12, 2013",2.306,0.7
Army Wives,7,"May 19, 2013",2.584,0.7
Army Wives,7,"Jun. 2, 2013",2.842,0.8
Army Wives,7,"Jun. 9, 2013",2.408,0.7
The Real Housewives of NYC,1,"Mar. 4, 2008",0.824,0.5
The Real Housewives of NYC,1,"Mar. 11, 2008",0.824,0.4
The Real Housewives of NYC,1,"Mar. 18, 2008",0.944,0.5
The Real Housewives of NYC,1,"Mar. 25, 2008",1.137,0.6
The Real Housewives of NYC,1,"Apr. 1, 2008",0.991,0.6
The Real Housewives of NYC,1,"Apr. 8, 2008",1.084,0.6
The Real Housewives of NYC,1,"Apr. 15, 2008",1.426,0.8
The Real Housewives of NYC,1,"Apr. 22, 2008",1.104,0.6
The Real Housewives of NYC,1,"May 27, 2008",1.063,0.6
The Real Housewives of NYC,2,"Feb. 17, 2009",1.641,0.9
The Real Housewives of NYC,2,"Feb. 24, 2009",1.861,1.1
The Real Housewives of NYC,2,"Mar. 3, 2009",1.224,0.7
The Real Housewives of NYC,2,"Mar. 10, 2009",1.388,0.7
The Real Housewives of NYC,2,"Mar. 17, 2009",1.590,0.8
The Real Housewives of NYC,2,"Mar. 24, 2009",1.391,0.8
The Real Housewives of NYC,2,"Mar. 31, 2009",1.736,0.9
The Real Housewives of NYC,2,"Apr. 7, 2009",1.737,1.0
The Real Housewives of NYC,2,"Apr. 14, 2009",1.891,1.1
The Real Housewives of NYC,2,"Apr. 21, 2009",1.753,1.0
The Real Housewives of NYC,2,"Apr. 28, 2009",1.771,0.9
The Real Housewives of NYC,2,"May 5, 2009",2.027,1.1
The Real Housewives of NYC,2,"May 12, 2009",2.285,1.2
The Real Housewives of NYC,2,"May 14, 2009",1.534,0.8
The Real Housewives of NYC,2,"May 28, 2009",1.203,0.6
The Real Housewives of NYC,3,"Mar. 4, 2010",2.040,1.1
The Real Housewives of NYC,3,"Mar. 11, 2010",1.975,1.0
The Real Housewives of NYC,3,"Mar. 18, 2010",1.753,0.9
The Real Housewives of NYC,3,"Mar. 25, 2010",1.744,0.9
The Real Housewives of NYC,3,"Apr. 1, 2010",1.532,0.9
The Real Housewives of NYC,3,"Apr. 8, 2010",1.845,1.0
The Real Housewives of NYC,3,"Apr. 15, 2010",1.866,0.9
The Real Housewives of NYC,3,"Apr. 22, 2010",1.742,0.9
The Real Housewives of NYC,3,"Apr. 29, 2010",1.906,1.0
The Real Housewives of NYC,3,"May 6, 2010",2.251,1.2
The Real Housewives of NYC,3,"May 13, 2010",2.082,1.1
The Real Housewives of NYC,3,"May 20, 2010",2.319,1.2
The Real Housewives of NYC,3,"May 27, 2010",2.564,1.3
The Real Housewives of NYC,3,"Jun. 3, 2010",2.641,1.3
The Real Housewives of NYC,3,"Jun. 10, 2010",2.237,1.1
The Real Housewives of NYC,3,"Jun. 14, 2010",2.051,1.0
The Real Housewives of NYC,3,"Jun. 17, 2010",2.058,1.1
The Real Housewives of NYC,3,"Jun. 24, 2010",1.440,0.6
The Real Housewives of NYC,4,"Apr. 7, 2011",1.965,1.0
The Real Housewives of NYC,4,"Apr. 14, 2011",1.856,0.9
The Real Housewives of NYC,4,"Apr. 21, 2011",1.927,0.9
The Real Housewives of NYC,4,"Apr. 28, 2011",1.866,0.9
The Real Housewives of NYC,4,"May 5, 2011",1.828,0.9
The Real Housewives of NYC,4,"May 12, 2011",1.792,0.8
The Real Housewives of NYC,4,"May 19, 2011",1.795,0.8
The Real Housewives of NYC,4,"May 26, 2011",2.292,1.1
The Real Housewives of NYC,4,"Jun. 2, 2011",2.283,1.1
The Real Housewives of NYC,4,"Jun. 9, 2011",2.256,1.0
The Real Housewives of NYC,4,"Jun. 16, 2011",2.038,0.9
The Real Housewives of NYC,4,"Jun. 23, 2011",2.142,0.9
The Real Housewives of NYC,4,"Jun. 30, 2011",1.934,0.8
The Real Housewives of NYC,4,"Jul. 7, 2011",2.017,0.9
The Real Housewives of NYC,4,"Jul. 14, 2011",2.171,0.9
The Real Housewives of NYC,4,"Jul. 21, 2011",2.449,1.1
The Real Housewives of NYC,4,"Jul. 25, 2011",2.325,1.1
The Real Housewives of NYC,4,"Aug. 1, 2011",1.781,0.7
The Real Housewives of NYC,5,"Jun. 4, 2012",1.660,0.8
The Real Housewives of NYC,5,"Jun. 11, 2012",1.430,0.6
The Real Housewives of NYC,5,"Jun. 18, 2012",1.390,0.6
The Real Housewives of NYC,5,"Jun. 25, 2012",1.462,0.6
The Real Housewives of NYC,5,"Jul. 2, 2012",1.386,0.5
The Real Housewives of NYC,5,"Jul. 9, 2012",1.299,0.5
The Real Housewives of NYC,5,"Jul. 16, 2012",1.394,0.5
The Real Housewives of NYC,5,"Jul. 23, 2012",1.507,0.7
The Real Housewives of NYC,5,"Jul. 30, 2012",1.553,0.7
The Real Housewives of NYC,5,"Aug. 6, 2012",1.441,0.6
The Real Housewives of NYC,5,"Aug. 13, 2012",1.651,0.7
The Real Housewives of NYC,5,"Aug. 20, 2012",1.653,0.7
The Real Housewives of NYC,5,"Aug. 27, 2012",1.823,0.8
The Real Housewives of NYC,5,"Sept. 3, 2012",1.928,0.8
The Real Housewives of NYC,5,"Sept. 10, 2012",1.801,0.8
The Real Housewives of NYC,5,"Sept. 17, 2012",1.989,0.8
The Real Housewives of NYC,5,"Sept. 24, 2012",1.700,0.8
The Real Housewives of NYC,5,"Oct. 1, 2012",1.838,0.9
The Real Housewives of NYC,5,"Oct. 8, 2012",1.700,0.8
The Real Housewives of NYC,5,"Oct. 15, 2012",1.720,0.8
The Real Housewives of NYC,5,"Oct. 22, 2012",0.933,0.4
The Real Housewives of NYC,6,"Mar. 11, 2014",1.329,0.52
The Real Housewives of NYC,6,"Mar. 18, 2014",1.312,0.50
The Real Housewives of NYC,6,"Mar. 25, 2014",1.437,0.59
The Real Housewives of NYC,6,"Apr. 1, 2014",1.290,0.51
The Real Housewives of NYC,6,"Apr. 8, 2014",1.204,0.47
The Real Housewives of NYC,6,"Apr. 15, 2014",1.259,0.47
The Real Housewives of NYC,6,"Apr. 22, 2014",1.383,0.60
The Real Housewives of NYC,6,"Apr. 29, 2014",1.464,0.55
The Real Housewives of NYC,6,"May 6, 2014",1.479,0.59
The Real Housewives of NYC,6,"May 13, 2014",1.427,0.51
The Real Housewives of NYC,6,"May 20, 2014",1.204,0.47
The Real Housewives of NYC,6,"May 27, 2014",1.167,0.43
The Real Housewives of NYC,6,"Jun. 3, 2014",1.134,0.41
The Real Housewives of NYC,6,"Jun. 10, 2014",1.125,0.48
The Real Housewives of NYC,6,"Jun. 17, 2014",1.011,0.37
The Real Housewives of NYC,6,"Jun. 24, 2014",1.268,0.55
The Real Housewives of NYC,6,"Jul. 1, 2014",1.150,0.46
The Real Housewives of NYC,6,"Jul. 8, 2014",1.293,0.52
The Real Housewives of NYC,6,"Jul. 15, 2014",1.131,0.44
The Real Housewives of NYC,6,"Jul. 22, 2014",1.504,0.64
The Real Housewives of NYC,6,"Jul. 29, 2014",1.312,0.57
The Real Housewives of NYC,6,"Aug. 5, 2014",1.514,0.63
The Real Housewives of NYC,6,"Aug. 12, 2014",1.305,0.55
The Real Housewives of NYC,7,"Apr. 7, 2015",1.565,0.60
The Real Housewives of NYC,7,"Apr. 14, 2015",1.523,0.61
The Real Housewives of NYC,7,"Apr. 21, 2015",1.451,0.60
The Real Housewives of NYC,7,"Apr. 28, 2015",1.299,0.53
The Real Housewives of NYC,7,"May 5, 2015",1.310,0.51
The Real Housewives of NYC,7,"May 12, 2015",1.385,0.57
The Real Housewives of NYC,7,"May 19, 2015",1.089,0.47
The Real Housewives of NYC,7,"May 26, 2015",1.297,0.55
The Real Housewives of NYC,7,"Jun. 2, 2015",1.181,0.48
The Real Housewives of NYC,7,"Jun. 9, 2015",1.230,0.54
The Real Housewives of NYC,7,"Jun. 16, 2015",1.157,0.51
The Real Housewives of NYC,7,"Jun. 23, 2015",1.410,0.59
The Real Housewives of NYC,7,"Jun. 30, 2015",1.267,0.54
The Real Housewives of NYC,7,"Jul. 7, 2015",1.361,0.59
The Real Housewives of NYC,7,"Jul. 14, 2015",1.511,0.60
The Real Housewives of NYC,7,"Jul. 21, 2015",1.241,0.51
The Real Housewives of NYC,7,"Jul. 28, 2015",1.110,0.46
The Real Housewives of NYC,7,"Aug. 4, 2015",1.238,0.49
The Real Housewives of NYC,7,"Aug. 11, 2015",1.406,0.56
The Real Housewives of NYC,7,"Aug. 18, 2015",1.314,0.57
The Real Housewives of NYC,7,"Aug. 25, 2015",1.390,0.55
The Real Housewives of NYC,7,"Aug. 27, 2015",0.844,0.33
The Real Housewives of NYC,7,"Sept. 3, 2015",0.703,0.26
The Real Housewives of NYC,8,"Apr. 6, 2016",1.245,0.44
The Real Housewives of NYC,8,"Apr. 13, 2016",1.242,0.43
The Real Housewives of NYC,8,"Apr. 20, 2016",1.428,0.50
The Real Housewives of NYC,8,"Apr. 27, 2016",1.322,0.47
The Real Housewives of NYC,8,"May 4, 2016",1.323,0.46
The Real Housewives of NYC,8,"May 11, 2016",1.310,0.42
The Real Housewives of NYC,8,"May 18, 2016",1.297,0.44
The Real Housewives of NYC,8,"May 25, 2016",1.558,0.52
The Real Housewives of NYC,8,"Jun. 1, 2016",1.608,0.55
The Real Housewives of NYC,8,"Jun. 8, 2016",1.517,0.54
The Real Housewives of NYC,8,"Jun. 15, 2016",1.595,0.51
The Real Housewives of NYC,8,"Jun. 22, 2016",1.383,0.41
The Real Housewives of NYC,8,"Jun. 29, 2016",1.572,0.49
The Real Housewives of NYC,8,"Jul. 6, 2016",1.615,0.56
The Real Housewives of NYC,8,"Jul. 13, 2016",1.526,0.49
The Real Housewives of NYC,8,"Jul. 20, 2016",1.317,0.45
The Real Housewives of NYC,8,"Jul. 27, 2016",1.431,0.47
The Real Housewives of NYC,8,"Aug. 3, 2016",1.792,0.60
The Real Housewives of NYC,8,"Aug. 17, 2016",1.775,0.61
The Real Housewives of NYC,8,"Aug. 24, 2016",1.962,0.71
The Real Housewives of NYC,8,"Aug. 31, 2016",1.817,0.61
The Real Housewives of NYC,8,"Sept. 7, 2016",1.805,0.62
The Real Housewives of NYC,8,"Sept. 14, 2016",1.763,0.62
The Real Housewives of NYC,9,"Mar. 15, 2017",0.634,0.18
The Real Housewives of NYC,9,"Apr. 5, 2017",1.267,0.41
The Real Housewives of NYC,9,"Apr. 12, 2017",1.287,0.44
The Real Housewives of NYC,9,"Apr. 19, 2017",1.376,0.48
The Real Housewives of NYC,9,"Apr. 26, 2017",1.432,0.46
The Real Housewives of NYC,9,"May 3, 2017",1.358,0.47
The Real Housewives of NYC,9,"May 10, 2017",1.314,0.47
The Real Housewives of NYC,9,"May 17, 2017",1.330,0.45
The Real Housewives of NYC,9,"May 24, 2017",1.254,0.42
The Real Housewives of NYC,9,"May 31, 2017",1.610,0.60
The Real Housewives of NYC,9,"Jun. 7, 2017",1.610,0.55
The Real Housewives of NYC,9,"Jun. 14, 2017",1.685,0.54
The Real Housewives of NYC,9,"Jun. 21, 2017",1.585,0.52
The Real Housewives of NYC,9,"Jun. 28, 2017",1.448,0.50
The Real Housewives of NYC,9,"Jul. 5, 2017",1.632,0.55
The Real Housewives of NYC,9,"Jul. 12, 2017",1.545,0.52
The Real Housewives of NYC,9,"Jul. 19, 2017",1.703,0.62
The Real Housewives of NYC,9,"Jul. 26, 2017",1.780,0.61
The Real Housewives of NYC,9,"Aug. 2, 2017",1.637,0.57
The Real Housewives of NYC,9,"Aug. 9, 2017",1.722,0.62
The Real Housewives of NYC,9,"Aug. 16, 2017",1.616,0.59
The Real Housewives of NYC,9,"Aug. 23, 2017",1.391,0.53
The Real Housewives of NYC,9,"Aug. 30, 2017",1.470,0.54
The Real Housewives of NYC,10,"Apr. 4, 2018",1.393,0.46
The Real Housewives of NYC,10,"Apr. 11, 2018",1.272,0.42
The Real Housewives of NYC,10,"Apr. 18, 2018",1.338,0.46
The Real Housewives of NYC,10,"Apr. 25, 2018",1.434,0.46
The Real Housewives of NYC,10,"May 2, 2018",1.369,0.44
The Real Housewives of NYC,10,"May 9, 2018",1.444,0.46
The Real Housewives of NYC,10,"May 16, 2018",1.411,0.47
The Real Housewives of NYC,10,"May 23, 2018",1.225,0.43
The Real Housewives of NYC,10,"May 30, 2018",1.449,0.52
The Real Housewives of NYC,10,"Jun. 6, 2018",1.394,0.49
The Real Housewives of NYC,10,"Jun. 13, 2018",1.397,0.47
The Real Housewives of NYC,10,"Jun. 20, 2018",1.368,0.43
The Real Housewives of NYC,10,"Jun. 27, 2018",1.377,0.50
The Real Housewives of NYC,10,"Jul. 11, 2018",1.307,0.44
The Real Housewives of NYC,10,"Jul. 18, 2018",1.356,0.46
The Real Housewives of NYC,10,"Jul. 25, 2018",1.475,0.52
The Real Housewives of NYC,10,"Aug. 1, 2018",1.502,0.50
The Real Housewives of NYC,10,"Aug. 8, 2018",1.369,0.46
The Real Housewives of NYC,10,"Aug. 15, 2018",1.241,0.42
The Real Housewives of NYC,10,"Aug. 22, 2018",1.272,0.45
The Real Housewives of NYC,10,"Aug. 29, 2018",1.392,0.46
The Real Housewives of NYC,10,"Sept. 5, 2018",1.263,0.47
The Real Housewives of NYC,10,"Sept. 12, 2018",0.495,0.16
The Real Housewives of NYC,11,"Mar. 6, 2019",1.536,0.59
The Real Housewives of NYC,11,"Mar. 13, 2019",1.382,0.47
The Real Housewives of NYC,11,"Mar. 20, 2019",1.273,0.38
The Real Housewives of NYC,11,"Mar. 27, 2019",1.268,0.44
The Real Housewives of NYC,11,"Apr. 3, 2019",1.347,0.42
The Real Housewives of NYC,11,"Apr. 10, 2019",1.391,0.44
The Real Housewives of NYC,11,"Apr. 17, 2019",1.171,0.37
The Real Housewives of NYC,11,"Apr. 24, 2019",1.156,0.41
The Real Housewives of NYC,11,"May 1, 2019",1.132,0.38
The Real Housewives of NYC,11,"May 8, 2019",1.124,0.38
The Real Housewives of NYC,11,"May 15, 2019",1.294,0.46
The Real Housewives of NYC,11,"May 22, 2019",1.220,0.37
The Real Housewives of NYC,11,"May 29, 2019",1.354,0.42
The Real Housewives of NYC,11,"Jun. 5, 2019",1.362,0.44
The Real Housewives of NYC,11,"Jun. 12, 2019",1.431,0.45
The Real Housewives of NYC,11,"Jun. 20, 2019",1.377,0.40
The Real Housewives of NYC,11,"Jun. 27, 2019",1.266,0.41
The Real Housewives of NYC,11,"Jul. 11, 2019",1.286,0.42
The Real Housewives of NYC,11,"Jul. 18, 2019",1.092,0.31
The Real Housewives of NYC,11,"Jul. 25, 2019",1.210,0.40
The Real Housewives of NYC,12,"Apr. 2, 2020",1.089,0.43
The Real Housewives of NYC,12,"Apr. 9, 2020",1.029,0.34
The Real Housewives of NYC,12,"Apr. 16, 2020",1.168,0.39
The Real Housewives of NYC,12,"Apr. 23, 2020",1.251,0.40
The Real Housewives of NYC,12,"Apr. 30, 2020",1.215,0.40
The Real Housewives of NYC,12,"May 7, 2020",1.178,0.36
The Real Housewives of NYC,12,"May 14, 2020",1.265,0.45
The Real Housewives of NYC,12,"May 21, 2020",1.144,0.37
The Real Housewives of NYC,12,"May 28, 2020",1.325,0.41
The Real Housewives of NYC,12,"Jun. 4, 2020",1.183,0.37
The Real Housewives of NYC,12,"Jun. 11, 2020",1.182,0.42
The Real Housewives of NYC,12,"Jul. 2, 2020",0.878,0.27
The Real Housewives of NYC,12,"Jul. 9, 2020",1.107,0.36
The Real Housewives of NYC,12,"Jul. 16, 2020",1.114,0.33
The Real Housewives of NYC,12,"Jul. 23, 2020",1.123,0.36
The Real Housewives of NYC,12,"Jul. 30, 2020",1.180,0.38
The Real Housewives of NYC,12,"Aug. 6, 2020",1.159,0.36
The Real Housewives of NYC,12,"Aug. 13, 2020",1.224,0.42
The Real Housewives of NYC,12,"Aug. 20, 2020",1.060,0.31
The Real Housewives of NYC,12,"Aug. 27, 2020",1.116,0.35
The Real Housewives of NYC,12,"Sept. 3, 2020",1.122,0.31
The Real Housewives of NYC,12,"Sept. 10, 2020",1.128,0.35
The Real Housewives of NYC,12,"Sept. 17, 2020",1.016,0.28
The Real Housewives of NYC,12,"Sept. 24, 2020",1.004,0.29
The Real Housewives of NYC,12,"Oct. 1, 2020",0.502,0.13
The Real Housewives of NYC,12,"Oct. 8, 2020",0.254,0.05
The Real Housewives of NYC,12,"Apr. 27, 2021",0.258,0.07
The Real Housewives of NYC,12,"May 4, 2021",0.959,0.28
The Real Housewives of NYC,12,"May 11, 2021",0.871,0.26
The Real Housewives of NYC,12,"May 18, 2021",0.822,0.22
The Real Housewives of NYC,12,"May 25, 2021",0.836,0.28
The Real Housewives of NYC,12,"Jun. 1, 2021",0.881,0.26
The Real Housewives of NYC,12,"Jun. 8, 2021",0.878,0.24
The Real Housewives of NYC,12,"Jun. 15, 2021",0.866,0.25
The Real Housewives of NYC,12,"Jun. 29, 2021",0.764,0.22
The Real Housewives of NYC,12,"Jul. 6, 2021",0.856,0.25
The Real Housewives of NYC,12,"Jul. 13, 2021",0.717,0.19
The Real Housewives of NYC,12,"Jul. 20, 2021",0.875,0.23
The Real Housewives of NYC,12,"Jul. 27, 2021",0.805,0.21
The Real Housewives of NYC,12,"Aug. 3, 2021",0.816,0.19
The Real Housewives of NYC,12,"Aug. 10, 2021",0.809,0.24
The Real Housewives of NYC,12,"Aug. 17, 2021",0.826,0.19
The Real Housewives of NYC,12,"Aug. 24, 2021",0.746,0.19
The Real Housewives of NYC,12,"Aug. 31, 2021",0.841,0.20
The Real Housewives of NYC,12,"Sept. 7, 2021",0.542,0.12
Olympus,1,"Apr. 2, 2015",0.894,0.21
Olympus,1,"Apr. 9, 2015",0.709,0.19
Olympus,1,"Apr. 16, 2015",0.718,0.17
Olympus,1,"Apr. 23, 2015",0.652,0.16
Olympus,1,"Apr. 30, 2015",0.612,0.16
Olympus,1,"May 7, 2015",0.576,0.13
Olympus,1,"May 21, 2015",0.585,0.18
Olympus,1,"May 28, 2015",0.368,0.09
Olympus,1,"Jun. 4, 2015",0.467,0.11
Olympus,1,"Jun. 11, 2015",0.398,0.10
Olympus,1,"Jun. 18, 2015",0.416,0.14
Olympus,1,"Jun. 25, 2015",0.382,0.10
Olympus,1,"Jul. 2, 2015",0.379,0.11
The End,1,"Jul. 18, 2021",0.061,0.01
The End,1,"Jul. 18, 2021",0.055,0.01
The End,1,"Jul. 25, 2021",0.030,0.00
The End,1,"Jul. 25, 2021",0.030,0.00
The End,1,"Aug. 1, 2021",0.041,0.00
The End,1,"Aug. 1, 2021",0.042,0.00
The End,1,"Aug. 8, 2021",0.055,0.00
The End,1,"Aug. 8, 2021",0.059,0.00
The End,1,"Aug. 15, 2021",0.029,0.00
The End,1,"Aug. 15, 2021",0.030,0.00
Proof,1,"Jun. 16, 2015",2.656,0.37
Proof,1,"Jun. 23, 2015",2.183,0.30
Proof,1,"Jun. 30, 2015",2.056,0.25
Proof,1,"Jul. 7, 2015",2.092,0.36
Proof,1,"Jul. 14, 2015",1.825,0.30
Proof,1,"Jul. 21, 2015",1.825,0.24
Proof,1,"Jul. 28, 2015",2.111,0.30
Proof,1,"Aug. 4, 2015",1.992,0.27
Proof,1,"Aug. 11, 2015",2.322,0.40
Proof,1,"Aug. 18, 2015",2.115,0.33
The Sopranos,1,"Jan. 10, 1999",3.451,2.3
The Sopranos,1,"Jan. 17, 1999",3.019,2.1
The Sopranos,1,"Jan. 24, 1999",2.179,1.7
The Sopranos,1,"Jan. 31, 1999",3.002,2.2
The Sopranos,1,"Feb. 7, 1999",3.069,2.2
The Sopranos,1,"Feb. 14, 1999",2.886,1.8
The Sopranos,1,"Feb. 21, 1999",3.665,2.4
The Sopranos,1,"Feb. 28, 1999",3.464,2.4
The Sopranos,1,"Mar. 7, 1999",3.569,2.5
The Sopranos,1,"Mar. 14, 1999",3.670,2.5
The Sopranos,1,"Mar. 21, 1999",3.250,2.4
The Sopranos,1,"Mar. 28, 1999",4.192,3.0
The Sopranos,1,"Apr. 4, 1999",5.217,3.6
The Sopranos,2,"Jan. 16, 2000",7.640,5.0
The Sopranos,2,"Jan. 23, 2000",5.333,3.6
The Sopranos,2,"Jan. 30, 2000",5.600,3.5
The Sopranos,2,"Feb. 6, 2000",7.164,4.5
The Sopranos,2,"Feb. 13, 2000",5.345,3.6
The Sopranos,2,"Feb. 20, 2000",5.839,3.9
The Sopranos,2,"Feb. 27, 2000",6.663,4.4
The Sopranos,2,"Mar. 5, 2000",6.296,4.2
The Sopranos,2,"Mar. 12, 2000",7.182,4.7
The Sopranos,2,"Mar. 19, 2000",7.629,4.7
The Sopranos,2,"Mar. 26, 2000",5.514,3.7
The Sopranos,2,"Apr. 2, 2000",6.441,4.3
The Sopranos,2,"Apr. 9, 2000",8.969,5.6
The Sopranos,3,"Mar. 4, 2001",11.264,6.6
The Sopranos,3,"Mar. 4, 2001",11.353,6.6
The Sopranos,3,"Mar. 11, 2001",8.374,5.4
The Sopranos,3,"Mar. 18, 2001",7.964,5.3
The Sopranos,3,"Mar. 25, 2001",7.397,4.6
The Sopranos,3,"Apr. 1, 2001",8.44,-
The Sopranos,3,"Apr. 8, 2001",9.214,5.6
The Sopranos,3,"Apr. 15, 2001",8.598,5.3
The Sopranos,3,"Apr. 22, 2001",8.640,5.4
The Sopranos,3,"Apr. 29, 2001",8.436,5.5
The Sopranos,3,"May 6, 2001",8.789,5.3
The Sopranos,3,"May 13, 2001",8.854,5.7
The Sopranos,3,"May 20, 2001",9.459,6.1
The Sopranos,4,"Sept. 15, 2002",13.425,7.4
The Sopranos,4,"Sept. 22, 2002",11.214,6.7
The Sopranos,4,"Sept. 29, 2002",10.973,6.5
The Sopranos,4,"Oct. 6, 2002",10.665,6.2
The Sopranos,4,"Oct. 13, 2002",9.764,5.8
The Sopranos,4,"Oct. 20, 2002",10.456,6.5
The Sopranos,4,"Oct. 27, 2002",9.722,5.8
The Sopranos,4,"Nov. 3, 2002",10.966,6.4
The Sopranos,4,"Nov. 10, 2002",9.825,6.0
The Sopranos,4,"Nov. 17, 2002",10.676,6.3
The Sopranos,4,"Nov. 24, 2002",11.121,6.5
The Sopranos,4,"Dec. 1, 2002",11.072,6.5
The Sopranos,4,"Dec. 8, 2002",12.478,7.0
The Sopranos,5,"Mar. 7, 2004",12.142,6.9
The Sopranos,5,"Mar. 14, 2004",9.969,5.8
The Sopranos,5,"Mar. 21, 2004",10.112,6.1
The Sopranos,5,"Mar. 28, 2004",9.685,5.8
The Sopranos,5,"Apr. 4, 2004",9.75,-
The Sopranos,5,"Apr. 11, 2004",9.927,5.7
The Sopranos,5,"Apr. 18, 2004",9.078,5.4
The Sopranos,5,"Apr. 25, 2004",9.99,-
The Sopranos,5,"May 2, 2004",8.959,5.4
The Sopranos,5,"May 9, 2004",8.481,5.0
The Sopranos,5,"May 16, 2004",8.81,-
The Sopranos,5,"May 23, 2004",9.532,5.5
The Sopranos,5,"Jun. 6, 2004",10.984,6.2
The Sopranos,6A,"Mar. 12, 2006",9.465,4.5/10
The Sopranos,6A,"Mar. 19, 2006",9.18,4.4/10
The Sopranos,6A,"Mar. 26, 2006",8.93,4.1/9
The Sopranos,6A,"Apr. 2, 2006",8.83,3.9/9
The Sopranos,6A,"Apr. 9, 2006",8.580,-
The Sopranos,6A,"Apr. 16, 2006",7.939,-
The Sopranos,6A,"Apr. 23, 2006",8.497,-
The Sopranos,6A,"Apr. 30, 2006",8.535,-
The Sopranos,6A,"May 7, 2006",8.48,-
The Sopranos,6A,"May 14, 2006",8.13,-
The Sopranos,6A,"May 21, 2006",8.18,-
The Sopranos,6A,"Jun. 4, 2006",8.91,4.1/12
The Sopranos,6A,"Apr. 8, 2007",7.66,3.6
The Sopranos,6A,"Apr. 15, 2007",7.42,3.7/9
The Sopranos,6A,"Apr. 22, 2007",6.858,3.1/7
The Sopranos,6A,"Apr. 29, 2007",6.76,-
The Sopranos,6A,"May 6, 2007",7.163,3.3/8
The Sopranos,6A,"May 13, 2007",6.486,2.8/7
The Sopranos,6A,"May 20, 2007",7.344,3.5/9
The Sopranos,6A,"Jun. 3, 2007",8.019,3.5/9
The Sopranos,6A,"Jun. 10, 2007",11.897,5.4
Shooter,1,"Nov. 15, 2016",1.439,0.50
Shooter,1,"Nov. 22, 2016",1.250,0.39
Shooter,1,"Nov. 29, 2016",1.673,0.52
Shooter,1,"Dec. 6, 2016",1.363,0.49
Shooter,1,"Dec. 13, 2016",1.303,0.44
Shooter,1,"Dec. 20, 2016",1.532,0.52
Shooter,1,"Dec. 27, 2016",1.626,0.51
Shooter,1,"Jan. 3, 2017",1.432,0.46
Shooter,1,"Jan. 10, 2017",1.419,0.48
Shooter,1,"Jan. 17, 2017",1.449,0.49
Shooter,2,"Jul. 18, 2017",1.507,0.41
Shooter,2,"Jul. 25, 2017",1.168,0.32
Shooter,2,"Aug. 1, 2017",1.155,0.33
Shooter,2,"Aug. 8, 2017",1.271,0.33
Shooter,2,"Aug. 15, 2017",1.194,0.34
Shooter,2,"Aug. 22, 2017",1.198,0.34
Shooter,2,"Aug. 29, 2017",1.302,0.35
Shooter,2,"Sept. 5, 2017",1.196,0.36
Shooter,3,"Jun. 21, 2018",0.924,0.27
Shooter,3,"Jun. 28, 2018",0.718,0.19
Shooter,3,"Jul. 5, 2018",0.715,0.17
Shooter,3,"Jul. 12, 2018",0.766,0.21
Shooter,3,"Jul. 19, 2018",0.694,0.19
Shooter,3,"Jul. 26, 2018",0.673,0.15
Shooter,3,"Aug. 2, 2018",0.699,0.17
Shooter,3,"Aug. 9, 2018",0.712,0.18
Shooter,3,"Aug. 16, 2018",0.788,0.22
Shooter,3,"Aug. 23, 2018",0.700,0.17
Shooter,3,"Aug. 30, 2018",0.729,0.18
Shooter,3,"Sept. 6, 2018",0.593,0.13
Shooter,3,"Sept. 13, 2018",0.785,0.17
Famous in Love,1,"Apr. 18, 2017",0.653,0.30
Famous in Love,1,"Apr. 25, 2017",0.389,0.16
Famous in Love,1,"May 2, 2017",0.299,0.10
Famous in Love,1,"May 9, 2017",0.282,0.12
Famous in Love,1,"May 16, 2017",0.212,0.09
Famous in Love,1,"May 23, 2017",0.258,0.12
Famous in Love,1,"May 30, 2017",0.288,0.11
Famous in Love,1,"Jun. 6, 2017",0.344,0.15
Famous in Love,1,"Jun. 13, 2017",0.360,0.14
Famous in Love,1,"Jun. 13, 2017",0.230,0.08
Famous in Love,2,"Apr. 4, 2018",0.287,0.12
Famous in Love,2,"Apr. 4, 2018",0.193,0.08
Famous in Love,2,"Apr. 11, 2018",0.261,0.12
Famous in Love,2,"Apr. 18, 2018",0.212,0.08
Famous in Love,2,"Apr. 25, 2018",0.263,0.10
Famous in Love,2,"May 2, 2018",0.251,0.10
Famous in Love,2,"May 9, 2018",0.316,0.12
Famous in Love,2,"May 16, 2018",0.235,0.11
Famous in Love,2,"May 23, 2018",0.300,0.11
Famous in Love,2,"May 30, 2018",0.222,0.08
Knife Fight,1,"Sept. 24, 2013",0.061,0.03
Knife Fight,1,"Sept. 24, 2013",0.061,0.03
Knife Fight,1,"Oct. 1, 2013",0.033,0.02
Knife Fight,1,"Oct. 1, 2013",0.024,0.01
Knife Fight,1,"Oct. 8, 2013",0.017,0.00
Knife Fight,1,"Oct. 8, 2013",0.016,0.01
Knife Fight,1,"Oct. 15, 2013",0.026,0.01
Knife Fight,1,"Oct. 15, 2013",0.021,0.01
Knife Fight,1,"Oct. 22, 2013",0.044,0.02
Knife Fight,1,"Oct. 22, 2013",0.069,0.02
Knife Fight,1,"Oct. 29, 2013",0.014,0.01
Knife Fight,1,"Oct. 29, 2013",0.015,0.01
Knife Fight,1,"Nov. 5, 2013",0.014,0.01
Knife Fight,1,"Nov. 5, 2013",0.019,0.01
Knife Fight,1,"Nov. 12, 2013",0.074,0.03
Knife Fight,1,"Nov. 12, 2013",0.026,0.01
Knife Fight,1,"Nov. 12, 2013",0.027,0.01
Knife Fight,1,"Nov. 12, 2013",0.048,0.03
Knife Fight,2,"Apr. 15, 2014",0.044,0.02
Knife Fight,2,"Apr. 22, 2014",0.045,0.02
Knife Fight,2,"Apr. 22, 2014",0.048,0.02
Knife Fight,2,"Apr. 29, 2014",0.053,0.03
Knife Fight,2,"Apr. 29, 2014",0.048,0.03
Knife Fight,2,"May 6, 2014",0.022,0.01
Knife Fight,2,"May 6, 2014",0.033,0.01
Knife Fight,2,"May 13, 2014",0.021,0.01
Knife Fight,2,"May 13, 2014",0.019,0.01
Knife Fight,2,"May 20, 2014",0.027,0.01
Knife Fight,2,"May 20, 2014",0.062,0.03
Knife Fight,2,"Jul. 29, 2014",0.152,0.07
Knife Fight,2,"Jul. 29, 2014",0.153,0.07
Knife Fight,2,"Aug. 5, 2014",0.144,0.08
Knife Fight,2,"Aug. 5, 2014",0.102,0.06
Knife Fight,2,"Aug. 12, 2014",0.029,0.02
Knife Fight,2,"Aug. 19, 2014",0.112,0.06
Knife Fight,2,"Aug. 26, 2014",0.190,0.12
Knife Fight,2,"Sept. 2, 2014",0.065,0.04
Knife Fight,2,"Sept. 9, 2014",0.045,0.02
Knife Fight,2,"Sept. 16, 2014",0.116,0.05
Knife Fight,2,"Sept. 23, 2014",0.037,0.02
Knife Fight,2,"Sept. 30, 2014",0.020,0.01
Knife Fight,2,"Oct. 7, 2014",0.082,0.03
Knife Fight,3,"May 26, 2015",0.140,-
Knife Fight,3,"May 26, 2015",0.081,-
Knife Fight,3,"Jun. 2, 2015",0.120,-
Knife Fight,3,"Jun. 2, 2015",0.097,-
Knife Fight,3,"Jun. 9, 2015",0.048,-
Knife Fight,3,"Jun. 9, 2015",0.026,-
Knife Fight,3,"Jun. 16, 2015",0.074,0.02
Knife Fight,3,"Jun. 16, 2015",0.056,0.02
Knife Fight,3,"Jun. 23, 2015",0.065,0.021
Knife Fight,3,"Jun. 23, 2015",0.057,0.016
Knife Fight,3,"Jun. 30, 2015",0.071,0.03
Knife Fight,3,"Jun. 30, 2015",0.036,0.01
Knife Fight,3,"Jul. 7, 2015",0.098,0.04
Knife Fight,3,"Jul. 7, 2015",0.069,0.03
Knife Fight,3,"Jul. 14, 2015",0.089,0.03
Knife Fight,4,"Nov. 10, 2015",0.040,0.01
Knife Fight,4,"Nov. 10, 2015",0.028,0.01
Knife Fight,4,"Nov. 17, 2015",0.033,0.00
Knife Fight,4,"Nov. 17, 2015",0.028,0.00
Knife Fight,4,"Nov. 24, 2015",0.043,0.01
Knife Fight,4,"Nov. 24, 2015",0.036,0.01
Knife Fight,4,"Dec. 1, 2015",0.044,0.01
Knife Fight,4,"Dec. 1, 2015",0.038,0.01
Knife Fight,4,"Dec. 8, 2015",0.060,0.03
Knife Fight,4,"Dec. 8, 2015",0.050,0.02
Knife Fight,4,"Dec. 15, 2015",0.042,0.02
Knife Fight,4,"Dec. 15, 2015",0.037,0.02
Knife Fight,4,"Dec. 22, 2015",0.100,0.03
Knife Fight,4,"Dec. 22, 2015",0.080,0.02
Knife Fight,4,"Dec. 29, 2015",0.110,0.04
Soul Food,1,"Jun. 28, 2000",1.024,0.6
Soul Food,1,"Feb. 21, 2001",0.846,0.5
Soul Food,2,"Jun. 27, 2001",1.102,0.7
Soul Food,2,"Feb. 13, 2002",1.236,0.8
Soul Food,3,"Jun. 26, 2002",1.198,0.7
Soul Food,3,"Aug. 28, 2002",1.232,0.9
Soul Food,4,"Apr. 9, 2003",1.071,0.8
Soul Food,4,"Jun. 11, 2003",1.119,0.8
Soul Food,5,"Feb. 25, 2004",1.211,0.7
Soul Food,5,"May 26, 2004",0.783,0.6
Queer as Folk,1,"Dec. 3, 2000",1.626,1.0
Queer as Folk,1,"Jun. 24, 2001",1.492,0.9
Queer as Folk,2,"Jan. 6, 2002",1.231,0.9
Queer as Folk,2,"Jun. 16, 2002",1.146,0.7
Queer as Folk,3,"Mar. 2, 2003",1.175,0.7
Queer as Folk,3,"Jun. 22, 2003",1.122,0.7
Queer as Folk,4,"Apr. 18, 2004",0.660,0.4
Queer as Folk,4,"Jul. 18, 2004",0.466,0.3
Queer as Folk,5,"May 22, 2005",0.476,0.3
Queer as Folk,5,"Aug. 7, 2005",0.547,0.4
Dead Like Me,1,"Jun. 27, 2003",1.111,0.7
Dead Like Me,1,"Sept. 26, 2003",0.686,0.5
Dead Like Me,2,"Jul. 25, 2004",0.797,0.5
Dead Like Me,2,"Oct. 31, 2004",0.622,0.3
Huff,1,"Nov. 7, 2004",0.456,0.3
Huff,1,"Jan. 30, 2005",0.462,0.3
Huff,2,"Apr. 2, 2006",0.372,0.2
Huff,2,"Jun. 25, 2006",0.212,0.1
Sleeper Cell,1,"Dec. 4, 2005",0.296,0.2
Sleeper Cell,1,"Dec. 18, 2005",0.309,0.2
Sleeper Cell,1,"Dec. 18, 2005",0.230,0.2
Sleeper Cell,2,"Dec. 10, 2006",0.155,0.1
Sleeper Cell,2,"Dec. 17, 2006",0.272,0.2
Fat Actress,1,"Mar. 7, 2005",0.924,0.6
Fat Actress,1,"Mar. 14, 2005",0.295,0.2
Fat Actress,1,"Mar. 21, 2005",0.248,0.2
Fat Actress,1,"Mar. 28, 2005",0.193,0.1
Fat Actress,1,"Apr. 4, 2005",0.233,0.2
Fat Actress,1,"Apr. 11, 2005",0.192,0.1
Fat Actress,1,"Apr. 18, 2005",0.186,0.1
Meadowlands,1,"Jun. 17, 2007",0.184,0.0
Meadowlands,1,"Jun. 24, 2007",0.096,0.0
Meadowlands,1,"Jul. 1, 2007",0.055,0.0
Meadowlands,1,"Jul. 8, 2007",0.091,0.0
Meadowlands,1,"Jul. 15, 2007",0.051,0.0
Meadowlands,1,"Jul. 22, 2007",0.033,0.0
Meadowlands,1,"Jul. 29, 2007",0.070,0.0
Meadowlands,1,"Aug. 5, 2007",0.101,0.0
Witches of East End,1,"Oct. 6, 2013",1.929,0.71
Witches of East End,1,"Oct. 13, 2013",1.932,0.82
Witches of East End,1,"Oct. 20, 2013",1.689,0.64
Witches of East End,1,"Oct. 27, 2013",1.827,0.74
Witches of East End,1,"Nov. 3, 2013",1.600,0.65
Witches of East End,1,"Nov. 10, 2013",1.461,0.55
Witches of East End,1,"Nov. 17, 2013",1.618,0.52
Witches of East End,1,"Nov. 24, 2013",1.507,0.57
Witches of East End,1,"Dec. 1, 2013",1.398,0.51
Witches of East End,1,"Dec. 15, 2013",1.743,0.61
Witches of East End,2,"Jul. 6, 2014",1.121,0.47
Witches of East End,2,"Jul. 13, 2014",1.503,0.55
Witches of East End,2,"Jul. 20, 2014",1.314,0.5
Witches of East End,2,"Jul. 27, 2014",1.100,0.46
Witches of East End,2,"Aug. 10, 2014",0.964,0.40
Witches of East End,2,"Aug. 17, 2014",1.146,0.47
Witches of East End,2,"Aug. 24, 2014",1.017,0.46
Witches of East End,2,"Sept. 7, 2014",1.079,0.45
Witches of East End,2,"Sept. 14, 2014",1.204,0.45
Witches of East End,2,"Sept. 21, 2014",1.239,0.52
Witches of East End,2,"Sept. 28, 2014",0.882,0.37
Witches of East End,2,"Oct. 5, 2014",1.137,0.51
Witches of East End,2,"Oct. 5, 2014",1.032,0.44
The Real Housewives of Atlanta,1,"Oct. 7, 2008",0.656,0.3
The Real Housewives of Atlanta,1,"Oct. 14, 2008",1.184,0.7
The Real Housewives of Atlanta,1,"Oct. 21, 2008",1.320,0.8
The Real Housewives of Atlanta,1,"Oct. 28, 2008",1.277,0.8
The Real Housewives of Atlanta,1,"Nov. 4, 2008",1.009,0.6
The Real Housewives of Atlanta,1,"Nov. 11, 2008",1.499,0.8
The Real Housewives of Atlanta,1,"Nov. 18, 2008",2.212,1.3
The Real Housewives of Atlanta,1,"Nov. 25, 2008",2.817,1.6
The Real Housewives of Atlanta,2,"Jul. 30, 2009",2.660,1.3
The Real Housewives of Atlanta,2,"Aug. 6, 2009",2.696,1.4
The Real Housewives of Atlanta,2,"Aug. 13, 2009",3.325,1.7
The Real Housewives of Atlanta,2,"Aug. 20, 2009",2.822,1.5
The Real Housewives of Atlanta,2,"Aug. 27, 2009",2.478,1.4
The Real Housewives of Atlanta,2,"Sept. 3, 2009",3.057,1.7
The Real Housewives of Atlanta,2,"Sept. 10, 2009",3.198,1.8
The Real Housewives of Atlanta,2,"Sept. 17, 2009",3.020,1.7
The Real Housewives of Atlanta,2,"Sept. 24, 2009",2.722,1.5
The Real Housewives of Atlanta,2,"Oct. 1, 2009",2.722,1.5
The Real Housewives of Atlanta,2,"Oct. 8, 2009",2.563,1.3
The Real Housewives of Atlanta,2,"Oct. 15, 2009",2.636,1.4
The Real Housewives of Atlanta,2,"Oct. 22, 2009",2.977,1.6
The Real Housewives of Atlanta,2,"Oct. 29, 2009",2.805,1.5
The Real Housewives of Atlanta,2,"Nov. 5, 2009",2.441,1.3
The Real Housewives of Atlanta,2,"Dec. 10, 2009",1.075,0.5
The Real Housewives of Atlanta,3,"Oct. 4, 2010",2.419,1.3
The Real Housewives of Atlanta,3,"Oct. 11, 2010",2.260,1.2
The Real Housewives of Atlanta,3,"Oct. 18, 2010",2.247,1.2
The Real Housewives of Atlanta,3,"Oct. 25, 2010",2.491,1.2
The Real Housewives of Atlanta,3,"Nov. 1, 2010",2.749,1.4
The Real Housewives of Atlanta,3,"Nov. 7, 2010",2.490,1.4
The Real Housewives of Atlanta,3,"Nov. 14, 2010",2.776,1.5
The Real Housewives of Atlanta,3,"Nov. 21, 2010",2.999,1.6
The Real Housewives of Atlanta,3,"Nov. 28, 2010",3.221,1.7
The Real Housewives of Atlanta,3,"Dec. 5, 2010",3.222,1.7
The Real Housewives of Atlanta,3,"Dec. 12, 2010",2.928,1.5
The Real Housewives of Atlanta,3,"Dec. 19, 2010",3.218,1.7
The Real Housewives of Atlanta,3,"Jan. 9, 2011",3.347,1.8
The Real Housewives of Atlanta,3,"Jan. 16, 2011",3.272,1.6
The Real Housewives of Atlanta,3,"Jan. 23, 2011",3.426,1.7
The Real Housewives of Atlanta,3,"Jan. 30, 2011",4.381,2.4
The Real Housewives of Atlanta,3,"Feb. 13, 2011",2.405,1.2
The Real Housewives of Atlanta,3,"Feb. 20, 2011",2.652,1.4
The Real Housewives of Atlanta,4,"Oct. 30, 2011",1.873,0.9
The Real Housewives of Atlanta,4,"Nov. 6, 2011",2.896,1.5
The Real Housewives of Atlanta,4,"Nov. 13, 2011",3.007,1.6
The Real Housewives of Atlanta,4,"Nov. 20, 2011",3.239,1.7
The Real Housewives of Atlanta,4,"Nov. 27, 2011",3.030,1.6
The Real Housewives of Atlanta,4,"Dec. 4, 2011",3.254,1.6
The Real Housewives of Atlanta,4,"Dec. 11, 2011",3.280,1.7
The Real Housewives of Atlanta,4,"Dec. 13, 2011",2.855,1.4
The Real Housewives of Atlanta,4,"Dec. 18, 2011",3.413,1.8
The Real Housewives of Atlanta,4,"Jan. 8, 2012",3.145,1.7
The Real Housewives of Atlanta,4,"Jan. 15, 2012",2.718,1.3
The Real Housewives of Atlanta,4,"Jan. 22, 2012",2.776,1.5
The Real Housewives of Atlanta,4,"Jan. 29, 2012",3.945,2.1
The Real Housewives of Atlanta,4,"Feb. 12, 2012",2.346,1.2
The Real Housewives of Atlanta,4,"Feb. 19, 2012",2.485,1.3
The Real Housewives of Atlanta,4,"Feb. 26, 2012",1.581,0.9
The Real Housewives of Atlanta,4,"Mar. 4, 2012",2.667,1.5
The Real Housewives of Atlanta,4,"Mar. 11, 2012",2.297,1.2
The Real Housewives of Atlanta,4,"Mar. 18, 2012",2.467,1.2
The Real Housewives of Atlanta,4,"Mar. 25, 2012",2.646,1.4
The Real Housewives of Atlanta,4,"Apr. 1, 2012",2.044,1.1
The Real Housewives of Atlanta,4,"Apr. 8, 2012",2.312,1.1
The Real Housewives of Atlanta,4,"Apr. 15, 2012",3.138,1.6
The Real Housewives of Atlanta,4,"Apr. 19, 2012",2.540,1.3
The Real Housewives of Atlanta,4,"Apr. 22, 2012",3.229,1.7
The Real Housewives of Atlanta,5,"Oct. 28, 2012",1.266,0.5
The Real Housewives of Atlanta,5,"Nov. 4, 2012",3.228,1.6
The Real Housewives of Atlanta,5,"Nov. 11, 2012",2.555,1.2
The Real Housewives of Atlanta,5,"Nov. 18, 2012",2.482,1.2
The Real Housewives of Atlanta,5,"Nov. 25, 2012",2.251,1.2
The Real Housewives of Atlanta,5,"Dec. 2, 2012",3.009,1.5
The Real Housewives of Atlanta,5,"Dec. 9, 2012",3.206,1.5
The Real Housewives of Atlanta,5,"Dec. 16, 2012",3.605,1.9
The Real Housewives of Atlanta,5,"Dec. 23, 2012",3.166,1.5
The Real Housewives of Atlanta,5,"Dec. 30, 2012",3.501,1.6
The Real Housewives of Atlanta,5,"Jan. 6, 2013",3.670,1.8
The Real Housewives of Atlanta,5,"Jan. 13, 2013",3.403,1.7
The Real Housewives of Atlanta,5,"Jan. 20, 2013",3.252,1.6
The Real Housewives of Atlanta,5,"Jan. 27, 2013",4.090,2.0
The Real Housewives of Atlanta,5,"Feb. 10, 2013",2.699,1.2
The Real Housewives of Atlanta,5,"Feb. 17, 2013",2.603,1.2
The Real Housewives of Atlanta,5,"Mar. 3, 2013",3.066,1.4
The Real Housewives of Atlanta,5,"Mar. 10, 2013",2.714,1.3
The Real Housewives of Atlanta,5,"Mar. 17, 2013",2.747,1.2
The Real Housewives of Atlanta,5,"Mar. 24, 2013",2.795,1.4
The Real Housewives of Atlanta,5,"Mar. 31, 2013",3.026,1.5
The Real Housewives of Atlanta,5,"Apr. 7, 2013",3.633,1.9
The Real Housewives of Atlanta,5,"Apr. 14, 2013",3.524,1.8
The Real Housewives of Atlanta,5,"Apr. 21, 2013",3.748,1.8
The Real Housewives of Atlanta,5,"Apr. 28, 2013",2.432,1.1
The Real Housewives of Atlanta,6,"Nov. 3, 2013",3.108,1.42
The Real Housewives of Atlanta,6,"Nov. 10, 2013",3.337,1.51
The Real Housewives of Atlanta,6,"Nov. 17, 2013",3.697,1.62
The Real Housewives of Atlanta,6,"Nov. 24, 2013",3.295,1.50
The Real Housewives of Atlanta,6,"Dec. 1, 2013",3.100,1.40
The Real Housewives of Atlanta,6,"Dec. 8, 2013",3.777,1.69
The Real Housewives of Atlanta,6,"Dec. 15, 2013",3.471,1.52
The Real Housewives of Atlanta,6,"Dec. 22, 2013",3.677,1.60
The Real Housewives of Atlanta,6,"Dec. 29, 2013",3.827,1.82
The Real Housewives of Atlanta,6,"Jan. 5, 2014",4.519,2.13
The Real Housewives of Atlanta,6,"Jan. 12, 2014",4.187,1.90
The Real Housewives of Atlanta,6,"Jan. 19, 2014",3.695,1.58
The Real Housewives of Atlanta,6,"Jan. 26, 2014",3.914,1.74
The Real Housewives of Atlanta,6,"Feb. 9, 2014",4.638,2.06
The Real Housewives of Atlanta,6,"Feb. 16, 2014",4.066,1.77
The Real Housewives of Atlanta,6,"Feb. 23, 2014",4.041,1.87
The Real Housewives of Atlanta,6,"Mar. 9, 2014",3.912,1.68
The Real Housewives of Atlanta,6,"Mar. 16, 2014",4.306,1.95
The Real Housewives of Atlanta,6,"Mar. 23, 2014",4.264,1.93
The Real Housewives of Atlanta,6,"Mar. 30, 2014",3.943,1.74
The Real Housewives of Atlanta,6,"Apr. 6, 2014",3.660,1.61
The Real Housewives of Atlanta,6,"Apr. 13, 2014",3.816,1.73
The Real Housewives of Atlanta,6,"Apr. 20, 2014",4.132,1.83
The Real Housewives of Atlanta,6,"Apr. 27, 2014",4.148,1.81
The Real Housewives of Atlanta,6,"May 4, 2014",3.923,1.70
The Real Housewives of Atlanta,6,"May 11, 2014",1.791,0.78
The Real Housewives of Atlanta,6,"May 18, 2014",2.128,0.92
The Real Housewives of Atlanta,7,"Nov. 2, 2014",1.755,0.78
The Real Housewives of Atlanta,7,"Nov. 9, 2014",3.826,1.76
The Real Housewives of Atlanta,7,"Nov. 16, 2014",3.595,1.61
The Real Housewives of Atlanta,7,"Nov. 23, 2014",3.143,1.45
The Real Housewives of Atlanta,7,"Nov. 30, 2014",2.858,1.34
The Real Housewives of Atlanta,7,"Dec. 7, 2014",3.062,1.52
The Real Housewives of Atlanta,7,"Dec. 14, 2014",2.797,1.30
The Real Housewives of Atlanta,7,"Dec. 21, 2014",2.815,1.26
The Real Housewives of Atlanta,7,"Dec. 28, 2014",3.162,1.40
The Real Housewives of Atlanta,7,"Jan. 4, 2015",3.355,1.56
The Real Housewives of Atlanta,7,"Jan. 11, 2015",3.534,1.71
The Real Housewives of Atlanta,7,"Jan. 18, 2015",3.192,1.36
The Real Housewives of Atlanta,7,"Jan. 25, 2015",3.438,1.62
The Real Housewives of Atlanta,7,"Feb. 8, 2015",2.618,1.20
The Real Housewives of Atlanta,7,"Feb. 15, 2015",2.853,1.20
The Real Housewives of Atlanta,7,"Mar. 1, 2015",3.737,1.71
The Real Housewives of Atlanta,7,"Mar. 8, 2015",3.604,1.74
The Real Housewives of Atlanta,7,"Mar. 15, 2015",3.144,1.36
The Real Housewives of Atlanta,7,"Mar. 22, 2015",3.235,1.50
The Real Housewives of Atlanta,7,"Mar. 29, 2015",2.978,1.24
The Real Housewives of Atlanta,7,"Apr. 5, 2015",2.589,1.17
The Real Housewives of Atlanta,7,"Apr. 12, 2015",2.631,1.12
The Real Housewives of Atlanta,7,"Apr. 19, 2015",2.979,1.25
The Real Housewives of Atlanta,7,"Apr. 26, 2015",3.382,1.56
The Real Housewives of Atlanta,7,"May 3, 2015",2.831,1.26
The Real Housewives of Atlanta,7,"May 10, 2015",2.588,1.14
The Real Housewives of Atlanta,7,"May 17, 2015",1.457,0.58
The Real Housewives of Atlanta,7,"May 31, 2015",1.644,0.67
The Real Housewives of Atlanta,7,"Jun. 7, 2015",1.659,0.63
The Real Housewives of Atlanta,8,"Nov. 8, 2015",2.968,1.38
The Real Housewives of Atlanta,8,"Nov. 15, 2015",3.085,1.43
The Real Housewives of Atlanta,8,"Nov. 22, 2015",2.617,1.19
The Real Housewives of Atlanta,8,"Nov. 29, 2015",2.802,1.28
The Real Housewives of Atlanta,8,"Dec. 6, 2015",2.986,1.44
The Real Housewives of Atlanta,8,"Dec. 13, 2015",3.016,1.39
The Real Housewives of Atlanta,8,"Dec. 20, 2015",2.863,1.36
The Real Housewives of Atlanta,8,"Dec. 27, 2015",2.981,1.43
The Real Housewives of Atlanta,8,"Jan. 3, 2016",3.041,1.38
The Real Housewives of Atlanta,8,"Jan. 10, 2016",2.940,1.41
The Real Housewives of Atlanta,8,"Jan. 17, 2016",3.179,1.39
The Real Housewives of Atlanta,8,"Jan. 24, 2016",2.848,1.25
The Real Housewives of Atlanta,8,"Jan. 31, 2016",3.080,1.34
The Real Housewives of Atlanta,8,"Feb. 14, 2016",2.600,1.04
The Real Housewives of Atlanta,8,"Feb. 21, 2016",3.170,1.40
The Real Housewives of Atlanta,8,"Mar. 6, 2016",2.850,1.25
The Real Housewives of Atlanta,8,"Mar. 13, 2016",2.522,1.12
The Real Housewives of Atlanta,8,"Mar. 20, 2016",3.007,1.40
The Real Housewives of Atlanta,8,"Mar. 27, 2016",2.781,1.13
The Real Housewives of Atlanta,8,"Apr. 3, 2016",2.807,1.21
The Real Housewives of Atlanta,8,"Apr. 10, 2016",1.761,0.68
The Real Housewives of Atlanta,9,"Nov. 6, 2016",2.587,1.08
The Real Housewives of Atlanta,9,"Nov. 13, 2016",2.649,1.09
The Real Housewives of Atlanta,9,"Nov. 20, 2016",2.492,1.03
The Real Housewives of Atlanta,9,"Nov. 27, 2016",2.549,1.13
The Real Housewives of Atlanta,9,"Dec. 4, 2016",2.739,1.11
The Real Housewives of Atlanta,9,"Dec. 11, 2016",2.614,1.03
The Real Housewives of Atlanta,9,"Dec. 18, 2016",2.555,1.07
The Real Housewives of Atlanta,9,"Jan. 1, 2017",2.277,0.86
The Real Housewives of Atlanta,9,"Jan. 8, 2017",2.602,1.06
The Real Housewives of Atlanta,9,"Jan. 15, 2017",2.632,1.00
The Real Housewives of Atlanta,9,"Jan. 22, 2017",2.477,1.04
The Real Housewives of Atlanta,9,"Jan. 29, 2017",2.620,1.09
The Real Housewives of Atlanta,9,"Feb. 12, 2017",2.251,1.00
The Real Housewives of Atlanta,9,"Feb. 19, 2017",2.603,1.05
The Real Housewives of Atlanta,9,"Mar. 5, 2017",2.591,1.15
The Real Housewives of Atlanta,9,"Mar. 12, 2017",2.658,1.16
The Real Housewives of Atlanta,9,"Mar. 19, 2017",2.482,1.05
The Real Housewives of Atlanta,9,"Mar. 26, 2017",2.645,1.10
The Real Housewives of Atlanta,9,"Apr. 2, 2017",2.582,1.06
The Real Housewives of Atlanta,9,"Apr. 9, 2017",2.685,1.10
The Real Housewives of Atlanta,9,"Apr. 16, 2017",2.796,1.12
The Real Housewives of Atlanta,9,"Apr. 23, 2017",2.945,1.26
The Real Housewives of Atlanta,9,"Apr. 30, 2017",2.768,1.13
The Real Housewives of Atlanta,9,"May 7, 2017",3.148,1.34
The Real Housewives of Atlanta,9,"May 14, 2017",1.470,0.54
The Real Housewives of Atlanta,10,"Nov. 5, 2017",2.429,0.97
The Real Housewives of Atlanta,10,"Nov. 12, 2017",2.561,1.00
The Real Housewives of Atlanta,10,"Nov. 19, 2017",2.203,0.88
The Real Housewives of Atlanta,10,"Nov. 26, 2017",2.113,0.84
The Real Housewives of Atlanta,10,"Dec. 3, 2017",2.314,1.00
The Real Housewives of Atlanta,10,"Dec. 10, 2017",2.640,1.01
The Real Housewives of Atlanta,10,"Dec. 17, 2017",2.339,0.97
The Real Housewives of Atlanta,10,"Jan. 7, 2018",2.268,0.93
The Real Housewives of Atlanta,10,"Jan. 14, 2018",2.353,0.96
The Real Housewives of Atlanta,10,"Jan. 21, 2018",1.388,0.53
The Real Housewives of Atlanta,10,"Jan. 28, 2018",1.986,0.78
The Real Housewives of Atlanta,10,"Feb. 11, 2018",2.238,0.95
The Real Housewives of Atlanta,10,"Feb. 18, 2018",2.126,0.85
The Real Housewives of Atlanta,10,"Feb. 25, 2018",2.291,0.91
The Real Housewives of Atlanta,10,"Mar. 11, 2018",2.001,0.77
The Real Housewives of Atlanta,10,"Mar. 18, 2018",2.069,0.80
The Real Housewives of Atlanta,10,"Mar. 25, 2018",1.967,0.78
The Real Housewives of Atlanta,10,"Apr. 1, 2018",1.930,0.76
The Real Housewives of Atlanta,10,"Apr. 8, 2018",2.444,0.94
The Real Housewives of Atlanta,10,"Apr. 15, 2018",2.531,0.99
The Real Housewives of Atlanta,10,"Apr. 22, 2018",2.319,0.90
The Real Housewives of Atlanta,10,"Apr. 29, 2018",1.070,0.36
The Real Housewives of Atlanta,11,"Nov. 4, 2018",1.931,0.73
The Real Housewives of Atlanta,11,"Nov. 11, 2018",1.841,0.74
The Real Housewives of Atlanta,11,"Nov. 18, 2018",1.863,0.69
The Real Housewives of Atlanta,11,"Nov. 25, 2018",1.855,0.75
The Real Housewives of Atlanta,11,"Dec. 2, 2018",1.935,0.73
The Real Housewives of Atlanta,11,"Dec. 9, 2018",2.038,0.82
The Real Housewives of Atlanta,11,"Dec. 16, 2018",1.823,0.68
The Real Housewives of Atlanta,11,"Dec. 23, 2018",1.648,0.62
The Real Housewives of Atlanta,11,"Dec. 30, 2018",1.770,0.67
The Real Housewives of Atlanta,11,"Jan. 6, 2019",2.118,0.83
The Real Housewives of Atlanta,11,"Jan. 13, 2019",2.228,0.87
The Real Housewives of Atlanta,11,"Jan. 20, 2019",1.814,0.66
The Real Housewives of Atlanta,11,"Jan. 27, 2019",2.145,0.83
The Real Housewives of Atlanta,11,"Feb. 10, 2019",1.632,0.65
The Real Housewives of Atlanta,11,"Feb. 17, 2019",1.949,0.72
The Real Housewives of Atlanta,11,"Mar. 3, 2019",1.961,0.75
The Real Housewives of Atlanta,11,"Mar. 10, 2019",2.079,0.78
The Real Housewives of Atlanta,11,"Mar. 17, 2019",2.081,0.77
The Real Housewives of Atlanta,11,"Mar. 24, 2019",2.049,0.75
The Real Housewives of Atlanta,11,"Mar. 31, 2019",2.141,0.81
The Real Housewives of Atlanta,11,"Apr. 7, 2019",2.346,0.87
The Real Housewives of Atlanta,11,"Apr. 14, 2019",2.090,0.79
The Real Housewives of Atlanta,11,"Apr. 21, 2019",1.668,0.61
The Real Housewives of Atlanta,11,"Apr. 28, 2019",1.467,0.52
The Real Housewives of Atlanta,11,"May 5, 2019",1.308,0.43
The Real Housewives of Atlanta,11,"May 12, 2019",1.143,0.36
The Real Housewives of Atlanta,12,"Nov. 3, 2019",1.907,0.63
The Real Housewives of Atlanta,12,"Nov. 10, 2019",1.846,0.66
The Real Housewives of Atlanta,12,"Nov. 17, 2019",1.860,0.66
The Real Housewives of Atlanta,12,"Nov. 24, 2019",1.933,0.68
The Real Housewives of Atlanta,12,"Dec. 1, 2019",1.973,0.64
The Real Housewives of Atlanta,12,"Dec. 8, 2019",1.798,0.61
The Real Housewives of Atlanta,12,"Dec. 15, 2019",1.746,0.61
The Real Housewives of Atlanta,12,"Dec. 22, 2019",1.782,0.63
The Real Housewives of Atlanta,12,"Dec. 29, 2019",1.985,0.64
The Real Housewives of Atlanta,12,"Jan. 5, 2020",2.001,0.72
The Real Housewives of Atlanta,12,"Jan. 12, 2020",2.008,0.73
The Real Housewives of Atlanta,12,"Jan. 19, 2020",1.746,0.64
The Real Housewives of Atlanta,12,"Feb. 9, 2020",1.701,0.62
The Real Housewives of Atlanta,12,"Feb. 16, 2020",1.657,0.56
The Real Housewives of Atlanta,12,"Feb. 23, 2020",1.862,0.65
The Real Housewives of Atlanta,12,"Mar. 1, 2020",1.942,0.67
The Real Housewives of Atlanta,12,"Mar. 8, 2020",1.777,0.63
The Real Housewives of Atlanta,12,"Mar. 15, 2020",1.775,0.61
The Real Housewives of Atlanta,12,"Mar. 22, 2020",1.983,0.68
The Real Housewives of Atlanta,12,"Apr. 5, 2020",1.748,0.61
The Real Housewives of Atlanta,12,"Apr. 12, 2020",1.677,0.61
The Real Housewives of Atlanta,12,"Apr. 19, 2020",1.863,0.62
The Real Housewives of Atlanta,12,"Apr. 26, 2020",1.300,0.39
The Real Housewives of Atlanta,12,"May 10, 2020",1.642,0.57
The Real Housewives of Atlanta,12,"May 17, 2020",1.716,0.55
The Real Housewives of Atlanta,12,"May 24, 2020",1.403,0.43
The Real Housewives of Atlanta,13,"Dec. 6, 2020",1.418,0.50
The Real Housewives of Atlanta,13,"Dec. 13, 2020",1.189,0.38
The Real Housewives of Atlanta,13,"Dec. 20, 2020",1.211,0.36
The Real Housewives of Atlanta,13,"Dec. 27, 2020",0.645,0.18
The Real Housewives of Atlanta,13,"Jan. 3, 2021",1.219,0.40
The Real Housewives of Atlanta,13,"Jan. 10, 2021",1.180,0.39
The Real Housewives of Atlanta,13,"Jan. 17, 2021",1.222,0.36
The Real Housewives of Atlanta,13,"Jan. 24, 2021",1.325,0.43
The Real Housewives of Atlanta,13,"Jan. 31, 2021",1.396,0.42
The Real Housewives of Atlanta,13,"Feb. 14, 2021",1.100,0.35
The Real Housewives of Atlanta,13,"Feb. 21, 2021",1.434,0.51
The Real Housewives of Atlanta,13,"Feb. 28, 2021",1.412,0.47
The Real Housewives of Atlanta,13,"Mar. 7, 2021",1.149,0.32
The Real Housewives of Atlanta,13,"Mar. 14, 2021",1.091,0.33
The Real Housewives of Atlanta,13,"Mar. 21, 2021",1.183,0.35
The Real Housewives of Atlanta,13,"Mar. 28, 2021",1.321,0.44
The Real Housewives of Atlanta,13,"Apr. 4, 2021",1.172,0.37
The Real Housewives of Atlanta,13,"Apr. 11, 2021",1.206,0.40
The Real Housewives of Atlanta,13,"Apr. 18, 2021",1.385,0.44
The Real Housewives of Atlanta,13,"Apr. 25, 2021",1.272,0.41
The Real Housewives of Atlanta,13,"May 2, 2021",1.175,0.36
The Real Housewives of Atlanta,13,"May 9, 2021",1.083,0.33
The Real Housewives of Atlanta,14,"May 1, 2022",0.933,0.30
The Real Housewives of Atlanta,14,"May 8, 2022",0.736,0.23
The Real Housewives of Atlanta,14,"May 15, 2022",0.850,0.24
The Real Housewives of Atlanta,14,"May 22, 2022",0.992,0.32
The Real Housewives of Atlanta,14,"Jun. 5, 2022",0.808,0.26
The Real Housewives of Atlanta,14,"Jun. 12, 2022",1.005,0.31
The Real Housewives of Atlanta,14,"Jun. 19, 2022",0.834,0.24
The Real Housewives of Atlanta,14,"Jun. 26, 2022",0.722,0.21
The Real Housewives of Atlanta,14,"Jul. 10, 2022",0.942,0.30
The Real Housewives of Atlanta,14,"Jul. 17, 2022",0.919,0.29
The Real Housewives of Atlanta,14,"Jul. 24, 2022",0.987,0.31
The Real Housewives of Atlanta,14,"Jul. 31, 2022",1.018,0.30
The Real Housewives of Atlanta,14,"Aug. 7, 2022",1.026,0.35
The Real Housewives of Atlanta,14,"Aug. 14, 2022",0.973,0.31
The Real Housewives of Atlanta,14,"Aug. 21, 2022",1.009,0.30
The Real Housewives of Atlanta,14,"Aug. 28, 2022",0.964,0.30
The Real Housewives of Atlanta,14,"Sept. 4, 2022",1.042,0.31
The Real Housewives of Atlanta,14,"Sept. 11, 2022",1.028,0.35
The Real Housewives of Atlanta,14,"Sept. 18, 2022",1.051,0.34
The Real Housewives of Atlanta,14,"Sept. 25, 2022",1.131,0.34
Bunheads,1,"Jun. 11, 2012",1.637,0.6
Bunheads,1,"Jun. 18, 2012",1.636,0.6
Bunheads,1,"Jun. 25, 2012",1.379,0.6
Bunheads,1,"Jul. 9, 2012",1.439,0.6
Bunheads,1,"Jul. 16, 2012",1.235,0.5
Bunheads,1,"Jul. 23, 2012",1.581,0.6
Bunheads,1,"Jul. 30, 2012",1.124,0.4
Bunheads,1,"Aug. 6, 2012",1.173,0.5
Bunheads,1,"Aug. 13, 2012",1.131,0.5
Bunheads,1,"Aug. 20, 2012",1.504,0.6
Bunheads,1,"Jan. 7, 2013",1.234,0.5
Bunheads,1,"Jan. 14, 2013",1.067,0.4
Bunheads,1,"Jan. 21, 2013",1.127,0.5
Bunheads,1,"Jan. 28, 2013",1.115,0.4
Bunheads,1,"Feb. 4, 2013",1.087,0.4
Bunheads,1,"Feb. 11, 2013",0.967,0.4
Bunheads,1,"Feb. 18, 2013",1.119,0.4
Bunheads,1,"Feb. 25, 2013",1.012,0.4
Feud,1,"Mar. 5, 2017",2.256,0.52
Feud,1,"Mar. 12, 2017",1.320,0.30
Feud,1,"Mar. 19, 2017",1.076,0.29
Feud,1,"Mar. 26, 2017",1.213,0.31
Feud,1,"Apr. 2, 2017",1.355,0.35
Feud,1,"Apr. 9, 2017",1.061,0.28
Feud,1,"Apr. 16, 2017",1.306,0.36
Feud,1,"Apr. 23, 2017",1.303,0.30
Will,1,"Jul. 10, 2015",0.633,0.16
Will,1,"Jul. 10, 2015",0.477,0.09
Will,1,"Jul. 17, 2015",0.471,0.16
Will,1,"Jul. 24, 2015",0.368,0.10
Will,1,"Jul. 31, 2015",0.300,0.10
Will,1,"Aug. 7, 2015",0.364,0.13
Will,1,"Aug. 14, 2015",0.305,0.08
Will,1,"Aug. 21, 2015",0.291,0.08
Will,1,"Aug. 28, 2015",0.315,0.10
Will,1,"Sept. 4, 2015",0.307,0.09
Roadies,1,"Jun. 26, 2016",0.348,0.07
Roadies,1,"Jul. 3, 2016",0.353,0.11
Roadies,1,"Jul. 10, 2016",0.329,0.10
Roadies,1,"Jul. 17, 2016",0.262,0.08
Roadies,1,"Jul. 24, 2016",0.291,0.08
Roadies,1,"Jul. 31, 2016",0.242,0.06
Roadies,1,"Aug. 7, 2016",0.310,0.06
Roadies,1,"Aug. 14, 2016",0.286,0.10
Roadies,1,"Aug. 21, 2016",0.345,0.11
Roadies,1,"Aug. 28, 2016",0.308,0.08
Monk,1,"Jul. 12, 2002",4.766,2.0
Monk,1,"Jul. 19, 2002",4.061,1.5
Monk,1,"Jul. 26, 2002",4.869,1.9
Monk,1,"Aug. 2, 2002",4.909,1.7
Monk,1,"Aug. 9, 2002",4.482,1.9
Monk,1,"Aug. 16, 2002",4.455,1.7
Monk,1,"Aug. 23, 2002",3.696,1.3
Monk,1,"Sept. 13, 2002",4.859,1.5
Monk,1,"Sept. 20, 2002",4.383,1.6
Monk,1,"Oct. 4, 2002",3.610,1.4
Monk,1,"Oct. 11, 2002",3.784,1.5
Monk,1,"Oct. 18, 2002",4.246,1.8
Monk,2,"Jun. 20, 2003",5.430,2.1
Monk,2,"Jun. 27, 2003",4.029,1.4
Monk,2,"Jul. 11, 2003",3.641,1.1
Monk,2,"Jul. 18, 2003",4.070,1.5
Monk,2,"Jul. 25, 2003",3.651,1.2
Monk,2,"Aug. 1, 2003",4.696,1.6
Monk,2,"Aug. 8, 2003",4.517,1.5
Monk,2,"Aug. 15, 2003",3.989,1.3
Monk,2,"Aug. 22, 2003",4.357,1.4
Monk,2,"Jan. 16, 2004",5.952,2.4
Monk,2,"Jan. 23, 2004",5.613,1.8
Monk,2,"Jan. 30, 2004",6.267,2.3
Monk,2,"Feb. 6, 2004",5.517,1.9
Monk,2,"Feb. 13, 2004",5.596,1.9
Monk,2,"Feb. 27, 2004",4.772,1.6
Monk,2,"Mar. 5, 2004",5.506,1.9
Monk,3,"Jun. 18, 2004",5.536,1.6
Monk,3,"Jun. 25, 2004",4.697,1.4
Monk,3,"Jul. 9, 2004",4.553,1.4
Monk,3,"Jul. 16, 2004",4.678,1.6
Monk,3,"Jul. 23, 2004",4.728,1.7
Monk,3,"Jul. 30, 2004",5.399,1.6
Monk,3,"Aug. 6, 2004",5.774,1.7
Monk,3,"Aug. 13, 2004",4.852,1.7
Monk,3,"Aug. 20, 2004",5.875,2.0
Monk,3,"Jan. 21, 2005",5.508,1.7
Monk,3,"Jan. 28, 2005",4.125,-
Monk,3,"Feb. 4, 2005",4.998,1.5
Monk,3,"Feb. 11, 2005",5.024,1.4
Monk,3,"Feb. 18, 2005",5.398,1.7
Monk,3,"Feb. 25, 2005",4.859,1.5
Monk,3,"Mar. 4, 2005",4.442,1.4
Monk,4,"Jul. 8, 2005",6.375,1.9
Monk,4,"Jul. 15, 2005",4.974,1.6
Monk,4,"Jul. 22, 2005",4.507,1.4
Monk,4,"Jul. 29, 2005",4.657,-
Monk,4,"Aug. 5, 2005",5.378,1.6
Monk,4,"Aug. 12, 2005",4.413,-
Monk,4,"Aug. 19, 2005",5.508,1.7
Monk,4,"Aug. 26, 2005",5.282,1.6
Monk,4,"Dec. 2, 2005",5.478,1.7
Monk,4,"Jan. 13, 2006",5.400,1.5
Monk,4,"Jan. 20, 2006",5.998,1.8
Monk,4,"Jan. 27, 2006",5.351,1.5
Monk,4,"Feb. 3, 2006",5.553,1.4
Monk,4,"Mar. 3, 2006",4.885,1.4
Monk,4,"Mar. 10, 2006",4.460,1.2
Monk,4,"Mar. 17, 2006",5.366,1.5
Monk,5,"Jul. 7, 2006",5.093,1.4
Monk,5,"Jul. 14, 2006",4.893,1.3
Monk,5,"Jul. 21, 2006",5.092,1.5
Monk,5,"Jul. 28, 2006",5.225,1.4
Monk,5,"Aug. 4, 2006",5.280,1.4
Monk,5,"Aug. 11, 2006",5.555,1.5
Monk,5,"Aug. 18, 2006",5.212,1.5
Monk,5,"Aug. 25, 2006",5.632,1.6
Monk,5,"Nov. 17, 2006",3.946,1.2
Monk,5,"Dec. 22, 2006",2.630,0.7
Monk,5,"Jan. 19, 2007",5.164,1.3
Monk,5,"Jan. 26, 2007",5.000,-
Monk,5,"Feb. 2, 2007",5.161,-
Monk,5,"Feb. 9, 2007",4.856,1.2
Monk,5,"Feb. 23, 2007",4.714,1.2
Monk,5,"Mar. 2, 2007",5.710,1.5
Monk,6,"Jul. 13, 2007",4.82,1.2
Monk,6,"Jul. 20, 2007",4.877,1.4
Monk,6,"Jul. 27, 2007",5.019,-
Monk,6,"Aug. 3, 2007",4.305,-
Monk,6,"Aug. 10, 2007",5.10,1.2
Monk,6,"Aug. 17, 2007",4.54,-
Monk,6,"Aug. 24, 2007",5.03,1.3
Monk,6,"Sept. 7, 2007",4.686,1.2
Monk,6,"Sept. 14, 2007",5.03,1.3
Monk,6,"Dec. 7, 2007",4.546,1.2
Monk,6,"Jan. 11, 2008",5.645,1.6
Monk,6,"Jan. 18, 2008",5.457,1.5
Monk,6,"Jan. 25, 2008",5.316,1.5
Monk,6,"Feb. 1, 2008",5.447,1.3
Monk,6,"Feb. 15, 2008",5.602,1.6
Monk,6,"Feb. 22, 2008",6.877,2.0
Monk,7,"Jul. 18, 2008",5.639,1.5
Monk,7,"Jul. 25, 2008",5.062,1.3
Monk,7,"Aug. 1, 2008",4.605,1.1
Monk,7,"Aug. 8, 2008",3.624,1.0
Monk,7,"Aug. 15, 2008",4.654,1.2
Monk,7,"Aug. 22, 2008",4.577,1.1
Monk,7,"Sept. 5, 2008",4.991,1.4
Monk,7,"Sept. 12, 2008",5.020,1.3
Monk,7,"Nov. 28, 2008",4.399,1.1
Monk,7,"Jan. 9, 2009",5.247,1.4
Monk,7,"Jan. 16, 2009",4.941,1.2
Monk,7,"Jan. 23, 2009",4.969,-
Monk,7,"Jan. 30, 2009",5.393,1.4
Monk,7,"Feb. 6, 2009",5.677,-
Monk,7,"Feb. 13, 2009",5.114,-
Monk,7,"Feb. 20, 2009",5.544,1.4
Monk,8,"Aug. 7, 2009",5.137,1.1
Monk,8,"Aug. 14, 2009",5.305,1.3
Monk,8,"Aug. 21, 2009",5.162,1.2
Monk,8,"Aug. 28, 2009",4.976,-
Monk,8,"Sept. 11, 2009",4.823,1.1
Monk,8,"Sept. 18, 2009",4.879,1.2
Monk,8,"Sept. 25, 2009",4.741,1.1
Monk,8,"Oct. 9, 2009",4.371,1.1
Monk,8,"Oct. 16, 2009",3.980,1.0
Monk,8,"Oct. 23, 2009",5.419,1.5
Monk,8,"Oct. 30, 2009",4.687,1.0
Monk,8,"Nov. 6, 2009",4.266,1.1
Monk,8,"Nov. 13, 2009",4.387,1.1
Monk,8,"Nov. 20, 2009",5.296,1.3
Monk,8,"Nov. 27, 2009",5.823,1.6
Monk,8,"Dec. 4, 2009",9.439,2.4
Van Helsing,1,"Jul. 31, 2016",1.237,0.35
Van Helsing,1,"Sept. 23, 2016",0.890,0.22
Van Helsing,1,"Sept. 23, 2016",0.834,0.18
Van Helsing,1,"Sept. 30, 2016",0.666,0.17
Van Helsing,1,"Oct. 7, 2016",0.619,0.15
Van Helsing,1,"Oct. 14, 2016",0.613,0.17
Van Helsing,1,"Oct. 21, 2016",0.635,0.16
Van Helsing,1,"Oct. 28, 2016",0.530,0.16
Van Helsing,1,"Nov. 4, 2016",0.608,0.15
Van Helsing,1,"Nov. 11, 2016",0.679,0.17
Van Helsing,1,"Nov. 18, 2016",0.604,0.14
Van Helsing,1,"Nov. 25, 2016",0.649,0.15
Van Helsing,1,"Dec. 2, 2016",0.502,0.12
Van Helsing,1,"Dec. 9, 2016",0.561,0.12
Van Helsing,2,"Oct. 5, 2017",0.459,0.15
Van Helsing,2,"Oct. 12, 2017",0.451,0.13
Van Helsing,2,"Oct. 19, 2017",0.488,0.13
Van Helsing,2,"Oct. 26, 2017",0.456,0.11
Van Helsing,2,"Nov. 2, 2017",0.368,0.12
Van Helsing,2,"Nov. 9, 2017",0.303,0.10
Van Helsing,2,"Nov. 16, 2017",0.345,0.12
Van Helsing,2,"Nov. 30, 2017",0.335,0.10
Van Helsing,2,"Dec. 7, 2017",0.487,0.14
Van Helsing,2,"Dec. 14, 2017",0.358,0.08
Van Helsing,2,"Dec. 21, 2017",0.486,0.16
Van Helsing,2,"Dec. 28, 2017",0.550,0.16
Van Helsing,2,"Jan. 4, 2018",0.477,0.14
Van Helsing,3,"Oct. 5, 2018",0.390,0.11
Van Helsing,3,"Oct. 12, 2018",0.476,0.13
Van Helsing,3,"Oct. 19, 2018",0.386,0.09
Van Helsing,3,"Oct. 26, 2018",0.416,0.10
Van Helsing,3,"Nov. 2, 2018",0.457,0.10
Van Helsing,3,"Nov. 9, 2018",0.416,0.08
Van Helsing,3,"Nov. 16, 2018",0.359,0.12
Van Helsing,3,"Nov. 23, 2018",0.354,0.08
Van Helsing,3,"Nov. 30, 2018",0.318,0.07
Van Helsing,3,"Dec. 7, 2018",0.381,0.12
Van Helsing,3,"Dec. 14, 2018",0.337,0.06
Van Helsing,3,"Dec. 21, 2018",0.321,0.06
Van Helsing,3,"Dec. 28, 2018",0.383,0.08
Van Helsing,4,"Sept. 27, 2019",0.357,0.07
Van Helsing,4,"Oct. 4, 2019",0.302,0.11
Van Helsing,4,"Oct. 11, 2019",0.264,0.08
Van Helsing,4,"Oct. 18, 2019",0.295,0.08
Van Helsing,4,"Oct. 25, 2019",0.339,0.10
Van Helsing,4,"Nov. 1, 2019",0.349,0.10
Van Helsing,4,"Nov. 8, 2019",0.327,0.11
Van Helsing,4,"Nov. 15, 2019",0.324,0.09
Van Helsing,4,"Nov. 22, 2019",0.248,0.07
Van Helsing,4,"Nov. 29, 2019",0.227,0.05
Van Helsing,4,"Dec. 6, 2019",0.270,0.08
Van Helsing,4,"Dec. 13, 2019",0.211,0.05
Van Helsing,4,"Dec. 20, 2019",0.336,0.08
Lights Out,1,"Jan. 11, 2011",1.487,0.6/2
Lights Out,1,"Jan. 18, 2011",0.921,0.4/1
Lights Out,1,"Jan. 25, 2011",0.819,0.4/1
Lights Out,1,"Feb. 1, 2011",0.864,0.4/1
Lights Out,1,"Feb. 8, 2011",0.803,0.4/1
Lights Out,1,"Feb. 15, 2011",0.700,0.3/1
Lights Out,1,"Feb. 22, 2011",0.742,0.3/1
Lights Out,1,"Mar. 1, 2011",0.802,0.4/1
Lights Out,1,"Mar. 8, 2011",0.797,0.4/1
Lights Out,1,"Mar. 15, 2011",0.688,0.3/1
Lights Out,1,"Mar. 22, 2011",0.693,0.3/1
Lights Out,1,"Mar. 29, 2011",0.614,0.3/1
Lights Out,1,"Apr. 5, 2011",0.636,0.3/1
Carter,1,"Aug. 7, 2018",0.290,0.04
Carter,1,"Aug. 14, 2018",0.309,0.05
Carter,1,"Aug. 21, 2018",0.361,0.04
Carter,1,"Aug. 28, 2018",0.242,0.04
Carter,1,"Sept. 4, 2018",0.218,0.04
Carter,1,"Sept. 11, 2018",0.266,0.05
Carter,1,"Sept. 18, 2018",0.218,0.04
Carter,1,"Sept. 25, 2018",0.161,0.02
Carter,1,"Oct. 2, 2018",0.163,0.02
Carter,1,"Oct. 9, 2018",0.171,0.02
Carter,2,"Jan. 20, 2020",0.133,0.01
Carter,2,"Jan. 27, 2020",0.098,0.01
Carter,2,"Feb. 3, 2020",0.103,0.02
Carter,2,"Feb. 10, 2020",0.092,0.01
Carter,2,"Feb. 17, 2020",0.110,0.02
Carter,2,"Feb. 24, 2020",0.108,0.02
Carter,2,"Mar. 2, 2020",0.056,0.01
Carter,2,"Mar. 9, 2020",0.060,0.01
Carter,2,"Mar. 16, 2020",0.066,0.01
Carter,2,"Mar. 23, 2020",0.085,0.01
Awkward,1,"Jul. 19, 2011",1.717,0.8
Awkward,1,"Jul. 26, 2011",1.430,0.6
Awkward,1,"Aug. 2, 2011",1.617,0.8
Awkward,1,"Aug. 9, 2011",1.940,0.9
Awkward,1,"Aug. 16, 2011",1.877,0.9
Awkward,1,"Aug. 23, 2011",2.360,1.2
Awkward,1,"Aug. 30, 2011",1.986,1.0
Awkward,1,"Sept. 6, 2011",2.079,1.2
Awkward,1,"Sept. 13, 2011",2.281,1.3
Awkward,1,"Sept. 20, 2011",2.110,1.2
Awkward,1,"Sept. 27, 2011",2.240,1.2
Awkward,1,"Sept. 27, 2011",2.240,1.2
Awkward,2,"Jun. 28, 2012",2.154,0.9
Awkward,2,"Jul. 5, 2012",1.760,0.7
Awkward,2,"Jul. 12, 2012",1.715,0.8
Awkward,2,"Jul. 19, 2012",1.582,0.7
Awkward,2,"Jul. 26, 2012",1.787,0.8
Awkward,2,"Aug. 2, 2012",1.820,0.7
Awkward,2,"Aug. 9, 2012",1.815,0.8
Awkward,2,"Aug. 16, 2012",1.947,0.9
Awkward,2,"Aug. 23, 2012",2.189,1.0
Awkward,2,"Aug. 30, 2012",1.742,0.8
Awkward,2,"Sept. 13, 2012",1.782,1.0
Awkward,2,"Sept. 20, 2012",2.173,1.1
Awkward,3,"Apr. 16, 2013",2.137,0.9
Awkward,3,"Apr. 16, 2013",2.137,0.9
Awkward,3,"Apr. 23, 2013",1.343,0.6
Awkward,3,"Apr. 30, 2013",1.379,0.6
Awkward,3,"May 7, 2013",1.375,0.7
Awkward,3,"May 14, 2013",1.116,0.5
Awkward,3,"May 21, 2013",1.166,0.5
Awkward,3,"May 28, 2013",1.351,0.6
Awkward,3,"Jun. 4, 2013",0.994,0.5
Awkward,3,"Jun. 11, 2013",1.219,0.5
Awkward,3,"Oct. 22, 2013",1.561,0.82
Awkward,3,"Oct. 29, 2013",1.210,0.65
Awkward,3,"Nov. 5, 2013",1.019,0.55
Awkward,3,"Nov. 12, 2013",1.088,0.60
Awkward,3,"Nov. 19, 2013",1.058,0.51
Awkward,3,"Nov. 19, 2013",1.058,0.51
Awkward,3,"Nov. 26, 2013",1.053,0.60
Awkward,3,"Dec. 3, 2013",1.134,0.55
Awkward,3,"Dec. 10, 2013",1.031,0.47
Awkward,3,"Dec. 17, 2013",1.307,0.58
Awkward,4,"Apr. 15, 2014",1.629,0.83
Awkward,4,"Apr. 22, 2014",1.253,0.61
Awkward,4,"Apr. 29, 2014",1.022,0.51
Awkward,4,"May 6, 2014",1.213,0.51
Awkward,4,"May 13, 2014",1.079,0.53
Awkward,4,"May 20, 2014",1.045,0.46
Awkward,4,"May 27, 2014",1.191,0.56
Awkward,4,"Jun. 3, 2014",1.197,0.54
Awkward,4,"Jun. 10, 2014",1.046,0.47
Awkward,4,"Jun. 17, 2014",1.130,0.51
Awkward,4,"Jun. 17, 2014",1.220,0.54
Awkward,4,"Sept. 23, 2014",1.219,0.66
Awkward,4,"Sept. 30, 2014",1.253,0.64
Awkward,4,"Oct. 7, 2014",0.949,0.49
Awkward,4,"Oct. 14, 2014",0.927,0.46
Awkward,4,"Oct. 21, 2014",1.019,0.57
Awkward,4,"Oct. 28, 2014",0.824,0.43
Awkward,4,"Nov. 4, 2014",0.823,0.41
Awkward,4,"Nov. 11, 2014",1.268,0.51
Awkward,4,"Nov. 18, 2014",0.911,0.45
Awkward,4,"Nov. 25, 2014",1.038,0.50
Awkward,5,"Aug. 31, 2015",1.287,0.72
Awkward,5,"Sept. 7, 2015",0.682,0.30
Awkward,5,"Sept. 14, 2015",0.761,0.37
Awkward,5,"Sept. 21, 2015",0.532,0.28
Awkward,5,"Sept. 28, 2015",0.749,0.38
Awkward,5,"Oct. 5, 2015",0.577,0.32
Awkward,5,"Oct. 12, 2015",0.498,0.28
Awkward,5,"Oct. 19, 2015",0.707,0.37
Awkward,5,"Oct. 26, 2015",0.631,0.32
Awkward,5,"Nov. 2, 2015",0.810,0.41
Awkward,5,"Nov. 9, 2015",0.779,0.42
Awkward,5,"Nov. 9, 2015",0.737,0.40
Awkward,5,"Mar. 15, 2016",0.517,0.25
Awkward,5,"Mar. 22, 2016",0.576,0.31
Awkward,5,"Mar. 29, 2016",0.479,0.25
Awkward,5,"Apr. 5, 2016",0.523,0.28
Awkward,5,"Apr. 12, 2016",0.543,0.32
Awkward,5,"Apr. 19, 2016",0.590,0.34
Awkward,5,"Apr. 26, 2016",0.553,0.29
Awkward,5,"May 3, 2016",0.703,0.39
Awkward,5,"May 10, 2016",0.492,0.30
Awkward,5,"May 17, 2016",0.592,0.33
Awkward,5,"May 24, 2016",0.469,0.25
Awkward,5,"May 24, 2016",0.382,0.22
Rubicon,1,"Jun. 13, 2010",1.072,0.5/2
Rubicon,1,"Aug. 1, 2010",2.004,0.3/1
Rubicon,1,"Aug. 1, 2010",1.903,0.3/1
Rubicon,1,"Aug. 8, 2010",1.198,0.2/1
Rubicon,1,"Aug. 15, 2010",1.183,0.2/1
Rubicon,1,"Aug. 22, 2010",1.140,0.2/1
Rubicon,1,"Aug. 29, 2010",1.306,0.4/1
Rubicon,1,"Sept. 5, 2010",1.271,0.2/1
Rubicon,1,"Sept. 12, 2010",1.115,0.2/0
Rubicon,1,"Sept. 19, 2010",1.031,0.2/0
Rubicon,1,"Sept. 26, 2010",0.970,0.2/0
Rubicon,1,"Oct. 3, 2010",0.997,0.2/0
Rubicon,1,"Oct. 10, 2010",1.260,0.3/1
Rubicon,1,"Oct. 17, 2010",1.042,0.2/1
Covert Affairs,1,"Jul. 13, 2010",4.878,1.6
Covert Affairs,1,"Jul. 20, 2010",5.213,1.6
Covert Affairs,1,"Jul. 27, 2010",4.830,1.4
Covert Affairs,1,"Aug. 3, 2010",5.325,1.7
Covert Affairs,1,"Aug. 10, 2010",5.168,1.6
Covert Affairs,1,"Aug. 17, 2010",5.362,1.8
Covert Affairs,1,"Aug. 24, 2010",5.867,1.9
Covert Affairs,1,"Aug. 31, 2010",5.260,1.5
Covert Affairs,1,"Sept. 7, 2010",5.359,1.6
Covert Affairs,1,"Sept. 14, 2010",4.586,1.3
Covert Affairs,1,"Sept. 14, 2010",5.233,1.4
Covert Affairs,2,"Jun. 7, 2011",4.555,1.2
Covert Affairs,2,"Jun. 14, 2011",3.919,1.1
Covert Affairs,2,"Jun. 21, 2011",4.030,1.2
Covert Affairs,2,"Jun. 28, 2011",4.010,1.1
Covert Affairs,2,"Jul. 5, 2011",4.807,1.4
Covert Affairs,2,"Jul. 12, 2011",4.298,1.2
Covert Affairs,2,"Jul. 19, 2011",4.548,1.2
Covert Affairs,2,"Jul. 26, 2011",4.361,1.2
Covert Affairs,2,"Aug. 2, 2011",4.608,1.3
Covert Affairs,2,"Aug. 9, 2011",4.702,1.4
Covert Affairs,2,"Nov. 1, 2011",2.696,1.0
Covert Affairs,2,"Nov. 8, 2011",2.669,0.8
Covert Affairs,2,"Nov. 15, 2011",2.258,0.7
Covert Affairs,2,"Nov. 22, 2011",2.295,0.7
Covert Affairs,2,"Nov. 29, 2011",3.222,1.0
Covert Affairs,2,"Dec. 6, 2011",3.203,1.0
Covert Affairs,3,"Jul. 10, 2012",3.504,0.9
Covert Affairs,3,"Jul. 17, 2012",3.219,0.9
Covert Affairs,3,"Jul. 24, 2012",3.743,1.0
Covert Affairs,3,"Jul. 31, 2012",2.577,0.7
Covert Affairs,3,"Aug. 14, 2012",3.254,0.9
Covert Affairs,3,"Aug. 21, 2012",3.507,0.9
Covert Affairs,3,"Aug. 28, 2012",3.234,0.7
Covert Affairs,3,"Sept. 4, 2012",3.439,0.8
Covert Affairs,3,"Sept. 11, 2012",3.941,1.0
Covert Affairs,3,"Sept. 18, 2012",3.471,0.9
Covert Affairs,3,"Oct. 16, 2012",2.757,0.8
Covert Affairs,3,"Oct. 23, 2012",2.746,0.8
Covert Affairs,3,"Oct. 30, 2012",2.355,0.7
Covert Affairs,3,"Nov. 6, 2012",2.278,0.5
Covert Affairs,3,"Nov. 13, 2012",2.450,0.7
Covert Affairs,3,"Nov. 20, 2012",2.472,0.7
Covert Affairs,4,"Jul. 16, 2013",2.387,0.6
Covert Affairs,4,"Jul. 23, 2013",2.668,0.8
Covert Affairs,4,"Jul. 30, 2013",2.290,0.7
Covert Affairs,4,"Aug. 6, 2013",2.664,0.9
Covert Affairs,4,"Aug. 13, 2013",2.215,0.6
Covert Affairs,4,"Aug. 20, 2013",2.461,0.7
Covert Affairs,4,"Aug. 27, 2013",2.364,0.6
Covert Affairs,4,"Sept. 3, 2013",2.635,0.8
Covert Affairs,4,"Sept. 10, 2013",2.203,0.5
Covert Affairs,4,"Sept. 17, 2013",3.027,0.7
Covert Affairs,4,"Oct. 17, 2013",2.049,0.6
Covert Affairs,4,"Oct. 24, 2013",1.685,0.42
Covert Affairs,4,"Oct. 31, 2013",1.870,0.47
Covert Affairs,4,"Nov. 7, 2013",1.627,0.40
Covert Affairs,4,"Nov. 14, 2013",1.755,0.48
Covert Affairs,4,"Nov. 21, 2013",2.337,0.68
Covert Affairs,5,"Jun. 24, 2014",1.882,0.41
Covert Affairs,5,"Jul. 1, 2014",1.719,0.34
Covert Affairs,5,"Jul. 8, 2014",1.438,0.29
Covert Affairs,5,"Jul. 15, 2014",1.524,0.32
Covert Affairs,5,"Jul. 22, 2014",1.700,0.4
Covert Affairs,5,"Jul. 29, 2014",1.655,0.3
Covert Affairs,5,"Aug. 5, 2014",1.641,0.3
Covert Affairs,5,"Aug. 12, 2014",1.624,0.3
Covert Affairs,5,"Aug. 19, 2014",1.625,0.38
Covert Affairs,5,"Aug. 26, 2014",1.790,0.38
Covert Affairs,5,"Nov. 6, 2014",1.224,0.26
Covert Affairs,5,"Nov. 13, 2014",1.129,0.21
Covert Affairs,5,"Nov. 20, 2014",1.348,0.31
Covert Affairs,5,"Dec. 4, 2014",1.379,0.29
Covert Affairs,5,"Dec. 11, 2014",1.306,0.27
Covert Affairs,5,"Dec. 18, 2014",1.593,0.43
Major Crimes,1,"Aug. 13, 2012",7.184,1.2
Major Crimes,1,"Aug. 20, 2012",5.399,0.9
Major Crimes,1,"Aug. 27, 2012",5.738,1.0
Major Crimes,1,"Sept. 3, 2012",5.872,1.0
Major Crimes,1,"Sept. 10, 2012",4.964,0.9
Major Crimes,1,"Sept. 17, 2012",4.672,0.8
Major Crimes,1,"Sept. 24, 2012",4.302,0.8
Major Crimes,1,"Oct. 1, 2012",4.169,0.7
Major Crimes,1,"Oct. 8, 2012",4.333,0.7
Major Crimes,1,"Oct. 15, 2012",5.129,0.9
Major Crimes,2,"Jun. 10, 2013",5.019,0.9
Major Crimes,2,"Jun. 17, 2013",3.898,0.7
Major Crimes,2,"Jun. 24, 2013",4.547,0.8
Major Crimes,2,"Jul. 1, 2013",4.729,0.8
Major Crimes,2,"Jul. 8, 2013",4.617,0.8
Major Crimes,2,"Jul. 15, 2013",5.055,0.8
Major Crimes,2,"Jul. 22, 2013",5.380,0.9
Major Crimes,2,"Jul. 29, 2013",4.990,0.9
Major Crimes,2,"Aug. 5, 2013",5.120,0.7
Major Crimes,2,"Aug. 12, 2013",5.310,0.9
Major Crimes,2,"Aug. 19, 2013",5.291,0.8
Major Crimes,2,"Nov. 25, 2013",3.655,0.67
Major Crimes,2,"Dec. 2, 2013",4.212,0.67
Major Crimes,2,"Dec. 9, 2013",3.720,0.75
Major Crimes,2,"Dec. 16, 2013",4.361,0.66
Major Crimes,2,"Dec. 23, 2013",4.478,0.70
Major Crimes,2,"Dec. 30, 2013",5.217,0.80
Major Crimes,2,"Jan. 6, 2014",4.950,0.80
Major Crimes,2,"Jan. 13, 2014",5.430,0.83
Major Crimes,3,"Jun. 9, 2014",5.157,0.94
Major Crimes,3,"Jun. 16, 2014",4.635,0.74
Major Crimes,3,"Jun. 23, 2014",4.909,0.78
Major Crimes,3,"Jun. 30, 2014",5.064,0.77
Major Crimes,3,"Jul. 7, 2014",4.856,0.77
Major Crimes,3,"Jul. 14, 2014",5.254,0.91
Major Crimes,3,"Jul. 21, 2014",5.562,0.90
Major Crimes,3,"Jul. 28, 2014",5.846,1.00
Major Crimes,3,"Aug. 4, 2014",5.243,0.78
Major Crimes,3,"Aug. 11, 2014",5.730,0.84
Major Crimes,3,"Nov. 24, 2014",2.937,0.45
Major Crimes,3,"Dec. 1, 2014",4.019,0.61
Major Crimes,3,"Dec. 8, 2014",3.586,0.58
Major Crimes,3,"Dec. 15, 2014",3.533,0.58
Major Crimes,3,"Dec. 22, 2014",3.821,0.62
Major Crimes,3,"Dec. 29, 2014",4.430,0.73
Major Crimes,3,"Jan. 5, 2015",4.311,0.65
Major Crimes,3,"Jan. 12, 2015",3.735,0.55
Major Crimes,3,"Jan. 12, 2015",3.485,0.50
Major Crimes,4,"Jun. 8, 2015",3.988,0.53
Major Crimes,4,"Jun. 15, 2015",3.814,0.52
Major Crimes,4,"Jun. 22, 2015",4.237,0.58
Major Crimes,4,"Jun. 29, 2015",4.394,0.68
Major Crimes,4,"Jul. 6, 2015",4.021,0.52
Major Crimes,4,"Jul. 13, 2015",4.198,0.64
Major Crimes,4,"Jul. 20, 2015",4.310,0.65
Major Crimes,4,"Jul. 27, 2015",4.386,0.59
Major Crimes,4,"Aug. 3, 2015",4.574,0.72
Major Crimes,4,"Aug. 10, 2015",4.475,0.58
Major Crimes,4,"Nov. 2, 2015",2.223,0.41
Major Crimes,4,"Nov. 9, 2015",2.599,0.41
Major Crimes,4,"Nov. 16, 2015",2.545,0.32
Major Crimes,4,"Nov. 23, 2015",2.490,0.36
Major Crimes,4,"Nov. 30, 2015",3.689,0.51
Major Crimes,4,"Dec. 7, 2015",3.286,0.42
Major Crimes,4,"Dec. 14, 2015",2.999,0.44
Major Crimes,4,"Dec. 21, 2015",3.689,0.48
Major Crimes,4,"Feb. 15, 2016",3.084,0.43
Major Crimes,4,"Feb. 22, 2016",3.192,0.53
Major Crimes,4,"Feb. 29, 2016",2.943,0.39
Major Crimes,4,"Mar. 7, 2016",3.493,0.48
Major Crimes,4,"Mar. 14, 2016",3.411,0.48
Major Crimes,5,"Jun. 13, 2016",3.618,0.42
Major Crimes,5,"Jun. 20, 2016",3.656,0.46
Major Crimes,5,"Jun. 27, 2016",3.989,0.52
Major Crimes,5,"Jul. 11, 2016",3.917,0.47
Major Crimes,5,"Jul. 18, 2016",3.719,0.50
Major Crimes,5,"Jul. 25, 2016",3.646,0.46
Major Crimes,5,"Aug. 1, 2016",3.651,0.43
Major Crimes,5,"Aug. 15, 2016",3.180,0.39
Major Crimes,5,"Aug. 22, 2016",3.935,0.45
Major Crimes,5,"Aug. 29, 2016",3.981,0.46
Major Crimes,5,"Sept. 5, 2016",4.137,0.52
Major Crimes,5,"Sept. 12, 2016",3.289,0.35
Major Crimes,5,"Sept. 19, 2016",3.098,0.38
Major Crimes,5,"Feb. 22, 2017",1.929,0.23
Major Crimes,5,"Mar. 1, 2017",2.276,0.25
Major Crimes,5,"Mar. 8, 2017",2.478,0.29
Major Crimes,5,"Mar. 15, 2017",2.257,0.27
Major Crimes,5,"Mar. 22, 2017",2.369,0.25
Major Crimes,5,"Mar. 29, 2017",2.436,0.26
Major Crimes,5,"Apr. 5, 2017",2.429,0.25
Major Crimes,5,"Apr. 12, 2017",2.887,0.29
Major Crimes,6,"Oct. 31, 2017",1.748,0.21
Major Crimes,6,"Nov. 7, 2017",1.765,0.23
Major Crimes,6,"Nov. 14, 2017",1.738,0.23
Major Crimes,6,"Nov. 21, 2017",1.838,0.25
Major Crimes,6,"Nov. 28, 2017",2.365,0.26
Major Crimes,6,"Dec. 5, 2017",2.297,0.25
Major Crimes,6,"Dec. 12, 2017",1.746,0.20
Major Crimes,6,"Dec. 19, 2017",2.437,0.26
Major Crimes,6,"Dec. 19, 2017",2.330,0.26
Major Crimes,6,"Dec. 26, 2017",2.742,0.31
Major Crimes,6,"Dec. 26, 2017",2.439,0.27
Major Crimes,6,"Jan. 2, 2018",2.224,0.27
Major Crimes,6,"Jan. 9, 2018",2.253,0.30
In Plain Sight,1,"Jun. 1, 2008",5.253,1.3/4
In Plain Sight,1,"Jun. 8, 2008",4.389,1.3/4
In Plain Sight,1,"Jun. 15, 2008",4.073,1.3/4
In Plain Sight,1,"Jun. 22, 2008",4.674,1.4/4
In Plain Sight,1,"Jun. 29, 2008",4.460,1.4/4
In Plain Sight,1,"Jul. 6, 2008",4.584,1.4/4
In Plain Sight,1,"Jul. 13, 2008",5.087,1.7
In Plain Sight,1,"Jul. 20, 2008",4.688,1.4/4
In Plain Sight,1,"Jul. 27, 2008",4.174,1.3/4
In Plain Sight,1,"Aug. 3, 2008",4.223,1.2/4
In Plain Sight,1,"Aug. 10, 2008",4.177,1.3/3
In Plain Sight,1,"Aug. 17, 2008",3.780,1.1/3
In Plain Sight,2,"Apr. 19, 2009",5.113,1.7
In Plain Sight,2,"Apr. 26, 2009",3.969,1.2
In Plain Sight,2,"May 3, 2009",3.668,1.2
In Plain Sight,2,"May 10, 2009",3.60,1.1
In Plain Sight,2,"May 17, 2009",3.948,-
In Plain Sight,2,"May 31, 2009",4.039,-
In Plain Sight,2,"Jun. 7, 2009",3.73,1.1
In Plain Sight,2,"Jun. 14, 2009",4.271,1.2
In Plain Sight,2,"Jun. 21, 2009",3.720,1.1
In Plain Sight,2,"Jun. 28, 2009",3.81,1.1
In Plain Sight,2,"Jul. 12, 2009",3.915,1.2
In Plain Sight,2,"Jul. 19, 2009",3.920,1.1
In Plain Sight,2,"Jul. 26, 2009",4.613,1.2
In Plain Sight,2,"Aug. 2, 2009",3.876,1.0
In Plain Sight,2,"Aug. 9, 2009",4.436,1.2
In Plain Sight,3,"Mar. 31, 2010",3.818,0.9
In Plain Sight,3,"Apr. 7, 2010",3.337,0.9
In Plain Sight,3,"Apr. 14, 2010",3.149,0.8
In Plain Sight,3,"Apr. 21, 2010",3.414,0.7
In Plain Sight,3,"Apr. 28, 2010",3.267,0.8
In Plain Sight,3,"May 5, 2010",3.259,0.9
In Plain Sight,3,"May 12, 2010",2.812,0.6
In Plain Sight,3,"May 19, 2010",2.872,0.7
In Plain Sight,3,"Jun. 2, 2010",3.477,0.9
In Plain Sight,3,"Jun. 9, 2010",3.616,0.8
In Plain Sight,3,"Jun. 16, 2010",4.140,1.0
In Plain Sight,3,"Jun. 23, 2010",3.643,0.8
In Plain Sight,3,"Jun. 30, 2010",3.850,0.9
In Plain Sight,4,"May 1, 2011",3.867,1.0
In Plain Sight,4,"May 8, 2011",3.164,0.9
In Plain Sight,4,"May 15, 2011",3.177,0.9
In Plain Sight,4,"May 22, 2011",2.616,0.8
In Plain Sight,4,"Jun. 5, 2011",3.450,0.9
In Plain Sight,4,"Jun. 12, 2011",3.994,1.0
In Plain Sight,4,"Jun. 19, 2011",3.280,0.9
In Plain Sight,4,"Jun. 26, 2011",3.603,1.0
In Plain Sight,4,"Jul. 10, 2011",3.345,1.0
In Plain Sight,4,"Jul. 17, 2011",3.708,1.0
In Plain Sight,4,"Jul. 24, 2011",3.343,0.8
In Plain Sight,4,"Jul. 31, 2011",3.939,1.0
In Plain Sight,4,"Aug. 7, 2011",4.085,0.9
In Plain Sight,5,"Mar. 16, 2012",4.014,0.8
In Plain Sight,5,"Mar. 23, 2012",3.759,0.7
In Plain Sight,5,"Mar. 30, 2012",2.634,0.6
In Plain Sight,5,"Apr. 6, 2012",2.961,0.6
In Plain Sight,5,"Apr. 13, 2012",3.588,0.7
In Plain Sight,5,"Apr. 20, 2012",3.272,0.6
In Plain Sight,5,"Apr. 27, 2012",3.006,0.6
In Plain Sight,5,"May 4, 2012",3.200,0.7
Dead of Summer,1,"Jun. 28, 2016",0.628,0.23
Dead of Summer,1,"Jul. 5, 2016",0.488,0.20
Dead of Summer,1,"Jul. 12, 2016",0.478,0.22
Dead of Summer,1,"Jul. 19, 2016",0.457,0.22
Dead of Summer,1,"Jul. 26, 2016",0.349,0.16
Dead of Summer,1,"Aug. 2, 2016",0.530,0.23
Dead of Summer,1,"Aug. 9, 2016",0.412,0.17
Dead of Summer,1,"Aug. 16, 2016",0.478,0.20
Dead of Summer,1,"Aug. 23, 2016",0.358,0.14
Dead of Summer,1,"Aug. 30, 2016",0.410,0.18
Preacher,1,"May 22, 2016",2.380,0.90
Preacher,1,"Jun. 5, 2016",2.075,0.80
Preacher,1,"Jun. 12, 2016",1.754,0.68
Preacher,1,"Jun. 19, 2016",1.142,0.43
Preacher,1,"Jun. 26, 2016",1.425,0.49
Preacher,1,"Jul. 3, 2016",1.494,0.51
Preacher,1,"Jul. 10, 2016",1.547,0.55
Preacher,1,"Jul. 17, 2016",1.649,0.63
Preacher,1,"Jul. 24, 2016",1.565,0.61
Preacher,1,"Jul. 31, 2016",1.722,0.60
Preacher,2,"Jun. 25, 2017",1.693,0.58
Preacher,2,"Jun. 26, 2017",1.347,0.43
Preacher,2,"Jul. 3, 2017",1.111,0.37
Preacher,2,"Jul. 10, 2017",1.186,0.40
Preacher,2,"Jul. 17, 2017",1.269,0.42
Preacher,2,"Jul. 24, 2017",1.192,0.44
Preacher,2,"Jul. 31, 2017",1.248,0.47
Preacher,2,"Aug. 7, 2017",1.153,0.36
Preacher,2,"Aug. 14, 2017",0.992,0.36
Preacher,2,"Aug. 21, 2017",1.031,0.31
Preacher,2,"Aug. 28, 2017",0.898,0.32
Preacher,2,"Sept. 4, 2017",1.099,0.33
Preacher,2,"Sept. 11, 2017",0.972,0.35
Preacher,3,"Jun. 24, 2018",0.838,0.23
Preacher,3,"Jul. 1, 2018",0.763,0.19
Preacher,3,"Jul. 8, 2018",0.773,0.21
Preacher,3,"Jul. 15, 2018",0.750,0.21
Preacher,3,"Jul. 22, 2018",0.819,0.26
Preacher,3,"Jul. 29, 2018",0.781,0.22
Preacher,3,"Aug. 5, 2018",0.879,0.30
Preacher,3,"Aug. 12, 2018",0.937,0.28
Preacher,3,"Aug. 19, 2018",0.977,0.26
Preacher,3,"Aug. 26, 2018",1.017,0.29
Preacher,4,"Aug. 4, 2019",0.622,0.15
Preacher,4,"Aug. 4, 2019",0.622,0.15
Preacher,4,"Aug. 11, 2019",0.553,0.14
Preacher,4,"Aug. 18, 2019",0.544,0.14
Preacher,4,"Aug. 25, 2019",0.527,0.12
Preacher,4,"Sept. 1, 2019",0.453,0.08
Preacher,4,"Sept. 8, 2019",0.533,0.11
Preacher,4,"Sept. 15, 2019",0.450,0.08
Preacher,4,"Sept. 22, 2019",0.511,0.10
Preacher,4,"Sept. 29, 2019",0.506,0.12
Law & Order: Criminal Intent,1,"Sept. 30, 2001",12.80,4.5/10
Law & Order: Criminal Intent,1,"Oct. 7, 2001",11.27,3.5/8
Law & Order: Criminal Intent,1,"Oct. 14, 2001",14.499,5.1/11
Law & Order: Criminal Intent,1,"Oct. 17, 2001",19.319,6.8/18
Law & Order: Criminal Intent,1,"Oct. 21, 2001",13.058,4.5/10
Law & Order: Criminal Intent,1,"Oct. 28, 2001",12.62,4.6/10
Law & Order: Criminal Intent,1,"Nov. 11, 2001",11.77,4.2/9
Law & Order: Criminal Intent,1,"Nov. 18, 2001",12.83,4.5/10
Law & Order: Criminal Intent,1,"Nov. 25, 2001",14.042,4.6/10
Law & Order: Criminal Intent,1,"Dec. 9, 2001",10.81,3.5/8
Law & Order: Criminal Intent,1,"Jan. 6, 2002",12.285,4.2/9
Law & Order: Criminal Intent,1,"Jan. 13, 2002",13.31,4.4/10
Law & Order: Criminal Intent,1,"Jan. 27, 2002",12.971,4.4/9
Law & Order: Criminal Intent,1,"Mar. 3, 2002",11.61,3.7/8
Law & Order: Criminal Intent,1,"Mar. 10, 2002",8.64,2.6/5
Law & Order: Criminal Intent,1,"Mar. 17, 2002",11.932,3.8/9
Law & Order: Criminal Intent,1,"Mar. 31, 2002",11.67,3.9/9
Law & Order: Criminal Intent,1,"Apr. 14, 2002",10.34,3.5/9
Law & Order: Criminal Intent,1,"Apr. 21, 2002",11.451,3.9/9
Law & Order: Criminal Intent,1,"Apr. 28, 2002",13.442,4.4/10
Law & Order: Criminal Intent,1,"Apr. 28, 2002",15.341,5.4/13
Law & Order: Criminal Intent,1,"May 10, 2002",12.530,3.8/12
Law & Order: Criminal Intent,2,"Sept. 29, 2002",15.790,4.9/11
Law & Order: Criminal Intent,2,"Oct. 6, 2002",14.780,5.0/11
Law & Order: Criminal Intent,2,"Oct. 13, 2002",14.610,5.2/12
Law & Order: Criminal Intent,2,"Oct. 20, 2002",14.731,5.2/12
Law & Order: Criminal Intent,2,"Oct. 27, 2002",14.145,4.6/10
Law & Order: Criminal Intent,2,"Nov. 3, 2002",15.026,4.7/10
Law & Order: Criminal Intent,2,"Nov. 10, 2002",15.881,5.4/12
Law & Order: Criminal Intent,2,"Nov. 17, 2002",16.233,5.3/12
Law & Order: Criminal Intent,2,"Dec. 1, 2002",13.747,4.9/10
Law & Order: Criminal Intent,2,"Jan. 5, 2003",15.006,5.1/12
Law & Order: Criminal Intent,2,"Jan. 12, 2003",16.210,5.4/12
Law & Order: Criminal Intent,2,"Feb. 2, 2003",15.260,5.2/12
Law & Order: Criminal Intent,2,"Feb. 9, 2003",15.871,5.7/13
Law & Order: Criminal Intent,2,"Feb. 16, 2003",14.823,5.4/12
Law & Order: Criminal Intent,2,"Mar. 2, 2003",17.318,5.9/13
Law & Order: Criminal Intent,2,"Mar. 9, 2003",14.961,5.1/12
Law & Order: Criminal Intent,2,"Mar. 30, 2003",14.507,4.9/11
Law & Order: Criminal Intent,2,"Apr. 6, 2003",15.587,5.7/13
Law & Order: Criminal Intent,2,"Apr. 27, 2003",13.406,5.2
Law & Order: Criminal Intent,2,"May 4, 2003",14.292,5.1/12
Law & Order: Criminal Intent,2,"May 11, 2003",13.012,4.4/10
Law & Order: Criminal Intent,2,"May 18, 2003",14.459,4.9/12
Law & Order: Criminal Intent,2,"May 18, 2003",16.165,6.0/15
Law & Order: Criminal Intent,3,"Sept. 28, 2003",15.842,5.2/12
Law & Order: Criminal Intent,3,"Oct. 5, 2003",14.287,4.6/10
Law & Order: Criminal Intent,3,"Oct. 12, 2003",14.411,4.9/12
Law & Order: Criminal Intent,3,"Oct. 19, 2003",14.883,4.8/11
Law & Order: Criminal Intent,3,"Oct. 26, 2003",15.155,5.3/12
Law & Order: Criminal Intent,3,"Nov. 2, 2003",13.504,4.9/11
Law & Order: Criminal Intent,3,"Nov. 9, 2003",13.179,4.4/10
Law & Order: Criminal Intent,3,"Nov. 16, 2003",12.538,4.3/10
Law & Order: Criminal Intent,3,"Nov. 23, 2003",14.208,4.6/10
Law & Order: Criminal Intent,3,"Jan. 4, 2004",13.205,4.8/11
Law & Order: Criminal Intent,3,"Jan. 11, 2004",16.109,5.7/13
Law & Order: Criminal Intent,3,"Jan. 18, 2004",11.980,4.0/9
Law & Order: Criminal Intent,3,"Feb. 15, 2004",13.304,5.7/15
Law & Order: Criminal Intent,3,"Feb. 22, 2004",14.084,5.1/11
Law & Order: Criminal Intent,3,"Mar. 7, 2004",14.992,4.9/13
Law & Order: Criminal Intent,3,"Mar. 14, 2004",14.624,4.9/12
Law & Order: Criminal Intent,3,"Mar. 28, 2004",14.400,4.7/11
Law & Order: Criminal Intent,3,"Apr. 18, 2004",14.251,4.8/11
Law & Order: Criminal Intent,3,"May 9, 2004",11.643,3.5/8
Law & Order: Criminal Intent,3,"May 16, 2004",13.737,4.4/11
Law & Order: Criminal Intent,3,"May 23, 2004",13.036,4.3/10
Law & Order: Criminal Intent,4,"Sept. 26, 2004",12.67,4.4/10
Law & Order: Criminal Intent,4,"Oct. 3, 2004",11.00,3.5/8
Law & Order: Criminal Intent,4,"Oct. 10, 2004",12.81,4.5/11
Law & Order: Criminal Intent,4,"Oct. 17, 2004",11.92,4.2/9
Law & Order: Criminal Intent,4,"Oct. 24, 2004",12.40,3.9/8
Law & Order: Criminal Intent,4,"Oct. 31, 2004",11.51,3.8/9
Law & Order: Criminal Intent,4,"Nov. 7, 2004",11.53,4.2/9
Law & Order: Criminal Intent,4,"Nov. 14, 2004",15.157,4.9/11
Law & Order: Criminal Intent,4,"Nov. 21, 2004",13.47,4.6/10
Law & Order: Criminal Intent,4,"Jan. 2, 2005",14.85,4.8/11
Law & Order: Criminal Intent,4,"Jan. 9, 2005",13.226,4.0/8
Law & Order: Criminal Intent,4,"Jan. 30, 2005",14.263,4.8/11
Law & Order: Criminal Intent,4,"Feb. 13, 2005",13.534,3.9/8
Law & Order: Criminal Intent,4,"Feb. 20, 2005",9.04,2.6/6
Law & Order: Criminal Intent,4,"Mar. 13, 2005",15.715,5.4/12
Law & Order: Criminal Intent,4,"Mar. 20, 2005",12.352,4.3/10
Law & Order: Criminal Intent,4,"Mar. 27, 2005",10.70,3.7/9
Law & Order: Criminal Intent,4,"Apr. 3, 2005",12.981,3.8/9
Law & Order: Criminal Intent,4,"Apr. 10, 2005",10.938,3.6/8
Law & Order: Criminal Intent,4,"May 1, 2005",11.597,3.4/7
Law & Order: Criminal Intent,4,"May 8, 2005",11.54,3.5/8
Law & Order: Criminal Intent,4,"May 15, 2005",10.32,2.8/6
Law & Order: Criminal Intent,4,"May 25, 2005",14.981,5.0/12
Law & Order: Criminal Intent,5,"Sept. 25, 2005",10.72,3.1/7
Law & Order: Criminal Intent,5,"Oct. 2, 2005",12.351,3.4/8
Law & Order: Criminal Intent,5,"Oct. 9, 2005",12.887,3.9/8
Law & Order: Criminal Intent,5,"Oct. 16, 2005",11.53,3.2/7
Law & Order: Criminal Intent,5,"Oct. 23, 2005",10.45,3.0/7
Law & Order: Criminal Intent,5,"Nov. 6, 2005",14.277,4.1/9
Law & Order: Criminal Intent,5,"Nov. 27, 2005",10.95,3.2/7
Law & Order: Criminal Intent,5,"Dec. 4, 2005",11.85,3.4/7
Law & Order: Criminal Intent,5,"Jan. 8, 2006",10.79,3.0/7
Law & Order: Criminal Intent,5,"Jan. 15, 2006",10.82,3.6/8
Law & Order: Criminal Intent,5,"Jan. 22, 2006",10.52,3.1/6
Law & Order: Criminal Intent,5,"Mar. 12, 2006",12.27,4.8/13
Law & Order: Criminal Intent,5,"Mar. 19, 2006",11.38,3.3/7
Law & Order: Criminal Intent,5,"Mar. 26, 2006",9.22,2.7/6
Law & Order: Criminal Intent,5,"Apr. 9, 2006",10.00,2.6/6
Law & Order: Criminal Intent,5,"Apr. 16, 2006",11.91,3.4/8
Law & Order: Criminal Intent,5,"Apr. 23, 2006",11.13,3.2/7
Law & Order: Criminal Intent,5,"Apr. 30, 2006",9.69,3.3/7
Law & Order: Criminal Intent,5,"May 7, 2006",10.35,2.9/7
Law & Order: Criminal Intent,5,"May 14, 2006",11.92,3.6/8
Law & Order: Criminal Intent,6,"Sept. 19, 2006",11.57,4.0/10
Law & Order: Criminal Intent,6,"Sept. 26, 2006",10.61,3.5/9
Law & Order: Criminal Intent,6,"Oct. 3, 2006",12.18,4.2/11
Law & Order: Criminal Intent,6,"Oct. 10, 2006",11.47,3.7/9
Law & Order: Criminal Intent,6,"Oct. 17, 2006",10.99,3.8/9
Law & Order: Criminal Intent,6,"Oct. 31, 2006",8.468,2.6/7
Law & Order: Criminal Intent,6,"Nov. 7, 2006",7.394,2.5/6
Law & Order: Criminal Intent,6,"Nov. 14, 2006",9.14,3.1/8
Law & Order: Criminal Intent,6,"Nov. 21, 2006",9.263,2.3/6
Law & Order: Criminal Intent,6,"Nov. 28, 2006",9.759,3.1/8
Law & Order: Criminal Intent,6,"Jan. 2, 2007",13.375,4.1/10
Law & Order: Criminal Intent,6,"Jan. 9, 2007",11.781,3.4/9
Law & Order: Criminal Intent,6,"Feb. 6, 2007",8.81,2.7/6
Law & Order: Criminal Intent,6,"Feb. 13, 2007",8.497,2.9/7
Law & Order: Criminal Intent,6,"Feb. 20, 2007",9.388,2.6/6
Law & Order: Criminal Intent,6,"Feb. 27, 2007",9.264,2.8/7
Law & Order: Criminal Intent,6,"Mar. 27, 2007",8.85,2.7/7
Law & Order: Criminal Intent,6,"Apr. 3, 2007",7.14,2.3/6
Law & Order: Criminal Intent,6,"May 1, 2007",7.36,2.2/5
Law & Order: Criminal Intent,6,"May 8, 2007",6.94,2.0/5
Law & Order: Criminal Intent,6,"May 14, 2007",7.20,2.8/8
Law & Order: Criminal Intent,6,"May 21, 2007",8.85,3.0/8
Law & Order: Criminal Intent,7,"Oct. 4, 2007",3.755,1.3/4
Law & Order: Criminal Intent,7,"Oct. 11, 2007",3.41,-
Law & Order: Criminal Intent,7,"Oct. 18, 2007",4.543,1.6/4
Law & Order: Criminal Intent,7,"Oct. 25, 2007",3.616,1.3/3
Law & Order: Criminal Intent,7,"Nov. 1, 2007",3.586,1.2
Law & Order: Criminal Intent,7,"Nov. 8, 2007",3.3,-
Law & Order: Criminal Intent,7,"Nov. 15, 2007",3.1,-
Law & Order: Criminal Intent,7,"Nov. 29, 2007",3.850,1.4/4
Law & Order: Criminal Intent,7,"Dec. 6, 2007",4.578,1.7/4
Law & Order: Criminal Intent,7,"Dec. 13, 2007",4.335,1.5/4
Law & Order: Criminal Intent,7,"Jun. 8, 2008",4.529,1.3/4
Law & Order: Criminal Intent,7,"Jun. 15, 2008",3.355,1.1/3
Law & Order: Criminal Intent,7,"Jun. 22, 2008",4.690,1.6/4
Law & Order: Criminal Intent,7,"Jun. 29, 2008",4.049,1.1/3
Law & Order: Criminal Intent,7,"Jul. 6, 2008",4.882,1.5/4
Law & Order: Criminal Intent,7,"Jul. 13, 2008",4.899,1.5/4
Law & Order: Criminal Intent,7,"Jul. 20, 2008",4.384,1.5/4
Law & Order: Criminal Intent,7,"Jul. 27, 2008",4.321,1.3/3
Law & Order: Criminal Intent,7,"Aug. 3, 2008",4.926,1.4/4
Law & Order: Criminal Intent,7,"Aug. 10, 2008",4.164,1.1/3
Law & Order: Criminal Intent,7,"Aug. 17, 2008",4.644,1.3/3
Law & Order: Criminal Intent,7,"Aug. 24, 2008",5.150,1.6/4
Law & Order: Criminal Intent,8,"Apr. 19, 2009",4.578,1.5
Law & Order: Criminal Intent,8,"Apr. 26, 2009",4.100,1.3
Law & Order: Criminal Intent,8,"May 3, 2009",3.146,1.0
Law & Order: Criminal Intent,8,"May 10, 2009",3.142,1.0
Law & Order: Criminal Intent,8,"May 17, 2009",3.709,1.0
Law & Order: Criminal Intent,8,"May 31, 2009",3.970,1.0
Law & Order: Criminal Intent,8,"Jun. 7, 2009",4.012,1.2
Law & Order: Criminal Intent,8,"Jun. 14, 2009",4.141,1.2
Law & Order: Criminal Intent,8,"Jun. 21, 2009",3.436,1.0
Law & Order: Criminal Intent,8,"Jun. 28, 2009",3.656,0.9
Law & Order: Criminal Intent,8,"Jun. 28, 2009",3.908,1.0
Law & Order: Criminal Intent,8,"Jul. 12, 2009",3.473,0.9
Law & Order: Criminal Intent,8,"Jul. 19, 2009",4.148,1.2
Law & Order: Criminal Intent,8,"Jul. 26, 2009",4.633,1.2
Law & Order: Criminal Intent,8,"Aug. 2, 2009",4.235,1.2
Law & Order: Criminal Intent,8,"Aug. 9, 2009",4.826,1.1
Law & Order: Criminal Intent,9,"Mar. 30, 2010",3.559,1.1/3
Law & Order: Criminal Intent,9,"Apr. 6, 2010",3.469,0.9/3
Law & Order: Criminal Intent,9,"Apr. 13, 2010",3.219,0.9/3
Law & Order: Criminal Intent,9,"Apr. 20, 2010",3.537,0.9/3
Law & Order: Criminal Intent,9,"Apr. 27, 2010",2.823,0.9/2
Law & Order: Criminal Intent,9,"May 4, 2010",2.828,0.9/2
Law & Order: Criminal Intent,9,"May 11, 2010",3.026,1.0/3
Law & Order: Criminal Intent,9,"May 18, 2010",2.553,0.8/2
Law & Order: Criminal Intent,9,"May 25, 2010",2.860,1.0/3
Law & Order: Criminal Intent,9,"Jun. 1, 2010",3.075,0.8/2
Law & Order: Criminal Intent,9,"Jun. 8, 2010",2.972,0.8/2
Law & Order: Criminal Intent,9,"Jun. 15, 2010",3.331,0.9/3
Law & Order: Criminal Intent,9,"Jun. 22, 2010",2.737,0.8/3
Law & Order: Criminal Intent,9,"Jun. 29, 2010",2.791,0.7/2
Law & Order: Criminal Intent,9,"Jul. 6, 2010",2.989,0.8/2
Law & Order: Criminal Intent,10,"May 1, 2011",5.102,1.4/4
Law & Order: Criminal Intent,10,"May 8, 2011",3.683,0.9/2
Law & Order: Criminal Intent,10,"May 15, 2011",3.834,1.1/3
Law & Order: Criminal Intent,10,"May 22, 2011",3.333,1.1/3
Law & Order: Criminal Intent,10,"Jun. 5, 2011",3.909,1.0/3
Law & Order: Criminal Intent,10,"Jun. 12, 2011",3.586,1.0
Law & Order: Criminal Intent,10,"Jun. 19, 2011",3.269,0.9
Law & Order: Criminal Intent,10,"Jun. 26, 2011",3.751,0.9
The Secret Life of the American Teenager,1,"Jul. 1, 2008",2.82,0.9
The Secret Life of the American Teenager,1,"Jul. 8, 2008",2.81,0.9
The Secret Life of the American Teenager,1,"Jul. 15, 2008",2.48,0.8
The Secret Life of the American Teenager,1,"Jul. 22, 2008",3.09,1.1
The Secret Life of the American Teenager,1,"Jul. 29, 2008",3.58,1.2
The Secret Life of the American Teenager,1,"Aug. 5, 2008",4.092,1.4
The Secret Life of the American Teenager,1,"Aug. 12, 2008",3.704,1.3
The Secret Life of the American Teenager,1,"Aug. 19, 2008",3.909,1.3
The Secret Life of the American Teenager,1,"Aug. 26, 2008",3.649,1.3
The Secret Life of the American Teenager,1,"Sept. 2, 2008",3.55,1.3
The Secret Life of the American Teenager,1,"Sept. 9, 2008",4.537,1.8
The Secret Life of the American Teenager,1,"Jan. 5, 2009",4.375,1.4
The Secret Life of the American Teenager,1,"Jan. 12, 2009",3.141,1.1
The Secret Life of the American Teenager,1,"Jan. 19, 2009",3.911,1.3
The Secret Life of the American Teenager,1,"Jan. 26, 2009",3.104,1.1
The Secret Life of the American Teenager,1,"Feb. 2, 2009",3.058,1.0
The Secret Life of the American Teenager,1,"Feb. 9, 2009",3.507,1.2
The Secret Life of the American Teenager,1,"Feb. 16, 2009",3.514,1.3
The Secret Life of the American Teenager,1,"Feb. 23, 2009",3.270,1.1
The Secret Life of the American Teenager,1,"Mar. 2, 2009",3.329,1.1
The Secret Life of the American Teenager,1,"Mar. 9, 2009",3.357,1.2
The Secret Life of the American Teenager,1,"Mar. 16, 2009",3.117,1.0
The Secret Life of the American Teenager,1,"Mar. 23, 2009",4.493,1.5
The Secret Life of the American Teenager,2,"Jun. 22, 2009",4.679,1.6
The Secret Life of the American Teenager,2,"Jun. 29, 2009",3.278,1.1
The Secret Life of the American Teenager,2,"Jul. 6, 2009",2.851,1.1
The Secret Life of the American Teenager,2,"Jul. 13, 2009",3.132,1.2
The Secret Life of the American Teenager,2,"Jul. 20, 2009",3.022,1.0
The Secret Life of the American Teenager,2,"Jul. 27, 2009",3.097,1.1
The Secret Life of the American Teenager,2,"Aug. 3, 2009",3.556,1.3
The Secret Life of the American Teenager,2,"Aug. 10, 2009",2.757,1.1
The Secret Life of the American Teenager,2,"Aug. 17, 2009",3.304,1.3
The Secret Life of the American Teenager,2,"Aug. 24, 2009",3.208,1.2
The Secret Life of the American Teenager,2,"Aug. 31, 2009",3.106,1.2
The Secret Life of the American Teenager,2,"Sept. 7, 2009",3.557,1.4
The Secret Life of the American Teenager,2,"Jan. 4, 2010",4.549,1.6
The Secret Life of the American Teenager,2,"Jan. 11, 2010",3.105,1.2
The Secret Life of the American Teenager,2,"Jan. 18, 2010",2.967,1.0
The Secret Life of the American Teenager,2,"Jan. 25, 2010",3.233,1.2
The Secret Life of the American Teenager,2,"Feb. 1, 2010",2.889,1.1
The Secret Life of the American Teenager,2,"Feb. 8, 2010",2.985,1.0
The Secret Life of the American Teenager,2,"Feb. 15, 2010",3.179,1.1
The Secret Life of the American Teenager,2,"Feb. 22, 2010",3.030,1.1
The Secret Life of the American Teenager,2,"Mar. 1, 2010",3.136,1.1
The Secret Life of the American Teenager,2,"Mar. 8, 2010",3.213,1.1
The Secret Life of the American Teenager,2,"Mar. 15, 2010",2.793,1.1
The Secret Life of the American Teenager,2,"Mar. 22, 2010",3.173,1.1
The Secret Life of the American Teenager,3,"Jun. 7, 2010",3.183,1.3
The Secret Life of the American Teenager,3,"Jun. 14, 2010",2.847,1.1
The Secret Life of the American Teenager,3,"Jun. 21, 2010",2.772,1.2
The Secret Life of the American Teenager,3,"Jun. 28, 2010",2.999,1.2
The Secret Life of the American Teenager,3,"Jul. 5, 2010",2.989,1.2
The Secret Life of the American Teenager,3,"Jul. 12, 2010",3.091,1.2
The Secret Life of the American Teenager,3,"Jul. 19, 2010",3.043,1.3
The Secret Life of the American Teenager,3,"Jul. 26, 2010",2.559,1.1
The Secret Life of the American Teenager,3,"Aug. 2, 2010",2.706,1.1
The Secret Life of the American Teenager,3,"Aug. 9, 2010",2.647,1.1
The Secret Life of the American Teenager,3,"Aug. 16, 2010",2.826,1.1
The Secret Life of the American Teenager,3,"Aug. 23, 2010",2.678,1.1
The Secret Life of the American Teenager,3,"Aug. 30, 2010",2.910,1.3
The Secret Life of the American Teenager,3,"Sept. 6, 2010",3.034,1.3
The Secret Life of the American Teenager,3,"Mar. 28, 2011",3.332,1.3
The Secret Life of the American Teenager,3,"Apr. 4, 2011",2.497,1.0
The Secret Life of the American Teenager,3,"Apr. 11, 2011",2.291,0.8
The Secret Life of the American Teenager,3,"Apr. 18, 2011",2.348,0.8
The Secret Life of the American Teenager,3,"Apr. 25, 2011",2.205,0.9
The Secret Life of the American Teenager,3,"May 2, 2011",2.105,0.8
The Secret Life of the American Teenager,3,"May 9, 2011",2.050,0.8
The Secret Life of the American Teenager,3,"May 16, 2011",2.317,0.9
The Secret Life of the American Teenager,3,"May 23, 2011",2.221,0.9
The Secret Life of the American Teenager,3,"May 30, 2011",2.124,0.9
The Secret Life of the American Teenager,3,"Jun. 6, 2011",3.562,1.5
The Secret Life of the American Teenager,4,"Jun. 13, 2011",3.068,1.4
The Secret Life of the American Teenager,4,"Jun. 20, 2011",2.712,1.1
The Secret Life of the American Teenager,4,"Jun. 27, 2011",2.805,1.2
The Secret Life of the American Teenager,4,"Jul. 4, 2011",1.604,0.62
The Secret Life of the American Teenager,4,"Jul. 11, 2011",2.688,1.1
The Secret Life of the American Teenager,4,"Jul. 18, 2011",2.584,1.1
The Secret Life of the American Teenager,4,"Jul. 25, 2011",2.898,1.2
The Secret Life of the American Teenager,4,"Aug. 1, 2011",2.353,1.1
The Secret Life of the American Teenager,4,"Aug. 8, 2011",2.525,1.1
The Secret Life of the American Teenager,4,"Aug. 15, 2011",2.424,1.1
The Secret Life of the American Teenager,4,"Aug. 22, 2011",2.510,1.0
The Secret Life of the American Teenager,4,"Aug. 29, 2011",2.383,1.1
The Secret Life of the American Teenager,4,"Sept. 5, 2011",2.828,1.4
The Secret Life of the American Teenager,4,"Mar. 26, 2012",2.514,1.1
The Secret Life of the American Teenager,4,"Apr. 2, 2012",1.563,0.8
The Secret Life of the American Teenager,4,"Apr. 9, 2012",1.610,0.7
The Secret Life of the American Teenager,4,"Apr. 16, 2012",1.614,0.8
The Secret Life of the American Teenager,4,"Apr. 23, 2012",1.600,0.7
The Secret Life of the American Teenager,4,"Apr. 30, 2012",1.465,0.8
The Secret Life of the American Teenager,4,"May 7, 2012",1.506,0.7
The Secret Life of the American Teenager,4,"May 14, 2012",1.398,0.7
The Secret Life of the American Teenager,4,"May 21, 2012",1.163,0.5
The Secret Life of the American Teenager,4,"May 28, 2012",1.397,0.7
The Secret Life of the American Teenager,4,"Jun. 4, 2012",1.430,0.6
The Secret Life of the American Teenager,5,"Jun. 11, 2012",1.677,0.7
The Secret Life of the American Teenager,5,"Jun. 18, 2012",1.680,0.8
The Secret Life of the American Teenager,5,"Jun. 25, 2012",1.564,0.8
The Secret Life of the American Teenager,5,"Jul. 9, 2012",1.247,0.6
The Secret Life of the American Teenager,5,"Jul. 16, 2012",1.254,0.6
The Secret Life of the American Teenager,5,"Jul. 23, 2012",1.520,0.7
The Secret Life of the American Teenager,5,"Jul. 30, 2012",1.131,0.5
The Secret Life of the American Teenager,5,"Aug. 6, 2012",1.102,0.5
The Secret Life of the American Teenager,5,"Aug. 13, 2012",1.058,0.5
The Secret Life of the American Teenager,5,"Aug. 20, 2012",1.409,0.6
The Secret Life of the American Teenager,5,"Aug. 27, 2012",1.548,0.8
The Secret Life of the American Teenager,5,"Nov. 19, 2012",1.588,0.7
The Secret Life of the American Teenager,5,"Mar. 18, 2013",1.327,0.6
The Secret Life of the American Teenager,5,"Mar. 25, 2013",1.186,0.6
The Secret Life of the American Teenager,5,"Apr. 1, 2013",1.002,0.5
The Secret Life of the American Teenager,5,"Apr. 8, 2013",0.900,0.4
The Secret Life of the American Teenager,5,"Apr. 15, 2013",1.035,0.4
The Secret Life of the American Teenager,5,"Apr. 22, 2013",1.033,0.4
The Secret Life of the American Teenager,5,"Apr. 29, 2013",0.882,0.4
The Secret Life of the American Teenager,5,"May 6, 2013",0.886,0.4
The Secret Life of the American Teenager,5,"May 13, 2013",0.886,0.4
The Secret Life of the American Teenager,5,"May 20, 2013",0.988,0.5
The Secret Life of the American Teenager,5,"May 27, 2013",0.847,0.4
The Secret Life of the American Teenager,5,"Jun. 3, 2013",1.503,0.8
The Wire,1,"Jun. 2, 2002",3.663,2.3
The Wire,1,"Jun. 9, 2002",2.799,1.8
The Wire,1,"Jun. 16, 2002",2.633,1.7
The Wire,1,"Jun. 23, 2002",2.910,1.9
The Wire,1,"Jun. 30, 2002",2.965,1.9
The Wire,1,"Jul. 7, 2002",2.982,2.0
The Wire,1,"Jul. 21, 2002",4.124,2.4
The Wire,1,"Jul. 28, 2002",3.305,2.3
The Wire,1,"Aug. 4, 2002",3.418,2.3
The Wire,1,"Aug. 11, 2002",4.145,2.8
The Wire,1,"Aug. 18, 2002",3.431,2.3
The Wire,1,"Sept. 1, 2002",3.655,2.4
The Wire,1,"Sept. 8, 2002",3.770,2.5
The Wire,2,"Jun. 1, 2003",4.430,2.8
The Wire,2,"Jun. 8, 2003",3.492,2.2
The Wire,2,"Jun. 15, 2003",2.641,1.8
The Wire,2,"Jun. 22, 2003",4.332,2.9
The Wire,2,"Jun. 29, 2003",3.618,2.5
The Wire,2,"Jul. 6, 2003",4.109,2.8
The Wire,2,"Jul. 13, 2003",3.519,2.3
The Wire,2,"Jul. 27, 2003",3.643,2.6
The Wire,2,"Aug. 3, 2003",3.040,2.1
The Wire,2,"Aug. 10, 2003",3.506,2.4
The Wire,2,"Aug. 17, 2003",3.699,2.4
The Wire,2,"Aug. 24, 2003",4.483,3.0
The Wire,3,"Sept. 19, 2004",1.826,1.2
The Wire,3,"Sept. 26, 2004",1.247,1.0
The Wire,3,"Oct. 3, 2004",1.539,1.1
The Wire,3,"Oct. 10, 2004",1.447,1.0
The Wire,3,"Oct. 17, 2004",1.341,0.9
The Wire,3,"Oct. 31, 2004",1.423,0.9
The Wire,3,"Nov. 7, 2004",1.041,0.8
The Wire,3,"Nov. 14, 2004",1.471,1.0
The Wire,3,"Nov. 21, 2004",1.652,1.2
The Wire,3,"Nov. 28, 2004",1.667,1.1
The Wire,3,"Dec. 12, 2004",2.040,1.2
The Wire,3,"Dec. 19, 2004",1.333,0.9
The Wire,4,"Sept. 10, 2006",1.530,0.8
The Wire,4,"Sept. 17, 2006",1.764,0.9
The Wire,4,"Sept. 24, 2006",1.368,0.7
The Wire,4,"Oct. 1, 2006",1.510,0.8
The Wire,4,"Oct. 8, 2006",1.408,0.7
The Wire,4,"Oct. 15, 2006",1.430,0.7
The Wire,4,"Oct. 29, 2006",1.436,0.7
The Wire,4,"Nov. 5, 2006",1.226,0.7
The Wire,4,"Nov. 12, 2006",1.551,0.7
The Wire,4,"Nov. 19, 2006",1.666,0.9
The Wire,4,"Nov. 26, 2006",1.578,0.8
The Wire,4,"Dec. 3, 2006",1.451,0.7
The Wire,4,"Dec. 10, 2006",1.939,1.0
The Wire,5,"Jan. 6, 2008",1.234,0.6
The Wire,5,"Jan. 13, 2008",1.185,0.6
The Wire,5,"Jan. 20, 2008",0.846,0.5
The Wire,5,"Jan. 27, 2008",1.282,0.7
The Wire,5,"Feb. 3, 2008",0.534,0.3
The Wire,5,"Feb. 10, 2008",0.738,0.3
The Wire,5,"Feb. 17, 2008",0.570,0.3
The Wire,5,"Feb. 24, 2008",0.685,0.4
The Wire,5,"Mar. 2, 2008",0.706,0.3
The Wire,5,"Mar. 9, 2008",1.119,0.6
Big Love,1,"Mar. 12, 2006",4.563,2.2
Big Love,1,"Mar. 19, 2006",3.398,1.8
Big Love,1,"Mar. 26, 2006",3.732,1.7
Big Love,1,"Apr. 2, 2006",3.536,1.6
Big Love,1,"Apr. 9, 2006",4.197,2.0
Big Love,1,"Apr. 16, 2006",3.940,1.9
Big Love,1,"Apr. 23, 2006",4.248,2.0
Big Love,1,"Apr. 30, 2006",4.034,2.1
Big Love,1,"May 7, 2006",4.041,2.0
Big Love,1,"May 14, 2006",3.820,1.8
Big Love,1,"May 21, 2006",4.125,2.0
Big Love,1,"Jun. 4, 2006",4.455,2.1
Big Love,2,"Jun. 11, 2007",2.205,1.1/3
Big Love,2,"Jun. 18, 2007",1.527,0.8/2
Big Love,2,"Jun. 25, 2007",1.656,0.8/2
Big Love,2,"Jul. 2, 2007",1.627,0.8/2
Big Love,2,"Jul. 9, 2007",1.859,0.9/3
Big Love,2,"Jul. 16, 2007",1.326,0.9/3
Big Love,2,"Jul. 23, 2007",1.866,0.9/3
Big Love,2,"Jul. 30, 2007",2.020,1.0/3
Big Love,2,"Aug. 6, 2007",2.053,0.9
Big Love,2,"Aug. 13, 2007",2.060,1.0
Big Love,2,"Aug. 19, 2007",2.340,1.1/3
Big Love,2,"Aug. 26, 2007",2.882,1.4
Big Love,3,"Jan. 18, 2009",1.158,0.6
Big Love,3,"Jan. 25, 2009",1.443,0.7
Big Love,3,"Feb. 1, 2009",1.490,0.7
Big Love,3,"Feb. 8, 2009",1.907,0.9
Big Love,3,"Feb. 15, 2009",2.014,1.0
Big Love,3,"Feb. 22, 2009",1.875,0.9
Big Love,3,"Mar. 1, 2009",2.406,1.1
Big Love,3,"Mar. 8, 2009",1.983,0.9
Big Love,3,"Mar. 15, 2009",2.274,1.0
Big Love,3,"Mar. 22, 2009",2.725,1.3
Big Love,4,"Jan. 10, 2010",1.728,0.8/2
Big Love,4,"Jan. 17, 2010",1.540,0.8/2
Big Love,4,"Jan. 24, 2010",1.670,0.8/2
Big Love,4,"Jan. 31, 2010",1.520,0.7/2
Big Love,4,"Feb. 7, 2010",1.308,0.6/1
Big Love,4,"Feb. 14, 2010",1.501,0.6/2
Big Love,4,"Feb. 21, 2010",1.705,0.8/2
Big Love,4,"Feb. 28, 2010",1.923,0.9/2
Big Love,4,"Mar. 7, 2010",1.714,0.8/2
Big Love,5,"Jan. 16, 2011",1.209,0.5/1
Big Love,5,"Jan. 23, 2011",1.122,0.5/1
Big Love,5,"Jan. 30, 2011",1.033,0.4/1
Big Love,5,"Feb. 6, 2011",0.773,0.4/1
Big Love,5,"Feb. 13, 2011",0.992,0.4/1
Big Love,5,"Feb. 20, 2011",1.040,0.5/1
Big Love,5,"Feb. 27, 2011",1.053,0.5/1
Big Love,5,"Mar. 6, 2011",1.363,0.6/2
Big Love,5,"Mar. 13, 2011",1.373,0.6/2
Big Love,5,"Mar. 20, 2011",1.565,0.7/2
Breaking Bad,1,"Jan. 20, 2008",1.411,0.6
Breaking Bad,1,"Jan. 27, 2008",1.488,0.6
Breaking Bad,1,"Feb. 10, 2008",1.079,0.4
Breaking Bad,1,"Feb. 17, 2008",1.086,0.4
Breaking Bad,1,"Feb. 24, 2008",0.958,0.4
Breaking Bad,1,"Mar. 2, 2008",1.070,0.5
Breaking Bad,1,"Mar. 9, 2008",1.498,0.7
Breaking Bad,2,"Mar. 8, 2009",1.662,0.7
Breaking Bad,2,"Mar. 15, 2009",1.576,0.6
Breaking Bad,2,"Mar. 22, 2009",1.129,0.4
Breaking Bad,2,"Mar. 29, 2009",1.294,0.6
Breaking Bad,2,"Apr. 5, 2009",1.213,0.4
Breaking Bad,2,"Apr. 12, 2009",1.407,0.6
Breaking Bad,2,"Apr. 19, 2009",1.198,0.5
Breaking Bad,2,"Apr. 26, 2009",1.035,0.4
Breaking Bad,2,"May 3, 2009",1.271,0.5
Breaking Bad,2,"May 10, 2009",1.185,0.5
Breaking Bad,2,"May 17, 2009",1.288,0.6
Breaking Bad,2,"May 24, 2009",1.190,0.5
Breaking Bad,2,"May 31, 2009",1.466,0.5
Breaking Bad,3,"Mar. 21, 2010",1.954,0.9
Breaking Bad,3,"Mar. 28, 2010",1.545,0.7
Breaking Bad,3,"Apr. 4, 2010",1.327,0.6
Breaking Bad,3,"Apr. 11, 2010",1.463,0.6
Breaking Bad,3,"Apr. 18, 2010",1.613,0.7
Breaking Bad,3,"Apr. 25, 2010",1.642,0.7
Breaking Bad,3,"May 2, 2010",1.519,0.6
Breaking Bad,3,"May 9, 2010",1.780,0.7
Breaking Bad,3,"May 16, 2010",1.612,0.7
Breaking Bad,3,"May 23, 2010",1.202,0.5
Breaking Bad,3,"May 30, 2010",1.323,0.6
Breaking Bad,3,"Jun. 6, 2010",1.191,0.5
Breaking Bad,3,"Jun. 13, 2010",1.556,0.7
Breaking Bad,4,"Jul. 17, 2011",2.576,1.1
Breaking Bad,4,"Jul. 24, 2011",1.968,0.9
Breaking Bad,4,"Jul. 31, 2011",1.714,0.7
Breaking Bad,4,"Aug. 7, 2011",1.834,0.7
Breaking Bad,4,"Aug. 14, 2011",1.754,0.7
Breaking Bad,4,"Aug. 21, 2011",1.674,0.7
Breaking Bad,4,"Aug. 28, 2011",1.913,0.8
Breaking Bad,4,"Sept. 4, 2011",1.975,0.8
Breaking Bad,4,"Sept. 11, 2011",1.891,0.9
Breaking Bad,4,"Sept. 18, 2011",1.798,0.7
Breaking Bad,4,"Sept. 25, 2011",1.550,0.7
Breaking Bad,4,"Oct. 2, 2011",1.730,0.8
Breaking Bad,4,"Oct. 9, 2011",1.897,1.0
Breaking Bad,5,"Jul. 15, 2012",2.931,1.5
Breaking Bad,5,"Jul. 22, 2012",2.294,1.2
Breaking Bad,5,"Jul. 29, 2012",2.197,1.1
Breaking Bad,5,"Aug. 5, 2012",2.287,1.2
Breaking Bad,5,"Aug. 12, 2012",2.480,1.3
Breaking Bad,5,"Aug. 19, 2012",2.809,1.3
Breaking Bad,5,"Aug. 26, 2012",2.979,1.4
Breaking Bad,5,"Sept. 2, 2012",2.781,1.3
Breaking Bad,5,"Aug. 11, 2013",5.919,2.9
Breaking Bad,5,"Aug. 18, 2013",4.771,2.4
Breaking Bad,5,"Aug. 25, 2013",4.848,2.5
Breaking Bad,5,"Sept. 1, 2013",4.413,2.2
Breaking Bad,5,"Sept. 8, 2013",5.110,2.6
Breaking Bad,5,"Sept. 15, 2013",6.366,3.2
Breaking Bad,5,"Sept. 22, 2013",6.584,3.4
Breaking Bad,5,"Sept. 29, 2013",10.280,5.3
Shadowhunters,1,"Jan. 12, 2016",1.822,0.76
Shadowhunters,1,"Jan. 19, 2016",1.006,0.41
Shadowhunters,1,"Jan. 26, 2016",0.975,0.45
Shadowhunters,1,"Feb. 2, 2016",0.960,0.41
Shadowhunters,1,"Feb. 9, 2016",0.947,0.45
Shadowhunters,1,"Feb. 16, 2016",0.976,0.43
Shadowhunters,1,"Feb. 23, 2016",0.841,0.37
Shadowhunters,1,"Mar. 1, 2016",0.871,0.37
Shadowhunters,1,"Mar. 8, 2016",0.952,0.43
Shadowhunters,1,"Mar. 15, 2016",0.737,0.33
Shadowhunters,1,"Mar. 22, 2016",0.781,0.33
Shadowhunters,1,"Mar. 29, 2016",0.821,0.32
Shadowhunters,1,"Apr. 5, 2016",0.762,0.30
Shadowhunters,2,"Jan. 2, 2017",1.187,0.38
Shadowhunters,2,"Jan. 9, 2017",0.749,0.28
Shadowhunters,2,"Jan. 16, 2017",0.811,0.32
Shadowhunters,2,"Jan. 23, 2017",0.641,0.26
Shadowhunters,2,"Jan. 30, 2017",0.581,0.24
Shadowhunters,2,"Feb. 6, 2017",0.650,0.29
Shadowhunters,2,"Feb. 13, 2017",0.547,0.21
Shadowhunters,2,"Feb. 20, 2017",0.669,0.30
Shadowhunters,2,"Feb. 27, 2017",0.519,0.22
Shadowhunters,2,"Mar. 6, 2017",0.640,0.28
Shadowhunters,2,"Jun. 5, 2017",0.712,0.26
Shadowhunters,2,"Jun. 12, 2017",0.548,0.21
Shadowhunters,2,"Jun. 19, 2017",0.588,0.24
Shadowhunters,2,"Jun. 26, 2017",0.656,0.25
Shadowhunters,2,"Jul. 10, 2017",0.455,0.19
Shadowhunters,2,"Jul. 17, 2017",0.589,0.22
Shadowhunters,2,"Jul. 24, 2017",0.596,0.24
Shadowhunters,2,"Jul. 31, 2017",0.627,0.24
Shadowhunters,2,"Aug. 7, 2017",0.601,0.25
Shadowhunters,2,"Aug. 14, 2017",0.587,0.22
Shadowhunters,3,"Mar. 20, 2018",0.490,0.19
Shadowhunters,3,"Mar. 27, 2018",0.444,0.16
Shadowhunters,3,"Apr. 3, 2018",0.463,0.20
Shadowhunters,3,"Apr. 10, 2018",0.346,0.12
Shadowhunters,3,"Apr. 17, 2018",0.296,0.12
Shadowhunters,3,"Apr. 24, 2018",0.425,0.15
Shadowhunters,3,"May 1, 2018",0.419,0.17
Shadowhunters,3,"May 8, 2018",0.418,0.16
Shadowhunters,3,"May 15, 2018",0.365,0.14
Shadowhunters,3,"May 15, 2018",0.311,0.12
Shadowhunters,3,"Feb. 25, 2019",0.373,0.13
Shadowhunters,3,"Mar. 4, 2019",0.307,0.11
Shadowhunters,3,"Mar. 11, 2019",0.346,0.12
Shadowhunters,3,"Mar. 18, 2019",0.308,0.12
Shadowhunters,3,"Mar. 25, 2019",0.354,0.12
Shadowhunters,3,"Apr. 1, 2019",0.367,0.13
Shadowhunters,3,"Apr. 8, 2019",0.305,0.10
Shadowhunters,3,"Apr. 15, 2019",0.335,0.13
Shadowhunters,3,"Apr. 22, 2019",0.318,0.10
Shadowhunters,3,"Apr. 29, 2019",0.332,0.11
Shadowhunters,3,"May 6, 2019",0.305,0.09
Shadowhunters,3,"May 6, 2019",0.305,0.09
Bored to Death,1,"Sept. 20, 2009",1.034,0.5/1
Bored to Death,1,"Sept. 27, 2009",0.714,0.4/1
Bored to Death,1,"Oct. 4, 2009",1.079,0.5/1
Bored to Death,1,"Oct. 11, 2009",0.709,0.3/1
Bored to Death,1,"Oct. 18, 2009",0.661,0.3/1
Bored to Death,1,"Oct. 25, 2009",0.646,0.3/1
Bored to Death,1,"Nov. 1, 2009",0.721,0.4/1
Bored to Death,1,"Nov. 8, 2009",0.633,0.3/1
Bored to Death,2,"Sept. 26, 2010",1.051,0.5/1
Bored to Death,2,"Oct. 3, 2010",1.077,0.6/1
Bored to Death,2,"Oct. 10, 2010",0.859,0.4/1
Bored to Death,2,"Oct. 17, 2010",0.818,0.4/1
Bored to Death,2,"Oct. 24, 2010",1.006,0.5/1
Bored to Death,2,"Oct. 31, 2010",0.694,0.3/1
Bored to Death,2,"Nov. 7, 2010",1.096,0.4/1
Bored to Death,2,"Nov. 14, 2010",0.818,0.4/1
Bored to Death,3,"Oct. 10, 2011",0.240,0.1
Bored to Death,3,"Oct. 17, 2011",0.254,0.1
Bored to Death,3,"Oct. 24, 2011",0.303,0.1
Bored to Death,3,"Oct. 31, 2011",0.185,0.1
Bored to Death,3,"Nov. 7, 2011",0.153,0.1
Bored to Death,3,"Nov. 14, 2011",0.252,0.1
Bored to Death,3,"Nov. 21, 2011",0.184,0.1
Bored to Death,3,"Nov. 28, 2011",0.232,0.1
Hung,1,"Jun. 28, 2009",2.827,1.4
Hung,1,"Jul. 12, 2009",3.641,1.9
Hung,1,"Jul. 19, 2009",2.773,1.5
Hung,1,"Jul. 26, 2009",2.966,1.5
Hung,1,"Aug. 2, 2009",3.402,1.8
Hung,1,"Aug. 9, 2009",2.887,1.6
Hung,1,"Aug. 16, 2009",2.829,1.5
Hung,1,"Aug. 23, 2009",3.278,1.7
Hung,1,"Aug. 30, 2009",3.160,1.7
Hung,1,"Sept. 13, 2009",2.921,1.5
Hung,2,"Jun. 27, 2010",2.447,1.3
Hung,2,"Jul. 11, 2010",2.548,1.4
Hung,2,"Jul. 18, 2010",2.534,1.4
Hung,2,"Jul. 25, 2010",2.345,1.3
Hung,2,"Aug. 1, 2010",2.429,1.4
Hung,2,"Aug. 8, 2010",2.530,1.3
Hung,2,"Aug. 15, 2010",2.482,1.3
Hung,2,"Aug. 22, 2010",2.415,1.3
Hung,2,"Aug. 29, 2010",2.525,1.4
Hung,2,"Sept. 12, 2010",2.314,1.2
Hung,3,"Oct. 2, 2011",1.106,0.5
Hung,3,"Oct. 9, 2011",1.010,0.4
Hung,3,"Oct. 16, 2011",1.029,0.4
Hung,3,"Oct. 23, 2011",1.041,0.4
Hung,3,"Oct. 30, 2011",1.120,0.5
Hung,3,"Nov. 6, 2011",1.094,0.5
Hung,3,"Nov. 13, 2011",1.024,0.5
Hung,3,"Nov. 20, 2011",0.912,0.4
Hung,3,"Nov. 27, 2011",0.965,0.4
Hung,3,"Dec. 4, 2011",0.930,0.4
Claws,1,"May 25, 2017",1.094,0.45
Claws,1,"Jun. 11, 2017",1.183,0.44
Claws,1,"Jun. 18, 2017",1.200,0.42
Claws,1,"Jun. 25, 2017",1.074,0.39
Claws,1,"Jul. 2, 2017",1.242,0.46
Claws,1,"Jul. 9, 2017",1.187,0.41
Claws,1,"Jul. 16, 2017",1.253,0.47
Claws,1,"Jul. 23, 2017",1.265,0.45
Claws,1,"Juk. 30, 2017",1.589,0.56
Claws,1,"Aug. 6, 2017",1.339,0.51
Claws,1,"Aug. 13, 2017",1.573,0.56
Claws,2,"Jun. 10, 2018",1.320,0.51
Claws,2,"Jun. 17, 2018",1.143,0.45
Claws,2,"Jun. 24, 2018",1.137,0.39
Claws,2,"Jul. 1, 2018",1.248,0.44
Claws,2,"Jul. 8, 2018",1.314,0.49
Claws,2,"Jul. 15, 2018",1.350,0.44
Claws,2,"Jul. 22, 2018",1.297,0.45
Claws,2,"Jul. 29, 2018",1.296,0.42
Claws,2,"Aug. 5, 2018",1.281,0.44
Claws,2,"Aug. 12, 2018",1.484,0.53
Claws,3,"Jun. 9, 2019",1.051,0.37
Claws,3,"Jun. 16, 2019",0.826,0.30
Claws,3,"Jun. 23, 2019",0.619,0.22
Claws,3,"Jun. 30, 2019",0.805,0.28
Claws,3,"Jul. 7, 2019",0.736,0.27
Claws,3,"Jul. 14, 2019",0.807,0.28
Claws,3,"Jul. 21, 2019",0.892,0.30
Claws,3,"Jul. 28, 2019",0.729,0.25
Claws,3,"Aug. 4, 2019",0.771,0.28
Claws,3,"Aug. 11, 2019",0.918,0.31
Claws,3,"Jun. 9, 2019",0.524,0.18
Claws,3,"Jun. 16, 2019",0.431,0.12
Claws,3,"Jun. 23, 2019",0.419,0.13
Claws,3,"Jun. 30, 2019",0.347,0.12
Claws,3,"Jul. 7, 2019",0.385,0.12
Claws,3,"Jul. 14, 2019",0.497,0.19
Claws,3,"Jul. 21, 2019",0.449,0.12
Claws,3,"Jul. 28, 2019",0.368,0.09
Claws,3,"Aug. 4, 2019",0.457,0.12
Claws,3,"Aug. 11, 2019",0.437,0.14
Young & Hungry,1,"Jun. 25, 2014",1.088,0.50
Young & Hungry,1,"Jul. 2, 2014",0.769,0.35
Young & Hungry,1,"Jul. 9, 2014",0.908,0.39
Young & Hungry,1,"Jul. 16, 2014",0.900,0.38
Young & Hungry,1,"Jul. 23, 2014",0.769,0.37
Young & Hungry,1,"Jul. 30, 2014",0.933,0.43
Young & Hungry,1,"Aug. 6, 2014",0.847,0.41
Young & Hungry,1,"Aug. 13, 2014",0.889,0.33
Young & Hungry,1,"Aug. 20, 2014",0.853,0.39
Young & Hungry,1,"Aug. 27, 2014",1.022,0.48
Young & Hungry,2,"Mar. 25, 2015",0.767,0.36
Young & Hungry,2,"Apr. 1, 2015",0.731,0.34
Young & Hungry,2,"Apr. 8, 2015",0.758,0.41
Young & Hungry,2,"Apr. 15, 2015",0.681,0.34
Young & Hungry,2,"Apr. 22, 2015",0.769,0.43
Young & Hungry,2,"Apr. 29, 2015",0.597,0.29
Young & Hungry,2,"May 6, 2015",0.568,0.26
Young & Hungry,2,"May 13, 2015",0.591,0.33
Young & Hungry,2,"May 20, 2015",0.973,0.43
Young & Hungry,2,"May 27, 2015",0.926,0.48
Young & Hungry,2,"Aug. 19, 2015",0.851,0.42
Young & Hungry,2,"Aug. 26, 2015",0.596,0.31
Young & Hungry,2,"Sept. 2, 2015",0.708,0.37
Young & Hungry,2,"Sept. 9, 2015",0.763,0.41
Young & Hungry,2,"Sept. 16, 2015",0.604,0.28
Young & Hungry,2,"Sept. 23, 2015",0.805,0.33
Young & Hungry,2,"Sept. 23, 2015",0.678,0.28
Young & Hungry,2,"Sept. 30, 2015",0.778,0.36
Young & Hungry,2,"Oct. 14, 2015",0.629,0.28
Young & Hungry,2,"Oct. 14, 2015",0.546,0.27
Young & Hungry,2,"Nov. 24, 2015",0.550,0.27
Young & Hungry,3,"Feb. 3, 2016",0.648,0.30
Young & Hungry,3,"Feb. 10, 2016",0.530,0.26
Young & Hungry,3,"Feb. 17, 2016",0.569,0.27
Young & Hungry,3,"Feb. 24, 2016",0.623,0.31
Young & Hungry,3,"Mar. 2, 2016",0.440,0.21
Young & Hungry,3,"Mar. 9, 2016",0.529,0.25
Young & Hungry,3,"Mar. 16, 2016",0.518,0.26
Young & Hungry,3,"Mar. 23, 2016",0.450,0.21
Young & Hungry,3,"Mar. 30, 2016",0.485,0.23
Young & Hungry,3,"Apr. 6, 2016",0.538,0.27
Young & Hungry,4,"Jun. 1, 2016",0.534,0.25
Young & Hungry,4,"Jun. 8, 2016",0.558,0.27
Young & Hungry,4,"Jun. 15, 2016",0.645,0.31
Young & Hungry,4,"Jun. 22, 2016",0.632,0.30
Young & Hungry,4,"Jun. 29, 2016",0.515,0.27
Young & Hungry,4,"Jul. 6, 2016",0.564,0.25
Young & Hungry,4,"Jul. 13, 2016",0.569,0.27
Young & Hungry,4,"Jul. 20, 2016",0.438,0.23
Young & Hungry,4,"Jul. 27, 2016",0.511,0.25
Young & Hungry,4,"Aug. 3, 2016",0.529,0.26
Young & Hungry,5,"Mar. 13, 2017",0.485,0.23
Young & Hungry,5,"Mar. 20, 2017",0.356,0.18
Young & Hungry,5,"Mar. 27, 2017",0.432,0.22
Young & Hungry,5,"Apr. 3, 2017",0.427,0.19
Young & Hungry,5,"Apr. 10, 2017",0.366,0.17
Young & Hungry,5,"Apr. 24, 2017",0.328,0.14
Young & Hungry,5,"May 1, 2017",0.424,0.20
Young & Hungry,5,"May 8, 2017",0.418,0.20
Young & Hungry,5,"May 15, 2017",0.372,0.19
Young & Hungry,5,"May 22, 2017",0.547,0.25
Young & Hungry,5,"Jun. 20, 2018",0.333,0.18
Young & Hungry,5,"Jun. 20, 2018",0.308,0.16
Young & Hungry,5,"Jun. 27, 2018",0.322,0.17
Young & Hungry,5,"Jun. 27, 2018",0.293,0.16
Young & Hungry,5,"Jul. 11, 2018",0.311,0.15
Young & Hungry,5,"Jul. 11, 2018",0.311,0.14
Young & Hungry,5,"Jul. 18, 2018",0.220,0.08
Young & Hungry,5,"Jul. 18, 2018",0.205,0.08
Young & Hungry,5,"Jul. 25, 2018",0.300,0.14
Young & Hungry,5,"Jul. 25, 2018",0.290,0.14
Switched at Birth,1,"Jun. 6, 2011",3.304,1.3
Switched at Birth,1,"Jun. 13, 2011",2.923,1.2
Switched at Birth,1,"Jun. 20, 2011",2.766,1.0
Switched at Birth,1,"Jun. 27, 2011",2.797,1.2
Switched at Birth,1,"Jul. 4, 2011",1.683,0.7
Switched at Birth,1,"Jul. 11, 2011",2.630,0.9
Switched at Birth,1,"Jul. 18, 2011",2.692,1.0
Switched at Birth,1,"Jul. 25, 2011",3.144,1.3
Switched at Birth,1,"Aug. 1, 2011",2.790,1.2
Switched at Birth,1,"Aug. 8, 2011",2.837,1.3
Switched at Birth,1,"Jan. 3, 2012",2.739,1.0
Switched at Birth,1,"Jan. 10, 2012",2.070,0.9
Switched at Birth,1,"Jan. 17, 2012",1.992,0.7
Switched at Birth,1,"Jan. 24, 2012",1.897,0.8
Switched at Birth,1,"Jan. 31, 2012",1.932,0.8
Switched at Birth,1,"Feb. 7, 2012",1.817,0.7
Switched at Birth,1,"Feb. 14, 2012",1.457,0.6
Switched at Birth,1,"Feb. 21, 2012",1.791,0.8
Switched at Birth,1,"Feb. 28, 2012",1.513,0.7
Switched at Birth,1,"Mar. 6, 2012",1.481,0.7
Switched at Birth,1,"Mar. 13, 2012",1.703,0.8
Switched at Birth,1,"Mar. 20, 2012",1.710,0.8
Switched at Birth,1,"Sept. 3, 2012",2.248,0.9
Switched at Birth,1,"Sept. 10, 2012",1.666,0.8
Switched at Birth,1,"Sept. 17, 2012",1.587,0.7
Switched at Birth,1,"Sept. 24, 2012",1.408,0.6
Switched at Birth,1,"Oct. 1, 2012",1.443,0.6
Switched at Birth,1,"Oct. 8, 2012",1.556,0.7
Switched at Birth,1,"Oct. 15, 2012",1.446,0.6
Switched at Birth,1,"Oct. 22, 2012",1.783,0.8
Switched at Birth,2,"Jan. 7, 2013",1.697,0.7
Switched at Birth,2,"Jan. 14, 2013",1.651,0.7
Switched at Birth,2,"Jan. 21, 2013",1.744,0.7
Switched at Birth,2,"Jan. 28, 2013",1.763,0.8
Switched at Birth,2,"Feb. 4, 2013",1.794,0.8
Switched at Birth,2,"Feb. 11, 2013",1.650,0.7
Switched at Birth,2,"Feb. 18, 2013",1.519,0.6
Switched at Birth,2,"Feb. 25, 2013",1.692,0.8
Switched at Birth,2,"Mar. 4, 2013",1.627,0.7
Switched at Birth,2,"Mar. 11, 2013",1.752,0.8
Switched at Birth,2,"Jun. 10, 2013",1.661,0.7
Switched at Birth,2,"Jun. 17, 2013",1.623,0.7
Switched at Birth,2,"Jun. 24, 2013",1.760,0.7
Switched at Birth,2,"Jul. 1, 2013",1.611,0.7
Switched at Birth,2,"Jul. 8, 2013",2.016,0.9
Switched at Birth,2,"Jul. 15, 2013",1.751,0.8
Switched at Birth,2,"Jul. 22, 2013",1.764,0.8
Switched at Birth,2,"Jul. 29, 2013",1.758,0.7
Switched at Birth,2,"Aug. 5, 2013",1.687,0.7
Switched at Birth,2,"Aug. 12, 2013",1.599,0.7
Switched at Birth,2,"Aug. 19, 2013",1.963,0.8
Switched at Birth,3,"Jan. 13, 2014",1.756,0.74
Switched at Birth,3,"Jan. 20, 2014",1.565,0.68
Switched at Birth,3,"Jan. 27, 2014",1.554,0.63
Switched at Birth,3,"Feb. 3, 2014",1.625,0.65
Switched at Birth,3,"Feb. 10, 2014",1.706,0.77
Switched at Birth,3,"Feb. 17, 2014",1.704,0.71
Switched at Birth,3,"Feb. 24, 2014",1.637,0.66
Switched at Birth,3,"Mar. 3, 2014",1.611,0.67
Switched at Birth,3,"Mar. 10, 2014",1.390,0.60
Switched at Birth,3,"Mar. 17, 2014",1.189,0.53
Switched at Birth,3,"Mar. 24, 2014",1.300,0.58
Switched at Birth,3,"Jun. 16, 2014",1.173,0.43
Switched at Birth,3,"Jun. 23, 2014",1.411,0.66
Switched at Birth,3,"Jun. 30, 2014",1.146,0.53
Switched at Birth,3,"Jul. 7, 2014",1.326,0.62
Switched at Birth,3,"Jul. 14, 2014",1.558,0.63
Switched at Birth,3,"Jul. 21, 2014",1.359,0.58
Switched at Birth,3,"Jul. 28, 2014",1.125,0.43
Switched at Birth,3,"Aug. 4, 2014",1.290,0.57
Switched at Birth,3,"Aug. 11, 2014",1.057,0.47
Switched at Birth,3,"Aug. 18, 2014",1.294,0.54
Switched at Birth,3,"Dec. 8, 2014",1.399,0.56
Switched at Birth,4,"Jan. 6, 2015",1.294,0.57
Switched at Birth,4,"Jan. 13, 2015",1.153,0.48
Switched at Birth,4,"Jan. 20, 2015",1.205,0.53
Switched at Birth,4,"Jan. 27, 2015",1.297,0.58
Switched at Birth,4,"Feb. 3, 2015",1.238,0.54
Switched at Birth,4,"Feb. 10, 2015",1.340,0.62
Switched at Birth,4,"Feb. 17, 2015",1.246,0.48
Switched at Birth,4,"Feb. 24, 2015",0.953,0.40
Switched at Birth,4,"Mar. 3, 2015",0.958,0.34
Switched at Birth,4,"Mar. 10, 2015",1.062,0.41
Switched at Birth,4,"Aug. 24, 2015",0.979,0.35
Switched at Birth,4,"Aug. 31, 2015",0.871,0.36
Switched at Birth,4,"Sept. 7, 2015",0.986,0.42
Switched at Birth,4,"Sept. 14, 2015",1.004,0.47
Switched at Birth,4,"Sept. 21, 2015",0.701,0.27
Switched at Birth,4,"Sept. 28, 2015",0.746,0.34
Switched at Birth,4,"Oct. 5, 2015",0.739,0.36
Switched at Birth,4,"Oct. 12, 2015",0.751,0.34
Switched at Birth,4,"Oct. 19, 2015",0.952,0.43
Switched at Birth,4,"Oct. 26, 2015",0.836,0.37
Switched at Birth,5,"Jan. 31, 2017",0.598,0.24
Switched at Birth,5,"Feb. 7, 2017",0.536,0.22
Switched at Birth,5,"Feb. 14, 2017",0.516,0.20
Switched at Birth,5,"Feb. 21, 2017",0.521,0.24
Switched at Birth,5,"Feb. 28, 2017",0.508,0.21
Switched at Birth,5,"Mar. 7, 2017",0.435,0.18
Switched at Birth,5,"Mar. 21, 2017",0.502,0.22
Switched at Birth,5,"Mar. 28, 2017",0.474,0.22
Switched at Birth,5,"Apr. 4, 2017",0.432,0.20
Switched at Birth,5,"Apr. 11, 2017",0.490,0.19
Legit,1,"Jan. 17, 2013",0.650,0.4
Legit,1,"Jan. 24, 2013",0.626,0.4
Legit,1,"Jan. 31, 2013",0.710,0.4
Legit,1,"Feb. 7, 2013",0.429,0.2
Legit,1,"Feb. 14, 2013",0.554,0.3
Legit,1,"Feb. 21, 2013",0.840,0.5
Legit,1,"Feb. 28, 2013",0.554,0.4
Legit,1,"Mar. 7, 2013",0.653,0.4
Legit,1,"Mar. 14, 2013",0.499,0.3
Legit,1,"Mar. 21, 2013",0.757,0.4
Legit,1,"Mar. 28, 2013",0.584,0.4
Legit,1,"Apr. 4, 2013",0.527,0.3
Legit,1,"Apr. 11, 2013",0.621,0.4
Legit,2,"Feb. 26, 2014",0.256,0.15
Legit,2,"Mar. 5, 2014",0.136,0.07
Legit,2,"Mar. 12, 2014",0.114,0.07
Legit,2,"Mar. 19, 2014",0.166,0.09
Legit,2,"Mar. 26, 2014",0.155,0.10
Legit,2,"Apr. 2, 2014",0.217,0.12
Legit,2,"Apr. 9, 2014",0.166,0.08
Legit,2,"Apr. 16, 2014",0.121,0.07
Legit,2,"Apr. 23, 2014",0.153,0.07
Legit,2,"Apr. 30, 2014",0.151,0.08
Legit,2,"May 7, 2014",0.158,0.10
Legit,2,"May 14, 2014",0.089,0.03
Legit,2,"May 14, 2014",0.062,0.02
,1,101,3.76,0.6
,1,102,2.90,0.5
,1,103,2.65,0.4
,1,104,2.49,0.4
,1,105,2.55,0.4
,1,106,2.67,0.4
,1,107,2.52,0.4
,1,108,2.74,0.5
,1,109,2.69,0.4
,1,110,3.39,0.5
,1,"season
    1 average",2.84,0.45
,2,201,2.38,0.34
,2,202,2.09,0.28
,2,203,2.19,0.31
,2,204,2.15,0.32
,2,205,1.96,0.23
,2,206,2.00,0.33
,2,207,1.93,0.34
,2,208,2.19,0.32
,2,209,2.10,0.36
,2,210,2.02,0.32
,2,211,1.88,0.33
,2,212,1.83,0.28
,2,"season
    2 average",2.06,0.31
,3,301,1.38,0.28
,3,302,1.39,0.22
,3,303,1.34,0.29
,3,304,1.29,0.20
,3,305,1.47,0.27
,3,306,1.31,0.15
,3,307,1.10,0.17
,3,308,1.31,0.25
,3,309,1.50,0.22
,3,310,1.61,0.27
,3,"season
    3 average",1.37,0.23
Masters of Sex,1,"Sept. 29, 2013",0.998,0.37
Masters of Sex,1,"Oct. 6, 2013",1.090,0.37
Masters of Sex,1,"Oct. 13, 2013",1.042,0.40
Masters of Sex,1,"Oct. 20, 2013",1.012,0.3
Masters of Sex,1,"Oct. 27, 2013",1.009,0.3
Masters of Sex,1,"Nov. 3, 2013",0.933,0.3
Masters of Sex,1,"Nov. 10, 2013",1.095,0.35
Masters of Sex,1,"Nov. 17, 2013",1.050,0.43
Masters of Sex,1,"Nov. 24, 2013",1.128,0.41
Masters of Sex,1,"Dec. 1, 2013",1.076,0.42
Masters of Sex,1,"Dec. 8, 2013",1.234,0.47
Masters of Sex,1,"Dec. 15, 2013",1.207,0.38
Masters of Sex,2,"Jul. 13, 2014",0.825,0.32
Masters of Sex,2,"Jul. 20, 2014",0.716,0.23
Masters of Sex,2,"Jul. 27, 2014",0.837,0.26
Masters of Sex,2,"Aug. 3, 2014",0.706,0.24
Masters of Sex,2,"Aug. 10, 2014",0.971,0.30
Masters of Sex,2,"Aug. 17, 2014",0.793,0.25
Masters of Sex,2,"Aug. 24, 2014",0.840,0.28
Masters of Sex,2,"Aug. 31, 2014",0.726,0.17
Masters of Sex,2,"Sept. 7, 2014",0.760,0.24
Masters of Sex,2,"Sept. 14, 2014",0.804,0.30
Masters of Sex,2,"Sept. 21, 2014",0.714,0.22
Masters of Sex,2,"Sept. 28, 2014",0.889,0.28
Masters of Sex,3,"Jul. 12, 2015",0.583,0.13
Masters of Sex,3,"Jul. 19, 2015",0.535,0.09
Masters of Sex,3,"Jul. 26, 2015",0.509,0.16
Masters of Sex,3,"Aug. 2, 2015",0.585,0.16
Masters of Sex,3,"Aug. 9, 2015",0.552,0.15
Masters of Sex,3,"Aug. 16, 2015",0.734,0.17
Masters of Sex,3,"Aug. 23, 2015",0.643,0.10
Masters of Sex,3,"Aug. 30, 2015",0.688,0.13
Masters of Sex,3,"Sept. 6, 2015",0.562,0.13
Masters of Sex,3,"Sept. 13, 2015",0.601,0.12
Masters of Sex,3,"Sept. 20, 2015",0.548,0.13
Masters of Sex,3,"Sept. 27, 2015",0.605,0.14
Masters of Sex,4,"Sept. 11, 2016",0.518,0.13
Masters of Sex,4,"Sept. 18, 2016",0.420,0.09
Masters of Sex,4,"Sept. 25, 2016",0.422,0.09
Masters of Sex,4,"Oct. 2, 2016",0.525,0.15
Masters of Sex,4,"Oct. 9, 2016",0.341,0.11
Masters of Sex,4,"Oct. 16, 2016",0.506,0.14
Masters of Sex,4,"Oct. 23, 2016",0.486,0.12
Masters of Sex,4,"Oct. 30, 2016",0.393,0.08
Masters of Sex,4,"Nov. 6, 2016",0.463,0.13
Masters of Sex,4,"Nov. 13, 2016",0.457,0.12
Mad Men,1,"Jul. 19, 2007",1.645,0.4
Mad Men,1,"Jul. 26, 2007",1.049,0.2
Mad Men,1,"Aug. 2, 2007",1.086,0.4
Mad Men,1,"Aug. 9, 2007",0.873,0.2
Mad Men,1,"Aug. 16, 2007",0.753,0.3
Mad Men,1,"Aug. 23, 2007",0.879,0.3
Mad Men,1,"Aug. 30, 2007",1.019,0.2
Mad Men,1,"Sept. 6, 2007",0.853,0.2
Mad Men,1,"Sept. 13, 2007",0.841,0.2
Mad Men,1,"Sept. 27, 2007",0.606,0.2
Mad Men,1,"Oct. 4, 2007",0.679,0.2
Mad Men,1,"Oct. 11, 2007",0.798,0.3
Mad Men,1,"Oct. 18, 2007",0.926,0.3
Mad Men,2,"Jul. 27, 2008",2.059,0.8
Mad Men,2,"Aug. 3, 2008",1.326,0.5
Mad Men,2,"Aug. 10, 2008",1.255,0.5
Mad Men,2,"Aug. 17, 2008",1.073,0.4
Mad Men,2,"Aug. 24, 2008",1.473,0.5
Mad Men,2,"Aug. 31, 2008",1.456,0.5
Mad Men,2,"Sept. 7, 2008",1.671,0.6
Mad Men,2,"Sept. 14, 2008",1.870,0.7
Mad Men,2,"Sept. 28, 2008",1.642,0.6
Mad Men,2,"Oct. 5, 2008",1.281,0.4
Mad Men,2,"Oct. 12, 2008",1.489,0.5
Mad Men,2,"Oct. 19, 2008",1.357,0.5
Mad Men,2,"Oct. 26, 2008",1.748,0.5
Mad Men,3,"Aug. 16, 2009",2.769,0.9
Mad Men,3,"Aug. 23, 2009",1.910,0.7
Mad Men,3,"Aug. 30, 2009",1.608,0.6
Mad Men,3,"Sept. 6, 2009",1.512,0.5
Mad Men,3,"Sept. 13, 2009",1.752,0.6
Mad Men,3,"Sept. 20, 2009",1.573,0.6
Mad Men,3,"Sept. 27, 2009",1.729,0.6
Mad Men,3,"Oct. 4, 2009",1.909,0.7
Mad Men,3,"Oct. 11, 2009",1.529,0.6
Mad Men,3,"Oct. 18, 2009",1.608,0.5
Mad Men,3,"Oct. 25, 2009",1.723,0.6
Mad Men,3,"Nov. 1, 2009",1.776,0.7
Mad Men,3,"Nov. 8, 2009",2.323,0.8
Mad Men,4,"Jul. 25, 2010",2.918,0.9
Mad Men,4,"Aug. 1, 2010",2.473,0.8
Mad Men,4,"Aug. 8, 2010",2.220,0.8
Mad Men,4,"Aug. 15, 2010",2.049,0.7
Mad Men,4,"Aug. 22, 2010",2.188,0.7
Mad Men,4,"Aug. 29, 2010",2.039,0.8
Mad Men,4,"Sept. 5, 2010",2.167,0.6
Mad Men,4,"Sept. 12, 2010",2.312,0.7
Mad Men,4,"Sept. 19, 2010",2.295,0.7
Mad Men,4,"Sept. 26, 2010",2.116,0.7
Mad Men,4,"Oct. 3, 2010",2.064,0.6
Mad Men,4,"Oct. 10, 2010",2.229,0.7
Mad Men,4,"Oct. 17, 2010",2.440,0.8
Mad Men,5,"Mar. 25, 2012",3.535,1.2
Mad Men,5,"Apr. 1, 2012",2.937,1.0
Mad Men,5,"Apr. 8, 2012",2.754,1.0
Mad Men,5,"Apr. 15, 2012",2.691,1.0
Mad Men,5,"Apr. 22, 2012",2.662,0.9
Mad Men,5,"Apr. 29, 2012",2.308,0.7
Mad Men,5,"May 6, 2012",2.290,0.7
Mad Men,5,"May 13, 2012",2.125,0.7
Mad Men,5,"May 20, 2012",1.922,0.6
Mad Men,5,"May 27, 2012",2.067,0.6
Mad Men,5,"Jun. 3, 2012",2.414,0.8
Mad Men,5,"Jun. 10, 2012",2.701,0.9
Mad Men,6,"Apr. 7, 2013",3.366,1.1
Mad Men,6,"Apr. 14, 2013",2.662,1.0
Mad Men,6,"Apr. 21, 2013",2.403,0.9
Mad Men,6,"Apr. 28, 2013",2.379,0.8
Mad Men,6,"May 5, 2013",2.445,0.9
Mad Men,6,"May 12, 2013",2.356,0.8
Mad Men,6,"May 19, 2013",2.160,0.8
Mad Men,6,"May 26, 2013",1.882,0.6
Mad Men,6,"Jun. 2, 2013",2.448,0.8
Mad Men,6,"Jun. 9, 2013",2.168,0.8
Mad Men,6,"Jun. 16, 2013",2.059,0.7
Mad Men,6,"Jun. 23, 2013",2.689,0.9
Mad Men,7,"Apr. 13, 2014",2.268,0.81
Mad Men,7,"Apr. 20, 2014",1.891,0.59
Mad Men,7,"Apr. 27, 2014",2.024,0.73
Mad Men,7,"May 4, 2014",2.141,0.77
Mad Men,7,"May 11, 2014",1.856,0.65
Mad Men,7,"May 18, 2014",1.926,0.71
Mad Men,7,"May 25, 2014",1.936,0.67
Mad Men,7,"Apr. 5, 2015",2.266,0.80
Mad Men,7,"Apr. 12, 2015",1.974,0.73
Mad Men,7,"Apr. 19, 2015",1.865,0.65
Mad Men,7,"Apr. 26, 2015",1.768,0.61
Mad Men,7,"May 3, 2015",1.793,0.65
Mad Men,7,"May 10, 2015",1.866,0.64
Mad Men,7,"May 17, 2015",3.287,1.08
Man Seeking Woman,1,"Jan. 14, 2015",0.326,0.19
Man Seeking Woman,1,"Jan. 21, 2015",0.185,0.13
Man Seeking Woman,1,"Jan. 28, 2015",0.206,0.14
Man Seeking Woman,1,"Feb. 4, 2015",0.205,0.13
Man Seeking Woman,1,"Feb. 11, 2015",0.098,0.07
Man Seeking Woman,1,"Feb. 18, 2015",0.174,0.08
Man Seeking Woman,1,"Feb. 25, 2015",0.210,0.13
Man Seeking Woman,1,"Mar. 4, 2015",0.113,0.07
Man Seeking Woman,1,"Mar. 11, 2015",0.218,0.13
Man Seeking Woman,1,"Mar. 18, 2015",0.204,0.13
Man Seeking Woman,2,"Jan. 6, 2016",0.280,0.17
Man Seeking Woman,2,"Jan. 13, 2016",0.249,0.15
Man Seeking Woman,2,"Jan. 20, 2016",0.254,0.14
Man Seeking Woman,2,"Jan. 27, 2016",0.176,0.07
Man Seeking Woman,2,"Feb. 3, 2016",0.251,0.14
Man Seeking Woman,2,"Feb. 10, 2016",0.169,0.10
Man Seeking Woman,2,"Feb. 17, 2016",0.207,0.11
Man Seeking Woman,2,"Feb. 24, 2016",0.212,0.11
Man Seeking Woman,2,"Mar. 2, 2016",0.154,0.10
Man Seeking Woman,2,"Mar. 9, 2016",0.167,0.10
Man Seeking Woman,3,"Jan. 4, 2017",0.239,0.14
Man Seeking Woman,3,"Jan. 11, 2017",0.230,0.12
Man Seeking Woman,3,"Jan. 18, 2017",0.195,0.13
Man Seeking Woman,3,"Jan. 25, 2017",0.202,0.10
Man Seeking Woman,3,"Feb. 1, 2017",0.192,0.11
Man Seeking Woman,3,"Feb. 8, 2017",0.193,0.12
Man Seeking Woman,3,"Feb. 15, 2017",0.161,0.10
Man Seeking Woman,3,"Feb. 22, 2017",0.241,0.12
Man Seeking Woman,3,"Mar. 1, 2017",0.198,0.10
Man Seeking Woman,3,"Mar. 8, 2017",0.241,0.14
Wolf Creek,1,"Oct. 14, 2016",0.068,0.01
Wolf Creek,1,"Oct. 21, 2016",0.073,0.02
Wolf Creek,1,"Oct. 28, 2016",0.103,0.01
Wolf Creek,1,"Nov. 4, 2016",0.098,0.02
Wolf Creek,1,"Nov. 11, 2016",0.128,0.02
Wolf Creek,1,"Nov. 18, 2016",0.160,0.03
Black Monday,1,"Jan. 20, 2019",0.327,0.08
Black Monday,1,"Jan. 27, 2019",0.334,0.11
Black Monday,1,"Feb. 10, 2019",0.288,0.09
Black Monday,1,"Feb. 17, 2019",0.275,0.08
Black Monday,1,"Feb. 24, 2019",0.242,0.06
Black Monday,1,"Mar. 3, 2019",0.294,0.08
Black Monday,1,"Mar. 10, 2019",0.313,0.08
Black Monday,1,"Mar. 17, 2019",0.283,0.08
Black Monday,1,"Mar. 24, 2019",0.264,0.08
Black Monday,1,"Mar. 31, 2019",0.297,0.09
Black Monday,2,"Mar. 15, 2020",0.081,0.02
Black Monday,2,"Mar. 15, 2020",0.066,0.01
Black Monday,2,"Mar. 22, 2020",0.191,0.03
Black Monday,2,"Mar. 29, 2020",0.156,0.03
Black Monday,2,"Apr. 5, 2020",0.127,0.03
Black Monday,2,"Apr. 12, 2020",0.145,0.02
Black Monday,2,"Jun. 28, 2020",0.091,0.02
Black Monday,2,"Jul. 5, 2020",0.082,0.02
Black Monday,2,"Jul. 12, 2020",0.093,0.02
Black Monday,2,"Jul. 19, 2020",0.100,0.03
Black Monday,3,"May 23, 2021",0.129,0.02
Black Monday,3,"May 30, 2021",0.172,0.04
Black Monday,3,"Jun. 6, 2021",0.131,0.02
Black Monday,3,"Jun. 13, 2021",0.085,0.02
Black Monday,3,"Jun. 20, 2021",0.070,0.02
Black Monday,3,"Jun. 27, 2021",0.072,0.01
Black Monday,3,"Jul. 11, 2021",0.066,0.01
Black Monday,3,"Jul. 18, 2021",0.114,0.01
Black Monday,3,"Jul. 25, 2021",0.079,0.02
Black Monday,3,"Aug. 1, 2021",0.088,0.02
Survivor's Remorse,1,"Oct. 4, 2014",0.203,0.07
Survivor's Remorse,1,"Oct. 11, 2014",0.201,0.04
Survivor's Remorse,1,"Oct. 18, 2014",0.186,0.05
Survivor's Remorse,1,"Oct. 25, 2014",0.161,0.08
Survivor's Remorse,1,"Nov. 1, 2014",0.237,0.08
Survivor's Remorse,1,"Nov. 8, 2014",0.272,0.14
Survivor's Remorse,2,"Aug. 22, 2015",0.334,0.12
Survivor's Remorse,2,"Aug. 29, 2015",0.340,0.19
Survivor's Remorse,2,"Sept. 5, 2015",0.393,0.17
Survivor's Remorse,2,"Sept. 12, 2015",0.303,0.13
Survivor's Remorse,2,"Sept. 19, 2015",0.329,0.15
Survivor's Remorse,2,"Sept. 26, 2015",0.355,0.13
Survivor's Remorse,2,"Oct. 3, 2015",0.387,0.19
Survivor's Remorse,2,"Oct. 10, 2015",0.303,0.12
Survivor's Remorse,2,"Oct. 17, 2015",0.235,0.08
Survivor's Remorse,2,"Oct. 24, 2015",0.324,0.15
Survivor's Remorse,3,"Jul. 24, 2016",0.883,0.41
Survivor's Remorse,3,"Jul. 31, 2016",1.012,0.47
Survivor's Remorse,3,"Aug. 7, 2016",0.672,0.25
Survivor's Remorse,3,"Aug. 14, 2016",0.781,0.36
Survivor's Remorse,3,"Aug. 21, 2016",0.936,0.41
Survivor's Remorse,3,"Aug. 28, 2016",0.753,0.33
Survivor's Remorse,3,"Sept. 4, 2016",0.951,0.34
Survivor's Remorse,3,"Sept. 18, 2016",0.965,0.43
Survivor's Remorse,3,"Sept. 25, 2016",0.761,0.32
Survivor's Remorse,4,"Aug. 20, 2017",0.976,0.41
Survivor's Remorse,4,"Aug. 27, 2017",0.571,0.23
Survivor's Remorse,4,"Sept. 3, 2017",0.783,0.33
Survivor's Remorse,4,"Sept. 10, 2017",0.388,0.14
Survivor's Remorse,4,"Sept. 17, 2017",0.413,0.15
Survivor's Remorse,4,"Sept. 24, 2017",0.378,0.11
Survivor's Remorse,4,"Oct. 1, 2017",0.390,0.16
Survivor's Remorse,4,"Oct. 8, 2017",0.279,0.10
Survivor's Remorse,4,"Oct. 15, 2017",0.216,0.08
Survivor's Remorse,4,"Oct. 22, 2017",0.226,0.08
Snowfall,1,"Jul. 5, 2017",1.361,0.58
Snowfall,1,"Jul. 12, 2017",0.965,0.39
Snowfall,1,"Jul. 19, 2017",1.045,0.46
Snowfall,1,"Jul. 26, 2017",1.003,0.42
Snowfall,1,"Aug. 2, 2017",1.010,0.42
Snowfall,1,"Aug. 9, 2017",0.845,0.36
Snowfall,1,"Aug. 16, 2017",0.814,0.41
Snowfall,1,"Aug. 23, 2017",0.847,0.36
Snowfall,1,"Aug. 30, 2017",0.914,0.44
Snowfall,1,"Sept. 6, 2017",0.854,0.39
Snowfall,2,"Jul. 19, 2018",1.163,0.48
Snowfall,2,"Jul. 26, 2018",0.888,0.39
Snowfall,2,"Aug. 2, 2018",0.930,0.41
Snowfall,2,"Aug. 9, 2018",0.975,0.40
Snowfall,2,"Aug. 16, 2018",0.923,0.39
Snowfall,2,"Aug. 23, 2018",0.822,0.36
Snowfall,2,"Aug. 30, 2018",0.815,0.35
Snowfall,2,"Sept. 6, 2018",0.752,0.31
Snowfall,2,"Sept. 13, 2018",0.855,0.36
Snowfall,2,"Sept. 20, 2018",0.783,0.34
Snowfall,3,"Jul. 10, 2019",0.997,0.39
Snowfall,3,"Jul. 17, 2019",0.698,0.28
Snowfall,3,"Jul. 24, 2019",0.696,0.29
Snowfall,3,"Jul. 31, 2019",0.758,0.33
Snowfall,3,"Aug. 7, 2019",0.827,0.33
Snowfall,3,"Aug. 14, 2019",0.819,0.36
Snowfall,3,"Aug. 21, 2019",0.982,0.38
Snowfall,3,"Aug. 28, 2019",1.035,0.42
Snowfall,3,"Sept. 4, 2019",0.945,0.42
Snowfall,3,"Sept. 11, 2019",1.044,0.42
Memphis Beat,1,"Jun. 22, 2010",4.334,1.1/3
Memphis Beat,1,"Jun. 29, 2010",3.995,0.9/3
Memphis Beat,1,"Jul. 6, 2010",3.595,0.8/2
Memphis Beat,1,"Jul. 13, 2010",2.951,0.7/2
Memphis Beat,1,"Jul. 20, 2010",3.115,0.6/2
Memphis Beat,1,"Jul. 27, 2010",3.184,0.8/2
Memphis Beat,1,"Aug. 3, 2010",3.514,0.8/2
Memphis Beat,1,"Aug. 10, 2010",3.811,0.9/3
Memphis Beat,1,"Aug. 17, 2010",3.937,0.9/3
Memphis Beat,1,"Aug. 24, 2010",3.861,0.9/3
Memphis Beat,2,"Jun. 14, 2011",3.020,0.7
Memphis Beat,2,"Jun. 21, 2011",2.888,0.7
Memphis Beat,2,"Jun. 28, 2011",2.875,0.7
Memphis Beat,2,"Jul. 5, 2011",3.334,0.6
Memphis Beat,2,"Jul. 12, 2011",2.939,0.6
Memphis Beat,2,"Jul. 19, 2011",2.866,0.6
Memphis Beat,2,"Jul. 26, 2011",3.247,0.6
Memphis Beat,2,"Aug. 2, 2011",3.220,0.7
Memphis Beat,2,"Aug. 9, 2011",3.017,0.6
Memphis Beat,2,"Aug. 16, 2011",4.048,0.8
Penny Dreadful,1,"May 11, 2014",0.872,0.39
Penny Dreadful,1,"May 18, 2014",0.722,0.20
Penny Dreadful,1,"May 25, 2014",0.734,0.32
Penny Dreadful,1,"Jun. 1, 2014",0.730,0.32
Penny Dreadful,1,"Jun. 8, 2014",0.797,0.30
Penny Dreadful,1,"Jun. 15, 2014",0.681,0.29
Penny Dreadful,1,"Jun. 22, 2014",0.799,0.40
Penny Dreadful,1,"Jun. 29, 2014",0.856,0.33
Penny Dreadful,2,"May 3, 2015",0.575,0.21
Penny Dreadful,2,"May 10, 2015",0.536,0.22
Penny Dreadful,2,"May 17, 2015",0.639,0.26
Penny Dreadful,2,"May 24, 2015",0.640,0.24
Penny Dreadful,2,"May 31, 2015",0.712,0.30
Penny Dreadful,2,"Jun. 7, 2015",0.566,0.22
Penny Dreadful,2,"Jun. 14, 2015",0.572,0.19
Penny Dreadful,2,"Jun. 21, 2015",0.523,0.22
Penny Dreadful,2,"Jun. 28, 2015",0.604,0.20
Penny Dreadful,2,"Jul. 5, 2015",0.746,0.30
Penny Dreadful,3,"May 1, 2016",0.540,0.18
Penny Dreadful,3,"May 8, 2016",0.554,0.20
Penny Dreadful,3,"May 15, 2016",0.599,0.19
Penny Dreadful,3,"May 22, 2016",0.482,0.17
Penny Dreadful,3,"May 29, 2016",0.656,0.20
Penny Dreadful,3,"Jun. 5, 2016",0.722,0.23
Penny Dreadful,3,"Jun. 12, 2016",0.651,0.18
Penny Dreadful,3,"Jun. 19, 2016",0.448,0.13
Penny Dreadful,3,"Jun. 19, 2016",0.551,0.14
The Riches,1,"Mar. 12, 2007",3.841,1.9/5
The Riches,1,"Mar. 19, 2007",2.821,1.4/4
The Riches,1,"Mar. 26, 2007",1.985,1.0
The Riches,1,"Apr. 2, 2007",1.615,0.8
The Riches,1,"Apr. 9, 2007",1.612,0.8
The Riches,1,"Apr. 16, 2007",1.484,0.7
The Riches,1,"Apr. 23, 2007",1.628,0.9
The Riches,1,"Apr. 30, 2007",1.472,0.7
The Riches,1,"May 7, 2007",1.491,0.7/2
The Riches,1,"May 14, 2007",1.445,0.7
The Riches,1,"May 21, 2007",1.579,0.7
The Riches,1,"May 28, 2007",1.234,0.6
The Riches,1,"Jun. 4, 2007",1.780,0.8/2
The Riches,2,"Mar. 18, 2008",1.510,0.7/2
The Riches,2,"Mar. 25, 2008",1.088,0.5
The Riches,2,"Apr. 1, 2008",1.024,0.4/1
The Riches,2,"Apr. 8, 2008",1.086,0.5/1
The Riches,2,"Apr. 15, 2008",0.932,0.4/1
The Riches,2,"Apr. 22, 2008",0.712,0.4
The Riches,2,"Apr. 29, 2008",0.805,0.4
Cleverman,1,"Jun. 1, 2016",0.197,0.04
Cleverman,1,"Jun. 8, 2016",0.140,0.04
Cleverman,1,"Jun. 15, 2016",0.158,0.04
Cleverman,1,"Jun. 22, 2016",0.123,0.02
Cleverman,1,"Jun. 29, 2016",0.146,0.04
Cleverman,1,"Jul. 6, 2016",0.129,0.05
Cleverman,2,"Jun. 28, 2017",0.074,0.02
Cleverman,2,"Jul. 5, 2017",0.076,0.02
Cleverman,2,"Jul. 12, 2017",0.070,0.01
Cleverman,2,"Jul. 19, 2017",0.072,0.02
Cleverman,2,"Jul. 26, 2017",0.062,0.02
Cleverman,2,"Aug. 2, 2017",0.057,0.01
John Adams,1,"Mar. 16, 2008",2.518,0.6/2
John Adams,1,"Mar. 16, 2008",2.800,0.7/2
John Adams,1,"Mar. 23, 2008",2.102,0.6
John Adams,1,"Mar. 30, 2008",2.147,0.7
John Adams,1,"Apr. 6, 2008",1.619,0.5/1
John Adams,1,"Apr. 13, 2008",1.558,0.5/1
John Adams,1,"Apr. 20, 2008",1.582,0.5/1
Mob City,1,"Dec. 4, 2013",2.292,0.6
Mob City,1,"Dec. 11, 2013",1.389,0.4
Mob City,1,"Dec. 18, 2013",1.350,0.4
Hunted,1,"Oct. 19, 2012",0.245,0.08
Hunted,1,"Oct. 26, 2012",0.166,0.06
Hunted,1,"Nov. 2, 2012",0.181,0.04
Hunted,1,"Nov. 9, 2012",0.183,0.09
Hunted,1,"Nov. 16, 2012",0.100,0.03
Hunted,1,"Nov. 23, 2012",0.110,0.04
Hunted,1,"Nov. 30, 2012",0.229,0.05
Hunted,1,"Dec. 7, 2012",0.143,0.07
Dice,1,"Apr. 10, 2016",0.254,0.11
Dice,1,"Apr. 17, 2016",0.180,0.07
Dice,1,"Apr. 24, 2016",0.165,0.06
Dice,1,"May 1, 2016",0.171,0.05
Dice,1,"May 8, 2016",0.155,0.04
Dice,1,"May 15, 2016",0.220,0.07
Dice,2,"Aug. 20, 2017",0.177,0.03
Dice,2,"Aug. 27, 2017",0.135,0.03
Dice,2,"Sept. 10, 2017",0.183,0.04
Dice,2,"Sept. 17, 2017",0.105,0.01
Dice,2,"Sept. 24, 2017",0.170,0.04
Dice,2,"Oct. 1, 2017",0.137,0.03
Dice,2,"Oct. 8, 2017",0.115,0.03
You're the Worst,1,"Jul. 17, 2014",0.765,0.40
You're the Worst,1,"Jul. 24, 2014",0.610,0.29
You're the Worst,1,"Jul. 31, 2014",0.393,0.18
You're the Worst,1,"Aug. 7, 2014",0.565,0.36
You're the Worst,1,"Aug. 14, 2014",0.415,0.19
You're the Worst,1,"Aug. 21, 2014",0.555,0.31
You're the Worst,1,"Aug. 28, 2014",0.533,0.28
You're the Worst,1,"Sept. 4, 2014",0.472,0.29
You're the Worst,1,"Sept. 11, 2014",0.535,0.31
You're the Worst,1,"Sept. 18, 2014",0.552,0.31
You're the Worst,2,"Sept. 9, 2015",0.301,0.16
You're the Worst,2,"Sept. 16, 2015",0.267,0.15
You're the Worst,2,"Sept. 23, 2015",0.233,0.14
You're the Worst,2,"Sept. 30, 2015",0.294,0.15
You're the Worst,2,"Oct. 7, 2015",0.198,0.12
You're the Worst,2,"Oct. 14, 2015",0.132,0.08
You're the Worst,2,"Oct. 21, 2015",0.182,0.11
You're the Worst,2,"Oct. 28, 2015",0.240,0.15
You're the Worst,2,"Nov. 4, 2015",0.234,0.13
You're the Worst,2,"Nov. 11, 2015",0.185,0.12
You're the Worst,2,"Nov. 18, 2015",0.188,0.13
You're the Worst,2,"Dec. 2, 2015",0.175,0.09
You're the Worst,2,"Dec. 9, 2015",0.269,0.15
You're the Worst,3,"Aug. 31, 2016",0.347,0.17
You're the Worst,3,"Sept. 7, 2016",0.269,0.12
You're the Worst,3,"Sept. 14, 2016",0.350,0.14
You're the Worst,3,"Sept. 21, 2016",0.207,0.08
You're the Worst,3,"Sept. 28, 2016",0.196,0.09
You're the Worst,3,"Oct. 5, 2016",0.218,0.09
You're the Worst,3,"Oct. 12, 2016",0.244,0.10
You're the Worst,3,"Oct. 19, 2016",0.198,0.12
You're the Worst,3,"Oct. 26, 2016",0.176,0.10
You're the Worst,3,"Nov. 2, 2016",0.115,0.06
You're the Worst,3,"Nov. 9, 2016",0.181,0.10
You're the Worst,3,"Nov. 16, 2016",0.200,0.10
You're the Worst,3,"Nov. 16, 2016",0.137,0.07
You're the Worst,4,"Sept. 6, 2017",0.298,0.14
You're the Worst,4,"Sept. 6, 2017",0.246,0.12
You're the Worst,4,"Sept. 13, 2017",0.224,0.10
You're the Worst,4,"Sept. 20, 2017",0.261,0.14
You're the Worst,4,"Sept. 27, 2017",0.221,0.09
You're the Worst,4,"Oct. 4, 2017",0.256,0.10
You're the Worst,4,"Oct. 11, 2017",0.206,0.10
You're the Worst,4,"Oct. 18, 2017",0.311,0.14
You're the Worst,4,"Oct. 25, 2017",0.139,0.06
You're the Worst,4,"Nov. 1, 2017",0.204,0.11
You're the Worst,4,"Nov. 8, 2017",0.205,0.10
You're the Worst,4,"Nov. 15, 2017",0.282,0.14
You're the Worst,4,"Nov. 15, 2017",0.188,0.09
You're the Worst,5,"Jan. 9, 2019",0.265,0.08
You're the Worst,5,"Jan. 16, 2019",0.163,0.07
You're the Worst,5,"Jan. 23, 2019",0.199,0.08
You're the Worst,5,"Jan. 30, 2019",0.192,0.10
You're the Worst,5,"Feb. 6, 2019",0.142,0.07
You're the Worst,5,"Feb. 13, 2019",0.162,0.07
You're the Worst,5,"Feb. 20, 2019",0.186,0.08
You're the Worst,5,"Feb. 27, 2019",0.125,0.04
You're the Worst,5,"Mar. 6, 2019",0.197,0.09
You're the Worst,5,"Mar. 13, 2019",0.124,0.04
You're the Worst,5,"Mar. 20, 2019",0.178,0.07
You're the Worst,5,"Mar. 27, 2019",0.168,0.07
You're the Worst,5,"Apr. 3, 2019",0.160,0.07
Greek,1,"Jul. 9, 2007",1.064,0.4
Greek,1,"Jul. 16, 2007",1.155,0.4
Greek,1,"Jul. 23, 2007",1.014,0.3
Greek,1,"Jul. 30, 2007",1.083,0.4
Greek,1,"Aug. 6, 2007",0.946,0.3
Greek,1,"Aug. 13, 2007",1.360,0.5
Greek,1,"Aug. 20, 2007",1.103,0.4
Greek,1,"Aug. 27, 2007",0.955,0.3
Greek,1,"Sept. 3, 2007",1.071,0.5
Greek,1,"Sept. 10, 2007",1.383,0.6
Greek,1,"Mar. 24, 2008",1.420,0.7
Greek,1,"Mar. 31, 2008",1.053,0.4
Greek,1,"Apr. 7, 2008",1.194,0.5
Greek,1,"Apr. 14, 2008",1.104,0.5
Greek,1,"Apr. 21, 2008",0.949,0.4
Greek,1,"Apr. 28, 2008",0.987,0.4
Greek,1,"May 5, 2008",1.052,0.5
Greek,1,"May 12, 2008",0.871,0.3
Greek,1,"May 19, 2008",0.825,0.3
Greek,1,"May 26, 2008",0.883,0.4
Greek,1,"Jun. 2, 2008",0.794,0.4
Greek,1,"Jun. 9, 2008",1.298,0.5
Greek,2,"Aug. 26, 2008",1.554,0.6
Greek,2,"Sept. 2, 2008",1.386,0.6
Greek,2,"Sept. 9, 2008",1.289,0.6
Greek,2,"Sept. 16, 2008",0.970,0.4
Greek,2,"Sept. 23, 2008",0.760,0.4
Greek,2,"Sept. 30, 2008",1.105,0.5
Greek,2,"Oct. 7, 2008",1.022,0.5
Greek,2,"Oct. 14, 2008",0.891,0.4
Greek,2,"Oct. 21, 2008",1.045,0.5
Greek,2,"Oct. 28, 2008",1.040,0.5
Greek,2,"Mar. 30, 2009",0.991,0.4
Greek,2,"Apr. 6, 2009",0.834,0.3
Greek,2,"Apr. 13, 2009",0.775,0.3
Greek,2,"Apr. 20, 2009",0.714,0.3
Greek,2,"Apr. 27, 2009",0.647,0.2
Greek,2,"May 4, 2009",0.725,0.3
Greek,2,"May 11, 2009",0.748,0.3
Greek,2,"May 18, 2009",0.680,0.3
Greek,2,"May 25, 2009",0.711,0.3
Greek,2,"Jun. 1, 2009",0.633,0.2
Greek,2,"Jun. 8, 2009",0.665,0.3
Greek,2,"Jun. 15, 2009",0.745,0.3
Greek,3,"Aug. 31, 2009",1.211,0.5
Greek,3,"Sept. 7, 2009",1.313,0.6
Greek,3,"Sept. 14, 2009",0.772,0.3
Greek,3,"Sept. 21, 2009",0.766,0.4
Greek,3,"Sept. 28, 2009",0.740,0.4
Greek,3,"Oct. 5, 2009",0.718,0.3
Greek,3,"Oct. 12, 2009",0.658,0.3
Greek,3,"Oct. 19, 2009",0.682,0.3
Greek,3,"Oct. 26, 2009",0.773,0.4
Greek,3,"Nov. 2, 2009",0.660,0.3
Greek,3,"Jan. 25, 2010",1.033,0.5
Greek,3,"Feb. 1, 2010",1.069,0.5
Greek,3,"Feb. 8, 2010",0.976,0.5
Greek,3,"Feb. 15, 2010",0.958,0.4
Greek,3,"Feb. 22, 2010",0.872,0.4
Greek,3,"Mar. 1, 2010",0.937,0.4
Greek,3,"Mar. 8, 2010",1.031,0.4
Greek,3,"Mar. 15, 2010",0.820,0.4
Greek,3,"Mar. 22, 2010",0.821,0.4
Greek,3,"Mar. 29, 2010",0.705,0.3
Greek,4,"Jan. 3, 2011",1.206,0.5
Greek,4,"Jan. 10, 2011",1.070,0.4
Greek,4,"Jan. 17, 2011",0.915,0.4
Greek,4,"Jan. 24, 2011",0.899,0.4
Greek,4,"Jan. 31, 2011",0.909,0.4
Greek,4,"Feb. 7, 2011",1.148,0.5
Greek,4,"Feb. 14, 2011",0.745,0.3
Greek,4,"Feb. 21, 2011",0.853,0.4
Greek,4,"Feb. 28, 2011",0.889,0.5
Greek,4,"Mar. 7, 2011",0.923,0.4
Unreal,1,"Jun. 1, 2015",0.815,0.29
Unreal,1,"Jun. 8, 2015",0.707,0.26
Unreal,1,"Jun. 15, 2015",0.565,0.23
Unreal,1,"Jun. 22, 2015",0.552,0.22
Unreal,1,"Jun. 29, 2015",0.810,0.35
Unreal,1,"Jul. 6, 2015",0.739,0.32
Unreal,1,"Jul. 13, 2015",0.713,0.27
Unreal,1,"Jul. 20, 2015",0.731,0.27
Unreal,1,"Jul. 27, 2015",0.572,0.21
Unreal,1,"Aug. 3, 2015",0.790,0.30
Unreal,2,"Jun. 6, 2016",0.497,0.21
Unreal,2,"Jun. 13, 2016",0.520,0.23
Unreal,2,"Jun. 20, 2016",0.478,0.21
Unreal,2,"Jun. 27, 2016",0.534,0.23
Unreal,2,"Jul. 4, 2016",0.549,0.21
Unreal,2,"Jul. 11, 2016",0.568,0.21
Unreal,2,"Jul. 18, 2016",0.524,0.20
Unreal,2,"Jul. 25, 2016",0.485,0.20
Unreal,2,"Aug. 1, 2016",0.411,0.18
Unreal,2,"Aug. 8, 2016",0.481,0.18
Unreal,3,"Feb. 26, 2018",0.252,0.08
Unreal,3,"Mar. 5, 2018",0.260,0.09
Unreal,3,"Mar. 12, 2018",0.248,0.09
Unreal,3,"Mar. 19, 2018",0.283,0.10
Unreal,3,"Mar. 26, 2018",0.248,0.09
Unreal,3,"Apr. 2, 2018",0.245,0.07
Unreal,3,"Apr. 9, 2018",0.314,0.12
Unreal,3,"Apr. 16, 2018",0.369,0.12
Unreal,3,"Apr. 23, 2018",0.263,0.09
Unreal,3,"Apr. 23, 2018",0.218,0.07
Royal Pains,1,"Jun. 4, 2009",5.567,1.7
Royal Pains,1,"Jun. 11, 2009",5.590,1.8
Royal Pains,1,"Jun. 18, 2009",6.503,2.1
Royal Pains,1,"Jun. 25, 2009",5.943,-
Royal Pains,1,"Jul. 9, 2009",5.733,1.7
Royal Pains,1,"Jul. 16, 2009",6.230,1.9
Royal Pains,1,"Jul. 23, 2009",6.205,-
Royal Pains,1,"Jul. 30, 2009",6.381,2.0
Royal Pains,1,"Aug. 6, 2009",6.686,1.9
Royal Pains,1,"Aug. 13, 2009",5.562,1.5
Royal Pains,1,"Aug. 20, 2009",5.324,1.7
Royal Pains,1,"Aug. 27, 2009",5.880,1.7
Royal Pains,2,"Jun. 3, 2010",5.839,1.8
Royal Pains,2,"Jun. 10, 2010",5.599,1.8
Royal Pains,2,"Jun. 17, 2010",5.514,1.6
Royal Pains,2,"Jun. 24, 2010",5.295,1.6
Royal Pains,2,"Jul. 1, 2010",5.321,1.6
Royal Pains,2,"Jul. 15, 2010",5.196,1.6
Royal Pains,2,"Jul. 22, 2010",5.284,1.6
Royal Pains,2,"Jul. 29, 2010",5.066,1.5
Royal Pains,2,"Aug. 5, 2010",5.525,1.7
Royal Pains,2,"Aug. 12, 2010",5.386,1.6
Royal Pains,2,"Aug. 19, 2010",5.271,1.5
Royal Pains,2,"Aug. 26, 2010",6.075,1.8
Royal Pains,2,"Jan. 20, 2011",4.432,1.1
Royal Pains,2,"Jan. 27, 2011",4.342,1.2
Royal Pains,2,"Feb. 3, 2011",3.868,1.0
Royal Pains,2,"Feb. 10, 2011",3.863,1.1
Royal Pains,2,"Feb. 17, 2011",3.892,1.1
Royal Pains,2,"Feb. 24, 2011",4.054,1.1
Royal Pains,3,"Jun. 29, 2011",5.003,1.4
Royal Pains,3,"Jul. 6, 2011",5.018,1.6
Royal Pains,3,"Jul. 13, 2011",4.922,1.3
Royal Pains,3,"Jul. 20, 2011",5.029,1.4
Royal Pains,3,"Jul. 27, 2011",4.845,1.4
Royal Pains,3,"Aug. 3, 2011",5.462,1.7
Royal Pains,3,"Aug. 10, 2011",5.163,1.4
Royal Pains,3,"Aug. 17, 2011",5.435,1.6
Royal Pains,3,"Aug. 24, 2011",5.529,1.5
Royal Pains,3,"Aug. 31, 2011",5.404,1.3
Royal Pains,3,"Jan. 18, 2012",3.261,0.9
Royal Pains,3,"Jan. 25, 2012",3.371,1.0
Royal Pains,3,"Feb. 1, 2012",4.086,1.1
Royal Pains,3,"Feb. 8, 2012",3.211,0.9
Royal Pains,3,"Feb. 15, 2012",3.167,0.8
Royal Pains,3,"Feb. 22, 2012",3.157,0.8
Royal Pains,4,"Jun. 6, 2012",3.950,1.0
Royal Pains,4,"Jun. 13, 2012",4.136,1.1
Royal Pains,4,"Jun. 20, 2012",3.874,1.0
Royal Pains,4,"Jun. 27, 2012",4.177,1.1
Royal Pains,4,"Jul. 11, 2012",4.147,1.0
Royal Pains,4,"Jul. 18, 2012",4.252,1.1
Royal Pains,4,"Jul. 25, 2012",3.916,1.0
Royal Pains,4,"Aug. 1, 2012",2.963,0.8
Royal Pains,4,"Aug. 15, 2012",3.948,1.0
Royal Pains,4,"Aug. 22, 2012",3.913,1.1
Royal Pains,4,"Aug. 29, 2012",3.781,0.9
Royal Pains,4,"Sept. 5, 2012",3.592,1.0
Royal Pains,4,"Sept. 12, 2012",3.742,1.0
Royal Pains,4,"Sept. 19, 2012",4.232,1.0
Royal Pains,4,"Dec. 16, 2012",3.247,0.8
Royal Pains,5,"Jun. 12, 2013",3.682,0.7
Royal Pains,5,"Jun. 19, 2013",3.674,0.8
Royal Pains,5,"Jun. 26, 2013",3.548,0.8
Royal Pains,5,"Jul. 10, 2013",3.543,0.8
Royal Pains,5,"Jul. 17, 2013",3.815,0.9
Royal Pains,5,"Jul. 24, 2013",3.575,0.8
Royal Pains,5,"Jul. 31, 2013",3.540,0.9
Royal Pains,5,"Aug. 7, 2013",3.601,0.8
Royal Pains,5,"Aug. 14, 2013",3.206,0.7
Royal Pains,5,"Aug. 21, 2013",3.182,0.7
Royal Pains,5,"Aug. 28, 2013",3.271,0.8
Royal Pains,5,"Sept. 4, 2013",3.619,0.9
Royal Pains,5,"Sept. 11, 2013",3.748,0.8
Royal Pains,6,"Jun. 10, 2014",2.376,0.62
Royal Pains,6,"Jun. 17, 2014",1.902,0.54
Royal Pains,6,"Jun. 24, 2014",2.303,0.53
Royal Pains,6,"Jul. 1, 2014",2.114,0.59
Royal Pains,6,"Jul. 8, 2014",2.041,0.52
Royal Pains,6,"Jul. 15, 2014",1.778,0.45
Royal Pains,6,"Jul. 22, 2014",2.073,0.5
Royal Pains,6,"Jul. 29, 2014",1.938,0.5
Royal Pains,6,"Aug. 5, 2014",2.019,0.6
Royal Pains,6,"Aug. 12, 2014",1.990,0.48
Royal Pains,6,"Aug. 19, 2014",1.969,0.43
Royal Pains,6,"Aug. 26, 2014",1.916,0.46
Royal Pains,6,"Sept. 2, 2014",1.776,0.55
Royal Pains,7,"Jun. 2, 2015",1.672,0.41
Royal Pains,7,"Jun. 9, 2015",1.456,0.35
Royal Pains,7,"Jun. 16, 2015",1.454,0.37
Royal Pains,7,"Jun. 23, 2015",1.329,0.33
Royal Pains,7,"Jun. 30, 2015",1.348,0.28
Royal Pains,7,"Jul. 7, 2015",1.448,0.37
Royal Pains,7,"Jul. 14, 2015",1.335,0.31
Royal Pains,7,"Jul. 21, 2015",1.569,0.37
Royal Pains,8,18-May-16,1.333,0.23
Royal Pains,8,25-May-16,1.236,0.24
Royal Pains,8,"Jun. 1, 2016",1.260,0.31
Royal Pains,8,"Jun. 8, 2016",1.246,0.28
Royal Pains,8,"Jun. 15, 2016",1.431,0.28
Royal Pains,8,"Jun. 22, 2016",1.428,0.34
Royal Pains,8,"Jun. 29, 2016",1.341,0.27
Royal Pains,8,"Jul. 6, 2016",1.804,0.31
,1,101,2.122,0.53
,1,102,1.872,0.61
,1,103,1.399,0.36
,1,104,1.297,0.35
,1,105,1.235,0.33
,1,106,0.965,0.27
,1,107,1.086,0.28
,1,108,1.391,0.33
,1,109,1.169,0.30
,1,110,1.609,0.38
,1,"season
    1 average",1.42,0.4
,2,201/202,0.827,0.20
,2,203,0.865,0.22
,2,204,0.591,0.13
,2,205,0.631,0.22
,2,206,0.741,0.21
,2,207,0.760,0.23
,2,208,0.723,0.24
,2,209,0.883,0.23
,2,210,0.933,0.33
,2,"season
    2 average",0.778,0.22
,3,301,0.471,0.13
,3,302,0.458,0.13
,3,303,0.580,0.14
,3,304,0.504,0.13
,3,305,0.603,0.15
,3,306,0.591,0.13
,3,307,0.599,0.15
,3,308,0.572,0.11
,3,309,0.614,0.17
,3,310,0.665,0.19
,3,"season
    3 average",0.566,0.14
,4,401,0.664,0.15
,4,402,0.541,0.10
,4,403,0.651,0.12
,4,404,0.676,0.15
,4,405,0.637,0.10
,4,406,0.603,0.11
,4,407,0.545,0.12
,4,408,0.597,0.13
,4,409,0.643,0.12
,4,410,0.746,0.15
,4,"season
    4 average",0.630,0.13
The Affair,1,"Oct. 12, 2014",0.507,0.14
The Affair,1,"Oct. 19, 2014",0.512,0.15
The Affair,1,"Oct. 26, 2014",0.599,0.19
The Affair,1,"Nov. 2, 2014",0.692,0.18
The Affair,1,"Nov. 9, 2014",0.673,0.18
The Affair,1,"Nov. 16, 2014",0.778,0.18
The Affair,1,"Nov. 23, 2014",0.877,0.23
The Affair,1,"Dec. 7, 2014",0.759,0.20
The Affair,1,"Dec. 14, 2014",0.837,0.21
The Affair,1,"Dec. 21, 2014",0.951,0.25
The Affair,2,"Oct. 4, 2015",0.815,0.18
The Affair,2,"Oct. 11, 2015",0.547,0.15
The Affair,2,"Oct. 18, 2015",0.648,0.18
The Affair,2,"Oct. 25, 2015",0.869,0.23
The Affair,2,"Nov. 1, 2015",0.859,0.27
The Affair,2,"Nov. 8, 2015",0.891,0.29
The Affair,2,"Nov. 15, 2015",0.787,0.20
The Affair,2,"Nov. 22, 2015",0.844,0.25
The Affair,2,"Nov. 29, 2015",0.961,0.27
The Affair,2,"Dec. 6, 2015",0.833,0.25
The Affair,2,"Dec. 13, 2015",0.989,0.24
The Affair,2,"Dec. 20, 2015",1.111,0.34
The Affair,3,"Nov. 20, 2016",0.599,0.17
The Affair,3,"Nov. 27, 2016",0.579,0.15
The Affair,3,"Dec. 4, 2016",0.662,0.17
The Affair,3,"Dec. 11, 2016",0.666,0.19
The Affair,3,"Dec. 18, 2016",0.724,0.22
The Affair,3,"Jan. 1, 2017",0.480,0.13
The Affair,3,"Jan. 8, 2017",0.654,0.21
The Affair,3,"Jan. 15, 2017",0.612,0.17
The Affair,3,"Jan. 22, 2017",0.793,0.18
The Affair,3,"Jan. 29, 2017",0.725,0.22
The Affair,4,"Jun. 17, 2018",0.477,0.08
The Affair,4,"Jun. 24, 2018",0.457,0.09
The Affair,4,"Jul. 1, 2018",0.559,0.12
The Affair,4,"Jul. 8, 2018",0.470,0.09
The Affair,4,"Jul. 15, 2018",0.538,0.09
The Affair,4,"Jul. 22, 2018",0.483,0.08
The Affair,4,"Jul. 29, 2018",0.544,0.08
The Affair,4,"Aug. 5, 2018",0.507,0.10
The Affair,4,"Aug. 12, 2018",0.595,0.10
The Affair,4,"Aug. 19, 2018",0.564,0.11
The Affair,5,"Aug. 25, 2019",0.464,0.07
The Affair,5,"Sept. 1, 2019",0.417,0.04
The Affair,5,"Sept. 8, 2019",0.405,0.04
The Affair,5,"Sept. 15, 2019",0.379,0.05
The Affair,5,"Sept. 22, 2019",0.382,0.05
The Affair,5,"Sept. 29, 2019",0.430,0.07
The Affair,5,"Oct. 6, 2019",0.372,0.06
The Affair,5,"Oct. 13, 2019",0.318,0.05
The Affair,5,"Oct. 20, 2019",0.374,0.05
The Affair,5,"Oct. 27, 2019",0.442,0.04
The Affair,5,"Nov. 3, 2019",0.467,0.05
Falling Skies,1,"Jun. 19, 2011",5.905,2.0
Falling Skies,1,"Jun. 19, 2011",5.905,2.0
Falling Skies,1,"Jun. 26, 2011",4.200,1.5
Falling Skies,1,"Jul. 3, 2011",4.066,1.4
Falling Skies,1,"Jul. 10, 2011",3.901,1.4
Falling Skies,1,"Jul. 17, 2011",4.269,1.4
Falling Skies,1,"Jul. 24, 2011",4.068,1.4
Falling Skies,1,"Jul. 31, 2011",4.312,1.5
Falling Skies,1,"Aug. 7, 2011",5.703,1.9
Falling Skies,1,"Aug. 7, 2011",5.541,1.9
Falling Skies,2,"Jun. 17, 2012",4.461,1.5
Falling Skies,2,"Jun. 24, 2012",3.807,1.3
Falling Skies,2,"Jul. 1, 2012",3.387,1.2
Falling Skies,2,"Jul. 8, 2012",3.635,1.2
Falling Skies,2,"Jul. 15, 2012",3.606,1.2
Falling Skies,2,"Jul. 22, 2012",3.499,1.2
Falling Skies,2,"Aug. 5, 2012",3.341,1.3
Falling Skies,2,"Aug. 12, 2012",3.463,1.3
Falling Skies,2,"Aug. 19, 2012",3.842,1.4
Falling Skies,3,"Jun. 9, 2013",4.210,1.5
Falling Skies,3,"Jun. 16, 2013",2.786,1.0
Falling Skies,3,"Jun. 23, 2013",3.548,1.1
Falling Skies,3,"Jun. 30, 2013",3.217,1.1
Falling Skies,3,"Jul. 7, 2013",3.488,1.2
Falling Skies,3,"Jul. 14, 2013",3.329,1.1
Falling Skies,3,"Jul. 21, 2013",3.740,1.3
Falling Skies,3,"Jul. 28, 2013",3.055,1.0
Falling Skies,3,"Aug. 4, 2013",3.738,1.2
Falling Skies,4,"Jun. 22, 2014",3.673,1.03
Falling Skies,4,"Jun. 29, 2014",2.960,0.77
Falling Skies,4,"Jul. 6, 2014",2.751,0.81
Falling Skies,4,"Jul. 13, 2014",2.780,0.79
Falling Skies,4,"Jul. 20, 2014",2.793,0.8
Falling Skies,4,"Jul. 27, 2014",2.646,0.7
Falling Skies,4,"Aug. 3, 2014",2.726,0.68
Falling Skies,4,"Aug. 10, 2014",2.506,0.58
Falling Skies,4,"Aug. 17, 2014",2.464,0.65
Falling Skies,4,"Aug. 24, 2014",2.558,0.70
Falling Skies,4,"Aug. 31, 2014",2.389,0.53
Falling Skies,4,"Aug. 31, 2014",2.429,0.53
Falling Skies,5,"Jun. 28, 2015",2.035,0.50
Falling Skies,5,"Jul. 5, 2015",1.823,0.44
Falling Skies,5,"Jul. 12, 2015",1.878,0.37
Falling Skies,5,"Jul. 19, 2015",1.956,0.47
Falling Skies,5,"Jul. 26, 2015",2.033,0.50
Falling Skies,5,"Aug. 2, 2015",1.933,0.52
Falling Skies,5,"Aug. 9, 2015",1.975,0.54
Falling Skies,5,"Aug. 16, 2015",1.937,0.44
Falling Skies,5,"Aug. 23, 2015",1.762,0.47
Falling Skies,5,"Aug. 30, 2015",2.394,0.63
Drop Dead Diva,1,"Jul. 12, 2009",2.81,-
Drop Dead Diva,1,"Jul. 19, 2009",2.462,0.8/2
Drop Dead Diva,1,"Jul. 26, 2009",2.795,0.8/2
Drop Dead Diva,1,"Aug. 2, 2009",2.635,-
Drop Dead Diva,1,"Aug. 9, 2009",2.444,0.7/2
Drop Dead Diva,1,"Aug. 16, 2009",3.06,0.9/2
Drop Dead Diva,1,"Aug. 23, 2009",2.90,1.0/3
Drop Dead Diva,1,"Aug. 30, 2009",3.41,1.1/3
Drop Dead Diva,1,"Sept. 13, 2009",3.082,0.9/2
Drop Dead Diva,1,"Sept. 20, 2009",3.06,0.9/2
Drop Dead Diva,1,"Sept. 27, 2009",2.523,0.8/2
Drop Dead Diva,1,"Oct. 4, 2009",2.791,0.9/2
Drop Dead Diva,1,"Oct. 11, 2009",2.794,0.9/2
Drop Dead Diva,2,"Jun. 6, 2010",3.124,1.0/3
Drop Dead Diva,2,"Jun. 13, 2010",2.868,0.9/2
Drop Dead Diva,2,"Jun. 20, 2010",2.566,0.8/2
Drop Dead Diva,2,"Jun. 27, 2010",2.379,0.7/2
Drop Dead Diva,2,"Jul. 11, 2010",2.478,0.8/2
Drop Dead Diva,2,"Jul. 18, 2010",2.409,0.7/2
Drop Dead Diva,2,"Jul. 25, 2010",2.587,0.8/2
Drop Dead Diva,2,"Aug. 1, 2010",2.431,0.7/2
Drop Dead Diva,2,"Aug. 8, 2010",2.430,0.7/2
Drop Dead Diva,2,"Aug. 15, 2010",2.556,0.7/2
Drop Dead Diva,2,"Aug. 22, 2010",2.676,0.8/2
Drop Dead Diva,2,"Aug. 29, 2010",2.573,0.9/2
Drop Dead Diva,2,"Aug. 29, 2010",2.611,0.9/2
Drop Dead Diva,3,"Jun. 19, 2011",2.856,1.0
Drop Dead Diva,3,"Jun. 26, 2011",2.384,0.8
Drop Dead Diva,3,"Jul. 10, 2011",2.005,0.7
Drop Dead Diva,3,"Jul. 17, 2011",2.269,0.8
Drop Dead Diva,3,"Jul. 24, 2011",2.083,0.7
Drop Dead Diva,3,"Jul. 31, 2011",2.092,0.7
Drop Dead Diva,3,"Aug. 7, 2011",2.360,0.7
Drop Dead Diva,3,"Aug. 14, 2011",2.394,0.7
Drop Dead Diva,3,"Aug. 21, 2011",2.234,0.7
Drop Dead Diva,3,"Aug. 28, 2011",2.532,0.8
Drop Dead Diva,3,"Sept. 4, 2011",1.928,0.5
Drop Dead Diva,3,"Sept. 18, 2011",2.180,0.7
Drop Dead Diva,3,"Sept. 25, 2011",2.117,0.7
Drop Dead Diva,4,"Jun. 3, 2012",2.301,0.8
Drop Dead Diva,4,"Jun. 10, 2012",2.118,0.7
Drop Dead Diva,4,"Jun. 17, 2012",2.169,0.7
Drop Dead Diva,4,"Jun. 24, 2012",2.040,0.6
Drop Dead Diva,4,"Jul. 1, 2012",1.866,0.6
Drop Dead Diva,4,"Jul. 8, 2012",2.277,0.8
Drop Dead Diva,4,"Jul. 15, 2012",2.553,0.9
Drop Dead Diva,4,"Jul. 22, 2012",2.126,0.6
Drop Dead Diva,4,"Aug. 5, 2012",2.262,0.7
Drop Dead Diva,4,"Aug. 12, 2012",2.360,0.9
Drop Dead Diva,4,"Aug. 19, 2012",2.542,0.8
Drop Dead Diva,4,"Aug. 26, 2012",2.486,0.8
Drop Dead Diva,4,"Sept. 9, 2012",2.763,0.9
Drop Dead Diva,5,"Jun. 23, 2013",2.152,0.7
Drop Dead Diva,5,"Jun. 30, 2013",2.141,0.6
Drop Dead Diva,5,"Jul. 7, 2013",2.164,0.7
Drop Dead Diva,5,"Jul. 14, 2013",2.102,0.7
Drop Dead Diva,5,"Jul. 21, 2013",2.202,0.7
Drop Dead Diva,5,"Jul. 28, 2013",2.153,0.7
Drop Dead Diva,5,"Aug. 4, 2013",2.153,0.7
Drop Dead Diva,5,"Aug. 11, 2013",2.459,0.8
Drop Dead Diva,5,"Oct. 6, 2013",1.440,0.49
Drop Dead Diva,5,"Oct. 13, 2013",1.561,0.57
Drop Dead Diva,5,"Oct. 20, 2013",1.769,0.51
Drop Dead Diva,5,"Oct. 27, 2013",1.800,0.64
Drop Dead Diva,5,"Nov. 3, 2013",1.781,0.53
Drop Dead Diva,6,"Mar. 23, 2014",1.111,0.29
Drop Dead Diva,6,"Mar. 23, 2014",1.165,0.33
Drop Dead Diva,6,"Mar. 30, 2014",1.247,0.39
Drop Dead Diva,6,"Apr. 6, 2014",1.391,0.45
Drop Dead Diva,6,"Apr. 13, 2014",1.080,0.37
Drop Dead Diva,6,"Apr. 27, 2014",1.317,0.48
Drop Dead Diva,6,"May 4, 2014",1.514,0.58
Drop Dead Diva,6,"May 11, 2014",1.197,0.32
Drop Dead Diva,6,"May 18, 2014",1.290,0.41
Drop Dead Diva,6,"Jun. 1, 2014",1.691,0.53
Drop Dead Diva,6,"Jun. 8, 2014",1.499,0.46
Drop Dead Diva,6,"Jun. 15, 2014",1.495,0.47
Drop Dead Diva,6,"Jun. 22, 2014",1.662,0.45
Saving Grace,1,"Jul. 23, 2007",6.422,1.5
Saving Grace,1,"Jul. 30, 2007",5.374,1.3
Saving Grace,1,"Aug. 6, 2007",4.801,1.1
Saving Grace,1,"Aug. 13, 2007",4.681,1.1
Saving Grace,1,"Aug. 20, 2007",4.720,1.0
Saving Grace,1,"Aug. 27, 2007",4.517,1.1
Saving Grace,1,"Sept. 3, 2007",4.843,1.2
Saving Grace,1,"Sept. 10, 2007",5.223,1.2
Saving Grace,1,"Sept. 17, 2007",4.225,1.0
Saving Grace,1,"Dec. 3, 2007",3.035,0.7
Saving Grace,1,"Dec. 10, 2007",2.260,0.5
Saving Grace,1,"Dec. 17, 2007",2.324,0.5
Saving Grace,1,"Dec. 18, 2007",2.221,0.6
Saving Grace,2,"Jul. 14, 2008",5.156,1.2/4
Saving Grace,2,"Jul. 21, 2008",4.571,1.2
Saving Grace,2,"Jul. 28, 2008",4.778,1.2/3
Saving Grace,2,"Aug. 4, 2008",4.937,1.2
Saving Grace,2,"Aug. 11, 2008",3.540,0.8
Saving Grace,2,"Aug. 18, 2008",3.779,1.0/3
Saving Grace,2,"Aug. 25, 2008",4.268,1.1/3
Saving Grace,2,"Mar. 2, 2009",2.497,0.5
Saving Grace,2,"Mar. 9, 2009",2.337,0.6
Saving Grace,2,"Mar. 16, 2009",2.123,0.5
Saving Grace,2,"Mar. 23, 2009",2.063,0.5
Saving Grace,2,"Mar. 30, 2009",1.998,0.4
Saving Grace,2,"Apr. 6, 2009",2.539,0.6
Saving Grace,2,"Apr. 13, 2009",2.239,0.5
Saving Grace,3,"Jun. 16, 2009",3.470,0.9/3
Saving Grace,3,"Jun. 23, 2009",3.161,0.8
Saving Grace,3,"Jun. 30, 2009",2.903,0.7
Saving Grace,3,"Jul. 7, 2009",2.767,0.7
Saving Grace,3,"Jul. 14, 2009",2.816,0.6/2
Saving Grace,3,"Jul. 21, 2009",3.054,0.8/3
Saving Grace,3,"Jul. 28, 2009",3.159,0.8/2
Saving Grace,3,"Aug. 4, 2009",3.114,0.8
Saving Grace,3,"Aug. 11, 2009",2.992,0.8/2
Saving Grace,3,"Aug. 18, 2009",3.162,0.8/2
Saving Grace,3,"Mar. 29, 2010",2.198,0.5/1
Saving Grace,3,"Apr. 5, 2010",1.758,0.4/1
Saving Grace,3,"Apr. 12, 2010",1.803,0.4/1
Saving Grace,3,"May 24, 2010",1.485,0.4
Saving Grace,3,"May 31, 2010",1.756,0.4
Saving Grace,3,"Jun. 7, 2010",1.845,0.4
Saving Grace,3,"Jun. 14, 2010",2.505,0.6/2
Saving Grace,3,"Jun. 21, 2020",2.339,0.5/2
Saving Grace,3,"Jun. 28, 2010",2.524,0.6/2
The White Queen,1,"Aug. 9, 2013",0.457,"194,000 (0.2)"
The White Queen,1,"Aug. 17, 2013",0.801,"365,000 (0.3)"
The White Queen,1,"Aug. 24, 2013",0.704,"258,000 (0.2)"
The White Queen,1,"Sept. 7, 2013",0.811,"285,000 (0.2)"
The White Queen,1,"Sept. 14, 2013",0.929,"341,000 (0.27)"
The White Queen,1,"Sept. 21, 2013",0.859,"357,000 (0.28)"
The White Queen,1,"Sept. 28, 2013",0.896,"355,000 (0.28)"
The White Queen,1,"Oct. 5, 2013",0.910,"342,000 (0.27)"
The White Queen,1,"Oct. 12, 2013",0.741,"344,000 (0.27)"
The White Queen,1,"Oct. 19, 2013",1.155,"448,000 (0.35)"
The White Princess,1,"Apr. 16, 2017",0.633,0.16
The White Princess,1,"Apr. 23, 2017",0.712,0.21
The White Princess,1,"Apr. 30, 2017",0.784,0.20
The White Princess,1,"May 7, 2017",0.845,0.21
The White Princess,1,"May 14, 2017",0.951,0.27
The White Princess,1,"May 21, 2017",0.792,0.22
The White Princess,1,"May 28, 2017",0.722,0.17
The White Princess,1,"Jun. 4, 2017",0.868,0.21
The Spanish Princess,1,"May 5, 2019",0.393,0.05
The Spanish Princess,1,"May 12, 2019",0.398,0.05
The Spanish Princess,1,"May 19, 2019",0.456,0.07
The Spanish Princess,1,"May 26, 2019",0.500,0.07
The Spanish Princess,1,"Jun. 2, 2019",0.546,0.06
The Spanish Princess,1,"Jun. 9, 2019",0.493,0.06
The Spanish Princess,1,"Jun. 16, 2019",0.509,0.06
The Spanish Princess,1,"Jun. 23, 2019",0.528,0.05
The Spanish Princess,1,"Oct. 11, 2020",0.252,0.04
The Spanish Princess,1,"Oct. 18, 2020",0.173,0.02
The Spanish Princess,1,"Oct. 25, 2020",0.180,0.03
The Spanish Princess,1,"Nov. 1, 2020",0.233,0.02
The Spanish Princess,1,"Nov. 8, 2020",0.221,0.03
The Spanish Princess,1,"Nov. 15, 2020",0.234,0.03
The Spanish Princess,1,"Nov. 22, 2020",0.290,0.04
The Spanish Princess,1,"Nov. 29, 2020",0.315,0.02
Deadwood,1,"Mar. 21, 2004",5.792,3.6
Deadwood,1,"Mar. 28, 2004",4.879,3.0
Deadwood,1,"Apr. 4, 2004",4.74,-
Deadwood,1,"Apr. 11, 2004",5.403,3.2
Deadwood,1,"Apr. 18, 2004",4.555,2.7
Deadwood,1,"Apr. 25, 2004",4.75,-
Deadwood,1,"May 2, 2004",4.291,2.7
Deadwood,1,"May 9, 2004",3.884,2.4
Deadwood,1,"May 16, 2004",3.43,-
Deadwood,1,"May 23, 2004",4.349,2.7
Deadwood,1,"Jun. 6, 2004",4.260,2.5
Deadwood,1,"Jun. 13, 2004",3.21,-
Deadwood,2,"Mar. 6, 2005",2.792,1.6
Deadwood,2,"Mar. 13, 2005",3.408,1.9
Deadwood,2,"Mar. 20, 2005",2.80,-
Deadwood,2,"Mar. 27, 2005",2.507,1.5
Deadwood,2,"Apr. 3, 2005",2.174,1.4
Deadwood,2,"Apr. 10, 2005",2.163,1.4
Deadwood,2,"Apr. 17, 2005",2.375,1.6
Deadwood,2,"Apr. 24, 2005",2.417,1.4
Deadwood,2,"May 1, 2005",2.164,1.4
Deadwood,2,"May 8, 2005",2.10,-
Deadwood,2,"May 15, 2005",2.022,1.3
Deadwood,2,"May 22, 2005",2.416,1.5
Deadwood,3,"Jun. 11, 2006",2.374,0.9
Deadwood,3,"Jun. 18, 2006",1.850,0.7
Deadwood,3,"Jun. 25, 2006",2.160,1.0
Deadwood,3,"Jul. 2, 2006",1.672,0.7
Deadwood,3,"Jul. 9, 2006",2.206,0.9
Deadwood,3,"Jul. 16, 2006",1.783,0.9
Deadwood,3,"Jul. 23, 2006",2.081,0.9
Deadwood,3,"Jul. 30, 2006",2.200,0.9
Deadwood,3,"Aug. 6, 2006",2.124,0.9
Deadwood,3,"Aug. 13, 2006",1.779,0.7
Deadwood,3,"Aug. 20, 2006",1.851,0.8
Deadwood,3,"Aug. 27, 2006",2.027,0.9
Deadwood Movie,1,"May 31, 2019",0.931,0.20
The Sinner,1,"Aug. 2, 2017",1.633,0.42
The Sinner,1,"Aug. 9, 2017",1.413,0.43
The Sinner,1,"Aug. 16, 2017",1.643,0.51
The Sinner,1,"Aug. 23, 2017",1.759,0.53
The Sinner,1,"Aug. 30, 2017",1.837,0.52
The Sinner,1,"Sept. 6, 2017",1.842,0.55
The Sinner,1,"Sept. 13, 2017",1.837,0.54
The Sinner,1,"Sept. 20, 2017",2.438,0.77
The Sinner,2,"Aug. 1, 2018",1.148,0.31
The Sinner,2,"Aug. 8, 2018",1.104,0.29
The Sinner,2,"Aug. 15, 2018",1.013,0.30
The Sinner,2,"Aug. 22, 2018",1.092,0.31
The Sinner,2,"Aug. 29, 2018",1.137,0.28
The Sinner,2,"Sept. 5, 2018",1.132,0.29
The Sinner,2,"Sept. 12, 2018",1.041,0.24
The Sinner,2,"Sept. 19, 2018",1.128,0.25
The Sinner,3,"Feb. 6, 2020",0.882,0.19
The Sinner,3,"Feb. 13, 2020",0.704,0.15
The Sinner,3,"Feb. 20, 2020",0.584,0.18
The Sinner,3,"Feb. 27, 2020",0.555,0.13
The Sinner,3,"Mar. 5, 2020",0.656,0.17
The Sinner,3,"Mar. 12, 2020",0.548,0.12
The Sinner,3,"Mar. 19, 2020",0.625,0.16
The Sinner,3,"Mar. 26, 2020",0.650,0.16
The Sinner,4,"Oct. 13, 2021",0.379,0.09
The Sinner,4,"Oct. 20, 2021",0.428,0.06
The Sinner,4,"Oct. 27, 2021",0.366,0.10
The Sinner,4,"Nov. 3, 2021",0.411,0.08
The Sinner,4,"Nov. 10, 2021",0.478,0.08
The Sinner,4,"Nov. 17, 2021",0.460,0.07
The Sinner,4,"Nov. 24, 2021",0.526,0.09
The Sinner,4,"Dec. 1, 2021",0.452,0.06
Dark Blue,1,"Jul. 15, 2009",3.542,0.9/3
Dark Blue,1,"Jul. 22, 2009",2.885,0.8/3
Dark Blue,1,"Jul. 29, 2009",2.917,0.8/3
Dark Blue,1,"Aug. 5, 2009",2.881,0.7
Dark Blue,1,"Aug. 12, 2009",2.571,0.8/3
Dark Blue,1,"Aug. 19, 2009",2.566,0.7/2
Dark Blue,1,"Aug. 26, 2009",2.592,0.7/2
Dark Blue,1,"Sept. 2, 2009",2.455,0.8/2
Dark Blue,1,"Sept. 9, 2009",2.020,0.6/2
Dark Blue,1,"Sept. 16, 2009",1.610,0.6/2
Dark Blue,2,"Aug. 4, 2010",2.561,0.6/2
Dark Blue,2,"Aug. 4, 2010",2.482,0.7/2
Dark Blue,2,"Aug. 11, 2010",2.341,0.5/2
Dark Blue,2,"Aug. 18, 2010",2.433,0.7/2
Dark Blue,2,"Aug. 25, 2010",2.591,0.7/2
Dark Blue,2,"Sept. 1, 2010",2.064,0.5/2
Dark Blue,2,"Sept. 8, 2010",2.273,0.6/2
Dark Blue,2,"Sept. 8, 2010",1.971,0.5/2
Dark Blue,2,"Sept. 15, 2010",1.950,0.6/2
Dark Blue,2,"Sept. 15, 2010",1.822,0.6/2
Scream,1,"Jun. 30, 2015",1.026,0.45
Scream,1,"Jul. 7, 2015",0.811,0.37
Scream,1,"Jul. 14, 2015",0.872,0.39
Scream,1,"Jul. 21, 2015",0.802,0.33
Scream,1,"Jul. 28, 2015",0.751,0.29
Scream,1,"Aug. 4, 2015",0.684,0.33
Scream,1,"Aug. 11, 2015",0.639,0.30
Scream,1,"Aug. 18, 2015",0.645,0.30
Scream,1,"Aug. 25, 2015",0.554,0.28
Scream,1,"Sept. 1, 2015",0.756,0.34
Scream,2,"May 30, 2016",0.402,0.22
Scream,2,"Jun. 6, 2016",0.496,0.27
Scream,2,"Jun. 13, 2016",0.348,0.17
Scream,2,"Jun. 20, 2016",0.271,0.13
Scream,2,"Jun. 27, 2016",0.446,0.20
Scream,2,"Jul. 5, 2016",0.445,0.22
Scream,2,"Jul. 12, 2016",0.395,0.20
Scream,2,"Jul. 19, 2016",0.362,0.16
Scream,2,"Jul. 26, 2016",0.352,0.15
Scream,2,"Aug. 2, 2016",0.316,0.15
Scream,2,"Aug. 9, 2016",0.347,0.18
Scream,2,"Aug. 16, 2016",0.341,0.19
Scream,2,"Oct. 18, 2016",0.295,0.14
Scream,3,"Jul. 8, 2019",0.787,0.36
Scream,3,"Jul. 8, 2019",0.601,0.29
Scream,3,"Jul. 9, 2019",0.401,0.20
Scream,3,"Jul. 9, 2019",0.342,0.16
Scream,3,"Jul. 10, 2019",0.383,0.18
Scream,3,"Jul. 10, 2019",0.330,0.16
Lost Girl,1,"Jan. 16, 2012",1.474,0.5
Lost Girl,1,"Jan. 23, 2012",1.106,0.4
Lost Girl,1,"Jan. 30, 2012",1.440,0.5
Lost Girl,1,"Feb. 6, 2012",1.012,0.5
Lost Girl,1,"Feb. 13, 2012",1.065,0.5
Lost Girl,1,"Feb. 20, 2012",1.209,0.4
Lost Girl,1,"Feb. 27, 2012",0.965,0.4
Lost Girl,1,"Mar. 5, 2012",1.211,0.5
Lost Girl,1,"Mar. 12, 2012",1.192,0.4
Lost Girl,1,"Mar. 19, 2012",1.089,0.4
Lost Girl,1,"Mar. 26, 2012",1.077,0.5
Lost Girl,1,"Apr. 2, 2012",1.013,0.4
Lost Girl,1,"Apr. 9, 2012",1.219,0.5
Lost Girl,2,"Apr. 16, 2012",1.072,0.4
Lost Girl,2,"Apr. 23, 2012",1.342,0.5
Lost Girl,2,"Apr. 30, 2012",1.080,0.4
Lost Girl,2,"May 7, 2012",0.945,0.4
Lost Girl,2,"May 14, 2012",1.231,0.5
Lost Girl,2,"May 21, 2012",1.151,0.3
Lost Girl,2,"Jun. 4, 2012",1.354,0.5
Lost Girl,2,"Jun. 11, 2012",0.915,0.4
Lost Girl,2,"Jun. 18, 2012",1.284,0.5
Lost Girl,2,"Jun. 25, 2012",0.971,0.4
Lost Girl,2,"Jul. 2, 2012",0.961,0.4
Lost Girl,2,"Jul. 9, 2012",0.859,0.4
Lost Girl,2,"Jul. 16, 2012",0.934,0.4
Lost Girl,2,"Jul. 20, 2012",1.198,0.4
Lost Girl,2,"Jul. 27, 2012",1.118,0.4
Lost Girl,2,"Aug. 3, 2012",1.165,0.4
Lost Girl,2,"Aug. 10, 2012",1.178,0.4
Lost Girl,2,"Aug. 17, 2012",1.209,0.4
Lost Girl,2,"Aug. 24, 2012",1.006,0.3
Lost Girl,2,"Aug. 31, 2012",1.295,0.4
Lost Girl,2,"Sept. 7, 2012",1.368,0.4
Lost Girl,2,"Sept. 14, 2012",1.458,0.5
Lost Girl,3,"Jan. 14, 2013",1.186,0.5
Lost Girl,3,"Jan. 21, 2013",1.075,0.4
Lost Girl,3,"Jan. 28, 2013",1.052,0.4
Lost Girl,3,"Feb. 4, 2013",0.844,0.3
Lost Girl,3,"Feb. 11, 2013",0.847,0.3
Lost Girl,3,"Feb. 18, 2013",1.033,0.4
Lost Girl,3,"Mar. 4, 2013",0.923,0.4
Lost Girl,3,"Mar. 11, 2013",1.107,0.4
Lost Girl,3,"Mar. 18, 2013",0.968,0.4
Lost Girl,3,"Mar. 25, 2013",0.827,0.3
Lost Girl,3,"Apr. 1, 2013",0.824,0.3
Lost Girl,3,"Apr. 8, 2013",0.756,0.3
Lost Girl,3,"Apr. 22, 2013",1.206,0.4
Lost Girl,4,"Jan. 13, 2014",0.948,0.30
Lost Girl,4,"Jan. 20, 2014",0.773,0.27
Lost Girl,4,"Jan. 27, 2014",0.810,0.25
Lost Girl,4,"Feb. 3, 2014",0.667,0.25
Lost Girl,4,"Feb. 10, 2014",0.630,0.25
Lost Girl,4,"Feb. 17, 2014",0.696,0.22
Lost Girl,4,"Feb. 24, 2014",0.632,0.21
Lost Girl,4,"Mar. 3, 2014",0.607,0.21
Lost Girl,4,"Mar. 10, 2014",0.731,0.28
Lost Girl,4,"Mar. 17, 2014",0.766,0.27
Lost Girl,4,"Mar. 24, 2014",0.544,0.19
Lost Girl,4,"Mar. 31, 2014",0.610,0.23
Lost Girl,4,"Apr. 7, 2014",0.815,0.29
Lost Girl,5,"Apr. 17, 2015",0.654,0.16
Lost Girl,5,"Apr. 24, 2015",0.610,0.19
Lost Girl,5,"May 1, 2015",0.555,0.12
Lost Girl,5,"May 8, 2015",0.510,0.12
Lost Girl,5,"May 15, 2015",0.463,0.17
Lost Girl,5,"May 21, 2015",0.881,0.23
Lost Girl,5,"May 28, 2015",0.583,0.17
Lost Girl,5,"Jun. 4, 2015",0.710,0.18
Lost Girl,5,"Feb. 1, 2016",0.458,0.11
Lost Girl,5,"Feb. 8, 2016",0.411,0.12
Lost Girl,5,"Feb. 15, 2016",0.452,0.13
Lost Girl,5,"Feb. 22, 2016",0.320,0.09
Lost Girl,5,"Feb. 29, 2016",0.384,0.11
Lost Girl,5,"Mar. 7, 2016",0.376,0.12
Lost Girl,5,"Mar. 14, 2016",0.387,0.10
Lost Girl,5,"Mar. 21, 2016",0.342,0.08
Walk of Shame Shuttle,1,"Mar. 18, 2015",0.266,0.17
Walk of Shame Shuttle,1,"Mar. 25, 2015",0.120,0.06
Walk of Shame Shuttle,1,"Apr. 1, 2015",0.122,0.05
Walk of Shame Shuttle,1,"Apr. 8, 2015",0.134,0.07
Walk of Shame Shuttle,1,"Apr. 15, 2015",0.160,0.08
Walk of Shame Shuttle,1,"Apr. 22, 2015",0.090,0.05
Walk of Shame Shuttle,1,"Apr. 29, 2015",0.148,0.07
Walk of Shame Shuttle,1,"May 6, 2015",0.133,0.07
Walk of Shame Shuttle,1,"May 13, 2015",0.191,0.09
Walk of Shame Shuttle,1,"May 20, 2015",0.225,0.09
Walk of Shame Shuttle,1,"May 27, 2015",0.226,0.10
Walk of Shame Shuttle,1,"Jun. 3, 2015",0.179,0.07
Walk of Shame Shuttle,1,"Jun. 10, 2015",0.155,0.05
Make Me a Supermodel,1,"Jan. 2, 2008",1.192,0.6
Make Me a Supermodel,1,"Jan. 10, 2008",1.095,0.5
Make Me a Supermodel,1,"Jan. 17, 2008",0.884,0.5
Make Me a Supermodel,1,"Jan. 24, 2008",1.100,0.6
Make Me a Supermodel,1,"Jan. 31, 2008",0.713,0.4
Make Me a Supermodel,1,"Feb. 7, 2008",0.863,0.5
Make Me a Supermodel,1,"Feb. 14, 2008",0.968,0.5
Make Me a Supermodel,1,"Feb. 21, 2008",0.868,0.5
Make Me a Supermodel,1,"Feb. 28, 2008",0.995,0.6
Make Me a Supermodel,1,"Mar. 6, 2008",0.909,0.5
Make Me a Supermodel,1,"Mar. 13, 2008",0.947,0.5
Make Me a Supermodel,1,"Mar. 20, 2008",0.938,0.5
Make Me a Supermodel,1,"Mar. 27, 2008",0.777,0.4
Make Me a Supermodel,1,"Apr. 3, 2008",1.338,0.7
Make Me a Supermodel,2,"Feb. 7, 2009*",0.358,0.2
Make Me a Supermodel,2,"Mar. 4, 2009",1.100,0.5
Make Me a Supermodel,2,"Mar. 11, 2009",0.810,0.4
Make Me a Supermodel,2,"Mar. 18, 2009",0.754,0.4
Make Me a Supermodel,2,"Mar. 25, 2009",0.967,0.5
Make Me a Supermodel,2,"Apr. 1, 2009",0.945,0.4
Make Me a Supermodel,2,"Apr. 8, 2009",0.870,0.4
Make Me a Supermodel,2,"Apr. 22, 2009",0.834,0.4
Make Me a Supermodel,2,"Apr. 29, 2009",0.705,0.3
Make Me a Supermodel,2,"May 6, 2009",0.872,0.4
Make Me a Supermodel,2,"May 13, 2009",0.763,0.3
Make Me a Supermodel,2,"May 20, 2009",0.799,0.4
Make Me a Supermodel,2,"May 27, 2009",0.923,0.5
Make Me a Supermodel,2,"Jun. 3, 2009",0.997,0.4
John From Cincinnati,1,"Jun. 10, 2007",3.419,1.5/4
John From Cincinnati,1,"Jun. 17, 2007",1.207,0.5
John From Cincinnati,1,"Jun. 24, 2007",1.183,0.5/2
John From Cincinnati,1,"Jul. 1, 2007",1.231,0.6/2
John From Cincinnati,1,"Jul. 8, 2007",1.332,0.6
John From Cincinnati,1,"Jul. 15, 2007",1.320,0.7/2
John From Cincinnati,1,"Jul. 22, 2007",1.052,0.5/2
John From Cincinnati,1,"Jul. 29, 2007",1.179,0.5
John From Cincinnati,1,"Aug. 5, 2007",0.987,0.4
John From Cincinnati,1,"Aug. 12, 2007",1.216,0.6
,Dawn),"Aug. 12, 2011",0.567,-
,Dawn),"Aug. 19, 2011",0.169,0.05
,Dawn),"Aug. 26, 2011",0.255,-
,Dawn),"Sept. 9, 2011",0.212,0.09
,Dawn),"Sept. 16, 2011",0.302,0.10
,Dawn),"Sept. 23, 2011",0.284,0.12
,Dawn),"Sept. 30, 2011",0.270,0.12
,Dawn),"Oct. 7, 2011",0.335,0.12
,Dawn),"Oct. 14, 2011",0.244,-
,Dawn),"Oct. 21, 2011",0.249,0.09
,(Vengeance),"Aug. 17, 2012",0.390,0.14
,(Vengeance),"Aug. 24, 2012",0.333,0.14
,(Vengeance),"Aug. 31, 2012",0.266,0.12
,(Vengeance),"Sept. 7, 2012",0.325,0.10
,(Vengeance),"Sept. 14, 2012",0.263,0.11
,(Vengeance),"Sept. 21, 2012",0.358,0.18
,(Vengeance),"Sept. 28, 2012",0.310,0.14
,(Vengeance),"Oct. 5, 2012",0.235,0.09
,(Vengeance),"Oct. 12, 2012",0.249,0.13
,Warfare),"Aug. 9, 2013",0.493,0.15
,Warfare),"Aug. 16, 2013",0.364,0.14
,Warfare),"Aug. 23, 2013",0.331,0.08
,Warfare),"Sept. 6, 2013",0.506,0.16
,Warfare),"Sept. 13, 2013",0.417,0.12
,Warfare),"Sept. 20, 2013",0.447,0.17
,Warfare),"Sept. 27, 2013",0.309,0.09
,Warfare),"Oct. 4, 2013",0.312,0.07
,Warfare),"Oct. 11, 2013",0.351,0.14
,Warfare),"Oct. 18, 2013",0.441,0.12
,(Origins),"Oct. 25, 2013",0.259,0.10
,(Origins),"Nov. 1, 2013",0.204,0.06
,(Origins),"Nov. 8, 2013",0.187,0.07
,(Origins),"Nov. 15, 2013",0.126,0.04
,(Origins),"Nov. 22, 2013",0.182,0.06
,(Origins),"Nov. 29, 2013",0.194,0.03
,(Legacy),"Jul. 31, 2015",0.237,0.09
,(Legacy),"Aug. 7, 2015",0.275,0.10
,(Legacy),"Aug. 14, 2015",0.221,0.07
,(Legacy),"Aug. 21, 2015",0.204,0.07
,(Legacy),"Aug. 28, 2015",0.251,0.10
,(Legacy),"Sept. 11, 2015",0.234,0.10
,(Legacy),"Sept. 18, 2015",0.166,0.07
,(Legacy),"Sept. 25, 2015",0.280,0.12
,(Legacy),"Oct. 2, 2015",0.196,0.07
,(Legacy),"Oct. 9, 2015",0.286,0.14
,(Retribution),"Feb. 2, 2018",0.135,0.03
,(Retribution),"Feb. 9, 2018",0.133,0.02
,(Retribution),"Feb. 16, 2018",0.089,0.01
,(Retribution),"Feb. 23, 2018",0.138,0.02
,(Retribution),"Mar. 2, 2018",0.112,0.02
,(Retribution),"Mar. 9, 2018",0.093,0.02
,(Retribution),"Mar. 16, 2018",0.132,0.02
,(Retribution),"Mar. 23, 2018",0.145,0.03
,(Retribution),"Mar. 30, 2018",0.130,0.02
,(Retribution),"Apr. 6, 2018",0.095,0.03
,(Revolution),"Jan. 25, 2019",0.113,0.03
,(Revolution),"Feb. 1, 2019",0.113,0.02
,(Revolution),"Feb. 8, 2019",0.060,0.01
,(Revolution),"Feb. 15, 2019",0.114,0.02
,(Revolution),"Feb. 22, 2019",0.090,0.03
,(Revolution),"Mar. 1, 2019",0.096,0.02
,(Revolution),"Mar. 8, 2019",0.121,0.03
,(Revolution),"Mar. 15, 2019",0.127,0.03
,(Revolution),"Mar. 22, 2019",0.100,0.01
,(Revolution),"Mar. 29, 2019",0.133,0.03
,(Vendetta),"Feb. 14, 2020",0.077,0.02
,(Vendetta),"Feb. 21, 2020",0.059,0.01
,(Vendetta),"Feb. 28, 2020",0.063,0.02
,(Vendetta),"Mar. 6, 2020",0.034,0.00
,(Vendetta),"Mar. 13, 2020",0.093,0.01
,(Vendetta),"Mar. 20, 2020",0.059,0.01
,(Vendetta),"Mar. 27, 2020",0.100,0.02
,(Vendetta),"Apr. 3, 2020",0.089,0.02
,(Vendetta),"Apr. 10, 2020",0.044,0.01
,(Vendetta),"Apr. 17, 2020",0.133,0.01
Falling Water,1,"Sept. 21, 2016",0.467,0.16
Falling Water,1,"Oct. 13, 2016",0.670,0.19
Falling Water,1,"Oct. 20, 2016",0.507,0.16
Falling Water,1,"Oct. 27, 2016",0.527,0.15
Falling Water,1,"Nov. 3, 2016",0.348,0.12
Falling Water,1,"Nov. 10, 2016",0.469,0.14
Falling Water,1,"Nov. 17, 2016",0.418,0.16
Falling Water,1,"Dec. 1, 2016",0.511,0.15
Falling Water,1,"Dec. 8, 2016",0.444,0.13
Falling Water,1,"Dec. 15, 2016",0.444,0.13
Falling Water,1,"Dec. 22, 2016",0.470,0.14
Falling Water,2,"Jan. 6, 2018",0.279,0.09
Falling Water,2,"Jan. 13, 2018",0.413,0.08
Falling Water,2,"Jan. 20, 2018",0.346,0.11
Falling Water,2,"Jan. 27, 2018",0.424,0.13
Falling Water,2,"Feb. 3, 2018",0.433,0.13
Falling Water,2,"Feb. 10, 2018",0.255,0.08
Falling Water,2,"Feb. 17, 2018",0.469,0.08
Falling Water,2,"Feb. 24, 2018",0.197,0.06
Falling Water,2,"Mar. 3, 2018",0.342,0.07
Falling Water,2,"Mar. 10, 2018",0.335,0.11
Dark Matter,1,"Jun. 12, 2015",1.279,0.31
Dark Matter,1,"Jun. 19, 2015",0.946,0.22
Dark Matter,1,"Jun. 26, 2015",1.068,0.20
Dark Matter,1,"Jul. 3, 2015",1.028,0.22
Dark Matter,1,"Jul. 10, 2015",1.096,0.25
Dark Matter,1,"Jul. 17, 2015",1.009,0.25
Dark Matter,1,"Jul. 24, 2015",1.122,0.29
Dark Matter,1,"Jul. 31, 2015",0.922,0.25
Dark Matter,1,"Aug. 7, 2015",0.984,0.25
Dark Matter,1,"Aug. 14, 2015",0.844,0.21
Dark Matter,1,"Aug. 21, 2015",0.959,0.26
Dark Matter,1,"Aug. 28, 2015",0.931,0.21
Dark Matter,1,"Aug. 28, 2015",0.937,0.21
Dark Matter,2,"Jul. 1, 2016",0.827,0.20
Dark Matter,2,"Jul. 8, 2016",0.717,0.16
Dark Matter,2,"Jul. 15, 2016",0.641,0.15
Dark Matter,2,"Jul. 22, 2016",0.563,0.13
Dark Matter,2,"Jul. 29, 2016",0.734,0.18
Dark Matter,2,"Aug. 5, 2016",0.654,0.15
Dark Matter,2,"Aug. 12, 2016",0.664,0.16
Dark Matter,2,"Aug. 19, 2016",0.657,0.19
Dark Matter,2,"Aug. 26, 2016",0.762,0.22
Dark Matter,2,"Sept. 2, 2016",0.608,0.14
Dark Matter,2,"Sept. 9, 2016",0.742,0.18
Dark Matter,2,"Sept. 9, 2016",0.538,0.11
Dark Matter,2,"Sept. 16, 2016",0.687,0.19
Dark Matter,3,"Jun. 9, 2017",0.587,0.15
Dark Matter,3,"Jun. 16, 2017",0.662,0.17
Dark Matter,3,"Jun. 23, 2017",0.607,0.16
Dark Matter,3,"Jun. 30, 2017",0.619,0.16
Dark Matter,3,"Jul. 7, 2017",0.583,0.13
Dark Matter,3,"Jul. 14, 2017",0.568,0.15
Dark Matter,3,"Jul. 21, 2017",0.502,0.11
Dark Matter,3,"Jul. 28, 2017",0.693,0.17
Dark Matter,3,"Aug. 4, 2017",0.639,0.15
Dark Matter,3,"Aug. 11, 2017",0.602,0.14
Dark Matter,3,"Aug. 18, 2017",0.642,0.14
Dark Matter,3,"Aug. 25, 2017",0.686,0.15
Alphas,1,"Jul. 11, 2011",2.515,0.9
Alphas,1,"Jul. 18, 2011",2.225,0.8
Alphas,1,"Jul. 25, 2011",1.954,0.7
Alphas,1,"Aug. 1, 2011",2.031,0.7
Alphas,1,"Aug. 8, 2011",2.011,0.7
Alphas,1,"Aug. 15, 2011",1.832,0.6
Alphas,1,"Aug. 22, 2011",1.879,0.7
Alphas,1,"Aug. 29, 2011",1.789,0.6
Alphas,1,"Sept. 12, 2011",1.510,0.5
Alphas,1,"Sept. 19, 2011",1.390,0.5
Alphas,1,"Sept. 26, 2011",1.162,0.5
Alphas,2,"Jul. 23, 2012",1.747,0.6
Alphas,2,"Jul. 30, 2012",1.351,0.5
Alphas,2,"Aug. 6, 2012",1.379,0.6
Alphas,2,"Aug. 13, 2012",0.988,0.4
Alphas,2,"Aug. 20, 2012",1.376,0.5
Alphas,2,"Aug. 27, 2012",1.726,0.5
Alphas,2,"Sept. 10, 2012",1.324,0.5
Alphas,2,"Sept. 17, 2012",1.307,0.4
Alphas,2,"Sept. 24, 2012",1.233,0.4
Alphas,2,"Oct. 1, 2012",1.066,0.4
Alphas,2,"Oct. 8, 2012",1.118,0.5
Alphas,2,"Oct. 15, 2012",1.163,0.4
Alphas,2,"Oct. 22, 2012",1.172,0.5
Next Step Realty: NYC,1,"Aug. 11, 2015",0.518,0.26
Next Step Realty: NYC,1,"Aug. 18, 2015",0.203,0.07
Next Step Realty: NYC,1,"Aug. 25, 2015",0.095,0.04
Next Step Realty: NYC,1,"Sept. 1, 2015",0.165,0.09
Next Step Realty: NYC,1,"Sept. 8, 2015",0.152,0.07
Next Step Realty: NYC,1,"Sept. 15, 2015",0.163,0.07
Next Step Realty: NYC,1,"Sept. 22, 2015",0.114,0.05
Next Step Realty: NYC,1,"Oct. 1, 2015",0.093,0.04
Next Step Realty: NYC,1,"Oct. 8, 2015",0.142,0.06
Next Step Realty: NYC,1,"Oct. 15, 2015",0.112,0.03
Startup U,1,"Aug. 11, 2015",0.223,0.13
Startup U,1,"Aug. 18, 2015",0.096,0.06
Startup U,1,"Aug. 25, 2015",0.047,0.02
Startup U,1,"Sept. 1, 2015",0.063,0.03
Startup U,1,"Sept. 10, 2015",0.106,0.05
Startup U,1,"Sept. 17, 2015",0.058,0.03
Startup U,1,"Sept. 24, 2015",0.060,0.03
Startup U,1,"Oct. 1, 2015",0.065,0.03
Startup U,1,"Oct. 8, 2015",0.108,0.07
Startup U,1,"Oct. 15, 2015",0.078,0.03
Job or No Job,1,"Aug. 5, 2015",0.138,0.06
Job or No Job,1,"Aug. 12, 2015",0.190,0.07
Job or No Job,1,"Sept. 3, 2015",0.097,0.06
Job or No Job,1,"Sept. 10, 2015",0.083,0.03
Job or No Job,1,"Sept. 17, 2015",0.138,0.06
Job or No Job,1,"Sept. 24, 2015",0.086,0.03
Job or No Job,1,"Sept. 30, 2015",0.058,0.02
Job or No Job,1,"Sept. 30, 2015",0.077,0.02
Job or No Job,1,"Oct. 1, 2015",0.125,0.03
The Closer,1,"Jun. 13, 2005",7.027,2.0
The Closer,1,"Jun. 20, 2005",5.569,1.5/4
The Closer,1,"Jun. 27, 2005",5.351,1.3/4
The Closer,1,"Jul. 4, 2005",3.777,-
The Closer,1,"Jul. 11, 2005",5.004,-
The Closer,1,"Jul. 18, 2005",4.914,1.3
The Closer,1,"Jul. 25, 2005",5.205,-
The Closer,1,"Aug. 1, 2005",6.125,1.8
The Closer,1,"Aug. 8, 2005",5.386,1.6
The Closer,1,"Aug. 15, 2005",5.114,1.5/4
The Closer,1,"Aug. 22, 2005",5.334,1.4
The Closer,1,"Aug. 29, 2005",5.770,1.5
The Closer,1,"Sept. 5, 2005",6.390,1.8/4
The Closer,2,"Jun. 12, 2006",8.278,2.0/5
The Closer,2,"Jun. 19, 2006",6.110,1.5/4
The Closer,2,"Jun. 26, 2006",5.58,1.4
The Closer,2,"Jul. 3, 2006",5.299,-
The Closer,2,"Jul. 10, 2006",6.400,1.6/5
The Closer,2,"Jul. 17, 2006",5.70,1.4/4
The Closer,2,"Jul. 24, 2006",6.63,1.7/5
The Closer,2,"Jul. 31, 2006",6.93,1.7/5
The Closer,2,"Aug. 7, 2006",6.442,1.6/4
The Closer,2,"Aug. 14, 2006",6.569,1.7/5
The Closer,2,"Aug. 21, 2006",6.345,1.8
The Closer,2,"Aug. 28, 2006",6.50,1.8/5
The Closer,2,"Sept. 4, 2006",7.59,2.1/5
The Closer,2,"Dec. 4, 2006",5.435,1.4
The Closer,3,"Jun. 18, 2007",8.812,2.2/
The Closer,3,"Jun. 25, 2007",6.448,1.5/4
The Closer,3,"Jul. 2, 2007",7.187,1.7/5
The Closer,3,"Jul. 9, 2007",7.408,1.8/5
The Closer,3,"Jul. 16, 2007",6.848,1.6/5
The Closer,3,"Jul. 23, 2007",7.288,1.5/4
The Closer,3,"Jul. 30, 2007",7.672,1.6/5
The Closer,3,"Aug. 6, 2007",7.526,1.6/5
The Closer,3,"Aug. 13, 2007",7.363,1.5/4
The Closer,3,"Aug. 20, 2007",7.72,1.7/5
The Closer,3,"Aug. 27, 2007",7.78,1.7/5
The Closer,3,"Sept. 3, 2007",8.172,2.0/5
The Closer,3,"Sept. 10, 2007",9.207,2.2/5
The Closer,3,"Dec. 3, 2007",6.053,1.3/3
The Closer,4,"Jul. 14, 2008",7.809,1.9/5
The Closer,4,"Jul. 21, 2008",7.058,1.6/5
The Closer,4,"Jul. 28, 2008",7.358,1.8/5
The Closer,4,"Aug. 4, 2008",7.863,1.8/5
The Closer,4,"Aug. 11, 2008",6.419,1.3
The Closer,4,"Aug. 18, 2008",6.445,1.4/4
The Closer,4,"Aug. 25, 2008",7.415,1.6
The Closer,4,"Sept. 1, 2008",8.050,2.0/5
The Closer,4,"Sept. 8, 2008",7.440,1.7/4
The Closer,4,"Sept. 15, 2008",7.627,1.8/4
The Closer,4,"Jan. 26, 2009",6.243,1.5
The Closer,4,"Feb. 2, 2009",5.369,1.2/3
The Closer,4,"Feb. 9, 2009",5.437,1.3/3
The Closer,4,"Feb. 16, 2009",5.887,-
The Closer,4,"Feb. 23, 2009",6.011,-
The Closer,5,"Jun. 8, 2009",7.139,1.7/5
The Closer,5,"Jun. 15, 2009",6.469,1.4/4
The Closer,5,"Jun. 22, 2009",6.410,1.4
The Closer,5,"Jun. 29, 2009",6.295,1.3/4
The Closer,5,"Jul. 6, 2009",6.053,-
The Closer,5,"Jul. 13, 2009",6.590,1.4/4
The Closer,5,"Jul. 20, 2009",6.601,1.4/4
The Closer,5,"Jul. 27, 2009",7.455,1.7/5
The Closer,5,"Aug. 3, 2009",6.976,-
The Closer,5,"Aug. 10, 2009",6.953,1.6
The Closer,5,"Aug. 17, 2009",7.313,1.6/4
The Closer,5,"Aug. 24, 2009",7.390,1.7/5
The Closer,5,"Dec. 7, 2009",6.180,1.4/3
The Closer,5,"Dec. 14, 2009",3.545,1.2/3
The Closer,5,"Dec. 21, 2009",5.971,1.4/4
The Closer,6,"Jul. 12, 2010",7.660,1.5/4
The Closer,6,"Jul. 19, 2010",6.972,1.3/4
The Closer,6,"Jul. 26, 2010",6.751,1.2/3
The Closer,6,"Aug. 2, 2010",6.942,1.5/4
The Closer,6,"Aug. 9, 2010",7.215,1.4/4
The Closer,6,"Aug. 16, 2010",6.818,1.2/3
The Closer,6,"Aug. 23, 2010",7.045,1.4/4
The Closer,6,"Aug. 30, 2010",7.607,1.4/4
The Closer,6,"Sept. 6, 2010",7.917,1.5/4
The Closer,6,"Sept. 13, 2010",7.209,1.4/4
The Closer,6,"Dec. 6, 2010",5.817,1.0/3
The Closer,6,"Dec. 13, 2010",5.456,1.0/3
The Closer,6,"Dec. 20, 2010",5.400,0.9/2
The Closer,6,"Dec. 27, 2010",6.514,1.2/
The Closer,6,"Jan. 3, 2011",6.626,1.1/3
The Closer,7,"Jul. 11, 2011",7.227,1.4
The Closer,7,"Jul. 18, 2011",6.470,1.1
The Closer,7,"Jul. 25, 2011",6.150,1.1
The Closer,7,"Aug. 1, 2011",6.553,1.3
The Closer,7,"Aug. 8, 2011",6.502,1.1
The Closer,7,"Aug. 15, 2011",6.725,1.2
The Closer,7,"Aug. 22, 2011",6.573,1.2
The Closer,7,"Aug. 29, 2011",6.831,1.2
The Closer,7,"Sept. 5, 2011",7.174,1.3
The Closer,7,"Sept. 12, 2011",6.154,1.0
The Closer,7,"Nov. 28, 2011",5.397,0.9
The Closer,7,"Dec. 5, 2011",4.854,0.8
The Closer,7,"Dec. 12, 2011",5.295,1.0
The Closer,7,"Dec. 19, 2011",5.812,1.0
The Closer,7,"Dec. 26, 2011",6.163,1.1
The Closer,7,"Jul. 9, 2012",6.145,0.9
The Closer,7,"Jul. 16, 2012",6.362,1.0
The Closer,7,"Jul. 23, 2012",5.836,1.0
The Closer,7,"Jul. 30, 2012",5.766,1.0
The Closer,7,"Aug. 6, 2012",6.002,1.0
The Closer,7,"Aug. 13, 2012",9.075,1.6
Raising the Bar,1,"Sept. 1, 2008",7.737,2.1
Raising the Bar,1,"Sept. 8, 2008",4.978,1.2
Raising the Bar,1,"Sept. 15, 2008",4.210,1.0
Raising the Bar,1,"Sept. 22, 2008",2.462,0.6
Raising the Bar,1,"Sept. 29, 2008",2.167,0.7
Raising the Bar,1,"Oct. 6, 2008",2.289,0.7
Raising the Bar,1,"Oct. 13, 2008",1.831,0.5
Raising the Bar,1,"Oct. 20, 2008",2.257,0.7
Raising the Bar,1,"Oct. 27, 2008",2.402,0.7
Raising the Bar,1,"Nov. 3, 2008",1.945,0.6
Raising the Bar,2,"Jun. 8, 2009",3.568,0.9
Raising the Bar,2,"Jun. 15, 2009",3.45,0.9
Raising the Bar,2,"Jun. 22, 2009",3.06,0.7
Raising the Bar,2,"Jun. 29, 2009",3.300,0.7
Raising the Bar,2,"Jul. 6, 2009",3.090,0.7
Raising the Bar,2,"Jul. 13, 2009",3.441,-
Raising the Bar,2,"Jul. 20, 2009",3.202,0.7
Raising the Bar,2,"Jul. 27, 2009",3.535,0.8
Raising the Bar,2,"Aug. 3, 2009",3.420,-
Raising the Bar,2,"Aug. 10, 2009",3.061,-
Raising the Bar,2,"Aug. 17, 2009",3.465,0.8
Raising the Bar,2,"Aug. 24, 2009",3.391,0.8
Raising the Bar,2,"Dec. 24, 2009",1.044,0.3
Raising the Bar,2,"Dec. 24, 2009",1.069,0.3
Raising the Bar,2,"Dec. 24, 2009",1.030,0.3
The Soul Man,1,"Jun. 20, 2012",1.924,0.6
The Soul Man,1,"Jun. 27, 2012",1.201,0.3
The Soul Man,1,"Jul. 4, 2012",0.807,0.3
The Soul Man,1,"Jul. 11, 2012",0.886,0.3
The Soul Man,1,"Jul. 18, 2012",0.851,0.3
The Soul Man,1,"Jul. 25, 2012",1.117,0.3
The Soul Man,1,"Aug. 1, 2012",0.951,0.3
The Soul Man,1,"Aug. 8, 2012",1.027,0.4
The Soul Man,1,"Aug. 15, 2012",1.030,0.3
The Soul Man,1,"Aug. 22, 2012",0.967,0.3
The Soul Man,1,"Aug. 29, 2012",1.014,0.3
The Soul Man,1,"Sept. 5, 2012",0.992,0.3
The Soul Man,2,"Jun. 19, 2013",0.830,0.24
The Soul Man,2,"Jun. 26, 2013",0.773,0.22
The Soul Man,2,"Jul. 10, 2013",0.622,0.19
The Soul Man,2,"Jul. 17, 2013",0.852,0.23
The Soul Man,2,"Jul. 24, 2013",0.717,0.23
The Soul Man,2,"Jul. 31, 2013",0.903,0.3
The Soul Man,2,"Aug. 7, 2013",0.897,0.3
The Soul Man,2,"Aug. 14, 2013",0.794,0.27
The Soul Man,2,"Aug. 21, 2013",0.957,0.26
The Soul Man,2,"Aug. 28, 2013",0.885,0.3
The Soul Man,3,"Mar. 26, 2014",1.019,0.30
The Soul Man,3,"Apr. 2, 2014",0.806,0.21
The Soul Man,3,"Apr. 9, 2014",0.814,0.18
The Soul Man,3,"Apr. 16, 2014",0.782,0.15
The Soul Man,3,"Apr. 23, 2014",0.686,0.21
The Soul Man,3,"Apr. 30, 2014",0.717,0.21
The Soul Man,3,"May 7, 2014",0.658,0.11
The Soul Man,3,"May 14, 2014",0.770,0.23
The Soul Man,4,"Mar. 18, 2015",0.606,0.20
The Soul Man,4,"Mar. 25, 2015",0.456,0.10
The Soul Man,4,"Apr. 1, 2015",0.610,0.16
The Soul Man,4,"Apr. 8, 2015",0.462,0.18
The Soul Man,4,"Apr. 15, 2015",0.485,0.17
The Soul Man,4,"Apr. 22, 2015",0.396,0.09
The Soul Man,4,"Apr. 29, 2015",0.396,0.11
The Soul Man,4,"May 6, 2015",0.539,0.17
The Soul Man,4,"May 13, 2015",0.585,0.20
The Soul Man,4,"May 20, 2015",0.478,0.11
The Soul Man,4,"May 27, 2015",0.399,0.08
The Soul Man,4,"May 27, 2015",0.335,0.07
The Soul Man,5,"Mar. 30, 2016",0.445,0.12
The Soul Man,5,"Apr. 6, 2016",0.398,0.12
The Soul Man,5,"Apr. 13, 2016",0.301,0.09
The Soul Man,5,"Apr. 20, 2016",0.358,0.08
The Soul Man,5,"Apr. 27, 2016",0.308,0.08
The Soul Man,5,"May 4, 2016",0.311,0.10
The Soul Man,5,"May 11, 2016",0.276,0.07
The Soul Man,5,"May 18, 2016",0.391,0.11
The Soul Man,5,"May 25, 2016",0.298,0.07
The Soul Man,5,"Jun. 1, 2016",0.314,0.08
The Soul Man,5,"Jun. 15, 2016",0.315,0.08
The Soul Man,5,"Jun. 22, 2016",0.322,0.07
Clique,1,"Nov. 7, 2018",0.011,0.00
Clique,1,"Nov. 7, 2018",0.011,0.00
Clique,1,"Nov. 14, 2018",0.012,0.00
Clique,1,"Nov. 21, 2018",0.040,0.01
Clique,1,"Nov. 28, 2018",0.011,0.00
Clique,1,"Nov. 28, 2018",0.011,0.00
Clique,2,"Jul. 4, 2019",0.014,0.00
Clique,2,"Jul. 4, 2019",0.008,0.00
Clique,2,"Jul. 4, 2019",0.006,0.00
Clique,2,"Jul. 4, 2019",0.010,0.00
Clique,2,"Jul. 4, 2019",0.013,0.00
Clique,2,"Jul. 4, 2019",0.010,0.00
Helix,1,"Jan. 10, 2014",1.824,0.58
Helix,1,"Jan. 17, 2014",1.337,0.43
Helix,1,"Jan. 24, 2014",1.393,0.44
Helix,1,"Jan. 31, 2014",1.132,0.39
Helix,1,"Feb. 7, 2014",1.331,0.46
Helix,1,"Feb. 14, 2014",1.169,0.32
Helix,1,"Feb. 21, 2014",1.476,0.43
Helix,1,"Feb. 28, 2014",1.287,0.41
Helix,1,"Mar. 7, 2014",1.281,0.43
Helix,1,"Mar. 14, 2014",1.181,0.46
Helix,1,"Mar. 21, 2014",1.237,0.43
Helix,1,"Mar. 28, 2014",1.375,0.44
Helix,2,"Jan. 16, 2015",1.003,0.30
Helix,2,"Jan. 23, 2015",0.697,0.29
Helix,2,"Jan. 30, 2015",0.634,0.22
Helix,2,"Feb. 6, 2015",0.484,0.14
Helix,2,"Feb. 13, 2015",0.443,0.13
Helix,2,"Feb. 20, 2015",0.474,0.10
Helix,2,"Feb. 27, 2015",0.465,0.13
Helix,2,"Mar. 6, 2015",0.522,0.15
Helix,2,"Mar. 13, 2015",0.547,0.19
Helix,2,"Mar. 20, 2015",0.570,0.18
Helix,2,"Mar. 27, 2015",0.519,0.15
Helix,2,"Apr. 3, 2015",0.540,0.16
Helix,2,"Apr. 10, 2015",0.438,0.12
The Exes,1,"Nov. 30, 2011",1.435,0.3
The Exes,1,"Dec. 7, 2011",0.938,0.2
The Exes,1,"Dec. 14, 2011",1.181,0.3
The Exes,1,"Dec. 21, 2011",1.177,0.3
The Exes,1,"Dec. 28, 2011",1.466,0.3
The Exes,1,"Jan. 4, 2012",1.316,0.3
The Exes,1,"Jan. 11, 2012",1.237,0.3
The Exes,1,"Jan. 18, 2012",0.985,0.2
The Exes,1,"Jan. 25, 2012",0.931,0.2
The Exes,1,"Feb. 1, 2012",1.188,0.3
The Exes,2,"Jun. 20, 2012",1.241,0.4
The Exes,2,"Jun. 27, 2012",0.928,0.3
The Exes,2,"Jul. 4, 2012",0.787,0.3
The Exes,2,"Jul. 11, 2012",0.741,0.2
The Exes,2,"Jul. 18, 2012",0.787,0.3
The Exes,2,"Jul. 25, 2012",0.922,0.3
The Exes,2,"Aug. 1, 2012",0.814,0.3
The Exes,2,"Aug. 8, 2012",0.908,0.3
The Exes,2,"Aug. 15, 2012",0.976,0.3
The Exes,2,"Aug. 22, 2012",0.952,0.3
The Exes,2,"Aug. 29, 2012",0.951,0.2
The Exes,2,"Sept. 5, 2012",0.928,0.3
The Exes,3,"Jun. 19, 2013",1.266,0.4
The Exes,3,"Jun. 26, 2013",0.942,0.2
The Exes,3,"Jul. 10, 2013",0.886,0.3
The Exes,3,"Jul. 17, 2013",1.076,0.3
The Exes,3,"Jul. 24, 2013",0.997,0.3
The Exes,3,"Jul. 31, 2013",1.188,0.4
The Exes,3,"Aug. 7, 2013",1.118,0.3
The Exes,3,"Aug. 14, 2013",0.952,0.2
The Exes,3,"Aug. 21, 2013",1.273,0.3
The Exes,3,"Aug. 28, 2013",1.220,0.3
The Exes,3,"Dec. 11, 2013",0.549,0.1
The Exes,3,"Dec. 18, 2013",0.667,0.2
The Exes,3,"Jan. 1, 2014",0.877,0.2
The Exes,3,"Jan. 8, 2014",0.818,0.1
The Exes,3,"Jan. 22, 2014",0.786,0.14
The Exes,3,"Jan. 29, 2014",0.896,0.25
The Exes,3,"Feb. 5, 2014",0.870,0.21
The Exes,3,"Feb. 12, 2014",0.693,0.15
The Exes,3,"Feb. 19, 2014",0.636,0.17
The Exes,3,"Feb. 26, 2014",0.999,0.22
The Exes,4,"Nov. 5, 2014",0.472,0.11
The Exes,4,"Nov. 12, 2014",0.665,0.14
The Exes,4,"Nov. 19, 2014",0.507,0.10
The Exes,4,"Nov. 26, 2014",0.723,0.18
The Exes,4,"Dec. 3, 2014",0.454,0.10
The Exes,4,"Dec. 10, 2014",0.703,0.20
The Exes,4,"Dec. 17, 2014",0.614,0.10
The Exes,4,"Jan. 7, 2015",0.551,0.13
The Exes,4,"Jan. 14, 2015",0.601,0.14
The Exes,4,"Jan. 21, 2015",0.685,0.16
The Exes,4,"Jan. 28, 2015",0.674,0.17
The Exes,4,"Feb. 4, 2015",0.609,0.15
The Exes,4,"Jul. 15, 2015",0.537,0.15
The Exes,4,"Jul. 22, 2015",0.428,0.08
The Exes,4,"Jul. 29, 2015",0.420,0.12
The Exes,4,"Aug. 5, 2015",0.343,0.09
The Exes,4,"Aug. 12, 2015",0.416,0.11
The Exes,4,"Aug. 19, 2015",0.418,0.09
The Exes,4,"Aug. 26, 2015",0.352,0.09
The Exes,4,"Sept. 2, 2015",0.495,0.14
The Exes,4,"Sept. 9, 2015",0.364,0.08
The Exes,4,"Sept. 16, 2015",0.419,0.10
Looking,1,"Jan. 19, 2014",0.338,0.15
Looking,1,"Jan. 26, 2014",0.286,0.12
Looking,1,"Feb. 1, 2014",0.118,0.06
Looking,1,"Feb. 2, 2014*",0.183,0.08
Looking,1,"Feb. 9, 2014",0.446,0.2
Looking,1,"Feb. 16, 2014",0.505,0.26
Looking,1,"Feb. 23, 2014",0.519,-
Looking,1,"Mar. 2, 2014",0.433,0.20
Looking,1,"Mar. 9, 2014",0.425,0.20
Looking,2,"Jan. 11, 2015",0.183,0.09
Looking,2,"Jan. 18, 2015",0.195,0.09
Looking,2,"Jan. 25, 2015",0.324,0.15
Looking,2,"Feb. 8, 2015",0.192,0.09
Looking,2,"Feb. 15, 2015",0.150,0.04
Looking,2,"Feb. 22, 2015",0.204,0.10
Looking,2,"Mar. 1, 2015",0.239,0.11
Looking,2,"Mar. 8, 2015",0.303,0.10
Looking,2,"Mar. 15, 2015",0.312,0.14
Looking,2,"Mar. 22, 2015",0.298,0.12
Looking Movie,1,"Jul. 23, 2016",0.284,0.10
Damages,1,"Jul. 24, 2007",3.656,0.9/3
Damages,1,"Jul. 31, 2007",2.933,1.0/3
Damages,1,"Aug. 7, 2007",2.056,0.7
Damages,1,"Aug. 14, 2007",2.121,0.7
Damages,1,"Aug. 21, 2007",2.149,0.8/2
Damages,1,"Sept. 4, 2007",2.139,0.8
Damages,1,"Sept. 11, 2007",2.137,0.7
Damages,1,"Sept. 18, 2007",1.699,0.6/2
Damages,1,"Sept. 25, 2007",1.162,0.5/1
Damages,1,"Oct. 2, 2007",1.363,0.4
Damages,1,"Oct. 9, 2007",1.383,0.5
Damages,1,"Oct. 16, 2007",1.650,0.6
Damages,1,"Oct. 23, 2007",1.694,0.6/2
Damages,2,"Jan. 7, 2009",1.715,0.5/1
Damages,2,"Jan. 14, 2009",1.135,0.5/1
Damages,2,"Jan. 21, 2009",0.761,0.3
Damages,2,"Jan. 28, 2009",1.027,0.4
Damages,2,"Feb. 4, 2009",0.850,0.3/1
Damages,2,"Feb. 11, 2009",0.941,0.4/1
Damages,2,"Feb. 18, 2009",0.864,0.3/1
Damages,2,"Feb. 25, 2009",0.887,0.3/1
Damages,2,"Mar. 4, 2009",0.974,0.3
Damages,2,"Mar. 11, 2009",0.703,0.2/1
Damages,2,"Mar. 18, 2009",0.632,0.2/1
Damages,2,"Mar. 25, 2009",0.890,0.3/1
Damages,2,"Apr. 1, 2009",1.048,0.4/1
Damages,3,"Jan. 25, 2010",1.428,0.3/1
Damages,3,"Feb. 1, 2010",1.022,0.2/1
Damages,3,"Feb. 8, 2010",1.075,0.2/1
Damages,3,"Feb. 15, 2010",0.873,0.2/1
Damages,3,"Feb. 22, 2010",0.816,0.2/0
Damages,3,"Mar. 1, 2010",0.965,0.3/1
Damages,3,"Mar. 8, 2010",0.924,0.2/1
Damages,3,"Mar. 15, 2010",0.967,0.2/1
Damages,3,"Mar. 22, 2010",0.925,0.2/1
Damages,3,"Mar. 29, 2010",0.654,0.2/0
Damages,3,"Apr. 5, 2010",0.745,0.2/1
Damages,3,"Apr. 12, 2010",0.760,0.2/0
Damages,3,"Apr. 19, 2010",0.906,0.2/0
Beyond,1,"Jan. 1, 2017",0.946,0.34
Beyond,1,"Jan. 2, 2017",1.182,0.31
Beyond,1,"Jan. 2, 2017",1.066,0.27
Beyond,1,"Jan. 9, 2017",0.599,0.17
Beyond,1,"Jan. 16, 2017",0.506,0.14
Beyond,1,"Jan. 23, 2017",0.412,0.14
Beyond,1,"Jan. 30, 2017",0.381,0.13
Beyond,1,"Feb. 6, 2017",0.321,0.11
Beyond,1,"Feb. 13, 2017",0.345,0.09
Beyond,1,"Feb. 20, 2017",0.376,0.13
Beyond,1,"Feb. 27, 2017",0.304,0.09
Beyond,2,"Jan. 18, 2018",0.312,0.10
Beyond,2,"Jan. 18, 2018",0.149,0.05
Beyond,2,"Jan. 25, 2018",0.234,0.07
Beyond,2,"Feb. 1, 2018",0.233,0.08
Beyond,2,"Feb. 8, 2018",0.246,0.07
Beyond,2,"Feb. 15, 2018",0.377,0.14
Beyond,2,"Mar. 1, 2018",0.230,0.09
Beyond,2,"Mar. 8, 2018",0.153,0.05
Beyond,2,"Mar. 15, 2018",0.241,0.09
Beyond,2,"Mar. 22, 2018",0.263,0.09
The Comeback,1,"Jun. 5, 2005",1.505,1.0
The Comeback,1,"Jun. 12, 2005",0.925,0.7
The Comeback,1,"Jun. 19, 2005",0.784,0.6
The Comeback,1,"Jun. 26, 2005",0.847,0.6
The Comeback,1,"Jul. 10, 2005",0.931,0.6
The Comeback,1,"Jul. 17, 2005",0.786,0.5
The Comeback,1,"Jul. 24, 2005",0.955,0.7
The Comeback,1,"Jul. 31, 2005",1.120,0.8
The Comeback,1,"Aug. 7, 2005",0.937,0.6
The Comeback,1,"Aug. 14, 2005",0.793,0.6
The Comeback,1,"Aug. 21, 2005",1.038,0.7
The Comeback,1,"Aug. 28, 2005",0.878,0.7
The Comeback,1,"Sept. 4, 2005",0.920,0.7
The Comeback,2,"Nov. 9, 2014",0.300,0.11
The Comeback,2,"Nov. 16, 2014",0.183,0.06
The Comeback,2,"Nov. 23, 2014",0.221,0.09
The Comeback,2,"Nov. 30, 2014",0.267,0.11
The Comeback,2,"Dec. 7, 2014",0.216,0.10
The Comeback,2,"Dec. 14, 2014",0.238,0.09
The Comeback,2,"Dec. 21, 2014",0.134,0.06
The Comeback,2,"Dec. 28, 2014",0.242,0.12
Faking It,1,"Apr. 22, 2014",1.165,0.51
Faking It,1,"Apr. 29, 2014",0.859,0.35
Faking It,1,"May 6, 2014",0.928,0.41
Faking It,1,"May 13, 2014",0.858,0.42
Faking It,1,"May 20, 2014",0.885,0.38
Faking It,1,"May 27, 2014",0.952,0.44
Faking It,1,"Jun. 3, 2014",0.980,0.44
Faking It,1,"Jun. 10, 2014",0.966,0.39
Faking It,2,"Sept. 23, 2014",1.042,0.51
Faking It,2,"Sept. 30, 2014",0.751,0.36
Faking It,2,"Oct. 7, 2014",0.729,0.33
Faking It,2,"Oct. 14, 2014",0.645,0.31
Faking It,2,"Oct. 21, 2014",0.713,0.36
Faking It,2,"Oct. 28, 2014",0.687,0.35
Faking It,2,"Nov. 4, 2014",0.674,0.33
Faking It,2,"Nov. 11, 2014",0.912,0.36
Faking It,2,"Nov. 18, 2014",0.845,0.41
Faking It,2,"Nov. 25, 2014",0.897,0.40
Faking It,2,"Aug. 31, 2015",0.922,0.48
Faking It,2,"Sept. 7, 2015",0.584,0.20
Faking It,2,"Sept. 14, 2015",0.439,0.18
Faking It,2,"Sept. 21, 2015",0.401,0.21
Faking It,2,"Sept. 28, 2015",0.584,0.25
Faking It,2,"Oct. 5, 2015",0.374,0.19
Faking It,2,"Oct. 12, 2015",0.390,0.20
Faking It,2,"Oct. 19, 2015",0.508,0.23
Faking It,2,"Oct. 26, 2015",0.441,0.20
Faking It,2,"Nov. 2, 2015",0.515,0.24
Faking It,3,"Mar. 15, 2016",0.284,0.13
Faking It,3,"Mar. 22, 2016",0.398,0.21
Faking It,3,"Mar. 29, 2016",0.371,0.19
Faking It,3,"Apr. 5, 2016",0.365,0.19
Faking It,3,"Apr. 12, 2016",0.354,0.17
Faking It,3,"Apr. 19, 2016",0.385,0.22
Faking It,3,"Apr. 26, 2016",0.345,0.17
Faking It,3,"May 3, 2016",0.472,0.26
Faking It,3,"May 10, 2016",0.337,0.20
Faking It,3,"May 17, 2016",0.396,0.19
Burn Notice,1,"Jun. 28, 2007",3.985,1.5
Burn Notice,1,"Jul. 5, 2007",3.944,1.4
Burn Notice,1,"Jul. 12, 2007",3.247,1.1
Burn Notice,1,"Jul. 19, 2007",3.330,-
Burn Notice,1,"Jul. 26, 2007",3.514,1.1
Burn Notice,1,"Aug. 2, 2007",4.406,1.7
Burn Notice,1,"Aug. 9, 2007",4.143,1.6
Burn Notice,1,"Aug. 16, 2007",4.23,1.6
Burn Notice,1,"Aug. 23, 2007",4.08,1.4
Burn Notice,1,"Sept. 13, 2007",4.02,1.5
Burn Notice,1,"Sept. 20, 2007",4.78,1.6
Burn Notice,2,"Jul. 10, 2008",5.385,1.8
Burn Notice,2,"Jul. 17, 2008",4.865,1.6
Burn Notice,2,"Jul. 24, 2008",4.760,1.6
Burn Notice,2,"Jul. 31, 2008",4.863,1.7
Burn Notice,2,"Aug. 7, 2008",4.558,1.5
Burn Notice,2,"Aug. 14, 2008",3.881,1.4
Burn Notice,2,"Aug. 21, 2008",3.864,1.3
Burn Notice,2,"Sept. 11, 2008",4.768,1.7
Burn Notice,2,"Sept. 18, 2008",4.665,1.6
Burn Notice,2,"Jan. 22, 2009",5.124,1.9
Burn Notice,2,"Jan. 29, 2009",5.376,2.0
Burn Notice,2,"Feb. 5, 2009",5.271,1.8
Burn Notice,2,"Feb. 12, 2009",4.845,1.8
Burn Notice,2,"Feb. 19, 2009",4.677,1.7
Burn Notice,2,"Feb. 26, 2009",4.848,1.6
Burn Notice,2,"Mar. 5, 2009",6.090,2.1
Burn Notice,3,"Jun. 4, 2009",5.992,1.9
Burn Notice,3,"Jun. 11, 2009",5.242,1.6
Burn Notice,3,"Jun. 18, 2009",5.872,1.9
Burn Notice,3,"Jun. 25, 2009",5.346,-
Burn Notice,3,"Jul. 9, 2009",5.505,1.7
Burn Notice,3,"Jul. 16, 2009",6.664,2.0
Burn Notice,3,"Jul. 23, 2009",6.803,1.9
Burn Notice,3,"Jul. 30, 2009",6.634,1.9
Burn Notice,3,"Aug. 6, 2009",7.594,2.1
Burn Notice,3,"Jan. 21, 2010",5.351,1.9
Burn Notice,3,"Jan. 28, 2010",5.304,1.9
Burn Notice,3,"Feb. 4, 2010",4.247,1.7
Burn Notice,3,"Feb. 11, 2010",4.658,1.7
Burn Notice,3,"Feb. 18, 2010",4.117,1.4
Burn Notice,3,"Feb. 25, 2010",4.499,1.6
Burn Notice,3,"Mar. 4, 2010",4.323,1.6
Burn Notice,4,"Jun. 3, 2010",6.618,2.0
Burn Notice,4,"Jun. 10, 2010",5.674,1.8
Burn Notice,4,"Jun. 17, 2010",5.306,1.6
Burn Notice,4,"Jun. 24, 2010",5.333,1.6
Burn Notice,4,"Jul. 1, 2010",5.213,1.5
Burn Notice,4,"Jul. 15, 2010",5.647,1.8
Burn Notice,4,"Jul. 22, 2010",5.871,1.7
Burn Notice,4,"Jul. 29, 2010",5.378,1.7
Burn Notice,4,"Aug. 5, 2010",5.687,1.6
Burn Notice,4,"Aug. 12, 2010",5.574,1.5
Burn Notice,4,"Aug. 19, 2010",5.503,1.5
Burn Notice,4,"Aug. 26, 2010",6.285,2.0
Burn Notice,4,"Nov. 11, 2010",4.317,1.5
Burn Notice,4,"Nov. 18, 2010",3.500,1.3
Burn Notice,4,"Dec. 2, 2010",3.695,1.2
Burn Notice,4,"Dec. 9, 2010",4.430,1.5
Burn Notice,4,"Dec. 16, 2010",4.774,1.5
Burn Notice,4,"Dec. 16, 2010",5.111,1.7
Burn Notice,5,"Jun. 23, 2011",5.167,1.7
Burn Notice,5,"Jun. 30, 2011",4.666,1.3
Burn Notice,5,"Jul. 7, 2011",4.884,1.4
Burn Notice,5,"Jul. 14, 2011",5.394,1.5
Burn Notice,5,"Jul. 21, 2011",5.390,1.5
Burn Notice,5,"Jul. 28, 2011",4.997,1.4
Burn Notice,5,"Aug. 4, 2011",5.211,1.4
Burn Notice,5,"Aug. 11, 2011",4.749,1.2
Burn Notice,5,"Aug. 18, 2011",5.316,1.5
Burn Notice,5,"Aug. 25, 2011",4.576,1.3
Burn Notice,5,"Sept. 1, 2011",4.074,1.1
Burn Notice,5,"Sept. 8, 2011",4.393,1.3
Burn Notice,5,"Nov. 3, 2011",2.863,1.0
Burn Notice,5,"Nov. 10, 2011",2.664,1.0
Burn Notice,5,"Nov. 17, 2011",2.362,0.8
Burn Notice,5,"Dec. 1, 2011",3.116,1.2
Burn Notice,5,"Dec. 8, 2011",2.787,1.0
Burn Notice,5,"Dec. 15, 2011",2.885,1.1
Burn Notice,6,"Jun. 14, 2012",3.872,1.2
Burn Notice,6,"Jun. 21, 2012",4.094,1.2
Burn Notice,6,"Jun. 28, 2012",4.111,1.2
Burn Notice,6,"Jul. 12, 2012",4.438,1.2
Burn Notice,6,"Jul. 19, 2012",4.974,1.3
Burn Notice,6,"Jul. 26, 2012",4.858,1.4
Burn Notice,6,"Aug. 2, 2012",4.316,1.3
Burn Notice,6,"Aug. 9, 2012",4.036,1.1
Burn Notice,6,"Aug. 16, 2012",4.356,1.2
Burn Notice,6,"Aug. 23, 2012",4.958,1.3
Burn Notice,6,"Nov. 8, 2012",3.473,1.1
Burn Notice,6,"Nov. 15, 2012",3.171,0.9
Burn Notice,6,"Nov. 29, 2012",3.140,1.0
Burn Notice,6,"Dec. 6, 2012",3.156,1.0
Burn Notice,6,"Dec. 13, 2012",2.856,0.9
Burn Notice,6,"Dec. 20, 2012",3.781,1.0
Burn Notice,7,"Jun. 6, 2013",4.319,1.2
Burn Notice,7,"Jun. 13, 2013",4.288,1.2
Burn Notice,7,"Jun. 20, 2013",3.401,0.9
Burn Notice,7,"Jun. 27, 2013",3.871,1.1
Burn Notice,7,"Jul. 11, 2013",3.041,1.0
Burn Notice,7,"Jul. 18, 2013",2.858,0.7
Burn Notice,7,"Jul. 25, 2013",3.063,1.0
Burn Notice,7,"Aug. 1, 2013",3.598,1.0
Burn Notice,7,"Aug. 8, 2013",3.692,1.0
Burn Notice,7,"Aug. 15, 2013",3.655,1.0
Burn Notice,7,"Aug. 22, 2013",3.643,0.9
Burn Notice,7,"Sept. 5, 2013",3.793,1.2
Burn Notice,7,"Sept. 12, 2013",4.972,1.3
Mr. Robot,1,"Jun. 24, 2015",1.752,0.46
Mr. Robot,1,"Jul. 1, 2015",1.731,0.55
Mr. Robot,1,"Jul. 8, 2015",1.602,0.59
Mr. Robot,1,"Jul. 15, 2015",1.274,0.43
Mr. Robot,1,"Jul. 22, 2015",1.384,0.48
Mr. Robot,1,"Jul. 29, 2015",1.249,0.42
Mr. Robot,1,"Aug. 5, 2015",1.150,0.47
Mr. Robot,1,"Aug. 12, 2015",1.238,0.44
Mr. Robot,1,"Aug. 19, 2015",1.319,0.49
Mr. Robot,1,"Sept. 2, 2015",1.210,0.46
Mr. Robot,2,"Jul. 13, 2016",1.040,0.43
Mr. Robot,2,"Jul. 13, 2016",1.040,0.43
Mr. Robot,2,"Jul. 20, 2016",0.799,0.30
Mr. Robot,2,"Jul. 27, 2016",0.637,0.26
Mr. Robot,2,"Aug. 3, 2016",0.705,0.24
Mr. Robot,2,"Aug. 10, 2016",0.572,0.22
Mr. Robot,2,"Aug. 17, 2016",0.652,0.25
Mr. Robot,2,"Aug. 24, 2016",0.742,0.30
Mr. Robot,2,"Aug. 31, 2016",0.651,0.26
Mr. Robot,2,"Sept. 7, 2016",0.765,0.29
Mr. Robot,2,"Sept. 14, 2016",0.686,0.32
Mr. Robot,2,"Sept. 21, 2016",0.852,0.39
Mr. Robot,3,"Oct. 11, 2017",0.681,0.30
Mr. Robot,3,"Oct. 18, 2017",0.519,0.23
Mr. Robot,3,"Oct. 25, 2017",0.542,0.18
Mr. Robot,3,"Nov. 1, 2017",0.552,0.22
Mr. Robot,3,"Nov. 8, 2017",0.521,0.21
Mr. Robot,3,"Nov. 15, 2017",0.598,0.27
Mr. Robot,3,"Nov. 22, 2017",0.545,0.19
Mr. Robot,3,"Nov. 29, 2017",0.444,0.17
Mr. Robot,3,"Dec. 6, 2017",0.437,0.20
Mr. Robot,3,"Dec. 13, 2017",0.454,0.19
Mr. Robot,4,"Oct. 6, 2019",0.444,0.14
Mr. Robot,4,"Oct. 13, 2019",0.342,0.10
Mr. Robot,4,"Oct. 20, 2019",0.297,0.10
Mr. Robot,4,"Oct. 27, 2019",0.348,0.10
Mr. Robot,4,"Nov. 3, 2019",0.314,0.08
Mr. Robot,4,"Nov. 10, 2019",0.366,0.11
Mr. Robot,4,"Nov. 17, 2019",0.361,0.12
Mr. Robot,4,"Nov. 24, 2019",0.376,0.13
Mr. Robot,4,"Dec. 1, 2019",0.363,0.12
Mr. Robot,4,"Dec. 8, 2019",0.452,0.14
Mr. Robot,4,"Dec. 15, 2019",0.442,0.13
Mr. Robot,4,"Dec. 22, 2019",0.464,0.15
Mr. Robot,4,"Dec. 22, 2019",0.318,0.09
Fairly Legal,1,"Jan. 20, 2011",3.876,1.1
Fairly Legal,1,"Jan. 27, 2011",4.095,1.0
Fairly Legal,1,"Feb. 3, 2011",3.674,1.0
Fairly Legal,1,"Feb. 10, 2011",3.471,1.0
Fairly Legal,1,"Feb. 17, 2011",3.223,0.8
Fairly Legal,1,"Feb. 24, 2011",3.058,0.7
Fairly Legal,1,"Mar. 3, 2011",3.205,0.9
Fairly Legal,1,"Mar. 10, 2011",2.812,0.9
Fairly Legal,1,"Mar. 17, 2011",4.044,0.9
Fairly Legal,1,"Mar. 24, 2011",4.079,0.9
Fairly Legal,2,"Mar. 16, 2012",3.497,0.7
Fairly Legal,2,"Mar. 23, 2012",3.355,0.6
Fairly Legal,2,"Mar. 30, 2012",2.774,0.7
Fairly Legal,2,"Apr. 6, 2012",2.907,0.7
Fairly Legal,2,"Apr. 13, 2012",2.830,0.6
Fairly Legal,2,"Apr. 20, 2012",2.917,0.5
Fairly Legal,2,"Apr. 27, 2012",2.554,0.6
Fairly Legal,2,"May 4, 2012",2.672,0.6
Fairly Legal,2,"May 11, 2012",1.879,0.4
Fairly Legal,2,"May 18, 2012",2.608,0.5
Fairly Legal,2,"Jun. 1, 2012",2.515,0.6
Fairly Legal,2,"Jun. 8, 2012",2.647,0.7
Fairly Legal,2,"Jun. 15, 2012",2.481,0.6
Finding Carter,1,"Jul. 8, 2014",1.687,0.73
Finding Carter,1,"Jul. 8, 2014",1.440,0.6
Finding Carter,1,"Jul. 15, 2014",1.269,0.56
Finding Carter,1,"Jul. 22, 2014",1.217,0.5
Finding Carter,1,"Jul. 29, 2014",0.985,0.40
Finding Carter,1,"Aug. 5, 2014",1.194,0.47
Finding Carter,1,"Aug. 12, 2014",0.944,0.40
Finding Carter,1,"Aug. 19, 2014",1.121,0.44
Finding Carter,1,"Aug. 26, 2014",1.010,0.50
Finding Carter,1,"Sept. 2, 2014",0.973,0.43
Finding Carter,1,"Sept. 9, 2014",0.888,0.41
Finding Carter,1,"Sept. 16, 2014",0.999,0.48
Finding Carter,2,"Mar. 31, 2015",1.099,0.52
Finding Carter,2,"Apr. 7, 2015",0.829,0.43
Finding Carter,2,"Apr. 14, 2015",0.822,0.44
Finding Carter,2,"Apr. 21, 2015",0.791,0.43
Finding Carter,2,"Apr. 28, 2015",0.761,0.37
Finding Carter,2,"May 5, 2015",0.661,0.32
Finding Carter,2,"May 12, 2015",0.723,0.38
Finding Carter,2,"May 19, 2015",0.577,0.30
Finding Carter,2,"May 26, 2015",0.543,0.28
Finding Carter,2,"Jun. 2, 2015",0.691,0.36
Finding Carter,2,"Jun. 9, 2015",0.529,0.26
Finding Carter,2,"Jun. 16, 2015",0.556,0.28
Finding Carter,2,"Oct. 6, 2015",0.473,0.25
Finding Carter,2,"Oct. 13, 2015",0.523,0.28
Finding Carter,2,"Oct. 20, 2015",0.357,0.18
Finding Carter,2,"Oct. 27, 2015",0.488,0.26
Finding Carter,2,"Nov. 3, 2015",0.401,0.23
Finding Carter,2,"Nov. 10, 2015",0.544,0.30
Finding Carter,2,"Nov. 17, 2015",0.467,0.21
Finding Carter,2,"Nov. 24, 2015",0.361,0.18
Finding Carter,2,"Dec. 1, 2015",0.303,0.16
Finding Carter,2,"Dec. 8, 2015",0.358,0.18
Finding Carter,2,"Dec. 15, 2015",0.337,0.18
Finding Carter,2,"Dec. 15, 2015",0.334,0.17
"Signed, Sealed, Delivered",1,"Oct. 12, 2013",1.715,0.20
"Signed, Sealed, Delivered",1,"Apr. 20, 2014",1.7,-
"Signed, Sealed, Delivered",1,"Apr. 27, 2014",1.44,-
"Signed, Sealed, Delivered",1,"May 4, 2014",1.687,0.3
"Signed, Sealed, Delivered",1,"May 11, 2014",1.303,-
"Signed, Sealed, Delivered",1,"May 18, 2014",1.437,-
"Signed, Sealed, Delivered",1,"May 25, 2014",1.264,0.15
"Signed, Sealed, Delivered",1,"Jun. 1, 2014",1.273,-
"Signed, Sealed, Delivered",1,"Jun. 8, 2014",1.609,0.2
"Signed, Sealed, Delivered",1,"Jun. 15, 2014",1.473,0.2
"Signed, Sealed, Delivered",1,"Jun. 22, 2014",1.516,-
"Signed, Sealed, Delivered TV Movie",1,"Nov. 23, 2014",0.755,0.08
"Signed, Sealed, Delivered TV Movie",1,"Jun. 6, 2015",0.830,0.07
"Signed, Sealed, Delivered TV Movie",1,"Sept. 13, 2015",0.806,0.07
"Signed, Sealed, Delivered TV Movie",1,"Oct. 4, 2015",0.798,0.06
"Signed, Sealed, Delivered TV Movie",1,"Feb. 21, 2016",0.807,0.10
"Signed, Sealed, Delivered TV Movie",1,"Jul. 24, 2016",1.021,0.11
"Signed, Sealed, Delivered TV Movie",1,"Sept. 25, 2016",0.996,0.09
"Signed, Sealed, Delivered TV Movie",1,"Feb. 19, 2017",1.114,0.11
"Signed, Sealed, Delivered TV Movie",1,"Sept. 24, 2017",1.245,0.09
"Signed, Sealed, Delivered TV Movie",1,"Feb. 11, 2018",1.155,0.09
"Signed, Sealed, Delivered TV Movie",1,"Jul. 15, 2018",1.455,0.15
Public Morals,1,"Aug. 25, 2015",2.143,0.28
Public Morals,1,"Sept. 1, 2015",1.531,0.25
Public Morals,1,"Sept. 8, 2015",0.962,0.22
Public Morals,1,"Sept. 15, 2015",0.781,0.15
Public Morals,1,"Sept. 22, 2015",0.632,0.12
Public Morals,1,"Sept. 29, 2015",0.651,0.11
Public Morals,1,"Oct. 6, 2015",0.620,0.11
Public Morals,1,"Oct. 13, 2015",0.532,0.13
Public Morals,1,"Oct. 20, 2015",0.498,0.09
Public Morals,1,"Oct. 20, 2015",0.495,0.07
Don't Blink,1,"Jul. 9, 2015",0.089,0.03
Don't Blink,1,"Jul. 9, 2015",0.122,0.03
Don't Blink,1,"Jul. 9, 2015",0.121,0.03
Don't Blink,1,"Jul. 16, 2015",0.110,0.02
Don't Blink,1,"Jul. 16, 2015",0.107,0.02
Don't Blink,1,"Jul. 23, 2015",0.079,0.02
Don't Blink,1,"Jul. 23, 2015",0.078,0.02
Don't Blink,1,"Jul. 30, 2015",0.059,0.01
Don't Blink,1,"Jul. 30, 2015",0.056,0.01
Don't Blink,1,"Aug. 6, 2015",0.072,0.03
Don't Blink,1,"Aug. 13, 2015",0.077,0.01
Don't Blink,1,"Aug. 20, 2015",0.091,0.04
Don't Blink,1,"Aug. 27, 2015",0.058,0.02
Rosehaven,1,"Sept. 27, 2017",0.059,0.01
Rosehaven,1,"Sept. 27, 2017",0.050,0.01
Rosehaven,1,"Oct. 4, 2017",0.034,0.00
Rosehaven,1,"Oct. 4, 2017",0.030,0.00
Rosehaven,1,"Oct. 11, 2017",0.027,0.00
Rosehaven,1,"Oct. 11, 2017",0.011,0.00
Rosehaven,1,"Oct. 18, 2017",0.026,0.00
Rosehaven,1,"Oct. 18, 2017",0.019,0.00
Rosehaven,2,"Oct. 25, 2017",0.017,0.00
Rosehaven,2,"Nov. 2, 2017",0.164,0.04
Rosehaven,2,"Nov. 9, 2017",0.136,0.04
Rosehaven,2,"Nov. 16, 2017",0.124,0.03
Rosehaven,2,"Nov. 23, 2017",0.074,0.04
Rosehaven,2,"Nov. 30, 2017",0.128,0.02
Rosehaven,2,"Dec. 7, 2017",0.130,0.03
Rosehaven,2,"Dec. 14, 2017",0.098,0.02
Rosehaven,3,"Jun. 20, 2019",0.126,0.03
Rosehaven,3,"Jun. 20, 2019",0.091,0.03
Rosehaven,3,"Jun. 21, 2019",0.130,0.02
Rosehaven,3,"Jun. 21, 2019",0.094,0.01
Rosehaven,3,"Jun. 27, 2019",0.160,0.02
Rosehaven,3,"Jun. 27, 2019",0.101,0.02
Rosehaven,3,"Jun. 28, 2019",0.118,0.02
Rosehaven,3,"Jun. 28, 2019",0.078,0.01
Barely Famous,1,"Mar. 18, 2015",0.122,0.07
Barely Famous,1,"Mar. 25, 2015",0.065,0.03
Barely Famous,1,"Apr. 1, 2015",0.081,0.04
Barely Famous,1,"Apr. 8, 2015",0.127,0.06
Barely Famous,1,"Apr. 15, 2015",0.146,0.07
Barely Famous,1,"Apr. 22, 2015",0.138,0.06
Barely Famous,2,"Jun. 29, 2016",0.217,0.09
Barely Famous,2,"Jun. 29, 2016",0.130,0.05
Barely Famous,2,"Jul. 6, 2016",0.244,0.10
Barely Famous,2,"Jul. 13, 2016",0.168,0.09
Barely Famous,2,"Jul. 20, 2016",0.188,0.09
Barely Famous,2,"Jul. 27, 2016",0.220,0.10
Rectify,2,"Jun. 19, 2014",0.137,0.03
Rectify,2,"Jun. 26, 2014",0.126,0.07
Rectify,2,"Jul. 3, 2014",0.166,0.06
Rectify,2,"Jul. 10, 2014",0.181,0.03
Rectify,2,"Jul. 17, 2014",0.196,0.07
Rectify,2,"Jul. 24, 2014",0.203,0.05
Rectify,2,"Jul. 31, 2014",0.211,0.08
Rectify,2,"Aug. 7, 2014",0.173,0.08
Rectify,2,"Aug. 14, 2014",0.124,0.02
Rectify,2,"Aug. 21, 2014",0.165,0.05
Rectify,3,"Jul. 9, 2015",0.224,0.07
Rectify,3,"Jul. 16, 2015",0.165,0.03
Rectify,3,"Jul. 23, 2015",0.142,0.02
Rectify,3,"Jul. 30, 2015",0.177,0.03
Rectify,3,"Aug. 6, 2015",0.113,0.04
Rectify,3,"Aug. 13, 2015",0.149,0.02
Rectify,4,"Oct. 26, 2016",0.179,0.06
Rectify,4,"Nov. 2, 2016",0.102,0.04
Rectify,4,"Nov. 9, 2016",0.126,0.03
Rectify,4,"Nov. 16, 2016",0.116,0.03
Rectify,4,"Nov. 23, 2016",0.154,0.04
Rectify,4,"Nov. 30, 2016",0.172,0.04
Rectify,4,"Dec. 7, 2016",0.112,0.03
Rectify,4,"Dec. 14, 2016",0.105,0.04
Euphoria,1,"Jun. 16, 2019",0.577,0.17
Euphoria,1,"Jun. 23, 2019",0.574,0.20
Euphoria,1,"Jun. 30, 2019",0.493,0.19
Euphoria,1,"Jul. 7, 2019",0.609,0.21
Euphoria,1,"Jul. 14, 2019",0.579,0.21
Euphoria,1,"Jul. 21, 2019",0.569,0.20
Euphoria,1,"Jul. 28, 2019",0.549,0.19
Euphoria,1,"Aug. 4, 2019",0.530,0.21
Euphoria Specials,1,"Dec. 6, 2020",0.236,0.08
Euphoria Specials,1,"Jan. 24, 2021",0.109,0.02
Euphoria,2,"Jan. 9, 2022",0.254,0.08
Euphoria,2,"Jan. 16, 2022",0.279,0.09
Euphoria,2,"Jan. 23, 2022",0.264,0.09
Euphoria,2,"Jan. 30, 2022",0.318,0.13
Euphoria,2,"Feb. 6, 2022",0.353,0.11
Euphoria,2,"Feb. 13, 2022",0.283,0.11
Euphoria,2,"Feb. 20, 2022",0.350,0.14
Euphoria,2,"Feb. 27, 2022",0.625,0.24
Euphoria,2,"Jan. 9, 2022",0.086,0.03
Euphoria,2,"Jan. 16, 2022",0.198,0.07
Euphoria,2,"Jan. 23, 2022",0.124,0.03
Euphoria,2,"Jan. 30, 2022",0.140,0.04
Euphoria,2,"Feb. 6, 2022",0.140,0.03
Euphoria,2,"Feb. 13, 2022",0.178,0.04
Euphoria,2,"Feb. 20, 2022",0.166,0.05
Euphoria,2,"Feb. 27, 2022",0.102,0.03
Playing House,1,"Apr. 29, 2014",0.847,0.38
Playing House,1,"Apr. 29, 2014",0.766,0.33
Playing House,1,"May 6, 2014",0.783,0.39
Playing House,1,"May 13, 2014",0.864,0.35
Playing House,1,"May 20, 2014",0.802,0.36
Playing House,1,"May 27, 2014",0.859,0.47
Playing House,1,"Jun. 3, 2014",0.938,0.48
Playing House,1,"Jun. 10, 2014",1.094,0.43
Playing House,1,"Jun. 17, 2014",0.846,0.38
Playing House,1,"Jun. 17, 2014",0.648,0.34
Playing House,2,"Aug. 4, 2015",0.413,0.16
Playing House,2,"Aug. 4, 2015",0.321,0.12
Playing House,2,"Aug. 11, 2015",0.367,0.17
Playing House,2,"Aug. 18, 2015",0.440,0.20
Playing House,2,"Aug. 25, 2015",0.439,0.17
Playing House,2,"Sept. 1, 2015",0.484,0.23
Playing House,2,"Sept. 8, 2015",0.486,0.21
Playing House,2,"Sept. 8, 2015",0.368,0.16
Playing House,3,"Jun. 23, 2017",0.381,0.15
Playing House,3,"Jun. 23, 2017",0.287,0.10
Playing House,3,"Jun. 30, 2017",0.360,0.16
Playing House,3,"Jun. 30, 2017",0.269,0.12
Playing House,3,"Jul. 7, 2017",0.395,0.16
Playing House,3,"Jul. 7, 2017",0.294,0.12
Playing House,3,"Jul. 14, 2017",0.353,0.13
Playing House,3,"Jul. 14, 2017",0.245,0.09
The Red Road,1,"Feb. 27, 2014",0.342,0.05
The Red Road,1,"Mar. 6, 2014",0.288,-
The Red Road,1,"Mar. 13, 2014",0.221,0.02
The Red Road,1,"Mar. 20, 2014",0.163,0.05
The Red Road,1,"Mar. 27, 2014",0.190,0.03
The Red Road,1,"Apr. 3, 2014",0.096,0.02
The Red Road,2,"Apr. 2, 2015",0.191,0.04
The Red Road,2,"Apr. 9, 2015",0.160,0.03
The Red Road,2,"Apr. 16, 2015",0.204,0.04
The Red Road,2,"Apr. 23, 2015",0.165,0.02
The Red Road,2,"Apr. 30, 2015",0.165,0.03
The Red Road,2,"May 7, 2015",0.183,0.04
Game of Thrones,1,"Apr. 17, 2011",2.222,0.9/2
Game of Thrones,1,"Apr. 24, 2011",2.202,1.0/2
Game of Thrones,1,"May 1, 2011",2.438,1.1/3
Game of Thrones,1,"May 8, 2011",2.451,1.1/3
Game of Thrones,1,"May 15, 2011",2.580,1.2/3
Game of Thrones,1,"May 22, 2011",2.444,1.2/3
Game of Thrones,1,"May 29, 2011",2.396,0.9/3
Game of Thrones,1,"Jun. 5, 2011",2.715,1.2/3
Game of Thrones,1,"Jun. 12, 2011",2.664,1.2/3
Game of Thrones,1,"Jun. 19, 2011",3.041,1.4/4
Game of Thrones,2,"Apr. 1, 2012",3.858,2.0
Game of Thrones,2,"Apr. 8, 2012",3.759,1.9
Game of Thrones,2,"Apr. 15, 2012",3.766,1.8
Game of Thrones,2,"Apr. 22, 2012",3.654,1.8
Game of Thrones,2,"Apr. 29, 2012",3.903,1.9
Game of Thrones,2,"May 6, 2012",3.879,2.0
Game of Thrones,2,"May 13, 2012",3.694,1.9
Game of Thrones,2,"May 20, 2012",3.864,2.0
Game of Thrones,2,"May 27, 2012",3.384,1.6
Game of Thrones,2,"Jun. 3, 2012",4.202,2.2
Game of Thrones,3,"Mar. 31, 2013",4.366,2.4
Game of Thrones,3,"Apr. 7, 2013",4.267,2.3
Game of Thrones,3,"Apr. 14, 2013",4.724,2.4
Game of Thrones,3,"Apr. 21, 2013",4.869,2.6
Game of Thrones,3,"Apr. 28, 2013",5.349,2.8
Game of Thrones,3,"May 2, 2013",5.503,2.9
Game of Thrones,3,"May 9, 2013",4.842,2.4
Game of Thrones,3,"May 16, 2013",5.131,2.6
Game of Thrones,3,"Jun. 2, 2013",5.216,2.8
Game of Thrones,3,"Jun. 9, 2013",5.393,2.9
Game of Thrones,4,"Apr. 6, 2014",6.635,3.61
Game of Thrones,4,"Apr. 13, 2014",6.310,3.40
Game of Thrones,4,"Apr. 20, 2014",6.594,3.46
Game of Thrones,4,"Apr. 27, 2014",6.948,3.70
Game of Thrones,4,"May 4, 2014",7.155,3.92
Game of Thrones,4,"May 11, 2014",6.399,3.36
Game of Thrones,4,"May 18, 2014",7.195,3.87
Game of Thrones,4,"Jun. 1, 2014",7.166,3.95
Game of Thrones,4,"Jun. 8, 2014",6.948,3.67
Game of Thrones,4,"Jun. 15, 2014",7.093,3.81
Game of Thrones,5,"Apr. 12, 2015",7.997,4.19
Game of Thrones,5,"Apr. 19, 2015",6.805,3.57
Game of Thrones,5,"Apr. 26, 2015",6.711,3.47
Game of Thrones,5,"May 3, 2015",6.815,3.56
Game of Thrones,5,"May 10, 2015",6.559,3.48
Game of Thrones,5,"May 17, 2015",6.244,3.14
Game of Thrones,5,"May 24, 2015",5.402,2.53
Game of Thrones,5,"May 31, 2015",7.009,3.45
Game of Thrones,5,"Jun. 7, 2015",7.136,3.65
Game of Thrones,5,"Jun. 14, 2015",8.112,4.14
Game of Thrones,6,"Apr. 24, 2016",7.944,3.98
Game of Thrones,6,"May 1, 2016",7.286,3.67
Game of Thrones,6,"May 8, 2016",7.281,3.70
Game of Thrones,6,"May 15, 2016",7.822,3.92
Game of Thrones,6,"May 22, 2016",7.890,3.96
Game of Thrones,6,"May 29, 2016",6.710,3.25
Game of Thrones,6,"Jun. 5, 2016",7.801,3.95
Game of Thrones,6,"Jun. 12, 2016",7.600,3.88
Game of Thrones,6,"Jun. 19, 2016",7.660,3.85
Game of Thrones,6,"Jun. 26, 2016",8.889,4.35
Game of Thrones,7,"Jul. 16, 2017",10.105,4.71
Game of Thrones,7,"Jul. 23, 2017",9.270,4.33
Game of Thrones,7,"Jul. 30, 2017",9.245,4.30
Game of Thrones,7,"Aug. 6, 2017",10.167,4.60
Game of Thrones,7,"Aug. 13, 2017",10.718,4.98
Game of Thrones,7,"Aug. 20, 2017",10.236,4.71
Game of Thrones,7,"Aug. 27, 2017",12.072,5.70
Game of Thrones,8,"Apr. 14, 2019",11.760,5.03
Game of Thrones,8,"Apr. 21, 2019",10.287,4.42
Game of Thrones,8,"Apr. 28, 2019",12.017,5.28
Game of Thrones,8,"May 5, 2019",11.795,5.07
Game of Thrones,8,"May 12, 2019",12.479,5.41
Game of Thrones,8,"May 19, 2019",13.613,5.78
Good Behavior,1,"Nov. 13, 2016",0.573,0.14
Good Behavior,1,"Nov. 15, 2016*",0.813,0.28
Good Behavior,1,"Nov. 15, 2016",0.746,0.21
Good Behavior,1,"Nov. 22, 2016",0.644,0.17
Good Behavior,1,"Nov. 22, 2016",0.500,0.13
Good Behavior,1,"Nov. 29, 2016**",0.516,0.15
Good Behavior,1,"Dec. 6, 2016",0.707,0.17
Good Behavior,1,"Dec. 13, 2016",0.685,0.17
Good Behavior,1,"Dec. 20, 2016",0.914,0.23
Good Behavior,1,"Dec. 27, 2016",0.909,0.23
Good Behavior,1,"Jan. 3, 2017",0.831,0.19
Good Behavior,1,"Jan. 10, 2017",0.895,0.21
Good Behavior,2,"Oct. 15, 2017",0.686,0.19
Good Behavior,2,"Oct. 22, 2017",0.558,0.15
Good Behavior,2,"Oct. 29, 2017",0.504,0.13
Good Behavior,2,"Nov. 5, 2017",0.525,0.13
Good Behavior,2,"Nov. 12, 2017",0.620,0.16
Good Behavior,2,"Nov. 19, 2017",0.543,0.13
Good Behavior,2,"Nov. 26, 2017",0.570,0.16
Good Behavior,2,"Dec. 3, 2017",0.538,0.15
Good Behavior,2,"Dec. 10, 2017",0.678,0.19
Good Behavior,2,"Dec. 17, 2017",0.724,0.22
Carnivale,1,"Sept. 14, 2003",5.325,3.4
Carnivale,1,"Sept. 21, 2003",3.490,2.4
Carnivale,1,"Sept. 28, 2003",3.573,2.3
Carnivale,1,"Oct. 5, 2003",2.878,1.9
Carnivale,1,"Oct. 12, 2003",3.313,2.1
Carnivale,1,"Oct. 19, 2003",3.408,2.2
Carnivale,1,"Oct. 26, 2003",3.906,2.4
Carnivale,1,"Nov. 2, 2003",2.965,2.0
Carnivale,1,"Nov. 9, 2003",3.419,2.2
Carnivale,1,"Nov. 16, 2003",3.199,1.9
Carnivale,1,"Nov. 23, 2003",4.188,2.6
Carnivale,1,"Nov. 30, 2003",3.529,2.3
Carnivale,2,"Jan. 9, 2005",1.814,1.0
Carnivale,2,"Jan. 16, 2005",1.730,1.1
Carnivale,2,"Jan. 23, 2005",1.235,0.8
Carnivale,2,"Jan. 30, 2005",1.857,1.1
Carnivale,2,"Feb. 6, 2005",1.104,0.7
Carnivale,2,"Feb. 13, 2005",1.493,0.8
Carnivale,2,"Feb. 20, 2005",1.769,1.0
Carnivale,2,"Feb. 27, 2005",1.744,1.0
Carnivale,2,"Mar. 6, 2005",1.961,1.2
Carnivale,2,"Mar. 13, 2005",2.500,1.5
Carnivale,2,"Mar. 20, 2005",1.973,1.2
Carnivale,2,"Mar. 27, 2005",2.364,1.5
Queens of Drama,1,"Apr. 26, 2015",0.169,0.03
Queens of Drama,1,"Apr. 29, 2015",0.125,0.048
Queens of Drama,1,"May 6, 2015",0.171,0.05
Queens of Drama,1,"May 13, 2015",0.129,0.02
Queens of Drama,1,"May 20, 2015",0.140,0.05
Queens of Drama,1,"May 27, 2015",0.151,0.02
Queens of Drama,1,"Jun. 3, 2015",0.157,0.05
Queens of Drama,1,"Jun. 10, 2015",0.177,0.04
Oz,1,"Jul. 12, 1997",3.45,2.4
Oz,1,"Jul. 14, 1997",2.90,2.2
Oz,1,"Jul. 21, 1997",2.48,2.0
Oz,1,"Jul. 28, 1997",2.30,1.9
Oz,1,"Aug. 4, 1997",1.99,1.7
Oz,1,"Aug. 11, 1997",2.26,1.9
Oz,1,"Aug. 18, 1997",2.85,2.0
Oz,1,"Aug. 25, 1997",3.21,2.5
Oz,2,"Jul. 11, 1998",3.42,2.5
Oz,2,"Jul. 20, 1998",2.87,2.1
Oz,2,"Jul. 27, 1998",2.25,1.7
Oz,2,"Aug. 3, 1998",2.46,1.9
Oz,2,"Aug. 10, 1998",2.92,2.1
Oz,2,"Aug. 17, 1998",3.23,2.5
Oz,2,"Aug. 24, 1998",2.75,2.1
Oz,2,"Aug. 31, 1998",3.24,2.3
Oz,3,"Jul. 14, 1999",2.693,2.1
Oz,3,"Jul. 21, 1999",3.175,2.3
Oz,3,"Jul. 28, 1999",3.006,2.4
Oz,3,"Aug. 4, 1999",2.857,2.2
Oz,3,"Aug. 11, 1999",3.333,2.3
Oz,3,"Aug. 18, 1999",3.692,2.6
Oz,3,"Aug. 25, 1999",3.441,2.5
Oz,3,"Sept. 1, 1999",3.941,2.8
Oz,4,"Jul. 12, 2000",2.559,1.7
Oz,4,"Jul. 19, 2000",3.023,2.0
Oz,4,"Jul. 26, 2000",2.084,1.6
Oz,4,"Aug. 2, 2000",3.076,2.3
Oz,4,"Aug. 9, 2000",2.791,2.1
Oz,4,"Aug. 16, 2000",3.096,2.2
Oz,4,"Aug. 23, 2000",3.123,2.3
Oz,4,"Aug. 30, 2000",3.456,2.5
Oz,4,"Jan. 7, 2001",3.060,2.2
Oz,4,"Jan. 14, 2001",2.790,1.9
Oz,4,"Jan. 21, 2001",3.754,2.3
Oz,4,"Jan. 28, 2001",2.814,1.8
Oz,4,"Feb. 4, 2001",3.402,2.2
Oz,4,"Feb. 11, 2001",3.708,2.5
Oz,4,"Feb. 18, 2001",3.722,2.4
Oz,4,"Feb. 25, 2001",4.159,2.7
Oz,5,"Jan. 6, 2002",4.168,2.6
Oz,5,"Jan. 13, 2002",3.451,2.2
Oz,5,"Jan. 20, 2002",3.379,2.2
Oz,5,"Jan. 27, 2002",3.797,2.5
Oz,5,"Feb. 3, 2002",2.614,1.8
Oz,5,"Feb. 10, 2002",3.894,2.7
Oz,5,"Feb. 17, 2002",3.654,2.5
Oz,5,"Feb. 24, 2002",3.590,2.3
Oz,6,"Jan. 5, 2003",3.860,2.5
Oz,6,"Jan. 12, 2003",2.637,1.7
Oz,6,"Jan. 19, 2003",2.512,1.7
Oz,6,"Jan. 26, 2003",3.085,1.9
Oz,6,"Feb. 2, 2003",3.199,2.1
Oz,6,"Feb. 9, 2003",3.683,2.5
Oz,6,"Feb. 16, 2003",3.270,2.3
Oz,6,"Feb. 23, 2003",3.706,2.4
Haven,1,"Jul. 9, 2010",2.336,0.7
Haven,1,"Jul. 16, 2010",2.086,0.6
Haven,1,"Jul. 23, 2010",1.843,0.5
Haven,1,"Jul. 30, 2010",2.125,0.6
Haven,1,"Aug. 6, 2010",1.884,0.4
Haven,1,"Aug. 13, 2010",1.999,0.5
Haven,1,"Aug. 20, 2010",1.894,0.5
Haven,1,"Aug. 27, 2010",1.973,0.6
Haven,1,"Sept. 10, 2010",1.761,0.6
Haven,1,"Sept. 17, 2010",1.586,0.4
Haven,1,"Sept. 24, 2010",1.407,0.4
Haven,1,"Oct. 1, 2010",1.442,0.4
Haven,1,"Oct. 8, 2010",1.699,0.5
Haven,2,"Jul. 15, 2011",1.884,0.5
Haven,2,"Jul. 22, 2011",1.837,0.5
Haven,2,"Jul. 29, 2011",2.004,0.6
Haven,2,"Aug. 5, 2011",1.824,0.5
Haven,2,"Aug. 12, 2011",1.886,0.5
Haven,2,"Aug. 19, 2011",1.743,0.5
Haven,2,"Aug. 26, 2011",1.912,0.5
Haven,2,"Sept. 2, 2011",1.463,0.4
Haven,2,"Sept. 9, 2011",1.909,0.6
Haven,2,"Sept. 16, 2011",2.022,0.6
Haven,2,"Sept. 23, 2011",1.868,0.5
Haven,2,"Sept. 30, 2011",1.803,0.5
Haven,2,"Dec. 6, 2011",1.199,0.4
Haven,3,"Sept. 21, 2012",2.004,0.5
Haven,3,"Sept. 28, 2012",1.442,0.3
Haven,3,"Oct. 5, 2012",1.572,0.4
Haven,3,"Oct. 12, 2012",1.724,0.5
Haven,3,"Oct. 19, 2012",1.446,0.4
Haven,3,"Oct. 26, 2012",1.405,0.3
Haven,3,"Nov. 2, 2012",1.548,0.5
Haven,3,"Nov. 9, 2012",1.601,0.4
Haven,3,"Nov. 16, 2012",1.615,0.5
Haven,3,"Nov. 30, 2012",1.533,0.4
Haven,3,"Dec. 7, 2012",1.557,0.4
Haven,3,"Jan. 17, 2013",1.313,0.4
Haven,3,"Jan. 17, 2013",1.363,0.4
Haven,4,"Sept. 13, 2013",1.548,0.4
Haven,4,"Sept. 20, 2013",1.360,0.4
Haven,4,"Sept. 27, 2013",1.540,0.5
Haven,4,"Oct. 4, 2013",1.489,0.4
Haven,4,"Oct. 11, 2013",1.587,0.4
Haven,4,"Oct. 18, 2013",1.451,0.37
Haven,4,"Oct. 25, 2013",1.455,0.43
Haven,4,"Nov. 1, 2013",1.331,0.40
Haven,4,"Nov. 8, 2013",1.722,0.52
Haven,4,"Nov. 15, 2013",1.572,0.43
Haven,4,"Nov. 22, 2013",1.459,0.45
Haven,4,"Dec. 6, 2013",1.357,0.40
Haven,4,"Dec. 13, 2013",1.252,0.39
Haven,5.1,"Sept. 11, 2014",1.040,0.22
Haven,5.1,"Sept. 18, 2014",1.018,0.25
Haven,5.1,"Sept. 25, 2014",0.849,0.19
Haven,5.1,"Oct. 2, 2014",0.721,0.17
Haven,5.1,"Oct. 10, 2014",0.824,0.21
Haven,5.1,"Oct. 17, 2014",0.945,0.26
Haven,5.1,"Oct. 24, 2014",0.758,0.20
Haven,5.1,"Oct. 31, 2014",0.847,0.19
Haven,5.1,"Nov. 7, 2014",0.789,0.20
Haven,5.1,"Nov. 14, 2014",0.863,0.22
Haven,5.1,"Nov. 21, 2014",0.768,0.18
Haven,5.1,"Nov. 28, 2014",0.871,0.17
Haven,5.1,"Dec. 5, 2014",0.914,0.17
Haven,5.2,"Oct. 8, 2015",0.745,0.20
Haven,5.2,"Oct. 8, 2015",0.552,0.13
Haven,5.2,"Oct. 15, 2015",0.695,0.19
Haven,5.2,"Oct. 22, 2015",0.585,0.18
Haven,5.2,"Oct. 29, 2015",0.645,0.18
Haven,5.2,"Nov. 5, 2015",0.796,0.24
Haven,5.2,"Nov. 12, 2015",0.724,0.18
Haven,5.2,"Nov. 19, 2015",0.660,0.19
Haven,5.2,"Nov. 26, 2015",0.533,0.13
Haven,5.2,"Dec. 3, 2015",0.626,0.15
Haven,5.2,"Dec. 10, 2015",0.741,0.21
Haven,5.2,"Dec. 17, 2015",0.679,0.21
Haven,5.2,"Dec. 17, 2015",0.528,0.12
Stargate: Universe,1,"Oct. 2, 2009",2.346,0.9
Stargate: Universe,1,"Oct. 9, 2009",2.447,1.0
Stargate: Universe,1,"Oct. 16, 2009",2.009,0.9
Stargate: Universe,1,"Oct. 23, 2009",2.015,0.8
Stargate: Universe,1,"Oct. 30, 2009",1.974,0.8
Stargate: Universe,1,"Nov. 6, 2009",1.626,0.7
Stargate: Universe,1,"Nov. 13, 2009",1.802,0.7
Stargate: Universe,1,"Nov. 20, 2009",1.891,0.8
Stargate: Universe,1,"Dec. 4, 2009",1.340,0.5
Stargate: Universe,1,"Apr. 2, 2010",1.486,0.6
Stargate: Universe,1,"Apr. 9, 2010",1.600,0.6
Stargate: Universe,1,"Apr. 16, 2010",1.422,0.5
Stargate: Universe,1,"Apr. 23, 2010",1.313,0.4
Stargate: Universe,1,"Apr. 30, 2010",1.587,0.6
Stargate: Universe,1,"May 7, 2010",1.391,0.6
Stargate: Universe,1,"May 14, 2010",1.554,0.6
Stargate: Universe,1,"May 21, 2010",1.454,0.5
Stargate: Universe,1,"Jun. 4, 2010",1.178,0.4
Stargate: Universe,1,"Jun. 11, 2010",1.469,0.5
Stargate: Universe,2,"Sept. 28, 2010",1.175,0.5
Stargate: Universe,2,"Oct. 5, 2010",1.070,0.5
Stargate: Universe,2,"Oct. 12, 2010",1.222,0.5
Stargate: Universe,2,"Oct. 19, 2010",0.974,0.4
Stargate: Universe,2,"Oct. 26, 2010",1.012,0.4
Stargate: Universe,2,"Nov. 2, 2010",0.967,0.4
Stargate: Universe,2,"Nov. 9, 2010",1.074,0.4
Stargate: Universe,2,"Nov. 16, 2010",1.025,0.4
Stargate: Universe,2,"Nov. 23, 2010",1.169,0.5
Stargate: Universe,2,"Nov. 30, 2010",1.094,0.5
Stargate: Universe,2,"Mar. 7, 2011",1.035,0.5
Stargate: Universe,2,"Mar. 14, 2011",0.928,0.5
Stargate: Universe,2,"Mar. 21, 2011",0.814,0.4
Stargate: Universe,2,"Mar. 28, 2011",0.876,0.4
Stargate: Universe,2,"Apr. 4, 2011",0.823,0.3
Stargate: Universe,2,"Apr. 11, 2011",1.020,0.4
Stargate: Universe,2,"Apr. 18, 2011",0.861,0.3
Stargate: Universe,2,"Apr. 25, 2011",1.092,0.4
Stargate: Universe,2,"May 2, 2011",0.993,0.3
Stargate: Universe,2,"May 9, 2011",1.134,0.5
Shameless,1,"Jan. 9, 2011",0.982,0.4
Shameless,1,"Jan. 16, 2011",0.810,0.4
Shameless,1,"Jan. 23, 2011",0.903,0.4
Shameless,1,"Jan. 30, 2011",1.109,0.6
Shameless,1,"Feb. 6, 2011",0.953,0.4
Shameless,1,"Feb. 13, 2011",1.005,0.5
Shameless,1,"Feb. 20, 2011",1.140,0.5
Shameless,1,"Feb. 27, 2011",0.923,0.4
Shameless,1,"Mar. 6, 2011",1.139,0.5
Shameless,1,"Mar. 13, 2011",1.124,0.5
Shameless,1,"Mar. 20, 2011",1.101,0.5
Shameless,1,"Mar. 27, 2011",1.157,0.5
Shameless,2,"Jan. 8, 2012",1.582,0.8
Shameless,2,"Jan. 15, 2012",1.252,0.7
Shameless,2,"Jan. 22, 2012",1.277,0.7
Shameless,2,"Jan. 29, 2012",1.369,0.7
Shameless,2,"Feb. 5, 2012",1.005,0.5
Shameless,2,"Feb. 12, 2012",1.440,0.8
Shameless,2,"Feb. 19, 2012",1.409,0.8
Shameless,2,"Mar. 4, 2012",1.601,0.8
Shameless,2,"Mar. 11, 2012",1.306,0.7
Shameless,2,"Mar. 18, 2012",1.155,0.6
Shameless,2,"Mar. 25, 2012",1.513,0.8
Shameless,2,"Apr. 1, 2012",1.454,0.7
Shameless,3,"Jan. 13, 2013",1.995,1.1
Shameless,3,"Jan. 20, 2013",1.372,0.7
Shameless,3,"Jan. 27, 2013",1.987,1.0
Shameless,3,"Feb. 10, 2013",1.531,0.7
Shameless,3,"Feb. 17, 2013",1.315,0.6
Shameless,3,"Feb. 24, 2013",1.479,0.7
Shameless,3,"Mar. 3, 2013",1.762,0.8
Shameless,3,"Mar. 10, 2013",1.664,0.8
Shameless,3,"Mar. 17, 2013",1.667,0.8
Shameless,3,"Mar. 24, 2013",1.606,0.8
Shameless,3,"Mar. 31, 2013",1.651,0.8
Shameless,3,"Apr. 7, 2013",1.823,0.9
Shameless,4,"Jan. 12, 2014",1.694,0.86
Shameless,4,"Jan. 19, 2014",1.602,0.81
Shameless,4,"Jan. 26, 2014",1.830,0.90
Shameless,4,"Feb. 2, 2014",1.229,0.58
Shameless,4,"Feb. 9, 2014",1.585,0.71
Shameless,4,"Feb. 16, 2014",1.909,0.89
Shameless,4,"Feb. 23, 2014",1.887,0.88
Shameless,4,"Mar. 9, 2014",1.778,0.85
Shameless,4,"Mar. 16, 2014",1.706,0.80
Shameless,4,"Mar. 23, 2014",1.632,0.81
Shameless,4,"Mar. 30, 2014",1.758,0.84
Shameless,4,"Apr. 6, 2014",1.933,0.85
Shameless,5,"Jan. 11, 2015",1.770,0.80
Shameless,5,"Jan. 18, 2015",1.757,0.83
Shameless,5,"Jan. 25, 2015",1.961,0.88
Shameless,5,"Feb. 1, 2015",1.258,0.60
Shameless,5,"Feb. 8, 2015",1.635,0.73
Shameless,5,"Feb. 15, 2015",1.263,0.53
Shameless,5,"Mar. 1, 2015",1.443,0.62
Shameless,5,"Mar. 8, 2015",1.602,0.68
Shameless,5,"Mar. 15, 2015",1.624,0.77
Shameless,5,"Mar. 22, 2015",1.668,0.70
Shameless,5,"Mar. 29, 2015",1.425,0.61
Shameless,5,"Apr. 5, 2015",1.548,0.71
Shameless,6,"Jan. 10, 2016",1.439,0.63
Shameless,6,"Jan. 17, 2016",1.642,0.66
Shameless,6,"Jan. 24, 2016",1.697,0.75
Shameless,6,"Jan. 31, 2016",1.704,0.68
Shameless,6,"Feb. 7, 2016",1.157,0.47
Shameless,6,"Feb. 14, 2016",1.590,0.60
Shameless,6,"Feb. 21, 2016",1.658,0.72
Shameless,6,"Mar. 6, 2016",1.499,0.62
Shameless,6,"Mar. 13, 2016",1.682,0.68
Shameless,6,"Mar. 20, 2016",1.601,0.63
Shameless,6,"Mar. 27, 2016",1.452,0.56
Shameless,6,"Apr. 3, 2016",1.633,0.66
Shameless,7,"Oct. 2, 2016",1.241,0.49
Shameless,7,"Oct. 9, 2016",1.105,0.45
Shameless,7,"Oct. 16, 2016",1.441,0.57
Shameless,7,"Oct. 23, 2016",1.378,0.55
Shameless,7,"Oct. 30, 2016",1.198,0.42
Shameless,7,"Nov. 6, 2016",1.442,0.55
Shameless,7,"Nov. 13, 2016",1.325,0.48
Shameless,7,"Nov. 20, 2016",1.403,0.49
Shameless,7,"Nov. 27, 2016",1.558,0.60
Shameless,7,"Dec. 4, 2016",1.603,0.62
Shameless,7,"Dec. 11, 2016",1.584,0.60
Shameless,7,"Dec. 18, 2016",1.716,0.62
Shameless,8,"Nov. 5, 2017",1.856,0.73
Shameless,8,"Nov. 12, 2017",1.372,0.52
Shameless,8,"Nov. 19, 2017",1.336,0.47
Shameless,8,"Nov. 26, 2017",1.594,0.61
Shameless,8,"Dec. 3, 2017",1.507,0.57
Shameless,8,"Dec. 10, 2017",1.517,0.50
Shameless,8,"Dec. 17, 2017",1.578,0.51
Shameless,8,"Dec. 31, 2017",0.805,0.23
Shameless,8,"Jan. 7, 2018",1.654,0.65
Shameless,8,"Jan. 14, 2018",1.524,0.55
Shameless,8,"Jan. 21, 2018",1.517,0.54
Shameless,8,"Jan. 28, 2018",1.726,0.60
Shameless,9,"Sept. 9, 2018",1.307,0.47
Shameless,9,"Sept. 16, 2018",1.119,0.39
Shameless,9,"Sept. 23, 2018",1.045,0.39
Shameless,9,"Sept. 30, 2018",1.087,0.37
Shameless,9,"Oct. 7, 2018",1.002,0.34
Shameless,9,"Oct. 14, 2018",0.919,0.30
Shameless,9,"Oct. 21, 2018",1.000,0.33
Shameless,9,"Jan. 20, 2019",0.798,0.26
Shameless,9,"Jan. 27, 2019",0.843,0.30
Shameless,9,"Feb. 10, 2019",1.135,0.40
Shameless,9,"Feb. 17, 2019",0.973,0.32
Shameless,9,"Feb. 24, 2019",0.814,0.24
Shameless,9,"Mar. 3, 2019",1.129,0.41
Shameless,9,"Mar. 10, 2019",1.348,0.45
Shameless,10,"Nov. 10, 2019",0.757,0.21
Shameless,10,"Nov. 17, 2019",0.905,0.30
Shameless,10,"Nov. 24, 2019",0.836,0.22
Shameless,10,"Dec. 1, 2019",0.866,0.27
Shameless,10,"Dec. 8, 2019",0.828,0.26
Shameless,10,"Dec. 15, 2019",0.893,0.21
Shameless,10,"Dec. 22, 2019",0.838,0.23
Shameless,10,"Dec. 29, 2019",0.856,0.26
Shameless,10,"Jan. 5, 2020",0.773,0.23
Shameless,10,"Jan. 12, 2020",0.889,0.23
Shameless,10,"Jan. 19, 2020",0.811,0.22
Shameless,10,"Jan. 26, 2020",0.916,0.29
Shameless,11,"Dec. 6, 2020",0.699,0.13
Shameless,11,"Dec. 13, 2020",0.689,0.14
Shameless,11,"Dec. 20, 2020",0.617,0.13
Shameless,11,"Jan. 10, 2021",0.569,0.14
Shameless,11,"Jan. 31, 2021",0.574,0.15
Shameless,11,"Feb. 14, 2021",0.517,0.09
Shameless,11,"Mar. 7, 2021",0.408,0.09
Shameless,11,"Mar. 14, 2021",0.547,0.14
Shameless,11,"Mar. 21, 2021",0.481,0.10
Shameless,11,"Mar. 28, 2021",0.590,0.14
Shameless,11,"Apr. 4, 2021",0.522,0.11
Shameless,11,"Apr. 11, 2021",0.695,0.18
Shameless Hall of Shame,1,"Dec. 27, 2020",0.430,0.10
Shameless Hall of Shame,1,"Jan. 3, 2021",0.416,0.08
Shameless Hall of Shame,1,"Jan. 17, 2021",0.398,0.06
Shameless Hall of Shame,1,"Jan. 24, 2021",0.400,0.08
Shameless Hall of Shame,1,"Feb. 21, 2021",0.349,0.06
Shameless Hall of Shame,1,"Feb. 28, 2021",0.293,0.06
The Dead Zone,1,"Jun. 16, 2002",6.438,3.2
The Dead Zone,1,"Jun. 23, 2002",4.414,1.9
The Dead Zone,1,"Jun. 30, 2002",5.166,2.2
The Dead Zone,1,"Jul. 7, 2002",3.960,2.0
The Dead Zone,1,"Jul. 14, 2002",3.847,1.7
The Dead Zone,1,"Jul. 21, 2002",4.776,2.4
The Dead Zone,1,"Jul. 28, 2002",3.923,2.0
The Dead Zone,1,"Aug. 4, 2002",3.705,1.8
The Dead Zone,1,"Aug. 11, 2002",3.985,1.9
The Dead Zone,1,"Aug. 18, 2002",4.082,1.9
The Dead Zone,1,"Aug. 25, 2002",3.459,1.5
The Dead Zone,1,"Sept. 8, 2002",2.350,1.1
The Dead Zone,1,"Sept. 15, 2002",4.316,2.0
The Dead Zone,2,"Jan. 5, 2003",4.050,1.8
The Dead Zone,2,"Jan. 12, 2003",3.437,1.7
The Dead Zone,2,"Jan. 19, 2003",2.918,1.2
The Dead Zone,2,"Feb. 2, 2003",2.614,1.4
The Dead Zone,2,"Feb. 9, 2003",2.466,1.2
The Dead Zone,2,"Feb. 16, 2003",2.558,1.0
The Dead Zone,2,"Feb. 23, 2003",2.688,1.4
The Dead Zone,2,"Mar. 2, 2003",3.293,1.4
The Dead Zone,2,"Mar. 9, 2003",2.818,1.1
The Dead Zone,2,"Mar. 16, 2003",2.043,0.9
The Dead Zone,2,"Mar. 30, 2003",2.914,1.4
The Dead Zone,2,"Apr. 6, 2003",2.729,1.3
The Dead Zone,2,"Jul. 6, 2003",2.834,1.3
The Dead Zone,2,"Jul. 13, 2003",2.559,1.4
The Dead Zone,2,"Jul. 20, 2003",2.300,0.9
The Dead Zone,2,"Jul. 27, 2003",2.826,1.3
The Dead Zone,2,"Aug. 3, 2003",3.418,1.2
The Dead Zone,2,"Aug. 10, 2003",2.549,1.1
The Dead Zone,2,"Aug. 17, 2003",2.574,1.0
The Dead Zone,3,"Jun. 6, 2004",2.644,1.1
The Dead Zone,3,"Jun. 13, 2004",2.962,1.1
The Dead Zone,3,"Jun. 20, 2004",3.443,1.5
The Dead Zone,3,"Jun. 27, 2004",2.614,1.3
The Dead Zone,3,"Jul. 4, 2004",1.985,0.8
The Dead Zone,3,"Jul. 18, 2004",3.968,1.4
The Dead Zone,3,"Jul. 25, 2004",4.671,1.9
The Dead Zone,3,"Aug. 1, 2004",4.511,2.0
The Dead Zone,3,"Aug. 8, 2004",4.635,2.0
The Dead Zone,3,"Aug. 15, 2004",3.610,1.8
The Dead Zone,3,"Aug. 22, 2004",3.139,1.2
The Dead Zone,3,"Aug. 22, 2004",3.449,1.4
The Dead Zone,4,"Jun. 12, 2005",3.453,1.5
The Dead Zone,4,"Jun. 19, 2005",3.419,1.6
The Dead Zone,4,"Jun. 26, 2005",3.777,1.6
The Dead Zone,4,"Jul. 10, 2005",3.287,1.3
The Dead Zone,4,"Jul. 17, 2005",3.408,1.4
The Dead Zone,4,"Jul. 24, 2005",3.527,1.4
The Dead Zone,4,"Jul. 31, 2005",3.908,1.6
The Dead Zone,4,"Aug. 7, 2005",3.074,1.4
The Dead Zone,4,"Aug. 14, 2005",3.122,1.5
The Dead Zone,4,"Aug. 21, 2005",3.360,1.5
The Dead Zone,4,"Aug. 28, 2005",3.324,1.4
The Dead Zone,4,"Dec. 4, 2005",2.107,0.8
The Dead Zone,5,"Jun. 18, 2006",3.022,1.3
The Dead Zone,5,"Jun. 25, 2006",2.988,1.2
The Dead Zone,5,"Jul. 2, 2006",2.627,1.0
The Dead Zone,5,"Jul. 9, 2006",3.023,1.2
The Dead Zone,5,"Jul. 16, 2006",2.870,1.3
The Dead Zone,5,"Jul. 23, 2006",2.800,1.2
The Dead Zone,5,"Jul. 30, 2006",2.484,1.1
The Dead Zone,5,"Aug. 6, 2006",2.348,1.0
The Dead Zone,5,"Aug. 13, 2006",2.644,1.1
The Dead Zone,5,"Aug. 20, 2006",2.609,1.1
The Dead Zone,5,"Aug. 27, 2006",2.213,0.9
The Dead Zone,6,"Jun. 17, 2007",2.125,0.7
The Dead Zone,6,"Jun. 24, 2007",2.271,1.0
The Dead Zone,6,"Jul. 1, 2007",2.108,0.9
The Dead Zone,6,"Jul. 8, 2007",2.065,0.8
The Dead Zone,6,"Jul. 15, 2007",2.269,0.8
The Dead Zone,6,"Jul. 22, 2007",1.941,0.7
The Dead Zone,6,"Jul. 29, 2007",2.402,0.9
The Dead Zone,6,"Aug. 5, 2007",2.206,0.9
The Dead Zone,6,"Aug. 12, 2007",2.223,0.8
The Dead Zone,6,"Aug. 19, 2007",2.078,0.8
The Dead Zone,6,"Aug. 26, 2007",2.082,0.7
The Dead Zone,6,"Sept. 9, 2007",1.895,0.8
The Dead Zone,6,"Sept. 16, 2007",1.905,0.8
Jane by Design,1,"Jan. 3, 2012",1.612,0.6
Jane by Design,1,"Jan. 10, 2012",1.117,0.4
Jane by Design,1,"Jan. 17, 2012",1.337,0.4
Jane by Design,1,"Jan. 24, 2012",1.475,0.6
Jane by Design,1,"Jan. 31, 2012",1.353,0.5
Jane by Design,1,"Feb. 7, 2012",1.115,0.4
Jane by Design,1,"Feb. 14, 2012",1.105,0.4
Jane by Design,1,"Feb. 21, 2012",1.348,0.6
Jane by Design,1,"Feb. 28, 2012",0.964,0.4
Jane by Design,1,"Mar. 6, 2012",1.208,0.5
Jane by Design,1,"Jun. 5, 2012",1.358,0.6
Jane by Design,1,"Jun. 12, 2012",1.336,0.6
Jane by Design,1,"Jun. 19, 2012",1.301,0.5
Jane by Design,1,"Jun. 26, 2012",1.083,0.4
Jane by Design,1,"Jul. 10, 2012",1.308,0.5
Jane by Design,1,"Jul. 17, 2012",1.281,0.6
Jane by Design,1,"Jul. 24, 2012",1.410,0.6
Jane by Design,1,"Jul. 31, 2012",1.184,0.4
Salem,1,"Apr. 20, 2014",1.521,0.51
Salem,1,"Apr. 27, 2014",0.774,0.3
Salem,1,"May 4, 2014",0.440,0.18
Salem,1,"May 11, 2014",0.429,0.1
Salem,1,"May 18, 2014",0.500,0.2
Salem,1,"May 25, 2014",0.476,0.15
Salem,1,"Jun. 1, 2014",0.537,0.21
Salem,1,"Jun. 8, 2014",0.574,0.21
Salem,1,"Jun. 15, 2014",0.490,0.16
Salem,1,"Jun. 22, 2014",0.465,0.18
Salem,1,"Jun. 29, 2014",0.591,0.23
Salem,1,"Jul. 6, 2014",0.363,0.13
Salem,1,"Jul. 13, 2014",0.432,0.18
Salem,2,"Apr. 5, 2015",0.510,0.22
Salem,2,"Apr. 12, 2015",0.376,0.11
Salem,2,"Apr. 19, 2015",0.495,0.17
Salem,2,"Apr. 26, 2015",0.331,0.12
Salem,2,"May 3, 2015",0.334,0.10
Salem,2,"May 10, 2015",0.245,0.13
Salem,2,"May 17, 2015",0.321,0.18
Salem,2,"May 24, 2015",0.310,0.13
Salem,2,"May 31, 2015",0.394,0.13
Salem,2,"Jun. 7, 2015",0.284,0.10
Salem,2,"Jun. 14, 2015",0.314,0.07
Salem,2,"Jun. 21, 2015",0.318,0.11
Salem,2,"Jun. 28, 2015",0.337,0.14
Salem,3,"Nov. 2, 2016",0.272,0.10
Salem,3,"Nov. 9, 2016",0.212,0.06
Salem,3,"Nov. 16, 2016",0.295,0.10
Salem,3,"Nov. 30, 2016",0.270,0.08
Salem,3,"Dec. 7, 2016",0.257,0.09
Salem,3,"Dec. 14, 2016",0.286,0.07
Salem,3,"Jan. 4, 2017",0.259,0.07
Salem,3,"Jan. 11, 2017",0.268,0.08
Salem,3,"Jan. 18, 2017",0.236,0.05
Salem,3,"Jan. 25, 2017",0.233,0.08
The Writer's Room,2,"Apr. 18, 2014",0.044,0.00
The Writer's Room,2,"Apr. 25, 2014",0.046,0.01
The Writer's Room,2,"May 2, 2014",0.011,0.00
The Writer's Room,2,"May 12, 2014",0.098,0.03
The Writer's Room,2,"May 19, 2014",0.047,0.00
The Writer's Room,2,"Jun. 2, 2014",0.075,0.02
The Strain,1,"Jul. 13, 2014",2.986,1.18
The Strain,1,"Jul. 20, 2014",2.120,1.0
The Strain,1,"Jul. 27, 2014",2.299,1.0
The Strain,1,"Aug. 3, 2014",2.274,1.18
The Strain,1,"Aug. 10, 2014",2.030,1.01
The Strain,1,"Aug. 17, 2014",2.283,1.01
The Strain,1,"Aug. 24, 2014",2.434,1.06
The Strain,1,"Aug. 31, 2014",1.914,0.86
The Strain,1,"Sept. 7, 2014",1.866,0.86
The Strain,1,"Sept. 14, 2014",2.216,1.04
The Strain,1,"Sept. 21, 2014",2.280,1.08
The Strain,1,"Sept. 28, 2014",1.973,0.94
The Strain,1,"Oct. 5, 2014",2.091,0.97
The Strain,2,"Jul. 12, 2015",1.664,0.78
The Strain,2,"Jul. 19, 2015",1.625,0.74
The Strain,2,"Jul. 26, 2015",1.469,0.64
The Strain,2,"Aug. 2, 2015",1.381,0.59
The Strain,2,"Aug. 9, 2015",1.264,0.57
The Strain,2,"Aug. 16, 2015",1.435,0.60
The Strain,2,"Aug. 23, 2015",0.949,0.40
The Strain,2,"Aug. 30, 2015",1.360,0.61
The Strain,2,"Sept. 6, 2015",1.154,0.50
The Strain,2,"Sept. 13, 2015",1.296,0.56
The Strain,2,"Sept. 20, 2015",1.419,0.63
The Strain,2,"Sept. 27, 2015",1.231,0.54
The Strain,2,"Oct. 4, 2015",1.171,0.54
The Strain,3,"Aug. 28, 2016",1.353,0.62
The Strain,3,"Sept. 4, 2016",0.987,0.42
The Strain,3,"Sept. 11, 2016",1.107,0.47
The Strain,3,"Sept. 18, 2016",0.990,0.40
The Strain,3,"Sept. 25, 2016",0.884,0.40
The Strain,3,"Oct. 2, 2016",0.796,0.35
The Strain,3,"Oct. 9, 2016",0.815,0.36
The Strain,3,"Oct. 16, 2016",0.848,0.34
The Strain,3,"Oct. 23, 2016",0.939,0.40
The Strain,3,"Oct. 30, 2016",0.886,0.39
The Strain,4,"Jul. 16, 2017",1.443,0.52
The Strain,4,"Jul. 23, 2017",0.913,0.30
The Strain,4,"Jul. 30, 2017",0.864,0.33
The Strain,4,"Aug. 6, 2017",1.169,0.43
The Strain,4,"Aug. 13, 2017",0.933,0.36
The Strain,4,"Aug. 20, 2017",0.794,0.31
The Strain,4,"Aug. 27, 2017",0.889,0.31
The Strain,4,"Sept. 3, 2017",1.009,0.38
The Strain,4,"Sept. 10, 2017",0.837,0.34
The Strain,4,"Sept. 17, 2017",0.995,0.40
Married,1,"Jul. 17, 2014",1.117,0.65
Married,1,"Jul. 24, 2014",0.811,0.41
Married,1,"Jul. 31, 2014",0.538,0.23
Married,1,"Aug. 7, 2014",0.634,0.39
Married,1,"Aug. 14, 2014",0.595,0.26
Married,1,"Aug. 21, 2014",0.678,0.39
Married,1,"Aug. 28, 2014",0.552,0.30
Married,1,"Sept. 4, 2014",0.473,0.29
Married,1,"Sept. 11, 2014",0.701,0.32
Married,1,"Sept. 18, 2014",0.652,0.36
Married,2,"Jul. 16, 2015",0.658,0.26
Married,2,"Jul. 23, 2015",0.511,0.25
Married,2,"Jul. 30, 2015",0.465,0.20
Married,2,"Aug. 6, 2015",0.401,0.19
Married,2,"Aug. 13, 2015",0.290,0.12
Married,2,"Aug. 20, 2015",0.377,0.19
Married,2,"Aug. 27, 2015",0.552,0.32
Married,2,"Sept. 3, 2015",0.405,0.19
Married,2,"Sept. 10, 2015",0.251,0.13
Married,2,"Sept. 17, 2015",0.323,0.16
Married,2,"Sept. 24, 2015",0.395,0.20
Married,2,"Oct. 1, 2015",0.414,0.19
Married,2,"Oct. 1, 2015",0.267,0.11
Return of the Mac,1,"Apr. 12, 2017",0.069,0.02
Return of the Mac,1,"Apr. 19, 2017",0.091,0.03
Return of the Mac,1,"Apr. 26, 2017",0.047,0.01
Return of the Mac,1,"May 3, 2017",0.056,0.02
Return of the Mac,1,"May 10, 2017",0.078,0.02
Return of the Mac,1,"May 17, 2017",0.061,0.01
Return of the Mac,1,"May 24, 2017",0.037,0.02
Return of the Mac,1,"May 31, 2017",0.044,0.01
Flesh & Bone,1,"Nov. 8, 2015",0.190,0.06
Flesh & Bone,1,"Nov. 15, 2015",0.147,0.04
Flesh & Bone,1,"Nov. 22, 2015",0.130,0.05
Flesh & Bone,1,"Nov. 29, 2015",0.124,0.05
Flesh & Bone,1,"Dec. 6, 2015",0.122,0.04
Flesh & Bone,1,"Dec. 13, 2015",0.073,0.03
Flesh & Bone,1,"Dec. 20, 2015",0.116,0.06
Flesh & Bone,1,"Dec. 27, 2015",0.093,0.02
Partners,1,"Aug. 4, 2014",1.116,0.35
Partners,1,"Aug. 4, 2014",1.013,0.30
Partners,1,"Aug. 11, 2014",0.862,0.36
Partners,1,"Aug. 11, 2014",0.669,0.26
Partners,1,"Aug. 18, 2014",0.384,0.10
Partners,1,"Aug. 18, 2014",0.446,0.14
Partners,1,"Aug. 25, 2014",0.648,0.25
Partners,1,"Aug. 25, 2014",0.555,0.20
Partners,1,"Sept. 1, 2014",0.779,0.19
Partners,1,"Sept. 1, 2014",0.749,0.19
Swab Stories,1,"Apr. 27, 2015",1.273,0.67
Swab Stories,1,"May 6, 2015",0.263,0.13
Swab Stories,1,"May 13, 2015",0.319,0.15
Swab Stories,1,"May 20, 2015",0.266,0.14
Swab Stories,1,"May 27, 2015",0.299,0.12
Swab Stories,1,"Jun. 3, 2015",0.295,0.13
Swab Stories,1,"Jun. 10, 2015",0.423,0.15
Swab Stories,1,"Jun. 17, 2015",0.284,0.12
Hot Date,1,"Nov. 8, 2017",0.083,0.01
Hot Date,1,"Nov. 8, 2017",0.041,0.01
Hot Date,1,"Nov. 15, 2017",0.118,0.02
Hot Date,1,"Nov. 22, 2017",0.076,0.01
Hot Date,1,"Nov. 29, 2017",0.095,0.02
Hot Date,1,"Dec. 6, 2017",0.058,0.02
Hot Date,1,"Dec. 13, 2017",0.025,0.01
Hot Date,1,"Dec. 20, 2017",0.024,0.01
Hot Date,1,"Dec. 27, 2017",0.079,0.02
Hot Date,1,"Jan. 3, 2018",0.019,0.01
Hot Date,2,"Sept. 20, 2019",0.042,0.02
Hot Date,2,"Sept. 20, 2019",0.030,0.02
Hot Date,2,"Sept. 27, 2019",0.041,0.02
Hot Date,2,"Sept. 27, 2019",0.026,0.01
Hot Date,2,"Oct. 4, 2019",0.033,0.01
Hot Date,2,"Oct. 4, 2019",0.019,0.01
Hot Date,2,"Oct. 11, 2019",0.054,0.01
Hot Date,2,"Oct. 11, 2019",0.040,0.01
Hot Date,2,"Oct. 18, 2019",0.059,0.03
Hot Date,2,"Oct. 18, 2019",0.023,0.01
The Bridge,1,"Jul. 10, 2013",3.043,0.9
The Bridge,1,"Jul. 17, 2013",1.740,0.5
The Bridge,1,"Jul. 24, 2013",1.782,0.7
The Bridge,1,"Jul. 31, 2013",1.752,0.6
The Bridge,1,"Aug. 7, 2013",1.918,0.7
The Bridge,1,"Aug. 14, 2013",1.634,0.7
The Bridge,1,"Aug. 21, 2013",1.657,0.6
The Bridge,1,"Aug. 28, 2013",1.770,0.6
The Bridge,1,"Sept. 4, 2013",1.653,0.5
The Bridge,1,"Sept. 11, 2013",1.795,0.7
The Bridge,1,"Sept. 18, 2013",1.497,0.6
The Bridge,1,"Sept. 25, 2013",1.342,0.6
The Bridge,1,"Oct. 2, 2013",1.433,0.5
The Bridge,2,"Jul. 9, 2014",1.500,0.50
The Bridge,2,"Jul. 16, 2014",1.183,0.3
The Bridge,2,"Jul. 23, 2014",1.288,0.47
The Bridge,2,"Jul. 30, 2014",1.128,0.35
The Bridge,2,"Aug. 6, 2014",0.930,0.32
The Bridge,2,"Aug. 13, 2014",0.821,0.29
The Bridge,2,"Aug. 20, 2014",0.936,0.32
The Bridge,2,"Aug. 27, 2014",0.954,0.29
The Bridge,2,"Sept. 3, 2014",1.191,0.41
The Bridge,2,"Sept. 10, 2014",1.279,0.40
The Bridge,2,"Sept. 17, 2014",1.216,0.41
The Bridge,2,"Sept. 24, 2014",1.031,0.28
The Bridge,2,"Oct. 1, 2014",1.027,0.31
Satisfaction,1,"Jul. 17, 2014",1.707,0.49
Satisfaction,1,"Jul. 24, 2014",1.590,0.44
Satisfaction,1,"Jul. 31, 2014",1.468,0.44
Satisfaction,1,"Aug. 7, 2014",1.401,0.40
Satisfaction,1,"Aug. 14, 2014",1.141,0.27
Satisfaction,1,"Aug. 21, 2014",1.336,0.38
Satisfaction,1,"Aug. 28, 2014",1.246,0.40
Satisfaction,1,"Sept. 4, 2014",1.113,0.33
Satisfaction,1,"Sept. 11, 2014",1.501,0.49
Satisfaction,1,"Sept. 18, 2014",1.336,0.42
Satisfaction,2,"Oct. 16, 2015",0.818,0.26
Satisfaction,2,"Oct. 23, 2015",0.722,0.24
Satisfaction,2,"Oct. 30, 2015",0.543,0.17
Satisfaction,2,"Nov. 6, 2015",0.686,0.18
Satisfaction,2,"Nov. 13, 2015",0.663,0.21
Satisfaction,2,"Nov. 20, 2015",0.659,0.20
Satisfaction,2,"Nov. 27, 2015",0.493,0.17
Satisfaction,2,"Dec. 4, 2015",0.612,0.22
Satisfaction,2,"Dec. 11, 2015",0.636,0.17
Satisfaction,2,"Dec. 18, 2015",0.636,0.12
Twisted,1,"Mar. 19, 2013",1.191,0.46
Twisted,1,"Jun. 11, 2013",1.605,0.5
Twisted,1,"Jun. 18, 2013",1.796,0.7
Twisted,1,"Jun. 25, 2013",1.359,0.5
Twisted,1,"Jul. 2, 2013",1.063,0.4
Twisted,1,"Jul. 9, 2013",1.614,0.6
Twisted,1,"Jul. 16, 2013",1.575,0.6
Twisted,1,"Jul. 23, 2013",1.479,0.5
Twisted,1,"Jul. 30, 2013",1.318,0.5
Twisted,1,"Aug. 6, 2013",1.500,0.5
Twisted,1,"Aug. 13, 2013",1.435,0.5
Twisted,1,"Aug. 27, 2013",1.624,0.6
Twisted,1,"Feb. 11, 2014",1.292,0.46
Twisted,1,"Feb. 18, 2014",1.374,0.50
Twisted,1,"Feb. 25, 2014",1.121,0.43
Twisted,1,"Mar. 4, 2014",1.101,0.40
Twisted,1,"Mar. 11, 2014",1.017,0.37
Twisted,1,"Mar. 18, 2014",1.132,0.44
Twisted,1,"Mar. 25, 2014",0.726,0.2
Twisted,1,"Apr. 1, 2014",0.773,0.30
Sex & Drugs & Rock & Roll,1,"Jul. 16, 2015",0.867,0.35
Sex & Drugs & Rock & Roll,1,"Jul. 23, 2015",0.701,0.27
Sex & Drugs & Rock & Roll,1,"Jul. 30, 2015",0.703,0.29
Sex & Drugs & Rock & Roll,1,"Aug. 6, 2015",0.701,0.31
Sex & Drugs & Rock & Roll,1,"Aug. 13, 2015",0.508,0.21
Sex & Drugs & Rock & Roll,1,"Aug. 20, 2015",0.426,0.19
Sex & Drugs & Rock & Roll,1,"Aug. 27, 2015",0.785,0.40
Sex & Drugs & Rock & Roll,1,"Sept. 3, 2015",0.573,0.24
Sex & Drugs & Rock & Roll,1,"Sept. 10, 2015",0.383,0.17
Sex & Drugs & Rock & Roll,1,"Sept. 17, 2015",0.487,0.19
Sex & Drugs & Rock & Roll,2,"Jun. 30, 2016",0.529,0.22
Sex & Drugs & Rock & Roll,2,"Jul. 7, 2016",0.334,0.13
Sex & Drugs & Rock & Roll,2,"Jul. 14, 2016",0.560,0.20
Sex & Drugs & Rock & Roll,2,"Jul. 21, 2016",0.333,0.13
Sex & Drugs & Rock & Roll,2,"Jul. 28, 2016",0.416,0.15
Sex & Drugs & Rock & Roll,2,"Aug. 4, 2016",0.375,0.15
Sex & Drugs & Rock & Roll,2,"Aug. 11, 2016",0.354,0.16
Sex & Drugs & Rock & Roll,2,"Aug. 18, 2016",0.353,0.13
Sex & Drugs & Rock & Roll,2,"Aug. 25, 2016",0.483,0.22
Sex & Drugs & Rock & Roll,2,"Sept. 1, 2016",0.453,0.17
Jennifer Falls,1,"Jun. 4, 2014",0.890,0.27
Jennifer Falls,1,"Jun. 11, 2014",0.744,0.16
Jennifer Falls,1,"Jun. 18, 2014",0.682,0.14
Jennifer Falls,1,"Jun. 25, 2014",0.802,0.18
Jennifer Falls,1,"Jul. 9, 2014",0.733,0.17
Jennifer Falls,1,"Jul. 16, 2014",0.454,0.17
Jennifer Falls,1,"Jul. 23, 2014",0.568,0.15
Jennifer Falls,1,"Jul. 30, 2014",0.614,0.15
Jennifer Falls,1,"Aug. 6, 2014",0.768,0.17
Jennifer Falls,1,"Aug. 13, 2014",0.619,0.13
Flipping Out,1,"Jul. 31, 2007",0.470,0.3
Flipping Out,1,"Aug. 7, 2007",0.639,0.3
Flipping Out,1,"Aug. 14, 2007",0.494,0.3
Flipping Out,1,"Aug. 21, 2007",0.830,0.5
Flipping Out,1,"Aug. 28, 2007",0.680,0.4
Flipping Out,1,"Sept. 4, 2007",0.774,0.4
Flipping Out,1,"Sept. 11, 2007",0.581,0.3
Flipping Out,2,"Jun. 17, 2008",0.672,0.4
Flipping Out,2,"Jun. 24, 2008",0.590,0.3
Flipping Out,2,"Jul. 1, 2008",0.759,0.4
Flipping Out,2,"Jul. 8, 2008",0.866,0.4
Flipping Out,2,"Jul. 15, 2008",1.136,0.6
Flipping Out,2,"Jul. 22, 2008",1.080,0.6
Flipping Out,2,"Jul. 29, 2008",1.210,0.6
Flipping Out,2,"Aug. 5, 2008",1.276,0.7
Flipping Out,3,"Aug. 18, 2009",1.030,0.6
Flipping Out,3,"Aug. 25, 2009",1.042,0.6
Flipping Out,3,"Sept. 1, 2009",1.142,0.6
Flipping Out,3,"Sept. 8, 2009",1.163,0.6
Flipping Out,3,"Sept. 15, 2009",0.935,0.5
Flipping Out,3,"Sept. 22, 2009",1.170,0.7
Flipping Out,3,"Sept. 29, 2009",1.013,0.6
Flipping Out,3,"Oct. 6, 2009",0.905,0.5
Flipping Out,3,"Oct. 13, 2009",1.089,0.6
Flipping Out,3,"Oct. 20, 2009",0.977,0.6
Flipping Out,3,"Oct. 27, 2009",1.088,0.6
Flipping Out,4,"Aug. 10, 2010",1.265,0.6
Flipping Out,4,"Aug. 17, 2010",1.221,0.6
Flipping Out,4,"Aug. 24, 2010",1.198,0.6
Flipping Out,4,"Aug. 31, 2010",1.517,0.7
Flipping Out,4,"Sept. 7, 2010",1.255,0.6
Flipping Out,4,"Sept. 14, 2010",1.205,0.6
Flipping Out,4,"Sept. 21, 2010",1.006,0.5
Flipping Out,4,"Sept. 28, 2010",0.888,0.4
Flipping Out,4,"Oct. 5, 2010",1.272,0.6
Flipping Out,4,"Oct. 12, 2010",1.146,0.5
Flipping Out,5,"Jul. 6, 2011",1.078,0.6
Flipping Out,5,"Jul. 12, 2011",1.251,0.7
Flipping Out,5,"Jul. 19, 2011",0.946,0.5
Flipping Out,5,"Jul. 26, 2011",1.222,0.6
Flipping Out,5,"Aug. 2, 2011",1.295,0.6
Flipping Out,5,"Aug. 9, 2011",1.470,0.8
Flipping Out,5,"Aug. 16, 2011",1.467,0.7
Flipping Out,5,"Aug. 23, 2011",1.438,0.7
Flipping Out,5,"Aug. 30, 2011",1.488,0.7
Flipping Out,5,"Sept. 6, 2011",1.762,0.9
Flipping Out,5,"Sept. 13, 2011",1.393,0.7
Flipping Out,6,"Sept. 4, 2012",1.346,0.5
Flipping Out,6,"Sept. 11, 2012",1.224,0.5
Flipping Out,6,"Sept. 18, 2012",1.197,0.5
Flipping Out,6,"Sept. 25, 2012",1.208,0.6
Flipping Out,6,"Oct. 2, 2012",1.277,0.5
Flipping Out,6,"Oct. 9, 2012",1.063,0.4
Flipping Out,6,"Oct. 16, 2012",0.819,0.3
Flipping Out,6,"Oct. 23, 2012",1.156,0.5
Flipping Out,6,"Oct. 30, 2012",0.974,0.4
Flipping Out,6,"Nov. 13, 2012",1.083,0.5
Flipping Out,6,"Nov. 20, 2012",1.096,0.4
Flipping Out,6,"Nov. 27, 2012",1.253,0.5
Flipping Out,7,"Mar. 5, 2014",0.993,0.41
Flipping Out,7,"Mar. 12, 2014",0.802,0.28
Flipping Out,7,"Mar. 19, 2014",0.953,0.33
Flipping Out,7,"Mar. 26, 2014",0.833,0.33
Flipping Out,7,"Apr. 2, 2014",1.083,0.41
Flipping Out,7,"Apr. 9, 2014",1.151,0.45
Flipping Out,7,"Apr. 16, 2014",1.167,0.47
Flipping Out,7,"Apr. 23, 2014",1.062,0.50
Flipping Out,7,"Apr. 30, 2014",0.821,0.32
Flipping Out,7,"May 7, 2014",0.800,0.28
Flipping Out,8,"Jul. 1, 2015",0.843,0.30
Flipping Out,8,"Jul. 8, 2015",0.857,0.29
Flipping Out,8,"Jul. 15, 2015",0.704,0.22
Flipping Out,8,"Jul. 22, 2015",0.787,0.27
Flipping Out,8,"Jul. 29, 2015",0.839,0.36
Flipping Out,8,"Aug. 5, 2015",0.980,0.38
Flipping Out,8,"Aug. 12, 2015",1.050,0.39
Flipping Out,8,"Aug. 19, 2015",1.040,0.40
Flipping Out,9,"Jul. 13, 2016",0.984,0.31
Flipping Out,9,"Jul. 14, 2016",0.917,0.25
Flipping Out,9,"Jul. 21, 2016",1.014,0.32
Flipping Out,9,"Jul. 28, 2016",0.823,0.24
Flipping Out,9,"Aug. 4, 2016",0.942,0.33
Flipping Out,9,"Aug. 18, 2016",0.836,0.28
Flipping Out,9,"Aug. 25, 2016",0.969,0.32
Flipping Out,9,"Sept. 1, 2016",1.061,0.34
Flipping Out,9,"Sept. 8, 2016",1.092,0.33
Flipping Out,9,"Sept. 15, 2016",0.997,0.32
Flipping Out,10,"Aug. 17, 2017",0.926,0.29
Flipping Out,10,"Aug. 24, 2017",0.872,0.29
Flipping Out,10,"Aug. 31, 2017",0.986,0.34
Flipping Out,10,"Sept. 7, 2017",0.984,0.34
Flipping Out,10,"Sept. 14, 2017",1.024,0.34
Flipping Out,10,"Sept. 21, 2017",1.029,0.35
Flipping Out,10,"Sept. 28, 2017",0.932,0.27
Flipping Out,10,"Oct. 5, 2017",0.964,0.30
Flipping Out,10,"Oct. 12, 2017",1.103,0.33
Flipping Out,10,"Oct. 19, 2017",0.945,0.27
Flipping Out,11,"Sept. 11, 2018",0.866,0.28
Flipping Out,11,"Sept. 18, 2018",0.674,0.20
Flipping Out,11,"Sept. 25, 2018",0.733,0.27
Flipping Out,11,"Oct. 2, 2018",0.711,0.25
Flipping Out,11,"Oct. 9, 2018",0.689,0.21
Flipping Out,11,"Oct. 16, 2018",0.824,0.27
Flipping Out,11,"Oct. 30, 2018",0.780,0.25
Flipping Out,11,"Nov. 6, 2018",0.727,0.22
Flipping Out,11,"Nov. 13, 2018",0.827,0.28
Flipping Out,11,"Nov. 20, 2018",1.004,0.35
Legends,1,"Aug. 13, 2014",2.580,0.52
Legends,1,"Aug. 20, 2014",1.725,0.47
Legends,1,"Aug. 27, 2014",1.761,0.36
Legends,1,"Sept. 3, 2014",1.743,0.35
Legends,1,"Sept. 10, 2014",1.436,0.28
Legends,1,"Sept. 17, 2014",1.631,0.29
Legends,1,"Sept. 24, 2014",1.458,0.32
Legends,1,"Oct. 1, 2014",1.060,0.19
Legends,1,"Oct. 8, 2014",1.077,0.29
Legends,1,"Oct. 8, 2014",0.876,0.16
Legends,2,"Nov. 2, 2015",0.676,0.15
Legends,2,"Nov. 9, 2015",0.477,0.11
Legends,2,"Nov. 23, 2015",0.576,0.12
Legends,2,"Nov. 30, 2015",0.721,0.14
Legends,2,"Dec. 7, 2015",0.668,0.13
Legends,2,"Dec. 14, 2015",0.514,0.13
Legends,2,"Dec. 21, 2015",0.824,0.18
Legends,2,"Dec. 28, 2015",0.515,0.15
Legends,2,"Dec. 28, 2015",0.405,0.09
Legends,2,"Dec. 28, 2015",0.325,0.10
The Runner Up,1,"April 7, 2015",0.061,0.02
The Runner Up,1,"April 14, 2015",0.022,0.00
The Runner Up,1,"April 21, 2015",0.042,0.01
The Runner Up,1,"April 28, 2015",0.031,0.01
Boomtowners,1,"April 26, 2015",0.067,0.01
Boomtowners,1,"May 3, 2015",0.054,0.01
Boomtowners,1,"May 10, 2015",0.057,0.01
Boomtowners,1,"May 17, 2015",0.042,0.01
Boomtowners,1,"May 24, 2015",0.047,0.01
Boomtowners,1,"May 31, 2015",0.087,0.002
Mummies Alive,1,"June 7, 2015",0.182,0.03
Mummies Alive,1,"June 14, 2015",0.069,0.00
Mummies Alive,1,"June 21, 2015",0.054,0.01
Mummies Alive,1,"June 28, 2015",0.085,0.00
Mummies Alive,1,"July 5, 2015",0.083,0.00
Mummies Alive,1,"July 12, 2015",0.103,0.01
My Million Dollar Invention,1,"June 14, 2015",0.074,0.01
My Million Dollar Invention,1,"June 21, 2015",0.048,0.01
My Million Dollar Invention,1,"June 28, 2015",0.096,0.02
My Million Dollar Invention,1,"July 5, 2015",0.051,0.00
My Million Dollar Invention,1,"July 12, 2015",0.101,0.01
My Million Dollar Invention,1,"July 19, 2015",0.100,0.01
My Million Dollar Invention,1,"July 26, 2015",0.134,0.01
My Million Dollar Invention,1,"August 2, 2015",0.097,0.02
Africa's Predator Zones,1,"July 15, 2015",0.085,0.01
Africa's Predator Zones,1,"July 22, 2015",0.058,0.01
Africa's Predator Zones,1,"July 29, 2015",0.097,0.01
The Next Great Burger,1,"July 21, 2015",0.073,0.03
The Next Great Burger,1,"July 28, 2015",0.051,0.02
The Next Great Burger,1,"August 4, 2015",0.052,0.03
The Next Great Burger,1,"August 12, 2015",0.044,0.01
The Next Great Burger,1,"August 19, 2015",0.054,0.02
The Next Great Burger,1,"August 26, 2015",0.047,0.01
The Agent,1,"August 11, 2015",0.051,0.03
The Agent,1,"August 18, 2015",0.090,0.04
The Agent,1,"August 25, 2015",0.052,0.02
The Agent,1,"September 1, 2015",0.055,0.01
The Agent,1,"September 8, 2015",0.048,0.02
The Agent,1,"September 15, 2015",0.082,0.03
The Agent,1,"September 22, 2015",0.031,0.01
The Agent,1,"September 29, 2015",0.031,0.01
The Agent,1,"October 6, 2015",0.026,0.01
The Missing Evidence,1,"August 30, 2015",0.120,0.02
The Missing Evidence,1,"September 6, 2015",0.170,-
The Missing Evidence,1,"September 13, 2015",0.140,0.03
The Missing Evidence,1,"September 20, 2025",0.069,0.00
The Missing Evidence,1,"September 27, 2015",0.085,0.01
The Missing Evidence,1,"October 4, 2015",0.064,0.00
Gomorrah,1,"Aug. 24, 2016",0.126,0.03
Gomorrah,1,"Aug. 31, 2016",0.099,0.02
Gomorrah,1,"Sept. 7, 2016",0.081,0.01
Gomorrah,1,"Sept. 14, 2016",0.105,0.03
Gomorrah,1,"Sept. 21, 2016",0.083,0.02
Gomorrah,1,"Sept. 28, 2016",0.070,0.01
Gomorrah,2,"Apr. 26, 2017",0.042,0.01
Gomorrah,2,"May 3, 2017",0.059,0.01
Gomorrah,2,"May 10, 2017",0.056,0.01
Gomorrah,2,"May 17, 2017",0.046,0.01
Gomorrah,2,"May 24, 2017",0.060,0.02
Gomorrah,2,"May 31, 2017",0.096,0.02
Gomorrah,2,"Jun. 7, 2017",0.058,0.01
Gomorrah,2,"Jun. 14, 2017",0.079,0.02
Gomorrah,2,"Jun. 21, 2017",0.074,0.02
Manhattan,1,"Jul. 27, 2014",0.904,0.20
Manhattan,1,"Aug. 3, 2014",0.339,0.06
Manhattan,1,"Aug. 10, 2014",0.398,0.09
Manhattan,1,"Aug. 17, 2014",0.372,0.08
Manhattan,1,"Aug. 24, 2014",0.377,0.07
Manhattan,1,"Aug. 31, 2014",0.295,0.07
Manhattan,1,"Sept. 7, 2014",0.426,0.04
Manhattan,1,"Sept. 14, 2014",0.303,0.07
Manhattan,1,"Sept. 21, 2014",0.425,0.09
Manhattan,1,"Sept. 28, 2014",0.360,0.06
Manhattan,1,"Oct. 5, 2014",0.371,0.05
Manhattan,1,"Oct. 12, 2014",0.413,0.07
Manhattan,1,"Oct. 19, 2014",0.378,0.11
Manhattan,2,"Oct. 13, 2015",0.265,0.03
Manhattan,2,"Oct. 20, 2015",0.191,0.04
Manhattan,2,"Oct. 27, 2015",0.256,0.03
Manhattan,2,"Nov. 3, 2015",0.335,0.03
Manhattan,2,"Nov. 10, 2015",0.161,0.03
Manhattan,2,"Nov. 17, 2015",0.250,0.02
Manhattan,2,"Nov. 24, 2015",0.180,0.01
Manhattan,2,"Dec. 1, 2015",0.308,0.04
Manhattan,2,"Dec. 8, 2015",0.240,0.05
Manhattan,2,"Dec. 15, 2015",0.201,0.03
Sons of Anarchy,1,"Sept. 3, 2008",2.53,1.2/3
Sons of Anarchy,1,"Sept. 10, 2008",2.20,1.1/3
Sons of Anarchy,1,"Sept. 17, 2008",2.10,0.9/3
Sons of Anarchy,1,"Sept. 24, 2008",2.003,0.99
Sons of Anarchy,1,"Oct. 1, 2008",2.19,1.1/3
Sons of Anarchy,1,"Oct. 8, 2008",2.09,1.1/3
Sons of Anarchy,1,"Oct. 15, 2008",1.87,1.0/3
Sons of Anarchy,1,"Oct. 22, 2008",2.14,1.0/3
Sons of Anarchy,1,"Oct. 29, 2008",2.06,1.1/3
Sons of Anarchy,1,"Nov. 5, 2008",2.14,1.1/3
Sons of Anarchy,1,"Nov. 12, 2008",2.22,1.2/3
Sons of Anarchy,1,"Nov. 19, 2008",2.46,1.3/4
Sons of Anarchy,1,"Nov. 26, 2008",2.48,1.2/4
Sons of Anarchy,2,"Sept. 8, 2009",4.290,2.3/6
Sons of Anarchy,2,"Sept. 15, 2009",3.707,1.9/5
Sons of Anarchy,2,"Sept. 22, 2009",3.490,1.9/5
Sons of Anarchy,2,"Sept. 29, 2009",3.763,1.9/5
Sons of Anarchy,2,"Oct. 6, 2009",3.656,2.0/6
Sons of Anarchy,2,"Oct. 13, 2009",3.312,1.8/5
Sons of Anarchy,2,"Oct. 20, 2009",3.702,2.0/6
Sons of Anarchy,2,"Oct. 27, 2009",3.390,1.8/5
Sons of Anarchy,2,"Nov. 3, 2009",3.516,1.8/5
Sons of Anarchy,2,"Nov. 10, 2009",3.383,1.9/6
Sons of Anarchy,2,"Nov. 17, 2009",3.475,1.9/6
Sons of Anarchy,2,"Nov. 24, 2009",3.438,1.7/5
Sons of Anarchy,2,"Dec. 1, 2009",4.328,2.3/6
Sons of Anarchy,3,"Sept. 7, 2010",4.134,2.1/6
Sons of Anarchy,3,"Sept. 14, 2010",3.368,1.8/5
Sons of Anarchy,3,"Sept. 21, 2010",3.480,1.8/5
Sons of Anarchy,3,"Sept. 28, 2010",2.977,1.6/5
Sons of Anarchy,3,"Oct. 5, 2010",3.124,1.6/5
Sons of Anarchy,3,"Oct. 12, 2010",2.853,1.6/4
Sons of Anarchy,3,"Oct. 19, 2010",2.599,1.3/4
Sons of Anarchy,3,"Oct. 26, 2010",2.674,1.4/4
Sons of Anarchy,3,"Nov. 2, 2010",3.351,1.7/5
Sons of Anarchy,3,"Nov. 9, 2010",3.177,1.6/5
Sons of Anarchy,3,"Nov. 16, 2010",3.403,1.7/5
Sons of Anarchy,3,"Nov. 23, 2010",3.272,1.7/5
Sons of Anarchy,3,"Nov. 30, 2010",3.598,1.8/5
Sons of Anarchy,4,"Sept. 6, 2011",4.927,2.5
Sons of Anarchy,4,"Sept. 13, 2011",3.710,2.0
Sons of Anarchy,4,"Sept. 20, 2011",3.424,1.9
Sons of Anarchy,4,"Sept. 27, 2011",3.276,1.7
Sons of Anarchy,4,"Oct. 4, 2011",3.514,1.9
Sons of Anarchy,4,"Oct. 11, 2011",3.557,1.9
Sons of Anarchy,4,"Oct. 18, 2011",3.650,2.0
Sons of Anarchy,4,"Oct. 25, 2011",3.819,2.0
Sons of Anarchy,4,"Nov. 1, 2011",3.632,1.9
Sons of Anarchy,4,"Nov. 8, 2011",3.925,2.0
Sons of Anarchy,4,"Nov. 15, 2011",4.234,2.2
Sons of Anarchy,4,"Nov. 22, 2011",3.851,1.9
Sons of Anarchy,4,"Nov. 29, 2011",4.419,2.3
Sons of Anarchy,4,"Dec. 6, 2011",4.244,2.1
Sons of Anarchy,5,"Sept. 11, 2012",5.366,2.8
Sons of Anarchy,5,"Sept. 18, 2012",4.166,2.3
Sons of Anarchy,5,"Sept. 25, 2012",3.802,2.1
Sons of Anarchy,5,"Oct. 2, 2012",4.597,2.4
Sons of Anarchy,5,"Oct. 9, 2012",4.339,2.3
Sons of Anarchy,5,"Oct. 16, 2012",4.032,2.2
Sons of Anarchy,5,"Oct. 23, 2012",4.300,2.2
Sons of Anarchy,5,"Oct. 30, 2012",4.585,2.5
Sons of Anarchy,5,"Nov. 6, 2012",3.963,2.1
Sons of Anarchy,5,"Nov. 13, 2012",4.580,2.4
Sons of Anarchy,5,"Nov. 20, 2012",4.231,2.2
Sons of Anarchy,5,"Nov. 27, 2012",4.253,2.3
Sons of Anarchy,5,"Dec. 4, 2012",4.655,2.4
Sons of Anarchy,6,"Sept. 10, 2013",5.869,3.1
Sons of Anarchy,6,"Sept. 17, 2013",4.632,2.46
Sons of Anarchy,6,"Sept. 24, 2013",4.480,2.44
Sons of Anarchy,6,"Oct. 1, 2013",4.598,2.43
Sons of Anarchy,6,"Oct. 8, 2013",4.459,2.47
Sons of Anarchy,6,"Oct. 15, 2013",4.355,2.34
Sons of Anarchy,6,"Oct. 22, 2013",4.383,2.41
Sons of Anarchy,6,"Oct. 29, 2013",4.200,2.25
Sons of Anarchy,6,"Nov. 5, 2013",4.496,2.40
Sons of Anarchy,6,"Nov. 12, 2013",4.381,2.28
Sons of Anarchy,6,"Nov. 19, 2013",4.173,2.22
Sons of Anarchy,6,"Nov. 26, 2013",4.577,2.48
Sons of Anarchy,6,"Dec. 3, 2013",5.172,2.78
Sons of Anarchy,7,"Sept. 9, 2014",6.199,3.19
Sons of Anarchy,7,"Sept. 16, 2014",4.828,2.48
Sons of Anarchy,7,"Sept. 23, 2014",4.128,2.17
Sons of Anarchy,7,"Sept. 30, 2014",4.036,2.14
Sons of Anarchy,7,"Oct. 7, 2014",4.321,2.25
Sons of Anarchy,7,"Oct. 14, 2014",4.420,2.28
Sons of Anarchy,7,"Oct. 21, 2014",4.285,2.26
Sons of Anarchy,7,"Oct. 28, 2014",3.957,1.98
Sons of Anarchy,7,"Nov. 4, 2014",3.883,1.89
Sons of Anarchy,7,"Nov. 11, 2014",4.380,2.23
Sons of Anarchy,7,"Nov. 18, 2014",4.622,2.40
Sons of Anarchy,7,"Dec. 2, 2014",5.053,2.62
Sons of Anarchy,7,"Dec. 9, 2014",6.393,3.32
Ripper Street,1,"Jan. 19, 2013",0.552,0.12
Ripper Street,1,"Jan. 26, 2013",0.400,0.05
Ripper Street,1,"Feb. 2, 2013",0.409,0.08
Ripper Street,1,"Feb. 9, 2013",0.364,0.10
Ripper Street,1,"Feb. 16, 2013",0.292,0.06
Ripper Street,1,"Feb. 23, 2013",0.319,0.06
Ripper Street,1,"Mar. 2, 2013",0.264,0.06
Ripper Street,1,"Mar. 9, 2013",0.381,0.08
Ripper Street,2,"Feb. 22, 2014",0.313,0.08
Ripper Street,2,"Mar. 1, 2014",0.236,0.04
Ripper Street,2,"Mar. 8, 2014",0.214,0.04
Ripper Street,2,"Mar. 15, 2014",0.219,0.08
Ripper Street,2,"Mar. 22, 2014",0.241,0.06
Ripper Street,2,"Mar. 29, 2014",0.191,0.04
Ripper Street,2,"Apr. 5, 2014",0.153,0.05
Ripper Street,2,"Apr. 12, 2014",0.179,0.02
Ripper Street,3,"Apr. 29, 2015",0.197,0.02
Ripper Street,3,"May 6, 2015",0.083,0.04
Ripper Street,3,"May 13, 2015",0.183,0.02
Ripper Street,3,"May 20, 2015",0.271,0.04
Ripper Street,3,"May 27, 2015",0.147,0.03
Ripper Street,3,"Jun. 3, 2015",0.238,0.05
Ripper Street,3,"Jun. 10, 2015",0.201,0.03
Ripper Street,3,"Jun. 17, 2015",0.201,0.03
Ripper Street,4,"Jul. 28, 2016",0.151,0.04
Ripper Street,4,"Aug. 4, 2016",0.101,0.01
Ripper Street,4,"Aug. 11, 2016",0.101,0.02
Ripper Street,4,"Aug. 18, 2016",0.105,0.02
Ripper Street,4,"Aug. 25, 2016",0.135,0.03
Ripper Street,4,"Sept. 1, 2016",0.138,0.02
Ripper Street,4,"Sept. 15, 2016",0.147,0.04
Ripper Street,5,"Mar. 8, 2017",0.094,0.02
Ripper Street,5,"Mar. 15, 2017",0.075,0.02
Ripper Street,5,"Mar. 22, 2017",0.092,0.02
Ripper Street,5,"Mar. 29, 2017",0.113,0.02
Ripper Street,5,"Apr. 5, 2017",0.072,0.02
Ripper Street,5,"Apr. 12, 2017",0.076,0.01
Leverage,1,"Dec. 7, 2008",4.987,1.6/
Leverage,1,"Dec. 9, 2008",3.114,-
Leverage,1,"Dec. 16, 2008",2.977,-
Leverage,1,"Dec. 23, 2008",2.656,-
Leverage,1,"Dec. 30, 2008",3.772,1.2/
Leverage,1,"Jan. 6, 2009",2.850,0.9/2
Leverage,1,"Jan. 13, 2009",2.657,-
Leverage,1,"Jan. 20, 2009",2.830,-
Leverage,1,"Jan. 27, 2009",2.809,0.9/2
Leverage,1,"Feb. 3, 2009",2.790,0.9/3
Leverage,1,"Feb. 10, 2009",3.212,1.0/3
Leverage,1,"Feb. 17, 2009",2.910,0.9/3
Leverage,1,"Feb. 24, 2009",3.322,1.0/3
Leverage,2,"Jul. 15, 2009",3.890,1.0/3
Leverage,2,"Jul. 22, 2009",3.045,0.8/3
Leverage,2,"Jul. 29, 2009",3.676,0.9/3
Leverage,2,"Aug. 5, 2009",3.69,-
Leverage,2,"Aug. 12, 2009",3.164,0.8/2
Leverage,2,"Aug. 19, 2009",3.428,0.9/3
Leverage,2,"Aug. 26, 2009",3.729,1.1/3
Leverage,2,"Sept. 2, 2009",3.578,1.1/3
Leverage,2,"Sept. 9, 2009",3.367,1.0/3
Leverage,2,"Jan. 13, 2010",3.688,1.3/4
Leverage,2,"Jan. 20, 2020",2.997,1.0/3
Leverage,2,"Jan. 27, 2010",3.020,0.8/2
Leverage,2,"Feb. 3, 2010",2.913,0.9/3
Leverage,2,"Feb. 10, 2010",2.779,0.8/2
Leverage,2,"Feb. 17, 2010",2.848,0.9/2
Leverage,3,"Jun. 20, 2010",3.114,1.0/3
Leverage,3,"Jun. 20, 2010",2.950,1.0/3
Leverage,3,"Jun. 27, 2010",3.447,1.0/3
Leverage,3,"Jun. 27, 2010",3.242,1.0/3
Leverage,3,"Jul. 11, 2010",2.890,0.8/2
Leverage,3,"Jul. 18, 2010",3.932,1.0/3
Leverage,3,"Jul. 25, 2010",3.909,1.1/3
Leverage,3,"Aug. 1, 2010",3.488,0.9/2
Leverage,3,"Aug. 8, 2010",3.210,1.0/3
Leverage,3,"Aug. 15, 2010",3.117,0.8/2
Leverage,3,"Aug. 22, 2010",3.373,1.0/3
Leverage,3,"Aug. 29, 2010",2.886,0.8/2
Leverage,3,"Sept. 5, 2010",3.744,1.0/3
Leverage,3,"Dec. 12, 2010",2.103,0.5/1
Leverage,3,"Dec. 19, 2010",2.549,0.7/2
Leverage,3,"Dec. 19, 2010",2.557,0.7/2
Leverage,4,"Jun. 26, 2011",3.418,1.0
Leverage,4,"Jul. 3, 2011",2.456,0.7
Leverage,4,"Jul. 10, 2011",3.239,0.8
Leverage,4,"Jul. 17, 2011",4.063,1.1
Leverage,4,"Jul. 24, 2011",3.249,0.8
Leverage,4,"Jul. 31, 2011",3.375,1.0
Leverage,4,"Aug. 14, 2011",3.356,0.9
Leverage,4,"Aug. 14, 2011",3.290,1.0
Leverage,4,"Aug. 21, 2011",3.033,0.9
Leverage,4,"Aug. 28, 2011",3.218,0.9
Leverage,4,"Nov. 27, 2011",2.101,0.7
Leverage,4,"Dec. 4, 2011",1.831,0.6
Leverage,4,"Dec. 11, 2011",1.827,0.6
Leverage,4,"Dec. 18, 2011",2.109,0.6
Leverage,4,"Dec. 25, 2011",1.985,0.6
Leverage,4,"Jan. 1, 2012",2.265,0.7
Leverage,4,"Jan. 8, 2012",2.318,0.8
Leverage,4,"Jan. 15, 2012",2.550,0.8
Leverage,5,"Jul. 15, 2012",3.387,0.8
Leverage,5,"Jul. 22, 2012",2.627,0.7
Leverage,5,"Aug. 5, 2012",2.612,0.7
Leverage,5,"Aug. 12, 2012",2.322,0.6
Leverage,5,"Aug. 19, 2012",2.389,0.7
Leverage,5,"Aug. 26, 2012",2.623,0.8
Leverage,5,"Sept. 2, 2012",2.353,0.7
Leverage,5,"Sept. 9, 2012",2.194,0.6
Leverage,5,"Sept. 16, 2012",2.625,0.7
Leverage,5,"Sept. 16, 2012",2.447,0.7
Leverage,5,"Nov. 27, 2012",1.914,0.5
Leverage,5,"Dec. 4, 2012",2.410,0.5
Leverage,5,"Dec. 11, 2012",2.047,0.5
Leverage,5,"Dec. 18, 2012",2.230,0.6
Leverage,5,"Dec. 25, 2012",3.039,0.7
Aftermath,1,"Sept. 27, 2016",0.634,0.16
Aftermath,1,"Oct. 4, 2016",0.755,0.19
Aftermath,1,"Oct. 11, 2016",0.655,0.15
Aftermath,1,"Oct. 18, 2016",0.599,0.20
Aftermath,1,"Oct. 25, 2016",0.600,0.19
Aftermath,1,"Nov. 1, 2016",0.551,0.14
Aftermath,1,"Nov. 8, 2016",0.517,0.13
Aftermath,1,"Nov. 15, 2016",0.561,0.15
Aftermath,1,"Nov. 22, 2016",0.543,0.17
Aftermath,1,"Nov. 29, 2016",0.607,0.17
Aftermath,1,"Dec. 6, 2016",0.495,0.12
Aftermath,1,"Dec. 13, 2016",0.506,0.13
Aftermath,1,"Dec. 20, 2016",0.701,0.16
Hunters,1,"Apr. 11, 2016",0.537,0.16
Hunters,1,"Apr. 18, 2016",0.432,0.10
Hunters,1,"Apr. 25, 2016",0.398,0.08
Hunters,1,"May 2, 2016",0.325,0.07
Hunters,1,"May 9, 2016",0.367,0.09
Hunters,1,"May 16, 2016",0.288,0.07
Hunters,1,"May 23, 2016",0.255,0.07
Hunters,1,"May 31, 2016",0.168,0.05
Hunters,1,"Jun. 7, 2016",0.245,0.06
Hunters,1,"Jun. 14, 2016",0.288,0.10
Hunters,1,"Jun. 21, 2016",0.273,0.07
Hunters,1,"Jun. 28, 2016",0.208,0.06
Hunters,1,"Jul. 12, 2016",0.310,0.07
Wynonna Earp,1,"Apr. 1, 2016",0.801,0.20
Wynonna Earp,1,"Apr. 8, 2016",0.647,0.15
Wynonna Earp,1,"Apr. 15, 2016",0.643,0.18
Wynonna Earp,1,"Apr. 22, 2016",0.573,0.08
Wynonna Earp,1,"Apr. 29, 2016",0.643,0.15
Wynonna Earp,1,"May 6, 2016",0.548,0.15
Wynonna Earp,1,"May 13, 2016",0.404,0.13
Wynonna Earp,1,"May 20, 2016",0.574,0.12
Wynonna Earp,1,"May 27, 2016",0.391,0.08
Wynonna Earp,1,"Jun. 3, 2016",0.539,0.13
Wynonna Earp,1,"Jun. 10, 2016",0.519,0.13
Wynonna Earp,1,"Jun. 17, 2016",0.530,0.10
Wynonna Earp,1,"Jun. 24, 2016",0.447,0.14
Wynonna Earp,2,"Jun. 9, 2017",0.462,0.09
Wynonna Earp,2,"Jun. 16, 2017",0.567,0.14
Wynonna Earp,2,"Jun. 23, 2017",0.496,0.12
Wynonna Earp,2,"Jun. 30, 2017",0.581,0.13
Wynonna Earp,2,"Jul. 7, 2017",0.499,0.12
Wynonna Earp,2,"Jul. 14, 2017",0.496,0.13
Wynonna Earp,2,"Jul. 21, 2017",0.397,0.10
Wynonna Earp,2,"Jul. 28, 2017",0.574,0.13
Wynonna Earp,2,"Aug. 4, 2017",0.531,0.16
Wynonna Earp,2,"Aug. 11, 2017",0.473,0.12
Wynonna Earp,2,"Aug. 18, 2017",0.478,0.13
Wynonna Earp,2,"Aug. 25, 2017",0.439,0.08
Wynonna Earp,3,"Jul. 20, 2018",0.371,0.09
Wynonna Earp,3,"Jul. 27, 2018",0.484,0.12
Wynonna Earp,3,"Aug. 3, 2018",0.513,0.10
Wynonna Earp,3,"Aug. 10, 2018",0.544,0.13
Wynonna Earp,3,"Aug. 17, 2018",0.601,0.13
Wynonna Earp,3,"Aug. 24, 2018",0.480,0.11
Wynonna Earp,3,"Aug. 31, 2018",0.502,0.13
Wynonna Earp,3,"Sept. 7, 2018",0.496,0.11
Wynonna Earp,3,"Sept. 14, 2018",0.490,0.13
Wynonna Earp,3,"Sept. 21, 2018",0.460,0.11
Wynonna Earp,3,"Sept. 28, 2018",0.389,0.11
Wynonna Earp,3,"Sept. 28, 2018",0.339,0.09
Wynonna Earp,4,"Jul. 26, 2020",0.459,0.13
Wynonna Earp,4,"Aug. 2, 2020",0.268,0.06
Wynonna Earp,4,"Aug. 9, 2020",0.348,0.07
Wynonna Earp,4,"Aug. 16, 2020",0.230,0.07
Wynonna Earp,4,"Aug. 23, 2020",0.266,0.06
Wynonna Earp,4,"Aug. 30, 2020",0.342,0.09
Wynonna Earp,4,"Mar. 5, 2021",0.338,0.09
Wynonna Earp,4,"Mar. 12, 2021",0.276,0.09
Wynonna Earp,4,"Mar. 19, 2021",0.326,0.04
Wynonna Earp,4,"Mar. 26, 2021",0.296,0.06
Wynonna Earp,4,"Apr. 2, 2021",0.201,0.03
Wynonna Earp,4,"Apr. 9, 2021",0.278,0.06
Psych,1,"Jul. 7, 2006",6.056,1.9
Psych,1,"Jul. 14, 2006",4.712,1.5
Psych,1,"Jul. 21, 2006",4.69,1.6
Psych,1,"Jul. 28, 2006",4.35,1.4
Psych,1,"Aug. 4, 2006",4.724,1.6
Psych,1,"Aug. 11, 2006",4.76,1.5
Psych,1,"Aug. 18, 2006",4.894,1.6
Psych,1,"Aug. 25, 2006",4.635,1.6
Psych,1,"Jan. 19, 2007",3.776,1.3
Psych,1,"Jan. 26, 2007",3.714,1.2
Psych,1,"Feb. 2, 2007",3.811,1.3
Psych,1,"Feb. 9, 2007",3.600,1.2
Psych,1,"Feb. 16, 2007",3.243,1.1
Psych,1,"Feb. 23, 2007",3.742,1.2
Psych,1,"Mar. 2, 2007",4.480,1.4
Psych,2,"Jul. 13, 2007",4.325,1.4
Psych,2,"Jul. 20, 2007",3.905,1.2
Psych,2,"Jul. 27, 2007",4.182,1.3
Psych,2,"Aug. 3, 2007",3.729,1.3
Psych,2,"Aug. 10, 2007",4.430,1.3
Psych,2,"Aug. 17, 2007",3.813,1.4
Psych,2,"Aug. 24, 2007",4.246,1.3
Psych,2,"Sept. 7, 2007",3.965,1.3
Psych,2,"Sept. 14, 2007",4.151,1.4
Psych,2,"Dec. 7, 2007",3.674,1.2
Psych,2,"Jan. 11, 2008",4.685,1.7
Psych,2,"Jan. 18, 2008",4.207,1.4
Psych,2,"Jan. 25, 2008",4.662,1.6
Psych,2,"Feb. 1, 2008",4.342,1.4
Psych,2,"Feb. 8, 2008",3.505,1.3
Psych,2,"Feb. 15, 2008",4.695,1.5
Psych,3,"Jul. 18, 2008",4.890,1.6
Psych,3,"Jul. 25, 2008",4.484,1.4
Psych,3,"Aug. 1, 2008",4.290,1.3
Psych,3,"Aug. 8, 2008",3.373,1.1
Psych,3,"Aug. 15, 2008",3.660,1.1
Psych,3,"Aug. 22, 2008",3.956,1.2
Psych,3,"Sept. 5, 2008",4.223,1.4
Psych,3,"Sept. 12, 2008",4.023,1.2
Psych,3,"Nov. 28, 2008",3.713,1.1
Psych,3,"Jan. 9, 2009",4.137,1.3
Psych,3,"Jan. 16, 2009",3.646,1.0
Psych,3,"Jan. 23, 2009",3.831,-
Psych,3,"Jan. 30, 2009",4.319,1.3
Psych,3,"Feb. 6, 2009",4.460,1.3
Psych,3,"Feb. 13, 2009",4.266,1.3
Psych,3,"Feb. 20, 2009",4.828,1.5
Psych,4,"Aug. 7, 2009",3.979,1.2
Psych,4,"Aug. 14, 2009",4.195,1.3
Psych,4,"Aug. 21, 2009",3.866,1.1
Psych,4,"Aug. 28, 2009",4.083,-
Psych,4,"Sept. 11, 2009",4.027,1.3
Psych,4,"Sept. 18, 2009",3.741,1.2
Psych,4,"Sept. 25, 2009",3.694,1.1
Psych,4,"Oct. 9, 2009",3.344,1.1
Psych,4,"Oct. 16, 2009",3.678,1.2
Psych,4,"Jan. 27, 2010",4.367,1.5
Psych,4,"Feb. 3, 2010",2.856,1.1
Psych,4,"Feb. 10, 2010",3.573,1.3
Psych,4,"Feb. 17, 2010",2.935,1.0
Psych,4,"Feb. 24, 2010",3.570,1.3
Psych,4,"Mar. 3, 2010",2.866,1.0
Psych,4,"Mar. 10, 2010",2.946,1.1
Psych,5,"Jul. 14, 2010",3.679,1.1
Psych,5,"Jul. 21, 2010",3.303,1.0
Psych,5,"Jul. 28, 2010",3.744,1.2
Psych,5,"Aug. 4, 2010",3.476,1.1
Psych,5,"Aug. 11, 2010",3.775,1.3
Psych,5,"Aug. 18, 2010",4.107,1.4
Psych,5,"Aug. 25, 2010",3.630,1.2
Psych,5,"Sept. 1, 2010",3.700,1.2
Psych,5,"Sept. 8, 2010",3.112,1.1
Psych,5,"Nov. 10, 2010",2.786,1.0
Psych,5,"Nov. 17, 2010",2.989,1.0
Psych,5,"Dec. 1, 2010",3.543,1.3
Psych,5,"Dec. 8, 2010",3.087,1.1
Psych,5,"Dec. 15, 2010",2.425,1.0
Psych,5,"Dec. 15, 2010",2.529,1.0
Psych,5,"Dec. 22, 2010",2.904,0.9
Psych,6,"Oct. 12, 2011",2.995,1.0
Psych,6,"Oct. 19, 2011",2.477,1.0
Psych,6,"Oct. 26, 2011",3.276,1.1
Psych,6,"Nov. 2, 2011",3.077,1.1
Psych,6,"Nov. 9, 2011",2.450,0.9
Psych,6,"Nov. 16, 2011",2.457,0.9
Psych,6,"Nov. 30, 2011",3.168,1.2
Psych,6,"Dec. 7, 2011",2.697,1.0
Psych,6,"Dec. 14, 2011",3.027,1.1
Psych,6,"Feb. 29, 2012",2.455,0.8
Psych,6,"Mar. 7, 2012",2.864,0.9
Psych,6,"Mar. 14, 2012",2.565,0.8
Psych,6,"Mar. 21, 2012",2.730,1.1
Psych,6,"Mar. 28, 2012",2.362,0.8
Psych,6,"Apr. 4, 2012",2.641,0.9
Psych,6,"Apr. 11, 2012",2.709,0.9
Psych,7,"Feb. 27, 2013",2.940,1.0
Psych,7,"Mar. 6, 2013",2.811,0.9
Psych,7,"Mar. 13, 2013",3.038,0.9
Psych,7,"Mar. 20, 2013",2.450,0.7
Psych,7,"Mar. 27, 2013",2.929,0.9
Psych,7,"Apr. 3, 2013",2.406,0.7
Psych,7,"Apr. 10, 2013",2.253,0.7
Psych,7,"Apr. 17, 2013",2.772,0.9
Psych,7,"Apr. 24, 2013",2.459,0.8
Psych,7,"May 1, 2013",2.352,0.8
Psych,7,"May 8, 2013",2.294,0.8
Psych,7,"May 15, 2013",2.310,0.8
Psych,7,"May 22, 2013",2.482,0.8
Psych,7,"May 29, 2013",2.177,0.7
Psych,8,"Jan. 8, 2014",2.282,0.81
Psych,8,"Jan. 15, 2014",1.510,0.58
Psych,8,"Jan. 22, 2014",1.612,0.69
Psych,8,"Jan. 29, 2014",1.730,0.71
Psych,8,"Feb. 5, 2014",1.794,0.78
Psych,8,"Feb. 26, 2014",1.534,0.51
Psych,8,"Mar. 5, 2014",1.555,0.59
Psych,8,"Mar. 12, 2014",1.357,0.49
Psych,8,"Mar. 19, 2014",1.526,0.52
Psych,8,"Mar. 26, 2014",1.928,0.72
Psych The Movie,1,"Dec. 7, 2017",1.260,0.51
The Inbetweeners,1,"Aug. 20, 2012",0.913,0.4
The Inbetweeners,1,"Aug. 27, 2012",0.648,0.3
The Inbetweeners,1,"Sept. 3, 2012",0.668,0.3
The Inbetweeners,1,"Sept. 10, 2012",0.570,0.2
The Inbetweeners,1,"Sept. 17, 2012",0.533,0.2
The Inbetweeners,1,"Sept. 24, 2012",0.521,0.2
The Inbetweeners,1,"Oct. 1, 2012",0.532,0.3
The Inbetweeners,1,"Oct. 8, 2012",0.528,0.3
The Inbetweeners,1,"Oct. 15, 2012",0.654,0.3
The Inbetweeners,1,"Oct. 22, 2012",0.554,0.2
The Inbetweeners,1,"Oct. 29, 2012",0.621,0.2
The Inbetweeners,1,"Nov. 5, 2012",0.655,0.3
Eureka,1,"Jul. 18, 2006",4.053,1.3
Eureka,1,"Jul. 25, 2006",2.491,0.8
Eureka,1,"Aug. 1, 2006",2.621,1.0
Eureka,1,"Aug. 8, 2006",2.251,0.7
Eureka,1,"Aug. 15, 2006",2.326,0.7
Eureka,1,"Aug. 22, 2006",2.336,0.8
Eureka,1,"Aug. 29, 2006",2.403,0.8
Eureka,1,"Sept. 5, 2006",2.302,0.8
Eureka,1,"Sept. 12, 2006",2.579,1.0
Eureka,1,"Sept. 19, 2006",1.714,0.7
Eureka,1,"Sept. 26, 2006",2.272,0.8
Eureka,1,"Oct. 3, 2006",2.363,0.9
Eureka,2,"Jul. 10, 2007",2.554,1.0/3
Eureka,2,"Jul. 17, 2007",2.195,0.8/2
Eureka,2,"Jul. 24, 2007",2.100,0.8/2
Eureka,2,"Jul. 31, 2007",2.030,0.7/2
Eureka,2,"Aug. 7, 2007",1.808,0.7
Eureka,2,"Aug. 14, 2007",2.211,0.8
Eureka,2,"Aug. 21, 2007",2.307,0.8/2
Eureka,2,"Aug. 28, 2007",2.283,0.9
Eureka,2,"Sept. 4, 2007",1.868,0.6
Eureka,2,"Sept. 11, 2007",2.305,0.8
Eureka,2,"Sept. 18, 2007",2.440,0.9
Eureka,2,"Sept. 25, 2007",1.538,0.6/1
Eureka,2,"Oct. 2, 2007",1.874,0.8
Eureka,3,"Jul. 29, 2008",2.808,1.0
Eureka,3,"Aug. 5, 2008",2.495,0.8
Eureka,3,"Aug. 12, 2008",2.432,1.0
Eureka,3,"Aug. 19, 2008",2.419,0.9
Eureka,3,"Aug. 26, 2008",2.481,0.8
Eureka,3,"Sept. 9, 2008",1.977,0.6
Eureka,3,"Sept. 16, 2008",2.146,0.7
Eureka,3,"Sept. 23, 2008",1.968,0.6
Eureka,3,"Jul. 10, 2009",2.584,0.8
Eureka,3,"Jul. 17, 2009",2.675,0.8
Eureka,3,"Jul. 24, 2009",2.410,0.7
Eureka,3,"Jul. 31, 2009",2.527,0.8
Eureka,3,"Aug. 7, 2009",2.353,0.7
Eureka,3,"Aug. 14, 2009",2.219,0.7
Eureka,3,"Aug. 21, 2009",1.989,0.6
Eureka,3,"Aug. 28, 2009",2.060,0.6
Eureka,3,"Sept. 11, 2009",2.377,0.8
Eureka,3,"Sept. 18, 2009",2.297,0.8
Eureka,4,"Jul. 9, 2010",2.520,0.8
Eureka,4,"Jul. 16, 2010",2.209,0.6
Eureka,4,"Jul. 23, 2010",2.293,0.7
Eureka,4,"Jul. 30, 2010",2.272,0.7
Eureka,4,"Aug. 6, 2010",2.562,0.8
Eureka,4,"Aug. 13, 2010",2.520,0.8
Eureka,4,"Aug. 20, 2010",2.299,0.7
Eureka,4,"Aug. 27, 2010",2.438,0.8
Eureka,4,"Sept. 10, 2010",2.250,0.7
Eureka,4,"Dec. 7, 2010",1.919,0.6
Eureka,4,"Jul. 11, 2011",2.016,0.7
Eureka,4,"Jul. 18, 2011",2.162,0.8
Eureka,4,"Jul. 25, 2011",1.768,0.6
Eureka,4,"Aug. 1, 2011",2.134,0.7
Eureka,4,"Aug. 8, 2011",2.248,0.7
Eureka,4,"Aug. 15, 2011",2.230,0.7
Eureka,4,"Aug. 22, 2011",2.032,0.7
Eureka,4,"Aug. 29, 2011",2.130,0.7
Eureka,4,"Sept. 12, 2011",1.927,0.7
Eureka,4,"Sept. 19, 2011",1.871,0.7
Eureka,4,"Dec. 6, 2011",1.399,0.4
Eureka,5,"Apr. 16, 2012",1.808,0.6
Eureka,5,"Apr. 23, 2012",1.589,0.5
Eureka,5,"Apr. 30, 2012",1.473,0.5
Eureka,5,"May 7, 2012",1.446,0.6
Eureka,5,"May 14, 2012",1.486,0.5
Eureka,5,"May 21, 2012",1.624,0.4
Eureka,5,"Jun. 4, 2012",1.966,0.6
Eureka,5,"Jun. 11, 2012",1.454,0.4
Eureka,5,"Jun. 18, 2012",1.592,0.5
Eureka,5,"Jun. 25, 2012",1.613,0.5
Eureka,5,"Jul. 2, 2012",1.588,0.5
Eureka,5,"Jul. 9, 2012",1.496,0.6
Eureka,5,"Jul. 16, 2012",1.565,0.6
Treme,1,"Apr. 11, 2010",1.125,0.4/1
Treme,1,"Apr. 18, 2010",0.777,0.3/1
Treme,1,"Apr. 25, 2010",0.809,0.3/1
Treme,1,"May 2, 2010",0.667,0.3/1
Treme,1,"May 9, 2010",0.572,0.2/1
Treme,1,"May 16, 2010",0.621,0.2/1
Treme,1,"May 23, 2010",0.560,0.2/0
Treme,1,"Jun. 6, 2010",0.541,0.2/1
Treme,1,"Jun. 13, 2010",1.165,0.6/2
Treme,1,"Jun. 20, 2010",0.931,0.4/1
Treme,2,"Apr. 24, 2011",0.605,0.2/1
Treme,2,"May 1, 2011",0.560,0.2/1
Treme,2,"May 8, 2011",0.518,0.2/0
Treme,2,"May 15, 2011",0.561,0.2/0
Treme,2,"May 22, 2011",0.591,0.2/0
Treme,2,"May 29, 2011",0.531,0.2/1
Treme,2,"Jun. 5, 2011",0.550,0.2/0
Treme,2,"Jun. 12, 2011",0.440,0.2
Treme,2,"Jun. 19, 2011",0.572,0.2
Treme,2,"Jun. 26, 2011",0.721,0.3
Treme,2,"Jul. 3, 2011",0.664,0.3
Treme,3,"Sept. 23, 2012",0.568,0.18
Treme,3,"Sept. 30, 2012",0.538,0.1
Treme,3,"Oct. 7, 2012",0.484,0.16
Treme,3,"Oct. 14, 2012",0.523,0.2
Treme,3,"Oct. 21, 2012",0.602,0.21
Treme,3,"Oct. 28, 2012",0.491,0.2
Treme,3,"Nov. 4, 2012",0.560,0.2
Treme,3,"Nov. 11, 2012",0.496,0.17
Treme,3,"Nov. 18, 2012",0.590,0.2
Treme,3,"Nov. 25, 2012",0.473,0.12
Treme,4,"Dec. 1, 2013",0.560,-
Treme,4,"Dec. 8, 2013",0.448,0.20
Treme,4,"Dec. 15, 2013",0.451,0.18
Treme,4,"Dec. 22, 2013",0.412,0.16
Treme,4,"Dec. 29, 2013",0.397,-
Banshee,1,"Jan. 11, 2013",0.483,0.18
Banshee,1,"Jan. 18, 2013",0.343,0.14
Banshee,1,"Jan. 25, 2013",0.405,0.13
Banshee,1,"Feb. 1, 2013",0.448,0.17
Banshee,1,"Feb. 8, 2013",0.445,0.15
Banshee,1,"Feb. 15, 2013",0.465,0.15
Banshee,1,"Feb. 22, 2013",0.381,0.12
Banshee,1,"Mar. 1, 2013",0.476,0.20
Banshee,1,"Mar. 8, 2013",0.335,0.11
Banshee,1,"Mar. 15, 2013",0.455,0.19
Banshee,2,"Jan. 10, 2014",0.491,0.2
Banshee,2,"Jan. 17, 2014",0.424,0.2
Banshee,2,"Jan. 24, 2014",0.536,0.21
Banshee,2,"Jan. 31, 2014",0.514,0.18
Banshee,2,"Feb. 7, 2014",0.591,0.2
Banshee,2,"Feb. 14, 2014",0.550,0.20
Banshee,2,"Feb. 21, 2014",0.537,0.2
Banshee,2,"Feb. 28, 2014",0.503,0.2
Banshee,2,"Mar. 7, 2014",0.464,0.1
Banshee,2,"Mar. 14, 2014",0.733,0.27
Banshee,3,"Jan. 9, 2015",0.547,0.20
Banshee,3,"Jan. 16, 2015",0.439,0.15
Banshee,3,"Jan. 23, 2015",0.588,0.21
Banshee,3,"Jan. 30, 2015",0.662,0.25
Banshee,3,"Feb. 6, 2015",0.583,0.23
Banshee,3,"Feb. 13, 2015",0.610,0.24
Banshee,3,"Feb. 20, 2015",0.547,0.23
Banshee,3,"Feb. 27, 2015",0.588,0.23
Banshee,3,"Mar. 6, 2015",0.564,0.20
Banshee,3,"Mar. 13, 2015",0.692,0.29
Banshee,4,"Apr. 1, 2016",0.356,0.10
Banshee,4,"Apr. 8, 2016",0.277,0.10
Banshee,4,"Apr. 15, 2016",0.290,0.08
Banshee,4,"Apr. 22, 2016",0.355,0.13
Banshee,4,"Apr. 29, 2016",0.390,0.12
Banshee,4,"May 6, 2016",0.425,0.13
Banshee,4,"May 13, 2016",0.424,0.14
Banshee,4,"May 20, 2016",0.500,0.14
Brew Dogs,1,"Sept. 24, 2013",0.094,0.06
Brew Dogs,1,"Oct. 1, 2013",0.073,0.05
Brew Dogs,1,"Oct. 8, 2013",0.025,0.01
Brew Dogs,1,"Oct. 15, 2013",0.053,0.02
Brew Dogs,1,"Oct. 22, 2013",0.108,0.04
Brew Dogs,1,"Oct. 29, 2013",0.061,0.02
Brew Dogs,1,"Nov. 5, 2013",0.031,0.02
Brew Dogs,2,"Jun. 25, 2014",0.046,0.02
Brew Dogs,2,"Jul. 2, 2014",0.107,0.05
Brew Dogs,2,"Jul. 9, 2014",0.052,0.03
Brew Dogs,2,"Jul. 16, 2014",0.102,0.05
Brew Dogs,2,"Jul. 23, 2014",0.075,0.04
Brew Dogs,2,"Jul. 30, 2014",0.057,0.03
Brew Dogs,2,"Aug. 6, 2014",0.063,0.04
Brew Dogs,2,"Aug. 13, 2014",0.053,0.04
Brew Dogs,2,"Aug. 20, 2014",0.031,0.02
Brew Dogs,2,"Aug. 27, 2014",0.048,0.03
Brew Dogs,3,"Apr. 1, 2015",0.068,0.03
Brew Dogs,3,"Apr. 8, 2015",0.046,0.02
Brew Dogs,3,"Apr. 15, 2015",0.044,0.03
Brew Dogs,3,"Apr. 22, 2015",0.040,0.03
Brew Dogs,3,"Apr. 29, 2015",0.064,0.04
Brew Dogs,3,"May 6, 2015",0.041,0.03
Brew Dogs,3,"May 13, 2015",0.068,0.03
Brew Dogs,3,"May 20, 2015",0.069,0.04
Brew Dogs,3,"May 27, 2015",0.033,0.01
Brew Dogs,3,"Jun. 3, 2015",0.088,0.04
Being Human,1,"Jan. 17, 2011",1.961,0.8
Being Human,1,"Jan. 24, 2011",2.139,0.9
Being Human,1,"Jan. 31, 2011",1.502,0.5
Being Human,1,"Feb. 7, 2011",1.438,0.6
Being Human,1,"Feb. 14, 2011",1.086,0.4
Being Human,1,"Feb. 21, 2011",1.390,0.5
Being Human,1,"Feb. 28, 2011",1.407,0.6
Being Human,1,"Mar. 7, 2011",1.460,0.5
Being Human,1,"Mar. 14, 2011",1.372,0.6
Being Human,1,"Mar. 21, 2011",1.195,0.5
Being Human,1,"Mar. 28, 2011",1.299,0.5
Being Human,1,"Apr. 4, 2011",1.442,0.6
Being Human,1,"Apr. 11, 2011",1.666,0.7
Being Human,2,"Jan. 16, 2012",1.813,0.9
Being Human,2,"Jan. 23, 2012",1.651,0.7
Being Human,2,"Jan. 30, 2012",1.660,0.8
Being Human,2,"Feb. 6, 2012",1.453,0.7
Being Human,2,"Feb. 13, 2012",1.345,0.7
Being Human,2,"Feb. 20, 2012",1.427,0.6
Being Human,2,"Feb. 27, 2012",1.362,0.6
Being Human,2,"Mar. 5, 2012",1.395,0.7
Being Human,2,"Mar. 12, 2012",1.362,0.6
Being Human,2,"Mar. 19, 2012",1.426,0.7
Being Human,2,"Mar. 26, 2012",1.253,0.6
Being Human,2,"Apr. 2, 2012",1.271,0.5
Being Human,2,"Apr. 9, 2012",1.382,0.6
Being Human,3,"Jan. 14, 2013",1.221,0.5
Being Human,3,"Jan. 21, 2013",1.169,0.5
Being Human,3,"Jan. 28, 2013",1.417,0.6
Being Human,3,"Feb. 4, 2013",1.049,0.5
Being Human,3,"Feb. 11, 2013",1.106,0.5
Being Human,3,"Feb. 18, 2013",1.153,0.5
Being Human,3,"Feb. 25, 2013",0.980,0.4
Being Human,3,"Mar. 4, 2013",0.973,0.4
Being Human,3,"Mar. 11, 2013",1.121,0.4
Being Human,3,"Mar. 18, 2013",1.018,0.4
Being Human,3,"Mar. 25, 2013",1.162,0.6
Being Human,3,"Apr. 1, 2013",1.125,0.5
Being Human,3,"Apr. 8, 2013",1.069,0.5
Being Human,4,"Jan. 13, 2014",1.257,0.47
Being Human,4,"Jan. 20, 2014",1.028,0.37
Being Human,4,"Jan. 27, 2014",1.115,0.41
Being Human,4,"Feb. 3, 2014",1.150,0.48
Being Human,4,"Feb. 10, 2014",1.215,0.53
Being Human,4,"Feb. 17, 2014",1.160,0.44
Being Human,4,"Feb. 24, 2014",1.170,0.53
Being Human,4,"Mar. 3, 2014",1.025,0.43
Being Human,4,"Mar. 10, 2014",1.100,0.50
Being Human,4,"Mar. 17, 2014",1.134,0.49
Being Human,4,"Mar. 24, 2014",0.996,0.41
Being Human,4,"Mar. 31, 2014",1.050,0.48
Being Human,4,"Apr. 7, 2014",1.417,0.59
Little Birds,1,"Jun. 6, 2021",0.102,0.01
Little Birds,1,"Jun. 13, 2021",0.069,0.02
Little Birds,1,"Jun. 20, 2021",0.053,0.01
Little Birds,1,"Jun. 27, 2021",0.035,0.00
Little Birds,1,"Jul. 4, 2021",0.042,0.01
Little Birds,1,"Jul. 11, 2021",0.027,0.00
Death and Nighingales,1,"May 16, 2021",0.060,0.00
Death and Nighingales,1,"May 23, 2021",0.078,0.01
Death and Nighingales,1,"May 30, 2021",0.040,0.00
Men in Kilts,1,"Feb. 14, 2021",0.322,0.03
Men in Kilts,1,"Feb. 21, 2021",0.137,0.01
Men in Kilts,1,"Feb. 28, 2021",0.146,0.02
Men in Kilts,1,"Mar. 7, 2021",0.157,0.02
Men in Kilts,1,"Mar. 14, 2021",0.151,0.01
Men in Kilts,1,"Mar. 28, 2021",0.146,0.01
Men in Kilts,1,"Apr. 4, 2021",0.135,0.00
Men in Kilts,1,"Apr. 11, 2021",0.105,0.01
The L Word,1,"Jan. 18, 2004",0.936,0.5
The L Word,1,"Apr. 11, 2004",0.585,0.4
The L Word,2,"Feb. 20, 2005",0.515,0.3
The L Word,2,"May 15, 2005",0.461,0.3
The L Word,3,"Jan. 8, 2006",0.652,0.4
The L Word,3,"Mar. 26, 2006",0.646,0.4
The L Word,4,"Jan. 7, 2007",0.359,0.2
The L Word,4,"Jan. 14, 2007",0.347,0.2
The L Word,4,"Jan. 21, 2007",0.399,0.3
The L Word,4,"Jan. 28, 2007",0.368,0.2
The L Word,4,"Feb. 4, 2007",0.448,0.3
The L Word,4,"Feb. 11, 2007",0.387,0.2
The L Word,4,"Feb. 18, 2007",0.381,0.2
The L Word,4,"Feb. 25, 2007",0.325,0.2
The L Word,4,"Mar. 4, 2007",0.513,0.3
The L Word,4,"Mar. 11, 2007",0.474,0.3
The L Word,4,"Mar. 18, 2007",0.331,0.2
The L Word,4,"Mar. 25, 2007",0.485,0.3
The L Word,5,"Jan. 6, 2008",0.460,0.3
The L Word,5,"Jan. 13, 2008",0.430,0.3
The L Word,5,"Jan. 20, 2008",0.241,0.1
The L Word,5,"Jan. 27, 2008",0.450,0.3
The L Word,5,"Feb. 3, 2008",0.281,0.2
The L Word,5,"Feb. 10, 2008",0.376,0.2
The L Word,5,"Feb. 17, 2008",0.414,0.2
The L Word,5,"Feb. 24, 2008",0.382,0.2
The L Word,5,"Mar. 2, 2008",0.349,0.2
The L Word,5,"Mar. 9, 2008",0.402,0.2
The L Word,5,"Mar. 16, 2008",0.529,0.3
The L Word,5,"Mar. 23, 2008",0.365,0.2
The L Word,6,"Jan. 18, 2009",0.664,0.3
The L Word,6,"Jan. 25, 2009",0.502,0.3
The L Word,6,"Feb. 1, 2009",0.308,0.2
The L Word,6,"Feb. 8, 2009",0.464,0.3
The L Word,6,"Feb. 15, 2009",0.430,0.2
The L Word,6,"Feb. 22, 2009",0.511,0.3
The L Word,6,"Mar. 1, 2009",0.518,0.3
The L Word,6,"Mar. 8, 2009",0.756,0.4
Warehouse 13,1,"Jul. 7, 2009",3.51,1.0
Warehouse 13,1,"Jul. 14, 2009",3.47,0.9
Warehouse 13,1,"Jul. 21, 2009",2.869,0.8
Warehouse 13,1,"Jul. 28, 2009",3.28,1.0
Warehouse 13,1,"Aug. 4, 2009",3.31,-
Warehouse 13,1,"Aug. 11, 2009",3.35,0.9
Warehouse 13,1,"Aug. 18, 2009",3.273,1.0
Warehouse 13,1,"Aug. 25, 2009",2.862,0.9
Warehouse 13,1,"Sept. 1, 2009",2.926,0.9
Warehouse 13,1,"Sept. 8, 2009",2.700,0.8
Warehouse 13,1,"Sept. 15, 2009",2.927,1.0
Warehouse 13,1,"Sept. 22, 2009",2.232,0.7
Warehouse 13,2,"Jul. 6, 2010",2.961,1.0
Warehouse 13,2,"Jul. 13, 2010",2.330,0.7
Warehouse 13,2,"Jul. 20, 2010",2.282,0.8
Warehouse 13,2,"Jul. 27, 2010",2.483,0.8
Warehouse 13,2,"Aug. 3, 2010",2.741,0.9
Warehouse 13,2,"Aug. 10, 2010",2.793,0.9
Warehouse 13,2,"Aug. 17, 2010",2.341,0.7
Warehouse 13,2,"Aug. 24, 2010",2.361,0.7
Warehouse 13,2,"Aug. 31, 2010",2.401,0.7
Warehouse 13,2,"Sept. 7, 2010",2.487,0.8
Warehouse 13,2,"Sept. 14, 2010",2.377,0.9
Warehouse 13,2,"Sept. 21, 2010",2.448,0.8
Warehouse 13,2,"Dec. 7, 2010",2.015,0.7
Warehouse 13,3,"Jul. 11, 2011",2.337,0.8
Warehouse 13,3,"Jul. 18, 2011",2.457,0.9
Warehouse 13,3,"Jul. 25, 2011",2.041,0.8
Warehouse 13,3,"Aug. 1, 2011",2.252,0.8
Warehouse 13,3,"Aug. 8, 2011",2.546,0.9
Warehouse 13,3,"Aug. 15, 2011",2.423,0.9
Warehouse 13,3,"Aug. 22, 2011",2.253,0.8
Warehouse 13,3,"Aug. 29, 2011",2.292,0.8
Warehouse 13,3,"Sept. 12, 2011",1.908,0.6
Warehouse 13,3,"Sept. 19, 2011",1.827,0.7
Warehouse 13,3,"Oct. 3, 2011",1.629,0.6
Warehouse 13,3,"Dec. 6, 2011",1.579,0.5
Warehouse 13,4,"Jul. 23, 2012",2.139,0.8
Warehouse 13,4,"Jul. 30, 2012",1.665,0.6
Warehouse 13,4,"Aug. 6, 2012",1.632,0.6
Warehouse 13,4,"Aug. 13, 2012",1.561,0.5
Warehouse 13,4,"Aug. 20, 2012",1.866,0.6
Warehouse 13,4,"Aug. 27, 2012",1.866,0.5
Warehouse 13,4,"Sept. 10, 2012",1.660,0.5
Warehouse 13,4,"Sept. 17, 2012",1.320,0.4
Warehouse 13,4,"Sept. 24, 2012",1.487,0.4
Warehouse 13,4,"Oct. 1, 2012",1.620,0.6
Warehouse 13,4,"Apr. 29, 2013",1.507,0.5
Warehouse 13,4,"May 6, 2013",1.275,0.5
Warehouse 13,4,"May 13, 2013",1.272,0.4
Warehouse 13,4,"May 20, 2013",1.081,0.4
Warehouse 13,4,"Jun. 3, 2013",1.358,0.3
Warehouse 13,4,"Jun. 10, 2013",1.663,0.5
Warehouse 13,4,"Jun. 17, 2013",1.361,0.4
Warehouse 13,4,"Jun. 24, 2013",1.113,0.4
Warehouse 13,4,"Jul. 1, 2013",1.422,0.5
Warehouse 13,4,"Jul. 8, 2013",1.415,0.5
Warehouse 13,5,"Apr. 14, 2014",1.172,0.43
Warehouse 13,5,"Apr. 21, 2014",1.153,0.35
Warehouse 13,5,"Apr. 28, 2014",1.076,0.35
Warehouse 13,5,"May 5, 2014",0.898,0.26
Warehouse 13,5,"May 12, 2014",0.852,0.29
Warehouse 13,5,"May 19, 2014",1.135,0.31
Younger,1,"Mar. 31, 2015",0.504,0.17
Younger,1,"Mar. 31, 2015",0.463,0.18
Younger,1,"Apr. 7, 2015",0.507,0.20
Younger,1,"Apr. 14, 2015",0.344,0.11
Younger,1,"Apr. 21, 2015",0.550,0.14
Younger,1,"Apr. 28, 2015",0.647,0.16
Younger,1,"May 5, 2015",0.531,0.16
Younger,1,"May 12, 2015",0.616,0.21
Younger,1,"May 19, 2015",0.425,0.12
Younger,1,"May 26, 2015",0.589,0.17
Younger,1,"Jun. 2, 2015",0.657,0.24
Younger,1,"Jun. 9, 2015",0.645,0.16
Younger,1,"Mar. 31, 2015",0.662,0.16
Younger,1,"Mar. 31, 2015",0.588,0.16
Younger,1,"Apr. 7, 2015",0.587,0.21
Younger,1,"Apr. 14, 2015",0.644,0.20
Younger,1,"Apr. 21, 2015",0.579,0.22
Younger,1,"Apr. 28, 2015",0.502,0.20
Younger,1,"May 5, 2015",0.578,0.21
Younger,1,"May 12, 2015",0.615,0.24
Younger,1,"May 19, 2015",0.501,0.22
Younger,1,"May 26, 2015",0.687,0.18
Younger,1,"Jun. 2, 2015",0.611,0.17
Younger,1,"Jun. 9, 2015",0.581,0.19
Younger,2,"Jan. 13, 2016",0.540,0.17
Younger,2,"Jan. 13, 2016",0.433,0.13
Younger,2,"Jan. 20, 2016",0.574,0.20
Younger,2,"Jan. 27, 2016",0.574,0.22
Younger,2,"Feb. 3, 2016",0.624,0.21
Younger,2,"Feb. 10, 2016",0.569,0.17
Younger,2,"Feb. 17, 2016",0.616,0.20
Younger,2,"Feb. 24, 2016",0.705,0.23
Younger,2,"Mar. 2, 2016",0.643,0.21
Younger,2,"Mar. 9, 2016",0.616,0.19
Younger,2,"Mar. 16, 2016",0.654,0.24
Younger,2,"Mar. 23, 2016",0.678,0.23
Younger,2,"Jan. 13, 2016",0.560,0.18
Younger,2,"Jan. 13, 2016",0.492,0.16
Younger,2,"Jan. 27, 2016",0.594,0.19
Younger,3,"Sept. 28, 2016",0.496,0.16
Younger,3,"Oct. 5, 2016",0.537,0.19
Younger,3,"Oct. 12, 2016",0.528,0.14
Younger,3,"Oct. 19, 2016",0.453,0.12
Younger,3,"Oct. 26, 2016",0.567,0.17
Younger,3,"Nov. 2, 2016",0.553,0.16
Younger,3,"Nov. 9, 2016",0.548,0.15
Younger,3,"Nov. 16, 2016",0.618,0.20
Younger,3,"Nov. 30, 2016",0.655,0.20
Younger,3,"Dec. 7, 2016",0.648,0.20
Younger,3,"Dec. 14, 2016",0.602,0.19
Younger,3,"Dec. 14, 2016",0.546,0.17
Younger,4,"Jun. 28, 2017",0.802,0.27
Younger,4,"Jul. 5, 2017",0.661,0.20
Younger,4,"Jul. 12, 2017",0.713,0.18
Younger,4,"Jul. 19, 2017",0.671,0.18
Younger,4,"Jul. 26, 2017",0.672,0.22
Younger,4,"Aug. 2, 2017",0.738,0.21
Younger,4,"Aug. 9, 2017",0.696,0.19
Younger,4,"Aug. 16, 2017",0.698,0.21
Younger,4,"Aug. 23, 2017",0.760,0.22
Younger,4,"Aug. 30, 2017",0.828,0.28
Younger,4,"Sept. 6, 2017",0.758,0.24
Younger,4,"Sept. 13, 2017",0.825,0.29
Younger,5,"Jun. 5, 2018",0.603,0.18
Younger,5,"Jun. 12, 2018",0.701,0.23
Younger,5,"Jun. 19, 2018",0.635,0.22
Younger,5,"Jun. 26, 2018",0.735,0.24
Younger,5,"Jul. 10, 2018",0.545,0.18
Younger,5,"Jul. 17, 2018",0.568,0.17
Younger,5,"Jul. 24, 2018",0.639,0.18
Younger,5,"Jul. 31, 2018",0.646,0.22
Younger,5,"Aug. 7, 2018",0.786,0.26
Younger,5,"Aug. 14, 2018",0.742,0.24
Younger,5,"Aug. 21, 2018",0.700,0.22
Younger,5,"Aug. 28, 2018",0.734,0.22
Younger,6,"Jun. 12, 2019",0.635,0.15
Younger,6,"Jun. 19, 2019",0.580,0.11
Younger,6,"Jun. 26, 2019",0.532,0.11
Younger,6,"Jul. 10, 2019",0.648,0.13
Younger,6,"Jul. 17, 2019",0.634,0.16
Younger,6,"Jul. 24, 2019",0.498,0.10
Younger,6,"Jul. 31, 2019",0.454,0.09
Younger,6,"Aug. 7, 2019",0.605,0.13
Younger,6,"Aug. 14, 2019",0.554,0.14
Younger,6,"Aug. 21, 2019",0.637,0.13
Younger,6,"Aug. 28, 2019",0.547,0.12
Younger,6,"Sept. 4, 2019",0.630,0.17
Sanctuary,1,"Oct. 3, 2008",2.722,0.8
Sanctuary,1,"Oct. 3, 2008",2.722,0.8
Sanctuary,1,"Oct. 10, 2008",1.946,0.7
Sanctuary,1,"Oct. 17, 2008",1.983,0.6
Sanctuary,1,"Oct. 24, 2008",1.688,0.5
Sanctuary,1,"Nov. 7, 2008",1.823,0.6
Sanctuary,1,"Nov. 14, 2008",1.825,0.6
Sanctuary,1,"Nov. 21, 2008",1.746,0.5
Sanctuary,1,"Dec. 5, 2008",1.538,0.5
Sanctuary,1,"Dec. 12, 2008",1.703,0.5
Sanctuary,1,"Dec. 19, 2008",1.520,0.4
Sanctuary,1,"Jan. 2, 2009",1.850,0.6
Sanctuary,1,"Jan. 9, 2009",1.990,0.7
Sanctuary,2,"Oct. 9, 2009",1.850,0.7
Sanctuary,2,"Oct. 16, 2009",1.766,0.6
Sanctuary,2,"Oct. 23, 2009",1.694,0.5
Sanctuary,2,"Oct. 30, 2009",1.606,0.5
Sanctuary,2,"Nov. 6, 2009",1.420,0.5
Sanctuary,2,"Nov. 13, 2009",1.661,0.6
Sanctuary,2,"Nov. 20, 2009",1.439,0.5
Sanctuary,2,"Dec. 4, 2009",1.328,0.4
Sanctuary,2,"Dec. 11, 2009",1.363,0.4
Sanctuary,2,"Dec. 18, 2009",1.376,0.4
Sanctuary,2,"Jan. 8, 2010",1.404,0.4
Sanctuary,2,"Jan. 15, 2010",1.493,0.4
Sanctuary,2,"Jan. 15, 2010",1.493,0.4
Sanctuary,3,"Oct. 15, 2010",1.787,0.6
Sanctuary,3,"Oct. 22, 2010",1.380,0.4
Sanctuary,3,"Oct. 29, 2010",1.479,0.4
Sanctuary,3,"Nov. 5, 2010",1.257,0.4
Sanctuary,3,"Nov. 12, 2010",1.574,0.5
Sanctuary,3,"Nov. 19, 2010",1.259,0.4
Sanctuary,3,"Nov. 26, 2010",1.483,0.4
Sanctuary,3,"Dec. 3, 2010",1.472,0.4
Sanctuary,3,"Dec. 10, 2010",1.410,0.4
Sanctuary,3,"Dec. 17, 2010",1.474,0.4
Sanctuary,3,"Apr. 15, 2011",1.217,0.4
Sanctuary,3,"Apr. 22, 2011",1.424,0.4
Sanctuary,3,"Apr. 25, 2011",0.868,0.2
Sanctuary,3,"May 2, 2011",0.838,0.2
Sanctuary,3,"May 9, 2011",0.756,0.2
Sanctuary,3,"May 16, 2011",0.815,0.3
Sanctuary,3,"May 23, 2011",0.656,0.2
Sanctuary,3,"Jun. 6, 2011",0.915,0.3
Sanctuary,3,"Jun. 13, 2011",1.201,0.4
Sanctuary,3,"Jun. 20, 2011",1.283,0.4
Sanctuary,4,"Oct. 7, 2011",1.380,0.5
Sanctuary,4,"Oct. 14, 2011",1.323,0.4
Sanctuary,4,"Oct. 21, 2011",1.466,0.5
Sanctuary,4,"Oct. 28, 2011",1.201,0.3
Sanctuary,4,"Nov. 4, 2011",1.258,0.4
Sanctuary,4,"Nov. 11, 2011",1.319,0.4
Sanctuary,4,"Nov. 18, 2011",1.203,0.4
Sanctuary,4,"Nov. 25, 2011",1.108,0.4
Sanctuary,4,"Nov. 29, 2011",0.955,0.4
Sanctuary,4,"Dec. 9, 2011",1.505,0.4
Sanctuary,4,"Dec. 16, 2011",1.281,0.3
Sanctuary,4,"Dec. 23, 2011",1.115,0.4
Sanctuary,4,"Dec. 30, 2011",1.288,0.4
Blunt Talk,1,"Aug. 22, 2015",0.446,0.13
Blunt Talk,1,"Aug. 29, 2015",0.341,0.15
Blunt Talk,1,"Sept. 5, 2015",0.204,0.07
Blunt Talk,1,"Sept. 12, 2015",0.221,0.10
Blunt Talk,1,"Sept. 19, 2015",0.169,0.05
Blunt Talk,1,"Sept. 26, 2015",0.179,0.03
Blunt Talk,1,"Oct. 3, 2015",0.160,0.06
Blunt Talk,1,"Oct. 10, 2015",0.183,0.07
Blunt Talk,1,"Oct. 17, 2015",0.136,0.05
Blunt Talk,1,"Oct. 24, 2015",0.161,0.04
Blunt Talk,2,"Oct. 2, 2016",0.160,0.06
Blunt Talk,2,"Oct. 9, 2016",0.135,0.05
Blunt Talk,2,"Oct. 16, 2016",0.095,0.03
Blunt Talk,2,"Oct. 23, 2016",0.112,0.04
Blunt Talk,2,"Oct. 30, 2016",0.105,0.03
Blunt Talk,2,"Nov. 6, 2016",0.119,0.05
Blunt Talk,2,"Nov. 13, 2016",0.155,0.07
Blunt Talk,2,"Nov. 20, 2016",0.107,0.04
Blunt Talk,2,"Dec. 4, 2016",0.098,0.02
Blunt Talk,2,"Dec. 11, 2016",0.077,0.02
The Bastard Executioner,1,"Sept. 15, 2015",2.116,0.83
The Bastard Executioner,1,"Sept. 22, 2015",1.092,0.39
The Bastard Executioner,1,"Sept. 29, 2015",1.261,0.41
The Bastard Executioner,1,"Oct. 6, 2015",1.120,0.40
The Bastard Executioner,1,"Oct. 13, 2015",0.942,0.32
The Bastard Executioner,1,"Oct. 20, 2015",0.833,0.30
The Bastard Executioner,1,"Nov. 3, 2015",1.078,0.35
The Bastard Executioner,1,"Nov. 10, 2015",0.816,0.26
The Bastard Executioner,1,"Nov. 17, 2015",0.867,0.31
Cedar Cove,1,"Jul. 20, 2013",2.624,0.2
Cedar Cove,1,"Jul. 27, 2013",2.413,0.2
Cedar Cove,1,"Aug. 3, 2013",1.993,0.2
Cedar Cove,1,"Aug. 10, 2013",2.074,0.2
Cedar Cove,1,"Aug. 17, 2013",1.961,0.1
Cedar Cove,1,"Aug. 24, 2013",2.100,0.19
Cedar Cove,1,"Aug. 31, 2013",1.58,0.1
Cedar Cove,1,"Sept. 7, 2013",1.830,0.2
Cedar Cove,1,"Sept. 14, 2013",2.234,0.14
Cedar Cove,1,"Sept. 21, 2013",1.925,0.19
Cedar Cove,1,"Sept. 28, 2013",1.886,0.12
Cedar Cove,1,"Oct. 5, 2013",2.219,0.20
Cedar Cove,1,"Oct. 12, 2013",2.364,0.29
Cedar Cove,2,"Jul. 19, 2014",1.692,0.25
Cedar Cove,2,"Jul. 26, 2014",1.859,0.14
Cedar Cove,2,"Aug. 2, 2014",2.097,0.17
Cedar Cove,2,"Aug. 9, 2014",1.875,0.18
Cedar Cove,2,"Aug. 16, 2014",1.726,0.14
Cedar Cove,2,"Aug. 23, 2014",1.990,0.14
Cedar Cove,2,"Aug. 30, 2014",1.759,0.17
Cedar Cove,2,"Sept. 6, 2014",1.965,0.17
Cedar Cove,2,"Sept. 13, 2014",1.764,0.12
Cedar Cove,2,"Sept. 20, 2014",1.719,0.16
Cedar Cove,2,"Sept. 27, 2014",1.933,0.15
Cedar Cove,2,"Oct. 4, 2014",2.052,0.16
Cedar Cove,3,"Jul. 18, 2015",1.455,0.10
Cedar Cove,3,"Jul. 25, 2015",1.567,0.13
Cedar Cove,3,"Aug. 1, 2015",1.621,0.15
Cedar Cove,3,"Aug. 8, 2015",1.591,0.16
Cedar Cove,3,"Aug. 15, 2015",1.651,0.18
Cedar Cove,3,"Aug. 22, 2015",1.661,0.11
Cedar Cove,3,"Aug. 29, 2015",1.613,0.13
Cedar Cove,3,"Sept. 5, 2015",1.582,0.11
Cedar Cove,3,"Sept. 12, 2015",1.753,0.14
Cedar Cove,3,"Sept. 19, 2015",1.687,0.14
Cedar Cove,3,"Sept. 26, 2015",2.047,0.16
Lucky Louie,1,"Jun. 11, 2006",1.521,0.7
Lucky Louie,1,"Jun. 18, 2006",1.345,0.8
Lucky Louie,1,"Jun. 25, 2006",1.288,0.7
Lucky Louie,1,"Jul. 2, 2006",1.147,0.6
Lucky Louie,1,"Jul. 9, 2006",1.255,0.7
Lucky Louie,1,"Jul. 16, 2006",1.492,0.8
Lucky Louie,1,"Jul. 23, 2006",1.559,0.9
Lucky Louie,1,"Jul. 30, 2006",1.420,0.8
Lucky Louie,1,"Aug. 6, 2006",1.076,0.6
Lucky Louie,1,"Aug. 13, 2006",1.531,0.8
Lucky Louie,1,"Aug. 20, 2006",1.283,0.7
Lucky Louie,1,"Aug. 27, 2006",1.294,0.7
King & Maxwell,1,"Jun. 10, 2013",3.523,0.6
King & Maxwell,1,"Jun. 17, 2013",2.802,0.4
King & Maxwell,1,"Jun. 24, 2013",2.740,0.4
King & Maxwell,1,"Jul. 1, 2013",2.784,0.5
King & Maxwell,1,"Jul. 8, 2013",2.832,0.5
King & Maxwell,1,"Jul. 15, 2013",3.092,0.5
King & Maxwell,1,"Jul. 22, 2013",3.390,0.5
King & Maxwell,1,"Jul. 29, 2013",3.136,0.5
King & Maxwell,1,"Aug. 5, 2013",3.248,0.4
King & Maxwell,1,"Aug. 12, 2013",3.504,0.6
American Horror Story,1,"Oct. 5, 2011",3.184,1.6
American Horror Story,1,"Oct. 12, 2011",2.462,1.4
American Horror Story,1,"Oct. 19, 2011",2.586,1.5
American Horror Story,1,"Oct. 26, 2011",2.961,1.7
American Horror Story,1,"Nov. 2, 2011",2.745,1.6
American Horror Story,1,"Nov. 9, 2011",2.831,1.6
American Horror Story,1,"Nov. 16, 2011",3.061,1.8
American Horror Story,1,"Nov. 23, 2011",2.812,1.6
American Horror Story,1,"Nov. 30, 2011",2.851,1.7
American Horror Story,1,"Dec. 7, 2011",2.543,1.6
American Horror Story,1,"Dec. 14, 2011",2.589,1.4
American Horror Story,1,"Dec. 21, 2011",3.222,1.7
American Horror Story,2,"Oct. 17, 2012",3.848,2.2
American Horror Story,2,"Oct. 24, 2012",3.061,1.7
American Horror Story,2,"Oct. 31, 2012",2.469,1.5
American Horror Story,2,"Nov. 7, 2012",2.648,1.5
American Horror Story,2,"Nov. 14, 2012",2.779,1.6
American Horror Story,2,"Nov. 21, 2012",1.893,0.9
American Horror Story,2,"Nov. 28, 2012",2.273,1.3
American Horror Story,2,"Dec. 5, 2012",2.363,1.4
American Horror Story,2,"Dec. 12, 2012",2.216,1.3
American Horror Story,2,"Jan. 2, 2013",2.210,1.2
American Horror Story,2,"Jan. 9, 2013",2.506,1.5
American Horror Story,2,"Jan. 16, 2013",2.303,1.3
American Horror Story,2,"Jan. 23, 2013",2.288,1.3
American Horror Story,3,"Oct. 9, 2013",5.538,3.05
American Horror Story,3,"Oct. 16, 2013",4.513,2.47
American Horror Story,3,"Oct. 23, 2013",3.779,2.14
American Horror Story,3,"Oct. 30, 2013",3.714,2.01
American Horror Story,3,"Nov. 6, 2013",3.799,2.17
American Horror Story,3,"Nov. 13, 2013",4.161,2.29
American Horror Story,3,"Nov. 20, 2013",3.995,2.22
American Horror Story,3,"Dec. 4, 2013",4.066,2.17
American Horror Story,3,"Dec. 11, 2013",3.942,2.11
American Horror Story,3,"Jan. 8, 2014",3.486,1.79
American Horror Story,3,"Jan. 15, 2014",3.462,1.72
American Horror Story,3,"Jan. 22, 2014",3.352,1.75
American Horror Story,3,"Jan. 29, 2014",4.242,2.23
American Horror Story,4,"Oct. 8, 2014",6.127,3.11
American Horror Story,4,"Oct. 15, 2014",4.527,2.26
American Horror Story,4,"Oct. 22, 2014",4.439,2.21
American Horror Story,4,"Oct. 29, 2014",4.511,2.30
American Horror Story,4,"Nov. 5, 2014",4.220,2.11
American Horror Story,4,"Nov. 12, 2014",3.647,1.77
American Horror Story,4,"Nov. 19, 2014",3.912,1.99
American Horror Story,4,"Dec. 3, 2014",3.303,1.61
American Horror Story,4,"Dec. 10, 2014",3.071,1.51
American Horror Story,4,"Dec. 17, 2014",2.993,1.50
American Horror Story,4,"Jan. 7, 2015",3.111,1.46
American Horror Story,4,"Jan. 14, 2015",2.938,1.39
American Horror Story,4,"Jan. 21, 2015",3.271,1.55
American Horror Story,5,"Oct. 7, 2015",5.807,2.99
American Horror Story,5,"Oct. 14, 2015",4.061,2.15
American Horror Story,5,"Oct. 21, 2015",3.202,1.67
American Horror Story,5,"Oct. 28, 2015",3.045,1.60
American Horror Story,5,"Nov. 4, 2015",2.867,1.48
American Horror Story,5,"Nov. 11, 2015",2.637,1.40
American Horror Story,5,"Nov. 18, 2015",2.637,1.41
American Horror Story,5,"Dec. 2, 2015",2.310,1.20
American Horror Story,5,"Dec. 9, 2015",2.142,1.07
American Horror Story,5,"Dec. 16, 2015",1.846,0.94
American Horror Story,5,"Jan. 6, 2016",1.840,0.85
American Horror Story,5,"Jan. 13, 2016",2.245,1.15
American Horror Story,6,"Sept. 14, 2016",5.137,2.78
American Horror Story,6,"Sept. 21, 2016",3.273,1.79
American Horror Story,6,"Sept. 28, 2016",3.078,1.69
American Horror Story,6,"Oct. 5, 2016",2.828,1.43
American Horror Story,6,"Oct. 12, 2016",2.824,1.46
American Horror Story,6,"Oct. 19, 2016",2.482,1.36
American Horror Story,6,"Oct. 26, 2016",2.622,1.41
American Horror Story,6,"Nov. 2, 2016",2.197,1.19
American Horror Story,6,"Nov. 9, 2016",2.433,1.30
American Horror Story,6,"Nov. 16, 2016",2.450,1.33
American Horror Story,7,"Sept. 5, 2017",3.933,2.02
American Horror Story,7,"Sept. 12, 2017",2.381,1.24
American Horror Story,7,"Sept. 19, 2017",2.247,1.15
American Horror Story,7,"Sept. 26, 2017",2.126,1.06
American Horror Story,7,"Oct. 3, 2017",2.199,1.07
American Horror Story,7,"Oct. 10, 2017",2.149,1.04
American Horror Story,7,"Oct. 17, 2017",2.065,0.97
American Horror Story,7,"Oct. 24, 2017",2.061,1.03
American Horror Story,7,"Oct. 31, 2017",1.483,0.72
American Horror Story,7,"Nov. 7, 2017",1.820,0.83
American Horror Story,7,"Nov. 14, 2017",1.974,1.01
American Horror Story,8,"Sept. 12, 2018",3.081,1.45
American Horror Story,8,"Sept. 19, 2018",2.210,1.07
American Horror Story,8,"Sept. 26, 2018",1.945,0.92
American Horror Story,8,"Oct. 3, 2018",2.022,1.00
American Horror Story,8,"Oct. 10, 2018",2.116,1.02
American Horror Story,8,"Oct. 17, 2018",2.008,0.93
American Horror Story,8,"Oct. 24, 2018",1.848,0.90
American Horror Story,8,"Oct. 31, 2018",1.625,0.74
American Horror Story,8,"Nov. 7, 2018",1.648,0.75
American Horror Story,8,"Nov. 14, 2018",1.830,0.81
American Horror Story,9,"Sept. 18, 2019",2.126,1.00
American Horror Story,9,"Sept. 25, 2019",1.491,0.68
American Horror Story,9,"Oct. 2, 2019",1.344,0.62
American Horror Story,9,"Oct. 9, 2019",1.293,0.64
American Horror Story,9,"Oct. 16, 2019",1.085,0.50
American Horror Story,9,"Oct. 23, 2019",1.350,0.61
American Horror Story,9,"Oct. 30, 2019",1.053,0.46
American Horror Story,9,"Nov. 6, 2019",1.046,0.49
American Horror Story,9,"Nov. 13, 2019",1.082,0.50
American Horror Story,10,"Aug. 25, 2021",0.925,0.36
American Horror Story,10,"Aug. 25, 2021",0.581,0.23
American Horror Story,10,"Sept. 1, 2021",0.697,0.26
American Horror Story,10,"Sept. 8, 2021",0.610,0.20
American Horror Story,10,"Sept. 15, 2021",0.642,0.22
American Horror Story,10,"Sept. 22, 2021",0.732,0.29
American Horror Story,10,"Sept. 29, 2021",0.687,0.26
American Horror Story,10,"Oct. 6, 2021",0.483,0.15
American Horror Story,10,"Oct. 13, 2021",0.579,0.20
American Horror Story,10,"Oct. 20, 2021",0.579,0.17
Feed the Beast,1,"Jun. 5, 2016",0.976,0.31
Feed the Beast,1,"Jun. 7, 2016",0.398,0.14
Feed the Beast,1,"Jun. 14, 2016",0.484,0.10
Feed the Beast,1,"Jun. 21, 2016",0.389,0.12
Feed the Beast,1,"Jun. 28, 2016",0.299,0.08
Feed the Beast,1,"Jul. 5, 2016",0.374,0.13
Feed the Beast,1,"Jul. 12, 2016",0.390,0.10
Feed the Beast,1,"Jul. 19, 2016",0.419,0.13
Feed the Beast,1,"Jul. 26, 2016",0.337,0.10
Feed the Beast,1,"Aug. 2, 2016",0.406,0.11
Mystery Girls,1,"Jun. 25, 2014",0.759,0.34
Mystery Girls,1,"Jul. 2, 2014",0.450,0.20
Mystery Girls,1,"Jul. 9, 2014",0.581,0.25
Mystery Girls,1,"Jul. 16, 2014",0.575,0.22
Mystery Girls,1,"Jul. 23, 2014",0.415,0.21
Mystery Girls,1,"Jul. 30, 2014",0.490,0.20
Mystery Girls,1,"Aug. 6, 2014",0.389,0.17
Mystery Girls,1,"Aug. 13, 2014",0.365,0.15
Mystery Girls,1,"Aug. 20, 2014",0.405,0.17
Mystery Girls,1,"Aug. 27, 2014",0.542,0.24
The Shield,1,"Mar. 12, 2002",4.827,2.4
The Shield,1,"Mar. 19, 2002",4.005,2.1
The Shield,1,"Mar. 26, 2002",3.334,1.8
The Shield,1,"Apr. 2, 2002",2.634,1.3
The Shield,1,"Apr. 9, 2002",3.615,2.0
The Shield,1,"Apr. 16, 2002",3.492,1.9
The Shield,1,"Apr. 23, 2002",2.900,1.3
The Shield,1,"Apr. 30, 2002",2.218,1.3
The Shield,1,"May 7, 2002",2.053,1.1
The Shield,1,"May 14, 2002",2.582,1.3
The Shield,1,"May 21, 2002",2.558,1.5
The Shield,1,"May 28, 2002",3.080,1.6
The Shield,1,"Jun. 4, 2002",4.142,2.1
The Shield,2,"Jan. 7, 2003",4.427,2.4
The Shield,2,"Jan. 14, 2003",3.161,1.7
The Shield,2,"Jan. 21, 2003",3.759,2.0
The Shield,2,"Jan. 28, 2003",3.115,1.6
The Shield,2,"Feb. 4, 2003",3.002,1.7
The Shield,2,"Feb. 11, 2003",2.921,1.6
The Shield,2,"Feb. 18, 2003",2.790,1.5
The Shield,2,"Feb. 25, 2003",3.246,1.8
The Shield,2,"Mar. 4, 2003",3.031,1.5
The Shield,2,"Mar. 11, 2003",3.201,1.6
The Shield,2,"Mar. 18, 2003",3.300,1.7
The Shield,2,"Mar. 25, 2003",3.215,1.5
The Shield,2,"Apr. 1, 2003",3.673,1.9
The Shield,3,"Mar. 9, 2004",2.816,1.6
The Shield,3,"Mar. 16, 2004",2.664,1.4
The Shield,3,"Mar. 23, 2004",3.318,1.7
The Shield,3,"Mar. 30, 2004",2.636,1.3
The Shield,3,"Apr. 6, 2004",2.403,1.4
The Shield,3,"Apr. 13, 2004",2.591,1.4
The Shield,3,"Apr. 20, 2004",2.606,1.4
The Shield,3,"Apr. 27, 2004",2.222,1.2
The Shield,3,"May 4, 2004",2.530,1.4
The Shield,3,"May 11, 2004",2.364,1.3
The Shield,3,"May 18, 2004",2.272,1.2
The Shield,3,"May 25, 2004",2.516,1.3
The Shield,3,"Jun. 1, 2004",2.284,1.1
The Shield,3,"Jun. 8, 2004",2.421,1.2
The Shield,3,"Jun. 15, 2004",2.103,1.1
The Shield,4,"Mar. 15, 2005",3.927,1.8
The Shield,4,"Mar. 22, 2005",3.252,1.7
The Shield,4,"Mar. 29, 2005",2.865,1.3
The Shield,4,"Apr. 5, 2005",3.079,1.6
The Shield,4,"Apr. 12, 2005",2.953,1.4
The Shield,4,"Apr. 19, 2005",3.407,1.7
The Shield,4,"Apr. 26, 2005",3.072,1.4
The Shield,4,"May 3, 2005",3.221,1.6
The Shield,4,"May 17, 2005",3.214,1.5
The Shield,4,"May 24, 2005",3.332,1.6
The Shield,4,"May 31, 2005",3.037,1.4
The Shield,4,"Jun. 7, 2005",2.658,1.3
The Shield,4,"Jun. 14, 2005",3.190,1.5
The Shield,5,"Jan. 10, 2006",3.417,1.7
The Shield,5,"Jan. 17, 2006",2.805,1.5
The Shield,5,"Jan. 24, 2006",2.845,1.4
The Shield,5,"Jan. 31, 2006",2.612,1.2
The Shield,5,"Feb. 7, 2006",2.447,1.1
The Shield,5,"Feb. 14, 2006",2.432,1.1
The Shield,5,"Feb. 21, 2006",2.434,1.2
The Shield,5,"Feb. 28, 2006",2.311,1.1
The Shield,5,"Mar. 7, 2006",2.780,1.4
The Shield,5,"Mar. 14, 2006",2.555,1.2
The Shield,5,"Mar. 21, 2006",3.217,1.6
The Shield,6,"Apr. 3, 2007",2.076,1.1
The Shield,6,"Apr. 10, 2007",2.346,1.2
The Shield,6,"Apr. 17, 2007",1.949,0.9
The Shield,6,"Apr. 24, 2007",1.968,0.9
The Shield,6,"May 1, 2007",2.154,1.1
The Shield,6,"May 8, 2007",1.873,1.0
The Shield,6,"May 15, 2007",1.902,0.9
The Shield,6,"May 22, 2007",1.467,0.8
The Shield,6,"May 29, 2007",1.742,0.9
The Shield,6,"Jun. 5, 2007",2.059,1.1
The Shield,7,"Sept. 2, 2008",2.124,1.0
The Shield,7,"Sept. 9, 2008",1.656,0.8
The Shield,7,"Sept. 16, 2008",1.928,0.9
The Shield,7,"Sept. 23, 2008",1.561,0.7
The Shield,7,"Sept. 30, 2008",1.484,0.8
The Shield,7,"Oct. 7, 2008",1.150,0.6
The Shield,7,"Oct. 14, 2008",1.313,0.7
The Shield,7,"Oct. 21, 2008",1.614,0.8
The Shield,7,"Oct. 28, 2008",1.675,0.9
The Shield,7,"Nov. 4, 2008",1.485,0.7
The Shield,7,"Nov. 11, 2008",1.657,0.8
The Shield,7,"Nov. 18, 2008",1.628,0.8
The Shield,7,"Nov. 25, 2008",1.840,0.9
Schitt's Creek,1,"Feb. 11, 2015",0.275,0.04
Schitt's Creek,1,"Feb. 18, 2015",0.122,0.03
Schitt's Creek,1,"Feb. 25, 2015",0.181,0.02
Schitt's Creek,1,"Mar. 4, 2015",0.182,0.03
Schitt's Creek,1,"Mar. 11, 2015",0.198,0.05
Schitt's Creek,1,"Mar. 18, 2015",0.161,0.05
Schitt's Creek,1,"Mar. 25, 2015",0.102,0.03
Schitt's Creek,1,"Apr. 8, 2015",0.125,0.02
Schitt's Creek,1,"Apr. 15, 2015",0.138,0.06
Schitt's Creek,1,"Apr. 22, 2015",0.195,0.05
Schitt's Creek,1,"Apr. 29, 2015",0.106,0.05
Schitt's Creek,1,"May 6, 2015",0.086,0.05
Schitt's Creek,2,"Mar. 16, 2016",0.238,0.06
Schitt's Creek,2,"Mar. 23, 2016",0.206,0.05
Schitt's Creek,2,"Mar. 30, 2016",0.183,0.06
Schitt's Creek,2,"Apr. 6, 2016",0.224,0.04
Schitt's Creek,2,"Apr. 13, 2016",0.183,0.05
Schitt's Creek,2,"Apr. 20, 2016",0.240,0.06
Schitt's Creek,2,"Apr. 27, 2016",0.241,0.07
Schitt's Creek,2,"May 4, 2016",0.211,0.05
Schitt's Creek,2,"May 11, 2016",0.252,0.08
Schitt's Creek,2,"May 18, 2016",0.206,0.06
Schitt's Creek,2,"May 25, 2016",0.214,0.05
Schitt's Creek,2,"Jun. 1, 2016",0.200,0.05
Schitt's Creek,3,"Jan. 11, 2017",0.286,0.08
Schitt's Creek,3,"Jan. 18, 2017",0.293,0.08
Schitt's Creek,3,"Jan. 25, 2017",0.224,0.06
Schitt's Creek,3,"Feb. 1, 2017",0.319,0.08
Schitt's Creek,3,"Feb. 8, 2017",0.254,0.07
Schitt's Creek,3,"Feb. 15, 2017",0.286,0.08
Schitt's Creek,3,"Feb. 22, 2017",0.182,0.04
Schitt's Creek,3,"Mar. 1, 2017",0.253,0.06
Schitt's Creek,3,"Mar. 8, 2017",0.256,0.05
Schitt's Creek,3,"Mar. 15, 2017",0.240,0.06
Schitt's Creek,3,"Mar. 22, 2017",0.230,0.06
Schitt's Creek,3,"Mar. 29, 2017",0.316,0.07
Schitt's Creek,3,"Apr. 5, 2017",0.313,0.09
Schitt's Creek,4,"Jan. 24, 2018",0.295,0.08
Schitt's Creek,4,"Jan. 31, 2018",0.320,0.09
Schitt's Creek,4,"Feb. 7, 2018",0.290,0.09
Schitt's Creek,4,"Feb. 14, 2018",0.212,0.05
Schitt's Creek,4,"Feb. 21, 2018",0.287,0.08
Schitt's Creek,4,"Feb. 28, 2018",0.273,0.10
Schitt's Creek,4,"Mar. 7, 2018",0.315,0.11
Schitt's Creek,4,"Mar. 14, 2018",0.300,0.10
Schitt's Creek,4,"Mar. 21, 2018",0.278,0.08
Schitt's Creek,4,"Mar. 28, 2018",0.214,0.07
Schitt's Creek,4,"Apr. 4, 2018",0.244,0.06
Schitt's Creek,4,"Apr. 11, 2018",0.265,0.08
Schitt's Creek,4,"Dec. 19, 2018",0.237,0.06
Schitt's Creek,5,"Jan. 16, 2019",0.158,0.05
Schitt's Creek,5,"Jan. 23, 2019",0.121,0.05
Schitt's Creek,5,"Jan. 30, 2019",0.195,0.07
Schitt's Creek,5,"Feb. 6, 2019",0.189,0.07
Schitt's Creek,5,"Feb. 13, 2019",0.181,0.05
Schitt's Creek,5,"Feb. 20, 2019",0.229,0.08
Schitt's Creek,5,"Feb. 27, 2019",0.227,0.08
Schitt's Creek,5,"Mar. 6, 2019",0.232,0.09
Schitt's Creek,5,"Mar. 13, 2019",0.246,0.10
Schitt's Creek,5,"Mar. 20, 2019",0.224,0.07
Schitt's Creek,5,"Mar. 27, 2019",0.179,0.06
Schitt's Creek,5,"Apr. 3, 2019",0.241,0.08
Schitt's Creek,5,"Apr. 10, 2019",0.190,0.07
Schitt's Creek,6,"Jan. 7, 2020",0.398,0.17
Schitt's Creek,6,"Jan. 14, 2020",0.361,0.14
Schitt's Creek,6,"Jan. 21, 2020",0.316,0.12
Schitt's Creek,6,"Jan. 28, 2020",0.352,0.12
Schitt's Creek,6,"Feb. 4, 2020",0.364,0.14
Schitt's Creek,6,"Feb. 11, 2020",0.342,0.13
Schitt's Creek,6,"Feb. 18, 2020",0.294,0.11
Schitt's Creek,6,"Feb. 25, 2020",0.355,0.12
Schitt's Creek,6,"Mar. 3, 2020",0.348,0.11
Schitt's Creek,6,"Mar. 10, 2020",0.327,0.12
Schitt's Creek,6,"Mar. 17, 2020",0.389,0.13
Schitt's Creek,6,"Mar. 24, 2020",0.397,0.15
Schitt's Creek,6,"Mar. 31, 2020",0.499,0.18
Schitt's Creek,6,"Apr. 7, 2020",0.501,0.18
Schitt's Creek,6,"Apr. 7, 2020",0.495,0.19
The Killing,1,"Apr. 3, 2011",2.720,0.7
The Killing,1,"Apr. 10, 2011",2.556,0.7
The Killing,1,"Apr. 17, 2011",2.507,0.8
The Killing,1,"Apr. 24, 2011",2.254,0.7
The Killing,1,"May 1, 2011",1.808,0.5
The Killing,1,"May 8, 2011",1.825,0.6
The Killing,1,"May 15, 2011",1.977,0.6
The Killing,1,"May 22, 2011",1.686,0.5
The Killing,1,"May 29, 2011",1.971,0.4
The Killing,1,"Jun. 5, 2011",1.983,0.5
The Killing,1,"Jun. 12, 2011",1.828,0.5
The Killing,1,"Jun. 19, 2011",2.317,0.7
The Killing,2,"Apr. 1, 2012",1.802,0.5
The Killing,2,"Apr. 8, 2012",1.806,0.6
The Killing,2,"Apr. 15, 2012",1.650,0.6
The Killing,2,"Apr. 22, 2012",1.592,0.6
The Killing,2,"Apr. 29, 2012",1.353,0.4
The Killing,2,"May 6, 2012",1.344,0.3
The Killing,2,"May 13, 2012",1.606,0.5
The Killing,2,"May 20, 2012",1.305,0.4
The Killing,2,"May 27, 2012",1.312,0.3
The Killing,2,"Jun. 3, 2012",1.669,0.5
The Killing,2,"Jun. 10, 2012",1.841,0.5
The Killing,2,"Jun. 17, 2012",1.448,0.5
The Killing,3,"Jun. 2, 2013",1.757,0.4
The Killing,3,"Jun. 9, 2013",1.466,0.4
The Killing,3,"Jun. 16, 2013",1.357,0.4
The Killing,3,"Jun. 23, 2013",1.671,0.6
The Killing,3,"Jun. 30, 2013",1.366,0.4
The Killing,3,"Jul. 7, 2013",1.616,0.5
The Killing,3,"Jul. 14, 2013",1.519,0.4
The Killing,3,"Jul. 21, 2013",1.350,0.4
The Killing,3,"Jul. 28, 2013",1.471,0.4
The Killing,3,"Aug. 4, 2013",1.483,0.5
The Librarians,1,"Dec. 7, 2014",5.353,1.27
The Librarians,1,"Dec. 14, 2014",3.374,0.77
The Librarians,1,"Dec. 21, 2014",3.186,0.76
The Librarians,1,"Dec. 28, 2014",4.096,0.97
The Librarians,1,"Jan. 4, 2015",3.726,0.95
The Librarians,1,"Jan. 11, 2015",3.445,0.85
The Librarians,1,"Jan. 11, 2015",2.863,0.77
The Librarians,1,"Jan. 18, 2015",3.275,0.77
The Librarians,1,"Jan. 18, 2015",3.033,0.71
The Librarians,2,"Nov. 1, 2015",2.249,0.63
The Librarians,2,"Nov. 1, 2015",1.951,0.44
The Librarians,2,"Nov. 8, 2015",1.951,0.53
The Librarians,2,"Nov. 15, 2015",1.888,0.45
The Librarians,2,"Nov. 22, 2015",2.097,0.50
The Librarians,2,"Nov. 29, 2015",2.021,0.53
The Librarians,2,"Dec. 6, 2015",2.242,0.54
The Librarians,2,"Dec. 13, 2015",2.214,0.60
The Librarians,2,"Dec. 20, 2015",1.941,0.48
The Librarians,2,"Dec. 27, 2015",2.237,0.55
The Librarians,3,"Nov. 20, 2016",1.890,0.53
The Librarians,3,"Nov. 27, 2016",1.620,0.52
The Librarians,3,"Dec. 4, 2016",1.867,0.49
The Librarians,3,"Dec. 11, 2016",1.755,0.44
The Librarians,3,"Dec. 18, 2016",1.857,0.48
The Librarians,3,"Dec. 25, 2016",1.651,0.41
The Librarians,3,"Jan. 1, 2017",1.779,0.45
The Librarians,3,"Jan. 8, 2017",2.046,0.51
The Librarians,3,"Jan. 15, 2017",1.602,0.41
The Librarians,3,"Jan. 22, 2017",1.967,0.50
The Librarians,4,"Dec. 13, 2017",1.675,0.34
The Librarians,4,"Dec. 13, 2017",1.360,0.24
The Librarians,4,"Dec. 20, 2017",1.484,0.32
The Librarians,4,"Dec. 20, 2017",1.395,0.25
The Librarians,4,"Dec. 27, 2017",1.817,0.36
The Librarians,4,"Dec. 27, 2017",1.523,0.31
The Librarians,4,"Jan. 3, 2018",1.248,0.26
The Librarians,4,"Jan. 10, 2018",1.405,0.27
The Librarians,4,"Jan. 17, 2018",1.341,0.27
The Librarians,4,"Jan. 24, 2018",1.354,0.28
The Librarians,4,"Jan. 31, 2018",1.336,0.34
The Librarians,4,"Feb. 7, 2018",1.436,0.27
Hawthorne,1,"Jun. 16, 2009",3.827,1.2/4
Hawthorne,1,"Jun. 23, 2009",3.760,1.1/3
Hawthorne,1,"Jun. 30, 2009",3.239,1.0
Hawthorne,1,"Jul. 7, 2009",2.631,0.7
Hawthorne,1,"Jul. 14, 2009",3.205,1.0/3
Hawthorne,1,"Jul. 21, 2009",3.212,0.9/3
Hawthorne,1,"Jul. 28, 2009",3.609,1.0/3
Hawthorne,1,"Aug. 4, 2009",3.579,1.0
Hawthorne,1,"Aug. 11, 2009",3.353,1.0/3
Hawthorne,1,"Aug. 18, 2009",3.515,1.2/3
Hawthorne,2,"Jun. 22, 2010",3.419,1.1/3
Hawthorne,2,"Jun. 29, 2010",2.949,0.8/3
Hawthorne,2,"Jul. 6, 2010",2.734,0.8/2
Hawthorne,2,"Jul. 13, 2010",2.645,0.7/2
Hawthorne,2,"Jul. 20, 2010",2.868,0.8/2
Hawthorne,2,"Jul. 27, 2010",2.635,0.8/2
Hawthorne,2,"Aug. 3, 2010",3.123,1.0/3
Hawthorne,2,"Aug. 10, 2010",3.245,1.0/3
Hawthorne,2,"Aug. 17, 2010",3.798,1.1/3
Hawthorne,2,"Aug. 24, 2010",3.481,1.0/3
Hawthorne,3,"Jun. 14, 2011",2.577,0.7
Hawthorne,3,"Jun. 21, 2011",2.208,0.6
Hawthorne,3,"Jun. 28, 2011",2.423,0.7
Hawthorne,3,"Jul. 5, 2011",2.524,0.8
Hawthorne,3,"Jul. 12, 2011",2.416,0.7
Hawthorne,3,"Jul. 19, 2011",2.252,0.7
Hawthorne,3,"Jul. 26, 2011",2.194,0.6
Hawthorne,3,"Aug. 2, 2011",2.459,0.6
Hawthorne,3,"Aug. 9, 2011",2.346,0.6
Hawthorne,3,"Aug. 16, 2011",2.868,0.8
The Returned,1,"Oct. 31, 2013",0.267,0.08
The Returned,1,"Nov. 7, 2013",0.071,0.03
The Returned,1,"Nov. 14, 2013",0.055,0.01
The Returned,1,"Nov. 21, 2013",0.038,0.02
The Returned,1,"Nov. 28, 2013",0.077,0.03
The Returned,1,"Dec. 5, 2013",0.067,0.02
The Returned,1,"Dec. 12, 2013",0.049,0.02
The Returned,1,"Dec. 19, 2013",0.064,0.02
The Returned,2,"Oct. 31, 2015",0.123,0.03
The Returned,2,"Nov. 7, 2015",0.100,0.02
The Returned,2,"Nov. 14, 2015",0.127,0.04
The Returned,2,"Nov. 21, 2015",0.082,0.02
The Returned,2,"Nov. 28, 2015",0.092,0.03
The Returned,2,"Dec. 5, 2015",0.072,0.01
The Returned,2,"Dec. 12, 2015",0.062,0.01
The Returned,2,"Dec. 19, 2015",0.072,0.01
Tyrant,1,"Jun. 24, 2014",2.100,0.61
Tyrant,1,"Jul. 1, 2014",1.385,0.53
Tyrant,1,"Jul. 8, 2014",1.705,0.58
Tyrant,1,"Jul. 15, 2014",1.568,0.53
Tyrant,1,"Jul. 22, 2014",1.504,0.50
Tyrant,1,"Jul. 29, 2014",1.434,0.50
Tyrant,1,"Aug. 5, 2014",1.336,0.50
Tyrant,1,"Aug. 12, 2014",1.529,0.59
Tyrant,1,"Aug. 19, 2014",1.446,0.58
Tyrant,1,"Aug. 26, 2014",1.516,0.53
Tyrant,2,"Jun. 16, 2015",1.063,0.30
Tyrant,2,"Jun. 23, 2015",1.152,0.34
Tyrant,2,"Jun. 30, 2015",1.098,0.29
Tyrant,2,"Jul. 7, 2015",1.244,0.43
Tyrant,2,"Jul. 14, 2015",1.163,0.32
Tyrant,2,"Jul. 21, 2015",1.081,0.37
Tyrant,2,"Jul. 28, 2015",1.203,0.40
Tyrant,2,"Aug. 4, 2015",1.126,0.39
Tyrant,2,"Aug. 11, 2015",1.347,0.49
Tyrant,2,"Aug. 18, 2015",1.204,0.36
Tyrant,2,"Aug. 25, 2015",1.232,0.42
Tyrant,2,"Sept. 1, 2015",1.252,0.37
Tyrant,3,"Jul. 6, 2016",1.040,0.27
Tyrant,3,"Jul. 13, 2016",0.712,0.19
Tyrant,3,"Jul. 20, 2016",0.743,0.19
Tyrant,3,"Jul. 27, 2016",0.776,0.19
Tyrant,3,"Aug. 3, 2016",0.827,0.22
Tyrant,3,"Aug. 10, 2016",0.769,0.20
Tyrant,3,"Aug. 17, 2016",0.621,0.13
Tyrant,3,"Aug. 24, 2016",0.810,0.21
Tyrant,3,"Aug. 31, 2016",0.825,0.24
Tyrant,3,"Sept. 7, 2016",0.719,0.21
Doll & Em,1,"Mar. 19, 2014",0.123,0.04
Doll & Em,1,"Mar. 19, 2014",0.116,0.03
Doll & Em,1,"Mar. 26, 2014",0.083,0.02
Doll & Em,1,"Mar. 26, 2014",0.064,0.01
Doll & Em,1,"Apr. 2, 2014",0.138,0.05
Doll & Em,1,"Apr. 2, 2014",0.138,0.04
Doll & Em,2,"Sept. 13, 2015",0.161,0.06
Doll & Em,2,"Sept. 20, 2015",0.065,0.02
Doll & Em,2,"Sept. 27, 2015",0.145,0.06
Doll & Em,2,"Oct. 4, 2015",0.147,0.03
Doll & Em,2,"Oct. 11, 2015",0.089,0.03
Doll & Em,2,"Oct. 18, 2015",0.075,0.03
The Client List,1,"Apr. 8, 2012",2.792,0.9
The Client List,1,"Apr. 15, 2012",2.852,1.0
The Client List,1,"Apr. 22, 2012",2.750,1.1
The Client List,1,"Apr. 29, 2012",2.405,0.9
The Client List,1,"May 6, 2012",2.507,0.9
The Client List,1,"May 13, 2012",2.274,0.8
The Client List,1,"May 20, 2012",2.547,1.1
The Client List,1,"Jun. 3, 2012",2.102,0.8
The Client List,1,"Jun. 10, 2012",2.191,0.8
The Client List,1,"Jun. 17, 2012",2.729,1.0
The Client List,2,"Mar. 10, 2013",2.212,0.9
The Client List,2,"Mar. 17, 2013",2.075,1.0
The Client List,2,"Mar. 24, 2013",2.003,0.9
The Client List,2,"Mar. 31, 2013",1.848,0.8
The Client List,2,"Apr. 7, 2013",2.187,0.8
The Client List,2,"Apr. 14, 2013",1.955,0.8
The Client List,2,"Apr. 21, 2013",2.107,0.8
The Client List,2,"Apr. 28, 2013",2.387,0.9
The Client List,2,"May 5, 2013",2.114,0.8
The Client List,2,"May 12, 2013",1.793,0.7
The Client List,2,"May 19, 2013",2.079,0.8
The Client List,2,"Jun. 2, 2013",2.123,0.7
The Client List,2,"Jun. 9, 2013",1.951,0.7
The Client List,2,"Jun. 16, 2013",1.895,0.6
The Client List,2,"Jun. 16, 2013",2.094,0.7
Vida,1,"May 6, 2018",0.020,0.01
Vida,1,"May 13, 2018",0.181,0.04
Vida,1,"May 20, 2018",0.133,0.03
Vida,1,"May 27, 2018",0.148,0.03
Vida,1,"Jun. 3, 2018",0.136,0.04
Vida,1,"Jun. 10, 2018",0.163,0.06
Vida,2,"May 26, 2019",0.135,0.03
Vida,2,"May 26, 2019",0.107,0.01
Vida,2,"Jun. 2, 2019",0.140,0.03
Vida,2,"Jun. 2, 2019",0.128,0.02
Vida,2,"Jun. 9, 2019",0.112,0.02
Vida,2,"Jun. 9, 2019",0.108,0.02
Vida,2,"Jun. 16, 2019",0.103,0.03
Vida,2,"Jun. 16, 2019",0.132,0.04
Vida,2,"Jun. 23, 2019",0.112,0.03
Vida,2,"Jun. 23, 2019",0.121,0.02
Vida,3,"Apr. 26, 2020",0.099,0.03
Vida,3,"May 3, 2020",0.110,0.02
Vida,3,"May 10, 2020",0.082,0.02
Vida,3,"May 17, 2020",0.086,0.02
Vida,3,"May 24, 2020",0.070,0.02
Vida,3,"May 31, 2020",0.115,0.02
Sweetbitter,1,"May 6, 2018",0.038,0.01
Sweetbitter,1,"May 13, 2018",0.160,0.05
Sweetbitter,1,"May 20, 2018",0.174,0.05
Sweetbitter,1,"May 27, 2018",0.217,0.06
Sweetbitter,1,"Jun. 3, 2018",0.185,0.07
Sweetbitter,1,"Jun. 10, 2018",0.210,0.09
Sweetbitter,2,"Jul. 14, 2019",0.119,0.04
Sweetbitter,2,"Jul. 14, 2019",0.092,0.03
Sweetbitter,2,"Jul. 21, 2019",0.095,0.03
Sweetbitter,2,"Jul. 28, 2019",0.099,0.03
Sweetbitter,2,"Aug. 4, 2019",0.077,0.02
Sweetbitter,2,"Aug. 11, 2019",0.108,0.02
Sweetbitter,2,"Aug. 18, 2019",0.086,0.03
Sweetbitter,2,"Aug. 18, 2019",0.065,0.02
Impress Me,1,"Mar. 18, 2015",0.048,0.02
Impress Me,1,"Mar. 25, 2015",0.039,0.01
Impress Me,1,"Apr. 1, 2015",0.043,0.02
Impress Me,1,"Apr. 1, 2015",0.023,0.01
Impress Me,1,"Apr. 8, 2015",0.046,0.00
Impress Me,1,"Apr. 15, 2015",0.083,0.04
Impress Me,1,"Apr. 22, 2015",0.098,0.04
Impress Me,1,"Apr. 29, 2015",0.052,0.03
Impress Me,1,"May 6, 2015",0.022,0.01
Impress Me,1,"May 20, 2015",0.034,0.01
Impress Me,1,"May 20, 2015",0.021,0.01
Impress Me,1,"May 27, 2015",0.043,0.02
Impress Me,1,"May 27, 2015",0.023,0.01
Huge,1,"Jun. 28, 2010",2.533,0.9
Huge,1,"Jul. 5, 2010",2.144,0.7
Huge,1,"Jul. 12, 2010",1.889,0.7
Huge,1,"Jul. 19, 2010",1.481,0.6
Huge,1,"Jul. 26, 2010",1.584,0.6
Huge,1,"Aug. 2, 2010",1.368,0.6
Huge,1,"Aug. 9, 2010",1.412,0.5
Huge,1,"Aug. 16, 2010",1.344,0.5
Huge,1,"Aug. 23, 2010",1.475,0.5
Huge,1,"Aug. 30, 2010",1.451,0.6
Episodes,1,"Jan. 9, 2011",0.768,0.2
Episodes,1,"Jan. 16, 2011",0.442,0.1
Episodes,1,"Jan. 23, 2011",0.332,0.1
Episodes,1,"Jan. 30, 2011",0.558,0.3
Episodes,1,"Feb. 6, 2011",0.379,0.2
Episodes,1,"Feb. 13, 2011",0.489,0.2
Episodes,1,"Feb. 20, 2011",0.589,0.2
Episodes,2,"Jul. 1, 2012",0.486,0.23
Episodes,2,"Jul. 8, 2012",0.373,0.18
Episodes,2,"Jul. 15, 2012",0.417,0.2
Episodes,2,"Jul. 22, 2012",0.381,0.17
Episodes,2,"Jul. 29, 2012",0.239,0.10
Episodes,2,"Aug. 5, 2012",0.332,0.13
Episodes,2,"Aug. 12, 2012",0.343,0.2
Episodes,2,"Aug. 19, 2012",0.412,0.18
Episodes,2,"Aug. 26, 2012",0.414,0.18
Episodes,3,"Jan. 12, 2014",0.543,0.23
Episodes,3,"Jan. 19, 2014",0.443,0.16
Episodes,3,"Jan. 26, 2014",0.400,0.19
Episodes,3,"Feb. 2, 2014",0.429,0.21
Episodes,3,"Feb. 9, 2014",0.475,0.18
Episodes,3,"Feb. 16, 2014",0.506,0.17
Episodes,3,"Feb. 23, 2014",0.460,0.15
Episodes,3,"Mar. 9, 2014",0.437,0.17
Episodes,3,"Mar. 16, 2014",0.482,0.20
Episodes,4,"Jan. 11, 2015",0.365,0.17
Episodes,4,"Jan. 18, 2015",0.366,0.18
Episodes,4,"Jan. 25, 2015",0.314,0.12
Episodes,4,"Feb. 1, 2015",0.319,0.13
Episodes,4,"Feb. 8, 2015",0.343,0.11
Episodes,4,"Feb. 15, 2015",0.255,0.12
Episodes,4,"Mar. 1, 2015",0.301,0.14
Episodes,4,"Mar. 8, 2015",0.413,0.21
Episodes,4,"Mar. 15, 2015",0.466,0.16
Episodes,5,"Aug. 20, 2017",0.239,0.05
Episodes,5,"Aug. 27, 2017",0.239,0.04
Episodes,5,"Sept. 10, 2017",0.264,0.04
Episodes,5,"Sept. 17, 2017",0.264,0.05
Episodes,5,"Sept. 24, 2017",0.350,0.05
Episodes,5,"Oct. 1, 2017",0.335,0.06
Episodes,5,"Oct. 8, 2017",0.263,0.07
Curb Your Enthusiasm,1,"Oct. 15, 2000",3.082,2.1
Curb Your Enthusiasm,1,"Oct. 22, 2000",1.772,1.4
Curb Your Enthusiasm,1,"Oct. 29, 2000",2.311,1.8
Curb Your Enthusiasm,1,"Nov. 5, 2000",1.491,1.2
Curb Your Enthusiasm,1,"Nov. 12, 2000",2.464,1.7
Curb Your Enthusiasm,1,"Nov. 19, 2000",1.944,1.3
Curb Your Enthusiasm,1,"Nov. 26, 2000",1.831,1.2
Curb Your Enthusiasm,1,"Dec. 3, 2000",1.925,1.2
Curb Your Enthusiasm,1,"Dec. 10, 2000",1.750,1.3
Curb Your Enthusiasm,1,"Dec. 17, 2000",2.186,1.5
Curb Your Enthusiasm,2,"Sept. 23, 2001",2.402,1.5
Curb Your Enthusiasm,2,"Sept. 30, 2001",1.827,1.4
Curb Your Enthusiasm,2,"Oct. 7, 2001",1.800,1.2
Curb Your Enthusiasm,2,"Oct. 14, 2001",2.936,1.8
Curb Your Enthusiasm,2,"Oct. 21, 2001",2.612,1.8
Curb Your Enthusiasm,2,"Oct. 28, 2001",2.537,1.7
Curb Your Enthusiasm,2,"Nov. 4, 2001",1.558,1.2
Curb Your Enthusiasm,2,"Nov. 11, 2001",2.641,1.7
Curb Your Enthusiasm,2,"Nov. 18, 2001",2.558,1.6
Curb Your Enthusiasm,2,"Nov. 25, 2001",2.266,1.6
Curb Your Enthusiasm,3,"Sept. 15, 2002",5.528,3.5
Curb Your Enthusiasm,3,"Sept. 22, 2002",4.553,2.8
Curb Your Enthusiasm,3,"Sept. 29, 2002",3.841,2.7
Curb Your Enthusiasm,3,"Oct. 6, 2002",4.545,2.8
Curb Your Enthusiasm,3,"Oct. 13, 2002",4.429,2.7
Curb Your Enthusiasm,3,"Oct. 20, 2002",4.011,2.8
Curb Your Enthusiasm,3,"Oct. 27, 2002",3.820,2.3
Curb Your Enthusiasm,3,"Nov. 3, 2002",4.589,3.1
Curb Your Enthusiasm,3,"Nov. 10, 2002",4.810,3.1
Curb Your Enthusiasm,3,"Nov. 17, 2002",4.731,3.1
Curb Your Enthusiasm,4,"Jan. 4, 2004",3.267,1.9
Curb Your Enthusiasm,4,"Jan. 11, 2004",2.632,1.5
Curb Your Enthusiasm,4,"Jan. 18, 2004",2.533,1.5
Curb Your Enthusiasm,4,"Jan. 25, 2004",2.396,1.6
Curb Your Enthusiasm,4,"Feb. 1, 2004",1.520,1.1
Curb Your Enthusiasm,4,"Feb. 8, 2004",2.051,1.4
Curb Your Enthusiasm,4,"Feb. 22, 2004",5.094,3.0
Curb Your Enthusiasm,4,"Feb. 29, 2004",1.591,1.0
Curb Your Enthusiasm,4,"Mar. 7, 2004",4.360,2.7
Curb Your Enthusiasm,4,"Mar. 14, 2004",3.361,2.1
Curb Your Enthusiasm,5,"Sept. 25, 2005",1.550,0.9
Curb Your Enthusiasm,5,"Oct. 2, 2005",1.357,1.0
Curb Your Enthusiasm,5,"Oct. 9, 2005",1.482,0.9
Curb Your Enthusiasm,5,"Oct. 16, 2005",1.378,0.9
Curb Your Enthusiasm,5,"Oct. 30, 2005",1.111,0.7
Curb Your Enthusiasm,5,"Nov. 6, 2005",1.178,0.8
Curb Your Enthusiasm,5,"Nov. 13, 2005",1.135,0.8
Curb Your Enthusiasm,5,"Nov. 20, 2005",1.313,0.9
Curb Your Enthusiasm,5,"Nov. 27, 2005",0.896,0.7
Curb Your Enthusiasm,5,"Dec. 4, 2005",1.088,0.7
Curb Your Enthusiasm,6,"Sept. 9, 2007",1.174,0.5
Curb Your Enthusiasm,6,"Sept. 16, 2007",1.035,0.5
Curb Your Enthusiasm,6,"Sept. 23, 2007",0.909,0.4
Curb Your Enthusiasm,6,"Sept. 30, 2007",0.910,0.5
Curb Your Enthusiasm,6,"Oct. 7, 2007",0.873,0.4
Curb Your Enthusiasm,6,"Oct. 14, 2007",0.909,0.5
Curb Your Enthusiasm,6,"Oct. 21, 2007",0.875,0.5/1
Curb Your Enthusiasm,6,"Oct. 28, 2007",0.938,0.4/1
Curb Your Enthusiasm,6,"Nov. 4, 2007",0.937,0.4
Curb Your Enthusiasm,6,"Nov. 11, 2007",1.075,0.5/1
Curb Your Enthusiasm,7,"Sept. 20, 2009",1.118,0.5/1
Curb Your Enthusiasm,7,"Sept. 27, 2009",1.050,0.6/1
Curb Your Enthusiasm,7,"Oct. 4, 2009",1.562,0.7/2
Curb Your Enthusiasm,7,"Oct. 11, 2009",1.193,0.5/1
Curb Your Enthusiasm,7,"Oct. 18, 2009",1.077,0.5/1
Curb Your Enthusiasm,7,"Oct. 25, 2009",1.051,0.4/1
Curb Your Enthusiasm,7,"Nov. 1, 2009",0.981,0.4/1
Curb Your Enthusiasm,7,"Nov. 8, 2009",0.979,0.3/1
Curb Your Enthusiasm,7,"Nov. 15, 2009",1.257,0.5/1
Curb Your Enthusiasm,7,"Nov. 22, 2009",1.334,0.6/1
Curb Your Enthusiasm,8,"Jul. 10, 2011",1.713,0.9
Curb Your Enthusiasm,8,"Jul. 17, 2011",1.913,0.8
Curb Your Enthusiasm,8,"Jul. 24, 2011",2.372,1.0
Curb Your Enthusiasm,8,"Jul. 31, 2011",2.104,1.0
Curb Your Enthusiasm,8,"Aug. 7, 2011",2.051,0.9
Curb Your Enthusiasm,8,"Aug. 14, 2011",2.305,1.1
Curb Your Enthusiasm,8,"Aug. 21, 2011",2.078,1.0
Curb Your Enthusiasm,8,"Aug. 28, 2011",1.871,0.9
Curb Your Enthusiasm,8,"Sept. 4, 2011",1.425,0.6
Curb Your Enthusiasm,8,"Sept. 11, 2011",2.040,1.0
Curb Your Enthusiasm,9,"Oct. 1, 2017",1.543,0.52
Curb Your Enthusiasm,9,"Oct. 8, 2017",1.126,0.39
Curb Your Enthusiasm,9,"Oct. 15, 2017",1.123,0.40
Curb Your Enthusiasm,9,"Oct. 22, 2017",1.105,0.38
Curb Your Enthusiasm,9,"Oct. 29, 2017",0.800,0.26
Curb Your Enthusiasm,9,"Nov. 5, 2017",0.828,0.30
Curb Your Enthusiasm,9,"Nov. 12, 2017",0.880,0.30
Curb Your Enthusiasm,9,"Nov. 19, 2017",0.910,0.30
Curb Your Enthusiasm,9,"Nov. 26, 2017",0.967,0.31
Curb Your Enthusiasm,9,"Dec. 3, 2017",0.881,0.30
Curb Your Enthusiasm,10,"Jan. 19, 2020",0.708,0.22
Curb Your Enthusiasm,10,"Jan. 26, 2020",0.683,0.17
Curb Your Enthusiasm,10,"Feb. 2, 2020",0.577,0.14
Curb Your Enthusiasm,10,"Feb. 9, 2020",0.441,0.12
Curb Your Enthusiasm,10,"Feb. 16, 2020",0.663,0.15
Curb Your Enthusiasm,10,"Feb. 23, 2020",0.635,0.15
Curb Your Enthusiasm,10,"Mar. 1, 2020",0.645,0.17
Curb Your Enthusiasm,10,"Mar. 8, 2020",0.747,0.17
Curb Your Enthusiasm,10,"Mar. 15, 2020",0.691,0.17
Curb Your Enthusiasm,10,"Mar. 22, 2020",0.843,0.25
Curb Your Enthusiasm,11,"Oct. 24, 2021",0.486,0.08
Curb Your Enthusiasm,11,"Oct. 31, 2021",0.409,0.07
Curb Your Enthusiasm,11,"Nov. 7, 2021",0.370,0.08
Curb Your Enthusiasm,11,"Nov. 14, 2021",0.527,0.11
Curb Your Enthusiasm,11,"Nov. 21, 2021",0.405,0.08
Curb Your Enthusiasm,11,"Nov. 28, 2021",0.541,0.11
Curb Your Enthusiasm,11,"Dec. 5, 2021",0.423,0.09
Curb Your Enthusiasm,11,"Dec. 12, 2021",0.424,0.08
Curb Your Enthusiasm,11,"Dec. 19, 2021",0.371,0.08
Curb Your Enthusiasm,11,"Dec. 26, 2021",0.450,0.10
Last Week Tonight,1,"Apr. 27, 2014",1.109,0.5
Last Week Tonight,1,"May 4, 2014",1.194,0.5
Last Week Tonight,1,"May 11, 2014",1.013,0.5
Last Week Tonight,1,"May 18, 2014",1.031,0.5
Last Week Tonight,1,"Jun. 1, 2014",0.985,0.5
Last Week Tonight,1,"Jun. 8, 2014",0.952,0.5
Last Week Tonight,1,"Jun. 15, 2014",0.905,0.4
Last Week Tonight,1,"Jun. 22, 2014",0.890,0.4
Last Week Tonight,1,"Jun. 29, 2014",0.847,0.4
Last Week Tonight,1,"Jul. 13, 2014",0.839,0.4
Last Week Tonight,1,"Jul. 20, 2014",0.922,0.4
Last Week Tonight,1,"Jul. 27, 2014",1.003,0.48
Last Week Tonight,1,"Aug. 3, 2014",0.964,0.46
Last Week Tonight,1,"Aug. 10, 2014",0.940,0.49
Last Week Tonight,1,"Aug. 17, 2014",1.028,0.51
Last Week Tonight,1,"Sept. 7, 2014",0.661,0.26
Last Week Tonight,1,"Sept. 14, 2014",0.702,0.30
Last Week Tonight,1,"Sept. 21, 2014",0.825,0.37
Last Week Tonight,1,"Sept. 28, 2014",0.710,0.35
Last Week Tonight,1,"Oct. 5, 2014",0.661,0.27
Last Week Tonight,1,"Oct. 19, 2014",0.621,0.29
Last Week Tonight,1,"Oct. 26, 2014",0.758,0.36
Last Week Tonight,1,"Nov. 2, 2014",0.601,0.21
Last Week Tonight,1,"Nov. 9, 2014",0.796,0.35
Last Week Tonight,2,"Feb. 8, 2015",0.720,0.31
Last Week Tonight,2,"Feb. 15, 2015",0.513,0.23
Last Week Tonight,2,"Feb. 22, 2015",0.469,0.24
Last Week Tonight,2,"Mar. 1, 2015",0.711,0.33
Last Week Tonight,2,"Mar. 8, 2015",0.695,0.32
Last Week Tonight,2,"Mar. 15, 2015",0.845,0.33
Last Week Tonight,2,"Mar. 22, 2015",0.777,0.35
Last Week Tonight,2,"Apr. 5, 2015",0.655,0.32
Last Week Tonight,2,"Apr. 12, 2015",1.319,0.67
Last Week Tonight,2,"Apr. 19, 2015",1.447,0.71
Last Week Tonight,2,"Apr. 26, 2015",1.394,0.64
Last Week Tonight,2,"May 3, 2015",1.395,0.71
Last Week Tonight,2,"May 10, 2015",1.198,0.59
Last Week Tonight,2,"May 17, 2015",1.036,0.50
Last Week Tonight,2,"May 31, 2015",1.394,0.62
Last Week Tonight,2,"Jun. 7, 2015",1.257,0.60
Last Week Tonight,2,"Jun. 14, 2015",1.259,0.59
Last Week Tonight,2,"Jun. 21, 2015",1.365,0.55
Last Week Tonight,2,"Jun. 28, 2015",1.241,0.49
Last Week Tonight,2,"Jul. 12, 2015",1.013,0.41
Last Week Tonight,2,"Jul. 19, 2015",1.042,0.41
Last Week Tonight,2,"Jul. 26, 2015",0.938,0.32
Last Week Tonight,2,"Aug. 2, 2015",0.975,0.42
Last Week Tonight,2,"Aug. 9, 2015",0.929,0.38
Last Week Tonight,2,"Aug. 16, 2015",1.010,0.45
Last Week Tonight,2,"Aug. 23, 2015",1.027,0.44
Last Week Tonight,2,"Sept. 13, 2015",0.694,0.25
Last Week Tonight,2,"Sept. 27, 2015",0.658,0.27
Last Week Tonight,2,"Oct. 4, 2015",0.687,0.28
Last Week Tonight,2,"Oct. 11, 2015",0.704,0.24
Last Week Tonight,2,"Oct. 18, 2015",0.716,0.31
Last Week Tonight,2,"Nov. 1, 2015",0.690,0.29
Last Week Tonight,2,"Nov. 8, 2015",0.914,0.40
Last Week Tonight,2,"Nov. 15, 2015",0.712,0.30
Last Week Tonight,2,"Nov. 22, 2015",0.778,0.34
Last Week Tonight,3,"Feb. 14, 2016",1.018,0.36
Last Week Tonight,3,"Feb. 21, 2016",0.919,0.34
Last Week Tonight,3,"Feb. 28, 2016",0.699,0.26
Last Week Tonight,3,"Mar. 6, 2016",0.824,0.33
Last Week Tonight,3,"Mar. 13, 2016",0.962,0.38
Last Week Tonight,3,"Mar. 20, 2016",0.931,0.34
Last Week Tonight,3,"Apr. 3, 2016",0.953,0.37
Last Week Tonight,3,"Apr. 10, 2016",0.909,0.36
Last Week Tonight,3,"Apr. 17, 2016",0.849,0.29
Last Week Tonight,3,"Apr. 24, 2016",1.343,0.59
Last Week Tonight,3,"May 8, 2016",1.419,0.60
Last Week Tonight,3,"May 15, 2016",1.377,0.58
Last Week Tonight,3,"May 22, 2016",1.274,0.57
Last Week Tonight,3,"Jun. 5, 2016",1.606,0.72
Last Week Tonight,3,"Jun. 12, 2016",1.210,0.53
Last Week Tonight,3,"Jun. 19, 2016",1.439,0.62
Last Week Tonight,3,"Jun. 26, 2016",1.532,0.68
Last Week Tonight,3,"Jul. 24, 2016",1.088,0.42
Last Week Tonight,3,"Jul. 31, 2016",1.270,0.53
Last Week Tonight,3,"Aug. 7, 2016",1.013,0.39
Last Week Tonight,3,"Aug. 14, 2016",0.968,0.38
Last Week Tonight,3,"Aug. 21, 2016",1.145,0.45
Last Week Tonight,3,"Sept. 25, 2016",0.884,0.33
Last Week Tonight,3,"Oct. 2, 2016",1.097,0.42
Last Week Tonight,3,"Oct. 9, 2016",1.079,0.42
Last Week Tonight,3,"Oct. 16, 2016",1.343,0.49
Last Week Tonight,3,"Oct. 23, 2016",1.181,0.40
Last Week Tonight,3,"Oct. 30, 2016",1.028,0.39
Last Week Tonight,3,"Nov. 6, 2016",1.051,0.40
Last Week Tonight,3,"Nov. 13, 2016",1.173,0.47
Last Week Tonight,4,"Feb. 12, 2017",1.193,0.44
Last Week Tonight,4,"Feb. 19, 2017",1.245,0.43
Last Week Tonight,4,"Feb. 26, 2017",0.724,0.27
Last Week Tonight,4,"Mar. 5, 2017",1.278,0.45
Last Week Tonight,4,"Mar. 12, 2017",1.122,0.40
Last Week Tonight,4,"Mar. 19, 2017",1.030,0.38
Last Week Tonight,4,"Apr. 2, 2017",1.184,0.43
Last Week Tonight,4,"Apr. 9, 2017",1.145,0.41
Last Week Tonight,4,"Apr. 16, 2017",1.181,0.43
Last Week Tonight,4,"Apr. 23, 2017",1.193,0.40
Last Week Tonight,4,"May 7, 2017",1.184,0.40
Last Week Tonight,4,"May 14, 2017",1.363,0.50
Last Week Tonight,4,"May 21, 2017",1.416,0.49
Last Week Tonight,4,"Jun. 4, 2017",1.215,0.47
Last Week Tonight,4,"Jun. 11, 2017",1.238,0.42
Last Week Tonight,4,"Jun. 18, 2017",1.275,0.45
Last Week Tonight,4,"Jun. 25, 2017",1.310,0.51
Last Week Tonight,4,"Jul. 2, 2017",1.142,0.40
Last Week Tonight,4,"Jul. 30, 2017",1.760,0.67
Last Week Tonight,4,"Aug. 6, 2017",1.746,0.71
Last Week Tonight,4,"Aug. 13, 2017",1.933,0.82
Last Week Tonight,4,"Aug. 20, 2017",1.759,0.67
Last Week Tonight,4,"Sept. 10, 2017",0.968,0.36
Last Week Tonight,4,"Sept. 24, 2017",1.253,0.39
Last Week Tonight,4,"Oct. 1, 2017",1.273,0.43
Last Week Tonight,4,"Oct. 8, 2017",1.304,0.43
Last Week Tonight,4,"Oct. 15, 2017",1.247,0.43
Last Week Tonight,4,"Oct. 29, 2017",0.963,0.31
Last Week Tonight,4,"Nov. 5, 2017",1.010,0.34
Last Week Tonight,4,"Nov. 12, 2017",1.199,0.41
Last Week Tonight,5,"Feb. 18, 2018",1.199,0.30
Last Week Tonight,5,"Feb. 25, 2018",1.114,0.32
Last Week Tonight,5,"Mar. 4, 2018",0.940,0.30
Last Week Tonight,5,"Mar. 11, 2018",1.083,0.34
Last Week Tonight,5,"Mar. 18, 2018",1.227,0.41
Last Week Tonight,5,"Apr. 1, 2018",1.265,0.41
Last Week Tonight,5,"Apr. 8, 2018",1.134,0.35
Last Week Tonight,5,"Apr. 15, 2018",1.226,0.43
Last Week Tonight,5,"Apr. 22, 2018",1.188,0.41
Last Week Tonight,5,"May 6, 2018",1.244,0.42
Last Week Tonight,5,"May 13, 2018",1.027,0.33
Last Week Tonight,5,"May 20, 2018",1.276,0.44
Last Week Tonight,5,"Jun. 3, 2018",1.141,0.40
Last Week Tonight,5,"Jun. 10, 2018",1.136,0.38
Last Week Tonight,5,"Jun. 17, 2018",1.192,0.40
Last Week Tonight,5,"Jun. 24, 2018",0.937,0.31
Last Week Tonight,5,"Jul. 1, 2018",1.122,0.34
Last Week Tonight,5,"Jul. 29, 2018",0.920,0.33
Last Week Tonight,5,"Aug. 5, 2018",0.994,0.27
Last Week Tonight,5,"Aug. 12, 2018",1.028,0.34
Last Week Tonight,5,"Aug. 19, 2018",1.169,0.38
Last Week Tonight,5,"Sept. 9, 2018",0.901,0.30
Last Week Tonight,5,"Sept. 23, 2018",1.013,0.33
Last Week Tonight,5,"Sept. 30, 2018",1.157,0.37
Last Week Tonight,5,"Oct. 7, 2018",0.999,0.31
Last Week Tonight,5,"Oct. 14, 2018",0.919,0.30
Last Week Tonight,5,"Oct. 28, 2018",0.918,0.27
Last Week Tonight,5,"Nov. 4, 2018",0.648,0.20
Last Week Tonight,5,"Nov. 11, 2018",0.782,0.24
Last Week Tonight,5,"Nov. 18, 2018",0.762,0.21
Last Week Tonight,6,"Feb. 17, 2019",1.028,0.27
Last Week Tonight,6,"Feb. 24, 2019",0.840,0.29
Last Week Tonight,6,"Mar. 3, 2019",0.965,0.27
Last Week Tonight,6,"Mar. 10, 2019",1.079,0.35
Last Week Tonight,6,"Mar. 17, 2019",0.946,0.26
Last Week Tonight,6,"Mar. 31, 2019",0.868,0.26
Last Week Tonight,6,"Apr. 7, 2019",0.921,0.28
Last Week Tonight,6,"Apr. 14, 2019",1.335,0.44
Last Week Tonight,6,"Apr. 21, 2019",1.307,0.47
Last Week Tonight,6,"May 5, 2019",1.204,0.43
Last Week Tonight,6,"May 12, 2019",1.158,0.43
Last Week Tonight,6,"May 19, 2019",1.627,0.58
Last Week Tonight,6,"Jun. 2, 2019",0.902,0.31
Last Week Tonight,6,"Jun. 9, 2019",0.772,0.24
Last Week Tonight,6,"Jun. 16, 2019",0.915,0.27
Last Week Tonight,6,"Jun. 23, 2019",0.918,0.28
Last Week Tonight,6,"Jun. 30, 2019",0.843,0.25
Last Week Tonight,6,"Jul. 28, 2019",0.709,0.19
Last Week Tonight,6,"Aug. 4, 2019",0.810,0.24
Last Week Tonight,6,"Aug. 11, 2019",0.846,0.26
Last Week Tonight,6,"Aug. 18, 2019",0.916,0.29
Last Week Tonight,6,"Sept. 8, 2019",0.744,0.22
Last Week Tonight,6,"Sept. 15, 2019",0.646,0.17
Last Week Tonight,6,"Sept. 29, 2019",0.817,0.25
Last Week Tonight,6,"Oct. 6, 2019",0.812,0.23
Last Week Tonight,6,"Oct. 13, 2019",0.780,0.23
Last Week Tonight,6,"Oct. 27, 2019",0.890,0.25
Last Week Tonight,6,"Nov. 3, 2019",0.722,0.19
Last Week Tonight,6,"Nov. 10, 2019",0.734,0.22
Last Week Tonight,6,"Nov. 17, 2019",0.875,0.25
Last Week Tonight,7,"Feb. 16, 2020",0.817,0.16
Last Week Tonight,7,"Feb. 23, 2020",0.753,0.20
Last Week Tonight,7,"Mar. 1, 2020",0.929,0.28
Last Week Tonight,7,"Mar. 8, 2020",0.954,0.27
Last Week Tonight,7,"Mar. 15, 2020",0.890,0.23
Last Week Tonight,7,"Mar. 29, 2020",0.973,0.25
Last Week Tonight,7,"Apr. 5, 2020",0.965,0.25
Last Week Tonight,7,"Apr. 12, 2020",0.912,0.26
Last Week Tonight,7,"Apr. 19, 2020",1.044,0.27
Last Week Tonight,7,"May 3, 2020",0.947,0.25
Last Week Tonight,7,"May 10, 2020",0.834,0.23
Last Week Tonight,7,"May 17, 2020",0.902,0.21
Last Week Tonight,7,"May 31, 2020",0.829,0.26
Last Week Tonight,7,"Jun. 7, 2020",0.798,0.21
Last Week Tonight,7,"Jun. 14, 2020",0.668,0.19
Last Week Tonight,7,"Jun. 21, 2020",0.857,0.19
Last Week Tonight,7,"Jun. 28, 2020",0.880,0.22
Last Week Tonight,7,"Jul. 19, 2020",0.860,0.20
Last Week Tonight,7,"Jul. 26, 2020",0.726,0.17
Last Week Tonight,7,"Aug. 2, 2020",0.881,0.22
Last Week Tonight,7,"Aug. 16, 2020",0.658,0.16
Last Week Tonight,7,"Aug. 23, 2020",0.823,0.21
Last Week Tonight,7,"Aug. 30, 2020",0.833,0.20
Last Week Tonight,7,"Sept. 27, 2020",0.754,0.23
Last Week Tonight,7,"Oct. 4, 2020",0.728,0.20
Last Week Tonight,7,"Oct. 18, 2020",0.805,0.21
Last Week Tonight,7,"Oct. 25, 2020",0.875,0.22
Last Week Tonight,7,"Nov. 1, 2020",0.688,0.15
Last Week Tonight,7,"Nov. 8, 2020",1.060,0.29
Last Week Tonight,7,"Nov. 15, 2020",0.930,0.22
Last Week Tonight,8,"Feb. 14, 2021",0.689,0.13
Last Week Tonight,8,"Feb. 21, 2021",0.751,0.18
Last Week Tonight,8,"Feb. 28, 2021",0.659,0.15
Last Week Tonight,8,"Mar. 7, 2021",0.590,0.10
Last Week Tonight,8,"Mar. 14, 2021",0.572,0.11
Last Week Tonight,8,"Mar. 21, 2021",0.690,0.19
Last Week Tonight,8,"Apr. 4, 2021",0.728,0.19
Last Week Tonight,8,"Apr. 11, 2021",0.721,0.16
Last Week Tonight,8,"Apr. 18, 2021",0.685,0.18
Last Week Tonight,8,"May 2, 2021",0.849,0.21
Last Week Tonight,8,"May 9, 2021",0.742,0.16
Last Week Tonight,8,"May 16, 2021",0.805,0.18
Last Week Tonight,8,"May 23, 2021",0.773,0.18
Last Week Tonight,8,"Jun. 6, 2021",0.647,0.16
Last Week Tonight,8,"Jun. 13, 2021",0.637,0.16
Last Week Tonight,8,"Jun. 20, 2021",0.636,0.14
Last Week Tonight,8,"Jun. 27, 2021",0.562,0.14
Last Week Tonight,8,"Jul. 25, 2021",0.439,0.08
Last Week Tonight,8,"Aug. 1, 2021",0.512,0.14
Last Week Tonight,8,"Aug. 8, 2021",0.568,0.10
Last Week Tonight,8,"Aug. 15, 2021",0.550,0.12
Last Week Tonight,8,"Aug. 22, 2021",0.607,0.16
Last Week Tonight,8,"Sept. 12, 2021",0.597,0.15
Last Week Tonight,8,"Sept. 26, 2021",0.559,0.13
Last Week Tonight,8,"Oct. 3, 2021",0.425,0.10
Last Week Tonight,8,"Oct. 10, 2021",0.421,0.08
Last Week Tonight,8,"Oct. 24, 2021",0.559,0.12
Last Week Tonight,8,"Oct. 31, 2021",0.434,0.07
Last Week Tonight,8,"Nov. 7, 2021",0.475,0.09
Last Week Tonight,8,"Nov. 14, 2021",0.560,0.10
Last Week Tonight,9,"Feb. 20, 2022",0.592,0.12
Last Week Tonight,9,"Feb. 27, 2022",0.480,0.08
Last Week Tonight,9,"Mar. 6, 2022",0.581,0.14
Last Week Tonight,9,"Mar. 13, 2022",0.664,0.15
Last Week Tonight,9,"Mar. 27, 2022",0.466,0.07
Last Week Tonight,9,"Apr. 3, 2022",0.477,0.11
Last Week Tonight,9,"Apr. 10, 2022",0.496,0.09
Last Week Tonight,9,"Apr. 17, 2022",0.662,0.19
Last Week Tonight,9,"May 1, 2022",0.571,0.14
Last Week Tonight,9,"May 8, 2022",0.567,0.12
Last Week Tonight,9,"May 15, 2022",0.520,0.10
Last Week Tonight,9,"May 22, 2022",0.456,0.10
Last Week Tonight,9,"Jun. 5, 2022",0.469,0.08
Last Week Tonight,9,"Jun. 12, 2022",0.423,0.06
Last Week Tonight,9,"Jun. 19, 2022",0.505,0.13
Last Week Tonight,9,"Jun. 26, 2022",0.469,0.09
Last Week Tonight,9,"Jul. 24, 2022",0.473,0.10
Last Week Tonight,9,"Jul. 31, 2022",0.458,0.08
Last Week Tonight,9,"Aug. 7, 2022",0.577,0.14
Last Week Tonight,9,"Aug. 14, 2022",0.554,0.12
Last Week Tonight,9,"Aug. 21, 2022",0.628,0.14
Last Week Tonight,9,"Sept. 11, 2022",0.568,0.09
Last Week Tonight,9,"Sept. 25, 2022",0.523,0.11
Last Week Tonight,9,"Oct. 2, 2022",0.480,0.07
Last Week Tonight,9,"Oct. 9, 2022",0.495,0.10
Last Week Tonight,9,"Oct. 16, 2022",0.501,0.12
Last Week Tonight,9,"Oct. 30, 2022",0.455,0.08
Last Week Tonight,9,"Nov. 6, 2022",0.381,0.08
Last Week Tonight,9,"Nov. 13, 2022",0.455,0.08
Last Week Tonight,9,"Nov. 20, 2022",0.387,0.07
Bitten,1,"Jan. 13, 2014",0.839,0.25
Bitten,1,"Jan. 20, 2014",0.636,0.21
Bitten,1,"Jan. 27, 2014",0.936,0.27
Bitten,1,"Feb. 3, 2014",0.826,0.32
Bitten,1,"Feb. 10, 2014",0.750,0.30
Bitten,1,"Feb. 17, 2014",0.829,0.30
Bitten,1,"Feb. 24, 2014",0.691,0.24
Bitten,1,"Mar. 3, 2014",0.738,0.26
Bitten,1,"Mar. 10, 2014",0.930,0.35
Bitten,1,"Mar. 17, 2014",0.729,0.26
Bitten,1,"Mar. 24, 2014",0.660,0.21
Bitten,1,"Mar. 31, 2014",0.764,0.31
Bitten,1,"Apr. 7, 2014",0.813,0.25
Bitten,2,"Apr. 17, 2015",0.439,0.13
Bitten,2,"Apr. 17, 2015",0.561,0.13
Bitten,2,"Apr. 24, 2015",0.587,0.18
Bitten,2,"May 1, 2015",0.473,0.11
Bitten,2,"May 8, 2015",0.486,0.15
Bitten,2,"May 15, 2015",0.588,0.20
Bitten,2,"May 22, 2015",0.469,0.15
Bitten,2,"May 29, 2015",0.383,0.12
Bitten,2,"Jun. 5, 2015",0.537,0.21
Bitten,2,"Jun. 5, 2015",0.491,0.16
Bitten,3,"Feb. 15, 2016",0.466,0.14
Bitten,3,"Feb. 22, 2016",0.355,0.10
Bitten,3,"Feb. 29, 2016",0.372,0.09
Bitten,3,"Mar. 7, 2016",0.322,0.11
Bitten,3,"Mar. 14, 2016",0.366,0.09
Bitten,3,"Mar. 21, 2016",0.339,0.08
Bitten,3,"Mar. 28, 2016",0.239,0.07
Bitten,3,"Apr. 4, 2016",0.373,0.08
Bitten,3,"Apr. 18, 2016",0.354,0.07
Bitten,3,"Apr. 25, 2016",0.302,0.08
The Magicians,1,"Jan. 25, 2016",1.057,0.39
The Magicians,1,"Jan. 25, 2016",1.113,0.41
The Magicians,1,"Feb. 1, 2016",0.901,0.35
The Magicians,1,"Feb. 8, 2016",0.745,0.28
The Magicians,1,"Feb. 15, 2016",0.748,0.27
The Magicians,1,"Feb. 22, 2016",0.647,0.27
The Magicians,1,"Feb. 29, 2016",0.702,0.25
The Magicians,1,"Mar. 7, 2016",0.672,0.27
The Magicians,1,"Mar. 14, 2016",0.712,0.28
The Magicians,1,"Mar. 21, 2016",0.778,0.32
The Magicians,1,"Mar. 28, 2016",0.723,0.28
The Magicians,1,"Apr. 4, 2016",0.746,0.28
The Magicians,1,"Apr. 11, 2016",0.676,0.27
The Magicians,2,"Jan. 25, 2017",1.288,0.52
The Magicians,2,"Feb. 1, 2017",0.944,0.37
The Magicians,2,"Feb. 8, 2017",0.913,0.35
The Magicians,2,"Feb. 15, 2017",0.778,0.29
The Magicians,2,"Feb. 22, 2017",0.884,0.36
The Magicians,2,"Mar. 1, 2017",0.782,0.32
The Magicians,2,"Mar. 8, 2017",0.626,0.24
The Magicians,2,"Mar. 15, 2017",0.708,0.29
The Magicians,2,"Mar. 22, 2017",0.611,0.25
The Magicians,2,"Mar. 29, 2017",0.724,0.26
The Magicians,2,"Apr. 5, 2017",0.650,0.24
The Magicians,2,"Apr. 12, 2017",0.671,0.26
The Magicians,2,"Apr. 19, 2017",0.667,0.27
The Magicians,3,"Jan. 10, 2018",0.782,0.30
The Magicians,3,"Jan. 17, 2018",0.762,0.29
The Magicians,3,"Jan. 24, 2018",0.607,0.22
The Magicians,3,"Jan. 31, 2018",0.669,0.28
The Magicians,3,"Feb. 7, 2018",0.795,0.26
The Magicians,3,"Feb. 14, 2018",0.674,0.26
The Magicians,3,"Feb. 21, 2018",0.636,0.23
The Magicians,3,"Feb. 28, 2018",0.732,0.28
The Magicians,3,"Mar. 7, 2018",0.720,0.27
The Magicians,3,"Mar. 14, 2018",0.702,0.28
The Magicians,3,"Mar. 21, 2018",0.766,0.29
The Magicians,3,"Mar. 28, 2018",0.732,0.28
The Magicians,3,"Apr. 4, 2018",0.659,0.24
The Magicians,4,"Jan. 23, 2019",0.611,0.19
The Magicians,4,"Jan. 30, 2019",0.534,0.19
The Magicians,4,"Feb. 6, 2019",0.615,0.20
The Magicians,4,"Feb. 13, 2019",0.573,0.20
The Magicians,4,"Feb. 20, 2019",0.531,0.21
The Magicians,4,"Feb. 27, 2019",0.534,0.17
The Magicians,4,"Mar. 6, 2019",0.517,0.18
The Magicians,4,"Mar. 13, 2019",0.534,0.19
The Magicians,4,"Mar. 20, 2019",0.498,0.16
The Magicians,4,"Mar. 27, 2019",0.515,0.19
The Magicians,4,"Apr. 3, 2019",0.505,0.16
The Magicians,4,"Apr. 10, 2019",0.560,0.20
The Magicians,4,"Apr. 17, 2019",0.501,0.21
The Magicians,5,"Jan. 15, 2020",0.429,0.15
The Magicians,5,"Jan. 22, 2020",0.355,0.09
The Magicians,5,"Jan. 29, 2020",0.374,0.11
The Magicians,5,"Feb. 5, 2020",0.338,0.14
The Magicians,5,"Feb. 12, 2020",0.335,0.09
The Magicians,5,"Feb. 12, 2020",0.261,0.07
The Magicians,5,"Feb. 19, 2020",0.328,0.10
The Magicians,5,"Feb. 26, 2020",0.308,0.10
The Magicians,5,"Mar. 4, 2020",0.376,0.12
The Magicians,5,"Mar. 11, 2020",0.308,0.07
The Magicians,5,"Mar. 18, 2020",0.369,0.14
The Magicians,5,"Mar. 25, 2020",0.379,0.12
The Magicians,5,"Apr. 1, 2020",0.432,0.14
Better Things,1,"Sept. 8, 2016",0.671,0.31
Better Things,1,"Sept. 15, 2016",0.570,0.21
Better Things,1,"Sept. 22, 2016",0.382,0.16
Better Things,1,"Sept. 29, 2016",0.455,0.15
Better Things,1,"Oct. 6, 2016",0.439,0.20
Better Things,1,"Oct. 13, 2016",0.406,0.15
Better Things,1,"Oct. 20, 2016",0.460,0.22
Better Things,1,"Oct. 27, 2016",0.381,0.16
Better Things,1,"Nov. 3, 2016",0.426,0.15
Better Things,1,"Nov. 10, 2016",0.547,0.24
Better Things,2,"Sept. 14, 2017",0.528,0.17
Better Things,2,"Sept. 21, 2017",0.492,0.19
Better Things,2,"Sept. 28, 2017",0.498,0.17
Better Things,2,"Oct. 5, 2017",0.377,0.11
Better Things,2,"Oct. 12, 2017",0.520,0.18
Better Things,2,"Oct. 19, 2017",0.502,0.16
Better Things,2,"Oct. 26, 2017",0.414,0.12
Better Things,2,"Nov. 2, 2017",0.426,0.13
Better Things,2,"Nov. 9, 2017",0.499,0.17
Better Things,2,"Nov. 16, 2017",0.336,0.12
Better Things,3,"Feb. 28, 2019",0.450,0.19
Better Things,3,"Mar. 7, 2019",0.353,0.11
Better Things,3,"Mar. 14, 2019",0.337,0.13
Better Things,3,"Mar. 21, 2019",0.313,0.10
Better Things,3,"Mar. 28, 2019",0.365,0.13
Better Things,3,"Apr. 4, 2019",0.418,0.15
Better Things,3,"Apr. 11, 2019",0.274,0.08
Better Things,3,"Apr. 18, 2019",0.364,0.13
Better Things,3,"Apr. 25, 2019",0.256,0.08
Better Things,3,"May 2, 2019",0.342,0.13
Better Things,3,"May 9, 2019",0.242,0.08
Better Things,3,"May 16, 2019",0.289,0.09
Better Things,4,"Mar. 5, 2020",0.302,0.10
Better Things,4,"Mar. 5, 2020",0.163,0.06
Better Things,4,"Mar. 12, 2020",0.496,0.17
Better Things,4,"Mar. 19, 2020",0.268,0.11
Better Things,4,"Mar. 26, 2020",0.351,0.14
Better Things,4,"Apr. 2, 2020",0.283,0.12
Better Things,4,"Apr. 9, 2020",0.287,0.11
Better Things,4,"Apr. 16, 2020",0.353,0.13
Better Things,4,"Apr. 23, 2020",0.251,0.08
Better Things,4,"Apr. 30, 2020",0.186,0.06
Dominion,1,"Jun. 19, 2014",1.961,0.63
Dominion,1,"Jun. 26, 2014",1.446,0.40
Dominion,1,"Jul. 3, 2014",1.692,0.44
Dominion,1,"Jul. 10, 2014",1.620,0.45
Dominion,1,"Jul. 17, 2014",1.583,0.5
Dominion,1,"Jul. 24, 2014",1.540,0.4
Dominion,1,"Jul. 31, 2014",1.492,0.45
Dominion,1,"Aug. 7, 2014",1.537,0.48
Dominion,2,"Jul. 9, 2015",1.059,0.26
Dominion,2,"Jul. 16, 2015",1.020,0.30
Dominion,2,"Jul. 23, 2015",0.983,0.31
Dominion,2,"Jul. 30, 2015",1.048,0.33
Dominion,2,"Aug. 6, 2015",0.941,0.27
Dominion,2,"Aug. 13, 2015",0.919,0.23
Dominion,2,"Aug. 20, 2015",0.837,0.26
Dominion,2,"Aug. 27, 2015",0.749,0.21
Dominion,2,"Sept. 3, 2015",0.771,0.17
Dominion,2,"Sept. 10, 2015",0.836,0.28
Dominion,2,"Sept. 17, 2015",0.641,0.16
Dominion,2,"Sept. 24, 2015",0.769,0.25
Dominion,2,"Oct. 1, 2015",0.721,0.20
Franklin & Bash,1,"Jun. 1, 2011",2.746,0.9
Franklin & Bash,1,"Jun. 8, 2011",2.608,0.8
Franklin & Bash,1,"Jun. 15, 2011",2.880,0.9
Franklin & Bash,1,"Jun. 22, 2011",2.761,1.0
Franklin & Bash,1,"Jun. 29, 2011",2.541,0.8
Franklin & Bash,1,"Jul. 6, 2013",2.580,0.9
Franklin & Bash,1,"Jul. 13, 2013",2.547,0.7
Franklin & Bash,1,"Jul. 20, 2013",2.341,0.8
Franklin & Bash,1,"Jul. 27, 2013",2.844,0.9
Franklin & Bash,1,"Aug. 3, 2011",2.544,0.8
Franklin & Bash,2,"Jun. 5, 2012",3.070,0.9
Franklin & Bash,2,"Jun. 12, 2012",2.891,0.7
Franklin & Bash,2,"Jun. 19, 2012",2.952,0.7
Franklin & Bash,2,"Jun. 26, 2012",3.571,1.0
Franklin & Bash,2,"Jul. 3, 2012",3.195,0.8
Franklin & Bash,2,"Jul. 10, 2012",2.720,0.9
Franklin & Bash,2,"Jul. 17, 2012",2.876,0.7
Franklin & Bash,2,"Jul. 24, 2012",2.538,0.7
Franklin & Bash,2,"Jul. 31, 2012",2.164,0.6
Franklin & Bash,2,"Aug. 14, 2012",2.824,0.9
Franklin & Bash,3,"Jun. 19, 2013",1.966,0.6
Franklin & Bash,3,"Jun. 26, 2013",2.198,0.6
Franklin & Bash,3,"Jul. 3, 2013",2.185,0.6
Franklin & Bash,3,"Jul. 10, 2013",2.177,0.6
Franklin & Bash,3,"Jul. 17, 2013",1.961,0.6
Franklin & Bash,3,"Jul. 24, 2013",2.139,0.7
Franklin & Bash,3,"Jul. 31, 2013",2.302,0.7
Franklin & Bash,3,"Aug. 7, 2013",2.057,0.6
Franklin & Bash,3,"Aug. 14, 2013",2.165,0.6
Franklin & Bash,4,"Aug. 13, 2014",1.246,0.28
Franklin & Bash,4,"Aug. 20, 2014",1.201,0.35
Franklin & Bash,4,"Aug. 27, 2014",1.289,0.32
Franklin & Bash,4,"Sept. 3, 2014",1.249,0.33
Franklin & Bash,4,"Sept. 10, 2014",1.266,0.32
Franklin & Bash,4,"Sept. 17, 2014",1.520,0.40
Franklin & Bash,4,"Sept. 24, 2014",1.168,0.26
Franklin & Bash,4,"Oct. 1, 2014",0.793,0.25
Franklin & Bash,4,"Oct. 15, 2014",0.876,0.25
Franklin & Bash,4,"Oct. 22, 2014",0.975,0.40
Over There,1,"Jul. 27, 2005",4.062,1.8
Over There,1,"Aug. 3, 2005",2.552,1.2
Over There,1,"Aug. 10, 2005",2.507,1.1
Over There,1,"Aug. 17, 2005",2.500,1.2
Over There,1,"Aug. 24, 2005",2.106,0.9
Over There,1,"Aug. 31, 2005",2.239,1.0
Over There,1,"Sept. 7, 2005",1.797,0.8
Over There,1,"Sept. 14, 2005",1.973,1.0
Over There,1,"Sept. 21, 2005",1.484,0.7
Over There,1,"Sept. 28, 2005",1.762,0.8
Over There,1,"Oct. 5, 2005",1.600,0.8
Over There,1,"Oct. 19, 2005",1.569,0.8
Over There,1,"Oct. 26, 2005",1.336,0.7
Horseplayers,1,"Jan. 21, 2014",0.063,0.02
Horseplayers,1,"Jan. 28, 2014",0.024,0.01
Horseplayers,1,"Feb. 4, 2014",0.048,0.02
Horseplayers,1,"Feb. 25, 2014",0.045,0.02
Horseplayers,1,"Mar. 5, 2014",0.039,0.00
Horseplayers,1,"Mar. 12, 2014",0.053,0.02
Horseplayers,1,"Mar. 19, 2014",0.057,0.03
Horseplayers,1,"Mar. 26, 2014",0.049,0.00
Horseplayers,1,"Apr. 2, 2014",0.020,0.01
Horseplayers,1,"Apr. 9, 2014",0.085,0.04
Into the Badlands,1,"Nov. 15, 2015",6.390,3.15
Into the Badlands,1,"Nov. 22, 2015",4.828,2.27
Into the Badlands,1,"Nov. 29, 2015",5.166,2.46
Into the Badlands,1,"Dec. 6, 2015",2.424,1.06
Into the Badlands,1,"Dec. 13, 2015",2.209,0.96
Into the Badlands,1,"Dec. 20, 2015",2.159,0.83
Into the Badlands,2,"Mar. 19, 2017",3.435,1.42
Into the Badlands,2,"Mar. 26, 2017",3.413,1.49
Into the Badlands,2,"Apr. 2, 2017",3.113,1.36
Into the Badlands,2,"Apr. 9, 2017",1.574,0.58
Into the Badlands,2,"Apr. 16, 2017",1.416,0.52
Into the Badlands,2,"Apr. 23, 2017",1.311,0.48
Into the Badlands,2,"Apr. 30, 2017",1.415,0.51
Into the Badlands,2,"May 7, 2017",1.293,0.50
Into the Badlands,2,"May 14, 2017",1.562,0.56
Into the Badlands,2,"May 21, 2017",1.369,0.47
Into the Badlands,3,"Apr. 22, 2018",1.349,0.45
Into the Badlands,3,"Apr. 29, 2018",1.265,0.44
Into the Badlands,3,"May 6, 2018",0.968,0.33
Into the Badlands,3,"May 13, 2018",1.199,0.39
Into the Badlands,3,"May 20, 2018",1.078,0.38
Into the Badlands,3,"Jun. 3, 2018",0.921,0.26
Into the Badlands,3,"Jun. 10, 2018",1.056,0.32
Into the Badlands,3,"Jun. 17, 2018",0.894,0.29
Into the Badlands,3,"Mar. 24, 2019",1.249,0.42
Into the Badlands,3,"Mar. 25, 2019",0.591,0.17
Into the Badlands,3,"Apr. 1, 2019",0.609,0.17
Into the Badlands,3,"Apr. 8, 2019",0.413,0.14
Into the Badlands,3,"Apr. 15, 2019",0.400,0.10
Into the Badlands,3,"Apr. 22, 2019",0.653,0.24
Into the Badlands,3,"Apr. 29, 2019",0.503,0.16
Into the Badlands,3,"May 6, 2019",0.463,0.13
Men of a Certain Age,1,"Dec. 7, 2009",5.397,1.6
Men of a Certain Age,1,"Dec. 14, 2009",4.425,1.3
Men of a Certain Age,1,"Dec. 21, 2009",3.696,1.1
Men of a Certain Age,1,"Dec. 28, 2009",3.123,0.9
Men of a Certain Age,1,"Jan. 4, 2010",3.096,1.0
Men of a Certain Age,1,"Jan. 11, 2010",2.868,1.0
Men of a Certain Age,1,"Jan. 25, 2010",2.346,0.8
Men of a Certain Age,1,"Feb. 1, 2010",2.259,0.6
Men of a Certain Age,1,"Feb. 15, 2010",2.068,0.6
Men of a Certain Age,1,"Feb. 22, 2010",2.642,0.9
Men of a Certain Age,2,"Dec. 6, 2010",2.404,0.6
Men of a Certain Age,2,"Dec. 13, 2010",2.197,0.5
Men of a Certain Age,2,"Dec. 20, 2010",2.314,0.5
Men of a Certain Age,2,"Dec. 27, 2010",2.318,0.5
Men of a Certain Age,2,"Jan. 3, 2011",2.110,0.4
Men of a Certain Age,2,"Jan. 10, 2011",1.630,0.5
Men of a Certain Age,2,"Jun. 1, 2011",1.846,0.4
Men of a Certain Age,2,"Jun. 8, 2011",1.347,0.4
Men of a Certain Age,2,"Jun. 15, 2011",1.438,0.4
Men of a Certain Age,2,"Jun. 22, 2011",1.598,0.4
Men of a Certain Age,2,"Jun. 29, 2011",1.502,0.3
Men of a Certain Age,2,"Jul. 6, 2011",1.786,0.4
In The Long Run,1,"Nov. 1, 2019",0.022,0.00
In The Long Run,1,"Nov. 1, 2019",0.013,0.00
In The Long Run,1,"Nov. 8, 2019",0.035,0.01
In The Long Run,1,"Nov. 8, 2019",0.034,0.01
In The Long Run,1,"Nov. 15, 2019",0.029,0.01
In The Long Run,1,"Nov. 15, 2019",0.020,0.01
In The Long Run,2,"Dec. 6, 2019",0.028,0.01
In The Long Run,2,"Dec. 6, 2019",0.038,0.02
In The Long Run,2,"Dec. 13, 2019",0.030,0.01
In The Long Run,2,"Dec. 13, 2019",0.022,0.01
In The Long Run,2,"Dec. 20, 2019",0.014,0.01
In The Long Run,2,"Dec. 20, 2019",0.016,0.01
In The Long Run,2,"Dec. 20, 2019",0.018,0.01
In The Long Run,3,"Jan. 3, 2021",0.177,0.05
In The Long Run,3,"Jan. 10, 2021",0.066,0.02
In The Long Run,3,"Jan. 17, 2021",0.041,0.02
In The Long Run,3,"Jan. 24, 2021",0.059,0.03
In The Long Run,3,"Jan. 31, 2021",0.048,0.00
In The Long Run,3,"Feb. 7, 2021",0.017,0.01
Atlantis,1,"Nov. 23, 2013",0.631,0.26
Atlantis,1,"Nov. 30, 2013",0.291,0.08
Atlantis,1,"Dec. 7, 2013",0.277,0.08
Atlantis,1,"Dec. 14, 2013",0.412,0.07
Atlantis,1,"Dec. 21, 2013",0.301,0.10
Atlantis,1,"Dec. 28, 2013",0.368,0.09
Atlantis,1,"Jan. 4, 2014",0.279,0.08
Atlantis,1,"Jan. 11, 2014",0.219,0.04
Atlantis,1,"Jan. 18, 2014",0.302,0.10
Atlantis,1,"Jan. 25, 2014",0.263,0.09
Atlantis,1,"Feb. 1, 2014",0.207,0.04
Atlantis,1,"Feb. 8, 2014",0.189,0.06
Atlantis,1,"Feb. 15, 2014",0.306,0.09
Atlantis,2,"Nov. 15, 2014",0.390,0.09
Atlantis,2,"Nov. 22, 2014",0.336,0.08
Atlantis,2,"Nov. 29, 2014",0.278,0.06
Atlantis,2,"Dec. 6, 2014",0.207,0.04
Atlantis,2,"Dec. 13, 2014",0.150,0.04
Atlantis,2,"Dec. 20, 2014",0.258,0.08
Atlantis,2,"Jun. 27, 2015",0.148,0.03
Atlantis,2,"Jul. 4, 2015",0.152,0.07
Atlantis,2,"Jul. 11, 2015",0.189,0.04
Atlantis,2,"Jul. 18, 2015",0.085,0.02
Atlantis,2,"Jul. 25, 2015",0.117,0.02
Atlantis,2,"Aug. 1, 2015",0.166,0.02
Atlantis,2,"Aug. 8, 2015",0.114,0.02
Gravity,1,"Apr. 23, 2010",0.123,0.1
Gravity,1,"Apr. 30, 2010",0.190,0.08
Gravity,1,"May 7, 2010",0.088,0.03
Gravity,1,"May 14, 2010",0.146,0.1
Gravity,1,"May 21, 2010",0.111,0.1
Gravity,1,"May 28, 2010",0.029,0.0
Gravity,1,"Jun. 4, 2010",0.040,0.0
Gravity,1,"Jun. 11, 2010",0.084,0.03
Gravity,1,"Jun. 18, 2010",0.107,0.0
Gravity,1,"Jun. 25, 2010",0.054,0.0
The Expanse,1,"Dec. 14, 2015",1.189,0.33
The Expanse,1,"Dec. 15, 2015",0.854,0.27
The Expanse,1,"Dec. 22, 2015",0.676,0.15
The Expanse,1,"Dec. 29, 2015",0.633,0.17
The Expanse,1,"Jan. 5, 2016",0.631,0.22
The Expanse,1,"Jan. 12, 2016",0.713,0.22
The Expanse,1,"Jan. 19, 2016",0.502,0.17
The Expanse,1,"Jan. 26, 2016",0.721,0.25
The Expanse,1,"Feb. 2, 2016",0.555,0.20
The Expanse,1,"Feb. 2, 2016",0.555,0.20
The Expanse,2,"Feb. 1, 2017",0.700,0.25
The Expanse,2,"Feb. 1, 2017",0.700,0.25
The Expanse,2,"Feb. 8, 2017",0.587,0.18
The Expanse,2,"Feb. 15, 2017",0.534,0.14
The Expanse,2,"Feb. 22, 2017",0.600,0.20
The Expanse,2,"Mar. 1, 2017",0.625,0.22
The Expanse,2,"Mar. 8, 2017",0.451,0.15
The Expanse,2,"Mar. 15, 2017",0.460,0.13
The Expanse,2,"Mar. 22, 2017",0.471,0.11
The Expanse,2,"Mar. 29, 2017",0.573,0.17
The Expanse,2,"Apr. 5, 2017",0.504,0.16
The Expanse,2,"Apr. 12, 2017",0.515,0.15
The Expanse,2,"Apr. 19, 2017",0.581,0.18
The Expanse,3,"Apr. 11, 2018",0.653,0.21
The Expanse,3,"Apr. 18, 2018",0.500,0.15
The Expanse,3,"Apr. 25, 2018",0.553,0.18
The Expanse,3,"May 2, 2018",0.590,0.16
The Expanse,3,"May 9, 2018",0.555,0.18
The Expanse,3,"May 16, 2018",0.609,0.19
The Expanse,3,"May 23, 2018",0.625,0.17
The Expanse,3,"May 30, 2018",0.609,0.20
The Expanse,3,"Jun. 6, 2018",0.568,0.16
The Expanse,3,"Jun. 13, 2018",0.615,0.17
The Expanse,3,"Jun. 20, 2018",0.670,0.18
The Expanse,3,"Jun. 27, 2018",0.730,0.19
The Expanse,3,"Jun. 27, 2018",0.606,0.14
The Spoils of Babylon,1,"Jan. 9, 2014",0.514,0.20
The Spoils of Babylon,1,"Jan. 16, 2014",0.173,0.07
The Spoils of Babylon,1,"Jan. 23, 2014",0.132,0.04
The Spoils of Babylon,1,"Jan. 30, 2014",0.151,0.07
The Spoils of Babylon,1,"Feb. 6, 2014",0.117,0.05
The Spoils of Babylon,2,"Jul. 8, 2015",0.138,0.05
The Spoils of Babylon,2,"Jul. 8, 2015",0.113,0.06
The Spoils of Babylon,2,"Jul. 9, 2015",0.056,0.02
The Spoils of Babylon,2,"Jul. 9, 2015",0.028,0.01
The Spoils of Babylon,2,"Jul. 10, 2015",0.082,0.02
The Spoils of Babylon,2,"Jul. 10, 2015",0.078,0.01
The Chi,1,"Jan. 7, 2018",0.533,0.19
The Chi,1,"Jan. 14, 2018",0.570,0.20
The Chi,1,"Jan. 21, 2018",0.707,0.24
The Chi,1,"Jan. 28, 2018",0.751,0.28
The Chi,1,"Feb. 11, 2018",0.679,0.24
The Chi,1,"Feb. 18, 2018",0.673,0.24
The Chi,1,"Feb. 25, 2018",0.791,0.28
The Chi,1,"Mar. 4, 2018",0.675,0.23
The Chi,1,"Mar. 11, 2018",0.797,0.25
The Chi,1,"Mar. 18, 2018",0.872,0.32
The Chi,2,"Apr. 7, 2019",0.454,0.13
The Chi,2,"Apr. 14, 2019",0.375,0.11
The Chi,2,"Apr. 21, 2019",0.339,0.12
The Chi,2,"Apr. 28, 2019",0.392,0.11
The Chi,2,"May 5, 2019",0.439,0.18
The Chi,2,"May 12, 2019",0.397,0.13
The Chi,2,"May 26, 2019",0.350,0.11
The Chi,2,"Jun. 2, 2019",0.328,0.12
The Chi,2,"Jun. 9, 2019",0.427,0.14
The Chi,2,"Jun. 16, 2019",0.474,0.16
The Chi,3,"Jun. 21, 2020",0.348,0.11
The Chi,3,"Jun. 28, 2020",0.347,0.11
The Chi,3,"Jul. 5, 2020",0.351,0.10
The Chi,3,"Jul. 12, 2020",0.367,0.12
The Chi,3,"Jul. 19, 2020",0.438,0.15
The Chi,3,"Jul. 26, 2020",0.525,0.18
The Chi,3,"Aug. 2, 2020",0.415,0.15
The Chi,3,"Aug. 9, 2020",0.430,0.14
The Chi,3,"Aug. 16, 2020",0.384,0.13
The Chi,3,"Aug. 23, 2020",0.382,0.10
The Chi,4,"May 23, 2021",0.335,0.08
The Chi,4,"May 30, 2021",0.404,0.11
The Chi,4,"Jun. 6, 2021",0.310,0.07
The Chi,4,"Jun. 13, 2021",0.284,0.07
The Chi,4,"Jun. 20, 2021",0.235,0.06
The Chi,4,"Jun. 27, 2021",0.284,0.08
The Chi,4,"Jul. 11, 2021",0.053,0.05
The Chi,4,"Jul. 18, 2021",0.324,0.07
The Chi,4,"Jul. 25, 2021",0.258,0.08
The Chi,4,"Aug. 1, 2021",0.289,0.08
Intruders,1,"Aug. 23, 2014",0.796,0.23
Intruders,1,"Aug. 30, 2014",0.366,0.08
Intruders,1,"Sept. 6, 2014",0.293,0.06
Intruders,1,"Sept. 13, 2014",0.306,0.06
Intruders,1,"Sept. 20, 2014",0.311,0.08
Intruders,1,"Sept. 27, 2014",0.238,0.07
Intruders,1,"Oct. 4, 2014",0.243,0.09
Intruders,1,"Oct. 11, 2014",0.267,0.06
Battlestar Galactica Miniseries,1,"Dec. 8, 2003",3.9,-
Battlestar Galactica Miniseries,1,"Dec. 9, 2003",4.46,-
Battlestar Galactica,1,"Jan. 14, 2005",3.101,1.4
Battlestar Galactica,1,"Jan. 21, 2005",2.861,1.4
Battlestar Galactica,1,"Jan. 28, 2005",3.021,1.3
Battlestar Galactica,1,"Feb. 4, 2005",3.206,1.6
Battlestar Galactica,1,"Feb. 11, 2005",2.905,1.2
Battlestar Galactica,1,"Feb. 18, 2005",2.593,1.2
Battlestar Galactica,1,"Feb. 25, 2005",2.884,1.4
Battlestar Galactica,1,"Mar. 4, 2005",2.567,1.3
Battlestar Galactica,1,"Mar. 11, 2005",2.645,1.4
Battlestar Galactica,1,"Mar. 18, 2005",2.796,1.3
Battlestar Galactica,1,"Mar. 25, 2005",2.714,1.2
Battlestar Galactica,1,"Apr. 1, 2005",2.835,1.3
Battlestar Galactica,2,"Jul. 15, 2005",3.053,1.4
Battlestar Galactica,2,"Jul. 22, 2005",2.290,1.1
Battlestar Galactica,2,"Jul. 29, 2005",2.399,1.1
Battlestar Galactica,2,"Aug. 5, 2005",2.256,1.1
Battlestar Galactica,2,"Aug. 12, 2005",2.370,1.1
Battlestar Galactica,2,"Aug. 19, 2005",2.402,1.2
Battlestar Galactica,2,"Aug. 26, 2005",2.458,1.2
Battlestar Galactica,2,"Sept. 9, 2005",2.435,1.2
Battlestar Galactica,2,"Sept. 16, 2005",2.302,1.1
Battlestar Galactica,2,"Sept. 23, 2005",2.253,1.1
Battlestar Galactica,2,"Jan. 6, 2006",2.385,1.2
Battlestar Galactica,2,"Jan. 13, 2006",2.271,1.1
Battlestar Galactica,2,"Jan. 20, 2006",2.107,1.0
Battlestar Galactica,2,"Jan. 27, 2006",1.959,0.9
Battlestar Galactica,2,"Feb. 3, 2006",2.170,1.0
Battlestar Galactica,2,"Feb. 10, 2006",2.114,1.0
Battlestar Galactica,2,"Feb. 17, 2006",1.895,0.8
Battlestar Galactica,2,"Feb. 24, 2006",2.041,0.9
Battlestar Galactica,2,"Mar. 3, 2006",2.063,0.9
Battlestar Galactica,2,"Mar. 10, 2006",2.108,1.0
Battlestar Galactica,3,"Oct. 6, 2006",2.163,1.0
Battlestar Galactica,3,"Oct. 13, 2006",2.085,1.0
Battlestar Galactica,3,"Oct. 20, 2006",1.899,0.8
Battlestar Galactica,3,"Oct. 27, 2006",1.752,0.9
Battlestar Galactica,3,"Nov. 3, 2006",1.884,0.9
Battlestar Galactica,3,"Nov. 10, 2006",1.987,0.9
Battlestar Galactica,3,"Nov. 17, 2006",1.669,0.8
Battlestar Galactica,3,"Dec. 1, 2006",1.768,0.8
Battlestar Galactica,3,"Dec. 8, 2006",1.604,0.7
Battlestar Galactica,3,"Dec. 15, 2006",1.661,0.6
Battlestar Galactica,3,"Jan. 21, 2007",1.802,1.0
Battlestar Galactica,3,"Jan. 28, 2007",2.050,0.9
Battlestar Galactica,3,"Feb. 11, 2007",1.508,0.8
Battlestar Galactica,3,"Feb. 18, 2007",1.546,0.7
Battlestar Galactica,3,"Feb. 25, 2007",1.540,0.8
Battlestar Galactica,3,"Mar. 4, 2007",1.426,0.8
Battlestar Galactica,3,"Mar. 11, 2007",1.545,0.8
Battlestar Galactica,3,"Mar. 18, 2007",1.707,0.8
Battlestar Galactica,3,"Mar. 25, 2007",1.516,0.8
Battlestar Galactica,4,"Nov. 24, 2007",1.723,0.8
Battlestar Galactica,4,"Apr. 4, 2008",2.138,1.1
Battlestar Galactica,4,"Apr. 11, 2008",1.801,0.9
Battlestar Galactica,4,"Apr. 18, 2008",1.741,0.8
Battlestar Galactica,4,"Apr. 25, 2008",1.648,0.9
Battlestar Galactica,4,"May 2, 2008",1.634,0.8
Battlestar Galactica,4,"May 9, 2008",1.514,0.7
Battlestar Galactica,4,"May 16, 2008",1.544,0.8
Battlestar Galactica,4,"May 30, 2008",1.611,0.8
Battlestar Galactica,4,"Jun. 6, 2008",1.748,0.8
Battlestar Galactica,4,"Jun. 13, 2008",1.810,0.9
Battlestar Galactica,4,"Jan. 16, 2009",2.112,1.0
Battlestar Galactica,4,"Jan. 23, 2009",1.717,0.8
Battlestar Galactica,4,"Jan. 30, 2009",1.560,0.7
Battlestar Galactica,4,"Feb. 6, 2009",1.767,0.9
Battlestar Galactica,4,"Feb. 13, 2009",1.738,0.8
Battlestar Galactica,4,"Feb. 20, 2009",1.528,0.7
Battlestar Galactica,4,"Feb. 27, 2009",1.657,0.8
Battlestar Galactica,4,"Mar. 6, 2009",1.568,0.7
Battlestar Galactica,4,"Mar. 13, 2009",1.661,0.8
Battlestar Galactica,4,"Mar. 20, 2009",2.364,1.1
Battlestar Galactica,4,"Jan. 10, 2010",1.023,0.4
Melissa & Joey,1,"Aug. 17, 2010",2.145,1.0
Melissa & Joey,1,"Aug. 17, 2010",2.184,0.9
Melissa & Joey,1,"Aug. 24, 2010",1.922,0.9
Melissa & Joey,1,"Aug. 31, 2010",1.600,0.7
Melissa & Joey,1,"Sept. 7, 2010",1.640,0.7
Melissa & Joey,1,"Sept. 14, 2010",1.399,0.7
Melissa & Joey,1,"Sept. 21, 2010",1.324,0.7
Melissa & Joey,1,"Sept. 28, 2010",0.961,0.4
Melissa & Joey,1,"Oct. 5, 2010",0.897,0.4
Melissa & Joey,1,"Oct. 12, 2010",1.284,0.5
Melissa & Joey,1,"Oct. 19, 2010",1.524,0.6
Melissa & Joey,1,"Oct. 26, 2010",1.383,0.6
Melissa & Joey,1,"Jun. 29, 2011",1.540,0.6
Melissa & Joey,1,"Jul. 6, 2011",1.080,0.4
Melissa & Joey,1,"Jul. 13, 2011",1.028,0.4
Melissa & Joey,1,"Jul. 20, 2011",0.975,0.4
Melissa & Joey,1,"Jul. 27, 2011",0.883,0.4
Melissa & Joey,1,"Aug. 3, 2011",1.024,0.4
Melissa & Joey,1,"Aug. 3, 2011",1.048,0.4
Melissa & Joey,1,"Aug. 10, 2011",1.043,0.5
Melissa & Joey,1,"Aug. 17, 2011",0.979,0.4
Melissa & Joey,1,"Aug. 17, 2011",1.144,0.5
Melissa & Joey,1,"Aug. 24, 2011",1.022,0.5
Melissa & Joey,1,"Aug. 24, 2011",1.065,0.5
Melissa & Joey,1,"Aug. 31, 2011",0.889,0.4
Melissa & Joey,1,"Aug. 31, 2011",0.961,0.4
Melissa & Joey,1,"Sept. 7, 2011",0.942,0.4
Melissa & Joey,1,"Sept. 7, 2011",0.832,0.4
Melissa & Joey,1,"Sept. 14, 2011",1.269,0.7
Melissa & Joey,1,"Sept. 14, 2011",1.394,0.7
Melissa & Joey,2,"May 30, 2012",1.208,0.7
Melissa & Joey,2,"May 30, 2012",1.252,0.7
Melissa & Joey,2,"Jun. 6, 2012",1.070,0.5
Melissa & Joey,2,"Jun. 6, 2012",1.077,0.5
Melissa & Joey,2,"Jun. 13, 2012",1.110,0.5
Melissa & Joey,2,"Jun. 20, 2012",1.491,0.7
Melissa & Joey,2,"Jun. 27, 2012",1.423,0.7
Melissa & Joey,2,"Jul. 11, 2012",1.210,0.6
Melissa & Joey,2,"Jul. 18, 2012",1.008,0.5
Melissa & Joey,2,"Jul. 25, 2012",1.245,0.6
Melissa & Joey,2,"Aug. 1, 2012",1.232,0.5
Melissa & Joey,2,"Aug. 8, 2012",1.092,0.5
Melissa & Joey,2,"Aug. 15, 2012",1.629,0.6
Melissa & Joey,2,"Aug. 22, 2012",1.218,0.5
Melissa & Joey,2,"Aug. 29, 2012",1.500,0.7
Melissa & Joey,3,"May 29, 2013",0.966,0.5
Melissa & Joey,3,"Jun. 5, 2013",0.815,0.3
Melissa & Joey,3,"Jun. 12, 2013",1.017,0.5
Melissa & Joey,3,"Jun. 12, 2013",0.758,0.3
Melissa & Joey,3,"Jun. 19, 2013",1.046,0.5
Melissa & Joey,3,"Jun. 26, 2013",0.981,0.5
Melissa & Joey,3,"Jul. 10, 2013",0.807,0.4
Melissa & Joey,3,"Jul. 17, 2013",0.907,0.5
Melissa & Joey,3,"Jul. 24, 2013",0.963,0.4
Melissa & Joey,3,"Jul. 31, 2013",0.996,0.4
Melissa & Joey,3,"Aug. 7, 2013",0.913,0.5
Melissa & Joey,3,"Aug. 14, 2013",0.742,0.4
Melissa & Joey,3,"Aug. 21, 2013",0.851,0.5
Melissa & Joey,3,"Aug. 28, 2013",0.909,0.5
Melissa & Joey,3,"Sept. 4, 2013",1.125,0.6
Melissa & Joey,3,"Dec. 11, 2013",1.223,0.58
Melissa & Joey,3,"Jan. 15, 2014",1.252,0.60
Melissa & Joey,3,"Jan. 22, 2014",1.211,0.55
Melissa & Joey,3,"Jan. 29, 2014",1.360,0.66
Melissa & Joey,3,"Feb. 5, 2014",1.130,0.55
Melissa & Joey,3,"Feb. 12, 2014",1.067,0.49
Melissa & Joey,3,"Feb. 26, 2014",0.895,0.46
Melissa & Joey,3,"Mar. 5, 2014",0.992,0.45
Melissa & Joey,3,"Mar. 12, 2014",0.863,0.38
Melissa & Joey,3,"Mar. 19, 2014",0.985,0.38
Melissa & Joey,3,"Mar. 26, 2014",1.103,0.52
Melissa & Joey,3,"Apr. 2, 2014",0.913,0.44
Melissa & Joey,3,"Apr. 9, 2014",0.950,0.43
Melissa & Joey,3,"Apr. 16, 2014",0.997,0.46
Melissa & Joey,3,"Apr. 23, 2014",0.873,0.43
Melissa & Joey,3,"Apr. 30, 2014",0.896,0.40
Melissa & Joey,3,"May 7, 2014",0.824,0.35
Melissa & Joey,3,"May 14, 2014",0.890,0.38
Melissa & Joey,3,"May 28, 2014",1.022,0.48
Melissa & Joey,3,"Jun. 4, 2014",0.977,0.47
Melissa & Joey,3,"Jun. 11, 2014",0.957,0.39
Melissa & Joey,3,"Jun. 18, 2014",1.288,0.62
Melissa & Joey,4,"Oct. 22, 2014",1.185,0.57
Melissa & Joey,4,"Dec. 10, 2014",1.003,0.46
Melissa & Joey,4,"Jan. 14, 2015",0.945,0.48
Melissa & Joey,4,"Jan. 21, 2015",0.782,0.41
Melissa & Joey,4,"Jan. 28, 2015",0.984,0.49
Melissa & Joey,4,"Feb. 4, 2015",0.745,0.39
Melissa & Joey,4,"Feb. 11, 2015",0.610,0.33
Melissa & Joey,4,"Feb.18, 2015",0.680,0.37
Melissa & Joey,4,"Feb. 25, 2015",0.820,0.43
Melissa & Joey,4,"Mar. 4, 2015",0.735,0.38
Melissa & Joey,4,"Mar. 11, 2015",0.740,0.38
Melissa & Joey,4,"Mar. 18, 2015",0.698,0.34
Melissa & Joey,4,"Jun. 3, 2015",0.598,0.26
Melissa & Joey,4,"Jun. 10, 2015",0.614,0.31
Melissa & Joey,4,"Jun. 17, 2015",0.728,0.37
Melissa & Joey,4,"Jun. 24, 2015",0.645,0.32
Melissa & Joey,4,"Jul. 1, 2015",0.709,0.33
Melissa & Joey,4,"Jul. 8, 2015",0.745,0.32
Melissa & Joey,4,"Jul. 15, 2015",0.627,0.33
Melissa & Joey,4,"Jul. 22, 2015",0.656,0.27
Melissa & Joey,4,"Jul. 29, 2015",0.839,0.37
Melissa & Joey,4,"Aug. 5, 2015",0.935,0.41
Ravenswood,1,"Oct. 22, 2013",2.116,0.90
Ravenswood,1,"Oct. 29, 2013",1.100,0.48
Ravenswood,1,"Nov. 5, 2013",1.029,0.43
Ravenswood,1,"Nov. 12, 2013",1.070,0.41
Ravenswood,1,"Nov. 19, 2013",1.107,0.44
Ravenswood,1,"Jan. 7, 2014",1.691,0.66
Ravenswood,1,"Jan. 14, 2014",1.128,0.45
Ravenswood,1,"Jan. 21, 2014",1.229,0.53
Ravenswood,1,"Jan. 28, 2014",1.050,0.40
Ravenswood,1,"Feb. 4, 2014",1.394,0.51
Spartacus,Sand),"Jan. 22, 2010",0.659,0.3/1
Spartacus,Sand),"Jan. 29, 2010",0.773,0.4/1
Spartacus,Sand),"Feb. 5, 2010",0.858,0.4/1
Spartacus,Sand),"Feb. 12, 2010",0.662,0.3/1
Spartacus,Sand),"Feb. 19, 2010",0.846,0.4/1
Spartacus,Sand),"Feb. 26, 2010",1.078,0.4/1
Spartacus,Sand),"Mar. 5, 2010",0.974,0.4/1
Spartacus,Sand),"Mar. 12, 2010",0.875,0.4/1
Spartacus,Sand),"Mar. 19, 2010",1.109,0.4/1
Spartacus,Sand),"Mar. 26, 2010",1.265,0.6/2
Spartacus,Sand),"Apr. 2, 2010",1.130,0.4/1
Spartacus,Sand),"Apr. 9, 2010",1.285,0.6/2
Spartacus,Sand),"Apr. 16, 2010",1.227,0.6/2
Spartacus (Gods of the Arena),0,"Jan. 21, 2011",1.097,0.5/1
Spartacus (Gods of the Arena),0,"Jan. 28, 2011",1.136,0.5/1
Spartacus (Gods of the Arena),0,"Feb. 4, 2011",1.264,0.6/
Spartacus (Gods of the Arena),0,"Feb. 11, 2011",1.112,0.5/1
Spartacus (Gods of the Arena),0,"Feb. 18, 2011",1.384,0.6/2
Spartacus (Gods of the Arena),0,"Feb. 25, 2011",1.724,0.8/2
Spartacus (Vengeance),2,"Jan. 27, 2012",1.391,0.6
Spartacus (Vengeance),2,"Feb. 3, 2012",1.301,0.6
Spartacus (Vengeance),2,"Feb. 10, 2012",1.401,0.7
Spartacus (Vengeance),2,"Feb. 17, 2012",1.471,0.7
Spartacus (Vengeance),2,"Feb. 24, 2012",1.564,0.7
Spartacus (Vengeance),2,"Mar. 2, 2012",1.186,0.6
Spartacus (Vengeance),2,"Mar. 9, 2012",1.246,0.7
Spartacus (Vengeance),2,"Mar. 16, 2012",1.101,0.5
Spartacus (Vengeance),2,"Mar. 23, 2012",1.347,0.7
Spartacus (Vengeance),2,"Mar. 30, 2012",1.450,0.7
Spartacus (War of the Damned),3,"Jan. 25, 2013",0.930,0.3
Spartacus (War of the Damned),3,"Feb. 1, 2013",0.822,0.3
Spartacus (War of the Damned),3,"Feb. 8, 2013",0.949,0.3
Spartacus (War of the Damned),3,"Feb. 22, 2013",0.878,0.3
Spartacus (War of the Damned),3,"Mar. 1, 2013",1.018,0.4
Spartacus (War of the Damned),3,"Mar. 8, 2013",0.874,0.3
Spartacus (War of the Damned),3,"Mar. 15, 2013",1.089,0.5
Spartacus (War of the Damned),3,"Mar. 22, 2013",1.089,0.4
Spartacus (War of the Damned),3,"Apr. 5, 2013",1.068,0.4
Spartacus (War of the Damned),3,"Apr. 12, 2013",1.425,0.6
Party Down,1,"Mar. 20, 2009",0.117,0.07
Party Down,1,"Mar. 27, 2009",0.149,0.05
Party Down,1,"Apr. 3, 2009",0.212,0.12
Party Down,1,"Apr. 10, 2009",0.084,0.03
Party Down,1,"Apr. 17, 2009",0.086,0.04
Party Down,1,"Apr. 24, 2009",0.113,0.03
Party Down,1,"May 1, 2009",0.091,0.03
Party Down,1,"May 8, 2009",0.042,0.02
Party Down,1,"May 15, 2009",0.069,0.01
Party Down,1,"May 22, 2009",0.082,0.04
Party Down,2,"Apr. 23, 2010",0.126,0.1
Party Down,2,"Apr. 30, 2010",0.289,0.1
Party Down,2,"May 7, 2010",0.113,0.06
Party Down,2,"May 14, 2010",0.159,0.1
Party Down,2,"May 21, 2010",0.187,0.1
Party Down,2,"May 28, 2010",0.087,0.0
Party Down,2,"Jun. 4, 2010",0.068,0.0
Party Down,2,"Jun. 11, 2010",0.109,0.04
Party Down,2,"Jun. 18, 2010",0.109,0.1
Party Down,2,"Jun. 25, 2010",0.074,0.0
SMILF,1,"Nov. 5, 2017",0.768,0.25
SMILF,1,"Nov. 12, 2017",0.547,0.18
SMILF,1,"Nov. 19, 2017",0.476,0.14
SMILF,1,"Nov. 26, 2017",0.516,0.15
SMILF,1,"Dec. 3, 2017",0.529,0.17
SMILF,1,"Dec. 10, 2017",0.575,0.20
SMILF,1,"Dec. 17, 2017",0.567,0.20
SMILF,1,"Dec. 31, 2017",0.407,0.10
SMILF,2,"Jan. 20, 2019",0.242,0.06
SMILF,2,"Jan. 27, 2019",0.203,0.07
SMILF,2,"Feb. 10, 2019",0.206,0.06
SMILF,2,"Feb. 17, 2019",0.196,0.05
SMILF,2,"Feb. 24, 2019",0.142,0.04
SMILF,2,"Mar. 3, 2019",0.215,0.07
SMILF,2,"Mar. 10, 2019",0.250,0.07
SMILF,2,"Mar. 17, 2019",0.185,0.06
SMILF,2,"Mar. 24, 2019",0.175,0.05
SMILF,2,"Mar. 31, 2019",0.149,0.03
It’s Always Sunny in Philadelphia,1,"Aug. 4, 2005",1.418,0.7
It’s Always Sunny in Philadelphia,1,"Aug. 11, 2005",0.840,0.4
It’s Always Sunny in Philadelphia,1,"Aug. 16, 2005",1.277,0.6
It’s Always Sunny in Philadelphia,1,"Aug. 23, 2005",1.137,0.6
It’s Always Sunny in Philadelphia,1,"Aug. 30, 2005",1.049,0.5
It’s Always Sunny in Philadelphia,1,"Sept. 6, 2005",1.163,0.6
It’s Always Sunny in Philadelphia,1,"Sept. 13, 2005",1.086,0.6
It’s Always Sunny in Philadelphia,2,"Jun. 29, 2006",1.642,0.8
It’s Always Sunny in Philadelphia,2,"Jun. 29, 2006",1.518,0.7
It’s Always Sunny in Philadelphia,2,"Jul. 6, 2006",1.363,0.7
It’s Always Sunny in Philadelphia,2,"Jul. 6, 2006",1.267,0.7
It’s Always Sunny in Philadelphia,2,"Jul. 13, 2006",1.402,0.7
It’s Always Sunny in Philadelphia,2,"Jul. 20, 2006",1.128,0.5
It’s Always Sunny in Philadelphia,2,"Jul. 27, 2006",1.134,0.6
It’s Always Sunny in Philadelphia,2,"Aug. 3, 2006",0.938,0.5
It’s Always Sunny in Philadelphia,2,"Aug. 10, 2006",1.112,0.7
It’s Always Sunny in Philadelphia,2,"Aug. 17, 2006",0.960,0.5
It’s Always Sunny in Philadelphia,3,"Sept. 13, 2007",2.339,1.4
It’s Always Sunny in Philadelphia,3,"Sept. 13, 2007",1.860,1.1
It’s Always Sunny in Philadelphia,3,"Sept. 20, 2007",1.265,0.7
It’s Always Sunny in Philadelphia,3,"Sept. 20, 2007",1.223,0.7
It’s Always Sunny in Philadelphia,3,"Sept. 27, 2007",0.906,0.5
It’s Always Sunny in Philadelphia,3,"Sept. 27, 2007",0.995,0.6
It’s Always Sunny in Philadelphia,3,"Oct. 4, 2007",1.159,0.6
It’s Always Sunny in Philadelphia,3,"Oct. 4, 2007",1.397,0.9
It’s Always Sunny in Philadelphia,3,"Oct. 11, 2007",1.029,0.6
It’s Always Sunny in Philadelphia,3,"Oct. 18, 2007",1.305,0.8
It’s Always Sunny in Philadelphia,3,"Oct. 25, 2007",1.105,0.6
It’s Always Sunny in Philadelphia,3,"Nov. 1, 2007",1.368,0.7
It’s Always Sunny in Philadelphia,3,"Nov. 1, 2007",1.330,0.7
It’s Always Sunny in Philadelphia,3,"Nov. 8, 2007",0.906,0.5
It’s Always Sunny in Philadelphia,3,"Nov. 15, 2007",0.991,0.6
It’s Always Sunny in Philadelphia,4,"Sept. 18, 2008",1.731,0.9/2
It’s Always Sunny in Philadelphia,4,"Sept. 18, 2008",1.597,0.9/2
It’s Always Sunny in Philadelphia,4,"Sept. 25, 2008",1.436,0.8/2
It’s Always Sunny in Philadelphia,4,"Sept. 25, 2008",1.347,0.7/2
It’s Always Sunny in Philadelphia,4,"Oct. 2, 2008",1.019,0.5/1
It’s Always Sunny in Philadelphia,4,"Oct. 2, 2008",1.023,0.6/1
It’s Always Sunny in Philadelphia,4,"Oct. 9, 2008",1.282,0.7/2
It’s Always Sunny in Philadelphia,4,"Oct. 16, 2008",1.266,0.7/2
It’s Always Sunny in Philadelphia,4,"Oct. 23, 2008",1.323,0.7/2
It’s Always Sunny in Philadelphia,4,"Oct. 30, 2008",1.152,0.7/2
It’s Always Sunny in Philadelphia,4,"Nov. 6, 2008",1.355,0.7/2
It’s Always Sunny in Philadelphia,4,"Nov. 13, 2008",1.313,0.7/2
It’s Always Sunny in Philadelphia,4,"Nov. 20, 2008",1.297,0.7
It’s Always Sunny in Philadelphia,5,"Sept. 17, 2009",2.245,1.62/
It’s Always Sunny in Philadelphia,5,"Sept. 24, 2009",1.790,1.26/
It’s Always Sunny in Philadelphia,5,"Oct. 1, 2009",2.018,1.47/
It’s Always Sunny in Philadelphia,5,"Oct. 8, 2009",1.512,1.07/
It’s Always Sunny in Philadelphia,5,"Oct. 15, 2009",1.612,1.16/
It’s Always Sunny in Philadelphia,5,"Oct. 22, 2009",1.616,1.12/
It’s Always Sunny in Philadelphia,5,"Oct. 29, 2009",1.353,0.90/
It’s Always Sunny in Philadelphia,5,"Nov. 5, 2009",1.991,1.51/
It’s Always Sunny in Philadelphia,5,"Nov. 12, 2009",1.871,1.2/3
It’s Always Sunny in Philadelphia,5,"Nov. 19, 2009",1.488,0.9/3
It’s Always Sunny in Philadelphia,5,"Dec. 3, 2009",1.890,1.1/3
It’s Always Sunny in Philadelphia,5,"Dec. 10, 2009",2.126,1.3/4
It’s Always Sunny in Philadelphia,5,"Sept. 17, 2009",2.245,1.6
It’s Always Sunny in Philadelphia,5,"Sept. 24, 2009",1.790,1.3
It’s Always Sunny in Philadelphia,5,"Oct. 1, 2009",2.018,1.5
It’s Always Sunny in Philadelphia,5,"Oct. 8, 2009",1.512,1.1
It’s Always Sunny in Philadelphia,5,"Oct. 15, 2009",1.612,1.2
It’s Always Sunny in Philadelphia,5,"Oct. 22, 2009",1.616,1.1
It’s Always Sunny in Philadelphia,5,"Oct. 29, 2009",1.353,0.9
It’s Always Sunny in Philadelphia,5,"Nov. 5, 2009",1.991,1.5
It’s Always Sunny in Philadelphia,5,"Nov. 12, 2009",1.871,1.2/3
It’s Always Sunny in Philadelphia,5,"Nov. 19, 2009",1.488,0.9/3
It’s Always Sunny in Philadelphia,5,"Dec. 3, 2009",1.890,1.1/3
It’s Always Sunny in Philadelphia,5,"Dec. 10, 2009",2.126,1.3/4
It’s Always Sunny in Philadelphia,7,"Sept. 15, 2011",2.275,1.4
It’s Always Sunny in Philadelphia,7,"Sept. 22, 2011",1.932,1.2
It’s Always Sunny in Philadelphia,7,"Sept. 29, 2011",2.025,1.3
It’s Always Sunny in Philadelphia,7,"Oct. 6, 2011",1.819,1.1
It’s Always Sunny in Philadelphia,7,"Oct. 13, 2011",1.420,0.9
It’s Always Sunny in Philadelphia,7,"Oct. 20, 2011",1.517,0.9
It’s Always Sunny in Philadelphia,7,"Oct. 27, 2011",1.384,0.9
It’s Always Sunny in Philadelphia,7,"Nov. 3, 2011",1.686,1.1
It’s Always Sunny in Philadelphia,7,"Nov. 10, 2011",1.317,0.8
It’s Always Sunny in Philadelphia,7,"Nov. 17, 2011",1.258,0.8
It’s Always Sunny in Philadelphia,7,"Dec. 1, 2011",1.518,1.0
It’s Always Sunny in Philadelphia,7,"Dec. 8, 2011",1.400,0.9
It’s Always Sunny in Philadelphia,7,"Dec. 15, 2011",1.324,0.8
It’s Always Sunny in Philadelphia,8,"Oct. 11, 2012",1.049,0.6
It’s Always Sunny in Philadelphia,8,"Oct. 18, 2012",1.099,0.8
It’s Always Sunny in Philadelphia,8,"Oct. 25, 2012",1.120,0.7
It’s Always Sunny in Philadelphia,8,"Nov. 1, 2012",1.395,0.9
It’s Always Sunny in Philadelphia,8,"Nov. 8, 2012",1.107,0.7
It’s Always Sunny in Philadelphia,8,"Nov. 15, 2012",0.945,0.6
It’s Always Sunny in Philadelphia,8,"Nov. 29, 2012",1.080,0.7
It’s Always Sunny in Philadelphia,8,"Dec. 6, 2012",1.009,0.6
It’s Always Sunny in Philadelphia,8,"Dec. 13, 2012",0.923,0.6
It’s Always Sunny in Philadelphia,8,"Dec. 20, 2012",0.938,0.5
It’s Always Sunny in Philadelphia,9,"Sept. 4, 2013",0.757,0.5
It’s Always Sunny in Philadelphia,9,"Sept. 11, 2013",0.606,0.4
It’s Always Sunny in Philadelphia,9,"Sept. 18, 2013",0.521,0.33
It’s Always Sunny in Philadelphia,9,"Sept. 25, 2013",0.458,0.3
It’s Always Sunny in Philadelphia,9,"Oct. 2, 2013",0.459,0.29
It’s Always Sunny in Philadelphia,9,"Oct. 9, 2013",0.509,0.35
It’s Always Sunny in Philadelphia,9,"Oct. 16, 2013",0.574,0.40
It’s Always Sunny in Philadelphia,9,"Oct. 23, 2013",0.460,0.33
It’s Always Sunny in Philadelphia,9,"Oct. 30, 2013",0.427,0.27
It’s Always Sunny in Philadelphia,9,"Nov. 6, 2013",0.535,0.33
It’s Always Sunny in Philadelphia,10,"Jan. 14, 2015",0.786,0.51
It’s Always Sunny in Philadelphia,10,"Jan. 21, 2015",0.524,0.35
It’s Always Sunny in Philadelphia,10,"Jan. 28, 2015",0.511,0.34
It’s Always Sunny in Philadelphia,10,"Feb. 4, 2015",0.554,0.36
It’s Always Sunny in Philadelphia,10,"Feb. 11, 2015",0.527,0.37
It’s Always Sunny in Philadelphia,10,"Feb. 18, 2015",0.544,0.33
It’s Always Sunny in Philadelphia,10,"Feb. 25, 2015",0.442,0.26
It’s Always Sunny in Philadelphia,10,"Mar. 4, 2015",0.445,0.29
It’s Always Sunny in Philadelphia,10,"Mar. 11, 2015",0.505,0.32
It’s Always Sunny in Philadelphia,10,"Mar. 18, 2015",0.543,0.37
It’s Always Sunny in Philadelphia,11,"Jan. 6, 2016",0.716,0.45
It’s Always Sunny in Philadelphia,11,"Jan. 13, 2016",0.511,0.32
It’s Always Sunny in Philadelphia,11,"Jan. 20, 2016",0.609,0.35
It’s Always Sunny in Philadelphia,11,"Jan. 27, 2016",0.478,0.28
It’s Always Sunny in Philadelphia,11,"Feb. 3, 2016",0.563,0.37
It’s Always Sunny in Philadelphia,11,"Feb. 10, 2016",0.536,0.33
It’s Always Sunny in Philadelphia,11,"Feb. 17, 2016",0.531,0.32
It’s Always Sunny in Philadelphia,11,"Feb. 24, 2016",0.515,0.32
It’s Always Sunny in Philadelphia,11,"Mar. 2, 2016",0.485,0.31
It’s Always Sunny in Philadelphia,11,"Mar. 9, 2016",0.460,0.29
It’s Always Sunny in Philadelphia,12,"Jan. 4, 2017",0.730,0.44
It’s Always Sunny in Philadelphia,12,"Jan. 11, 2017",0.574,0.32
It’s Always Sunny in Philadelphia,12,"Jan. 18, 2017",0.602,0.40
It’s Always Sunny in Philadelphia,12,"Jan. 25, 2017",0.629,0.38
It’s Always Sunny in Philadelphia,12,"Feb. 1, 2017",0.602,0.37
It’s Always Sunny in Philadelphia,12,"Feb. 8, 2017",0.551,0.34
It’s Always Sunny in Philadelphia,12,"Feb. 15, 2017",0.572,0.35
It’s Always Sunny in Philadelphia,12,"Feb. 22, 2017",0.587,0.34
It’s Always Sunny in Philadelphia,12,"Mar. 1, 2017",0.523,0.30
It’s Always Sunny in Philadelphia,12,"Mar. 8, 2017",0.640,0.36
It’s Always Sunny in Philadelphia,13,"Sept. 5, 2018",0.606,0.38
It’s Always Sunny in Philadelphia,13,"Sept. 12, 2018",0.390,0.20
It’s Always Sunny in Philadelphia,13,"Sept. 19, 2018",0.420,0.25
It’s Always Sunny in Philadelphia,13,"Sept. 26, 2018",0.312,0.20
It’s Always Sunny in Philadelphia,13,"Oct. 3, 2018",0.319,0.18
It’s Always Sunny in Philadelphia,13,"Oct. 10, 2018",0.342,0.20
It’s Always Sunny in Philadelphia,13,"Oct. 17, 2018",0.298,0.17
It’s Always Sunny in Philadelphia,13,"Oct. 24, 2018",0.294,0.18
It’s Always Sunny in Philadelphia,13,"Oct. 31, 2018",0.323,0.19
It’s Always Sunny in Philadelphia,13,"Nov. 7, 2018",0.357,0.20
It’s Always Sunny in Philadelphia,14,"Sept. 25, 2019",0.481,0.28
It’s Always Sunny in Philadelphia,14,"Oct. 2, 2019",0.317,0.16
It’s Always Sunny in Philadelphia,14,"Oct. 9, 2019",0.308,0.17
It’s Always Sunny in Philadelphia,14,"Oct. 16, 2019",0.296,0.16
It’s Always Sunny in Philadelphia,14,"Oct. 23, 2019",0.259,0.13
It’s Always Sunny in Philadelphia,14,"Oct. 30, 2019",0.248,0.13
It’s Always Sunny in Philadelphia,14,"Nov. 6, 2019",0.261,0.12
It’s Always Sunny in Philadelphia,14,"Nov. 13, 2019",0.314,0.20
It’s Always Sunny in Philadelphia,14,"Nov. 20, 2019",0.268,0.14
It’s Always Sunny in Philadelphia,14,"Nov. 20, 2019",0.236,0.13
Nightcap,1,"Nov. 16, 2016",0.146,0.02
Nightcap,1,"Nov. 16, 2016",0.074,0.01
Nightcap,1,"Nov. 23, 2016",0.139,0.02
Nightcap,1,"Nov. 30, 2016",0.130,0.02
Nightcap,1,"Dec. 7, 2016",0.128,0.03
Nightcap,1,"Dec. 14, 2016",0.143,0.03
Nightcap,1,"Dec. 21, 2016",0.136,0.03
Nightcap,1,"Dec. 28, 2016",0.132,0.02
Nightcap,1,"Jan. 4, 2017",0.131,0.04
Nightcap,1,"Jan. 11, 2017",0.093,0.01
Nightcap,2,"Jun. 7, 2017",0.136,0.02
Nightcap,2,"Jun. 7, 2017",0.082,0.01
Nightcap,2,"Jun. 14, 2017",0.123,0.01
Nightcap,2,"Jun. 21, 2017",0.103,0.01
Nightcap,2,"Jun. 28, 2017",0.102,0.01
Nightcap,2,"Jul. 5, 2017",0.095,0.01
Nightcap,2,"Jul. 12, 2017",0.110,0.01
Nightcap,2,"Jul. 19, 2017",0.089,0.02
Nightcap,2,"Jul. 26, 2017",0.099,0.02
Nightcap,2,"Aug. 2, 2017",0.072,0.01
Hit the Floor,1,"May 27, 2013",1.540,0.8
Hit the Floor,1,"Jun. 3, 2013",1.668,0.8
Hit the Floor,1,"Jun. 10, 2013",1.983,1.0
Hit the Floor,1,"Jun. 17, 2013",2.163,1.1
Hit the Floor,1,"Jun. 24, 2013",2.226,1.2
Hit the Floor,1,"Jul. 1, 2013",2.124,1.1
Hit the Floor,1,"Jul. 8, 2013",2.230,1.1
Hit the Floor,1,"Jul. 15, 2013",2.234,1.2
Hit the Floor,1,"Jul. 22, 2013",2.506,1.3
Hit the Floor,1,"Jul. 29, 2013",2.623,1.4
Hit the Floor,2,"May 26, 2014",2.358,1.10
Hit the Floor,2,"Jun. 2, 2014",2.157,1.04
Hit the Floor,2,"Jun. 9, 2014",2.159,1.09
Hit the Floor,2,"Jun. 16, 2014",2.392,1.09
Hit the Floor,2,"Jun. 23, 2014",2.450,1.31
Hit the Floor,2,"Jun. 30, 2014",2.380,1.11
Hit the Floor,2,"Jul. 7, 2014",2.450,1.19
Hit the Floor,2,"Jul. 14, 2014",2.144,0.99
Hit the Floor,2,"Jul. 21, 2014",2.412,1.2
Hit the Floor,2,"Jul. 28, 2014",1.959,1.0
Hit the Floor,2,"Aug. 4, 2014",1.867,0.8
Hit the Floor,2,"Aug. 11, 2014",2.368,1.14
Hit the Floor,3,"Jan. 18, 2016",1.707,0.84
Hit the Floor,3,"Jan. 25, 2016",1.546,0.78
Hit the Floor,3,"Feb. 1, 2016",1.352,0.69
Hit the Floor,3,"Feb. 8, 2016",1.172,0.62
Hit the Floor,3,"Feb. 22, 2016",1.415,0.70
Hit the Floor,3,"Feb. 29, 2016",1.249,0.66
Hit the Floor,3,"Mar. 7, 2016",1.112,0.54
Hit the Floor,3,"Mar. 14, 2016",0.920,0.43
Hit the Floor,3,"Mar. 21, 2016",1.320,0.66
Hit the Floor,3,"Mar. 28, 2016",1.211,0.64
Hit the Floor,3,"Sept. 5, 2016",1.235,0.57
Hit the Floor,4,"Jul. 10, 2018",0.483,0.20
Hit the Floor,4,"Jul. 17, 2018",0.343,0.12
Hit the Floor,4,"Jul. 24, 2018",0.371,0.16
Hit the Floor,4,"Jul. 31, 2018",0.456,0.18
Hit the Floor,4,"Aug. 7, 2018",0.346,0.11
Hit the Floor,4,"Aug. 14, 2018",0.347,0.12
Hit the Floor,4,"Aug. 21, 2018",0.393,0.16
Hit the Floor,4,"Aug. 28, 2018",0.321,0.12
City on a Hill,1,"Jun. 16, 2019",0.532,0.07
City on a Hill,1,"Jun. 23, 2019",0.446,0.06
City on a Hill,1,"Jun. 30, 2019",0.409,0.04
City on a Hill,1,"Jul. 7, 2019",0.411,0.06
City on a Hill,1,"Jul. 14, 2019",0.459,0.06
City on a Hill,1,Jul. 21 2019,0.406,0.04
City on a Hill,1,"Jul. 28, 2019",0.534,0.06
City on a Hill,1,"Aug. 4, 2019",0.601,0.09
City on a Hill,1,"Aug. 11, 2019",0.555,0.06
City on a Hill,1,"Aug. 18, 2019",0.569,0.06
City on a Hill,2,"Mar. 28, 2021",0.372,0.06
City on a Hill,2,"Apr. 4, 2021",0.353,0.03
City on a Hill,2,"Apr. 11, 2021",0.347,0.04
City on a Hill,2,"Apr. 18, 2021",0.372,0.05
City on a Hill,2,"Apr. 25, 2021",0.308,0.03
City on a Hill,2,"May 2, 2021",0.426,0.03
City on a Hill,2,"May 9, 2021",0.471,0.07
City on a Hill,2,"May 16, 2021",0.382,0.03
Ascension,1,"Dec. 15, 2014",1.763,0.61
Ascension,1,"Dec. 16, 2014",1.326,0.43
Ascension,1,"Dec. 17, 2014",1.503,0.47
The Night Manager,1,"Apr. 19, 2016",0.933,0.21
The Night Manager,1,"Apr. 26, 2016",0.812,0.15
The Night Manager,1,"May 3, 2016",0.806,0.19
The Night Manager,1,"May 10, 2016",0.725,0.12
The Night Manager,1,"May 17, 2016",0.678,0.14
The Night Manager,1,"May 24, 2016",0.806,0.19
Homeland,1,"Oct. 2, 2011",1.082,0.4
Homeland,1,"Oct. 9, 2011",0.938,0.4
Homeland,1,"Oct. 16, 2011",1.077,0.4
Homeland,1,"Oct. 23, 2011",1.101,0.4
Homeland,1,"Oct. 30, 2011",1.277,0.4
Homeland,1,"Nov. 6, 2011",1.327,0.5
Homeland,1,"Nov. 13, 2011",1.424,0.6
Homeland,1,"Nov. 20, 2011",1.203,0.4
Homeland,1,"Nov. 27, 2011",1.352,0.5
Homeland,1,"Dec. 4, 2011",1.215,0.4
Homeland,1,"Dec. 11, 2011",1.321,0.5
Homeland,1,"Dec. 18, 2011",1.705,0.7
Homeland,2,"Sept. 30, 2012",1.727,0.7
Homeland,2,"Oct. 7, 2012",1.661,0.8
Homeland,2,"Oct. 14, 2012",1.480,0.6
Homeland,2,"Oct. 21, 2012",1.745,0.8
Homeland,2,"Oct. 28, 2012",2.073,0.9
Homeland,2,"Nov. 4, 2011",1.741,0.8
Homeland,2,"Nov. 11, 2011",1.905,0.8
Homeland,2,"Nov. 18, 2011",1.867,0.9
Homeland,2,"Nov. 25, 2012",2.015,0.8
Homeland,2,"Dec. 2, 2012",2.198,1.0
Homeland,2,"Dec. 9, 2012",2.363,1.0
Homeland,2,"Dec. 16, 2012",2.285,0.9
Homeland,3,"Sept. 29, 2013",1.876,0.8
Homeland,3,"Oct. 6, 2013",1.827,0.7
Homeland,3,"Oct. 13, 2013",1.809,0.8
Homeland,3,"Oct. 20, 2013",1.772,0.7
Homeland,3,"Oct. 27, 2013",2.001,0.8
Homeland,3,"Nov. 3, 2013",2.001,0.8
Homeland,3,"Nov. 10, 2013",1.850,0.7
Homeland,3,"Nov. 17, 2013",1.784,0.7
Homeland,3,"Nov. 24, 2013",1.941,0.7
Homeland,3,"Dec. 1, 2013",2.062,0.7
Homeland,3,"Dec. 8, 2013",2.088,0.8
Homeland,3,"Dec. 15, 2013",2.384,0.9
Homeland,4,"Oct. 5, 2014 (2hrs)",1.610,0.56
Homeland,4,"Oct. 12, 2014",1.223,0.44
Homeland,4,"Oct. 19, 2014",1.349,0.47
Homeland,4,"Oct. 26, 2014",1.523,0.53
Homeland,4,"Nov. 2, 2014",1.535,0.53
Homeland,4,"Nov. 9, 2014",1.545,0.52
Homeland,4,"Nov. 16, 2014",1.663,0.52
Homeland,4,"Nov. 23, 2014",1.774,0.59
Homeland,4,"Dec. 7, 2014",1.947,0.60
Homeland,4,"Dec. 14, 2014",2.110,0.68
Homeland,4,"Dec. 21, 2014",1.920,0.62
Homeland,5,"Oct. 4, 2015",1.663,0.56
Homeland,5,"Oct. 11, 2015",1.396,0.46
Homeland,5,"Oct. 18, 2015",1.106,0.37
Homeland,5,"Oct. 25, 2015",1.630,0.56
Homeland,5,"Nov. 1, 2015",1.304,0.38
Homeland,5,"Nov. 8, 2015",1.350,0.42
Homeland,5,"Nov. 15, 2015",1.348,0.40
Homeland,5,"Nov. 22, 2015",1.468,0.48
Homeland,5,"Nov. 29, 2015",1.420,0.48
Homeland,5,"Dec. 6, 2015",1.740,0.63
Homeland,5,"Dec. 13, 2015",1.837,0.59
Homeland,5,"Dec. 20, 2015",2.073,0.70
Homeland,6,"Jan. 15, 2017",1.075,0.31
Homeland,6,"Jan. 22, 2017",1.451,0.46
Homeland,6,"Jan. 29, 2017",1.130,0.36
Homeland,6,"Feb. 12, 2017",1.051,0.31
Homeland,6,"Feb. 19, 2017",1.069,0.33
Homeland,6,"Feb. 26, 2017",0.899,0.29
Homeland,6,"Mar. 5, 2017",1.437,0.51
Homeland,6,"Mar. 12, 2017",1.274,0.44
Homeland,6,"Mar. 19, 2017",1.258,0.45
Homeland,6,"Mar. 26, 2017",1.427,0.49
Homeland,6,"Apr. 2, 2017",1.342,0.44
Homeland,6,"Apr. 9, 2017",1.896,0.62
Homeland,7,"Feb. 11, 2018",1.221,0.33
Homeland,7,"Feb. 18, 2018",1.120,0.29
Homeland,7,"Feb. 25, 2018",1.255,0.28
Homeland,7,"Mar. 4, 2018",0.930,0.22
Homeland,7,"Mar. 11, 2018",1.315,0.29
Homeland,7,"Mar. 18, 2018",1.253,0.31
Homeland,7,"Mar. 25, 2018",1.275,0.32
Homeland,7,"Apr. 1, 2018",1.219,0.30
Homeland,7,"Apr. 8, 2018",1.242,0.29
Homeland,7,"Apr. 15, 2018",1.283,0.29
Homeland,7,"Apr. 22, 2018",1.387,0.33
Homeland,7,"Apr. 29, 2018",1.300,0.32
Homeland,8,"Feb. 9, 2020",0.600,0.13
Homeland,8,"Feb. 16, 2020",0.675,0.10
Homeland,8,"Feb. 23, 2020",0.710,0.13
Homeland,8,"Mar. 1, 2020",0.732,0.13
Homeland,8,"Mar. 8, 2020",0.823,0.13
Homeland,8,"Mar. 15, 2020",0.706,0.11
Homeland,8,"Mar. 22, 2020",1.090,0.19
Homeland,8,"Mar. 29, 2020",0.749,0.11
Homeland,8,"Apr. 5, 2020",0.809,0.13
Homeland,8,"Apr. 12, 2020",0.893,0.12
Homeland,8,"Apr. 19, 2020",0.958,0.18
Homeland,8,"Apr. 26, 2020",1.258,0.24
Orphan Black,1,"Mar. 30, 2013",0.684,0.3
Orphan Black,1,"Apr. 6, 2013",0.409,0.18
Orphan Black,1,"Apr. 13, 2013",0.350,0.14
Orphan Black,1,"Apr. 20, 2013",0.361,0.18
Orphan Black,1,"Apr. 27, 2013",0.327,0.13
Orphan Black,1,"May 4, 2013",0.340,0.13
Orphan Black,1,"May 11, 2013",0.280,0.10
Orphan Black,1,"May 18, 2013",0.367,0.17
Orphan Black,1,"May 25, 2013",0.253,0.10
Orphan Black,1,"Jun. 1, 2013",0.376,0.16
Orphan Black,2,"Apr. 19, 2014",0.620,0.31
Orphan Black,2,"Apr. 26, 2014",0.718,0.29
Orphan Black,2,"May 3, 2014",0.454,0.2
Orphan Black,2,"May 10, 2014",0.484,0.24
Orphan Black,2,"May 17, 2014",0.510,0.25
Orphan Black,2,"May 24, 2014",0.541,0.25
Orphan Black,2,"May 31, 2014",0.497,0.23
Orphan Black,2,"Jun. 7, 2014",0.576,0.27
Orphan Black,2,"Jun. 14, 2014",0.613,0.25
Orphan Black,2,"Jun. 21, 2014",0.538,0.23
Orphan Black,3,"Apr. 18, 2015*",0.535,0.19
Orphan Black,3,"Apr. 18, 2015**",1.271,0.40
Orphan Black,3,"Apr. 25, 2015",0.420,0.14
Orphan Black,3,"May 2, 2015",0.443,0.19
Orphan Black,3,"May 9, 2015",0.406,0.16
Orphan Black,3,"May 16, 2015",0.460,0.15
Orphan Black,3,"May 23, 2015",0.393,0.10
Orphan Black,3,"May 30, 2015",0.372,0.10
Orphan Black,3,"Jun. 6, 2015",0.522,0.16
Orphan Black,3,"Jun. 13, 2015",0.401,0.11
Orphan Black,3,"Jun. 20, 2015",0.428,0.15
Orphan Black,4,"Apr. 14, 2016",0.229,0.08
Orphan Black,4,"Apr. 21, 2016",0.271,0.11
Orphan Black,4,"Apr. 28, 2016",0.242,0.10
Orphan Black,4,"May 5, 2016",0.218,0.08
Orphan Black,4,"May 12, 2016",0.223,0.08
Orphan Black,4,"May 19, 2016",0.248,0.10
Orphan Black,4,"May 26, 2016",0.258,0.10
Orphan Black,4,"Jun. 2, 2016",0.245,0.10
Orphan Black,4,"Jun. 9, 2016",0.291,0.12
Orphan Black,4,"Jun. 16, 2016",0.325,0.13
Orphan Black,5,"Jun. 10, 2017",0.278,0.07
Orphan Black,5,"Jun. 17, 2017",0.225,0.06
Orphan Black,5,"Jun. 24, 2017",0.205,0.05
Orphan Black,5,"Jul. 1, 2017",0.277,0.08
Orphan Black,5,"Jul. 8, 2017",0.271,0.07
Orphan Black,5,"Jul. 15, 2017",0.236,0.07
Orphan Black,5,"Jul. 22, 2017",0.278,0.09
Orphan Black,5,"Jul. 29, 2017",0.285,0.10
Orphan Black,5,"Aug. 5, 2017",0.305,0.08
Orphan Black,5,"Aug. 12, 2017",0.376,0.13
Guilt,1,"Jun. 13, 2016",0.486,0.16
Guilt,1,"Jun. 20, 2016",0.328,0.12
Guilt,1,"Jun. 27, 2016",0.329,0.14
Guilt,1,"Jul. 11, 2016",0.245,0.08
Guilt,1,"Jul. 18, 2016",0.286,0.08
Guilt,1,"Jul. 25, 2016",0.302,0.11
Guilt,1,"Aug. 1, 2016",0.341,0.12
Guilt,1,"Aug. 8, 2016",0.305,0.12
Guilt,1,"Aug. 15, 2016",0.296,0.12
Guilt,1,"Aug. 22, 2016",0.396,0.15
Best Week Ever,1,"Jan. 18, 2013",0.298,0.2
Best Week Ever,1,"Jan. 25, 2013",0.369,0.2
Best Week Ever,1,"Feb. 1, 2013",0.193,0.1
Best Week Ever,1,"Feb. 8, 2013",0.279,0.2
Best Week Ever,1,"Feb. 15, 2013",0.231,0.1
Best Week Ever,1,"Feb. 22, 2013",0.173,0.1
Best Week Ever,1,"Mar. 8, 2013",0.104,0.1
Best Week Ever,1,"Mar. 15, 2013",0.187,0.1
Best Week Ever,1,"Mar. 22, 2013",0.173,0.1
Best Week Ever,1,"Mar. 29, 2013",0.163,0.1
Best Week Ever,1,"Apr. 5, 2013",0.127,0.1
Best Week Ever,1,"Apr. 12, 2013",0.152,0.1
Best Week Ever,1,"Apr. 19, 2013",0.286,0.2
Best Week Ever,1,"Apr. 26, 2013",0.172,0.1
Best Week Ever,1,"May 3, 2013",0.127,0.1
Best Week Ever,1,"May 10, 2013",0.174,0.1
Best Week Ever,1,"May 17, 2013",0.181,0.1
Best Week Ever,1,"May 24, 2013",0.285,0.1
Best Week Ever,2,"Sept. 20, 2013",0.207,0.13
Best Week Ever,2,"Sept. 27, 2013",0.235,0.14
Best Week Ever,2,"Oct. 4, 2013",0.240,0.15
Best Week Ever,2,"Oct. 11, 2013",0.327,0.17
Best Week Ever,2,"Oct. 18, 2013",0.197,0.08
Best Week Ever,2,"Oct. 25, 2013",0.252,0.12
Best Week Ever,2,"Nov. 1, 2013",0.227,0.14
Best Week Ever,2,"Nov. 8, 2013",0.318,0.20
Best Week Ever,2,"Nov. 15, 2013",0.261,0.13
Best Week Ever,2,"Nov. 22, 2013",0.396,0.12
Best Week Ever,2,"Dec. 6, 2013",0.387,0.19
Best Week Ever,2,"Dec. 13, 2013",0.230,0.15
Best Week Ever,2,"Dec. 20, 2013",0.221,0.13
Best Week Ever,2,"Jan. 10, 2014",0.224,0.11
Best Week Ever,2,"Jan. 17, 2014",0.186,0.10
Best Week Ever,2,"Jan. 24, 2014",0.363,0.20
Best Week Ever,2,"Feb. 7, 2014",0.143,0.06
Best Week Ever,2,"Feb. 14, 2014",0.209,0.10
Best Week Ever,2,"Feb. 21, 2014",0.232,0.13
Best Week Ever,2,"Feb. 28, 2014",0.238,0.14
Best Week Ever,2,"Mar. 7, 2014",0.252,0.14
Best Week Ever,2,"Mar. 14, 2014",0.214,0.11
Best Week Ever,2,"Mar. 28, 2014",0.279,0.16
Best Week Ever,2,"Apr. 4, 2014",0.298,0.12
Best Week Ever,2,"Apr. 11, 2014",0.126,0.06
Best Week Ever,2,"Apr. 18, 2014",0.176,0.09
Underground,1,"Mar. 9, 2016",1.421,0.39
Underground,1,"Mar. 16, 2016",0.989,0.27
Underground,1,"Mar. 23, 2016",0.895,0.24
Underground,1,"Mar. 30, 2016",0.915,0.29
Underground,1,"Apr. 6, 2016",0.978,0.34
Underground,1,"Apr. 13, 2016",0.881,0.29
Underground,1,"Apr. 20, 2016",0.946,0.33
Underground,1,"Apr. 27, 2016",0.992,0.33
Underground,1,"May 4, 2016",0.905,0.33
Underground,1,"May 11, 2016",1.012,0.38
Underground,2,"Mar. 8, 2017",1.103,0.37
Underground,2,"Mar. 15, 2017",0.641,0.23
Underground,2,"Mar. 22, 2017",0.563,0.19
Underground,2,"Mar. 29, 2017",0.476,0.14
Underground,2,"Apr. 5, 2017",0.594,0.21
Underground,2,"Apr. 12, 2017",0.379,0.12
Underground,2,"Apr. 19, 2017",0.500,0.19
Underground,2,"Apr. 26, 2017",0.494,0.14
Underground,2,"May 3, 2017",0.443,0.16
Underground,2,"May 10, 2017",0.479,0.16
The Luminaries,1,"Feb. 14, 2021",0.154,0.01
The Luminaries,1,"Feb. 21, 2021",0.117,0.01
The Luminaries,1,"Feb. 28, 2021",0.114,0.01
The Luminaries,1,"Mar. 7, 2021",0.086,0.01
The Luminaries,1,"Mar. 14, 2021",0.088,0.01
The Luminaries,1,"Mar. 28, 2021",0.063,0.00
The Gloaming,1,"Mar. 21, 2021",0.137,0.02
The Gloaming,1,"Mar. 28, 2021",0.076,0.00
The Gloaming,1,"Apr. 4, 2021",0.075,0.01
The Gloaming,1,"Apr. 11, 2021",0.038,0.01
The Gloaming,1,"Apr. 18, 2021",0.079,0.01
The Gloaming,1,"Apr. 25, 2021",0.090,0.01
The Gloaming,1,"May 2, 2021",0.034,0.00
The Gloaming,1,"May 9, 2021",0.073,0.01
Confronting a Serial Killer,1,"Apr. 18, 2021",0.084,0.00
Confronting a Serial Killer,1,"Apr. 25, 2021",0.071,0.01
Confronting a Serial Killer,1,"May 2, 2021",0.052,0.01
Confronting a Serial Killer,1,"May 9, 2021",0.031,0.01
Confronting a Serial Killer,1,"May 16, 2021",0.058,0.02
Outsiders,1,"Jan. 26, 2016",1.055,0.33
Outsiders,1,"Feb. 2, 2016",0.840,0.29
Outsiders,1,"Feb. 9, 2016",0.881,0.28
Outsiders,1,"Feb. 16, 2016",0.801,0.30
Outsiders,1,"Feb. 23, 2016",0.764,0.29
Outsiders,1,"Mar. 1, 2016",0.728,0.29
Outsiders,1,"Mar. 8, 2016",0.669,0.24
Outsiders,1,"Mar. 15, 2016",0.737,0.28
Outsiders,1,"Mar. 22, 2016",0.673,0.22
Outsiders,1,"Mar. 29, 2016",0.809,0.27
Outsiders,1,"Apr. 5, 2016",0.823,0.32
Outsiders,1,"Apr. 12, 2016",0.954,0.31
Outsiders,1,"Apr. 19, 2016",0.956,0.32
Outsiders,2,"Jan. 24, 2017",0.932,0.27
Outsiders,2,"Jan. 31, 2017",0.834,0.19
Outsiders,2,"Feb. 7, 2017",0.747,0.19
Outsiders,2,"Feb. 14, 2017",0.797,0.24
Outsiders,2,"Feb. 21, 2017",0.773,0.24
Outsiders,2,"Feb. 28, 2017",0.825,0.24
Outsiders,2,"Mar. 7, 2017",0.721,0.21
Outsiders,2,"Mar. 14, 2017",0.728,0.20
Outsiders,2,"Mar. 21, 2017",0.886,0.27
Outsiders,2,"Apr. 4, 2017",0.735,0.17
Outsiders,2,"Apr. 11, 2017",0.764,0.21
Outsiders,2,"Apr. 18, 2017",0.622,0.13
Outsiders,2,"Apr. 25, 2017",0.673,0.17
Impastor,1,"Jun. 2, 2015",0.382,0.11
Impastor,1,"Jul. 12, 2015",0.619,0.13
Impastor,1,"Jul. 19, 2015",0.519,0.12
Impastor,1,"Jul. 29, 2015",0.438,0.08
Impastor,1,"Aug. 5, 2015",0.484,0.11
Impastor,1,"Aug. 12, 2015",0.489,0.13
Impastor,1,"Aug. 19, 2015",0.489,0.13
Impastor,1,"Aug. 26, 2015",0.351,0.09
Impastor,1,"Sept. 2, 2015",0.449,0.12
Impastor,1,"Sept. 9, 2015",0.337,0.06
Impastor,1,"Sept. 16, 2015",0.384,0.08
Impastor,1,"Jul. 12, 2015",0.534,0.19
Impastor,1,"Jul. 19, 2015",0.546,0.18
Impastor,1,"Jul. 29, 2015",0.580,0.17
Impastor,1,"Aug. 5, 2015",0.472,0.14
Impastor,1,"Aug. 12, 2015",0.484,0.15
Impastor,1,"Aug. 19, 2015",0.481,0.16
Impastor,1,"Aug. 26, 2015",0.637,0.18
Impastor,1,"Sept. 2, 2015",not simulcast,not simulcast
Impastor,1,"Sept. 9, 2015",0.460,0.13
Impastor,1,"Sept. 16, 2015",0.526,0.16
Impastor,2,"Sept. 28, 2016",0.320,0.08
Impastor,2,"Oct. 5, 2016",0.331,0.11
Impastor,2,"Oct. 12, 2016",0.336,0.07
Impastor,2,"Oct. 19, 2016",0.296,0.07
Impastor,2,"Oct. 26, 2016",0.368,0.10
Impastor,2,"Nov. 2, 2016",0.392,0.07
Impastor,2,"Nov. 9, 2016",0.345,0.07
Impastor,2,"Nov. 16, 2016",0.419,0.08
Impastor,2,"Nov. 30, 2016",0.383,0.08
Impastor,2,"Dec. 7, 2016",0.434,0.10
The Last Ship,1,"Jun. 22, 2014",5.334,1.18
The Last Ship,1,"Jun. 29, 2014",4.645,1.10
The Last Ship,1,"Jul. 6, 2014",4.092,1.00
The Last Ship,1,"Jul. 13, 2014",4.559,1.02
The Last Ship,1,"Jul. 20, 2014",4.056,1.1
The Last Ship,1,"Jul. 27, 2014",4.357,1.1
The Last Ship,1,"Aug. 3, 2014",4.147,1.05
The Last Ship,1,"Aug. 10, 2014",4.607,1.03
The Last Ship,1,"Aug. 17, 2014",4.124,1.01
The Last Ship,1,"Aug. 24, 2014",4.375,1.01
The Last Ship,2,"Jun. 21, 2015",2.938,0.69
The Last Ship,2,"Jun. 28, 2015",3.282,0.85
The Last Ship,2,"Jul. 5, 2015",2.618,0.67
The Last Ship,2,"Jul. 12, 2015",2.999,0.69
The Last Ship,2,"Jul. 19, 2015",3.023,0.69
The Last Ship,2,"Jul. 26, 2015",2.956,0.69
The Last Ship,2,"Aug. 2, 2015",2.857,0.77
The Last Ship,2,"Aug. 9, 2015",2.980,0.76
The Last Ship,2,"Aug. 16, 2015",2.806,0.69
The Last Ship,2,"Aug. 23, 2015",2.693,0.70
The Last Ship,2,"Aug. 30, 2015",2.960,0.80
The Last Ship,2,"Sept. 6, 2015",2.754,0.66
The Last Ship,3,"May 30, 2016*",1.857,0.76
The Last Ship,3,"Jun. 19, 2016**",1.785,0.41
The Last Ship,3,"Jun. 19, 2016",1.780,0.39
The Last Ship,3,"Jun. 26, 2016",2.417,0.57
The Last Ship,3,"Jul. 3, 2016",1.969,0.41
The Last Ship,3,"Jul. 10, 2016",2.503,0.62
The Last Ship,3,"Jul. 17, 2016",2.345,0.52
The Last Ship,3,"Jul. 24, 2016",2.463,0.55
The Last Ship,3,"Jul. 31, 2016",2.400,0.50
The Last Ship,3,"Aug. 14, 2016",2.002,0.48
The Last Ship,3,"Aug. 21, 2016",2.323,0.57
The Last Ship,3,"Aug. 28, 2016",2.544,0.50
The Last Ship,3,"Sept. 4, 2016",2.130,0.48
The Last Ship,3,"Sept. 11, 2016",2.266,0.47
The Last Ship,4,"Aug. 20, 2017",1.873,0.34
The Last Ship,4,"Aug. 20, 2017",1.651,0.30
The Last Ship,4,"Aug. 27, 2017",1.645,0.31
The Last Ship,4,"Sept. 3, 2017",1.665,0.34
The Last Ship,4,"Sept. 10, 2017",1.461,0.27
The Last Ship,4,"Sept. 17, 2017",1.580,0.34
The Last Ship,4,"Sept. 24, 2017",1.538,0.34
The Last Ship,4,"Oct. 1, 2017",1.311,0.28
The Last Ship,4,"Oct. 8, 2017",1.335,0.30
The Last Ship,4,"Oct. 8, 2017",1.203,0.25
The Last Ship,5,"Sept. 9, 2018",1.258,0.24
The Last Ship,5,"Sept. 16, 2018",1.305,0.25
The Last Ship,5,"Sept. 23, 2018",1.411,0.28
The Last Ship,5,"Sept. 30, 2018",1.204,0.19
The Last Ship,5,"Oct. 7, 2018",1.047,0.19
The Last Ship,5,"Oct. 14, 2018",1.208,0.20
The Last Ship,5,"Oct. 21, 2018",1.299,0.25
The Last Ship,5,"Oct. 28, 2018",1.123,0.23
The Last Ship,5,"Nov. 4, 2018",1.127,0.20
The Last Ship,5,"Nov. 11, 2018",1.149,0.19
Mary Kills People,1,"Apr. 23, 2017",1.011,0.25
Mary Kills People,1,"Apr. 30, 2017",0.540,0.14
Mary Kills People,1,"May 7, 2017",0.641,0.17
Mary Kills People,1,"May 14, 2017",0.513,0.17
Mary Kills People,1,"May 21, 2017",0.597,0.17
Mary Kills People,1,"May 21, 2017",0.502,0.14
Mary Kills People,2,"Mar. 12, 2018",0.311,0.07
Mary Kills People,2,"Mar. 19, 2018",0.236,0.05
Mary Kills People,2,"Mar. 26, 2018",0.280,0.06
Mary Kills People,2,"Apr. 2, 2018",0.308,0.08
Mary Kills People,2,"Apr. 9, 2018",0.330,0.09
Mary Kills People,2,"Apr. 9, 2018",0.329,0.08
Magic City,1,"Mar. 30, 2012*",0.538,0.19
Magic City,1,"Apr. 6, 2012",0.295,0.12
Magic City,1,"Apr. 13, 2012",0.370,0.13
Magic City,1,"Apr. 20, 2012",0.375,0.14
Magic City,1,"Apr. 27, 2012",0.385,0.14
Magic City,1,"May 4, 2012",0.503,0.17
Magic City,1,"May 11, 2012",0.429,0.17
Magic City,1,"May 18, 2012",0.474,0.12
Magic City,1,"Jun. 1, 2012",0.498,0.14
Magic City,2,"Jun. 14, 2013",0.496,0.1
Magic City,2,"Jun. 21, 2013",0.338,0.1
Magic City,2,"Jun. 28, 2013",0.448,0.1
Magic City,2,"Jul. 12, 2013",0.522,0.2
Magic City,2,"Jul. 19, 2013",0.338,0.1
Magic City,2,"Jul. 26, 2013",0.442,0.1
Magic City,2,"Aug. 2, 2013",0.564,0.1
Magic City,2,"Aug. 9, 2013",0.526,0.1
Black Sails,1,"Jan. 25, 2014",0.846,0.3
Black Sails,1,"Feb. 1, 2014",0.840,0.27
Black Sails,1,"Feb. 8, 2014",0.671,0.2
Black Sails,1,"Feb. 15, 2014",0.672,0.21
Black Sails,1,"Feb. 22, 2014",0.744,0.24
Black Sails,1,"Mar. 1, 2014",0.847,0.32
Black Sails,1,"Mar. 8, 2014",0.703,0.20
Black Sails,1,"Mar. 15, 2014",0.762,0.28
Black Sails,2,"Jan. 24, 2015",0.860,0.19
Black Sails,2,"Jan. 31, 2015",0.746,0.17
Black Sails,2,"Feb. 7, 2015",0.691,0.22
Black Sails,2,"Feb. 14, 2015",0.752,0.19
Black Sails,2,"Feb. 21, 2015",0.750,0.18
Black Sails,2,"Feb. 28, 2015",0.778,0.17
Black Sails,2,"Mar. 7, 2015",0.632,0.16
Black Sails,2,"Mar. 14, 2015",0.743,0.17
Black Sails,2,"Mar. 21, 2015",0.653,0.22
Black Sails,2,"Mar. 28, 2015",0.668,0.20
Black Sails,3,"Jan. 23, 2016",0.843,0.27
Black Sails,3,"Jan. 30, 2016",0.759,0.23
Black Sails,3,"Feb. 6, 2016",0.501,0.12
Black Sails,3,"Feb. 13, 2016",0.640,0.21
Black Sails,3,"Feb. 20, 2016",0.679,0.21
Black Sails,3,"Feb. 27, 2016",0.603,0.17
Black Sails,3,"Mar. 5, 2016",0.658,0.20
Black Sails,3,"Mar. 12, 2016",0.677,0.22
Black Sails,3,"Mar. 19, 2016",0.608,0.17
Black Sails,3,"Mar. 26, 2016",0.644,0.17
Black Sails,4,"Jan. 29, 2017",0.738,0.23
Black Sails,4,"Feb. 5, 2017",0.340,0.09
Black Sails,4,"Feb. 12, 2017",0.503,0.15
Black Sails,4,"Feb. 19, 2017",0.483,0.12
Black Sails,4,"Feb. 26, 2017",0.448,0.13
Black Sails,4,"Mar. 5, 2017",0.448,0.16
Black Sails,4,"Mar. 12, 2017",0.505,0.15
Black Sails,4,"Mar. 19, 2017",0.473,0.13
Black Sails,4,"Mar. 26, 2017",0.501,0.14
Black Sails,4,"Apr. 2, 2017",0.568,0.17
Z Nation,1,"Sept. 12, 2014",1.580,0.55
Z Nation,1,"Sept. 19, 2014",1.616,0.50
Z Nation,1,"Sept. 26, 2014",1.137,0.38
Z Nation,1,"Oct. 3, 2014",1.554,0.52
Z Nation,1,"Oct. 10, 2014",1.261,0.41
Z Nation,1,"Oct. 17, 2014",1.565,0.54
Z Nation,1,"Oct. 24, 2014",1.340,0.44
Z Nation,1,"Oct. 31, 2014",1.104,0.38
Z Nation,1,"Nov. 7, 2014",1.303,0.47
Z Nation,1,"Nov. 14, 2014",1.488,0.52
Z Nation,1,"Nov. 21, 2014",1.395,0.55
Z Nation,1,"Nov. 28, 2014",1.609,0.46
Z Nation,1,"Dec. 5, 2014",1.444,0.53
Z Nation,2,"Sept. 11, 2015",0.943,0.40
Z Nation,2,"Sept. 18, 2015",0.882,0.30
Z Nation,2,"Sept. 25, 2015",0.990,0.38
Z Nation,2,"Oct. 2, 2015",0.896,0.35
Z Nation,2,"Oct. 9, 2015",0.882,0.40
Z Nation,2,"Oct. 16, 2015",0.841,0.32
Z Nation,2,"Oct. 23, 2015",0.763,0.30
Z Nation,2,"Oct. 30, 2015",0.868,0.37
Z Nation,2,"Nov. 6, 2015",0.835,0.30
Z Nation,2,"Nov. 13, 2015",0.665,0.23
Z Nation,2,"Nov. 20, 2015",0.767,0.28
Z Nation,2,"Nov. 27, 2015",0.917,0.32
Z Nation,2,"Dec. 4, 2015",0.969,0.31
Z Nation,2,"Dec. 11, 2015",0.826,0.28
Z Nation,2,"Dec. 18, 2015",1.102,0.42
Z Nation,3,"Sept. 16, 2016",1.060,0.30
Z Nation,3,"Sept. 23, 2016",1.026,0.31
Z Nation,3,"Sept. 30, 2016",0.860,0.25
Z Nation,3,Oct. 7 2016,0.846,0.25
Z Nation,3,"Oct. 14, 2016",0.803,0.26
Z Nation,3,"Oct. 21, 2016",0.768,0.23
Z Nation,3,"Oct. 28, 2016",0.717,0.24
Z Nation,3,"Nov. 4, 2016",0.867,0.26
Z Nation,3,"Nov. 11, 2016",0.916,0.25
Z Nation,3,"Nov. 18, 2016",0.768,0.20
Z Nation,3,"Nov. 25, 2016",1.014,0.29
Z Nation,3,"Dec. 2, 2016",0.737,0.21
Z Nation,3,"Dec. 9, 2016",0.755,0.18
Z Nation,3,"Dec. 16, 2016",0.874,0.25
Z Nation,4,"Sept. 29, 2017",0.575,0.17
Z Nation,4,"Oct. 6, 2017",0.545,0.15
Z Nation,4,"Oct. 13, 2017",0.576,0.17
Z Nation,4,"Oct. 20, 2017",0.616,0.21
Z Nation,4,"Oct. 27, 2017",0.600,0.16
Z Nation,4,"Nov. 3, 2017",0.584,0.19
Z Nation,4,"Nov. 10, 2017",0.654,0.18
Z Nation,4,"Nov. 17, 2017",0.636,0.17
Z Nation,4,"Nov. 24, 2017",0.623,0.18
Z Nation,4,"Dec. 1, 2017",0.522,0.15
Z Nation,4,"Dec. 8, 2017",0.572,0.16
Z Nation,4,"Dec. 15, 2017",0.605,0.16
Z Nation,4,"Dec. 15, 2017",0.555,0.15
Z Nation,5,"Oct. 5, 2018",0.542,0.18
Z Nation,5,"Oct. 12, 2018",0.511,0.14
Z Nation,5,"Oct. 19, 2018",0.365,0.10
Z Nation,5,"Oct. 26, 2018",0.400,0.13
Z Nation,5,"Nov. 2, 2018",0.457,0.11
Z Nation,5,"Nov. 9, 2018",0.457,0.12
Z Nation,5,"Nov. 16, 2018",0.531,0.18
Z Nation,5,"Nov. 23, 2018",0.448,0.14
Z Nation,5,"Nov. 30, 2018",0.436,0.15
Z Nation,5,"Dec. 7, 2018",0.465,0.13
Z Nation,5,"Dec. 14, 2018",0.428,0.10
Z Nation,5,"Dec. 21, 2018",0.403,0.10
Z Nation,5,"Dec. 28, 2018",0.483,0.11
Years of Living Dangerously,1,"Apr. 13, 2014",0.294,-
Years of Living Dangerously,1,"Apr. 20, 2014",0.123,0.04
Years of Living Dangerously,1,"Apr. 27, 2014",0.144,0.04
Years of Living Dangerously,1,"May 4, 2014",0.150,0.04
Years of Living Dangerously,1,"May 12, 2014",0.129,0.04
Years of Living Dangerously,1,"May 19, 2014",0.209,0.08
Years of Living Dangerously,1,"May 26, 2014",0.116,0.03
Years of Living Dangerously,1,"Jun. 2, 2014",0.118,0.06
Years of Living Dangerously,1,"Jun. 9, 2014",0.120,0.06
Years of Living Dangerously,1,"Oct. 30, 2016",0.533,0.08
Years of Living Dangerously,1,"Nov. 2, 2016",0.229,0.07
Years of Living Dangerously,1,"Nov. 9, 2016",0.329,0.08
Years of Living Dangerously,1,"Nov. 16, 2016",0.266,0.08
Years of Living Dangerously,1,"Nov. 23, 2016",0.250,0.08
Years of Living Dangerously,1,"Nov. 30, 2016",0.247,0.08
Years of Living Dangerously,1,"Dec. 7, 2016",0.171,0.05
Years of Living Dangerously,1,"Dec. 14, 2016",0.148,0.04
The Americans,1,"Jan. 30, 2013",3.219,1.2
The Americans,1,"Feb. 6, 2013",1.966,0.8
The Americans,1,"Feb. 13, 2013",1.648,0.7
The Americans,1,"Feb. 20, 2013",1.910,0.8
The Americans,1,"Feb. 27, 2013",1.438,0.5
The Americans,1,"Mar. 6, 2013",1.878,0.7
The Americans,1,"Mar. 13, 2013",1.702,0.6
The Americans,1,"Mar. 20, 2013",1.651,0.6
The Americans,1,"Apr. 3, 2013",1.378,0.4
The Americans,1,"Apr. 10, 2013",1.503,0.6
The Americans,1,"Apr. 17, 2013",1.814,0.6
The Americans,1,"Apr. 24, 2013",1.485,0.5
The Americans,1,"May 1, 2013",1.743,0.6
The Americans,2,"Feb. 26, 2014",1.897,0.68
The Americans,2,"Mar. 5, 2014",1.458,0.56
The Americans,2,"Mar. 12, 2014",1.266,0.39
The Americans,2,"Mar. 19, 2014",1.389,0.47
The Americans,2,"Mar. 26, 2014",1.356,0.42
The Americans,2,"Apr. 2, 2014",1.205,0.42
The Americans,2,"Apr. 9, 2014",1.175,0.41
The Americans,2,"Apr. 16, 2014",1.386,0.43
The Americans,2,"Apr. 23, 2014",1.366,0.48
The Americans,2,"Apr. 30, 2014",1.274,0.39
The Americans,2,"May 7, 2014",1.119,0.33
The Americans,2,"May 14, 2014",1.269,0.35
The Americans,2,"May 21, 2014",1.292,0.46
The Americans,3,"Jan. 28, 2015",1.895,0.63
The Americans,3,"Feb. 4, 2015",0.918,0.35
The Americans,3,"Feb. 11, 2015",1.018,0.29
The Americans,3,"Feb. 18, 2015",0.972,0.24
The Americans,3,"Feb. 25, 2015",0.811,0.19
The Americans,3,"Mar. 4, 2015",0.931,0.24
The Americans,3,"Mar. 11, 2015",1.224,0.35
The Americans,3,"Mar. 18, 2015",1.125,0.31
The Americans,3,"Mar. 25, 2015",0.988,0.27
The Americans,3,"Apr. 1, 2015",0.895,0.25
The Americans,3,"Apr. 8, 2015",1.035,0.35
The Americans,3,"Apr. 15, 2015",0.975,0.27
The Americans,3,"Apr. 22, 2015",1.220,0.34
The Americans,4,"Mar. 16, 2016",1.113,0.28
The Americans,4,"Mar. 23, 2016",0.933,0.29
The Americans,4,"Mar. 30, 2016",0.820,0.24
The Americans,4,"Apr. 6, 2016",1.037,0.32
The Americans,4,"Apr. 13, 2016",0.885,0.25
The Americans,4,"Apr. 20, 2016",0.902,0.23
The Americans,4,"Apr. 27, 2016",0.895,0.22
The Americans,4,"May 4, 2016",1.021,0.30
The Americans,4,"May 11, 2016",0.895,0.23
The Americans,4,"May 18, 2016",0.817,0.25
The Americans,4,"May 25, 2016",0.805,0.21
The Americans,4,"Jun. 1, 2016",0.929,0.31
The Americans,4,"Jun. 8, 2016",0.768,0.21
The Americans,5,"Mar. 7, 2017",0.925,0.24
The Americans,5,"Mar. 14, 2017",0.944,0.24
The Americans,5,"Mar. 21, 2017",0.796,0.21
The Americans,5,"Mar. 28, 2017",0.890,0.28
The Americans,5,"Apr. 4, 2017",0.704,0.17
The Americans,5,"Apr. 11, 2017",0.706,0.18
The Americans,5,"Apr. 18, 2017",0.791,0.16
The Americans,5,"Apr. 25, 2017",0.763,0.17
The Americans,5,"May 2, 2017",0.677,0.15
The Americans,5,"May 9, 2017",0.613,0.16
The Americans,5,"May 16, 2017",0.620,0.12
The Americans,5,"May 23, 2017",0.661,0.15
The Americans,5,"May 30, 2017",0.767,0.20
The Americans,6,"Mar. 28, 2018",0.642,0.14
The Americans,6,"Apr. 4, 2018",0.616,0.15
The Americans,6,"Apr. 11, 2018",0.705,0.18
The Americans,6,"Apr. 18, 2018",0.569,0.13
The Americans,6,"Apr. 25, 2018",0.538,0.14
The Americans,6,"May 2, 2018",0.611,0.15
The Americans,6,"May 9, 2018",0.671,0.17
The Americans,6,"May 16, 2018",0.620,0.13
The Americans,6,"May 23, 2018",0.730,0.19
The Americans,6,"May 30, 2018",0.922,0.22
Fear the Walking Dead,1,"Aug. 23, 2015",10.130,4.93
Fear the Walking Dead,1,"Aug. 30, 2015",8.184,4.10
Fear the Walking Dead,1,"Sept. 13, 2015",7.185,3.62
Fear the Walking Dead,1,"Sept. 20, 2015",6.623,3.31
Fear the Walking Dead,1,"Sept. 27, 2015",6.655,3.44
Fear the Walking Dead,1,"Oct. 4, 2015",6.861,3.37
Fear the Walking Dead,2,"Apr. 10, 2016",6.674,3.08
Fear the Walking Dead,2,"Apr. 17, 2016",5.581,2.53
Fear the Walking Dead,2,"Apr. 24, 2016",4.726,2.12
Fear the Walking Dead,2,"May 1, 2016",4.803,2.15
Fear the Walking Dead,2,"May 8, 2016",4.414,1.97
Fear the Walking Dead,2,"May 15, 2016",4.486,1.94
Fear the Walking Dead,2,"May 22, 2016",4.388,1.88
Fear the Walking Dead,2,"Aug. 21, 2016",3.864,1.62
Fear the Walking Dead,2,"Aug. 28, 2016",3.661,1.59
Fear the Walking Dead,2,"Sept. 4, 2016",2.991,1.24
Fear the Walking Dead,2,"Sept. 11, 2016",3.401,1.49
Fear the Walking Dead,2,"Sept. 18, 2016",3.616,1.55
Fear the Walking Dead,2,"Sept. 25, 2016",3.491,1.48
Fear the Walking Dead,2,"Oct. 2, 2016",3.671,1.59
Fear the Walking Dead,2,"Oct. 2, 2016",3.048,1.26
Fear the Walking Dead,3,"Jun. 4, 2017",3.109,1.18
Fear the Walking Dead,3,"Jun. 4, 2017",2.698,1.04
Fear the Walking Dead,3,"Jun. 11, 2017",2.504,1.02
Fear the Walking Dead,3,"Jun. 18, 2017",2.396,0.94
Fear the Walking Dead,3,"Jun. 25, 2017",2.499,0.96
Fear the Walking Dead,3,"Jul. 2, 2017",2.193,0.83
Fear the Walking Dead,3,"Jul. 9, 2017",2.621,0.93
Fear the Walking Dead,3,"Jul. 9, 2017",2.402,0.83
Fear the Walking Dead,3,"Sept. 10, 2017",2.139,0.78
Fear the Walking Dead,3,"Sept. 17, 2017",1.985,0.74
Fear the Walking Dead,3,"Sept. 24, 2017",2.078,0.75
Fear the Walking Dead,3,"Oct. 1, 2017",2.364,0.88
Fear the Walking Dead,3,"Oct. 8, 2017",2.231,0.77
Fear the Walking Dead,3,"Oct. 15, 2017",2.230,0.80
Fear the Walking Dead,4,"Apr. 15, 2018",4.090,1.63
Fear the Walking Dead,4,"Apr. 22, 2018",3.066,1.09
Fear the Walking Dead,4,"Apr. 29, 2018",2.708,0.97
Fear the Walking Dead,4,"May 6, 2018",2.485,0.85
Fear the Walking Dead,4,"May 13, 2018",2.464,0.85
Fear the Walking Dead,4,"May 20, 2018",2.306,0.82
Fear the Walking Dead,4,"Jun. 3, 2018",1.971,0.60
Fear the Walking Dead,4,"Jun. 10, 2018",2.320,0.73
Fear the Walking Dead,4,"Aug. 12, 2018",1.878,0.68
Fear the Walking Dead,4,"Aug. 19, 2018",1.855,0.63
Fear the Walking Dead,4,"Aug. 26, 2018",1.827,0.61
Fear the Walking Dead,4,"Sept. 2, 2018",1.521,0.48
Fear the Walking Dead,4,"Sept. 9, 2018",1.712,0.57
Fear the Walking Dead,4,"Sept. 16, 2018",1.871,0.57
Fear the Walking Dead,4,"Sept. 23, 2018",2.033,0.69
Fear the Walking Dead,4,"Sept. 30, 2018",2.127,0.71
Fear the Walking Dead,5,"Jun. 2, 2019",1.966,0.59
Fear the Walking Dead,5,"Jun. 9, 2019",1.687,0.51
Fear the Walking Dead,5,"Jun. 16, 2019",1.756,0.54
Fear the Walking Dead,5,"Jun. 23, 2019",1.655,0.45
Fear the Walking Dead,5,"Jun. 30, 2019",1.708,0.46
Fear the Walking Dead,5,"Jul. 7, 2019",1.488,0.42
Fear the Walking Dead,5,"Jul. 14, 2019",1.393,0.34
Fear the Walking Dead,5,"Jul. 21, 2019",1.599,0.48
Fear the Walking Dead,5,"Aug. 11, 2019",1.402,0.38
Fear the Walking Dead,5,"Aug. 18, 2019",1.368,0.38
Fear the Walking Dead,5,"Aug. 25, 2019",1.435,0.43
Fear the Walking Dead,5,"Sept. 1, 2019",1.141,0.29
Fear the Walking Dead,5,"Sept. 8, 2019",1.446,0.41
Fear the Walking Dead,5,"Sept. 15, 2019",1.307,0.34
Fear the Walking Dead,5,"Sept. 22, 2019",1.340,0.35
Fear the Walking Dead,5,"Sept. 29, 2019",1.513,0.41
Portlandia,1,"Jan. 21, 2011",0.263,-
Portlandia,1,"Jan. 28, 2011",0.186,-
Portlandia,1,"Feb. 4, 2011",0.178,-
Portlandia,1,"Feb. 11, 2011",0.138,0.07
Portlandia,1,"Feb. 18, 2011",0.147,0.05
Portlandia,1,"Feb. 25, 2011",0.209,0.08
Portlandia,2,"Jan. 6, 2012",0.255,0.14
Portlandia,2,"Jan. 13, 2012",0.315,0.17
Portlandia,2,"Jan. 20, 2012",0.326,0.15
Portlandia,2,"Jan. 27, 2012",0.322,0.19
Portlandia,2,"Feb. 3, 2012",0.229,0.13
Portlandia,2,"Feb. 10, 2012",0.159,0.09
Portlandia,2,"Feb. 17, 2012",0.228,0.12
Portlandia,2,"Feb. 24, 2012",0.140,0.08
Portlandia,2,"Mar. 2, 2012",0.155,0.07
Portlandia,2,"Mar. 9, 2012",0.179,0.09
Portlandia,2,"Jul. 20, 2012",0.034,0.02
Portlandia,3,"Dec. 14, 2012",0.179,0.09
Portlandia,3,"Jan. 4, 2013",0.379,0.18
Portlandia,3,"Jan. 4, 2013",0.313,0.15
Portlandia,3,"Jan. 11, 2013",0.163,0.08
Portlandia,3,"Jan. 18, 2013",0.285,0.13
Portlandia,3,"Jan. 25, 2013",0.175,0.10
Portlandia,3,"Feb. 1, 2013",0.211,0.10
Portlandia,3,"Feb. 8, 2013",0.268,0.15
Portlandia,3,"Feb. 15, 2013",0.153,0.09
Portlandia,3,"Feb. 22, 2013",0.231,0.12
Portlandia,3,"Mar. 1, 2013",0.191,0.11
Portlandia,4,"Feb. 27, 2014",0.314,0.14
Portlandia,4,"Mar. 6, 2014",0.209,0.12
Portlandia,4,"Mar. 13, 2014",0.246,0.15
Portlandia,4,"Mar. 20, 2014",0.220,0.12
Portlandia,4,"Mar. 27, 2014",0.229,0.10
Portlandia,4,"Apr. 3, 2014",0.186,0.12
Portlandia,4,"Apr. 10, 2014",0.231,-
Portlandia,4,"Apr. 17, 2014",0.168,0.07
Portlandia,4,"Apr. 24, 2014",0.181,0.08
Portlandia,4,"May 1, 2014",0.191,0.09
Portlandia,5,"Jan. 8, 2015",0.218,0.11
Portlandia,5,"Jan. 15, 2015",0.223,0.11
Portlandia,5,"Jan. 22, 2015",0.230,0.10
Portlandia,5,"Jan. 29, 2015",0.184,0.11
Portlandia,5,"Feb. 5, 2015",0.159,0.09
Portlandia,5,"Feb. 12, 2015",0.140,0.09
Portlandia,5,"Feb. 19, 2015",0.194,0.11
Portlandia,5,"Feb. 26, 2015",0.169,0.09
Portlandia,5,"Mar. 5, 2015",0.218,0.11
Portlandia,5,"Mar. 12, 2015",0.248,0.12
Portlandia,6,"Jan. 21, 2016",0.207,0.11
Portlandia,6,"Jan. 28, 2016",0.159,0.07
Portlandia,6,"Feb. 4, 2016",0.152,0.07
Portlandia,6,"Feb. 11, 2016",0.163,0.08
Portlandia,6,"Feb. 18, 2016",0.165,0.07
Portlandia,6,"Feb. 25, 2016",0.116,0.05
Portlandia,6,"Mar. 3, 2016",0.136,0.06
Portlandia,6,"Mar. 10, 2016",0.127,0.06
Portlandia,6,"Mar. 17, 2016",0.131,0.06
Portlandia,6,"Mar. 24, 2016",0.120,0.05
Portlandia,7,"Jan. 5, 2017",0.161,0.07
Portlandia,7,"Jan. 12, 2017",0.134,0.04
Portlandia,7,"Jan. 19, 2017",0.121,0.06
Portlandia,7,"Jan. 26, 2017",0.126,0.07
Portlandia,7,"Feb. 2, 2017",0.175,0.09
Portlandia,7,"Feb. 9, 2017",0.122,0.05
Portlandia,7,"Feb. 16, 2017",0.145,0.06
Portlandia,7,"Feb. 23, 2017",0.115,0.06
Portlandia,7,"Mar. 2, 2017",0.109,0.05
Portlandia,7,"Mar. 9, 2017",0.126,0.04
Portlandia,8,"Jan. 18, 2018",0.152,0.05
Portlandia,8,"Jan. 25, 2018",0.104,0.03
Portlandia,8,"Feb. 1, 2018",0.100,0.02
Portlandia,8,"Feb. 8, 2018",0.130,0.05
Portlandia,8,"Feb. 15, 2018",0.124,0.03
Portlandia,8,"Feb. 22, 2018",0.100,0.04
Portlandia,8,"Mar. 1, 2018",0.100,0.03
Portlandia,8,"Mar. 8, 2018",0.108,0.03
Portlandia,8,"Mar. 15, 2018",0.084,0.03
Portlandia,8,"Mar. 22, 2018",0.136,0.03
Humans,1,"Jun. 28, 2015",1.726,0.53
Humans,1,"Jul. 5, 2015",1.091,0.32
Humans,1,"Jul. 12, 2015",1.208,0.44
Humans,1,"Jul. 19, 2015",1.049,0.33
Humans,1,"Jul. 26, 2015",1.150,0.39
Humans,1,"Aug. 2, 2015",1.026,0.34
Humans,1,"Aug. 9, 2015",1.136,0.42
Humans,1,"Aug. 16, 2015",1.078,0.35
Humans,2,"Feb. 13, 2017",0.716,0.20
Humans,2,"Feb. 20, 2017",0.566,0.17
Humans,2,"Feb. 27, 2017",0.418,0.12
Humans,2,"Mar. 6, 2017",0.457,0.12
Humans,2,"Mar. 13, 2017",0.435,0.13
Humans,2,"Mar. 13, 2017",0.435,0.13
Humans,2,"Mar. 20, 2017",0.360,0.11
Humans,2,"Mar. 20, 2017",0.311,0.10
Humans,3,"Jun. 5, 2018",0.526,0.13
Humans,3,"Jun. 12, 2018",0.419,0.08
Humans,3,"Jun. 19, 2018",0.384,0.08
Humans,3,"Jun. 26, 2018",0.383,0.09
Humans,3,"Jul. 3, 2018",0.291,0.07
Humans,3,"Jul. 10, 2018",0.237,0.07
Humans,3,"Jul. 17, 2018",0.298,0.08
Humans,3,"Jul. 24, 2018",0.286,0.05
Queer Eye for the Straight Guy,1,"Jul. 15, 2003",1.642,0.9
Queer Eye for the Straight Guy,1,"Jul. 15, 2003",1.436,0.8
Queer Eye for the Straight Guy,1,"Jul. 22, 2003",1.569,0.9
Queer Eye for the Straight Guy,1,"Jul. 29, 2003",2.753,1.6
Queer Eye for the Straight Guy,1,"Aug. 5, 2003",2.681,1.6
Queer Eye for the Straight Guy,1,"Aug. 12, 2003",2.267,1.3
Queer Eye for the Straight Guy,1,"Aug. 19, 2003",2.932,1.7
Queer Eye for the Straight Guy,1,"Aug. 26, 2003",3.088,1.7
Queer Eye for the Straight Guy,1,"Sept. 2, 2003",3.349,2.0
Queer Eye for the Straight Guy,1,"Sept. 16, 2003",2.797,1.6
Queer Eye for the Straight Guy,1,"Sept. 23, 2003",2.388,1.3
Queer Eye for the Straight Guy,1,"Nov. 18, 2003",2.816,1.6
Queer Eye for the Straight Guy,1,"Nov. 25, 2003",2.167,1.2
Queer Eye for the Straight Guy,1,"Dec. 2, 2003",2.464,1.4
Queer Eye for the Straight Guy,1,"Dec. 9, 2003",2.010,1.0
Queer Eye for the Straight Guy,1,"Dec. 16, 2003",2.922,1.7
Queer Eye for the Straight Guy,1,"Feb. 17, 2004",2.197,1.3
Queer Eye for the Straight Guy,1,"Feb. 24, 2004",1.680,0.9
Queer Eye for the Straight Guy,1,"Mar. 2, 2004",1.762,1.0
Queer Eye for the Straight Guy,1,"Mar. 9, 2004",2.364,1.3
Queer Eye for the Straight Guy,1,"Mar. 16, 2004",1.785,1.0
Queer Eye for the Straight Guy,1,"Mar. 23, 2004",2.114,1.2
Queer Eye for the Straight Guy,1,"Apr. 6, 2004",1.446,0.9
Queer Eye for the Straight Guy,1,"Apr. 13, 2004",1.650,0.9
Queer Eye for the Straight Guy,1,"Apr. 20, 2004",1.497,0.8
Queer Eye for the Straight Guy,2,"Jun. 1, 2004",2.175,1.2
Queer Eye for the Straight Guy,2,"Jun. 8, 2004",1.847,0.9
Queer Eye for the Straight Guy,2,"Jun. 15, 2004",1.815,0.8
Queer Eye for the Straight Guy,2,"Jun. 22, 2004",1.348,0.7
Queer Eye for the Straight Guy,2,"Jun. 29, 2004",1.959,0.9
Queer Eye for the Straight Guy,2,"Jul. 6, 2004",1.280,0.7
Queer Eye for the Straight Guy,2,"Jul. 13, 2004",-,-
Queer Eye for the Straight Guy,2,"Jul. 20, 2004",1.447,0.8
Queer Eye for the Straight Guy,2,"Jul. 27, 2004",1.302,0.7
Queer Eye for the Straight Guy,2,"Aug. 3, 2004",1.066,0.5
Queer Eye for the Straight Guy,2,"Aug. 10, 2004",1.721,0.9
Queer Eye for the Straight Guy,2,"Aug. 31, 2004",1.287,0.6
Queer Eye for the Straight Guy,2,"Sept. 7, 2004",1.297,0.6
Queer Eye for the Straight Guy,2,"Sept. 14, 2004",0.940,0.5
Queer Eye for the Straight Guy,2,"Sept. 21, 2004",0.868,0.4
Queer Eye for the Straight Guy,2,"Nov. 2, 2004",0.663,0.3
Queer Eye for the Straight Guy,2,"Nov. 23, 2004",0.627,0.3
Queer Eye for the Straight Guy,2,"Dec. 7, 2004",0.773,0.4
Queer Eye for the Straight Guy,2,"Jan. 11, 2005",1.468,0.8
Queer Eye for the Straight Guy,2,"Jan. 18, 2005",0.839,0.4
Queer Eye for the Straight Guy,2,"Jan. 25, 2005",1.011,0.5
Queer Eye for the Straight Guy,2,"Feb. 1, 2005",0.968,0.5
Queer Eye for the Straight Guy,2,"Feb. 15, 2005",0.892,0.4
Queer Eye for the Straight Guy,2,"Feb. 22, 2005",1.005,0.5
Queer Eye for the Straight Guy,2,"Mar. 1, 2005",0.619,0.3
Queer Eye for the Straight Guy,2,"Mar. 8, 2005",0.922,0.5
Queer Eye for the Straight Guy,2,"Mar. 15, 2005",0.668,0.3
Queer Eye for the Straight Guy,2,"Mar. 29, 2005",0.765,0.3
Queer Eye for the Straight Guy,2,"Apr. 5, 2005",0.885,0.5
Queer Eye for the Straight Guy,2,"Apr. 12, 2005",0.871,0.5
Queer Eye for the Straight Guy,3,"Jun. 7, 2005",1.199,0.6
Queer Eye for the Straight Guy,3,"Jun. 14, 2005",0.738,0.4
Queer Eye for the Straight Guy,3,"Jun. 21, 2005",0.630,0.3
Queer Eye for the Straight Guy,3,"Jun. 28, 2005",0.622,0.3
Queer Eye for the Straight Guy,3,"Jul. 5, 2005",1.035,0.5
Queer Eye for the Straight Guy,3,"Jul. 12, 2005",0.927,0.5
Queer Eye for the Straight Guy,3,"Jul. 19, 2005",0.995,0.5
Queer Eye for the Straight Guy,3,"Jul. 26, 2005",0.558,0.3
Queer Eye for the Straight Guy,3,"Aug. 2, 2005",0.604,0.3
Queer Eye for the Straight Guy,3,"Aug. 9, 2005",0.685,0.3
Queer Eye for the Straight Guy,3,"Aug. 16, 2005",0.706,0.4
Queer Eye for the Straight Guy,3,"Dec. 6, 2005",0.475,0.2
Queer Eye for the Straight Guy,3,"Dec. 13, 2005",0.421,0.2
Queer Eye for the Straight Guy,3,"Dec. 20, 2005",0.365,0.2
Queer Eye for the Straight Guy,3,"Jan. 3, 2006",0.539,0.3
Queer Eye for the Straight Guy,3,"Jan. 10, 2006",0.366,0.2
Queer Eye for the Straight Guy,3,"Jan. 17, 2006",0.446,0.2
Queer Eye for the Straight Guy,3,"Jan. 24, 2006",0.447,0.2
Queer Eye for the Straight Guy,3,"Feb. 7, 2006",0.402,0.2
Queer Eye for the Straight Guy,4,"Jun. 6, 2006",0.753,0.3
Queer Eye for the Straight Guy,4,"Jun. 13, 2006",0.317,0.2
Queer Eye for the Straight Guy,4,"Jun. 20, 2006",0.383,0.2
Queer Eye for the Straight Guy,4,"Jun. 27, 2006",0.585,0.3
Queer Eye for the Straight Guy,4,"Jul. 4, 2006",0.360,0.2
Queer Eye for the Straight Guy,4,"Jul. 11, 2006",0.352,0.1
Queer Eye for the Straight Guy,4,"Jul. 18, 2006",0.637,0.3
Queer Eye for the Straight Guy,4,"Jul. 25, 2006",0.413,0.1
Queer Eye for the Straight Guy,4,"Aug. 1, 2006",0.550,0.3
Queer Eye for the Straight Guy,4,"Aug. 8, 2006",0.376,0.2
Queer Eye for the Straight Guy,4,"Aug. 15, 2006",0.537,0.3
Queer Eye for the Straight Guy,4,"Aug. 22, 2006",0.405,0.2
Queer Eye for the Straight Guy,4,"Aug. 29, 2006",0.573,0.3
Queer Eye for the Straight Guy,4,"Sept. 5, 2006",0.441,0.2
Queer Eye for the Straight Guy,4,"Sept. 12, 2006",0.435,0.2
Queer Eye for the Straight Guy,4,"Sept. 19, 2006",0.437,0.2
Queer Eye for the Straight Guy,5,"Oct. 2, 2007",0.282,0.1
Queer Eye for the Straight Guy,5,"Oct. 2, 2007",0.545,0.3
Queer Eye for the Straight Guy,5,"Oct. 9, 2007",0.419,0.2
Queer Eye for the Straight Guy,5,"Oct. 9, 2007",0.294,0.1
Queer Eye for the Straight Guy,5,"Oct. 16, 2007",0.273,0.1
Queer Eye for the Straight Guy,5,"Oct. 16, 2007",0.445,0.2
Queer Eye for the Straight Guy,5,"Oct. 23, 2007",0.362,0.2
Queer Eye for the Straight Guy,5,"Oct. 23, 2007",0.384,0.2
Queer Eye for the Straight Guy,5,"Oct. 30, 2007",0.365,0.1
Queer Eye for the Straight Guy,5,"Oct. 30, 2007",0.448,0.2
The Lying Game,1,"Aug. 15, 2011",1.386,0.5
The Lying Game,1,"Aug. 22, 2011",1.470,0.5
The Lying Game,1,"Aug. 29, 2011",1.310,0.5
The Lying Game,1,"Sept. 5, 2011",1.458,0.5
The Lying Game,1,"Sept. 12, 2011",1.302,0.4
The Lying Game,1,"Sept. 19, 2011",1.193,0.4
The Lying Game,1,"Sept. 26, 2011",1.064,0.4
The Lying Game,1,"Oct. 3, 2011",1.228,0.5
The Lying Game,1,"Oct. 10, 2011",1.101,0.5
The Lying Game,1,"Oct. 17, 2011",1.278,0.5
The Lying Game,1,"Jan. 2, 2012",1.761,0.7
The Lying Game,1,"Jan. 9, 2012",1.508,0.6
The Lying Game,1,"Jan. 16, 2012",1.704,0.7
The Lying Game,1,"Jan. 23, 2012",1.656,0.7
The Lying Game,1,"Jan. 30, 2012",1.682,0.7
The Lying Game,1,"Feb. 6, 2012",1.413,0.6
The Lying Game,1,"Feb. 13, 2012",1.248,0.5
The Lying Game,1,"Feb. 20, 2012",1.316,0.4
The Lying Game,1,"Feb. 27, 2012",1.203,0.5
The Lying Game,1,"Mar. 5, 2012",1.241,0.5
The Lying Game,2,"Jan. 8, 2013",1.552,0.6
The Lying Game,2,"Jan. 15, 2013",1.217,0.5
The Lying Game,2,"Jan. 22, 2013",1.281,0.6
The Lying Game,2,"Jan. 29, 2013",1.363,0.6
The Lying Game,2,"Feb. 5, 2013",1.245,0.6
The Lying Game,2,"Feb. 12, 2013",1.222,0.5
The Lying Game,2,"Feb. 19, 2013",1.304,0.4
The Lying Game,2,"Feb. 26, 2013",1.234,0.5
The Lying Game,2,"Mar. 5, 2013",1.218,0.5
The Lying Game,2,"Mar. 12, 2013",1.105,0.5
Better Call Saul,1,"Feb. 8, 2015",6.881,3.43
Better Call Saul,1,"Feb. 9, 2015",3.418,1.63
Better Call Saul,1,"Feb. 16, 2015",3.233,1.58
Better Call Saul,1,"Feb. 23, 2015",2.870,1.38
Better Call Saul,1,"Mar. 2, 2015",2.708,1.22
Better Call Saul,1,"Mar. 9, 2015",2.573,1.26
Better Call Saul,1,"Mar. 16, 2015",2.669,1.31
Better Call Saul,1,"Mar. 23, 2015",2.872,1.33
Better Call Saul,1,"Mar. 30, 2015",2.381,1.13
Better Call Saul,1,"Apr. 6, 2015",2.532,1.19
Better Call Saul,2,"Feb. 15, 2016",2.573,1.06
Better Call Saul,2,"Feb. 22, 2016",2.228,0.98
Better Call Saul,2,"Feb. 29, 2016",2.201,0.99
Better Call Saul,2,"Mar. 7, 2016",2.199,0.94
Better Call Saul,2,"Mar. 14, 2016",1.992,0.81
Better Call Saul,2,"Mar. 21, 2016",2.105,0.87
Better Call Saul,2,"Mar. 28, 2016",2.031,0.78
Better Call Saul,2,"Apr. 4, 2016",1.930,0.81
Better Call Saul,2,"Apr. 11, 2016",2.059,0.82
Better Call Saul,2,"Apr. 18, 2016",2.263,0.85
Better Call Saul,3,"Apr. 10, 2017",1.813,0.70
Better Call Saul,3,"Apr. 17, 2017",1.463,0.54
Better Call Saul,3,"Apr. 24, 2017",1.524,0.52
Better Call Saul,3,"May 1, 2017",1.562,0.58
Better Call Saul,3,"May 8, 2017",1.756,0.65
Better Call Saul,3,"May 15, 2017",1.715,0.63
Better Call Saul,3,"May 22, 2017",1.650,0.67
Better Call Saul,3,"Jun. 5, 2017",1.633,0.52
Better Call Saul,3,"Jun. 12, 2017",1.472,0.45
Better Call Saul,3,"Jun. 19, 2017",1.851,0.62
Better Call Saul,4,"Aug. 6, 2018",1.768,0.56
Better Call Saul,4,"Aug. 13, 2018",1.548,0.43
Better Call Saul,4,"Aug. 20, 2018",1.508,0.43
Better Call Saul,4,"Aug. 27, 2018",1.529,0.39
Better Call Saul,4,"Sept. 3, 2018",1.525,0.43
Better Call Saul,4,"Sept. 10, 2018",1.401,0.39
Better Call Saul,4,"Sept. 17, 2018",1.350,0.41
Better Call Saul,4,"Sept. 24, 2018",1.370,0.47
Better Call Saul,4,"Oct. 1, 2018",1.353,0.45
Better Call Saul,4,"Oct. 8, 2018",1.526,0.47
Better Call Saul,5,"Feb. 23, 2020",1.597,0.49
Better Call Saul,5,"Feb. 24, 2010",1.056,0.27
Better Call Saul,5,"Mar. 2, 2020",1.181,0.32
Better Call Saul,5,"Mar. 9, 2020",1.222,0.33
Better Call Saul,5,"Mar. 16, 2020",1.454,0.40
Better Call Saul,5,"Mar. 23, 2020",1.400,0.34
Better Call Saul,5,"Mar. 30, 2020",1.302,0.33
Better Call Saul,5,"Apr. 6, 2020",1.417,0.32
Better Call Saul,5,"Apr. 13, 2020",1.513,0.39
Better Call Saul,5,"Apr. 20, 2020",1.586,0.39
Better Call Saul,6,"Apr. 18, 2022",1.418,0.31
Better Call Saul,6,"Apr. 18, 2022",1.164,0.24
Better Call Saul,6,"Apr. 25, 2022",1.160,0.26
Better Call Saul,6,"May 2, 2022",1.162,0.27
Better Call Saul,6,"May 9, 2022",1.217,0.26
Better Call Saul,6,"May 16, 2022",1.134,0.28
Better Call Saul,6,"May 23, 2022",1.187,0.26
Channel Zero,1,"Oct. 11, 2016",0.761,0.25
Channel Zero,1,"Oct. 18, 2016",0.626,0.24
Channel Zero,1,"Oct. 25, 2016",0.552,0.22
Channel Zero,1,"Nov. 1, 2016",0.465,0.16
Channel Zero,1,"Nov. 8, 2016",0.435,0.12
Channel Zero,1,"Nov. 15, 2016",0.421,0.15
Channel Zero,2,"Sept. 20, 2017",0.392,0.13
Channel Zero,2,"Sept. 27, 2017",0.375,0.11
Channel Zero,2,"Oct. 4, 2017",0.406,0.16
Channel Zero,2,"Oct. 11, 2017",0.477,0.18
Channel Zero,2,"Oct. 18, 2017",0.407,0.14
Channel Zero,2,"Oct. 25, 2017",0.374,0.11
Channel Zero,3,"Feb. 7, 2018",0.378,0.09
Channel Zero,3,"Feb. 14, 2018",0.330,0.10
Channel Zero,3,"Feb. 21, 2018",0.282,0.09
Channel Zero,3,"Feb. 28, 2018",0.254,0.08
Channel Zero,3,"Mar. 7, 2018",0.269,0.07
Channel Zero,3,"Mar. 14, 2018",0.335,0.09
Channel Zero,4,"Oct. 26, 2018",0.322,0.10
Channel Zero,4,"Oct. 27, 2018",0.324,0.06
Channel Zero,4,"Oct. 28, 2018",0.273,0.10
Channel Zero,4,"Oct. 29, 2018",0.173,0.04
Channel Zero,4,"Oct. 30, 2018",0.257,0.06
Channel Zero,4,"Oct. 31, 2018",0.239,0.07
Hollywood Darlings,1,"Apr. 5, 2017",0.103,0.03
Hollywood Darlings,1,"Apr. 12, 2017",0.118,0.03
Hollywood Darlings,1,"Apr. 19, 2017",0.176,0.03
Hollywood Darlings,1,"Apr. 26, 2017",0.147,0.04
Hollywood Darlings,1,"May 3, 2017",0.160,0.04
Hollywood Darlings,1,"May 10, 2017",0.191,0.04
Hollywood Darlings,1,"May 17, 2017",0.111,0.02
Hollywood Darlings,1,"May 24, 2017",0.109,0.03
Hollywood Darlings,1,"May 31, 2017",0.138,0.05
Hollywood Darlings,2,"Apr. 11, 2018",0.093,0.04
Hollywood Darlings,2,"Apr. 18, 2018",0.141,0.03
Hollywood Darlings,2,"Apr. 25, 2018",0.100,0.03
Hollywood Darlings,2,"May 2, 2018",0.083,0.01
Hollywood Darlings,2,"May 9, 2018",0.120,0.04
Hollywood Darlings,2,"May 16, 2018",0.117,0.03
Hollywood Darlings,2,"May 23, 2018",0.105,0.03
Hollywood Darlings,2,"May 30, 2018",0.119,0.04
Hollywood Darlings,2,"Jun. 6, 2018",0.114,0.03
Baroness Von Sketch Show,1,"Aug. 2, 2017",0.130,0.03
Baroness Von Sketch Show,1,"Aug. 9, 2017",0.108,0.03
Baroness Von Sketch Show,1,"Aug. 16, 2017",0.076,0.01
Baroness Von Sketch Show,1,"Aug. 23, 2017",0.095,0.04
Baroness Von Sketch Show,1,"Aug. 30, 2017",0.106,0.05
Baroness Von Sketch Show,1,"Sept. 6, 2017",0.116,0.04
Baroness Von Sketch Show,2,"Sept. 13, 2017",0.069,0.02
Baroness Von Sketch Show,2,"Sept. 20, 2017",0.068,0.03
Baroness Von Sketch Show,2,"Sept. 27, 2017",0.127,0.03
Baroness Von Sketch Show,2,"Oct. 4, 2017",0.090,0.02
Baroness Von Sketch Show,2,"Oct. 11, 2017",0.110,0.04
Baroness Von Sketch Show,2,"Oct. 18, 2017",0.107,0.06
Baroness Von Sketch Show,2,"Oct. 25, 2017",0.086,0.02
Baroness Von Sketch Show,3,"Nov. 8, 2018",0.093,0.04
Baroness Von Sketch Show,3,"Nov. 8, 2018",0.066,0.03
Baroness Von Sketch Show,3,"Nov. 15, 2018",0.118,0.06
Baroness Von Sketch Show,3,"Nov. 15, 2018",0.096,0.04
Baroness Von Sketch Show,3,"Nov. 29, 2018",0.079,0.02
Baroness Von Sketch Show,3,"Nov. 29, 2018",0.069,0.02
Baroness Von Sketch Show,3,"Dec. 6, 2018",0.074,0.02
Baroness Von Sketch Show,3,"Dec. 13, 2018",0.143,0.03
Baroness Von Sketch Show,3,"Dec. 20, 2018",0.110,0.03
Baroness Von Sketch Show,3,"Dec. 20, 2018",0.069,0.02
Baroness Von Sketch Show,4,"Oct. 30, 2019",0.068,0.04
Baroness Von Sketch Show,4,"Oct. 30, 2019",0.047,0.03
Baroness Von Sketch Show,4,"Nov. 6, 2019",0.084,0.04
Baroness Von Sketch Show,4,"Nov. 6, 2019",0.026,0.01
Baroness Von Sketch Show,4,"Nov. 13, 2019",0.036,0.01
Baroness Von Sketch Show,4,"Nov. 13, 2019",0.025,0.01
Baroness Von Sketch Show,4,"Nov. 20, 2019",0.072,0.02
Baroness Von Sketch Show,4,"Nov. 20, 2019",0.037,0.01
Baroness Von Sketch Show,4,"Nov. 27, 2019",0.078,0.02
Baroness Von Sketch Show,4,"Nov. 27, 2019",0.041,0.01
Baroness Von Sketch Show,5,"Oct. 14, 2020",0.031,0.01
Baroness Von Sketch Show,5,"Oct. 21, 2020",0.109,0.04
Baroness Von Sketch Show,5,"Oct. 28, 2020",0.036,0.01
Baroness Von Sketch Show,5,"Nov. 4, 2020",0.057,0.01
Baroness Von Sketch Show,5,"Nov. 11, 2020",0.051,0.01
Baroness Von Sketch Show,5,"Nov. 18, 2020",0.025,0.01
Baroness Von Sketch Show,5,"Nov. 25, 2020",0.036,0.01
Baroness Von Sketch Show,5,"Dec. 2, 2020",0.065,0.02
Baroness Von Sketch Show,5,"Feb. 24, 2021",0.126,0.01
Baroness Von Sketch Show,5,"Mar. 3, 2021",0.131,0.03
Baroness Von Sketch Show,5,"Mar. 10, 2021",0.141,0.04
Baroness Von Sketch Show,5,"Mar. 17, 2021",0.130,0.03
Baroness Von Sketch Show,5,"Mar. 24, 2021",0.114,0.02
Queen of the South,1,"Jun. 23, 2016",1.389,0.45
Queen of the South,1,"Jun. 30, 2016",1.352,0.48
Queen of the South,1,"Jul. 7, 2016",1.255,0.38
Queen of the South,1,"Jul. 14, 2016",1.258,0.42
Queen of the South,1,"Jul. 21, 2016",1.216,0.39
Queen of the South,1,"Jul. 28, 2016",1.220,0.42
Queen of the South,1,"Aug. 4, 2016",1.205,0.37
Queen of the South,1,"Aug. 11, 2016",1.059,0.32
Queen of the South,1,"Aug. 18, 2016",1.051,0.35
Queen of the South,1,"Aug. 25, 2016",1.203,0.37
Queen of the South,1,"Sept. 1, 2016",1.162,0.30
Queen of the South,1,"Sept. 8, 2016",1.119,0.36
Queen of the South,1,"Sept. 15, 2016",1.353,0.40
Queen of the South,2,"Jun. 8, 2017",1.248,0.40
Queen of the South,2,"Jun. 15, 2017",1.266,0.42
Queen of the South,2,"Jun. 22, 2017",1.076,0.37
Queen of the South,2,"Jun. 29, 2017",0.904,0.31
Queen of the South,2,"Jul. 6, 2017",1.110,0.41
Queen of the South,2,"Jul. 13, 2017",1.104,0.38
Queen of the South,2,"Jul. 20, 2017",1.180,0.38
Queen of the South,2,"Jul. 27, 2017",1.162,0.41
Queen of the South,2,"Aug. 3, 2017",1.015,0.31
Queen of the South,2,"Aug. 10, 2017",1.179,0.38
Queen of the South,2,"Aug. 17, 2017",1.238,0.42
Queen of the South,2,"Aug. 24, 2017",1.240,0.40
Queen of the South,2,"Aug. 31, 2017",1.332,0.39
Queen of the South,3,"Jun. 21, 2018",1.240,0.41
Queen of the South,3,"Jun. 28, 2018",1.023,0.32
Queen of the South,3,"Jul. 5, 2018",1.024,0.31
Queen of the South,3,"Jul. 12, 2018",1.215,0.40
Queen of the South,3,"Jul. 19, 2018",1.122,0.40
Queen of the South,3,"Jul. 26, 2018",1.094,0.35
Queen of the South,3,"Aug. 2, 2018",1.090,0.33
Queen of the South,3,"Aug. 9, 2018",1.049,0.35
Queen of the South,3,"Aug. 16, 2018",1.187,0.35
Queen of the South,3,"Aug. 23, 2018",1.135,0.37
Queen of the South,3,"Aug. 30, 2018",1.180,0.37
Queen of the South,3,"Sept. 6, 2018",1.140,0.38
Queen of the South,3,"Sept. 13, 2018",1.220,0.41
Queen of the South,4,"Jun. 6, 2019",0.988,0.32
Queen of the South,4,"Jun. 13, 2019",0.790,0.27
Queen of the South,4,"Jun. 20, 2019",0.863,0.27
Queen of the South,4,"Jun. 27, 2019",0.832,0.28
Queen of the South,4,"Jul. 4, 2019",0.720,0.22
Queen of the South,4,"Jul. 11, 2019",0.868,0.28
Queen of the South,4,"Jul. 18, 2019",0.938,0.28
Queen of the South,4,"Jul. 25, 2019",1.028,0.34
Queen of the South,4,"Aug. 1, 2019",1.056,0.32
Queen of the South,4,"Aug. 8, 2019",0.894,0.29
Queen of the South,4,"Aug. 15, 2019",0.886,0.26
Queen of the South,4,"Aug. 22, 2019",1.063,0.31
Queen of the South,4,"Aug. 29, 2019",1.035,0.31
Queen of the South,5,"Apr. 7, 2021",0.687,0.23
Queen of the South,5,"Apr. 14, 2021",0.656,0.19
Queen of the South,5,"Apr. 21, 2021",0.562,0.14
Queen of the South,5,"Apr. 28, 2021",0.766,0.23
Queen of the South,5,"May 5, 2021",0.704,0.17
Queen of the South,5,"May 12, 2021",0.707,0.19
Queen of the South,5,"May 19, 2021",0.670,0.16
Queen of the South,5,"May 26, 2021",0.640,0.20
Queen of the South,5,"Jun. 2, 2021",0.793,0.18
Queen of the South,5,"Jun. 9, 2021",0.894,0.24
Justified,1,"Mar. 16, 2010",4.158,1.5/5
Justified,1,"Mar. 23, 2010",3.536,1.4/4
Justified,1,"Mar. 30, 2010",2.308,0.9/3
Justified,1,"Apr. 6, 2010",2.100,0.85/2
Justified,1,"Apr. 13, 2010",2.407,0.9/3
Justified,1,"Apr. 20, 2010",2.058,0.8/2
Justified,1,"Apr. 27, 2010",2.257,0.8/2
Justified,1,"May 4, 2010",2.456,0.9/3
Justified,1,"May 11, 2010",2.088,0.8/2
Justified,1,"May 18, 2010",2.082,0.8/2
Justified,1,"May 25, 2010",1.814,0.7/2
Justified,1,"Jun. 1, 2010",2.129,0.8/2
Justified,1,"Jun. 8, 2010",2.031,0.8/2
Justified,2,"Feb. 9, 2011",3.466,1.3/4
Justified,2,"Feb. 16, 2011",2.413,0.9/3
Justified,2,"Feb. 23, 2011",2.598,0.9/3
Justified,2,"Mar. 2, 2011",2.635,1.0/3
Justified,2,"Mar. 9, 2011",2.714,1.0/3
Justified,2,"Mar. 16, 2011",2.366,0.8/2
Justified,2,"Mar. 23, 2011",2.224,0.7/2
Justified,2,"Mar. 30, 2011",2.642,0.9/2
Justified,2,"Apr. 6, 2011",2.787,0.9/2
Justified,2,"Apr. 13, 2011",2.498,0.9/2
Justified,2,"Apr. 20, 2011",2.503,0.9/2
Justified,2,"Apr. 27, 2011",2.918,0.9/2
Justified,2,"May 4, 2011",2.676,0.9/2
Justified,3,"Jan. 17, 2012",3.065,1.0
Justified,3,"Jan. 24, 2012",2.709,0.9
Justified,3,"Jan. 31, 2012",2.710,1.1
Justified,3,"Feb. 7, 2012",2.210,0.9
Justified,3,"Feb. 14, 2012",2.130,0.8
Justified,3,"Feb. 21, 2012",2.015,0.8
Justified,3,"Feb. 28, 2012",2.147,0.9
Justified,3,"Mar. 6, 2012",2.164,0.8
Justified,3,"Mar. 13, 2012",2.262,0.9
Justified,3,"Mar. 20, 2012",2.323,0.9
Justified,3,"Mar. 27, 2012",2.491,0.9
Justified,3,"Apr. 3, 2012",2.465,0.8
Justified,3,"Apr. 10, 2012",2.660,1.1
Justified,4,"Jan. 8, 2013",3.594,1.3
Justified,4,"Jan. 15, 2013",2.448,0.9
Justified,4,"Jan. 22, 2013",2.436,1.0
Justified,4,"Jan. 29, 2013",2.076,0.9
Justified,4,"Feb. 5, 2013",2.424,0.9
Justified,4,"Feb. 12, 2013",2.298,0.9
Justified,4,"Feb. 19, 2013",2.146,0.8
Justified,4,"Feb. 26, 2013",2.181,0.8
Justified,4,"Mar. 5, 2013",2.316,0.9
Justified,4,"Mar. 12, 2013",2.395,0.9
Justified,4,"Mar. 19, 2013",2.451,0.9
Justified,4,"Mar. 26, 2013",2.441,0.8
Justified,4,"Apr. 2, 2013",2.249,0.7
Justified,5,"Jan. 7, 2014",2.839,1.12
Justified,5,"Jan. 14, 2014",2.227,0.83
Justified,5,"Jan. 21, 2014",2.502,0.92
Justified,5,"Jan. 28, 2014",2.355,0.82
Justified,5,"Feb. 4, 2014",2.385,0.87
Justified,5,"Feb. 11, 2014",2.326,0.85
Justified,5,"Feb. 25, 2014",2.104,0.73
Justified,5,"Mar. 4, 2014",2.323,0.90
Justified,5,"Mar. 11, 2014",2.243,0.78
Justified,5,"Mar. 18, 2014",2.043,0.66
Justified,5,"Mar. 25, 2014",2.050,0.63
Justified,5,"Apr. 1, 2014",2.039,0.60
Justified,5,"Apr. 8, 2014",2.367,0.78
Justified,6,"Jan. 20, 2015",2.172,0.60
Justified,6,"Jan. 27, 2015",1.714,0.50
Justified,6,"Feb. 3, 2015",2.008,0.67
Justified,6,"Feb. 10, 2015",1.646,0.51
Justified,6,"Feb. 17, 2015",1.726,0.48
Justified,6,"Feb. 24, 2015",1.810,0.46
Justified,6,"Mar. 3, 2015",1.734,0.48
Justified,6,"Mar. 10, 2015",1.804,0.56
Justified,6,"Mar. 17, 2015",1.806,0.55
Justified,6,"Mar. 24, 2015",1.718,0.47
Justified,6,"Mar. 31, 2015",1.963,0.56
Justified,6,"Apr. 7, 2015",1.825,0.53
Justified,6,"Apr. 14, 2015",2.242,0.65
Loaded,1,"Jul. 17, 2017",0.276,0.08
Loaded,1,"Jul. 24, 2017",0.242,0.08
Loaded,1,"Jul. 31, 2017",0.289,0.12
Loaded,1,"Aug. 7, 2017",0.221,0.07
Loaded,1,"Aug. 14, 2017",0.176,0.05
Loaded,1,"Aug. 21, 2017",0.178,0.04
Loaded,1,"Aug. 28, 2017",0.127,0.02
Loaded,1,"Sept. 4, 2017",0.145,0.05
Hindsight,1,"Jan. 7, 2015",0.367,0.18
Hindsight,1,"Jan. 14, 2015",0.226,0.10
Hindsight,1,"Jan. 21, 2015",0.298,0.16
Hindsight,1,"Jan. 28, 2015",0.320,0.19
Hindsight,1,"Feb. 4, 2015",0.280,0.15
Hindsight,1,"Feb. 11, 2015",0.284,0.14
Hindsight,1,"Feb. 18, 2015",0.175,0.10
Hindsight,1,"Feb. 25, 2015",0.205,0.13
Hindsight,1,"Mar. 4, 2015",0.227,0.12
Hindsight,1,"Mar. 11, 2015",0.249,0.17
Rock this Boat,1,"Jan. 14, 2015",0.219,0.09
Rock this Boat,1,"Jan. 14, 2015",0.219,0.09
Rock this Boat,1,"Jan. 21, 2015",0.118,0.03
Rock this Boat,1,"Jan. 28, 2015",0.189,0.07
Rock this Boat,1,"Feb. 4, 2015",0.153,0.05
Rock this Boat,1,"Feb. 11, 2015",0.184,0.06
Rock this Boat,1,"Feb. 11, 2015",0.184,0.06
Rock this Boat,1,"Feb. 18, 2015",0.116,0.05
Rock this Boat,1,"Feb. 25, 2015",0.149,0.05
Rock this Boat,2,"Jun. 1, 2016",0.068,0.03
Rock this Boat,2,"Jun. 8, 2016",0.082,0.02
Rock this Boat,2,"Jun. 15, 2016",0.141,0.03
Rock this Boat,2,"Jun. 22, 2016",0.189,0.06
Rock this Boat,2,"Jun. 29, 2016",0.141,0.03
Rock this Boat,2,"Jul. 6, 2016",0.128,0.03
Rock this Boat,2,"Jul. 13, 2016",0.155,0.04
Rock this Boat,2,"Jul. 20, 2016",0.118,0.04
Rock this Boat,2,"Jul. 27, 2016",0.106,0.04
Girls,1,"Apr. 15, 2012",0.872,0.4
Girls,1,"Apr. 22, 2012",0.858,0.4
Girls,1,"Apr. 29, 2012",0.816,0.4
Girls,1,"May 6, 2012",0.743,0.4
Girls,1,"May 13, 2012",0.830,0.5
Girls,1,"May 20, 2012",0.678,0.4
Girls,1,"May 27, 2012",0.868,0.5
Girls,1,"Jun. 3, 2012",1.094,0.6
Girls,1,"Jun. 10, 2012",0.866,0.5
Girls,1,"Jun. 17, 2012",1.004,0.5
Girls,2,"Jan. 13, 2013",0.866,0.5
Girls,2,"Jan. 20, 2013",0.572,0.3
Girls,2,"Jan. 27, 2013",0.759,0.5
Girls,2,"Feb. 2, 2013",0.516,0.2
Girls,2,"Feb. 10, 2013",0.746,0.4
Girls,2,"Feb. 17, 2013",0.686,0.4
Girls,2,"Feb. 24, 2013",0.484,0.3
Girls,2,"Mar. 3, 2013",0.673,0.4
Girls,2,"Mar. 10, 2013",0.677,0.4
Girls,2,"Mar. 17, 2013",0.632,0.4
Girls,3,"Jan. 12, 2014",1.107,0.60
Girls,3,"Jan. 12, 2014",0.881,0.49
Girls,3,"Jan. 19, 2014",0.799,0.42
Girls,3,"Jan. 26, 2014",0.655,0.34
Girls,3,"Feb. 1, 2014",0.278,0.13
Girls,3,"Feb. 2, 2014*",0.264,0.11
Girls,3,"Feb. 9, 2014",0.833,0.49
Girls,3,"Feb. 16, 2014",0.942,0.48
Girls,3,"Feb. 23, 2014",0.916,0.48
Girls,3,"Mar. 2, 2014",0.801,0.45
Girls,3,"Mar. 9, 2014",1.036,0.55
Girls,3,"Mar. 16, 2014",0.719,0.40
Girls,3,"Mar. 23, 2014",0.670,0.38
Girls,4,"Jan. 11, 2015",0.680,0.39
Girls,4,"Jan. 18, 2015",0.797,0.38
Girls,4,"Jan. 25, 2015",0.721,0.31
Girls,4,"Feb. 8, 2015",0.406,0.21
Girls,4,"Feb. 15, 2015",0.385,0.17
Girls,4,"Feb. 22, 2015",0.477,0.22
Girls,4,"Mar. 1, 2015",0.639,0.33
Girls,4,"Mar. 8, 2015",0.708,0.35
Girls,4,"Mar. 15, 2015",0.701,0.30
Girls,4,"Mar. 22, 2015",0.687,0.26
Girls,5,"Feb. 21, 2016",0.489,0.23
Girls,5,"Feb. 28, 2016",0.533,0.26
Girls,5,"Mar. 6, 2016",0.497,0.24
Girls,5,"Mar. 13, 2016",0.479,0.22
Girls,5,"Mar. 20, 2016",0.535,0.24
Girls,5,"Mar. 27, 2016",0.586,0.26
Girls,5,"Apr. 3, 2016",0.558,0.28
Girls,5,"Apr. 10, 2016",0.656,0.27
Girls,5,"Apr. 17, 2016",0.582,0.24
Girls,5,"Apr. 17, 2016",0.512,0.21
Girls,6,"Feb. 12, 2017",0.519,0.24
Girls,6,"Feb. 19, 2017",0.708,0.27
Girls,6,"Feb. 26, 2017",0.383,0.19
Girls,6,"Mar. 5, 2017",0.571,0.24
Girls,6,"Mar. 12, 2017",0.703,0.31
Girls,6,"Mar. 19, 2017",0.576,0.26
Girls,6,"Mar. 26, 2017",0.675,0.30
Girls,6,"Apr. 2, 2017",0.765,0.35
Girls,6,"Apr. 9, 2017",0.734,0.33
Girls,6,"Apr. 16, 2017",0.741,0.35
Low Winter Sun,1,"Aug. 11, 2013",2.507,1.1
Low Winter Sun,1,"Aug. 18, 2013",1.467,0.5
Low Winter Sun,1,"Aug. 25, 2013",1.225,0.4
Low Winter Sun,1,"Sept. 1, 2013",1.177,0.4
Low Winter Sun,1,"Sept. 8, 2013",1.062,0.4
Low Winter Sun,1,"Sept. 15, 2013",1.045,0.37
Low Winter Sun,1,"Sept. 22, 2013",1.327,0.49
Low Winter Sun,1,"Sept. 29, 2013",0.871,0.35
Low Winter Sun,1,"Oct. 6, 2013",0.628,0.15
House of Lies,1,"Jan. 8, 2012",1.031,0.5
House of Lies,1,"Jan. 15, 2012",0.891,0.4
House of Lies,1,"Jan. 22, 2012",0.725,0.4
House of Lies,1,"Jan. 29, 2012",1.021,0.6
House of Lies,1,"Feb. 5, 2012",0.829,0.4
House of Lies,1,"Feb. 12, 2012",0.986,0.5
House of Lies,1,"Feb. 19, 2012",0.846,0.4
House of Lies,1,"Mar. 4, 2012",0.823,0.39
House of Lies,1,"Mar. 11, 2012",0.698,0.37
House of Lies,1,"Mar. 18, 2012",0.616,0.30
House of Lies,1,"Mar. 25, 2012",0.715,0.39
House of Lies,1,"Apr. 1, 2012",0.775,0.42
House of Lies,2,"Jan. 13, 2013",1.188,0.6
House of Lies,2,"Jan. 20, 2013",0.893,0.5
House of Lies,2,"Jan. 27, 2013",1.142,0.6
House of Lies,2,"Feb. 10, 2013",0.915,0.5
House of Lies,2,"Feb. 17, 2013",0.795,0.4
House of Lies,2,"Feb. 24, 2013",0.773,0.4
House of Lies,2,"Mar. 3, 2013",0.947,0.4
House of Lies,2,"Mar. 10, 2013",0.856,0.4
House of Lies,2,"Mar. 17, 2013",0.805,0.4
House of Lies,2,"Mar. 24, 2013",0.771,0.4
House of Lies,2,"Mar. 31, 2013",0.787,0.4
House of Lies,2,"Apr. 7, 2013",0.862,0.4
House of Lies,3,"Jan. 12, 2014",0.842,0.40
House of Lies,3,"Jan. 19, 2014",0.796,0.36
House of Lies,3,"Jan. 26, 2014",0.741,0.40
House of Lies,3,"Feb. 2, 2014",0.646,0.32
House of Lies,3,"Feb. 9, 2014",0.852,0.43
House of Lies,3,"Feb. 16, 2014",0.819,0.36
House of Lies,3,"Feb. 23, 2014",0.798,0.39
House of Lies,3,"Mar. 9, 2014",0.639,0.24
House of Lies,3,"Mar. 16, 2014",0.734,0.33
House of Lies,3,"Mar. 23, 2014",0.492,0.21
House of Lies,3,"Mar. 30, 2014",0.757,0.37
House of Lies,3,"Apr. 6, 2014",0.731,0.3
House of Lies,4,"Jan. 11, 2015",0.723,0.33
House of Lies,4,"Jan. 18, 2015",0.566,0.27
House of Lies,4,"Jan. 25, 2015",0.645,0.23
House of Lies,4,"Feb. 1, 2015",0.441,0.18
House of Lies,4,"Feb. 8, 2015",0.556,0.24
House of Lies,4,"Feb. 15, 2015",0.484,0.18
House of Lies,4,"Mar. 1, 2015",0.622,0.28
House of Lies,4,"Mar. 8, 2015",0.647,0.31
House of Lies,4,"Mar. 15, 2015",0.723,0.31
House of Lies,4,"Mar. 22, 2015",0.589,0.24
House of Lies,4,"Mar. 29, 2015",0.503,0.20
House of Lies,5,"Apr. 10, 2016",0.399,0.17
House of Lies,5,"Apr. 17, 2016",0.418,0.18
House of Lies,5,"Apr. 24, 2016",0.308,0.17
House of Lies,5,"May 1, 2016",0.357,0.14
House of Lies,5,"May 8, 2016",0.258,0.13
House of Lies,5,"May 15, 2016",0.383,0.14
House of Lies,5,"May 22, 2016",0.256,0.10
House of Lies,5,"May 29, 2016",0.243,0.09
House of Lies,5,"June 5, 2016",0.304,0.13
House of Lies,5,"June 12, 2016",0.307,0.14
I'm Dying Up Here,1,"Jun. 3, 2017*",0.102,0.03
I'm Dying Up Here,1,"Jun. 4, 2017**",0.167,0.03
I'm Dying Up Here,1,"Jun. 11, 2017",0.120,0.03
I'm Dying Up Here,1,"Jun. 18, 2017",0.124,0.04
I'm Dying Up Here,1,"Jun. 25, 2017",0.113,0.04
I'm Dying Up Here,1,"Jul. 9, 2017",0.114,0.04
I'm Dying Up Here,1,"Jul. 16, 2017",0.148,0.05
I'm Dying Up Here,1,"Jul. 23, 2017",0.126,0.04
I'm Dying Up Here,1,"Jul. 30, 2017",0.135,0.05
I'm Dying Up Here,1,"Aug. 6, 2017",0.163,0.04
I'm Dying Up Here,1,"Aug. 13, 2017",0.215,0.07
I'm Dying Up Here,2,"May 6, 2018",0.168,0.04
I'm Dying Up Here,2,"May 13, 2018",0.232,0.06
I'm Dying Up Here,2,"May 20, 2018",0.207,0.05
I'm Dying Up Here,2,"May 27, 2018",0.159,0.03
I'm Dying Up Here,2,"Jun. 3, 2018",0.197,0.04
I'm Dying Up Here,2,"Jun. 10, 2018",0.179,0.03
I'm Dying Up Here,2,"Jun. 17, 2018",0.146,0.05
I'm Dying Up Here,2,"Jun. 24, 2018",0.184,0.02
I'm Dying Up Here,2,"Jul. 81, 2018",0.145,0.04
I'm Dying Up Here,2,"Jul. 8, 2018",0.162,0.03
Chasing Life,1,"Jun. 10, 2014",1.347,0.53
Chasing Life,1,"Jun. 17, 2014",1.106,0.50
Chasing Life,1,"Jun. 24, 2014",1.113,0.46
Chasing Life,1,"Jul. 1, 2014",1.116,0.50
Chasing Life,1,"Jul. 8, 2014",1.208,0.54
Chasing Life,1,"Jul. 15, 2014",1.185,0.46
Chasing Life,1,"Jul. 22, 2014",1.131,0.50
Chasing Life,1,"Jul. 29, 2014",1.084,0.43
Chasing Life,1,"Aug. 5, 2014",1.107,0.46
Chasing Life,1,"Aug. 12, 2014",1.297,0.57
Chasing Life,1,"Dec. 9, 2014",1.217,0.54
Chasing Life,1,"Jan. 19, 2015",1.020,0.39
Chasing Life,1,"Jan. 26, 2015",0.782,0.29
Chasing Life,1,"Feb. 2, 2015",0.775,0.26
Chasing Life,1,"Feb. 9, 2015",0.916,0.36
Chasing Life,1,"Feb. 16, 2015",0.813,0.31
Chasing Life,1,"Feb. 23, 2015",0.806,0.29
Chasing Life,1,"Mar. 2, 2015",0.733,0.24
Chasing Life,1,"Mar. 9, 2015",0.635,0.22
Chasing Life,1,"Mar. 16, 2015",0.694,0.24
Chasing Life,1,"Mar. 23, 2015",0.934,0.35
Chasing Life,2,"Jul. 6, 2015",0.723,0.28
Chasing Life,2,"Jul. 13, 2015",0.785,0.29
Chasing Life,2,"Jul. 20, 2015",0.719,0.30
Chasing Life,2,"Jul. 27, 2015",0.601,0.22
Chasing Life,2,"Aug. 3, 2015",0.611,0.24
Chasing Life,2,"Aug. 10, 2015",0.752,0.27
Chasing Life,2,"Aug. 17, 2015",0.754,0.27
Chasing Life,2,"Aug. 24, 2015",0.772,0.28
Chasing Life,2,"Aug. 31, 2015",0.642,0.26
Chasing Life,2,"Sept. 7, 2015",0.591,0.21
Chasing Life,2,"Sept. 14, 2015",0.679,0.28
Chasing Life,2,"Sept. 21, 2015",0.538,0.19
Chasing Life,2,"Sept. 28, 2015",0.486,0.19
Agent X,1,"Nov. 8, 2015",1.282,0.27
Agent X,1,"Nov. 8, 2015",1.012,0.20
Agent X,1,"Nov. 15, 2015",1.026,0.19
Agent X,1,"Nov. 22, 2015",1.026,0.21
Agent X,1,"Nov. 29, 2015",0.978,0.23
Agent X,1,"Dec. 6, 2015",0.987,0.20
Agent X,1,"Dec. 13, 2015",1.154,0.28
Agent X,1,"Dec. 20, 2015",1.207,0.24
Agent X,1,"Dec. 27, 2015",1.223,0.28
Agent X,1,"Dec. 27, 2015",1.119,0.21
Louie,1,"Jun. 29, 2010",1.108,0.6
Louie,1,"Jun. 29, 2010",0.820,0.4
Louie,1,"Jul. 6, 2010",0.718,0.4
Louie,1,"Jul. 13, 2010",0.622,0.3
Louie,1,"Jul. 20, 2010",0.676,0.3
Louie,1,"Jul. 27, 2010",0.820,0.5
Louie,1,"Aug. 3, 2010",0.581,0.3
Louie,1,"Aug. 10, 2010",0.777,0.4
Louie,1,"Aug. 17, 2010",0.580,0.3
Louie,1,"Aug. 24, 2010",0.577,0.3
Louie,1,"Aug. 31, 2010",0.760,0.4
Louie,1,"Sept. 7, 2010",1.316,0.7
Louie,1,"Sept. 7, 2010",0.844,0.4
Louie,2,"Jun. 23, 2011",1.569,0.8
Louie,2,"Jun. 30, 2011",1.280,0.7
Louie,2,"Jul. 7, 2011",0.948,0.5
Louie,2,"Jul. 14, 2011",1.117,0.6
Louie,2,"Jul. 21, 2011",0.869,0.4
Louie,2,"Jul. 28, 2011",1.019,0.6
Louie,2,"Aug. 4, 2011",0.928,0.4
Louie,2,"Aug. 11, 2011",0.733,0.4
Louie,2,"Aug. 11, 2011",0.637,0.4
Louie,2,"Aug. 18, 2011",0.729,0.4
Louie,2,"Aug. 25, 2011",0.805,0.4
Louie,2,"Sept. 1, 2011",0.975,0.6
Louie,2,"Sept. 8, 2011",0.573,0.3
Louie,3,"Jun. 28, 2012",1.432,0.7
Louie,3,"Jul. 5, 2012",1.076,0.6
Louie,3,"Jul. 12, 2012",1.062,0.5
Louie,3,"Jul. 19, 2012",0.961,0.5
Louie,3,"Jul. 26, 2012",0.824,0.4
Louie,3,"Aug. 2, 2012",0.689,0.3
Louie,3,"Aug. 9, 2012",0.703,0.4
Louie,3,"Aug. 16, 2012",0.844,0.4
Louie,3,"Aug. 23, 2012",0.714,0.4
Louie,3,"Aug. 30, 2012",0.604,0.3
Louie,3,"Sept. 13, 2012",0.476,0.2
Louie,3,"Sept. 20, 2012",0.537,0.3
Louie,3,"Sept. 27, 2012",0.434,0.2
Louie,4,"May 5, 2014",0.941,0.50
Louie,4,"May 5, 2014",0.910,0.51
Louie,4,"May 12, 2014",0.809,0.42
Louie,4,"May 12, 2014",0.679,0.34
Louie,4,"May 19, 2014",0.601,0.28
Louie,4,"May 19, 2014",0.568,0.30
Louie,4,"May 26, 2014",0.506,0.24
Louie,4,"May 26, 2014",0.435,0.22
Louie,4,"Jun. 2, 2014",0.609,0.33
Louie,4,"Jun. 2, 2014",0.436,0.22
Louie,4,"Jun. 9, 2014",0.596,0.28
Louie,4,"Jun. 16, 2014",0.596,0.36
Louie,4,"Jun. 16, 2014",0.556,0.31
Louie,5,"Apr. 9, 2015",0.630,0.28
Louie,5,"Apr. 16, 2015",0.470,0.21
Louie,5,"Apr. 23, 2015",0.407,0.20
Louie,5,"Apr. 30, 2015",0.576,0.23
Louie,5,"May 7, 2015",0.366,0.17
Louie,5,"May 14, 2015",0.414,0.22
Louie,5,"May 21, 2015",0.438,0.21
Louie,5,"May 28, 2015",0.507,0.24
The Walking Dead,1,"Oct. 31, 2010",5.345,2.7/7
The Walking Dead,1,"Nov. 7, 2010",4.707,2.5/7
The Walking Dead,1,"Nov. 14, 2010",5.074,2.5/7
The Walking Dead,1,"Nov. 21, 2010",4.754,2.4/6
The Walking Dead,1,"Nov. 28, 2010",5.561,2.8/7
The Walking Dead,1,"Dec. 5, 2010",5.972,3.0/8
The Walking Dead,2,"Oct. 16, 2011",7.257,3.8
The Walking Dead,2,"Oct. 23, 2011",6.703,3.6
The Walking Dead,2,"Oct. 30, 2011",6.095,3.1
The Walking Dead,2,"Nov. 6, 2011",6.294,3.4
The Walking Dead,2,"Nov. 13, 2011",6.124,3.2
The Walking Dead,2,"Nov. 20, 2011",6.077,3.1
The Walking Dead,2,"Nov. 27, 2011",6.623,3.5
The Walking Dead,2,"Feb. 12, 2012",8.102,4.2
The Walking Dead,2,"Feb. 19, 2012",6.890,3.6
The Walking Dead,2,"Feb. 26, 2012",7.040,3.8
The Walking Dead,2,"Mar. 4, 2012",6.771,3.5
The Walking Dead,2,"Mar. 11, 2012",6.888,3.6
The Walking Dead,2,"Mar. 18, 2012",8.991,4.7
The Walking Dead,3,"Oct. 14, 2012",10.872,5.8
The Walking Dead,3,"Oct. 21, 2012",9.547,5.1
The Walking Dead,3,"Oct. 28, 2012",10.509,5.4
The Walking Dead,3,"Nov. 4, 2012",9.270,4.9
The Walking Dead,3,"Nov. 11, 2012",10.373,5.6
The Walking Dead,3,"Nov. 18, 2012",9.214,4.9
The Walking Dead,3,"Nov. 25, 2012",10.427,5.4
The Walking Dead,3,"Dec. 2, 2012",10.484,5.4
The Walking Dead,3,"Feb. 10, 2013",12.257,6.1
The Walking Dead,3,"Feb. 17, 2013",11.050,5.6
The Walking Dead,3,"Feb. 24, 2013",11.014,5.7
The Walking Dead,3,"Mar. 3, 2013",11.296,5.7
The Walking Dead,3,"Mar. 10, 2013",11.458,5.7
The Walking Dead,3,"Mar. 17, 2013",10.843,5.5
The Walking Dead,3,"Mar. 24, 2013",10.993,5.4
The Walking Dead,3,"Mar. 31, 2013",12.419,6.4
The Walking Dead,4,"Oct. 13, 2013",16.111,8.19
The Walking Dead,4,"Oct. 20, 2013",13.945,7.14
The Walking Dead,4,"Oct. 27, 2013",12.924,6.80
The Walking Dead,4,"Nov. 3, 2013",13.314,6.83
The Walking Dead,4,"Nov. 10, 2013",12.201,6.20
The Walking Dead,4,"Nov. 17, 2013",12.003,6.05
The Walking Dead,4,"Nov. 24, 2013",11.293,5.65
The Walking Dead,4,"Dec. 1, 2013",12.051,6.09
The Walking Dead,4,"Feb. 9, 2014",15.760,8.17
The Walking Dead,4,"Feb. 16, 2014",13.339,6.83
The Walking Dead,4,"Feb. 23, 2014",13.122,6.64
The Walking Dead,4,"Mar. 2, 2014",12.607,6.41
The Walking Dead,4,"Mar. 9, 2014",12.652,6.30
The Walking Dead,4,"Mar. 16, 2014",12.865,6.36
The Walking Dead,4,"Mar. 23, 2014",13.467,6.66
The Walking Dead,4,"Mar. 30, 2014",15.678,8.00
The Walking Dead,5,"Oct. 12, 2014",17.286,8.65
The Walking Dead,5,"Oct. 19, 2014",15.143,7.71
The Walking Dead,5,"Oct. 26, 2014",13.801,6.97
The Walking Dead,5,"Nov. 2, 2014",14.518,7.56
The Walking Dead,5,"Nov. 9, 2014",13.534,6.95
The Walking Dead,5,"Nov. 16, 2014",14.068,7.26
The Walking Dead,5,"Nov. 23, 2014",13.329,6.97
The Walking Dead,5,"Nov. 30, 2014",14.807,7.58
The Walking Dead,5,"Feb. 8, 2015",15.643,7.98
The Walking Dead,5,"Feb. 15, 2015",12.267,6.22
The Walking Dead,5,"Feb. 22, 2015",13.438,6.93
The Walking Dead,5,"Mar. 1, 2015",14.430,7.53
The Walking Dead,5,"Mar. 8, 2015",14.534,7.27
The Walking Dead,5,"Mar. 15, 2015",13.781,6.99
The Walking Dead,5,"Mar. 22, 2015",13.757,6.99
The Walking Dead,5,"Mar. 29, 2015",15.784,8.16
The Walking Dead,6,"Oct. 11, 2015",14.633,7.43
The Walking Dead,6,"Oct. 18, 2015",12.183,6.17
The Walking Dead,6,"Oct. 25, 2015",13.143,6.69
The Walking Dead,6,"Nov. 1, 2015",13.339,6.78
The Walking Dead,6,"Nov. 8, 2015",12.440,6.19
The Walking Dead,6,"Nov. 15, 2015",12.871,6.51
The Walking Dead,6,"Nov. 22, 2015",13.224,6.65
The Walking Dead,6,"Nov. 29, 2015",13.981,7.02
The Walking Dead,6,"Feb. 14, 2016",13.742,6.75
The Walking Dead,6,"Feb. 21, 2016",13.483,6.58
The Walking Dead,6,"Feb. 28, 2016",12.794,6.08
The Walking Dead,6,"Mar. 6, 2016",12.816,6.15
The Walking Dead,6,"Mar. 13, 2016",12.530,5.96
The Walking Dead,6,"Mar. 20, 2016",12.686,6.04
The Walking Dead,6,"Mar. 27, 2016",12.384,5.83
The Walking Dead,6,"Apr. 3, 2016",14.193,6.92
The Walking Dead,7,"Oct. 23, 2016",17.029,8.36
The Walking Dead,7,"Oct. 30, 2016",12.455,6.09
The Walking Dead,7,"Nov. 6, 2016",11.721,5.68
The Walking Dead,7,"Nov. 13, 2016",11.402,5.43
The Walking Dead,7,"Nov. 20, 2016",10.996,5.17
The Walking Dead,7,"Nov. 27, 2016",10.403,4.90
The Walking Dead,7,"Dec. 4, 2016",10.481,4.95
The Walking Dead,7,"Dec. 11, 2016",10.583,5.09
The Walking Dead,7,"Feb. 12, 2017",11.996,5.72
The Walking Dead,7,"Feb. 19, 2017",11.075,5.28
The Walking Dead,7,"Feb. 26, 2017",10.423,4.95
The Walking Dead,7,"Mar. 5, 2017",10.163,4.71
The Walking Dead,7,"Mar. 12, 2017",10.676,4.88
The Walking Dead,7,"Mar. 19, 2017",10.318,4.72
The Walking Dead,7,"Mar. 26, 2017",10.543,4.88
The Walking Dead,7,"Apr. 2, 2017",11.314,5.42
The Walking Dead,8,"Oct. 22, 2017",11.439,5.03
The Walking Dead,8,"Oct. 29, 2017",8.923,3.99
The Walking Dead,8,"Nov. 5, 2017",8.519,3.79
The Walking Dead,8,"Nov. 12, 2017",8.688,3.87
The Walking Dead,8,"Nov. 19, 2017",7.845,3.42
The Walking Dead,8,"Nov. 26, 2017",8.282,3.57
The Walking Dead,8,"Dec. 3, 2017",7.468,3.28
The Walking Dead,8,"Dec. 10, 2017",7.885,3.36
The Walking Dead,8,"Feb. 25, 2018",8.282,3.64
The Walking Dead,8,"Mar. 4, 2018",6.820,2.86
The Walking Dead,8,"Mar. 11, 2018",6.604,2.80
The Walking Dead,8,"Mar. 18, 2018",6.663,2.83
The Walking Dead,8,"Mar. 25, 2018",6.774,2.95
The Walking Dead,8,"Apr. 1, 2018",6.295,2.63
The Walking Dead,8,"Apr. 8, 2018",6.665,2.81
The Walking Dead,8,"Apr. 15, 2018",7.916,3.41
The Walking Dead,9,"Oct. 7, 2018",6.076,2.49
The Walking Dead,9,"Oct. 14, 2018",4.947,1.98
The Walking Dead,9,"Oct. 21, 2018",5.037,1.93
The Walking Dead,9,"Oct. 28, 2018",5.095,1.95
The Walking Dead,9,"Nov. 4, 2018",5.414,2.07
The Walking Dead,9,"Nov. 11, 2018",5.396,2.02
The Walking Dead,9,"Nov. 18, 2018",4.794,1.80
The Walking Dead,9,"Nov. 25, 2018",5.089,1.96
The Walking Dead,9,"Feb. 10, 2019",5.156,2.00
The Walking Dead,9,"Feb. 17, 2019",4.538,1.68
The Walking Dead,9,"Feb. 24, 2019",4.386,1.71
The Walking Dead,9,"Mar. 3, 2019",4.708,1.73
The Walking Dead,9,"Mar. 10, 2019",4.831,1.77
The Walking Dead,9,"Mar. 17, 2019",4.566,1.66
The Walking Dead,9,"Mar. 24, 2019",4.152,1.48
The Walking Dead,9,"Mar. 31, 2019",5.019,1.86
The Walking Dead,10,"Oct. 6, 2019",4.000,1.44
The Walking Dead,10,"Oct. 13, 2019",3.467,1.29
The Walking Dead,10,"Oct. 20, 2019",3.479,1.19
The Walking Dead,10,"Oct. 27, 2019",3.305,1.12
The Walking Dead,10,"Nov. 3, 2019",3.086,1.03
The Walking Dead,10,"Nov. 10, 2019",3.212,1.05
The Walking Dead,10,"Nov. 17, 2019",3.310,1.12
The Walking Dead,10,"Nov. 24, 2019",3.214,1.02
The Walking Dead,10,"Feb. 23, 2020",3.518,1.20
The Walking Dead,10,"Mar. 1, 2020",3.159,1.00
The Walking Dead,10,"Mar. 8, 2020",2.927,0.92
The Walking Dead,10,"Mar. 15, 2020",3.494,1.23
The Walking Dead,10,"Mar. 22, 2020",3.662,1.21
The Walking Dead,10,"Mar. 29, 2020",3.264,1.06
The Walking Dead,10,"Apr. 5, 2020",3.488,1.13
The Walking Dead,10,"Oct. 4, 2020",2.727,0.87
The Walking Dead,10,"Feb. 28, 2021",2.891,0.92
The Walking Dead,10,"Mar. 7, 2021",2.259,0.65
The Walking Dead,10,"Mar. 14, 2021",2.170,0.57
The Walking Dead,10,"Mar. 21, 2021",2.113,0.56
The Walking Dead,10,"Mar. 28, 2021",1.938,0.55
The Walking Dead,10,"Apr. 4, 2021",2.124,0.60
The Walking Dead,11,"Aug. 22, 2021",2.216,0.60
The Walking Dead,11,"Aug. 29, 2021",1.990,0.52
The Walking Dead,11,"Sept. 5, 2021",1.873,0.49
The Walking Dead,11,"Sept. 12, 2021",1.884,0.46
The Walking Dead,11,"Sept. 19, 2021",1.914,0.51
The Walking Dead,11,"Sept. 26, 2021",1.782,0.43
The Walking Dead,11,"Oct. 3, 2021",1.891,0.47
The Walking Dead,11,"Oct. 10, 2021",1.914,0.53
The Walking Dead,11,"Feb. 20, 2022",1.756,0.53
The Walking Dead,11,"Feb. 27, 2022",1.604,0.41
The Walking Dead,11,"Mar. 6, 2022",1.672,0.42
The Walking Dead,11,"Mar. 13, 2022",1.582,0.38
The Walking Dead,11,"Mar. 20, 2022",1.789,0.45
The Walking Dead,11,"Mar. 27, 2022",1.552,0.40
The Walking Dead,11,"Apr. 3, 2022",1.673,0.37
The Walking Dead,11,"Apr. 10, 2022",1.606,0.39
Nip/Tuck,1,"Jul. 22, 2003",3.701,1.6
Nip/Tuck,1,"Jul. 29, 2003",3.342,1.7
Nip/Tuck,1,"Aug. 5, 2003",3.549,1.8
Nip/Tuck,1,"Aug. 12, 2003",3.346,1.7
Nip/Tuck,1,"Aug. 19, 2003",2.959,1.4
Nip/Tuck,1,"Sept. 2, 2003",3.275,1.7
Nip/Tuck,1,"Sept. 9, 2003",3.322,1.8
Nip/Tuck,1,"Sept. 16, 2003",3.515,1.9
Nip/Tuck,1,"Sept. 23, 2003",3.669,2.1
Nip/Tuck,1,"Sept. 30, 2003",3.031,1.8
Nip/Tuck,1,"Oct. 7, 2003",2.495,1.5
Nip/Tuck,1,"Oct. 14, 2003",2.919,1.7
Nip/Tuck,1,"Oct. 21, 2003",2.986,1.6
Nip/Tuck,2,"Jun. 22, 2004",3.812,2.1
Nip/Tuck,2,"Jun. 29, 2004",3.170,1.6
Nip/Tuck,2,"Jul. 6, 2004",3.493,1.9
Nip/Tuck,2,"Jul. 13, 2004",3.041,1.6
Nip/Tuck,2,"Jul. 20, 2004",3.093,1.6
Nip/Tuck,2,"Jul. 27, 2004",3.741,1.8
Nip/Tuck,2,"Aug. 3, 2004",3.804,2.2
Nip/Tuck,2,"Aug. 10, 2004",3.879,2.1
Nip/Tuck,2,"Aug. 17, 2004",3.453,1.8
Nip/Tuck,2,"Aug. 24, 2004",3.726,2.0
Nip/Tuck,2,"Aug. 31, 2004",4.296,2.4
Nip/Tuck,2,"Sept. 7, 2004",4.145,2.2
Nip/Tuck,2,"Sept. 14, 2004",3.749,2.0
Nip/Tuck,2,"Sept. 21, 2004",3.674,2.0
Nip/Tuck,2,"Sept. 28, 2004",3.845,2.0
Nip/Tuck,2,"Oct. 5, 2004",5.216,2.7
Nip/Tuck,3,"Sept. 20, 2005",5.287,2.8
Nip/Tuck,3,"Sept. 27, 2005",3.914,2.0
Nip/Tuck,3,"Oct. 4, 2005",3.892,2.1
Nip/Tuck,3,"Oct. 11, 2005",3.424,1.8
Nip/Tuck,3,"Oct. 18, 2005",3.839,2.2
Nip/Tuck,3,"Oct. 25, 2005",3.541,2.1
Nip/Tuck,3,"Nov. 1, 2005",3.332,1.7
Nip/Tuck,3,"Nov. 8, 2005",3.417,1.9
Nip/Tuck,3,"Nov. 15, 2005",2.831,1.5
Nip/Tuck,3,"Nov. 22, 2005",2.930,1.6
Nip/Tuck,3,"Nov. 29, 2005",3.481,1.8
Nip/Tuck,3,"Dec. 6, 2005",2.995,1.7
Nip/Tuck,3,"Dec. 13, 2005",3.295,1.9
Nip/Tuck,3,"Dec. 20, 2005",5.684,3.0
Nip/Tuck,4,"Sept. 5, 2006",4.856,2.6
Nip/Tuck,4,"Sept. 12, 2006",3.860,2.1
Nip/Tuck,4,"Sept. 19, 2006",3.451,1.8
Nip/Tuck,4,"Sept. 26, 2006",3.917,2.1
Nip/Tuck,4,"Oct. 3, 2006",3.335,1.8
Nip/Tuck,4,"Oct. 10, 2006",3.550,1.9
Nip/Tuck,4,"Oct. 17, 2006",3.981,2.2
Nip/Tuck,4,"Oct. 24, 2006",3.260,1.7
Nip/Tuck,4,"Oct. 31, 2006",3.271,1.8
Nip/Tuck,4,"Nov. 7, 2006",3.914,2.1
Nip/Tuck,4,"Nov. 14, 2006",3.470,1.9
Nip/Tuck,4,"Nov. 21, 2006",3.302,1.7
Nip/Tuck,4,"Nov. 28, 2006",3.016,1.7
Nip/Tuck,4,"Dec. 5, 2006",2.840,1.6
Nip/Tuck,4,"Dec. 12, 2006",3.375,1.8
Nip/Tuck,5,"Oct. 30, 2007",4.344,2.7
Nip/Tuck,5,"Nov. 6, 2007",3.328,2.0
Nip/Tuck,5,"Nov. 13, 2007",3.564,2.1
Nip/Tuck,5,"Nov. 20, 2007",3.206,1.7
Nip/Tuck,5,"Nov. 27, 2007",3.402,2.0
Nip/Tuck,5,"Dec. 4, 2007",2.490,1.4
Nip/Tuck,5,"Dec. 11, 2007",2.518,1.4
Nip/Tuck,5,"Dec. 18, 2007",1.936,1.0
Nip/Tuck,5,"Jan. 15, 2008",2.192,1.3
Nip/Tuck,5,"Jan. 22, 2008",2.838,1.6
Nip/Tuck,5,"Jan. 29, 2008",2.889,1.6
Nip/Tuck,5,"Feb. 5, 2008",3.340,1.8
Nip/Tuck,5,"Feb. 12, 2008",2.714,1.6
Nip/Tuck,5,"Feb. 19, 2008",2.983,1.8
Nip/Tuck,5,"Jan. 6, 2009",3.122,1.8
Nip/Tuck,5,"Jan. 13, 2009",2.528,1.4
Nip/Tuck,5,"Jan. 27, 2009",2.677,1.5
Nip/Tuck,5,"Feb. 3, 2009",2.702,1.5
Nip/Tuck,5,"Feb. 10, 2009",2.330,1.3
Nip/Tuck,5,"Feb. 17, 2009",2.404,1.4
Nip/Tuck,5,"Feb. 24, 2009",2.098,1.2
Nip/Tuck,5,"Mar. 3, 2009",2.385,1.4
Nip/Tuck,6,"Oct. 14, 2009",2.922,1.4
Nip/Tuck,6,"Oct. 21, 2009",2.229,1.2
Nip/Tuck,6,"Oct. 28, 2009",2.200,1.1
Nip/Tuck,6,"Nov. 4, 2009",2.167,1.1
Nip/Tuck,6,"Nov. 11, 2009",1.745,0.9
Nip/Tuck,6,"Nov. 18, 2009",1.888,1.0
Nip/Tuck,6,"Nov. 25, 2009",1.412,0.7
Nip/Tuck,6,"Dec. 2, 2009",2.414,1.1
Nip/Tuck,6,"Dec. 9, 2009",1.746,0.9
Nip/Tuck,6,"Dec. 16, 2009",2.094,1.1
Nip/Tuck,6,"Jan. 6, 2010",1.706,0.9
Nip/Tuck,6,"Jan. 13, 2010",1.964,1.0
Nip/Tuck,6,"Jan. 20, 2010",1.887,0.9
Nip/Tuck,6,"Jan. 27, 2010",1.808,0.9
Nip/Tuck,6,"Feb. 3, 2010",1.541,0.8
Nip/Tuck,6,"Feb. 10, 2010",1.734,0.9
Nip/Tuck,6,"Feb. 17, 2010",1.490,0.7
Nip/Tuck,6,"Feb. 24, 2010",1.521,0.6
Nip/Tuck,6,"Mar. 3, 2010",1.876,0.9
Weeds,1,"Aug. 7, 2005",0.538,0.3
Weeds,1,"Aug. 8, 2005",0.488,0.2
Weeds,1,"Aug. 15, 2005",0.405,0.3
Weeds,1,"Aug. 22, 2005",0.326,0.2
Weeds,1,"Aug. 29, 2005",0.340,0.2
Weeds,1,"Sept. 5, 2005",0.422,0.2
Weeds,1,"Sept. 12, 2005",0.288,0.2
Weeds,1,"Sept. 19, 2005",0.318,0.2
Weeds,1,"Sept. 26, 2005",0.319,0.2
Weeds,1,"Oct. 3, 2005",0.263,0.1
Weeds,1,"Oct. 10, 2005",0.511,0.3
Weeds,2,"Aug. 14, 2006",0.578,0.3
Weeds,2,"Aug. 21, 2006",0.487,0.3
Weeds,2,"Aug. 28, 2006",0.516,0.3
Weeds,2,"Sept. 4, 2006",0.617,0.3
Weeds,2,"Sept. 11, 2006",0.375,0.2
Weeds,2,"Sept. 18, 2006",0.482,0.2
Weeds,2,"Sept. 25, 2006",0.387,0.2
Weeds,2,"Oct. 2, 2006",0.330,0.2
Weeds,2,"Oct. 9, 2006",0.496,0.3
Weeds,2,"Oct. 16, 2006",0.435,0.2
Weeds,2,"Oct. 23, 2006",0.476,0.3
Weeds,2,"Oct. 30, 2006",0.626,0.3
Weeds,3,"Aug. 13, 2007",0.824,0.5
Weeds,3,"Aug. 20, 2007",0.729,0.4
Weeds,3,"Aug. 27, 2007",0.773,0.4
Weeds,3,"Sept. 3, 2007",0.735,0.4
Weeds,3,"Sept. 10, 2007",0.610,0.4
Weeds,3,"Sept. 17, 2007",0.640,0.4
Weeds,3,"Sept. 24, 2007",0.644,0.4
Weeds,3,"Oct. 1, 2007",0.576,0.3
Weeds,3,"Oct. 8, 2007",0.521,0.3
Weeds,3,"Oct. 15, 2007",0.716,0.4
Weeds,3,"Oct. 22, 2007",0.611,0.3
Weeds,3,"Oct. 29, 2007",0.693,0.4
Weeds,3,"Nov. 5, 2007",0.583,0.3
Weeds,3,"Nov. 12, 2007",0.684,0.4
Weeds,3,"Nov. 19, 2007",0.737,0.4
Weeds,4,"Jun. 16, 2008",1.349,0.7
Weeds,4,"Jun. 23, 2008",1.104,0.7
Weeds,4,"Jun. 30, 2008",0.863,0.5
Weeds,4,"Jul. 7, 2008",1.057,0.6
Weeds,4,"Jul. 14, 2008",1.003,0.6
Weeds,4,"Jul. 21, 2008",1.032,0.6
Weeds,4,"Jul. 28, 2008",0.773,0.5
Weeds,4,"Aug. 4, 2008",0.937,0.5
Weeds,4,"Aug. 11, 2008",0.853,0.5
Weeds,4,"Aug. 18, 2008",0.877,0.5
Weeds,4,"Aug. 25, 2008",0.816,0.5
Weeds,4,"Sept. 8, 2008",0.931,0.5
Weeds,4,"Sept. 15, 2008",1.008,0.6
Weeds,5,"Jun. 8, 2009",1.218,0.6
Weeds,5,"Jun. 15, 2009",0.962,0.5
Weeds,5,"Jun. 22, 2009",0.761,0.4
Weeds,5,"Jun. 29, 2009",0.940,0.4
Weeds,5,"Jul. 6, 2009",1.036,0.5
Weeds,5,"Jul. 13, 2009",0.852,0.4
Weeds,5,"Jul. 20, 2009",0.912,0.5
Weeds,5,"Jul. 27, 2009",1.043,0.5
Weeds,5,"Aug. 3, 2009",1.128,0.6
Weeds,5,"Aug. 10, 2009",1.171,0.6
Weeds,5,"Aug. 17, 2009",1.114,0.5
Weeds,5,"Aug. 24, 2009",1.132,0.5
Weeds,5,"Aug. 31, 2009",1.337,0.6
Weeds,6,"Aug. 16, 2010",1.262,0.6
Weeds,6,"Aug. 23, 2010",1.040,0.5
Weeds,6,"Aug. 30, 2010",1.022,0.5
Weeds,6,"Sept. 13, 2010",0.959,0.5
Weeds,6,"Sept. 20, 2010",0.825,0.4
Weeds,6,"Sept. 27, 2010",0.985,0.5
Weeds,6,"Oct. 4, 2010",0.677,0.4
Weeds,6,"Oct. 11, 2010",0.931,0.4
Weeds,6,"Oct. 18, 2010",0.850,0.4
Weeds,6,"Oct. 25, 2010",0.800,0.4
Weeds,6,"Nov. 1, 2010",0.989,0.5
Weeds,6,"Nov. 8, 2010",0.863,0.4
Weeds,6,"Nov. 15, 2010",0.990,0.5
Weeds,7,"Jun. 27, 2011",1.194,0.6
Weeds,7,"Jul. 4, 2011",0.622,0.26
Weeds,7,"Jul. 11, 2011",0.779,0.4
Weeds,7,"Jul. 18, 2011",0.674,0.3
Weeds,7,"Jul. 25, 2011",0.677,0.4
Weeds,7,"Aug. 1, 2011",0.711,0.3
Weeds,7,"Aug. 8, 2011",0.692,0.3
Weeds,7,"Aug. 15, 2011",0.670,0.3
Weeds,7,"Aug. 22, 2011",0.722,0.3
Weeds,7,"Aug. 29, 2011",0.796,0.4
Weeds,7,"Sept. 12, 2011",0.745,0.4
Weeds,7,"Sept. 19, 2011",0.519,0.3
Weeds,7,"Sept. 26, 2011",0.556,0.3
Weeds,8,"Jul. 1, 2012",0.805,0.4
Weeds,8,"Jul. 8, 2012",0.608,0.3
Weeds,8,"Jul. 15, 2012",0.782,0.4
Weeds,8,"Jul. 22, 2012",0.573,0.3
Weeds,8,"Jul. 29, 2012",0.478,0.28
Weeds,8,"Aug. 5, 2012",0.637,0.3
Weeds,8,"Aug. 12, 2012",0.562,0.3
Weeds,8,"Aug. 19, 2012",0.779,0.4
Weeds,8,"Aug. 26, 2012",0.685,0.4
Weeds,8,"Sept. 2, 2012",0.605,0.33
Weeds,8,"Sept. 9, 2012",0.692,0.4
Weeds,8,"Sept. 16, 2012",0.864,0.5
Outcast,1,"Jun. 3, 2016",0.152,0.06
Outcast,1,"Jun. 10, 2016",0.193,0.07
Outcast,1,"Jun. 17, 2016",0.170,0.06
Outcast,1,"Jun. 24, 2016",0.249,0.06
Outcast,1,"Jul. 8, 2016",0.145,0.05
Outcast,1,"Jul. 15, 2016",0.205,0.08
Outcast,1,"Jul. 22, 2016",0.173,0.03
Outcast,1,"Jul. 29, 2016",0.154,0.06
Outcast,1,"Aug. 5, 2016",0.146,0.06
Outcast,1,"Aug. 12, 2016",0.152,0.06
Outcast,2,"Jul. 20, 2018",0.149,0.07
Outcast,2,"Jul. 27, 2018",0.091,0.02
Outcast,2,"Aug. 3, 2018",0.081,0.02
Outcast,2,"Aug. 10, 2018",0.049,0.02
Outcast,2,"Aug. 17, 2018",0.157,0.05
Outcast,2,"Aug. 24, 2018",0.113,0.04
Outcast,2,"Sept. 7, 2018",0.117,0.03
Outcast,2,"Sept. 14, 2018",0.098,0.03
Outcast,2,"Sept. 21, 2018",0.093,0.03
Outcast,2,"Sept. 28, 2018",0.108,0.05
Teachers,1,"Jan. 13, 2016",0.341,0.09
Teachers,1,"Jan. 20, 2016",0.392,0.14
Teachers,1,"Jan. 27, 2016",0.422,0.15
Teachers,1,"Feb. 3, 2016",0.458,0.17
Teachers,1,"Feb. 10, 2016",0.466,0.15
Teachers,1,"Feb. 17, 2016",0.382,0.13
Teachers,1,"Feb. 24, 2016",0.434,0.13
Teachers,1,"Mar. 2, 2016",0.426,0.15
Teachers,1,"Mar. 9, 2016",0.340,0.10
Teachers,1,"Mar. 16, 2016",0.344,0.11
Teachers,2,"Jan. 17, 2017",0.605,0.14
Teachers,2,"Jan. 24, 2017",0.530,0.15
Teachers,2,"Jan. 31, 2017",0.643,0.18
Teachers,2,"Feb. 7, 2017",0.516,0.13
Teachers,2,"Feb. 14, 2017",0.503,0.15
Teachers,2,"Feb. 21, 2017",0.482,0.14
Teachers,2,"Feb. 28, 2017",0.497,0.14
Teachers,2,"Mar. 7, 2017",0.477,0.15
Teachers,2,"Mar. 14, 2017",0.535,0.14
Teachers,2,"Mar. 21, 2017",0.345,0.09
Teachers,2,"Nov. 7, 2017",0.470,0.11
Teachers,2,"Nov. 14, 2017",0.621,0.13
Teachers,2,"Nov. 21, 2017",0.574,0.15
Teachers,2,"Nov. 28, 2017",0.564,0.10
Teachers,2,"Dec. 5, 2017",0.650,0.15
Teachers,2,"Dec. 12, 2017",0.462,0.08
Teachers,2,"Dec. 19, 2017",0.521,0.11
Teachers,2,"Jan. 2, 2018",0.443,0.11
Teachers,2,"Jan. 9, 2018",0.434,0.09
Teachers,2,"Jan. 16, 2018",0.492,0.11
Teachers,3,"Jun. 5, 2018",0.423,0.10
Teachers,3,"Jun. 12, 2018",0.389,0.09
Teachers,3,"Jun. 19, 2018",0.348,0.07
Teachers,3,"Jun. 26, 2018",0.400,0.11
Teachers,3,"Jul. 10, 2018",0.303,0.09
Teachers,3,"Jul. 17, 2018",0.349,0.10
Teachers,3,"Jul. 24, 2018",0.380,0.09
Teachers,3,"Jul. 31, 2018",0.334,0.10
Teachers,3,"Aug. 7, 2018",0.384,0.10
Teachers,3,"Aug. 14, 2018",0.356,0.09
Teachers,3,"Jan. 15, 2019",0.487,0.08
Teachers,3,"Jan. 22, 2019",0.516,0.11
Teachers,3,"Jan. 29, 2019",0.513,0.10
Teachers,3,"Feb. 5, 2019",0.289,0.05
Teachers,3,"Feb. 12, 2019",0.462,0.09
Teachers,3,"Feb. 19, 2019",0.489,0.10
Teachers,3,"Feb. 26, 2019",0.435,0.08
Teachers,3,"Mar. 5, 2019",0.531,0.09
Teachers,3,"Mar. 12, 2019",0.415,0.07
Teachers,3,"Mar. 19, 2019",0.436,0.07
Rizzoli & Isles,1,"Jul. 12, 2010",7.553,1.6/5
Rizzoli & Isles,1,"Jul. 19, 2010",7.272,1.5/4
Rizzoli & Isles,1,"Jul. 26, 2010",6.548,1.3/4
Rizzoli & Isles,1,"Aug. 2, 2010",6.612,1.4/5
Rizzoli & Isles,1,"Aug. 9, 2010",7.423,1.6/5
Rizzoli & Isles,1,"Aug. 16, 2010",6.494,1.3/4
Rizzoli & Isles,1,"Aug. 23, 2010",6.732,1.6/4
Rizzoli & Isles,1,"Aug. 30, 2010",6.424,1.3/4
Rizzoli & Isles,1,"Sept. 6, 2010",7.239,1.5/4
Rizzoli & Isles,1,"Sept. 13, 2010",6.559,1.5/4
Rizzoli & Isles,2,"Jul. 11, 2011",6.382,1.2
Rizzoli & Isles,2,"Jul. 18, 2011",6.392,1.2
Rizzoli & Isles,2,"Jul. 25, 2011",6.040,1.1
Rizzoli & Isles,2,"Aug. 1, 2011",6.454,1.4
Rizzoli & Isles,2,"Aug. 8, 2011",6.455,1.3
Rizzoli & Isles,2,"Aug. 15, 2011",6.742,1.3
Rizzoli & Isles,2,"Aug. 22, 2011",6.274,1.2
Rizzoli & Isles,2,"Aug. 29, 2011",6.714,1.2
Rizzoli & Isles,2,"Sept. 5, 2011",6.688,1.3
Rizzoli & Isles,2,"Sept. 12, 2011",5.626,1.1
Rizzoli & Isles,2,"Nov. 28, 2011",4.782,0.8
Rizzoli & Isles,2,"Dec. 5, 2011",3.860,0.8
Rizzoli & Isles,2,"Dec. 12, 2011",4.905,1.0
Rizzoli & Isles,2,"Dec. 19, 2011",5.324,1.0
Rizzoli & Isles,2,"Dec. 26, 2011",5.790,1.1
Rizzoli & Isles,3,"Jun. 5, 2012",5.620,1.2
Rizzoli & Isles,3,"Jun. 12, 2012",5.131,1.0
Rizzoli & Isles,3,"Jun. 19, 2012",5.359,1.0
Rizzoli & Isles,3,"Jun. 26, 2012",5.426,1.1
Rizzoli & Isles,3,"Jul. 3, 2012",5.320,1.0
Rizzoli & Isles,3,"Jul. 10, 2012",5.516,1.2
Rizzoli & Isles,3,"Jul. 17, 2012",5.840,1.1
Rizzoli & Isles,3,"Jul. 24, 2012",5.592,1.2
Rizzoli & Isles,3,"Jul. 31, 2012",4.438,0.8
Rizzoli & Isles,3,"Aug. 14, 2012",6.038,1.3
Rizzoli & Isles,3,"Nov. 27, 2012",3.436,0.8
Rizzoli & Isles,3,"Dec. 4, 2012",4.752,0.9
Rizzoli & Isles,3,"Dec. 11, 2012",3.792,0.8
Rizzoli & Isles,3,"Dec. 18, 2012",3.424,0.7
Rizzoli & Isles,3,"Dec. 25, 2012",4.422,0.8
Rizzoli & Isles,4,"Jun. 25, 2013",6.636,1.4
Rizzoli & Isles,4,"Jul. 2, 2013",5.895,1.2
Rizzoli & Isles,4,"Jul. 9, 2013",5.581,1.0
Rizzoli & Isles,4,"Jul. 16, 2013",5.216,1.0
Rizzoli & Isles,4,"Jul. 23, 2013",5.488,1.1
Rizzoli & Isles,4,"Jul. 30, 2013",5.328,1.0
Rizzoli & Isles,4,"Aug. 6, 2013",5.499,1.2
Rizzoli & Isles,4,"Aug. 13, 2013",5.600,1.1
Rizzoli & Isles,4,"Aug. 20, 2013",5.605,1.1
Rizzoli & Isles,4,"Aug. 27, 2013",5.997,1.4
Rizzoli & Isles,4,"Sept. 3, 2013",5.884,1.2
Rizzoli & Isles,4,"Sept. 10, 2013",5.696,1.2
Rizzoli & Isles,4,"Feb. 25, 2014",3.733,0.7
Rizzoli & Isles,4,"Mar. 4, 2014",3.353,0.7
Rizzoli & Isles,4,"Mar. 11, 2014",4.745,0.9
Rizzoli & Isles,4,"Mar. 18, 2014",3.584,0.7
Rizzoli & Isles,5,"Jun. 17, 2014",5.811,1.01
Rizzoli & Isles,5,"Jun. 24, 2014",5.500,1.00
Rizzoli & Isles,5,"Jul. 1, 2014",5.428,0.95
Rizzoli & Isles,5,"Jul. 8, 2014",5.131,1.10
Rizzoli & Isles,5,"Jul. 15, 2014",4.859,0.92
Rizzoli & Isles,5,"Jul. 22, 2014",5.228,1.0
Rizzoli & Isles,5,"Jul. 29, 2014",4.768,0.86
Rizzoli & Isles,5,"Aug. 5, 2014",5.092,0.92
Rizzoli & Isles,5,"Aug. 12, 2014",5.677,1.01
Rizzoli & Isles,5,"Aug. 19, 2014",5.206,0.83
Rizzoli & Isles,5,"Aug. 26, 2014",5.163,0.94
Rizzoli & Isles,5,"Sept. 2, 2014",5.037,1.01
Rizzoli & Isles,5,"Feb. 17, 2015",3.580,0.76
Rizzoli & Isles,5,"Feb. 24, 2015",2.864,0.57
Rizzoli & Isles,5,"Mar. 3, 2015",3.506,0.65
Rizzoli & Isles,5,"Mar. 10, 2015",3.123,0.56
Rizzoli & Isles,5,"Mar. 17, 2015",3.394,0.60
Rizzoli & Isles,5,"Mar. 17, 2015",3.615,0.63
Rizzoli & Isles,6,"Jun. 16, 2015",4.394,0.75
Rizzoli & Isles,6,"Jun. 23, 2015",4.005,0.63
Rizzoli & Isles,6,"Jun. 30, 2015",4.273,0.71
Rizzoli & Isles,6,"Jul. 7, 2015",4.423,0.76
Rizzoli & Isles,6,"Jul. 14, 2015",4.117,0.68
Rizzoli & Isles,6,"Jul. 21, 2015",4.156,0.57
Rizzoli & Isles,6,"Jul. 28, 2015",4.403,0.76
Rizzoli & Isles,6,"Aug. 4, 2015",4.226,0.63
Rizzoli & Isles,6,"Aug. 11, 2015",4.333,0.75
Rizzoli & Isles,6,"Aug. 18, 2015",4.520,0.74
Rizzoli & Isles,6,"Aug. 25, 2015",4.589,0.63
Rizzoli & Isles,6,"Sept. 1, 2015",4.766,0.82
Rizzoli & Isles,6,"Feb. 16, 2016",2.339,0.41
Rizzoli & Isles,6,"Feb. 16, 2016",2.594,0.40
Rizzoli & Isles,6,"Feb. 23, 2016",2.397,0.43
Rizzoli & Isles,6,"Mar. 1, 2016",2.431,0.36
Rizzoli & Isles,6,"Mar. 8, 2016",3.329,0.50
Rizzoli & Isles,6,"Mar. 15, 2016",2.922,0.47
Rizzoli & Isles,7,"Jun. 6, 2016",3.913,0.58
Rizzoli & Isles,7,"Jun. 6, 2016",3.577,0.52
Rizzoli & Isles,7,"Jun. 13, 2016",4.001,0.61
Rizzoli & Isles,7,"Jun. 20, 2016",4.129,0.55
Rizzoli & Isles,7,"Jun. 27, 2016",4.355,0.62
Rizzoli & Isles,7,"Jul. 11, 2016",4.136,0.57
Rizzoli & Isles,7,"Jul. 18, 2016",4.052,0.52
Rizzoli & Isles,7,"Jul. 25, 2016",3.869,0.53
Rizzoli & Isles,7,"Aug. 1, 2016",4.087,0.55
Rizzoli & Isles,7,"Aug. 15, 2016",3.867,0.50
Rizzoli & Isles,7,"Aug. 22, 2016",4.746,0.64
Rizzoli & Isles,7,"Aug. 29, 2016",4.829,0.67
Rizzoli & Isles,7,"Sept. 5, 2016",5.256,0.70
Hell on Wheels,1,"Nov. 6, 2011",4.362,1.9
Hell on Wheels,1,"Nov. 13, 2011",3.838,1.5
Hell on Wheels,1,"Nov. 20, 2011",3.517,1.2
Hell on Wheels,1,"Nov. 27, 2011",3.280,1.2
Hell on Wheels,1,"Dec. 4, 2011",2.701,0.8
Hell on Wheels,1,"Dec. 11, 2011",2.153,0.6
Hell on Wheels,1,"Dec. 18, 2011",2.273,0.6
Hell on Wheels,1,"Jan. 1, 2012",2.507,0.7
Hell on Wheels,1,"Jan. 8, 2012",2.293,0.7
Hell on Wheels,1,"Jan. 15, 2012",2.843,0.7
Hell on Wheels,2,"Aug. 12, 2012",2.452,0.6
Hell on Wheels,2,"Aug. 19, 2012",2.313,0.6
Hell on Wheels,2,"Aug. 26, 2012",2.497,0.6
Hell on Wheels,2,"Sept. 2, 2012",2.472,0.6
Hell on Wheels,2,"Sept. 9, 2012",2.623,0.6
Hell on Wheels,2,"Sept. 16, 2012",2.695,0.6
Hell on Wheels,2,"Sept. 23, 2012",2.318,0.5
Hell on Wheels,2,"Sept. 30, 2012",1.829,0.4
Hell on Wheels,2,"Oct. 7, 2012",2.184,0.5
Hell on Wheels,3,"Aug. 10, 2013",2.494,0.5
Hell on Wheels,3,"Aug. 17, 2013",1.883,0.5
Hell on Wheels,3,"Aug. 24, 2013",1.999,0.3
Hell on Wheels,3,"Aug. 31, 2013",2.200,0.4
Hell on Wheels,3,"Sept. 7, 2013",2.065,0.5
Hell on Wheels,3,"Sept. 14, 2013",1.989,0.43
Hell on Wheels,3,"Sept. 21, 2013",2.078,0.35
Hell on Wheels,3,"Sept. 28, 2013",2.101,0.45
Hell on Wheels,3,"Oct. 5, 2013",2.492,0.50
Hell on Wheels,4,"Aug. 2, 2014",2.425,0.47
Hell on Wheels,4,"Aug. 9, 2014",1.983,0.35
Hell on Wheels,4,"Aug. 16, 2014",2.166,0.36
Hell on Wheels,4,"Aug. 23, 2014",2.075,0.45
Hell on Wheels,4,"Aug. 30, 2014",1.779,0.28
Hell on Wheels,4,"Sept. 6, 2014",2.157,0.41
Hell on Wheels,4,"Sept. 13, 2014",2.175,0.37
Hell on Wheels,4,"Sept. 20, 2014",2.012,0.33
Hell on Wheels,4,"Sept. 27, 2014",2.301,0.41
Hell on Wheels,4,"Oct. 4, 2014",2.269,0.39
Hell on Wheels,4,"Nov. 8, 2014",1.889,0.29
Hell on Wheels,4,"Nov. 15, 2014",1.742,0.31
Hell on Wheels,4,"Nov. 22, 2014",2.173,0.37
Hell on Wheels,5,"Jul. 18, 2015",2.072,0.38
Hell on Wheels,5,"Jul. 25, 2015",1.551,0.25
Hell on Wheels,5,"Aug. 1, 2015",1.665,0.30
Hell on Wheels,5,"Aug. 8, 2015",1.995,0.30
Hell on Wheels,5,"Aug. 15, 2015",1.902,0.31
Hell on Wheels,5,"Aug. 22, 2015",1.588,0.29
Hell on Wheels,5,"Aug. 29, 2015",1.850,0.28
Hell on Wheels,5,"Jun. 11, 2016",1.783,0.23
Hell on Wheels,5,"Jun. 18, 2016",1.485,0.19
Hell on Wheels,5,"Jun. 25, 2016",1.510,0.19
Hell on Wheels,5,"Jul. 2, 2016",1.430,0.19
Hell on Wheels,5,"Jul. 9, 2016",1.718,0.28
Hell on Wheels,5,"Jul. 16, 2016",1.597,0.19
Hell on Wheels,5,"Jul. 23, 2016",1.645,0.25
The Big C,1,"Aug. 16, 2010",1.154,0.5
The Big C,1,"Aug. 23, 2010",1.069,0.5
The Big C,1,"Aug. 30, 2010",0.875,0.4
The Big C,1,"Sept. 13, 2010",0.874,0.4
The Big C,1,"Sept. 20, 2010",0.709,0.3
The Big C,1,"Sept. 27, 2010",0.728,0.3
The Big C,1,"Oct. 4, 2010",0.624,0.3
The Big C,1,"Oct. 11, 2010",0.741,0.3
The Big C,1,"Oct. 18, 2010",0.607,0.3
The Big C,1,"Oct. 25, 2010",0.705,0.4
The Big C,1,"Nov. 1, 2010",0.966,0.5
The Big C,1,"Nov. 8, 2010",0.800,0.4
The Big C,1,"Nov. 15, 2010",0.957,0.4
The Big C,2,"Jun. 27, 2011",0.891,0.4
The Big C,2,"Jul. 4, 2011",0.583,0.2
The Big C,2,"Jul. 11, 2011",0.528,0.2
The Big C,2,"Jul. 18, 2011",0.617,0.2
The Big C,2,"Jul. 25, 2011",0.506,0.2
The Big C,2,"Aug. 1, 2011",0.572,0.2
The Big C,2,"Aug. 8, 2011",0.492,0.2
The Big C,2,"Aug. 15, 2011",0.527,0.2
The Big C,2,"Aug. 22, 2011",0.624,0.2
The Big C,2,"Aug. 29, 2011",0.704,0.3
The Big C,2,"Sept. 12, 2011",0.535,0.2
The Big C,2,"Sept. 19, 2011",0.454,0.2
The Big C,2,"Sept. 26, 2011",0.431,0.1
The Big C,3,"Apr. 8, 2012",0.581,0.2
The Big C,3,"Apr. 15, 2012",0.465,0.2
The Big C,3,"Apr. 22, 2012",0.442,0.1
The Big C,3,"Apr. 29, 2012",0.429,0.2
The Big C,3,"May 6, 2012",0.483,0.2
The Big C,3,"May 13, 2012",0.417,0.2
The Big C,3,"May 20, 2012",0.450,0.2
The Big C,3,"Jun. 3, 2012",0.589,0.2
The Big C,3,"Jun. 10, 2012",0.499,0.2
The Big C,3,"Jun. 17, 2012",0.445,0.2
The Big C,4,"Apr. 29, 2013",0.238,0.1
The Big C,4,"May 6, 2013",0.253,0.1
The Big C,4,"May 13, 2013",0.251,0.1
The Big C,4,"May 20, 2013",0.390,0.1
Billions,1,"Jan. 17, 2016",0.904,0.24
Billions,1,"Jan. 24, 2016",0.950,0.27
Billions,1,"Jan. 31, 2016",1.282,0.37
Billions,1,"Feb. 7, 2016",0.851,0.25
Billions,1,"Feb. 14, 2016",1.010,0.33
Billions,1,"Feb. 21, 2016",1.172,0.38
Billions,1,"Mar. 6, 2016",1.051,0.36
Billions,1,"Mar. 13, 2016",1.093,0.37
Billions,1,"Mar. 20, 2016",1.127,0.38
Billions,1,"Mar. 27, 2016",1.103,0.34
Billions,1,"Apr. 3, 2016",1.080,0.33
Billions,1,"Apr. 10, 2016",1.013,0.32
Billions,2,"Feb. 19, 2017",0.753,0.20
Billions,2,"Feb. 26, 2017",0.512,0.15
Billions,2,"Mar. 5, 2017",0.851,0.27
Billions,2,"Mar. 12, 2017",0.981,0.31
Billions,2,"Mar. 19, 2017",0.857,0.28
Billions,2,"Mar. 26, 2017",0.922,0.28
Billions,2,"Apr. 2, 2017",0.903,0.27
Billions,2,"Apr. 9, 2017",1.029,0.28
Billions,2,"Apr. 16, 2017",0.847,0.29
Billions,2,"Apr. 23, 2017",0.912,0.23
Billions,2,"Apr. 30, 2017",0.947,0.24
Billions,2,"May 7, 2017",1.019,0.26
Billions,3,"Mar. 25, 2018",0.928,0.26
Billions,3,"Apr. 1, 2018",0.839,0.24
Billions,3,"Apr. 8, 2018",0.849,0.26
Billions,3,"Apr. 15, 2018",0.722,0.19
Billions,3,"Apr. 22, 2018",0.874,0.23
Billions,3,"Apr. 29, 2018",0.773,0.21
Billions,3,"May 6, 2018",0.984,0.25
Billions,3,"May 13, 2018",0.965,0.28
Billions,3,"May 20, 2018",0.952,0.24
Billions,3,"May 27, 2018",0.775,0.19
Billions,3,"Jun. 3, 2018",0.900,0.21
Billions,3,"Jun. 10, 2018",0.938,0.23
Billions,4,"Mar. 17, 2019",0.843,0.18
Billions,4,"Mar. 24, 2019",0.790,0.16
Billions,4,"Mar. 31, 2019",0.824,0.16
Billions,4,"Apr. 7, 2019",0.886,0.19
Billions,4,"Apr. 14, 2019",0.751,0.17
Billions,4,"Apr. 21, 2019",0.680,0.15
Billions,4,"Apr. 28, 2019",0.741,0.17
Billions,4,"May 5, 2019",0.761,0.18
Billions,4,"May 12, 2019",0.678,0.15
Billions,4,"May 26, 2019",0.729,0.12
Billions,4,"Jun. 2, 2019",0.782,0.15
Billions,4,"Jun. 2, 2019",0.793,0.18
Billions,5,"May 3, 2020",0.610,0.14
Billions,5,"May 10, 2020",0.633,0.12
Billions,5,"May 17, 2020",0.568,0.09
Billions,5,"May 24, 2020",0.625,0.09
Billions,5,"May 31, 2020",0.519,0.08
Billions,5,"Jun. 7, 2020",0.647,0.11
Billions,5,"Jun. 14, 2020",0.660,0.12
Billions,5,"Sept. 5, 2021",0.192,0.02
Billions,5,"Sept. 12, 2021",0.392,0.04
Billions,5,"Sept. 19, 2021",0.318,0.03
Billions,5,"Sept. 26, 2021",0.331,0.06
Billions,5,"Oct. 3, 2021",0.394,0.05
The Borgias,1,"Apr. 3, 2011",1.062,0.3
The Borgias,1,"Apr. 10, 2011",0.683,0.1
The Borgias,1,"Apr. 17, 2011",0.708,0.1
The Borgias,1,"Apr. 24, 2011",0.778,0.2
The Borgias,1,"May 1, 2011",0.824,0.3
The Borgias,1,"May 8, 2011",0.855,0.2
The Borgias,1,"May 15, 2011",0.764,0.2
The Borgias,1,"May 22, 2011",0.810,0.2
The Borgias,2,"Apr. 8, 2012",0.605,0.2
The Borgias,2,"Apr. 15, 2012",0.534,0.2
The Borgias,2,"Apr. 22, 2012",0.509,0.2
The Borgias,2,"Apr. 29, 2012",0.579,0.2
The Borgias,2,"May 6, 2012",0.567,0.2
The Borgias,2,"May 13, 2012",0.687,0.2
The Borgias,2,"May 20, 2012",0.554,0.2
The Borgias,2,"Jun. 3, 2012",0.567,0.2
The Borgias,2,"Jun. 10, 2012",0.621,0.2
The Borgias,2,"Jun. 17, 2012",0.517,0.1
The Borgias,3,"Apr. 14, 2013",0.582,0.16
The Borgias,3,"Apr. 21, 2013",0.474,0.1
The Borgias,3,"Apr. 28, 2013",0.569,0.15
The Borgias,3,"May 5, 2013",0.674,0.18
The Borgias,3,"May 12, 2013",0.749,0.19
The Borgias,3,"May 19, 2013",0.663,0.13
The Borgias,3,"May 26, 2013",0.421,0.17
The Borgias,3,"Jun. 2, 2013",0.804,0.21
The Borgias,3,"Jun. 9, 2013",0.611,0.2
The Borgias,3,"Jun. 16, 2013",0.528,0.1
This Close,1,"Sept. 12, 2019",0.154,0.03
This Close,1,"Sept. 12, 2019",0.109,0.02
This Close,1,"Sept. 13, 2019",0.114,0.04
This Close,1,"Sept. 13, 2019",0.081,0.03
This Close,1,"Sept. 19, 2019",0.120,0.02
This Close,1,"Sept. 19, 2019",0.069,0.01
This Close,1,"Sept. 20, 2019",0.112,0.02
This Close,1,"Sept. 20, 2019",0.050,0.01
Legion,1,"Feb. 8, 2017",1.622,0.69
Legion,1,"Feb. 15, 2017",1.133,0.53
Legion,1,"Feb. 22, 2017",1.043,0.49
Legion,1,"Mar. 1, 2017",0.750,0.37
Legion,1,"Mar. 8, 2017",0.795,0.38
Legion,1,"Mar. 15, 2017",0.732,0.34
Legion,1,"Mar. 22, 2017",0.716,0.38
Legion,1,"Mar. 29, 2017",0.812,0.42
Legion,2,"Apr. 3, 2018",0.669,0.30
Legion,2,"Apr. 10, 2018",0.439,0.21
Legion,2,"Apr. 17, 2018",0.380,0.16
Legion,2,"Apr. 24, 2018",0.434,0.20
Legion,2,"May 1, 2018",0.456,0.20
Legion,2,"May 8, 2018",0.353,0.14
Legion,2,"May 15, 2018",0.451,0.22
Legion,2,"May 22, 2018",0.409,0.18
Legion,2,"May 29, 2018",0.362,0.15
Legion,2,"Jun. 5, 2018",0.467,0.21
Legion,2,"Jun. 12, 2018",0.315,0.12
Legion,3,"Jun. 24, 2019",0.377,0.12
Legion,3,"Jul. 1, 2019",0.381,0.14
Legion,3,"Jul. 8, 2019",0.370,0.13
Legion,3,"Jul. 15, 2019",0.277,0.10
Legion,3,"Jul. 22, 2019",0.288,0.11
Legion,3,"Jul. 29, 2019",0.332,0.12
Legion,3,"Aug. 5, 2019",0.288,0.10
Legion,3,"Aug. 12, 2019",0.365,0.13
Sing It On,1,"May 13, 2015",0.058,0.02
Sing It On,1,"May 20, 2015",0.060,0.02
Sing It On,1,"May 27, 2015",0.080,0.02
Sing It On,1,"Jun. 3, 2015",0.144,0.06
Sing It On,1,"Jun. 10, 2015",0.114,0.01
Sing It On,1,"Jun. 17, 2015",0.111,0.03
Sing It On,1,"Jun. 24, 2015",0.146,0.04
Sing It On,1,"Jul. 1, 2015",0.142,0.06
Sing It On,2,"Jul. 27, 2016",0.077,0.03
Sing It On,2,"Aug. 3, 2016",0.096,0.03
Sing It On,2,"Aug. 10, 2016",0.081,0.03
Sing It On,2,"Aug. 17, 2016",0.101,0.02
Sing It On,2,"Aug. 24, 2016",0.108,0.03
Sing It On,2,"Aug. 31, 2016",0.079,0.02
Sing It On,2,"Sept. 7, 2016",0.079,0.01
Sing It On,2,"Sept. 14, 2016",0.062,0.01
Da Vinci’s Demons,1,"Apr. 12, 2013",1.042,0.4
Da Vinci’s Demons,1,"Apr. 19, 2013",0.503,0.2
Da Vinci’s Demons,1,"Apr. 26, 2013",0.382,0.2
Da Vinci’s Demons,1,"May 3, 2013",0.419,0.2
Da Vinci’s Demons,1,"May 10, 2013",0.464,0.2
Da Vinci’s Demons,1,"May 17, 2013",0.548,0.2
Da Vinci’s Demons,1,"May 31, 2013",0.451,0.2
Da Vinci’s Demons,1,"Jun. 7, 2013",0.379,0.1
Da Vinci’s Demons,2,"Mar. 22, 2014",0.578,0.22
Da Vinci’s Demons,2,"Mar. 29, 2014",0.391,0.2
Da Vinci’s Demons,2,"Apr. 5, 2014",0.408,0.2
Da Vinci’s Demons,2,"Apr. 12, 2014",0.432,0.17
Da Vinci’s Demons,2,"Apr. 19, 2014",0.426,0.1
Da Vinci’s Demons,2,"Apr. 26, 2014",0.255,-
Da Vinci’s Demons,2,"May 3, 2014",0.340,0.1
Da Vinci’s Demons,2,"May 10, 2014",0.420,0.2
Da Vinci’s Demons,2,"May 17, 2014",0.439,0.2
Da Vinci’s Demons,2,"May 31, 2014",0.435,0.15
Da Vinci’s Demons,3,"Oct. 24, 2015",0.238,0.07
Da Vinci’s Demons,3,"Oct. 31, 2015",0.250,0.06
Da Vinci’s Demons,3,"Nov. 7, 2015",0.233,0.07
Da Vinci’s Demons,3,"Nov. 14, 2015",0.231,0.04
Da Vinci’s Demons,3,"Nov. 21, 2015",0.201,0.04
Da Vinci’s Demons,3,"Nov. 28, 2015",0.191,0.02
Da Vinci’s Demons,3,"Dec. 5, 2015",0.102,0.04
Da Vinci’s Demons,3,"Dec. 12, 2015",0.120,0.03
Da Vinci’s Demons,3,"Dec. 19, 2015",0.120,0.02
Da Vinci’s Demons,3,"Dec. 26, 2016",0.202,0.03
100 Code,1,"May 29, 2018",0.215,0.05
100 Code,1,"Jun. 5, 2018",0.201,0.03
100 Code,1,"Jun. 12, 2018",0.237,0.05
100 Code,1,"Jun. 19, 2018",0.167,0.02
100 Code,1,"Jun. 26, 2018",0.200,0.04
100 Code,1,"Jun. 26, 2018",0.147,0.02
100 Code,1,"Jul. 3, 2018",0.149,0.02
100 Code,1,"Jul. 10, 2018",0.153,0.04
100 Code,1,"Jul. 17, 2018",0.132,0.03
100 Code,1,"Jul. 24, 2018",0.139,0.03
100 Code,1,"Jul. 31, 2018",0.175,0.03
100 Code,1,"Jul. 31, 2018",0.136,0.01
The Disappearace,1,"Jul. 9, 2019",0.139,0.02
The Disappearace,1,"Jul. 16, 2019",0.141,0.02
The Disappearace,1,"Jul. 23, 2019",0.129,0.03
The Disappearace,1,"Jul. 30, 2019",0.135,0.03
The Disappearace,1,"Aug. 6, 2019",0.115,0.02
The Disappearace,1,"Aug. 13, 2019",0.127,0.02
Californication,1,"Aug. 13, 2007",0.550,0.3
Californication,1,"Aug. 20, 2007",0.685,0.4
Californication,1,"Aug. 27, 2007",0.658,0.4
Californication,1,"Sept. 3, 2007",0.612,0.3
Californication,1,"Sept. 10, 2007",0.533,0.3
Californication,1,"Sept. 17, 2007",0.527,0.4
Californication,1,"Sept. 24, 2007",0.536,0.4
Californication,1,"Oct. 1, 2007",0.391,0.2
Californication,1,"Oct. 8, 2007",0.400,0.2
Californication,1,"Oct. 15, 2007",0.423,0.3
Californication,1,"Oct. 22, 2007",0.489,0.3
Californication,1,"Oct. 29, 2007",0.488,0.3
Californication,2,"Sept. 28, 2008",0.522,0.3
Californication,2,"Oct. 5, 2008",0.442,0.2
Californication,2,"Oct. 12, 2008",0.410,0.2
Californication,2,"Oct. 19, 2008",0.469,0.2
Californication,2,"Oct. 26, 2008",0.378,0.1
Californication,2,"Nov. 2, 2008",0.440,0.2
Californication,2,"Nov. 9, 2008",0.551,0.2
Californication,2,"Nov. 16, 2008",0.515,0.2
Californication,2,"Nov. 23, 2008",0.552,0.2
Californication,2,"Nov. 30, 2008",0.467,0.2
Californication,2,"Dec. 7, 2008",0.479,0.2
Californication,2,"Dec. 14, 2008",0.615,0.3
Californication,3,"Sept. 27, 2009",0.821,0.4
Californication,3,"Oct. 4, 2009",0.772,0.4
Californication,3,"Oct. 11, 2009",0.739,0.3
Californication,3,"Oct. 18, 2009",0.773,0.3
Californication,3,"Oct. 25, 2009",0.773,0.4
Californication,3,"Nov. 1, 2009",0.820,0.4
Californication,3,"Nov. 8, 2009",0.762,0.4
Californication,3,"Nov. 15, 2009",0.828,0.4
Californication,3,"Nov. 22, 2009",0.773,0.4
Californication,3,"Nov. 29, 2009",0.894,0.4
Californication,3,"Dec. 6, 2009",0.913,0.5
Californication,3,"Dec. 13, 2009",1.055,0.5
Californication,4,"Jan. 9, 2011",0.848,0.4
Californication,4,"Jan. 16, 2011",0.554,0.2
Californication,4,"Jan. 23, 2011",0.432,0.2
Californication,4,"Jan. 30, 2011",0.645,0.3
Californication,4,"Feb. 6, 2011",0.418,0.2
Californication,4,"Feb. 13, 2011",0.520,0.3
Californication,4,"Feb. 20, 2011",0.550,0.2
Californication,4,"Feb. 27, 2011",0.513,0.2
Californication,4,"Mar. 6, 2011",0.469,0.2
Californication,4,"Mar. 13, 2011",0.633,0.3
Californication,4,"Mar. 20, 2011",0.369,0.2
Californication,4,"Mar. 27, 2011",0.547,0.2
Californication,5,"Jan. 8, 2012",0.758,0.4
Californication,5,"Jan. 15, 2012",0.751,0.4
Californication,5,"Jan. 22, 2012",0.641,0.3
Californication,5,"Jan. 29, 2012",0.748,0.4
Californication,5,"Feb. 5, 2012",0.742,0.4
Californication,5,"Feb. 12, 2012",0.834,0.45
Californication,5,"Feb. 19, 2012",0.714,0.38
Californication,5,"Mar. 4, 2012",0.668,0.32
Californication,5,"Mar. 11, 2012",0.680,0.37
Californication,5,"Mar. 18, 2012",0.637,0.36
Californication,5,"Mar. 25, 2012",0.725,0.42
Californication,5,"Apr. 1, 2012",0.768,0.45
Californication,6,"Jan. 13, 2013",1.070,0.6
Californication,6,"Jan. 20, 2013",0.749,0.4
Californication,6,"Jan. 27, 2013",0.889,0.4
Californication,6,"Feb. 10, 2013",0.753,0.3
Californication,6,"Feb. 17, 2013",0.669,0.3
Californication,6,"Feb. 24, 2013",0.574,0.2
Californication,6,"Mar. 3, 2013",0.788,0.3
Californication,6,"Mar. 10, 2013",0.693,0.3
Californication,6,"Mar. 17, 2013",0.766,0.3
Californication,6,"Mar. 24, 2013",0.592,0.2
Californication,6,"Mar. 31, 2013",0.580,0.2
Californication,6,"Apr. 7, 2013",0.618,0.2
Californication,7,"Apr. 13, 2014",0.640,0.2
Californication,7,"Apr. 20, 2014",0.390,0.2
Californication,7,"Apr. 27, 2014",0.399,0.16
Californication,7,"May 4, 2014",0.451,0.16
Californication,7,"May 11, 2014",0.507,0.18
Californication,7,"May 18, 2014",0.513,0.15
Californication,7,"May 25, 2014",0.371,0.11
Californication,7,"Jun. 1, 2014",0.475,0.16
Californication,7,"Jun. 8, 2014",0.397,0.13
Californication,7,"Jun. 15, 2014",0.411,0.14
Californication,7,"Jun. 22, 2014",0.504,0.15
Californication,7,"Jun. 29, 2014",0.481,0.16
Power,1,"Jun. 7, 2014",0.462,0.15
Power,1,"Jun. 14, 2014",0.614,0.31
Power,1,"Jun. 21, 2014",0.472,0.24
Power,1,"Jun. 28, 2014",0.557,0.26
Power,1,"Jul. 12, 2014",0.528,0.25
Power,1,"Jul. 19, 2014",0.745,0.4
Power,1,"Jul. 26, 2014",0.754,0.4
Power,1,"Aug. 2, 2014",1.082,0.52
Power,2,"Jun. 6, 2015",1.427,0.61
Power,2,"Jun. 13, 2015",1.119,0.52
Power,2,"Jun. 20, 2015",1.144,0.50
Power,2,"Jun. 27, 2015",1.304,0.55
Power,2,"Jul. 11, 2015",1.248,0.56
Power,2,"Jul. 18, 2015",1.246,0.53
Power,2,"Jul. 25, 2015",1.257,0.57
Power,2,"Aug. 1, 2015",1.040,0.50
Power,2,"Aug. 8, 2015",1.367,0.65
Power,2,"Aug. 15, 2015",1.535,0.66
Power,3,"Jul. 17, 2016",2.258,1.10
Power,3,"Jul. 24, 2016",1.742,0.82
Power,3,"Jul. 31, 2016",1.878,0.89
Power,3,"Aug. 7, 2016",1.720,0.78
Power,3,"Aug. 14, 2016",1.804,0.85
Power,3,"Aug. 21, 2016",2.106,0.96
Power,3,"Aug. 28, 2016",1.839,0.84
Power,3,"Sept. 4, 2016",1.987,0.88
Power,3,"Sept. 18, 2016",2.038,0.90
Power,3,"Sept. 25, 2016",2.005,0.91
Power,4,"Jun. 25, 2017",1.681,0.78
Power,4,"Jul. 2, 2017",1.436,0.64
Power,4,"Jul. 9, 2017",1.719,0.76
Power,4,"Jul. 16, 2017",1.720,0.74
Power,4,"Jul. 23, 2017",1.789,0.82
Power,4,"Jul. 30, 2017",1.826,0.78
Power,4,"Aug. 6, 2017",1.686,0.75
Power,4,"Aug. 13, 2017",1.805,0.78
Power,4,"Aug. 20, 2017",1.898,0.85
Power,4,"Sept. 3, 2017",1.998,0.90
Power,5,"Jul. 1, 2018",1.554,0.62
Power,5,"Jul. 8, 2018",0.702,0.28
Power,5,"Jul. 15, 2018",1.495,0.65
Power,5,"Jul. 22, 2018",1.357,0.57
Power,5,"Jul. 29, 2018",1.354,0.53
Power,5,"Aug. 5, 2018",1.326,0.56
Power,5,"Aug. 12, 2018",1.410,0.59
Power,5,"Aug. 26, 2018",1.456,0.59
Power,5,"Sept. 2, 2018",1.418,0.58
Power,5,"Sept. 9, 2018",1.533,0.62
,6,"Aug. 25, 2019",1.472,0.56
,6,"Sept. 1, 2019",1.072,0.34
,6,"Sept. 8, 2019",1.122,0.38
,6,"Sept. 15, 2019",1.173,0.41
,6,"Sept. 22, 2019",1.235,0.44
,6,"Sept. 29, 2019",1.239,0.43
,6,"Oct. 6, 2019",1.392,0.52
,6,"Oct. 13, 2019",1.262,0.43
,6,"Oct. 27, 2019",1.224,0.43
,6,"Nov. 3, 2019",1.172,0.42
,6,"Jan. 5, 2020",1.235,0.44
,6,"Jan. 12, 2020",1.051,0.39
,6,"Jan. 19, 2020",0.903,0.33
,6,"Jan. 26, 2020",1.059,0.33
,6,"Feb. 9, 2020",1.185,0.43
Flatbush Misdemeanors,1,"May 23, 2021",0.079,0.01
Flatbush Misdemeanors,1,"May 30, 2021",0.130,0.04
Flatbush Misdemeanors,1,"Jun. 6, 2021",0.088,0.01
Flatbush Misdemeanors,1,"Jun. 13, 2021",0.053,0.01
Flatbush Misdemeanors,1,"Jun. 20, 2021",0.063,0.01
Flatbush Misdemeanors,1,"Jun. 27, 2021",0.054,0.02
Flatbush Misdemeanors,1,"Jul. 11, 2021",0.049,0.01
Flatbush Misdemeanors,1,"Jul. 18, 2021",0.060,0.00
Flatbush Misdemeanors,1,"Jul. 25, 2021",0.055,0.02
Flatbush Misdemeanors,1,"Aug. 1, 2021",0.060,0.02
Couples Therapy,1,"Sept. 6, 2019",0.087,0.02
Couples Therapy,1,"Sept. 13, 2019",0.051,0.01
Couples Therapy,1,"Sept. 20, 2019",0.059,0.01
Couples Therapy,1,"Sept. 27, 2019",0.029,0.00
Couples Therapy,1,"Oct. 4, 2019",0.032,0.01
Couples Therapy,1,"Oct. 11, 2019",0.027,0.01
Couples Therapy,1,"Oct. 18, 2019",0.035,0.01
Couples Therapy,1,"Oct. 25, 2019",0.041,0.02
Couples Therapy,1,"Nov. 1, 2019",0.047,0.01
Couples Therapy,1,"Dec. 13, 2020",0.073,0.01
Couples Therapy,2,"Apr. 18, 2021",0.109,0.01
Couples Therapy,2,"Apr. 18, 2021",0.064,0.00
Couples Therapy,2,"Apr. 25, 2021",0.061,0.01
Couples Therapy,2,"Apr. 25, 2021",0.059,0.01
Couples Therapy,2,"May 2, 2021",0.085,0.02
Couples Therapy,2,"May 2, 2021",0.030,0.00
Couples Therapy,2,"May 9, 2021",0.037,0.01
Couples Therapy,2,"May 9, 2021",0.059,0.00
Couples Therapy,2,"May 16, 2021",0.081,0.02
Couples Therapy,3,"May 13, 2022",0.041,0.00
Couples Therapy,3,"May 13, 2022",0.061,0.00
Couples Therapy,3,"May 20, 2022",0.032,0.00
Couples Therapy,3,"May 20, 2022",0.034,0.00
Couples Therapy,3,"May 27, 2022",0.030,0.00
Couples Therapy,3,"May 27, 2022",0.030,0.01
Couples Therapy,3,"Jun. 3, 2022",0.036,0.00
Couples Therapy,3,"Jun. 3, 2022",0.030,0.00
Couples Therapy,3,"Jun. 10, 2022",0.019,0.00
Suits,1,"Jun. 23, 2011",4.636,1.6
Suits,1,"Jun. 30, 2011",3.894,1.18
Suits,1,"Jul. 7, 2011",4.527,1.3
Suits,1,"Jul. 14, 2011",4.378,1.3
Suits,1,"Jul. 21, 2011",4.376,1.5
Suits,1,"Jul. 28, 2011",4.435,1.5
Suits,1,"Aug. 4, 2011",4.025,1.3
Suits,1,"Aug. 11, 2011",3.963,1.2
Suits,1,"Aug. 18, 2011",4.455,1.5
Suits,1,"Aug. 25, 2011",3.818,1.2
Suits,1,"Sept. 1, 2011",3.961,1.2
Suits,1,"Sept. 8, 2011",3.467,1.1
Suits,2,"Jun. 14, 2012",3.474,1.1
Suits,2,"Jun. 21, 2012",3.804,1.2
Suits,2,"Jun. 28, 2012",3.884,1.3
Suits,2,"Jul. 12, 2012",3.704,1.2
Suits,2,"Jul. 19, 2012",3.725,1.2
Suits,2,"Jul. 26, 2012",3.887,1.2
Suits,2,"Aug. 2, 2012",3.409,1.2
Suits,2,"Aug. 9, 2012",3.423,1.1
Suits,2,"Aug. 16, 2012",4.003,1.4
Suits,2,"Aug. 23, 2012",4.482,1.5
Suits,2,"Jan. 17, 2013",3.571,1.2
Suits,2,"Jan. 24, 2013",3.572,1.1
Suits,2,"Jan. 31, 2013",3.360,1.0
Suits,2,"Feb. 7, 2013",3.065,1.0
Suits,2,"Feb. 14, 2013",2.899,1.0
Suits,2,"Feb. 21, 2013",3.204,1.0
Suits,3,"Jul. 16, 2013",2.933,1.1
Suits,3,"Jul. 23, 2013",2.888,1.0
Suits,3,"Jul. 30, 2013",2.476,0.9
Suits,3,"Aug. 6, 2013",2.993,1.1
Suits,3,"Aug. 13, 2013",2.789,0.9
Suits,3,"Aug. 20, 2013",2.764,1.0
Suits,3,"Aug. 27, 2013",2.793,1.0
Suits,3,"Sept. 3, 2013",3.519,1.2
Suits,3,"Sept. 10, 2013",2.953,0.9
Suits,3,"Sept. 17, 2013",3.163,1.0
Suits,3,"Mar. 6, 2014",2.275,0.76
Suits,3,"Mar. 13, 2014",2.276,0.69
Suits,3,"Mar. 20, 2014",2.354,0.66
Suits,3,"Mar. 27, 2014",2.530,0.72
Suits,3,"Apr. 3, 2014",2.498,0.75
Suits,3,"Apr. 10, 2014",2.401,0.66
Suits,4,"Jun. 11, 2014",2.499,0.75
Suits,4,"Jun. 18, 2014",2.651,0.77
Suits,4,"Jun. 25, 2014",2.755,0.76
Suits,4,"Jul. 9, 2014",2.423,0.73
Suits,4,"Jul. 16, 2014",2.327,0.7
Suits,4,"Jul. 23, 2014",2.702,0.85
Suits,4,"Jul. 30, 2014",2.805,0.9
Suits,4,"Aug. 6, 2014",2.589,0.72
Suits,4,"Aug. 13, 2014",2.585,0.76
Suits,4,"Aug. 20, 2014",2.762,0.80
Suits,4,"Jan. 28, 2015",1.870,0.55
Suits,4,"Feb. 4, 2015",1.668,0.54
Suits,4,"Feb. 11, 2015",1.460,0.45
Suits,4,"Feb. 18, 2015",1.700,0.46
Suits,4,"Feb. 25, 2015",1.802,0.56
Suits,4,"Mar. 4, 2015",1.553,0.55
Suits,5,"Jun. 24, 2015",2.129,0.61
Suits,5,"Jul. 1, 2015",2.269,0.59
Suits,5,"Jul. 8, 2015",2.161,0.62
Suits,5,"Jul. 15, 2015",2.377,0.62
Suits,5,"Jul. 22, 2015",2.099,0.60
Suits,5,"Jul. 29, 2015",2.164,0.55
Suits,5,"Aug. 5, 2015",2.083,0.59
Suits,5,"Aug. 12, 2015",2.306,0.68
Suits,5,"Aug. 19, 2015",2.299,0.61
Suits,5,"Aug. 26, 2015",2.339,0.62
Suits,5,"Jan. 27, 2016",1.740,0.54
Suits,5,"Feb. 3, 2016",1.506,0.48
Suits,5,"Feb. 10, 2016",1.710,0.51
Suits,5,"Feb. 17, 2016",1.578,0.46
Suits,5,"Feb. 24, 2016",1.733,0.50
Suits,5,"Mar. 2, 2016",1.708,0.52
Suits,6,"Jul. 13, 2016",1.848,0.53
Suits,6,"Jul. 20, 2016",1.652,0.49
Suits,6,"Jul. 27, 2016",1.778,0.54
Suits,6,"Aug. 3, 2016",1.812,0.54
Suits,6,"Aug. 10, 2016",1.506,0.39
Suits,6,"Aug. 17, 2016",1.682,0.42
Suits,6,"Aug. 24, 2016",1.827,0.42
Suits,6,"Aug. 31, 2016",1.879,0.47
Suits,6,"Sept. 7, 2016",1.866,0.50
Suits,6,"Sept. 14, 2016",1.997,0.51
Suits,6,"Jan. 25, 2017",1.374,0.31
Suits,6,"Feb. 1, 2017",1.527,0.34
Suits,6,"Feb. 8, 2017",1.275,0.32
Suits,6,"Feb. 15, 2017",1.211,0.32
Suits,6,"Feb. 22, 2017",1.251,0.32
Suits,6,"Mar. 1, 2017",1.127,0.32
Suits,7,"Jul. 12, 2017",1.398,0.36
Suits,7,"Jul. 19, 2017",1.358,0.36
Suits,7,"Jul. 26, 2017",1.412,0.34
Suits,7,"Aug. 2, 2017",1.407,0.36
Suits,7,"Aug. 9, 2017",1.294,0.33
Suits,7,"Aug. 16, 2017",1.466,0.41
Suits,7,"Aug. 23, 2017",1.350,0.37
Suits,7,"Aug. 30, 2017",1.512,0.39
Suits,7,"Sept. 6, 2017",1.635,0.40
Suits,7,"Sept. 13, 2017",1.676,0.47
Suits,7,"Mar. 28, 2018",1.181,0.30
Suits,7,"Apr. 4, 2018",1.056,0.26
Suits,7,"Apr. 11, 2018",0.949,0.24
Suits,7,"Apr. 18, 2018",0.989,0.25
Suits,7,"Apr. 25, 2018",1.093,0.27
Suits,7,"Apr. 25, 2018",1.069,0.26
Suits,8,"Jul. 18, 2018",1.265,0.28
Suits,8,"Jul. 25, 2018",1.181,0.22
Suits,8,"Aug. 1, 2018",1.158,0.24
Suits,8,"Aug. 8, 2018",1.091,0.27
Suits,8,"Aug. 15, 2018",1.152,0.28
Suits,8,"Aug. 22, 2018",1.222,0.32
Suits,8,"Aug. 29, 2018",1.133,0.23
Suits,8,"Sept. 5, 2018",1.300,0.29
Suits,8,"Sept. 12, 2018",1.066,0.25
Suits,8,"Sept. 19, 2018",1.078,0.26
Suits,8,"Jan. 23, 2019",0.824,0.26
Suits,8,"Jan. 30, 2019",0.911,0.21
Suits,8,"Feb. 6, 2019",0.774,0.18
Suits,8,"Feb. 13, 2019",0.779,0.20
Suits,8,"Feb. 20, 2019",0.687,0.17
Suits,8,"Feb. 27, 2019",0.741,0.18
Suits,9,"Jul. 17, 2019",1.039,0.21
Suits,9,"Jul. 24, 2019",1.040,0.23
Suits,9,"Jul. 31, 2019",0.944,0.22
Suits,9,"Aug. 7, 2019",1.001,0.21
Suits,9,"Aug. 14, 2019",0.955,0.21
Suits,9,"Aug. 21, 2019",1.050,0.20
Suits,9,"Sept. 4, 2019",1.073,0.23
Suits,9,"Sept. 11, 2019",0.965,0.15
Suits,9,"Sept. 18, 2019",0.955,0.20
Suits,9,"Sept. 25, 2019",0.861,0.19
Baby Daddy,1,"Jun. 20, 2012",1.654,0.7
Baby Daddy,1,"Jun. 27, 2012",1.719,0.7
Baby Daddy,1,"Jul. 11, 2012",1.442,0.7
Baby Daddy,1,"Jul. 18, 2012",1.101,0.5
Baby Daddy,1,"Jul. 25, 2012",1.392,0.7
Baby Daddy,1,"Aug. 1, 2012",1.095,0.4
Baby Daddy,1,"Aug. 8, 2012",1.123,0.6
Baby Daddy,1,"Aug. 15, 2012",1.673,0.5
Baby Daddy,1,"Aug. 22, 2012",1.247,0.6
Baby Daddy,1,"Aug. 29, 2012",1.392,0.7
Baby Daddy,2,"May 29, 2013",0.862,0.4
Baby Daddy,2,"Jun. 5, 2013",0.806,0.4
Baby Daddy,2,"Jun. 12, 2013",0.904,0.4
Baby Daddy,2,"Jun. 12, 2013",0.728,0.3
Baby Daddy,2,"Jun. 19, 2013",1.018,0.5
Baby Daddy,2,"Jun. 26, 2013",0.848,0.4
Baby Daddy,2,"Jul. 10, 2013",0.714,0.3
Baby Daddy,2,"Jul. 17, 2013",1.021,0.5
Baby Daddy,2,"Jul. 24, 2013",0.832,0.3
Baby Daddy,2,"Jul. 31, 2013",1.022,0.4
Baby Daddy,2,"Aug. 7, 2013",0.878,0.4
Baby Daddy,2,"Aug. 14, 2013",0.747,0.4
Baby Daddy,2,"Aug. 21, 2013",0.920,0.5
Baby Daddy,2,"Aug. 28, 2013",0.823,0.4
Baby Daddy,2,"Sept. 4, 2013",1.279,0.6
Baby Daddy,2,"Dec. 11, 2013",1.109,0.5
Baby Daddy,3,"Jan. 15, 2014",1.102,0.57
Baby Daddy,3,"Jan. 22, 2014",1.104,0.49
Baby Daddy,3,"Jan. 29, 2014",1.295,0.63
Baby Daddy,3,"Feb. 5, 2014",1.035,0.47
Baby Daddy,3,"Feb. 12, 2014",0.980,0.47
Baby Daddy,3,"Feb. 26, 2014",0.845,0.44
Baby Daddy,3,"Mar. 5, 2014",0.866,0.42
Baby Daddy,3,"Mar. 12, 2014",0.796,0.38
Baby Daddy,3,"Mar. 19, 2014",0.735,0.35
Baby Daddy,3,"Mar. 26, 2014",0.901,0.48
Baby Daddy,3,"Apr. 2, 2014",0.869,0.46
Baby Daddy,3,"Apr. 9, 2014",0.924,0.45
Baby Daddy,3,"Apr. 16, 2014",0.886,0.39
Baby Daddy,3,"Apr. 23, 2014",0.797,0.40
Baby Daddy,3,"Apr. 30, 2014",0.914,0.44
Baby Daddy,3,"May 7, 2014",0.713,0.29
Baby Daddy,3,"May 14, 2014",0.757,0.35
Baby Daddy,3,"May 28, 2014",0.926,0.41
Baby Daddy,3,"Jun. 4, 2014",0.787,0.38
Baby Daddy,3,"Jun. 11, 2014",0.696,0.32
Baby Daddy,3,"Jun. 18, 2014",0.807,0.37
Baby Daddy,4,"Oct. 22, 2014",0.890,0.42
Baby Daddy,4,"Dec. 10, 2014",0.783,0.38
Baby Daddy,4,"Jan. 14, 2015",0.964,0.55
Baby Daddy,4,"Jan. 21, 2015",0.747,0.40
Baby Daddy,4,"Jan. 28, 2015",0.795,0.39
Baby Daddy,4,"Feb. 4, 2015",0.608,0.29
Baby Daddy,4,"Feb. 11, 2015",0.652,0.35
Baby Daddy,4,"Feb.18, 2015",0.725,0.37
Baby Daddy,4,"Feb. 25, 2015",0.783,0.43
Baby Daddy,4,"Mar. 4, 2015",0.797,0.37
Baby Daddy,4,"Mar. 11, 2015",0.657,0.36
Baby Daddy,4,"Mar. 18, 2015",0.716,0.34
Baby Daddy,4,"Jun. 3, 2015",0.776,0.33
Baby Daddy,4,"Jun. 10, 2015",0.743,0.40
Baby Daddy,4,"Jun. 17, 2015",0.635,0.30
Baby Daddy,4,"Jun. 24, 2015",0.807,0.34
Baby Daddy,4,"Jul. 1, 2015",0.842,0.37
Baby Daddy,4,"Jul. 8, 2015",0.763,0.36
Baby Daddy,4,"Jul. 15, 2015",0.713,0.34
Baby Daddy,4,"Jul. 22, 2015",0.620,0.26
Baby Daddy,4,"Jul. 29, 2015",0.923,0.43
Baby Daddy,4,"Aug. 5, 2015",0.909,0.36
Baby Daddy,5,"Feb. 3, 2016",0.620,0.28
Baby Daddy,5,"Feb. 10, 2016",0.475,0.24
Baby Daddy,5,"Feb. 17, 2016",0.606,0.27
Baby Daddy,5,"Feb. 24, 2016",0.591,0.26
Baby Daddy,5,"Mar. 2, 2016",0.472,0.21
Baby Daddy,5,"Mar. 9, 2016",0.573,0.26
Baby Daddy,5,"Mar. 16, 2016",0.530,0.24
Baby Daddy,5,"Mar. 23, 2016",0.436,0.21
Baby Daddy,5,"Mar. 30, 2016",0.457,0.22
Baby Daddy,5,"Apr. 6, 2016",0.592,0.28
Baby Daddy,5,"Jun. 1, 2016",0.573,0.25
Baby Daddy,5,"Jun. 8, 2016",0.619,0.31
Baby Daddy,5,"Jun. 15, 2016",0.797,0.37
Baby Daddy,5,"Jun. 22, 2016",0.610,0.28
Baby Daddy,5,"Jun. 29, 2016",0.587,0.28
Baby Daddy,5,"Jul. 6, 2016",0.561,0.26
Baby Daddy,5,"Jul. 13, 2016",0.583,0.26
Baby Daddy,5,"Jul. 20, 2016",0.540,0.25
Baby Daddy,5,"Jul. 27, 2016",0.476,0.21
Baby Daddy,5,"Aug. 3, 2016",0.563,0.26
Baby Daddy,6,"Mar. 13, 2017",0.606,0.29
Baby Daddy,6,"Mar. 20, 2017",0.412,0.21
Baby Daddy,6,"Mar. 27, 2017",0.500,0.25
Baby Daddy,6,"Apr. 3, 2017",0.406,0.17
Baby Daddy,6,"Apr. 10, 2017",0.470,0.23
Baby Daddy,6,"Apr. 17, 2017",0.445,0.19
Baby Daddy,6,"Apr. 24, 2017",0.327,0.15
Baby Daddy,6,"May 1, 2017",0.468,0.20
Baby Daddy,6,"May 8, 2017",0.417,0.20
Baby Daddy,6,"May 15, 2017",0.456,0.22
Baby Daddy,6,"May 22, 2017",0.539,0.23
Warrior,1,"Apr. 5, 2019",0.157,0.03
Warrior,1,"Apr. 12, 2019",0.114,0.03
Warrior,1,"Apr. 19, 2019",0.146,0.04
Warrior,1,"Apr. 26, 2019",0.147,0.04
Warrior,1,"May 3, 2019",0.138,0.03
Warrior,1,"May 10, 2019",0.090,0.03
Warrior,1,"May 17, 2019",0.144,0.03
Warrior,1,"May 24, 2019",0.105,0.02
Warrior,1,"May 31, 2019",0.176,0.03
Warrior,1,"Jun. 7, 2019",0.117,0.03
Warrior,2,"Oct. 2, 2020",0.067,0.01
Warrior,2,"Oct. 9, 2020",0.073,0.01
Warrior,2,"Oct. 16, 2020",0.048,0.01
Warrior,2,"Oct. 23, 2020",0.078,0.01
Warrior,2,"Oct. 30, 2020",0.093,0.02
Warrior,2,"Nov. 6, 2020",0.083,0.02
Warrior,2,"Nov. 13, 2020",0.047,0.01
Warrior,2,"Nov. 20, 2020",0.068,0.01
Warrior,2,"Nov. 27, 2020",0.065,0.00
Warrior,2,"Dec. 4, 2020",0.080,0.01
Twin Peaks: The Return,1,"May 21, 2017",0.506,0.15
Twin Peaks: The Return,1,"May 28, 2017",0.195,0.04
Twin Peaks: The Return,1,"Jun. 4, 2017",0.254,0.08
Twin Peaks: The Return,1,"Jun. 11, 2017",0.270,0.10
Twin Peaks: The Return,1,"Jun. 18, 2017",0.294,0.11
Twin Peaks: The Return,1,"Jun. 25, 2017",0.246,0.11
Twin Peaks: The Return,1,"Jul. 9, 2017",0.355,0.16
Twin Peaks: The Return,1,"Jul. 16, 2017",0.267,0.11
Twin Peaks: The Return,1,"Jul. 23, 2017",0.219,0.09
Twin Peaks: The Return,1,"Jul. 30, 2017",0.240,0.06
Twin Peaks: The Return,1,"Aug. 6, 2017",0.280,0.08
Twin Peaks: The Return,1,"Aug. 13, 2017",0.253,0.06
Twin Peaks: The Return,1,"Aug. 20, 2017",0.329,0.10
Twin Peaks: The Return,1,"Aug. 27, 2017",0.267,0.08
Twin Peaks: The Return,1,"Sept. 3, 2017",0.254,0.10
Twin Peaks: The Return,1,"Sept. 3, 2017",0.240,0.09
12 Monkeys,1,"Jan. 16, 2015",1.353,0.43
12 Monkeys,1,"Jan. 23, 2015",1.104,0.24
12 Monkeys,1,"Jan. 30, 2015",0.903,0.31
12 Monkeys,1,"Feb. 6, 2015",0.731,0.23
12 Monkeys,1,"Feb. 13, 2015",0.664,0.23
12 Monkeys,1,"Feb. 20, 2015",0.686,0.17
12 Monkeys,1,"Feb. 27, 2015",0.696,0.18
12 Monkeys,1,"Mar. 6, 2015",0.843,0.30
12 Monkeys,1,"Mar. 13, 2015",0.708,0.26
12 Monkeys,1,"Mar. 20, 2015",0.727,0.22
12 Monkeys,1,"Mar. 27, 2015",0.677,0.19
12 Monkeys,1,"Apr. 3, 2015",0.580,0.20
12 Monkeys,1,"Apr. 10, 2015",0.661,0.20
12 Monkeys,2,"Apr. 18, 2016",0.476,0.14
12 Monkeys,2,"Apr. 25, 2016",0.318,0.10
12 Monkeys,2,"May 2, 2016",0.405,0.11
12 Monkeys,2,"May 9, 2016",0.425,0.12
12 Monkeys,2,"May 16, 2016",0.367,0.12
12 Monkeys,2,"May 23, 2016",0.348,0.08
12 Monkeys,2,"May 30, 2016",0.423,0.12
12 Monkeys,2,"Jun. 6, 2016",0.425,0.12
12 Monkeys,2,"Jun. 13, 2016",0.349,0.10
12 Monkeys,2,"Jun. 20, 2016",0.389,0.11
12 Monkeys,2,"Jun. 27, 2016",0.398,0.14
12 Monkeys,2,"Jul. 11, 2016",0.472,0.15
12 Monkeys,2,"Jul. 18, 2016",0.431,0.12
12 Monkeys,3,"May 19, 2017",0.585,0.16
12 Monkeys,3,"May 19, 2017",0.399,0.12
12 Monkeys,3,"May 19, 2017",0.374,0.11
12 Monkeys,3,"May 19, 2017",0.324,0.09
12 Monkeys,3,"May 20, 2017",0.397,0.10
12 Monkeys,3,"May 20, 2017",0.315,0.07
12 Monkeys,3,"May 20, 2017",0.313,0.07
12 Monkeys,3,"May 21, 2017",0.278,0.08
12 Monkeys,3,"May 21, 2017",0.232,0.05
12 Monkeys,3,"May 21, 2017",0.246,0.05
12 Monkeys,4,"Jun. 15, 2018",0.336,0.07
12 Monkeys,4,"Jun. 15, 2018",0.259,0.04
12 Monkeys,4,"Jun. 15, 2018",0.215,0.03
12 Monkeys,4,"Jun. 22, 2018",0.336,0.09
12 Monkeys,4,"Jun. 22, 2018",0.273,0.05
12 Monkeys,4,"Jun. 22, 2018",0.264,0.05
12 Monkeys,4,"Jun. 29, 2018",0.293,0.06
12 Monkeys,4,"Jun. 29, 2018",0.243,0.04
12 Monkeys,4,"Jun. 29, 2018",0.254,0.04
12 Monkeys,4,"Jul. 6, 2018",0.384,0.10
12 Monkeys,4,"Jul. 6, 2018",0.331,0.07
Web Therapy,1,"Jul. 19, 2011",0.045,0.02
Web Therapy,1,"Jul. 26, 2011",0.088,0.04
Web Therapy,1,"Aug. 2, 2011",0.110,0.05
Web Therapy,1,"Aug. 9, 2011",0.079,0.03
Web Therapy,1,"Aug. 16, 2011",0.041,0.02
Web Therapy,1,"Aug. 23, 2011",0.092,0.04
Web Therapy,1,"Aug. 30, 2011",0.072,0.03
Web Therapy,1,"Sept. 6, 2011",0.043,0.01
Web Therapy,1,"Sept. 13, 2011",0.038,0.02
Web Therapy,1,"Sept. 20, 2011",0.051,0.02
Web Therapy,2,"Jul. 2, 2012",0.103,0.06
Web Therapy,2,"Jul. 9, 2012",0.096,0.04
Web Therapy,2,"Jul. 16, 2012",0.049,0.02
Web Therapy,2,"Jul. 23, 2012",0.027,0.01
Web Therapy,2,"Jul. 30, 2012",0.064,0.02
Web Therapy,2,"Aug. 6, 2012",0.025,0.01
Web Therapy,2,"Aug. 13, 2012",0.051,0.02
Web Therapy,2,"Aug. 20, 2012",0.074,0.04
Web Therapy,2,"Aug. 27, 2012",0.097,0.04
Web Therapy,2,"Sept. 2, 2012",0.196,0.08
Web Therapy,2,"Sept. 9, 2012",0.120,0.07
Web Therapy,3,"Jul. 23, 2013",0.045,0.02
Web Therapy,3,"Jul. 30, 2013",0.037,0.02
Web Therapy,3,"Aug. 6, 2013",0.037,0.02
Web Therapy,3,"Aug. 13, 2013",0.068,0.03
Web Therapy,3,"Aug. 20, 2013",0.065,0.02
Web Therapy,3,"Aug. 27, 2013",0.044,0.01
Web Therapy,3,"Sept. 3, 2013",0.054,0.01
Web Therapy,3,"Sept. 10, 2013",0.030,0.00
Web Therapy,3,"Sept. 17, 2013",0.136,0.03
Web Therapy,3,"Sept. 24, 2013",0.057,0.01
Web Therapy,4,"Oct. 22, 2014",0.051,0.01
Web Therapy,4,"Oct. 29, 2014",0.127,0.06
Web Therapy,4,"Nov. 5, 2014",0.027,0.01
Web Therapy,4,"Nov. 12, 2014",0.034,0.001
Web Therapy,4,"Nov. 19, 2014",0.025,0.005
Web Therapy,4,"Nov. 26, 2014",0.086,0.01
Web Therapy,4,"Dec. 3, 2014",0.053,0.02
Web Therapy,4,"Dec. 10, 2014",0.057,0.02
Web Therapy,4,"Dec. 17, 2014",0.062,0.004
Web Therapy,4,"Jan. 14, 2015",0.071,0.01
Web Therapy,4,"Jan. 21, 2015",0.031,0.01
Web Therapy,4,"Jan. 28, 2015",0.023,0.001
Necessary Roughness,1,"Jun. 29, 2011",4.670,1.4
Necessary Roughness,1,"Jul. 6, 2011",4.446,1.3
Necessary Roughness,1,"Jul. 13, 2011",3.990,1.1
Necessary Roughness,1,"Jul. 20, 2011",4.202,1.2
Necessary Roughness,1,"Jul. 27, 2011",4.211,1.3
Necessary Roughness,1,"Aug. 3, 2011",4.456,1.3
Necessary Roughness,1,"Aug. 10, 2011",4.139,1.3
Necessary Roughness,1,"Aug. 17, 2011",4.211,1.2
Necessary Roughness,1,"Aug. 24, 2011",4.188,1.2
Necessary Roughness,1,"Aug. 31, 2011",4.001,1.2
Necessary Roughness,1,"Sept. 7, 2011",3.706,1.1
Necessary Roughness,1,"Sept. 14, 2011",4.007,1.2
Necessary Roughness,2,"Jun. 6, 2012",3.115,0.8
Necessary Roughness,2,"Jun. 13, 2012",2.667,0.8
Necessary Roughness,2,"Jun. 20, 2012",3.011,0.8
Necessary Roughness,2,"Jun. 27, 2012",2.959,0.8
Necessary Roughness,2,"Jul. 11, 2012",2.645,0.8
Necessary Roughness,2,"Jul. 18, 2012",2.806,0.8
Necessary Roughness,2,"Jul. 25, 2012",2.759,0.7
Necessary Roughness,2,"Aug. 1, 2012",2.057,0.6
Necessary Roughness,2,"Aug. 15, 2012",2.488,0.7
Necessary Roughness,2,"Aug. 22, 2012",2.566,0.6
Necessary Roughness,2,"Aug. 29, 2012",2.865,0.6
Necessary Roughness,2,"Jan. 23, 2013",2.367,0.6
Necessary Roughness,2,"Jan. 30, 2013",1.972,0.6
Necessary Roughness,2,"Feb. 6, 2013",1.856,0.5
Necessary Roughness,2,"Feb. 13, 2013",2.026,0.5
Necessary Roughness,2,"Feb. 20, 2013",1.978,0.5
Necessary Roughness,3,"Jun. 12, 2013",2.610,0.6
Necessary Roughness,3,"Jun. 19, 2013",2.514,0.7
Necessary Roughness,3,"Jun. 26, 2013",2.654,0.7
Necessary Roughness,3,"Jul. 10, 2013",2.107,0.6
Necessary Roughness,3,"Jul. 17, 2013",2.561,0.6
Necessary Roughness,3,"Jul. 24, 2013",2.448,0.7
Necessary Roughness,3,"Jul. 31, 2013",2.509,0.7
Necessary Roughness,3,"Aug. 7, 2013",2.338,0.6
Necessary Roughness,3,"Aug. 14, 2013",2.353,0.6
Necessary Roughness,3,"Aug. 21, 2013",2.364,0.6
Friday Night Tykes,1,"Jan. 14, 2014",0.150,0.06
Friday Night Tykes,1,"Jan. 14, 2014",0.120,0.06
Friday Night Tykes,1,"Jan. 21, 2014",0.174,0.09
Friday Night Tykes,1,"Jan. 28, 2014",0.119,0.05
Friday Night Tykes,1,"Feb. 4, 2014",0.147,0.07
Friday Night Tykes,1,"Feb. 25, 2014",0.122,0.07
Friday Night Tykes,1,"Mar. 4, 2014",0.166,0.07
Friday Night Tykes,1,"Mar. 11, 2014",0.150,0.06
Friday Night Tykes,1,"Mar. 18, 2014",0.133,0.07
Friday Night Tykes,1,"Mar. 25, 2014",0.159,0.08
Friday Night Tykes,1,"Apr. 1, 2014",0.061,0.03
Friday Night Tykes,2,"Jan. 20, 2015",0.182,0.10
Friday Night Tykes,2,"Jan. 27, 2015",0.226,0.11
Friday Night Tykes,2,"Feb. 3, 2015",0.197,0.11
Friday Night Tykes,2,"Feb. 10, 2015",0.122,0.06
Friday Night Tykes,2,"Feb. 17, 2015",0.193,0.09
Friday Night Tykes,2,"Feb. 24, 2015",0.159,0.08
Friday Night Tykes,2,"Mar. 3, 2015",0.208,0.12
Friday Night Tykes,2,"Mar. 10, 2015",0.163,0.10
Friday Night Tykes,2,"Mar. 17, 2015",0.205,0.11
Friday Night Tykes,2,"Mar. 24, 2015",0.229,0.11
Friday Night Tykes,3,"Jan. 19, 2016",0.185,0.08
Friday Night Tykes,3,"Jan. 26, 2016",0.179,0.09
Friday Night Tykes,3,"Feb. 2, 2016",0.160,0.07
Friday Night Tykes,3,"Feb. 9, 2016",0.171,0.09
Friday Night Tykes,3,"Feb. 16, 2016",0.244,0.11
Friday Night Tykes,3,"Feb. 23, 2016",0.211,0.08
Friday Night Tykes,3,"Mar. 1, 2016",0.250,0.12
Friday Night Tykes,3,"Mar. 8, 2016",0.258,0.14
Friday Night Tykes,3,"Mar. 15, 2016",0.196,0.09
Friday Night Tykes,3,"Mar. 22, 2016",0.266,0.16
Friday Night Tykes,4,"Jan. 17, 2017",0.092,0.04
Friday Night Tykes,4,"Jan. 24, 2017",0.086,0.03
Friday Night Tykes,4,"Jan. 31, 2017",0.117,0.05
Friday Night Tykes,4,"Feb. 7, 2017",0.093,0.03
Friday Night Tykes,4,"Feb. 14, 2017",0.065,0.03
Friday Night Tykes,4,"Feb. 21, 2017",0.083,0.03
Friday Night Tykes,4,"Feb. 28, 2017",0.111,0.04
Friday Night Tykes,4,"Mar. 7, 2017",0.077,0.03
Friday Night Tykes,4,"Mar. 14, 2017",0.078,0.04
Friday Night Tykes,4,"Mar. 21, 2017",0.128,0.07
Ghost Wars,1,"Oct. 5, 2017",0.512,0.10
Ghost Wars,1,"Oct. 12, 2017",0.505,0.10
Ghost Wars,1,"Oct. 19, 2017",0.393,0.11
Ghost Wars,1,"Oct. 26, 2017",0.498,0.10
Ghost Wars,1,"Nov. 2, 2017",0.331,0.08
Ghost Wars,1,"Nov. 9, 2017",0.324,0.06
Ghost Wars,1,"Nov. 16, 2017",0.326,0.08
Ghost Wars,1,"Nov. 30, 2017",0.251,0.06
Ghost Wars,1,"Dec. 7, 2017",0.388,0.09
Ghost Wars,1,"Dec. 14, 2017",0.289,0.05
Ghost Wars,1,"Dec. 21, 2017",0.343,0.08
Ghost Wars,1,"Dec. 28, 2017",0.392,0.11
Ghost Wars,1,"Jan. 4, 2018",0.338,0.09
The Deceived,1,"Jul. 18, 2021",0.071,0.02
The Deceived,1,"Jul. 25, 2021",0.064,0.02
The Deceived,1,"Aug. 1, 2021",0.021,0.01
The Deceived,1,"Aug. 8, 2021",0.030,0.01
Ths Kings,1,"Jun. 6, 2021",0.110,0.01
Ths Kings,1,"Jun. 13, 2021",0.134,0.01
Ths Kings,1,"Jun. 20, 2021",0.079,0.01
Ths Kings,1,"Jun. 27, 2021",0.070,0.00
Entourage,1,"Jul. 18, 2004",1.889,1.3
Entourage,1,"Jul. 25, 2004",1.846,1.1
Entourage,1,"Aug. 1, 2004",1.942,1.2
Entourage,1,"Aug. 8, 2004",2.146,1.4
Entourage,1,"Aug. 15, 2004",1.970,1.3
Entourage,1,"Aug. 22, 2004",1.626,1.1
Entourage,1,"Aug. 29, 2004",2.013,1.3
Entourage,1,"Sept. 12, 2004",1.978,1.3
Entourage,2,"Jun. 5, 2005",1.593,1.0
Entourage,2,"Jun. 12, 2005",1.207,0.9
Entourage,2,"Jun. 19, 2005",1.331,0.9
Entourage,2,"Jun. 26, 2005",1.461,1.0
Entourage,2,"Jul. 3, 2005",0.900,0.6
Entourage,2,"Jul. 10, 2005",1.951,1.3
Entourage,2,"Jul. 17, 2005",1.968,1.2
Entourage,2,"Jul. 24, 2005",2.050,1.4
Entourage,2,"Jul. 31, 2005",1.938,1.3
Entourage,2,"Aug. 7, 2005",2.213,1.5
Entourage,2,"Aug. 14, 2005",2.565,1.5
Entourage,2,"Aug. 21, 2005",2.710,1.7
Entourage,2,"Aug. 28, 2005",2.122,1.4
Entourage,2,"Sept. 4, 2005",2.143,1.3
Entourage,3A,"Jun. 11, 2006",2.689,1.5
Entourage,3A,"Jun. 18, 2006",2.177,1.3
Entourage,3A,"Jun. 25, 2006",2.357,1.4
Entourage,3A,"Jul. 2, 2006",2.033,1.1
Entourage,3A,"Jul. 9, 2006",2.368,1.4
Entourage,3A,"Jul. 16, 2006",2.664,1.6
Entourage,3A,"Jul. 23, 2006",2.575,1.5
Entourage,3A,"Jul. 30, 2006",2.417,1.4
Entourage,3A,"Aug. 6, 2006",2.402,1.5
Entourage,3A,"Aug. 13, 2006",2.604,1.5
Entourage,3A,"Aug. 20, 2006",2.519,1.4
Entourage,3A,"Aug. 27, 2006",2.540,1.5
Entourage,3A,"Apr. 8, 2007",3.765,2.0
Entourage,3A,"Apr. 15, 2007",3.845,2.3
Entourage,3A,"Apr. 22, 2007",3.626,2.0
Entourage,3A,"Apr. 29, 2007",3.334,1.9
Entourage,3A,"May 6, 2007",3.454,2.0
Entourage,3A,"May 13, 2007",3.122,1.7
Entourage,3A,"May 20, 2007",3.384,2.0
Entourage,3A,"Jun. 3, 2007",3.356,2.3
Entourage,4,"Jun. 17, 2007",2.242,1.4/4
Entourage,4,"Jun. 24, 2007",2.266,1.2/4
Entourage,4,"Jul. 1, 2007",2.546,1.6/5
Entourage,4,"Jul. 8, 2007",2.206,1.3/4
Entourage,4,"Jul. 15, 2007",2.626,1.6/5
Entourage,4,"Jul. 22, 2007",2.507,1.5/4
Entourage,4,"Jul. 29, 2007",2.497,1.4/4
Entourage,4,"Aug. 5, 2007",2.607,1.5
Entourage,4,"Aug. 12, 2007",2.856,1.8
Entourage,4,"Aug. 19, 2007",2.768,1.8/5
Entourage,4,"Aug. 26, 2007",3.065,1.9
Entourage,4,"Sept. 2, 2007",2.189,1.2/4
Entourage,5,"Sept. 7, 2008",1.645,1.0/2
Entourage,5,"Sept. 14, 2008",1.65,1.0/2
Entourage,5,"Sept. 21, 2008",1.58,1.0/2
Entourage,5,"Sept. 28, 2008",1.56,1.0/2
Entourage,5,"Oct. 5, 2008",1.53,0.94/2
Entourage,5,"Oct. 12, 2008",1.61,0.98/2
Entourage,5,"Oct. 19, 2008",1.586,0.9/2
Entourage,5,"Oct. 26, 2008",1.77,1.0/2
Entourage,5,"Nov. 2, 2008",1.77,1.1/3
Entourage,5,"Nov. 9, 2008",1.83,1.1/3
Entourage,5,"Nov. 16, 2008",2.06,1.3/3
Entourage,5,"Nov. 23, 2008",2.05,1.3/3
Entourage,6,"Jul. 12, 2009",3.446,1.9/6
Entourage,6,"Jul. 19, 2009",2.694,1.6/5
Entourage,6,"Jul. 26, 2009",2.841,1.6/5
Entourage,6,"Aug. 2, 2009",3.298,1.9/6
Entourage,6,"Aug. 9, 2009",2.740,1.7/5
Entourage,6,"Aug. 16, 2009",2.843,1.7/5
Entourage,6,"Aug. 23, 2009",3.181,1.9/5
Entourage,6,"Aug. 30, 2009",3.191,1.9/6
Entourage,6,"Sept. 13, 2009",2.594,1.6/4
Entourage,6,"Sept. 20, 2009",1.827,1.1/3
Entourage,6,"Sept. 27, 2009",1.869,1.1/3
Entourage,6,"Oct. 4, 2009",2.485,1.5/4
Entourage,7,"Jun. 27, 2010",2.479,1.5/4
Entourage,7,"Jul. 11, 2010",2.552,1.5/5
Entourage,7,"Jul. 18, 2010",2.559,1.5/5
Entourage,7,"Jul. 25, 2010",2.582,1.6/5
Entourage,7,"Aug. 1, 2010",2.848,1.7/5
Entourage,7,"Aug. 8, 2010",2.560,1.5/4
Entourage,7,"Aug. 15, 2010",2.723,1.6/5
Entourage,7,"Aug. 22, 2010",2.646,1.5/5
Entourage,7,"Aug. 29, 2010",2.861,1.8/5
Entourage,7,"Sept. 12, 2010",2.724,1.6/4
Entourage,8,"Jul. 24, 2011",2.493,1.4
Entourage,8,"Jul. 31, 2011",2.136,1.2
Entourage,8,"Aug. 7, 2011",2.364,1.3
Entourage,8,"Aug. 14, 2011",2.460,1.4
Entourage,8,"Aug. 21, 2011",2.529,1.5
Entourage,8,"Aug. 28, 2011",2.164,1.3
Entourage,8,"Sept. 4, 2011",1.723,1.0
Entourage,8,"Sept. 11, 2011",2.612,1.6
Wilfred,1,"Jun. 23, 2011",2.553,1.2
Wilfred,1,"Jun. 30, 2011",2.044,1.03
Wilfred,1,"Jul. 7, 2011",1.516,0.7
Wilfred,1,"Jul. 14, 2011",1.564,0.8
Wilfred,1,"Jul. 21, 2011",1.436,0.7
Wilfred,1,"Jul. 28, 2011",1.738,0.9
Wilfred,1,"Aug. 4, 2011",1.404,0.6
Wilfred,1,"Aug. 11, 2011",1.229,0.7
Wilfred,1,"Aug. 18, 2011",1.179,0.6
Wilfred,1,"Aug. 18, 2011",1.042,0.6
Wilfred,1,"Aug. 25, 2011",1.208,0.7
Wilfred,1,"Sept. 1, 2011",1.320,0.7
Wilfred,1,"Sept. 8, 2011",0.902,0.4
Wilfred,2,"Jun. 21, 2012",0.957,0.4
Wilfred,2,"Jun. 28, 2012",2.526,1.2
Wilfred,2,"Jul. 5, 2012",1.453,0.7
Wilfred,2,"Jul. 12, 2012",1.354,0.7
Wilfred,2,"Jul. 19, 2012",1.339,0.7
Wilfred,2,"Jul. 26, 2012",1.276,0.6
Wilfred,2,"Aug. 2, 2012",0.828,0.4
Wilfred,2,"Aug. 9, 2012",0.947,0.4
Wilfred,2,"Aug. 16, 2012",1.052,0.5
Wilfred,2,"Aug. 23, 2012",0.835,0.4
Wilfred,2,"Aug. 30, 2012",0.719,0.4
Wilfred,2,"Sept. 13, 2012",0.642,0.3
Wilfred,2,"Sept. 20, 2012",0.541,0.3
Wilfred,3,"Jun. 20, 2013",0.648,0.3
Wilfred,3,"Jun. 20, 2013",0.607,0.3
Wilfred,3,"Jun. 27, 2013",0.705,0.3
Wilfred,3,"Jun. 27, 2013",0.535,0.3
Wilfred,3,"Jul. 11, 2013",0.711,0.3
Wilfred,3,"Jul. 18, 2013",0.605,0.3
Wilfred,3,"Jul. 25, 2013",0.542,0.3
Wilfred,3,"Aug. 1, 2013",0.470,0.2
Wilfred,3,"Aug. 8, 2013",0.462,0.3
Wilfred,3,"Aug. 15, 2013",0.649,0.3
Wilfred,3,"Aug. 22, 2013",0.411,0.2
Wilfred,3,"Aug. 29, 2013",0.835,0.4
Wilfred,3,"Sept. 5, 2013",0.443,0.2
Wilfred,4,"Jun. 25, 2014",0.185,0.12
Wilfred,4,"Jun. 25, 2014",0.185,0.11
Wilfred,4,"Jul. 2, 2014",0.214,0.11
Wilfred,4,"Jul. 9, 2014",0.120,0.07
Wilfred,4,"Jul. 16, 2014",0.118,0.06
Wilfred,4,"Jul. 23, 2014",0.185,0.10
Wilfred,4,"Jul. 30, 2014",0.198,0.13
Wilfred,4,"Aug. 6, 2014",0.170,0.12
Wilfred,4,"Aug. 13, 2014",0.239,0.14
Wilfred,4,"Aug. 13, 2014",0.247,0.16
Veep,1,"Apr. 22, 2012",1.379,0.6
Veep,1,"Apr. 29, 2012",1.149,0.5
Veep,1,"May 6, 2013",0.949,0.6
Veep,1,"May 13, 2013",0.942,0.6
Veep,1,"May 20, 2013",0.807,0.5
Veep,1,"May 27, 2013",0.831,0.4
Veep,1,"Jun. 3, 2012",1.175,0.6
Veep,1,"Jun. 10, 2012",1.075,0.6
Veep,2,"Apr. 14, 2013",1.188,0.6
Veep,2,"Apr. 21, 2013",1.114,0.6
Veep,2,"Apr. 28, 2013",1.324,0.7
Veep,2,"May 5, 2013",1.186,0.6
Veep,2,"May 12, 2013",1.210,0.6
Veep,2,"May 19, 2013",1.092,0.6
Veep,2,"Jun. 2, 2013",1.213,0.7
Veep,2,"Jun. 9, 2013",1.101,0.6
Veep,2,"Jun. 16, 2013",1.025,0.5
Veep,2,"Jun. 23, 2013",0.985,0.5
Veep,3,"Apr. 6, 2014",0.955,0.51
Veep,3,"Apr. 13, 2014",0.860,0.49
Veep,3,"Apr. 20, 2014",0.775,0.36
Veep,3,"Apr. 27, 2014",0.922,0.50
Veep,3,"May 4, 2014",1.020,0.50
Veep,3,"May 11, 2014",1.066,0.54
Veep,3,"May 18, 2014",1.092,0.59
Veep,3,"Jun. 1, 2014",1.061,0.54
Veep,3,"Jun. 8, 2014",0.945,0.48
Veep,3,"Jun. 8, 2014",0.664,0.33
Veep,4,"Apr. 12, 2015",1.048,0.55
Veep,4,"Apr. 19, 2015",0.986,0.49
Veep,4,"Apr. 26, 2015",0.983,0.52
Veep,4,"May 3, 2015",0.980,0.50
Veep,4,"May 10, 2015",0.820,0.43
Veep,4,"May 17, 2015",0.741,0.40
Veep,4,"May 24, 2015",0.975,0.50
Veep,4,"May 31, 2015",0.993,0.48
Veep,4,"Jun. 7, 2015",0.907,0.41
Veep,4,"Jun. 14, 2015",1.112,0.53
Veep,5,"Apr. 24, 2016",1.098,0.52
Veep,5,"May 1, 2016",1.011,0.47
Veep,5,"May 8, 2016",0.968,0.44
Veep,5,"May 15, 2016",0.974,0.46
Veep,5,"May 22, 2016",0.918,0.42
Veep,5,"May 29, 2016",0.975,0.43
Veep,5,"Jun. 5, 2016",1.100,0.51
Veep,5,"Jun. 12, 2016",0.851,0.39
Veep,5,"Jun. 19, 2016",0.899,0.43
Veep,5,"Jun. 26, 2016",1.146,0.50
Veep,6,"Apr. 16, 2017",0.659,0.27
Veep,6,"Apr. 23, 2017",0.625,0.27
Veep,6,"Apr. 30, 2017",0.543,0.22
Veep,6,"May 7, 2017",0.486,0.18
Veep,6,"May 14, 2017",0.619,0.25
Veep,6,"May 21, 2017",0.613,0.23
Veep,6,"May 28, 2017",0.552,0.19
Veep,6,"Jun. 11, 2017",0.639,0.25
Veep,6,"Jun. 18, 2017",0.566,0.23
Veep,6,"Jun. 25, 2017",0.536,0.22
Veep,7,"Mar. 31, 2019",0.533,0.18
Veep,7,"Apr. 7, 2019",0.473,0.15
Veep,7,"Apr. 14, 2019",1.002,0.35
Veep,7,"Apr. 21, 2019",1.047,0.37
Veep,7,"Apr. 28, 2019",1.082,0.40
Veep,7,"May 5, 2019",1.072,0.39
Veep,7,"May 12, 2019",1.097,0.40
The Son,1,"Apr. 8, 2017",1.915,0.19
The Son,1,"Apr. 15, 2017",1.547,0.17
The Son,1,"Apr. 22, 2017",1.390,0.18
The Son,1,"Apr. 29, 2017",1.214,0.14
The Son,1,"May 6, 2017",1.295,0.15
The Son,1,"May 13, 2017",1.172,0.14
The Son,1,"May 20, 2017",1.261,0.14
The Son,1,"Jun. 3, 2017",1.060,0.12
The Son,1,"Jun. 10, 2017",1.162,0.13
The Son,2,"Apr. 27, 2019",0.674,0.09
The Son,2,"May 4, 2019",0.612,0.06
The Son,2,"May 11, 2019",0.654,0.09
The Son,2,"May 18, 2019",0.527,0.06
The Son,2,"May 25, 2019",0.560,0.07
The Son,2,"Jun. 1, 2019",0.559,0.11
The Son,2,"Jun. 8, 2019",0.559,0.06
The Son,2,"Jun. 15, 2019",0.593,0.06
The Son,2,"Jun. 22, 2019",0.646,0.08
The Son,2,"Jun. 29, 2019",0.656,0.05
Shear Genius,1,"Apr. 11, 2007",1.090,0.5
Shear Genius,1,"Apr. 18, 2007",0.894,0.4
Shear Genius,1,"Apr. 25, 2007",0.854,0.4
Shear Genius,1,"May 2, 2007",0.960,0.5
Shear Genius,1,"May 9, 2007",1.065,0.6
Shear Genius,1,"May 16, 2007",1.046,0.5
Shear Genius,1,"May 23, 2007",0.892,0.4
Shear Genius,1,"May 30, 2007",1.304,0.7
Shear Genius,2,"Jun. 25, 2008",0.892,0.4/1
Shear Genius,2,"Jul. 2, 2008",1.03,0.5/2
Shear Genius,2,"Jul. 9, 2008",1.16,0.6/2
Shear Genius,2,"Jul. 16, 2008",2.164,1.0/3
Shear Genius,2,"Jul. 23, 2008",1.912,0.9
Shear Genius,2,"Jul. 30, 2008",2.399,1.1/3
Shear Genius,2,"Aug. 6, 2008",2.25,1.0/3
Shear Genius,2,"Aug. 13, 2008",1.95,0.9/3
Shear Genius,2,"Aug. 20, 2008",1.671,0.8/2
Shear Genius,2,"Aug. 27, 2008",2.543,1.3/4
Shear Genius,3,"Feb. 3, 2010",1.097,0.5/1
Shear Genius,3,"Feb. 10, 2010",1.100,0.5/1
Shear Genius,3,"Feb. 17, 2010",0.931,0.4/1
Shear Genius,3,"Feb. 24, 2010",0.871,0.4/1
Shear Genius,3,"Mar. 3, 2010",0.935,0.4/1
Shear Genius,3,"Mar. 10, 2010",1.076,0.5/1
Shear Genius,3,"Mar. 17, 2010",0.982,0.4/1
Shear Genius,3,"Mar. 24, 2010",1.144,0.5/1
Shear Genius,3,"Mar. 31, 2010",1.198,0.6/2
Shear Genius,3,"Apr. 7, 2010",1.234,0.5/2
Animal Kingdom,1,"Jun. 14, 2016",1.308,0.45
Animal Kingdom,1,"Jun. 14, 2016",1.099,0.35
Animal Kingdom,1,"Jun. 21, 2016",1.175,0.43
Animal Kingdom,1,"Jun. 28, 2016",1.179,0.42
Animal Kingdom,1,"Jul. 5, 2016",1.389,0.50
Animal Kingdom,1,"Jul. 12, 2016",1.253,0.42
Animal Kingdom,1,"Jul. 19, 2016",1.218,0.42
Animal Kingdom,1,"Jul. 26, 2016",1.227,0.38
Animal Kingdom,1,"Aug. 2, 2016",1.318,0.44
Animal Kingdom,1,"Aug. 9, 2016",1.510,0.48
Animal Kingdom,2,"May 30, 2017",1.193,0.44
Animal Kingdom,2,"Jun. 6, 2017",1.046,0.35
Animal Kingdom,2,"Jun. 13, 2017",0.960,0.34
Animal Kingdom,2,"Jun. 20, 2017",1.126,0.34
Animal Kingdom,2,"Jun. 27, 2017",1.172,0.36
Animal Kingdom,2,"Jul. 11, 2017",1.172,0.36
Animal Kingdom,2,"Jul. 18, 2017",1.272,0.40
Animal Kingdom,2,"Jul. 25, 2017",1.099,0.36
Animal Kingdom,2,"Aug. 1, 2017",1.208,0.39
Animal Kingdom,2,"Aug. 8, 2017",1.203,0.35
Animal Kingdom,2,"Aug. 15, 2017",1.157,0.39
Animal Kingdom,2,"Aug. 22, 2017",1.215,0.40
Animal Kingdom,2,"Aug. 29, 2017",1.405,0.43
Animal Kingdom,3,"May 29, 2018",1.300,0.43
Animal Kingdom,3,"Jun. 5, 2018",1.217,0.37
Animal Kingdom,3,"Jun. 12, 2018",1.163,0.38
Animal Kingdom,3,"Jun. 19, 2018",1.333,0.43
Animal Kingdom,3,"Jun. 26, 2018",1.311,0.39
Animal Kingdom,3,"Jul. 3, 2018",1.197,0.37
Animal Kingdom,3,"Jul. 10, 2018",1.274,0.37
Animal Kingdom,3,"Jul. 17, 2018",1.345,0.41
Animal Kingdom,3,"Jul. 24, 2018",1.334,0.36
Animal Kingdom,3,"Jul. 31, 2018",1.313,0.39
Animal Kingdom,3,"Aug. 7, 2018",1.444,0.44
Animal Kingdom,3,"Aug. 14, 2018",1.374,0.38
Animal Kingdom,3,"Aug. 21, 2018",1.367,0.39
Animal Kingdom,4,"May 28, 2019",1.354,0.41
Animal Kingdom,4,"Jun. 4, 2019",1.096,0.31
Animal Kingdom,4,"Jun. 11, 2019",1.183,0.31
Animal Kingdom,4,"Jun. 18, 2019",1.194,0.31
Animal Kingdom,4,"Jun. 25, 2019",1.137,0.28
Animal Kingdom,4,"Jul. 2, 2019",1.120,0.31
Animal Kingdom,4,"Jul. 9, 2019",1.148,0.32
Animal Kingdom,4,"Jul. 16, 2019",1.286,0.31
Animal Kingdom,4,"Jul. 23, 2019",1.134,0.27
Animal Kingdom,4,"Jul. 30, 2019",1.125,0.32
Animal Kingdom,4,"Aug. 6, 2019",1.195,0.33
Animal Kingdom,4,"Aug. 13, 2019",1.420,0.40
Animal Kingdom,4,"Aug. 20, 2019",1.388,0.41
Flight of the Conchords,1,"Jun. 17, 2007",1.200,0.7
Flight of the Conchords,1,"Jun. 24, 2007",0.973,0.5
Flight of the Conchords,1,"Jul. 1, 2007",0.841,0.4
Flight of the Conchords,1,"Jul. 8, 2007",0.817,0.5
Flight of the Conchords,1,"Jul. 15, 2007",1.031,0.6
Flight of the Conchords,1,"Jul. 22, 2007",0.728,0.4
Flight of the Conchords,1,"Jul. 29, 2007",1.050,0.6
Flight of the Conchords,1,"Aug. 5, 2007",0.883,0.5
Flight of the Conchords,1,"Aug. 12, 2007",1.146,0.7
Flight of the Conchords,1,"Aug. 19, 2007",1.047,0.7
Flight of the Conchords,1,"Aug. 26, 2007",1.048,0.6
Flight of the Conchords,1,"Sept. 2, 2007",0.950,0.5
Flight of the Conchords,2,"Jan. 18, 2009",0.561,0.3
Flight of the Conchords,2,"Jan. 25, 2009",0.501,0.3
Flight of the Conchords,2,"Feb. 1, 2009",0.451,0.2
Flight of the Conchords,2,"Feb. 8, 2009",0.660,0.3
Flight of the Conchords,2,"Feb. 15, 2009",0.826,0.5
Flight of the Conchords,2,"Feb. 22, 2009",0.469,0.3
Flight of the Conchords,2,"Mar. 1, 2009",0.719,0.4
Flight of the Conchords,2,"Mar. 8, 2009",0.658,0.4
Flight of the Conchords,2,"Mar. 15, 2009",0.800,0.4
Flight of the Conchords,2,"Mar. 22, 2009",0.678,0.4
Recovery Road,1,"Jan. 25, 2016",0.458,0.16
Recovery Road,1,"Feb. 1, 2016",0.411,0.18
Recovery Road,1,"Feb. 8, 2016",0.446,0.18
Recovery Road,1,"Feb. 15, 2016",0.488,0.17
Recovery Road,1,"Feb. 22, 2016",0.464,0.18
Recovery Road,1,"Feb. 29, 2016",0.449,0.17
Recovery Road,1,"Mar. 7, 2016",0.484,0.21
Recovery Road,1,"Mar. 14, 2016",0.441,0.18
Recovery Road,1,"Mar. 21, 2016",0.491,0.20
Recovery Road,1,"Mar. 28, 2016",0.462,0.20
The People vs. O.J. Simpson,Season,"Feb. 2, 2016",5.111,1.96
The People vs. O.J. Simpson,Season,"Feb. 9, 2016",3.888,1.51
The People vs. O.J. Simpson,Season,"Feb. 16, 2016",3.331,1.35
The People vs. O.J. Simpson,Season,"Feb. 23, 2016",2.988,1.28
The People vs. O.J. Simpson,Season,"Mar. 1, 2016",2.718,1.15
The People vs. O.J. Simpson,Season,"Mar. 8, 2016",3.002,1.24
The People vs. O.J. Simpson,Season,"Mar. 15, 2016",2.884,1.17
The People vs. O.J. Simpson,Season,"Mar. 22, 2016",2.911,1.19
The People vs. O.J. Simpson,Season,"Mar. 29, 2016",2.759,1.11
The People vs. O.J. Simpson,Season,"Apr. 5, 2016",3.268,1.34
The Assassination of Gianni Versace,1,"Jan. 17, 2018",2.222,0.72
The Assassination of Gianni Versace,1,"Jan. 24, 2018",1.424,0.41
The Assassination of Gianni Versace,1,"Jan. 31, 2018",1.261,0.39
The Assassination of Gianni Versace,1,"Feb. 7, 2018",0.981,0.30
The Assassination of Gianni Versace,1,"Feb. 14, 2018",0.913,0.24
The Assassination of Gianni Versace,1,"Feb. 28, 2018",1.095,0.34
The Assassination of Gianni Versace,1,"Mar. 7, 2018",0.917,0.28
The Assassination of Gianni Versace,1,"Mar. 14, 2018",0.998,0.30
The Assassination of Gianni Versace,1,"Mar. 21, 2018",1.197,0.32
Trust Me,1,"Jan. 26, 2009",3.400,1.0
Trust Me,1,"Feb. 2, 2009",1.911,0.6
Trust Me,1,"Feb. 9, 2009",1.914,0.6
Trust Me,1,"Feb. 16, 2009",1.815,0.6
Trust Me,1,"Feb. 23, 2009",1.646,0.5
Trust Me,1,"Mar. 3, 2009",1.053,0.5
Trust Me,1,"Mar. 10, 2009",0.876,0.3
Trust Me,1,"Mar. 17, 2009",0.541,0.2
Trust Me,1,"Mar. 17, 2009",0.577,0.2
Trust Me,1,"Mar. 31, 2009",0.353,0.1
Trust Me,1,"Mar. 31, 2009",0.396,0.2
Trust Me,1,"Apr. 7, 2009",0.434,0.2
Trust Me,1,"Apr. 7, 2009",0.426,0.2
Perception,1,"Jul. 9, 2012",5.601,0.9
Perception,1,"Jul. 16, 2012",5.331,1.0
Perception,1,"Jul. 23, 2012",4.540,0.8
Perception,1,"Jul. 30, 2012",3.733,0.7
Perception,1,"Aug. 6, 2012",4.097,0.7
Perception,1,"Aug. 20, 2012",3.902,0.7
Perception,1,"Aug. 27, 2012",3.975,0.7
Perception,1,"Sept. 3, 2012",4.212,0.8
Perception,1,"Sept. 10, 2012",3.540,0.8
Perception,1,"Sept. 17, 2012",3.485,0.6
Perception,2,"Jun. 25, 2013",4.007,0.8
Perception,2,"Jul. 2, 2013",3.510,0.7
Perception,2,"Jul. 9, 2013",4.020,0.7
Perception,2,"Jul. 16, 2013",3.225,0.7
Perception,2,"Jul. 23, 2013",3.482,0.8
Perception,2,"Jul. 30, 2013",3.399,0.7
Perception,2,"Aug. 6, 2013",3.057,0.6
Perception,2,"Aug. 13, 2013",3.253,0.7
Perception,2,"Aug. 20, 2013",3.442,0.7
Perception,2,"Aug. 27, 2013",3.618,0.7
Perception,2,"Feb. 25, 2014",2.021,0.48
Perception,2,"Mar. 4, 2014",1.712,0.38
Perception,2,"Mar. 11, 2014",2.361,0.53
Perception,2,"Mar. 18, 2014",1.760,0.42
Perception,3,"Jun. 17, 2014",3.074,0.68
Perception,3,"Jun. 24, 2014",2.554,0.56
Perception,3,"Jul. 1, 2014",3.193,0.65
Perception,3,"Jul. 8, 2014",2.576,0.60
Perception,3,"Jul. 15, 2014",2.582,0.53
Perception,3,"Jul. 22, 2014",2.853,0.5
Perception,3,"Jul. 29, 2014",2.794,0.53
Perception,3,"Aug. 5, 2014",2.751,0.52
Perception,3,"Aug. 12, 2014",2.866,0.60
Perception,3,"Aug. 19, 2014",2.573,0.46
Perception,3,"Feb. 17, 2015",1.614,0.32
Perception,3,"Feb. 24, 2015",1.307,0.31
Perception,3,"Mar. 3, 2015",1.740,0.31
Perception,3,"Mar. 10, 2015",1.681,0.32
Perception,3,"Mar. 17, 2015",1.783,0.31
Quarry,1,"Sept. 9, 2016",0.182,0.06
Quarry,1,"Sept. 16, 2016",0.173,0.06
Quarry,1,"Sept. 23, 2016",0.204,0.06
Quarry,1,"Sept. 30, 2016",0.184,0.05
Quarry,1,"Oct. 7, 2016",0.157,0.05
Quarry,1,"Oct. 14, 2016",0.165,0.05
Quarry,1,"Oct. 21, 2016",0.198,0.05
Quarry,1,"Oct. 28, 2016",0.178,0.05
Anger Management,1,"Jun. 28, 2012",5.472,2.1
Anger Management,1,"Jun. 28, 2012",5.741,2.3
Anger Management,1,"Jul. 5, 2012",3.370,1.3
Anger Management,1,"Jul. 12, 2012",2.421,1.0
Anger Management,1,"Jul. 19, 2012",2.647,1.1
Anger Management,1,"Jul. 26, 2012",2.407,1.0
Anger Management,1,"Aug. 2, 2012",1.578,0.7
Anger Management,1,"Aug. 9, 2012",2.100,0.9
Anger Management,1,"Aug. 16, 2012",2.052,0.9
Anger Management,1,"Aug. 23, 2012",1.976,0.8
Anger Management,2,"Jan. 17, 2013",1.818,0.7
Anger Management,2,"Jan. 17, 2013",1.661,0.8
Anger Management,2,"Jan. 24, 2013",1.343,0.6
Anger Management,2,"Jan. 31, 2013",1.404,0.6
Anger Management,2,"Feb. 7, 2013",0.986,0.5
Anger Management,2,"Feb. 14, 2013",0.934,0.4
Anger Management,2,"Feb. 21, 2013",1.042,0.5
Anger Management,2,"Feb. 28, 2013",1.200,0.6
Anger Management,2,"Mar. 7, 2013",1.268,0.6
Anger Management,2,"Mar. 14, 2013",0.845,0.4
Anger Management,2,"Apr. 4, 2013",1.024,0.4
Anger Management,2,"Apr. 11, 2013",1.250,0.6
Anger Management,2,"Apr. 18, 2013",1.297,0.5
Anger Management,2,"Apr. 18, 2013",1.136,0.5
Anger Management,2,"Apr. 25, 2013",0.676,0.3
Anger Management,2,"May 2, 2013",0.946,0.4
Anger Management,2,"May 9, 2013",1.132,0.5
Anger Management,2,"May 16, 2013",0.638,0.3
Anger Management,2,"May 23, 2013",0.777,0.3
Anger Management,2,"May 30, 2013",1.018,0.5
Anger Management,2,"Jun. 6, 2013",1.108,0.5
Anger Management,2,"Jun. 13, 2013",0.776,0.3
Anger Management,2,"Jun. 20, 2013",0.920,0.4
Anger Management,2,"Jun. 27, 2013",1.243,0.4
Anger Management,2,"Jun. 27, 2013",1.209,0.4
Anger Management,2,"Jul. 11, 2013",1.068,0.4
Anger Management,2,"Jul. 11, 2013",1.085,0.4
Anger Management,2,"Jul. 18, 2013",0.886,0.5
Anger Management,2,"Jul. 25, 2013",0.844,0.4
Anger Management,2,"Aug. 1, 2013",0.984,0.4
Anger Management,2,"Aug. 8, 2013",0.847,0.4
Anger Management,2,"Aug. 15, 2013",1.096,0.5
Anger Management,2,"Sept. 5, 2013",0.806,0.3
Anger Management,2,"Sept. 12, 2013",0.877,0.4
Anger Management,2,"Sept. 19, 2013",0.844,0.3
Anger Management,2,"Sept. 26, 2013",0.532,0.2
Anger Management,2,"Oct. 3, 2013",0.662,0.3
Anger Management,2,"Oct. 10, 2013",0.680,0.2
Anger Management,2,"Oct. 24, 2013",0.623,0.25
Anger Management,2,"Oct. 31, 2013",0.691,0.31
Anger Management,2,"Nov. 7, 2013",0.747,0.36
Anger Management,2,"Nov. 14, 2013",0.821,0.31
Anger Management,2,"Nov. 21, 2013",0.684,0.29
Anger Management,2,"Dec. 5, 2013",0.655,0.27
Anger Management,2,"Dec. 12, 2013",0.911,0.44
Anger Management,2,"Dec. 19, 2013",0.945,0.41
Anger Management,2,"Jan. 23, 2014",0.737,0.29
Anger Management,2,"Jan. 30, 2014",0.758,0.31
Anger Management,2,"Feb. 6, 2014",0.733,0.34
Anger Management,2,"Feb. 27, 2014",0.720,0.28
Anger Management,2,"Mar. 6, 2014",1.046,0.40
Anger Management,2,"Mar. 13, 2014",0.743,0.30
Anger Management,2,"Mar. 20, 2014",0.880,0.44
Anger Management,2,"Mar. 27, 2014",0.678,0.28
Anger Management,2,"Apr. 3, 2014",0.656,0.28
Anger Management,2,"Apr. 10, 2014",0.702,0.31
Anger Management,2,"Apr. 17, 2014",0.755,0.33
Anger Management,2,"Apr. 24, 2014",0.587,0.2
Anger Management,2,"May 1, 2014",0.565,0.23
Anger Management,2,"May 8, 2014",0.653,0.25
Anger Management,2,"May 15, 2014",0.721,0.29
Anger Management,2,"May 29, 2014",0.501,0.24
Anger Management,2,"Aug. 4, 2014",0.719,0.24
Anger Management,2,"Aug. 4, 2014",0.597,0.19
Anger Management,2,"Aug. 11, 2014",0.563,0.2
Anger Management,2,"Aug. 11, 2014",0.601,0.26
Anger Management,2,"Aug. 18, 2014",0.665,0.2
Anger Management,2,"Aug. 18, 2014",0.537,0.15
Anger Management,2,"Aug. 25, 2014",0.533,0.19
Anger Management,2,"Aug. 25, 2014",0.446,0.18
Anger Management,2,"Sept. 1, 2014",0.624,0.20
Anger Management,2,"Sept. 1, 2014",0.503,0.16
Anger Management,2,"Sept. 8, 2014",0.494,0.23
Anger Management,2,"Sept. 8, 2014",0.436,0.19
Anger Management,2,"Nov. 3, 2014",0.546,0.27
Anger Management,2,"Nov. 3, 2014",0.490,0.28
Anger Management,2,"Nov. 10, 2014",0.507,0.21
Anger Management,2,"Nov. 10, 2014",0.439,0.19
Anger Management,2,"Nov. 17, 2014",0.730,0.35
Anger Management,2,"Nov. 17, 2014",0.674,0.29
Anger Management,2,"Nov. 24, 2014",0.663,0.31
Anger Management,2,"Nov. 24, 2014",0.591,0.28
Anger Management,2,"Dec. 1, 2014",0.532,0.22
Anger Management,2,"Dec. 1, 2014",0.419,0.17
Anger Management,2,"Dec. 8, 2014",0.601,0.27
Anger Management,2,"Dec. 8, 2014",0.567,0.26
Anger Management,2,"Dec. 15, 2014",0.572,0.27
Anger Management,2,"Dec. 15, 2014",0.463,0.22
Anger Management,2,"Dec. 22, 2014",0.798,0.28
Anger Management,2,"Dec. 22, 2014",0.721,0.26
Teen Wolf,1,"Jun. 5, 2011",2.167,0.9
Teen Wolf,1,"Jun. 6, 2011",1.472,0.5
Teen Wolf,1,"Jun. 13, 2011",1.819,0.7
Teen Wolf,1,"Jun. 20, 2011",1.801,0.7
Teen Wolf,1,"Jun. 27, 2011",1.674,0.7
Teen Wolf,1,"Jul. 4, 2011",1.208,0.5
Teen Wolf,1,"Jul. 11, 2011",1.655,0.6
Teen Wolf,1,"Jul. 18, 2011",1.762,0.7
Teen Wolf,1,"Jul. 25, 2011",1.934,0.8
Teen Wolf,1,"Aug. 1, 2011",1.494,0.5
Teen Wolf,1,"Aug. 8, 2011",1.740,0.7
Teen Wolf,1,"Aug. 15, 2011",2.081,0.8
Teen Wolf,2,"Jun. 3, 2012",2.109,0.8
Teen Wolf,2,"Jun. 4, 2012",1.746,0.6
Teen Wolf,2,"Jun. 11, 2012",1.761,0.7
Teen Wolf,2,"Jun. 18, 2012",1.693,0.7
Teen Wolf,2,"Jun. 25, 2012",1.652,0.7
Teen Wolf,2,"Jul. 2, 2012",1.647,0.6
Teen Wolf,2,"Jul. 9, 2012",1.719,0.7
Teen Wolf,2,"Jul. 16, 2012",1.327,0.5
Teen Wolf,2,"Jul. 23, 2012",1.647,0.6
Teen Wolf,2,"Jul. 30, 2012",1.602,0.7
Teen Wolf,2,"Aug. 6, 2012",1.723,0.7
Teen Wolf,2,"Aug. 13, 2012",1.709,0.8
Teen Wolf,3,"Jun. 3, 2013",2.355,1.0
Teen Wolf,3,"Jun. 10, 2013",2.108,1.0
Teen Wolf,3,"Jun. 17, 2013",1.672,0.7
Teen Wolf,3,"Jun. 24, 2013",1.914,0.9
Teen Wolf,3,"Jul. 1, 2013",1.631,0.7
Teen Wolf,3,"Jul. 8, 2013",1.855,0.8
Teen Wolf,3,"Jul. 15, 2013",1.815,0.8
Teen Wolf,3,"Jul. 22, 2013",1.783,0.8
Teen Wolf,3,"Jul. 29, 2013",1.774,0.8
Teen Wolf,3,"Aug. 5, 2013",1.971,0.8
Teen Wolf,3,"Aug. 12, 2013",1.910,0.8
Teen Wolf,3,"Aug. 19, 2013",2.081,0.8
Teen Wolf,3,"Jan. 6, 2014",2.429,0.93
Teen Wolf,3,"Jan. 13, 2014",1.911,0.81
Teen Wolf,3,"Jan. 20, 2014",2.007,0.85
Teen Wolf,3,"Jan. 27, 2014",1.877,0.77
Teen Wolf,3,"Feb. 3, 2014",2.262,0.96
Teen Wolf,3,"Feb. 10, 2014",2.097,0.94
Teen Wolf,3,"Feb. 17, 2014",2.122,0.91
Teen Wolf,3,"Feb. 24, 2014",1.935,0.87
Teen Wolf,3,"Mar. 3, 2014",2.067,0.86
Teen Wolf,3,"Mar. 10, 2014",1.796,0.79
Teen Wolf,3,"Mar. 17, 2014",2.009,0.81
Teen Wolf,3,"Mar. 24, 2014",2.255,0.91
Teen Wolf,4,"Jun. 23, 2014",2.184,0.90
Teen Wolf,4,"Jun. 30, 2014",1.558,0.66
Teen Wolf,4,"Jul. 7, 2014",1.554,0.69
Teen Wolf,4,"Jul. 14, 2014",1.719,0.79
Teen Wolf,4,"Jul. 21, 2014",1.610,0.7
Teen Wolf,4,"Jul. 28, 2014",1.565,0.7
Teen Wolf,4,"Aug. 4, 2014",1.747,0.65
Teen Wolf,4,"Aug. 11, 2014",1.681,0.74
Teen Wolf,4,"Aug. 18, 2014",1.484,0.65
Teen Wolf,4,"Aug. 24, 2014",1.438,0.68
Teen Wolf,4,"Sept. 1, 2014",1.293,0.56
Teen Wolf,4,"Sept. 8, 2014",1.543,0.77
Teen Wolf,5,"Jun. 29, 2015",1.527,0.61
Teen Wolf,5,"Jun. 30, 2015",1.176,0.50
Teen Wolf,5,"Jul. 6, 2015",1.380,0.58
Teen Wolf,5,"Jul. 13, 2015",1.012,0.45
Teen Wolf,5,"Jul. 20, 2015",1.263,0.59
Teen Wolf,5,"Jul. 27, 2015",1.137,0.43
Teen Wolf,5,"Aug. 3, 2015",1.092,0.50
Teen Wolf,5,"Aug. 10, 2015",1.104,0.43
Teen Wolf,5,"Aug. 17, 2015",1.100,0.45
Teen Wolf,5,"Aug. 24, 2015",0.958,0.44
Teen Wolf,5,"Jan. 5, 2016",1.112,0.46
Teen Wolf,5,"Jan. 12, 2016",0.930,0.39
Teen Wolf,5,"Jan. 19, 2016",0.906,0.39
Teen Wolf,5,"Jan. 26, 2016",0.916,0.44
Teen Wolf,5,"Feb. 2, 2016",0.971,0.45
Teen Wolf,5,"Feb. 9, 2016",0.883,0.38
Teen Wolf,5,"Feb. 16, 2016",0.974,0.42
Teen Wolf,5,"Feb. 23, 2016",0.760,0.36
Teen Wolf,5,"Mar. 1, 2016",0.905,0.42
Teen Wolf,5,"Mar. 8, 2016",0.800,0.37
Teen Wolf,6,"Nov. 15, 2016",0.567,0.25
Teen Wolf,6,"Nov. 22, 2016",0.414,0.19
Teen Wolf,6,"Nov. 29, 2016",0.428,0.20
Teen Wolf,6,"Dec. 6, 2016",0.508,0.24
Teen Wolf,6,"Dec. 13, 2016",0.549,0.28
Teen Wolf,6,"Jan. 3, 2017",0.453,0.21
Teen Wolf,6,"Jan. 10, 2017",0.425,0.19
Teen Wolf,6,"Jan. 17, 2017",0.441,0.22
Teen Wolf,6,"Jan. 24, 2017",0.494,0.24
Teen Wolf,6,"Jan. 31, 2017",0.445,0.21
Teen Wolf,6,"Jul. 30, 2017",0.518,0.26
Teen Wolf,6,"Aug. 6, 2017",0.470,0.23
Teen Wolf,6,"Aug. 13, 2017",0.435,0.21
Teen Wolf,6,"Aug. 20, 2017",0.448,0.22
Teen Wolf,6,"Aug. 20, 2017",0.379,0.17
Teen Wolf,6,"Sept. 3, 2017",0.439,0.22
Teen Wolf,6,"Sept. 10, 2017",0.423,0.21
Teen Wolf,6,"Sept. 17, 2017",0.428,0.23
Teen Wolf,6,"Sept. 17, 2017",0.389,0.21
Teen Wolf,6,"Sept. 24, 2017",0.676,0.37
Defiance,1,"Apr. 15, 2013",2.727,1.0
Defiance,1,"Apr. 22, 2013",2.402,0.8
Defiance,1,"Apr. 29, 2013",2.289,0.8
Defiance,1,"May 6, 2013",2.152,0.8
Defiance,1,"May 13, 2013",1.980,0.6
Defiance,1,"May 20, 2013",1.947,0.8
Defiance,1,"Jun. 3, 2013",1.690,0.6
Defiance,1,"Jun. 10, 2013",1.908,0.6
Defiance,1,"Jun. 17, 2013",1.601,0.5
Defiance,1,"Jun. 24, 2013",1.665,0.5
Defiance,1,"Jul. 1, 2013",1.936,0.6
Defiance,1,"Jul. 8, 2013",2.168,0.7
Defiance,2,"Jun. 19, 2014",2.010,0.61
Defiance,2,"Jun. 26, 2014",1.427,0.41
Defiance,2,"Jul. 3, 2014",1.492,0.39
Defiance,2,"Jul. 10, 2014",1.646,0.50
Defiance,2,"Jul. 17, 2014",1.639,0.50
Defiance,2,"Jul. 24, 2014",1.610,0.50
Defiance,2,"Jul. 31, 2014",1.477,0.45
Defiance,2,"Aug. 7, 2014",1.615,0.48
Defiance,2,"Aug. 14, 2014",1.577,0.46
Defiance,2,"Aug. 21, 2014",1.421,0.41
Defiance,2,"Aug. 21, 2014",1.500,0.43
Defiance,2,"Aug. 28, 2014",1.355,0.40
Defiance,2,"Aug. 28, 2014",1.482,0.44
Defiance,3,"Jun. 12, 2015",1.111,0.23
Defiance,3,"Jun. 12, 2015",1.111,0.23
Defiance,3,"Jun. 19, 2015",0.880,0.16
Defiance,3,"Jun. 26, 2015",1.157,0.24
Defiance,3,"Jul. 3, 2015",1.277,0.36
Defiance,3,"Jul. 10, 2015",1.066,0.26
Defiance,3,"Jul. 17, 2015",1.114,0.23
Defiance,3,"Jul. 24, 2015",1.238,0.29
Defiance,3,"Jul. 31, 2015",1.004,0.24
Defiance,3,"Aug. 7, 2015",1.260,0.30
Defiance,3,"Aug. 14, 2015",1.114,0.21
Defiance,3,"Aug. 21, 2015",1.131,0.24
Defiance,3,"Aug. 28, 2015",1.165,0.22
When Calls the Heart,1,"Jan. 11, 2014",1.685,0.23
When Calls the Heart,1,"Jan. 18, 2014",1.831,0.21
When Calls the Heart,1,"Jan. 25, 2014",1.655,0.12
When Calls the Heart,1,"Feb. 1, 2014",1.497,0.08
When Calls the Heart,1,"Feb. 8, 2014",1.589,0.18
When Calls the Heart,1,"Feb. 15, 2014",1.530,0.07
When Calls the Heart,1,"Feb. 22, 2014",1.508,0.16
When Calls the Heart,1,"Mar. 1, 2014",1.484,0.10
When Calls the Heart,1,"Mar. 8, 2014",1.838,0.20
When Calls the Heart,1,"Mar. 15, 2014",1.724,0.20
When Calls the Heart,1,"Mar. 22, 2014",2.010,-
When Calls the Heart,1,"Mar. 29, 2014",2.066,-
When the Calls the Heart,2,"Apr. 25, 2015",1.943,0.15
When the Calls the Heart,2,"May 2, 2015",1.353,0.14
When the Calls the Heart,2,"May 16, 2015",1.618,0.12
When the Calls the Heart,2,"May 23, 2015",1.510,0.10
When the Calls the Heart,2,"May 30, 2015",1.625,0.11
When the Calls the Heart,2,"Jun. 6, 2015",1.522,0.13
When the Calls the Heart,2,"Jun. 13, 2015",1.777,0.14
When Calls the Heart,3,"Feb. 21, 2016",1.702,0.22
When Calls the Heart,3,"Feb. 28, 2016",1.738,0.23
When Calls the Heart,3,"Mar. 6, 2016",1.758,0.20
When Calls the Heart,3,"Mar. 13, 2016",2.047,0.21
When Calls the Heart,3,"Mar. 20, 2016",1.801,0.25
When Calls the Heart,3,"Mar. 27, 2016",1.942,0.19
When Calls the Heart,3,"Apr. 3, 2016",2.072,0.25
When Calls the Heart,3,"Apr. 10, 2016",2.530,0.33
When Calls the Heart,4,"Feb. 19, 2017",2.192,0.23
When Calls the Heart,4,"Feb. 26, 2017",1.862,0.20
When Calls the Heart,4,"Mar. 5, 2017",2.132,0.21
When Calls the Heart,4,"Mar. 12, 2017",2.213,0.21
When Calls the Heart,4,"Mar. 19, 2017",2.011,0.21
When Calls the Heart,4,"Mar. 26, 2017",2.024,0.22
When Calls the Heart,4,"Apr. 2, 2017",2.077,0.22
When Calls the Heart,4,"Apr. 9, 2017",2.313,0.25
When Calls the Heart,4,"Apr. 16, 2017",2.155,0.25
When Calls the Heart,4,"Apr. 23, 2017",2.576,0.30
When Calls the Heart,5,"Feb. 18, 2018",2.200,0.23
When Calls the Heart,5,"Feb. 25, 2018",2.233,0.20
When Calls the Heart,5,"Mar. 4, 2018",2.181,0.28
When Calls the Heart,5,"Mar. 11, 2018",2.107,0.21
When Calls the Heart,5,"Mar. 18, 2018",2.448,0.26
When Calls the Heart,5,"Mar. 25, 2018",2.146,0.19
When Calls the Heart,5,"Apr. 1, 2018",1.928,0.23
When Calls the Heart,5,"Apr. 8, 2018",2.121,0.24
When Calls the Heart,5,"Apr. 15, 2018",2.039,0.21
When Calls the Heart,5,"Apr. 22, 2018",2.570,0.31
When Calls the Heart,6,"Feb. 24, 2019",2.446,0.22
When Calls the Heart,6,"Mar. 3, 2019",2.387,0.30
When Calls the Heart,6,"Mar. 10, 2019",2.139,0.20
When Calls the Heart,6,"May 5, 2019",2.269,0.25
When Calls the Heart,6,"May 6, 2019",1.646,0.15
When Calls the Heart,6,"May 12, 2019",2.000,0.18
When Calls the Heart,6,"May 19, 2019",1.990,0.18
When Calls the Heart,6,"May 26, 2019",2.328,0.20
When Calls the Heart,6,"Jun. 2, 2019",2.395,0.21
When Calls the Heart,7,"Feb. 23, 2020",2.144,0.20
When Calls the Heart,7,"Mar. 1, 2020",2.101,0.18
When Calls the Heart,7,"Mar. 8, 2020",1.959,0.20
When Calls the Heart,7,"Mar. 15, 2020",2.156,0.20
When Calls the Heart,7,"Mar. 22, 2020",2.353,0.22
When Calls the Heart,7,"Mar. 29, 2020",2.363,0.23
When Calls the Heart,7,"Apr. 5, 2020",2.310,0.20
When Calls the Heart,7,"Apr. 12, 2020",2.279,0.19
When Calls the Heart,7,"Apr. 19, 2020",2.446,0.24
When Calls the Heart,7,"Apr. 26, 2020",2.672,0.26
When Calls the Heart,8,"Feb. 21, 2021",2.140,0.19
When Calls the Heart,8,"Feb. 28, 2021",2.179,0.18
When Calls the Heart,8,"Mar. 7, 2021",2.175,0.17
When Calls the Heart,8,"Mar. 14, 2021",2.396,0.17
When Calls the Heart,8,"Mar. 21, 2021",2.205,0.19
When Calls the Heart,8,"Mar. 28, 2021",2.33,0.21
When Calls the Heart,8,"Apr. 4, 2021",2.27,0.20
When Calls the Heart,8,"Apr. 11, 2021",2.56,0.22
When Calls the Heart,8,"Apr. 18, 2021",2.59,0.21
When Calls the Heart,8,"Apr. 25, 2021",2.649,0.23
When Calls the Heart,8,"May 2, 2021",2.632,0.17
When Calls the Heart,8,"May 9, 2021",2.792,0.18
When Calls the Heart Holiday Movie,1,"Dec. 26, 2015",2.488,0.28
When Calls the Heart Holiday Movie,1,"Dec. 25, 2016",3.657,0.51
When Calls the Heart Holiday Movie,1,"Dec. 25, 2017",3.605,0.52
When Calls the Heart Holiday Movie,1,"Dec. 25, 2018",3.739,0.55
When Calls the Heart Holiday Movie,1,"Dec. 25, 2019",3.016,0.39
Band of Brothers,1,"Sept. 9, 2001",9.90,-
Band of Brothers,1,"Sept. 9, 2001",9.90,-
Band of Brothers,1,"Sept. 16, 2001",7.271,4.3
Band of Brothers,1,"Sept. 23, 2001",6.294,3.8
Band of Brothers,1,"Sept. 30, 2001",6.132,3.8
Band of Brothers,1,"Oct. 7, 2001",6.415,3.8
Band of Brothers,1,"Oct. 14, 2001",6.433,3.9
Band of Brothers,1,"Oct. 21, 2001",5.950,3.5
Band of Brothers,1,"Oct. 28, 2001",6.080,3.5
Band of Brothers,1,"Nov. 4, 2001",5.045,3.2
Boss,1,"Oct. 21, 2011",0.659,0.21
Boss,1,"Oct. 28, 2011",0.391,-
Boss,1,"Nov. 4, 2011",0.268,-
Boss,1,"Nov. 11, 2011",0.420,-
Boss,1,"Nov. 18, 2011",0.250,0.08
Boss,1,"Nov. 25, 2011",0.514,0.17
Boss,1,"Dec. 2, 2011",0.352,0.12
Boss,1,"Dec. 9, 2011",0.505,0.14
Boss,2,"Aug. 17, 2012",0.317,0.13
Boss,2,"Aug. 24, 2012",0.229,0.05
Boss,2,"Aug. 31, 2012",0.371,0.1
Boss,2,"Sept. 7, 2012",0.387,0.1
Boss,2,"Sept. 14, 2012",0.382,0.1
Boss,2,"Sept. 21, 2012",0.409,0.11
Boss,2,"Sept. 28, 2012",0.312,0.07
Boss,2,"Oct. 5, 2012",0.436,0.18
Boss,2,"Oct. 12, 2012",0.340,0.10
Boss,2,"Oct. 19, 2012",0.442,0.2
The Breaks,1,"Feb. 20, 2017",1.214,0.62
The Breaks,1,"Feb. 27, 2017",1.100,0.56
The Breaks,1,"Mar. 6, 2017",1.357,0.71
The Breaks,1,"Mar. 13, 2017",1.201,0.61
The Breaks,1,"Mar. 20, 2017",1.066,0.53
The Breaks,1,"Mar. 27, 2017",1.136,0.54
The Breaks,1,"Apr. 3, 2017",1.022,0.50
The Breaks,1,"Apr. 10, 2017",0.961,0.47
Rush,1,"Jul. 17, 2014",1.704,0.39
Rush,1,"Jul. 24, 2014",1.640,0.48
Rush,1,"Jul. 31, 2014",1.791,0.41
Rush,1,"Aug. 7, 2014",1.827,0.49
Rush,1,"Aug. 14, 2014",1.551,0.36
Rush,1,"Aug. 21, 2014",1.600,0.36
Rush,1,"Aug. 28, 2014",1.492,0.33
Rush,1,"Sept. 4, 2014",1.430,0.28
Rush,1,"Sept. 11, 2014",1.870,0.57
Rush,1,"Sept. 18, 2014",1.625,0.35
The Lottery,1,"Jul. 20, 2014",1.078,0.41
The Lottery,1,"Jul. 27, 2014",0.721,0.21
The Lottery,1,"Aug. 3, 2014",0.823,0.26
The Lottery,1,"Aug. 10, 2014",0.576,0.21
The Lottery,1,"Aug. 17, 2014",0.626,0.22
The Lottery,1,"Aug. 24, 2014",0.620,0.18
The Lottery,1,"Sept. 7, 2014",0.654,0.22
The Lottery,1,"Sept. 14, 2014",0.549,0.18
The Lottery,1,"Sept. 21, 2014",0.634,0.23
The Lottery,1,"Sept. 28, 2014",0.425,0.16
Guerilla,1,"Apr. 16, 2017",0.182,0.06
Guerilla,1,"Apr. 23, 2017",0.131,0.02
Guerilla,1,"Apr. 30, 2017",0.109,0.02
Guerilla,1,"May 7, 2017",0.085,0.01
Guerilla,1,"May 14, 2017",0.061,0.01
Guerilla,1,"May 14, 2017",0.043,0.01
Comedy Bang! Bang!,1,"Jun. 8, 2012",0.146,0.08
Comedy Bang! Bang!,1,"Jun. 15, 2012",0.031,0.02
Comedy Bang! Bang!,1,"Jun. 22, 2012",0.044,0.03
Comedy Bang! Bang!,1,"Jun. 29, 2012",0.019,0.01
Comedy Bang! Bang!,1,"Jul. 6, 2012",0.064,0.04
Comedy Bang! Bang!,1,"Jul. 13, 2012",0.053,0.04
Comedy Bang! Bang!,1,"Jul. 20, 2012",0.057,0.04
Comedy Bang! Bang!,1,"Jul. 27, 2012",0.045,0.02
Comedy Bang! Bang!,1,"Aug. 3, 2012",0.008,0.00
Comedy Bang! Bang!,1,"Aug. 10, 2012",0.045,0.01
Comedy Bang! Bang!,2,"Jul. 12, 2013",0.078,0.02
Comedy Bang! Bang!,2,"Jul. 19, 2013",0.137,0.05
Comedy Bang! Bang!,2,"Jul. 26, 2013",0.073,0.03
Comedy Bang! Bang!,2,"Aug. 2, 2013",0.064,0.02
Comedy Bang! Bang!,2,"Aug. 9, 2013",0.048,0.03
Comedy Bang! Bang!,2,"Aug. 16, 2013",0.062,0.01
Comedy Bang! Bang!,2,"Aug. 23, 2013",0.032,0.02
Comedy Bang! Bang!,2,"Aug. 30, 2013",0.060,0.03
Comedy Bang! Bang!,2,"Sept. 6, 2013",0.076,0.03
Comedy Bang! Bang!,2,"Sept. 13, 2013",0.086,0.04
Comedy Bang! Bang!,2,"Oct. 18, 2013",0.046,0.03
Comedy Bang! Bang!,2,"Oct. 25, 2013",0.107,0.06
Comedy Bang! Bang!,2,"Nov. 1, 2013",0.023,0.01
Comedy Bang! Bang!,2,"Nov. 8, 2013",0.054,0.03
Comedy Bang! Bang!,2,"Nov. 15, 2013",0.035,0.02
Comedy Bang! Bang!,2,"Nov. 22, 2013",0.070,0.04
Comedy Bang! Bang!,2,"Nov. 29, 2013",0.064,0.04
Comedy Bang! Bang!,2,"Dec. 6, 2013",0.091,0.05
Comedy Bang! Bang!,2,"Dec. 13, 2013",0.045,0.02
Comedy Bang! Bang!,2,"Dec. 20, 2013",0.088,0.04
Comedy Bang! Bang!,3,"May 8, 2014",0.044,0.01
Comedy Bang! Bang!,3,"May 15, 2014",0.052,0.03
Comedy Bang! Bang!,3,"May 22, 2014",0.050,0.02
Comedy Bang! Bang!,3,"May 29, 2014",0.056,0.01
Comedy Bang! Bang!,3,"Jun. 5, 2014",0.053,0.02
Comedy Bang! Bang!,3,"Jun. 12, 2014",0.042,0.02
Comedy Bang! Bang!,3,"Jun. 19, 2014",0.061,0.03
Comedy Bang! Bang!,3,"Jun. 26, 2014",0.055,0.03
Comedy Bang! Bang!,3,"Jul. 3, 2014",0.039,0.01
Comedy Bang! Bang!,3,"Jul. 10, 2014",0.109,0.03
Comedy Bang! Bang!,3,"Oct. 17, 2014",0.076,0.04
Comedy Bang! Bang!,3,"Oct. 24, 2014",0.059,0.04
Comedy Bang! Bang!,3,"Oct. 31, 2014",0.092,0.05
Comedy Bang! Bang!,3,"Nov. 7, 2014",0.068,0.03
Comedy Bang! Bang!,3,"Nov. 14, 2014",0.040,0.01
Comedy Bang! Bang!,3,"Nov. 21, 2014",0.148,0.08
Comedy Bang! Bang!,3,"Nov. 28, 2014",0.063,0.03
Comedy Bang! Bang!,3,"Dec. 5, 2014",0.082,0.06
Comedy Bang! Bang!,3,"Dec. 12, 2014",0.033,0.02
Comedy Bang! Bang!,3,"Dec. 19, 2014",0.112,0.05
Comedy Bang! Bang!,4,"Jan. 9, 2015",0.075,0.03
Comedy Bang! Bang!,4,"Jan. 16, 2015",0.062,0.02
Comedy Bang! Bang!,4,"Jan. 23, 2015",0.032,0.02
Comedy Bang! Bang!,4,"Jan. 30, 2015",0.079,0.04
Comedy Bang! Bang!,4,"Feb. 6, 2015",0.083,0.03
Comedy Bang! Bang!,4,"Feb. 13, 2015",0.073,0.03
Comedy Bang! Bang!,4,"Feb. 20, 2015",0.026,0.01
Comedy Bang! Bang!,4,"Feb. 27, 2015",0.082,0.03
Comedy Bang! Bang!,4,"Mar. 6, 2015",0.050,0.02
Comedy Bang! Bang!,4,"Mar. 13, 2015",0.044,0.03
Comedy Bang! Bang!,4,"Apr. 3, 2015",0.029,0.02
Comedy Bang! Bang!,4,"Apr. 10, 2015",0.040,0.02
Comedy Bang! Bang!,4,"Apr. 17, 2015",0.049,0.02
Comedy Bang! Bang!,4,"Apr. 24, 2015",0.082,0.03
Comedy Bang! Bang!,4,"May 1, 2015",0.039,0.02
Comedy Bang! Bang!,4,"May 8, 2015",0.014,0.01
Comedy Bang! Bang!,4,"May 15, 2015",0.064,0.01
Comedy Bang! Bang!,4,"May 22, 2015",0.032,0.02
Comedy Bang! Bang!,4,"May 28, 2015",0.057,0.03
Comedy Bang! Bang!,4,"Jun. 4, 2015",0.029,0.01
Comedy Bang! Bang!,4,"Jul. 9, 2015",0.028,0.01
Comedy Bang! Bang!,4,"Jul. 16, 2015",0.052,0.02
Comedy Bang! Bang!,4,"Jul. 23, 2015",0.059,0.02
Comedy Bang! Bang!,4,"Jul. 30, 2015",0.030,0.02
Comedy Bang! Bang!,4,"Aug. 6, 2015",0.037,0.01
Comedy Bang! Bang!,4,"Aug. 13, 2015",0.050,0.03
Comedy Bang! Bang!,4,"Aug. 20, 2015",0.070,0.03
Comedy Bang! Bang!,4,"Aug. 27, 2015",0.070,0.04
Comedy Bang! Bang!,4,"Sept. 3, 2015",0.044,0.00
Comedy Bang! Bang!,4,"Sept. 10, 2015",0.049,0.01
Comedy Bang! Bang!,4,"Oct. 8, 2015",0.018,0.00
Comedy Bang! Bang!,4,"Oct. 15, 2015",0.017,0.01
Comedy Bang! Bang!,4,"Oct. 22, 2015",0.011,0.00
Comedy Bang! Bang!,4,"Oct. 29, 2015",0.025,0.01
Comedy Bang! Bang!,4,"Nov. 5, 2015",0.054,0.02
Comedy Bang! Bang!,4,"Nov. 12, 2015",0.042,0.01
Comedy Bang! Bang!,4,"Nov. 19, 2015",0.031,0.01
Comedy Bang! Bang!,4,"Dec. 3, 2015",0.017,0.01
Comedy Bang! Bang!,4,"Dec. 3, 2015",0.050,0.01
Comedy Bang! Bang!,4,"Dec. 10, 2015",0.036,0.00
Comedy Bang! Bang!,5,"Jun. 3, 2016",0.050,0.03
Comedy Bang! Bang!,5,"Jun. 3, 2016",0.040,0.02
Comedy Bang! Bang!,5,"Jun. 10, 2016",0.040,0.02
Comedy Bang! Bang!,5,"Jun. 10, 2016",0.027,0.01
Comedy Bang! Bang!,5,"Jun. 17, 2016",0.035,0.02
Comedy Bang! Bang!,5,"Jun. 17, 2016",0.031,0.02
Comedy Bang! Bang!,5,"Jun. 24, 2016",0.062,0.03
Comedy Bang! Bang!,5,"Jun. 24, 2016",0.065,0.03
Comedy Bang! Bang!,5,"Jul. 1, 2016",0.096,0.05
Comedy Bang! Bang!,5,"Jul. 1, 2016",0.068,0.03
Comedy Bang! Bang!,5,"Oct. 28, 2016",0.057,0.01
Comedy Bang! Bang!,5,"Oct. 28, 2016",0.040,0.01
Comedy Bang! Bang!,5,"Nov. 4, 2016",0.144,0.05
Comedy Bang! Bang!,5,"Nov. 4, 2016",0.094,0.03
Comedy Bang! Bang!,5,"Nov. 11, 2016",0.085,0.03
Comedy Bang! Bang!,5,"Nov. 11, 2016",0.044,0.01
Comedy Bang! Bang!,5,"Nov. 18, 2016",0.102,0.04
Comedy Bang! Bang!,5,"Nov. 18, 2016",0.073,0.03
Comedy Bang! Bang!,5,"Dec. 2, 2016",0.076,0.02
Comedy Bang! Bang!,5,"Dec. 2, 2016",0.066,0.02
United States of Tara,1,"Jan. 18, 2009",0.881,0.4
United States of Tara,1,"Jan. 25, 2009",0.834,0.4
United States of Tara,1,"Feb. 1, 2009",0.574,0.3
United States of Tara,1,"Feb. 8, 2009",0.656,0.3
United States of Tara,1,"Feb. 15, 2009",0.614,0.3
United States of Tara,1,"Feb. 22, 2009",0.601,0.2
United States of Tara,1,"Mar. 1, 2009",0.610,0.3
United States of Tara,1,"Mar. 8, 2009",0.630,0.3
United States of Tara,1,"Mar. 15, 2009",0.545,0.3
United States of Tara,1,"Mar. 22, 2009",0.455,0.2
United States of Tara,1,"Mar. 29, 2009",0.338,0.2
United States of Tara,1,"Apr. 5, 2009",0.413,0.2
United States of Tara,2,"Mar. 22, 2010",0.816,0.4
United States of Tara,2,"Mar. 29, 2010",0.511,0.2
United States of Tara,2,"Apr. 5, 2010",0.414,0.2
United States of Tara,2,"Apr. 12, 2010",0.404,0.2
United States of Tara,2,"Apr. 19, 2010",0.469,0.2
United States of Tara,2,"Apr. 26, 2010",0.701,0.3
United States of Tara,2,"May 3, 2010",0.595,0.3
United States of Tara,2,"May 10, 2010",0.556,0.3
United States of Tara,2,"May 17, 2010",0.557,0.3
United States of Tara,2,"May 24, 2010",0.509,0.3
United States of Tara,2,"May 31, 2010",0.470,0.2
United States of Tara,2,"Jun. 7, 2010",0.633,0.3
United States of Tara,3,"Mar. 28, 2011",0.411,0.2
United States of Tara,3,"Apr. 4, 2011",0.288,0.1
United States of Tara,3,"Apr. 11, 2011",0.409,0.19
United States of Tara,3,"Apr. 18, 2011",0.326,0.16
United States of Tara,3,"Apr. 25, 2011",0.334,0.2
United States of Tara,3,"May 2, 2011",0.323,0.1
United States of Tara,3,"May 9, 2011",0.288,0.1
United States of Tara,3,"May 16, 2011",0.230,0.1
United States of Tara,3,"May 23, 2011",0.309,0.2
United States of Tara,3,"Jun. 6, 2011",0.333,0.1
United States of Tara,3,"Jun. 13, 2011",0.285,0.2
United States of Tara,3,"Jun. 20, 2011",0.375,0.1
Hot in Cleveland,1,"Jun. 16, 2010",4.752,1.2
Hot in Cleveland,1,"Jun. 23, 2010",3.370,0.9
Hot in Cleveland,1,"Jun. 30, 2010",3.068,0.9
Hot in Cleveland,1,"Jul. 7, 2010",2.935,0.8
Hot in Cleveland,1,"Jul. 14, 2010",2.990,0.8
Hot in Cleveland,1,"Jul. 21, 2010",2.442,0.7
Hot in Cleveland,1,"Jul. 28, 2010",2.972,0.9
Hot in Cleveland,1,"Aug. 4, 2010",2.571,0.6
Hot in Cleveland,1,"Aug. 11, 2010",2.716,0.7
Hot in Cleveland,1,"Aug. 18, 2010",3.396,0.9
Hot in Cleveland,2,"Jan. 19, 2011",2.949,0.7
Hot in Cleveland,2,"Jan. 26, 2011",2.295,0.7
Hot in Cleveland,2,"Feb. 2, 2011",2.358,0.6
Hot in Cleveland,2,"Feb. 9, 2011",2.114,0.6
Hot in Cleveland,2,"Feb. 16, 2011",1.920,0.4
Hot in Cleveland,2,"Feb. 23, 2011",1.712,0.4
Hot in Cleveland,2,"Mar. 2, 2011",1.963,0.4
Hot in Cleveland,2,"Mar. 9, 2011",1.926,0.5
Hot in Cleveland,2,"Mar. 16, 2011",1.558,0.3
Hot in Cleveland,2,"Mar. 23, 2011",1.799,0.4
Hot in Cleveland,2,"Jun. 15, 2011",2.393,0.5
Hot in Cleveland,2,"Jun. 22, 2011",1.965,0.5
Hot in Cleveland,2,"Jun. 29, 2011",2.286,0.6
Hot in Cleveland,2,"Jul. 6, 2011",2.245,0.6
Hot in Cleveland,2,"Jul. 13, 2011",2.001,0.4
Hot in Cleveland,2,"July 20, 2011",2.436,0.6
Hot in Cleveland,2,"Jul. 27, 2011",1.841,0.5
Hot in Cleveland,2,"Aug. 3, 2011",1.881,0.5
Hot in Cleveland,2,"Aug. 10, 2011",2.026,0.5
Hot in Cleveland,2,"Aug. 17, 2011",1.767,0.4
Hot in Cleveland,2,"Aug. 24, 2011",1.976,0.5
Hot in Cleveland,2,"Aug. 31, 2011",2.435,0.5
Hot in Cleveland,3,"Nov. 30, 2011",1.944,0.4
Hot in Cleveland,3,"Dec. 7, 2011",1.423,0.3
Hot in Cleveland,3,"Dec. 14, 2011",1.707,0.3
Hot in Cleveland,3,"Dec. 21, 2011",1.796,0.4
Hot in Cleveland,3,"Dec. 28, 2011",1.873,0.4
Hot in Cleveland,3,"Jan. 4, 2012",1.817,0.4
Hot in Cleveland,3,"Jan. 11, 2012",1.700,0.4
Hot in Cleveland,3,"Jan. 18, 2012",1.417,0.3
Hot in Cleveland,3,"Jan. 25, 2012",1.430,0.3
Hot in Cleveland,3,"Feb. 1, 2012",1.639,0.4
Hot in Cleveland,3,"Feb. 8, 2012",1.352,0.3
Hot in Cleveland,3,"Feb. 15, 2012",1.405,0.3
Hot in Cleveland,3,"Mar. 7, 2012",1.820,0.5
Hot in Cleveland,3,"Mar. 14, 2012",1.309,0.3
Hot in Cleveland,3,"Mar. 21, 2012",1.446,0.3
Hot in Cleveland,3,"Mar. 28, 2012",1.919,0.5
Hot in Cleveland,3,"Apr. 11, 2012",1.463,0.4
Hot in Cleveland,3,"Apr. 18, 2012",1.091,0.2
Hot in Cleveland,3,"Apr. 25, 2012",1.379,0.4
Hot in Cleveland,3,"May 2, 2012",1.116,0.3
Hot in Cleveland,3,"May 9, 2012",1.213,0.3
Hot in Cleveland,3,"May 16, 2012",1.169,0.3
Hot in Cleveland,3,"May 30, 2012",1.194,0.2
Hot in Cleveland,3,"Jun. 6, 2012",1.949,0.5
Hot in Cleveland,4,"Nov. 28, 2012",1.699,0.4
Hot in Cleveland,4,"Dec. 5, 2012",1.436,0.3
Hot in Cleveland,4,"Dec. 12, 2012",1.200,0.3
Hot in Cleveland,4,"Dec. 19, 2012",1.205,0.3
Hot in Cleveland,4,"Dec. 26, 2012",1.336,0.3
Hot in Cleveland,4,"Jan. 2, 2013",1.153,0.3
Hot in Cleveland,4,"Jan. 9, 2013",1.328,0.3
Hot in Cleveland,4,"Jan. 16, 2013",1.068,0.2
Hot in Cleveland,4,"Jan. 23, 2013",1.335,0.3
Hot in Cleveland,4,"Jan. 30, 2013",1.404,0.3
Hot in Cleveland,4,"Feb. 6, 2013",1.288,0.3
Hot in Cleveland,4,"Feb. 13, 2013",1.287,0.3
Hot in Cleveland,4,"Jun. 19, 2013",1.686,0.5
Hot in Cleveland,4,"Jun. 26, 2013",1.334,0.3
Hot in Cleveland,4,"Jul. 10, 2013",1.117,0.4
Hot in Cleveland,4,"Jul. 17, 2013",1.276,0.3
Hot in Cleveland,4,"Jul. 24, 2013",1.120,0.3
Hot in Cleveland,4,"Jul. 31, 2013",1.275,0.4
Hot in Cleveland,4,"Aug. 7, 2013",1.314,0.3
Hot in Cleveland,4,"Aug. 14, 2013",1.195,0.3
Hot in Cleveland,4,"Aug. 21, 2013",1.282,0.2
Hot in Cleveland,4,"Aug. 28, 2013",1.224,0.3
Hot in Cleveland,4,"Sept. 4, 2013",1.753,0.4
Hot in Cleveland,4,"Sept. 4, 2013",1.904,0.5
Hot in Cleveland,5,"Mar. 26, 2014",1.352,0.34
Hot in Cleveland,5,"Apr. 2, 2014",0.990,0.22
Hot in Cleveland,5,"Apr. 9, 2014",1.210,0.2
Hot in Cleveland,5,"Apr. 16, 2014",1.098,0.2
Hot in Cleveland,5,"Apr. 23, 2014",1.018,0.23
Hot in Cleveland,5,"Apr. 30, 2014",0.868,0.21
Hot in Cleveland,5,"May 7, 2014",1.025,0.17
Hot in Cleveland,5,"May 14, 2014",0.941,0.15
Hot in Cleveland,5,"Jun. 4, 2014",0.866,0.24
Hot in Cleveland,5,"Jun. 11, 2014",0.776,0.16
Hot in Cleveland,5,"Jun. 18, 2014",0.929,0.18
Hot in Cleveland,5,"Jun. 25, 2014",1.024,0.22
Hot in Cleveland,5,"Jul. 2, 2014",0.929,0.17
Hot in Cleveland,5,"Jul. 2, 2014",0.938,0.17
Hot in Cleveland,5,"Jul. 9, 2014",0.974,0.2
Hot in Cleveland,5,"Jul. 16, 2014",1.035,0.2
Hot in Cleveland,5,"Jul. 23, 2014",0.891,0.17
Hot in Cleveland,5,"Jul. 30, 2014",0.688,0.17
Hot in Cleveland,5,"Aug. 6, 2014",0.998,0.23
Hot in Cleveland,5,"Aug. 13, 2014",0.855,0.16
Hot in Cleveland,5,"Aug. 20, 2014",0.759,0.19
Hot in Cleveland,5,"Aug. 27, 2014",0.825,0.15
Hot in Cleveland,5,"Sept. 3, 2014",0.846,0.15
Hot in Cleveland,5,"Sept. 10, 2014",0.912,0.22
Hot in Cleveland,6,"Nov. 5, 2014",0.658,0.15
Hot in Cleveland,6,"Nov. 12, 2014",0.770,0.14
Hot in Cleveland,6,"Nov. 19, 2014",0.725,0.15
Hot in Cleveland,6,"Nov. 26, 2014",0.799,0.20
Hot in Cleveland,6,"Dec. 3, 2014",0.717,0.17
Hot in Cleveland,6,"Dec. 10, 2014",0.915,0.21
Hot in Cleveland,6,"Dec. 17, 2014",0.746,0.12
Hot in Cleveland,6,"Jan. 7, 2015",0.770,0.17
Hot in Cleveland,6,"Jan. 14, 2015",0.837,0.15
Hot in Cleveland,6,"Jan. 21, 2015",0.951,0.21
Hot in Cleveland,6,"Jan. 28, 2015",0.925,0.15
Hot in Cleveland,6,"Feb. 4, 2015",0.718,0.15
Hot in Cleveland,6,"Mar. 18, 2015",0.868,0.23
Hot in Cleveland,6,"Mar. 25, 2015",0.746,0.11
Hot in Cleveland,6,"Apr. 1, 2015",0.828,0.17
Hot in Cleveland,6,"Apr. 8, 2015",0.772,0.19
Hot in Cleveland,6,"Apr. 15, 2015",0.744,0.16
Hot in Cleveland,6,"Apr. 22, 2015",0.703,0.14
Hot in Cleveland,6,"Apr. 29, 2015",0.666,0.14
Hot in Cleveland,6,"May 6, 2015",0.700,0.14
Hot in Cleveland,6,"May 20, 2015",0.667,0.10
Hot in Cleveland,6,"May 27, 2015",0.764,0.11
Hot in Cleveland,6,"Jun. 3, 2015",1.017,0.17
Kevin From Work,1,"Aug. 12, 2015",0.583,0.24
Kevin From Work,1,"Aug. 12, 2015",0.365,0.14
Kevin From Work,1,"Aug. 19, 2015",0.402,0.20
Kevin From Work,1,"Aug. 26, 2015",0.261,0.10
Kevin From Work,1,"Sept. 2, 2015",0.378,0.19
Kevin From Work,1,"Sept. 9, 2015",0.306,0.12
Kevin From Work,1,"Sept. 16, 2015",0.297,0.09
Kevin From Work,1,"Sept. 30, 2015",0.296,0.14
Kevin From Work,1,"Oct. 7, 2015",0.149,0.06
Kevin From Work,1,"Oct. 7, 2015",0.120,0.05
Make it or Break It,1,"Jun. 22, 2009",2.481,0.8
Make it or Break It,1,"Jun. 29, 2009",1.912,0.6
Make it or Break It,1,"Jul. 6, 2009",1.784,0.7
Make it or Break It,1,"Jul. 13, 2009",2.053,0.7
Make it or Break It,1,"Jul. 20, 2009",1.894,0.6
Make it or Break It,1,"Jul. 27, 2009",1.879,0.6
Make it or Break It,1,"Aug. 3, 2009",2.077,0.7
Make it or Break It,1,"Aug. 10, 2009",1.910,0.6
Make it or Break It,1,"Aug. 17, 2009",2.311,0.7
Make it or Break It,1,"Aug. 24, 2009",2.397,0.8
Make it or Break It,1,"Jan. 4, 2010",2.656,0.9
Make it or Break It,1,"Jan. 11, 2010",2.076,0.7
Make it or Break It,1,"Jan. 18, 2010",2.370,0.7
Make it or Break It,1,"Jan. 25, 2010",2.301,0.7
Make it or Break It,1,"Feb. 1, 2010",2.159,0.7
Make it or Break It,1,"Feb. 8, 2010",2.286,0.8
Make it or Break It,1,"Feb. 15, 2010",2.220,0.7
Make it or Break It,1,"Feb. 22, 2010",2.052,0.7
Make it or Break It,1,"Mar. 1, 2010",2.141,0.7
Make it or Break It,1,"Mar. 8, 2010",2.497,0.8
Make it or Break It,2,"Jun. 28, 2010",1.830,0.7
Make it or Break It,2,"Jul. 5, 2010",1.716,0.6
Make it or Break It,2,"Jul. 13, 2010",1.561,0.6
Make it or Break It,2,"Jul. 20, 2010",1.458,0.5
Make it or Break It,2,"Jul. 27, 2010",1.664,0.5
Make it or Break It,2,"Aug. 3, 2010",1.745,0.6
Make it or Break It,2,"Aug. 10, 2010",1.558,0.5
Make it or Break It,2,"Aug. 17, 2010",1.303,0.5
Make it or Break It,2,"Aug. 24, 2010",1.419,0.6
Make it or Break It,2,"Aug. 31, 2010",1.438,0.5
Make it or Break It,2,"Mar. 28, 2011",2.058,0.9
Make it or Break It,2,"Apr. 4, 2011",1.690,0.7
Make it or Break It,2,"Apr. 11, 2011",1.640,0.6
Make it or Break It,2,"Apr. 18, 2011",1.585,0.5
Make it or Break It,2,"Apr. 25, 2011",1.639,0.6
Make it or Break It,2,"May 2, 2011",1.645,0.6
Make it or Break It,2,"May 9, 2011",1.515,0.6
Make it or Break It,2,"May 16, 2011",1.637,0.6
Make it or Break It,2,"May 23, 2011",1.488,0.6
Make it or Break It,3,"Mar. 26, 2012",1.570,0.7
Make it or Break It,3,"Apr. 2, 2012",1.165,0.5
Make it or Break It,3,"Apr. 9, 2012",1.103,0.4
Make it or Break It,3,"Apr. 16, 2012",1.215,0.5
Make it or Break It,3,"Apr. 23, 2012",1.112,0.4
Make it or Break It,3,"Apr. 30, 2012",0.907,0.4
Make it or Break It,3,"May 7, 2012",1.091,0.4
Make it or Break It,3,"May 14, 2012",1.208,0.5
Shoot the Messenger,1,"Feb. 26, 2018",0.173,0.03
Shoot the Messenger,1,"Mar. 5, 2018",0.129,0.02
Shoot the Messenger,1,"Mar. 12, 2018",0.115,0.01
Shoot the Messenger,1,"Mar. 23, 2018",0.124,0.02
Shoot the Messenger,1,"Mar. 30, 2018",0.135,0.04
Shoot the Messenger,1,"Apr. 6, 2018",0.118,0.02
Shoot the Messenger,1,"Apr. 13, 2018",0.107,0.02
Shoot the Messenger,1,"Apr. 20, 2018",0.107,0.02
Dexter,1,"Oct. 1, 2006",0.603,0.3
Dexter,1,"Oct. 8, 2006",0.413,0.2
Dexter,1,"Oct. 15, 2006",0.381,0.2
Dexter,1,"Oct. 22, 2006",0.490,0.3
Dexter,1,"Oct. 29, 2006",0.462,0.2
Dexter,1,"Nov. 5, 2006",0.587,0.3
Dexter,1,"Nov. 12, 2006",0.614,0.3
Dexter,1,"Nov. 19, 2006",0.565,0.2
Dexter,1,"Nov. 26, 2006",0.758,0.4
Dexter,1,"Dec. 3, 2006",0.785,0.4
Dexter,1,"Dec. 10, 2006",0.760,0.4
Dexter,1,"Dec. 17, 2006",1.082,0.5
Dexter,2,"Sept. 30, 2007",1.009,0.5
Dexter,2,"Oct. 7, 2007",0.889,0.4
Dexter,2,"Oct. 14, 2007",0.954,-
Dexter,2,"Oct. 21, 2007",0.798,0.4
Dexter,2,"Oct. 28, 2007",0.625,0.3
Dexter,2,"Nov. 4, 2007",0.848,0.5
Dexter,2,"Nov. 11, 2007",0.841,0.4
Dexter,2,"Nov. 18, 2007",1.228,0.6
Dexter,2,"Nov. 25, 2007",1.025,0.5
Dexter,2,"Dec. 2, 2007",1.076,0.5
Dexter,2,"Dec. 9, 2007",0.890,0.4
Dexter,2,"Dec. 16, 2007",1.016,0.4
Dexter,3,"Sept. 28, 2008",1.217,0.5
Dexter,3,"Oct. 5, 2008",0.786,0.3
Dexter,3,"Oct. 12, 2008",1.067,0.5
Dexter,3,"Oct. 19, 2008",0.863,0.3
Dexter,3,"Oct. 26, 2008",1.003,0.5
Dexter,3,"Nov. 2, 2008",1.041,0.5
Dexter,3,"Nov. 9, 2008",0.834,0.4
Dexter,3,"Nov. 16, 2008",0.960,0.5
Dexter,3,"Nov. 23, 2008",1.133,0.6
Dexter,3,"Nov. 30, 2008",1.335,0.7
Dexter,3,"Dec. 7, 2008",1.334,0.7
Dexter,3,"Dec. 14, 2008",1.506,0.7
Dexter,4,"Sept. 27, 2009",1.520,0.8
Dexter,4,"Oct. 4, 2009",1.374,0.6
Dexter,4,"Oct. 11, 2009",1.242,0.5
Dexter,4,"Oct. 18, 2009",1.509,0.7
Dexter,4,"Oct. 25, 2009",1.676,0.8
Dexter,4,"Nov. 1, 2009",1.876,0.9
Dexter,4,"Nov. 8, 2009",1.755,0.9
Dexter,4,"Nov. 15, 2009",1.698,0.8
Dexter,4,"Nov. 22, 2009",1.762,0.8
Dexter,4,"Nov. 29, 2009",1.795,0.8
Dexter,4,"Dec. 6, 2009",2.107,1.1
Dexter,4,"Dec. 13, 2009",2.575,1.3
Dexter,5,"Sept. 26, 2010",1.769,0.8
Dexter,5,"Oct. 3, 2010",1.701,0.8
Dexter,5,"Oct. 10, 2010",1.864,0.9
Dexter,5,"Oct. 17, 2010",1.788,0.9
Dexter,5,"Oct. 24, 2010",1.943,0.9
Dexter,5,"Oct. 31, 2010",1.632,0.8
Dexter,5,"Nov. 7, 2010",1.900,0.9
Dexter,5,"Nov. 14, 2010",1.939,0.9
Dexter,5,"Nov. 21, 2010",2.110,1.0
Dexter,5,"Nov. 28, 2010",2.537,1.1
Dexter,5,"Dec. 5, 2010",2.261,1.1
Dexter,5,"Dec. 12, 2010",2.480,1.1
Dexter,6,"Oct. 2, 2011",2.188,1.1
Dexter,6,"Oct. 9, 2011",1.714,0.9
Dexter,6,"Oct. 16, 2011",1.502,0.7
Dexter,6,"Oct. 23, 2011",1.888,0.9
Dexter,6,"Oct. 30, 2011",1.799,0.8
Dexter,6,"Nov. 6, 2011",1.982,1.0
Dexter,6,"Nov. 13, 2011",1.985,1.0
Dexter,6,"Nov. 20, 2011",2.050,1.0
Dexter,6,"Nov. 27, 2011",1.887,0.9
Dexter,6,"Dec. 4, 2011",1.876,0.9
Dexter,6,"Dec. 11, 2011",1.924,0.9
Dexter,6,"Dec. 18, 2011",2.230,1.0
Dexter,7,"Sept. 30, 2012",2.403,1.3
Dexter,7,"Oct. 7, 2012",2.103,1.1
Dexter,7,"Oct. 14, 2012",1.984,1.0
Dexter,7,"Oct. 21, 2012",2.176,1.1
Dexter,7,"Oct. 28, 2012",2.275,1.2
Dexter,7,"Nov. 4, 2012",1.985,1.0
Dexter,7,"Nov. 11, 2012",2.007,1.1
Dexter,7,"Nov. 18, 2012",2.251,1.1
Dexter,7,"Nov. 25, 2012",2.124,1.0
Dexter,7,"Dec. 2, 2012",2.082,1.1
Dexter,7,"Dec. 9, 2012",2.598,1.3
Dexter,7,"Dec. 16, 2012",2.749,1.4
Dexter,8,"Jun. 30, 2013",2.484,1.2
Dexter,8,"Jul. 7, 2013",2.524,1.2
Dexter,8,"Jul. 14, 2013",2.431,1.1
Dexter,8,"Jul. 21, 2013",2.471,1.2
Dexter,8,"Jul. 28, 2013",2.550,1.2
Dexter,8,"Aug. 4, 2013",2.208,1.1
Dexter,8,"Aug. 11, 2013",1.904,0.9
Dexter,8,"Aug. 18, 2013",1.943,0.9
Dexter,8,"Aug. 25, 2013",2.286,1.1
Dexter,8,"Sept. 8, 2013",2.340,1.1
Dexter,8,"Sept. 15, 2013",2.400,1.04
Dexter,8,"Sept. 22, 2013",2.799,1.28
The Split,1,"May 23, 2018",0.088,0.02
The Split,1,"May 30, 2018",0.086,0.01
The Split,1,"Jun. 6, 2018",0.071,0.00
The Split,1,"Jun. 13, 2018",0.055,0.02
The Split,1,"Jun. 20, 2018",0.057,0.01
The Split,1,"Jun. 27, 2018",0.057,0.01
The Split,2,"May 21, 2020",0.184,0.03
The Split,2,"May 22, 2020",0.133,0.01
The Split,2,"May 28, 2020",0.150,0.02
The Split,2,"May 29, 2020",0.139,0.01
The Split,2,"Jun. 4, 2020",0.103,0.02
The Split,2,"Jun. 5, 2020",0.126,0.02
The Split,3,"Jun. 27, 2022",0.076,0.01
The Split,3,"Jul. 4, 2022",0.034,0.00
The Split,3,"Jul. 11, 2022",0.068,0.01
The Split,3,"Jul. 18, 2022",0.121,0.02
The Split,3,"Jul. 25, 2022",0.075,0.01
The Split,3,"Aug. 1, 2022",0.113,0.01
Ash vs. Evil Dead,1,"Oct. 31, 2015*",0.233,0.11
Ash vs. Evil Dead,1,"Oct. 31, 2015",0.437,0.13
Ash vs. Evil Dead,1,"Nov. 7, 2015",0.276,0.12
Ash vs. Evil Dead,1,"Nov. 14, 2015",0.383,0.16
Ash vs. Evil Dead,1,"Nov. 21, 2015",0.448,0.20
Ash vs. Evil Dead,1,"Nov. 28, 2015",0.430,0.15
Ash vs. Evil Dead,1,"Dec. 5, 2015",0.402,0.19
Ash vs. Evil Dead,1,"Dec. 12, 2015",0.452,0.18
Ash vs. Evil Dead,1,"Dec. 19, 2015",0.465,0.18
Ash vs. Evil Dead,1,"Dec. 26, 2015",0.343,0.14
Ash vs. Evil Dead,1,"Jan. 2, 2016",0.508,0.21
Ash vs. Evil Dead,2,"Oct. 2, 2016",0.436,0.21
Ash vs. Evil Dead,2,"Oct. 9, 2016",0.333,0.18
Ash vs. Evil Dead,2,"Oct. 16, 2016",0.321,0.19
Ash vs. Evil Dead,2,"Oct. 23, 2016",0.274,0.13
Ash vs. Evil Dead,2,"Oct. 30, 2016",0.274,0.13
Ash vs. Evil Dead,2,"Nov. 6, 2016",0.330,0.15
Ash vs. Evil Dead,2,"Nov. 13, 2016",0.337,0.18
Ash vs. Evil Dead,2,"Nov. 20, 2016",0.237,0.12
Ash vs. Evil Dead,2,"Dec. 4, 2016",0.266,0.14
Ash vs. Evil Dead,2,"Dec. 11, 2016",0.269,0.14
Ash vs. Evil Dead,3,"Feb. 25, 2018",0.225,0.10
Ash vs. Evil Dead,3,"Mar. 4, 2018",0.171,0.07
Ash vs. Evil Dead,3,"Mar. 11, 2018",0.160,0.08
Ash vs. Evil Dead,3,"Mar. 18, 2018",0.176,0.06
Ash vs. Evil Dead,3,"Mar. 25, 2018",0.179,0.10
Ash vs. Evil Dead,3,"Apr. 1, 2018",0.196,0.07
Ash vs. Evil Dead,3,"Apr. 8, 2018",0.136,0.06
Ash vs. Evil Dead,3,"Apr. 15, 2018",0.175,0.08
Ash vs. Evil Dead,3,"Apr. 22, 2018",0.130,0.05
Ash vs. Evil Dead,3,"Apr. 29, 2018",0.174,0.09
White Famous,1,"Oct. 15, 2017",0.154,0.06
White Famous,1,"Oct. 15, 2017",0.129,0.04
White Famous,1,"Oct. 22, 2017",0.196,0.07
White Famous,1,"Oct. 29, 2017",0.266,0.08
White Famous,1,"Nov. 5, 2017",0.339,0.12
White Famous,1,"Nov. 12, 2017",0.297,0.12
White Famous,1,"Nov. 19, 2017",0.271,0.09
White Famous,1,"Nov. 26, 2017",0.222,0.07
White Famous,1,"Dec. 3, 2017",0.287,0.11
White Famous,1,"Dec. 10, 2017",0.333,0.12
Bellevue,1,"Jan. 23, 2018",0.412,0.05
Bellevue,1,"Jan. 30, 2018",0.240,0.05
Bellevue,1,"Feb. 6, 2018",0.205,0.03
Bellevue,1,"Feb. 13, 2018",0.164,0.02
Bellevue,1,"Feb. 20, 2018",0.172,0.03
Bellevue,1,"Feb. 27, 2018",0.206,0.05
Bellevue,1,"Mar. 6, 2018",0.194,0.03
Bellevue,1,"Mar. 13, 2018",0.184,0.03
The Good Witch Movies (2008-19),1,"Jan. 19, 2008",4.234,-
The Good Witch Movies (2008-19),1,"Feb. 7, 2009",3.115,0.6
The Good Witch Movies (2008-19),1,"Nov. 13, 2010",-,-
The Good Witch Movies (2008-19),1,"Oct. 29, 2011",-,-
The Good Witch Movies (2008-19),1,"Oct. 27, 2012",2.061,0.3
The Good Witch Movies (2008-19),1,"Oct. 26, 2013",2.817,0.43
The Good Witch Movies (2008-19),1,"Oct. 25, 2014",2.486,0.3
The Good Witch Movies (2008-19),1,"Oct. 24, 2015",2.684,0.27
The Good Witch Movies (2008-19),1,"Oct. 22, 2016",2.239,0.31
The Good Witch Movies (2008-19),1,"Oct. 22, 2017",2.696,0.35
The Good Witch Movies (2008-19),1,"Oct. 21, 2018",2.356,0.26
The Good Witch Movies (2008-19),1,"Oct. 19, 2019",1.873,0.20
The Good Witch,1,"Feb. 28, 2015",2.905,0.27
The Good Witch,1,"Mar. 7, 2015",2.017,0.23
The Good Witch,1,"Mar. 14, 2015",1.987,0.13
The Good Witch,1,"Mar. 21, 2015",1.947,0.13
The Good Witch,1,"Mar. 28, 2015",2.155,0.18
The Good Witch,1,"Apr. 4, 2015",1.808,0.13
The Good Witch,1,"Apr. 11, 2015",1.920,0.17
The Good Witch,1,"Apr. 18, 2015",2.250,0.15
The Good Witch,2,"Apr. 17, 2016",2.185,0.25
The Good Witch,2,"Apr. 24, 2016",1.960,0.21
The Good Witch,2,"May 1, 2016",1.965,0.25
The Good Witch,2,"May 8, 2016",1.924,0.24
The Good Witch,2,"May 15, 2016",2.014,0.23
The Good Witch,2,"May 22, 2016",2.191,0.23
The Good Witch,2,"May 29, 2016",2.045,0.23
The Good Witch,2,"Jun. 5, 2016",2.214,0.27
The Good Witch,2,"Jun. 12, 2016",2.121,0.26
The Good Witch,2,"Jun. 19, 2016",2.295,0.29
The Good Witch,3,"Apr. 30, 2017",2.136,0.20
The Good Witch,3,"May 7, 2017",2.111,0.24
The Good Witch,3,"May 14, 2017",1.875,0.20
The Good Witch,3,"May 21, 2017",1.782,0.19
The Good Witch,3,"May 28, 2017",1.977,0.18
The Good Witch,3,"Jun. 4, 2017",2.201,0.24
The Good Witch,3,"Jun. 11, 2017",2.379,0.28
The Good Witch,3,"Jun. 18, 2017",2.090,0.21
The Good Witch,3,"Jun. 25, 2017",2.388,0.25
The Good Witch,3,"Jul. 2, 2017",2.343,0.23
The Good Witch,4,"Apr. 29, 2018",2.296,0.26
The Good Witch,4,"May 6, 2018",1.929,0.23
The Good Witch,4,"May 13, 2018",1.825,0.18
The Good Witch,4,"May 20, 2018",1.767,0.17
The Good Witch,4,"May 27, 2018",2.022,0.17
The Good Witch,4,"Jun. 3, 2018",2.099,0.22
The Good Witch,4,"Jun. 10, 2018",2.022,0.22
The Good Witch,4,"Jun. 17, 2018",1.970,0.19
The Good Witch,4,"Jun. 24, 2018",2.122,0.23
The Good Witch,4,"Jul. 1, 2018",2.202,0.20
The Good Witch,5,"Jun. 9, 2019",2.222,0.20
The Good Witch,5,"Jun. 10, 2019",2.063,0.19
The Good Witch,5,"Jun. 16, 2019",2.019,0.19
The Good Witch,5,"Jun. 23, 2019",2.140,0.23
The Good Witch,5,"Jun. 30, 2019",2.134,0.20
The Good Witch,5,"Jul. 7, 2019",1.927,0.19
The Good Witch,5,"Jul. 28, 2019",2.099,0.22
The Good Witch,5,"Aug. 4, 2019",2.014,0.18
The Good Witch,5,"Aug. 11, 2019",2.130,0.21
The Good Witch,5,"Aug. 18, 2019",2.308,0.22
The Good Witch,6,"May 3, 2020",1.883,0.16
The Good Witch,6,"May 10, 2020",1.978,0.18
The Good Witch,6,"May 17, 2020",1.752,0.16
The Good Witch,6,"May 24, 2020",1.846,0.15
The Good Witch,6,"May 31, 2020",1.853,0.17
The Good Witch,6,"Jun. 7, 2020",1.917,0.15
The Good Witch,6,"Jun. 14, 2020",1.694,0.14
The Good Witch,6,"Jun. 21, 2020",2.007,0.20
The Good Witch,6,"Jun. 28, 2020",1.820,0.18
The Good Witch,6,"Jul. 5, 2020",1.900,0.15
The Good Witch,7,"May 16, 2021",1.711,0.12
The Good Witch,7,"May 23, 2021",1.510,0.11
The Good Witch,7,"May 30, 2021",1.614,0.15
The Good Witch,7,"Jun. 6, 2021",1.536,0.10
The Good Witch,7,"Jun. 13, 2021",1.361,0.11
The Good Witch,7,"Jun. 20, 2021",1.454,0.13
The Good Witch,7,"Jun. 27, 2021",1.526,0.13
The Good Witch,7,"Jul. 11, 2021",1.544,0.10
The Good Witch,7,"Jul. 18, 2021",1.636,0.15
The Good Witch,7,"Jul. 25, 2021",1.857,0.13
Lucky Bastards,1,"Apr. 16, 2014",0.075,0.03
Lucky Bastards,1,"Apr. 23, 2014",0.020,0.01
Lucky Bastards,1,"Apr. 30, 2014",0.032,0.02
Lucky Bastards,1,"May 7, 2014",0.011,0.00
Lucky Bastards,1,"May 14, 2014",0.047,0.01
Lucky Bastards,1,"May 21, 2014",0.022,0.01
Lucky Bastards,1,"May 28, 2014",0.037,0.02
Lucky Bastards,1,"Jun. 4, 2014",0.024,0.01
Lucky Bastards,1,"Jun. 11, 2014",0.026,0.01
Lucky Bastards,1,"Jun. 18, 2014",0.031,0.01
Halt and Catch Fire,1,"Jun. 1, 2014",1.190,0.34
Halt and Catch Fire,1,"Jun. 8, 2014",0.970,0.32
Halt and Catch Fire,1,"Jun. 15, 2014",0.765,0.2
Halt and Catch Fire,1,"Jun. 22, 2014",0.844,0.35
Halt and Catch Fire,1,"Jun. 29, 2014",0.575,0.2
Halt and Catch Fire,1,"Jul. 6, 2014",0.718,0.24
Halt and Catch Fire,1,"Jul. 13, 2014",0.724,0.26
Halt and Catch Fire,1,"Jul. 20, 2014",0.627,0.25
Halt and Catch Fire,1,"Jul. 27, 2014",0.549,0.19
Halt and Catch Fire,1,"Aug. 3, 2014",0.574,0.18
Halt and Catch Fire,2,"May 31, 2015",0.659,0.21
Halt and Catch Fire,2,"Jun. 7, 2015",0.494,0.14
Halt and Catch Fire,2,"Jun. 14, 2015",0.452,0.15
Halt and Catch Fire,2,"Jun. 21, 2015",0.451,0.15
Halt and Catch Fire,2,"Jun. 28, 2015",0.543,0.18
Halt and Catch Fire,2,"Jul. 5, 2015",0.558,0.17
Halt and Catch Fire,2,"Jul. 12, 2015",0.499,0.17
Halt and Catch Fire,2,"Jul. 19, 2015",0.497,0.12
Halt and Catch Fire,2,"Jul. 26, 2015",0.588,0.19
Halt and Catch Fire,2,"Aug. 2, 2015",0.485,0.12
Halt and Catch Fire,3,"Aug. 21, 2016",0.367,0.15
Halt and Catch Fire,3,"Aug. 23, 2016",0.339,0.11
Halt and Catch Fire,3,"Aug. 30, 2016",0.397,0.14
Halt and Catch Fire,3,"Sept. 6, 2016",0.312,0.13
Halt and Catch Fire,3,"Sept. 13, 2016",0.324,0.13
Halt and Catch Fire,3,"Sept. 20, 2016",0.280,0.10
Halt and Catch Fire,3,"Sept. 27, 2016",0.307,0.10
Halt and Catch Fire,3,"Oct. 4, 2016",0.366,0.13
Halt and Catch Fire,3,"Oct. 11, 2016",0.407,0.14
Halt and Catch Fire,3,"Oct. 11, 2016",0.287,0.11
Halt and Catch Fire,4,"Aug. 19, 2017",0.340,0.11
Halt and Catch Fire,4,"Aug. 26, 2017",0.270,0.10
Halt and Catch Fire,4,"Sept. 9, 2017",0.344,0.13
Halt and Catch Fire,4,"Sept. 16, 2017",0.313,0.09
Halt and Catch Fire,4,"Sept. 23, 2017",0.354,0.11
Halt and Catch Fire,4,"Sept. 30, 2017",0.322,0.11
Halt and Catch Fire,4,"Oct. 7, 2017",0.327,0.08
Halt and Catch Fire,4,"Oct. 14, 2017",0.394,0.12
Dallas,1,"Jun. 13, 2012",6.863,1.5
Dallas,1,"Jun. 20, 2012",4.755,1.3
Dallas,1,"Jun. 27, 2012",4.079,1.1
Dallas,1,"Jul. 4, 2012",3.363,1.0
Dallas,1,"Jul. 11, 2012",3.628,1.0
Dallas,1,"Jul. 18, 2012",3.882,1.0
Dallas,1,"Jul. 25, 2012",3.253,0.7
Dallas,1,"Aug. 1, 2012",3.241,0.8
Dallas,1,"Aug. 8, 2012",4.287,1.3
Dallas,2,"Jan. 28, 2013",2.977,0.8
Dallas,2,"Feb. 4, 2013",2.232,0.6
Dallas,2,"Feb. 11, 2013",2.411,0.8
Dallas,2,"Feb. 18, 2013",2.509,0.7
Dallas,2,"Feb. 25, 2013",2.545,0.7
Dallas,2,"Mar. 4, 2013",2.785,0.7
Dallas,2,"Mar. 11, 2013",3.559,0.9
Dallas,2,"Mar. 18, 2013",2.667,0.8
Dallas,2,"Mar. 25, 2013",2.614,0.7
Dallas,2,"Apr. 1, 2013",2.603,0.8
Dallas,2,"Apr. 8, 2013",1.941,0.6
Dallas,2,"Apr. 8, 2013",2.441,0.8
Dallas,2,"Apr. 15, 2013",2.822,0.8
Dallas,2,"Apr. 15, 2013",2.992,0.9
Dallas,3,"Feb. 24, 2014",2.658,0.75
Dallas,3,"Mar. 3, 2014",1.934,0.44
Dallas,3,"Mar. 10, 2014",1.985,0.40
Dallas,3,"Mar. 17, 2014",1.779,0.47
Dallas,3,"Mar. 24, 2014",1.787,0.45
Dallas,3,"Mar. 31, 2014",1.817,0.44
Dallas,3,"Apr. 7, 2014",1.873,0.46
Dallas,3,"Apr. 14, 2014",2.053,0.56
Dallas,3,"Aug. 18, 2014",1.970,0.45
Dallas,3,"Aug. 25, 2014",1.836,0.44
Dallas,3,"Sept. 1, 2014",1.931,0.40
Dallas,3,"Sept. 8, 2014",1.934,0.42
Dallas,3,"Sept. 15, 2014",1.859,0.43
Dallas,3,"Sept. 22, 2014",1.718,0.44
Dallas,3,"Sept. 22, 2014",1.718,0.44
Nurse Jackie,1,"Jun. 8, 2009",1.006,0.4
Nurse Jackie,1,"Jun. 15, 2009",1.084,0.4
Nurse Jackie,1,"Jun. 22, 2009",0.775,0.3
Nurse Jackie,1,"Jun. 29, 2009",0.859,0.4
Nurse Jackie,1,"Jul. 6, 2009",0.908,0.4
Nurse Jackie,1,"Jul. 13, 2009",0.712,0.3
Nurse Jackie,1,"Jul. 20, 2009",0.877,0.4
Nurse Jackie,1,"Jul. 27, 2009",0.919,0.4
Nurse Jackie,1,"Aug. 3, 2009",1.028,0.5
Nurse Jackie,1,"Aug. 10, 2009",0.962,0.4
Nurse Jackie,1,"Aug. 17, 2009",1.074,0.5
Nurse Jackie,1,"Aug. 24, 2009",0.992,0.4
Nurse Jackie,2,"Mar. 22, 2010",1.084,0.6
Nurse Jackie,2,"Mar. 29, 2010",0.686,0.3
Nurse Jackie,2,"Apr. 5, 2010",0.525,0.2
Nurse Jackie,2,"Apr. 12, 2010",0.682,0.3
Nurse Jackie,2,"Apr. 19, 2010",0.584,0.3
Nurse Jackie,2,"Apr. 26, 2010",0.917,0.4
Nurse Jackie,2,"May 3, 2010",0.739,0.3
Nurse Jackie,2,"May 10, 2010",0.675,0.3
Nurse Jackie,2,"May 17, 2010",0.729,0.3
Nurse Jackie,2,"May 24, 2010",0.670,0.3
Nurse Jackie,2,"May 31, 2010",0.746,0.3
Nurse Jackie,2,"Jun. 7, 2010",0.858,0.4
Nurse Jackie,3,"Mar. 28, 2011",0.611,0.2
Nurse Jackie,3,"Apr. 4, 2011",0.490,0.2
Nurse Jackie,3,"Apr. 11, 2011",0.574,0.2
Nurse Jackie,3,"Apr. 18, 2011",0.595,0.2
Nurse Jackie,3,"Apr. 25, 2011",0.650,0.2
Nurse Jackie,3,"May 2, 2011",0.531,0.2
Nurse Jackie,3,"May 9, 2011",0.467,0.2
Nurse Jackie,3,"May 16, 2011",0.431,0.2
Nurse Jackie,3,"May 23, 2011",0.601,0.3
Nurse Jackie,3,"Jun. 6, 2011",0.556,0.2
Nurse Jackie,3,"Jun. 13, 2011",0.582,0.3
Nurse Jackie,3,"Jun. 20, 2011",0.832,0.3
Nurse Jackie,4,"Apr. 8, 2012",0.653,0.3
Nurse Jackie,4,"Apr. 15, 2012",0.579,0.2
Nurse Jackie,4,"Apr. 22, 2012",0.531,0.2
Nurse Jackie,4,"Apr. 29, 2012",0.474,0.2
Nurse Jackie,4,"May 6, 2012",0.542,0.2
Nurse Jackie,4,"May 13, 2012",0.497,0.2
Nurse Jackie,4,"May 20, 2012",0.554,0.2
Nurse Jackie,4,"Jun. 3, 2012",0.627,0.2
Nurse Jackie,4,"Jun. 10, 2012",0.602,0.2
Nurse Jackie,4,"Jun. 17, 2012",0.535,0.2
Nurse Jackie,5,"Apr. 14, 2013",0.770,0.30
Nurse Jackie,5,"Apr. 21, 2013",0.759,0.3
Nurse Jackie,5,"Apr. 28, 2013",0.688,0.26
Nurse Jackie,5,"May 5, 2013",0.725,0.32
Nurse Jackie,5,"May 12, 2013",0.840,0.30
Nurse Jackie,5,"May 19, 2013",0.835,0.26
Nurse Jackie,5,"May 26, 2013",0.563,0.17
Nurse Jackie,5,"Jun. 2, 2013",0.784,0.33
Nurse Jackie,5,"Jun. 9, 2013",0.821,0.3
Nurse Jackie,5,"Jun. 16, 2013",0.751,0.3
Nurse Jackie,6,"Apr. 13, 2014",0.751,0.22
Nurse Jackie,6,"Apr. 20, 2014",0.625,0.2
Nurse Jackie,6,"Apr. 27, 2014",0.617,0.22
Nurse Jackie,6,"May 4, 2014",0.660,0.24
Nurse Jackie,6,"May 11, 2014",0.592,0.20
Nurse Jackie,6,"May 18, 2014",0.766,0.23
Nurse Jackie,6,"May 25, 2014",0.623,0.19
Nurse Jackie,6,"Jun. 1, 2014",0.839,0.21
Nurse Jackie,6,"Jun. 8, 2014",0.722,0.19
Nurse Jackie,6,"Jun. 15, 2014",0.641,0.21
Nurse Jackie,6,"Jun. 22, 2014",0.757,0.26
Nurse Jackie,6,"Jun. 29, 2014",0.674,0.20
Nurse Jackie,7,"Apr. 12, 2015",0.532,0.16
Nurse Jackie,7,"Apr. 19, 2015",0.810,0.25
Nurse Jackie,7,"Apr. 26, 2015",0.651,0.18
Nurse Jackie,7,"May 3, 2015",0.742,0.25
Nurse Jackie,7,"May 10, 2015",0.743,0.20
Nurse Jackie,7,"May 17, 2015",0.783,0.19
Nurse Jackie,7,"May 24, 2015",0.697,0.22
Nurse Jackie,7,"May 31, 2015",0.593,0.17
Nurse Jackie,7,"Jun. 7, 2015",0.723,0.28
Nurse Jackie,7,"Jun. 14, 2015",0.728,0.20
Nurse Jackie,7,"Jun. 21, 2015",0.612,0.17
Nurse Jackie,7,"Jun. 28, 2015",0.835,0.25
The Honourable Woman,1,"Jul. 31, 2014",0.252,0.02
The Honourable Woman,1,"Aug. 7, 2014",0.110,0.02
The Honourable Woman,1,"Aug. 14, 2014",0.081,0.014
The Honourable Woman,1,"Aug. 21, 2014",0.108,0.01
The Honourable Woman,1,"Aug. 28, 2014",0.106,0.02
The Honourable Woman,1,"Sept. 4, 2014",0.093,0.0
The Honourable Woman,1,"Sept. 11, 2014",0.089,0.0
The Honourable Woman,1,"Sept. 18, 2014",0.177,0.014
Ruby & the Rockits,1,"Jul. 21, 2009",1.620,0.5
Ruby & the Rockits,1,"Jul. 28, 2009",1.522,0.5
Ruby & the Rockits,1,"Aug. 4, 2009",1.009,0.3
Ruby & the Rockits,1,"Aug. 11, 2009",1.002,0.3
Ruby & the Rockits,1,"Aug. 18, 2009",0.988,0.3
Ruby & the Rockits,1,"Aug. 25, 2009",1.040,0.3
Ruby & the Rockits,1,"Sept. 1, 2009",1.070,0.3
Ruby & the Rockits,1,"Sept. 8, 2009",0.963,0.3
Ruby & the Rockits,1,"Sept. 15, 2009",0.756,0.3
Ruby & the Rockits,1,"Sept. 22, 2009",0.564,0.2
Project Runway,1,"Dec. 1, 2004",0.354,0.2
Project Runway,1,"Dec. 8, 2004",0.378,0.2
Project Runway,1,"Dec. 15, 2004",0.304,0.1
Project Runway,1,"Jan. 5, 2005",1.065,0.6
Project Runway,1,"Jan. 12, 2005",1.178,0.6
Project Runway,1,"Jan. 19, 2005",1.046,0.6
Project Runway,1,"Jan. 26, 2005",1.097,0.6
Project Runway,1,"Feb. 2, 2005",1.334,0.7
Project Runway,1,"Feb. 9, 2005",0.918,0.5
Project Runway,1,"Feb. 16, 2005",1.160,0.7
Project Runway,1,"Feb. 23, 2005",2.010,1.0
Project Runway,2,"Dec. 7, 2005",0.924,0.5
Project Runway,2,"Dec. 14, 2005",1.024,0.6
Project Runway,2,"Dec. 21, 2005",1.093,0.6
Project Runway,2,"Jan. 4, 2006",1.450,0.8
Project Runway,2,"Jan. 11, 2006",1.533,0.9
Project Runway,2,"Jan. 18, 2006",1.769,1.1
Project Runway,2,"Jan. 25, 2006",1.858,1.1
Project Runway,2,"Feb. 1, 2006",2.323,1.3
Project Runway,2,"Feb. 8, 2006",1.852,1.0
Project Runway,2,"Feb. 15, 2006",2.019,1.1
Project Runway,2,"Feb. 22, 2006",1.572,0.9
Project Runway,2,"Mar. 1, 2006",1.790,1.0
Project Runway,2,"Mar. 8, 2006",3.409,1.9
Project Runway,3,"Jul. 12, 2006",2.411,1.2
Project Runway,3,"Jul. 19, 2006",2.576,1.4
Project Runway,3,"Jul. 26, 2006",2.986,1.6
Project Runway,3,"Aug. 2, 2006",3.444,1.7
Project Runway,3,"Aug. 9, 2006",3.111,1.6
Project Runway,3,"Aug. 16, 2006",2.990,1.5
Project Runway,3,"Aug. 23, 2006",3.321,1.7
Project Runway,3,"Aug. 30, 2006",3.399,1.8
Project Runway,3,"Sept. 6, 2006",3.912,1.9
Project Runway,3,"Sept. 13, 2006",3.866,1.9
Project Runway,3,"Sept. 27, 2006",3.757,1.9
Project Runway,3,"Oct. 4, 2006",2.878,1.5
Project Runway,3,"Oct. 11, 2006",3.621,1.7
Project Runway,3,"Oct. 18, 2006",5.363,2.6
Project Runway,4,"Nov. 14, 2007",2.890,1.5
Project Runway,4,"Nov. 21, 2007",2.19,1.1
Project Runway,4,"Nov. 28, 2007",2.791,1.5
Project Runway,4,"Dec. 5, 2007",3.102,1.7
Project Runway,4,"Dec. 12, 2007",3.04,1.6
Project Runway,4,"Jan. 2, 2008",2.785,1.4
Project Runway,4,"Jan. 9, 2008",3.231,1.7
Project Runway,4,"Jan. 16, 2008",3.342,1.9
Project Runway,4,"Jan. 23, 2008",3.165,1.7
Project Runway,4,"Feb. 6, 2008",3.63,1.8
Project Runway,4,"Feb. 13, 2008",3.826,2.0
Project Runway,4,"Feb. 20, 2008",2.92,1.6
Project Runway,4,"Feb. 27, 2008",3.96,2.1
Project Runway,4,"Mar. 5, 2008",5.181,2.9
Project Runway,5,"Jul. 16, 2008",2.915,1.4
Project Runway,5,"Jul. 23, 2008",2.621,1.3
Project Runway,5,"Jul. 30, 2008",3.287,1.6
Project Runway,5,"Aug. 6, 2008",3.44,1.7
Project Runway,5,"Aug. 13, 2008",3.251,1.5
Project Runway,5,"Aug. 20, 2008",3.202,1.7
Project Runway,5,"Aug. 27, 2008",3.547,1.8
Project Runway,5,"Sept. 3, 2008",3.264,1.7
Project Runway,5,"Sept. 10, 2008",3.864,2.0
Project Runway,5,"Sept. 17, 2008",3.989,2.1
Project Runway,5,"Sept. 24, 2008",3.70,2.0
Project Runway,5,"Oct. 1, 2008",4.014,2.1
Project Runway,5,"Oct. 8, 2008",4.226,2.1
Project Runway,5,"Oct. 15, 2008",4.787,2.4
Project Runway,6,"Aug. 20, 2009",2.92,1.3
Project Runway,6,"Aug. 20, 2009",4.233,1.8
Project Runway,6,"Aug. 27, 2009",3.488,1.6
Project Runway,6,"Sept. 3, 2009",3.18,1.4
Project Runway,6,"Sept. 10, 2009",3.12,1.4
Project Runway,6,"Sept. 17, 2009",3.620,1.6
Project Runway,6,"Sept. 24, 2009",2.872,1.3
Project Runway,6,"Oct. 1, 2009",2.810,1.3
Project Runway,6,"Oct. 8, 2009",3.218,1.5
Project Runway,6,"Oct. 15, 2009",2.966,1.3
Project Runway,6,"Oct. 22, 2009",3.020,1.3
Project Runway,6,"Oct. 29, 2009",3.245,1.4
Project Runway,6,"Nov. 5, 2009",2.831,1.3
Project Runway,6,"Nov. 12, 2009",3.125,1.4
Project Runway,6,"Nov. 19, 2009",4.276,1.9
Project Runway,7,"Jan. 14, 2010",2.941,1.3
Project Runway,7,"Jan. 21, 2010",2.705,1.1
Project Runway,7,"Jan. 28, 2010",3.400,1.4
Project Runway,7,"Feb. 4, 2010",2.745,1.2
Project Runway,7,"Feb. 11, 2010",2.916,1.2
Project Runway,7,"Feb. 18, 2010",2.293,1.0
Project Runway,7,"Mar. 4, 2010",2.377,0.9
Project Runway,7,"Mar. 11, 2010",2.541,1.0
Project Runway,7,"Mar. 18, 2010",2.980,1.2
Project Runway,7,"Mar. 25, 2010",2.824,1.1
Project Runway,7,"Apr. 1, 2010",3.010,1.2
Project Runway,7,"Apr. 8, 2010",3.370,1.4
Project Runway,7,"Apr. 15, 2010",2.979,1.1
Project Runway,7,"Apr. 22, 2010",3.804,1.5
Project Runway,8,"Jul. 29, 2010",2.546,1.1
Project Runway,8,"Aug. 5, 2010",2.625,1.0
Project Runway,8,"Aug. 12, 2010",3.061,1.2
Project Runway,8,"Aug. 19, 2010",3.439,1.4
Project Runway,8,"Aug. 26, 2010",3.216,1.3
Project Runway,8,"Sept. 2, 2010",4.002,1.7
Project Runway,8,"Sept. 9, 2010",3.528,1.5
Project Runway,8,"Sept. 16, 2010",3.475,1.4
Project Runway,8,"Sept. 23, 2010",3.055,1.2
Project Runway,8,"Sept. 30, 2010",3.309,1.2
Project Runway,8,"Oct. 7, 2010",3.129,1.1
Project Runway,8,"Oct. 14, 2010",3.490,1.3
Project Runway,8,"Oct. 21, 2010",3.550,1.4
Project Runway,8,"Oct. 28, 2010",3.749,1.5
Project Runway,9,"Jul. 28, 2011",2.750,1.1
Project Runway,9,"Aug. 4, 2011",2.789,1.1
Project Runway,9,"Aug. 11, 2011",2.806,1.1
Project Runway,9,"Aug. 18, 2011",3.106,1.2
Project Runway,9,"Aug. 25, 2011",3.318,1.4
Project Runway,9,"Sept. 1, 2011",3.216,1.2
Project Runway,9,"Sept. 8, 2011",2.549,0.9
Project Runway,9,"Sept. 15, 2011",3.146,1.2
Project Runway,9,"Sept. 22, 2011",2.411,0.8
Project Runway,9,"Sept. 29, 2011",2.725,0.9
Project Runway,9,"Oct. 6, 2011",2.920,1.0
Project Runway,9,"Oct. 13, 2011",2.709,0.9
Project Runway,9,"Oct. 20, 2011",2.982,1.1
Project Runway,9,"Oct. 27, 2011",2.997,1.1
Project Runway,10,"Jul. 19, 2012",1.194,0.5
Project Runway,10,"Jul. 19, 2012",2.013,0.8
Project Runway,10,"Jul. 26, 2012",2.032,0.7
Project Runway,10,"Aug. 2, 2012",1.789,0.7
Project Runway,10,"Aug. 9, 2012",2.027,0.7
Project Runway,10,"Aug. 16, 2012",2.433,0.9
Project Runway,10,"Aug. 23, 2012",2.688,1.0
Project Runway,10,"Aug. 30, 2012",2.564,1.0
Project Runway,10,"Sept. 6, 2012",2.115,0.8
Project Runway,10,"Sept. 13, 2012",2.094,0.8
Project Runway,10,"Sept. 20, 2012",2.269,0.8
Project Runway,10,"Sept. 27, 2012",2.066,0.8
Project Runway,10,"Oct. 4, 2012",1.907,0.6
Project Runway,10,"Oct. 11, 2012",1.917,0.7
Project Runway,10,"Oct. 18, 2012",2.404,0.8
Project Runway,11,"Jan. 24, 2013",1.202,0.4
Project Runway,11,"Jan. 24, 2013",1.890,0.6
Project Runway,11,"Jan. 31, 2013",1.803,0.6
Project Runway,11,"Feb. 7, 2013",1.988,0.6
Project Runway,11,"Feb. 14, 2013",1.760,0.6
Project Runway,11,"Feb. 21, 2013",1.617,0.5
Project Runway,11,"Feb. 28, 2013",1.943,0.6
Project Runway,11,"Mar. 7, 2013",2.294,0.8
Project Runway,11,"Mar. 14, 2013",1.777,0.5
Project Runway,11,"Mar. 21, 2013",2.192,0.6
Project Runway,11,"Mar. 28, 2013",2.066,0.6
Project Runway,11,"Apr. 4, 2013",1.868,0.5
Project Runway,11,"Apr. 11, 2013",2.236,0.7
Project Runway,11,"Apr. 18, 2013",2.317,0.7
Project Runway,11,"Apr. 25, 2013",2.283,0.7
Project Runway,11,"May 2, 2013",1.169,0.4
Project Runway,12,"Jul. 18, 2013",1.330,0.4
Project Runway,12,"Jul. 18, 2013",1.736,0.5
Project Runway,12,"Jul. 25, 2013",2.014,0.7
Project Runway,12,"Aug. 1, 2013",2.034,0.6
Project Runway,12,"Aug. 8, 2013",2.104,0.7
Project Runway,12,"Aug. 15, 2013",2.410,0.9
Project Runway,12,"Aug. 22, 2013",2.245,0.7
Project Runway,12,"Aug. 29, 2013",2.403,0.8
Project Runway,12,"Sept. 5, 2013",2.338,0.7
Project Runway,12,"Sept. 12, 2013",2.224,0.7
Project Runway,12,"Sept. 19, 2013",2.611,0.91
Project Runway,12,"Sept. 26, 2013",1.980,0.60
Project Runway,12,"Oct. 3, 2013",2.038,0.64
Project Runway,12,"Oct. 10, 2013",2.273,0.75
Project Runway,12,"Oct. 17, 2013",2.682,0.88
Project Runway,12,"Oct. 24, 2013",1.510,0.43
Project Runway,13,"Jul. 24, 2014",1.058,0.3
Project Runway,13,"Jul. 24, 2014",1.644,0.5
Project Runway,13,"Jul. 31, 2014",1.921,0.60
Project Runway,13,"Aug. 7, 2014",2.008,0.61
Project Runway,13,"Aug. 14, 2014",1.877,0.61
Project Runway,13,"Aug. 21, 2014",2.366,0.75
Project Runway,13,"Aug. 28, 2014",2.237,0.77
Project Runway,13,"Sept. 4, 2014",1.969,0.60
Project Runway,13,"Sept. 11, 2014",2.459,0.80
Project Runway,13,"Sept. 18, 2014",2.430,0.74
Project Runway,13,"Sept. 25, 2014",2.238,0.63
Project Runway,13,"Oct. 2, 2014",2.184,0.67
Project Runway,13,"Oct. 9, 2014",2.329,0.70
Project Runway,13,"Oct. 16, 2014",2.334,0.71
Project Runway,13,"Oct. 23, 2014",2.629,0.84
Project Runway,13,"Oct. 30, 2014",1.360,0.39
Project Runway,14,"Aug. 6, 2015",1.185,0.34
Project Runway,14,"Aug. 6, 2015",1.661,0.47
Project Runway,14,"Aug. 13, 2015",1.934,0.54
Project Runway,14,"Aug. 20, 2015",1.785,0.47
Project Runway,14,"Aug. 27, 2015",1.953,0.52
Project Runway,14,"Sept. 3, 2015",2.029,0.66
Project Runway,14,"Sept.10, 2015",2.249,0.67
Project Runway,14,"Sept. 17, 2015",2.212,0.64
Project Runway,14,"Sept. 24, 2015",2.177,0.63
Project Runway,14,"Oct. 1, 2015",2.202,0.57
Project Runway,14,"Oct. 8, 2015",2.171,0.66
Project Runway,14,"Oct. 15, 2015",2.339,0.76
Project Runway,14,"Oct. 22, 2015",2.516,0.77
Project Runway,14,"Oct. 29, 2015",2.289,0.64
Project Runway,14,"Nov. 5, 2015",2.516,0.78
Project Runway,14,"Nov. 12, 2015",1.276,0.38
Project Runway,14,"Nov. 19, 2015",0.846,0.21
Project Runway,15,"Sept. 15, 2016",1.360,0.33
Project Runway,15,"Sept. 15, 2016",1.721,0.40
Project Runway,15,"Sept. 22, 2016",1.769,0.44
Project Runway,15,"Sept. 29, 2016",1.809,0.47
Project Runway,15,"Oct. 6, 2016",1.969,0.51
Project Runway,15,"Oct. 13, 2016",1.769,0.45
Project Runway,15,"Oct. 20, 2016",1.797,0.45
Project Runway,15,"Oct. 27, 2016",1.795,0.44
Project Runway,15,"Nov. 3, 2016",1.868,0.46
Project Runway,15,"Nov. 10, 2016",1.918,0.48
Project Runway,15,"Nov. 17, 2016",1.856,0.46
Project Runway,15,"Dec. 1, 2016",1.792,0.47
Project Runway,15,"Dec. 8, 2016",1.960,0.53
Project Runway,15,"Dec. 15, 2016",1.733,0.40
Project Runway,15,"Dec. 22, 2016",1.785,0.37
Project Runway,15,"Dec. 29, 2016",0.993,0.21
Project Runway,16,"Aug. 10, 2017",0.876,0.21
Project Runway,16,"Aug. 17, 2017",1.603,0.44
Project Runway,16,"Aug. 24, 2017",1.572,0.40
Project Runway,16,"Aug. 31, 2017",1.637,0.42
Project Runway,16,"Sept. 7, 2017",1.546,0.40
Project Runway,16,"Sept. 14, 2017",1.789,0.46
Project Runway,16,"Sept. 21, 2017",1.935,0.52
Project Runway,16,"Sept. 28, 2017",1.668,0.41
Project Runway,16,"Oct. 5, 2017",1.919,0.49
Project Runway,16,"Oct. 12, 2017",1.971,0.50
Project Runway,16,"Oct. 19, 2017",1.788,0.47
Project Runway,16,"Oct. 26, 2017",1.909,0.46
Project Runway,16,"Nov. 2, 2017",1.812,0.48
Project Runway,16,"Nov. 9, 2017",1.668,0.39
Project Runway,16,"Nov. 16, 2017",1.898,0.50
Project Runway,16,"Nov. 30, 2017",0.893,0.20
Project Runway,17,"Mar. 14, 2019",1.017,0.24
Project Runway,17,"Mar. 21, 2019",1.026,0.23
Project Runway,17,"Mar. 28, 2019",0.950,0.22
Project Runway,17,"Apr. 4, 2019",0.941,0.21
Project Runway,17,"Apr. 11, 2019",1.030,0.22
Project Runway,17,"Apr. 18, 2019",0.859,0.21
Project Runway,17,"Apr. 25, 2019",0.977,0.25
Project Runway,17,"May 2, 2019",0.921,0.21
Project Runway,17,"May 9, 2019",0.869,0.20
Project Runway,17,"May 16, 2019",0.886,0.21
Project Runway,17,"May 23, 2019",1.022,0.25
Project Runway,17,"May 30, 2019",1.104,0.21
Project Runway,17,"Jun. 6, 2019",1.212,0.25
Project Runway,17,"Jun. 13, 2019",1.307,0.30
Project Runway,18,"Dec. 5, 2019",0.867,0.17
Project Runway,18,"Dec. 12, 2019",0.980,0.19
Project Runway,18,"Dec. 19, 2019",0.836,0.21
Project Runway,18,"Jan. 2, 2020",1.155,0.25
Project Runway,18,"Jan. 9, 2020",1.173,0.23
Project Runway,18,"Jan. 16, 2020",1.174,0.24
Project Runway,18,"Jan. 23, 2020",1.184,0.24
Project Runway,18,"Jan. 30, 2020",1.235,0.26
Project Runway,18,"Feb. 6, 2020",1.264,0.26
Project Runway,18,"Feb. 13, 2020",1.189,0.22
Project Runway,18,"Feb. 20, 2020",1.364,0.27
Project Runway,18,"Feb. 27, 2020",1.198,0.24
Project Runway,18,"Mar. 5, 2020",1.257,0.25
Project Runway,18,"Mar. 12, 2020",1.424,0.32
Project Runway,19,"Oct. 14, 2021",0.841,0.16
Project Runway,19,"Oct. 21, 2021",0.694,0.13
Project Runway,19,"Oct. 28, 2021",0.796,0.15
Project Runway,19,"Nov. 4, 2021",0.917,0.16
Project Runway,19,"Nov. 11, 2021",0.907,0.16
Project Runway,19,"Nov. 18, 2021",0.877,0.16
Project Runway,19,"Dec. 2, 2021",0.826,0.12
Project Runway,19,"Dec. 9, 2021",0.794,0.12
Project Runway,19,"Dec. 16, 2021",0.833,0.14
Project Runway,19,"Jan. 6, 2022",1.027,0.20
Project Runway,19,"Jan. 13, 2022",1.002,0.19
Project Runway,19,"Jan. 20, 2022",1.093,0.17
Project Runway,19,"Jan. 27, 2022",1.204,0.20
Project Runway,19,"Feb. 3, 2022",1.073,0.18
Project Runway,20,"Jun. 14, 2023",0.502,0.11
Project Runway,20,"Jun. 15, 2023",0.717,0.14
Project Runway,20,"Jun. 22, 2023",0.686,0.10
Project Runway,20,"Jun. 29, 2023",0.696,0.12
Project Runway,20,"Jul. 6, 2023",0.791,0.12
Project Runway,20,"Jul. 13, 2023",0.686,0.09
Project Runway,20,"Jul. 20, 2023",0.755,0.10
Project Runway,20,"Jul. 27, 2023",0.782,0.11
Project Runway,20,"Aug. 3, 2023",0.871,0.12
Project Runway,20,"Aug. 10, 2023",0.716,0.12
Project Runway,20,"Aug. 17, 2023",0.852,0.13
Project Runway,20,"Aug. 24, 2023",0.779,0.10
Project Runway,20,"Aug. 31, 2023",0.890,0.12
Project Runway,20,"Sept. 7, 2023",0.911,0.13
Project Rewind,1,"Aug. 31, 2017",0.920,0.25
Project Rewind,1,"Sept. 7, 2017",0.813,0.19
Project Rewind,1,"Sept. 14, 2017",0.880,0.22
Project Rewind,1,"Sept. 21, 2017",0.952,0.26
Project Rewind,1,"Sept. 28, 2017",0.792,0.15
Project Rewind,1,"Oct. 5, 2017",0.955,0.19
Project Rewind,1,"Oct. 12, 2017",0.960,0.20
Project Rewind,1,"Oct. 19, 2017",0.908,0.19
Project Rewind,1,"Oct. 26, 2017",0.852,0.18
Project Rewind,1,"Nov. 2, 2017",0.719,0.16
Project Rewind,1,"Nov. 9, 2017",0.747,0.14
Project Rewind,1,"Nov. 16, 2017",0.934,0.25
Project Rewind,1,"Nov. 30, 2017",0.494,0.08
Tell Me You Love Me,1,"Sept. 9, 2007",0.910,0.3
Tell Me You Love Me,1,"Sept. 16, 2007",0.793,0.4
Tell Me You Love Me,1,"Sept. 23, 2007",0.958,0.4
Tell Me You Love Me,1,"Sept. 30, 2007",0.723,0.3
Tell Me You Love Me,1,"Oct. 7, 2007",0.716,0.3
Tell Me You Love Me,1,"Oct. 14, 2007",0.687,0.3
Tell Me You Love Me,1,"Oct. 21, 2007",0.710,0.3
Tell Me You Love Me,1,"Oct. 28, 2007",0.720,0.3
Tell Me You Love Me,1,"Nov. 4, 2007",0.615,0.2
Tell Me You Love Me,1,"Nov. 11, 2007",0.838,0.4
The Tudors,1,"Apr. 1, 2007",0.869,0.3
The Tudors,1,"Apr. 8, 2007",0.464,0.2
The Tudors,1,"Apr. 15, 2007",0.350,0.1
The Tudors,1,"Apr. 22, 2007",0.601,0.2
The Tudors,1,"Apr. 29, 2007",0.592,0.2
The Tudors,1,"May 6, 2007",0.599,0.2
The Tudors,1,"May 13, 2007",0.460,0.1
The Tudors,1,"May 20, 2007",0.424,0.2
The Tudors,1,"Jun. 3, 2007",0.396,0.1
The Tudors,1,"Jun. 10, 2007",0.465,0.2
The Tudors,2,"Mar. 30, 2008",0.768,-
The Tudors,2,"Apr. 6, 2008",0.487,0.19
The Tudors,2,"Apr. 13, 2008",0.586,0.20
The Tudors,2,"Apr. 20, 2008",0.515,0.19
The Tudors,2,"Apr. 27, 2008",0.670,0.24
The Tudors,2,"May 4, 2008",0.649,-
The Tudors,2,"May 11, 2008",0.483,0.10
The Tudors,2,"May 18, 2008",0.701,0.22
The Tudors,2,"May 25, 2008",0.675,0.22
The Tudors,2,"Jun. 1, 2008",0.852,-
The Tudors,3,"Apr. 5, 2009",0.726,-
The Tudors,3,"Apr. 12, 2009",0.872,0.31
The Tudors,3,"Apr. 19, 2009",0.649,0.18
The Tudors,3,"Apr. 26, 2009",0.700,0.17
The Tudors,3,"May 3, 2009",0.520,0.14
The Tudors,3,"May 10, 2009",0.622,0.15
The Tudors,3,"May 17, 2009",0.504,0.13
The Tudors,3,"May 24, 2009",0.366,-
The Tudors,4,"Apr. 11, 2010",0.883,0.3
The Tudors,4,"Apr. 18, 2010",0.739,0.3
The Tudors,4,"Apr. 25, 2010",0.887,0.3
The Tudors,4,"May 2, 2010",0.902,0.4
The Tudors,4,"May 9, 2010",0.929,0.4
The Tudors,4,"May 16, 2010",0.819,0.3
The Tudors,4,"May 23, 2010",0.948,0.3
The Tudors,4,"Jun. 6, 2010",0.991,0.4
The Tudors,4,"Jun. 13, 2010",0.724,0.3
The Tudors,4,"Jun. 20, 2010",0.682,0.3
Eye Candy,1,"Jan. 12, 2015",0.589,0.24
Eye Candy,1,"Jan. 19, 2015",0.626,0.24
Eye Candy,1,"Jan. 26, 2015",0.521,0.19
Eye Candy,1,"Feb. 2, 2015",0.604,0.25
Eye Candy,1,"Feb. 9, 2015",0.619,0.27
Eye Candy,1,"Feb. 16, 2015",0.707,0.28
Eye Candy,1,"Feb. 23, 2015",0.601,0.29
Eye Candy,1,"Mar. 2, 2015",0.579,0.28
Eye Candy,1,"Mar. 9, 2015",0.525,0.24
Eye Candy,1,"Mar. 16, 2015",0.541,0.24
Unusually Thicke,1,"Apr. 16, 2014",0.163,0.04
Unusually Thicke,1,"Apr. 16, 2014",0.169,0.06
Unusually Thicke,1,"Apr. 23, 2014",0.163,0.06
Unusually Thicke,1,"Apr. 30, 2014",0.117,0.04
Unusually Thicke,1,"May 7, 2014",0.096,0.04
Unusually Thicke,1,"May 14, 2014",0.067,0.03
Unusually Thicke,1,"May 21, 2014",0.123,0.04
Unusually Thicke,1,"Jun. 4, 2014",0.096,0.04
Unusually Thicke,1,"Apr. 29, 2015",0.074,0.03
Unusually Thicke,1,"May 6, 2015",0.110,0.02
Unusually Thicke,1,"May 13, 2015",0.049,0.02
Unusually Thicke,1,"May 20, 2015",0.070,0.03
Unusually Thicke,1,"May 27, 2015",0.073,0.02
Unusually Thicke,1,"Jun. 3, 2015",0.110,0.04
Unusually Thicke,2,"Sept. 21, 2016",0.135,0.03
Unusually Thicke,2,"Sept. 21, 2016",0.061,0.02
Unusually Thicke,2,"Sept. 28, 2016",0.099,0.01
Unusually Thicke,2,"Sept. 28, 2016",0.045,0.01
Unusually Thicke,2,"Oct. 5, 2016",0.137,0.01
Unusually Thicke,2,"Oct. 5, 2016",0.085,0.01
Unusually Thicke,2,"Oct. 12, 2016",0.002,0.00
Unusually Thicke,2,"Oct. 12, 2016",0.010,0.00
Unusually Thicke,2,"Oct. 19, 2016",0.014,0.01
Unusually Thicke,2,"Oct. 19, 2016",0.012,0.01
Unusually Thicke,2,"Oct. 26, 2016",0.009,0.00
Unusually Thicke,2,"Oct. 26, 2016",0.012,0.01
Unusually Thicke,2,"Nov. 2, 2016",0.010,0.00
Unusually Thicke,2,"Nov. 2, 2016",0.014,0.01
Dirk Gently's Holistic Detective Agency,1,"Oct. 22, 2016",0.437,0.12
Dirk Gently's Holistic Detective Agency,1,"Oct. 29, 2016",0.293,0.10
Dirk Gently's Holistic Detective Agency,1,"Nov. 5, 2016",0.297,0.09
Dirk Gently's Holistic Detective Agency,1,"Nov. 12, 2016",0.248,0.08
Dirk Gently's Holistic Detective Agency,1,"Nov. 19, 2016",0.240,0.05
Dirk Gently's Holistic Detective Agency,1,"Nov. 26, 2016",0.198,0.08
Dirk Gently's Holistic Detective Agency,1,"Dec. 3, 2016",0.307,0.11
Dirk Gently's Holistic Detective Agency,1,"Dec. 10, 2016",0.277,0.09
Dirk Gently's Holistic Detective Agency,2,"Oct. 14, 2017",0.235,0.07
Dirk Gently's Holistic Detective Agency,2,"Oct. 21, 2017",0.245,0.07
Dirk Gently's Holistic Detective Agency,2,"Oct. 28, 2017",0.219,0.07
Dirk Gently's Holistic Detective Agency,2,"Nov. 4, 2017",0.212,0.07
Dirk Gently's Holistic Detective Agency,2,"Nov. 11, 2017",0.248,0.06
Dirk Gently's Holistic Detective Agency,2,"Nov. 18, 2017",0.256,0.06
Dirk Gently's Holistic Detective Agency,2,"Nov. 25, 2017",0.282,0.09
Dirk Gently's Holistic Detective Agency,2,"Dec. 2, 2017",0.259,0.07
Dirk Gently's Holistic Detective Agency,2,"Dec. 9, 2017",0.280,0.07
Dirk Gently's Holistic Detective Agency,2,"Dec. 16, 2017",0.250,0.06
The Newsroom,1,"Jun. 24, 2012",2.139,1.0
The Newsroom,1,"Jul. 1, 2012",1.676,0.7
The Newsroom,1,"Jul. 8, 2012",2.211,0.9
The Newsroom,1,"Jul. 15, 2012",1.940,0.9
The Newsroom,1,"Jul. 22, 2012",1.954,0.9
The Newsroom,1,"Jul. 29, 2012",1.739,0.7
The Newsroom,1,"Aug. 5, 2012",1.758,0.8
The Newsroom,1,"Aug. 12, 2012",1.838,0.8
The Newsroom,1,"Aug. 19, 2012",1.964,0.9
The Newsroom,1,"Aug. 26, 2012",2.304,1.0
The Newsroom,2,"Jul. 14, 2013",2.221,0.9
The Newsroom,2,"Jul. 21, 2013",1.882,0.8
The Newsroom,2,"Jul. 28, 2013",1.804,0.8
The Newsroom,2,"Aug. 4, 2013",1.618,0.7
The Newsroom,2,"Aug. 11, 2013",1.815,0.8
The Newsroom,2,"Aug. 18, 2013",1.887,0.8
The Newsroom,2,"Aug. 25, 2013",1.473,0.6
The Newsroom,2,"Sept. 8, 2013",1.756,0.8
The Newsroom,2,"Sept. 15, 2013",1.671,0.7
The Newsroom,3,"Nov. 9, 2014",1.207,0.45
The Newsroom,3,"Nov. 16, 2014",1.278,0.53
The Newsroom,3,"Nov. 23, 2014",1.188,0.51
The Newsroom,3,"Nov. 30, 2014",1.382,0.54
The Newsroom,3,"Dec. 7, 2014",1.359,0.53
The Newsroom,3,"Dec. 14, 2014",1.621,0.56
The Nine Lives of Chloe King,1,"Jun. 14, 2011",2.171,0.7
The Nine Lives of Chloe King,1,"Jun. 21, 2011",1.398,0.4
The Nine Lives of Chloe King,1,"Jun. 28, 2011",1.432,0.5
The Nine Lives of Chloe King,1,"Jul. 5, 2011",1.310,0.4
The Nine Lives of Chloe King,1,"Jul. 12, 2011",1.290,0.4
The Nine Lives of Chloe King,1,"Jul. 19, 2011",1.264,0.4
The Nine Lives of Chloe King,1,"Jul. 26, 2011",1.192,0.3
The Nine Lives of Chloe King,1,"Aug. 2, 2011",0.961,0.3
The Nine Lives of Chloe King,1,"Aug. 9, 2011",1.267,0.4
The Nine Lives of Chloe King,1,"Aug. 16, 2011",1.078,0.3
Political Animals,1,"Jul. 15, 2012",2.624,0.5
Political Animals,1,"Jul. 22, 2012",2.281,0.5
Political Animals,1,"Jul. 29, 2012",1.733,0.4
Political Animals,1,"Aug. 5, 2012",1.795,0.4
Political Animals,1,"Aug. 12, 2012",1.981,0.5
Political Animals,1,"Aug. 19, 2012",2.339,0.5
Outlander,1,"Aug. 9, 2014",0.721,0.19
Outlander,1,"Aug. 16, 2014",0.895,0.27
Outlander,1,"Aug. 23, 2014",1.003,0.21
Outlander,1,"Aug. 30, 2014",0.843,0.21
Outlander,1,"Sept. 6, 2014",0.948,0.20
Outlander,1,"Sept. 13, 2014",1.097,0.23
Outlander,1,"Sept. 20, 2014",1.233,0.32
Outlander,1,"Sept. 27, 2014",1.417,0.38
Outlander,1,"Apr. 4, 2015",1.220,0.27
Outlander,1,"Apr. 11, 2015",0.860,0.25
Outlander,1,"Apr. 18, 2015",1.093,0.31
Outlander,1,"Apr. 25, 2015",1.112,0.29
Outlander,1,"May 2, 2015",1.048,0.25
Outlander,1,"May 9, 2015",1.084,0.30
Outlander,1,"May 16, 2015",1.014,0.24
Outlander,1,"May 30, 2015",0.981,0.19
Outlander,2,"Apr. 9, 2016",1.457,0.39
Outlander,2,"Apr. 16, 2016",1.237,0.27
Outlander,2,"Apr. 23, 2016",1.212,0.28
Outlander,2,"Apr. 30, 2016",1.165,0.27
Outlander,2,"May 7, 2016",1.129,0.21
Outlander,2,"May 14, 2016",1.027,0.21
Outlander,2,"May 21, 2016",1.099,0.24
Outlander,2,"May 28, 2016",1.059,0.22
Outlander,2,"Jun. 4, 2016",0.938,0.17
Outlander,2,"Jun. 11, 2016",0.819,0.15
Outlander,2,"Jun. 18, 2016",0.864,0.13
Outlander,2,"Jun. 25, 2016",1.047,0.15
Outlander,2,"Jul. 9, 2016",1.154,0.19
Outlander,3,"Sept. 10, 2017",1.493,0.31
Outlander,3,"Sept. 17, 2017",1.401,0.29
Outlander,3,"Sept. 24, 2017",1.553,0.34
Outlander,3,"Oct. 1, 2017",1.588,0.33
Outlander,3,"Oct. 8, 2017",1.597,0.34
Outlander,3,"Oct. 22, 2017",1.716,0.41
Outlander,3,"Oct. 29, 2017",1.520,0.33
Outlander,3,"Nov. 5, 2017",1.639,0.34
Outlander,3,"Nov. 12, 2017",1.492,0.33
Outlander,3,"Nov. 19, 2017",1.234,0.28
Outlander,3,"Nov. 26, 2017",1.402,0.26
Outlander,3,"Dec. 3, 2017",1.509,0.29
Outlander,3,"Dec. 10, 2017",1.427,0.30
Outlander,4,"Nov. 4, 2018",1.082,0.21
Outlander,4,"Nov. 11, 2018",0.870,0.13
Outlander,4,"Nov. 18, 2018",0.861,0.14
Outlander,4,"Nov. 25, 2018",0.960,0.15
Outlander,4,"Dec. 2, 2018",0.958,0.17
Outlander,4,"Dec. 9, 2018",1.040,0.16
Outlander,4,"Dec. 16, 2018",1.117,0.19
Outlander,4,"Dec. 23, 2018",0.908,0.12
Outlander,4,"Dec. 30, 2018",1.007,0.14
Outlander,4,"Jan. 6, 2019",1.157,0.19
Outlander,4,"Jan. 13, 2019",1.265,0.21
Outlander,4,"Jan. 20, 2019",1.270,0.24
Outlander,4,"Jan. 27, 2019",1.450,0.23
Outlander,5,"Feb. 16, 2020",0.815,0.12
Outlander,5,"Feb. 23, 2020",0.787,0.13
Outlander,5,"Mar. 1, 2020",0.772,0.13
Outlander,5,"Mar. 8, 2020",0.762,0.10
Outlander,5,"Mar. 15, 2020",0.733,0.10
Outlander,5,"Mar. 22, 2020",0.823,0.13
Outlander,5,"Mar. 29, 2020",0.812,0.10
Outlander,5,"Apr. 12, 2020",0.784,0.13
Outlander,5,"Apr. 19, 2020",0.837,0.14
Outlander,5,"Apr. 26, 2020",0.850,0.13
Outlander,5,"May 3, 2020",0.866,0.12
Outlander,5,"May 10, 2020",0.855,0.11
The Missing,1,"Nov. 15, 2014",0.268,0.05
The Missing,1,"Nov. 22, 2014",0.197,0.007
The Missing,1,"Nov. 29, 2014",0.188,0.02
The Missing,1,"Dec. 6, 2014",0.221,0.05
The Missing,1,"Dec. 13, 2014",0.149,0.02
The Missing,1,"Dec. 20, 2014",0.136,0.007
The Missing,1,"Jan. 3, 2015",0.137,0.03
The Missing,1,"Jan. 10, 2015",0.161,0.04
The Missing,2,"Feb. 12, 2017",0.181,0.06
The Missing,2,"Feb. 19, 2017",0.156,0.03
The Missing,2,"Feb. 26, 2017",0.179,0.03
The Missing,2,"Mar. 5, 2017",0.167,0.04
The Missing,2,"Mar. 12, 2017",0.158,0.03
The Missing,2,"Mar. 19, 2017",0.183,0.03
The Missing,2,"Mar. 26, 2017",0.122,0.03
The Missing,2,"Apr. 2, 2017",0.209,0.04
