Show,Platform,Week Ending,Minutes (Millions)
AHSOKA,DISNEY+,"Aug. 27, 2023",829
AHSOKA,DISNEY+,"Sep. 3, 2023",487
AHSOKA,DISNEY+,"Sep. 10, 2023",459
AHSOKA,DISNEY+,"Sep. 17, 2023",577
AHSOKA,DISNEY+,"Sep. 24, 2023",570
AHSOKA,DISNEY+,"Oct. 1, 2023",572
AHSOKA,DISNEY+,"Oct. 8, 2023",575
ANDOR,DISNEY+,"Sep. 25, 2022",624
ANDOR,DISNEY+,"Oct. 2, 2022",485
ANDOR,DISNEY+,"Oct. 9, 2022",356
ANDOR,DISNEY+,"Oct. 16, 2022",405
ANDOR,DISNEY+,"Oct. 23, 2022",418
ANDOR,DISNEY+,"Oct. 30, 2022",385
ANDOR,DISNEY+,"Nov. 13, 2022",420
ANDOR,DISNEY+,"Nov. 20, 2022",455
ANDOR,DISNEY+,"Nov. 27, 2022",674
ECHO,HULU/DISNEY+,"Jan. 14, 2024",731
FALCON AND THE WINTER SOLDIER,DISNEY+,"Mar. 21, 2021",495
FALCON AND THE WINTER SOLDIER,DISNEY+,"Mar. 28, 2021",628
FALCON AND THE WINTER SOLDIER,DISNEY+,"Apr. 4, 2021",628
FALCON AND THE WINTER SOLDIER,DISNEY+,"Apr. 11, 2021",748
FALCON AND THE WINTER SOLDIER,DISNEY+,"Apr. 18, 2021",855
FALCON AND THE WINTER SOLDIER,DISNEY+,"Apr. 25, 2021",796
FALCON AND THE WINTER SOLDIER,DISNEY+,"May. 2, 2021",364
FALCON AND THE WINTER SOLDIER,DISNEY+,"May. 9, 2021",204
GOOSEBUMPS,HULU/DISNEY+,"Oct. 15, 2023",553
GOOSEBUMPS,HULU/DISNEY+,"Oct. 22, 2023",594
GOOSEBUMPS,HULU/DISNEY+,"Oct. 29, 2023",445
GOOSEBUMPS,HULU/DISNEY+,"Nov. 5, 2023",308
HAWKEYE,DISNEY+,"Nov. 28, 2021",853
HAWKEYE,DISNEY+,"Dec. 5, 2021",560
HAWKEYE,DISNEY+,"Dec. 12, 2021",527
HAWKEYE,DISNEY+,"Dec. 19, 2021",580
HAWKEYE,DISNEY+,"Dec. 26, 2021",938
HAWKEYE,DISNEY+,"Jan. 2, 2022",539
HAMILTON,DISNEY+,"Jul. 5, 2020","1,931"
LOKI,DISNEY+,"Jun. 13, 2021",731
LOKI,DISNEY+,"Jun. 20, 2021",886
LOKI,DISNEY+,"Jun. 27, 2021",713
LOKI,DISNEY+,"Jul. 4, 2021",813
LOKI,DISNEY+,"Jul. 11, 2021","1,080"
LOKI,DISNEY+,"Jul. 18, 2021","1,011"
LOKI,DISNEY+,"Jul. 25, 2021",386
LOKI,DISNEY+,"Aug. 1, 2021",180
LOKI,DISNEY+,"Oct. 8, 2023",446
LOKI,DISNEY+,"Oct. 15, 2023",588
LOKI,DISNEY+,"Oct. 22, 2023",525
LOKI,DISNEY+,"Oct. 29, 2023",514
LOKI,DISNEY+,"Nov. 5, 2023",560
LOKI,DISNEY+,"Nov. 12, 2023",753
LOKI,DISNEY+,"Nov. 19, 2023",440
LOKI,DISNEY+,"Nov. 26, 2023",262
MOON KNIGHT,DISNEY+,"Apr. 3, 2022",418
MOON KNIGHT,DISNEY+,"Apr. 10, 2022",608
MOON KNIGHT,DISNEY+,"Apr. 17, 2022",638
MOON KNIGHT,DISNEY+,"Apr. 24, 2022",630
MOON KNIGHT,DISNEY+,"May. 1, 2022",681
MOON KNIGHT,DISNEY+,"May. 8, 2022",715
MOON KNIGHT,DISNEY+,"May. 15, 2022",289
MS. MARVEL,DISNEY+,"Jun. 12, 2022",249
MS. MARVEL,DISNEY+,"Jul. 10, 2022",295
MS. MARVEL,DISNEY+,"Jul. 17, 2022",357
NATIONAL TREASURE: EDGE,DISNEY+,"Jan. 22, 2023",294
OBI-WAN KENOBI,DISNEY+,"May. 29, 2022","1,026"
OBI-WAN KENOBI,DISNEY+,"Jun. 5, 2022",958
OBI-WAN KENOBI,DISNEY+,"Jun. 12, 2022",682
OBI-WAN KENOBI,DISNEY+,"Jun. 19, 2022",733
OBI-WAN KENOBI,DISNEY+,"Jun. 26, 2022",860
PERCY JACKSON & THE OLYMPIANS,DISNEY+,"Dec. 24, 2023",572
PERCY JACKSON & THE OLYMPIANS,DISNEY+,"Dec. 31, 2023",700
PERCY JACKSON & THE OLYMPIANS,DISNEY+,"Jan. 7, 2024",627
PERCY JACKSON & THE OLYMPIANS,DISNEY+,"Jan. 14, 2024",618
PERCY JACKSON & THE OLYMPIANS,DISNEY+,"Jan. 21, 2024",529
PERCY JACKSON & THE OLYMPIANS,DISNEY+,"Jan. 28, 2024",530
PERCY JACKSON & THE OLYMPIANS,DISNEY+,"Feb. 4, 2024",575
PERCY JACKSON & THE OLYMPIANS,DISNEY+,"Feb. 11, 2024",227
SECRET INVASION,DISNEY+,"Jun. 25, 2023",461
SECRET INVASION,DISNEY+,"Jul. 2, 2023",464
SECRET INVASION,DISNEY+,"Jul. 9, 2023",426
SECRET INVASION,DISNEY+,"Jul. 16, 2023",347
SECRET INVASION,DISNEY+,"Jul. 23, 2023",411
SECRET INVASION,DISNEY+,"Jul. 30, 2023",421
SHE-HULK: ATTORNEY AT LAW,DISNEY+,"Aug. 28, 2022",390
SHE-HULK: ATTORNEY AT LAW,DISNEY+,"Sep. 4, 2022",472
SHE-HULK: ATTORNEY AT LAW,DISNEY+,"Sep. 11, 2022",493
SHE-HULK: ATTORNEY AT LAW,DISNEY+,"Sep. 18, 2022",403
SHE-HULK: ATTORNEY AT LAW,DISNEY+,"Oct. 2, 2022",396
SHE-HULK: ATTORNEY AT LAW,DISNEY+,"Oct. 9, 2022",454
SHE-HULK: ATTORNEY AT LAW,DISNEY+,"Oct. 16, 2022",526
STAR WARS: THE BAD BATCH,DISNEY+,"May. 9, 2021",251
THE BEATLES: GET BACK,DISNEY+,"Nov. 28, 2021",503
THE BEATLES: GET BACK,DISNEY+,"Dec. 5, 2021",408
THE BOOK OF BOBA FETT,DISNEY+,"Jan. 2, 2022",389
THE BOOK OF BOBA FETT,DISNEY+,"Jan. 9, 2022",563
THE BOOK OF BOBA FETT,DISNEY+,"Jan. 16, 2022",467
THE BOOK OF BOBA FETT,DISNEY+,"Jan. 23, 2022",580
THE BOOK OF BOBA FETT,DISNEY+,"Jan. 30, 2022",744
THE BOOK OF BOBA FETT,DISNEY+,"Feb. 6, 2022",776
THE BOOK OF BOBA FETT,DISNEY+,"Feb. 13, 2022",885
THE BOOK OF BOBA FETT,DISNEY+,"Feb. 20, 2022",339
THE BOOK OF BOBA FETT,DISNEY+,"Feb. 27, 2022",245
THE MANDALORIAN,DISNEY+,"Nov. 1, 2020","1,032"
THE MANDALORIAN,DISNEY+,"Nov. 8, 2020",955
THE MANDALORIAN,DISNEY+,"Nov. 15, 2020",873
THE MANDALORIAN,DISNEY+,"Nov. 22, 2020",939
THE MANDALORIAN,DISNEY+,"Nov. 29, 2020","1,210"
THE MANDALORIAN,DISNEY+,"Dec. 6, 2020",994
THE MANDALORIAN,DISNEY+,"Dec. 13, 2020","1,042"
THE MANDALORIAN,DISNEY+,"Dec. 20, 2020","1,336"
THE MANDALORIAN,DISNEY+,"Dec. 27, 2020","1,024"
THE MANDALORIAN,DISNEY+,"Jan. 3, 2021",707
THE MANDALORIAN,DISNEY+,"Jan. 10, 2021",411
THE MANDALORIAN,DISNEY+,"Jan. 17, 2021",339
THE MANDALORIAN,DISNEY+,"Mar. 5, 2023",823
THE MANDALORIAN,DISNEY+,"Mar. 12, 2023",889
THE MANDALORIAN,DISNEY+,"Mar. 19, 2023","1,115"
THE MANDALORIAN,DISNEY+,"Mar. 26, 2023",795
THE MANDALORIAN,DISNEY+,"Apr. 2, 2023",878
THE MANDALORIAN,DISNEY+,"Apr. 9, 2023","1,031"
THE MANDALORIAN,DISNEY+,"Apr. 16, 2023","1,025"
THE MANDALORIAN,DISNEY+,"Apr. 23, 2023","1,012"
THE MANDALORIAN,DISNEY+,"Apr. 30, 2023",498
THE MANDALORIAN,DISNEY+,"May. 7, 2023",319
THE SANTA CLAUSES,DISNEY+,"Nov. 27, 2022",372
THE SANTA CLAUSES,DISNEY+,"Dec. 4, 2022",349
THE SANTA CLAUSES,DISNEY+,"Dec. 11, 2022",331
THE SANTA CLAUSES,DISNEY+,"Dec. 18, 2022",392
THE SANTA CLAUSES,DISNEY+,"Dec. 25, 2022",487
THE SANTA CLAUSES,DISNEY+,"Nov. 26, 2023",408
THE SANTA CLAUSES,DISNEY+,"Dec. 3, 2023",276
THE SANTA CLAUSES,DISNEY+,"Dec. 10, 2023",279
WANDAVISION,DISNEY+,"Jan. 17, 2021",434
WANDAVISION,DISNEY+,"Jan. 24, 2021",376
WANDAVISION,DISNEY+,"Jan. 31, 2021",431
WANDAVISION,DISNEY+,"Feb. 7, 2021",589
WANDAVISION,DISNEY+,"Feb. 14, 2021",596
WANDAVISION,DISNEY+,"Feb. 21, 2021",720
WANDAVISION,DISNEY+,"Feb. 28, 2021",732
WANDAVISION,DISNEY+,"Mar. 7, 2021",924
WANDAVISION,DISNEY+,"Mar. 14, 2021",388
WANDAVISION,DISNEY+,"Mar. 21, 2021",252
WHAT IF?,DISNEY+,"Aug. 22, 2021",225
WHAT IF?,DISNEY+,"Aug. 29, 2021",233
WHAT IF?,DISNEY+,"Sep. 5, 2021",235
WHAT IF?,DISNEY+,"Sep. 12, 2021",258
WHAT IF?,DISNEY+,"Sep. 19, 2021",243
WHAT IF?,DISNEY+,"Oct. 3, 2021",223
WHAT IF?,DISNEY+,"Dec. 31, 2023",513
AGE OF THE SAMURAI,NETFLIX,"Feb. 28, 2021",265
ANOTHER LIFE,NETFLIX,"Oct. 24, 2021",304
ATYPICAL,NETFLIX,"Jul. 11, 2021",400
ATYPICAL,NETFLIX,"Jul. 18, 2021",603
ATYPICAL,NETFLIX,"Jul. 25, 2021",422
ATYPICAL,NETFLIX,"Aug. 1, 2021",291
BAKE SQUAD,NETFLIX,"Aug. 22, 2021",276
BAKE SQUAD,NETFLIX,"Jan. 29, 2023",378
BEHIND HER EYES,NETFLIX,"Feb. 21, 2021",677
BEHIND HER EYES,NETFLIX,"Feb. 28, 2021",577
BEHIND HER EYES,NETFLIX,"Mar. 7, 2021",369
BEHIND HER EYES,NETFLIX,"Mar. 14, 2021",261
BLACK SUMMER,NETFLIX,"Jun. 20, 2021",323
BLACK SUMMER,NETFLIX,"Jun. 27, 2021",297
BLING EMPIRE,NETFLIX,"Jan. 24, 2021",425
BLOWN AWAY,NETFLIX,"Jan. 31, 2021",438
BLOWN AWAY,NETFLIX,"Feb. 7, 2021",242
BLOWN AWAY,NETFLIX,"Jul. 24, 2022",284
BLOWN AWAY,NETFLIX,"Jul. 31, 2022",443
BOJACK HORSEMAN,NETFLIX,"Jun. 20, 2021",137
BRAND NEW CHERRY FLAVOR,NETFLIX,"Aug. 22, 2021",240
CAR MASTERS: RUST TO RICHES,NETFLIX,"Aug. 8, 2021",280
CAR MASTERS: RUST TO RICHES,NETFLIX,"Aug. 15, 2021",290
CAR MASTERS: RUST TO RICHES,NETFLIX,"Jul. 31, 2022",397
CAR MASTERS: RUST TO RICHES,NETFLIX,"Aug. 7, 2022",274
CAR MASTERS: RUST TO RICHES,NETFLIX,"Dec. 24, 2023",345
CASTLEVANIA,NETFLIX,"May. 16, 2021",205
CASTLEVANIA,NETFLIX,"May. 23, 2021",188
CATCHING KILLERS,NETFLIX,"Nov. 14, 2021",217
CATCHING KILLERS,NETFLIX,"Jun. 25, 2023",304
CATCHING KILLERS,NETFLIX,"Jul. 2, 2023",394
CHILLING ADVENTURES SABRINA,NETFLIX,"Jan. 3, 2021",961
CHILLING ADVENTURES SABRINA,NETFLIX,"Jan. 10, 2021",768
CHILLING ADVENTURES SABRINA,NETFLIX,"Jan. 17, 2021",442
CLICKBAIT,NETFLIX,"Aug. 29, 2021",912
CLICKBAIT,NETFLIX,"Sep. 5, 2021","1,460"
CLICKBAIT,NETFLIX,"Sep. 12, 2021","1,108"
CLICKBAIT,NETFLIX,"Sep. 19, 2021",732
CLICKBAIT,NETFLIX,"Sep. 26, 2021",409
COCAINE COWBOYS,NETFLIX,"Aug. 8, 2021",321
COCAINE COWBOYS,NETFLIX,"Aug. 15, 2021",265
COLIN IN BLACK & WHITE,NETFLIX,"Nov. 7, 2021",356
COUNTRY COMFORT,NETFLIX,"Mar. 28, 2021",253
COWBOY BEBOP,NETFLIX,"Nov. 21, 2021",414
COWBOY BEBOP,NETFLIX,"Nov. 28, 2021",630
COWBOY BEBOP,NETFLIX,"Dec. 12, 2021",218
DAD STOP EMBARASSING ME,NETFLIX,"Apr. 18, 2021",330
DAD STOP EMBARASSING ME,NETFLIX,"Apr. 25, 2021",146
DAVE CHAPPELLE: THE CLOSER,NETFLIX,"Oct. 10, 2021",399
DAVE CHAPPELLE: THE CLOSER,NETFLIX,"Oct. 17, 2021",357
DEATH TO 2020,NETFLIX,"Jan. 3, 2021",519
DESIGNATED SURVIVOR,NETFLIX,"Jan. 3, 2021",241
DISENCHANTMENT,NETFLIX,"Jan. 17, 2021",401
DISENCHANTMENT,NETFLIX,"Jan. 24, 2021",394
DISENCHANTMENT,NETFLIX,"Feb. 13, 2022",397
DISENCHANTMENT,NETFLIX,"Sep. 10, 2023",298
ELITE,NETFLIX,"Jun. 27, 2021",171
FAMILY REUNION,NETFLIX,"Apr. 11, 2021",327
FAMILY REUNION,NETFLIX,"Apr. 18, 2021",171
FAMILY REUNION,NETFLIX,"Aug. 29, 2021",199
FAMILY REUNION,NETFLIX,"Sep. 5, 2021",226
FATE: THE WINX SAGA,NETFLIX,"Jan. 24, 2021",670
FATE: THE WINX SAGA,NETFLIX,"Jan. 31, 2021",918
FATE: THE WINX SAGA,NETFLIX,"Feb. 7, 2021",256
FATE: THE WINX SAGA,NETFLIX,"Sep. 18, 2022",524
FATE: THE WINX SAGA,NETFLIX,"Sep. 25, 2022",675
FIREFLY LANE,NETFLIX,"Feb. 7, 2021","1,308"
FIREFLY LANE,NETFLIX,"Feb. 14, 2021","1,288"
FIREFLY LANE,NETFLIX,"Feb. 21, 2021",780
FIREFLY LANE,NETFLIX,"Feb. 28, 2021",383
FIREFLY LANE,NETFLIX,"Mar. 7, 2021",274
FIREFLY LANE,NETFLIX,"Dec. 4, 2022",967
FIREFLY LANE,NETFLIX,"Dec. 11, 2022","1,361"
FIREFLY LANE,NETFLIX,"Dec. 18, 2022",672
FIREFLY LANE,NETFLIX,"Apr. 30, 2023","1,109"
FIREFLY LANE,NETFLIX,"May. 7, 2023","1,250"
FIREFLY LANE,NETFLIX,"May. 14, 2023",697
FIREFLY LANE,NETFLIX,"May. 21, 2023",473
FIREFLY LANE,NETFLIX,"May. 28, 2023",337
FORMULA 1: DRIVE SURVIVE,NETFLIX,"Mar. 28, 2021",237
GABBY'S DOLLHOUSE,NETFLIX,"Jan. 10, 2021",380
GABBY'S DOLLHOUSE,NETFLIX,"Aug. 15, 2021",238
GABBY'S DOLLHOUSE,NETFLIX,"Aug. 22, 2021",268
GABBY'S DOLLHOUSE,NETFLIX,"Oct. 31, 2021",241
GABBY'S DOLLHOUSE,NETFLIX,"Feb. 5, 2023",290
GABBY'S DOLLHOUSE,NETFLIX,"Feb. 12, 2023",265
GABBY'S DOLLHOUSE,NETFLIX,"Mar. 19, 2023",292
GABBY'S DOLLHOUSE,NETFLIX,"Mar. 26, 2023",383
GABBY'S DOLLHOUSE,NETFLIX,"Apr. 9, 2023",279
GABBY'S DOLLHOUSE,NETFLIX,"Jun. 18, 2023",280
GABBY'S DOLLHOUSE,NETFLIX,"Aug. 13, 2023",436
GABBY'S DOLLHOUSE,NETFLIX,"Aug. 20, 2023",369
GABBY'S DOLLHOUSE,NETFLIX,"Aug. 27, 2023",347
GABBY'S DOLLHOUSE,NETFLIX,"Dec. 24, 2023",251
GINNY & GEORGIA,NETFLIX,"Feb. 28, 2021",953
GINNY & GEORGIA,NETFLIX,"Mar. 7, 2021","1,161"
GINNY & GEORGIA,NETFLIX,"Mar. 14, 2021",722
GINNY & GEORGIA,NETFLIX,"Mar. 21, 2021",540
GINNY & GEORGIA,NETFLIX,"Mar. 28, 2021",390
GINNY & GEORGIA,NETFLIX,"Apr. 4, 2021",292
GINNY & GEORGIA,NETFLIX,"Apr. 11, 2021",189
GINNY & GEORGIA,NETFLIX,"Jan. 8, 2023","2,520"
GINNY & GEORGIA,NETFLIX,"Jan. 15, 2023","2,730"
GINNY & GEORGIA,NETFLIX,"Jan. 22, 2023","1,804"
GINNY & GEORGIA,NETFLIX,"Jan. 29, 2023","1,299"
GINNY & GEORGIA,NETFLIX,"Feb. 5, 2023",900
GINNY & GEORGIA,NETFLIX,"Feb. 12, 2023",483
GINNY & GEORGIA,NETFLIX,"Feb. 19, 2023",410
GINNY & GEORGIA,NETFLIX,"Feb. 26, 2023",300
GLOW UP,NETFLIX,"Aug. 8, 2021",220
GLOW UP,NETFLIX,"Aug. 15, 2021",197
GLOW UP,NETFLIX,"Aug. 28, 2022",336
GLOW UP,NETFLIX,"Sep. 17, 2023",399
GO DOG GO,NETFLIX,"Feb. 7, 2021",257
GO DOG GO,NETFLIX,"Feb. 14, 2021",194
GRACE AND FRANKIE,NETFLIX,"Aug. 15, 2021",465
GRACE AND FRANKIE,NETFLIX,"Aug. 22, 2021",716
GRACE AND FRANKIE,NETFLIX,"Aug. 29, 2021",469
GRACE AND FRANKIE,NETFLIX,"Sep. 5, 2021",421
GRACE AND FRANKIE,NETFLIX,"Sep. 12, 2021",271
GRACE AND FRANKIE,NETFLIX,"May. 1, 2022",701
GRACE AND FRANKIE,NETFLIX,"May. 8, 2022",880
GRACE AND FRANKIE,NETFLIX,"May. 15, 2022",584
GRACE AND FRANKIE,NETFLIX,"May. 22, 2022",436
GRACE AND FRANKIE,NETFLIX,"May. 29, 2022",312
GRACE AND FRANKIE,NETFLIX,"Jun. 5, 2022",271
HALSTON,NETFLIX,"May. 23, 2021",211
HEIST,NETFLIX,"Jul. 18, 2021",371
HEIST,NETFLIX,"Jul. 25, 2021",316
HISTORY OF SWEAR WORDS,NETFLIX,"Jan. 10, 2021",314
HIT & RUN,NETFLIX,"Aug. 8, 2021",226
HIT & RUN,NETFLIX,"Aug. 15, 2021",549
HIT & RUN,NETFLIX,"Aug. 22, 2021",254
INSIDE JOB,NETFLIX,"Oct. 31, 2021",277
INSIDE JOB,NETFLIX,"Nov. 27, 2022",360
JIM GAFFIGAN: COMEDY MONSTER,NETFLIX,"Dec. 26, 2021",186
JUPITER'S LEGACY,NETFLIX,"May. 9, 2021",696
JUPITER'S LEGACY,NETFLIX,"May. 16, 2021","1,019"
JUPITER'S LEGACY,NETFLIX,"May. 23, 2021",405
JUPITER'S LEGACY,NETFLIX,"May. 30, 2021",214
JURASSIC WORLD CAMP CRET.,NETFLIX,"Jan. 24, 2021",374
JURASSIC WORLD CAMP CRET.,NETFLIX,"Jan. 31, 2021",319
JURASSIC WORLD CAMP CRET.,NETFLIX,"May. 23, 2021",379
JURASSIC WORLD CAMP CRET.,NETFLIX,"May. 30, 2021",470
JURASSIC WORLD CAMP CRET.,NETFLIX,"Jun. 6, 2021",278
JURASSIC WORLD CAMP CRET.,NETFLIX,"Jun. 13, 2021",142
JURASSIC WORLD CAMP CRET.,NETFLIX,"Dec. 12, 2021",337
JURASSIC WORLD CAMP CRET.,NETFLIX,"Dec. 19, 2021",215
JURASSIC WORLD CAMP CRET.,NETFLIX,"Dec. 26, 2021",211
JURASSIC WORLD CAMP CRET.,NETFLIX,"Jul. 24, 2022",361
JURASSIC WORLD CAMP CRET.,NETFLIX,"Jul. 31, 2022",406
LAST CHANCE U: BASKETBALL,NETFLIX,"Mar. 14, 2021",234
LAST CHANCE U: BASKETBALL,NETFLIX,"Mar. 21, 2021",192
LIFE IN COLOR W/ DAVID ATTEN …,NETFLIX,"Apr. 25, 2021",189
LIFE IN COLOR W/ DAVID ATTEN …,NETFLIX,"May. 2, 2021",199
LOCKE & KEY,NETFLIX,"Oct. 24, 2021",637
LOCKE & KEY,NETFLIX,"Oct. 31, 2021","1,068"
LOCKE & KEY,NETFLIX,"Nov. 7, 2021",635
LOCKE & KEY,NETFLIX,"Nov. 14, 2021",409
LOCKE & KEY,NETFLIX,"Nov. 21, 2021",293
LOCKE & KEY,NETFLIX,"Aug. 14, 2022",919
LOCKE & KEY,NETFLIX,"Aug. 21, 2022",776
LOCKE & KEY,NETFLIX,"Aug. 28, 2022",518
LONGMIRE,NETFLIX,"Jan. 31, 2021",304
LONGMIRE,NETFLIX,"Feb. 7, 2021",296
LONGMIRE,NETFLIX,"Feb. 14, 2021",232
LONGMIRE,NETFLIX,"Feb. 21, 2021",248
LONGMIRE,NETFLIX,"Feb. 28, 2021",234
LONGMIRE,NETFLIX,"Mar. 7, 2021",201
LONGMIRE,NETFLIX,"Mar. 14, 2021",202
LONGMIRE,NETFLIX,"Mar. 28, 2021",200
LONGMIRE,NETFLIX,"May. 2, 2021",169
LONGMIRE,NETFLIX,"Jun. 13, 2021",156
LONGMIRE,NETFLIX,"Jun. 20, 2021",176
LONGMIRE,NETFLIX,"Aug. 7, 2022",287
LOST IN SPACE,NETFLIX,"Dec. 5, 2021","1,207"
LOST IN SPACE,NETFLIX,"Dec. 12, 2021","1,018"
LOST IN SPACE,NETFLIX,"Dec. 19, 2021",569
LOST IN SPACE,NETFLIX,"Dec. 26, 2021",490
LOST IN SPACE,NETFLIX,"Jan. 2, 2022",452
LOST IN SPACE,NETFLIX,"Jan. 9, 2022",291
LUPIN,NETFLIX,"Jan. 17, 2021",494
LUPIN,NETFLIX,"Jan. 24, 2021",322
LUPIN,NETFLIX,"Jun. 13, 2021",237
LUPIN,NETFLIX,"Jun. 20, 2021",363
LUPIN,NETFLIX,"Oct. 8, 2023",436
LUPIN,NETFLIX,"Oct. 15, 2023",635
LUPIN,NETFLIX,"Oct. 22, 2023",346
MAID,NETFLIX,"Oct. 10, 2021","1,904"
MAID,NETFLIX,"Oct. 17, 2021","1,474"
MAID,NETFLIX,"Oct. 24, 2021",865
MAID,NETFLIX,"Oct. 31, 2021",718
MAID,NETFLIX,"Nov. 7, 2021",524
MAID,NETFLIX,"Nov. 14, 2021",445
MAID,NETFLIX,"Nov. 21, 2021",302
MARVEL'S DAREDEVIL,NETFLIX,"Dec. 26, 2021",195
MAYA AND THE THREE,NETFLIX,"Oct. 31, 2021",481
MAYA AND THE THREE,NETFLIX,"Nov. 7, 2021",343
MIDNIGHT MASS,NETFLIX,"Sep. 26, 2021",566
MIDNIGHT MASS,NETFLIX,"Oct. 3, 2021","1,171"
MIDNIGHT MASS,NETFLIX,"Oct. 10, 2021",707
MIDNIGHT MASS,NETFLIX,"Oct. 17, 2021",445
MIDNIGHT MASS,NETFLIX,"Oct. 24, 2021",304
MIDNIGHT MASS,NETFLIX,"Oct. 31, 2021",268
MONEY HEIST,NETFLIX,"Sep. 5, 2021",452
MONEY HEIST,NETFLIX,"Sep. 12, 2021",538
MONEY HEIST,NETFLIX,"Sep. 19, 2021",224
MONEY HEIST,NETFLIX,"Dec. 5, 2021",374
MONEY HEIST,NETFLIX,"Dec. 12, 2021",426
MONEY HEIST,NETFLIX,"Dec. 19, 2021",231
MONEY HEIST,NETFLIX,"Dec. 26, 2021",183
MONSTERS INSIDE,NETFLIX,"Sep. 26, 2021",251
MOST AMAZING VACATION RENTALS,NETFLIX,"Jun. 27, 2021",253
MURDER AMONG MORMONS,NETFLIX,"Mar. 7, 2021",587
MURDER AMONG THE MORMONS,NETFLIX,"Mar. 14, 2021",264
MY NAME,NETFLIX,"Oct. 24, 2021",275
NAILED IT,NETFLIX,"Apr. 4, 2021",250
NARCOS: MEXICO,NETFLIX,"Nov. 7, 2021",512
NARCOS: MEXICO,NETFLIX,"Nov. 14, 2021",769
NARCOS: MEXICO,NETFLIX,"Nov. 21, 2021",428
NEVER HAVE I EVER,NETFLIX,"Jul. 18, 2021",480
NEVER HAVE I EVER,NETFLIX,"Jul. 25, 2021",567
NEVER HAVE I EVER,NETFLIX,"Aug. 1, 2021",328
NEVER HAVE I EVER,NETFLIX,"Aug. 14, 2022",596
NEVER HAVE I EVER,NETFLIX,"Aug. 21, 2022",883
NEVER HAVE I EVER,NETFLIX,"Aug. 28, 2022",433
NEVER HAVE I EVER,NETFLIX,"Jun. 11, 2023",917
NEVER HAVE I EVER,NETFLIX,"Jun. 18, 2023",832
NEVER HAVE I EVER,NETFLIX,"Jun. 25, 2023",447
ORANGE IS THE NEW BLACK,NETFLIX,"Mar. 7, 2021",237
ORANGE IS THE NEW BLACK,NETFLIX,"Jun. 6, 2021",179
ORANGE IS THE NEW BLACK,NETFLIX,"Aug. 1, 2021",164
OUTER BANKS,NETFLIX,"Aug. 1, 2021","1,423"
OUTER BANKS,NETFLIX,"Aug. 8, 2021","2,100"
OUTER BANKS,NETFLIX,"Aug. 15, 2021","1,160"
OUTER BANKS,NETFLIX,"Aug. 22, 2021",736
OUTER BANKS,NETFLIX,"Aug. 29, 2021",483
OUTER BANKS,NETFLIX,"Sep. 5, 2021",252
OUTER BANKS,NETFLIX,"Feb. 19, 2023",282
OUTER BANKS,NETFLIX,"Feb. 26, 2023","3,154"
OUTER BANKS,NETFLIX,"Mar. 5, 2023","2,214"
OUTER BANKS,NETFLIX,"Mar. 12, 2023","1,227"
OUTER BANKS,NETFLIX,"Mar. 19, 2023",722
OUTER BANKS,NETFLIX,"Mar. 26, 2023",556
OUTER BANKS,NETFLIX,"Apr. 2, 2023",358
RAGNAROK,NETFLIX,"May. 30, 2021",429
RAGNAROK,NETFLIX,"Jun. 6, 2021",404
RAGNAROK,NETFLIX,"Jun. 13, 2021",182
RAGNAROK,NETFLIX,"Aug. 27, 2023",471
RAGNAROK,NETFLIX,"Sep. 3, 2023",444
SCHOOL OF CHOCOLATE,NETFLIX,"Dec. 5, 2021",376
SELLING SUNSET,NETFLIX,"Nov. 28, 2021",549
SELLING SUNSET,NETFLIX,"Dec. 5, 2021",440
SELLING SUNSET,NETFLIX,"Dec. 12, 2021",278
SELLING SUNSET,NETFLIX,"Apr. 24, 2022",385
SELLING SUNSET,NETFLIX,"May. 1, 2022",584
SELLING SUNSET,NETFLIX,"May. 8, 2022",360
SELLING SUNSET,NETFLIX,"May. 21, 2023",332
SELLING SUNSET,NETFLIX,"May. 28, 2023",464
SELLING SUNSET,NETFLIX,"Jun. 4, 2023",367
SELLING SUNSET,NETFLIX,"Nov. 5, 2023",364
SELLING SUNSET,NETFLIX,"Nov. 12, 2023",709
SELLING SUNSET,NETFLIX,"Nov. 19, 2023",301
SELLING TAMPA,NETFLIX,"Dec. 19, 2021",243
SEX EDUCATION,NETFLIX,"Sep. 19, 2021",595
SEX EDUCATION,NETFLIX,"Sep. 26, 2021",856
SEX EDUCATION,NETFLIX,"Oct. 3, 2021",469
SEX EDUCATION,NETFLIX,"Oct. 10, 2021",283
SEX EDUCATION,NETFLIX,"Sep. 24, 2023",634
SEX EDUCATION,NETFLIX,"Oct. 1, 2023",734
SEX EDUCATION,NETFLIX,"Oct. 8, 2023",443
SEX EDUCATION,NETFLIX,"Oct. 15, 2023",289
SEX/LIFE,NETFLIX,"Jul. 4, 2021",449
SEX/LIFE,NETFLIX,"Jul. 11, 2021",489
SEX/LIFE,NETFLIX,"Jul. 18, 2021",282
SEX/LIFE,NETFLIX,"Jul. 25, 2021",216
SEX/LIFE,NETFLIX,"Mar. 5, 2023",500
SEX/LIFE,NETFLIX,"Mar. 12, 2023",554
SHADOW AND BONE,NETFLIX,"Apr. 25, 2021",721
SHADOW AND BONE,NETFLIX,"May. 2, 2021","1,192"
SHADOW AND BONE,NETFLIX,"May. 9, 2021",555
SHADOW AND BONE,NETFLIX,"May. 16, 2021",294
SHADOW AND BONE,NETFLIX,"May. 23, 2021",199
SHADOW AND BONE,NETFLIX,"Mar. 19, 2023","1,143"
SHADOW AND BONE,NETFLIX,"Mar. 26, 2023","1,034"
SHADOW AND BONE,NETFLIX,"Apr. 2, 2023",519
SHADOW AND BONE,NETFLIX,"Apr. 9, 2023",389
SHARKDOG,NETFLIX,"Sep. 12, 2021",238
SOPHIE: A MURDER IN THE WEST,NETFLIX,"Jul. 4, 2021",206
SQUID GAME,NETFLIX,"Sep. 26, 2021","1,910"
SQUID GAME,NETFLIX,"Oct. 3, 2021","3,260"
SQUID GAME,NETFLIX,"Oct. 10, 2021","3,021"
SQUID GAME,NETFLIX,"Oct. 17, 2021","2,254"
SQUID GAME,NETFLIX,"Oct. 24, 2021","1,682"
SQUID GAME,NETFLIX,"Oct. 31, 2021","1,020"
SQUID GAME,NETFLIX,"Nov. 7, 2021",673
SQUID GAME,NETFLIX,"Nov. 14, 2021",426
SWEET TOOTH,NETFLIX,"Jun. 6, 2021",794
SWEET TOOTH,NETFLIX,"Jun. 13, 2021","1,434"
SWEET TOOTH,NETFLIX,"Jun. 20, 2021",626
SWEET TOOTH,NETFLIX,"Jun. 27, 2021",359
SWEET TOOTH,NETFLIX,"Jul. 4, 2021",256
SWEET TOOTH,NETFLIX,"Apr. 30, 2023",924
SWEET TOOTH,NETFLIX,"May. 7, 2023","1,068"
SWEET TOOTH,NETFLIX,"May. 14, 2023",575
SWEET TOOTH,NETFLIX,"May. 21, 2023",377
THE BOOK OF CASTAMAR,NETFLIX,"Jul. 18, 2021",291
THE BOSS BABY: BACK IN BUSINESS,NETFLIX,"Jul. 11, 2021",229
THE BOSS BABY: BACK IN BUSINESS,NETFLIX,"Jul. 18, 2021",188
THE CHAIR,NETFLIX,"Aug. 29, 2021",310
THE CIRCLE,NETFLIX,"Apr. 18, 2021",443
THE CIRCLE,NETFLIX,"Apr. 25, 2021",630
THE CIRCLE,NETFLIX,"May. 2, 2021",641
THE CIRCLE,NETFLIX,"May. 9, 2021",456
THE CIRCLE,NETFLIX,"May. 16, 2021",321
THE CIRCLE,NETFLIX,"Sep. 12, 2021",292
THE CIRCLE,NETFLIX,"Sep. 19, 2021",444
THE CIRCLE,NETFLIX,"Sep. 26, 2021",436
THE CIRCLE,NETFLIX,"Oct. 3, 2021",266
THE CIRCLE,NETFLIX,"May. 8, 2022",270
THE CIRCLE,NETFLIX,"May. 15, 2022",380
THE CIRCLE,NETFLIX,"May. 22, 2022",467
THE CIRCLE,NETFLIX,"May. 29, 2022",328
THE CIRCLE,NETFLIX,"Jan. 8, 2023",500
THE CIRCLE,NETFLIX,"Jan. 15, 2023",474
THE CIRCLE,NETFLIX,"Jan. 22, 2023",366
THE COOK OF CASTAMAR,NETFLIX,"Jul. 25, 2021",179
THE CREW,NETFLIX,"Feb. 21, 2021",556
THE CREW,NETFLIX,"Feb. 28, 2021",231
THE DEFEATED,NETFLIX,"Aug. 29, 2021",194
THE GREAT BRITSH BAKING SHOW,NETFLIX,"Feb. 14, 2021",284
THE IRREGULARS,NETFLIX,"Mar. 28, 2021",424
THE IRREGULARS,NETFLIX,"Apr. 4, 2021",643
THE IRREGULARS,NETFLIX,"Apr. 11, 2021",270
THE KOMINSKY METHOD,NETFLIX,"May. 30, 2021",495
THE KOMINSKY METHOD,NETFLIX,"Jun. 6, 2021",507
THE KOMINSKY METHOD,NETFLIX,"Jun. 13, 2021",235
THE LOST PIRATE KINGDOM,NETFLIX,"Mar. 21, 2021",316
THE MOVIES THAT MADE US,NETFLIX,"Jul. 25, 2021",165
THE MOVIES THAT MADE US,NETFLIX,"Aug. 1, 2021",272
THE NIGHT STALKER,NETFLIX,"Jan. 17, 2021",867
THE NIGHT STALKER,NETFLIX,"Jan. 24, 2021",727
THE NIGHT STALKER,NETFLIX,"Jan. 31, 2021",321
THE ONE,NETFLIX,"Mar. 14, 2021",186
THE ONE,NETFLIX,"Mar. 21, 2021",405
THE ONE,NETFLIX,"Mar. 28, 2021",217
THE QUEEN OF FLOW,NETFLIX,"Nov. 28, 2021",480
THE QUEEN OF FLOW,NETFLIX,"Dec. 5, 2021",377
THE QUEEN OF FLOW,NETFLIX,"Dec. 12, 2021",324
THE QUEEN OF FLOW,NETFLIX,"Dec. 19, 2021",218
THE SERPENT,NETFLIX,"Apr. 4, 2021",161
THE SERPENT,NETFLIX,"Apr. 11, 2021",406
THE SERPENT,NETFLIX,"Apr. 18, 2021",226
THE SERPENT,NETFLIX,"Apr. 25, 2021",200
THE SEVEN DEADLY SINS,NETFLIX,"Jul. 4, 2021",255
THE SNITCH CARTEL: ORIGINS,NETFLIX,"Aug. 8, 2021",227
THE SNITCH CARTEL: ORIGINS,NETFLIX,"Aug. 15, 2021",243
THE SONS OF SAM,NETFLIX,"May. 9, 2021",461
THE SONS OF SAM,NETFLIX,"May. 16, 2021",278
THE UNDERGROUND RAILROAD,NETFLIX,"May. 23, 2021",289
THE UPSHAWS,NETFLIX,"May. 16, 2021",560
THE UPSHAWS,NETFLIX,"May. 23, 2021",357
THE UPSHAWS,NETFLIX,"May. 30, 2021",165
THE UPSHAWS,NETFLIX,"Jul. 3, 2022",444
THE UPSHAWS,NETFLIX,"Jul. 10, 2022",289
THE UPSHAWS,NETFLIX,"Aug. 20, 2023",321
THIS IS A ROBBERY,NETFLIX,"Apr. 11, 2021",355
THIS IS A ROBBERY,NETFLIX,"Apr. 18, 2021",315
TOO HOT TO HANDLE,NETFLIX,"Jun. 27, 2021",190
TOO HOT TO HANDLE,NETFLIX,"Jul. 4, 2021",395
TOO HOT TO HANDLE,NETFLIX,"Jul. 11, 2021",306
TOO HOT TO HANDLE,NETFLIX,"Jan. 23, 2022",332
TOO HOT TO HANDLE,NETFLIX,"Jan. 30, 2022",309
TOO HOT TO HANDLE,NETFLIX,"Dec. 18, 2022",425
TOO HOT TO HANDLE,NETFLIX,"Jul. 23, 2023",350
TOP SECRET UFO PROJECTS,NETFLIX,"Aug. 8, 2021",288
TRUE STORY,NETFLIX,"Nov. 28, 2021",943
TRUE STORY,NETFLIX,"Dec. 5, 2021",607
TRUE STORY,NETFLIX,"Dec. 12, 2021",255
TURNING POINT: 9/11,NETFLIX,"Sep. 5, 2021",447
TURNING POINT: 9/11,NETFLIX,"Sep. 12, 2021",691
TURNING POINT: 9/11,NETFLIX,"Sep. 19, 2021",268
TWENTYSOMETHINGS: AUSTIN,NETFLIX,"Dec. 19, 2021",185
VANISHING AT THE CECIL HOTEL,NETFLIX,"Feb. 14, 2021","1,286"
VANISHING AT THE CECIL HOTEL,NETFLIX,"Feb. 21, 2021",806
VANISHING AT THE CECIL HOTEL,NETFLIX,"Feb. 28, 2021",281
WHO KILLED SARA,NETFLIX,"Mar. 28, 2021",363
WHO KILLED SARA,NETFLIX,"Apr. 4, 2021",553
WHO KILLED SARA,NETFLIX,"Apr. 11, 2021",360
WHO KILLED SARA,NETFLIX,"Apr. 18, 2021",213
WHO KILLED SARA,NETFLIX,"May. 23, 2021",500
WHO KILLED SARA,NETFLIX,"May. 30, 2021",396
WHO KILLED SARA,NETFLIX,"Jun. 6, 2021",206
WHO KILLED SARA,NETFLIX,"May. 22, 2022",348
WHO KILLED SARA,NETFLIX,"May. 29, 2022",308
WORKIN' MOMS,NETFLIX,"Jun. 20, 2021",418
WORKIN' MOMS,NETFLIX,"Jun. 27, 2021",394
WORKIN' MOMS,NETFLIX,"Jul. 4, 2021",247
WORKIN' MOMS,NETFLIX,"Jul. 11, 2021",200
WORKIN' MOMS,NETFLIX,"May. 15, 2022",512
WORKIN' MOMS,NETFLIX,"May. 22, 2022",410
WORKIN' MOMS,NETFLIX,"Jun. 5, 2022",215
WORKIN' MOMS,NETFLIX,"Apr. 30, 2023",645
WORKIN' MOMS,NETFLIX,"May. 7, 2023",579
RICKY STANICKY,AMAZON,"Mar. 10, 2024",500
ROLE PLAY,AMAZON,"Jan. 14, 2024",284
ROLE PLAY,AMAZON,"Jan. 21, 2024",301
THE UNDERDOGS,AMAZON,"Feb. 4, 2024",263
KILLERS OF THE FLOWER MOON,APPLE TV+,"Jan. 14, 2024",304
KILLERS OF THE FLOWER MOON,APPLE TV+,"Jan. 21, 2024",440
KILLERS OF THE FLOWER MOON,APPLE TV+,"Jan. 28, 2024",382
THE MARVELS,DISNEY+,"Feb. 11, 2024",558
THE MARVELS,DISNEY+,"Feb. 18, 2024",337
AQUAMAN,MAX/NET,"Jan. 7, 2024",955
AQUAMAN AND THE LOST KINGDOM,MAX,"Mar. 3, 2024",685
AQUAMAN AND THE LOST KINGDOM,MAX,"Mar. 10, 2024",351
THOSE WHO WISH ME DEAD,MAX/NET,"Jan. 7, 2024",685
WONKA,MAX,"Mar. 10, 2024",482
MADE IN ITALY,HULU/NET,"Feb. 11, 2024",323
POOR THINGS,HULU,"Mar. 10, 2024",318
AMERICAN ASSASSIN,NETFLIX,"Feb. 11, 2024",515
AMERICAN ASSASSIN,NETFLIX,"Feb. 18, 2024",274
AQUAMAN,MAX/NET,"Jan. 7, 2024",955
CODE 8,NETFLIX,"Mar. 3, 2024",214
CODE 8: PART II,NETFLIX,"Mar. 3, 2024",438
DAMSEL,NETFLIX,"Mar. 10, 2024","1,209"
DUMB MONEY,NETFLIX,"Jan. 28, 2024",300
JOHN WICK,NETFLIX,"Jan. 7, 2024",571
JOHN WICK: CHAPTER 2,NETFLIX,"Jan. 7, 2024",474
LIFT,NETFLIX,"Jan. 14, 2024",872
LIFT,NETFLIX,"Jan. 21, 2024","1,041"
LIFT,NETFLIX,"Jan. 28, 2024",423
"LOVER, STALKER, KILLER",NETFLIX,"Feb. 11, 2024",303
"LOVER, STALKER, KILLER",NETFLIX,"Feb. 18, 2024",470
MEA CULPA,NETFLIX,"Feb. 25, 2024",693
MEA CULPA,NETFLIX,"Mar. 3, 2024",550
ORION AND THE DARK,NETFLIX,"Feb. 4, 2024",309
ORION AND THE DARK,NETFLIX,"Feb. 11, 2024",389
ORION AND THE DARK,NETFLIX,"Feb. 18, 2024",250
PACIFIC RIM,NETFLIX,"Feb. 4, 2024",246
PLAYERS,NETFLIX,"Feb. 18, 2024",360
PLAYERS,NETFLIX,"Feb. 25, 2024",222
QUEEN BEES,NETFLIX,"Jan. 21, 2024",263
QUEEN BEES,NETFLIX,"Jan. 28, 2024",205
QUEENPINS,NETFLIX,"Jan. 21, 2024",428
QUEENPINS,NETFLIX,"Jan. 28, 2024",336
READY PLAYER ONE,NETFLIX,"Feb. 11, 2024",292
"RUBY GILLMAN, TEENAGE KRAKEN",NETFLIX,"Feb. 25, 2024",598
"RUBY GILLMAN, TEENAGE KRAKEN",NETFLIX,"Mar. 3, 2024",400
SERAPHIM FALLS,NETFLIX,"Feb. 11, 2024",233
SERAPHIM FALLS,NETFLIX,"Feb. 18, 2024",216
SOCIETY OF THE SNOW,NETFLIX,"Jan. 7, 2024",595
SOCIETY OF THE SNOW,NETFLIX,"Jan. 14, 2024",618
SOCIETY OF THE SNOW,NETFLIX,"Jan. 21, 2024",251
SPACEMAN,NETFLIX,"Mar. 3, 2024",300
SPACEMAN,NETFLIX,"Mar. 10, 2024",318
THANKSGIVING,NETFLIX,"Feb. 25, 2024",348
THE ABYSS,NETFLIX,"Feb. 25, 2024",529
THE EQUALIZER 3,NETFLIX,"Jan. 7, 2024","1,019"
THE EQUALIZER 3,NETFLIX,"Jan. 14, 2024",487
THE EQUALIZER 3,NETFLIX,"Jan. 21, 2024",265
THE GREATEST NIGHT IN POP,NETFLIX,"Feb. 4, 2024",437
THE HILL,NETFLIX,"Jan. 28, 2024",736
THE HILL,NETFLIX,"Feb. 4, 2024",380
THE LEGEND OF TARZAN,NETFLIX,"Jan. 21, 2024",644
THE LEGEND OF TARZAN,NETFLIX,"Jan. 28, 2024",425
THE POSTCARD KILLINGS,NETFLIX,"Feb. 4, 2024",432
THE SINGLE MOMS CLUB,NETFLIX,"Jan. 14, 2024",447
THE VOW,NETFLIX,"Feb. 4, 2024",357
THE VOW,NETFLIX,"Feb. 11, 2024",228
THOSE WHO WISH ME DEAD,MAX/NET,"Jan. 7, 2024",685
OPPENHEIMER,PEACOCK,"Feb. 18, 2024",612
OPPENHEIMER,PEACOCK,"Feb. 25, 2024",487
MISSION IMPOSSIBLE: DEAD RECKON,PARAMOUNT+,"Jan. 28, 2024",295
MISSION IMPOSSIBLE: DEAD RECKON,PARAMOUNT+,"Feb. 4, 2024",314
AHSOKA,DISNEY+,"Aug. 27, 2023",829
AHSOKA,DISNEY+,"Sep. 3, 2023",487
AHSOKA,DISNEY+,"Sep. 10, 2023",459
AHSOKA,DISNEY+,"Sep. 17, 2023",577
AHSOKA,DISNEY+,"Sep. 24, 2023",570
AHSOKA,DISNEY+,"Oct. 1, 2023",572
AHSOKA,DISNEY+,"Oct. 8, 2023",575
ANDOR,DISNEY+,"Sep. 25, 2022",624
ANDOR,DISNEY+,"Oct. 2, 2022",485
ANDOR,DISNEY+,"Oct. 9, 2022",356
ANDOR,DISNEY+,"Oct. 16, 2022",405
ANDOR,DISNEY+,"Oct. 23, 2022",418
ANDOR,DISNEY+,"Oct. 30, 2022",385
ANDOR,DISNEY+,"Nov. 13, 2022",420
ANDOR,DISNEY+,"Nov. 20, 2022",455
ANDOR,DISNEY+,"Nov. 27, 2022",674
ECHO,HULU/DISNEY+,"Jan. 14, 2024",731
FALCON AND THE WINTER SOLDIER,DISNEY+,"Mar. 21, 2021",495
FALCON AND THE WINTER SOLDIER,DISNEY+,"Mar. 28, 2021",628
FALCON AND THE WINTER SOLDIER,DISNEY+,"Apr. 4, 2021",628
FALCON AND THE WINTER SOLDIER,DISNEY+,"Apr. 11, 2021",748
FALCON AND THE WINTER SOLDIER,DISNEY+,"Apr. 18, 2021",855
FALCON AND THE WINTER SOLDIER,DISNEY+,"Apr. 25, 2021",796
FALCON AND THE WINTER SOLDIER,DISNEY+,"May. 2, 2021",364
FALCON AND THE WINTER SOLDIER,DISNEY+,"May. 9, 2021",204
GOOSEBUMPS,HULU/DISNEY+,"Oct. 15, 2023",553
GOOSEBUMPS,HULU/DISNEY+,"Oct. 22, 2023",594
GOOSEBUMPS,HULU/DISNEY+,"Oct. 29, 2023",445
GOOSEBUMPS,HULU/DISNEY+,"Nov. 5, 2023",308
HAWKEYE,DISNEY+,"Nov. 28, 2021",853
HAWKEYE,DISNEY+,"Dec. 5, 2021",560
HAWKEYE,DISNEY+,"Dec. 12, 2021",527
HAWKEYE,DISNEY+,"Dec. 19, 2021",580
HAWKEYE,DISNEY+,"Dec. 26, 2021",938
HAWKEYE,DISNEY+,"Jan. 2, 2022",539
HAMILTON,DISNEY+,"Jul. 5, 2020","1,931"
LOKI,DISNEY+,"Jun. 13, 2021",731
LOKI,DISNEY+,"Jun. 20, 2021",886
LOKI,DISNEY+,"Jun. 27, 2021",713
LOKI,DISNEY+,"Jul. 4, 2021",813
LOKI,DISNEY+,"Jul. 11, 2021","1,080"
LOKI,DISNEY+,"Jul. 18, 2021","1,011"
LOKI,DISNEY+,"Jul. 25, 2021",386
LOKI,DISNEY+,"Aug. 1, 2021",180
LOKI,DISNEY+,"Oct. 8, 2023",446
LOKI,DISNEY+,"Oct. 15, 2023",588
LOKI,DISNEY+,"Oct. 22, 2023",525
LOKI,DISNEY+,"Oct. 29, 2023",514
LOKI,DISNEY+,"Nov. 5, 2023",560
LOKI,DISNEY+,"Nov. 12, 2023",753
LOKI,DISNEY+,"Nov. 19, 2023",440
LOKI,DISNEY+,"Nov. 26, 2023",262
MOON KNIGHT,DISNEY+,"Apr. 3, 2022",418
MOON KNIGHT,DISNEY+,"Apr. 10, 2022",608
MOON KNIGHT,DISNEY+,"Apr. 17, 2022",638
MOON KNIGHT,DISNEY+,"Apr. 24, 2022",630
MOON KNIGHT,DISNEY+,"May. 1, 2022",681
MOON KNIGHT,DISNEY+,"May. 8, 2022",715
MOON KNIGHT,DISNEY+,"May. 15, 2022",289
MS. MARVEL,DISNEY+,"Jun. 12, 2022",249
MS. MARVEL,DISNEY+,"Jul. 10, 2022",295
MS. MARVEL,DISNEY+,"Jul. 17, 2022",357
NATIONAL TREASURE: EDGE,DISNEY+,"Jan. 22, 2023",294
OBI-WAN KENOBI,DISNEY+,"May. 29, 2022","1,026"
OBI-WAN KENOBI,DISNEY+,"Jun. 5, 2022",958
OBI-WAN KENOBI,DISNEY+,"Jun. 12, 2022",682
OBI-WAN KENOBI,DISNEY+,"Jun. 19, 2022",733
OBI-WAN KENOBI,DISNEY+,"Jun. 26, 2022",860
PERCY JACKSON & THE OLYMPIANS,DISNEY+,"Dec. 24, 2023",572
PERCY JACKSON & THE OLYMPIANS,DISNEY+,"Dec. 31, 2023",700
PERCY JACKSON & THE OLYMPIANS,DISNEY+,"Jan. 7, 2024",627
PERCY JACKSON & THE OLYMPIANS,DISNEY+,"Jan. 14, 2024",618
PERCY JACKSON & THE OLYMPIANS,DISNEY+,"Jan. 21, 2024",529
PERCY JACKSON & THE OLYMPIANS,DISNEY+,"Jan. 28, 2024",530
PERCY JACKSON & THE OLYMPIANS,DISNEY+,"Feb. 4, 2024",575
PERCY JACKSON & THE OLYMPIANS,DISNEY+,"Feb. 11, 2024",227
SECRET INVASION,DISNEY+,"Jun. 25, 2023",461
SECRET INVASION,DISNEY+,"Jul. 2, 2023",464
SECRET INVASION,DISNEY+,"Jul. 9, 2023",426
SECRET INVASION,DISNEY+,"Jul. 16, 2023",347
SECRET INVASION,DISNEY+,"Jul. 23, 2023",411
SECRET INVASION,DISNEY+,"Jul. 30, 2023",421
SHE-HULK: ATTORNEY AT LAW,DISNEY+,"Aug. 28, 2022",390
SHE-HULK: ATTORNEY AT LAW,DISNEY+,"Sep. 4, 2022",472
SHE-HULK: ATTORNEY AT LAW,DISNEY+,"Sep. 11, 2022",493
SHE-HULK: ATTORNEY AT LAW,DISNEY+,"Sep. 18, 2022",403
SHE-HULK: ATTORNEY AT LAW,DISNEY+,"Oct. 2, 2022",396
SHE-HULK: ATTORNEY AT LAW,DISNEY+,"Oct. 9, 2022",454
SHE-HULK: ATTORNEY AT LAW,DISNEY+,"Oct. 16, 2022",526
STAR WARS: THE BAD BATCH,DISNEY+,"May. 9, 2021",251
THE BEATLES: GET BACK,DISNEY+,"Nov. 28, 2021",503
THE BEATLES: GET BACK,DISNEY+,"Dec. 5, 2021",408
THE BOOK OF BOBA FETT,DISNEY+,"Jan. 2, 2022",389
THE BOOK OF BOBA FETT,DISNEY+,"Jan. 9, 2022",563
THE BOOK OF BOBA FETT,DISNEY+,"Jan. 16, 2022",467
THE BOOK OF BOBA FETT,DISNEY+,"Jan. 23, 2022",580
THE BOOK OF BOBA FETT,DISNEY+,"Jan. 30, 2022",744
THE BOOK OF BOBA FETT,DISNEY+,"Feb. 6, 2022",776
THE BOOK OF BOBA FETT,DISNEY+,"Feb. 13, 2022",885
THE BOOK OF BOBA FETT,DISNEY+,"Feb. 20, 2022",339
THE BOOK OF BOBA FETT,DISNEY+,"Feb. 27, 2022",245
THE MANDALORIAN,DISNEY+,"Nov. 1, 2020","1,032"
THE MANDALORIAN,DISNEY+,"Nov. 8, 2020",955
THE MANDALORIAN,DISNEY+,"Nov. 15, 2020",873
THE MANDALORIAN,DISNEY+,"Nov. 22, 2020",939
THE MANDALORIAN,DISNEY+,"Nov. 29, 2020","1,210"
THE MANDALORIAN,DISNEY+,"Dec. 6, 2020",994
THE MANDALORIAN,DISNEY+,"Dec. 13, 2020","1,042"
THE MANDALORIAN,DISNEY+,"Dec. 20, 2020","1,336"
THE MANDALORIAN,DISNEY+,"Dec. 27, 2020","1,024"
THE MANDALORIAN,DISNEY+,"Jan. 3, 2021",707
THE MANDALORIAN,DISNEY+,"Jan. 10, 2021",411
THE MANDALORIAN,DISNEY+,"Jan. 17, 2021",339
THE MANDALORIAN,DISNEY+,"Mar. 5, 2023",823
THE MANDALORIAN,DISNEY+,"Mar. 12, 2023",889
THE MANDALORIAN,DISNEY+,"Mar. 19, 2023","1,115"
THE MANDALORIAN,DISNEY+,"Mar. 26, 2023",795
THE MANDALORIAN,DISNEY+,"Apr. 2, 2023",878
THE MANDALORIAN,DISNEY+,"Apr. 9, 2023","1,031"
THE MANDALORIAN,DISNEY+,"Apr. 16, 2023","1,025"
THE MANDALORIAN,DISNEY+,"Apr. 23, 2023","1,012"
THE MANDALORIAN,DISNEY+,"Apr. 30, 2023",498
THE MANDALORIAN,DISNEY+,"May. 7, 2023",319
THE SANTA CLAUSES,DISNEY+,"Nov. 27, 2022",372
THE SANTA CLAUSES,DISNEY+,"Dec. 4, 2022",349
THE SANTA CLAUSES,DISNEY+,"Dec. 11, 2022",331
THE SANTA CLAUSES,DISNEY+,"Dec. 18, 2022",392
THE SANTA CLAUSES,DISNEY+,"Dec. 25, 2022",487
THE SANTA CLAUSES,DISNEY+,"Nov. 26, 2023",408
THE SANTA CLAUSES,DISNEY+,"Dec. 3, 2023",276
THE SANTA CLAUSES,DISNEY+,"Dec. 10, 2023",279
WANDAVISION,DISNEY+,"Jan. 17, 2021",434
WANDAVISION,DISNEY+,"Jan. 24, 2021",376
WANDAVISION,DISNEY+,"Jan. 31, 2021",431
WANDAVISION,DISNEY+,"Feb. 7, 2021",589
WANDAVISION,DISNEY+,"Feb. 14, 2021",596
WANDAVISION,DISNEY+,"Feb. 21, 2021",720
WANDAVISION,DISNEY+,"Feb. 28, 2021",732
WANDAVISION,DISNEY+,"Mar. 7, 2021",924
WANDAVISION,DISNEY+,"Mar. 14, 2021",388
WANDAVISION,DISNEY+,"Mar. 21, 2021",252
WHAT IF?,DISNEY+,"Aug. 22, 2021",225
WHAT IF?,DISNEY+,"Aug. 29, 2021",233
WHAT IF?,DISNEY+,"Sep. 5, 2021",235
WHAT IF?,DISNEY+,"Sep. 12, 2021",258
WHAT IF?,DISNEY+,"Sep. 19, 2021",243
WHAT IF?,DISNEY+,"Oct. 3, 2021",223
WHAT IF?,DISNEY+,"Dec. 31, 2023",513
AMERICAN HORROR STORIES,HULU,"Oct. 29, 2023",327
CANDY,HULU,"May. 15, 2022",577
CANDY,HULU,"May. 22, 2022",359
DOPESICK,HULU,"Nov. 14, 2021",214
ECHO,HULU/DISNEY+,"Jan. 14, 2024",731
FUTURAMA,HULU,"Jul. 30, 2023",506
FUTURAMA,HULU,"Aug. 6, 2023",401
FUTURAMA,HULU,"Aug. 13, 2023",363
FUTURAMA,HULU,"Aug. 27, 2023",335
FUTURAMA,HULU,"Sep. 10, 2023",313
FUTURAMA,HULU,"Sep. 17, 2023",349
FUTURAMA,HULU,"Dec. 3, 2023",216
GOOSEBUMPS,HULU/DISNEY+,"Oct. 15, 2023",553
GOOSEBUMPS,HULU/DISNEY+,"Oct. 22, 2023",594
GOOSEBUMPS,HULU/DISNEY+,"Oct. 29, 2023",445
GOOSEBUMPS,HULU/DISNEY+,"Nov. 5, 2023",308
"HISTORY OF THE WORLD, PART 2",HULU,"Mar. 12, 2023",409
KINDRED,HULU,"Dec. 18, 2022",361
NINE PERFECT STRANGERS,HULU,"Aug. 22, 2021",420
NINE PERFECT STRANGERS,HULU,"Aug. 29, 2021",369
NINE PERFECT STRANGERS,HULU,"Sep. 5, 2021",320
NINE PERFECT STRANGERS,HULU,"Sep. 12, 2021",346
NINE PERFECT STRANGERS,HULU,"Sep. 19, 2021",297
ONLY MURDERS IN THE BUILDING,HULU,"Sep. 5, 2021",444
ONLY MURDERS IN THE BUILDING,HULU,"Sep. 12, 2021",334
ONLY MURDERS IN THE BUILDING,HULU,"Sep. 19, 2021",311
ONLY MURDERS IN THE BUILDING,HULU,"Sep. 26, 2021",299
ONLY MURDERS IN THE BUILDING,HULU,"Oct. 3, 2021",263
ONLY MURDERS IN THE BUILDING,HULU,"Oct. 10, 2021",248
ONLY MURDERS IN THE BUILDING,HULU,"Oct. 17, 2021",317
ONLY MURDERS IN THE BUILDING,HULU,"Oct. 24, 2021",386
ONLY MURDERS IN THE BUILDING,HULU,"Jul. 3, 2022",526
ONLY MURDERS IN THE BUILDING,HULU,"Jul. 10, 2022",256
ONLY MURDERS IN THE BUILDING,HULU,"Jul. 17, 2022",369
ONLY MURDERS IN THE BUILDING,HULU,"Jul. 24, 2022",372
ONLY MURDERS IN THE BUILDING,HULU,"Jul. 31, 2022",391
ONLY MURDERS IN THE BUILDING,HULU,"Aug. 7, 2022",382
ONLY MURDERS IN THE BUILDING,HULU,"Aug. 14, 2022",379
ONLY MURDERS IN THE BUILDING,HULU,"Aug. 21, 2022",415
ONLY MURDERS IN THE BUILDING,HULU,"Aug. 28, 2022",578
ONLY MURDERS IN THE BUILDING,HULU,"Aug. 13, 2023",719
ONLY MURDERS IN THE BUILDING,HULU,"Aug. 20, 2023",590
ONLY MURDERS IN THE BUILDING,HULU,"Aug. 27, 2023",559
ONLY MURDERS IN THE BUILDING,HULU,"Sep. 3, 2023",460
ONLY MURDERS IN THE BUILDING,HULU,"Sep. 10, 2023",470
ONLY MURDERS IN THE BUILDING,HULU,"Sep. 17, 2023",456
ONLY MURDERS IN THE BUILDING,HULU,"Sep. 24, 2023",489
ONLY MURDERS IN THE BUILDING,HULU,"Oct. 1, 2023",505
ONLY MURDERS IN THE BUILDING,HULU,"Oct. 8, 2023",563
PAM & TOMMY,HULU,"Feb. 6, 2022",312
SHOGUN,HULU,"Mar. 3, 2024",513
SHOGUN,HULU,"Mar. 10, 2024",382
SOLAR OPPOSITES,HULU,"Mar. 28, 2021",196
SOLAR OPPOSITES,HULU,"Apr. 4, 2021",171
SOLAR OPPOSITES,HULU,"Aug. 20, 2023",309
THE ACT,HULU,"Jan. 7, 2024",317
THE BEAR,HULU,"Jul. 3, 2022",349
THE BEAR,HULU,"Jun. 25, 2023",853
THE BEAR,HULU,"Jul. 2, 2023","1,010"
THE BEAR,HULU,"Jul. 9, 2023",791
THE BEAR,HULU,"Jul. 16, 2023",524
THE BEAR,HULU,"Jul. 23, 2023",374
THE BEAR,HULU,"Jan. 21, 2024",391
THE DROPOUT,HULU,"Mar. 6, 2022",255
THE DROPOUT,HULU,"Apr. 3, 2022",190
THE DROPOUT,HULU,"Apr. 10, 2022",232
THE HANDMAID'S TALE,HULU,"May. 2, 2021","1,039"
THE HANDMAID'S TALE,HULU,"May. 9, 2021",690
THE HANDMAID'S TALE,HULU,"May. 16, 2021",584
THE HANDMAID'S TALE,HULU,"May. 23, 2021",516
THE HANDMAID'S TALE,HULU,"May. 30, 2021",439
THE HANDMAID'S TALE,HULU,"Jun. 6, 2021",473
THE HANDMAID'S TALE,HULU,"Jun. 13, 2021",422
THE HANDMAID'S TALE,HULU,"Jun. 20, 2021",505
THE HANDMAID'S TALE,HULU,"Jun. 27, 2021",266
THE HANDMAID'S TALE,HULU,"Jul. 4, 2021",209
THE HANDMAID'S TALE,HULU,"Jul. 11, 2021",185
THE HANDMAID'S TALE,HULU,"Sep. 18, 2022",581
THE HANDMAID'S TALE,HULU,"Sep. 25, 2022",535
THE HANDMAID'S TALE,HULU,"Oct. 2, 2022",544
THE HANDMAID'S TALE,HULU,"Oct. 9, 2022",410
THE HANDMAID'S TALE,HULU,"Oct. 16, 2022",403
THE HANDMAID'S TALE,HULU,"Oct. 23, 2022",398
THE HANDMAID'S TALE,HULU,"Oct. 30, 2022",404
THE HANDMAID'S TALE,HULU,"Nov. 6, 2022",441
THE HANDMAID'S TALE,HULU,"Nov. 13, 2022",520
13 REASONS WHY,NETFLIX,"Jun. 14, 2020","1,719"
ALTERED CARBON,NETFLIX,"Mar. 15, 2020",425
AWAY (2020),NETFLIX,"Sep. 6, 2020",631
AWAY (2020),NETFLIX,"Sep. 13, 2020","1,366"
AWAY (2020),NETFLIX,"Sep. 20, 2020",729
BIG MOUTH,NETFLIX,"Dec. 13, 2020",622
BIG MOUTH,NETFLIX,"Nov. 7, 2021",360
BIG MOUTH,NETFLIX,"Nov. 14, 2021",598
BIG MOUTH,NETFLIX,"Nov. 21, 2021",319
BIG MOUTH,NETFLIX,"Oct. 30, 2022",384
BIG MOUTH,NETFLIX,"Nov. 6, 2022",533
BIG MOUTH,NETFLIX,"Oct. 29, 2023",383
BRIDGERTON,NETFLIX,"Dec. 27, 2020","1,204"
BRIDGERTON,NETFLIX,"Jan. 3, 2021","2,648"
BRIDGERTON,NETFLIX,"Jan. 10, 2021","1,670"
BRIDGERTON,NETFLIX,"Jan. 17, 2021","1,386"
BRIDGERTON,NETFLIX,"Jan. 24, 2021","1,061"
BRIDGERTON,NETFLIX,"Jan. 31, 2021",936
BRIDGERTON,NETFLIX,"Feb. 7, 2021",659
BRIDGERTON,NETFLIX,"Feb. 14, 2021",409
BRIDGERTON,NETFLIX,"Feb. 21, 2021",380
BRIDGERTON,NETFLIX,"Feb. 28, 2021",294
BRIDGERTON,NETFLIX,"Mar. 7, 2021",235
BRIDGERTON,NETFLIX,"Mar. 14, 2021",198
BRIDGERTON,NETFLIX,"Mar. 21, 2021",186
BRIDGERTON,NETFLIX,"Mar. 27, 2022","2,547"
BRIDGERTON,NETFLIX,"Apr. 3, 2022","3,202"
BRIDGERTON,NETFLIX,"Apr. 10, 2022","1,621"
BRIDGERTON,NETFLIX,"Apr. 17, 2022",885
BRIDGERTON,NETFLIX,"Apr. 24, 2022",734
BRIDGERTON,NETFLIX,"May. 1, 2022",511
BRIDGERTON,NETFLIX,"May. 8, 2022",287
BRIDGERTON,NETFLIX,"May. 15, 2022",304
BRIDGERTON,NETFLIX,"May. 14, 2023",413
BRIDGERTON,NETFLIX,"May. 21, 2023",415
COBRA KAI,NETFLIX,"Aug. 30, 2020","1,432"
COBRA KAI,NETFLIX,"Sep. 6, 2020","2,171"
COBRA KAI,NETFLIX,"Sep. 13, 2020","1,655"
COBRA KAI,NETFLIX,"Sep. 20, 2020",964
COBRA KAI,NETFLIX,"Sep. 27, 2020",676
COBRA KAI,NETFLIX,"Jan. 3, 2021","2,606"
COBRA KAI,NETFLIX,"Jan. 10, 2021","2,107"
COBRA KAI,NETFLIX,"Jan. 17, 2021","1,005"
COBRA KAI,NETFLIX,"Jan. 24, 2021",727
COBRA KAI,NETFLIX,"Jan. 31, 2021",568
COBRA KAI,NETFLIX,"Feb. 7, 2021",296
COBRA KAI,NETFLIX,"Feb. 14, 2021",300
COBRA KAI,NETFLIX,"Feb. 21, 2021",252
COBRA KAI,NETFLIX,"Jan. 2, 2022","2,423"
COBRA KAI,NETFLIX,"Jan. 9, 2022","2,153"
COBRA KAI,NETFLIX,"Jan. 16, 2022","1,038"
COBRA KAI,NETFLIX,"Jan. 23, 2022",670
COBRA KAI,NETFLIX,"Jan. 30, 2022",395
COBRA KAI,NETFLIX,"Sep. 11, 2022","1,737"
COBRA KAI,NETFLIX,"Sep. 18, 2022","1,918"
COBRA KAI,NETFLIX,"Sep. 25, 2022","1,110"
COBRA KAI,NETFLIX,"Oct. 2, 2022",653
COBRA KAI,NETFLIX,"Oct. 9, 2022",558
COBRA KAI,NETFLIX,"Oct. 16, 2022",342
DEAD TO ME,NETFLIX,"May. 10, 2020","1,511"
DEAD TO ME,NETFLIX,"May. 17, 2020","1,821"
DEAD TO ME,NETFLIX,"Nov. 20, 2022","1,390"
DEAD TO ME,NETFLIX,"Nov. 27, 2022","1,464"
DEAD TO ME,NETFLIX,"Dec. 4, 2022",898
DEAD TO ME,NETFLIX,"Dec. 11, 2022",600
EMILY IN PARIS,NETFLIX,"Oct. 11, 2020",676
EMILY IN PARIS,NETFLIX,"Dec. 26, 2021",938
EMILY IN PARIS,NETFLIX,"Jan. 2, 2022","1,110"
EMILY IN PARIS,NETFLIX,"Jan. 9, 2022",553
EMILY IN PARIS,NETFLIX,"Jan. 16, 2022",357
EMILY IN PARIS,NETFLIX,"Jan. 23, 2022",248
EMILY IN PARIS,NETFLIX,"Dec. 25, 2022","1,389"
EMILY IN PARIS,NETFLIX,"Jan. 1, 2023","1,354"
EMILY IN PARIS,NETFLIX,"Jan. 8, 2023",727
EMILY IN PARIS,NETFLIX,"Jan. 15, 2023",338
KILLER INSIDE: AARON HERNANDEZ,NETFLIX,"Jan. 19, 2020","2,051"
LOVE IS BLIND,NETFLIX,"Mar. 15, 2020",872
LOVE IS BLIND,NETFLIX,"Mar. 22, 2020",826
LOVE IS BLIND,NETFLIX,"Mar. 29, 2020",476
LOVE IS BLIND,NETFLIX,"Aug. 1, 2021",300
LOVE IS BLIND,NETFLIX,"Aug. 8, 2021",236
LOVE IS BLIND,NETFLIX,"Feb. 13, 2022",478
LOVE IS BLIND,NETFLIX,"Feb. 20, 2022","1,439"
LOVE IS BLIND,NETFLIX,"Feb. 27, 2022","1,369"
LOVE IS BLIND,NETFLIX,"Mar. 6, 2022",998
LOVE IS BLIND,NETFLIX,"Mar. 13, 2022",689
LOVE IS BLIND,NETFLIX,"Mar. 20, 2022",416
LOVE IS BLIND,NETFLIX,"Mar. 27, 2022",248
LOVE IS BLIND,NETFLIX,"Oct. 23, 2022",683
LOVE IS BLIND,NETFLIX,"Oct. 30, 2022","1,013"
LOVE IS BLIND,NETFLIX,"Nov. 6, 2022","1,223"
LOVE IS BLIND,NETFLIX,"Nov. 13, 2022","1,274"
LOVE IS BLIND,NETFLIX,"Nov. 20, 2022",562
LOVE IS BLIND,NETFLIX,"Feb. 12, 2023",303
LOVE IS BLIND,NETFLIX,"Feb. 19, 2023",462
LOVE IS BLIND,NETFLIX,"Mar. 26, 2023",691
LOVE IS BLIND,NETFLIX,"Apr. 2, 2023","1,240"
LOVE IS BLIND,NETFLIX,"Apr. 9, 2023","1,155"
LOVE IS BLIND,NETFLIX,"Apr. 16, 2023","1,087"
LOVE IS BLIND,NETFLIX,"Apr. 23, 2023","1,216"
LOVE IS BLIND,NETFLIX,"Sep. 24, 2023",423
LOVE IS BLIND,NETFLIX,"Oct. 1, 2023",943
LOVE IS BLIND,NETFLIX,"Oct. 8, 2023",821
LOVE IS BLIND,NETFLIX,"Oct. 15, 2023",726
LOVE IS BLIND,NETFLIX,"Oct. 22, 2023",574
LOVE IS BLIND,NETFLIX,"Feb. 18, 2024",907
LOVE IS BLIND,NETFLIX,"Feb. 25, 2024","2,406"
LOVE IS BLIND,NETFLIX,"Mar. 3, 2024","2,110"
LOVE IS BLIND,NETFLIX,"Mar. 10, 2024","1,495"
LUCIFER,NETFLIX,"Aug. 23, 2020","1,591"
LUCIFER,NETFLIX,"Aug. 30, 2020","2,007"
LUCIFER,NETFLIX,"Sep. 6, 2020","1,415"
LUCIFER,NETFLIX,"Sep. 13, 2020","1,120"
LUCIFER,NETFLIX,"Sep. 20, 2020",869
LUCIFER,NETFLIX,"Sep. 27, 2020",636
LUCIFER,NETFLIX,"Feb. 14, 2021",194
LUCIFER,NETFLIX,"Mar. 21, 2021",174
LUCIFER,NETFLIX,"Apr. 25, 2021",201
LUCIFER,NETFLIX,"May. 2, 2021",140
LUCIFER,NETFLIX,"May. 9, 2021",190
LUCIFER,NETFLIX,"May. 23, 2021",321
LUCIFER,NETFLIX,"May. 30, 2021","1,284"
LUCIFER,NETFLIX,"Jun. 6, 2021","1,838"
LUCIFER,NETFLIX,"Jun. 13, 2021","1,012"
LUCIFER,NETFLIX,"Jun. 20, 2021",703
LUCIFER,NETFLIX,"Jun. 27, 2021",603
LUCIFER,NETFLIX,"Jul. 4, 2021",450
LUCIFER,NETFLIX,"Jul. 11, 2021",354
LUCIFER,NETFLIX,"Jul. 18, 2021",284
LUCIFER,NETFLIX,"Jul. 25, 2021",277
LUCIFER,NETFLIX,"Aug. 1, 2021",202
LUCIFER,NETFLIX,"Aug. 8, 2021",223
LUCIFER,NETFLIX,"Aug. 15, 2021",198
LUCIFER,NETFLIX,"Aug. 22, 2021",179
LUCIFER,NETFLIX,"Aug. 29, 2021",190
LUCIFER,NETFLIX,"Sep. 12, 2021","1,052"
LUCIFER,NETFLIX,"Sep. 19, 2021","1,588"
LUCIFER,NETFLIX,"Sep. 26, 2021",860
LUCIFER,NETFLIX,"Oct. 3, 2021",536
LUCIFER,NETFLIX,"Oct. 10, 2021",359
LUCIFER,NETFLIX,"Oct. 17, 2021",307
MANHUNT: DEADLY GAMES,NETFLIX,"Dec. 13, 2020",827
MANHUNT: DEADLY GAMES,NETFLIX,"Dec. 20, 2020",712
ON MY BLOCK,NETFLIX,"Mar. 15, 2020","1,142"
ON MY BLOCK,NETFLIX,"Mar. 22, 2020",852
ON MY BLOCK,NETFLIX,"Oct. 10, 2021",776
ON MY BLOCK,NETFLIX,"Oct. 17, 2021",311
OZARK,NETFLIX,"Mar. 29, 2020","3,501"
OZARK,NETFLIX,"Apr. 5, 2020","5,199"
OZARK,NETFLIX,"Apr. 12, 2020","3,564"
OZARK,NETFLIX,"Apr. 19, 2020","2,918"
OZARK,NETFLIX,"Apr. 26, 2020","2,126"
OZARK,NETFLIX,"May. 3, 2020","1,676"
OZARK,NETFLIX,"Jan. 9, 2022",301
OZARK,NETFLIX,"Jan. 16, 2022",324
OZARK,NETFLIX,"Jan. 23, 2022","2,904"
OZARK,NETFLIX,"Jan. 30, 2022","4,095"
OZARK,NETFLIX,"Feb. 6, 2022","2,372"
OZARK,NETFLIX,"Feb. 13, 2022","1,222"
OZARK,NETFLIX,"Feb. 20, 2022","1,083"
OZARK,NETFLIX,"Feb. 27, 2022",869
OZARK,NETFLIX,"Mar. 6, 2022",510
OZARK,NETFLIX,"Mar. 13, 2022",464
OZARK,NETFLIX,"Mar. 20, 2022",304
OZARK,NETFLIX,"Mar. 27, 2022",312
OZARK,NETFLIX,"Apr. 3, 2022",250
OZARK,NETFLIX,"Apr. 10, 2022",227
OZARK,NETFLIX,"May. 1, 2022","2,575"
OZARK,NETFLIX,"May. 8, 2022","3,329"
OZARK,NETFLIX,"May. 15, 2022","1,730"
OZARK,NETFLIX,"May. 22, 2022","1,081"
OZARK,NETFLIX,"May. 29, 2022",804
OZARK,NETFLIX,"Jun. 5, 2022",644
OZARK,NETFLIX,"Jun. 12, 2022",568
OZARK,NETFLIX,"Jun. 19, 2022",528
OZARK,NETFLIX,"Jun. 26, 2022",386
OZARK,NETFLIX,"Jul. 3, 2022",330
OZARK,NETFLIX,"Jul. 10, 2022",335
OZARK,NETFLIX,"Jul. 17, 2022",276
RATCHED,NETFLIX,"Sep. 20, 2020",972
RATCHED,NETFLIX,"Sep. 27, 2020","1,632"
RATCHED,NETFLIX,"Oct. 4, 2020",791
SELENA: THE SERIES,NETFLIX,"Dec. 6, 2020",823
SELENA: THE SERIES,NETFLIX,"May. 9, 2021",639
SELENA: THE SERIES,NETFLIX,"May. 16, 2021",383
SELF MADE,NETFLIX,"Mar. 22, 2020",937
SELF MADE,NETFLIX,"Mar. 29, 2020",668
TEENAGE BOUNTY HUNTERS,NETFLIX,"Aug. 23, 2020",422
THE CROWN,NETFLIX,"Nov. 15, 2020",807
THE CROWN,NETFLIX,"Nov. 22, 2020","3,358"
THE CROWN,NETFLIX,"Nov. 29, 2020","2,215"
THE CROWN,NETFLIX,"Dec. 6, 2020","1,458"
THE CROWN,NETFLIX,"Dec. 13, 2020",932
THE CROWN,NETFLIX,"Dec. 20, 2020",772
THE CROWN,NETFLIX,"Dec. 27, 2020",700
THE CROWN,NETFLIX,"Jan. 3, 2021",797
THE CROWN,NETFLIX,"Jan. 10, 2021",494
THE CROWN,NETFLIX,"Jan. 17, 2021",394
THE CROWN,NETFLIX,"Jan. 24, 2021",338
THE CROWN,NETFLIX,"Jan. 31, 2021",338
THE CROWN,NETFLIX,"Feb. 7, 2021",305
THE CROWN,NETFLIX,"Feb. 14, 2021",281
THE CROWN,NETFLIX,"Feb. 21, 2021",300
THE CROWN,NETFLIX,"Mar. 7, 2021",242
THE CROWN,NETFLIX,"Mar. 14, 2021",449
THE CROWN,NETFLIX,"Mar. 21, 2021",449
THE CROWN,NETFLIX,"Mar. 28, 2021",327
THE CROWN,NETFLIX,"Apr. 4, 2021",287
THE CROWN,NETFLIX,"Apr. 11, 2021",319
THE CROWN,NETFLIX,"Apr. 18, 2021",321
THE CROWN,NETFLIX,"Apr. 25, 2021",298
THE CROWN,NETFLIX,"May. 2, 2021",271
THE CROWN,NETFLIX,"May. 9, 2021",210
THE CROWN,NETFLIX,"May. 16, 2021",188
THE CROWN,NETFLIX,"Jun. 20, 2021",138
THE CROWN,NETFLIX,"Sep. 11, 2022",345
THE CROWN,NETFLIX,"Sep. 18, 2022",796
THE CROWN,NETFLIX,"Sep. 25, 2022",585
THE CROWN,NETFLIX,"Oct. 2, 2022",432
THE CROWN,NETFLIX,"Nov. 13, 2022","2,127"
THE CROWN,NETFLIX,"Nov. 20, 2022","1,777"
THE CROWN,NETFLIX,"Nov. 27, 2022","1,109"
THE CROWN,NETFLIX,"Dec. 4, 2022",814
THE CROWN,NETFLIX,"Dec. 11, 2022",550
THE CROWN,NETFLIX,"Dec. 18, 2022",389
THE CROWN,NETFLIX,"Jan. 1, 2023",413
THE CROWN,NETFLIX,"Jan. 8, 2023",308
THE CROWN,NETFLIX,"Nov. 19, 2023",943
THE CROWN,NETFLIX,"Nov. 26, 2023",835
THE CROWN,NETFLIX,"Dec. 3, 2023",458
THE CROWN,NETFLIX,"Dec. 10, 2023",401
THE CROWN,NETFLIX,"Dec. 17, 2023","1,221"
THE CROWN,NETFLIX,"Dec. 24, 2023","1,139"
THE CROWN,NETFLIX,"Dec. 31, 2023","1,041"
THE CROWN,NETFLIX,"Jan. 7, 2024",718
THE CROWN,NETFLIX,"Jan. 14, 2024",477
THE CROWN,NETFLIX,"Jan. 21, 2024",374
THE CROWN,NETFLIX,"Jan. 28, 2024",270
THE CROWN,NETFLIX,"Feb. 11, 2024",238
THE CROWN,NETFLIX,"Feb. 18, 2024",242
THE GREAT BRITISH BAKING SHOW,NETFLIX,"Oct. 18, 2020",674
THE GREAT BRITISH BAKING SHOW,NETFLIX,"Oct. 25, 2020",676
THE GREAT BRITISH BAKING SHOW,NETFLIX,"Nov. 1, 2020",530
THE GREAT BRITISH BAKING SHOW,NETFLIX,"Nov. 8, 2020",608
THE GREAT BRITISH BAKING SHOW,NETFLIX,"Nov. 15, 2020",669
THE GREAT BRITISH BAKING SHOW,NETFLIX,"Nov. 22, 2020",645
THE GREAT BRITISH BAKING SHOW,NETFLIX,"Jan. 3, 2021",445
THE GREAT BRITISH BAKING SHOW,NETFLIX,"Jan. 10, 2021",323
THE GREAT BRITISH BAKING SHOW,NETFLIX,"Jan. 31, 2021",292
THE GREAT BRITISH BAKING SHOW,NETFLIX,"Feb. 7, 2021",266
THE GREAT BRITISH BAKING SHOW,NETFLIX,"Feb. 21, 2021",286
THE GREAT BRITISH BAKING SHOW,NETFLIX,"Feb. 28, 2021",231
THE GREAT BRITISH BAKING SHOW,NETFLIX,"Mar. 7, 2021",207
THE GREAT BRITISH BAKING SHOW,NETFLIX,"Mar. 14, 2021",184
THE GREAT BRITISH BAKING SHOW,NETFLIX,"Mar. 21, 2021",182
THE GREAT BRITISH BAKING SHOW,NETFLIX,"Apr. 4, 2021",170
THE GREAT BRITISH BAKING SHOW,NETFLIX,"Apr. 11, 2021",171
THE GREAT BRITISH BAKING SHOW,NETFLIX,"Apr. 18, 2021",196
THE GREAT BRITISH BAKING SHOW,NETFLIX,"Apr. 25, 2021",210
THE GREAT BRITISH BAKING SHOW,NETFLIX,"May. 2, 2021",215
THE GREAT BRITISH BAKING SHOW,NETFLIX,"May. 30, 2021",179
THE GREAT BRITISH BAKING SHOW,NETFLIX,"Jun. 6, 2021",174
THE GREAT BRITISH BAKING SHOW,NETFLIX,"Jun. 13, 2021",137
THE GREAT BRITISH BAKING SHOW,NETFLIX,"Sep. 26, 2021",381
THE GREAT BRITISH BAKING SHOW,NETFLIX,"Oct. 3, 2021",534
THE GREAT BRITISH BAKING SHOW,NETFLIX,"Oct. 10, 2021",505
THE GREAT BRITISH BAKING SHOW,NETFLIX,"Oct. 17, 2021",519
THE GREAT BRITISH BAKING SHOW,NETFLIX,"Oct. 24, 2021",483
THE GREAT BRITISH BAKING SHOW,NETFLIX,"Oct. 31, 2021",444
THE GREAT BRITISH BAKING SHOW,NETFLIX,"Nov. 7, 2021",489
THE GREAT BRITISH BAKING SHOW,NETFLIX,"Nov. 14, 2021",576
THE GREAT BRITISH BAKING SHOW,NETFLIX,"Nov. 21, 2021",513
THE GREAT BRITISH BAKING SHOW,NETFLIX,"Nov. 28, 2021",584
THE GREAT BRITISH BAKING SHOW,NETFLIX,"Dec. 5, 2021",426
THE GREAT BRITISH BAKING SHOW,NETFLIX,"Dec. 12, 2021",324
THE GREAT BRITISH BAKING SHOW,NETFLIX,"Dec. 19, 2021",292
THE GREAT BRITISH BAKING SHOW,NETFLIX,"Dec. 26, 2021",256
THE GREAT BRITISH BAKING SHOW,NETFLIX,"Jan. 2, 2022",338
THE GREAT BRITISH BAKING SHOW,NETFLIX,"Jan. 9, 2022",254
THE GREAT BRITISH BAKING SHOW,NETFLIX,"Sep. 25, 2022",442
THE GREAT BRITISH BAKING SHOW,NETFLIX,"Oct. 2, 2022",559
THE GREAT BRITISH BAKING SHOW,NETFLIX,"Oct. 9, 2022",513
THE GREAT BRITISH BAKING SHOW,NETFLIX,"Oct. 16, 2022",478
THE GREAT BRITISH BAKING SHOW,NETFLIX,"Oct. 23, 2022",471
THE GREAT BRITISH BAKING SHOW,NETFLIX,"Oct. 30, 2022",508
THE GREAT BRITISH BAKING SHOW,NETFLIX,"Nov. 6, 2022",510
THE GREAT BRITISH BAKING SHOW,NETFLIX,"Nov. 13, 2022",528
THE GREAT BRITISH BAKING SHOW,NETFLIX,"Nov. 20, 2022",533
THE GREAT BRITISH BAKING SHOW,NETFLIX,"Nov. 27, 2022",344
THE GREAT BRITISH BAKING SHOW,NETFLIX,"Oct. 15, 2023",452
THE GREAT BRITISH BAKING SHOW,NETFLIX,"Oct. 22, 2023",447
THE GREAT BRITISH BAKING SHOW,NETFLIX,"Oct. 29, 2023",350
THE GREAT BRITISH BAKING SHOW,NETFLIX,"Nov. 5, 2023",392
THE GREAT BRITISH BAKING SHOW,NETFLIX,"Nov. 12, 2023",436
THE GREAT BRITISH BAKING SHOW,NETFLIX,"Nov. 19, 2023",470
THE GREAT BRITISH BAKING SHOW,NETFLIX,"Nov. 26, 2023",437
THE GREAT BRITISH BAKING SHOW,NETFLIX,"Dec. 3, 2023",462
THE GREAT BRITISH BAKING SHOW,NETFLIX,"Dec. 10, 2023",293
THE HAUNTING OF BLY MANOR,NETFLIX,"Oct. 11, 2020","1,175"
THE HAUNTING OF BLY MANOR,NETFLIX,"Oct. 18, 2020","1,821"
THE HAUNTING OF BLY MANOR,NETFLIX,"Oct. 25, 2020",838
THE HAUNTING OF BLY MANOR,NETFLIX,"Nov. 1, 2020",535
THE QUEEN'S GAMBIT,NETFLIX,"Oct. 25, 2020",551
THE QUEEN'S GAMBIT,NETFLIX,"Nov. 1, 2020","1,850"
THE QUEEN'S GAMBIT,NETFLIX,"Nov. 8, 2020","1,455"
THE QUEEN'S GAMBIT,NETFLIX,"Nov. 15, 2020","1,373"
THE QUEEN'S GAMBIT,NETFLIX,"Nov. 22, 2020","1,092"
THE QUEEN'S GAMBIT,NETFLIX,"Nov. 29, 2020","1,072"
THE QUEEN'S GAMBIT,NETFLIX,"Jan. 3, 2021",607
THE QUEEN'S GAMBIT,NETFLIX,"Jan. 10, 2021",392
THE UMBRELLA ACADEMY,NETFLIX,"Aug. 2, 2020","2,563"
THE UMBRELLA ACADEMY,NETFLIX,"Aug. 9, 2020","3,011"
THE UMBRELLA ACADEMY,NETFLIX,"Aug. 16, 2020","1,807"
THE UMBRELLA ACADEMY,NETFLIX,"Aug. 23, 2020","1,088"
THE UMBRELLA ACADEMY,NETFLIX,"Aug. 30, 2020",758
THE UMBRELLA ACADEMY,NETFLIX,"Jun. 26, 2022","2,454"
THE UMBRELLA ACADEMY,NETFLIX,"Jul. 3, 2022","2,219"
THE UMBRELLA ACADEMY,NETFLIX,"Jul. 10, 2022","1,279"
THE UMBRELLA ACADEMY,NETFLIX,"Jul. 17, 2022",714
THE UMBRELLA ACADEMY,NETFLIX,"Jul. 24, 2022",553
THE UMBRELLA ACADEMY,NETFLIX,"Jul. 31, 2022",399
THE UMBRELLA ACADEMY,NETFLIX,"Aug. 7, 2022",274
THE WITCHER,NETFLIX,"Jan. 5, 2020","1,785"
THE WITCHER,NETFLIX,"Dec. 19, 2021","2,191"
THE WITCHER,NETFLIX,"Dec. 26, 2021","2,734"
THE WITCHER,NETFLIX,"Jan. 2, 2022","1,827"
THE WITCHER,NETFLIX,"Jan. 9, 2022","1,105"
THE WITCHER,NETFLIX,"Jan. 16, 2022",624
THE WITCHER,NETFLIX,"Jan. 23, 2022",464
THE WITCHER,NETFLIX,"Jan. 30, 2022",315
THE WITCHER,NETFLIX,"Jul. 2, 2023","1,308"
THE WITCHER,NETFLIX,"Jul. 9, 2023","1,191"
THE WITCHER,NETFLIX,"Jul. 16, 2023",669
THE WITCHER,NETFLIX,"Jul. 23, 2023",480
THE WITCHER,NETFLIX,"Jul. 30, 2023",868
THE WITCHER,NETFLIX,"Aug. 6, 2023",703
THE WITCHER,NETFLIX,"Aug. 13, 2023",421
THE WITCHER,NETFLIX,"Aug. 20, 2023",325
TIGER KING,NETFLIX,"Mar. 22, 2020",760
TIGER KING,NETFLIX,"Mar. 29, 2020","5,338"
TIGER KING,NETFLIX,"Apr. 5, 2020","4,427"
TIGER KING,NETFLIX,"Apr. 12, 2020","2,052"
TIGER KING,NETFLIX,"Nov. 21, 2021",685
TIGER KING,NETFLIX,"Nov. 28, 2021",479
TRIALS OF GABRIEL FERNANDEZ,NETFLIX,"Mar. 8, 2020","1,430"
TRIALS OF GABRIEL FERNANDEZ,NETFLIX,"Mar. 15, 2020",572
VIRGIN RIVER,NETFLIX,"Nov. 29, 2020","1,295"
VIRGIN RIVER,NETFLIX,"Dec. 6, 2020","1,793"
VIRGIN RIVER,NETFLIX,"Dec. 13, 2020",948
VIRGIN RIVER,NETFLIX,"Dec. 20, 2020",681
VIRGIN RIVER,NETFLIX,"Jan. 3, 2021",662
VIRGIN RIVER,NETFLIX,"Jan. 10, 2021",475
VIRGIN RIVER,NETFLIX,"Jan. 17, 2021",340
VIRGIN RIVER,NETFLIX,"Jul. 11, 2021","1,449"
VIRGIN RIVER,NETFLIX,"Jul. 18, 2021","2,109"
VIRGIN RIVER,NETFLIX,"Jul. 25, 2021","1,270"
VIRGIN RIVER,NETFLIX,"Aug. 1, 2021",782
VIRGIN RIVER,NETFLIX,"Aug. 8, 2021",547
VIRGIN RIVER,NETFLIX,"Aug. 15, 2021",419
VIRGIN RIVER,NETFLIX,"Aug. 22, 2021",342
VIRGIN RIVER,NETFLIX,"Aug. 29, 2021",288
VIRGIN RIVER,NETFLIX,"Sep. 5, 2021",233
VIRGIN RIVER,NETFLIX,"Jul. 24, 2022","2,638"
VIRGIN RIVER,NETFLIX,"Jul. 31, 2022","2,397"
VIRGIN RIVER,NETFLIX,"Aug. 7, 2022","1,389"
VIRGIN RIVER,NETFLIX,"Aug. 14, 2022",934
VIRGIN RIVER,NETFLIX,"Aug. 21, 2022",629
VIRGIN RIVER,NETFLIX,"Aug. 28, 2022",471
VIRGIN RIVER,NETFLIX,"Sep. 4, 2022",428
VIRGIN RIVER,NETFLIX,"Sep. 11, 2022",343
VIRGIN RIVER,NETFLIX,"Sep. 10, 2023","1,922"
VIRGIN RIVER,NETFLIX,"Sep. 17, 2023","2,054"
VIRGIN RIVER,NETFLIX,"Sep. 24, 2023","1,235"
VIRGIN RIVER,NETFLIX,"Oct. 1, 2023",709
VIRGIN RIVER,NETFLIX,"Oct. 8, 2023",485
VIRGIN RIVER,NETFLIX,"Oct. 15, 2023",418
VIRGIN RIVER,NETFLIX,"Oct. 22, 2023",308
VIRGIN RIVER,NETFLIX,"Dec. 3, 2023",704
VIRGIN RIVER,NETFLIX,"Dec. 10, 2023",636
VIRGIN RIVER,NETFLIX,"Dec. 17, 2023",398
VIRGIN RIVER,NETFLIX,"Dec. 24, 2023",262
VIRGIN RIVER,NETFLIX,"Dec. 31, 2023",306
YOU,NETFLIX,"Jan. 5, 2020","3,235"
YOU,NETFLIX,"Jan. 12, 2020","1,826"
YOU,NETFLIX,"Oct. 17, 2021","1,938"
YOU,NETFLIX,"Oct. 24, 2021","2,682"
YOU,NETFLIX,"Oct. 31, 2021","1,551"
YOU,NETFLIX,"Nov. 7, 2021",994
YOU,NETFLIX,"Nov. 14, 2021",675
YOU,NETFLIX,"Nov. 21, 2021",489
YOU,NETFLIX,"Feb. 12, 2023","1,733"
YOU,NETFLIX,"Feb. 19, 2023","1,474"
YOU,NETFLIX,"Feb. 26, 2023",797
YOU,NETFLIX,"Mar. 5, 2023",463
YOU,NETFLIX,"Mar. 12, 2023","1,350"
YOU,NETFLIX,"Mar. 19, 2023","1,202"
YOU,NETFLIX,"Mar. 26, 2023",579
YOU,NETFLIX,"Apr. 2, 2023",377
YOU,NETFLIX,"Apr. 9, 2023",300
AMERICAN HORROR STORIES,HULU,"Oct. 29, 2023",327
CANDY,HULU,"May. 15, 2022",577
CANDY,HULU,"May. 22, 2022",359
DOPESICK,HULU,"Nov. 14, 2021",214
ECHO,HULU/DISNEY+,"Jan. 14, 2024",731
FUTURAMA,HULU,"Jul. 30, 2023",506
FUTURAMA,HULU,"Aug. 6, 2023",401
FUTURAMA,HULU,"Aug. 13, 2023",363
FUTURAMA,HULU,"Aug. 27, 2023",335
FUTURAMA,HULU,"Sep. 10, 2023",313
FUTURAMA,HULU,"Sep. 17, 2023",349
FUTURAMA,HULU,"Dec. 3, 2023",216
GOOSEBUMPS,HULU/DISNEY+,"Oct. 15, 2023",553
GOOSEBUMPS,HULU/DISNEY+,"Oct. 22, 2023",594
GOOSEBUMPS,HULU/DISNEY+,"Oct. 29, 2023",445
GOOSEBUMPS,HULU/DISNEY+,"Nov. 5, 2023",308
"HISTORY OF THE WORLD, PART 2",HULU,"Mar. 12, 2023",409
KINDRED,HULU,"Dec. 18, 2022",361
NINE PERFECT STRANGERS,HULU,"Aug. 22, 2021",420
NINE PERFECT STRANGERS,HULU,"Aug. 29, 2021",369
NINE PERFECT STRANGERS,HULU,"Sep. 5, 2021",320
NINE PERFECT STRANGERS,HULU,"Sep. 12, 2021",346
NINE PERFECT STRANGERS,HULU,"Sep. 19, 2021",297
ONLY MURDERS IN THE BUILDING,HULU,"Sep. 5, 2021",444
ONLY MURDERS IN THE BUILDING,HULU,"Sep. 12, 2021",334
ONLY MURDERS IN THE BUILDING,HULU,"Sep. 19, 2021",311
ONLY MURDERS IN THE BUILDING,HULU,"Sep. 26, 2021",299
ONLY MURDERS IN THE BUILDING,HULU,"Oct. 3, 2021",263
ONLY MURDERS IN THE BUILDING,HULU,"Oct. 10, 2021",248
ONLY MURDERS IN THE BUILDING,HULU,"Oct. 17, 2021",317
ONLY MURDERS IN THE BUILDING,HULU,"Oct. 24, 2021",386
ONLY MURDERS IN THE BUILDING,HULU,"Jul. 3, 2022",526
ONLY MURDERS IN THE BUILDING,HULU,"Jul. 10, 2022",256
ONLY MURDERS IN THE BUILDING,HULU,"Jul. 17, 2022",369
ONLY MURDERS IN THE BUILDING,HULU,"Jul. 24, 2022",372
ONLY MURDERS IN THE BUILDING,HULU,"Jul. 31, 2022",391
ONLY MURDERS IN THE BUILDING,HULU,"Aug. 7, 2022",382
ONLY MURDERS IN THE BUILDING,HULU,"Aug. 14, 2022",379
ONLY MURDERS IN THE BUILDING,HULU,"Aug. 21, 2022",415
ONLY MURDERS IN THE BUILDING,HULU,"Aug. 28, 2022",578
ONLY MURDERS IN THE BUILDING,HULU,"Aug. 13, 2023",719
ONLY MURDERS IN THE BUILDING,HULU,"Aug. 20, 2023",590
ONLY MURDERS IN THE BUILDING,HULU,"Aug. 27, 2023",559
ONLY MURDERS IN THE BUILDING,HULU,"Sep. 3, 2023",460
ONLY MURDERS IN THE BUILDING,HULU,"Sep. 10, 2023",470
ONLY MURDERS IN THE BUILDING,HULU,"Sep. 17, 2023",456
ONLY MURDERS IN THE BUILDING,HULU,"Sep. 24, 2023",489
ONLY MURDERS IN THE BUILDING,HULU,"Oct. 1, 2023",505
ONLY MURDERS IN THE BUILDING,HULU,"Oct. 8, 2023",563
PAM & TOMMY,HULU,"Feb. 6, 2022",312
SOLAR OPPOSITES,HULU,"Mar. 28, 2021",196
SOLAR OPPOSITES,HULU,"Apr. 4, 2021",171
SOLAR OPPOSITES,HULU,"Aug. 20, 2023",309
THE ACT,HULU,"Jan. 7, 2024",317
THE BEAR,HULU,"Jul. 3, 2022",349
THE BEAR,HULU,"Jun. 25, 2023",853
THE BEAR,HULU,"Jul. 2, 2023","1,010"
THE BEAR,HULU,"Jul. 9, 2023",791
THE BEAR,HULU,"Jul. 16, 2023",524
THE BEAR,HULU,"Jul. 23, 2023",374
THE BEAR,HULU,"Jan. 21, 2024",391
THE DROPOUT,HULU,"Mar. 6, 2022",255
THE DROPOUT,HULU,"Apr. 3, 2022",190
THE DROPOUT,HULU,"Apr. 10, 2022",232
THE HANDMAID'S TALE,HULU,"May. 2, 2021","1,039"
THE HANDMAID'S TALE,HULU,"May. 9, 2021",690
THE HANDMAID'S TALE,HULU,"May. 16, 2021",584
THE HANDMAID'S TALE,HULU,"May. 23, 2021",516
THE HANDMAID'S TALE,HULU,"May. 30, 2021",439
THE HANDMAID'S TALE,HULU,"Jun. 6, 2021",473
THE HANDMAID'S TALE,HULU,"Jun. 13, 2021",422
THE HANDMAID'S TALE,HULU,"Jun. 20, 2021",505
THE HANDMAID'S TALE,HULU,"Jun. 27, 2021",266
THE HANDMAID'S TALE,HULU,"Jul. 4, 2021",209
THE HANDMAID'S TALE,HULU,"Jul. 11, 2021",185
THE HANDMAID'S TALE,HULU,"Sep. 18, 2022",581
THE HANDMAID'S TALE,HULU,"Sep. 25, 2022",535
THE HANDMAID'S TALE,HULU,"Oct. 2, 2022",544
THE HANDMAID'S TALE,HULU,"Oct. 9, 2022",410
THE HANDMAID'S TALE,HULU,"Oct. 16, 2022",403
THE HANDMAID'S TALE,HULU,"Oct. 23, 2022",398
THE HANDMAID'S TALE,HULU,"Oct. 30, 2022",404
THE HANDMAID'S TALE,HULU,"Nov. 6, 2022",441
THE HANDMAID'S TALE,HULU,"Nov. 13, 2022",520
ALL AMERICAN,NETFLIX,"Mar. 22, 2020","1,784"
ALL AMERICAN,NETFLIX,"Mar. 29, 2020","1,807"
ALL AMERICAN,NETFLIX,"Aug. 1, 2021","1,433"
ALL AMERICAN,NETFLIX,"Aug. 8, 2021","1,157"
ALL AMERICAN,NETFLIX,"Aug. 15, 2021",883
ALL AMERICAN,NETFLIX,"Aug. 22, 2021",643
ALL AMERICAN,NETFLIX,"Aug. 29, 2021",448
ALL AMERICAN,NETFLIX,"Sep. 5, 2021",380
ALL AMERICAN,NETFLIX,"Jun. 5, 2022","1,253"
ALL AMERICAN,NETFLIX,"Jun. 12, 2022","1,149"
ALL AMERICAN,NETFLIX,"Jun. 19, 2022",767
ALL AMERICAN,NETFLIX,"Jun. 26, 2022",560
ALL AMERICAN,NETFLIX,"Jul. 3, 2022",432
ALL AMERICAN,NETFLIX,"Jul. 10, 2022",406
ALL AMERICAN,NETFLIX,"May. 28, 2023",893
ALL AMERICAN,NETFLIX,"Jun. 4, 2023",922
ALL AMERICAN,NETFLIX,"Jun. 11, 2023",625
ALL AMERICAN,NETFLIX,"Jun. 25, 2023",524
ALONE,HULU/NET,"Jul. 10, 2022",577
ALONE,HULU/NET,"Jul. 17, 2022",818
ALONE,HULU/NET,"Jul. 24, 2022",745
ALONE,HULU/NET,"Jul. 31, 2022",468
ALONE,HULU/NET,"Aug. 7, 2022",370
AVATAR: THE LAST AIRBENDER,NETFLIX,"May. 24, 2020","1,933"
AVATAR: THE LAST AIRBENDER,NETFLIX,"May. 31, 2020","1,649"
AVATAR: THE LAST AIRBENDER,PARA/NET,"Mar. 3, 2024",575
AVATAR: THE LAST AIRBENDER,PARA/NET,"Mar. 10, 2024",571
BALLERS,MAX/NET,"Aug. 20, 2023",696
BALLERS,MAX/NET,"Aug. 27, 2023",656
BAND OF BROTHERS,MAX/NET,"Sep. 24, 2023",559
BETTER CALL SAUL,NETFLIX,"Apr. 10, 2022",915
BETTER CALL SAUL,NETFLIX,"Apr. 17, 2022",950
BETTER CALL SAUL,NETFLIX,"Apr. 24, 2022",821
BETTER CALL SAUL,NETFLIX,"May. 1, 2022",568
BETTER CALL SAUL,NETFLIX,"May. 8, 2022",379
BETTER CALL SAUL,NETFLIX,"May. 15, 2022",311
BETTER CALL SAUL,NETFLIX,"Apr. 23, 2023",927
BETTER CALL SAUL,NETFLIX,"Apr. 30, 2023",968
BETTER CALL SAUL,NETFLIX,"May. 7, 2023",673
BETTER CALL SAUL,NETFLIX,"May. 14, 2023",542
BIG TIME RUSH,NETFLIX,"Apr. 4, 2021",248
BLACK LIGHTNING,NETFLIX,"Jun. 27, 2021",278
BLUEY,DISNEY+,"Dec. 5, 2021",289
BLUEY,DISNEY+,"Dec. 12, 2021",304
BLUEY,DISNEY+,"Dec. 19, 2021",286
BLUEY,DISNEY+,"Dec. 26, 2021",312
BLUEY,DISNEY+,"Jan. 2, 2022",328
BLUEY,DISNEY+,"Jan. 16, 2022",325
BLUEY,DISNEY+,"Jan. 23, 2022",385
BLUEY,DISNEY+,"Jan. 30, 2022",343
BLUEY,DISNEY+,"Feb. 6, 2022",310
BLUEY,DISNEY+,"Feb. 20, 2022",298
BLUEY,DISNEY+,"Feb. 27, 2022",304
BLUEY,DISNEY+,"Mar. 6, 2022",316
BLUEY,DISNEY+,"Mar. 13, 2022",312
BLUEY,DISNEY+,"Mar. 20, 2022",275
BLUEY,DISNEY+,"Mar. 27, 2022",316
BLUEY,DISNEY+,"Apr. 3, 2022",351
BLUEY,DISNEY+,"Apr. 10, 2022",326
BLUEY,DISNEY+,"Apr. 17, 2022",321
BLUEY,DISNEY+,"Jun. 12, 2022",306
BLUEY,DISNEY+,"Jun. 26, 2022",345
BLUEY,DISNEY+,"Aug. 14, 2022",917
BLUEY,DISNEY+,"Aug. 21, 2022",681
BLUEY,DISNEY+,"Aug. 28, 2022",615
BLUEY,DISNEY+,"Sep. 4, 2022",581
BLUEY,DISNEY+,"Sep. 11, 2022",524
BLUEY,DISNEY+,"Sep. 18, 2022",503
BLUEY,DISNEY+,"Sep. 25, 2022",518
BLUEY,DISNEY+,"Oct. 9, 2022",411
BLUEY,DISNEY+,"Oct. 16, 2022",423
BLUEY,DISNEY+,"Oct. 23, 2022",493
BLUEY,DISNEY+,"Oct. 30, 2022",517
BLUEY,DISNEY+,"Nov. 6, 2022",566
BLUEY,DISNEY+,"Nov. 13, 2022",687
BLUEY,DISNEY+,"Nov. 20, 2022",534
BLUEY,DISNEY+,"Nov. 27, 2022",630
BLUEY,DISNEY+,"Dec. 4, 2022",535
BLUEY,DISNEY+,"Dec. 11, 2022",546
BLUEY,DISNEY+,"Dec. 18, 2022",583
BLUEY,DISNEY+,"Dec. 25, 2022",624
BLUEY,DISNEY+,"Jan. 1, 2023",741
BLUEY,DISNEY+,"Jan. 8, 2023",705
BLUEY,DISNEY+,"Jan. 15, 2023",646
BLUEY,NETFLIX,"Jan. 22, 2023",695
BLUEY,DISNEY+,"Jan. 29, 2023",628
BLUEY,DISNEY+,"Feb. 5, 2023",642
BLUEY,DISNEY+,"Feb. 12, 2023",637
BLUEY,DISNEY+,"Feb. 19, 2023",734
BLUEY,DISNEY+,"Feb. 26, 2023",789
BLUEY,DISNEY+,"Mar. 5, 2023",736
BLUEY,DISNEY+,"Mar. 12, 2023",705
BLUEY,DISNEY+,"Mar. 19, 2023",749
BLUEY,DISNEY+,"Mar. 26, 2023",744
BLUEY,DISNEY+,"Apr. 2, 2023",767
BLUEY,DISNEY+,"Apr. 9, 2023",737
BLUEY,DISNEY+,"Apr. 16, 2023",744
BLUEY,DISNEY+,"Apr. 23, 2023",713
BLUEY,DISNEY+,"Apr. 30, 2023",715
BLUEY,DISNEY+,"May. 7, 2023",719
BLUEY,DISNEY+,"May. 14, 2023",706
BLUEY,DISNEY+,"May. 21, 2023",708
BLUEY,DISNEY+,"May. 28, 2023",659
BLUEY,DISNEY+,"Jun. 4, 2023",716
BLUEY,DISNEY+,"Jun. 11, 2023",738
BLUEY,DISNEY+,"Jun. 18, 2023",669
BLUEY,DISNEY+,"Jun. 25, 2023",770
BLUEY,DISNEY+,"Jul. 2, 2023",803
BLUEY,DISNEY+,"Jul. 9, 2023",849
BLUEY,DISNEY+,"Jul. 16, 2023","1,353"
BLUEY,DISNEY+,"Jul. 23, 2023","1,219"
BLUEY,DISNEY+,"Jul. 30, 2023","1,065"
BLUEY,DISNEY+,"Aug. 6, 2023","1,089"
BLUEY,DISNEY+,"Aug. 13, 2023","1,066"
BLUEY,DISNEY+,"Aug. 20, 2023","1,007"
BLUEY,NETFLIX,"Aug. 27, 2023","1,027"
BLUEY,DISNEY+,"Sep. 3, 2023","1,012"
BLUEY,DISNEY+,"Sep. 10, 2023",973
BLUEY,DISNEY+,"Sep. 17, 2023",835
BLUEY,DISNEY+,"Sep. 24, 2023",856
BLUEY,DISNEY+,"Oct. 1, 2023",794
BLUEY,DISNEY+,"Oct. 8, 2023",701
BLUEY,DISNEY+,"Oct. 15, 2023",781
BLUEY,DISNEY+,"Oct. 22, 2023",840
BLUEY,DISNEY+,"Oct. 29, 2023",771
BLUEY,DISNEY+,"Nov. 5, 2023",774
BLUEY,DISNEY+,"Nov. 12, 2023",918
BLUEY,DISNEY+,"Nov. 19, 2023",921
BLUEY,DISNEY+,"Nov. 26, 2023","1,167"
BLUEY,DISNEY+,"Dec. 3, 2023",905
BLUEY,DISNEY+,"Dec. 10, 2023",838
BLUEY,DISNEY+,"Dec. 17, 2023",818
BLUEY,DISNEY+,"Dec. 24, 2023",925
BLUEY,DISNEY+,"Dec. 31, 2023","1,113"
BLUEY,DISNEY+,"Jan. 7, 2024","1,251"
BLUEY,DISNEY+,"Jan. 14, 2024","1,495"
BLUEY,DISNEY+,"Jan. 21, 2024","1,502"
BLUEY,DISNEY+,"Jan. 28, 2024","1,251"
BLUEY,DISNEY+,"Feb. 4, 2024","1,145"
BLUEY,DISNEY+,"Feb. 11, 2024","1,138"
BLUEY,DISNEY+,"Feb. 18, 2024","1,173"
BLUEY,DISNEY+,"Feb. 25, 2024","1,081"
BLUEY,DISNEY+,"Mar. 3, 2024","1,089"
BLUEY,DISNEY+,"Mar. 10, 2024","1,097"
BONES,NETFLIX,"May. 9, 2021",254
BONES,NETFLIX,"Jul. 25, 2021",292
BONES,NETFLIX,"Dec. 19, 2021",274
BONES,HULU/AMA,"Jan. 30, 2022",329
BOTCHED,PEA/NET,"Nov. 5, 2023",566
BREAKING BAD,NETFLIX,"Apr. 24, 2022",310
BREAKING BAD,NETFLIX,"Aug. 28, 2022",397
BREAKING BAD,NETFLIX,"Sep. 4, 2022",422
BROOKLYN NINE-NINE,PEA/NET,"Mar. 3, 2024",847
BROOKLYN NINE-NINE,PEA/NET,"Mar. 10, 2024","1,038"
BUNKD,NETFLIX,"Jul. 2, 2023",436
CALL THE MIDWIFE,NETFLIX,"Mar. 27, 2022",415
CALL THE MIDWIFE,NETFLIX,"Apr. 3, 2022",304
CALL THE MIDWIFE,NETFLIX,"Sep. 11, 2022",506
CALL THE MIDWIFE,NETFLIX,"Sep. 10, 2023",517
CHICAGO MED,NETFLIX,"Aug. 1, 2021",457
CHICAGO MED,NETFLIX,"Aug. 8, 2021",544
CHICAGO MED,NETFLIX,"Aug. 15, 2021",527
CHICAGO MED,NETFLIX,"Aug. 22, 2021",438
CHICAGO MED,NETFLIX,"Aug. 29, 2021",497
CHICAGO MED,NETFLIX,"Sep. 5, 2021",457
CHICAGO MED,NETFLIX,"Sep. 12, 2021",342
COCOMELON,NETFLIX,"Aug. 30, 2020",336
COCOMELON,NETFLIX,"Jan. 10, 2021",612
COCOMELON,NETFLIX,"Jan. 17, 2021",468
COCOMELON,NETFLIX,"Jan. 24, 2021",526
COCOMELON,NETFLIX,"Jan. 31, 2021",528
COCOMELON,NETFLIX,"Feb. 7, 2021",564
COCOMELON,NETFLIX,"Feb. 14, 2021",587
COCOMELON,NETFLIX,"Feb. 21, 2021",521
COCOMELON,NETFLIX,"Feb. 28, 2021",534
COCOMELON,NETFLIX,"Mar. 7, 2021",475
COCOMELON,NETFLIX,"Mar. 14, 2021",458
COCOMELON,NETFLIX,"Mar. 21, 2021",506
COCOMELON,NETFLIX,"Mar. 28, 2021",599
COCOMELON,NETFLIX,"Apr. 4, 2021",515
COCOMELON,NETFLIX,"Apr. 11, 2021",475
COCOMELON,NETFLIX,"Apr. 18, 2021",609
COCOMELON,NETFLIX,"Apr. 25, 2021",584
COCOMELON,NETFLIX,"May. 2, 2021",517
COCOMELON,NETFLIX,"May. 9, 2021",519
COCOMELON,NETFLIX,"May. 16, 2021",551
COCOMELON,NETFLIX,"May. 23, 2021",517
COCOMELON,NETFLIX,"May. 30, 2021",543
COCOMELON,NETFLIX,"Jun. 6, 2021",419
COCOMELON,NETFLIX,"Jun. 13, 2021",515
COCOMELON,NETFLIX,"Jun. 20, 2021",776
COCOMELON,NETFLIX,"Jun. 27, 2021",712
COCOMELON,NETFLIX,"Jul. 4, 2021",708
COCOMELON,NETFLIX,"Jul. 11, 2021",667
COCOMELON,NETFLIX,"Jul. 18, 2021",699
COCOMELON,NETFLIX,"Jul. 25, 2021",679
COCOMELON,NETFLIX,"Aug. 1, 2021",718
COCOMELON,NETFLIX,"Aug. 8, 2021",705
COCOMELON,NETFLIX,"Aug. 15, 2021",714
COCOMELON,NETFLIX,"Aug. 22, 2021",732
COCOMELON,NETFLIX,"Aug. 29, 2021",719
COCOMELON,NETFLIX,"Sep. 5, 2021",745
COCOMELON,NETFLIX,"Sep. 12, 2021",636
COCOMELON,NETFLIX,"Sep. 19, 2021",703
COCOMELON,NETFLIX,"Sep. 26, 2021",675
COCOMELON,NETFLIX,"Oct. 3, 2021",635
COCOMELON,NETFLIX,"Oct. 10, 2021",626
COCOMELON,NETFLIX,"Oct. 17, 2021",662
COCOMELON,NETFLIX,"Oct. 24, 2021",748
COCOMELON,NETFLIX,"Oct. 31, 2021",807
COCOMELON,NETFLIX,"Nov. 7, 2021",767
COCOMELON,NETFLIX,"Nov. 14, 2021",812
COCOMELON,NETFLIX,"Nov. 21, 2021",869
COCOMELON,NETFLIX,"Nov. 28, 2021",797
COCOMELON,NETFLIX,"Dec. 5, 2021",786
COCOMELON,NETFLIX,"Dec. 12, 2021",835
COCOMELON,NETFLIX,"Dec. 19, 2021",840
COCOMELON,NETFLIX,"Dec. 26, 2021",707
COCOMELON,NETFLIX,"Jan. 2, 2022",751
COCOMELON,NETFLIX,"Jan. 9, 2022",748
COCOMELON,NETFLIX,"Jan. 16, 2022",707
COCOMELON,NETFLIX,"Jan. 23, 2022",686
COCOMELON,NETFLIX,"Jan. 30, 2022",641
COCOMELON,NETFLIX,"Feb. 6, 2022",742
COCOMELON,NETFLIX,"Feb. 13, 2022",674
COCOMELON,NETFLIX,"Feb. 20, 2022",661
COCOMELON,NETFLIX,"Feb. 27, 2022",701
COCOMELON,NETFLIX,"Mar. 6, 2022",647
COCOMELON,NETFLIX,"Mar. 13, 2022",620
COCOMELON,NETFLIX,"Mar. 20, 2022",721
COCOMELON,NETFLIX,"Mar. 27, 2022",645
COCOMELON,NETFLIX,"Apr. 3, 2022",634
COCOMELON,NETFLIX,"Apr. 10, 2022",771
COCOMELON,NETFLIX,"Apr. 17, 2022",719
COCOMELON,NETFLIX,"Apr. 24, 2022",730
COCOMELON,NETFLIX,"May. 1, 2022",767
COCOMELON,NETFLIX,"May. 8, 2022",701
COCOMELON,NETFLIX,"May. 15, 2022",715
COCOMELON,NETFLIX,"May. 22, 2022",682
COCOMELON,NETFLIX,"May. 29, 2022",632
COCOMELON,NETFLIX,"Jun. 5, 2022",615
COCOMELON,NETFLIX,"Jun. 12, 2022",664
COCOMELON,NETFLIX,"Jun. 19, 2022",600
COCOMELON,NETFLIX,"Jun. 26, 2022",619
COCOMELON,NETFLIX,"Jul. 3, 2022",655
COCOMELON,NETFLIX,"Jul. 10, 2022",684
COCOMELON,NETFLIX,"Jul. 17, 2022",692
COCOMELON,NETFLIX,"Jul. 24, 2022",705
COCOMELON,NETFLIX,"Jul. 31, 2022",696
COCOMELON,NETFLIX,"Aug. 7, 2022",741
COCOMELON,NETFLIX,"Aug. 14, 2022",702
COCOMELON,NETFLIX,"Aug. 21, 2022",602
COCOMELON,NETFLIX,"Aug. 28, 2022",677
COCOMELON,NETFLIX,"Sep. 4, 2022",693
COCOMELON,NETFLIX,"Sep. 11, 2022",701
COCOMELON,NETFLIX,"Sep. 18, 2022",785
COCOMELON,NETFLIX,"Sep. 25, 2022",817
COCOMELON,NETFLIX,"Oct. 2, 2022",782
COCOMELON,NETFLIX,"Oct. 9, 2022",773
COCOMELON,NETFLIX,"Oct. 16, 2022",723
COCOMELON,NETFLIX,"Oct. 23, 2022",757
COCOMELON,NETFLIX,"Oct. 30, 2022",804
COCOMELON,NETFLIX,"Nov. 6, 2022",862
COCOMELON,NETFLIX,"Nov. 13, 2022",791
COCOMELON,NETFLIX,"Nov. 20, 2022",860
COCOMELON,NETFLIX,"Nov. 27, 2022",702
COCOMELON,NETFLIX,"Dec. 4, 2022",873
COCOMELON,NETFLIX,"Dec. 11, 2022",945
COCOMELON,NETFLIX,"Dec. 18, 2022",959
COCOMELON,NETFLIX,"Dec. 25, 2022",991
COCOMELON,NETFLIX,"Jan. 1, 2023",932
COCOMELON,NETFLIX,"Jan. 8, 2023",960
COCOMELON,NETFLIX,"Jan. 15, 2023",919
COCOMELON,NETFLIX,"Jan. 22, 2023",885
COCOMELON,NETFLIX,"Jan. 29, 2023",929
COCOMELON,NETFLIX,"Feb. 5, 2023",790
COCOMELON,NETFLIX,"Feb. 12, 2023",766
COCOMELON,NETFLIX,"Feb. 19, 2023",833
COCOMELON,NETFLIX,"Feb. 26, 2023",884
COCOMELON,NETFLIX,"Mar. 5, 2023",765
COCOMELON,NETFLIX,"Mar. 12, 2023",727
COCOMELON,NETFLIX,"Mar. 19, 2023",704
COCOMELON,NETFLIX,"Mar. 26, 2023",775
COCOMELON,NETFLIX,"Apr. 2, 2023",810
COCOMELON,NETFLIX,"Apr. 9, 2023",683
COCOMELON,NETFLIX,"Apr. 16, 2023",830
COCOMELON,NETFLIX,"Apr. 23, 2023",828
COCOMELON,NETFLIX,"Apr. 30, 2023",804
COCOMELON,NETFLIX,"May. 7, 2023",759
COCOMELON,NETFLIX,"May. 14, 2023",648
COCOMELON,NETFLIX,"May. 21, 2023",676
COCOMELON,NETFLIX,"May. 28, 2023",690
COCOMELON,NETFLIX,"Jun. 4, 2023",604
COCOMELON,NETFLIX,"Jun. 11, 2023",617
COCOMELON,NETFLIX,"Jun. 18, 2023",541
COCOMELON,NETFLIX,"Jun. 25, 2023",654
COCOMELON,NETFLIX,"Jul. 2, 2023",562
COCOMELON,NETFLIX,"Jul. 9, 2023",578
COCOMELON,NETFLIX,"Jul. 16, 2023",648
COCOMELON,NETFLIX,"Jul. 23, 2023",617
COCOMELON,NETFLIX,"Jul. 30, 2023",606
COCOMELON,NETFLIX,"Aug. 6, 2023",652
COCOMELON,NETFLIX,"Aug. 13, 2023",654
COCOMELON,NETFLIX,"Aug. 20, 2023",629
COCOMELON,NETFLIX,"Aug. 27, 2023",644
COCOMELON,NETFLIX,"Sep. 3, 2023",643
COCOMELON,NETFLIX,"Sep. 10, 2023",587
COCOMELON,NETFLIX,"Sep. 17, 2023",666
COCOMELON,NETFLIX,"Sep. 24, 2023",605
COCOMELON,NETFLIX,"Oct. 1, 2023",613
COCOMELON,NETFLIX,"Oct. 8, 2023",597
COCOMELON,NETFLIX,"Oct. 15, 2023",604
COCOMELON,NETFLIX,"Oct. 22, 2023",667
COCOMELON,NETFLIX,"Oct. 29, 2023",660
COCOMELON,NETFLIX,"Nov. 5, 2023",641
COCOMELON,NETFLIX,"Nov. 12, 2023",630
COCOMELON,NETFLIX,"Nov. 19, 2023",643
COCOMELON,NETFLIX,"Nov. 26, 2023",541
COCOMELON,NETFLIX,"Dec. 3, 2023",552
COCOMELON,NETFLIX,"Dec. 10, 2023",564
COCOMELON,NETFLIX,"Dec. 17, 2023",487
COCOMELON,NETFLIX,"Dec. 24, 2023",521
COCOMELON,NETFLIX,"Dec. 31, 2023",506
COCOMELON,NETFLIX,"Jan. 14, 2024",541
COCOMELON,NETFLIX,"Jan. 21, 2024",642
COCOMELON,NETFLIX,"Feb. 4, 2024",579
CRIMINAL MINDS,NETFLIX,"Mar. 15, 2020",695
CRIMINAL MINDS,NETFLIX,"Mar. 22, 2020",825
CRIMINAL MINDS,NETFLIX,"Mar. 29, 2020",867
CRIMINAL MINDS,NETFLIX,"Aug. 9, 2020",697
CRIMINAL MINDS,NETFLIX,"Aug. 16, 2020",705
CRIMINAL MINDS,NETFLIX,"Aug. 23, 2020",713
CRIMINAL MINDS,NETFLIX,"Aug. 30, 2020",671
CRIMINAL MINDS,NETFLIX,"Sep. 6, 2020",675
CRIMINAL MINDS,NETFLIX,"Sep. 13, 2020",783
CRIMINAL MINDS,NETFLIX,"Sep. 20, 2020",625
CRIMINAL MINDS,NETFLIX,"Sep. 27, 2020",680
CRIMINAL MINDS,NETFLIX,"Oct. 4, 2020",604
CRIMINAL MINDS,NETFLIX,"Oct. 11, 2020",656
CRIMINAL MINDS,NETFLIX,"Oct. 18, 2020",647
CRIMINAL MINDS,NETFLIX,"Oct. 25, 2020",567
CRIMINAL MINDS,NETFLIX,"Nov. 1, 2020",620
CRIMINAL MINDS,NETFLIX,"Nov. 8, 2020",635
CRIMINAL MINDS,NETFLIX,"Nov. 15, 2020",591
CRIMINAL MINDS,NETFLIX,"Nov. 22, 2020",560
CRIMINAL MINDS,NETFLIX,"Nov. 29, 2020",713
CRIMINAL MINDS,NETFLIX,"Dec. 6, 2020",628
CRIMINAL MINDS,NETFLIX,"Dec. 13, 2020",681
CRIMINAL MINDS,NETFLIX,"Dec. 20, 2020",651
CRIMINAL MINDS,NETFLIX,"Dec. 27, 2020",648
CRIMINAL MINDS,NETFLIX,"Jan. 3, 2021",711
CRIMINAL MINDS,NETFLIX,"Jan. 10, 2021",842
CRIMINAL MINDS,NETFLIX,"Jan. 17, 2021",853
CRIMINAL MINDS,NETFLIX,"Jan. 24, 2021",939
CRIMINAL MINDS,NETFLIX,"Jan. 31, 2021",984
CRIMINAL MINDS,NETFLIX,"Feb. 7, 2021",904
CRIMINAL MINDS,NETFLIX,"Feb. 14, 2021",948
CRIMINAL MINDS,NETFLIX,"Feb. 21, 2021",877
CRIMINAL MINDS,NETFLIX,"Feb. 28, 2021",800
CRIMINAL MINDS,NETFLIX,"Mar. 7, 2021",929
CRIMINAL MINDS,NETFLIX,"Mar. 14, 2021",699
CRIMINAL MINDS,NETFLIX,"Mar. 21, 2021",647
CRIMINAL MINDS,NETFLIX,"Mar. 28, 2021",656
CRIMINAL MINDS,NETFLIX,"Apr. 4, 2021",489
CRIMINAL MINDS,NETFLIX,"Apr. 11, 2021",567
CRIMINAL MINDS,NETFLIX,"Apr. 18, 2021",575
CRIMINAL MINDS,NETFLIX,"Apr. 25, 2021",630
CRIMINAL MINDS,NETFLIX,"May. 2, 2021",680
CRIMINAL MINDS,NETFLIX,"May. 9, 2021",658
CRIMINAL MINDS,NETFLIX,"May. 16, 2021",579
CRIMINAL MINDS,NETFLIX,"May. 23, 2021",644
CRIMINAL MINDS,NETFLIX,"May. 30, 2021",616
CRIMINAL MINDS,NETFLIX,"Jun. 6, 2021",708
CRIMINAL MINDS,NETFLIX,"Jun. 13, 2021",656
CRIMINAL MINDS,NETFLIX,"Jun. 20, 2021",567
CRIMINAL MINDS,NETFLIX,"Jun. 27, 2021",549
CRIMINAL MINDS,NETFLIX,"Jul. 4, 2021",647
CRIMINAL MINDS,NETFLIX,"Jul. 11, 2021",674
CRIMINAL MINDS,NETFLIX,"Jul. 18, 2021",592
CRIMINAL MINDS,NETFLIX,"Jul. 25, 2021",630
CRIMINAL MINDS,NETFLIX,"Aug. 1, 2021",619
CRIMINAL MINDS,NETFLIX,"Aug. 8, 2021",579
CRIMINAL MINDS,NETFLIX,"Aug. 15, 2021",564
CRIMINAL MINDS,NETFLIX,"Aug. 22, 2021",581
CRIMINAL MINDS,NETFLIX,"Aug. 29, 2021",587
CRIMINAL MINDS,NETFLIX,"Sep. 5, 2021",593
CRIMINAL MINDS,NETFLIX,"Sep. 12, 2021",649
CRIMINAL MINDS,NETFLIX,"Sep. 19, 2021",687
CRIMINAL MINDS,NETFLIX,"Sep. 26, 2021",651
CRIMINAL MINDS,NETFLIX,"Oct. 3, 2021",515
CRIMINAL MINDS,NETFLIX,"Oct. 10, 2021",506
CRIMINAL MINDS,NETFLIX,"Oct. 17, 2021",490
CRIMINAL MINDS,NETFLIX,"Oct. 24, 2021",510
CRIMINAL MINDS,NETFLIX,"Oct. 31, 2021",549
CRIMINAL MINDS,NETFLIX,"Nov. 7, 2021",605
CRIMINAL MINDS,NETFLIX,"Nov. 14, 2021",563
CRIMINAL MINDS,NETFLIX,"Nov. 21, 2021",517
CRIMINAL MINDS,NETFLIX,"Nov. 28, 2021",553
CRIMINAL MINDS,NETFLIX,"Dec. 5, 2021",544
CRIMINAL MINDS,NETFLIX,"Dec. 12, 2021",572
CRIMINAL MINDS,NETFLIX,"Dec. 19, 2021",631
CRIMINAL MINDS,NETFLIX,"Dec. 26, 2021",582
CRIMINAL MINDS,NETFLIX,"Jan. 2, 2022",636
CRIMINAL MINDS,NETFLIX,"Jan. 9, 2022",672
CRIMINAL MINDS,NETFLIX,"Jan. 16, 2022",687
CRIMINAL MINDS,NETFLIX,"Jan. 23, 2022",648
CRIMINAL MINDS,NETFLIX,"Jan. 30, 2022",662
CRIMINAL MINDS,NETFLIX,"Feb. 6, 2022",657
CRIMINAL MINDS,NETFLIX,"Feb. 13, 2022",653
CRIMINAL MINDS,NETFLIX,"Feb. 20, 2022",647
CRIMINAL MINDS,NETFLIX,"Feb. 27, 2022",889
CRIMINAL MINDS,NETFLIX,"Mar. 6, 2022",773
CRIMINAL MINDS,NETFLIX,"Mar. 13, 2022",634
CRIMINAL MINDS,NETFLIX,"Mar. 20, 2022",599
CRIMINAL MINDS,NETFLIX,"Mar. 27, 2022",635
CRIMINAL MINDS,NETFLIX,"Apr. 3, 2022",555
CRIMINAL MINDS,NETFLIX,"Apr. 10, 2022",538
CRIMINAL MINDS,NETFLIX,"Apr. 17, 2022",532
CRIMINAL MINDS,NETFLIX,"Apr. 24, 2022",614
CRIMINAL MINDS,NETFLIX,"May. 1, 2022",511
CRIMINAL MINDS,NETFLIX,"May. 8, 2022",523
CRIMINAL MINDS,NETFLIX,"May. 15, 2022",546
CRIMINAL MINDS,NETFLIX,"May. 22, 2022",501
CRIMINAL MINDS,NETFLIX,"May. 29, 2022",526
CRIMINAL MINDS,NETFLIX,"Jun. 5, 2022",558
CRIMINAL MINDS,NETFLIX,"Jun. 12, 2022",626
CRIMINAL MINDS,NETFLIX,"Jun. 19, 2022",679
CRIMINAL MINDS,NETFLIX,"Jun. 26, 2022",732
CRIMINAL MINDS,NETFLIX,"Jul. 3, 2022",452
CRIMINAL MINDS,NETFLIX,"Nov. 27, 2022",550
CRIMINAL MINDS,HULU,"Dec. 4, 2022",528
CRIMINAL MINDS,HULU,"Dec. 11, 2022",551
CRIMINAL MINDS,HULU,"Dec. 18, 2022",672
CRIMINAL MINDS,NETFLIX,"Dec. 25, 2022",530
CRIMINAL MINDS,HULU,"Jan. 1, 2023",629
CRIMINAL MINDS,HULU,"Jan. 15, 2023",569
CRIMINAL MINDS,NETFLIX,"Jan. 22, 2023",659
CRIMINAL MINDS,NETFLIX,"Jan. 29, 2023",618
CRIMINAL MINDS,NETFLIX,"Feb. 5, 2023",675
CRIMINAL MINDS,NETFLIX,"Feb. 12, 2023",683
CRIMINAL MINDS,HULU,"Jun. 18, 2023",457
CRIMINAL MINDS,HULU,"Jun. 25, 2023",503
CRIMINAL MINDS,HULU,"Dec. 10, 2023",469
CRIMINAL MINDS,HULU/PARA+,"Jan. 14, 2024",560
CRIMINAL MINDS,HULU/PARA+,"Jan. 21, 2024",637
CRIMINAL MINDS,HULU/PARA+,"Feb. 4, 2024",611
CRIMINAL MINDS,NETFLIX,"Feb. 18, 2024",584
CRIMINAL MINDS,HULU/PARA+,"Mar. 10, 2024",489
DEXTER,NETFLIX,"Aug. 9, 2020",316
DEXTER,AMAZON,"Nov. 14, 2021",332
DEXTER,NETFLIX,"Nov. 28, 2021",321
DEXTER,NETFLIX,"Jan. 2, 2022",335
DIRTY JOHN,NETFLIX,"Jun. 6, 2021",761
DIRTY JOHN,NETFLIX,"Jun. 13, 2021",474
DOWNTON ABBEY,NETFLIX,"Jun. 6, 2021",374
DOWNTON ABBEY,NETFLIX,"Jun. 13, 2021",630
DOWNTON ABBEY,NETFLIX,"Jun. 20, 2021","1,259"
DOWNTON ABBEY,NETFLIX,"Jun. 27, 2021",572
DOWNTON ABBEY,NETFLIX,"Jul. 4, 2021",506
DOWNTON ABBEY,NETFLIX,"Jul. 11, 2021",489
DOWNTON ABBEY,NETFLIX,"Jul. 18, 2021",421
DOWNTON ABBEY,NETFLIX,"Jul. 25, 2021",407
DOWNTON ABBEY,NETFLIX,"Aug. 1, 2021",373
DOWNTON ABBEY,NETFLIX,"Aug. 22, 2021",428
DOWNTON ABBEY,NETFLIX,"Sep. 19, 2021",332
DOWNTON ABBEY,NETFLIX,"Sep. 26, 2021",277
DOWNTON ABBEY,NETFLIX,"Oct. 3, 2021",301
DOWNTON ABBEY,NETFLIX,"Jan. 16, 2022",339
DOWNTON ABBEY,NETFLIX,"Jan. 23, 2022",317
DOWNTON ABBEY,NETFLIX,"Feb. 13, 2022",267
DOWNTON ABBEY,NETFLIX,"Feb. 20, 2022",291
DOWNTON ABBEY,NETFLIX,"Feb. 27, 2022",303
DOWNTON ABBEY,NETFLIX,"Mar. 6, 2022",262
DOWNTON ABBEY,NETFLIX,"May. 22, 2022",368
DOWNTON ABBEY,NETFLIX,"May. 29, 2022",354
DYNASTY,NETFLIX,"Oct. 2, 2022",450
FACE OFF,PEA/NET,"Nov. 12, 2023",576
FRIDAY NIGHT LIGHTS,NETFLIX,"Sep. 12, 2021",303
FRIENDS,HBO MAX,"Jun. 5, 2022",346
FRIENDS,HBO MAX,"Jun. 12, 2022",433
FRIENDS,HBO MAX,"Jun. 19, 2022",513
FRIENDS,HBO MAX,"Jun. 26, 2022",457
FRIENDS,HBO MAX,"Jul. 10, 2022",512
FRIENDS,HBO MAX,"Jul. 17, 2022",423
FRIENDS,HBO MAX,"Jul. 24, 2022",402
FRIENDS,HBO MAX,"Aug. 7, 2022",441
FRIENDS,HBO MAX,"Aug. 21, 2022",467
FRIENDS,HBO MAX,"Aug. 28, 2022",460
FRIENDS,HBO MAX,"Sep. 4, 2022",480
FRIENDS,HBO MAX,"Sep. 11, 2022",501
FRIENDS,HBO MAX,"Sep. 18, 2022",433
FRIENDS,HBO MAX,"Sep. 25, 2022",457
FRIENDS,HBO MAX,"Oct. 16, 2022",450
FRIENDS,HBO MAX,"Oct. 30, 2022",493
FRIENDS,HBO MAX,"Nov. 6, 2022",526
FRIENDS,HBO MAX,"Nov. 13, 2022",562
FRIENDS,HBO MAX,"Nov. 20, 2022",613
FRIENDS,HBO MAX,"Nov. 27, 2022",660
FRIENDS,HBO MAX,"Dec. 4, 2022",652
FRIENDS,HBO MAX,"Dec. 11, 2022",737
FRIENDS,HBO MAX,"Dec. 18, 2022",723
FRIENDS,HBO MAX,"Dec. 25, 2022",593
FRIENDS,HBO MAX,"Jan. 1, 2023",651
FRIENDS,HBO MAX,"Jan. 8, 2023",705
FRIENDS,HBO MAX,"Jan. 15, 2023",648
FRIENDS,HBO MAX,"Jan. 22, 2023",659
FRIENDS,HBO MAX,"Jan. 29, 2023",628
FRIENDS,HBO MAX,"Feb. 5, 2023",626
FRIENDS,HBO MAX,"Feb. 12, 2023",510
FRIENDS,HBO MAX,"Mar. 12, 2023",511
FRIENDS,HBO MAX,"Mar. 19, 2023",486
FRIENDS,HBO MAX,"Apr. 2, 2023",403
FRIENDS,MAX,"Aug. 6, 2023",473
FRIENDS,MAX,"Aug. 20, 2023",435
FRIENDS,MAX,"Sep. 3, 2023",481
FRIENDS,MAX,"Sep. 10, 2023",458
FRIENDS,MAX,"Sep. 17, 2023",400
FRIENDS,MAX,"Oct. 8, 2023",424
FRIENDS,MAX,"Oct. 22, 2023",446
FRIENDS,MAX,"Oct. 29, 2023",583
FRIENDS,MAX,"Nov. 5, 2023",860
FRIENDS,MAX,"Nov. 12, 2023",716
FRIENDS,MAX,"Nov. 19, 2023",750
FRIENDS,MAX,"Nov. 26, 2023",716
FRIENDS,MAX,"Dec. 3, 2023",682
FRIENDS,MAX,"Dec. 10, 2023",504
FRIENDS,MAX,"Dec. 17, 2023",475
FRIENDS,MAX,"Dec. 24, 2023",479
FRIENDS,MAX,"Dec. 31, 2023",468
FRIENDS,MAX,"Jan. 7, 2024",592
FRIENDS,MAX,"Jan. 14, 2024",548
GAME OF THRONES,HBO MAX,"Jul. 31, 2022",368
GAME OF THRONES,HBO MAX,"Aug. 14, 2022",431
GAME OF THRONES,HBO MAX,"Aug. 21, 2022",559
GAME OF THRONES,HBO MAX,"Aug. 28, 2022",909
GAME OF THRONES,HBO MAX,"Sep. 4, 2022",792
GAME OF THRONES,HBO MAX,"Sep. 11, 2022",805
GAME OF THRONES,HBO MAX,"Sep. 18, 2022",700
GAME OF THRONES,HBO MAX,"Sep. 25, 2022",586
GAME OF THRONES,HBO MAX,"Oct. 2, 2022",596
GAME OF THRONES,HBO MAX,"Oct. 9, 2022",570
GAME OF THRONES,HBO MAX,"Oct. 16, 2022",421
GAME OF THRONES,HBO MAX,"Nov. 6, 2022",414
GAME OF THRONES,HBO MAX,"Nov. 13, 2022",432
GILMORE GIRLS,NETFLIX,"Mar. 21, 2021",295
GILMORE GIRLS,NETFLIX,"Mar. 28, 2021",352
GILMORE GIRLS,NETFLIX,"Apr. 4, 2021",283
GILMORE GIRLS,NETFLIX,"Apr. 11, 2021",315
GILMORE GIRLS,NETFLIX,"Apr. 25, 2021",294
GILMORE GIRLS,NETFLIX,"May. 2, 2021",293
GILMORE GIRLS,NETFLIX,"May. 23, 2021",221
GILMORE GIRLS,NETFLIX,"Jun. 20, 2021",289
GILMORE GIRLS,NETFLIX,"Jul. 4, 2021",259
GILMORE GIRLS,NETFLIX,"Jul. 18, 2021",295
GILMORE GIRLS,NETFLIX,"Sep. 26, 2021",257
GILMORE GIRLS,NETFLIX,"Oct. 3, 2021",382
GILMORE GIRLS,NETFLIX,"Oct. 10, 2021",298
GILMORE GIRLS,NETFLIX,"Nov. 14, 2021",369
GILMORE GIRLS,NETFLIX,"Nov. 21, 2021",315
GILMORE GIRLS,NETFLIX,"Nov. 28, 2021",361
GILMORE GIRLS,NETFLIX,"Dec. 5, 2021",286
GILMORE GIRLS,NETFLIX,"Jan. 23, 2022",316
GILMORE GIRLS,NETFLIX,"Mar. 6, 2022",318
GILMORE GIRLS,NETFLIX,"Mar. 13, 2022",281
GILMORE GIRLS,NETFLIX,"Mar. 20, 2022",395
GILMORE GIRLS,NETFLIX,"Mar. 27, 2022",349
GILMORE GIRLS,NETFLIX,"May. 8, 2022",300
GILMORE GIRLS,NETFLIX,"May. 22, 2022",310
GILMORE GIRLS,NETFLIX,"May. 29, 2022",261
GILMORE GIRLS,NETFLIX,"Jun. 5, 2022",438
GILMORE GIRLS,NETFLIX,"Jul. 3, 2022",376
GILMORE GIRLS,NETFLIX,"Jul. 10, 2022",385
GILMORE GIRLS,NETFLIX,"Jul. 17, 2022",431
GILMORE GIRLS,NETFLIX,"Jul. 24, 2022",489
GILMORE GIRLS,NETFLIX,"Jul. 31, 2022",367
GILMORE GIRLS,NETFLIX,"Aug. 7, 2022",383
GILMORE GIRLS,NETFLIX,"Aug. 14, 2022",456
GILMORE GIRLS,NETFLIX,"Sep. 18, 2022",443
GILMORE GIRLS,NETFLIX,"Sep. 25, 2022",478
GILMORE GIRLS,NETFLIX,"Oct. 2, 2022",502
GILMORE GIRLS,NETFLIX,"Oct. 9, 2022",703
GILMORE GIRLS,NETFLIX,"Oct. 16, 2022",628
GILMORE GIRLS,NETFLIX,"Oct. 23, 2022",792
GILMORE GIRLS,NETFLIX,"Oct. 30, 2022",617
GILMORE GIRLS,NETFLIX,"Nov. 6, 2022",679
GILMORE GIRLS,NETFLIX,"Nov. 13, 2022",637
GILMORE GIRLS,NETFLIX,"Nov. 20, 2022",634
GILMORE GIRLS,NETFLIX,"Nov. 27, 2022",610
GILMORE GIRLS,NETFLIX,"Dec. 4, 2022",619
GILMORE GIRLS,NETFLIX,"Dec. 11, 2022",628
GILMORE GIRLS,NETFLIX,"Dec. 18, 2022",470
GILMORE GIRLS,NETFLIX,"Dec. 25, 2022",514
GILMORE GIRLS,NETFLIX,"Jan. 1, 2023",650
GILMORE GIRLS,NETFLIX,"Jan. 8, 2023",659
GILMORE GIRLS,NETFLIX,"Jan. 15, 2023",609
GILMORE GIRLS,NETFLIX,"Jan. 29, 2023",625
GILMORE GIRLS,NETFLIX,"Feb. 12, 2023",534
GILMORE GIRLS,NETFLIX,"Feb. 19, 2023",520
GILMORE GIRLS,NETFLIX,"Feb. 26, 2023",518
GILMORE GIRLS,NETFLIX,"Mar. 5, 2023",498
GILMORE GIRLS,NETFLIX,"Mar. 12, 2023",515
GILMORE GIRLS,NETFLIX,"Mar. 19, 2023",507
GILMORE GIRLS,NETFLIX,"Mar. 26, 2023",408
GILMORE GIRLS,NETFLIX,"Apr. 9, 2023",374
GILMORE GIRLS,NETFLIX,"Jun. 11, 2023",450
GILMORE GIRLS,NETFLIX,"Jul. 23, 2023",438
GILMORE GIRLS,NETFLIX,"Aug. 6, 2023",401
GILMORE GIRLS,NETFLIX,"Aug. 20, 2023",437
GILMORE GIRLS,NETFLIX,"Aug. 27, 2023",490
GILMORE GIRLS,NETFLIX,"Sep. 3, 2023",479
GILMORE GIRLS,NETFLIX,"Sep. 10, 2023",538
GILMORE GIRLS,NETFLIX,"Sep. 17, 2023",549
GILMORE GIRLS,NETFLIX,"Sep. 24, 2023",631
GILMORE GIRLS,NETFLIX,"Oct. 1, 2023",588
GILMORE GIRLS,NETFLIX,"Oct. 8, 2023",628
GILMORE GIRLS,NETFLIX,"Oct. 15, 2023",595
GILMORE GIRLS,NETFLIX,"Oct. 22, 2023",698
GILMORE GIRLS,NETFLIX,"Oct. 29, 2023",751
GILMORE GIRLS,NETFLIX,"Nov. 5, 2023",703
GILMORE GIRLS,NETFLIX,"Nov. 12, 2023",666
GILMORE GIRLS,NETFLIX,"Nov. 19, 2023",653
GILMORE GIRLS,NETFLIX,"Dec. 10, 2023",447
GILMORE GIRLS,NETFLIX,"Dec. 24, 2023",463
GILMORE GIRLS,NETFLIX,"Dec. 31, 2023",506
GILMORE GIRLS,NETFLIX,"Jan. 7, 2024",642
GOOD GIRLS,NETFLIX,"Feb. 21, 2021","1,077"
GOOD GIRLS,NETFLIX,"Feb. 28, 2021",898
GOOD GIRLS,NETFLIX,"Mar. 7, 2021",579
GOOD GIRLS,NETFLIX,"Mar. 14, 2021",449
GOOD GIRLS,NETFLIX,"Mar. 28, 2021",282
GOOD GIRLS,NETFLIX,"Mar. 13, 2022",790
GOOD GIRLS,NETFLIX,"Mar. 20, 2022",689
GOOD GIRLS,NETFLIX,"Mar. 27, 2022",554
GOOD GIRLS,NETFLIX,"Apr. 3, 2022",451
GREY'S ANATOMY,NETFLIX,"Mar. 15, 2020",653
GREY'S ANATOMY,NETFLIX,"Mar. 22, 2020",925
GREY'S ANATOMY,NETFLIX,"Mar. 29, 2020",818
GREY'S ANATOMY,NETFLIX,"Aug. 9, 2020",918
GREY'S ANATOMY,NETFLIX,"Aug. 16, 2020",869
GREY'S ANATOMY,NETFLIX,"Aug. 23, 2020",764
GREY'S ANATOMY,NETFLIX,"Aug. 30, 2020",703
GREY'S ANATOMY,NETFLIX,"Sep. 6, 2020",616
GREY'S ANATOMY,NETFLIX,"Sep. 13, 2020",705
GREY'S ANATOMY,NETFLIX,"Sep. 20, 2020",685
GREY'S ANATOMY,NETFLIX,"Sep. 27, 2020",703
GREY'S ANATOMY,NETFLIX,"Oct. 4, 2020",852
GREY'S ANATOMY,NETFLIX,"Oct. 11, 2020",668
GREY'S ANATOMY,NETFLIX,"Oct. 18, 2020",629
GREY'S ANATOMY,NETFLIX,"Oct. 25, 2020",660
GREY'S ANATOMY,NETFLIX,"Nov. 1, 2020",624
GREY'S ANATOMY,NETFLIX,"Nov. 8, 2020",568
GREY'S ANATOMY,NETFLIX,"Nov. 15, 2020",688
GREY'S ANATOMY,NETFLIX,"Nov. 22, 2020",731
GREY'S ANATOMY,NETFLIX,"Nov. 29, 2020",750
GREY'S ANATOMY,NETFLIX,"Dec. 6, 2020",734
GREY'S ANATOMY,NETFLIX,"Dec. 13, 2020",698
GREY'S ANATOMY,NETFLIX,"Dec. 20, 2020",762
GREY'S ANATOMY,NETFLIX,"Dec. 27, 2020",691
GREY'S ANATOMY,NETFLIX,"Jan. 3, 2021",835
GREY'S ANATOMY,NETFLIX,"Jan. 10, 2021",704
GREY'S ANATOMY,NETFLIX,"Jan. 17, 2021",711
GREY'S ANATOMY,NETFLIX,"Jan. 24, 2021",754
GREY'S ANATOMY,NETFLIX,"Jan. 31, 2021",841
GREY'S ANATOMY,NETFLIX,"Feb. 7, 2021",854
GREY'S ANATOMY,NETFLIX,"Feb. 14, 2021",867
GREY'S ANATOMY,NETFLIX,"Feb. 21, 2021",892
GREY'S ANATOMY,NETFLIX,"Feb. 28, 2021",767
GREY'S ANATOMY,NETFLIX,"Mar. 7, 2021",858
GREY'S ANATOMY,NETFLIX,"Mar. 14, 2021",628
GREY'S ANATOMY,NETFLIX,"Mar. 21, 2021",673
GREY'S ANATOMY,NETFLIX,"Mar. 28, 2021",610
GREY'S ANATOMY,NETFLIX,"Apr. 4, 2021",580
GREY'S ANATOMY,NETFLIX,"Apr. 11, 2021",627
GREY'S ANATOMY,NETFLIX,"Apr. 18, 2021",629
GREY'S ANATOMY,NETFLIX,"Apr. 25, 2021",720
GREY'S ANATOMY,NETFLIX,"May. 2, 2021",746
GREY'S ANATOMY,NETFLIX,"May. 9, 2021",733
GREY'S ANATOMY,NETFLIX,"May. 16, 2021",691
GREY'S ANATOMY,NETFLIX,"May. 23, 2021",575
GREY'S ANATOMY,NETFLIX,"May. 30, 2021",633
GREY'S ANATOMY,NETFLIX,"Jun. 6, 2021",631
GREY'S ANATOMY,NETFLIX,"Jun. 13, 2021",686
GREY'S ANATOMY,NETFLIX,"Jun. 20, 2021",671
GREY'S ANATOMY,NETFLIX,"Jun. 27, 2021",625
GREY'S ANATOMY,NETFLIX,"Jul. 4, 2021",606
GREY'S ANATOMY,NETFLIX,"Jul. 11, 2021",796
GREY'S ANATOMY,NETFLIX,"Jul. 18, 2021",793
GREY'S ANATOMY,NETFLIX,"Jul. 25, 2021",723
GREY'S ANATOMY,NETFLIX,"Aug. 1, 2021",666
GREY'S ANATOMY,NETFLIX,"Aug. 8, 2021",670
GREY'S ANATOMY,NETFLIX,"Aug. 15, 2021",659
GREY'S ANATOMY,NETFLIX,"Aug. 22, 2021",690
GREY'S ANATOMY,NETFLIX,"Aug. 29, 2021",704
GREY'S ANATOMY,NETFLIX,"Sep. 5, 2021",685
GREY'S ANATOMY,NETFLIX,"Sep. 12, 2021",641
GREY'S ANATOMY,NETFLIX,"Sep. 19, 2021",564
GREY'S ANATOMY,NETFLIX,"Sep. 26, 2021",462
GREY'S ANATOMY,NETFLIX,"Oct. 3, 2021",425
GREY'S ANATOMY,NETFLIX,"Oct. 10, 2021",419
GREY'S ANATOMY,NETFLIX,"Oct. 17, 2021",416
GREY'S ANATOMY,NETFLIX,"Oct. 24, 2021",433
GREY'S ANATOMY,NETFLIX,"Oct. 31, 2021",427
GREY'S ANATOMY,NETFLIX,"Nov. 7, 2021",395
GREY'S ANATOMY,NETFLIX,"Nov. 14, 2021",419
GREY'S ANATOMY,NETFLIX,"Nov. 21, 2021",399
GREY'S ANATOMY,NETFLIX,"Nov. 28, 2021",459
GREY'S ANATOMY,NETFLIX,"Dec. 5, 2021",383
GREY'S ANATOMY,NETFLIX,"Dec. 12, 2021",398
GREY'S ANATOMY,NETFLIX,"Dec. 19, 2021",420
GREY'S ANATOMY,NETFLIX,"Dec. 26, 2021",452
GREY'S ANATOMY,NETFLIX,"Jan. 2, 2022",504
GREY'S ANATOMY,NETFLIX,"Jan. 9, 2022",452
GREY'S ANATOMY,NETFLIX,"Jan. 16, 2022",478
GREY'S ANATOMY,NETFLIX,"Jan. 23, 2022",504
GREY'S ANATOMY,NETFLIX,"Jan. 30, 2022",425
GREY'S ANATOMY,NETFLIX,"Feb. 6, 2022",527
GREY'S ANATOMY,NETFLIX,"Feb. 13, 2022",405
GREY'S ANATOMY,NETFLIX,"Feb. 20, 2022",463
GREY'S ANATOMY,NETFLIX,"Feb. 27, 2022",396
GREY'S ANATOMY,NETFLIX,"Mar. 6, 2022",362
GREY'S ANATOMY,NETFLIX,"Mar. 13, 2022",449
GREY'S ANATOMY,NETFLIX,"Mar. 20, 2022",505
GREY'S ANATOMY,NETFLIX,"Mar. 27, 2022",414
GREY'S ANATOMY,NETFLIX,"Apr. 3, 2022",396
GREY'S ANATOMY,NETFLIX,"Apr. 10, 2022",457
GREY'S ANATOMY,NETFLIX,"Apr. 17, 2022",441
GREY'S ANATOMY,NETFLIX,"Apr. 24, 2022",346
GREY'S ANATOMY,NETFLIX,"May. 1, 2022",484
GREY'S ANATOMY,NETFLIX,"May. 8, 2022",373
GREY'S ANATOMY,NETFLIX,"May. 15, 2022",337
GREY'S ANATOMY,NETFLIX,"May. 22, 2022",334
GREY'S ANATOMY,NETFLIX,"May. 29, 2022",313
GREY'S ANATOMY,NETFLIX,"Jun. 5, 2022",388
GREY'S ANATOMY,NETFLIX,"Jun. 12, 2022",399
GREY'S ANATOMY,NETFLIX,"Jun. 19, 2022",382
GREY'S ANATOMY,NETFLIX,"Jun. 26, 2022",491
GREY'S ANATOMY,NETFLIX,"Jul. 3, 2022",610
GREY'S ANATOMY,NETFLIX,"Jul. 10, 2022",697
GREY'S ANATOMY,NETFLIX,"Jul. 17, 2022",635
GREY'S ANATOMY,NETFLIX,"Jul. 24, 2022",666
GREY'S ANATOMY,NETFLIX,"Jul. 31, 2022",656
GREY'S ANATOMY,NETFLIX,"Aug. 7, 2022",678
GREY'S ANATOMY,NETFLIX,"Aug. 14, 2022",604
GREY'S ANATOMY,NETFLIX,"Aug. 21, 2022",702
GREY'S ANATOMY,NETFLIX,"Aug. 28, 2022",567
GREY'S ANATOMY,NETFLIX,"Sep. 4, 2022",674
GREY'S ANATOMY,NETFLIX,"Sep. 11, 2022",622
GREY'S ANATOMY,NETFLIX,"Sep. 18, 2022",592
GREY'S ANATOMY,NETFLIX,"Sep. 25, 2022",551
GREY'S ANATOMY,NETFLIX,"Oct. 2, 2022",585
GREY'S ANATOMY,NETFLIX,"Oct. 9, 2022",529
GREY'S ANATOMY,NETFLIX,"Oct. 16, 2022",569
GREY'S ANATOMY,NETFLIX,"Oct. 23, 2022",563
GREY'S ANATOMY,NETFLIX,"Oct. 30, 2022",620
GREY'S ANATOMY,NETFLIX,"Nov. 6, 2022",573
GREY'S ANATOMY,NETFLIX,"Nov. 13, 2022",551
GREY'S ANATOMY,NETFLIX,"Nov. 20, 2022",639
GREY'S ANATOMY,NETFLIX,"Nov. 27, 2022",593
GREY'S ANATOMY,NETFLIX,"Dec. 4, 2022",575
GREY'S ANATOMY,NETFLIX,"Dec. 11, 2022",540
GREY'S ANATOMY,NETFLIX,"Dec. 18, 2022",565
GREY'S ANATOMY,NETFLIX,"Dec. 25, 2022",547
GREY'S ANATOMY,NETFLIX,"Jan. 1, 2023",649
GREY'S ANATOMY,NETFLIX,"Jan. 8, 2023",643
GREY'S ANATOMY,NETFLIX,"Jan. 15, 2023",532
GREY'S ANATOMY,NETFLIX,"Jan. 22, 2023",598
GREY'S ANATOMY,NETFLIX,"Jan. 29, 2023",640
GREY'S ANATOMY,NETFLIX,"Feb. 5, 2023",770
GREY'S ANATOMY,NETFLIX,"Feb. 12, 2023",750
GREY'S ANATOMY,NETFLIX,"Feb. 19, 2023",700
GREY'S ANATOMY,NETFLIX,"Feb. 26, 2023",675
GREY'S ANATOMY,NETFLIX,"Mar. 5, 2023",603
GREY'S ANATOMY,NETFLIX,"Mar. 12, 2023",578
GREY'S ANATOMY,NETFLIX,"Mar. 19, 2023",652
GREY'S ANATOMY,NETFLIX,"Mar. 26, 2023",610
GREY'S ANATOMY,NETFLIX,"Apr. 2, 2023",578
GREY'S ANATOMY,NETFLIX,"Apr. 9, 2023",617
GREY'S ANATOMY,NETFLIX,"Apr. 16, 2023",645
GREY'S ANATOMY,NETFLIX,"Apr. 23, 2023",601
GREY'S ANATOMY,NETFLIX,"Apr. 30, 2023",640
GREY'S ANATOMY,NETFLIX,"May. 7, 2023",515
GREY'S ANATOMY,NETFLIX,"May. 21, 2023",446
GREY'S ANATOMY,NETFLIX,"Jun. 18, 2023",514
GREY'S ANATOMY,NETFLIX,"Jun. 25, 2023",772
GREY'S ANATOMY,NETFLIX,"Jul. 2, 2023",734
GREY'S ANATOMY,NETFLIX,"Jul. 9, 2023",816
GREY'S ANATOMY,NETFLIX,"Jul. 16, 2023",802
GREY'S ANATOMY,NETFLIX,"Jul. 23, 2023",735
GREY'S ANATOMY,NETFLIX,"Jul. 30, 2023",707
GREY'S ANATOMY,NETFLIX,"Aug. 6, 2023",616
GREY'S ANATOMY,NETFLIX,"Aug. 13, 2023",849
GREY'S ANATOMY,NETFLIX,"Aug. 20, 2023",738
GREY'S ANATOMY,NETFLIX,"Aug. 27, 2023",932
GREY'S ANATOMY,NETFLIX,"Sep. 3, 2023",870
GREY'S ANATOMY,NETFLIX,"Sep. 10, 2023",864
GREY'S ANATOMY,NETFLIX,"Sep. 17, 2023",834
GREY'S ANATOMY,NETFLIX,"Sep. 24, 2023",779
GREY'S ANATOMY,NETFLIX,"Oct. 1, 2023",958
GREY'S ANATOMY,NETFLIX,"Oct. 8, 2023","1,004"
GREY'S ANATOMY,NETFLIX,"Oct. 15, 2023",872
GREY'S ANATOMY,NETFLIX,"Oct. 22, 2023",860
GREY'S ANATOMY,NETFLIX,"Oct. 29, 2023",854
GREY'S ANATOMY,NETFLIX,"Nov. 5, 2023","1,004"
GREY'S ANATOMY,NETFLIX,"Nov. 12, 2023",897
GREY'S ANATOMY,NETFLIX,"Nov. 19, 2023",937
GREY'S ANATOMY,NETFLIX,"Nov. 26, 2023",861
GREY'S ANATOMY,NETFLIX,"Dec. 3, 2023",835
GREY'S ANATOMY,NETFLIX,"Dec. 10, 2023",915
GREY'S ANATOMY,NETFLIX,"Dec. 17, 2023",969
GREY'S ANATOMY,NETFLIX,"Dec. 24, 2023",908
GREY'S ANATOMY,NETFLIX,"Dec. 31, 2023",969
GREY'S ANATOMY,NETFLIX,"Jan. 7, 2024","1,071"
GREY'S ANATOMY,NETFLIX,"Jan. 14, 2024",963
GREY'S ANATOMY,NETFLIX,"Jan. 21, 2024","1,088"
GREY'S ANATOMY,NETFLIX,"Jan. 28, 2024",999
GREY'S ANATOMY,NETFLIX,"Feb. 4, 2024",958
GREY'S ANATOMY,NETFLIX,"Feb. 11, 2024",860
GREY'S ANATOMY,NETFLIX,"Feb. 18, 2024",831
GREY'S ANATOMY,NETFLIX,"Feb. 25, 2024",901
GREY'S ANATOMY,NETFLIX,"Mar. 3, 2024",781
GREY'S ANATOMY,NETFLIX,"Mar. 10, 2024",749
HEARTLAND,NETFLIX,"Feb. 7, 2021",445
HEARTLAND,NETFLIX,"Feb. 14, 2021",637
HEARTLAND,NETFLIX,"Feb. 21, 2021",678
HEARTLAND,NETFLIX,"Feb. 28, 2021",519
HEARTLAND,NETFLIX,"Mar. 7, 2021",475
HEARTLAND,NETFLIX,"Mar. 14, 2021",416
HEARTLAND,NETFLIX,"Mar. 21, 2021",458
HEARTLAND,NETFLIX,"Mar. 28, 2021",453
HEARTLAND,NETFLIX,"Apr. 4, 2021",413
HEARTLAND,NETFLIX,"Apr. 11, 2021",405
HEARTLAND,NETFLIX,"Apr. 18, 2021",430
HEARTLAND,NETFLIX,"Apr. 25, 2021",464
HEARTLAND,NETFLIX,"May. 2, 2021",481
HEARTLAND,NETFLIX,"May. 9, 2021",369
HEARTLAND,NETFLIX,"May. 16, 2021",341
HEARTLAND,NETFLIX,"May. 23, 2021",378
HEARTLAND,NETFLIX,"May. 30, 2021",354
HEARTLAND,NETFLIX,"Jun. 6, 2021",423
HEARTLAND,NETFLIX,"Jun. 13, 2021",380
HEARTLAND,NETFLIX,"Jun. 20, 2021",443
HEARTLAND,NETFLIX,"Jun. 27, 2021",458
HEARTLAND,NETFLIX,"Jul. 4, 2021",394
HEARTLAND,NETFLIX,"Jul. 11, 2021",442
HEARTLAND,NETFLIX,"Jul. 18, 2021",436
HEARTLAND,NETFLIX,"Jul. 25, 2021",382
HEARTLAND,NETFLIX,"Aug. 15, 2021",412
HEARTLAND,NETFLIX,"Aug. 22, 2021",452
HEARTLAND,NETFLIX,"Aug. 29, 2021",490
HEARTLAND,NETFLIX,"Sep. 5, 2021",455
HEARTLAND,NETFLIX,"Sep. 12, 2021",498
HEARTLAND,NETFLIX,"Sep. 19, 2021",456
HEARTLAND,NETFLIX,"Sep. 26, 2021",399
HEARTLAND,NETFLIX,"Oct. 3, 2021",421
HEARTLAND,NETFLIX,"Oct. 10, 2021",426
HEARTLAND,NETFLIX,"Oct. 17, 2021",352
HEARTLAND,NETFLIX,"Nov. 7, 2021",378
HEARTLAND,NETFLIX,"Nov. 21, 2021",301
HEARTLAND,NETFLIX,"Dec. 5, 2021",306
HEARTLAND,NETFLIX,"Jan. 2, 2022",413
HEARTLAND,NETFLIX,"Jan. 9, 2022",422
HEARTLAND,NETFLIX,"Jan. 16, 2022",343
HEARTLAND,NETFLIX,"Feb. 6, 2022",325
HEARTLAND,NETFLIX,"Feb. 27, 2022",315
HEARTLAND,NETFLIX,"Apr. 3, 2022",523
HEARTLAND,NETFLIX,"Apr. 10, 2022",793
HEARTLAND,NETFLIX,"Apr. 17, 2022",642
HEARTLAND,NETFLIX,"Apr. 24, 2022",631
HEARTLAND,NETFLIX,"May. 1, 2022",568
HEARTLAND,NETFLIX,"May. 8, 2022",511
HEARTLAND,NETFLIX,"May. 15, 2022",387
HEARTLAND,NETFLIX,"May. 22, 2022",331
HEARTLAND,NETFLIX,"May. 29, 2022",380
HEARTLAND,NETFLIX,"Jun. 12, 2022",400
HEARTLAND,NETFLIX,"Jun. 19, 2022",365
HEARTLAND,NETFLIX,"Jun. 26, 2022",386
HEARTLAND,NETFLIX,"Jul. 3, 2022",364
HEARTLAND,NETFLIX,"Jul. 17, 2022",393
HEARTLAND,NETFLIX,"Jul. 24, 2022",371
HEARTLAND,NETFLIX,"Aug. 14, 2022",348
HEARTLAND,NETFLIX,"Aug. 21, 2022",422
HEARTLAND,NETFLIX,"Sep. 11, 2022",380
HEARTLAND,NETFLIX,"Apr. 16, 2023",397
HEARTLAND,NETFLIX,"Apr. 30, 2023",447
HEARTLAND,NETFLIX,"May. 7, 2023",448
HEARTLAND,NETFLIX,"May. 14, 2023",452
HEARTLAND,NETFLIX,"May. 28, 2023",420
HEARTLAND,NETFLIX,"Jun. 4, 2023",747
HEARTLAND,NETFLIX,"Jun. 11, 2023",795
HEARTLAND,NETFLIX,"Jun. 18, 2023",678
HEARTLAND,NETFLIX,"Jun. 25, 2023",552
HEARTLAND,NETFLIX,"Jul. 2, 2023",448
HEARTLAND,NETFLIX,"Jul. 9, 2023",500
HEARTLAND,NETFLIX,"Jul. 16, 2023",510
HEARTLAND,NETFLIX,"Jul. 23, 2023",488
HEARTLAND,NETFLIX,"Jul. 30, 2023",423
HEARTLAND,NETFLIX,"Aug. 6, 2023",436
HEARTLAND,NETFLIX,"Aug. 13, 2023",494
HEARTLAND,NETFLIX,"Sep. 17, 2023",428
HEARTLAND,NETFLIX,"Oct. 15, 2023",495
HEARTLAND,NETFLIX,"Nov. 5, 2023",538
HENRY DANGER,NETFLIX,"Jan. 24, 2021",731
HENRY DANGER,NETFLIX,"Jan. 31, 2021",561
HENRY DANGER,NETFLIX,"Feb. 7, 2021",544
HENRY DANGER,NETFLIX,"Mar. 14, 2021",332
HENRY DANGER,NETFLIX,"Mar. 28, 2021",281
HOUSE,AMAZON,"Jan. 30, 2022",317
HOUSE,AMAZON/HULU,"Dec. 17, 2023",418
HOUSE OF THE DRAGON,HBO MAX,"Aug. 21, 2022",327
HOUSE OF THE DRAGON,HBO MAX,"Aug. 28, 2022",741
HOUSE OF THE DRAGON,HBO MAX,"Sep. 4, 2022",781
HOUSE OF THE DRAGON,HBO MAX,"Sep. 11, 2022","1,016"
HOUSE OF THE DRAGON,HBO MAX,"Sep. 18, 2022",960
HOUSE OF THE DRAGON,HBO MAX,"Sep. 25, 2022","1,008"
HOUSE OF THE DRAGON,HBO MAX,"Oct. 2, 2022",907
HOUSE OF THE DRAGON,HBO MAX,"Oct. 9, 2022",921
HOUSE OF THE DRAGON,HBO MAX,"Oct. 16, 2022",960
HOUSE OF THE DRAGON,HBO MAX,"Oct. 23, 2022","1,013"
HOUSE OF THE DRAGON,HBO MAX,"Oct. 30, 2022",705
HOW I MET YOUR MOTHER,HULU,"Jan. 23, 2022",321
HOW I MET YOUR MOTHER,HULU,"Jan. 30, 2022",316
ICARLY,NETFLIX,"Feb. 14, 2021",883
ICARLY,NETFLIX,"Feb. 21, 2021",863
ICARLY,NETFLIX,"Feb. 28, 2021",531
ICARLY,NETFLIX,"Mar. 7, 2021",431
IMPOSTERS,NETFLIX,"Jan. 3, 2021",279
IMPOSTERS,NETFLIX,"Jan. 10, 2021",273
IN THE DARK,NETFLIX,"Aug. 9, 2020",418
IN THE DARK,NETFLIX,"Oct. 24, 2021",608
IN THE DARK,NETFLIX,"Oct. 31, 2021",538
IN THE DARK,NETFLIX,"Nov. 7, 2021",420
IN THE DARK,NETFLIX,"Sep. 18, 2022",825
IN THE DARK,NETFLIX,"Sep. 25, 2022",918
IN THE DARK,NETFLIX,"Oct. 2, 2022",665
IN THE DARK,NETFLIX,"Oct. 9, 2022",603
INK MASTER,NETFLIX,"Dec. 19, 2021",243
LA REINA DEL SUR,NETFLIX,"May. 28, 2023",512
LA REINA DEL SUR,NETFLIX,"Jun. 4, 2023",494
LA'S FINEST,NETFLIX,"Jan. 17, 2021",546
LA'S FINEST,NETFLIX,"Jan. 24, 2021",513
LA'S FINEST,NETFLIX,"Jun. 13, 2021",391
LA'S FINEST,NETFLIX,"Jun. 20, 2021",467
LAW & ORDER: SVU,NETFLIX,"Mar. 21, 2021",319
LAW & ORDER: SVU,PEA/HULU,"Dec. 31, 2023",507
LAW & ORDER: SVU,PEA/HULU,"Jan. 7, 2024",594
LEGACIES,NETFLIX,"Oct. 24, 2021",379
LEGACIES,NETFLIX,"Oct. 31, 2021",389
LEGACIES,NETFLIX,"Jul. 3, 2022",596
LEGACIES,NETFLIX,"Jul. 10, 2022",468
LOUDERMILK,NETFLIX,"Jan. 14, 2024",846
LOUDERMILK,NETFLIX,"Jan. 21, 2024",729
LOUDERMILK,NETFLIX,"Jan. 28, 2024",593
LOUDERMILK,NETFLIX,"Feb. 4, 2024",554
MANIFEST,NETFLIX,"Jun. 13, 2021","1,111"
MANIFEST,NETFLIX,"Jun. 20, 2021","2,493"
MANIFEST,NETFLIX,"Jun. 27, 2021","2,064"
MANIFEST,NETFLIX,"Jul. 4, 2021","1,869"
MANIFEST,NETFLIX,"Jul. 11, 2021","1,811"
MANIFEST,NETFLIX,"Jul. 18, 2021","1,294"
MANIFEST,NETFLIX,"Jul. 25, 2021",939
MANIFEST,NETFLIX,"Aug. 1, 2021",640
MANIFEST,NETFLIX,"Aug. 8, 2021",501
MANIFEST,NETFLIX,"Aug. 15, 2021",375
MANIFEST,NETFLIX,"Aug. 22, 2021",705
MANIFEST,NETFLIX,"Aug. 29, 2021","1,380"
MANIFEST,NETFLIX,"Sep. 5, 2021","1,110"
MANIFEST,NETFLIX,"Sep. 12, 2021",831
MANIFEST,NETFLIX,"Sep. 19, 2021",712
MANIFEST,NETFLIX,"Sep. 26, 2021",430
MANIFEST,NETFLIX,"Oct. 3, 2021",337
MANIFEST,NETFLIX,"Nov. 6, 2022","1,371"
MANIFEST,NETFLIX,"Nov. 13, 2022","2,289"
MANIFEST,NETFLIX,"Nov. 20, 2022","1,284"
MANIFEST,NETFLIX,"Nov. 27, 2022",988
MANIFEST,NETFLIX,"Dec. 4, 2022",680
MANIFEST,NETFLIX,"Dec. 11, 2022",376
MANIFEST,NETFLIX,"Jun. 4, 2023",749
MANIFEST,NETFLIX,"Jun. 11, 2023","1,628"
MANIFEST,NETFLIX,"Jun. 18, 2023",969
MANIFEST,NETFLIX,"Jun. 25, 2023",658
MANIFEST,NETFLIX,"Jul. 2, 2023",495
MANIFEST,NETFLIX,"Jul. 9, 2023",349
MARIPOSA DE BARRIO,NETFLIX,"Jan. 10, 2021",548
MARIPOSA DE BARRIO,NETFLIX,"Jan. 17, 2021",621
MARIPOSA DE BARRIO,NETFLIX,"Jan. 24, 2021",705
MARIPOSA DE BARRIO,NETFLIX,"Jan. 31, 2021",692
MARIPOSA DE BARRIO,NETFLIX,"Feb. 7, 2021",759
MARIPOSA DE BARRIO,NETFLIX,"Feb. 14, 2021",588
MARRIED AT FIRST SIGHT,NETFLIX,"Apr. 24, 2022",466
MARRIED AT FIRST SIGHT,NETFLIX,"May. 1, 2022",340
MICKEY MOUSE CLUBHOUSE,DISNEY+,"Feb. 20, 2022",338
MICKEY MOUSE CLUBHOUSE,DISNEY+,"Feb. 27, 2022",302
MIRACULOUS: TALES OF LADYBUG,NETFLIX,"Apr. 11, 2021",250
MONK,PEA/NET,"Feb. 18, 2024",637
MONK,PEA/NET,"Feb. 25, 2024",705
MONK,PEA/NET,"Mar. 3, 2024",581
MONK,PEA/NET,"Mar. 10, 2024",600
NCIS,NETFLIX,"Mar. 15, 2020",570
NCIS,NETFLIX,"Mar. 29, 2020",665
NCIS,NETFLIX,"Aug. 9, 2020",524
NCIS,NETFLIX,"Aug. 16, 2020",469
NCIS,NETFLIX,"Aug. 23, 2020",533
NCIS,NETFLIX,"Aug. 30, 2020",527
NCIS,NETFLIX,"Sep. 13, 2020",587
NCIS,NETFLIX,"Sep. 20, 2020",553
NCIS,NETFLIX,"Oct. 4, 2020",584
NCIS,NETFLIX,"Oct. 18, 2020",618
NCIS,NETFLIX,"Nov. 1, 2020",552
NCIS,NETFLIX,"Nov. 8, 2020",543
NCIS,NETFLIX,"Nov. 15, 2020",603
NCIS,NETFLIX,"Nov. 22, 2020",468
NCIS,NETFLIX,"Jan. 3, 2021",553
NCIS,NETFLIX,"Jan. 10, 2021",418
NCIS,NETFLIX,"Jan. 17, 2021",471
NCIS,NETFLIX,"Jan. 24, 2021",433
NCIS,NETFLIX,"Jan. 31, 2021",564
NCIS,NETFLIX,"Feb. 7, 2021",528
NCIS,NETFLIX,"Feb. 14, 2021",495
NCIS,NETFLIX,"Feb. 21, 2021",510
NCIS,NETFLIX,"Feb. 28, 2021",507
NCIS,NETFLIX,"Mar. 7, 2021",555
NCIS,NETFLIX,"Mar. 14, 2021",441
NCIS,NETFLIX,"Mar. 21, 2021",569
NCIS,NETFLIX,"Mar. 28, 2021",725
NCIS,NETFLIX,"Apr. 4, 2021",535
NCIS,NETFLIX,"Apr. 11, 2021",701
NCIS,NETFLIX,"Apr. 18, 2021",779
NCIS,NETFLIX,"Apr. 25, 2021",890
NCIS,NETFLIX,"May. 2, 2021",872
NCIS,NETFLIX,"May. 9, 2021",721
NCIS,NETFLIX,"May. 16, 2021",672
NCIS,NETFLIX,"May. 23, 2021",690
NCIS,NETFLIX,"May. 30, 2021",525
NCIS,NETFLIX,"Jun. 6, 2021",521
NCIS,NETFLIX,"Jun. 13, 2021",528
NCIS,NETFLIX,"Jun. 20, 2021",562
NCIS,NETFLIX,"Jun. 27, 2021",526
NCIS,NETFLIX,"Jul. 4, 2021",443
NCIS,NETFLIX,"Jul. 11, 2021",478
NCIS,NETFLIX,"Jul. 18, 2021",481
NCIS,NETFLIX,"Jul. 25, 2021",514
NCIS,NETFLIX,"Aug. 1, 2021",508
NCIS,NETFLIX,"Aug. 8, 2021",530
NCIS,NETFLIX,"Aug. 15, 2021",534
NCIS,NETFLIX,"Aug. 22, 2021",548
NCIS,NETFLIX,"Aug. 29, 2021",586
NCIS,NETFLIX,"Sep. 5, 2021",580
NCIS,NETFLIX,"Sep. 12, 2021",546
NCIS,NETFLIX,"Sep. 19, 2021",567
NCIS,NETFLIX,"Sep. 26, 2021",546
NCIS,NETFLIX,"Oct. 3, 2021",560
NCIS,NETFLIX,"Oct. 10, 2021",569
NCIS,NETFLIX,"Oct. 17, 2021",572
NCIS,NETFLIX,"Oct. 24, 2021",540
NCIS,NETFLIX,"Oct. 31, 2021",527
NCIS,NETFLIX,"Nov. 7, 2021",519
NCIS,NETFLIX,"Nov. 14, 2021",509
NCIS,NETFLIX,"Nov. 21, 2021",508
NCIS,NETFLIX,"Nov. 28, 2021",666
NCIS,NETFLIX,"Dec. 5, 2021",568
NCIS,NETFLIX,"Dec. 12, 2021",597
NCIS,NETFLIX,"Dec. 19, 2021",494
NCIS,NETFLIX,"Dec. 26, 2021",581
NCIS,NETFLIX,"Jan. 2, 2022",730
NCIS,NETFLIX,"Jan. 9, 2022",689
NCIS,NETFLIX,"Jan. 16, 2022",711
NCIS,NETFLIX,"Jan. 23, 2022",732
NCIS,NETFLIX,"Jan. 30, 2022",796
NCIS,NETFLIX,"Feb. 6, 2022",757
NCIS,NETFLIX,"Feb. 13, 2022",796
NCIS,NETFLIX,"Feb. 20, 2022",856
NCIS,NETFLIX,"Feb. 27, 2022",946
NCIS,NETFLIX,"Mar. 6, 2022",777
NCIS,NETFLIX,"Mar. 13, 2022",678
NCIS,NETFLIX,"Mar. 20, 2022",735
NCIS,NETFLIX,"Mar. 27, 2022",752
NCIS,NETFLIX,"Apr. 3, 2022",653
NCIS,NETFLIX,"Apr. 10, 2022",674
NCIS,NETFLIX,"Apr. 17, 2022",691
NCIS,NETFLIX,"Apr. 24, 2022",617
NCIS,NETFLIX,"May. 1, 2022",618
NCIS,NETFLIX,"May. 8, 2022",501
NCIS,NETFLIX,"May. 15, 2022",539
NCIS,NETFLIX,"May. 22, 2022",552
NCIS,NETFLIX,"May. 29, 2022",541
NCIS,NETFLIX,"Jun. 5, 2022",692
NCIS,NETFLIX,"Jun. 12, 2022",848
NCIS,NETFLIX,"Jun. 19, 2022",817
NCIS,NETFLIX,"Jun. 26, 2022",726
NCIS,NETFLIX,"Jul. 3, 2022",787
NCIS,NETFLIX,"Jul. 10, 2022",837
NCIS,NETFLIX,"Jul. 17, 2022",736
NCIS,NETFLIX,"Jul. 24, 2022",737
NCIS,NETFLIX,"Jul. 31, 2022",649
NCIS,NETFLIX,"Aug. 7, 2022",692
NCIS,NETFLIX,"Aug. 14, 2022",764
NCIS,NETFLIX,"Aug. 21, 2022",810
NCIS,NETFLIX,"Aug. 28, 2022",770
NCIS,NETFLIX,"Sep. 4, 2022",812
NCIS,NETFLIX,"Sep. 11, 2022",747
NCIS,NETFLIX,"Sep. 18, 2022",635
NCIS,NETFLIX,"Sep. 25, 2022",644
NCIS,NETFLIX,"Oct. 2, 2022",748
NCIS,NETFLIX,"Oct. 9, 2022",720
NCIS,NETFLIX,"Oct. 16, 2022",663
NCIS,NETFLIX,"Oct. 23, 2022",796
NCIS,NETFLIX,"Oct. 30, 2022",695
NCIS,NETFLIX,"Nov. 6, 2022",758
NCIS,NETFLIX,"Nov. 13, 2022",786
NCIS,NETFLIX,"Nov. 20, 2022",642
NCIS,NETFLIX,"Nov. 27, 2022",811
NCIS,NETFLIX,"Dec. 4, 2022",705
NCIS,NETFLIX,"Dec. 11, 2022",885
NCIS,NETFLIX,"Dec. 18, 2022",941
NCIS,NETFLIX,"Dec. 25, 2022",804
NCIS,NETFLIX,"Jan. 1, 2023",753
NCIS,NETFLIX,"Jan. 8, 2023",722
NCIS,NETFLIX,"Jan. 15, 2023",737
NCIS,NETFLIX,"Jan. 22, 2023",695
NCIS,NETFLIX,"Jan. 29, 2023",760
NCIS,NETFLIX,"Feb. 5, 2023",721
NCIS,NETFLIX,"Feb. 12, 2023",783
NCIS,NETFLIX,"Feb. 19, 2023",867
NCIS,NETFLIX,"Feb. 26, 2023",808
NCIS,NETFLIX,"Mar. 5, 2023",826
NCIS,NETFLIX,"Mar. 12, 2023",888
NCIS,NETFLIX,"Mar. 19, 2023",827
NCIS,NETFLIX,"Mar. 26, 2023",797
NCIS,NETFLIX,"Apr. 2, 2023",746
NCIS,NETFLIX,"Apr. 9, 2023",682
NCIS,NETFLIX,"Apr. 16, 2023",779
NCIS,NETFLIX,"Apr. 23, 2023",724
NCIS,NETFLIX,"Apr. 30, 2023",667
NCIS,NETFLIX,"May. 7, 2023",722
NCIS,NETFLIX,"May. 14, 2023",875
NCIS,NETFLIX,"May. 21, 2023",858
NCIS,NETFLIX,"May. 28, 2023",871
NCIS,NETFLIX,"Jun. 4, 2023",755
NCIS,NETFLIX,"Jun. 11, 2023",698
NCIS,NETFLIX,"Jun. 18, 2023",701
NCIS,NETFLIX,"Jun. 25, 2023",710
NCIS,NETFLIX,"Jul. 2, 2023",579
NCIS,NETFLIX,"Jul. 9, 2023",674
NCIS,NETFLIX,"Jul. 16, 2023",828
NCIS,NETFLIX,"Jul. 23, 2023",741
NCIS,NETFLIX,"Jul. 30, 2023",707
NCIS,NETFLIX,"Aug. 6, 2023",691
NCIS,NETFLIX,"Aug. 13, 2023",771
NCIS,NETFLIX,"Aug. 20, 2023",775
NCIS,NETFLIX,"Aug. 27, 2023",784
NCIS,NETFLIX,"Sep. 3, 2023",797
NCIS,NETFLIX,"Sep. 10, 2023",637
NCIS,NETFLIX,"Sep. 17, 2023",603
NCIS,NETFLIX,"Sep. 24, 2023",686
NCIS,NETFLIX,"Oct. 1, 2023",673
NCIS,NETFLIX,"Oct. 8, 2023",666
NCIS,NETFLIX,"Oct. 15, 2023",688
NCIS,NETFLIX,"Oct. 22, 2023",811
NCIS,NETFLIX,"Oct. 29, 2023",709
NCIS,NETFLIX,"Nov. 5, 2023",684
NCIS,NETFLIX,"Nov. 12, 2023",705
NCIS,NETFLIX,"Nov. 19, 2023",754
NCIS,NETFLIX,"Nov. 26, 2023",763
NCIS,NETFLIX,"Dec. 3, 2023",722
NCIS,NETFLIX,"Dec. 10, 2023",679
NCIS,NETFLIX,"Dec. 17, 2023",722
NCIS,NETFLIX,"Dec. 24, 2023",698
NCIS,NETFLIX,"Dec. 31, 2023",905
NCIS,NETFLIX,"Jan. 7, 2024",928
NCIS,NETFLIX,"Jan. 14, 2024",835
NCIS,NETFLIX,"Jan. 21, 2024",756
NCIS,NETFLIX,"Jan. 28, 2024",654
NCIS,NETFLIX,"Feb. 4, 2024",689
NCIS,NETFLIX,"Feb. 11, 2024",672
NCIS,NETFLIX,"Feb. 18, 2024",767
NCIS,NETFLIX,"Feb. 25, 2024",737
NCIS,NETFLIX,"Mar. 3, 2024",654
NCIS,NETFLIX,"Mar. 10, 2024",443
NEW AMSTERDAM,NETFLIX,"Jan. 15, 2023",673
NEW AMSTERDAM,NETFLIX,"Jan. 22, 2023",615
NEW AMSTERDAM,NETFLIX,"Feb. 5, 2023","1,253"
NEW AMSTERDAM,NETFLIX,"Feb. 12, 2023","1,469"
NEW AMSTERDAM,NETFLIX,"Feb. 19, 2023","1,053"
NEW AMSTERDAM,NETFLIX,"Feb. 26, 2023",850
NEW AMSTERDAM,NETFLIX,"Mar. 5, 2023",661
NEW AMSTERDAM,NETFLIX,"Mar. 12, 2023",504
NEW GIRL,NETFLIX,"Aug. 16, 2020",359
NEW GIRL,NETFLIX,"Jan. 3, 2021",728
NEW GIRL,NETFLIX,"Jan. 10, 2021",427
NEW GIRL,NETFLIX,"Jan. 17, 2021",354
NEW GIRL,NETFLIX,"Jan. 24, 2021",475
NEW GIRL,NETFLIX,"Jan. 31, 2021",399
NEW GIRL,NETFLIX,"Mar. 14, 2021",312
NEW GIRL,NETFLIX,"Mar. 21, 2021",289
NEW GIRL,NETFLIX,"Apr. 4, 2021",280
NEW GIRL,NETFLIX,"Apr. 11, 2021",266
NEW GIRL,NETFLIX,"Apr. 18, 2021",290
NEW GIRL,NETFLIX,"May. 2, 2021",289
NEW GIRL,NETFLIX,"May. 9, 2021",279
NEW GIRL,NETFLIX,"May. 16, 2021",261
NEW GIRL,NETFLIX,"May. 23, 2021",258
NEW GIRL,NETFLIX,"May. 30, 2021",227
NEW GIRL,NETFLIX,"Sep. 19, 2021",273
NEW GIRL,NETFLIX,"Dec. 12, 2021",298
NEW GIRL,NETFLIX,"Feb. 13, 2022",289
NEW GIRL,NETFLIX,"Feb. 20, 2022",335
NEW GIRL,NETFLIX,"Mar. 6, 2022",285
NEW GIRL,NETFLIX,"Mar. 13, 2022",312
NEW GIRL,NETFLIX,"Mar. 20, 2022",277
NEW GIRL,NETFLIX,"May. 1, 2022",317
NEW GIRL,NETFLIX,"May. 8, 2022",286
"NICKY, RICKY, DICKY & DAWN",NETFLIX,"Apr. 18, 2021",326
"NICKY, RICKY, DICKY & DAWN",NETFLIX,"Apr. 25, 2021",364
"NICKY, RICKY, DICKY & DAWN",NETFLIX,"May. 2, 2021",359
"NICKY, RICKY, DICKY & DAWN",NETFLIX,"May. 9, 2021",255
"NICKY, RICKY, DICKY & DAWN",NETFLIX,"May. 16, 2021",276
OUTLANDER,NETFLIX,"Jan. 31, 2021",654
OUTLANDER,NETFLIX,"Feb. 7, 2021",379
OUTLANDER,NETFLIX,"Feb. 14, 2021",611
OUTLANDER,NETFLIX,"Feb. 21, 2021",621
OUTLANDER,NETFLIX,"Feb. 28, 2021",431
OUTLANDER,NETFLIX,"May. 15, 2022",390
OUTLANDER,NETFLIX,"May. 22, 2022",456
OUTLANDER,NETFLIX,"May. 29, 2022",349
OUTLANDER,NETFLIX,"Jun. 5, 2022",364
OUTLANDER,NETFLIX,"Jun. 12, 2022",326
OUTLANDER,NETFLIX,"Jul. 16, 2023",446
PARKS AND RECREATION,NETFLIX,"Aug. 9, 2020",304
QUEEN OF THE SOUTH,NETFLIX,"Apr. 10, 2022",476
QUEEN OF THE SOUTH,NETFLIX,"Apr. 17, 2022",635
QUEEN OF THE SOUTH,NETFLIX,"Apr. 24, 2022",473
RICK AND MORTY,HULU,"Feb. 13, 2022",385
RICK AND MORTY,HULU/MAX,"May. 14, 2023",464
RICK AND MORTY,HULU/MAX,"May. 21, 2023",476
RICK AND MORTY,HULU/MAX,"Jan. 28, 2024",617
RIVERDALE,NETFLIX,"Oct. 24, 2021",359
RIVERDALE,NETFLIX,"Oct. 31, 2021",394
RIVERDALE,NETFLIX,"Aug. 14, 2022",578
RIVERDALE,NETFLIX,"Aug. 21, 2022",454
ROYAL PAINS,AMA/NET,"Feb. 11, 2024",707
ROYAL PAINS,AMA/NET,"Feb. 18, 2024",617
S.W.A.T.,HULU/NET,"May. 21, 2023",635
S.W.A.T.,HULU/NET,"May. 28, 2023","1,350"
S.W.A.T.,HULU/NET,"Jun. 4, 2023","1,408"
S.W.A.T.,HULU/NET,"Jun. 11, 2023","1,257"
S.W.A.T.,HULU/NET,"Jun. 18, 2023","1,213"
S.W.A.T.,HULU/NET,"Jun. 25, 2023","1,040"
S.W.A.T.,HULU/NET,"Jul. 2, 2023",891
S.W.A.T.,HULU/NET,"Jul. 9, 2023",773
S.W.A.T.,HULU/NET,"Jul. 16, 2023",612
S.W.A.T.,HULU/NET,"Jul. 23, 2023",573
S.W.A.T.,HULU/NET,"Jul. 30, 2023",607
S.W.A.T.,HULU/NET,"Aug. 6, 2023",482
S.W.A.T.,HULU/NET,"Aug. 13, 2023",462
S.W.A.T.,HULU/NET,"Sep. 3, 2023",643
S.W.A.T.,HULU/NET,"Sep. 10, 2023","1,041"
S.W.A.T.,HULU/NET,"Sep. 17, 2023",798
S.W.A.T.,HULU/NET,"Sep. 24, 2023",692
S.W.A.T.,HULU/NET,"Oct. 1, 2023",617
S.W.A.T.,HULU/NET,"Oct. 8, 2023",497
SCHITT'S CREEK,NETFLIX,"Sep. 27, 2020",839
SCHITT'S CREEK,NETFLIX,"Oct. 4, 2020",968
SCHITT'S CREEK,NETFLIX,"Oct. 11, 2020","1,456"
SCHITT'S CREEK,NETFLIX,"Oct. 18, 2020","1,373"
SCHITT'S CREEK,NETFLIX,"Oct. 25, 2020","1,058"
SCHITT'S CREEK,NETFLIX,"Nov. 1, 2020",963
SCHITT'S CREEK,NETFLIX,"Nov. 8, 2020",768
SCHITT'S CREEK,NETFLIX,"Nov. 15, 2020",855
SCHITT'S CREEK,NETFLIX,"Nov. 22, 2020",733
SCHITT'S CREEK,NETFLIX,"Nov. 29, 2020",697
SCHITT'S CREEK,NETFLIX,"Dec. 6, 2020",645
SCHITT'S CREEK,NETFLIX,"Dec. 13, 2020",621
SCHITT'S CREEK,NETFLIX,"Dec. 20, 2020",597
SCHITT'S CREEK,NETFLIX,"Jan. 3, 2021",816
SCHITT'S CREEK,NETFLIX,"Jan. 10, 2021",651
SCHITT'S CREEK,NETFLIX,"Jan. 17, 2021",577
SCHITT'S CREEK,NETFLIX,"Jan. 24, 2021",671
SCHITT'S CREEK,NETFLIX,"Jan. 31, 2021",686
SCHITT'S CREEK,NETFLIX,"Feb. 7, 2021",591
SCHITT'S CREEK,NETFLIX,"Feb. 14, 2021",635
SCHITT'S CREEK,NETFLIX,"Feb. 21, 2021",692
SCHITT'S CREEK,NETFLIX,"Feb. 28, 2021",540
SCHITT'S CREEK,NETFLIX,"Mar. 7, 2021",493
SCHITT'S CREEK,NETFLIX,"Mar. 14, 2021",438
SCHITT'S CREEK,NETFLIX,"Mar. 21, 2021",400
SCHITT'S CREEK,NETFLIX,"Mar. 28, 2021",402
SCHITT'S CREEK,NETFLIX,"Apr. 4, 2021",338
SCHITT'S CREEK,NETFLIX,"Apr. 11, 2021",430
SCHITT'S CREEK,NETFLIX,"Apr. 18, 2021",489
SCHITT'S CREEK,NETFLIX,"Apr. 25, 2021",346
SCHITT'S CREEK,NETFLIX,"May. 2, 2021",337
SCHITT'S CREEK,NETFLIX,"May. 9, 2021",293
SCHITT'S CREEK,NETFLIX,"May. 16, 2021",352
SCHITT'S CREEK,NETFLIX,"May. 23, 2021",315
SCHITT'S CREEK,NETFLIX,"May. 30, 2021",288
SCHITT'S CREEK,NETFLIX,"Jun. 27, 2021",299
SCHITT'S CREEK,NETFLIX,"Jul. 4, 2021",260
SCHITT'S CREEK,NETFLIX,"Jul. 11, 2021",291
SCHITT'S CREEK,NETFLIX,"Jul. 25, 2021",278
SCHITT'S CREEK,NETFLIX,"Sep. 19, 2021",272
SEINFELD,NETFLIX,"Oct. 10, 2021",590
SEINFELD,NETFLIX,"Oct. 17, 2021",581
SEINFELD,NETFLIX,"Oct. 24, 2021",595
SEINFELD,NETFLIX,"Oct. 31, 2021",587
SEINFELD,NETFLIX,"Nov. 7, 2021",672
SEINFELD,NETFLIX,"Nov. 14, 2021",629
SEINFELD,NETFLIX,"Nov. 21, 2021",602
SEINFELD,NETFLIX,"Nov. 28, 2021",562
SEINFELD,NETFLIX,"Dec. 5, 2021",592
SEINFELD,NETFLIX,"Dec. 12, 2021",556
SEINFELD,NETFLIX,"Dec. 19, 2021",511
SEINFELD,NETFLIX,"Dec. 26, 2021",493
SEINFELD,NETFLIX,"Jan. 2, 2022",561
SEINFELD,NETFLIX,"Jan. 9, 2022",519
SEINFELD,NETFLIX,"Jan. 16, 2022",502
SEINFELD,NETFLIX,"Jan. 23, 2022",513
SEINFELD,NETFLIX,"Jan. 30, 2022",407
SEINFELD,NETFLIX,"Feb. 6, 2022",462
SEINFELD,NETFLIX,"Feb. 13, 2022",425
SEINFELD,NETFLIX,"Feb. 20, 2022",414
SEINFELD,NETFLIX,"Feb. 27, 2022",374
SEINFELD,NETFLIX,"Mar. 6, 2022",350
SEINFELD,NETFLIX,"Mar. 13, 2022",348
SEINFELD,NETFLIX,"Mar. 20, 2022",377
SEINFELD,NETFLIX,"Mar. 27, 2022",377
SEINFELD,NETFLIX,"Apr. 3, 2022",341
SEINFELD,NETFLIX,"Apr. 10, 2022",355
SEINFELD,NETFLIX,"May. 1, 2022",347
SEINFELD,NETFLIX,"May. 15, 2022",256
SEINFELD,NETFLIX,"May. 22, 2022",285
SEINFELD,NETFLIX,"May. 29, 2022",268
SEINFELD,NETFLIX,"Jun. 19, 2022",326
SEINFELD,NETFLIX,"Jul. 17, 2022",397
SEINFELD,NETFLIX,"Jul. 24, 2022",402
SEINFELD,NETFLIX,"Jul. 31, 2022",386
SEINFELD,NETFLIX,"Aug. 7, 2022",354
SEINFELD,NETFLIX,"Aug. 14, 2022",355
SHAMELESS,NETFLIX,"Aug. 2, 2020","1,506"
SHAMELESS,NETFLIX,"Aug. 9, 2020","1,125"
SHAMELESS,NETFLIX,"Aug. 16, 2020",968
SHAMELESS,NETFLIX,"Aug. 23, 2020",802
SHAMELESS,NETFLIX,"Aug. 30, 2020",637
SHAMELESS,NETFLIX,"Sep. 6, 2020",639
SHAMELESS,NETFLIX,"Sep. 13, 2020",556
SHAMELESS,NETFLIX,"Sep. 20, 2020",534
SHAMELESS,NETFLIX,"Jan. 3, 2021",329
SHAMELESS,NETFLIX,"Jul. 11, 2021",275
SHAMELESS,NETFLIX,"Jul. 18, 2021",290
SHAMELESS,NETFLIX,"Oct. 17, 2021",964
SHAMELESS,NETFLIX,"Oct. 24, 2021",851
SHAMELESS,NETFLIX,"Oct. 31, 2021",624
SHAMELESS,NETFLIX,"Nov. 7, 2021",594
SHAMELESS,NETFLIX,"Nov. 14, 2021",432
SHAMELESS,NETFLIX,"Nov. 21, 2021",331
SHAMELESS,NETFLIX,"Nov. 28, 2021",408
SHAMELESS,NETFLIX,"Dec. 5, 2021",334
SHAMELESS,NETFLIX,"Dec. 12, 2021",316
SHAMELESS,NETFLIX,"Dec. 19, 2021",316
SHAMELESS,NETFLIX,"Dec. 26, 2021",273
SHAMELESS,NETFLIX,"Jan. 2, 2022",365
SHAMELESS,NETFLIX,"Jan. 9, 2022",366
SHAMELESS,NETFLIX,"Jan. 16, 2022",317
SHAMELESS,NETFLIX,"Feb. 6, 2022",312
SHAMELESS,NETFLIX,"Apr. 17, 2022",301
SHAMELESS,NETFLIX,"Jul. 31, 2022",353
SHAMELESS,NETFLIX,"Aug. 7, 2022",354
SHAMELESS,NETFLIX,"Mar. 26, 2023",467
SHAMELESS,NETFLIX,"Apr. 16, 2023",433
SHAMELESS,NETFLIX,"Apr. 23, 2023",536
SHAMELESS,NETFLIX,"Apr. 30, 2023",521
SHAMELESS,NETFLIX,"May. 7, 2023",557
SHAMELESS,NETFLIX,"May. 14, 2023",524
SHAMELESS,NETFLIX,"May. 21, 2023",429
SHAMELESS,NETFLIX,"Jun. 18, 2023",496
SHAMELESS,NETFLIX,"Oct. 8, 2023",497
SHAMELESS,NETFLIX,"Oct. 15, 2023",496
SHAMELESS,NETFLIX,"Oct. 22, 2023",446
SHAMELESS,NETFLIX,"Oct. 29, 2023",455
SHAMELESS,NETFLIX,"Nov. 19, 2023",545
SHAMELESS,NETFLIX,"Dec. 3, 2023",540
SHAMELESS,NETFLIX,"Dec. 17, 2023",422
SHAMELESS,NETFLIX,"Feb. 11, 2024",557
"SISTER, SISTER",NETFLIX,"Sep. 13, 2020",432
SIX FEET UNDER,MAX/NET,"Nov. 12, 2023",692
SIX FEET UNDER,MAX/NET,"Nov. 19, 2023",696
SIX FEET UNDER,MAX/NET,"Nov. 26, 2023",592
SOUTH PARK,HBO MAX,"Feb. 19, 2023",566
SOUTH PARK,HBO MAX,"Feb. 26, 2023",704
SOUTH PARK,HBO MAX,"Mar. 5, 2023",687
SOUTH PARK,HBO MAX,"Mar. 12, 2023",806
SOUTH PARK,HBO MAX,"Mar. 19, 2023",741
SOUTH PARK,HBO MAX,"Mar. 26, 2023",831
SOUTH PARK,HBO MAX,"Apr. 2, 2023",757
SOUTH PARK,HBO MAX,"Apr. 9, 2023",700
SOUTH PARK,HBO MAX,"Apr. 16, 2023",726
SOUTH PARK,HBO MAX,"Apr. 23, 2023",626
SOUTH PARK,HBO MAX,"Apr. 30, 2023",524
SOUTH PARK,HBO MAX,"May. 7, 2023",473
SPONGEBOB SQUAREPANTS,AMAZON,"May. 30, 2021",217
SPONGEBOB SQUAREPANTS,AMAZON,"Jun. 6, 2021",325
SPONGEBOB SQUAREPANTS,AMAZON,"May. 15, 2022",260
SPONGEBOB SQUAREPANTS,PARA/AMA,"Apr. 9, 2023",452
SPONGEBOB SQUAREPANTS,PARA/AMA,"Jul. 2, 2023",420
SPONGEBOB SQUAREPANTS,PARA/AMA,"Jul. 30, 2023",444
SPONGEBOB SQUAREPANTS,PARA/AMA,"Aug. 6, 2023",439
SPONGEBOB SQUAREPANTS,PARA/AMA,"Aug. 13, 2023",519
SPONGEBOB SQUAREPANTS,PARA/AMA,"Aug. 27, 2023",431
SPONGEBOB SQUAREPANTS,PARA/AMA,"Dec. 24, 2023",440
STARTUP,NETFLIX,"May. 16, 2021",760
STARTUP,NETFLIX,"May. 23, 2021",657
STARTUP,NETFLIX,"May. 30, 2021",547
STARTUP,NETFLIX,"Jun. 6, 2021",383
SUCCESSION,HBO MAX,"Apr. 2, 2023",480
SUCCESSION,HBO MAX,"Apr. 9, 2023",423
SUCCESSION,HBO MAX,"Apr. 16, 2023",638
SUCCESSION,HBO MAX,"Apr. 23, 2023",570
SUCCESSION,HBO MAX,"Apr. 30, 2023",568
SUCCESSION,HBO MAX,"May. 7, 2023",501
SUCCESSION,HBO MAX,"May. 14, 2023",507
SUCCESSION,HBO MAX,"May. 21, 2023",550
SUCCESSION,MAX,"May. 28, 2023",541
SUCCESSION,MAX,"Jun. 4, 2023",607
SUITS,PEA/NET,"Jun. 25, 2023","2,318"
SUITS,PEA/NET,"Jul. 2, 2023","3,142"
SUITS,PEA/NET,"Jul. 9, 2023","3,674"
SUITS,PEA/NET,"Jul. 16, 2023","3,698"
SUITS,PEA/NET,"Jul. 23, 2023","3,879"
SUITS,PEA/NET,"Jul. 30, 2023","3,595"
SUITS,PEA/NET,"Aug. 6, 2023","3,237"
SUITS,NETFLIX,"Aug. 13, 2023","3,010"
SUITS,PEA/NET,"Aug. 20, 2023","2,836"
SUITS,PEA/NET,"Aug. 27, 2023","2,662"
SUITS,PEA/NET,"Sep. 3, 2023","2,450"
SUITS,PEA/NET,"Sep. 10, 2023","2,359"
SUITS,PEA/NET,"Sep. 17, 2023","1,900"
SUITS,PEA/NET,"Sep. 24, 2023","1,791"
SUITS,PEA/NET,"Oct. 1, 2023","1,429"
SUITS,PEA/NET,"Oct. 8, 2023","1,280"
SUITS,PEA/NET,"Oct. 15, 2023","1,126"
SUITS,PEA/NET,"Oct. 22, 2023","1,059"
SUITS,PEA/NET,"Oct. 29, 2023",997
SUITS,PEA/NET,"Nov. 5, 2023",914
SUITS,PEA/NET,"Nov. 12, 2023",826
SUITS,PEA/NET,"Nov. 19, 2023",794
SUITS,PEA/NET,"Nov. 26, 2023",755
SUITS,PEA/NET,"Dec. 3, 2023",683
SUITS,PEA/NET,"Dec. 10, 2023",679
SUITS,PEA/NET,"Dec. 17, 2023",652
SUITS,PEA/NET,"Dec. 24, 2023",659
SUITS,PEA/NET,"Dec. 31, 2023",721
SUITS,PEA/NET,"Jan. 7, 2024",766
SUITS,PEA/NET,"Jan. 14, 2024",693
SUITS,PEA/NET,"Jan. 21, 2024",732
SUITS,PEA/NET,"Jan. 28, 2024",605
SUITS,PEA/NET,"Feb. 4, 2024",732
SUITS,PEA/NET,"Feb. 11, 2024",652
SUITS,PEA/NET,"Feb. 18, 2024",682
SUITS,PEA/NET,"Feb. 25, 2024",702
SUITS,PEA/NET,"Mar. 3, 2024",683
SUITS,PEA/NET,"Mar. 10, 2024",561
SUPERNATURAL,NETFLIX,"Aug. 9, 2020",315
SUPERNATURAL,NETFLIX,"Dec. 6, 2020",694
SUPERNATURAL,NETFLIX,"Dec. 13, 2020",774
SUPERNATURAL,NETFLIX,"Dec. 20, 2020",684
SUPERNATURAL,NETFLIX,"Jan. 3, 2021",526
SUPERNATURAL,NETFLIX,"Jan. 10, 2021",526
SUPERNATURAL,NETFLIX,"Jan. 17, 2021",591
SUPERNATURAL,NETFLIX,"Jan. 24, 2021",527
SUPERNATURAL,NETFLIX,"Jan. 31, 2021",519
SUPERNATURAL,NETFLIX,"Feb. 7, 2021",425
SUPERNATURAL,NETFLIX,"Mar. 7, 2021",400
SUPERNATURAL,NETFLIX,"Mar. 14, 2021",393
SUPERNATURAL,NETFLIX,"Mar. 21, 2021",358
SUPERNATURAL,NETFLIX,"Mar. 28, 2021",343
SUPERNATURAL,NETFLIX,"Apr. 4, 2021",377
SUPERNATURAL,NETFLIX,"Apr. 11, 2021",292
SUPERNATURAL,NETFLIX,"Apr. 18, 2021",313
SUPERNATURAL,NETFLIX,"Apr. 25, 2021",327
SUPERNATURAL,NETFLIX,"May. 2, 2021",374
SUPERNATURAL,NETFLIX,"May. 9, 2021",380
SUPERNATURAL,NETFLIX,"May. 16, 2021",239
SUPERNATURAL,NETFLIX,"May. 23, 2021",298
SUPERNATURAL,NETFLIX,"May. 30, 2021",270
SUPERNATURAL,NETFLIX,"Jun. 6, 2021",323
SUPERNATURAL,NETFLIX,"Jun. 13, 2021",354
SUPERNATURAL,NETFLIX,"Jun. 20, 2021",364
SUPERNATURAL,NETFLIX,"Jun. 27, 2021",333
SUPERNATURAL,NETFLIX,"Jul. 4, 2021",376
SUPERNATURAL,NETFLIX,"Jul. 11, 2021",455
SUPERNATURAL,NETFLIX,"Jul. 18, 2021",273
SUPERNATURAL,NETFLIX,"Jul. 25, 2021",294
SUPERNATURAL,NETFLIX,"Aug. 8, 2021",368
SUPERNATURAL,NETFLIX,"Aug. 29, 2021",354
SUPERNATURAL,NETFLIX,"Sep. 5, 2021",426
SUPERNATURAL,NETFLIX,"Sep. 12, 2021",369
SUPERNATURAL,NETFLIX,"Sep. 19, 2021",316
SUPERNATURAL,NETFLIX,"Sep. 26, 2021",361
SUPERNATURAL,NETFLIX,"Oct. 3, 2021",283
SUPERNATURAL,NETFLIX,"Oct. 10, 2021",282
SUPERNATURAL,NETFLIX,"Oct. 17, 2021",318
SUPERNATURAL,NETFLIX,"Nov. 14, 2021",362
SUPERNATURAL,NETFLIX,"Nov. 21, 2021",359
SUPERNATURAL,NETFLIX,"Nov. 28, 2021",435
SUPERNATURAL,NETFLIX,"Dec. 5, 2021",352
SUPERNATURAL,NETFLIX,"Dec. 12, 2021",371
SUPERNATURAL,NETFLIX,"Dec. 19, 2021",353
SUPERNATURAL,NETFLIX,"Dec. 26, 2021",348
SUPERNATURAL,NETFLIX,"Jan. 2, 2022",430
SUPERNATURAL,NETFLIX,"Jan. 9, 2022",393
SUPERNATURAL,NETFLIX,"Jan. 16, 2022",348
SUPERNATURAL,NETFLIX,"Jan. 23, 2022",417
SUPERNATURAL,NETFLIX,"Jan. 30, 2022",394
SUPERNATURAL,NETFLIX,"Feb. 6, 2022",304
SUPERNATURAL,NETFLIX,"Feb. 13, 2022",289
SUPERNATURAL,NETFLIX,"Feb. 20, 2022",335
SUPERNATURAL,NETFLIX,"Feb. 27, 2022",317
SUPERNATURAL,NETFLIX,"Mar. 6, 2022",339
SUPERNATURAL,NETFLIX,"Mar. 13, 2022",318
SUPERNATURAL,NETFLIX,"Mar. 20, 2022",317
SUPERNATURAL,NETFLIX,"Mar. 27, 2022",343
SUPERNATURAL,NETFLIX,"Apr. 3, 2022",328
SUPERNATURAL,NETFLIX,"Apr. 10, 2022",305
SUPERNATURAL,NETFLIX,"Apr. 17, 2022",347
SUPERNATURAL,NETFLIX,"May. 8, 2022",343
SUPERNATURAL,NETFLIX,"May. 15, 2022",343
SUPERNATURAL,NETFLIX,"May. 22, 2022",349
SUPERNATURAL,NETFLIX,"May. 29, 2022",346
SUPERNATURAL,NETFLIX,"Jun. 5, 2022",367
SUPERNATURAL,NETFLIX,"Jun. 19, 2022",441
SUPERNATURAL,NETFLIX,"Jun. 26, 2022",379
SUPERNATURAL,NETFLIX,"Jul. 3, 2022",528
SUPERNATURAL,NETFLIX,"Jul. 10, 2022",374
SUPERNATURAL,NETFLIX,"Jul. 17, 2022",373
SUPERNATURAL,NETFLIX,"Jul. 24, 2022",402
SUPERNATURAL,NETFLIX,"Jul. 31, 2022",356
SUPERNATURAL,NETFLIX,"Aug. 21, 2022",432
SUPERNATURAL,NETFLIX,"Oct. 2, 2022",501
SUPERNATURAL,NETFLIX,"Jan. 8, 2023",535
SUPERNATURAL,NETFLIX,"Mar. 19, 2023",649
SUPERNATURAL,NETFLIX,"Mar. 26, 2023",583
SUPERNATURAL,NETFLIX,"Apr. 2, 2023",535
SUPERNATURAL,NETFLIX,"Apr. 9, 2023",484
SUPERNATURAL,NETFLIX,"Apr. 16, 2023",529
SUPERNATURAL,NETFLIX,"Apr. 23, 2023",439
SUPERNATURAL,NETFLIX,"May. 14, 2023",462
SUPERNATURAL,NETFLIX,"May. 21, 2023",429
SUPERNATURAL,NETFLIX,"Jul. 9, 2023",450
SUPERNATURAL,NETFLIX,"Jul. 16, 2023",460
SUPERNATURAL,NETFLIX,"Jul. 23, 2023",457
SUPERNATURAL,NETFLIX,"Jul. 30, 2023",417
SUPERNATURAL,NETFLIX,"Aug. 13, 2023",455
SUPERNATURAL,NETFLIX,"Aug. 20, 2023",492
SUPERNATURAL,NETFLIX,"Aug. 27, 2023",488
SUPERNATURAL,NETFLIX,"Sep. 3, 2023",493
SUPERNATURAL,NETFLIX,"Oct. 1, 2023",425
TACOMA FD,MAX/NET,"Jan. 7, 2024",622
THE 100,NETFLIX,"Oct. 11, 2020",664
THE 100,NETFLIX,"Oct. 18, 2020",933
THE 100,NETFLIX,"Oct. 25, 2020",657
THE 100,NETFLIX,"Nov. 8, 2020",407
THE BAKER AND THE BEAUTY,NETFLIX,"Apr. 18, 2021",315
THE BAKER AND THE BEAUTY,NETFLIX,"Apr. 25, 2021",495
THE BIG BANG THEORY,HBO MAX,"Jun. 5, 2022",352
THE BIG BANG THEORY,HBO MAX,"Jun. 12, 2022",305
THE BIG BANG THEORY,HBO MAX,"Jun. 19, 2022",355
THE BIG BANG THEORY,HBO MAX,"Jun. 26, 2022",387
THE BIG BANG THEORY,HBO MAX,"Jul. 10, 2022",383
THE BIG BANG THEORY,HBO MAX,"Jul. 24, 2022",406
THE BIG BANG THEORY,HBO MAX,"Jul. 31, 2022",392
THE BIG BANG THEORY,HBO MAX,"Aug. 7, 2022",410
THE BIG BANG THEORY,HBO MAX,"Aug. 14, 2022",399
THE BIG BANG THEORY,HBO MAX,"Aug. 21, 2022",475
THE BIG BANG THEORY,HBO MAX,"Aug. 28, 2022",606
THE BIG BANG THEORY,HBO MAX,"Sep. 4, 2022",571
THE BIG BANG THEORY,HBO MAX,"Sep. 11, 2022",499
THE BIG BANG THEORY,HBO MAX,"Sep. 18, 2022",504
THE BIG BANG THEORY,HBO MAX,"Sep. 25, 2022",510
THE BIG BANG THEORY,HBO MAX,"Oct. 2, 2022",459
THE BIG BANG THEORY,HBO MAX,"Oct. 23, 2022",450
THE BIG BANG THEORY,HBO MAX,"Oct. 30, 2022",456
THE BIG BANG THEORY,HBO MAX,"Nov. 6, 2022",436
THE BIG BANG THEORY,HBO MAX,"Nov. 13, 2022",463
THE BIG BANG THEORY,HBO MAX,"Nov. 20, 2022",505
THE BIG BANG THEORY,HBO MAX,"Nov. 27, 2022",452
THE BIG BANG THEORY,HBO MAX,"Dec. 4, 2022",493
THE BIG BANG THEORY,HBO MAX,"Dec. 11, 2022",525
THE BIG BANG THEORY,HBO MAX,"Dec. 18, 2022",575
THE BIG BANG THEORY,HBO MAX,"Dec. 25, 2022",548
THE BIG BANG THEORY,HBO MAX,"Jan. 1, 2023",656
THE BIG BANG THEORY,HBO MAX,"Jan. 8, 2023",559
THE BIG BANG THEORY,HBO MAX,"Jan. 15, 2023",568
THE BIG BANG THEORY,HBO MAX,"Jan. 22, 2023",621
THE BIG BANG THEORY,HBO MAX,"Jan. 29, 2023",641
THE BIG BANG THEORY,HBO MAX,"Feb. 5, 2023",624
THE BIG BANG THEORY,HBO MAX,"Feb. 19, 2023",528
THE BIG BANG THEORY,HBO MAX,"Feb. 26, 2023",547
THE BIG BANG THEORY,HBO MAX,"Mar. 5, 2023",527
THE BIG BANG THEORY,HBO MAX,"Mar. 19, 2023",455
THE BIG BANG THEORY,HBO MAX,"Mar. 26, 2023",481
THE BIG BANG THEORY,HBO MAX,"Apr. 2, 2023",501
THE BIG BANG THEORY,HBO MAX,"Apr. 9, 2023",480
THE BIG BANG THEORY,HBO MAX,"Apr. 16, 2023",500
THE BIG BANG THEORY,HBO MAX,"Apr. 23, 2023",535
THE BIG BANG THEORY,HBO MAX,"Apr. 30, 2023",525
THE BIG BANG THEORY,HBO MAX,"May. 7, 2023",638
THE BIG BANG THEORY,HBO MAX,"May. 14, 2023",541
THE BIG BANG THEORY,HBO MAX,"May. 21, 2023",502
THE BIG BANG THEORY,MAX,"May. 28, 2023",442
THE BIG BANG THEORY,MAX,"Jun. 4, 2023",499
THE BIG BANG THEORY,MAX,"Jun. 11, 2023",486
THE BIG BANG THEORY,MAX,"Jun. 18, 2023",490
THE BIG BANG THEORY,MAX,"Jun. 25, 2023",581
THE BIG BANG THEORY,MAX,"Jul. 2, 2023",602
THE BIG BANG THEORY,MAX,"Jul. 9, 2023",469
THE BIG BANG THEORY,MAX,"Jul. 16, 2023",497
THE BIG BANG THEORY,MAX,"Jul. 23, 2023",458
THE BIG BANG THEORY,MAX,"Jul. 30, 2023",485
THE BIG BANG THEORY,MAX,"Aug. 13, 2023",522
THE BIG BANG THEORY,MAX,"Aug. 20, 2023",500
THE BIG BANG THEORY,MAX,"Aug. 27, 2023",497
THE BIG BANG THEORY,MAX,"Sep. 3, 2023",590
THE BIG BANG THEORY,MAX,"Sep. 10, 2023",561
THE BIG BANG THEORY,MAX,"Sep. 17, 2023",460
THE BIG BANG THEORY,MAX,"Sep. 24, 2023",443
THE BIG BANG THEORY,MAX,"Oct. 1, 2023",490
THE BIG BANG THEORY,MAX,"Oct. 8, 2023",418
THE BIG BANG THEORY,MAX,"Oct. 22, 2023",552
THE BIG BANG THEORY,MAX,"Oct. 29, 2023",450
THE BIG BANG THEORY,MAX,"Nov. 19, 2023",504
THE BIG BANG THEORY,MAX,"Nov. 26, 2023",590
THE BIG BANG THEORY,MAX,"Dec. 3, 2023",565
THE BIG BANG THEORY,MAX,"Dec. 10, 2023",592
THE BIG BANG THEORY,MAX,"Dec. 17, 2023",632
THE BIG BANG THEORY,MAX,"Dec. 24, 2023",587
THE BIG BANG THEORY,MAX,"Dec. 31, 2023",661
THE BIG BANG THEORY,MAX,"Jan. 7, 2024",757
THE BIG BANG THEORY,MAX,"Jan. 14, 2024",682
THE BIG BANG THEORY,MAX,"Jan. 21, 2024",732
THE BIG BANG THEORY,MAX,"Jan. 28, 2024",690
THE BIG BANG THEORY,MAX,"Feb. 4, 2024",750
THE BIG BANG THEORY,MAX,"Feb. 11, 2024",690
THE BIG BANG THEORY,MAX,"Feb. 18, 2024",576
THE BIG BANG THEORY,MAX,"Feb. 25, 2024",658
THE BIG BANG THEORY,MAX,"Mar. 3, 2024",559
THE BIG BANG THEORY,MAX,"Mar. 10, 2024",621
THE BLACKLIST,NETFLIX,"Sep. 27, 2020",929
THE BLACKLIST,NETFLIX,"Oct. 4, 2020",852
THE BLACKLIST,NETFLIX,"Oct. 11, 2020",644
THE BLACKLIST,NETFLIX,"Oct. 18, 2020",591
THE BLACKLIST,NETFLIX,"Nov. 8, 2020",417
THE BLACKLIST,NETFLIX,"Nov. 15, 2020",381
THE BLACKLIST,NETFLIX,"Jan. 3, 2021",291
THE BLACKLIST,NETFLIX,"Jan. 10, 2021",264
THE BLACKLIST,NETFLIX,"Jan. 17, 2021",307
THE BLACKLIST,NETFLIX,"Oct. 10, 2021",455
THE BLACKLIST,NETFLIX,"Oct. 17, 2021",656
THE BLACKLIST,NETFLIX,"Oct. 24, 2021",586
THE BLACKLIST,NETFLIX,"Oct. 31, 2021",539
THE BLACKLIST,NETFLIX,"Nov. 7, 2021",395
THE BLACKLIST,NETFLIX,"Dec. 26, 2021",260
THE BLACKLIST,NETFLIX,"Aug. 28, 2022",392
THE BLACKLIST,NETFLIX,"Oct. 9, 2022",595
THE BLACKLIST,NETFLIX,"Oct. 16, 2022",906
THE BLACKLIST,NETFLIX,"Oct. 23, 2022",807
THE BLACKLIST,NETFLIX,"Oct. 30, 2022",735
THE BLACKLIST,NETFLIX,"Nov. 6, 2022",696
THE BLACKLIST,NETFLIX,"Nov. 13, 2022",593
THE BLACKLIST,NETFLIX,"Nov. 20, 2022",530
THE BLACKLIST,NETFLIX,"Nov. 27, 2022",469
THE BLACKLIST,NETFLIX,"Mar. 12, 2023",529
THE BLACKLIST,NETFLIX,"Feb. 25, 2024",593
THE FAIRLY ODDPARENTS,NETFLIX,"Apr. 24, 2022",415
THE FAIRLY ODDPARENTS,NETFLIX,"May. 1, 2022",318
THE FAIRLY ODDPARENTS,NETFLIX,"May. 8, 2022",299
THE FAMILY BUSINESS,NETFLIX,"Nov. 5, 2023",606
THE FIRST WIVES CLUB,NETFLIX,"Nov. 26, 2023",755
THE FIRST WIVES CLUB,NETFLIX,"Dec. 3, 2023",638
THE FLASH,NETFLIX,"Aug. 1, 2021",519
THE FLASH,NETFLIX,"Aug. 8, 2021",472
THE FLASH,NETFLIX,"Aug. 15, 2021",425
THE FLASH,NETFLIX,"Sep. 5, 2021",336
THE FLASH,NETFLIX,"Sep. 12, 2021",305
THE FLASH,NETFLIX,"Jul. 17, 2022",529
THE FLASH,NETFLIX,"Jun. 11, 2023",467
THE GOLDEN GIRLS,NETFLIX,"Jan. 9, 2022",384
THE GOOD WITCH,NETFLIX,"Oct. 10, 2021",368
THE GOOD WITCH,NETFLIX,"Oct. 17, 2021",357
THE LAST OF US,HBO MAX,"Jan. 22, 2023",837
THE LAST OF US,HBO MAX,"Jan. 29, 2023",877
THE LAST OF US,HBO MAX,"Feb. 5, 2023","1,190"
THE LAST OF US,HBO MAX,"Feb. 12, 2023","1,109"
THE LAST OF US,HBO MAX,"Feb. 19, 2023",943
THE LAST OF US,HBO MAX,"Feb. 26, 2023","1,187"
THE LAST OF US,HBO MAX,"Mar. 5, 2023","1,011"
THE LAST OF US,HBO MAX,"Mar. 12, 2023","1,058"
THE LAST OF US,HBO MAX,"Mar. 19, 2023",817
THE LEGEND OF KORRA,NETFLIX,"Aug. 16, 2020",556
THE LEGEND OF KORRA,NETFLIX,"Aug. 23, 2020","1,248"
THE LEGEND OF KORRA,NETFLIX,"Aug. 30, 2020",808
THE LEGEND OF KORRA,NETFLIX,"Sep. 6, 2020",541
THE OFFICE,NETFLIX,"Mar. 22, 2020","1,438"
THE OFFICE,NETFLIX,"Mar. 29, 2020","1,488"
THE OFFICE,NETFLIX,"Aug. 9, 2020",897
THE OFFICE,NETFLIX,"Aug. 16, 2020",958
THE OFFICE,NETFLIX,"Aug. 23, 2020",928
THE OFFICE,NETFLIX,"Aug. 30, 2020",919
THE OFFICE,NETFLIX,"Sep. 6, 2020",843
THE OFFICE,NETFLIX,"Sep. 13, 2020",947
THE OFFICE,NETFLIX,"Sep. 20, 2020",902
THE OFFICE,NETFLIX,"Sep. 27, 2020",893
THE OFFICE,NETFLIX,"Oct. 4, 2020",929
THE OFFICE,NETFLIX,"Oct. 11, 2020",862
THE OFFICE,NETFLIX,"Oct. 18, 2020",900
THE OFFICE,NETFLIX,"Oct. 25, 2020",869
THE OFFICE,NETFLIX,"Nov. 1, 2020","1,046"
THE OFFICE,NETFLIX,"Nov. 8, 2020","1,093"
THE OFFICE,NETFLIX,"Nov. 15, 2020","1,089"
THE OFFICE,NETFLIX,"Nov. 22, 2020","1,067"
THE OFFICE,NETFLIX,"Nov. 29, 2020","1,142"
THE OFFICE,NETFLIX,"Dec. 6, 2020","1,312"
THE OFFICE,NETFLIX,"Dec. 13, 2020","1,279"
THE OFFICE,NETFLIX,"Dec. 20, 2020","1,311"
THE OFFICE,NETFLIX,"Dec. 27, 2020","1,435"
THE OFFICE,NETFLIX,"Jan. 3, 2021",937
THE OFFICE,PEACOCK,"Jan. 28, 2024",602
THE PACIFIC,MAX/NET,"Sep. 24, 2023",491
THE PACIFIC,MAX/NET,"Oct. 1, 2023",408
THE SIMPSONS,NETFLIX,"Sep. 26, 2021",272
THE SIMPSONS,NETFLIX,"Oct. 3, 2021",284
THE SIMPSONS,DISNEY+,"Feb. 13, 2022",295
THE SIMPSONS,DISNEY+,"Sep. 4, 2022",397
THE SIMPSONS,DISNEY+,"Oct. 9, 2022",468
THE SIMPSONS,NETFLIX,"Oct. 23, 2022",452
THE SIMPSONS,DISNEY+,"Nov. 6, 2022",383
THE SIMPSONS,DISNEY+,"Oct. 15, 2023",447
THE SIMPSONS,DISNEY+,"Oct. 22, 2023",491
THE SIMPSONS,DISNEY+,"Oct. 29, 2023",480
THE SIMPSONS,DISNEY+,"Nov. 12, 2023",545
THE SINNER,NETFLIX,"Feb. 14, 2021","1,229"
THE SINNER,NETFLIX,"Feb. 21, 2021",744
THE SINNER,NETFLIX,"Feb. 28, 2021",426
THE SINNER,NETFLIX,"Mar. 7, 2021",334
THE SINNER,NETFLIX,"Oct. 16, 2022",464
THE SINNER,NETFLIX,"Oct. 23, 2022",935
THE SINNER,NETFLIX,"Oct. 30, 2022",524
THE THUNDERMANS,HULU/NET,"Nov. 14, 2021",480
THE THUNDERMANS,HULU/NET,"Nov. 21, 2021",359
THE THUNDERMANS,HULU/NET,"Nov. 28, 2021",391
THE THUNDERMANS,HULU/NET,"Dec. 12, 2021",297
THE THUNDERMANS,HULU/NET,"Dec. 26, 2021",290
THE THUNDERMANS,HULU/NET,"Jan. 9, 2022",379
THE UNXPLAINED,NETFLIX,"Jul. 3, 2022",545
THE VAMPIRE DIARIES,NETFLIX,"Feb. 6, 2022",308
THE VAMPIRE DIARIES,NETFLIX,"Aug. 7, 2022",376
THE WALKING DEAD,NETFLIX,"Aug. 1, 2021",554
THE WALKING DEAD,NETFLIX,"Aug. 8, 2021",720
THE WALKING DEAD,NETFLIX,"Aug. 15, 2021",606
THE WALKING DEAD,NETFLIX,"Aug. 22, 2021",463
THE WALKING DEAD,NETFLIX,"Aug. 29, 2021",433
THE WALKING DEAD,NETFLIX,"Jan. 8, 2023",905
THE WALKING DEAD,NETFLIX,"Jan. 15, 2023","1,429"
THE WALKING DEAD,NETFLIX,"Jan. 22, 2023","1,103"
THE WALKING DEAD,NETFLIX,"Jan. 29, 2023","1,037"
THE WALKING DEAD,NETFLIX,"Feb. 5, 2023",901
THE WALKING DEAD,NETFLIX,"Feb. 12, 2023",708
THE WALKING DEAD,NETFLIX,"Feb. 19, 2023",727
THE WALKING DEAD,NETFLIX,"Feb. 26, 2023",573
THE WALKING DEAD,NETFLIX,"Mar. 5, 2023",502
THE WALKING DEAD,NETFLIX,"Mar. 26, 2023",476
THE WALKING DEAD,NETFLIX,"Apr. 2, 2023",384
THE WHITE LOTUS,HBO MAX,"Nov. 20, 2022",406
THE WHITE LOTUS,HBO MAX,"Dec. 4, 2022",548
THE WHITE LOTUS,HBO MAX,"Dec. 11, 2022",752
THE WHITE LOTUS,NETFLIX,"Dec. 18, 2022",902
THE WHITE LOTUS,HBO MAX,"Dec. 25, 2022",448
THE WHITE LOTUS,HBO MAX,"Jan. 1, 2023",573
THIS IS US,HULU/NET,"Jan. 21, 2024",929
THIS IS US,HULU/NET,"Jan. 28, 2024",776
THIS IS US,HULU/NET,"Feb. 4, 2024",682
THIS IS US,HULU/NET,"Feb. 11, 2024",543
TRUE DETECTIVE,MAX,"Feb. 11, 2024",745
TRUE DETECTIVE,MAX,"Feb. 18, 2024",773
TRUE DETECTIVE,MAX,"Feb. 25, 2024",889
WARRIOR,MAX/NET,"Feb. 25, 2024",948
WARRIOR,MAX/NET,"Mar. 3, 2024",693
WENTWORTH,NETFLIX,"Nov. 7, 2021",419
YELLOWSTONE,PEACOCK,"Nov. 13, 2022",607
YELLOWSTONE,PEACOCK,"Nov. 20, 2022",643
YELLOWSTONE,PEACOCK,"Nov. 27, 2022",736
YELLOWSTONE,PEACOCK,"Dec. 4, 2022",652
YELLOWSTONE,PEACOCK,"Dec. 11, 2022",726
YELLOWSTONE,PEACOCK,"Dec. 18, 2022",611
YELLOWSTONE,PEACOCK,"Dec. 25, 2022",565
YELLOWSTONE,PEACOCK,"Jan. 1, 2023","1,042"
YELLOWSTONE,PEACOCK,"Jan. 8, 2023",750
YELLOWSTONE,PEACOCK,"May. 28, 2023",502
YELLOWSTONE,PEACOCK,"Jun. 4, 2023",508
YELLOWSTONE,PEACOCK,"Jun. 11, 2023",475
YELLOWSTONE,PEACOCK,"Jun. 18, 2023",495
YELLOWSTONE,PEACOCK,"Jul. 9, 2023",424
YOUNG SHELDON,MAX/NET,"Nov. 26, 2023",963
YOUNG SHELDON,MAX/NET,"Dec. 3, 2023","1,846"
YOUNG SHELDON,MAX/NET,"Dec. 10, 2023","1,631"
YOUNG SHELDON,MAX/NET,"Dec. 17, 2023","1,428"
YOUNG SHELDON,MAX/NET,"Dec. 24, 2023","1,408"
YOUNG SHELDON,MAX/NET,"Dec. 31, 2023","1,313"
YOUNG SHELDON,MAX/NET,"Jan. 7, 2024","1,366"
YOUNG SHELDON,MAX/NET,"Jan. 14, 2024","1,051"
YOUNG SHELDON,MAX/NET,"Jan. 21, 2024","1,156"
YOUNG SHELDON,MAX/NET,"Jan. 28, 2024",984
YOUNG SHELDON,MAX/NET,"Feb. 4, 2024","1,305"
YOUNG SHELDON,MAX/NET,"Feb. 11, 2024","1,346"
YOUNG SHELDON,MAX/NET,"Feb. 18, 2024","1,004"
YOUNG SHELDON,MAX/NET,"Feb. 25, 2024",936
YOUNG SHELDON,MAX/NET,"Mar. 3, 2024",862
YOUNG SHELDON,MAX/NET,"Mar. 10, 2024",703
A MILLION MILES AWAY,AMAZON,"Sep. 17, 2023",216
A MILLION MILES AWAY,AMAZON,"Sep. 24, 2023",216
AIR,AMAZON,"May. 21, 2023",404
AIR,AMAZON,"May. 28, 2023",302
AIR,AMAZON,"Jun. 4, 2023",246
CANDY CANE LANE,AMAZON,"Dec. 3, 2023",804
CANDY CANE LANE,AMAZON,"Dec. 10, 2023",803
CANDY CANE LANE,AMAZON,"Dec. 17, 2023",472
CANDY CANE LANE,AMAZON,"Dec. 24, 2023",597
COCAINE BEAR,AMAZON,"Aug. 20, 2023",307
CREED III,AMAZON,"Jun. 11, 2023",217
CREED III,AMAZON,"Jun. 18, 2023",222
FAST X,AMAZON,"Jan. 21, 2024",266
GUY RITCHIE'S THE COVENANT,AMAZON,"Sep. 24, 2023",315
GUY RITCHIE'S THE COVENANT,AMAZON,"Oct. 1, 2023",251
JURASSIC WORLD DOMINION,AMAZON,"Jan. 8, 2023",453
JURASSIC WORLD DOMINION,AMAZON,"Jan. 15, 2023",425
JURASSIC WORLD DOMINION,AMAZON,"Jan. 22, 2023",210
JURASSIC WORLD DOMINION,AMAZON,"Jan. 29, 2023",166
KELCE,AMAZON,"Sep. 17, 2023",179
KNOCK AT THE CABIN,AMAZON,"Jul. 30, 2023",221
LONG SHOT,AMA/NET,"Oct. 22, 2023",382
M3GAN,AMAZON,"Jul. 2, 2023",184
SHOTGUN WEDDING,AMAZON,"Jan. 29, 2023",872
SHOTGUN WEDDING,AMAZON,"Feb. 5, 2023",533
SHOTGUN WEDDING,AMAZON,"Feb. 12, 2023",204
THE BLACK DEMON,AMAZON,"Aug. 27, 2023",237
THE BURIAL,AMAZON,"Oct. 15, 2023",637
THE BURIAL,AMAZON,"Oct. 22, 2023",490
THE BURIAL,AMAZON,"Oct. 29, 2023",255
TICKET TO PARADISE,AMAZON,"Apr. 16, 2023",281
TICKET TO PARADISE,AMAZON,"Apr. 23, 2023",204
TICKET TO PARADISE,AMAZON,"Apr. 30, 2023",142
GHOSTED,APPLE TV+,"Apr. 23, 2023",192
GHOSTED,APPLE TV+,"Apr. 30, 2023",181
ANT-MAN AND THE WASP: QUANTUM,DISNEY+,"May. 21, 2023",766
ANT-MAN AND THE WASP: QUANTUM,DISNEY+,"May. 28, 2023",460
ANT-MAN AND THE WASP: QUANTUM,DISNEY+,"Jun. 4, 2023",302
ANT-MAN AND THE WASP: QUANTUM,DISNEY+,"Jun. 18, 2023",156
AVATAR,DISNEY+,"Jan. 1, 2023",442
AVATAR,DISNEY+,"Jan. 8, 2023",270
AVATAR: THE WAY OF THE WATER,MAX/DISNEY+,"Jun. 11, 2023","1,941"
AVATAR: THE WAY OF THE WATER,MAX/DISNEY+,"Jun. 18, 2023","1,059"
AVATAR: THE WAY OF THE WATER,MAX/DISNEY+,"Jun. 25, 2023",671
AVATAR: THE WAY OF THE WATER,MAX/DISNEY+,"Jul. 2, 2023",364
AVATAR: THE WAY OF THE WATER,MAX/DISNEY+,"Jul. 9, 2023",365
AVATAR: THE WAY OF THE WATER,MAX/DISNEY+,"Jul. 16, 2023",165
BLACK PANTHER 2,DISNEY+,"Feb. 5, 2023","2,269"
BLACK PANTHER 2,DISNEY+,"Feb. 12, 2023",944
BLACK PANTHER 2,DISNEY+,"Feb. 19, 2023",579
BLACK PANTHER 2,DISNEY+,"Feb. 26, 2023",375
BLACK PANTHER 2,DISNEY+,"Mar. 5, 2023",251
ELEMENTAL,DISNEY+,"Sep. 17, 2023","1,726"
ELEMENTAL,DISNEY+,"Sep. 24, 2023","1,334"
ELEMENTAL,DISNEY+,"Oct. 1, 2023",862
ELEMENTAL,DISNEY+,"Oct. 8, 2023",621
ELEMENTAL,DISNEY+,"Oct. 15, 2023",540
ELEMENTAL,DISNEY+,"Oct. 22, 2023",494
ELEMENTAL,DISNEY+,"Oct. 29, 2023",463
ELEMENTAL,DISNEY+,"Nov. 5, 2023",425
ELEMENTAL,DISNEY+,"Nov. 12, 2023",352
ELEMENTAL,DISNEY+,"Nov. 26, 2023",371
ELEMENTAL,DISNEY+,"Jan. 14, 2024",282
ELEMENTAL,DISNEY+,"Jan. 28, 2024",213
ELEMENTAL,DISNEY+,"Feb. 4, 2024",240
ELEMENTAL,DISNEY+,"Feb. 11, 2024",217
FLAMIN' HOT,HULU/DISNEY+,"Jun. 11, 2023",294
FLAMIN' HOT,HULU/DISNEY+,"Jun. 18, 2023",318
GUARDIANS OF THE GALAXY VOL. 3,DISNEY+,"Aug. 6, 2023","1,625"
GUARDIANS OF THE GALAXY VOL. 3,DISNEY+,"Aug. 13, 2023",811
GUARDIANS OF THE GALAXY VOL. 3,DISNEY+,"Aug. 20, 2023",433
GUARDIANS OF THE GALAXY VOL. 3,DISNEY+,"Aug. 27, 2023",300
GUARDIANS OF THE GALAXY VOL. 3,DISNEY+,"Sep. 3, 2023",211
HAUNTED MANSION,DISNEY+,"Oct. 8, 2023",992
HAUNTED MANSION,DISNEY+,"Oct. 15, 2023",656
HAUNTED MANSION,DISNEY+,"Oct. 22, 2023",413
HAUNTED MANSION,DISNEY+,"Oct. 29, 2023",277
INDIANA JONES: DIAL OF DESTINY,DISNEY+,"Dec. 3, 2023",535
INDIANA JONES: DIAL OF DESTINY,DISNEY+,"Dec. 10, 2023",498
PETER PAN & WENDY,DISNEY+,"Apr. 30, 2023",477
PETER PAN & WENDY,DISNEY+,"May. 7, 2023",245
RIO 2,HULU/DISNEY+,"Aug. 13, 2023",265
THE LITTLE MERMAID (2023),DISNEY+,"Sep. 10, 2023","1,374"
THE LITTLE MERMAID (2023),DISNEY+,"Sep. 17, 2023",588
THE LITTLE MERMAID (2023),DISNEY+,"Sep. 24, 2023",393
AVATAR: THE WAY OF THE WATER,MAX/DISNEY+,"Jun. 11, 2023","1,941"
AVATAR: THE WAY OF THE WATER,MAX/DISNEY+,"Jun. 18, 2023","1,059"
AVATAR: THE WAY OF THE WATER,MAX/DISNEY+,"Jun. 25, 2023",671
AVATAR: THE WAY OF THE WATER,MAX/DISNEY+,"Jul. 2, 2023",364
AVATAR: THE WAY OF THE WATER,MAX/DISNEY+,"Jul. 9, 2023",365
AVATAR: THE WAY OF THE WATER,MAX/DISNEY+,"Jul. 16, 2023",165
BARBIE,MAX,"Dec. 17, 2023",518
BARBIE,MAX,"Dec. 31, 2023",602
BARBIE,MAX,"Jan. 14, 2024",250
BLUE BEETLE,MAX,"Nov. 19, 2023",335
BLUE BEETLE,MAX,"Nov. 26, 2023",413
CHRISTMAS VACATION,HULU/MAX,"Nov. 26, 2023",341
DUNE,MAX/NET,"Oct. 8, 2023",272
MEG 2: THE TRENCH,MAX,"Oct. 1, 2023",338
MEG 2: THE TRENCH,MAX,"Oct. 8, 2023",250
MEG 2: THE TRENCH,MAX/NET,"Dec. 31, 2023",737
MEG 2: THE TRENCH,MAX/NET,"Jan. 7, 2024",462
SHAZAM! FURY OF THE GODS,MAX,"May. 28, 2023",346
SHAZAM! FURY OF THE GODS,MAX,"Jun. 4, 2023",237
SNITCH,MAX/NET,"Sep. 10, 2023",329
THE FLASH,MAX,"Aug. 27, 2023",392
THE FLASH,MAX,"Sep. 3, 2023",360
THE MENU,HBO MAX,"Jan. 8, 2023",491
THE MENU,HBO MAX,"Jan. 15, 2023",354
THE MENU,HBO MAX,"Jan. 22, 2023",223
THE POLAR EXPRESS,HULU/MAX,"Dec. 3, 2023",275
A HAUNTING IN VENICE,HULU,"Nov. 5, 2023",294
BOSTON STRANGLER,HULU,"Mar. 19, 2023",206
CHRISTMAS VACATION,HULU/MAX,"Nov. 26, 2023",341
DUNE,HULU/NET,"Feb. 18, 2024",333
DUNE,HULU/NET,"Feb. 25, 2024",452
FLAMIN' HOT,HULU/DISNEY+,"Jun. 11, 2023",294
FLAMIN' HOT,HULU/DISNEY+,"Jun. 18, 2023",318
RIO 2,HULU/DISNEY+,"Aug. 13, 2023",265
THE LAST STAND,HULU/NET,"Apr. 16, 2023",438
THE POLAR EXPRESS,HULU/MAX,"Dec. 3, 2023",275
VACATION 2,HULU,"Aug. 27, 2023",246
2 GUNS,NETFLIX,"Feb. 19, 2023",579
2 GUNS,NETFLIX,"Feb. 26, 2023",422
47 METERS DOWN: UNCAGED,NETFLIX,"Feb. 19, 2023",271
47 RONIN,NETFLIX,"Jun. 25, 2023",220
65,NETFLIX,"Jul. 9, 2023",367
65,NETFLIX,"Jul. 16, 2023",604
65,NETFLIX,"Jul. 23, 2023",178
A MAN CALLED OTTO,NETFLIX,"May. 7, 2023",879
A MAN CALLED OTTO,NETFLIX,"May. 14, 2023","1,224"
A MAN CALLED OTTO,NETFLIX,"May. 21, 2023",621
A MAN CALLED OTTO,NETFLIX,"May. 28, 2023",383
A MAN CALLED OTTO,NETFLIX,"Jun. 4, 2023",292
A TOURIST'S GUIDE TO LOVE,NETFLIX,"Apr. 30, 2023",220
ABOVE SUSPICION,NETFLIX,"May. 7, 2023",200
AKA,NETFLIX,"Apr. 30, 2023",295
AKA,NETFLIX,"May. 7, 2023",362
AMERICAN MADE,NETFLIX,"Oct. 15, 2023",442
ANNA NICOLE SMITH: DON'T KNOW ME,NETFLIX,"May. 21, 2023",274
ANNIHILATION,NETFLIX,"Jul. 9, 2023",243
ARRIVAL,PARA/NET,"Sep. 3, 2023",218
ARRIVAL,PARA/NET,"Sep. 10, 2023",263
BEST. CHRISTMAS. EVER!,NETFLIX,"Nov. 19, 2023",413
BEST. CHRISTMAS. EVER!,NETFLIX,"Nov. 26, 2023",394
BIG GEORGE FOREMAN,NETFLIX,"Sep. 3, 2023",416
BIRD BOX BARCELONA,NETFLIX,"Jul. 16, 2023",384
BIRD BOX BARCELONA,NETFLIX,"Jul. 23, 2023",360
BURLESQUE,NETFLIX,"Mar. 12, 2023",233
CAPTAIN UNDERPANTS: FIRST EPIC,NETFLIX,"Jul. 16, 2023",210
CAPTAIN UNDERPANTS: FIRST EPIC,NETFLIX,"Jul. 23, 2023",221
CASPER,NETFLIX,"Oct. 8, 2023",298
CASPER,NETFLIX,"Oct. 15, 2023",328
CHUPA,NETFLIX,"Apr. 9, 2023",412
CHUPA,NETFLIX,"Apr. 16, 2023",450
COLD PURSUIT,NETFLIX,"Nov. 5, 2023",332
DOG GONE,NETFLIX,"Jan. 15, 2023",387
DOG GONE,NETFLIX,"Jan. 22, 2023",395
DR. SEUSS' THE LORAX,NETFLIX,"Apr. 16, 2023",225
DRAGGED ACROSS CONCRETE,NETFLIX,"Mar. 19, 2023",516
DRAGGED ACROSS CONCRETE,NETFLIX,"Mar. 26, 2023",476
DRAGGED ACROSS CONCRETE,NETFLIX,"Apr. 2, 2023",183
DUNE,MAX/NET,"Oct. 8, 2023",272
ELEMENTAL,NETFLIX,"Nov. 19, 2023",335
ENOUGH,NETFLIX,"Feb. 12, 2023",199
EXTRACTION,NETFLIX,"Jun. 18, 2023",216
EXTRACTION,NETFLIX,"Jun. 25, 2023",321
EXTRACTION 2,NETFLIX,"Jun. 18, 2023","1,023"
EXTRACTION 2,NETFLIX,"Jun. 25, 2023","1,033"
EXTRACTION 2,NETFLIX,"Jul. 2, 2023",443
EXTRACTION 2,NETFLIX,"Jul. 9, 2023",257
FAIR PLAY,NETFLIX,"Oct. 8, 2023",235
FAIR PLAY,NETFLIX,"Oct. 15, 2023",216
FAMILY SWITCH,NETFLIX,"Dec. 3, 2023",834
FAMILY SWITCH,NETFLIX,"Dec. 10, 2023",632
FAMILY SWITCH,NETFLIX,"Dec. 17, 2023",398
FAST FIVE,NETFLIX,"Aug. 13, 2023",218
FATALE,NETFLIX,"Aug. 6, 2023",402
FATALE,NETFLIX,"Aug. 13, 2023",316
FLUSHED AWAY,NETFLIX,"Feb. 5, 2023",273
FORGOTTEN LOVE,NETFLIX,"Oct. 1, 2023",211
G.I. JOE: RETALIATION,PARA/NET,"May. 14, 2023",183
GRAN TURISMO,NETFLIX,"Dec. 17, 2023",410
GRAN TURISMO,NETFLIX,"Dec. 24, 2023",577
GRAN TURISMO,NETFLIX,"Dec. 31, 2023",412
HAPPINESS FOR BEGINNERS,NETFLIX,"Jul. 30, 2023",434
HAPPINESS FOR BEGINNERS,NETFLIX,"Aug. 6, 2023",517
HATCHET WIELDING HITCHHIKER,NETFLIX,"Jan. 15, 2023",646
HATCHET WIELDING HITCHHIKER,NETFLIX,"Jan. 22, 2023",236
HEART OF STONE,NETFLIX,"Aug. 13, 2023",966
HEART OF STONE,NETFLIX,"Aug. 20, 2023",777
HEART OF STONE,NETFLIX,"Aug. 27, 2023",328
HEAT,NETFLIX,"May. 14, 2023",160
HIDDEN STRIKE,NETFLIX,"Jul. 30, 2023",446
HIDDEN STRIKE,NETFLIX,"Aug. 6, 2023",511
HOTEL TRANSYLVANIA,NETFLIX,"Apr. 9, 2023",268
HUNGER,NETFLIX,"Apr. 16, 2023",210
HUNGER GAMES,NETFLIX,"Mar. 12, 2023",354
HUNGER GAMES: CATCHING FIRE,NETFLIX,"Mar. 12, 2023",251
HUNTER KILLER,NETFLIX,"Dec. 3, 2023",313
I CAN DO BAD ALL BY MYSELF,NETFLIX,"Feb. 12, 2023",261
I SEE YOU,NETFLIX,"Mar. 26, 2023",542
I SEE YOU,NETFLIX,"Apr. 2, 2023",367
INSIDIOUS: THE RED DOOR,NETFLIX,"Nov. 12, 2023",441
JESUS REVOLUTION,NETFLIX,"Aug. 6, 2023",310
JUNG_E,NETFLIX,"Jan. 22, 2023",188
JUNG_E,NETFLIX,"Jan. 29, 2023",166
KNIGHTS OF THE ZODIAC,NETFLIX,"Oct. 29, 2023",266
LAST VEGAS,NETFLIX,"Oct. 8, 2023",319
LEAVE THE WORLD BEHIND,NETFLIX,"Dec. 10, 2023","1,920"
LEAVE THE WORLD BEHIND,NETFLIX,"Dec. 17, 2023","1,951"
LEAVE THE WORLD BEHIND,NETFLIX,"Dec. 24, 2023",983
LEAVE THE WORLD BEHIND,NETFLIX,"Dec. 31, 2023",881
LEO,NETFLIX,"Nov. 26, 2023","1,526"
LEO,NETFLIX,"Dec. 3, 2023",858
LEO,NETFLIX,"Dec. 10, 2023",501
LEO,NETFLIX,"Dec. 17, 2023",341
LONE SURVIVOR,NETFLIX,"Nov. 19, 2023",413
LONG SHOT,AMA/NET,"Oct. 22, 2023",382
LOVE AGAIN,NETFLIX,"Sep. 3, 2023",288
LOVE AGAIN,NETFLIX,"Sep. 10, 2023",336
LOVE AT FIRST SIGHT,NETFLIX,"Sep. 17, 2023",233
LOVE AT FIRST SIGHT,NETFLIX,"Sep. 24, 2023",242
LOVE IS IN THE AIR,NETFLIX,"Oct. 1, 2023",208
LUTHER: THE FALLEN SUN,NETFLIX,"Mar. 12, 2023",898
LUTHER: THE FALLEN SUN,NETFLIX,"Mar. 19, 2023",859
LUTHER: THE FALLEN SUN,NETFLIX,"Mar. 26, 2023",233
"LYLE, LYLE, CROCODILE",NETFLIX,"Feb. 5, 2023",360
"LYLE, LYLE, CROCODILE",NETFLIX,"Feb. 12, 2023",608
"LYLE, LYLE, CROCODILE",NETFLIX,"Feb. 19, 2023",301
"LYLE, LYLE, CROCODILE",NETFLIX,"Feb. 26, 2023",209
MA,NETFLIX,"Oct. 15, 2023",297
MAGIC MIKE XXL,NETFLIX,"Mar. 5, 2023",265
MATILDA,NETFLIX,"Apr. 9, 2023",316
MATILDA,NETFLIX,"Apr. 16, 2023",270
MATILDA,NETFLIX,"Apr. 23, 2023",161
MATILDA: THE MUSICAL,NETFLIX,"Jan. 1, 2023",839
MATILDA: THE MUSICAL,NETFLIX,"Jan. 8, 2023",364
MATILDA: THE MUSICAL,NETFLIX,"Jan. 15, 2023",203
MEG 2: THE TRENCH,MAX/NET,"Dec. 31, 2023",737
MEG 2: THE TRENCH,MAX/NET,"Jan. 7, 2024",462
MINIONS,NETFLIX,"Oct. 29, 2023",275
MINIONS,NETFLIX,"Nov. 5, 2023",364
MINIONS,NETFLIX,"Nov. 12, 2023",280
MINIONS: THE RISE OF GRU,NETFLIX,"Feb. 5, 2023","1,184"
MINIONS: THE RISE OF GRU,NETFLIX,"Feb. 12, 2023",687
MINIONS: THE RISE OF GRU,NETFLIX,"Feb. 19, 2023",435
MINIONS: THE RISE OF GRU,NETFLIX,"Feb. 26, 2023",365
MINIONS: THE RISE OF GRU,NETFLIX,"Mar. 5, 2023",257
MINIONS: THE RISE OF GRU,NETFLIX,"Mar. 19, 2023",200
MINIONS: THE RISE OF GRU,NETFLIX,"Mar. 26, 2023",181
MIRACULOUS: TALES OF LADYBUG,NETFLIX,"Jul. 30, 2023",350
MIRACULOUS: TALES OF LADYBUG,NETFLIX,"Aug. 6, 2023",351
MISSING,NETFLIX,"May. 28, 2023",626
MISSING,NETFLIX,"Jun. 4, 2023",334
MONEY SHOT,NETFLIX,"Mar. 19, 2023",246
MURDER MYSTERY,NETFLIX,"Apr. 2, 2023",423
MURDER MYSTERY,NETFLIX,"Apr. 9, 2023",285
MURDER MYSTERY 2,NETFLIX,"Apr. 2, 2023","1,124"
MURDER MYSTERY 2,NETFLIX,"Apr. 9, 2023",871
MURDER MYSTERY 2,NETFLIX,"Apr. 16, 2023",246
NARVIK,NETFLIX,"Jan. 29, 2023",421
NIMONA,NETFLIX,"Jul. 9, 2023",262
NO HARD FEELINGS,NETFLIX,"Oct. 22, 2023",313
NO HARD FEELINGS,NETFLIX,"Oct. 29, 2023","1,130"
NO HARD FEELINGS,NETFLIX,"Nov. 5, 2023",388
NO HARD FEELINGS,NETFLIX,"Nov. 12, 2023",258
NOWHERE,NETFLIX,"Oct. 1, 2023",509
NOWHERE,NETFLIX,"Oct. 8, 2023",475
NOWHERE,NETFLIX,"Oct. 15, 2023",226
OLD DADS,NETFLIX,"Oct. 22, 2023",728
OLD DADS,NETFLIX,"Oct. 29, 2023",643
OVER THE HEDGE,NETFLIX,"Apr. 9, 2023",339
PAIN HUSTLERS,NETFLIX,"Oct. 29, 2023",543
PAIN HUSTLERS,NETFLIX,"Nov. 5, 2023",401
"PAMELA, A LOVE STORY",NETFLIX,"Feb. 5, 2023",545
"PAMELA, A LOVE STORY",NETFLIX,"Feb. 12, 2023",202
PITCH PERFECT,NETFLIX,"May. 7, 2023",474
PITCH PERFECT,NETFLIX,"May. 14, 2023",210
PUSS IN BOOTS: LAST WISH,NETFLIX,"Mar. 12, 2023",383
PUSS IN BOOTS: LAST WISH,NETFLIX,"Jul. 16, 2023",565
PUSS IN BOOTS: LAST WISH,NETFLIX,"Jul. 23, 2023",628
PUSS IN BOOTS: LAST WISH,NETFLIX,"Jul. 30, 2023",410
QUE VIVA MEXICO!,NETFLIX,"May. 14, 2023",298
QUE VIVA MEXICO!,NETFLIX,"May. 21, 2023",242
R.I.P.D.,NETFLIX,"Mar. 5, 2023",492
REBEL MOON: PART 1,NETFLIX,"Dec. 24, 2023",966
REBEL MOON: PART 1,NETFLIX,"Dec. 31, 2023",974
REPTILE,NETFLIX,"Oct. 1, 2023",740
REPTILE,NETFLIX,"Oct. 8, 2023",838
REPTILE,NETFLIX,"Oct. 15, 2023",519
REPTILE,NETFLIX,"Oct. 22, 2023",230
RIDDICK,NETFLIX,"Mar. 19, 2023",214
RIDE ALONG,NETFLIX,"Jul. 23, 2023",276
RIVER WILD,NETFLIX,"Aug. 6, 2023",296
RIVER WILD,NETFLIX,"Aug. 13, 2023",300
RUN RABBIT RUN,NETFLIX,"Jul. 2, 2023",333
RUN RABBIT RUN,NETFLIX,"Jul. 9, 2023",222
SAFE (2012),NETFLIX,"Aug. 13, 2023",252
SHARK TALE,NETFLIX,"Apr. 9, 2023",367
SNITCH,MAX/NET,"Sep. 10, 2023",329
SPIDER-MAN: ACROSS SPIDERVERSE,NETFLIX,"Nov. 5, 2023","1,136"
SPIDER-MAN: ACROSS SPIDERVERSE,NETFLIX,"Nov. 12, 2023",597
SPIDER-MAN: ACROSS SPIDERVERSE,NETFLIX,"Nov. 19, 2023",355
SPIDER-MAN: ACROSS SPIDERVERSE,NETFLIX,"Nov. 26, 2023",355
SPIDER-MAN: HOMECOMING,NETFLIX,"May. 14, 2023",178
SPY KIDS: ARMAGEDDON,NETFLIX,"Sep. 24, 2023",236
SPY KIDS: ARMAGEDDON,NETFLIX,"Oct. 1, 2023",238
TAKE CARE OF MAYA,NETFLIX,"Jun. 25, 2023",400
TAKE CARE OF MAYA,NETFLIX,"Jul. 2, 2023",182
TAMMY,NETFLIX,"Oct. 22, 2023",259
TED,NETFLIX,"May. 21, 2023",440
TED,NETFLIX,"May. 28, 2023",235
THE ANGRY BIRDS MOVIE,NETFLIX,"Jun. 11, 2023",319
THE ANGRY BIRDS MOVIE,NETFLIX,"Jun. 18, 2023",230
THE BIG SHORT,NETFLIX,"Sep. 3, 2023",219
THE BOSS BABY,NETFLIX,"May. 28, 2023",271
THE BOSS BABY,NETFLIX,"Jun. 4, 2023",537
THE BOSS BABY,NETFLIX,"Jun. 11, 2023",390
THE BOSS BABY,NETFLIX,"Jun. 18, 2023",272
THE BOSS BABY,NETFLIX,"Jul. 2, 2023",181
THE BOURNE LEGACY,NETFLIX,"Apr. 2, 2023",156
THE BOURNE LEGACY,NETFLIX,"Apr. 9, 2023",457
THE CHANGE-UP,NETFLIX,"Nov. 5, 2023",319
THE CHOICE,NETFLIX,"Jun. 11, 2023",207
THE DEVIL ON TRIAL,NETFLIX,"Oct. 22, 2023",254
THE DILEMMA,NETFLIX,"May. 7, 2023",297
THE GLASS CASTLE,NETFLIX,"May. 7, 2023",166
THE HANGOVER PART 3,NETFLIX,"Mar. 5, 2023",226
THE HUNGER GAMES,NETFLIX,"Mar. 5, 2023",229
THE INVITATION,NETFLIX,"Jan. 1, 2023",664
THE KILLER,NETFLIX,"Nov. 12, 2023",650
THE KILLER,NETFLIX,"Nov. 19, 2023",557
THE LAST KINGDOM,NETFLIX,"Apr. 16, 2023",451
THE LAST KINGDOM: 7 KINGS …,NETFLIX,"Apr. 23, 2023",311
THE MACHINE,NETFLIX,"Sep. 24, 2023",206
THE MACHINE,NETFLIX,"Oct. 1, 2023",266
THE MAGICIAN'S ELEPHANT,NETFLIX,"Mar. 26, 2023",257
THE MONKEY KING,NETFLIX,"Aug. 20, 2023",215
THE MONKEY KING,NETFLIX,"Aug. 27, 2023",387
THE MOTHER,NETFLIX,"May. 14, 2023","1,434"
THE MOTHER,NETFLIX,"May. 21, 2023","1,160"
THE MOTHER,NETFLIX,"May. 28, 2023",465
THE MOTHER,NETFLIX,"Jun. 4, 2023",276
THE MULE,NETFLIX,"Jun. 25, 2023",484
THE MULE,NETFLIX,"Jul. 2, 2023",153
THE MUMMY,NETFLIX,"Nov. 5, 2023",364
THE MUSTANG,NETFLIX,"Apr. 23, 2023",187
THE OUT-LAWS,NETFLIX,"Jul. 9, 2023",711
THE OUT-LAWS,NETFLIX,"Jul. 16, 2023",840
THE OUT-LAWS,NETFLIX,"Jul. 23, 2023",311
THE OUT-LAWS,NETFLIX,"Jul. 30, 2023",169
THE PALE BLUE EYE,NETFLIX,"Jan. 8, 2023",729
THE PALE BLUE EYE,NETFLIX,"Jan. 15, 2023",582
THE PALE BLUE EYE,NETFLIX,"Jan. 22, 2023",212
THE PERFECT FIND,NETFLIX,"Jun. 25, 2023",229
THE PERFECT FIND,NETFLIX,"Jul. 2, 2023",239
THE POPE'S EXORCIST,NETFLIX,"Aug. 20, 2023",580
THE POPE'S EXORCIST,NETFLIX,"Aug. 27, 2023",345
THE SNOWMAN,NETFLIX,"Apr. 23, 2023",415
THE SON,NETFLIX,"May. 28, 2023",316
THE STRAYS,NETFLIX,"Feb. 26, 2023",368
THE SUPER MARIO BROS. MOVIE,NETFLIX,"Dec. 10, 2023","1,349"
THE SUPER MARIO BROS. MOVIE,NETFLIX,"Dec. 17, 2023",898
THE SUPER MARIO BROS. MOVIE,NETFLIX,"Dec. 24, 2023",730
THE SUPER MARIO BROS. MOVIE,NETFLIX,"Dec. 31, 2023",726
THE SUPER MARIO BROS. MOVIE,NETFLIX,"Jan. 7, 2024",529
THE SUPER MARIO BROS. MOVIE,NETFLIX,"Jan. 14, 2024",456
THE SUPER MARIO BROS. MOVIE,NETFLIX,"Jan. 21, 2024",453
THE SUPER MARIO BROS. MOVIE,NETFLIX,"Jan. 28, 2024",417
THE SUPER MARIO BROS. MOVIE,NETFLIX,"Feb. 4, 2024",388
THE SUPER MARIO BROS. MOVIE,NETFLIX,"Feb. 11, 2024",356
THE SUPER MARIO BROS. MOVIE,NETFLIX,"Feb. 18, 2024",395
THE SUPER MARIO BROS. MOVIE,NETFLIX,"Feb. 25, 2024",374
THE SUPER MARIO BROS. MOVIE,PEA/NET,"Dec. 3, 2023",465
THE TUTOR,NETFLIX,"Jul. 16, 2023",203
THE WOLF OF WALL STREET,PARA/NET,"Sep. 17, 2023",160
THE WOLF OF WALL STREET,PARA/NET,"Sep. 24, 2023",267
THE WOMAN KING,NETFLIX,"Feb. 19, 2023",753
THE WOMAN KING,NETFLIX,"Feb. 26, 2023",586
THEY CLONED TYRONE,NETFLIX,"Jul. 23, 2023",468
THEY CLONED TYRONE,NETFLIX,"Jul. 30, 2023",664
THEY CLONED TYRONE,NETFLIX,"Aug. 6, 2023",242
THIS IS WHERE I LEAVE YOU,NETFLIX,"Mar. 5, 2023",368
THIS IS WHERE I LEAVE YOU,NETFLIX,"Mar. 12, 2023",317
TO LESLIE,NETFLIX,"Jun. 4, 2023",274
TROLLS,NETFLIX,"Jan. 1, 2023",501
TROLLS,NETFLIX,"Jan. 8, 2023",273
TROLLS,NETFLIX,"Jan. 15, 2023",231
TROLLS,NETFLIX,"Jan. 29, 2023",239
TRUE SPIRIT,NETFLIX,"Feb. 12, 2023",248
TURBO,PEA/NET,"Mar. 12, 2023",406
TURBO,PEA/NET,"Mar. 19, 2023",251
UGLYDOLLS,NETFLIX,"May. 21, 2023",232
UNBROKEN,NETFLIX,"Jun. 25, 2023",174
UNKNOWN: CAVE OF BONES,NETFLIX,"Jul. 23, 2023",293
VIKING WOLF,NETFLIX,"Feb. 5, 2023",320
WE HAVE A GHOST,NETFLIX,"Feb. 26, 2023",930
WE HAVE A GHOST,NETFLIX,"Mar. 5, 2023",807
WE HAVE A GHOST,NETFLIX,"Mar. 12, 2023",241
WE'RE THE MILLERS,NETFLIX,"Jun. 4, 2023",258
WE'RE THE MILLERS,NETFLIX,"Jun. 11, 2023",332
WHITE HOUSE DOWN,NETFLIX,"Jul. 9, 2023",266
WHITE NOISE,NETFLIX,"Jan. 1, 2023",414
WHITE NOISE,NETFLIX,"Jan. 8, 2023",353
WHITNEY HOUSTON: I WANNA DANCE,NETFLIX,"Apr. 23, 2023",407
WHITNEY HOUSTON: I WANNA DANCE,NETFLIX,"Apr. 30, 2023",578
WOODY WOODPECKER,NETFLIX,"Sep. 10, 2023",256
WOODY WOODPECKER,NETFLIX,"Sep. 17, 2023",260
YOU ARE SO NOT INVITED/BAT MITZVAH,NETFLIX,"Aug. 27, 2023",495
YOU ARE SO NOT INVITED/BAT MITZVAH,NETFLIX,"Sep. 3, 2023",715
YOU ARE SO NOT INVITED/BAT MITZVAH,NETFLIX,"Sep. 10, 2023",288
YOU PEOPLE,NETFLIX,"Jan. 29, 2023","1,576"
YOU PEOPLE,NETFLIX,"Feb. 5, 2023","1,550"
YOU PEOPLE,NETFLIX,"Feb. 12, 2023",505
YOU PEOPLE,NETFLIX,"Feb. 19, 2023",232
YOUR PLACE OR MINE,NETFLIX,"Feb. 12, 2023",898
YOUR PLACE OR MINE,NETFLIX,"Feb. 19, 2023",955
YOUR PLACE OR MINE,NETFLIX,"Feb. 26, 2023",344
ZOOKEEPER,NETFLIX,"Jun. 11, 2023",234
CHAMPIONS,PEACOCK,"Apr. 30, 2023",137
COCAINE BEAR,PEACOCK,"Apr. 16, 2023",324
COCAINE BEAR,PEACOCK,"Apr. 23, 2023",253
COCAINE BEAR,PEACOCK,"Apr. 30, 2023",147
FAST X,PEACOCK,"Sep. 17, 2023",272
FIVE NIGHTS AT FREDDY'S,PEACOCK,"Oct. 29, 2023",740
FIVE NIGHTS AT FREDDY'S,PEACOCK,"Nov. 5, 2023",562
FIVE NIGHTS AT FREDDY'S,PEACOCK,"Nov. 12, 2023",248
GENIE,PEACOCK,"Nov. 26, 2023",407
KNOCK AT THE CABIN,PEACOCK,"Mar. 26, 2023",186
M3GAN,PEACOCK,"Feb. 26, 2023",298
M3GAN,PEACOCK,"Mar. 5, 2023",242
PUSS IN BOOTS: LAST WISH,PEACOCK,"Mar. 19, 2023",435
PUSS IN BOOTS: LAST WISH,PEACOCK,"Mar. 26, 2023",254
PUSS IN BOOTS: LAST WISH,PEACOCK,"Apr. 2, 2023",185
SUPER MARIO BROS. MOVIE,PEACOCK,"Aug. 6, 2023",717
THE GRINCH (2018),PEACOCK,"Nov. 12, 2023",251
THE GRINCH (2018),PEACOCK,"Nov. 19, 2023",266
THE GRINCH (2018),PEACOCK,"Nov. 26, 2023",480
THE GRINCH (2018),PEACOCK,"Dec. 3, 2023",387
THE GRINCH (2018),PEACOCK,"Dec. 10, 2023",447
THE GRINCH (2018),PEACOCK,"Dec. 17, 2023",427
THE GRINCH (2018),PEACOCK,"Dec. 24, 2023",632
THE SUPER MARIO BROS. MOVIE,PEA/NET,"Dec. 3, 2023",465
THE SUPER MARIO BROS. MOVIE,PEACOCK,"Aug. 13, 2023",598
THE SUPER MARIO BROS. MOVIE,PEACOCK,"Aug. 20, 2023",385
THE SUPER MARIO BROS. MOVIE,PEACOCK,"Aug. 27, 2023",322
THE SUPER MARIO BROS. MOVIE,PEACOCK,"Sep. 3, 2023",305
THE SUPER MARIO BROS. MOVIE,PEACOCK,"Sep. 10, 2023",232
THE SUPER MARIO BROS. MOVIE,PEACOCK,"Sep. 17, 2023",196
THE SUPER MARIO BROS. MOVIE,PEACOCK,"Nov. 12, 2023",249
TURBO,PEA/NET,"Mar. 12, 2023",406
TURBO,PEA/NET,"Mar. 19, 2023",251
ARRIVAL,PARA/NET,"Sep. 3, 2023",218
ARRIVAL,PARA/NET,"Sep. 10, 2023",263
DUNGEONS & DRAGONS: HONOR …,PARAMOUNT+,"May. 21, 2023",493
DUNGEONS & DRAGONS: HONOR …,PARAMOUNT+,"May. 28, 2023",413
DUNGEONS & DRAGONS: HONOR …,PARAMOUNT+,"Jun. 4, 2023",350
G.I. JOE: RETALIATION,PARA/NET,"May. 14, 2023",183
PAW PATROL: MIGHTY MOVIE,PARAMOUNT+,"Nov. 19, 2023",291
THE WOLF OF WALL STREET,PARA/NET,"Sep. 17, 2023",160
THE WOLF OF WALL STREET,PARA/NET,"Sep. 24, 2023",267
TMNT: MUTANT MAYHEM,PARAMOUNT+,"Sep. 24, 2023",216
TOP GUN: MAVERICK,PARAMOUNT+,"Mar. 26, 2023",219
TOP GUN: MAVERICK,PARAMOUNT+,"Apr. 2, 2023",258
TOP GUN: MAVERICK,PARAMOUNT+,"Apr. 9, 2023",207
TRANSFORMERS: RISE OF THE BEASTS,PARAMOUNT+,"Jul. 16, 2023",241
TRANSFORMERS: RISE OF THE BEASTS,PARAMOUNT+,"Jul. 30, 2023",638
TRANSFORMERS: RISE OF THE BEASTS,PARAMOUNT+,"Aug. 6, 2023",438
TRANSFORMERS: RISE OF THE BEASTS,PARAMOUNT+,"Aug. 13, 2023",253
TRANSFORMERS: RISE OF THE BEASTS,PARAMOUNT+,"Aug. 20, 2023",167
ALL THE OLD KNIVES,AMAZON,"Apr. 10, 2022",208
ALL THE OLD KNIVES,AMAZON,"Apr. 17, 2022",174
HALFTIME,AMAZON,"Jun. 19, 2022",237
HOTEL TRANSYLVANIA: TRANSFORMANIA,AMAZON,"Jan. 16, 2022",823
HOTEL TRANSYLVANIA: TRANSFORMANIA,AMAZON,"Jan. 23, 2022",595
HOTEL TRANSYLVANIA: TRANSFORMANIA,AMAZON,"Jan. 30, 2022",194
I WANT YOU BACK,AMAZON,"Feb. 13, 2022",149
NOPE,AMAZON,"Mar. 26, 2023",249
NOPE,AMAZON,"Apr. 2, 2023",167
SAMARITAN,AMAZON,"Aug. 28, 2022",567
SAMARITAN,AMAZON,"Sep. 4, 2022",378
SING 2,AMAZON,"Apr. 3, 2022",245
SING 2,AMAZON,"Apr. 10, 2022",226
SONIC THE HEDGEHOG,AMAZON,"Apr. 24, 2022",127
THIRTEEN LIVES,AMAZON,"Aug. 7, 2022",323
THIRTEEN LIVES,AMAZON,"Aug. 14, 2022",333
TOP GUN,AMA/NET,"May. 29, 2022",432
TOP GUN,AMA/NET,"Jun. 5, 2022",405
TOP GUN,AMAZON,"Jun. 12, 2022",244
TOP GUN,AMAZON,"Jun. 19, 2022",219
SPIRITED,APPLE TV+,"Nov. 27, 2022",444
BLACK PANTHER,DISNEY+,"Nov. 13, 2022",289
CHEAPER BY THE DOZEN,DISNEY+,"Mar. 20, 2022",242
CHEAPER BY THE DOZEN,DISNEY+,"Mar. 27, 2022",278
CHEAPER BY THE DOZEN,DISNEY+,"Apr. 3, 2022",139
CHIP 'N DALE: RESCUE RANGERS,DISNEY+,"May. 29, 2022",481
CHIP 'N DALE: RESCUE RANGERS,DISNEY+,"Jun. 5, 2022",231
DISENCHANTED,DISNEY+,"Nov. 20, 2022",612
DISENCHANTED,DISNEY+,"Nov. 27, 2022",565
DOCTOR STRANGE MULTIVERSE,DISNEY+,"Jun. 26, 2022","1,430"
DOCTOR STRANGE MULTIVERSE,DISNEY+,"Jul. 3, 2022",620
DOCTOR STRANGE MULTIVERSE,DISNEY+,"Jul. 10, 2022",362
DOCTOR STRANGE MULTIVERSE,DISNEY+,"Jul. 24, 2022",198
DOCTOR STRANGE MULTIVERSE,DISNEY+,"Jul. 31, 2022",161
ENTERNALS,DISNEY+,"Jan. 30, 2022",251
ETERNALS,DISNEY+,"Jan. 23, 2022",557
ETERNALS,DISNEY+,"Feb. 6, 2022",197
ETERNALS,DISNEY+,"Feb. 27, 2022",161
FREE GUY,DISNEY+,"Feb. 27, 2022","1,025"
FREE GUY,DISNEY+,"Mar. 6, 2022",487
FREE GUY,DISNEY+,"Mar. 13, 2022",263
HOCUS POCUS 2,DISNEY+,"Oct. 2, 2022","2,725"
HOCUS POCUS 2,DISNEY+,"Oct. 9, 2022","1,099"
HOCUS POCUS 2,DISNEY+,"Oct. 16, 2022",522
HOCUS POCUS 2,DISNEY+,"Oct. 23, 2022",386
HOCUS POCUS 2,DISNEY+,"Oct. 30, 2022",429
HOCUS POCUS 2,DISNEY+,"Nov. 6, 2022",282
ICE AGE: ADVENTURES OF BUCK WILD,DISNEY+,"Feb. 6, 2022",311
LIGHTYEAR,DISNEY+,"Aug. 7, 2022","1,306"
LIGHTYEAR,DISNEY+,"Aug. 14, 2022",700
LIGHTYEAR,DISNEY+,"Aug. 21, 2022",361
LIGHTYEAR,DISNEY+,"Aug. 28, 2022",251
LIGHTYEAR,DISNEY+,"Sep. 4, 2022",211
PINOCCHIO,DISNEY+,"Sep. 11, 2022",930
PINOCCHIO,DISNEY+,"Sep. 18, 2022",510
PINOCCHIO,DISNEY+,"Sep. 25, 2022",282
RON'S GONE WRONG,DISNEY+,"Jan. 2, 2022",378
RON'S GONE WRONG,DISNEY+,"Jan. 9, 2022",175
STRANGE WORLD,DISNEY+,"Dec. 25, 2022",527
STRANGE WORLD,DISNEY+,"Jan. 1, 2023",753
STRANGE WORLD,DISNEY+,"Jan. 8, 2023",433
STRANGE WORLD,DISNEY+,"Jan. 15, 2023",248
STRANGE WORLD,DISNEY+,"Jan. 22, 2023",200
THE ICE AGE ADVENTURES OF BUCK,DISNEY+,"Jan. 30, 2022",347
THOR: LOVE AND THUNDER,DISNEY+,"Sep. 11, 2022","1,500"
THOR: LOVE AND THUNDER,DISNEY+,"Sep. 18, 2022",621
THOR: LOVE AND THUNDER,DISNEY+,"Sep. 25, 2022",309
TURNING RED,DISNEY+,"Mar. 13, 2022","1,701"
TURNING RED,DISNEY+,"Mar. 20, 2022","1,675"
TURNING RED,DISNEY+,"Mar. 27, 2022",977
TURNING RED,DISNEY+,"Apr. 3, 2022",650
TURNING RED,DISNEY+,"Apr. 10, 2022",564
TURNING RED,DISNEY+,"Apr. 17, 2022",451
TURNING RED,DISNEY+,"Apr. 24, 2022",378
TURNING RED,DISNEY+,"May. 1, 2022",364
TURNING RED,DISNEY+,"May. 8, 2022",340
TURNING RED,DISNEY+,"May. 15, 2022",227
TURNING RED,DISNEY+,"May. 22, 2022",257
TURNING RED,DISNEY+,"Jun. 5, 2022",220
TURNING RED,DISNEY+,"Jun. 12, 2022",198
TURNING RED,DISNEY+,"Jun. 19, 2022",183
TURNING RED,DISNEY+,"Jul. 3, 2022",153
TURNING RED,DISNEY+,"Jul. 31, 2022",142
WEST SIDE STORY (2021),DISNEY+,"Mar. 6, 2022",313
WEST SIDE STORY (2021),DISNEY+,"Mar. 13, 2022",156
ZOMBIES 3,DISNEY+,"Jul. 17, 2022",332
ZOMBIES 3,DISNEY+,"Jul. 24, 2022",266
ZOMBIES 3,DISNEY+,"Jul. 31, 2022",139
A CHRISTMAS STORY,HBO MAX,"Dec. 25, 2022",525
BARBARIAN,HBO MAX,"Oct. 30, 2022",247
BLACK ADAM,HBO MAX,"Dec. 18, 2022",632
BLACK ADAM,HBO MAX,"Jan. 1, 2023",333
DC LEAGUE OF SUPER PETS,HBO MAX,"Oct. 2, 2022",408
DON'T WORRY DARLING,HBO MAX,"Nov. 13, 2022",290
ELVIS,HBO MAX,"Sep. 4, 2022",482
ELVIS,HBO MAX,"Sep. 11, 2022",400
ELVIS,HBO MAX,"Sep. 18, 2022",246
FANTASTIC BEASTS,HBO MAX,"Jun. 5, 2022",758
FANTASTIC BEASTS,HBO MAX,"Jun. 12, 2022",273
FANTASTIC BEASTS,HBO MAX,"Jun. 19, 2022",152
FATHER OF THE BRIDE,HBO MAX,"Jun. 19, 2022",273
NATIONAL LAMPOON'S CHRISTMAS,HBO MAX,"Dec. 25, 2022",580
RUSH HOUR,HBO MAX,"Oct. 9, 2022",269
THE BOB'S BURGERS MOVIE,HBO MAX,"Jul. 17, 2022",431
THE BOB'S BURGERS MOVIE,HBO MAX,"Jul. 24, 2022",183
THE DARK KNIGHT RISES,HBO MAX,"Jul. 10, 2022",243
DEEP WATER,HULU,"Mar. 20, 2022",206
DEEP WATER,HULU,"Mar. 27, 2022",229
DISAPPEARANCE AT CLIFTON HILL,HULU,"Jun. 5, 2022",307
HELLRAISER,HULU,"Oct. 9, 2022",248
LEAVE NO TRACE,HULU,"Jul. 10, 2022",226
PREY,HULU,"Aug. 7, 2022",585
PREY,HULU,"Aug. 14, 2022",480
PREY,HULU,"Aug. 21, 2022",212
TOP GUN,AMA/NET,"May. 29, 2022",432
TOP GUN,AMA/NET,"Jun. 5, 2022",405
TOWER HEIST,HULU,"Aug. 7, 2022",347
"10,000 BC",NETFLIX,"Jun. 12, 2022",131
12 STRONG,NETFLIX,"Jul. 17, 2022",477
365 DAYS: THIS DAY,NETFLIX,"May. 1, 2022",182
A JAZZMAN'S BLUES,NETFLIX,"Sep. 25, 2022",249
A JAZZMAN'S BLUES,NETFLIX,"Oct. 2, 2022",406
A MADEA HOMECOMING,NETFLIX,"Feb. 27, 2022","1,037"
A MADEA HOMECOMING,NETFLIX,"Mar. 6, 2022",746
A MADEA HOMECOMING,NETFLIX,"Mar. 13, 2022",256
A PERFECT PAIRING,NETFLIX,"May. 22, 2022",442
A PERFECT PAIRING,NETFLIX,"May. 29, 2022",307
A WALK AMONG THE TOMBSTONES,NETFLIX,"Mar. 20, 2022",420
A WALK AMONG THE TOMBSTONES,NETFLIX,"Mar. 27, 2022",289
AFTER WE FELL,NETFLIX,"Jan. 23, 2022",190
AGAINST THE ICE,NETFLIX,"Mar. 6, 2022",235
ALL QUIET ON THE WESTERN FRONT,NETFLIX,"Oct. 30, 2022",339
ALL QUIET ON THE WESTERN FRONT,NETFLIX,"Nov. 6, 2022",391
BACKTRACE,NETFLIX,"Jul. 3, 2022",171
BATTLESHIP (2012),NETFLIX,"Mar. 6, 2022",196
BEN IS BACK,NETFLIX,"May. 29, 2022",175
BLACK CRAB,NETFLIX,"Mar. 20, 2022",271
BLACK CRAB,NETFLIX,"Mar. 27, 2022",310
BLACKHAT,NETFLIX,"Feb. 20, 2022",253
BLACKHAT,NETFLIX,"Feb. 27, 2022",160
BLACKOUT,NETFLIX,"Oct. 16, 2022",264
BLACKOUT,NETFLIX,"Oct. 23, 2022",192
BLADE OF THE 47TH RONIN,NETFLIX,"Oct. 30, 2022",218
BLONDE,NETFLIX,"Oct. 2, 2022",603
BLONDE,NETFLIX,"Oct. 9, 2022",223
BORREGO,NETFLIX,"May. 22, 2022",247
BOSS BABY: BACK IN CRIB,NETFLIX,"May. 29, 2022",285
BRAZEN,NETFLIX,"Jan. 16, 2022",531
BRAZEN,NETFLIX,"Jan. 23, 2022",374
BULLET TRAIN,NETFLIX,"Dec. 4, 2022",701
BULLET TRAIN,NETFLIX,"Dec. 11, 2022","1,345"
BULLET TRAIN,NETFLIX,"Dec. 18, 2022",544
BULLET TRAIN,NETFLIX,"Jan. 1, 2023",409
CATCH AND RELEASE,NETFLIX,"Apr. 10, 2022",185
CATCH AND RELEASE,NETFLIX,"Apr. 17, 2022",182
CHARLIE AND THE CHOCOLATE FACTORY,NETFLIX,"Jan. 9, 2022",344
CHARLIE AND THE CHOCOLATE FACTORY,NETFLIX,"Jan. 16, 2022",208
CHICKENHARE AND HAMSTER,NETFLIX,"Jun. 19, 2022",348
CHICKENHARE AND HAMSTER,NETFLIX,"Jun. 26, 2022",182
CHIP 'N DALE: RESCUE RANGERS,NETFLIX,"May. 22, 2022",594
CHIPS,NETFLIX,"Jul. 17, 2022",300
CHIPS,NETFLIX,"Jul. 24, 2022",179
CHOOSE OR DIE,NETFLIX,"Apr. 17, 2022",170
CHOOSE OR DIE,NETFLIX,"Apr. 24, 2022",134
CLEANER,NETFLIX,"Apr. 17, 2022",260
CLEANER,NETFLIX,"Apr. 24, 2022",204
COACH CARTER,NETFLIX,"Mar. 13, 2022",163
COLLATERAL,NETFLIX,"Sep. 4, 2022",254
DARK SHADOWS,NETFLIX,"Jan. 9, 2022",198
DAY SHIFT,NETFLIX,"Aug. 14, 2022",982
DAY SHIFT,NETFLIX,"Aug. 21, 2022",957
DAY SHIFT,NETFLIX,"Aug. 28, 2022",322
DEN OF THIEVES,NETFLIX,"May. 8, 2022",169
DEN OF THIEVES,NETFLIX,"May. 15, 2022",177
DESPICABLE ME,NETFLIX,"Feb. 6, 2022",197
DESPICABLE ME,NETFLIX,"Feb. 13, 2022",253
DESPICABLE ME,NETFLIX,"Feb. 20, 2022",182
DESPICABLE ME,NETFLIX,"Aug. 20, 2023",194
DESPICABLE ME 2,NETFLIX,"Feb. 6, 2022",457
DESPICABLE ME 2,NETFLIX,"Feb. 13, 2022",361
DESPICABLE ME 2,NETFLIX,"Feb. 20, 2022",304
DESPICABLE ME 2,NETFLIX,"Feb. 27, 2022",240
DESPICABLE ME 2,NETFLIX,"Sep. 11, 2022",321
DESPICABLE ME 2,NETFLIX,"Sep. 18, 2022",306
DESPICABLE ME 2,NETFLIX,"Sep. 25, 2022",237
DESPICABLE ME 2,NETFLIX,"Aug. 13, 2023",443
DESPICABLE ME 2,NETFLIX,"Aug. 20, 2023",288
DESPICABLE ME 2,NETFLIX,"Sep. 3, 2023",271
DESPICABLE ME 2,NETFLIX,"Sep. 10, 2023",249
DO REVENGE,NETFLIX,"Sep. 18, 2022",274
DO REVENGE,NETFLIX,"Sep. 25, 2022",393
DRACULA UNTOLD,NETFLIX,"Oct. 23, 2022",197
EMILY THE CRIMINAL,NETFLIX,"Dec. 11, 2022",440
END OF THE ROAD,NETFLIX,"Sep. 11, 2022",598
END OF THE ROAD,NETFLIX,"Sep. 18, 2022",411
ENOLA HOLMES 2,NETFLIX,"Nov. 6, 2022",855
ENOLA HOLMES 2,NETFLIX,"Nov. 13, 2022",942
ENOLA HOLMES 2,NETFLIX,"Nov. 20, 2022",268
FALLING FOR CHRISTMAS,NETFLIX,"Nov. 13, 2022",636
FALLING FOR CHRISTMAS,NETFLIX,"Nov. 20, 2022",444
FALLING FOR CHRISTMAS,NETFLIX,"Nov. 27, 2022",350
FATHER STU,NETFLIX,"Sep. 18, 2022",260
FATHER STU,NETFLIX,"Sep. 25, 2022",717
FATHER STU,NETFLIX,"Oct. 2, 2022",312
FINAL SCORE,NETFLIX,"Jul. 10, 2022",238
FISTFUL OF VENGEANCE,NETFLIX,"Feb. 20, 2022",186
FLIGHT,NETFLIX,"Aug. 14, 2022",230
FORREST GUMP,NETFLIX,"May. 8, 2022",177
GIRL IN THE PICTURE,NETFLIX,"Jul. 10, 2022",537
GIRL IN THE PICTURE,NETFLIX,"Jul. 17, 2022",483
GLASS ONION,NETFLIX,"Dec. 25, 2022","2,225"
GLASS ONION,NETFLIX,"Jan. 1, 2023","2,886"
GLASS ONION,NETFLIX,"Jan. 8, 2023",935
GLASS ONION,NETFLIX,"Jan. 15, 2023",446
GLASS ONION,NETFLIX,"Jan. 22, 2023",284
GLASS ONION,NETFLIX,"Jan. 29, 2023",238
HAPPY GILMORE,NETFLIX,"May. 15, 2022",149
HOME TEAM,NETFLIX,"Jan. 30, 2022",443
HOME TEAM,NETFLIX,"Feb. 6, 2022",596
HOME TEAM,NETFLIX,"Feb. 13, 2022",180
HOTEL TRANSYLVANIA 2,NETFLIX,"Nov. 6, 2022",460
HOTEL TRANSYLVANIA 2,NETFLIX,"Nov. 13, 2022",328
HOW IT ENDS,NETFLIX,"Apr. 24, 2022",137
HOW IT ENDS,NETFLIX,"May. 1, 2022",144
HUSTLE,NETFLIX,"Jun. 12, 2022","1,218"
HUSTLE,NETFLIX,"Jun. 19, 2022",737
HUSTLE,NETFLIX,"Jun. 26, 2022",376
HUSTLE,NETFLIX,"Jul. 3, 2022",228
I AM VANESSA GUILLEN,NETFLIX,"Nov. 20, 2022",251
I BELIEVE IN SANTA,NETFLIX,"Dec. 18, 2022",366
I CAME BY,NETFLIX,"Sep. 4, 2022",325
INHERITANCE,NETFLIX,"Oct. 2, 2022",350
INHERITANCE,NETFLIX,"Oct. 9, 2022",332
INTERCEPTOR,NETFLIX,"Jun. 5, 2022",322
INTERCEPTOR,NETFLIX,"Jun. 12, 2022",413
IT,NETFLIX,"Jun. 26, 2022",314
JACKA-- 4.5,NETFLIX,"May. 29, 2022",257
JEXI,NETFLIX,"Oct. 9, 2022",228
JOURNEY 2: THE MYSTERIOUS ISLAND,NETFLIX,"Jan. 9, 2022",400
JUST GO WITH IT,NETFLIX,"Jan. 9, 2022",238
JUST GO WITH IT,NETFLIX,"Jan. 16, 2022",200
JUST LIKE HEAVEN,NETFLIX,"Mar. 6, 2022",328
KUNG FU PANDA 3,NETFLIX,"May. 1, 2022",106
KUNG FU PANDA 3,NETFLIX,"May. 8, 2022",215
LAST SEEN ALIVE,NETFLIX,"Oct. 2, 2022",377
LAST SEEN ALIVE,NETFLIX,"Oct. 9, 2022",747
LAST SEEN ALIVE,NETFLIX,"Oct. 16, 2022",249
LONDON HAS FALLEN,NETFLIX,"Mar. 20, 2022",199
LOOK BOTH WAYS,NETFLIX,"Aug. 21, 2022",617
LOOK BOTH WAYS,NETFLIX,"Aug. 28, 2022",375
LOU,NETFLIX,"Sep. 25, 2022",681
LOU,NETFLIX,"Oct. 2, 2022",802
LOVE & GELATO,NETFLIX,"Jun. 26, 2022",182
LOVE & GELATO,NETFLIX,"Jul. 3, 2022",177
LOVE IN THE VILLA,NETFLIX,"Sep. 4, 2022",502
LOVE IN THE VILLA,NETFLIX,"Sep. 11, 2022",334
LUCKIEST GIRL ALIVE,NETFLIX,"Oct. 9, 2022",647
LUCKIEST GIRL ALIVE,NETFLIX,"Oct. 16, 2022",696
LUCKIEST GIRL ALIVE,NETFLIX,"Oct. 23, 2022",252
MARMADUKE,NETFLIX,"May. 15, 2022",267
ME TIME,NETFLIX,"Aug. 28, 2022",971
ME TIME,NETFLIX,"Sep. 4, 2022",927
ME TIME,NETFLIX,"Sep. 11, 2022",418
MEAN GIRLS,NETFLIX,"Jul. 10, 2022",245
MEGAMIND,NETFLIX,"Oct. 16, 2022",247
MEN IN BLACK 3,NETFLIX,"Aug. 7, 2022",333
MILE 22,NETFLIX,"Nov. 13, 2022",262
MISSION: IMPOSSIBLE,NETFLIX,"Jun. 12, 2022",130
MORBIUS,NETFLIX,"Sep. 11, 2022",610
MORBIUS,NETFLIX,"Sep. 18, 2022",378
MR. HARRIGAN'S PHONE,NETFLIX,"Oct. 9, 2022",570
MR. HARRIGAN'S PHONE,NETFLIX,"Oct. 16, 2022",301
MUNICH: THE EDGE OF WAR,NETFLIX,"Jan. 30, 2022",200
MY NAME IS VENDETTA,NETFLIX,"Dec. 4, 2022",316
OBLIVION,NETFLIX,"Nov. 6, 2022",257
OPERATION MINCEMEAT,NETFLIX,"May. 15, 2022",343
OPERATION MINCEMEAT,NETFLIX,"May. 22, 2022",222
OUR FATHER,NETFLIX,"May. 15, 2022",450
OUR FATHER,NETFLIX,"May. 22, 2022",260
PERSUASION,NETFLIX,"Jul. 17, 2022",353
PERSUASION,NETFLIX,"Jul. 24, 2022",305
PINOCCHIO,NETFLIX,"Dec. 11, 2022",387
PINOCCHIO,NETFLIX,"Dec. 18, 2022",465
PRISONERS,NETFLIX,"Dec. 11, 2022",326
PRISONERS,NETFLIX,"Dec. 18, 2022",857
PURPLE HEARTS,NETFLIX,"Jul. 31, 2022",508
PURPLE HEARTS,NETFLIX,"Aug. 7, 2022",828
PURPLE HEARTS,NETFLIX,"Aug. 14, 2022",370
PURPLE HEARTS,NETFLIX,"Aug. 21, 2022",240
R.I.P.D. 2: RISE OF THE DAMNED,NETFLIX,"Nov. 20, 2022",478
RAMBO: LAST BLOOD,NETFLIX,"May. 8, 2022",224
RECURRENCE,NETFLIX,"Jul. 31, 2022",223
RESCUED BY RUBY,NETFLIX,"Mar. 20, 2022",306
RESCUED BY RUBY,NETFLIX,"Mar. 27, 2022",311
RIVERDANCE: ANIMATED ADVENTURE,NETFLIX,"Jan. 23, 2022",188
RRR,NETFLIX,"Jun. 5, 2022",188
RUNNING WITH THE DEVIL,NETFLIX,"Aug. 28, 2022",241
SCROOGE: A CHRISTMAS CAROL,NETFLIX,"Dec. 11, 2022",284
SENIOR YEAR,NETFLIX,"May. 15, 2022",797
SENIOR YEAR,NETFLIX,"May. 22, 2022",767
SENIOR YEAR,NETFLIX,"May. 29, 2022",316
SENIOR YEAR,NETFLIX,"Jun. 5, 2022",186
SHREK,NETFLIX,"Mar. 6, 2022",221
SHREK,NETFLIX,"Mar. 13, 2022",341
SHREK,NETFLIX,"Mar. 20, 2022",228
SHREK,NETFLIX,"Apr. 3, 2022",153
SHREK 2,NETFLIX,"Mar. 6, 2022",415
SHREK 2,NETFLIX,"Mar. 13, 2022",316
SHREK FOREVER AFTER,NETFLIX,"Apr. 3, 2022",242
SHREK FOREVER AFTER,NETFLIX,"Apr. 10, 2022",323
SILVERTON SIEGE,NETFLIX,"May. 1, 2022",117
SING 2,NETFLIX,"Jun. 26, 2022","1,267"
SING 2,NETFLIX,"Jul. 3, 2022","1,257"
SING 2,NETFLIX,"Jul. 10, 2022",839
SING 2,NETFLIX,"Jul. 17, 2022",632
SING 2,NETFLIX,"Jul. 24, 2022",490
SING 2,NETFLIX,"Jul. 31, 2022",471
SING 2,NETFLIX,"Aug. 7, 2022",386
SING 2,NETFLIX,"Aug. 14, 2022",316
SING 2,NETFLIX,"Aug. 21, 2022",328
SING 2,NETFLIX,"Aug. 28, 2022",281
SING 2,NETFLIX,"Sep. 4, 2022",259
SING 2,NETFLIX,"Sep. 18, 2022",250
SING 2,NETFLIX,"Sep. 25, 2022",223
SING 2,NETFLIX,"Oct. 16, 2022",227
SING 2,NETFLIX,"Oct. 23, 2022",216
SING 2,NETFLIX,"Nov. 13, 2022",238
SING 2,NETFLIX,"Jan. 29, 2023",184
SLUMBERLAND,NETFLIX,"Nov. 20, 2022",651
SLUMBERLAND,NETFLIX,"Nov. 27, 2022","1,057"
SLUMBERLAND,NETFLIX,"Dec. 4, 2022",333
SONIC THE HEDGEHOG,NETFLIX,"May. 29, 2022",162
SPIDERHEAD,NETFLIX,"Jun. 19, 2022",484
SPIDERHEAD,NETFLIX,"Jun. 26, 2022",491
ST. VINCENT,NETFLIX,"Feb. 20, 2022",411
ST. VINCENT,NETFLIX,"Feb. 27, 2022",233
STORKS,NETFLIX,"Dec. 11, 2022",372
STORKS,NETFLIX,"Dec. 18, 2022",295
TALL GIRL 2,NETFLIX,"Feb. 13, 2022",195
TALL GIRL 2,NETFLIX,"Feb. 20, 2022",172
TEXAS CHAINSAW MASSACRE (2022),NETFLIX,"Feb. 20, 2022",303
TEXAS CHAINSAW MASSACRE (2022),NETFLIX,"Feb. 27, 2022",197
THE ADAM PROJECT,NETFLIX,"Mar. 13, 2022","1,360"
THE ADAM PROJECT,NETFLIX,"Mar. 20, 2022","1,339"
THE ADAM PROJECT,NETFLIX,"Mar. 27, 2022","1,199"
THE ADAM PROJECT,NETFLIX,"Apr. 3, 2022",475
THE ADAM PROJECT,NETFLIX,"Apr. 10, 2022",191
THE ADAM PROJECT,NETFLIX,"Apr. 24, 2022",138
THE ADAM PROJECT,NETFLIX,"May. 1, 2022",96
THE AGE OF ADALINE,NETFLIX,"Aug. 7, 2022",378
THE AMAZING SPIDER-MAN,NETFLIX,"Jun. 5, 2022",478
THE AMAZING SPIDER-MAN,NETFLIX,"Jun. 12, 2022",302
THE AMAZING SPIDER-MAN,NETFLIX,"Jun. 19, 2022",165
THE BAD GUYS,NETFLIX,"Nov. 20, 2022",441
THE BAD GUYS,NETFLIX,"Nov. 27, 2022",420
THE BUBBLE,NETFLIX,"Apr. 3, 2022",283
THE BUBBLE,NETFLIX,"Apr. 10, 2022",196
THE CALL,NETFLIX,"Apr. 17, 2022",303
THE CHALK LINE,NETFLIX,"Oct. 30, 2022",200
THE COLONY,NETFLIX,"Jan. 16, 2022",301
THE CURSE OF BRIDGE HOLLOW,NETFLIX,"Oct. 16, 2022",544
THE CURSE OF BRIDGE HOLLOW,NETFLIX,"Oct. 23, 2022",514
THE CURSE OF BRIDGE HOLLOW,NETFLIX,"Oct. 30, 2022",203
THE GENTLEMEN,NETFLIX,"May. 8, 2022",305
THE GOOD NURSE,NETFLIX,"Oct. 30, 2022","1,008"
THE GOOD NURSE,NETFLIX,"Nov. 6, 2022",542
THE GOOD NURSE,NETFLIX,"Nov. 13, 2022",265
THE GRAY MAN,NETFLIX,"Jul. 24, 2022","1,438"
THE GRAY MAN,NETFLIX,"Jul. 31, 2022","1,362"
THE GRAY MAN,NETFLIX,"Aug. 7, 2022",561
THE GRAY MAN,NETFLIX,"Aug. 14, 2022",265
THE GRAY MAN,NETFLIX,"Aug. 21, 2022",233
THE GRAY MAN,NETFLIX,"Aug. 28, 2022",177
THE LOST DAUGHTER,NETFLIX,"Jan. 2, 2022",355
THE LOST DAUGHTER,NETFLIX,"Jan. 9, 2022",224
THE LUCKY ONE,NETFLIX,"Feb. 6, 2022",221
THE MAN FROM TORONTO,NETFLIX,"Jun. 26, 2022",948
THE MAN FROM TORONTO,NETFLIX,"Jul. 3, 2022",952
THE MAN FROM TORONTO,NETFLIX,"Jul. 10, 2022",386
THE MAN FROM TORONTO,NETFLIX,"Jul. 17, 2022",254
THE MIST,NETFLIX,"Jun. 26, 2022",285
THE MIST,NETFLIX,"Jul. 3, 2022",255
THE MUNSTERS,NETFLIX,"Oct. 2, 2022",359
THE MYSTERY OF MARILYN MONROE,NETFLIX,"May. 1, 2022",252
THE NOEL DIARY,NETFLIX,"Nov. 27, 2022",707
THE NOEL DIARY,NETFLIX,"Dec. 4, 2022",517
THE POISON ROSE,NETFLIX,"Sep. 11, 2022",280
THE PRIVILEGE,NETFLIX,"Feb. 13, 2022",163
THE ROYAL TREATMENT,NETFLIX,"Jan. 23, 2022",329
THE ROYAL TREATMENT,NETFLIX,"Jan. 30, 2022",231
THE SCHOOL FOR GOOD AND EVIL,NETFLIX,"Oct. 23, 2022","1,058"
THE SCHOOL FOR GOOD AND EVIL,NETFLIX,"Oct. 30, 2022",596
THE SCHOOL FOR GOOD AND EVIL,NETFLIX,"Nov. 6, 2022",256
THE SEA BEAST,NETFLIX,"Jul. 10, 2022",430
THE SEA BEAST,NETFLIX,"Jul. 17, 2022",920
THE SEA BEAST,NETFLIX,"Jul. 24, 2022",488
THE SEA BEAST,NETFLIX,"Jul. 31, 2022",321
THE SWIMMERS,NETFLIX,"Dec. 4, 2022",245
THE TAKEOVER,NETFLIX,"Nov. 6, 2022",252
THE TINDER SWINDLER,NETFLIX,"Feb. 6, 2022",405
THE TINDER SWINDLER,NETFLIX,"Feb. 13, 2022",480
THE TINDER SWINDLER,NETFLIX,"Feb. 20, 2022",334
THE TINDER SWINDLER,NETFLIX,"Feb. 27, 2022",202
THE TOWN,NETFLIX,"Jan. 9, 2022",238
THE VOLCANO: RESCUE FROM WHAKAARI,NETFLIX,"Dec. 25, 2022",561
THE WEEKEND AWAY,NETFLIX,"Mar. 6, 2022",345
THE WEEKEND AWAY,NETFLIX,"Mar. 13, 2022",220
THE WONDER,NETFLIX,"Nov. 20, 2022",272
THIS IS 40,NETFLIX,"Sep. 4, 2022",217
THIS IS 40,NETFLIX,"Sep. 11, 2022",286
THIS IS THE END,NETFLIX,"Sep. 25, 2022",212
TOP GUN,AMA/NET,"May. 29, 2022",432
TOP GUN,AMA/NET,"Jun. 5, 2022",405
TOSCANA,NETFLIX,"May. 22, 2022",168
TRANSFORMERS: REVENGE OF FALLENT,NETFLIX,"Feb. 6, 2022",271
TROLL,NETFLIX,"Dec. 4, 2022",880
TROLL,NETFLIX,"Dec. 11, 2022",517
TRUST NO ONE: HUNT FOR CRYPTO KING,NETFLIX,"Apr. 3, 2022",139
U.S. MARSHALS,NETFLIX,"May. 8, 2022",354
U.S. MARSHALS,NETFLIX,"May. 15, 2022",236
UNCHARTED,NETFLIX,"Aug. 7, 2022","1,014"
UNCHARTED,NETFLIX,"Aug. 14, 2022","1,185"
UNCHARTED,NETFLIX,"Aug. 21, 2022",446
UNCHARTED,NETFLIX,"Aug. 28, 2022",263
UNDER SUSPICION,NETFLIX,"Jan. 23, 2022",177
WAR OF THE WORLDS,NETFLIX,"May. 8, 2022",170
WEDDING SEASON,NETFLIX,"Aug. 14, 2022",234
WHERE THE CRAWDADS SING,NETFLIX,"Nov. 13, 2022",659
WHERE THE CRAWDADS SING,NETFLIX,"Nov. 20, 2022","1,092"
WHERE THE CRAWDADS SING,NETFLIX,"Nov. 27, 2022",591
WHITE HOT,NETFLIX,"Apr. 24, 2022",294
WILD CARD,NETFLIX,"Jul. 3, 2022",159
WINDFALL,NETFLIX,"Mar. 27, 2022",199
WITHOUT A PADDLE,NETFLIX,"Apr. 10, 2022",185
WITHOUT A PADDLE,NETFLIX,"Apr. 17, 2022",178
HALLOWEEN ENDS,PEACOCK,"Oct. 16, 2022",717
HALLOWEEN ENDS,PEACOCK,"Oct. 23, 2022",389
NOPE,PEACOCK,"Nov. 20, 2022",274
NOPE,PEACOCK,"Nov. 27, 2022",297
A NEARLY NORMAL FAMILY,NETFLIX,"Nov. 26, 2023",373
A NEARLY NORMAL FAMILY,NETFLIX,"Dec. 3, 2023",388
ALL THE LIGHT WE CANNOT SEE,NETFLIX,"Nov. 5, 2023",720
ALL THE LIGHT WE CANNOT SEE,NETFLIX,"Nov. 12, 2023",744
ALL THE LIGHT WE CANNOT SEE,NETFLIX,"Nov. 19, 2023",406
ALL THE LIGHT WE CANNOT SEE,NETFLIX,"Nov. 26, 2023",267
AMERICAN MANHUNT: BOSTON,NETFLIX,"Apr. 16, 2023",619
ARNOLD,NETFLIX,"Jun. 11, 2023",434
ARNOLD,NETFLIX,"Jun. 18, 2023",278
BAD SURGEON,NETFLIX,"Dec. 3, 2023",360
BAD SURGEON,NETFLIX,"Dec. 10, 2023",360
BARBECUE SHOWDOWN,NETFLIX,"May. 28, 2023",277
BARBECUE SHOWDOWN,NETFLIX,"Jun. 4, 2023",593
BECKHAM,NETFLIX,"Oct. 8, 2023",519
BECKHAM,NETFLIX,"Oct. 15, 2023",490
BEEF,NETFLIX,"Apr. 9, 2023",962
BEEF,NETFLIX,"Apr. 16, 2023","1,590"
BEEF,NETFLIX,"Apr. 23, 2023",937
BEEF,NETFLIX,"Apr. 30, 2023",459
BEEF,NETFLIX,"May. 7, 2023",309
BLACK MIRROR,NETFLIX,"Jun. 18, 2023","1,356"
BLACK MIRROR,NETFLIX,"Jun. 25, 2023","1,549"
BLACK MIRROR,NETFLIX,"Jul. 2, 2023",853
BLACK MIRROR,NETFLIX,"Jul. 9, 2023",615
BLACK MIRROR,NETFLIX,"Jul. 16, 2023",370
BLUE EYE SAMURAI,NETFLIX,"Nov. 12, 2023",315
BODIES,NETFLIX,"Oct. 22, 2023",633
BODIES,NETFLIX,"Oct. 29, 2023",768
BODIES,NETFLIX,"Nov. 5, 2023",403
CHRIS ROCK: SELECTIVE OUTRAGE,NETFLIX,"Mar. 5, 2023",418
CHRIS ROCK: SELECTIVE OUTRAGE,NETFLIX,"Mar. 12, 2023",798
COCOMELON LANE,NETFLIX,"Nov. 26, 2023",291
COCOMELON LANE,NETFLIX,"Dec. 3, 2023",249
CRIMINAL CODE,NETFLIX,"Nov. 19, 2023",338
CRIMINAL CODE,NETFLIX,"Nov. 26, 2023",282
DEAR CHILD,NETFLIX,"Sep. 10, 2023",504
DEAR CHILD,NETFLIX,"Sep. 17, 2023",720
DEAR CHILD,NETFLIX,"Sep. 24, 2023",431
DEPP V. HEARD,NETFLIX,"Aug. 20, 2023",704
EMERGENCY: NYC,NETFLIX,"Apr. 2, 2023",545
EMERGENCY: NYC,NETFLIX,"Apr. 9, 2023",299
ENCOUNTERS,NETFLIX,"Oct. 1, 2023",412
ESCAPING TWIN FLAMES,NETFLIX,"Nov. 12, 2023",404
ESCAPING TWIN FLAMES,NETFLIX,"Nov. 19, 2023",298
FAKE PROFILE,NETFLIX,"Jun. 4, 2023",366
FAKE PROFILE,NETFLIX,"Jun. 11, 2023",313
FALL OF THE HOUSE OF USHER,NETFLIX,"Oct. 15, 2023","1,232"
FALL OF THE HOUSE OF USHER,NETFLIX,"Oct. 22, 2023","1,468"
FALL OF THE HOUSE OF USHER,NETFLIX,"Oct. 29, 2023",944
FALL OF THE HOUSE OF USHER,NETFLIX,"Nov. 5, 2023",565
FALL OF THE HOUSE OF USHER,NETFLIX,"Nov. 12, 2023",339
FLORIDA MAN,NETFLIX,"Apr. 16, 2023",649
FLORIDA MAN,NETFLIX,"Apr. 23, 2023",655
FUBAR,NETFLIX,"May. 28, 2023","1,534"
FUBAR,NETFLIX,"Jun. 4, 2023","1,725"
FUBAR,NETFLIX,"Jun. 11, 2023",819
FUBAR,NETFLIX,"Jun. 18, 2023",503
FUBAR,NETFLIX,"Jun. 25, 2023",317
FULL SWING,NETFLIX,"Feb. 19, 2023",474
FULL SWING,NETFLIX,"Feb. 26, 2023",372
GET GOTTI,NETFLIX,"Oct. 29, 2023",490
GLAMOROUS,NETFLIX,"Jul. 2, 2023",414
GREAT BRITISH BAKING: PROS,NETFLIX,"Feb. 5, 2023",306
GREAT BRITISH BAKING: PROS,NETFLIX,"Feb. 12, 2023",236
HACK MY HOME,NETFLIX,"Jul. 16, 2023",346
"IS IT CAKE, TOO?",NETFLIX,"Jul. 2, 2023",381
"IS IT CAKE, TOO?",NETFLIX,"Jul. 9, 2023",755
"IS IT CAKE, TOO?",NETFLIX,"Jul. 16, 2023",456
JOHN MULANEY: BABY J,NETFLIX,"Apr. 30, 2023",379
KALEIDOSCOPE,NETFLIX,"Jan. 8, 2023","1,635"
KALEIDOSCOPE,NETFLIX,"Jan. 15, 2023",670
KALEIDOSCOPE,NETFLIX,"Jan. 22, 2023",321
LIFE ON OUR PLANET,NETFLIX,"Oct. 29, 2023",676
LIFE ON OUR PLANET,NETFLIX,"Nov. 5, 2023",531
LIFE ON OUR PLANET,NETFLIX,"Nov. 12, 2023",363
LIFE ON OUR PLANET,NETFLIX,"Nov. 19, 2023",263
LIVE TO 100,NETFLIX,"Sep. 3, 2023",366
LOCKWOOD & CO.,NETFLIX,"Jan. 29, 2023",450
LOCKWOOD & CO.,NETFLIX,"Feb. 5, 2023",623
LOCKWOOD & CO.,NETFLIX,"Feb. 12, 2023",273
MADOFF: MONSTER/WALL STREET,NETFLIX,"Jan. 8, 2023",643
MADOFF: MONSTER/WALL STREET,NETFLIX,"Jan. 15, 2023",362
MATT RIFE: NATURAL SELECTION,NETFLIX,"Nov. 19, 2023",314
MH370: PLANE THAT DISAPPEARED,NETFLIX,"Mar. 12, 2023","1,165"
MH370: PLANE THAT DISAPPEARED,NETFLIX,"Mar. 19, 2023",523
MISSING: DEAD OR ALIVE?,NETFLIX,"May. 14, 2023",634
MISSING: DEAD OR ALIVE?,NETFLIX,"May. 21, 2023",415
MURDAUGH MURDERS,NETFLIX,"Feb. 26, 2023","1,374"
MURDAUGH MURDERS,NETFLIX,"Mar. 5, 2023","1,084"
MURDAUGH MURDERS,NETFLIX,"Mar. 12, 2023",414
MURDAUGH MURDERS,NETFLIX,"Sep. 24, 2023",563
MURDAUGH MURDERS,NETFLIX,"Oct. 1, 2023",321
MUSCLES & MAYHEM,NETFLIX,"Jul. 2, 2023",404
MY DAD THE BOUNTY HUNTER,NETFLIX,"Feb. 12, 2023",206
MY DAD THE BOUNTY HUNTER,NETFLIX,"Feb. 19, 2023",372
MY LIFE WITH THE WALTER BOYS,NETFLIX,"Dec. 10, 2023",673
MY LIFE WITH THE WALTER BOYS,NETFLIX,"Dec. 17, 2023","1,105"
MY LIFE WITH THE WALTER BOYS,NETFLIX,"Dec. 24, 2023",708
MY LIFE WITH THE WALTER BOYS,NETFLIX,"Dec. 31, 2023",604
MY LIFE WITH THE WALTER BOYS,NETFLIX,"Jan. 7, 2024",495
MY LIFE WITH THE WALTER BOYS,NETFLIX,"Jan. 14, 2024",307
NEXT IN FASHION,NETFLIX,"Mar. 5, 2023",402
NEXT IN FASHION,NETFLIX,"Mar. 12, 2023",500
OBLITERATED,NETFLIX,"Dec. 3, 2023",742
OBLITERATED,NETFLIX,"Dec. 10, 2023",917
OBLITERATED,NETFLIX,"Dec. 17, 2023",729
OBLITERATED,NETFLIX,"Dec. 24, 2023",382
OBSESSION,NETFLIX,"Apr. 16, 2023",287
ONE PIECE,NETFLIX,"Sep. 3, 2023","1,311"
ONE PIECE,NETFLIX,"Sep. 10, 2023","1,389"
ONE PIECE,NETFLIX,"Sep. 17, 2023",663
ONE PIECE,NETFLIX,"Sep. 24, 2023",479
OUTLAST,NETFLIX,"Mar. 19, 2023",692
PACT OF SILENCE,NETFLIX,"Oct. 15, 2023",297
PACT OF SILENCE,NETFLIX,"Oct. 22, 2023",444
PAINKILLER,NETFLIX,"Aug. 13, 2023",990
PAINKILLER,NETFLIX,"Aug. 20, 2023","1,120"
PAINKILLER,NETFLIX,"Aug. 27, 2023",551
PERFECT MATCH,NETFLIX,"Feb. 19, 2023",476
PERFECT MATCH,NETFLIX,"Feb. 26, 2023",805
PERFECT MATCH,NETFLIX,"Mar. 5, 2023",744
PHYSICAL: 100,NETFLIX,"Jan. 29, 2023",269
PHYSICAL: 100,NETFLIX,"Feb. 5, 2023",329
PHYSICAL: 100,NETFLIX,"Feb. 12, 2023",363
PHYSICAL: 100,NETFLIX,"Feb. 19, 2023",468
PHYSICAL: 100,NETFLIX,"Feb. 26, 2023",429
PRESSURE COOKER,NETFLIX,"Jan. 15, 2023",428
QUARTERBACK,NETFLIX,"Jul. 16, 2023",853
QUARTERBACK,NETFLIX,"Jul. 23, 2023",648
QUARTERBACK,NETFLIX,"Jul. 30, 2023",393
QUEEN CHARLOTTE,NETFLIX,"May. 7, 2023","1,888"
QUEEN CHARLOTTE,NETFLIX,"May. 14, 2023","1,883"
QUEEN CHARLOTTE,NETFLIX,"May. 21, 2023","1,056"
QUEEN CHARLOTTE,NETFLIX,"May. 28, 2023",571
QUEEN CHARLOTTE,NETFLIX,"Jun. 4, 2023",392
QUEEN CLEOPATRA,NETFLIX,"May. 14, 2023",340
SCHOOL SPIRITS,NET/PARA+,"Dec. 10, 2023",326
SCHOOL SPIRITS,NET/PARA+,"Dec. 17, 2023",425
SCHOOL SPIRITS,NET/PARA+,"Dec. 24, 2023",345
SCHOOL SPIRITS,NET/PARA+,"Dec. 31, 2023",282
SPY OPS,NETFLIX,"Sep. 17, 2023",288
SQUID GAME: THE CHALLENGE,NETFLIX,"Nov. 26, 2023","1,423"
SQUID GAME: THE CHALLENGE,NETFLIX,"Dec. 3, 2023","1,438"
SQUID GAME: THE CHALLENGE,NETFLIX,"Dec. 10, 2023","1,034"
SQUID GAME: THE CHALLENGE,NETFLIX,"Dec. 17, 2023",431
SWEET HOME,NETFLIX,"Dec. 17, 2023",282
TEX MEX MOTORS,NETFLIX,"Jun. 18, 2023",312
THAT '90S SHOW,NETFLIX,"Jan. 22, 2023","1,590"
THAT '90S SHOW,NETFLIX,"Jan. 29, 2023",963
THAT '90S SHOW,NETFLIX,"Feb. 5, 2023",340
THE DIPLOMAT,NETFLIX,"Apr. 23, 2023","1,302"
THE DIPLOMAT,NETFLIX,"Apr. 30, 2023","1,392"
THE DIPLOMAT,NETFLIX,"May. 7, 2023",711
THE DIPLOMAT,NETFLIX,"May. 14, 2023",441
THE GLORY,NETFLIX,"Mar. 19, 2023",410
THE NIGHT AGENT,NETFLIX,"Mar. 26, 2023","2,604"
THE NIGHT AGENT,NETFLIX,"Apr. 2, 2023","3,058"
THE NIGHT AGENT,NETFLIX,"Apr. 9, 2023","1,852"
THE NIGHT AGENT,NETFLIX,"Apr. 16, 2023","1,166"
THE NIGHT AGENT,NETFLIX,"Apr. 23, 2023",760
THE NIGHT AGENT,NETFLIX,"Apr. 30, 2023",560
THE NIGHT AGENT,NETFLIX,"May. 7, 2023",410
THE SHOW GIRL,NETFLIX,"Feb. 5, 2023",365
THE SURROGACY,NETFLIX,"Jun. 18, 2023",496
THE SURROGACY,NETFLIX,"Jun. 25, 2023",583
THE ULTIMATUM: QUEER LOVE,NETFLIX,"Jun. 4, 2023",336
THE ULTIMATUM: QUEER LOVE,NETFLIX,"Jun. 11, 2023",417
THE ULTIMATUM: MARRY OR MOVE ON,NETFLIX,"Aug. 27, 2023",489
THE ULTIMATUM: MARRY OR MOVE ON,NETFLIX,"Sep. 3, 2023",558
THE WITCHER: BLOOD ORIGIN,NETFLIX,"Jan. 1, 2023",912
TILL MURDER DO US PART,NETFLIX,"Nov. 5, 2023",342
TRANSATLANTIC,NETFLIX,"Apr. 16, 2023",327
TREASON,NETFLIX,"Jan. 1, 2023",790
TRIPTYCH,NETFLIX,"Feb. 26, 2023",320
UNSTABLE,NETFLIX,"Apr. 2, 2023",388
UNSTABLE,NETFLIX,"Apr. 9, 2023",386
WACO: AMERICAN APOCALYPSE,NETFLIX,"Mar. 26, 2023",738
WACO: AMERICAN APOCALYPSE,NETFLIX,"Apr. 2, 2023",337
WHO IS ERIN CARTER?,NETFLIX,"Aug. 27, 2023","1,037"
WHO IS ERIN CARTER?,NETFLIX,"Sep. 3, 2023","1,019"
WHO IS ERIN CARTER?,NETFLIX,"Sep. 10, 2023",465
WOMEN AT WAR,NETFLIX,"Jan. 22, 2023",330
WOMEN AT WAR,NETFLIX,"Jan. 29, 2023",379
WORLD WAR II: FROM FRONTLINES,NETFLIX,"Dec. 10, 2023",331
WORLD WAR II: FROM FRONTLINES,NETFLIX,"Dec. 17, 2023",325
"XO, KITTY",NETFLIX,"May. 21, 2023",364
"XO, KITTY",NETFLIX,"May. 28, 2023",429
YU YU HAKUSHO,NETFLIX,"Dec. 17, 2023",343
BEING THE RICARDOS,AMAZON,"Dec. 26, 2021",604
BEING THE RICARDOS,AMAZON,"Jan. 2, 2022",371
BORAT 2,AMAZON,"Oct. 25, 2020",570
CATCH ME IF YOU CAN,AMAZON,"Jan. 10, 2021",170
CATCH ME IF YOU CAN,AMAZON,"Jan. 17, 2021",122
CINDERELLA,AMAZON,"Sep. 5, 2021",445
CINDERELLA,AMAZON,"Sep. 12, 2021",423
CINDERELLA,AMAZON,"Sep. 19, 2021",155
COMING 2 AMERICA,AMAZON,"Mar. 7, 2021","1,413"
COMING 2 AMERICA,AMAZON,"Mar. 14, 2021",770
COMING 2 AMERICA,AMAZON,"Mar. 21, 2021",273
COMING 2 AMERICA,AMAZON,"Mar. 28, 2021",154
COMING 2 AMERICA,AMAZON,"Apr. 4, 2021",109
IT'S A WONDERFUL LIFE,AMAZON,"Dec. 26, 2021",435
IT'S A WONDERFUL LIFE,AMAZON,"Dec. 25, 2022",499
ONE NIGHT IN MIAMI,AMAZON,"Jan. 17, 2021",188
ONE NIGHT IN MIAMI,AMAZON,"Jan. 24, 2021",140
RANGO,AMAZON,"Jan. 3, 2021",161
RANGO,AMAZON,"Jan. 10, 2021",134
THE TOMORROW WAR,AMAZON,"Jul. 4, 2021","1,229"
THE TOMORROW WAR,AMAZON,"Jul. 11, 2021","1,099"
THE TOMORROW WAR,AMAZON,"Jul. 18, 2021",413
THE TOMORROW WAR,AMAZON,"Jul. 25, 2021",194
THE TOMORROW WAR,AMAZON,"Aug. 1, 2021",152
THE WATER MAN,AMAZON,"Aug. 29, 2021",135
TWILIGHT,AMAZON,"Jul. 18, 2021",184
TWILIGHT,AMAZON,"Jul. 25, 2021",342
WITHOUT REMORSE,AMAZON,"May. 2, 2021",760
WITHOUT REMORSE,AMAZON,"May. 9, 2021",568
WITHOUT REMORSE,AMAZON,"May. 16, 2021",214
WITHOUT REMORSE,AMAZON,"May. 23, 2021",120
FINCH,APPLE TV+,"Nov. 7, 2021",132
AVENGERS: ENDGAME,DISNEY+,"Feb. 14, 2021",136
AVENGERS: ENDGAME,DISNEY+,"Feb. 21, 2021",116
AVENGERS: ENDGAME,DISNEY+,"Feb. 28, 2021",105
BEAUTY AND THE BEAST,DISNEY+,"Jan. 24, 2021",127
BLACK WIDOW,DISNEY+,"Jul. 11, 2021",541
BLACK WIDOW,DISNEY+,"Jul. 18, 2021",444
BLACK WIDOW,DISNEY+,"Aug. 1, 2021",151
BLACK WIDOW,DISNEY+,"Oct. 10, 2021",676
BLACK WIDOW,DISNEY+,"Oct. 17, 2021",441
BLACK WIDOW,DISNEY+,"Oct. 24, 2021",269
BLACK WIDOW,DISNEY+,"Oct. 31, 2021",170
BLACK WIDOW,DISNEY+,"Nov. 14, 2021",168
COCO,DISNEY+,"Oct. 31, 2021",196
COCO,DISNEY+,"Nov. 7, 2021",221
COCO,DISNEY+,"Nov. 6, 2022",220
CRUELLA,DISNEY+,"May. 30, 2021",280
CRUELLA,DISNEY+,"Jun. 6, 2021",362
CRUELLA,DISNEY+,"Jun. 13, 2021",169
CRUELLA,DISNEY+,"Jun. 20, 2021",118
CRUELLA,DISNEY+,"Jun. 27, 2021",101
CRUELLA,DISNEY+,"Aug. 29, 2021",815
CRUELLA,DISNEY+,"Sep. 5, 2021",757
CRUELLA,DISNEY+,"Sep. 12, 2021",386
CRUELLA,DISNEY+,"Sep. 19, 2021",226
CRUELLA,DISNEY+,"Sep. 26, 2021",209
CRUELLA,DISNEY+,"Oct. 3, 2021",177
CRUELLA,DISNEY+,"Oct. 10, 2021",184
CRUELLA,DISNEY+,"Oct. 17, 2021",131
ENCANTO,DISNEY+,"Dec. 26, 2021",407
ENCANTO,DISNEY+,"Jan. 2, 2022","2,198"
ENCANTO,DISNEY+,"Jan. 9, 2022","1,482"
ENCANTO,DISNEY+,"Jan. 16, 2022","1,488"
ENCANTO,DISNEY+,"Jan. 23, 2022","1,511"
ENCANTO,DISNEY+,"Jan. 30, 2022","1,361"
ENCANTO,DISNEY+,"Feb. 6, 2022","1,329"
ENCANTO,DISNEY+,"Feb. 13, 2022","1,183"
ENCANTO,DISNEY+,"Feb. 20, 2022","1,224"
ENCANTO,DISNEY+,"Feb. 27, 2022","1,162"
ENCANTO,DISNEY+,"Mar. 6, 2022",864
ENCANTO,DISNEY+,"Mar. 13, 2022",783
ENCANTO,DISNEY+,"Mar. 20, 2022",827
ENCANTO,DISNEY+,"Mar. 27, 2022",719
ENCANTO,DISNEY+,"Apr. 3, 2022",744
ENCANTO,DISNEY+,"Apr. 10, 2022",611
ENCANTO,DISNEY+,"Apr. 17, 2022",503
ENCANTO,DISNEY+,"Apr. 24, 2022",444
ENCANTO,DISNEY+,"May. 1, 2022",439
ENCANTO,DISNEY+,"May. 8, 2022",449
ENCANTO,DISNEY+,"May. 15, 2022",382
ENCANTO,DISNEY+,"May. 22, 2022",388
ENCANTO,DISNEY+,"May. 29, 2022",365
ENCANTO,DISNEY+,"Jun. 5, 2022",362
ENCANTO,DISNEY+,"Jun. 12, 2022",348
ENCANTO,DISNEY+,"Jun. 19, 2022",296
ENCANTO,DISNEY+,"Jun. 26, 2022",278
ENCANTO,DISNEY+,"Jul. 3, 2022",254
ENCANTO,DISNEY+,"Jul. 10, 2022",286
ENCANTO,DISNEY+,"Jul. 17, 2022",221
ENCANTO,DISNEY+,"Jul. 24, 2022",240
ENCANTO,DISNEY+,"Jul. 31, 2022",240
ENCANTO,DISNEY+,"Aug. 21, 2022",217
ENCANTO,DISNEY+,"Aug. 28, 2022",205
ENCANTO,DISNEY+,"Sep. 4, 2022",208
ENCANTO,DISNEY+,"Sep. 18, 2022",232
ENCANTO,DISNEY+,"Sep. 25, 2022",197
ENCANTO,DISNEY+,"Oct. 23, 2022",189
ENCANTO,DISNEY+,"Nov. 6, 2022",233
ENCANTO,DISNEY+,"Jan. 1, 2023",390
ENCANTO,DISNEY+,"Jan. 8, 2023",298
ENCANTO,DISNEY+,"Jan. 15, 2023",255
ENCANTO,DISNEY+,"Jan. 22, 2023",210
ENCANTO,DISNEY+,"Jan. 29, 2023",208
ENCANTO,DISNEY+,"Feb. 5, 2023",237
ENCANTO,DISNEY+,"Feb. 19, 2023",212
ENCANTO,DISNEY+,"Mar. 19, 2023",216
ENCANTO,DISNEY+,"Apr. 2, 2023",178
ENCANTO,DISNEY+,"Apr. 23, 2023",185
ENCANTO,DISNEY+,"Apr. 30, 2023",167
ENCANTO,DISNEY+,"May. 7, 2023",206
ENCANTO,DISNEY+,"May. 14, 2023",173
ENCANTO,DISNEY+,"Jun. 11, 2023",193
ENCANTO,DISNEY+,"Jun. 18, 2023",168
ENCANTO,DISNEY+,"Jun. 25, 2023",190
ENCANTO,DISNEY+,"Jul. 2, 2023",191
ENCANTO,DISNEY+,"Jul. 23, 2023",147
ENCANTO,DISNEY+,"Jul. 30, 2023",186
ENCANTO,DISNEY+,"Feb. 25, 2024",221
ENCANTO,DISNEY+,"Mar. 3, 2024",239
FLORA & ULYSSES,DISNEY+,"Feb. 21, 2021",238
FLORA & ULYSSES,DISNEY+,"Feb. 28, 2021",180
FROZEN,DISNEY+,"Feb. 7, 2021",151
FROZEN,DISNEY+,"Feb. 14, 2021",136
FROZEN,DISNEY+,"Feb. 21, 2021",144
FROZEN,DISNEY+,"Feb. 28, 2021",140
FROZEN,DISNEY+,"Mar. 7, 2021",134
FROZEN,DISNEY+,"Apr. 18, 2021",124
FROZEN,DISNEY+,"Apr. 25, 2021",120
FROZEN,DISNEY+,"May. 2, 2021",121
FROZEN,DISNEY+,"May. 23, 2021",114
FROZEN,DISNEY+,"Jan. 30, 2022",103
FROZEN II,DISNEY+,"Mar. 22, 2020","2,177"
FROZEN II,DISNEY+,"Jan. 3, 2021",238
FROZEN II,DISNEY+,"Jan. 10, 2021",176
FROZEN II,DISNEY+,"Jan. 17, 2021",160
FROZEN II,DISNEY+,"Jan. 24, 2021",156
FROZEN II,DISNEY+,"Jan. 31, 2021",186
FROZEN II,DISNEY+,"Feb. 7, 2021",130
FROZEN II,DISNEY+,"Feb. 14, 2021",159
FROZEN II,DISNEY+,"Feb. 21, 2021",154
FROZEN II,DISNEY+,"Feb. 28, 2021",123
FROZEN II,DISNEY+,"Mar. 21, 2021",146
FROZEN II,DISNEY+,"Apr. 25, 2021",116
FROZEN II,DISNEY+,"May. 16, 2021",101
FROZEN II,DISNEY+,"May. 23, 2021",177
HOCUS POCUS,DISNEY+,"Oct. 10, 2021",224
HOCUS POCUS,DISNEY+,"Oct. 17, 2021",240
HOCUS POCUS,DISNEY+,"Oct. 24, 2021",237
HOCUS POCUS,DISNEY+,"Oct. 31, 2021",471
HOCUS POCUS,DISNEY+,"Oct. 2, 2022",774
HOCUS POCUS,DISNEY+,"Oct. 9, 2022",359
HOCUS POCUS,DISNEY+,"Oct. 30, 2022",222
HOME ALONE,DISNEY+,"Nov. 21, 2021",167
HOME ALONE,DISNEY+,"Nov. 28, 2021",371
HOME ALONE,DISNEY+,"Dec. 5, 2021",255
HOME ALONE,DISNEY+,"Dec. 12, 2021",307
HOME ALONE,DISNEY+,"Dec. 19, 2021",363
HOME ALONE,DISNEY+,"Dec. 26, 2021",700
HOME ALONE,DISNEY+,"Nov. 27, 2022",477
HOME ALONE,DISNEY+,"Dec. 4, 2022",480
HOME ALONE,DISNEY+,"Dec. 11, 2022",382
HOME ALONE,DISNEY+,"Dec. 18, 2022",495
HOME ALONE,DISNEY+,"Dec. 25, 2022",926
HOME ALONE,DISNEY+,"Nov. 12, 2023",422
HOME ALONE,DISNEY+,"Nov. 19, 2023",367
HOME ALONE,DISNEY+,"Nov. 26, 2023",631
HOME ALONE,DISNEY+,"Dec. 3, 2023",381
HOME ALONE,DISNEY+,"Dec. 10, 2023",472
HOME ALONE,DISNEY+,"Dec. 17, 2023",455
HOME ALONE,DISNEY+,"Dec. 24, 2023",836
HOME ALONE,DISNEY+,"Dec. 31, 2023",433
HOME ALONE 2,DISNEY+,"Dec. 12, 2021",184
HOME ALONE 2,DISNEY+,"Dec. 19, 2021",233
HOME ALONE 2,DISNEY+,"Dec. 26, 2021",399
HOME ALONE 2,DISNEY+,"Dec. 4, 2022",256
HOME ALONE 2,DISNEY+,"Dec. 18, 2022",341
HOME ALONE 2,DISNEY+,"Dec. 25, 2022",665
HOME ALONE 2,DISNEY+,"Dec. 10, 2023",328
HOME SWEET HOME ALONE,DISNEY+,"Nov. 14, 2021",214
HOME SWEET HOME ALONE,DISNEY+,"Nov. 21, 2021",193
JUNGLE CRUISE,DISNEY+,"Aug. 1, 2021",343
JUNGLE CRUISE,DISNEY+,"Aug. 8, 2021",407
JUNGLE CRUISE,DISNEY+,"Aug. 15, 2021",213
JUNGLE CRUISE,DISNEY+,"Aug. 22, 2021",138
JUNGLE CRUISE,DISNEY+,"Nov. 14, 2021",908
JUNGLE CRUISE,DISNEY+,"Nov. 21, 2021",722
JUNGLE CRUISE,DISNEY+,"Nov. 28, 2021",611
JUNGLE CRUISE,DISNEY+,"Dec. 5, 2021",197
JUNGLE CRUISE,DISNEY+,"Jan. 2, 2022",229
LUCA,DISNEY+,"Jun. 20, 2021","1,573"
LUCA,DISNEY+,"Jun. 27, 2021","1,714"
LUCA,DISNEY+,"Jul. 4, 2021","1,156"
LUCA,DISNEY+,"Jul. 11, 2021",809
LUCA,DISNEY+,"Jul. 18, 2021",521
LUCA,DISNEY+,"Jul. 25, 2021",454
LUCA,DISNEY+,"Aug. 1, 2021",371
LUCA,DISNEY+,"Aug. 8, 2021",336
LUCA,DISNEY+,"Aug. 15, 2021",372
LUCA,DISNEY+,"Aug. 22, 2021",314
LUCA,DISNEY+,"Aug. 29, 2021",268
LUCA,DISNEY+,"Sep. 5, 2021",213
LUCA,DISNEY+,"Sep. 12, 2021",246
LUCA,DISNEY+,"Sep. 19, 2021",201
LUCA,DISNEY+,"Sep. 26, 2021",200
LUCA,DISNEY+,"Oct. 3, 2021",170
LUCA,DISNEY+,"Oct. 24, 2021",150
LUCA,DISNEY+,"Oct. 31, 2021",121
LUCA,DISNEY+,"Nov. 7, 2021",157
LUCA,DISNEY+,"Nov. 14, 2021",197
LUCA,DISNEY+,"Nov. 21, 2021",167
LUCA,DISNEY+,"Feb. 13, 2022",152
LUCA,DISNEY+,"Apr. 24, 2022",150
LUCA,DISNEY+,"May. 1, 2022",139
MOANA,DISNEY+,"Jan. 3, 2021",144
MOANA,DISNEY+,"Jan. 10, 2021",182
MOANA,DISNEY+,"Jan. 17, 2021",229
MOANA,DISNEY+,"Jan. 24, 2021",200
MOANA,DISNEY+,"Jan. 31, 2021",218
MOANA,DISNEY+,"Feb. 7, 2021",198
MOANA,DISNEY+,"Feb. 14, 2021",220
MOANA,DISNEY+,"Feb. 21, 2021",222
MOANA,DISNEY+,"Feb. 28, 2021",197
MOANA,DISNEY+,"Mar. 7, 2021",185
MOANA,DISNEY+,"Mar. 14, 2021",201
MOANA,DISNEY+,"Mar. 21, 2021",266
MOANA,DISNEY+,"Mar. 28, 2021",207
MOANA,DISNEY+,"Apr. 4, 2021",193
MOANA,DISNEY+,"Apr. 11, 2021",172
MOANA,DISNEY+,"Apr. 18, 2021",166
MOANA,DISNEY+,"Apr. 25, 2021",185
MOANA,DISNEY+,"May. 2, 2021",181
MOANA,DISNEY+,"May. 9, 2021",186
MOANA,DISNEY+,"May. 16, 2021",221
MOANA,DISNEY+,"May. 23, 2021",177
MOANA,DISNEY+,"May. 30, 2021",196
MOANA,DISNEY+,"Jun. 6, 2021",193
MOANA,DISNEY+,"Jun. 13, 2021",183
MOANA,DISNEY+,"Jun. 20, 2021",166
MOANA,DISNEY+,"Jun. 27, 2021",135
MOANA,DISNEY+,"Jul. 4, 2021",131
MOANA,DISNEY+,"Jul. 18, 2021",154
MOANA,DISNEY+,"Aug. 1, 2021",155
MOANA,DISNEY+,"Aug. 8, 2021",142
MOANA,DISNEY+,"Aug. 15, 2021",147
MOANA,DISNEY+,"Aug. 22, 2021",166
MOANA,DISNEY+,"Aug. 29, 2021",170
MOANA,DISNEY+,"Sep. 19, 2021",211
MOANA,DISNEY+,"Sep. 26, 2021",176
MOANA,DISNEY+,"Oct. 17, 2021",155
MOANA,DISNEY+,"Oct. 24, 2021",134
MOANA,DISNEY+,"Oct. 31, 2021",126
MOANA,DISNEY+,"Nov. 21, 2021",148
MOANA,DISNEY+,"Jan. 9, 2022",187
MOANA,DISNEY+,"Jan. 16, 2022",224
MOANA,DISNEY+,"Jan. 23, 2022",216
MOANA,DISNEY+,"Jan. 30, 2022",187
MOANA,DISNEY+,"Feb. 6, 2022",182
MOANA,DISNEY+,"Feb. 13, 2022",161
MOANA,DISNEY+,"Feb. 20, 2022",168
MOANA,DISNEY+,"Feb. 27, 2022",189
MOANA,DISNEY+,"Mar. 27, 2022",185
MOANA,DISNEY+,"Apr. 3, 2022",179
MOANA,DISNEY+,"Apr. 10, 2022",177
MOANA,DISNEY+,"Apr. 17, 2022",195
MOANA,DISNEY+,"Apr. 24, 2022",150
MOANA,DISNEY+,"May. 1, 2022",158
MOANA,DISNEY+,"May. 8, 2022",146
MOANA,DISNEY+,"May. 15, 2022",161
MOANA,DISNEY+,"May. 22, 2022",180
MOANA,DISNEY+,"May. 29, 2022",155
MOANA,DISNEY+,"Jul. 24, 2022",188
MOANA,DISNEY+,"Jul. 31, 2022",194
MOANA,DISNEY+,"Aug. 21, 2022",189
MOANA,DISNEY+,"Jan. 22, 2023",205
MOANA,DISNEY+,"Jan. 29, 2023",170
MOANA,DISNEY+,"Feb. 5, 2023",236
MOANA,DISNEY+,"Feb. 19, 2023",214
MOANA,DISNEY+,"Feb. 26, 2023",237
MOANA,DISNEY+,"Mar. 5, 2023",245
MOANA,DISNEY+,"Mar. 12, 2023",246
MOANA,DISNEY+,"Mar. 19, 2023",238
MOANA,DISNEY+,"Mar. 26, 2023",254
MOANA,DISNEY+,"Apr. 2, 2023",281
MOANA,DISNEY+,"Apr. 9, 2023",221
MOANA,DISNEY+,"Apr. 16, 2023",251
MOANA,DISNEY+,"Apr. 23, 2023",259
MOANA,DISNEY+,"Apr. 30, 2023",238
MOANA,DISNEY+,"May. 7, 2023",202
MOANA,DISNEY+,"May. 14, 2023",174
MOANA,DISNEY+,"Jun. 11, 2023",232
MOANA,DISNEY+,"Jun. 18, 2023",230
MOANA,DISNEY+,"Jun. 25, 2023",236
MOANA,DISNEY+,"Jul. 2, 2023",253
MOANA,DISNEY+,"Jul. 9, 2023",260
MOANA,DISNEY+,"Jul. 16, 2023",209
MOANA,DISNEY+,"Jul. 23, 2023",211
MOANA,DISNEY+,"Jul. 30, 2023",245
MOANA,DISNEY+,"Aug. 20, 2023",204
MOANA,DISNEY+,"Aug. 27, 2023",245
MOANA,DISNEY+,"Sep. 3, 2023",259
MOANA,DISNEY+,"Sep. 10, 2023",212
MOANA,DISNEY+,"Sep. 17, 2023",219
MOANA,DISNEY+,"Sep. 24, 2023",214
MOANA,DISNEY+,"Oct. 1, 2023",237
MOANA,DISNEY+,"Nov. 19, 2023",223
MOANA,DISNEY+,"Feb. 18, 2024",288
MOANA,DISNEY+,"Feb. 25, 2024",384
MOANA,DISNEY+,"Mar. 3, 2024",377
MOANA,DISNEY+,"Mar. 10, 2024",312
MULAN,DISNEY+,"Sep. 6, 2020",525
MULAN,DISNEY+,"Jan. 3, 2021",219
NIGHTMARE BEFORE CHRISTMAS,DISNEY+,"Oct. 17, 2021",151
NIGHTMARE BEFORE CHRISTMAS,DISNEY+,"Oct. 24, 2021",168
NIGHTMARE BEFORE CHRISTMAS,DISNEY+,"Oct. 31, 2021",309
NIGHTMARE BEFORE CHRISTMAS,DISNEY+,"Oct. 23, 2022",224
NIGHTMARE BEFORE CHRISTMAS,DISNEY+,"Oct. 30, 2022",266
NIGHTMARE BEFORE CHRISTMAS,DISNEY+,"Oct. 8, 2023",245
NIGHTMARE BEFORE CHRISTMAS,DISNEY+,"Oct. 15, 2023",280
NIGHTMARE BEFORE CHRISTMAS,DISNEY+,"Oct. 22, 2023",239
NIGHTMARE BEFORE CHRISTMAS,DISNEY+,"Oct. 29, 2023",338
ONWARD,DISNEY+,"Apr. 5, 2020","1,892"
RAYA AND THE LAST DRAGON,DISNEY+,"Mar. 7, 2021",355
RAYA AND THE LAST DRAGON,DISNEY+,"Mar. 14, 2021",390
RAYA AND THE LAST DRAGON,DISNEY+,"Mar. 21, 2021",203
RAYA AND THE LAST DRAGON,DISNEY+,"Mar. 28, 2021",194
RAYA AND THE LAST DRAGON,DISNEY+,"Apr. 4, 2021",175
RAYA AND THE LAST DRAGON,DISNEY+,"Apr. 11, 2021",165
RAYA AND THE LAST DRAGON,DISNEY+,"Apr. 18, 2021",164
RAYA AND THE LAST DRAGON,DISNEY+,"Apr. 25, 2021",110
RAYA AND THE LAST DRAGON,DISNEY+,"May. 23, 2021",115
RAYA AND THE LAST DRAGON,DISNEY+,"May. 30, 2021",162
RAYA AND THE LAST DRAGON,DISNEY+,"Jun. 6, 2021","1,078"
RAYA AND THE LAST DRAGON,DISNEY+,"Jun. 13, 2021",953
RAYA AND THE LAST DRAGON,DISNEY+,"Jun. 20, 2021",576
RAYA AND THE LAST DRAGON,DISNEY+,"Jun. 27, 2021",407
RAYA AND THE LAST DRAGON,DISNEY+,"Jul. 4, 2021",324
RAYA AND THE LAST DRAGON,DISNEY+,"Jul. 11, 2021",281
RAYA AND THE LAST DRAGON,DISNEY+,"Jul. 18, 2021",237
RAYA AND THE LAST DRAGON,DISNEY+,"Jul. 25, 2021",187
RAYA AND THE LAST DRAGON,DISNEY+,"Aug. 1, 2021",155
RAYA AND THE LAST DRAGON,DISNEY+,"Aug. 8, 2021",160
RAYA AND THE LAST DRAGON,DISNEY+,"Aug. 15, 2021",145
RAYA AND THE LAST DRAGON,DISNEY+,"Aug. 22, 2021",121
SHANG-CHI,DISNEY+,"Nov. 14, 2021","1,072"
SHANG-CHI,DISNEY+,"Nov. 21, 2021",878
SHANG-CHI,DISNEY+,"Nov. 28, 2021",613
SHANG-CHI,DISNEY+,"Dec. 5, 2021",274
SHANG-CHI,DISNEY+,"Dec. 12, 2021",233
SHANG-CHI,DISNEY+,"Jan. 2, 2022",260
SHANG-CHI,DISNEY+,"Jan. 16, 2022",160
SOUL (2020),DISNEY+,"Dec. 27, 2020","1,669"
SOUL (2020),DISNEY+,"Jan. 3, 2021","1,343"
SOUL (2020),DISNEY+,"Jan. 10, 2021",520
SOUL (2020),DISNEY+,"Jan. 17, 2021",302
SOUL (2020),DISNEY+,"Jan. 24, 2021",266
SOUL (2020),DISNEY+,"Jan. 31, 2021",200
SOUL (2020),DISNEY+,"Feb. 14, 2021",124
SOUL (2020),DISNEY+,"Apr. 25, 2021",88
SOUL (2020),DISNEY+,"May. 2, 2021",131
ELF,HBO MAX,"Nov. 27, 2022",299
ELF,HBO MAX,"Dec. 4, 2022",257
ELF,HBO MAX,"Dec. 11, 2022",284
ELF,HBO MAX,"Dec. 18, 2022",354
ELF,HBO MAX,"Dec. 25, 2022",836
ELF,HULU/MAX,"Nov. 26, 2023",664
ELF,HULU/MAX,"Dec. 3, 2023",437
ELF,HULU/MAX,"Dec. 10, 2023",443
ELF,HULU/MAX,"Dec. 17, 2023",435
ELF,HULU/MAX,"Dec. 24, 2023",862
ELF,HULU/MAX,"Dec. 31, 2023",412
HOW THE GRINCH STOLE CHRISTMAS,HBO MAX,"Dec. 4, 2022",269
HOW THE GRINCH STOLE CHRISTMAS,HBO MAX,"Dec. 11, 2022",324
HOW THE GRINCH STOLE CHRISTMAS,HBO MAX,"Dec. 18, 2022",429
HOW THE GRINCH STOLE CHRISTMAS,HBO MAX,"Dec. 25, 2022",864
WONDER WOMAN 1984,HBO MAX,"Dec. 27, 2020","2,252"
ELF,HULU,"Nov. 28, 2021",277
ELF,HULU,"Dec. 5, 2021",236
ELF,HULU,"Dec. 12, 2021",296
ELF,HULU,"Dec. 19, 2021",340
ELF,HULU,"Dec. 26, 2021",782
ELF,HULU/MAX,"Nov. 26, 2023",664
ELF,HULU/MAX,"Dec. 3, 2023",437
ELF,HULU/MAX,"Dec. 10, 2023",443
ELF,HULU/MAX,"Dec. 17, 2023",435
ELF,HULU/MAX,"Dec. 24, 2023",862
ELF,HULU/MAX,"Dec. 31, 2023",412
KILLERS (2010),HULU,"Jan. 17, 2021",106
NOMADLAND,HULU,"Feb. 21, 2021",139
NOMADLAND,HULU,"Feb. 28, 2021",97
THE CLOVEHITCH KILLER,HULU,"May. 9, 2021",132
THE CLOVEHITCH KILLER,HULU,"May. 16, 2021",125
UNITED STATES VS BILLIE,HULU,"Feb. 28, 2021",124
VACATION FRIENDS,HULU,"Aug. 29, 2021",275
VACATION FRIENDS,HULU,"Sep. 5, 2021",243
17 AGAIN,NETFLIX,"Jan. 3, 2021",155
17 AGAIN,NETFLIX,"Jan. 10, 2021",216
2 HEARTS,NETFLIX,"Jun. 6, 2021",230
2 HEARTS,NETFLIX,"Jun. 13, 2021",184
30 MINUTES OR LESS,NETFLIX,"Jan. 10, 2021",125
A BOY CALLED CHRISTMAS,NETFLIX,"Nov. 28, 2021",384
A BOY CALLED CHRISTMAS,NETFLIX,"Dec. 5, 2021",339
A BOY CALLED CHRISTMAS,NETFLIX,"Dec. 12, 2021",241
A BOY CALLED CHRISTMAS,NETFLIX,"Dec. 19, 2021",228
A CALIFORNIA CHRISTMAS,NETFLIX,"Dec. 20, 2020",581
A CALIFORNIA CHRISTMAS,NETFLIX,"Dec. 19, 2021",261
A CASTLE FOR CHRISTMAS,NETFLIX,"Nov. 28, 2021",299
A CASTLE FOR CHRISTMAS,NETFLIX,"Dec. 5, 2021",376
AFTERLIFE OF THE PARTY,NETFLIX,"Sep. 5, 2021",290
AFTERLIFE OF THE PARTY,NETFLIX,"Sep. 12, 2021",185
ALL ABOUT THE BENJAMINS,NETFLIX,"Feb. 7, 2021",135
AMERICAN GANGSTER,NETFLIX,"Nov. 7, 2021",144
AMERICAN ME,NETFLIX,"Apr. 25, 2021",132
AMERICAN MURDER,NETFLIX,"Oct. 4, 2020",778
AN UNFINISHED LIFE,NETFLIX,"Sep. 12, 2021",209
AN UNFINISHED LIFE,NETFLIX,"Sep. 19, 2021",253
ARMY OF THE DEAD,NETFLIX,"May. 23, 2021",913
ARMY OF THE DEAD,NETFLIX,"May. 30, 2021",786
ARMY OF THE DEAD,NETFLIX,"Jun. 6, 2021",250
ARMY OF THE DEAD,NETFLIX,"Jun. 13, 2021",117
ARMY OF THIEVES,NETFLIX,"Oct. 31, 2021",294
ARMY OF THIEVES,NETFLIX,"Nov. 7, 2021",456
BACK TO THE OUTBACK,NETFLIX,"Dec. 19, 2021",485
BACK TO THE OUTBACK,NETFLIX,"Jan. 2, 2022",275
BAD TRIP (2021),NETFLIX,"Mar. 28, 2021",308
BAD TRIP (2021),NETFLIX,"Apr. 4, 2021",344
BECKETT,NETFLIX,"Aug. 15, 2021",319
BECKETT,NETFLIX,"Aug. 22, 2021",270
BELOW ZERO,NETFLIX,"Jan. 31, 2021",237
BELOW ZERO,NETFLIX,"Feb. 7, 2021",163
BIGFOOT FAMILY,NETFLIX,"Feb. 28, 2021",335
BIGFOOT FAMILY,NETFLIX,"Mar. 7, 2021",363
BIGFOOT FAMILY,NETFLIX,"Mar. 14, 2021",185
BIGGIE: I GOT A STORY TO TELL,NETFLIX,"Mar. 7, 2021",203
BLACK WIDOW,NETFLIX,"Nov. 7, 2021",169
BLOOD RED SKY,NETFLIX,"Jul. 25, 2021",296
BLOOD RED SKY,NETFLIX,"Aug. 1, 2021",387
BLUE MIRACLE (2021),NETFLIX,"May. 30, 2021",338
BLUE MIRACLE (2021),NETFLIX,"Jun. 6, 2021",293
BOB ROSS: HAPPY ACCIDENTS,NETFLIX,"Aug. 29, 2021",263
BOSS BABY: BACK IN BUSINESS,NETFLIX,"Mar. 22, 2020","1,311"
BOSS BABY: BACK IN BUSINESS,NETFLIX,"Mar. 29, 2020",725
BOSS BABY: BACK IN BUSINESS,NETFLIX,"Nov. 22, 2020",509
BRITNEY VS SPEARS,NETFLIX,"Oct. 3, 2021",300
BRUISED,NETFLIX,"Nov. 28, 2021",654
BRUISED,NETFLIX,"Dec. 5, 2021",240
CHRISTMAS CHRONICLES 2,NETFLIX,"Nov. 29, 2020","1,518"
CHRISTMAS CHRONICLES 2,NETFLIX,"Dec. 6, 2020",639
CHRISTMAS CHRONICLES 2,NETFLIX,"Dec. 27, 2020",660
CONCRETE COWBOY,NETFLIX,"Apr. 4, 2021",190
CONCRETE COWBOY,NETFLIX,"Apr. 11, 2021",270
CONCRETE COWBOY,NETFLIX,"Apr. 18, 2021",115
DEAD MAN DOWN,NETFLIX,"May. 16, 2021",178
DEADLY ILLUSIONS,NETFLIX,"Mar. 21, 2021",279
DEADLY ILLUSIONS,NETFLIX,"Mar. 28, 2021",240
DOG GONE TROUBLE,NETFLIX,"May. 30, 2021",283
DOG GONE TROUBLE,NETFLIX,"Jun. 6, 2021",392
DOG GONE TROUBLE,NETFLIX,"Jun. 13, 2021",160
DOG GONE TROUBLE,NETFLIX,"Jun. 20, 2021",106
DON'T LOOK UP,NETFLIX,"Dec. 26, 2021",521
DON'T LOOK UP,NETFLIX,"Jan. 2, 2022","2,024"
DON'T LOOK UP,NETFLIX,"Jan. 9, 2022",807
DON'T LOOK UP,NETFLIX,"Jan. 16, 2022",440
DON'T LOOK UP,NETFLIX,"Jan. 23, 2022",278
DON'T LOOK UP,NETFLIX,"Jan. 30, 2022",165
ENOLA HOLMES,NETFLIX,"Sep. 27, 2020","1,165"
ENOLA HOLMES,NETFLIX,"Oct. 4, 2020",573
ENOLA HOLMES,NETFLIX,"Nov. 13, 2022",266
EXTINCT,NETFLIX,"Nov. 28, 2021",303
FATHER CHRISTMAS IS BACK,NETFLIX,"Nov. 14, 2021",174
FATHER WHO MOVES MOUNTAINS,NETFLIX,"Sep. 26, 2021",139
FATHERHOOD,NETFLIX,"Jun. 20, 2021",877
FATHERHOOD,NETFLIX,"Jun. 27, 2021",885
FATHERHOOD,NETFLIX,"Jul. 4, 2021",358
FATHERHOOD,NETFLIX,"Jul. 11, 2021",212
FEAR STREET PART 1: 1994,NETFLIX,"Jul. 4, 2021",248
FEAR STREET PART 1: 1994,NETFLIX,"Jul. 11, 2021",284
FEAR STREET PART 1: 1994,NETFLIX,"Jul. 18, 2021",199
FEAR STREET PART 2: 1978,NETFLIX,"Jul. 11, 2021",229
FEAR STREET PART 2: 1978,NETFLIX,"Jul. 18, 2021",259
FEAR STREET PART 3: 1666,NETFLIX,"Jul. 18, 2021",280
FINDING OHANA,NETFLIX,"Jan. 31, 2021",350
FINDING OHANA,NETFLIX,"Feb. 7, 2021",367
FINDING OHANA,NETFLIX,"Feb. 14, 2021",175
FINDING OHANA,NETFLIX,"Feb. 21, 2021",155
FIREDRAKE & SILVER DRAGON,NETFLIX,"Sep. 19, 2021",142
FRIENDS WITH BENEFITS,NETFLIX,"Apr. 11, 2021",142
GOING IN STYLE,NETFLIX,"Oct. 17, 2021",239
GOING IN STYLE,NETFLIX,"Oct. 24, 2021",210
GOOD BURGER,NETFLIX,"Jan. 17, 2021",117
GOOD ON PAPER,NETFLIX,"Jun. 27, 2021",279
GOOD ON PAPER,NETFLIX,"Jul. 4, 2021",190
GREEN ZONE,NETFLIX,"May. 2, 2021",135
GREEN ZONE,NETFLIX,"May. 9, 2021",208
GROWN UPS,NETFLIX,"Sep. 26, 2021",291
GROWN UPS,NETFLIX,"Oct. 3, 2021",211
GUNPOWDER MILKSHAKE,NETFLIX,"Jul. 18, 2021",543
GUNPOWDER MILKSHAKE,NETFLIX,"Jul. 25, 2021",290
HE'S ALL THAT,NETFLIX,"Aug. 29, 2021",326
HE'S ALL THAT,NETFLIX,"Sep. 5, 2021",287
HERE COMES THE BOOM,NETFLIX,"Nov. 28, 2021",240
HILLBILLY ELEGY,NETFLIX,"Nov. 29, 2020",787
HOCUS POCUS,NETFLIX,"Oct. 3, 2021",196
HOCUS POCUS,NETFLIX,"Oct. 16, 2022",243
HOLIDATE,NETFLIX,"Nov. 1, 2020",654
HOME (2015),NETFLIX,"May. 30, 2021",449
HOME (2015),NETFLIX,"Jun. 6, 2021",314
HOME (2015),NETFLIX,"Jun. 13, 2021",240
HOME (2015),NETFLIX,"Jun. 20, 2021",186
HOME (2015),NETFLIX,"Jun. 27, 2021",136
HOME (2015),NETFLIX,"Jul. 4, 2021",114
HOMEFRONT,NETFLIX,"Jan. 24, 2021",471
HOMEFRONT,NETFLIX,"Jan. 31, 2021",402
HOP,NETFLIX,"Apr. 4, 2021",217
HOP,NETFLIX,"Apr. 17, 2022",232
HOW THE GRINCH STOLE CHRISTMAS,NETFLIX,"Dec. 26, 2021",453
HOW THE GRINCH STOLE XMAS,NETFLIX,"Dec. 27, 2020",705
HUBIE HALLOWEEN,NETFLIX,"Oct. 11, 2020",969
HUBIE HALLOWEEN,NETFLIX,"Oct. 18, 2020",608
HYPNOTIC,NETFLIX,"Oct. 31, 2021",239
I AM ALL GIRLS,NETFLIX,"May. 16, 2021",104
I AM ALL GIRLS,NETFLIX,"May. 23, 2021",144
I CARE A LOT,NETFLIX,"Feb. 21, 2021",790
I CARE A LOT,NETFLIX,"Feb. 28, 2021",807
I CARE A LOT,NETFLIX,"Mar. 7, 2021",363
I CARE A LOT,NETFLIX,"Mar. 14, 2021",196
INTRUSION,NETFLIX,"Sep. 26, 2021",331
INTRUSION,NETFLIX,"Oct. 3, 2021",161
JIU JITSU (2021),NETFLIX,"Mar. 28, 2021",139
KATE,NETFLIX,"Sep. 12, 2021",428
KATE,NETFLIX,"Sep. 19, 2021",413
KATE,NETFLIX,"Sep. 26, 2021",147
KING ARTHUR: LEGEND OF SWORD,NETFLIX,"Oct. 31, 2021",324
KING ARTHUR: LEGEND OF SWORD,NETFLIX,"Nov. 7, 2021",130
KUNG FU PANDA,NETFLIX,"Jul. 11, 2021",224
LAST LOVER FROM YOUR LOVER,NETFLIX,"Aug. 1, 2021",167
LEGALLY BLONDE,NETFLIX,"Apr. 11, 2021",165
LOVE HAPPENS,NETFLIX,"May. 9, 2021",220
LOVE HARD,NETFLIX,"Nov. 7, 2021",455
LOVE HARD,NETFLIX,"Nov. 14, 2021",646
LOVE HARD,NETFLIX,"Nov. 21, 2021",294
MADAGASCAR 3,NETFLIX,"May. 2, 2021",115
MADAGASCAR 3,NETFLIX,"May. 9, 2021",244
MADAGASCAR 3,NETFLIX,"May. 16, 2021",146
MAJOR PAYNE,NETFLIX,"Aug. 8, 2021",267
MAJOR PAYNE,NETFLIX,"Aug. 15, 2021",335
MAJOR PAYNE,NETFLIX,"Aug. 22, 2021",122
MONSTER (2021),NETFLIX,"May. 16, 2021",102
MONSTERS VS. ALIENS,NETFLIX,"Jun. 6, 2021",135
MONSTERS VS. ALIENS,NETFLIX,"Jun. 13, 2021",127
MOXIE,NETFLIX,"Mar. 7, 2021",257
MOXIE,NETFLIX,"Mar. 14, 2021",158
MY LITTLE PONY: NEW GENERATION,NETFLIX,"Sep. 26, 2021",209
MY LITTLE PONY: NEW GENERATION,NETFLIX,"Oct. 3, 2021",393
MY LITTLE PONY: NEW GENERATION,NETFLIX,"Oct. 17, 2021",136
MY LITTLE PONY: NEXT GENERATION,NETFLIX,"Oct. 10, 2021",232
MY LITTLE PONY: NEXT GENERATION,NETFLIX,"Oct. 24, 2021",109
NIGHT TEETH,NETFLIX,"Oct. 24, 2021",188
NIGHT TEETH,NETFLIX,"Oct. 31, 2021",164
NIGHTBOOKS,NETFLIX,"Sep. 19, 2021",163
NO ESCAPE,NETFLIX,"Mar. 7, 2021",141
NO ONE GETS OUT ALIVE,NETFLIX,"Oct. 3, 2021",152
OCTONAUTS & THE RING OF FIRE,NETFLIX,"Apr. 4, 2021",176
OPERATION VARSITY BLUES,NETFLIX,"Mar. 21, 2021",291
OPERATION VARSITY BLUES,NETFLIX,"Mar. 28, 2021",227
OUTSIDE THE WIRE,NETFLIX,"Jan. 17, 2021",556
OUTSIDE THE WIRE,NETFLIX,"Jan. 24, 2021",553
OUTSIDE THE WIRE,NETFLIX,"Jan. 31, 2021",190
PARKER (2013),NETFLIX,"Mar. 14, 2021",345
PARKER (2013),NETFLIX,"Mar. 21, 2021",135
PASING,NETFLIX,"Nov. 14, 2021",236
PIECES OF A WOMAN,NETFLIX,"Jan. 10, 2021",190
POMS,NETFLIX,"Aug. 8, 2021",124
PREMONITION,NETFLIX,"Oct. 10, 2021",152
PROJECT POWER,NETFLIX,"Aug. 16, 2020",904
PROJECT POWER,NETFLIX,"Aug. 23, 2020",761
RANGO,NETFLIX,"Mar. 12, 2023",213
RED NOTICE,NETFLIX,"Nov. 14, 2021","1,843"
RED NOTICE,NETFLIX,"Nov. 21, 2021","1,710"
RED NOTICE,NETFLIX,"Nov. 28, 2021",954
RED NOTICE,NETFLIX,"Dec. 5, 2021",353
RED NOTICE,NETFLIX,"Dec. 12, 2021",280
RED NOTICE,NETFLIX,"Jan. 2, 2022",288
RED NOTICE,NETFLIX,"Jan. 16, 2022",143
REPLICAS,NETFLIX,"Nov. 7, 2021",173
RESORT TO LOVE,NETFLIX,"Aug. 1, 2021",176
RESORT TO LOVE,NETFLIX,"Aug. 8, 2021",213
RUROUNI KENSHIN: BEGINNING,NETFLIX,"Aug. 8, 2021",126
SABOTAGE (2014),NETFLIX,"May. 23, 2021",174
SABOTAGE (2014),NETFLIX,"May. 30, 2021",122
SAFE HAVEN,NETFLIX,"Mar. 14, 2021",140
SAFE HOUSE (2012),NETFLIX,"Sep. 19, 2021",355
SAFE HOUSE (2012),NETFLIX,"Sep. 26, 2021",223
SAS: RISE OF THE BLACK SWAN,NETFLIX,"Sep. 5, 2021",286
SAVAGES,NETFLIX,"Mar. 21, 2021",434
SAVAGES,NETFLIX,"Mar. 28, 2021",162
SAVING PRIVATE RYAN,NETFLIX,"Apr. 11, 2021",212
SAVING PRIVATE RYAN,NETFLIX,"Apr. 18, 2021",130
SCARFACE,NETFLIX,"May. 9, 2021",138
SCHOOL OF ROCK,NETFLIX,"Sep. 12, 2021",185
SEASPIRACY,NETFLIX,"Apr. 4, 2021",136
SECRET MAGIC CONTROL AGENCY,NETFLIX,"Mar. 28, 2021",201
SECRET MAGIC CONTROL AGENCY,NETFLIX,"Apr. 4, 2021",268
SINGLE ALL THE WAY,NETFLIX,"Dec. 5, 2021",235
SNIPER: GHOST SHOOTER,NETFLIX,"Apr. 11, 2021",209
SOMEONE INSIDE YOUR HOUSE,NETFLIX,"Oct. 10, 2021",207
SOMETHING BORROWED,NETFLIX,"Oct. 10, 2021",174
SPACE SWEEPERS,NETFLIX,"Feb. 14, 2021",140
SPENSER CONFIDENTIAL,NETFLIX,"Mar. 15, 2020","1,254"
SPENSER CONFIDENTIAL,NETFLIX,"Mar. 22, 2020",708
STOWAWAY,NETFLIX,"Apr. 25, 2021",359
STOWAWAY,NETFLIX,"May. 2, 2021",271
SWEET GIRL,NETFLIX,"Aug. 22, 2021",658
SWEET GIRL,NETFLIX,"Aug. 29, 2021",519
SYNCHRONIC,NETFLIX,"Apr. 18, 2021",250
SYNCHRONIC,NETFLIX,"Apr. 25, 2021",218
TALLADEGA NIGHTS,NETFLIX,"Jul. 11, 2021",204
THE CHRISTMAS CHRONICLES,NETFLIX,"Dec. 12, 2021",200
THE CHRISTMAS CHRONICLES,NETFLIX,"Dec. 19, 2021",206
THE CHRISTMAS CHRONICLES,NETFLIX,"Dec. 26, 2021",391
THE CONJURING 2,NETFLIX,"Feb. 28, 2021",184
THE CROODS,NETFLIX,"Jan. 3, 2021",185
THE CROODS,NETFLIX,"May. 7, 2023",274
THE CROODS,NETFLIX,"May. 14, 2023",312
THE CROODS,NETFLIX,"May. 21, 2023",232
THE CROODS,NETFLIX,"Jan. 7, 2024",424
THE CROODS,NETFLIX,"Jan. 14, 2024",458
THE DARK KNIGHT,NETFLIX,"Mar. 7, 2021",176
THE DARK KNIGHT,NETFLIX,"Mar. 14, 2021",157
THE DEVIL BELOW,NETFLIX,"Jun. 20, 2021",146
THE DIG (2021),NETFLIX,"Jan. 31, 2021",430
THE DIG (2021),NETFLIX,"Feb. 7, 2021",403
THE DIG (2021),NETFLIX,"Feb. 14, 2021",187
THE FORGOTTEN BATTLE,NETFLIX,"Oct. 17, 2021",195
THE FORGOTTEN BATTLE,NETFLIX,"Oct. 24, 2021",216
THE GUILTY,NETFLIX,"Oct. 3, 2021",469
THE GUILTY,NETFLIX,"Oct. 10, 2021",445
THE GUILTY,NETFLIX,"Oct. 17, 2021",155
THE HARDER THEY FALL,NETFLIX,"Nov. 7, 2021","1,190"
THE HARDER THEY FALL,NETFLIX,"Nov. 14, 2021",564
THE HARDER THEY FALL,NETFLIX,"Nov. 21, 2021",253
THE HOLIDAY,NETFLIX,"Oct. 10, 2021",154
THE ICE ROAD,NETFLIX,"Jun. 27, 2021",714
THE ICE ROAD,NETFLIX,"Jul. 4, 2021",553
THE ICE ROAD,NETFLIX,"Jul. 11, 2021",283
THE KISSING BOOTH 3,NETFLIX,"Aug. 15, 2021",451
THE KISSING BOOTH 3,NETFLIX,"Aug. 22, 2021",132
THE LAST BLOCKBUSTER,NETFLIX,"Mar. 21, 2021",133
THE LITTLE RASCALS,NETFLIX,"Apr. 11, 2021",145
THE LITTLE RASCALS,NETFLIX,"Apr. 18, 2021",153
THE LITTLE RASCALS,NETFLIX,"Apr. 25, 2021",95
THE LOSERS,NETFLIX,"Aug. 8, 2021",328
THE LOST HUSBAND,NETFLIX,"Aug. 16, 2020",667
THE LOUD HOUSE MOVIE,NETFLIX,"Aug. 22, 2021",166
THE LOUD HOUSE MOVIE,NETFLIX,"Aug. 29, 2021",213
THE MIDNIGHT SKY,NETFLIX,"Dec. 27, 2020","1,113"
THE MIDNIGHT SKY,NETFLIX,"Jan. 3, 2021",491
THE MITCHELLS VS THE MACHINES,NETFLIX,"May. 2, 2021",516
THE MITCHELLS VS THE MACHINES,NETFLIX,"May. 9, 2021",853
THE MITCHELLS VS THE MACHINES,NETFLIX,"May. 16, 2021",495
THE MITCHELLS VS THE MACHINES,NETFLIX,"May. 23, 2021",401
THE MITCHELLS VS THE MACHINES,NETFLIX,"May. 30, 2021",302
THE MITCHELLS VS THE MACHINES,NETFLIX,"Jun. 6, 2021",210
THE MITCHELLS VS THE MACHINES,NETFLIX,"Jun. 13, 2021",167
THE MITCHELLS VS THE MACHINES,NETFLIX,"Jun. 20, 2021",116
THE MITCHELLS VS THE MACHINES,NETFLIX,"Jun. 27, 2021",131
THE NET,NETFLIX,"Aug. 15, 2021",143
THE NEXT THREE DAYS,NETFLIX,"Jan. 31, 2021",646
THE NEXT THREE DAYS,NETFLIX,"Feb. 7, 2021",185
THE PAPER TIGERS,NETFLIX,"Aug. 15, 2021",131
THE POWER OF THE DOG,NETFLIX,"Dec. 5, 2021",470
THE POWER OF THE DOG,NETFLIX,"Dec. 12, 2021",209
THE PRINCESS SWITCH 3,NETFLIX,"Nov. 21, 2021",195
THE SANTA CLAUSE,NETFLIX,"Dec. 12, 2021",193
THE SANTA CLAUSE,NETFLIX,"Dec. 19, 2021",215
THE SANTA CLAUSE,NETFLIX,"Dec. 26, 2021",356
THE SHACK,NETFLIX,"Dec. 12, 2021",202
THE SHACK,NETFLIX,"Dec. 19, 2021",398
THE STAND-IN,NETFLIX,"Apr. 18, 2021",114
THE STARLING,NETFLIX,"Sep. 26, 2021",250
THE STARLING,NETFLIX,"Oct. 3, 2021",322
THE UNFORGIVABLE,NETFLIX,"Dec. 19, 2021",566
THE UNFORGIVABLE,NETFLIX,"Jan. 2, 2022",323
THE VANISHED,NETFLIX,"Jan. 24, 2021",406
THE VANISHED,NETFLIX,"Jan. 31, 2021",349
THE VANISHED,NETFLIX,"Feb. 7, 2021",195
THE WHITE TIGER,NETFLIX,"Jan. 24, 2021",188
THE WOMAN IN THE WINDOW,NETFLIX,"May. 16, 2021",500
THE WOMAN IN THE WINDOW,NETFLIX,"May. 23, 2021",456
THE WOMAN IN THE WINDOW,NETFLIX,"May. 30, 2021",162
THINGS HEARD & SEEN,NETFLIX,"May. 9, 2021",239
THINGS HEARD AND SEEN,NETFLIX,"May. 2, 2021",434
THUNDER FORCE,NETFLIX,"Apr. 11, 2021",950
THUNDER FORCE,NETFLIX,"Apr. 18, 2021",742
THUNDER FORCE,NETFLIX,"Apr. 25, 2021",318
THUNDER FORCE,NETFLIX,"May. 2, 2021",131
TITANIC,NETFLIX,"Oct. 10, 2021",349
TITANIC,NETFLIX,"Oct. 17, 2021",158
TITANIC,NETFLIX,"Oct. 24, 2021",117
TITANIC,NETFLIX,"Jun. 12, 2022",149
TITANIC,NETFLIX,"Jul. 9, 2023",421
TITANIC,NETFLIX,"Jul. 16, 2023",294
TO ALL THE BOYS,NETFLIX,"Feb. 14, 2021",320
TO ALL THE BOYS,NETFLIX,"Feb. 21, 2021",193
TROLLHUNTERS: RISE OF TITANS,NETFLIX,"Jul. 25, 2021",187
TWILIGHT,NETFLIX,"Aug. 1, 2021",155
TWILIGHT: BREAKING DAWN PT. 2,NETFLIX,"Jul. 25, 2021",198
TWILIGHT: ECLIPSE,NETFLIX,"Jul. 25, 2021",244
TWILIGHT: NEW MOON,NETFLIX,"Jul. 25, 2021",284
UNKNOWN,NETFLIX,"Jan. 3, 2021",307
UNKNOWN,NETFLIX,"Jan. 10, 2021",330
UNKNOWN,NETFLIX,"Jan. 17, 2021",100
VIVO,NETFLIX,"Aug. 8, 2021",493
VIVO,NETFLIX,"Aug. 15, 2021",802
VIVO,NETFLIX,"Aug. 22, 2021",475
VIVO,NETFLIX,"Aug. 29, 2021",276
VIVO,NETFLIX,"Sep. 5, 2021",219
VIVO,NETFLIX,"Sep. 19, 2021",144
WAR DOGS,NETFLIX,"Feb. 14, 2021",326
WAR DOGS,NETFLIX,"Feb. 21, 2021",134
WE CAN BE HEROES,NETFLIX,"Jan. 3, 2021",626
WE CAN BE HEROES,NETFLIX,"Jan. 10, 2021",353
WE CAN BE HEROES,NETFLIX,"Jan. 17, 2021",316
WE CAN BE HEROES,NETFLIX,"Jan. 24, 2021",213
WE CAN BE HEROES,NETFLIX,"Feb. 7, 2021",146
WELCOME HOME ROSCOE JENKINS,NETFLIX,"Sep. 5, 2021",211
WELCOME HOME ROSCOE JENKINS,NETFLIX,"Sep. 12, 2021",151
WHAT LIES BELOW (2020),NETFLIX,"Apr. 11, 2021",294
WHY DID YOU KILL ME,NETFLIX,"Apr. 18, 2021",253
WIND RIVER,NETFLIX,"Sep. 5, 2021",223
WIND RIVER,NETFLIX,"Sep. 12, 2021",189
WISH DRAGON,NETFLIX,"Jun. 13, 2021",366
WISH DRAGON,NETFLIX,"Jun. 20, 2021",530
WISH DRAGON,NETFLIX,"Jun. 27, 2021",346
WISH DRAGON,NETFLIX,"Jul. 4, 2021",204
WORTH,NETFLIX,"Sep. 12, 2021",237
YES DAY,NETFLIX,"Mar. 14, 2021",402
YES DAY,NETFLIX,"Mar. 21, 2021",593
YES DAY,NETFLIX,"Mar. 28, 2021",264
YES DAY,NETFLIX,"Apr. 4, 2021",118
YOUR HIGHNESS,NETFLIX,"May. 9, 2021",129
ALL THE OLD KNIVES,AMAZON,"Apr. 10, 2022",208
ALL THE OLD KNIVES,AMAZON,"Apr. 17, 2022",174
HALFTIME,AMAZON,"Jun. 19, 2022",237
HOTEL TRANSYLVANIA: TRANSFORMANIA,AMAZON,"Jan. 16, 2022",823
HOTEL TRANSYLVANIA: TRANSFORMANIA,AMAZON,"Jan. 23, 2022",595
HOTEL TRANSYLVANIA: TRANSFORMANIA,AMAZON,"Jan. 30, 2022",194
I WANT YOU BACK,AMAZON,"Feb. 13, 2022",149
NOPE,AMAZON,"Mar. 26, 2023",249
NOPE,AMAZON,"Apr. 2, 2023",167
SAMARITAN,AMAZON,"Aug. 28, 2022",567
SAMARITAN,AMAZON,"Sep. 4, 2022",378
SING 2,AMAZON,"Apr. 3, 2022",245
SING 2,AMAZON,"Apr. 10, 2022",226
SONIC THE HEDGEHOG,AMAZON,"Apr. 24, 2022",127
THIRTEEN LIVES,AMAZON,"Aug. 7, 2022",323
THIRTEEN LIVES,AMAZON,"Aug. 14, 2022",333
TOP GUN,AMA/NET,"May. 29, 2022",432
TOP GUN,AMA/NET,"Jun. 5, 2022",405
TOP GUN,AMAZON,"Jun. 12, 2022",244
TOP GUN,AMAZON,"Jun. 19, 2022",219
SPIRITED,APPLE TV+,"Nov. 27, 2022",444
BLACK PANTHER,DISNEY+,"Nov. 13, 2022",289
CHEAPER BY THE DOZEN,DISNEY+,"Mar. 20, 2022",242
CHEAPER BY THE DOZEN,DISNEY+,"Mar. 27, 2022",278
CHEAPER BY THE DOZEN,DISNEY+,"Apr. 3, 2022",139
CHIP 'N DALE: RESCUE RANGERS,DISNEY+,"May. 29, 2022",481
CHIP 'N DALE: RESCUE RANGERS,DISNEY+,"Jun. 5, 2022",231
DISENCHANTED,DISNEY+,"Nov. 20, 2022",612
DISENCHANTED,DISNEY+,"Nov. 27, 2022",565
DOCTOR STRANGE MULTIVERSE,DISNEY+,"Jun. 26, 2022","1,430"
DOCTOR STRANGE MULTIVERSE,DISNEY+,"Jul. 3, 2022",620
DOCTOR STRANGE MULTIVERSE,DISNEY+,"Jul. 10, 2022",362
DOCTOR STRANGE MULTIVERSE,DISNEY+,"Jul. 24, 2022",198
DOCTOR STRANGE MULTIVERSE,DISNEY+,"Jul. 31, 2022",161
ENTERNALS,DISNEY+,"Jan. 30, 2022",251
ETERNALS,DISNEY+,"Jan. 23, 2022",557
ETERNALS,DISNEY+,"Feb. 6, 2022",197
ETERNALS,DISNEY+,"Feb. 27, 2022",161
FREE GUY,DISNEY+,"Feb. 27, 2022","1,025"
FREE GUY,DISNEY+,"Mar. 6, 2022",487
FREE GUY,DISNEY+,"Mar. 13, 2022",263
HOCUS POCUS 2,DISNEY+,"Oct. 2, 2022","2,725"
HOCUS POCUS 2,DISNEY+,"Oct. 9, 2022","1,099"
HOCUS POCUS 2,DISNEY+,"Oct. 16, 2022",522
HOCUS POCUS 2,DISNEY+,"Oct. 23, 2022",386
HOCUS POCUS 2,DISNEY+,"Oct. 30, 2022",429
HOCUS POCUS 2,DISNEY+,"Nov. 6, 2022",282
ICE AGE: ADVENTURES OF BUCK WILD,DISNEY+,"Feb. 6, 2022",311
LIGHTYEAR,DISNEY+,"Aug. 7, 2022","1,306"
LIGHTYEAR,DISNEY+,"Aug. 14, 2022",700
LIGHTYEAR,DISNEY+,"Aug. 21, 2022",361
LIGHTYEAR,DISNEY+,"Aug. 28, 2022",251
LIGHTYEAR,DISNEY+,"Sep. 4, 2022",211
PINOCCHIO,DISNEY+,"Sep. 11, 2022",930
PINOCCHIO,DISNEY+,"Sep. 18, 2022",510
PINOCCHIO,DISNEY+,"Sep. 25, 2022",282
RON'S GONE WRONG,DISNEY+,"Jan. 2, 2022",378
RON'S GONE WRONG,DISNEY+,"Jan. 9, 2022",175
STRANGE WORLD,DISNEY+,"Dec. 25, 2022",527
STRANGE WORLD,DISNEY+,"Jan. 1, 2023",753
STRANGE WORLD,DISNEY+,"Jan. 8, 2023",433
STRANGE WORLD,DISNEY+,"Jan. 15, 2023",248
STRANGE WORLD,DISNEY+,"Jan. 22, 2023",200
THE ICE AGE ADVENTURES OF BUCK,DISNEY+,"Jan. 30, 2022",347
THOR: LOVE AND THUNDER,DISNEY+,"Sep. 11, 2022","1,500"
THOR: LOVE AND THUNDER,DISNEY+,"Sep. 18, 2022",621
THOR: LOVE AND THUNDER,DISNEY+,"Sep. 25, 2022",309
TURNING RED,DISNEY+,"Mar. 13, 2022","1,701"
TURNING RED,DISNEY+,"Mar. 20, 2022","1,675"
TURNING RED,DISNEY+,"Mar. 27, 2022",977
TURNING RED,DISNEY+,"Apr. 3, 2022",650
TURNING RED,DISNEY+,"Apr. 10, 2022",564
TURNING RED,DISNEY+,"Apr. 17, 2022",451
TURNING RED,DISNEY+,"Apr. 24, 2022",378
TURNING RED,DISNEY+,"May. 1, 2022",364
TURNING RED,DISNEY+,"May. 8, 2022",340
TURNING RED,DISNEY+,"May. 15, 2022",227
TURNING RED,DISNEY+,"May. 22, 2022",257
TURNING RED,DISNEY+,"Jun. 5, 2022",220
TURNING RED,DISNEY+,"Jun. 12, 2022",198
TURNING RED,DISNEY+,"Jun. 19, 2022",183
TURNING RED,DISNEY+,"Jul. 3, 2022",153
TURNING RED,DISNEY+,"Jul. 31, 2022",142
WEST SIDE STORY (2021),DISNEY+,"Mar. 6, 2022",313
WEST SIDE STORY (2021),DISNEY+,"Mar. 13, 2022",156
ZOMBIES 3,DISNEY+,"Jul. 17, 2022",332
ZOMBIES 3,DISNEY+,"Jul. 24, 2022",266
ZOMBIES 3,DISNEY+,"Jul. 31, 2022",139
A CHRISTMAS STORY,HBO MAX,"Dec. 25, 2022",525
BARBARIAN,HBO MAX,"Oct. 30, 2022",247
BLACK ADAM,HBO MAX,"Dec. 18, 2022",632
BLACK ADAM,HBO MAX,"Jan. 1, 2023",333
DC LEAGUE OF SUPER PETS,HBO MAX,"Oct. 2, 2022",408
DON'T WORRY DARLING,HBO MAX,"Nov. 13, 2022",290
ELVIS,HBO MAX,"Sep. 4, 2022",482
ELVIS,HBO MAX,"Sep. 11, 2022",400
ELVIS,HBO MAX,"Sep. 18, 2022",246
FANTASTIC BEASTS,HBO MAX,"Jun. 5, 2022",758
FANTASTIC BEASTS,HBO MAX,"Jun. 12, 2022",273
FANTASTIC BEASTS,HBO MAX,"Jun. 19, 2022",152
FATHER OF THE BRIDE,HBO MAX,"Jun. 19, 2022",273
NATIONAL LAMPOON'S CHRISTMAS,HBO MAX,"Dec. 25, 2022",580
RUSH HOUR,HBO MAX,"Oct. 9, 2022",269
THE BOB'S BURGERS MOVIE,HBO MAX,"Jul. 17, 2022",431
THE BOB'S BURGERS MOVIE,HBO MAX,"Jul. 24, 2022",183
THE DARK KNIGHT RISES,HBO MAX,"Jul. 10, 2022",243
DEEP WATER,HULU,"Mar. 20, 2022",206
DEEP WATER,HULU,"Mar. 27, 2022",229
DISAPPEARANCE AT CLIFTON HILL,HULU,"Jun. 5, 2022",307
HELLRAISER,HULU,"Oct. 9, 2022",248
LEAVE NO TRACE,HULU,"Jul. 10, 2022",226
PREY,HULU,"Aug. 7, 2022",585
PREY,HULU,"Aug. 14, 2022",480
PREY,HULU,"Aug. 21, 2022",212
TOP GUN,AMA/NET,"May. 29, 2022",432
TOP GUN,AMA/NET,"Jun. 5, 2022",405
TOWER HEIST,HULU,"Aug. 7, 2022",347
"10,000 BC",NETFLIX,"Jun. 12, 2022",131
12 STRONG,NETFLIX,"Jul. 17, 2022",477
365 DAYS: THIS DAY,NETFLIX,"May. 1, 2022",182
A JAZZMAN'S BLUES,NETFLIX,"Sep. 25, 2022",249
A JAZZMAN'S BLUES,NETFLIX,"Oct. 2, 2022",406
A MADEA HOMECOMING,NETFLIX,"Feb. 27, 2022","1,037"
A MADEA HOMECOMING,NETFLIX,"Mar. 6, 2022",746
A MADEA HOMECOMING,NETFLIX,"Mar. 13, 2022",256
A PERFECT PAIRING,NETFLIX,"May. 22, 2022",442
A PERFECT PAIRING,NETFLIX,"May. 29, 2022",307
A WALK AMONG THE TOMBSTONES,NETFLIX,"Mar. 20, 2022",420
A WALK AMONG THE TOMBSTONES,NETFLIX,"Mar. 27, 2022",289
AFTER WE FELL,NETFLIX,"Jan. 23, 2022",190
AGAINST THE ICE,NETFLIX,"Mar. 6, 2022",235
ALL QUIET ON THE WESTERN FRONT,NETFLIX,"Oct. 30, 2022",339
ALL QUIET ON THE WESTERN FRONT,NETFLIX,"Nov. 6, 2022",391
BACKTRACE,NETFLIX,"Jul. 3, 2022",171
BATTLESHIP (2012),NETFLIX,"Mar. 6, 2022",196
BEN IS BACK,NETFLIX,"May. 29, 2022",175
BLACK CRAB,NETFLIX,"Mar. 20, 2022",271
BLACK CRAB,NETFLIX,"Mar. 27, 2022",310
BLACKHAT,NETFLIX,"Feb. 20, 2022",253
BLACKHAT,NETFLIX,"Feb. 27, 2022",160
BLACKOUT,NETFLIX,"Oct. 16, 2022",264
BLACKOUT,NETFLIX,"Oct. 23, 2022",192
BLADE OF THE 47TH RONIN,NETFLIX,"Oct. 30, 2022",218
BLONDE,NETFLIX,"Oct. 2, 2022",603
BLONDE,NETFLIX,"Oct. 9, 2022",223
BORREGO,NETFLIX,"May. 22, 2022",247
BOSS BABY: BACK IN CRIB,NETFLIX,"May. 29, 2022",285
BRAZEN,NETFLIX,"Jan. 16, 2022",531
BRAZEN,NETFLIX,"Jan. 23, 2022",374
BULLET TRAIN,NETFLIX,"Dec. 4, 2022",701
BULLET TRAIN,NETFLIX,"Dec. 11, 2022","1,345"
BULLET TRAIN,NETFLIX,"Dec. 18, 2022",544
BULLET TRAIN,NETFLIX,"Jan. 1, 2023",409
CATCH AND RELEASE,NETFLIX,"Apr. 10, 2022",185
CATCH AND RELEASE,NETFLIX,"Apr. 17, 2022",182
CHARLIE AND THE CHOCOLATE FACTORY,NETFLIX,"Jan. 9, 2022",344
CHARLIE AND THE CHOCOLATE FACTORY,NETFLIX,"Jan. 16, 2022",208
CHICKENHARE AND HAMSTER,NETFLIX,"Jun. 19, 2022",348
CHICKENHARE AND HAMSTER,NETFLIX,"Jun. 26, 2022",182
CHIP 'N DALE: RESCUE RANGERS,NETFLIX,"May. 22, 2022",594
CHIPS,NETFLIX,"Jul. 17, 2022",300
CHIPS,NETFLIX,"Jul. 24, 2022",179
CHOOSE OR DIE,NETFLIX,"Apr. 17, 2022",170
CHOOSE OR DIE,NETFLIX,"Apr. 24, 2022",134
CLEANER,NETFLIX,"Apr. 17, 2022",260
CLEANER,NETFLIX,"Apr. 24, 2022",204
COACH CARTER,NETFLIX,"Mar. 13, 2022",163
COLLATERAL,NETFLIX,"Sep. 4, 2022",254
DARK SHADOWS,NETFLIX,"Jan. 9, 2022",198
DAY SHIFT,NETFLIX,"Aug. 14, 2022",982
DAY SHIFT,NETFLIX,"Aug. 21, 2022",957
DAY SHIFT,NETFLIX,"Aug. 28, 2022",322
DEN OF THIEVES,NETFLIX,"May. 8, 2022",169
DEN OF THIEVES,NETFLIX,"May. 15, 2022",177
DESPICABLE ME,NETFLIX,"Feb. 6, 2022",197
DESPICABLE ME,NETFLIX,"Feb. 13, 2022",253
DESPICABLE ME,NETFLIX,"Feb. 20, 2022",182
DESPICABLE ME,NETFLIX,"Aug. 20, 2023",194
DESPICABLE ME 2,NETFLIX,"Feb. 6, 2022",457
DESPICABLE ME 2,NETFLIX,"Feb. 13, 2022",361
DESPICABLE ME 2,NETFLIX,"Feb. 20, 2022",304
DESPICABLE ME 2,NETFLIX,"Feb. 27, 2022",240
DESPICABLE ME 2,NETFLIX,"Sep. 11, 2022",321
DESPICABLE ME 2,NETFLIX,"Sep. 18, 2022",306
DESPICABLE ME 2,NETFLIX,"Sep. 25, 2022",237
DESPICABLE ME 2,NETFLIX,"Aug. 13, 2023",443
DESPICABLE ME 2,NETFLIX,"Aug. 20, 2023",288
DESPICABLE ME 2,NETFLIX,"Sep. 3, 2023",271
DESPICABLE ME 2,NETFLIX,"Sep. 10, 2023",249
DO REVENGE,NETFLIX,"Sep. 18, 2022",274
DO REVENGE,NETFLIX,"Sep. 25, 2022",393
DRACULA UNTOLD,NETFLIX,"Oct. 23, 2022",197
EMILY THE CRIMINAL,NETFLIX,"Dec. 11, 2022",440
END OF THE ROAD,NETFLIX,"Sep. 11, 2022",598
END OF THE ROAD,NETFLIX,"Sep. 18, 2022",411
ENOLA HOLMES 2,NETFLIX,"Nov. 6, 2022",855
ENOLA HOLMES 2,NETFLIX,"Nov. 13, 2022",942
ENOLA HOLMES 2,NETFLIX,"Nov. 20, 2022",268
FALLING FOR CHRISTMAS,NETFLIX,"Nov. 13, 2022",636
FALLING FOR CHRISTMAS,NETFLIX,"Nov. 20, 2022",444
FALLING FOR CHRISTMAS,NETFLIX,"Nov. 27, 2022",350
FATHER STU,NETFLIX,"Sep. 18, 2022",260
FATHER STU,NETFLIX,"Sep. 25, 2022",717
FATHER STU,NETFLIX,"Oct. 2, 2022",312
FINAL SCORE,NETFLIX,"Jul. 10, 2022",238
FISTFUL OF VENGEANCE,NETFLIX,"Feb. 20, 2022",186
FLIGHT,NETFLIX,"Aug. 14, 2022",230
FORREST GUMP,NETFLIX,"May. 8, 2022",177
GIRL IN THE PICTURE,NETFLIX,"Jul. 10, 2022",537
GIRL IN THE PICTURE,NETFLIX,"Jul. 17, 2022",483
GLASS ONION,NETFLIX,"Dec. 25, 2022","2,225"
GLASS ONION,NETFLIX,"Jan. 1, 2023","2,886"
GLASS ONION,NETFLIX,"Jan. 8, 2023",935
GLASS ONION,NETFLIX,"Jan. 15, 2023",446
GLASS ONION,NETFLIX,"Jan. 22, 2023",284
GLASS ONION,NETFLIX,"Jan. 29, 2023",238
HAPPY GILMORE,NETFLIX,"May. 15, 2022",149
HOME TEAM,NETFLIX,"Jan. 30, 2022",443
HOME TEAM,NETFLIX,"Feb. 6, 2022",596
HOME TEAM,NETFLIX,"Feb. 13, 2022",180
HOTEL TRANSYLVANIA 2,NETFLIX,"Nov. 6, 2022",460
HOTEL TRANSYLVANIA 2,NETFLIX,"Nov. 13, 2022",328
HOW IT ENDS,NETFLIX,"Apr. 24, 2022",137
HOW IT ENDS,NETFLIX,"May. 1, 2022",144
HUSTLE,NETFLIX,"Jun. 12, 2022","1,218"
HUSTLE,NETFLIX,"Jun. 19, 2022",737
HUSTLE,NETFLIX,"Jun. 26, 2022",376
HUSTLE,NETFLIX,"Jul. 3, 2022",228
I AM VANESSA GUILLEN,NETFLIX,"Nov. 20, 2022",251
I BELIEVE IN SANTA,NETFLIX,"Dec. 18, 2022",366
I CAME BY,NETFLIX,"Sep. 4, 2022",325
INHERITANCE,NETFLIX,"Oct. 2, 2022",350
INHERITANCE,NETFLIX,"Oct. 9, 2022",332
INTERCEPTOR,NETFLIX,"Jun. 5, 2022",322
INTERCEPTOR,NETFLIX,"Jun. 12, 2022",413
IT,NETFLIX,"Jun. 26, 2022",314
JACKA-- 4.5,NETFLIX,"May. 29, 2022",257
JEXI,NETFLIX,"Oct. 9, 2022",228
JOURNEY 2: THE MYSTERIOUS ISLAND,NETFLIX,"Jan. 9, 2022",400
JUST GO WITH IT,NETFLIX,"Jan. 9, 2022",238
JUST GO WITH IT,NETFLIX,"Jan. 16, 2022",200
JUST LIKE HEAVEN,NETFLIX,"Mar. 6, 2022",328
KUNG FU PANDA 3,NETFLIX,"May. 1, 2022",106
KUNG FU PANDA 3,NETFLIX,"May. 8, 2022",215
LAST SEEN ALIVE,NETFLIX,"Oct. 2, 2022",377
LAST SEEN ALIVE,NETFLIX,"Oct. 9, 2022",747
LAST SEEN ALIVE,NETFLIX,"Oct. 16, 2022",249
LONDON HAS FALLEN,NETFLIX,"Mar. 20, 2022",199
LOOK BOTH WAYS,NETFLIX,"Aug. 21, 2022",617
LOOK BOTH WAYS,NETFLIX,"Aug. 28, 2022",375
LOU,NETFLIX,"Sep. 25, 2022",681
LOU,NETFLIX,"Oct. 2, 2022",802
LOVE & GELATO,NETFLIX,"Jun. 26, 2022",182
LOVE & GELATO,NETFLIX,"Jul. 3, 2022",177
LOVE IN THE VILLA,NETFLIX,"Sep. 4, 2022",502
LOVE IN THE VILLA,NETFLIX,"Sep. 11, 2022",334
LUCKIEST GIRL ALIVE,NETFLIX,"Oct. 9, 2022",647
LUCKIEST GIRL ALIVE,NETFLIX,"Oct. 16, 2022",696
LUCKIEST GIRL ALIVE,NETFLIX,"Oct. 23, 2022",252
MARMADUKE,NETFLIX,"May. 15, 2022",267
ME TIME,NETFLIX,"Aug. 28, 2022",971
ME TIME,NETFLIX,"Sep. 4, 2022",927
ME TIME,NETFLIX,"Sep. 11, 2022",418
MEAN GIRLS,NETFLIX,"Jul. 10, 2022",245
MEGAMIND,NETFLIX,"Oct. 16, 2022",247
MEN IN BLACK 3,NETFLIX,"Aug. 7, 2022",333
MILE 22,NETFLIX,"Nov. 13, 2022",262
MISSION: IMPOSSIBLE,NETFLIX,"Jun. 12, 2022",130
MORBIUS,NETFLIX,"Sep. 11, 2022",610
MORBIUS,NETFLIX,"Sep. 18, 2022",378
MR. HARRIGAN'S PHONE,NETFLIX,"Oct. 9, 2022",570
MR. HARRIGAN'S PHONE,NETFLIX,"Oct. 16, 2022",301
MUNICH: THE EDGE OF WAR,NETFLIX,"Jan. 30, 2022",200
MY NAME IS VENDETTA,NETFLIX,"Dec. 4, 2022",316
OBLIVION,NETFLIX,"Nov. 6, 2022",257
OPERATION MINCEMEAT,NETFLIX,"May. 15, 2022",343
OPERATION MINCEMEAT,NETFLIX,"May. 22, 2022",222
OUR FATHER,NETFLIX,"May. 15, 2022",450
OUR FATHER,NETFLIX,"May. 22, 2022",260
PERSUASION,NETFLIX,"Jul. 17, 2022",353
PERSUASION,NETFLIX,"Jul. 24, 2022",305
PINOCCHIO,NETFLIX,"Dec. 11, 2022",387
PINOCCHIO,NETFLIX,"Dec. 18, 2022",465
PRISONERS,NETFLIX,"Dec. 11, 2022",326
PRISONERS,NETFLIX,"Dec. 18, 2022",857
PURPLE HEARTS,NETFLIX,"Jul. 31, 2022",508
PURPLE HEARTS,NETFLIX,"Aug. 7, 2022",828
PURPLE HEARTS,NETFLIX,"Aug. 14, 2022",370
PURPLE HEARTS,NETFLIX,"Aug. 21, 2022",240
R.I.P.D. 2: RISE OF THE DAMNED,NETFLIX,"Nov. 20, 2022",478
RAMBO: LAST BLOOD,NETFLIX,"May. 8, 2022",224
RECURRENCE,NETFLIX,"Jul. 31, 2022",223
RESCUED BY RUBY,NETFLIX,"Mar. 20, 2022",306
RESCUED BY RUBY,NETFLIX,"Mar. 27, 2022",311
RIVERDANCE: ANIMATED ADVENTURE,NETFLIX,"Jan. 23, 2022",188
RRR,NETFLIX,"Jun. 5, 2022",188
RUNNING WITH THE DEVIL,NETFLIX,"Aug. 28, 2022",241
SCROOGE: A CHRISTMAS CAROL,NETFLIX,"Dec. 11, 2022",284
SENIOR YEAR,NETFLIX,"May. 15, 2022",797
SENIOR YEAR,NETFLIX,"May. 22, 2022",767
SENIOR YEAR,NETFLIX,"May. 29, 2022",316
SENIOR YEAR,NETFLIX,"Jun. 5, 2022",186
SHREK,NETFLIX,"Mar. 6, 2022",221
SHREK,NETFLIX,"Mar. 13, 2022",341
SHREK,NETFLIX,"Mar. 20, 2022",228
SHREK,NETFLIX,"Apr. 3, 2022",153
SHREK 2,NETFLIX,"Mar. 6, 2022",415
SHREK 2,NETFLIX,"Mar. 13, 2022",316
SHREK FOREVER AFTER,NETFLIX,"Apr. 3, 2022",242
SHREK FOREVER AFTER,NETFLIX,"Apr. 10, 2022",323
SILVERTON SIEGE,NETFLIX,"May. 1, 2022",117
SING 2,NETFLIX,"Jun. 26, 2022","1,267"
SING 2,NETFLIX,"Jul. 3, 2022","1,257"
SING 2,NETFLIX,"Jul. 10, 2022",839
SING 2,NETFLIX,"Jul. 17, 2022",632
SING 2,NETFLIX,"Jul. 24, 2022",490
SING 2,NETFLIX,"Jul. 31, 2022",471
SING 2,NETFLIX,"Aug. 7, 2022",386
SING 2,NETFLIX,"Aug. 14, 2022",316
SING 2,NETFLIX,"Aug. 21, 2022",328
SING 2,NETFLIX,"Aug. 28, 2022",281
SING 2,NETFLIX,"Sep. 4, 2022",259
SING 2,NETFLIX,"Sep. 18, 2022",250
SING 2,NETFLIX,"Sep. 25, 2022",223
SING 2,NETFLIX,"Oct. 16, 2022",227
SING 2,NETFLIX,"Oct. 23, 2022",216
SING 2,NETFLIX,"Nov. 13, 2022",238
SING 2,NETFLIX,"Jan. 29, 2023",184
SLUMBERLAND,NETFLIX,"Nov. 20, 2022",651
SLUMBERLAND,NETFLIX,"Nov. 27, 2022","1,057"
SLUMBERLAND,NETFLIX,"Dec. 4, 2022",333
SONIC THE HEDGEHOG,NETFLIX,"May. 29, 2022",162
SPIDERHEAD,NETFLIX,"Jun. 19, 2022",484
SPIDERHEAD,NETFLIX,"Jun. 26, 2022",491
ST. VINCENT,NETFLIX,"Feb. 20, 2022",411
ST. VINCENT,NETFLIX,"Feb. 27, 2022",233
STORKS,NETFLIX,"Dec. 11, 2022",372
STORKS,NETFLIX,"Dec. 18, 2022",295
TALL GIRL 2,NETFLIX,"Feb. 13, 2022",195
TALL GIRL 2,NETFLIX,"Feb. 20, 2022",172
TEXAS CHAINSAW MASSACRE (2022),NETFLIX,"Feb. 20, 2022",303
TEXAS CHAINSAW MASSACRE (2022),NETFLIX,"Feb. 27, 2022",197
THE ADAM PROJECT,NETFLIX,"Mar. 13, 2022","1,360"
THE ADAM PROJECT,NETFLIX,"Mar. 20, 2022","1,339"
THE ADAM PROJECT,NETFLIX,"Mar. 27, 2022","1,199"
THE ADAM PROJECT,NETFLIX,"Apr. 3, 2022",475
THE ADAM PROJECT,NETFLIX,"Apr. 10, 2022",191
THE ADAM PROJECT,NETFLIX,"Apr. 24, 2022",138
THE ADAM PROJECT,NETFLIX,"May. 1, 2022",96
THE AGE OF ADALINE,NETFLIX,"Aug. 7, 2022",378
THE AMAZING SPIDER-MAN,NETFLIX,"Jun. 5, 2022",478
THE AMAZING SPIDER-MAN,NETFLIX,"Jun. 12, 2022",302
THE AMAZING SPIDER-MAN,NETFLIX,"Jun. 19, 2022",165
THE BAD GUYS,NETFLIX,"Nov. 20, 2022",441
THE BAD GUYS,NETFLIX,"Nov. 27, 2022",420
THE BUBBLE,NETFLIX,"Apr. 3, 2022",283
THE BUBBLE,NETFLIX,"Apr. 10, 2022",196
THE CALL,NETFLIX,"Apr. 17, 2022",303
THE CHALK LINE,NETFLIX,"Oct. 30, 2022",200
THE COLONY,NETFLIX,"Jan. 16, 2022",301
THE CURSE OF BRIDGE HOLLOW,NETFLIX,"Oct. 16, 2022",544
THE CURSE OF BRIDGE HOLLOW,NETFLIX,"Oct. 23, 2022",514
THE CURSE OF BRIDGE HOLLOW,NETFLIX,"Oct. 30, 2022",203
THE GENTLEMEN,NETFLIX,"May. 8, 2022",305
THE GOOD NURSE,NETFLIX,"Oct. 30, 2022","1,008"
THE GOOD NURSE,NETFLIX,"Nov. 6, 2022",542
THE GOOD NURSE,NETFLIX,"Nov. 13, 2022",265
THE GRAY MAN,NETFLIX,"Jul. 24, 2022","1,438"
THE GRAY MAN,NETFLIX,"Jul. 31, 2022","1,362"
THE GRAY MAN,NETFLIX,"Aug. 7, 2022",561
THE GRAY MAN,NETFLIX,"Aug. 14, 2022",265
THE GRAY MAN,NETFLIX,"Aug. 21, 2022",233
THE GRAY MAN,NETFLIX,"Aug. 28, 2022",177
THE LOST DAUGHTER,NETFLIX,"Jan. 2, 2022",355
THE LOST DAUGHTER,NETFLIX,"Jan. 9, 2022",224
THE LUCKY ONE,NETFLIX,"Feb. 6, 2022",221
THE MAN FROM TORONTO,NETFLIX,"Jun. 26, 2022",948
THE MAN FROM TORONTO,NETFLIX,"Jul. 3, 2022",952
THE MAN FROM TORONTO,NETFLIX,"Jul. 10, 2022",386
THE MAN FROM TORONTO,NETFLIX,"Jul. 17, 2022",254
THE MIST,NETFLIX,"Jun. 26, 2022",285
THE MIST,NETFLIX,"Jul. 3, 2022",255
THE MUNSTERS,NETFLIX,"Oct. 2, 2022",359
THE MYSTERY OF MARILYN MONROE,NETFLIX,"May. 1, 2022",252
THE NOEL DIARY,NETFLIX,"Nov. 27, 2022",707
THE NOEL DIARY,NETFLIX,"Dec. 4, 2022",517
THE POISON ROSE,NETFLIX,"Sep. 11, 2022",280
THE PRIVILEGE,NETFLIX,"Feb. 13, 2022",163
THE ROYAL TREATMENT,NETFLIX,"Jan. 23, 2022",329
THE ROYAL TREATMENT,NETFLIX,"Jan. 30, 2022",231
THE SCHOOL FOR GOOD AND EVIL,NETFLIX,"Oct. 23, 2022","1,058"
THE SCHOOL FOR GOOD AND EVIL,NETFLIX,"Oct. 30, 2022",596
THE SCHOOL FOR GOOD AND EVIL,NETFLIX,"Nov. 6, 2022",256
THE SEA BEAST,NETFLIX,"Jul. 10, 2022",430
THE SEA BEAST,NETFLIX,"Jul. 17, 2022",920
THE SEA BEAST,NETFLIX,"Jul. 24, 2022",488
THE SEA BEAST,NETFLIX,"Jul. 31, 2022",321
THE SWIMMERS,NETFLIX,"Dec. 4, 2022",245
THE TAKEOVER,NETFLIX,"Nov. 6, 2022",252
THE TINDER SWINDLER,NETFLIX,"Feb. 6, 2022",405
THE TINDER SWINDLER,NETFLIX,"Feb. 13, 2022",480
THE TINDER SWINDLER,NETFLIX,"Feb. 20, 2022",334
THE TINDER SWINDLER,NETFLIX,"Feb. 27, 2022",202
THE TOWN,NETFLIX,"Jan. 9, 2022",238
THE VOLCANO: RESCUE FROM WHAKAARI,NETFLIX,"Dec. 25, 2022",561
THE WEEKEND AWAY,NETFLIX,"Mar. 6, 2022",345
THE WEEKEND AWAY,NETFLIX,"Mar. 13, 2022",220
THE WONDER,NETFLIX,"Nov. 20, 2022",272
THIS IS 40,NETFLIX,"Sep. 4, 2022",217
THIS IS 40,NETFLIX,"Sep. 11, 2022",286
THIS IS THE END,NETFLIX,"Sep. 25, 2022",212
TOP GUN,AMA/NET,"May. 29, 2022",432
TOP GUN,AMA/NET,"Jun. 5, 2022",405
TOSCANA,NETFLIX,"May. 22, 2022",168
TRANSFORMERS: REVENGE OF FALLENT,NETFLIX,"Feb. 6, 2022",271
TROLL,NETFLIX,"Dec. 4, 2022",880
TROLL,NETFLIX,"Dec. 11, 2022",517
TRUST NO ONE: HUNT FOR CRYPTO KING,NETFLIX,"Apr. 3, 2022",139
U.S. MARSHALS,NETFLIX,"May. 8, 2022",354
U.S. MARSHALS,NETFLIX,"May. 15, 2022",236
UNCHARTED,NETFLIX,"Aug. 7, 2022","1,014"
UNCHARTED,NETFLIX,"Aug. 14, 2022","1,185"
UNCHARTED,NETFLIX,"Aug. 21, 2022",446
UNCHARTED,NETFLIX,"Aug. 28, 2022",263
UNDER SUSPICION,NETFLIX,"Jan. 23, 2022",177
WAR OF THE WORLDS,NETFLIX,"May. 8, 2022",170
WEDDING SEASON,NETFLIX,"Aug. 14, 2022",234
WHERE THE CRAWDADS SING,NETFLIX,"Nov. 13, 2022",659
WHERE THE CRAWDADS SING,NETFLIX,"Nov. 20, 2022","1,092"
WHERE THE CRAWDADS SING,NETFLIX,"Nov. 27, 2022",591
WHITE HOT,NETFLIX,"Apr. 24, 2022",294
WILD CARD,NETFLIX,"Jul. 3, 2022",159
WINDFALL,NETFLIX,"Mar. 27, 2022",199
WITHOUT A PADDLE,NETFLIX,"Apr. 10, 2022",185
WITHOUT A PADDLE,NETFLIX,"Apr. 17, 2022",178
HALLOWEEN ENDS,PEACOCK,"Oct. 16, 2022",717
HALLOWEEN ENDS,PEACOCK,"Oct. 23, 2022",389
NOPE,PEACOCK,"Nov. 20, 2022",274
NOPE,PEACOCK,"Nov. 27, 2022",297
1923,PARAMOUNT+,"Mar. 5, 2023",560
BASED ON A TRUE STORY,PEACOCK,"Jun. 11, 2023",342
DR. DEATH,PEACOCK,"Dec. 24, 2023",302
DR. DEATH,PEACOCK,"Dec. 31, 2023",327
HALO,PARAMOUNT+,"Feb. 11, 2024",354
HALO,PARAMOUNT+,"Feb. 18, 2024",458
HALO,PARAMOUNT+,"Feb. 25, 2024",338
HIJACK,APPLE TV+,"Aug. 6, 2023",357
LAWMEN: BASS REEVES,PARAMOUNT+,"Nov. 12, 2023",290
MASTERS OF THE AIR,APPLE TV+,"Feb. 18, 2024",243
MASTERS OF THE AIR,APPLE TV+,"Feb. 25, 2024",271
POKER FACE,PEACOCK,"Jan. 29, 2023",547
POKER FACE,PEACOCK,"Feb. 5, 2023",641
POKER FACE,PEACOCK,"Feb. 12, 2023",372
POKER FACE,PEACOCK,"Feb. 19, 2023",422
POKER FACE,PEACOCK,"Feb. 26, 2023",423
SCHOOL SPIRITS,NET/PARA+,"Dec. 10, 2023",326
SCHOOL SPIRITS,NET/PARA+,"Dec. 17, 2023",425
SCHOOL SPIRITS,NET/PARA+,"Dec. 24, 2023",345
SCHOOL SPIRITS,NET/PARA+,"Dec. 31, 2023",282
SPECIAL OPS: LIONESS,PARAMOUNT+,"Sep. 3, 2023",363
SPECIAL OPS: LIONESS,PARAMOUNT+,"Sep. 10, 2023",342
STAR TREK: PICARD,PARAMOUNT+,"Mar. 19, 2023",310
STAR TREK: PICARD,PARAMOUNT+,"Apr. 16, 2023",276
STAR TREK: PICARD,PARAMOUNT+,"Apr. 23, 2023",400
STAR TREK: STRANGE NEW WORLDS,PARAMOUNT+,"Jun. 18, 2023",338
STAR TREK: STRANGE NEW WORLDS,PARAMOUNT+,"Jun. 25, 2023",393
STAR TREK: STRANGE NEW WORLDS,PARAMOUNT+,"Jul. 9, 2023",351
STAR TREK: STRANGE NEW WORLDS,PARAMOUNT+,"Jul. 23, 2023",324
STAR TREK: STRANGE NEW WORLDS,PARAMOUNT+,"Jul. 30, 2023",395
STAR TREK: STRANGE NEW WORLDS,PARAMOUNT+,"Aug. 6, 2023",362
STAR TREK: STRANGE NEW WORLDS,PARAMOUNT+,"Aug. 13, 2023",304
TED,PEACOCK,"Jan. 14, 2024",542
TED,PEACOCK,"Jan. 21, 2024",429
TED,PEACOCK,"Jan. 28, 2024",267
TED LASSO,APPLE TV+,"Sep. 26, 2021",509
TED LASSO,APPLE TV+,"Oct. 3, 2021",455
TED LASSO,APPLE TV+,"Oct. 10, 2021",507
TED LASSO,APPLE TV+,"Oct. 17, 2021",352
TED LASSO,APPLE TV+,"Oct. 24, 2021",291
TED LASSO,APPLE TV+,"Oct. 31, 2021",275
TED LASSO,APPLE TV+,"Nov. 7, 2021",310
TED LASSO,APPLE TV+,"Nov. 14, 2021",216
TED LASSO,APPLE TV+,"Mar. 19, 2023",539
TED LASSO,APPLE TV+,"Mar. 26, 2023",568
TED LASSO,APPLE TV+,"Apr. 2, 2023",570
TED LASSO,APPLE TV+,"Apr. 9, 2023",650
TED LASSO,APPLE TV+,"Apr. 16, 2023",614
TED LASSO,APPLE TV+,"Apr. 23, 2023",719
TED LASSO,APPLE TV+,"Apr. 30, 2023",795
TED LASSO,APPLE TV+,"May. 7, 2023",715
TED LASSO,APPLE TV+,"May. 14, 2023",670
TED LASSO,APPLE TV+,"May. 21, 2023",769
TED LASSO,APPLE TV+,"May. 28, 2023",769
TED LASSO,APPLE TV+,"Jun. 4, 2023","1,244"
TED LASSO,APPLE TV+,"Jun. 11, 2023",641
TED LASSO,APPLE TV+,"Jun. 18, 2023",529
TED LASSO,APPLE TV+,"Jun. 25, 2023",459
TED LASSO,APPLE TV+,"Jul. 9, 2023",417
THE BEST MAN: FINAL CHAPTERS,PEACOCK,"Dec. 25, 2022",762
THE BEST MAN: FINAL CHAPTERS,PEACOCK,"Jan. 1, 2023",735
THE MORNING SHOW,APPLE TV+,"Sep. 17, 2023",350
THE MORNING SHOW,APPLE TV+,"Sep. 24, 2023",422
THE MORNING SHOW,APPLE TV+,"Oct. 1, 2023",348
THE MORNING SHOW,APPLE TV+,"Oct. 22, 2023",290
THE MORNING SHOW,APPLE TV+,"Nov. 5, 2023",315
THE MORNING SHOW,APPLE TV+,"Nov. 12, 2023",373
THE TRAITORS,PEACOCK,"Jan. 21, 2024",402
THE TRAITORS,PEACOCK,"Jan. 28, 2024",249
THE TRAITORS,PEACOCK,"Feb. 4, 2024",290
THE TRAITORS,PEACOCK,"Feb. 11, 2024",246
TWISTED METAL,PEACOCK,"Aug. 6, 2023",326
ALEXANDER: THE MAKING OF A GOD,NETFLIX,"Feb. 4, 2024",435
AMERICAN CONSPIRACY,NETFLIX,"Mar. 3, 2024",513
AMERICAN CONSPIRACY,NETFLIX,"Mar. 10, 2024",327
AMERICAN NIGHTMARE,NETFLIX,"Jan. 21, 2024","1,118"
AMERICAN NIGHTMARE,NETFLIX,"Jan. 28, 2024",676
AMERICAN NIGHTMARE,NETFLIX,"Feb. 4, 2024",337
AVATAR: LAST AIRBENDER (2024),NETFLIX,"Feb. 25, 2024","2,557"
AVATAR: LAST AIRBENDER (2024),NETFLIX,"Mar. 3, 2024","1,935"
AVATAR: LAST AIRBENDER (2024),NETFLIX,"Mar. 10, 2024",950
BOY SWALLOWS UNIVERSE,NETFLIX,"Jan. 14, 2024",386
BOY SWALLOWS UNIVERSE,NETFLIX,"Jan. 21, 2024",431
DAVE CHAPPELLE: DREAMER,NETFLIX,"Jan. 7, 2024",376
FOOL ME ONCE,NETFLIX,"Jan. 7, 2024","3,036"
FOOL ME ONCE,NETFLIX,"Jan. 14, 2024","2,399"
FOOL ME ONCE,NETFLIX,"Jan. 21, 2024","1,063"
FOOL ME ONCE,NETFLIX,"Jan. 28, 2024",669
FOOL ME ONCE,NETFLIX,"Feb. 4, 2024",471
FOOL ME ONCE,NETFLIX,"Feb. 11, 2024",285
FORMULA 1: DRIVE TO SURVIVE,NETFLIX,"Feb. 25, 2024",337
FORMULA 1: DRIVE TO SURVIVE,NETFLIX,"Mar. 3, 2024",395
FURIES,NETFLIX,"Mar. 3, 2024",257
FURIES,NETFLIX,"Mar. 10, 2024",524
GRISELDA,NETFLIX,"Jan. 28, 2024","1,590"
GRISELDA,NETFLIX,"Feb. 4, 2024","1,727"
GRISELDA,NETFLIX,"Feb. 11, 2024",735
GRISELDA,NETFLIX,"Feb. 18, 2024",461
GRISELDA,NETFLIX,"Feb. 25, 2024",253
HOUSE OF NINJAS,NETFLIX,"Feb. 18, 2024",287
HOUSE OF NINJAS,NETFLIX,"Feb. 25, 2024",287
LOVE ON THE SPECTRUM U.S.,NETFLIX,"Jan. 28, 2024",574
LOVE ON THE SPECTRUM U.S.,NETFLIX,"Feb. 4, 2024",433
LUZ: LIGHT OF THE HEART,NETFLIX,"Feb. 18, 2024",233
ONE DAY,NETFLIX,"Feb. 11, 2024",296
ONE DAY,NETFLIX,"Feb. 18, 2024",460
ONE DAY,NETFLIX,"Feb. 25, 2024",454
ONE DAY,NETFLIX,"Mar. 3, 2024",334
THE BROTHERS SUN,NETFLIX,"Jan. 7, 2024",696
THE BROTHERS SUN,NETFLIX,"Jan. 14, 2024",960
THE BROTHERS SUN,NETFLIX,"Jan. 21, 2024",511
THE BROTHERS SUN,NETFLIX,"Jan. 28, 2024",410
THE GENTLEMEN,NETFLIX,"Mar. 10, 2024","1,205"
THE PROGRAM,NETFLIX,"Mar. 10, 2024",901
THE SIGNAL,NETFLIX,"Mar. 10, 2024",336
THE TOURIST,NETFLIX,"Feb. 11, 2024",253
THE TOURIST,NETFLIX,"Feb. 25, 2024",338
THE TOURIST,NETFLIX,"Mar. 3, 2024",505
THE TOURIST,NETFLIX,"Mar. 10, 2024",763
YOU ARE WHAT YOU EAT,NETFLIX,"Jan. 7, 2024",639
YOU ARE WHAT YOU EAT,NETFLIX,"Jan. 14, 2024",315
A LEAGUE OF THEIR OWN,AMAZON,"Aug. 14, 2022",326
A LEAGUE OF THEIR OWN,AMAZON,"Aug. 21, 2022",574
BOSCH,AMAZON,"Jun. 27, 2021",423
BOSCH,AMAZON,"Jul. 4, 2021",490
BOSCH,AMAZON,"Jul. 11, 2021",355
BOSCH,AMAZON,"Jul. 18, 2021",286
BOSCH,AMAZON,"Jul. 25, 2021",231
BOSCH,AMAZON,"Aug. 1, 2021",187
CITADEL,AMAZON,"May. 28, 2023",273
DAISY JONES & THE SIX,AMAZON,"Mar. 26, 2023",334
GEN V,AMAZON,"Oct. 1, 2023",374
GEN V,AMAZON,"Oct. 8, 2023",378
GEN V,AMAZON,"Oct. 15, 2023",290
GEN V,AMAZON,"Oct. 29, 2023",299
GOLIATH,AMAZON,"Oct. 3, 2021",359
GOOD OMENS,AMAZON,"Jul. 30, 2023",445
GOOD OMENS,AMAZON,"Aug. 6, 2023",436
HANNA,AMAZON,"Nov. 28, 2021",373
HUNTERS,AMAZON,"Mar. 15, 2020",612
HUNTERS,AMAZON,"Jan. 22, 2023",294
INVINCIBLE,AMAZON,"Apr. 4, 2021",139
INVINCIBLE,AMAZON,"May. 2, 2021",176
INVINCIBLE,AMAZON,"Nov. 19, 2023",245
INVINCIBLE,AMAZON,"Nov. 26, 2023",248
JACK RYAN,AMAZON,"Dec. 25, 2022","1,834"
JACK RYAN,AMAZON,"Jan. 1, 2023","1,665"
JACK RYAN,AMAZON,"Jan. 8, 2023",918
JACK RYAN,AMAZON,"Jan. 15, 2023",531
JACK RYAN,AMAZON,"Jan. 22, 2023",465
JACK RYAN,AMAZON,"Jan. 29, 2023",318
JACK RYAN,AMAZON,"Jul. 2, 2023",778
JACK RYAN,AMAZON,"Jul. 9, 2023",966
JACK RYAN,AMAZON,"Jul. 16, 2023","1,147"
JACK RYAN,AMAZON,"Jul. 23, 2023",700
JACK RYAN,AMAZON,"Jul. 30, 2023",505
JACK RYAN,AMAZON,"Aug. 6, 2023",346
LULARICH,AMAZON,"Sep. 19, 2021",242
MR. AND MRS. SMITH,AMAZON,"Feb. 4, 2024",964
MR. AND MRS. SMITH,AMAZON,"Feb. 11, 2024",765
MR. AND MRS. SMITH,AMAZON,"Feb. 18, 2024",416
MR. AND MRS. SMITH,AMAZON,"Feb. 25, 2024",310
NIGHT SKY,AMAZON,"May. 22, 2022",352
NIGHT SKY,AMAZON,"May. 29, 2022",440
NIGHT SKY,AMAZON,"Jun. 5, 2022",242
OUTER RANGE,AMAZON,"Apr. 17, 2022",281
OUTER RANGE,AMAZON,"Apr. 24, 2022",384
OUTER RANGE,AMAZON,"May. 1, 2022",343
OUTER RANGE,AMAZON,"May. 8, 2022",425
OUTER RANGE,AMAZON,"May. 15, 2022",292
PANIC (2021),AMAZON,"May. 30, 2021",192
PANIC (2021),AMAZON,"Jun. 6, 2021",195
REACHER,AMAZON,"Feb. 6, 2022","1,843"
REACHER,AMAZON,"Feb. 13, 2022","1,589"
REACHER,AMAZON,"Feb. 20, 2022",935
REACHER,AMAZON,"Feb. 27, 2022",687
REACHER,AMAZON,"Mar. 6, 2022",372
REACHER,AMAZON,"Mar. 13, 2022",337
REACHER,AMAZON,"Dec. 17, 2023","1,687"
REACHER,AMAZON,"Dec. 24, 2023","1,180"
REACHER,AMAZON,"Dec. 31, 2023",943
REACHER,AMAZON,"Jan. 7, 2024","1,376"
REACHER,AMAZON,"Jan. 14, 2024","1,058"
REACHER,AMAZON,"Jan. 21, 2024","1,231"
REACHER,AMAZON,"Jan. 28, 2024",741
REACHER,AMAZON,"Feb. 4, 2024",411
REACHER,AMAZON,"Feb. 11, 2024",314
REACHER,AMAZON,"Feb. 18, 2024",309
SHINY HAPPY PEOPLE,AMAZON,"Jun. 4, 2023",380
SHINY HAPPY PEOPLE,AMAZON,"Jun. 11, 2023",499
THE BOYS,AMAZON,"Sep. 6, 2020",891
THE BOYS,AMAZON,"Sep. 13, 2020","1,060"
THE BOYS,AMAZON,"Sep. 20, 2020",743
THE BOYS,AMAZON,"Sep. 27, 2020",703
THE BOYS,AMAZON,"Oct. 4, 2020",655
THE BOYS,AMAZON,"Oct. 11, 2020",752
THE BOYS,AMAZON,"Jun. 5, 2022",949
THE BOYS,AMAZON,"Jun. 12, 2022",919
THE BOYS,AMAZON,"Jun. 19, 2022",795
THE BOYS,AMAZON,"Jun. 26, 2022",712
THE BOYS,AMAZON,"Jul. 3, 2022",951
THE BOYS,AMAZON,"Jul. 10, 2022","1,086"
THE BOYS,AMAZON,"Jul. 17, 2022",828
THE BOYS,AMAZON,"Jul. 24, 2022",532
THE MARVELOUS MRS. MAISEL,AMAZON,"Feb. 20, 2022",499
THE MARVELOUS MRS. MAISEL,AMAZON,"Feb. 27, 2022",719
THE MARVELOUS MRS. MAISEL,AMAZON,"Mar. 6, 2022",682
THE MARVELOUS MRS. MAISEL,AMAZON,"Mar. 13, 2022",702
THE MARVELOUS MRS. MAISEL,AMAZON,"Mar. 20, 2022",482
THE MARVELOUS MRS. MAISEL,AMAZON,"Mar. 27, 2022",285
THE MARVELOUS MRS. MAISEL,AMAZON,"Apr. 3, 2022",242
THE MARVELOUS MRS. MAISEL,AMAZON,"Apr. 23, 2023",537
THE MARVELOUS MRS. MAISEL,AMAZON,"Apr. 30, 2023",457
THE MARVELOUS MRS. MAISEL,AMAZON,"May. 7, 2023",416
THE MARVELOUS MRS. MAISEL,AMAZON,"May. 14, 2023",447
THE MARVELOUS MRS. MAISEL,AMAZON,"May. 21, 2023",443
THE MARVELOUS MRS. MAISEL,AMAZON,"May. 28, 2023",483
THE MARVELOUS MRS. MAISEL,AMAZON,"Jun. 4, 2023",449
THE MARVELOUS MRS. MAISEL,AMAZON,"Jun. 11, 2023",277
THE OUTLAWS,AMAZON,"Apr. 10, 2022",240
THE PERIPHERAL,AMAZON,"Dec. 4, 2022",394
THE RINGS OF POWER,AMAZON,"Sep. 4, 2022","1,253"
THE RINGS OF POWER,AMAZON,"Sep. 11, 2022","1,203"
THE RINGS OF POWER,AMAZON,"Sep. 18, 2022",988
THE RINGS OF POWER,AMAZON,"Sep. 25, 2022",977
THE RINGS OF POWER,AMAZON,"Oct. 2, 2022",966
THE RINGS OF POWER,AMAZON,"Oct. 9, 2022",988
THE RINGS OF POWER,AMAZON,"Oct. 16, 2022","1,137"
THE RINGS OF POWER,AMAZON,"Oct. 23, 2022",570
THE SUMMER I TURNED PRETTY,AMAZON,"Jun. 26, 2022",376
THE SUMMER I TURNED PRETTY,AMAZON,"Jul. 16, 2023",525
THE SUMMER I TURNED PRETTY,AMAZON,"Jul. 23, 2023",493
THE SUMMER I TURNED PRETTY,AMAZON,"Jul. 30, 2023",396
THE SUMMER I TURNED PRETTY,AMAZON,"Aug. 6, 2023",399
THE SUMMER I TURNED PRETTY,AMAZON,"Aug. 13, 2023",457
THE SUMMER I TURNED PRETTY,AMAZON,"Aug. 20, 2023",403
THE TERMINAL LIST,AMAZON,"Jul. 3, 2022","1,106"
THE TERMINAL LIST,AMAZON,"Jul. 10, 2022","1,560"
THE TERMINAL LIST,AMAZON,"Jul. 17, 2022",887
THE TERMINAL LIST,AMAZON,"Jul. 24, 2022",532
THE TERMINAL LIST,AMAZON,"Jul. 31, 2022",427
THE UNDERGROUND RAILROAD,AMAZON,"May. 16, 2021",263
THE WHEEL OF TIME,AMAZON,"Nov. 21, 2021","1,163"
THE WHEEL OF TIME,AMAZON,"Nov. 28, 2021",663
THE WHEEL OF TIME,AMAZON,"Dec. 5, 2021",537
THE WHEEL OF TIME,AMAZON,"Dec. 12, 2021",509
THE WHEEL OF TIME,AMAZON,"Dec. 19, 2021",467
THE WHEEL OF TIME,AMAZON,"Dec. 26, 2021",638
THE WHEEL OF TIME,AMAZON,"Jan. 2, 2022",630
THE WHEEL OF TIME,AMAZON,"Jan. 9, 2022",300
THE WHEEL OF TIME,AMAZON,"Sep. 3, 2023",515
THE WHEEL OF TIME,AMAZON,"Sep. 10, 2023",515
THE WHEEL OF TIME,AMAZON,"Sep. 17, 2023",423
THE WHEEL OF TIME,AMAZON,"Sep. 24, 2023",531
THE WHEEL OF TIME,AMAZON,"Oct. 1, 2023",416
THE WHEEL OF TIME,AMAZON,"Oct. 8, 2023",430
THE WILDS,AMAZON,"May. 8, 2022",262
THEM (2021),AMAZON,"Apr. 11, 2021",439
THEM (2021),AMAZON,"Apr. 18, 2021",670
THEM (2021),AMAZON,"Apr. 25, 2021",284
UPLOAD,AMAZON,"Mar. 13, 2022",441
UPLOAD,AMAZON,"Mar. 20, 2022",359
A LEAGUE OF THEIR OWN,AMAZON,"Aug. 14, 2022",326
A LEAGUE OF THEIR OWN,AMAZON,"Aug. 21, 2022",574
BOSCH,AMAZON,"Jun. 27, 2021",423
BOSCH,AMAZON,"Jul. 4, 2021",490
BOSCH,AMAZON,"Jul. 11, 2021",355
BOSCH,AMAZON,"Jul. 18, 2021",286
BOSCH,AMAZON,"Jul. 25, 2021",231
BOSCH,AMAZON,"Aug. 1, 2021",187
CITADEL,AMAZON,"May. 28, 2023",273
DAISY JONES & THE SIX,AMAZON,"Mar. 26, 2023",334
GEN V,AMAZON,"Oct. 1, 2023",374
GEN V,AMAZON,"Oct. 8, 2023",378
GEN V,AMAZON,"Oct. 15, 2023",290
GEN V,AMAZON,"Oct. 29, 2023",299
GOLIATH,AMAZON,"Oct. 3, 2021",359
GOOD OMENS,AMAZON,"Jul. 30, 2023",445
GOOD OMENS,AMAZON,"Aug. 6, 2023",436
HANNA,AMAZON,"Nov. 28, 2021",373
HUNTERS,AMAZON,"Mar. 15, 2020",612
HUNTERS,AMAZON,"Jan. 22, 2023",294
INVINCIBLE,AMAZON,"Apr. 4, 2021",139
INVINCIBLE,AMAZON,"May. 2, 2021",176
INVINCIBLE,AMAZON,"Nov. 19, 2023",245
INVINCIBLE,AMAZON,"Nov. 26, 2023",248
JACK RYAN,AMAZON,"Dec. 25, 2022","1,834"
JACK RYAN,AMAZON,"Jan. 1, 2023","1,665"
JACK RYAN,AMAZON,"Jan. 8, 2023",918
JACK RYAN,AMAZON,"Jan. 15, 2023",531
JACK RYAN,AMAZON,"Jan. 22, 2023",465
JACK RYAN,AMAZON,"Jan. 29, 2023",318
JACK RYAN,AMAZON,"Jul. 2, 2023",778
JACK RYAN,AMAZON,"Jul. 9, 2023",966
JACK RYAN,AMAZON,"Jul. 16, 2023","1,147"
JACK RYAN,AMAZON,"Jul. 23, 2023",700
JACK RYAN,AMAZON,"Jul. 30, 2023",505
JACK RYAN,AMAZON,"Aug. 6, 2023",346
LULARICH,AMAZON,"Sep. 19, 2021",242
MR. AND MRS. SMITH,AMAZON,"Feb. 4, 2024",964
MR. AND MRS. SMITH,AMAZON,"Feb. 11, 2024",765
MR. AND MRS. SMITH,AMAZON,"Feb. 18, 2024",416
MR. AND MRS. SMITH,AMAZON,"Feb. 25, 2024",310
NIGHT SKY,AMAZON,"May. 22, 2022",352
NIGHT SKY,AMAZON,"May. 29, 2022",440
NIGHT SKY,AMAZON,"Jun. 5, 2022",242
OUTER RANGE,AMAZON,"Apr. 17, 2022",281
OUTER RANGE,AMAZON,"Apr. 24, 2022",384
OUTER RANGE,AMAZON,"May. 1, 2022",343
OUTER RANGE,AMAZON,"May. 8, 2022",425
OUTER RANGE,AMAZON,"May. 15, 2022",292
PANIC (2021),AMAZON,"May. 30, 2021",192
PANIC (2021),AMAZON,"Jun. 6, 2021",195
REACHER,AMAZON,"Feb. 6, 2022","1,843"
REACHER,AMAZON,"Feb. 13, 2022","1,589"
REACHER,AMAZON,"Feb. 20, 2022",935
REACHER,AMAZON,"Feb. 27, 2022",687
REACHER,AMAZON,"Mar. 6, 2022",372
REACHER,AMAZON,"Mar. 13, 2022",337
REACHER,AMAZON,"Dec. 17, 2023","1,687"
REACHER,AMAZON,"Dec. 24, 2023","1,180"
REACHER,AMAZON,"Dec. 31, 2023",943
REACHER,AMAZON,"Jan. 7, 2024","1,376"
REACHER,AMAZON,"Jan. 14, 2024","1,058"
REACHER,AMAZON,"Jan. 21, 2024","1,231"
REACHER,AMAZON,"Jan. 28, 2024",741
REACHER,AMAZON,"Feb. 4, 2024",411
REACHER,AMAZON,"Feb. 11, 2024",314
REACHER,AMAZON,"Feb. 18, 2024",309
SHINY HAPPY PEOPLE,AMAZON,"Jun. 4, 2023",380
SHINY HAPPY PEOPLE,AMAZON,"Jun. 11, 2023",499
THE BOYS,AMAZON,"Sep. 6, 2020",891
THE BOYS,AMAZON,"Sep. 13, 2020","1,060"
THE BOYS,AMAZON,"Sep. 20, 2020",743
THE BOYS,AMAZON,"Sep. 27, 2020",703
THE BOYS,AMAZON,"Oct. 4, 2020",655
THE BOYS,AMAZON,"Oct. 11, 2020",752
THE BOYS,AMAZON,"Jun. 5, 2022",949
THE BOYS,AMAZON,"Jun. 12, 2022",919
THE BOYS,AMAZON,"Jun. 19, 2022",795
THE BOYS,AMAZON,"Jun. 26, 2022",712
THE BOYS,AMAZON,"Jul. 3, 2022",951
THE BOYS,AMAZON,"Jul. 10, 2022","1,086"
THE BOYS,AMAZON,"Jul. 17, 2022",828
THE BOYS,AMAZON,"Jul. 24, 2022",532
THE MARVELOUS MRS. MAISEL,AMAZON,"Feb. 20, 2022",499
THE MARVELOUS MRS. MAISEL,AMAZON,"Feb. 27, 2022",719
THE MARVELOUS MRS. MAISEL,AMAZON,"Mar. 6, 2022",682
THE MARVELOUS MRS. MAISEL,AMAZON,"Mar. 13, 2022",702
THE MARVELOUS MRS. MAISEL,AMAZON,"Mar. 20, 2022",482
THE MARVELOUS MRS. MAISEL,AMAZON,"Mar. 27, 2022",285
THE MARVELOUS MRS. MAISEL,AMAZON,"Apr. 3, 2022",242
THE MARVELOUS MRS. MAISEL,AMAZON,"Apr. 23, 2023",537
THE MARVELOUS MRS. MAISEL,AMAZON,"Apr. 30, 2023",457
THE MARVELOUS MRS. MAISEL,AMAZON,"May. 7, 2023",416
THE MARVELOUS MRS. MAISEL,AMAZON,"May. 14, 2023",447
THE MARVELOUS MRS. MAISEL,AMAZON,"May. 21, 2023",443
THE MARVELOUS MRS. MAISEL,AMAZON,"May. 28, 2023",483
THE MARVELOUS MRS. MAISEL,AMAZON,"Jun. 4, 2023",449
THE MARVELOUS MRS. MAISEL,AMAZON,"Jun. 11, 2023",277
THE OUTLAWS,AMAZON,"Apr. 10, 2022",240
THE PERIPHERAL,AMAZON,"Dec. 4, 2022",394
THE RINGS OF POWER,AMAZON,"Sep. 4, 2022","1,253"
THE RINGS OF POWER,AMAZON,"Sep. 11, 2022","1,203"
THE RINGS OF POWER,AMAZON,"Sep. 18, 2022",988
THE RINGS OF POWER,AMAZON,"Sep. 25, 2022",977
THE RINGS OF POWER,AMAZON,"Oct. 2, 2022",966
THE RINGS OF POWER,AMAZON,"Oct. 9, 2022",988
THE RINGS OF POWER,AMAZON,"Oct. 16, 2022","1,137"
THE RINGS OF POWER,AMAZON,"Oct. 23, 2022",570
THE SUMMER I TURNED PRETTY,AMAZON,"Jun. 26, 2022",376
THE SUMMER I TURNED PRETTY,AMAZON,"Jul. 16, 2023",525
THE SUMMER I TURNED PRETTY,AMAZON,"Jul. 23, 2023",493
THE SUMMER I TURNED PRETTY,AMAZON,"Jul. 30, 2023",396
THE SUMMER I TURNED PRETTY,AMAZON,"Aug. 6, 2023",399
THE SUMMER I TURNED PRETTY,AMAZON,"Aug. 13, 2023",457
THE SUMMER I TURNED PRETTY,AMAZON,"Aug. 20, 2023",403
THE TERMINAL LIST,AMAZON,"Jul. 3, 2022","1,106"
THE TERMINAL LIST,AMAZON,"Jul. 10, 2022","1,560"
THE TERMINAL LIST,AMAZON,"Jul. 17, 2022",887
THE TERMINAL LIST,AMAZON,"Jul. 24, 2022",532
THE TERMINAL LIST,AMAZON,"Jul. 31, 2022",427
THE UNDERGROUND RAILROAD,AMAZON,"May. 16, 2021",263
THE WHEEL OF TIME,AMAZON,"Nov. 21, 2021","1,163"
THE WHEEL OF TIME,AMAZON,"Nov. 28, 2021",663
THE WHEEL OF TIME,AMAZON,"Dec. 5, 2021",537
THE WHEEL OF TIME,AMAZON,"Dec. 12, 2021",509
THE WHEEL OF TIME,AMAZON,"Dec. 19, 2021",467
THE WHEEL OF TIME,AMAZON,"Dec. 26, 2021",638
THE WHEEL OF TIME,AMAZON,"Jan. 2, 2022",630
THE WHEEL OF TIME,AMAZON,"Jan. 9, 2022",300
THE WHEEL OF TIME,AMAZON,"Sep. 3, 2023",515
THE WHEEL OF TIME,AMAZON,"Sep. 10, 2023",515
THE WHEEL OF TIME,AMAZON,"Sep. 17, 2023",423
THE WHEEL OF TIME,AMAZON,"Sep. 24, 2023",531
THE WHEEL OF TIME,AMAZON,"Oct. 1, 2023",416
THE WHEEL OF TIME,AMAZON,"Oct. 8, 2023",430
THE WILDS,AMAZON,"May. 8, 2022",262
THEM (2021),AMAZON,"Apr. 11, 2021",439
THEM (2021),AMAZON,"Apr. 18, 2021",670
THEM (2021),AMAZON,"Apr. 25, 2021",284
UPLOAD,AMAZON,"Mar. 13, 2022",441
UPLOAD,AMAZON,"Mar. 20, 2022",359
ALL AMERICAN,NETFLIX,"Mar. 22, 2020","1,784"
ALL AMERICAN,NETFLIX,"Mar. 29, 2020","1,807"
ALL AMERICAN,NETFLIX,"Aug. 1, 2021","1,433"
ALL AMERICAN,NETFLIX,"Aug. 8, 2021","1,157"
ALL AMERICAN,NETFLIX,"Aug. 15, 2021",883
ALL AMERICAN,NETFLIX,"Aug. 22, 2021",643
ALL AMERICAN,NETFLIX,"Aug. 29, 2021",448
ALL AMERICAN,NETFLIX,"Sep. 5, 2021",380
ALL AMERICAN,NETFLIX,"Jun. 5, 2022","1,253"
ALL AMERICAN,NETFLIX,"Jun. 12, 2022","1,149"
ALL AMERICAN,NETFLIX,"Jun. 19, 2022",767
ALL AMERICAN,NETFLIX,"Jun. 26, 2022",560
ALL AMERICAN,NETFLIX,"Jul. 3, 2022",432
ALL AMERICAN,NETFLIX,"Jul. 10, 2022",406
ALL AMERICAN,NETFLIX,"May. 28, 2023",893
ALL AMERICAN,NETFLIX,"Jun. 4, 2023",922
ALL AMERICAN,NETFLIX,"Jun. 11, 2023",625
ALL AMERICAN,NETFLIX,"Jun. 25, 2023",524
ALONE,HULU/NET,"Jul. 10, 2022",577
ALONE,HULU/NET,"Jul. 17, 2022",818
ALONE,HULU/NET,"Jul. 24, 2022",745
ALONE,HULU/NET,"Jul. 31, 2022",468
ALONE,HULU/NET,"Aug. 7, 2022",370
AVATAR: THE LAST AIRBENDER,NETFLIX,"May. 24, 2020","1,933"
AVATAR: THE LAST AIRBENDER,NETFLIX,"May. 31, 2020","1,649"
BALLERS,MAX/NET,"Aug. 20, 2023",696
BALLERS,MAX/NET,"Aug. 27, 2023",656
BAND OF BROTHERS,MAX/NET,"Sep. 24, 2023",559
BETTER CALL SAUL,NETFLIX,"Apr. 10, 2022",915
BETTER CALL SAUL,NETFLIX,"Apr. 17, 2022",950
BETTER CALL SAUL,NETFLIX,"Apr. 24, 2022",821
BETTER CALL SAUL,NETFLIX,"May. 1, 2022",568
BETTER CALL SAUL,NETFLIX,"May. 8, 2022",379
BETTER CALL SAUL,NETFLIX,"May. 15, 2022",311
BETTER CALL SAUL,NETFLIX,"Apr. 23, 2023",927
BETTER CALL SAUL,NETFLIX,"Apr. 30, 2023",968
BETTER CALL SAUL,NETFLIX,"May. 7, 2023",673
BETTER CALL SAUL,NETFLIX,"May. 14, 2023",542
BIG TIME RUSH,NETFLIX,"Apr. 4, 2021",248
BLACK LIGHTNING,NETFLIX,"Jun. 27, 2021",278
BLUEY,DISNEY+,"Dec. 5, 2021",289
BLUEY,DISNEY+,"Dec. 12, 2021",304
BLUEY,DISNEY+,"Dec. 19, 2021",286
BLUEY,DISNEY+,"Dec. 26, 2021",312
BLUEY,DISNEY+,"Jan. 2, 2022",328
BLUEY,DISNEY+,"Jan. 16, 2022",325
BLUEY,DISNEY+,"Jan. 23, 2022",385
BLUEY,DISNEY+,"Jan. 30, 2022",343
BLUEY,DISNEY+,"Feb. 6, 2022",310
BLUEY,DISNEY+,"Feb. 20, 2022",298
BLUEY,DISNEY+,"Feb. 27, 2022",304
BLUEY,DISNEY+,"Mar. 6, 2022",316
BLUEY,DISNEY+,"Mar. 13, 2022",312
BLUEY,DISNEY+,"Mar. 20, 2022",275
BLUEY,DISNEY+,"Mar. 27, 2022",316
BLUEY,DISNEY+,"Apr. 3, 2022",351
BLUEY,DISNEY+,"Apr. 10, 2022",326
BLUEY,DISNEY+,"Apr. 17, 2022",321
BLUEY,DISNEY+,"Jun. 12, 2022",306
BLUEY,DISNEY+,"Jun. 26, 2022",345
BLUEY,DISNEY+,"Aug. 14, 2022",917
BLUEY,DISNEY+,"Aug. 21, 2022",681
BLUEY,DISNEY+,"Aug. 28, 2022",615
BLUEY,DISNEY+,"Sep. 4, 2022",581
BLUEY,DISNEY+,"Sep. 11, 2022",524
BLUEY,DISNEY+,"Sep. 18, 2022",503
BLUEY,DISNEY+,"Sep. 25, 2022",518
BLUEY,DISNEY+,"Oct. 9, 2022",411
BLUEY,DISNEY+,"Oct. 16, 2022",423
BLUEY,DISNEY+,"Oct. 23, 2022",493
BLUEY,DISNEY+,"Oct. 30, 2022",517
BLUEY,DISNEY+,"Nov. 6, 2022",566
BLUEY,DISNEY+,"Nov. 13, 2022",687
BLUEY,DISNEY+,"Nov. 20, 2022",534
BLUEY,DISNEY+,"Nov. 27, 2022",630
BLUEY,DISNEY+,"Dec. 4, 2022",535
BLUEY,DISNEY+,"Dec. 11, 2022",546
BLUEY,DISNEY+,"Dec. 18, 2022",583
BLUEY,DISNEY+,"Dec. 25, 2022",624
BLUEY,DISNEY+,"Jan. 1, 2023",741
BLUEY,DISNEY+,"Jan. 8, 2023",705
BLUEY,DISNEY+,"Jan. 15, 2023",646
BLUEY,NETFLIX,"Jan. 22, 2023",695
BLUEY,DISNEY+,"Jan. 29, 2023",628
BLUEY,DISNEY+,"Feb. 5, 2023",642
BLUEY,DISNEY+,"Feb. 12, 2023",637
BLUEY,DISNEY+,"Feb. 19, 2023",734
BLUEY,DISNEY+,"Feb. 26, 2023",789
BLUEY,DISNEY+,"Mar. 5, 2023",736
BLUEY,DISNEY+,"Mar. 12, 2023",705
BLUEY,DISNEY+,"Mar. 19, 2023",749
BLUEY,DISNEY+,"Mar. 26, 2023",744
BLUEY,DISNEY+,"Apr. 2, 2023",767
BLUEY,DISNEY+,"Apr. 9, 2023",737
BLUEY,DISNEY+,"Apr. 16, 2023",744
BLUEY,DISNEY+,"Apr. 23, 2023",713
BLUEY,DISNEY+,"Apr. 30, 2023",715
BLUEY,DISNEY+,"May. 7, 2023",719
BLUEY,DISNEY+,"May. 14, 2023",706
BLUEY,DISNEY+,"May. 21, 2023",708
BLUEY,DISNEY+,"May. 28, 2023",659
BLUEY,DISNEY+,"Jun. 4, 2023",716
BLUEY,DISNEY+,"Jun. 11, 2023",738
BLUEY,DISNEY+,"Jun. 18, 2023",669
BLUEY,DISNEY+,"Jun. 25, 2023",770
BLUEY,DISNEY+,"Jul. 2, 2023",803
BLUEY,DISNEY+,"Jul. 9, 2023",849
BLUEY,DISNEY+,"Jul. 16, 2023","1,353"
BLUEY,DISNEY+,"Jul. 23, 2023","1,219"
BLUEY,DISNEY+,"Jul. 30, 2023","1,065"
BLUEY,DISNEY+,"Aug. 6, 2023","1,089"
BLUEY,DISNEY+,"Aug. 13, 2023","1,066"
BLUEY,DISNEY+,"Aug. 20, 2023","1,007"
BLUEY,NETFLIX,"Aug. 27, 2023","1,027"
BLUEY,DISNEY+,"Sep. 3, 2023","1,012"
BLUEY,DISNEY+,"Sep. 10, 2023",973
BLUEY,DISNEY+,"Sep. 17, 2023",835
BLUEY,DISNEY+,"Sep. 24, 2023",856
BLUEY,DISNEY+,"Oct. 1, 2023",794
BLUEY,DISNEY+,"Oct. 8, 2023",701
BLUEY,DISNEY+,"Oct. 15, 2023",781
BLUEY,DISNEY+,"Oct. 22, 2023",840
BLUEY,DISNEY+,"Oct. 29, 2023",771
BLUEY,DISNEY+,"Nov. 5, 2023",774
BLUEY,DISNEY+,"Nov. 12, 2023",918
BLUEY,DISNEY+,"Nov. 19, 2023",921
BLUEY,DISNEY+,"Nov. 26, 2023","1,167"
BLUEY,DISNEY+,"Dec. 3, 2023",905
BLUEY,DISNEY+,"Dec. 10, 2023",838
BLUEY,DISNEY+,"Dec. 17, 2023",818
BLUEY,DISNEY+,"Dec. 24, 2023",925
BLUEY,DISNEY+,"Dec. 31, 2023","1,113"
BLUEY,DISNEY+,"Jan. 7, 2024","1,251"
BLUEY,DISNEY+,"Jan. 14, 2024","1,495"
BLUEY,DISNEY+,"Jan. 21, 2024","1,502"
BLUEY,DISNEY+,"Jan. 28, 2024","1,251"
BLUEY,DISNEY+,"Feb. 4, 2024","1,145"
BLUEY,DISNEY+,"Feb. 11, 2024","1,138"
BLUEY,DISNEY+,"Feb. 18, 2024","1,173"
BLUEY,DISNEY+,"Feb. 25, 2024","1,081"
BONES,NETFLIX,"May. 9, 2021",254
BONES,NETFLIX,"Jul. 25, 2021",292
BONES,NETFLIX,"Dec. 19, 2021",274
BONES,HULU/AMA,"Jan. 30, 2022",329
BOTCHED,PEA/NET,"Nov. 5, 2023",566
BREAKING BAD,NETFLIX,"Apr. 24, 2022",310
BREAKING BAD,NETFLIX,"Aug. 28, 2022",397
BREAKING BAD,NETFLIX,"Sep. 4, 2022",422
BUNKD,NETFLIX,"Jul. 2, 2023",436
CALL THE MIDWIFE,NETFLIX,"Mar. 27, 2022",415
CALL THE MIDWIFE,NETFLIX,"Apr. 3, 2022",304
CALL THE MIDWIFE,NETFLIX,"Sep. 11, 2022",506
CALL THE MIDWIFE,NETFLIX,"Sep. 10, 2023",517
CHICAGO MED,NETFLIX,"Aug. 1, 2021",457
CHICAGO MED,NETFLIX,"Aug. 8, 2021",544
CHICAGO MED,NETFLIX,"Aug. 15, 2021",527
CHICAGO MED,NETFLIX,"Aug. 22, 2021",438
CHICAGO MED,NETFLIX,"Aug. 29, 2021",497
CHICAGO MED,NETFLIX,"Sep. 5, 2021",457
CHICAGO MED,NETFLIX,"Sep. 12, 2021",342
COCOMELON,NETFLIX,"Aug. 30, 2020",336
COCOMELON,NETFLIX,"Jan. 10, 2021",612
COCOMELON,NETFLIX,"Jan. 17, 2021",468
COCOMELON,NETFLIX,"Jan. 24, 2021",526
COCOMELON,NETFLIX,"Jan. 31, 2021",528
COCOMELON,NETFLIX,"Feb. 7, 2021",564
COCOMELON,NETFLIX,"Feb. 14, 2021",587
COCOMELON,NETFLIX,"Feb. 21, 2021",521
COCOMELON,NETFLIX,"Feb. 28, 2021",534
COCOMELON,NETFLIX,"Mar. 7, 2021",475
COCOMELON,NETFLIX,"Mar. 14, 2021",458
COCOMELON,NETFLIX,"Mar. 21, 2021",506
COCOMELON,NETFLIX,"Mar. 28, 2021",599
COCOMELON,NETFLIX,"Apr. 4, 2021",515
COCOMELON,NETFLIX,"Apr. 11, 2021",475
COCOMELON,NETFLIX,"Apr. 18, 2021",609
COCOMELON,NETFLIX,"Apr. 25, 2021",584
COCOMELON,NETFLIX,"May. 2, 2021",517
COCOMELON,NETFLIX,"May. 9, 2021",519
COCOMELON,NETFLIX,"May. 16, 2021",551
COCOMELON,NETFLIX,"May. 23, 2021",517
COCOMELON,NETFLIX,"May. 30, 2021",543
COCOMELON,NETFLIX,"Jun. 6, 2021",419
COCOMELON,NETFLIX,"Jun. 13, 2021",515
COCOMELON,NETFLIX,"Jun. 20, 2021",776
COCOMELON,NETFLIX,"Jun. 27, 2021",712
COCOMELON,NETFLIX,"Jul. 4, 2021",708
COCOMELON,NETFLIX,"Jul. 11, 2021",667
COCOMELON,NETFLIX,"Jul. 18, 2021",699
COCOMELON,NETFLIX,"Jul. 25, 2021",679
COCOMELON,NETFLIX,"Aug. 1, 2021",718
COCOMELON,NETFLIX,"Aug. 8, 2021",705
COCOMELON,NETFLIX,"Aug. 15, 2021",714
COCOMELON,NETFLIX,"Aug. 22, 2021",732
COCOMELON,NETFLIX,"Aug. 29, 2021",719
COCOMELON,NETFLIX,"Sep. 5, 2021",745
COCOMELON,NETFLIX,"Sep. 12, 2021",636
COCOMELON,NETFLIX,"Sep. 19, 2021",703
COCOMELON,NETFLIX,"Sep. 26, 2021",675
COCOMELON,NETFLIX,"Oct. 3, 2021",635
COCOMELON,NETFLIX,"Oct. 10, 2021",626
COCOMELON,NETFLIX,"Oct. 17, 2021",662
COCOMELON,NETFLIX,"Oct. 24, 2021",748
COCOMELON,NETFLIX,"Oct. 31, 2021",807
COCOMELON,NETFLIX,"Nov. 7, 2021",767
COCOMELON,NETFLIX,"Nov. 14, 2021",812
COCOMELON,NETFLIX,"Nov. 21, 2021",869
COCOMELON,NETFLIX,"Nov. 28, 2021",797
COCOMELON,NETFLIX,"Dec. 5, 2021",786
COCOMELON,NETFLIX,"Dec. 12, 2021",835
COCOMELON,NETFLIX,"Dec. 19, 2021",840
COCOMELON,NETFLIX,"Dec. 26, 2021",707
COCOMELON,NETFLIX,"Jan. 2, 2022",751
COCOMELON,NETFLIX,"Jan. 9, 2022",748
COCOMELON,NETFLIX,"Jan. 16, 2022",707
COCOMELON,NETFLIX,"Jan. 23, 2022",686
COCOMELON,NETFLIX,"Jan. 30, 2022",641
COCOMELON,NETFLIX,"Feb. 6, 2022",742
COCOMELON,NETFLIX,"Feb. 13, 2022",674
COCOMELON,NETFLIX,"Feb. 20, 2022",661
COCOMELON,NETFLIX,"Feb. 27, 2022",701
COCOMELON,NETFLIX,"Mar. 6, 2022",647
COCOMELON,NETFLIX,"Mar. 13, 2022",620
COCOMELON,NETFLIX,"Mar. 20, 2022",721
COCOMELON,NETFLIX,"Mar. 27, 2022",645
COCOMELON,NETFLIX,"Apr. 3, 2022",634
COCOMELON,NETFLIX,"Apr. 10, 2022",771
COCOMELON,NETFLIX,"Apr. 17, 2022",719
COCOMELON,NETFLIX,"Apr. 24, 2022",730
COCOMELON,NETFLIX,"May. 1, 2022",767
COCOMELON,NETFLIX,"May. 8, 2022",701
COCOMELON,NETFLIX,"May. 15, 2022",715
COCOMELON,NETFLIX,"May. 22, 2022",682
COCOMELON,NETFLIX,"May. 29, 2022",632
COCOMELON,NETFLIX,"Jun. 5, 2022",615
COCOMELON,NETFLIX,"Jun. 12, 2022",664
COCOMELON,NETFLIX,"Jun. 19, 2022",600
COCOMELON,NETFLIX,"Jun. 26, 2022",619
COCOMELON,NETFLIX,"Jul. 3, 2022",655
COCOMELON,NETFLIX,"Jul. 10, 2022",684
COCOMELON,NETFLIX,"Jul. 17, 2022",692
COCOMELON,NETFLIX,"Jul. 24, 2022",705
COCOMELON,NETFLIX,"Jul. 31, 2022",696
COCOMELON,NETFLIX,"Aug. 7, 2022",741
COCOMELON,NETFLIX,"Aug. 14, 2022",702
COCOMELON,NETFLIX,"Aug. 21, 2022",602
COCOMELON,NETFLIX,"Aug. 28, 2022",677
COCOMELON,NETFLIX,"Sep. 4, 2022",693
COCOMELON,NETFLIX,"Sep. 11, 2022",701
COCOMELON,NETFLIX,"Sep. 18, 2022",785
COCOMELON,NETFLIX,"Sep. 25, 2022",817
COCOMELON,NETFLIX,"Oct. 2, 2022",782
COCOMELON,NETFLIX,"Oct. 9, 2022",773
COCOMELON,NETFLIX,"Oct. 16, 2022",723
COCOMELON,NETFLIX,"Oct. 23, 2022",757
COCOMELON,NETFLIX,"Oct. 30, 2022",804
COCOMELON,NETFLIX,"Nov. 6, 2022",862
COCOMELON,NETFLIX,"Nov. 13, 2022",791
COCOMELON,NETFLIX,"Nov. 20, 2022",860
COCOMELON,NETFLIX,"Nov. 27, 2022",702
COCOMELON,NETFLIX,"Dec. 4, 2022",873
COCOMELON,NETFLIX,"Dec. 11, 2022",945
COCOMELON,NETFLIX,"Dec. 18, 2022",959
COCOMELON,NETFLIX,"Dec. 25, 2022",991
COCOMELON,NETFLIX,"Jan. 1, 2023",932
COCOMELON,NETFLIX,"Jan. 8, 2023",960
COCOMELON,NETFLIX,"Jan. 15, 2023",919
COCOMELON,NETFLIX,"Jan. 22, 2023",885
COCOMELON,NETFLIX,"Jan. 29, 2023",929
COCOMELON,NETFLIX,"Feb. 5, 2023",790
COCOMELON,NETFLIX,"Feb. 12, 2023",766
COCOMELON,NETFLIX,"Feb. 19, 2023",833
COCOMELON,NETFLIX,"Feb. 26, 2023",884
COCOMELON,NETFLIX,"Mar. 5, 2023",765
COCOMELON,NETFLIX,"Mar. 12, 2023",727
COCOMELON,NETFLIX,"Mar. 19, 2023",704
COCOMELON,NETFLIX,"Mar. 26, 2023",775
COCOMELON,NETFLIX,"Apr. 2, 2023",810
COCOMELON,NETFLIX,"Apr. 9, 2023",683
COCOMELON,NETFLIX,"Apr. 16, 2023",830
COCOMELON,NETFLIX,"Apr. 23, 2023",828
COCOMELON,NETFLIX,"Apr. 30, 2023",804
COCOMELON,NETFLIX,"May. 7, 2023",759
COCOMELON,NETFLIX,"May. 14, 2023",648
COCOMELON,NETFLIX,"May. 21, 2023",676
COCOMELON,NETFLIX,"May. 28, 2023",690
COCOMELON,NETFLIX,"Jun. 4, 2023",604
COCOMELON,NETFLIX,"Jun. 11, 2023",617
COCOMELON,NETFLIX,"Jun. 18, 2023",541
COCOMELON,NETFLIX,"Jun. 25, 2023",654
COCOMELON,NETFLIX,"Jul. 2, 2023",562
COCOMELON,NETFLIX,"Jul. 9, 2023",578
COCOMELON,NETFLIX,"Jul. 16, 2023",648
COCOMELON,NETFLIX,"Jul. 23, 2023",617
COCOMELON,NETFLIX,"Jul. 30, 2023",606
COCOMELON,NETFLIX,"Aug. 6, 2023",652
COCOMELON,NETFLIX,"Aug. 13, 2023",654
COCOMELON,NETFLIX,"Aug. 20, 2023",629
COCOMELON,NETFLIX,"Aug. 27, 2023",644
COCOMELON,NETFLIX,"Sep. 3, 2023",643
COCOMELON,NETFLIX,"Sep. 10, 2023",587
COCOMELON,NETFLIX,"Sep. 17, 2023",666
COCOMELON,NETFLIX,"Sep. 24, 2023",605
COCOMELON,NETFLIX,"Oct. 1, 2023",613
COCOMELON,NETFLIX,"Oct. 8, 2023",597
COCOMELON,NETFLIX,"Oct. 15, 2023",604
COCOMELON,NETFLIX,"Oct. 22, 2023",667
COCOMELON,NETFLIX,"Oct. 29, 2023",660
COCOMELON,NETFLIX,"Nov. 5, 2023",641
COCOMELON,NETFLIX,"Nov. 12, 2023",630
COCOMELON,NETFLIX,"Nov. 19, 2023",643
COCOMELON,NETFLIX,"Nov. 26, 2023",541
COCOMELON,NETFLIX,"Dec. 3, 2023",552
COCOMELON,NETFLIX,"Dec. 10, 2023",564
COCOMELON,NETFLIX,"Dec. 17, 2023",487
COCOMELON,NETFLIX,"Dec. 24, 2023",521
COCOMELON,NETFLIX,"Dec. 31, 2023",506
COCOMELON,NETFLIX,"Jan. 14, 2024",541
COCOMELON,NETFLIX,"Jan. 21, 2024",642
COCOMELON,NETFLIX,"Feb. 4, 2024",579
CRIMINAL MINDS,NETFLIX,"Mar. 15, 2020",695
CRIMINAL MINDS,NETFLIX,"Mar. 22, 2020",825
CRIMINAL MINDS,NETFLIX,"Mar. 29, 2020",867
CRIMINAL MINDS,NETFLIX,"Aug. 9, 2020",697
CRIMINAL MINDS,NETFLIX,"Aug. 16, 2020",705
CRIMINAL MINDS,NETFLIX,"Aug. 23, 2020",713
CRIMINAL MINDS,NETFLIX,"Aug. 30, 2020",671
CRIMINAL MINDS,NETFLIX,"Sep. 6, 2020",675
CRIMINAL MINDS,NETFLIX,"Sep. 13, 2020",783
CRIMINAL MINDS,NETFLIX,"Sep. 20, 2020",625
CRIMINAL MINDS,NETFLIX,"Sep. 27, 2020",680
CRIMINAL MINDS,NETFLIX,"Oct. 4, 2020",604
CRIMINAL MINDS,NETFLIX,"Oct. 11, 2020",656
CRIMINAL MINDS,NETFLIX,"Oct. 18, 2020",647
CRIMINAL MINDS,NETFLIX,"Oct. 25, 2020",567
CRIMINAL MINDS,NETFLIX,"Nov. 1, 2020",620
CRIMINAL MINDS,NETFLIX,"Nov. 8, 2020",635
CRIMINAL MINDS,NETFLIX,"Nov. 15, 2020",591
CRIMINAL MINDS,NETFLIX,"Nov. 22, 2020",560
CRIMINAL MINDS,NETFLIX,"Nov. 29, 2020",713
CRIMINAL MINDS,NETFLIX,"Dec. 6, 2020",628
CRIMINAL MINDS,NETFLIX,"Dec. 13, 2020",681
CRIMINAL MINDS,NETFLIX,"Dec. 20, 2020",651
CRIMINAL MINDS,NETFLIX,"Dec. 27, 2020",648
CRIMINAL MINDS,NETFLIX,"Jan. 3, 2021",711
CRIMINAL MINDS,NETFLIX,"Jan. 10, 2021",842
CRIMINAL MINDS,NETFLIX,"Jan. 17, 2021",853
CRIMINAL MINDS,NETFLIX,"Jan. 24, 2021",939
CRIMINAL MINDS,NETFLIX,"Jan. 31, 2021",984
CRIMINAL MINDS,NETFLIX,"Feb. 7, 2021",904
CRIMINAL MINDS,NETFLIX,"Feb. 14, 2021",948
CRIMINAL MINDS,NETFLIX,"Feb. 21, 2021",877
CRIMINAL MINDS,NETFLIX,"Feb. 28, 2021",800
CRIMINAL MINDS,NETFLIX,"Mar. 7, 2021",929
CRIMINAL MINDS,NETFLIX,"Mar. 14, 2021",699
CRIMINAL MINDS,NETFLIX,"Mar. 21, 2021",647
CRIMINAL MINDS,NETFLIX,"Mar. 28, 2021",656
CRIMINAL MINDS,NETFLIX,"Apr. 4, 2021",489
CRIMINAL MINDS,NETFLIX,"Apr. 11, 2021",567
CRIMINAL MINDS,NETFLIX,"Apr. 18, 2021",575
CRIMINAL MINDS,NETFLIX,"Apr. 25, 2021",630
CRIMINAL MINDS,NETFLIX,"May. 2, 2021",680
CRIMINAL MINDS,NETFLIX,"May. 9, 2021",658
CRIMINAL MINDS,NETFLIX,"May. 16, 2021",579
CRIMINAL MINDS,NETFLIX,"May. 23, 2021",644
CRIMINAL MINDS,NETFLIX,"May. 30, 2021",616
CRIMINAL MINDS,NETFLIX,"Jun. 6, 2021",708
CRIMINAL MINDS,NETFLIX,"Jun. 13, 2021",656
CRIMINAL MINDS,NETFLIX,"Jun. 20, 2021",567
CRIMINAL MINDS,NETFLIX,"Jun. 27, 2021",549
CRIMINAL MINDS,NETFLIX,"Jul. 4, 2021",647
CRIMINAL MINDS,NETFLIX,"Jul. 11, 2021",674
CRIMINAL MINDS,NETFLIX,"Jul. 18, 2021",592
CRIMINAL MINDS,NETFLIX,"Jul. 25, 2021",630
CRIMINAL MINDS,NETFLIX,"Aug. 1, 2021",619
CRIMINAL MINDS,NETFLIX,"Aug. 8, 2021",579
CRIMINAL MINDS,NETFLIX,"Aug. 15, 2021",564
CRIMINAL MINDS,NETFLIX,"Aug. 22, 2021",581
CRIMINAL MINDS,NETFLIX,"Aug. 29, 2021",587
CRIMINAL MINDS,NETFLIX,"Sep. 5, 2021",593
CRIMINAL MINDS,NETFLIX,"Sep. 12, 2021",649
CRIMINAL MINDS,NETFLIX,"Sep. 19, 2021",687
CRIMINAL MINDS,NETFLIX,"Sep. 26, 2021",651
CRIMINAL MINDS,NETFLIX,"Oct. 3, 2021",515
CRIMINAL MINDS,NETFLIX,"Oct. 10, 2021",506
CRIMINAL MINDS,NETFLIX,"Oct. 17, 2021",490
CRIMINAL MINDS,NETFLIX,"Oct. 24, 2021",510
CRIMINAL MINDS,NETFLIX,"Oct. 31, 2021",549
CRIMINAL MINDS,NETFLIX,"Nov. 7, 2021",605
CRIMINAL MINDS,NETFLIX,"Nov. 14, 2021",563
CRIMINAL MINDS,NETFLIX,"Nov. 21, 2021",517
CRIMINAL MINDS,NETFLIX,"Nov. 28, 2021",553
CRIMINAL MINDS,NETFLIX,"Dec. 5, 2021",544
CRIMINAL MINDS,NETFLIX,"Dec. 12, 2021",572
CRIMINAL MINDS,NETFLIX,"Dec. 19, 2021",631
CRIMINAL MINDS,NETFLIX,"Dec. 26, 2021",582
CRIMINAL MINDS,NETFLIX,"Jan. 2, 2022",636
CRIMINAL MINDS,NETFLIX,"Jan. 9, 2022",672
CRIMINAL MINDS,NETFLIX,"Jan. 16, 2022",687
CRIMINAL MINDS,NETFLIX,"Jan. 23, 2022",648
CRIMINAL MINDS,NETFLIX,"Jan. 30, 2022",662
CRIMINAL MINDS,NETFLIX,"Feb. 6, 2022",657
CRIMINAL MINDS,NETFLIX,"Feb. 13, 2022",653
CRIMINAL MINDS,NETFLIX,"Feb. 20, 2022",647
CRIMINAL MINDS,NETFLIX,"Feb. 27, 2022",889
CRIMINAL MINDS,NETFLIX,"Mar. 6, 2022",773
CRIMINAL MINDS,NETFLIX,"Mar. 13, 2022",634
CRIMINAL MINDS,NETFLIX,"Mar. 20, 2022",599
CRIMINAL MINDS,NETFLIX,"Mar. 27, 2022",635
CRIMINAL MINDS,NETFLIX,"Apr. 3, 2022",555
CRIMINAL MINDS,NETFLIX,"Apr. 10, 2022",538
CRIMINAL MINDS,NETFLIX,"Apr. 17, 2022",532
CRIMINAL MINDS,NETFLIX,"Apr. 24, 2022",614
CRIMINAL MINDS,NETFLIX,"May. 1, 2022",511
CRIMINAL MINDS,NETFLIX,"May. 8, 2022",523
CRIMINAL MINDS,NETFLIX,"May. 15, 2022",546
CRIMINAL MINDS,NETFLIX,"May. 22, 2022",501
CRIMINAL MINDS,NETFLIX,"May. 29, 2022",526
CRIMINAL MINDS,NETFLIX,"Jun. 5, 2022",558
CRIMINAL MINDS,NETFLIX,"Jun. 12, 2022",626
CRIMINAL MINDS,NETFLIX,"Jun. 19, 2022",679
CRIMINAL MINDS,NETFLIX,"Jun. 26, 2022",732
CRIMINAL MINDS,NETFLIX,"Jul. 3, 2022",452
CRIMINAL MINDS,NETFLIX,"Nov. 27, 2022",550
CRIMINAL MINDS,HULU,"Dec. 4, 2022",528
CRIMINAL MINDS,HULU,"Dec. 11, 2022",551
CRIMINAL MINDS,HULU,"Dec. 18, 2022",672
CRIMINAL MINDS,NETFLIX,"Dec. 25, 2022",530
CRIMINAL MINDS,HULU,"Jan. 1, 2023",629
CRIMINAL MINDS,HULU,"Jan. 15, 2023",569
CRIMINAL MINDS,NETFLIX,"Jan. 22, 2023",659
CRIMINAL MINDS,NETFLIX,"Jan. 29, 2023",618
CRIMINAL MINDS,NETFLIX,"Feb. 5, 2023",675
CRIMINAL MINDS,NETFLIX,"Feb. 12, 2023",683
CRIMINAL MINDS,HULU,"Jun. 18, 2023",457
CRIMINAL MINDS,HULU,"Jun. 25, 2023",503
CRIMINAL MINDS,HULU,"Dec. 10, 2023",469
CRIMINAL MINDS,HULU/PARA+,"Jan. 14, 2024",560
CRIMINAL MINDS,HULU/PARA+,"Jan. 21, 2024",637
CRIMINAL MINDS,HULU/PARA+,"Feb. 4, 2024",611
CRIMINAL MINDS,NETFLIX,"Feb. 18, 2024",584
DEXTER,NETFLIX,"Aug. 9, 2020",316
DEXTER,AMAZON,"Nov. 14, 2021",332
DEXTER,NETFLIX,"Nov. 28, 2021",321
DEXTER,NETFLIX,"Jan. 2, 2022",335
DIRTY JOHN,NETFLIX,"Jun. 6, 2021",761
DIRTY JOHN,NETFLIX,"Jun. 13, 2021",474
DOWNTON ABBEY,NETFLIX,"Jun. 6, 2021",374
DOWNTON ABBEY,NETFLIX,"Jun. 13, 2021",630
DOWNTON ABBEY,NETFLIX,"Jun. 20, 2021","1,259"
DOWNTON ABBEY,NETFLIX,"Jun. 27, 2021",572
DOWNTON ABBEY,NETFLIX,"Jul. 4, 2021",506
DOWNTON ABBEY,NETFLIX,"Jul. 11, 2021",489
DOWNTON ABBEY,NETFLIX,"Jul. 18, 2021",421
DOWNTON ABBEY,NETFLIX,"Jul. 25, 2021",407
DOWNTON ABBEY,NETFLIX,"Aug. 1, 2021",373
DOWNTON ABBEY,NETFLIX,"Aug. 22, 2021",428
DOWNTON ABBEY,NETFLIX,"Sep. 19, 2021",332
DOWNTON ABBEY,NETFLIX,"Sep. 26, 2021",277
DOWNTON ABBEY,NETFLIX,"Oct. 3, 2021",301
DOWNTON ABBEY,NETFLIX,"Jan. 16, 2022",339
DOWNTON ABBEY,NETFLIX,"Jan. 23, 2022",317
DOWNTON ABBEY,NETFLIX,"Feb. 13, 2022",267
DOWNTON ABBEY,NETFLIX,"Feb. 20, 2022",291
DOWNTON ABBEY,NETFLIX,"Feb. 27, 2022",303
DOWNTON ABBEY,NETFLIX,"Mar. 6, 2022",262
DOWNTON ABBEY,NETFLIX,"May. 22, 2022",368
DOWNTON ABBEY,NETFLIX,"May. 29, 2022",354
DYNASTY,NETFLIX,"Oct. 2, 2022",450
FACE OFF,PEA/NET,"Nov. 12, 2023",576
FRIDAY NIGHT LIGHTS,NETFLIX,"Sep. 12, 2021",303
FRIENDS,HBO MAX,"Jun. 5, 2022",346
FRIENDS,HBO MAX,"Jun. 12, 2022",433
FRIENDS,HBO MAX,"Jun. 19, 2022",513
FRIENDS,HBO MAX,"Jun. 26, 2022",457
FRIENDS,HBO MAX,"Jul. 10, 2022",512
FRIENDS,HBO MAX,"Jul. 17, 2022",423
FRIENDS,HBO MAX,"Jul. 24, 2022",402
FRIENDS,HBO MAX,"Aug. 7, 2022",441
FRIENDS,HBO MAX,"Aug. 21, 2022",467
FRIENDS,HBO MAX,"Aug. 28, 2022",460
FRIENDS,HBO MAX,"Sep. 4, 2022",480
FRIENDS,HBO MAX,"Sep. 11, 2022",501
FRIENDS,HBO MAX,"Sep. 18, 2022",433
FRIENDS,HBO MAX,"Sep. 25, 2022",457
FRIENDS,HBO MAX,"Oct. 16, 2022",450
FRIENDS,HBO MAX,"Oct. 30, 2022",493
FRIENDS,HBO MAX,"Nov. 6, 2022",526
FRIENDS,HBO MAX,"Nov. 13, 2022",562
FRIENDS,HBO MAX,"Nov. 20, 2022",613
FRIENDS,HBO MAX,"Nov. 27, 2022",660
FRIENDS,HBO MAX,"Dec. 4, 2022",652
FRIENDS,HBO MAX,"Dec. 11, 2022",737
FRIENDS,HBO MAX,"Dec. 18, 2022",723
FRIENDS,HBO MAX,"Dec. 25, 2022",593
FRIENDS,HBO MAX,"Jan. 1, 2023",651
FRIENDS,HBO MAX,"Jan. 8, 2023",705
FRIENDS,HBO MAX,"Jan. 15, 2023",648
FRIENDS,HBO MAX,"Jan. 22, 2023",659
FRIENDS,HBO MAX,"Jan. 29, 2023",628
FRIENDS,HBO MAX,"Feb. 5, 2023",626
FRIENDS,HBO MAX,"Feb. 12, 2023",510
FRIENDS,HBO MAX,"Mar. 12, 2023",511
FRIENDS,HBO MAX,"Mar. 19, 2023",486
FRIENDS,HBO MAX,"Apr. 2, 2023",403
FRIENDS,MAX,"Aug. 6, 2023",473
FRIENDS,MAX,"Aug. 20, 2023",435
FRIENDS,MAX,"Sep. 3, 2023",481
FRIENDS,MAX,"Sep. 10, 2023",458
FRIENDS,MAX,"Sep. 17, 2023",400
FRIENDS,MAX,"Oct. 8, 2023",424
FRIENDS,MAX,"Oct. 22, 2023",446
FRIENDS,MAX,"Oct. 29, 2023",583
FRIENDS,MAX,"Nov. 5, 2023",860
FRIENDS,MAX,"Nov. 12, 2023",716
FRIENDS,MAX,"Nov. 19, 2023",750
FRIENDS,MAX,"Nov. 26, 2023",716
FRIENDS,MAX,"Dec. 3, 2023",682
FRIENDS,MAX,"Dec. 10, 2023",504
FRIENDS,MAX,"Dec. 17, 2023",475
FRIENDS,MAX,"Dec. 24, 2023",479
FRIENDS,MAX,"Dec. 31, 2023",468
FRIENDS,MAX,"Jan. 7, 2024",592
FRIENDS,MAX,"Jan. 14, 2024",548
GAME OF THRONES,HBO MAX,"Jul. 31, 2022",368
GAME OF THRONES,HBO MAX,"Aug. 14, 2022",431
GAME OF THRONES,HBO MAX,"Aug. 21, 2022",559
GAME OF THRONES,HBO MAX,"Aug. 28, 2022",909
GAME OF THRONES,HBO MAX,"Sep. 4, 2022",792
GAME OF THRONES,HBO MAX,"Sep. 11, 2022",805
GAME OF THRONES,HBO MAX,"Sep. 18, 2022",700
GAME OF THRONES,HBO MAX,"Sep. 25, 2022",586
GAME OF THRONES,HBO MAX,"Oct. 2, 2022",596
GAME OF THRONES,HBO MAX,"Oct. 9, 2022",570
GAME OF THRONES,HBO MAX,"Oct. 16, 2022",421
GAME OF THRONES,HBO MAX,"Nov. 6, 2022",414
GAME OF THRONES,HBO MAX,"Nov. 13, 2022",432
GILMORE GIRLS,NETFLIX,"Mar. 21, 2021",295
GILMORE GIRLS,NETFLIX,"Mar. 28, 2021",352
GILMORE GIRLS,NETFLIX,"Apr. 4, 2021",283
GILMORE GIRLS,NETFLIX,"Apr. 11, 2021",315
GILMORE GIRLS,NETFLIX,"Apr. 25, 2021",294
GILMORE GIRLS,NETFLIX,"May. 2, 2021",293
GILMORE GIRLS,NETFLIX,"May. 23, 2021",221
GILMORE GIRLS,NETFLIX,"Jun. 20, 2021",289
GILMORE GIRLS,NETFLIX,"Jul. 4, 2021",259
GILMORE GIRLS,NETFLIX,"Jul. 18, 2021",295
GILMORE GIRLS,NETFLIX,"Sep. 26, 2021",257
GILMORE GIRLS,NETFLIX,"Oct. 3, 2021",382
GILMORE GIRLS,NETFLIX,"Oct. 10, 2021",298
GILMORE GIRLS,NETFLIX,"Nov. 14, 2021",369
GILMORE GIRLS,NETFLIX,"Nov. 21, 2021",315
GILMORE GIRLS,NETFLIX,"Nov. 28, 2021",361
GILMORE GIRLS,NETFLIX,"Dec. 5, 2021",286
GILMORE GIRLS,NETFLIX,"Jan. 23, 2022",316
GILMORE GIRLS,NETFLIX,"Mar. 6, 2022",318
GILMORE GIRLS,NETFLIX,"Mar. 13, 2022",281
GILMORE GIRLS,NETFLIX,"Mar. 20, 2022",395
GILMORE GIRLS,NETFLIX,"Mar. 27, 2022",349
GILMORE GIRLS,NETFLIX,"May. 8, 2022",300
GILMORE GIRLS,NETFLIX,"May. 22, 2022",310
GILMORE GIRLS,NETFLIX,"May. 29, 2022",261
GILMORE GIRLS,NETFLIX,"Jun. 5, 2022",438
GILMORE GIRLS,NETFLIX,"Jul. 3, 2022",376
GILMORE GIRLS,NETFLIX,"Jul. 10, 2022",385
GILMORE GIRLS,NETFLIX,"Jul. 17, 2022",431
GILMORE GIRLS,NETFLIX,"Jul. 24, 2022",489
GILMORE GIRLS,NETFLIX,"Jul. 31, 2022",367
GILMORE GIRLS,NETFLIX,"Aug. 7, 2022",383
GILMORE GIRLS,NETFLIX,"Aug. 14, 2022",456
GILMORE GIRLS,NETFLIX,"Sep. 18, 2022",443
GILMORE GIRLS,NETFLIX,"Sep. 25, 2022",478
GILMORE GIRLS,NETFLIX,"Oct. 2, 2022",502
GILMORE GIRLS,NETFLIX,"Oct. 9, 2022",703
GILMORE GIRLS,NETFLIX,"Oct. 16, 2022",628
GILMORE GIRLS,NETFLIX,"Oct. 23, 2022",792
GILMORE GIRLS,NETFLIX,"Oct. 30, 2022",617
GILMORE GIRLS,NETFLIX,"Nov. 6, 2022",679
GILMORE GIRLS,NETFLIX,"Nov. 13, 2022",637
GILMORE GIRLS,NETFLIX,"Nov. 20, 2022",634
GILMORE GIRLS,NETFLIX,"Nov. 27, 2022",610
GILMORE GIRLS,NETFLIX,"Dec. 4, 2022",619
GILMORE GIRLS,NETFLIX,"Dec. 11, 2022",628
GILMORE GIRLS,NETFLIX,"Dec. 18, 2022",470
GILMORE GIRLS,NETFLIX,"Dec. 25, 2022",514
GILMORE GIRLS,NETFLIX,"Jan. 1, 2023",650
GILMORE GIRLS,NETFLIX,"Jan. 8, 2023",659
GILMORE GIRLS,NETFLIX,"Jan. 15, 2023",609
GILMORE GIRLS,NETFLIX,"Jan. 29, 2023",625
GILMORE GIRLS,NETFLIX,"Feb. 12, 2023",534
GILMORE GIRLS,NETFLIX,"Feb. 19, 2023",520
GILMORE GIRLS,NETFLIX,"Feb. 26, 2023",518
GILMORE GIRLS,NETFLIX,"Mar. 5, 2023",498
GILMORE GIRLS,NETFLIX,"Mar. 12, 2023",515
GILMORE GIRLS,NETFLIX,"Mar. 19, 2023",507
GILMORE GIRLS,NETFLIX,"Mar. 26, 2023",408
GILMORE GIRLS,NETFLIX,"Apr. 9, 2023",374
GILMORE GIRLS,NETFLIX,"Jun. 11, 2023",450
GILMORE GIRLS,NETFLIX,"Jul. 23, 2023",438
GILMORE GIRLS,NETFLIX,"Aug. 6, 2023",401
GILMORE GIRLS,NETFLIX,"Aug. 20, 2023",437
GILMORE GIRLS,NETFLIX,"Aug. 27, 2023",490
GILMORE GIRLS,NETFLIX,"Sep. 3, 2023",479
GILMORE GIRLS,NETFLIX,"Sep. 10, 2023",538
GILMORE GIRLS,NETFLIX,"Sep. 17, 2023",549
GILMORE GIRLS,NETFLIX,"Sep. 24, 2023",631
GILMORE GIRLS,NETFLIX,"Oct. 1, 2023",588
GILMORE GIRLS,NETFLIX,"Oct. 8, 2023",628
GILMORE GIRLS,NETFLIX,"Oct. 15, 2023",595
GILMORE GIRLS,NETFLIX,"Oct. 22, 2023",698
GILMORE GIRLS,NETFLIX,"Oct. 29, 2023",751
GILMORE GIRLS,NETFLIX,"Nov. 5, 2023",703
GILMORE GIRLS,NETFLIX,"Nov. 12, 2023",666
GILMORE GIRLS,NETFLIX,"Nov. 19, 2023",653
GILMORE GIRLS,NETFLIX,"Dec. 10, 2023",447
GILMORE GIRLS,NETFLIX,"Dec. 24, 2023",463
GILMORE GIRLS,NETFLIX,"Dec. 31, 2023",506
GILMORE GIRLS,NETFLIX,"Jan. 7, 2024",642
GOOD GIRLS,NETFLIX,"Feb. 21, 2021","1,077"
GOOD GIRLS,NETFLIX,"Feb. 28, 2021",898
GOOD GIRLS,NETFLIX,"Mar. 7, 2021",579
GOOD GIRLS,NETFLIX,"Mar. 14, 2021",449
GOOD GIRLS,NETFLIX,"Mar. 28, 2021",282
GOOD GIRLS,NETFLIX,"Mar. 13, 2022",790
GOOD GIRLS,NETFLIX,"Mar. 20, 2022",689
GOOD GIRLS,NETFLIX,"Mar. 27, 2022",554
GOOD GIRLS,NETFLIX,"Apr. 3, 2022",451
GREY'S ANATOMY,NETFLIX,"Mar. 15, 2020",653
GREY'S ANATOMY,NETFLIX,"Mar. 22, 2020",925
GREY'S ANATOMY,NETFLIX,"Mar. 29, 2020",818
GREY'S ANATOMY,NETFLIX,"Aug. 9, 2020",918
GREY'S ANATOMY,NETFLIX,"Aug. 16, 2020",869
GREY'S ANATOMY,NETFLIX,"Aug. 23, 2020",764
GREY'S ANATOMY,NETFLIX,"Aug. 30, 2020",703
GREY'S ANATOMY,NETFLIX,"Sep. 6, 2020",616
GREY'S ANATOMY,NETFLIX,"Sep. 13, 2020",705
GREY'S ANATOMY,NETFLIX,"Sep. 20, 2020",685
GREY'S ANATOMY,NETFLIX,"Sep. 27, 2020",703
GREY'S ANATOMY,NETFLIX,"Oct. 4, 2020",852
GREY'S ANATOMY,NETFLIX,"Oct. 11, 2020",668
GREY'S ANATOMY,NETFLIX,"Oct. 18, 2020",629
GREY'S ANATOMY,NETFLIX,"Oct. 25, 2020",660
GREY'S ANATOMY,NETFLIX,"Nov. 1, 2020",624
GREY'S ANATOMY,NETFLIX,"Nov. 8, 2020",568
GREY'S ANATOMY,NETFLIX,"Nov. 15, 2020",688
GREY'S ANATOMY,NETFLIX,"Nov. 22, 2020",731
GREY'S ANATOMY,NETFLIX,"Nov. 29, 2020",750
GREY'S ANATOMY,NETFLIX,"Dec. 6, 2020",734
GREY'S ANATOMY,NETFLIX,"Dec. 13, 2020",698
GREY'S ANATOMY,NETFLIX,"Dec. 20, 2020",762
GREY'S ANATOMY,NETFLIX,"Dec. 27, 2020",691
GREY'S ANATOMY,NETFLIX,"Jan. 3, 2021",835
GREY'S ANATOMY,NETFLIX,"Jan. 10, 2021",704
GREY'S ANATOMY,NETFLIX,"Jan. 17, 2021",711
GREY'S ANATOMY,NETFLIX,"Jan. 24, 2021",754
GREY'S ANATOMY,NETFLIX,"Jan. 31, 2021",841
GREY'S ANATOMY,NETFLIX,"Feb. 7, 2021",854
GREY'S ANATOMY,NETFLIX,"Feb. 14, 2021",867
GREY'S ANATOMY,NETFLIX,"Feb. 21, 2021",892
GREY'S ANATOMY,NETFLIX,"Feb. 28, 2021",767
GREY'S ANATOMY,NETFLIX,"Mar. 7, 2021",858
GREY'S ANATOMY,NETFLIX,"Mar. 14, 2021",628
GREY'S ANATOMY,NETFLIX,"Mar. 21, 2021",673
GREY'S ANATOMY,NETFLIX,"Mar. 28, 2021",610
GREY'S ANATOMY,NETFLIX,"Apr. 4, 2021",580
GREY'S ANATOMY,NETFLIX,"Apr. 11, 2021",627
GREY'S ANATOMY,NETFLIX,"Apr. 18, 2021",629
GREY'S ANATOMY,NETFLIX,"Apr. 25, 2021",720
GREY'S ANATOMY,NETFLIX,"May. 2, 2021",746
GREY'S ANATOMY,NETFLIX,"May. 9, 2021",733
GREY'S ANATOMY,NETFLIX,"May. 16, 2021",691
GREY'S ANATOMY,NETFLIX,"May. 23, 2021",575
GREY'S ANATOMY,NETFLIX,"May. 30, 2021",633
GREY'S ANATOMY,NETFLIX,"Jun. 6, 2021",631
GREY'S ANATOMY,NETFLIX,"Jun. 13, 2021",686
GREY'S ANATOMY,NETFLIX,"Jun. 20, 2021",671
GREY'S ANATOMY,NETFLIX,"Jun. 27, 2021",625
GREY'S ANATOMY,NETFLIX,"Jul. 4, 2021",606
GREY'S ANATOMY,NETFLIX,"Jul. 11, 2021",796
GREY'S ANATOMY,NETFLIX,"Jul. 18, 2021",793
GREY'S ANATOMY,NETFLIX,"Jul. 25, 2021",723
GREY'S ANATOMY,NETFLIX,"Aug. 1, 2021",666
GREY'S ANATOMY,NETFLIX,"Aug. 8, 2021",670
GREY'S ANATOMY,NETFLIX,"Aug. 15, 2021",659
GREY'S ANATOMY,NETFLIX,"Aug. 22, 2021",690
GREY'S ANATOMY,NETFLIX,"Aug. 29, 2021",704
GREY'S ANATOMY,NETFLIX,"Sep. 5, 2021",685
GREY'S ANATOMY,NETFLIX,"Sep. 12, 2021",641
GREY'S ANATOMY,NETFLIX,"Sep. 19, 2021",564
GREY'S ANATOMY,NETFLIX,"Sep. 26, 2021",462
GREY'S ANATOMY,NETFLIX,"Oct. 3, 2021",425
GREY'S ANATOMY,NETFLIX,"Oct. 10, 2021",419
GREY'S ANATOMY,NETFLIX,"Oct. 17, 2021",416
GREY'S ANATOMY,NETFLIX,"Oct. 24, 2021",433
GREY'S ANATOMY,NETFLIX,"Oct. 31, 2021",427
GREY'S ANATOMY,NETFLIX,"Nov. 7, 2021",395
GREY'S ANATOMY,NETFLIX,"Nov. 14, 2021",419
GREY'S ANATOMY,NETFLIX,"Nov. 21, 2021",399
GREY'S ANATOMY,NETFLIX,"Nov. 28, 2021",459
GREY'S ANATOMY,NETFLIX,"Dec. 5, 2021",383
GREY'S ANATOMY,NETFLIX,"Dec. 12, 2021",398
GREY'S ANATOMY,NETFLIX,"Dec. 19, 2021",420
GREY'S ANATOMY,NETFLIX,"Dec. 26, 2021",452
GREY'S ANATOMY,NETFLIX,"Jan. 2, 2022",504
GREY'S ANATOMY,NETFLIX,"Jan. 9, 2022",452
GREY'S ANATOMY,NETFLIX,"Jan. 16, 2022",478
GREY'S ANATOMY,NETFLIX,"Jan. 23, 2022",504
GREY'S ANATOMY,NETFLIX,"Jan. 30, 2022",425
GREY'S ANATOMY,NETFLIX,"Feb. 6, 2022",527
GREY'S ANATOMY,NETFLIX,"Feb. 13, 2022",405
GREY'S ANATOMY,NETFLIX,"Feb. 20, 2022",463
GREY'S ANATOMY,NETFLIX,"Feb. 27, 2022",396
GREY'S ANATOMY,NETFLIX,"Mar. 6, 2022",362
GREY'S ANATOMY,NETFLIX,"Mar. 13, 2022",449
GREY'S ANATOMY,NETFLIX,"Mar. 20, 2022",505
GREY'S ANATOMY,NETFLIX,"Mar. 27, 2022",414
GREY'S ANATOMY,NETFLIX,"Apr. 3, 2022",396
GREY'S ANATOMY,NETFLIX,"Apr. 10, 2022",457
GREY'S ANATOMY,NETFLIX,"Apr. 17, 2022",441
GREY'S ANATOMY,NETFLIX,"Apr. 24, 2022",346
GREY'S ANATOMY,NETFLIX,"May. 1, 2022",484
GREY'S ANATOMY,NETFLIX,"May. 8, 2022",373
GREY'S ANATOMY,NETFLIX,"May. 15, 2022",337
GREY'S ANATOMY,NETFLIX,"May. 22, 2022",334
GREY'S ANATOMY,NETFLIX,"May. 29, 2022",313
GREY'S ANATOMY,NETFLIX,"Jun. 5, 2022",388
GREY'S ANATOMY,NETFLIX,"Jun. 12, 2022",399
GREY'S ANATOMY,NETFLIX,"Jun. 19, 2022",382
GREY'S ANATOMY,NETFLIX,"Jun. 26, 2022",491
GREY'S ANATOMY,NETFLIX,"Jul. 3, 2022",610
GREY'S ANATOMY,NETFLIX,"Jul. 10, 2022",697
GREY'S ANATOMY,NETFLIX,"Jul. 17, 2022",635
GREY'S ANATOMY,NETFLIX,"Jul. 24, 2022",666
GREY'S ANATOMY,NETFLIX,"Jul. 31, 2022",656
GREY'S ANATOMY,NETFLIX,"Aug. 7, 2022",678
GREY'S ANATOMY,NETFLIX,"Aug. 14, 2022",604
GREY'S ANATOMY,NETFLIX,"Aug. 21, 2022",702
GREY'S ANATOMY,NETFLIX,"Aug. 28, 2022",567
GREY'S ANATOMY,NETFLIX,"Sep. 4, 2022",674
GREY'S ANATOMY,NETFLIX,"Sep. 11, 2022",622
GREY'S ANATOMY,NETFLIX,"Sep. 18, 2022",592
GREY'S ANATOMY,NETFLIX,"Sep. 25, 2022",551
GREY'S ANATOMY,NETFLIX,"Oct. 2, 2022",585
GREY'S ANATOMY,NETFLIX,"Oct. 9, 2022",529
GREY'S ANATOMY,NETFLIX,"Oct. 16, 2022",569
GREY'S ANATOMY,NETFLIX,"Oct. 23, 2022",563
GREY'S ANATOMY,NETFLIX,"Oct. 30, 2022",620
GREY'S ANATOMY,NETFLIX,"Nov. 6, 2022",573
GREY'S ANATOMY,NETFLIX,"Nov. 13, 2022",551
GREY'S ANATOMY,NETFLIX,"Nov. 20, 2022",639
GREY'S ANATOMY,NETFLIX,"Nov. 27, 2022",593
GREY'S ANATOMY,NETFLIX,"Dec. 4, 2022",575
GREY'S ANATOMY,NETFLIX,"Dec. 11, 2022",540
GREY'S ANATOMY,NETFLIX,"Dec. 18, 2022",565
GREY'S ANATOMY,NETFLIX,"Dec. 25, 2022",547
GREY'S ANATOMY,NETFLIX,"Jan. 1, 2023",649
GREY'S ANATOMY,NETFLIX,"Jan. 8, 2023",643
GREY'S ANATOMY,NETFLIX,"Jan. 15, 2023",532
GREY'S ANATOMY,NETFLIX,"Jan. 22, 2023",598
GREY'S ANATOMY,NETFLIX,"Jan. 29, 2023",640
GREY'S ANATOMY,NETFLIX,"Feb. 5, 2023",770
GREY'S ANATOMY,NETFLIX,"Feb. 12, 2023",750
GREY'S ANATOMY,NETFLIX,"Feb. 19, 2023",700
GREY'S ANATOMY,NETFLIX,"Feb. 26, 2023",675
GREY'S ANATOMY,NETFLIX,"Mar. 5, 2023",603
GREY'S ANATOMY,NETFLIX,"Mar. 12, 2023",578
GREY'S ANATOMY,NETFLIX,"Mar. 19, 2023",652
GREY'S ANATOMY,NETFLIX,"Mar. 26, 2023",610
GREY'S ANATOMY,NETFLIX,"Apr. 2, 2023",578
GREY'S ANATOMY,NETFLIX,"Apr. 9, 2023",617
GREY'S ANATOMY,NETFLIX,"Apr. 16, 2023",645
GREY'S ANATOMY,NETFLIX,"Apr. 23, 2023",601
GREY'S ANATOMY,NETFLIX,"Apr. 30, 2023",640
GREY'S ANATOMY,NETFLIX,"May. 7, 2023",515
GREY'S ANATOMY,NETFLIX,"May. 21, 2023",446
GREY'S ANATOMY,NETFLIX,"Jun. 18, 2023",514
GREY'S ANATOMY,NETFLIX,"Jun. 25, 2023",772
GREY'S ANATOMY,NETFLIX,"Jul. 2, 2023",734
GREY'S ANATOMY,NETFLIX,"Jul. 9, 2023",816
GREY'S ANATOMY,NETFLIX,"Jul. 16, 2023",802
GREY'S ANATOMY,NETFLIX,"Jul. 23, 2023",735
GREY'S ANATOMY,NETFLIX,"Jul. 30, 2023",707
GREY'S ANATOMY,NETFLIX,"Aug. 6, 2023",616
GREY'S ANATOMY,NETFLIX,"Aug. 13, 2023",849
GREY'S ANATOMY,NETFLIX,"Aug. 20, 2023",738
GREY'S ANATOMY,NETFLIX,"Aug. 27, 2023",932
GREY'S ANATOMY,NETFLIX,"Sep. 3, 2023",870
GREY'S ANATOMY,NETFLIX,"Sep. 10, 2023",864
GREY'S ANATOMY,NETFLIX,"Sep. 17, 2023",834
GREY'S ANATOMY,NETFLIX,"Sep. 24, 2023",779
GREY'S ANATOMY,NETFLIX,"Oct. 1, 2023",958
GREY'S ANATOMY,NETFLIX,"Oct. 8, 2023","1,004"
GREY'S ANATOMY,NETFLIX,"Oct. 15, 2023",872
GREY'S ANATOMY,NETFLIX,"Oct. 22, 2023",860
GREY'S ANATOMY,NETFLIX,"Oct. 29, 2023",854
GREY'S ANATOMY,NETFLIX,"Nov. 5, 2023","1,004"
GREY'S ANATOMY,NETFLIX,"Nov. 12, 2023",897
GREY'S ANATOMY,NETFLIX,"Nov. 19, 2023",937
GREY'S ANATOMY,NETFLIX,"Nov. 26, 2023",861
GREY'S ANATOMY,NETFLIX,"Dec. 3, 2023",835
GREY'S ANATOMY,NETFLIX,"Dec. 10, 2023",915
GREY'S ANATOMY,NETFLIX,"Dec. 17, 2023",969
GREY'S ANATOMY,NETFLIX,"Dec. 24, 2023",908
GREY'S ANATOMY,NETFLIX,"Dec. 31, 2023",969
GREY'S ANATOMY,NETFLIX,"Jan. 7, 2024","1,071"
GREY'S ANATOMY,NETFLIX,"Jan. 14, 2024",963
GREY'S ANATOMY,NETFLIX,"Jan. 21, 2024","1,088"
GREY'S ANATOMY,NETFLIX,"Jan. 28, 2024",999
GREY'S ANATOMY,NETFLIX,"Feb. 4, 2024",958
GREY'S ANATOMY,NETFLIX,"Feb. 11, 2024",860
GREY'S ANATOMY,NETFLIX,"Feb. 18, 2024",831
GREY'S ANATOMY,NETFLIX,"Feb. 25, 2024",901
HEARTLAND,NETFLIX,"Feb. 7, 2021",445
HEARTLAND,NETFLIX,"Feb. 14, 2021",637
HEARTLAND,NETFLIX,"Feb. 21, 2021",678
HEARTLAND,NETFLIX,"Feb. 28, 2021",519
HEARTLAND,NETFLIX,"Mar. 7, 2021",475
HEARTLAND,NETFLIX,"Mar. 14, 2021",416
HEARTLAND,NETFLIX,"Mar. 21, 2021",458
HEARTLAND,NETFLIX,"Mar. 28, 2021",453
HEARTLAND,NETFLIX,"Apr. 4, 2021",413
HEARTLAND,NETFLIX,"Apr. 11, 2021",405
HEARTLAND,NETFLIX,"Apr. 18, 2021",430
HEARTLAND,NETFLIX,"Apr. 25, 2021",464
HEARTLAND,NETFLIX,"May. 2, 2021",481
HEARTLAND,NETFLIX,"May. 9, 2021",369
HEARTLAND,NETFLIX,"May. 16, 2021",341
HEARTLAND,NETFLIX,"May. 23, 2021",378
HEARTLAND,NETFLIX,"May. 30, 2021",354
HEARTLAND,NETFLIX,"Jun. 6, 2021",423
HEARTLAND,NETFLIX,"Jun. 13, 2021",380
HEARTLAND,NETFLIX,"Jun. 20, 2021",443
HEARTLAND,NETFLIX,"Jun. 27, 2021",458
HEARTLAND,NETFLIX,"Jul. 4, 2021",394
HEARTLAND,NETFLIX,"Jul. 11, 2021",442
HEARTLAND,NETFLIX,"Jul. 18, 2021",436
HEARTLAND,NETFLIX,"Jul. 25, 2021",382
HEARTLAND,NETFLIX,"Aug. 15, 2021",412
HEARTLAND,NETFLIX,"Aug. 22, 2021",452
HEARTLAND,NETFLIX,"Aug. 29, 2021",490
HEARTLAND,NETFLIX,"Sep. 5, 2021",455
HEARTLAND,NETFLIX,"Sep. 12, 2021",498
HEARTLAND,NETFLIX,"Sep. 19, 2021",456
HEARTLAND,NETFLIX,"Sep. 26, 2021",399
HEARTLAND,NETFLIX,"Oct. 3, 2021",421
HEARTLAND,NETFLIX,"Oct. 10, 2021",426
HEARTLAND,NETFLIX,"Oct. 17, 2021",352
HEARTLAND,NETFLIX,"Nov. 7, 2021",378
HEARTLAND,NETFLIX,"Nov. 21, 2021",301
HEARTLAND,NETFLIX,"Dec. 5, 2021",306
HEARTLAND,NETFLIX,"Jan. 2, 2022",413
HEARTLAND,NETFLIX,"Jan. 9, 2022",422
HEARTLAND,NETFLIX,"Jan. 16, 2022",343
HEARTLAND,NETFLIX,"Feb. 6, 2022",325
HEARTLAND,NETFLIX,"Feb. 27, 2022",315
HEARTLAND,NETFLIX,"Apr. 3, 2022",523
HEARTLAND,NETFLIX,"Apr. 10, 2022",793
HEARTLAND,NETFLIX,"Apr. 17, 2022",642
HEARTLAND,NETFLIX,"Apr. 24, 2022",631
HEARTLAND,NETFLIX,"May. 1, 2022",568
HEARTLAND,NETFLIX,"May. 8, 2022",511
HEARTLAND,NETFLIX,"May. 15, 2022",387
HEARTLAND,NETFLIX,"May. 22, 2022",331
HEARTLAND,NETFLIX,"May. 29, 2022",380
HEARTLAND,NETFLIX,"Jun. 12, 2022",400
HEARTLAND,NETFLIX,"Jun. 19, 2022",365
HEARTLAND,NETFLIX,"Jun. 26, 2022",386
HEARTLAND,NETFLIX,"Jul. 3, 2022",364
HEARTLAND,NETFLIX,"Jul. 17, 2022",393
HEARTLAND,NETFLIX,"Jul. 24, 2022",371
HEARTLAND,NETFLIX,"Aug. 14, 2022",348
HEARTLAND,NETFLIX,"Aug. 21, 2022",422
HEARTLAND,NETFLIX,"Sep. 11, 2022",380
HEARTLAND,NETFLIX,"Apr. 16, 2023",397
HEARTLAND,NETFLIX,"Apr. 30, 2023",447
HEARTLAND,NETFLIX,"May. 7, 2023",448
HEARTLAND,NETFLIX,"May. 14, 2023",452
HEARTLAND,NETFLIX,"May. 28, 2023",420
HEARTLAND,NETFLIX,"Jun. 4, 2023",747
HEARTLAND,NETFLIX,"Jun. 11, 2023",795
HEARTLAND,NETFLIX,"Jun. 18, 2023",678
HEARTLAND,NETFLIX,"Jun. 25, 2023",552
HEARTLAND,NETFLIX,"Jul. 2, 2023",448
HEARTLAND,NETFLIX,"Jul. 9, 2023",500
HEARTLAND,NETFLIX,"Jul. 16, 2023",510
HEARTLAND,NETFLIX,"Jul. 23, 2023",488
HEARTLAND,NETFLIX,"Jul. 30, 2023",423
HEARTLAND,NETFLIX,"Aug. 6, 2023",436
HEARTLAND,NETFLIX,"Aug. 13, 2023",494
HEARTLAND,NETFLIX,"Sep. 17, 2023",428
HEARTLAND,NETFLIX,"Oct. 15, 2023",495
HEARTLAND,NETFLIX,"Nov. 5, 2023",538
HENRY DANGER,NETFLIX,"Jan. 24, 2021",731
HENRY DANGER,NETFLIX,"Jan. 31, 2021",561
HENRY DANGER,NETFLIX,"Feb. 7, 2021",544
HENRY DANGER,NETFLIX,"Mar. 14, 2021",332
HENRY DANGER,NETFLIX,"Mar. 28, 2021",281
HOUSE,AMAZON,"Jan. 30, 2022",317
HOUSE,AMAZON/HULU,"Dec. 17, 2023",418
HOUSE OF THE DRAGON,HBO MAX,"Aug. 21, 2022",327
HOUSE OF THE DRAGON,HBO MAX,"Aug. 28, 2022",741
HOUSE OF THE DRAGON,HBO MAX,"Sep. 4, 2022",781
HOUSE OF THE DRAGON,HBO MAX,"Sep. 11, 2022","1,016"
HOUSE OF THE DRAGON,HBO MAX,"Sep. 18, 2022",960
HOUSE OF THE DRAGON,HBO MAX,"Sep. 25, 2022","1,008"
HOUSE OF THE DRAGON,HBO MAX,"Oct. 2, 2022",907
HOUSE OF THE DRAGON,HBO MAX,"Oct. 9, 2022",921
HOUSE OF THE DRAGON,HBO MAX,"Oct. 16, 2022",960
HOUSE OF THE DRAGON,HBO MAX,"Oct. 23, 2022","1,013"
HOUSE OF THE DRAGON,HBO MAX,"Oct. 30, 2022",705
HOW I MET YOUR MOTHER,HULU,"Jan. 23, 2022",321
HOW I MET YOUR MOTHER,HULU,"Jan. 30, 2022",316
ICARLY,NETFLIX,"Feb. 14, 2021",883
ICARLY,NETFLIX,"Feb. 21, 2021",863
ICARLY,NETFLIX,"Feb. 28, 2021",531
ICARLY,NETFLIX,"Mar. 7, 2021",431
IMPOSTERS,NETFLIX,"Jan. 3, 2021",279
IMPOSTERS,NETFLIX,"Jan. 10, 2021",273
IN THE DARK,NETFLIX,"Aug. 9, 2020",418
IN THE DARK,NETFLIX,"Oct. 24, 2021",608
IN THE DARK,NETFLIX,"Oct. 31, 2021",538
IN THE DARK,NETFLIX,"Nov. 7, 2021",420
IN THE DARK,NETFLIX,"Sep. 18, 2022",825
IN THE DARK,NETFLIX,"Sep. 25, 2022",918
IN THE DARK,NETFLIX,"Oct. 2, 2022",665
IN THE DARK,NETFLIX,"Oct. 9, 2022",603
INK MASTER,NETFLIX,"Dec. 19, 2021",243
LA REINA DEL SUR,NETFLIX,"May. 28, 2023",512
LA REINA DEL SUR,NETFLIX,"Jun. 4, 2023",494
LA'S FINEST,NETFLIX,"Jan. 17, 2021",546
LA'S FINEST,NETFLIX,"Jan. 24, 2021",513
LA'S FINEST,NETFLIX,"Jun. 13, 2021",391
LA'S FINEST,NETFLIX,"Jun. 20, 2021",467
LAW & ORDER: SVU,NETFLIX,"Mar. 21, 2021",319
LAW & ORDER: SVU,PEA/HULU,"Dec. 31, 2023",507
LAW & ORDER: SVU,PEA/HULU,"Jan. 7, 2024",594
LEGACIES,NETFLIX,"Oct. 24, 2021",379
LEGACIES,NETFLIX,"Oct. 31, 2021",389
LEGACIES,NETFLIX,"Jul. 3, 2022",596
LEGACIES,NETFLIX,"Jul. 10, 2022",468
LOUDERMILK,NETFLIX,"Jan. 14, 2024",846
LOUDERMILK,NETFLIX,"Jan. 21, 2024",729
LOUDERMILK,NETFLIX,"Jan. 28, 2024",593
LOUDERMILK,NETFLIX,"Feb. 4, 2024",554
MANIFEST,NETFLIX,"Jun. 13, 2021","1,111"
MANIFEST,NETFLIX,"Jun. 20, 2021","2,493"
MANIFEST,NETFLIX,"Jun. 27, 2021","2,064"
MANIFEST,NETFLIX,"Jul. 4, 2021","1,869"
MANIFEST,NETFLIX,"Jul. 11, 2021","1,811"
MANIFEST,NETFLIX,"Jul. 18, 2021","1,294"
MANIFEST,NETFLIX,"Jul. 25, 2021",939
MANIFEST,NETFLIX,"Aug. 1, 2021",640
MANIFEST,NETFLIX,"Aug. 8, 2021",501
MANIFEST,NETFLIX,"Aug. 15, 2021",375
MANIFEST,NETFLIX,"Aug. 22, 2021",705
MANIFEST,NETFLIX,"Aug. 29, 2021","1,380"
MANIFEST,NETFLIX,"Sep. 5, 2021","1,110"
MANIFEST,NETFLIX,"Sep. 12, 2021",831
MANIFEST,NETFLIX,"Sep. 19, 2021",712
MANIFEST,NETFLIX,"Sep. 26, 2021",430
MANIFEST,NETFLIX,"Oct. 3, 2021",337
MANIFEST,NETFLIX,"Nov. 6, 2022","1,371"
MANIFEST,NETFLIX,"Nov. 13, 2022","2,289"
MANIFEST,NETFLIX,"Nov. 20, 2022","1,284"
MANIFEST,NETFLIX,"Nov. 27, 2022",988
MANIFEST,NETFLIX,"Dec. 4, 2022",680
MANIFEST,NETFLIX,"Dec. 11, 2022",376
MANIFEST,NETFLIX,"Jun. 4, 2023",749
MANIFEST,NETFLIX,"Jun. 11, 2023","1,628"
MANIFEST,NETFLIX,"Jun. 18, 2023",969
MANIFEST,NETFLIX,"Jun. 25, 2023",658
MANIFEST,NETFLIX,"Jul. 2, 2023",495
MANIFEST,NETFLIX,"Jul. 9, 2023",349
MARIPOSA DE BARRIO,NETFLIX,"Jan. 10, 2021",548
MARIPOSA DE BARRIO,NETFLIX,"Jan. 17, 2021",621
MARIPOSA DE BARRIO,NETFLIX,"Jan. 24, 2021",705
MARIPOSA DE BARRIO,NETFLIX,"Jan. 31, 2021",692
MARIPOSA DE BARRIO,NETFLIX,"Feb. 7, 2021",759
MARIPOSA DE BARRIO,NETFLIX,"Feb. 14, 2021",588
MARRIED AT FIRST SIGHT,NETFLIX,"Apr. 24, 2022",466
MARRIED AT FIRST SIGHT,NETFLIX,"May. 1, 2022",340
MICKEY MOUSE CLUBHOUSE,DISNEY+,"Feb. 20, 2022",338
MICKEY MOUSE CLUBHOUSE,DISNEY+,"Feb. 27, 2022",302
MIRACULOUS: TALES OF LADYBUG,NETFLIX,"Apr. 11, 2021",250
MONK,PEA/NET,"Feb. 18, 2024",637
MONK,PEA/NET,"Feb. 25, 2024",705
NCIS,NETFLIX,"Mar. 15, 2020",570
NCIS,NETFLIX,"Mar. 29, 2020",665
NCIS,NETFLIX,"Aug. 9, 2020",524
NCIS,NETFLIX,"Aug. 16, 2020",469
NCIS,NETFLIX,"Aug. 23, 2020",533
NCIS,NETFLIX,"Aug. 30, 2020",527
NCIS,NETFLIX,"Sep. 13, 2020",587
NCIS,NETFLIX,"Sep. 20, 2020",553
NCIS,NETFLIX,"Oct. 4, 2020",584
NCIS,NETFLIX,"Oct. 18, 2020",618
NCIS,NETFLIX,"Nov. 1, 2020",552
NCIS,NETFLIX,"Nov. 8, 2020",543
NCIS,NETFLIX,"Nov. 15, 2020",603
NCIS,NETFLIX,"Nov. 22, 2020",468
NCIS,NETFLIX,"Jan. 3, 2021",553
NCIS,NETFLIX,"Jan. 10, 2021",418
NCIS,NETFLIX,"Jan. 17, 2021",471
NCIS,NETFLIX,"Jan. 24, 2021",433
NCIS,NETFLIX,"Jan. 31, 2021",564
NCIS,NETFLIX,"Feb. 7, 2021",528
NCIS,NETFLIX,"Feb. 14, 2021",495
NCIS,NETFLIX,"Feb. 21, 2021",510
NCIS,NETFLIX,"Feb. 28, 2021",507
NCIS,NETFLIX,"Mar. 7, 2021",555
NCIS,NETFLIX,"Mar. 14, 2021",441
NCIS,NETFLIX,"Mar. 21, 2021",569
NCIS,NETFLIX,"Mar. 28, 2021",725
NCIS,NETFLIX,"Apr. 4, 2021",535
NCIS,NETFLIX,"Apr. 11, 2021",701
NCIS,NETFLIX,"Apr. 18, 2021",779
NCIS,NETFLIX,"Apr. 25, 2021",890
NCIS,NETFLIX,"May. 2, 2021",872
NCIS,NETFLIX,"May. 9, 2021",721
NCIS,NETFLIX,"May. 16, 2021",672
NCIS,NETFLIX,"May. 23, 2021",690
NCIS,NETFLIX,"May. 30, 2021",525
NCIS,NETFLIX,"Jun. 6, 2021",521
NCIS,NETFLIX,"Jun. 13, 2021",528
NCIS,NETFLIX,"Jun. 20, 2021",562
NCIS,NETFLIX,"Jun. 27, 2021",526
NCIS,NETFLIX,"Jul. 4, 2021",443
NCIS,NETFLIX,"Jul. 11, 2021",478
NCIS,NETFLIX,"Jul. 18, 2021",481
NCIS,NETFLIX,"Jul. 25, 2021",514
NCIS,NETFLIX,"Aug. 1, 2021",508
NCIS,NETFLIX,"Aug. 8, 2021",530
NCIS,NETFLIX,"Aug. 15, 2021",534
NCIS,NETFLIX,"Aug. 22, 2021",548
NCIS,NETFLIX,"Aug. 29, 2021",586
NCIS,NETFLIX,"Sep. 5, 2021",580
NCIS,NETFLIX,"Sep. 12, 2021",546
NCIS,NETFLIX,"Sep. 19, 2021",567
NCIS,NETFLIX,"Sep. 26, 2021",546
NCIS,NETFLIX,"Oct. 3, 2021",560
NCIS,NETFLIX,"Oct. 10, 2021",569
NCIS,NETFLIX,"Oct. 17, 2021",572
NCIS,NETFLIX,"Oct. 24, 2021",540
NCIS,NETFLIX,"Oct. 31, 2021",527
NCIS,NETFLIX,"Nov. 7, 2021",519
NCIS,NETFLIX,"Nov. 14, 2021",509
NCIS,NETFLIX,"Nov. 21, 2021",508
NCIS,NETFLIX,"Nov. 28, 2021",666
NCIS,NETFLIX,"Dec. 5, 2021",568
NCIS,NETFLIX,"Dec. 12, 2021",597
NCIS,NETFLIX,"Dec. 19, 2021",494
NCIS,NETFLIX,"Dec. 26, 2021",581
NCIS,NETFLIX,"Jan. 2, 2022",730
NCIS,NETFLIX,"Jan. 9, 2022",689
NCIS,NETFLIX,"Jan. 16, 2022",711
NCIS,NETFLIX,"Jan. 23, 2022",732
NCIS,NETFLIX,"Jan. 30, 2022",796
NCIS,NETFLIX,"Feb. 6, 2022",757
NCIS,NETFLIX,"Feb. 13, 2022",796
NCIS,NETFLIX,"Feb. 20, 2022",856
NCIS,NETFLIX,"Feb. 27, 2022",946
NCIS,NETFLIX,"Mar. 6, 2022",777
NCIS,NETFLIX,"Mar. 13, 2022",678
NCIS,NETFLIX,"Mar. 20, 2022",735
NCIS,NETFLIX,"Mar. 27, 2022",752
NCIS,NETFLIX,"Apr. 3, 2022",653
NCIS,NETFLIX,"Apr. 10, 2022",674
NCIS,NETFLIX,"Apr. 17, 2022",691
NCIS,NETFLIX,"Apr. 24, 2022",617
NCIS,NETFLIX,"May. 1, 2022",618
NCIS,NETFLIX,"May. 8, 2022",501
NCIS,NETFLIX,"May. 15, 2022",539
NCIS,NETFLIX,"May. 22, 2022",552
NCIS,NETFLIX,"May. 29, 2022",541
NCIS,NETFLIX,"Jun. 5, 2022",692
NCIS,NETFLIX,"Jun. 12, 2022",848
NCIS,NETFLIX,"Jun. 19, 2022",817
NCIS,NETFLIX,"Jun. 26, 2022",726
NCIS,NETFLIX,"Jul. 3, 2022",787
NCIS,NETFLIX,"Jul. 10, 2022",837
NCIS,NETFLIX,"Jul. 17, 2022",736
NCIS,NETFLIX,"Jul. 24, 2022",737
NCIS,NETFLIX,"Jul. 31, 2022",649
NCIS,NETFLIX,"Aug. 7, 2022",692
NCIS,NETFLIX,"Aug. 14, 2022",764
NCIS,NETFLIX,"Aug. 21, 2022",810
NCIS,NETFLIX,"Aug. 28, 2022",770
NCIS,NETFLIX,"Sep. 4, 2022",812
NCIS,NETFLIX,"Sep. 11, 2022",747
NCIS,NETFLIX,"Sep. 18, 2022",635
NCIS,NETFLIX,"Sep. 25, 2022",644
NCIS,NETFLIX,"Oct. 2, 2022",748
NCIS,NETFLIX,"Oct. 9, 2022",720
NCIS,NETFLIX,"Oct. 16, 2022",663
NCIS,NETFLIX,"Oct. 23, 2022",796
NCIS,NETFLIX,"Oct. 30, 2022",695
NCIS,NETFLIX,"Nov. 6, 2022",758
NCIS,NETFLIX,"Nov. 13, 2022",786
NCIS,NETFLIX,"Nov. 20, 2022",642
NCIS,NETFLIX,"Nov. 27, 2022",811
NCIS,NETFLIX,"Dec. 4, 2022",705
NCIS,NETFLIX,"Dec. 11, 2022",885
NCIS,NETFLIX,"Dec. 18, 2022",941
NCIS,NETFLIX,"Dec. 25, 2022",804
NCIS,NETFLIX,"Jan. 1, 2023",753
NCIS,NETFLIX,"Jan. 8, 2023",722
NCIS,NETFLIX,"Jan. 15, 2023",737
NCIS,NETFLIX,"Jan. 22, 2023",695
NCIS,NETFLIX,"Jan. 29, 2023",760
NCIS,NETFLIX,"Feb. 5, 2023",721
NCIS,NETFLIX,"Feb. 12, 2023",783
NCIS,NETFLIX,"Feb. 19, 2023",867
NCIS,NETFLIX,"Feb. 26, 2023",808
NCIS,NETFLIX,"Mar. 5, 2023",826
NCIS,NETFLIX,"Mar. 12, 2023",888
NCIS,NETFLIX,"Mar. 19, 2023",827
NCIS,NETFLIX,"Mar. 26, 2023",797
NCIS,NETFLIX,"Apr. 2, 2023",746
NCIS,NETFLIX,"Apr. 9, 2023",682
NCIS,NETFLIX,"Apr. 16, 2023",779
NCIS,NETFLIX,"Apr. 23, 2023",724
NCIS,NETFLIX,"Apr. 30, 2023",667
NCIS,NETFLIX,"May. 7, 2023",722
NCIS,NETFLIX,"May. 14, 2023",875
NCIS,NETFLIX,"May. 21, 2023",858
NCIS,NETFLIX,"May. 28, 2023",871
NCIS,NETFLIX,"Jun. 4, 2023",755
NCIS,NETFLIX,"Jun. 11, 2023",698
NCIS,NETFLIX,"Jun. 18, 2023",701
NCIS,NETFLIX,"Jun. 25, 2023",710
NCIS,NETFLIX,"Jul. 2, 2023",579
NCIS,NETFLIX,"Jul. 9, 2023",674
NCIS,NETFLIX,"Jul. 16, 2023",828
NCIS,NETFLIX,"Jul. 23, 2023",741
NCIS,NETFLIX,"Jul. 30, 2023",707
NCIS,NETFLIX,"Aug. 6, 2023",691
NCIS,NETFLIX,"Aug. 13, 2023",771
NCIS,NETFLIX,"Aug. 20, 2023",775
NCIS,NETFLIX,"Aug. 27, 2023",784
NCIS,NETFLIX,"Sep. 3, 2023",797
NCIS,NETFLIX,"Sep. 10, 2023",637
NCIS,NETFLIX,"Sep. 17, 2023",603
NCIS,NETFLIX,"Sep. 24, 2023",686
NCIS,NETFLIX,"Oct. 1, 2023",673
NCIS,NETFLIX,"Oct. 8, 2023",666
NCIS,NETFLIX,"Oct. 15, 2023",688
NCIS,NETFLIX,"Oct. 22, 2023",811
NCIS,NETFLIX,"Oct. 29, 2023",709
NCIS,NETFLIX,"Nov. 5, 2023",684
NCIS,NETFLIX,"Nov. 12, 2023",705
NCIS,NETFLIX,"Nov. 19, 2023",754
NCIS,NETFLIX,"Nov. 26, 2023",763
NCIS,NETFLIX,"Dec. 3, 2023",722
NCIS,NETFLIX,"Dec. 10, 2023",679
NCIS,NETFLIX,"Dec. 17, 2023",722
NCIS,NETFLIX,"Dec. 24, 2023",698
NCIS,NETFLIX,"Dec. 31, 2023",905
NCIS,NETFLIX,"Jan. 7, 2024",928
NCIS,NETFLIX,"Jan. 14, 2024",835
NCIS,NETFLIX,"Jan. 21, 2024",756
NCIS,NETFLIX,"Jan. 28, 2024",654
NCIS,NETFLIX,"Feb. 4, 2024",689
NCIS,NETFLIX,"Feb. 11, 2024",672
NCIS,NETFLIX,"Feb. 18, 2024",767
NCIS,NETFLIX,"Feb. 25, 2024",737
NEW AMSTERDAM,NETFLIX,"Jan. 15, 2023",673
NEW AMSTERDAM,NETFLIX,"Jan. 22, 2023",615
NEW AMSTERDAM,NETFLIX,"Feb. 5, 2023","1,253"
NEW AMSTERDAM,NETFLIX,"Feb. 12, 2023","1,469"
NEW AMSTERDAM,NETFLIX,"Feb. 19, 2023","1,053"
NEW AMSTERDAM,NETFLIX,"Feb. 26, 2023",850
NEW AMSTERDAM,NETFLIX,"Mar. 5, 2023",661
NEW AMSTERDAM,NETFLIX,"Mar. 12, 2023",504
NEW GIRL,NETFLIX,"Aug. 16, 2020",359
NEW GIRL,NETFLIX,"Jan. 3, 2021",728
NEW GIRL,NETFLIX,"Jan. 10, 2021",427
NEW GIRL,NETFLIX,"Jan. 17, 2021",354
NEW GIRL,NETFLIX,"Jan. 24, 2021",475
NEW GIRL,NETFLIX,"Jan. 31, 2021",399
NEW GIRL,NETFLIX,"Mar. 14, 2021",312
NEW GIRL,NETFLIX,"Mar. 21, 2021",289
NEW GIRL,NETFLIX,"Apr. 4, 2021",280
NEW GIRL,NETFLIX,"Apr. 11, 2021",266
NEW GIRL,NETFLIX,"Apr. 18, 2021",290
NEW GIRL,NETFLIX,"May. 2, 2021",289
NEW GIRL,NETFLIX,"May. 9, 2021",279
NEW GIRL,NETFLIX,"May. 16, 2021",261
NEW GIRL,NETFLIX,"May. 23, 2021",258
NEW GIRL,NETFLIX,"May. 30, 2021",227
NEW GIRL,NETFLIX,"Sep. 19, 2021",273
NEW GIRL,NETFLIX,"Dec. 12, 2021",298
NEW GIRL,NETFLIX,"Feb. 13, 2022",289
NEW GIRL,NETFLIX,"Feb. 20, 2022",335
NEW GIRL,NETFLIX,"Mar. 6, 2022",285
NEW GIRL,NETFLIX,"Mar. 13, 2022",312
NEW GIRL,NETFLIX,"Mar. 20, 2022",277
NEW GIRL,NETFLIX,"May. 1, 2022",317
NEW GIRL,NETFLIX,"May. 8, 2022",286
"NICKY, RICKY, DICKY & DAWN",NETFLIX,"Apr. 18, 2021",326
"NICKY, RICKY, DICKY & DAWN",NETFLIX,"Apr. 25, 2021",364
"NICKY, RICKY, DICKY & DAWN",NETFLIX,"May. 2, 2021",359
"NICKY, RICKY, DICKY & DAWN",NETFLIX,"May. 9, 2021",255
"NICKY, RICKY, DICKY & DAWN",NETFLIX,"May. 16, 2021",276
OUTLANDER,NETFLIX,"Jan. 31, 2021",654
OUTLANDER,NETFLIX,"Feb. 7, 2021",379
OUTLANDER,NETFLIX,"Feb. 14, 2021",611
OUTLANDER,NETFLIX,"Feb. 21, 2021",621
OUTLANDER,NETFLIX,"Feb. 28, 2021",431
OUTLANDER,NETFLIX,"May. 15, 2022",390
OUTLANDER,NETFLIX,"May. 22, 2022",456
OUTLANDER,NETFLIX,"May. 29, 2022",349
OUTLANDER,NETFLIX,"Jun. 5, 2022",364
OUTLANDER,NETFLIX,"Jun. 12, 2022",326
OUTLANDER,NETFLIX,"Jul. 16, 2023",446
PARKS AND RECREATION,NETFLIX,"Aug. 9, 2020",304
QUEEN OF THE SOUTH,NETFLIX,"Apr. 10, 2022",476
QUEEN OF THE SOUTH,NETFLIX,"Apr. 17, 2022",635
QUEEN OF THE SOUTH,NETFLIX,"Apr. 24, 2022",473
RICK AND MORTY,HULU,"Feb. 13, 2022",385
RICK AND MORTY,HULU/MAX,"May. 14, 2023",464
RICK AND MORTY,HULU/MAX,"May. 21, 2023",476
RICK AND MORTY,HULU/MAX,"Jan. 28, 2024",617
RIVERDALE,NETFLIX,"Oct. 24, 2021",359
RIVERDALE,NETFLIX,"Oct. 31, 2021",394
RIVERDALE,NETFLIX,"Aug. 14, 2022",578
RIVERDALE,NETFLIX,"Aug. 21, 2022",454
ROYAL PAINS,AMA/NET,"Feb. 11, 2024",707
ROYAL PAINS,AMA/NET,"Feb. 18, 2024",617
S.W.A.T.,HULU/NET,"May. 21, 2023",635
S.W.A.T.,HULU/NET,"May. 28, 2023","1,350"
S.W.A.T.,HULU/NET,"Jun. 4, 2023","1,408"
S.W.A.T.,HULU/NET,"Jun. 11, 2023","1,257"
S.W.A.T.,HULU/NET,"Jun. 18, 2023","1,213"
S.W.A.T.,HULU/NET,"Jun. 25, 2023","1,040"
S.W.A.T.,HULU/NET,"Jul. 2, 2023",891
S.W.A.T.,HULU/NET,"Jul. 9, 2023",773
S.W.A.T.,HULU/NET,"Jul. 16, 2023",612
S.W.A.T.,HULU/NET,"Jul. 23, 2023",573
S.W.A.T.,HULU/NET,"Jul. 30, 2023",607
S.W.A.T.,HULU/NET,"Aug. 6, 2023",482
S.W.A.T.,HULU/NET,"Aug. 13, 2023",462
S.W.A.T.,HULU/NET,"Sep. 3, 2023",643
S.W.A.T.,HULU/NET,"Sep. 10, 2023","1,041"
S.W.A.T.,HULU/NET,"Sep. 17, 2023",798
S.W.A.T.,HULU/NET,"Sep. 24, 2023",692
S.W.A.T.,HULU/NET,"Oct. 1, 2023",617
S.W.A.T.,HULU/NET,"Oct. 8, 2023",497
SCHITT'S CREEK,NETFLIX,"Sep. 27, 2020",839
SCHITT'S CREEK,NETFLIX,"Oct. 4, 2020",968
SCHITT'S CREEK,NETFLIX,"Oct. 11, 2020","1,456"
SCHITT'S CREEK,NETFLIX,"Oct. 18, 2020","1,373"
SCHITT'S CREEK,NETFLIX,"Oct. 25, 2020","1,058"
SCHITT'S CREEK,NETFLIX,"Nov. 1, 2020",963
SCHITT'S CREEK,NETFLIX,"Nov. 8, 2020",768
SCHITT'S CREEK,NETFLIX,"Nov. 15, 2020",855
SCHITT'S CREEK,NETFLIX,"Nov. 22, 2020",733
SCHITT'S CREEK,NETFLIX,"Nov. 29, 2020",697
SCHITT'S CREEK,NETFLIX,"Dec. 6, 2020",645
SCHITT'S CREEK,NETFLIX,"Dec. 13, 2020",621
SCHITT'S CREEK,NETFLIX,"Dec. 20, 2020",597
SCHITT'S CREEK,NETFLIX,"Jan. 3, 2021",816
SCHITT'S CREEK,NETFLIX,"Jan. 10, 2021",651
SCHITT'S CREEK,NETFLIX,"Jan. 17, 2021",577
SCHITT'S CREEK,NETFLIX,"Jan. 24, 2021",671
SCHITT'S CREEK,NETFLIX,"Jan. 31, 2021",686
SCHITT'S CREEK,NETFLIX,"Feb. 7, 2021",591
SCHITT'S CREEK,NETFLIX,"Feb. 14, 2021",635
SCHITT'S CREEK,NETFLIX,"Feb. 21, 2021",692
SCHITT'S CREEK,NETFLIX,"Feb. 28, 2021",540
SCHITT'S CREEK,NETFLIX,"Mar. 7, 2021",493
SCHITT'S CREEK,NETFLIX,"Mar. 14, 2021",438
SCHITT'S CREEK,NETFLIX,"Mar. 21, 2021",400
SCHITT'S CREEK,NETFLIX,"Mar. 28, 2021",402
SCHITT'S CREEK,NETFLIX,"Apr. 4, 2021",338
SCHITT'S CREEK,NETFLIX,"Apr. 11, 2021",430
SCHITT'S CREEK,NETFLIX,"Apr. 18, 2021",489
SCHITT'S CREEK,NETFLIX,"Apr. 25, 2021",346
SCHITT'S CREEK,NETFLIX,"May. 2, 2021",337
SCHITT'S CREEK,NETFLIX,"May. 9, 2021",293
SCHITT'S CREEK,NETFLIX,"May. 16, 2021",352
SCHITT'S CREEK,NETFLIX,"May. 23, 2021",315
SCHITT'S CREEK,NETFLIX,"May. 30, 2021",288
SCHITT'S CREEK,NETFLIX,"Jun. 27, 2021",299
SCHITT'S CREEK,NETFLIX,"Jul. 4, 2021",260
SCHITT'S CREEK,NETFLIX,"Jul. 11, 2021",291
SCHITT'S CREEK,NETFLIX,"Jul. 25, 2021",278
SCHITT'S CREEK,NETFLIX,"Sep. 19, 2021",272
SEINFELD,NETFLIX,"Oct. 10, 2021",590
SEINFELD,NETFLIX,"Oct. 17, 2021",581
SEINFELD,NETFLIX,"Oct. 24, 2021",595
SEINFELD,NETFLIX,"Oct. 31, 2021",587
SEINFELD,NETFLIX,"Nov. 7, 2021",672
SEINFELD,NETFLIX,"Nov. 14, 2021",629
SEINFELD,NETFLIX,"Nov. 21, 2021",602
SEINFELD,NETFLIX,"Nov. 28, 2021",562
SEINFELD,NETFLIX,"Dec. 5, 2021",592
SEINFELD,NETFLIX,"Dec. 12, 2021",556
SEINFELD,NETFLIX,"Dec. 19, 2021",511
SEINFELD,NETFLIX,"Dec. 26, 2021",493
SEINFELD,NETFLIX,"Jan. 2, 2022",561
SEINFELD,NETFLIX,"Jan. 9, 2022",519
SEINFELD,NETFLIX,"Jan. 16, 2022",502
SEINFELD,NETFLIX,"Jan. 23, 2022",513
SEINFELD,NETFLIX,"Jan. 30, 2022",407
SEINFELD,NETFLIX,"Feb. 6, 2022",462
SEINFELD,NETFLIX,"Feb. 13, 2022",425
SEINFELD,NETFLIX,"Feb. 20, 2022",414
SEINFELD,NETFLIX,"Feb. 27, 2022",374
SEINFELD,NETFLIX,"Mar. 6, 2022",350
SEINFELD,NETFLIX,"Mar. 13, 2022",348
SEINFELD,NETFLIX,"Mar. 20, 2022",377
SEINFELD,NETFLIX,"Mar. 27, 2022",377
SEINFELD,NETFLIX,"Apr. 3, 2022",341
SEINFELD,NETFLIX,"Apr. 10, 2022",355
SEINFELD,NETFLIX,"May. 1, 2022",347
SEINFELD,NETFLIX,"May. 15, 2022",256
SEINFELD,NETFLIX,"May. 22, 2022",285
SEINFELD,NETFLIX,"May. 29, 2022",268
SEINFELD,NETFLIX,"Jun. 19, 2022",326
SEINFELD,NETFLIX,"Jul. 17, 2022",397
SEINFELD,NETFLIX,"Jul. 24, 2022",402
SEINFELD,NETFLIX,"Jul. 31, 2022",386
SEINFELD,NETFLIX,"Aug. 7, 2022",354
SEINFELD,NETFLIX,"Aug. 14, 2022",355
SHAMELESS,NETFLIX,"Aug. 2, 2020","1,506"
SHAMELESS,NETFLIX,"Aug. 9, 2020","1,125"
SHAMELESS,NETFLIX,"Aug. 16, 2020",968
SHAMELESS,NETFLIX,"Aug. 23, 2020",802
SHAMELESS,NETFLIX,"Aug. 30, 2020",637
SHAMELESS,NETFLIX,"Sep. 6, 2020",639
SHAMELESS,NETFLIX,"Sep. 13, 2020",556
SHAMELESS,NETFLIX,"Sep. 20, 2020",534
SHAMELESS,NETFLIX,"Jan. 3, 2021",329
SHAMELESS,NETFLIX,"Jul. 11, 2021",275
SHAMELESS,NETFLIX,"Jul. 18, 2021",290
SHAMELESS,NETFLIX,"Oct. 17, 2021",964
SHAMELESS,NETFLIX,"Oct. 24, 2021",851
SHAMELESS,NETFLIX,"Oct. 31, 2021",624
SHAMELESS,NETFLIX,"Nov. 7, 2021",594
SHAMELESS,NETFLIX,"Nov. 14, 2021",432
SHAMELESS,NETFLIX,"Nov. 21, 2021",331
SHAMELESS,NETFLIX,"Nov. 28, 2021",408
SHAMELESS,NETFLIX,"Dec. 5, 2021",334
SHAMELESS,NETFLIX,"Dec. 12, 2021",316
SHAMELESS,NETFLIX,"Dec. 19, 2021",316
SHAMELESS,NETFLIX,"Dec. 26, 2021",273
SHAMELESS,NETFLIX,"Jan. 2, 2022",365
SHAMELESS,NETFLIX,"Jan. 9, 2022",366
SHAMELESS,NETFLIX,"Jan. 16, 2022",317
SHAMELESS,NETFLIX,"Feb. 6, 2022",312
SHAMELESS,NETFLIX,"Apr. 17, 2022",301
SHAMELESS,NETFLIX,"Jul. 31, 2022",353
SHAMELESS,NETFLIX,"Aug. 7, 2022",354
SHAMELESS,NETFLIX,"Mar. 26, 2023",467
SHAMELESS,NETFLIX,"Apr. 16, 2023",433
SHAMELESS,NETFLIX,"Apr. 23, 2023",536
SHAMELESS,NETFLIX,"Apr. 30, 2023",521
SHAMELESS,NETFLIX,"May. 7, 2023",557
SHAMELESS,NETFLIX,"May. 14, 2023",524
SHAMELESS,NETFLIX,"May. 21, 2023",429
SHAMELESS,NETFLIX,"Jun. 18, 2023",496
SHAMELESS,NETFLIX,"Oct. 8, 2023",497
SHAMELESS,NETFLIX,"Oct. 15, 2023",496
SHAMELESS,NETFLIX,"Oct. 22, 2023",446
SHAMELESS,NETFLIX,"Oct. 29, 2023",455
SHAMELESS,NETFLIX,"Nov. 19, 2023",545
SHAMELESS,NETFLIX,"Dec. 3, 2023",540
SHAMELESS,NETFLIX,"Dec. 17, 2023",422
SHAMELESS,NETFLIX,"Feb. 11, 2024",557
"SISTER, SISTER",NETFLIX,"Sep. 13, 2020",432
SIX FEET UNDER,MAX/NET,"Nov. 12, 2023",692
SIX FEET UNDER,MAX/NET,"Nov. 19, 2023",696
SIX FEET UNDER,MAX/NET,"Nov. 26, 2023",592
SOUTH PARK,HBO MAX,"Feb. 19, 2023",566
SOUTH PARK,HBO MAX,"Feb. 26, 2023",704
SOUTH PARK,HBO MAX,"Mar. 5, 2023",687
SOUTH PARK,HBO MAX,"Mar. 12, 2023",806
SOUTH PARK,HBO MAX,"Mar. 19, 2023",741
SOUTH PARK,HBO MAX,"Mar. 26, 2023",831
SOUTH PARK,HBO MAX,"Apr. 2, 2023",757
SOUTH PARK,HBO MAX,"Apr. 9, 2023",700
SOUTH PARK,HBO MAX,"Apr. 16, 2023",726
SOUTH PARK,HBO MAX,"Apr. 23, 2023",626
SOUTH PARK,HBO MAX,"Apr. 30, 2023",524
SOUTH PARK,HBO MAX,"May. 7, 2023",473
SPONGEBOB SQUAREPANTS,AMAZON,"May. 30, 2021",217
SPONGEBOB SQUAREPANTS,AMAZON,"Jun. 6, 2021",325
SPONGEBOB SQUAREPANTS,AMAZON,"May. 15, 2022",260
SPONGEBOB SQUAREPANTS,PARA/AMA,"Apr. 9, 2023",452
SPONGEBOB SQUAREPANTS,PARA/AMA,"Jul. 2, 2023",420
SPONGEBOB SQUAREPANTS,PARA/AMA,"Jul. 30, 2023",444
SPONGEBOB SQUAREPANTS,PARA/AMA,"Aug. 6, 2023",439
SPONGEBOB SQUAREPANTS,PARA/AMA,"Aug. 13, 2023",519
SPONGEBOB SQUAREPANTS,PARA/AMA,"Aug. 27, 2023",431
SPONGEBOB SQUAREPANTS,PARA/AMA,"Dec. 24, 2023",440
STARTUP,NETFLIX,"May. 16, 2021",760
STARTUP,NETFLIX,"May. 23, 2021",657
STARTUP,NETFLIX,"May. 30, 2021",547
STARTUP,NETFLIX,"Jun. 6, 2021",383
SUCCESSION,HBO MAX,"Apr. 2, 2023",480
SUCCESSION,HBO MAX,"Apr. 9, 2023",423
SUCCESSION,HBO MAX,"Apr. 16, 2023",638
SUCCESSION,HBO MAX,"Apr. 23, 2023",570
SUCCESSION,HBO MAX,"Apr. 30, 2023",568
SUCCESSION,HBO MAX,"May. 7, 2023",501
SUCCESSION,HBO MAX,"May. 14, 2023",507
SUCCESSION,HBO MAX,"May. 21, 2023",550
SUCCESSION,MAX,"May. 28, 2023",541
SUCCESSION,MAX,"Jun. 4, 2023",607
SUITS,PEA/NET,"Jun. 25, 2023","2,318"
SUITS,PEA/NET,"Jul. 2, 2023","3,142"
SUITS,PEA/NET,"Jul. 9, 2023","3,674"
SUITS,PEA/NET,"Jul. 16, 2023","3,698"
SUITS,PEA/NET,"Jul. 23, 2023","3,879"
SUITS,PEA/NET,"Jul. 30, 2023","3,595"
SUITS,PEA/NET,"Aug. 6, 2023","3,237"
SUITS,NETFLIX,"Aug. 13, 2023","3,010"
SUITS,PEA/NET,"Aug. 20, 2023","2,836"
SUITS,PEA/NET,"Aug. 27, 2023","2,662"
SUITS,PEA/NET,"Sep. 3, 2023","2,450"
SUITS,PEA/NET,"Sep. 10, 2023","2,359"
SUITS,PEA/NET,"Sep. 17, 2023","1,900"
SUITS,PEA/NET,"Sep. 24, 2023","1,791"
SUITS,PEA/NET,"Oct. 1, 2023","1,429"
SUITS,PEA/NET,"Oct. 8, 2023","1,280"
SUITS,PEA/NET,"Oct. 15, 2023","1,126"
SUITS,PEA/NET,"Oct. 22, 2023","1,059"
SUITS,PEA/NET,"Oct. 29, 2023",997
SUITS,PEA/NET,"Nov. 5, 2023",914
SUITS,PEA/NET,"Nov. 12, 2023",826
SUITS,PEA/NET,"Nov. 19, 2023",794
SUITS,PEA/NET,"Nov. 26, 2023",755
SUITS,PEA/NET,"Dec. 3, 2023",683
SUITS,PEA/NET,"Dec. 10, 2023",679
SUITS,PEA/NET,"Dec. 17, 2023",652
SUITS,PEA/NET,"Dec. 24, 2023",659
SUITS,PEA/NET,"Dec. 31, 2023",721
SUITS,PEA/NET,"Jan. 7, 2024",766
SUITS,PEA/NET,"Jan. 14, 2024",693
SUITS,PEA/NET,"Jan. 21, 2024",732
SUITS,PEA/NET,"Jan. 28, 2024",605
SUITS,PEA/NET,"Feb. 4, 2024",732
SUITS,PEA/NET,"Feb. 11, 2024",652
SUITS,PEA/NET,"Feb. 18, 2024",682
SUITS,PEA/NET,"Feb. 25, 2024",702
SUPERNATURAL,NETFLIX,"Aug. 9, 2020",315
SUPERNATURAL,NETFLIX,"Dec. 6, 2020",694
SUPERNATURAL,NETFLIX,"Dec. 13, 2020",774
SUPERNATURAL,NETFLIX,"Dec. 20, 2020",684
SUPERNATURAL,NETFLIX,"Jan. 3, 2021",526
SUPERNATURAL,NETFLIX,"Jan. 10, 2021",526
SUPERNATURAL,NETFLIX,"Jan. 17, 2021",591
SUPERNATURAL,NETFLIX,"Jan. 24, 2021",527
SUPERNATURAL,NETFLIX,"Jan. 31, 2021",519
SUPERNATURAL,NETFLIX,"Feb. 7, 2021",425
SUPERNATURAL,NETFLIX,"Mar. 7, 2021",400
SUPERNATURAL,NETFLIX,"Mar. 14, 2021",393
SUPERNATURAL,NETFLIX,"Mar. 21, 2021",358
SUPERNATURAL,NETFLIX,"Mar. 28, 2021",343
SUPERNATURAL,NETFLIX,"Apr. 4, 2021",377
SUPERNATURAL,NETFLIX,"Apr. 11, 2021",292
SUPERNATURAL,NETFLIX,"Apr. 18, 2021",313
SUPERNATURAL,NETFLIX,"Apr. 25, 2021",327
SUPERNATURAL,NETFLIX,"May. 2, 2021",374
SUPERNATURAL,NETFLIX,"May. 9, 2021",380
SUPERNATURAL,NETFLIX,"May. 16, 2021",239
SUPERNATURAL,NETFLIX,"May. 23, 2021",298
SUPERNATURAL,NETFLIX,"May. 30, 2021",270
SUPERNATURAL,NETFLIX,"Jun. 6, 2021",323
SUPERNATURAL,NETFLIX,"Jun. 13, 2021",354
SUPERNATURAL,NETFLIX,"Jun. 20, 2021",364
SUPERNATURAL,NETFLIX,"Jun. 27, 2021",333
SUPERNATURAL,NETFLIX,"Jul. 4, 2021",376
SUPERNATURAL,NETFLIX,"Jul. 11, 2021",455
SUPERNATURAL,NETFLIX,"Jul. 18, 2021",273
SUPERNATURAL,NETFLIX,"Jul. 25, 2021",294
SUPERNATURAL,NETFLIX,"Aug. 8, 2021",368
SUPERNATURAL,NETFLIX,"Aug. 29, 2021",354
SUPERNATURAL,NETFLIX,"Sep. 5, 2021",426
SUPERNATURAL,NETFLIX,"Sep. 12, 2021",369
SUPERNATURAL,NETFLIX,"Sep. 19, 2021",316
SUPERNATURAL,NETFLIX,"Sep. 26, 2021",361
SUPERNATURAL,NETFLIX,"Oct. 3, 2021",283
SUPERNATURAL,NETFLIX,"Oct. 10, 2021",282
SUPERNATURAL,NETFLIX,"Oct. 17, 2021",318
SUPERNATURAL,NETFLIX,"Nov. 14, 2021",362
SUPERNATURAL,NETFLIX,"Nov. 21, 2021",359
SUPERNATURAL,NETFLIX,"Nov. 28, 2021",435
SUPERNATURAL,NETFLIX,"Dec. 5, 2021",352
SUPERNATURAL,NETFLIX,"Dec. 12, 2021",371
SUPERNATURAL,NETFLIX,"Dec. 19, 2021",353
SUPERNATURAL,NETFLIX,"Dec. 26, 2021",348
SUPERNATURAL,NETFLIX,"Jan. 2, 2022",430
SUPERNATURAL,NETFLIX,"Jan. 9, 2022",393
SUPERNATURAL,NETFLIX,"Jan. 16, 2022",348
SUPERNATURAL,NETFLIX,"Jan. 23, 2022",417
SUPERNATURAL,NETFLIX,"Jan. 30, 2022",394
SUPERNATURAL,NETFLIX,"Feb. 6, 2022",304
SUPERNATURAL,NETFLIX,"Feb. 13, 2022",289
SUPERNATURAL,NETFLIX,"Feb. 20, 2022",335
SUPERNATURAL,NETFLIX,"Feb. 27, 2022",317
SUPERNATURAL,NETFLIX,"Mar. 6, 2022",339
SUPERNATURAL,NETFLIX,"Mar. 13, 2022",318
SUPERNATURAL,NETFLIX,"Mar. 20, 2022",317
SUPERNATURAL,NETFLIX,"Mar. 27, 2022",343
SUPERNATURAL,NETFLIX,"Apr. 3, 2022",328
SUPERNATURAL,NETFLIX,"Apr. 10, 2022",305
SUPERNATURAL,NETFLIX,"Apr. 17, 2022",347
SUPERNATURAL,NETFLIX,"May. 8, 2022",343
SUPERNATURAL,NETFLIX,"May. 15, 2022",343
SUPERNATURAL,NETFLIX,"May. 22, 2022",349
SUPERNATURAL,NETFLIX,"May. 29, 2022",346
SUPERNATURAL,NETFLIX,"Jun. 5, 2022",367
SUPERNATURAL,NETFLIX,"Jun. 19, 2022",441
SUPERNATURAL,NETFLIX,"Jun. 26, 2022",379
SUPERNATURAL,NETFLIX,"Jul. 3, 2022",528
SUPERNATURAL,NETFLIX,"Jul. 10, 2022",374
SUPERNATURAL,NETFLIX,"Jul. 17, 2022",373
SUPERNATURAL,NETFLIX,"Jul. 24, 2022",402
SUPERNATURAL,NETFLIX,"Jul. 31, 2022",356
SUPERNATURAL,NETFLIX,"Aug. 21, 2022",432
SUPERNATURAL,NETFLIX,"Oct. 2, 2022",501
SUPERNATURAL,NETFLIX,"Jan. 8, 2023",535
SUPERNATURAL,NETFLIX,"Mar. 19, 2023",649
SUPERNATURAL,NETFLIX,"Mar. 26, 2023",583
SUPERNATURAL,NETFLIX,"Apr. 2, 2023",535
SUPERNATURAL,NETFLIX,"Apr. 9, 2023",484
SUPERNATURAL,NETFLIX,"Apr. 16, 2023",529
SUPERNATURAL,NETFLIX,"Apr. 23, 2023",439
SUPERNATURAL,NETFLIX,"May. 14, 2023",462
SUPERNATURAL,NETFLIX,"May. 21, 2023",429
SUPERNATURAL,NETFLIX,"Jul. 9, 2023",450
SUPERNATURAL,NETFLIX,"Jul. 16, 2023",460
SUPERNATURAL,NETFLIX,"Jul. 23, 2023",457
SUPERNATURAL,NETFLIX,"Jul. 30, 2023",417
SUPERNATURAL,NETFLIX,"Aug. 13, 2023",455
SUPERNATURAL,NETFLIX,"Aug. 20, 2023",492
SUPERNATURAL,NETFLIX,"Aug. 27, 2023",488
SUPERNATURAL,NETFLIX,"Sep. 3, 2023",493
SUPERNATURAL,NETFLIX,"Oct. 1, 2023",425
TACOMA FD,MAX/NET,"Jan. 7, 2024",622
THE 100,NETFLIX,"Oct. 11, 2020",664
THE 100,NETFLIX,"Oct. 18, 2020",933
THE 100,NETFLIX,"Oct. 25, 2020",657
THE 100,NETFLIX,"Nov. 8, 2020",407
THE BAKER AND THE BEAUTY,NETFLIX,"Apr. 18, 2021",315
THE BAKER AND THE BEAUTY,NETFLIX,"Apr. 25, 2021",495
THE BIG BANG THEORY,HBO MAX,"Jun. 5, 2022",352
THE BIG BANG THEORY,HBO MAX,"Jun. 12, 2022",305
THE BIG BANG THEORY,HBO MAX,"Jun. 19, 2022",355
THE BIG BANG THEORY,HBO MAX,"Jun. 26, 2022",387
THE BIG BANG THEORY,HBO MAX,"Jul. 10, 2022",383
THE BIG BANG THEORY,HBO MAX,"Jul. 24, 2022",406
THE BIG BANG THEORY,HBO MAX,"Jul. 31, 2022",392
THE BIG BANG THEORY,HBO MAX,"Aug. 7, 2022",410
THE BIG BANG THEORY,HBO MAX,"Aug. 14, 2022",399
THE BIG BANG THEORY,HBO MAX,"Aug. 21, 2022",475
THE BIG BANG THEORY,HBO MAX,"Aug. 28, 2022",606
THE BIG BANG THEORY,HBO MAX,"Sep. 4, 2022",571
THE BIG BANG THEORY,HBO MAX,"Sep. 11, 2022",499
THE BIG BANG THEORY,HBO MAX,"Sep. 18, 2022",504
THE BIG BANG THEORY,HBO MAX,"Sep. 25, 2022",510
THE BIG BANG THEORY,HBO MAX,"Oct. 2, 2022",459
THE BIG BANG THEORY,HBO MAX,"Oct. 23, 2022",450
THE BIG BANG THEORY,HBO MAX,"Oct. 30, 2022",456
THE BIG BANG THEORY,HBO MAX,"Nov. 6, 2022",436
THE BIG BANG THEORY,HBO MAX,"Nov. 13, 2022",463
THE BIG BANG THEORY,HBO MAX,"Nov. 20, 2022",505
THE BIG BANG THEORY,HBO MAX,"Nov. 27, 2022",452
THE BIG BANG THEORY,HBO MAX,"Dec. 4, 2022",493
THE BIG BANG THEORY,HBO MAX,"Dec. 11, 2022",525
THE BIG BANG THEORY,HBO MAX,"Dec. 18, 2022",575
THE BIG BANG THEORY,HBO MAX,"Dec. 25, 2022",548
THE BIG BANG THEORY,HBO MAX,"Jan. 1, 2023",656
THE BIG BANG THEORY,HBO MAX,"Jan. 8, 2023",559
THE BIG BANG THEORY,HBO MAX,"Jan. 15, 2023",568
THE BIG BANG THEORY,HBO MAX,"Jan. 22, 2023",621
THE BIG BANG THEORY,HBO MAX,"Jan. 29, 2023",641
THE BIG BANG THEORY,HBO MAX,"Feb. 5, 2023",624
THE BIG BANG THEORY,HBO MAX,"Feb. 19, 2023",528
THE BIG BANG THEORY,HBO MAX,"Feb. 26, 2023",547
THE BIG BANG THEORY,HBO MAX,"Mar. 5, 2023",527
THE BIG BANG THEORY,HBO MAX,"Mar. 19, 2023",455
THE BIG BANG THEORY,HBO MAX,"Mar. 26, 2023",481
THE BIG BANG THEORY,HBO MAX,"Apr. 2, 2023",501
THE BIG BANG THEORY,HBO MAX,"Apr. 9, 2023",480
THE BIG BANG THEORY,HBO MAX,"Apr. 16, 2023",500
THE BIG BANG THEORY,HBO MAX,"Apr. 23, 2023",535
THE BIG BANG THEORY,HBO MAX,"Apr. 30, 2023",525
THE BIG BANG THEORY,HBO MAX,"May. 7, 2023",638
THE BIG BANG THEORY,HBO MAX,"May. 14, 2023",541
THE BIG BANG THEORY,HBO MAX,"May. 21, 2023",502
THE BIG BANG THEORY,MAX,"May. 28, 2023",442
THE BIG BANG THEORY,MAX,"Jun. 4, 2023",499
THE BIG BANG THEORY,MAX,"Jun. 11, 2023",486
THE BIG BANG THEORY,MAX,"Jun. 18, 2023",490
THE BIG BANG THEORY,MAX,"Jun. 25, 2023",581
THE BIG BANG THEORY,MAX,"Jul. 2, 2023",602
THE BIG BANG THEORY,MAX,"Jul. 9, 2023",469
THE BIG BANG THEORY,MAX,"Jul. 16, 2023",497
THE BIG BANG THEORY,MAX,"Jul. 23, 2023",458
THE BIG BANG THEORY,MAX,"Jul. 30, 2023",485
THE BIG BANG THEORY,MAX,"Aug. 13, 2023",522
THE BIG BANG THEORY,MAX,"Aug. 20, 2023",500
THE BIG BANG THEORY,MAX,"Aug. 27, 2023",497
THE BIG BANG THEORY,MAX,"Sep. 3, 2023",590
THE BIG BANG THEORY,MAX,"Sep. 10, 2023",561
THE BIG BANG THEORY,MAX,"Sep. 17, 2023",460
THE BIG BANG THEORY,MAX,"Sep. 24, 2023",443
THE BIG BANG THEORY,MAX,"Oct. 1, 2023",490
THE BIG BANG THEORY,MAX,"Oct. 8, 2023",418
THE BIG BANG THEORY,MAX,"Oct. 22, 2023",552
THE BIG BANG THEORY,MAX,"Oct. 29, 2023",450
THE BIG BANG THEORY,MAX,"Nov. 19, 2023",504
THE BIG BANG THEORY,MAX,"Nov. 26, 2023",590
THE BIG BANG THEORY,MAX,"Dec. 3, 2023",565
THE BIG BANG THEORY,MAX,"Dec. 10, 2023",592
THE BIG BANG THEORY,MAX,"Dec. 17, 2023",632
THE BIG BANG THEORY,MAX,"Dec. 24, 2023",587
THE BIG BANG THEORY,MAX,"Dec. 31, 2023",661
THE BIG BANG THEORY,MAX,"Jan. 7, 2024",757
THE BIG BANG THEORY,MAX,"Jan. 14, 2024",682
THE BIG BANG THEORY,MAX,"Jan. 21, 2024",732
THE BIG BANG THEORY,MAX,"Jan. 28, 2024",690
THE BIG BANG THEORY,MAX,"Feb. 4, 2024",750
THE BIG BANG THEORY,MAX,"Feb. 11, 2024",690
THE BIG BANG THEORY,MAX,"Feb. 18, 2024",576
THE BIG BANG THEORY,MAX,"Feb. 25, 2024",658
THE BLACKLIST,NETFLIX,"Sep. 27, 2020",929
THE BLACKLIST,NETFLIX,"Oct. 4, 2020",852
THE BLACKLIST,NETFLIX,"Oct. 11, 2020",644
THE BLACKLIST,NETFLIX,"Oct. 18, 2020",591
THE BLACKLIST,NETFLIX,"Nov. 8, 2020",417
THE BLACKLIST,NETFLIX,"Nov. 15, 2020",381
THE BLACKLIST,NETFLIX,"Jan. 3, 2021",291
THE BLACKLIST,NETFLIX,"Jan. 10, 2021",264
THE BLACKLIST,NETFLIX,"Jan. 17, 2021",307
THE BLACKLIST,NETFLIX,"Oct. 10, 2021",455
THE BLACKLIST,NETFLIX,"Oct. 17, 2021",656
THE BLACKLIST,NETFLIX,"Oct. 24, 2021",586
THE BLACKLIST,NETFLIX,"Oct. 31, 2021",539
THE BLACKLIST,NETFLIX,"Nov. 7, 2021",395
THE BLACKLIST,NETFLIX,"Dec. 26, 2021",260
THE BLACKLIST,NETFLIX,"Aug. 28, 2022",392
THE BLACKLIST,NETFLIX,"Oct. 9, 2022",595
THE BLACKLIST,NETFLIX,"Oct. 16, 2022",906
THE BLACKLIST,NETFLIX,"Oct. 23, 2022",807
THE BLACKLIST,NETFLIX,"Oct. 30, 2022",735
THE BLACKLIST,NETFLIX,"Nov. 6, 2022",696
THE BLACKLIST,NETFLIX,"Nov. 13, 2022",593
THE BLACKLIST,NETFLIX,"Nov. 20, 2022",530
THE BLACKLIST,NETFLIX,"Nov. 27, 2022",469
THE BLACKLIST,NETFLIX,"Mar. 12, 2023",529
THE BLACKLIST,NETFLIX,"Feb. 25, 2024",593
THE FAIRLY ODDPARENTS,NETFLIX,"Apr. 24, 2022",415
THE FAIRLY ODDPARENTS,NETFLIX,"May. 1, 2022",318
THE FAIRLY ODDPARENTS,NETFLIX,"May. 8, 2022",299
THE FAMILY BUSINESS,NETFLIX,"Nov. 5, 2023",606
THE FIRST WIVES CLUB,NETFLIX,"Nov. 26, 2023",755
THE FIRST WIVES CLUB,NETFLIX,"Dec. 3, 2023",638
THE FLASH,NETFLIX,"Aug. 1, 2021",519
THE FLASH,NETFLIX,"Aug. 8, 2021",472
THE FLASH,NETFLIX,"Aug. 15, 2021",425
THE FLASH,NETFLIX,"Sep. 5, 2021",336
THE FLASH,NETFLIX,"Sep. 12, 2021",305
THE FLASH,NETFLIX,"Jul. 17, 2022",529
THE FLASH,NETFLIX,"Jun. 11, 2023",467
THE GOLDEN GIRLS,NETFLIX,"Jan. 9, 2022",384
THE GOOD WITCH,NETFLIX,"Oct. 10, 2021",368
THE GOOD WITCH,NETFLIX,"Oct. 17, 2021",357
THE LAST OF US,HBO MAX,"Jan. 22, 2023",837
THE LAST OF US,HBO MAX,"Jan. 29, 2023",877
THE LAST OF US,HBO MAX,"Feb. 5, 2023","1,190"
THE LAST OF US,HBO MAX,"Feb. 12, 2023","1,109"
THE LAST OF US,HBO MAX,"Feb. 19, 2023",943
THE LAST OF US,HBO MAX,"Feb. 26, 2023","1,187"
THE LAST OF US,HBO MAX,"Mar. 5, 2023","1,011"
THE LAST OF US,HBO MAX,"Mar. 12, 2023","1,058"
THE LAST OF US,HBO MAX,"Mar. 19, 2023",817
THE LEGEND OF KORRA,NETFLIX,"Aug. 16, 2020",556
THE LEGEND OF KORRA,NETFLIX,"Aug. 23, 2020","1,248"
THE LEGEND OF KORRA,NETFLIX,"Aug. 30, 2020",808
THE LEGEND OF KORRA,NETFLIX,"Sep. 6, 2020",541
THE OFFICE,NETFLIX,"Mar. 22, 2020","1,438"
THE OFFICE,NETFLIX,"Mar. 29, 2020","1,488"
THE OFFICE,NETFLIX,"Aug. 9, 2020",897
THE OFFICE,NETFLIX,"Aug. 16, 2020",958
THE OFFICE,NETFLIX,"Aug. 23, 2020",928
THE OFFICE,NETFLIX,"Aug. 30, 2020",919
THE OFFICE,NETFLIX,"Sep. 6, 2020",843
THE OFFICE,NETFLIX,"Sep. 13, 2020",947
THE OFFICE,NETFLIX,"Sep. 20, 2020",902
THE OFFICE,NETFLIX,"Sep. 27, 2020",893
THE OFFICE,NETFLIX,"Oct. 4, 2020",929
THE OFFICE,NETFLIX,"Oct. 11, 2020",862
THE OFFICE,NETFLIX,"Oct. 18, 2020",900
THE OFFICE,NETFLIX,"Oct. 25, 2020",869
THE OFFICE,NETFLIX,"Nov. 1, 2020","1,046"
THE OFFICE,NETFLIX,"Nov. 8, 2020","1,093"
THE OFFICE,NETFLIX,"Nov. 15, 2020","1,089"
THE OFFICE,NETFLIX,"Nov. 22, 2020","1,067"
THE OFFICE,NETFLIX,"Nov. 29, 2020","1,142"
THE OFFICE,NETFLIX,"Dec. 6, 2020","1,312"
THE OFFICE,NETFLIX,"Dec. 13, 2020","1,279"
THE OFFICE,NETFLIX,"Dec. 20, 2020","1,311"
THE OFFICE,NETFLIX,"Dec. 27, 2020","1,435"
THE OFFICE,NETFLIX,"Jan. 3, 2021",937
THE OFFICE,PEACOCK,"Jan. 28, 2024",602
THE PACIFIC,MAX/NET,"Sep. 24, 2023",491
THE PACIFIC,MAX/NET,"Oct. 1, 2023",408
THE SIMPSONS,NETFLIX,"Sep. 26, 2021",272
THE SIMPSONS,NETFLIX,"Oct. 3, 2021",284
THE SIMPSONS,DISNEY+,"Feb. 13, 2022",295
THE SIMPSONS,DISNEY+,"Sep. 4, 2022",397
THE SIMPSONS,DISNEY+,"Oct. 9, 2022",468
THE SIMPSONS,NETFLIX,"Oct. 23, 2022",452
THE SIMPSONS,DISNEY+,"Nov. 6, 2022",383
THE SIMPSONS,DISNEY+,"Oct. 15, 2023",447
THE SIMPSONS,DISNEY+,"Oct. 22, 2023",491
THE SIMPSONS,DISNEY+,"Oct. 29, 2023",480
THE SIMPSONS,DISNEY+,"Nov. 12, 2023",545
THE SINNER,NETFLIX,"Feb. 14, 2021","1,229"
THE SINNER,NETFLIX,"Feb. 21, 2021",744
THE SINNER,NETFLIX,"Feb. 28, 2021",426
THE SINNER,NETFLIX,"Mar. 7, 2021",334
THE SINNER,NETFLIX,"Oct. 16, 2022",464
THE SINNER,NETFLIX,"Oct. 23, 2022",935
THE SINNER,NETFLIX,"Oct. 30, 2022",524
THE THUNDERMANS,HULU/NET,"Nov. 14, 2021",480
THE THUNDERMANS,HULU/NET,"Nov. 21, 2021",359
THE THUNDERMANS,HULU/NET,"Nov. 28, 2021",391
THE THUNDERMANS,HULU/NET,"Dec. 12, 2021",297
THE THUNDERMANS,HULU/NET,"Dec. 26, 2021",290
THE THUNDERMANS,HULU/NET,"Jan. 9, 2022",379
THE UNXPLAINED,NETFLIX,"Jul. 3, 2022",545
THE VAMPIRE DIARIES,NETFLIX,"Feb. 6, 2022",308
THE VAMPIRE DIARIES,NETFLIX,"Aug. 7, 2022",376
THE WALKING DEAD,NETFLIX,"Aug. 1, 2021",554
THE WALKING DEAD,NETFLIX,"Aug. 8, 2021",720
THE WALKING DEAD,NETFLIX,"Aug. 15, 2021",606
THE WALKING DEAD,NETFLIX,"Aug. 22, 2021",463
THE WALKING DEAD,NETFLIX,"Aug. 29, 2021",433
THE WALKING DEAD,NETFLIX,"Jan. 8, 2023",905
THE WALKING DEAD,NETFLIX,"Jan. 15, 2023","1,429"
THE WALKING DEAD,NETFLIX,"Jan. 22, 2023","1,103"
THE WALKING DEAD,NETFLIX,"Jan. 29, 2023","1,037"
THE WALKING DEAD,NETFLIX,"Feb. 5, 2023",901
THE WALKING DEAD,NETFLIX,"Feb. 12, 2023",708
THE WALKING DEAD,NETFLIX,"Feb. 19, 2023",727
THE WALKING DEAD,NETFLIX,"Feb. 26, 2023",573
THE WALKING DEAD,NETFLIX,"Mar. 5, 2023",502
THE WALKING DEAD,NETFLIX,"Mar. 26, 2023",476
THE WALKING DEAD,NETFLIX,"Apr. 2, 2023",384
THE WHITE LOTUS,HBO MAX,"Nov. 20, 2022",406
THE WHITE LOTUS,HBO MAX,"Dec. 4, 2022",548
THE WHITE LOTUS,HBO MAX,"Dec. 11, 2022",752
THE WHITE LOTUS,NETFLIX,"Dec. 18, 2022",902
THE WHITE LOTUS,HBO MAX,"Dec. 25, 2022",448
THE WHITE LOTUS,HBO MAX,"Jan. 1, 2023",573
THIS IS US,HULU/NET,"Jan. 21, 2024",929
THIS IS US,HULU/NET,"Jan. 28, 2024",776
THIS IS US,HULU/NET,"Feb. 4, 2024",682
THIS IS US,HULU/NET,"Feb. 11, 2024",543
TRUE DETECTIVE,MAX,"Feb. 11, 2024",745
TRUE DETECTIVE,MAX,"Feb. 18, 2024",773
TRUE DETECTIVE,MAX,"Feb. 25, 2024",889
WARRIOR,MAX/NET,"Feb. 25, 2024",948
WENTWORTH,NETFLIX,"Nov. 7, 2021",419
YELLOWSTONE,PEACOCK,"Nov. 13, 2022",607
YELLOWSTONE,PEACOCK,"Nov. 20, 2022",643
YELLOWSTONE,PEACOCK,"Nov. 27, 2022",736
YELLOWSTONE,PEACOCK,"Dec. 4, 2022",652
YELLOWSTONE,PEACOCK,"Dec. 11, 2022",726
YELLOWSTONE,PEACOCK,"Dec. 18, 2022",611
YELLOWSTONE,PEACOCK,"Dec. 25, 2022",565
YELLOWSTONE,PEACOCK,"Jan. 1, 2023","1,042"
YELLOWSTONE,PEACOCK,"Jan. 8, 2023",750
YELLOWSTONE,PEACOCK,"May. 28, 2023",502
YELLOWSTONE,PEACOCK,"Jun. 4, 2023",508
YELLOWSTONE,PEACOCK,"Jun. 11, 2023",475
YELLOWSTONE,PEACOCK,"Jun. 18, 2023",495
YELLOWSTONE,PEACOCK,"Jul. 9, 2023",424
YOUNG SHELDON,MAX/NET,"Nov. 26, 2023",963
YOUNG SHELDON,MAX/NET,"Dec. 3, 2023","1,846"
YOUNG SHELDON,MAX/NET,"Dec. 10, 2023","1,631"
YOUNG SHELDON,MAX/NET,"Dec. 17, 2023","1,428"
YOUNG SHELDON,MAX/NET,"Dec. 24, 2023","1,408"
YOUNG SHELDON,MAX/NET,"Dec. 31, 2023","1,313"
YOUNG SHELDON,MAX/NET,"Jan. 7, 2024","1,366"
YOUNG SHELDON,MAX/NET,"Jan. 14, 2024","1,051"
YOUNG SHELDON,MAX/NET,"Jan. 21, 2024","1,156"
YOUNG SHELDON,MAX/NET,"Jan. 28, 2024",984
YOUNG SHELDON,MAX/NET,"Feb. 4, 2024","1,305"
YOUNG SHELDON,MAX/NET,"Feb. 11, 2024","1,346"
YOUNG SHELDON,MAX/NET,"Feb. 18, 2024","1,004"
YOUNG SHELDON,MAX/NET,"Feb. 25, 2024",936
1923,PARAMOUNT+,"Mar. 5, 2023",560
BASED ON A TRUE STORY,PEACOCK,"Jun. 11, 2023",342
DR. DEATH,PEACOCK,"Dec. 24, 2023",302
DR. DEATH,PEACOCK,"Dec. 31, 2023",327
HALO,PARAMOUNT+,"Feb. 11, 2024",354
HALO,PARAMOUNT+,"Feb. 18, 2024",458
HALO,PARAMOUNT+,"Feb. 25, 2024",338
HALO,PARAMOUNT+,"Mar. 3, 2024",357
HIJACK,APPLE TV+,"Aug. 6, 2023",357
LAWMEN: BASS REEVES,PARAMOUNT+,"Nov. 12, 2023",290
MASTERS OF THE AIR,APPLE TV+,"Feb. 18, 2024",243
MASTERS OF THE AIR,APPLE TV+,"Feb. 25, 2024",271
POKER FACE,PEACOCK,"Jan. 29, 2023",547
POKER FACE,PEACOCK,"Feb. 5, 2023",641
POKER FACE,PEACOCK,"Feb. 12, 2023",372
POKER FACE,PEACOCK,"Feb. 19, 2023",422
POKER FACE,PEACOCK,"Feb. 26, 2023",423
SCHOOL SPIRITS,NET/PARA+,"Dec. 10, 2023",326
SCHOOL SPIRITS,NET/PARA+,"Dec. 17, 2023",425
SCHOOL SPIRITS,NET/PARA+,"Dec. 24, 2023",345
SCHOOL SPIRITS,NET/PARA+,"Dec. 31, 2023",282
SPECIAL OPS: LIONESS,PARAMOUNT+,"Sep. 3, 2023",363
SPECIAL OPS: LIONESS,PARAMOUNT+,"Sep. 10, 2023",342
STAR TREK: PICARD,PARAMOUNT+,"Mar. 19, 2023",310
STAR TREK: PICARD,PARAMOUNT+,"Apr. 16, 2023",276
STAR TREK: PICARD,PARAMOUNT+,"Apr. 23, 2023",400
STAR TREK: STRANGE NEW WORLDS,PARAMOUNT+,"Jun. 18, 2023",338
STAR TREK: STRANGE NEW WORLDS,PARAMOUNT+,"Jun. 25, 2023",393
STAR TREK: STRANGE NEW WORLDS,PARAMOUNT+,"Jul. 9, 2023",351
STAR TREK: STRANGE NEW WORLDS,PARAMOUNT+,"Jul. 23, 2023",324
STAR TREK: STRANGE NEW WORLDS,PARAMOUNT+,"Jul. 30, 2023",395
STAR TREK: STRANGE NEW WORLDS,PARAMOUNT+,"Aug. 6, 2023",362
STAR TREK: STRANGE NEW WORLDS,PARAMOUNT+,"Aug. 13, 2023",304
TED,PEACOCK,"Jan. 14, 2024",542
TED,PEACOCK,"Jan. 21, 2024",429
TED,PEACOCK,"Jan. 28, 2024",267
TED LASSO,APPLE TV+,"Sep. 26, 2021",509
TED LASSO,APPLE TV+,"Oct. 3, 2021",455
TED LASSO,APPLE TV+,"Oct. 10, 2021",507
TED LASSO,APPLE TV+,"Oct. 17, 2021",352
TED LASSO,APPLE TV+,"Oct. 24, 2021",291
TED LASSO,APPLE TV+,"Oct. 31, 2021",275
TED LASSO,APPLE TV+,"Nov. 7, 2021",310
TED LASSO,APPLE TV+,"Nov. 14, 2021",216
TED LASSO,APPLE TV+,"Mar. 19, 2023",539
TED LASSO,APPLE TV+,"Mar. 26, 2023",568
TED LASSO,APPLE TV+,"Apr. 2, 2023",570
TED LASSO,APPLE TV+,"Apr. 9, 2023",650
TED LASSO,APPLE TV+,"Apr. 16, 2023",614
TED LASSO,APPLE TV+,"Apr. 23, 2023",719
TED LASSO,APPLE TV+,"Apr. 30, 2023",795
TED LASSO,APPLE TV+,"May. 7, 2023",715
TED LASSO,APPLE TV+,"May. 14, 2023",670
TED LASSO,APPLE TV+,"May. 21, 2023",769
TED LASSO,APPLE TV+,"May. 28, 2023",769
TED LASSO,APPLE TV+,"Jun. 4, 2023","1,244"
TED LASSO,APPLE TV+,"Jun. 11, 2023",641
TED LASSO,APPLE TV+,"Jun. 18, 2023",529
TED LASSO,APPLE TV+,"Jun. 25, 2023",459
TED LASSO,APPLE TV+,"Jul. 9, 2023",417
THE BEST MAN: FINAL CHAPTERS,PEACOCK,"Dec. 25, 2022",762
THE BEST MAN: FINAL CHAPTERS,PEACOCK,"Jan. 1, 2023",735
THE MORNING SHOW,APPLE TV+,"Sep. 17, 2023",350
THE MORNING SHOW,APPLE TV+,"Sep. 24, 2023",422
THE MORNING SHOW,APPLE TV+,"Oct. 1, 2023",348
THE MORNING SHOW,APPLE TV+,"Oct. 22, 2023",290
THE MORNING SHOW,APPLE TV+,"Nov. 5, 2023",315
THE MORNING SHOW,APPLE TV+,"Nov. 12, 2023",373
THE TRAITORS,PEACOCK,"Jan. 21, 2024",402
THE TRAITORS,PEACOCK,"Jan. 28, 2024",249
THE TRAITORS,PEACOCK,"Feb. 4, 2024",290
THE TRAITORS,PEACOCK,"Feb. 11, 2024",246
THE TRAITORS,PEACOCK,"Mar. 10, 2024",328
TWISTED METAL,PEACOCK,"Aug. 6, 2023",326
AGE OF THE SAMURAI,NETFLIX,"Feb. 28, 2021",265
ANOTHER LIFE,NETFLIX,"Oct. 24, 2021",304
ATYPICAL,NETFLIX,"Jul. 11, 2021",400
ATYPICAL,NETFLIX,"Jul. 18, 2021",603
ATYPICAL,NETFLIX,"Jul. 25, 2021",422
ATYPICAL,NETFLIX,"Aug. 1, 2021",291
BAKE SQUAD,NETFLIX,"Aug. 22, 2021",276
BAKE SQUAD,NETFLIX,"Jan. 29, 2023",378
BEHIND HER EYES,NETFLIX,"Feb. 21, 2021",677
BEHIND HER EYES,NETFLIX,"Feb. 28, 2021",577
BEHIND HER EYES,NETFLIX,"Mar. 7, 2021",369
BEHIND HER EYES,NETFLIX,"Mar. 14, 2021",261
BLACK SUMMER,NETFLIX,"Jun. 20, 2021",323
BLACK SUMMER,NETFLIX,"Jun. 27, 2021",297
BLING EMPIRE,NETFLIX,"Jan. 24, 2021",425
BLOWN AWAY,NETFLIX,"Jan. 31, 2021",438
BLOWN AWAY,NETFLIX,"Feb. 7, 2021",242
BLOWN AWAY,NETFLIX,"Jul. 24, 2022",284
BLOWN AWAY,NETFLIX,"Jul. 31, 2022",443
BOJACK HORSEMAN,NETFLIX,"Jun. 20, 2021",137
BRAND NEW CHERRY FLAVOR,NETFLIX,"Aug. 22, 2021",240
CAR MASTERS: RUST TO RICHES,NETFLIX,"Aug. 8, 2021",280
CAR MASTERS: RUST TO RICHES,NETFLIX,"Aug. 15, 2021",290
CAR MASTERS: RUST TO RICHES,NETFLIX,"Jul. 31, 2022",397
CAR MASTERS: RUST TO RICHES,NETFLIX,"Aug. 7, 2022",274
CAR MASTERS: RUST TO RICHES,NETFLIX,"Dec. 24, 2023",345
CASTLEVANIA,NETFLIX,"May. 16, 2021",205
CASTLEVANIA,NETFLIX,"May. 23, 2021",188
CATCHING KILLERS,NETFLIX,"Nov. 14, 2021",217
CATCHING KILLERS,NETFLIX,"Jun. 25, 2023",304
CATCHING KILLERS,NETFLIX,"Jul. 2, 2023",394
CHILLING ADVENTURES SABRINA,NETFLIX,"Jan. 3, 2021",961
CHILLING ADVENTURES SABRINA,NETFLIX,"Jan. 10, 2021",768
CHILLING ADVENTURES SABRINA,NETFLIX,"Jan. 17, 2021",442
CLICKBAIT,NETFLIX,"Aug. 29, 2021",912
CLICKBAIT,NETFLIX,"Sep. 5, 2021","1,460"
CLICKBAIT,NETFLIX,"Sep. 12, 2021","1,108"
CLICKBAIT,NETFLIX,"Sep. 19, 2021",732
CLICKBAIT,NETFLIX,"Sep. 26, 2021",409
COCAINE COWBOYS,NETFLIX,"Aug. 8, 2021",321
COCAINE COWBOYS,NETFLIX,"Aug. 15, 2021",265
COLIN IN BLACK & WHITE,NETFLIX,"Nov. 7, 2021",356
COUNTRY COMFORT,NETFLIX,"Mar. 28, 2021",253
COWBOY BEBOP,NETFLIX,"Nov. 21, 2021",414
COWBOY BEBOP,NETFLIX,"Nov. 28, 2021",630
COWBOY BEBOP,NETFLIX,"Dec. 12, 2021",218
DAD STOP EMBARASSING ME,NETFLIX,"Apr. 18, 2021",330
DAD STOP EMBARASSING ME,NETFLIX,"Apr. 25, 2021",146
DAVE CHAPPELLE: THE CLOSER,NETFLIX,"Oct. 10, 2021",399
DAVE CHAPPELLE: THE CLOSER,NETFLIX,"Oct. 17, 2021",357
DEATH TO 2020,NETFLIX,"Jan. 3, 2021",519
DESIGNATED SURVIVOR,NETFLIX,"Jan. 3, 2021",241
DISENCHANTMENT,NETFLIX,"Jan. 17, 2021",401
DISENCHANTMENT,NETFLIX,"Jan. 24, 2021",394
DISENCHANTMENT,NETFLIX,"Feb. 13, 2022",397
DISENCHANTMENT,NETFLIX,"Sep. 10, 2023",298
ELITE,NETFLIX,"Jun. 27, 2021",171
FAMILY REUNION,NETFLIX,"Apr. 11, 2021",327
FAMILY REUNION,NETFLIX,"Apr. 18, 2021",171
FAMILY REUNION,NETFLIX,"Aug. 29, 2021",199
FAMILY REUNION,NETFLIX,"Sep. 5, 2021",226
FATE: THE WINX SAGA,NETFLIX,"Jan. 24, 2021",670
FATE: THE WINX SAGA,NETFLIX,"Jan. 31, 2021",918
FATE: THE WINX SAGA,NETFLIX,"Feb. 7, 2021",256
FATE: THE WINX SAGA,NETFLIX,"Sep. 18, 2022",524
FATE: THE WINX SAGA,NETFLIX,"Sep. 25, 2022",675
FIREFLY LANE,NETFLIX,"Feb. 7, 2021","1,308"
FIREFLY LANE,NETFLIX,"Feb. 14, 2021","1,288"
FIREFLY LANE,NETFLIX,"Feb. 21, 2021",780
FIREFLY LANE,NETFLIX,"Feb. 28, 2021",383
FIREFLY LANE,NETFLIX,"Mar. 7, 2021",274
FIREFLY LANE,NETFLIX,"Dec. 4, 2022",967
FIREFLY LANE,NETFLIX,"Dec. 11, 2022","1,361"
FIREFLY LANE,NETFLIX,"Dec. 18, 2022",672
FIREFLY LANE,NETFLIX,"Apr. 30, 2023","1,109"
FIREFLY LANE,NETFLIX,"May. 7, 2023","1,250"
FIREFLY LANE,NETFLIX,"May. 14, 2023",697
FIREFLY LANE,NETFLIX,"May. 21, 2023",473
FIREFLY LANE,NETFLIX,"May. 28, 2023",337
FORMULA 1: DRIVE SURVIVE,NETFLIX,"Mar. 28, 2021",237
GABBY'S DOLLHOUSE,NETFLIX,"Jan. 10, 2021",380
GABBY'S DOLLHOUSE,NETFLIX,"Aug. 15, 2021",238
GABBY'S DOLLHOUSE,NETFLIX,"Aug. 22, 2021",268
GABBY'S DOLLHOUSE,NETFLIX,"Oct. 31, 2021",241
GABBY'S DOLLHOUSE,NETFLIX,"Feb. 5, 2023",290
GABBY'S DOLLHOUSE,NETFLIX,"Feb. 12, 2023",265
GABBY'S DOLLHOUSE,NETFLIX,"Mar. 19, 2023",292
GABBY'S DOLLHOUSE,NETFLIX,"Mar. 26, 2023",383
GABBY'S DOLLHOUSE,NETFLIX,"Apr. 9, 2023",279
GABBY'S DOLLHOUSE,NETFLIX,"Jun. 18, 2023",280
GABBY'S DOLLHOUSE,NETFLIX,"Aug. 13, 2023",436
GABBY'S DOLLHOUSE,NETFLIX,"Aug. 20, 2023",369
GABBY'S DOLLHOUSE,NETFLIX,"Aug. 27, 2023",347
GABBY'S DOLLHOUSE,NETFLIX,"Dec. 24, 2023",251
GINNY & GEORGIA,NETFLIX,"Feb. 28, 2021",953
GINNY & GEORGIA,NETFLIX,"Mar. 7, 2021","1,161"
GINNY & GEORGIA,NETFLIX,"Mar. 14, 2021",722
GINNY & GEORGIA,NETFLIX,"Mar. 21, 2021",540
GINNY & GEORGIA,NETFLIX,"Mar. 28, 2021",390
GINNY & GEORGIA,NETFLIX,"Apr. 4, 2021",292
GINNY & GEORGIA,NETFLIX,"Apr. 11, 2021",189
GINNY & GEORGIA,NETFLIX,"Jan. 8, 2023","2,520"
GINNY & GEORGIA,NETFLIX,"Jan. 15, 2023","2,730"
GINNY & GEORGIA,NETFLIX,"Jan. 22, 2023","1,804"
GINNY & GEORGIA,NETFLIX,"Jan. 29, 2023","1,299"
GINNY & GEORGIA,NETFLIX,"Feb. 5, 2023",900
GINNY & GEORGIA,NETFLIX,"Feb. 12, 2023",483
GINNY & GEORGIA,NETFLIX,"Feb. 19, 2023",410
GINNY & GEORGIA,NETFLIX,"Feb. 26, 2023",300
GLOW UP,NETFLIX,"Aug. 8, 2021",220
GLOW UP,NETFLIX,"Aug. 15, 2021",197
GLOW UP,NETFLIX,"Aug. 28, 2022",336
GLOW UP,NETFLIX,"Sep. 17, 2023",399
GO DOG GO,NETFLIX,"Feb. 7, 2021",257
GO DOG GO,NETFLIX,"Feb. 14, 2021",194
GRACE AND FRANKIE,NETFLIX,"Aug. 15, 2021",465
GRACE AND FRANKIE,NETFLIX,"Aug. 22, 2021",716
GRACE AND FRANKIE,NETFLIX,"Aug. 29, 2021",469
GRACE AND FRANKIE,NETFLIX,"Sep. 5, 2021",421
GRACE AND FRANKIE,NETFLIX,"Sep. 12, 2021",271
GRACE AND FRANKIE,NETFLIX,"May. 1, 2022",701
GRACE AND FRANKIE,NETFLIX,"May. 8, 2022",880
GRACE AND FRANKIE,NETFLIX,"May. 15, 2022",584
GRACE AND FRANKIE,NETFLIX,"May. 22, 2022",436
GRACE AND FRANKIE,NETFLIX,"May. 29, 2022",312
GRACE AND FRANKIE,NETFLIX,"Jun. 5, 2022",271
HALSTON,NETFLIX,"May. 23, 2021",211
HEIST,NETFLIX,"Jul. 18, 2021",371
HEIST,NETFLIX,"Jul. 25, 2021",316
HISTORY OF SWEAR WORDS,NETFLIX,"Jan. 10, 2021",314
HIT & RUN,NETFLIX,"Aug. 8, 2021",226
HIT & RUN,NETFLIX,"Aug. 15, 2021",549
HIT & RUN,NETFLIX,"Aug. 22, 2021",254
INSIDE JOB,NETFLIX,"Oct. 31, 2021",277
INSIDE JOB,NETFLIX,"Nov. 27, 2022",360
JIM GAFFIGAN: COMEDY MONSTER,NETFLIX,"Dec. 26, 2021",186
JUPITER'S LEGACY,NETFLIX,"May. 9, 2021",696
JUPITER'S LEGACY,NETFLIX,"May. 16, 2021","1,019"
JUPITER'S LEGACY,NETFLIX,"May. 23, 2021",405
JUPITER'S LEGACY,NETFLIX,"May. 30, 2021",214
JURASSIC WORLD CAMP CRET.,NETFLIX,"Jan. 24, 2021",374
JURASSIC WORLD CAMP CRET.,NETFLIX,"Jan. 31, 2021",319
JURASSIC WORLD CAMP CRET.,NETFLIX,"May. 23, 2021",379
JURASSIC WORLD CAMP CRET.,NETFLIX,"May. 30, 2021",470
JURASSIC WORLD CAMP CRET.,NETFLIX,"Jun. 6, 2021",278
JURASSIC WORLD CAMP CRET.,NETFLIX,"Jun. 13, 2021",142
JURASSIC WORLD CAMP CRET.,NETFLIX,"Dec. 12, 2021",337
JURASSIC WORLD CAMP CRET.,NETFLIX,"Dec. 19, 2021",215
JURASSIC WORLD CAMP CRET.,NETFLIX,"Dec. 26, 2021",211
JURASSIC WORLD CAMP CRET.,NETFLIX,"Jul. 24, 2022",361
JURASSIC WORLD CAMP CRET.,NETFLIX,"Jul. 31, 2022",406
LAST CHANCE U: BASKETBALL,NETFLIX,"Mar. 14, 2021",234
LAST CHANCE U: BASKETBALL,NETFLIX,"Mar. 21, 2021",192
LIFE IN COLOR W/ DAVID ATTEN …,NETFLIX,"Apr. 25, 2021",189
LIFE IN COLOR W/ DAVID ATTEN …,NETFLIX,"May. 2, 2021",199
LOCKE & KEY,NETFLIX,"Oct. 24, 2021",637
LOCKE & KEY,NETFLIX,"Oct. 31, 2021","1,068"
LOCKE & KEY,NETFLIX,"Nov. 7, 2021",635
LOCKE & KEY,NETFLIX,"Nov. 14, 2021",409
LOCKE & KEY,NETFLIX,"Nov. 21, 2021",293
LOCKE & KEY,NETFLIX,"Aug. 14, 2022",919
LOCKE & KEY,NETFLIX,"Aug. 21, 2022",776
LOCKE & KEY,NETFLIX,"Aug. 28, 2022",518
LONGMIRE,NETFLIX,"Jan. 31, 2021",304
LONGMIRE,NETFLIX,"Feb. 7, 2021",296
LONGMIRE,NETFLIX,"Feb. 14, 2021",232
LONGMIRE,NETFLIX,"Feb. 21, 2021",248
LONGMIRE,NETFLIX,"Feb. 28, 2021",234
LONGMIRE,NETFLIX,"Mar. 7, 2021",201
LONGMIRE,NETFLIX,"Mar. 14, 2021",202
LONGMIRE,NETFLIX,"Mar. 28, 2021",200
LONGMIRE,NETFLIX,"May. 2, 2021",169
LONGMIRE,NETFLIX,"Jun. 13, 2021",156
LONGMIRE,NETFLIX,"Jun. 20, 2021",176
LONGMIRE,NETFLIX,"Aug. 7, 2022",287
LOST IN SPACE,NETFLIX,"Dec. 5, 2021","1,207"
LOST IN SPACE,NETFLIX,"Dec. 12, 2021","1,018"
LOST IN SPACE,NETFLIX,"Dec. 19, 2021",569
LOST IN SPACE,NETFLIX,"Dec. 26, 2021",490
LOST IN SPACE,NETFLIX,"Jan. 2, 2022",452
LOST IN SPACE,NETFLIX,"Jan. 9, 2022",291
LUPIN,NETFLIX,"Jan. 17, 2021",494
LUPIN,NETFLIX,"Jan. 24, 2021",322
LUPIN,NETFLIX,"Jun. 13, 2021",237
LUPIN,NETFLIX,"Jun. 20, 2021",363
LUPIN,NETFLIX,"Oct. 8, 2023",436
LUPIN,NETFLIX,"Oct. 15, 2023",635
LUPIN,NETFLIX,"Oct. 22, 2023",346
MAID,NETFLIX,"Oct. 10, 2021","1,904"
MAID,NETFLIX,"Oct. 17, 2021","1,474"
MAID,NETFLIX,"Oct. 24, 2021",865
MAID,NETFLIX,"Oct. 31, 2021",718
MAID,NETFLIX,"Nov. 7, 2021",524
MAID,NETFLIX,"Nov. 14, 2021",445
MAID,NETFLIX,"Nov. 21, 2021",302
MARVEL'S DAREDEVIL,NETFLIX,"Dec. 26, 2021",195
MAYA AND THE THREE,NETFLIX,"Oct. 31, 2021",481
MAYA AND THE THREE,NETFLIX,"Nov. 7, 2021",343
MIDNIGHT MASS,NETFLIX,"Sep. 26, 2021",566
MIDNIGHT MASS,NETFLIX,"Oct. 3, 2021","1,171"
MIDNIGHT MASS,NETFLIX,"Oct. 10, 2021",707
MIDNIGHT MASS,NETFLIX,"Oct. 17, 2021",445
MIDNIGHT MASS,NETFLIX,"Oct. 24, 2021",304
MIDNIGHT MASS,NETFLIX,"Oct. 31, 2021",268
MONEY HEIST,NETFLIX,"Sep. 5, 2021",452
MONEY HEIST,NETFLIX,"Sep. 12, 2021",538
MONEY HEIST,NETFLIX,"Sep. 19, 2021",224
MONEY HEIST,NETFLIX,"Dec. 5, 2021",374
MONEY HEIST,NETFLIX,"Dec. 12, 2021",426
MONEY HEIST,NETFLIX,"Dec. 19, 2021",231
MONEY HEIST,NETFLIX,"Dec. 26, 2021",183
MONSTERS INSIDE,NETFLIX,"Sep. 26, 2021",251
MOST AMAZING VACATION RENTALS,NETFLIX,"Jun. 27, 2021",253
MURDER AMONG MORMONS,NETFLIX,"Mar. 7, 2021",587
MURDER AMONG THE MORMONS,NETFLIX,"Mar. 14, 2021",264
MY NAME,NETFLIX,"Oct. 24, 2021",275
NAILED IT,NETFLIX,"Apr. 4, 2021",250
NARCOS: MEXICO,NETFLIX,"Nov. 7, 2021",512
NARCOS: MEXICO,NETFLIX,"Nov. 14, 2021",769
NARCOS: MEXICO,NETFLIX,"Nov. 21, 2021",428
NEVER HAVE I EVER,NETFLIX,"Jul. 18, 2021",480
NEVER HAVE I EVER,NETFLIX,"Jul. 25, 2021",567
NEVER HAVE I EVER,NETFLIX,"Aug. 1, 2021",328
NEVER HAVE I EVER,NETFLIX,"Aug. 14, 2022",596
NEVER HAVE I EVER,NETFLIX,"Aug. 21, 2022",883
NEVER HAVE I EVER,NETFLIX,"Aug. 28, 2022",433
NEVER HAVE I EVER,NETFLIX,"Jun. 11, 2023",917
NEVER HAVE I EVER,NETFLIX,"Jun. 18, 2023",832
NEVER HAVE I EVER,NETFLIX,"Jun. 25, 2023",447
ORANGE IS THE NEW BLACK,NETFLIX,"Mar. 7, 2021",237
ORANGE IS THE NEW BLACK,NETFLIX,"Jun. 6, 2021",179
ORANGE IS THE NEW BLACK,NETFLIX,"Aug. 1, 2021",164
OUTER BANKS,NETFLIX,"Aug. 1, 2021","1,423"
OUTER BANKS,NETFLIX,"Aug. 8, 2021","2,100"
OUTER BANKS,NETFLIX,"Aug. 15, 2021","1,160"
OUTER BANKS,NETFLIX,"Aug. 22, 2021",736
OUTER BANKS,NETFLIX,"Aug. 29, 2021",483
OUTER BANKS,NETFLIX,"Sep. 5, 2021",252
OUTER BANKS,NETFLIX,"Feb. 19, 2023",282
OUTER BANKS,NETFLIX,"Feb. 26, 2023","3,154"
OUTER BANKS,NETFLIX,"Mar. 5, 2023","2,214"
OUTER BANKS,NETFLIX,"Mar. 12, 2023","1,227"
OUTER BANKS,NETFLIX,"Mar. 19, 2023",722
OUTER BANKS,NETFLIX,"Mar. 26, 2023",556
OUTER BANKS,NETFLIX,"Apr. 2, 2023",358
RAGNAROK,NETFLIX,"May. 30, 2021",429
RAGNAROK,NETFLIX,"Jun. 6, 2021",404
RAGNAROK,NETFLIX,"Jun. 13, 2021",182
RAGNAROK,NETFLIX,"Aug. 27, 2023",471
RAGNAROK,NETFLIX,"Sep. 3, 2023",444
SCHOOL OF CHOCOLATE,NETFLIX,"Dec. 5, 2021",376
SELLING SUNSET,NETFLIX,"Nov. 28, 2021",549
SELLING SUNSET,NETFLIX,"Dec. 5, 2021",440
SELLING SUNSET,NETFLIX,"Dec. 12, 2021",278
SELLING SUNSET,NETFLIX,"Apr. 24, 2022",385
SELLING SUNSET,NETFLIX,"May. 1, 2022",584
SELLING SUNSET,NETFLIX,"May. 8, 2022",360
SELLING SUNSET,NETFLIX,"May. 21, 2023",332
SELLING SUNSET,NETFLIX,"May. 28, 2023",464
SELLING SUNSET,NETFLIX,"Jun. 4, 2023",367
SELLING SUNSET,NETFLIX,"Nov. 5, 2023",364
SELLING SUNSET,NETFLIX,"Nov. 12, 2023",709
SELLING SUNSET,NETFLIX,"Nov. 19, 2023",301
SELLING TAMPA,NETFLIX,"Dec. 19, 2021",243
SEX EDUCATION,NETFLIX,"Sep. 19, 2021",595
SEX EDUCATION,NETFLIX,"Sep. 26, 2021",856
SEX EDUCATION,NETFLIX,"Oct. 3, 2021",469
SEX EDUCATION,NETFLIX,"Oct. 10, 2021",283
SEX EDUCATION,NETFLIX,"Sep. 24, 2023",634
SEX EDUCATION,NETFLIX,"Oct. 1, 2023",734
SEX EDUCATION,NETFLIX,"Oct. 8, 2023",443
SEX EDUCATION,NETFLIX,"Oct. 15, 2023",289
SEX/LIFE,NETFLIX,"Jul. 4, 2021",449
SEX/LIFE,NETFLIX,"Jul. 11, 2021",489
SEX/LIFE,NETFLIX,"Jul. 18, 2021",282
SEX/LIFE,NETFLIX,"Jul. 25, 2021",216
SEX/LIFE,NETFLIX,"Mar. 5, 2023",500
SEX/LIFE,NETFLIX,"Mar. 12, 2023",554
SHADOW AND BONE,NETFLIX,"Apr. 25, 2021",721
SHADOW AND BONE,NETFLIX,"May. 2, 2021","1,192"
SHADOW AND BONE,NETFLIX,"May. 9, 2021",555
SHADOW AND BONE,NETFLIX,"May. 16, 2021",294
SHADOW AND BONE,NETFLIX,"May. 23, 2021",199
SHADOW AND BONE,NETFLIX,"Mar. 19, 2023","1,143"
SHADOW AND BONE,NETFLIX,"Mar. 26, 2023","1,034"
SHADOW AND BONE,NETFLIX,"Apr. 2, 2023",519
SHADOW AND BONE,NETFLIX,"Apr. 9, 2023",389
SHARKDOG,NETFLIX,"Sep. 12, 2021",238
SOPHIE: A MURDER IN THE WEST,NETFLIX,"Jul. 4, 2021",206
SQUID GAME,NETFLIX,"Sep. 26, 2021","1,910"
SQUID GAME,NETFLIX,"Oct. 3, 2021","3,260"
SQUID GAME,NETFLIX,"Oct. 10, 2021","3,021"
SQUID GAME,NETFLIX,"Oct. 17, 2021","2,254"
SQUID GAME,NETFLIX,"Oct. 24, 2021","1,682"
SQUID GAME,NETFLIX,"Oct. 31, 2021","1,020"
SQUID GAME,NETFLIX,"Nov. 7, 2021",673
SQUID GAME,NETFLIX,"Nov. 14, 2021",426
SWEET TOOTH,NETFLIX,"Jun. 6, 2021",794
SWEET TOOTH,NETFLIX,"Jun. 13, 2021","1,434"
SWEET TOOTH,NETFLIX,"Jun. 20, 2021",626
SWEET TOOTH,NETFLIX,"Jun. 27, 2021",359
SWEET TOOTH,NETFLIX,"Jul. 4, 2021",256
SWEET TOOTH,NETFLIX,"Apr. 30, 2023",924
SWEET TOOTH,NETFLIX,"May. 7, 2023","1,068"
SWEET TOOTH,NETFLIX,"May. 14, 2023",575
SWEET TOOTH,NETFLIX,"May. 21, 2023",377
THE BOOK OF CASTAMAR,NETFLIX,"Jul. 18, 2021",291
THE BOSS BABY: BACK IN BUSINESS,NETFLIX,"Jul. 11, 2021",229
THE BOSS BABY: BACK IN BUSINESS,NETFLIX,"Jul. 18, 2021",188
THE CHAIR,NETFLIX,"Aug. 29, 2021",310
THE CIRCLE,NETFLIX,"Apr. 18, 2021",443
THE CIRCLE,NETFLIX,"Apr. 25, 2021",630
THE CIRCLE,NETFLIX,"May. 2, 2021",641
THE CIRCLE,NETFLIX,"May. 9, 2021",456
THE CIRCLE,NETFLIX,"May. 16, 2021",321
THE CIRCLE,NETFLIX,"Sep. 12, 2021",292
THE CIRCLE,NETFLIX,"Sep. 19, 2021",444
THE CIRCLE,NETFLIX,"Sep. 26, 2021",436
THE CIRCLE,NETFLIX,"Oct. 3, 2021",266
THE CIRCLE,NETFLIX,"May. 8, 2022",270
THE CIRCLE,NETFLIX,"May. 15, 2022",380
THE CIRCLE,NETFLIX,"May. 22, 2022",467
THE CIRCLE,NETFLIX,"May. 29, 2022",328
THE CIRCLE,NETFLIX,"Jan. 8, 2023",500
THE CIRCLE,NETFLIX,"Jan. 15, 2023",474
THE CIRCLE,NETFLIX,"Jan. 22, 2023",366
THE COOK OF CASTAMAR,NETFLIX,"Jul. 25, 2021",179
THE CREW,NETFLIX,"Feb. 21, 2021",556
THE CREW,NETFLIX,"Feb. 28, 2021",231
THE DEFEATED,NETFLIX,"Aug. 29, 2021",194
THE GREAT BRITSH BAKING SHOW,NETFLIX,"Feb. 14, 2021",284
THE IRREGULARS,NETFLIX,"Mar. 28, 2021",424
THE IRREGULARS,NETFLIX,"Apr. 4, 2021",643
THE IRREGULARS,NETFLIX,"Apr. 11, 2021",270
THE KOMINSKY METHOD,NETFLIX,"May. 30, 2021",495
THE KOMINSKY METHOD,NETFLIX,"Jun. 6, 2021",507
THE KOMINSKY METHOD,NETFLIX,"Jun. 13, 2021",235
THE LOST PIRATE KINGDOM,NETFLIX,"Mar. 21, 2021",316
THE MOVIES THAT MADE US,NETFLIX,"Jul. 25, 2021",165
THE MOVIES THAT MADE US,NETFLIX,"Aug. 1, 2021",272
THE NIGHT STALKER,NETFLIX,"Jan. 17, 2021",867
THE NIGHT STALKER,NETFLIX,"Jan. 24, 2021",727
THE NIGHT STALKER,NETFLIX,"Jan. 31, 2021",321
THE ONE,NETFLIX,"Mar. 14, 2021",186
THE ONE,NETFLIX,"Mar. 21, 2021",405
THE ONE,NETFLIX,"Mar. 28, 2021",217
THE QUEEN OF FLOW,NETFLIX,"Nov. 28, 2021",480
THE QUEEN OF FLOW,NETFLIX,"Dec. 5, 2021",377
THE QUEEN OF FLOW,NETFLIX,"Dec. 12, 2021",324
THE QUEEN OF FLOW,NETFLIX,"Dec. 19, 2021",218
THE SERPENT,NETFLIX,"Apr. 4, 2021",161
THE SERPENT,NETFLIX,"Apr. 11, 2021",406
THE SERPENT,NETFLIX,"Apr. 18, 2021",226
THE SERPENT,NETFLIX,"Apr. 25, 2021",200
THE SEVEN DEADLY SINS,NETFLIX,"Jul. 4, 2021",255
THE SNITCH CARTEL: ORIGINS,NETFLIX,"Aug. 8, 2021",227
THE SNITCH CARTEL: ORIGINS,NETFLIX,"Aug. 15, 2021",243
THE SONS OF SAM,NETFLIX,"May. 9, 2021",461
THE SONS OF SAM,NETFLIX,"May. 16, 2021",278
THE UNDERGROUND RAILROAD,NETFLIX,"May. 23, 2021",289
THE UPSHAWS,NETFLIX,"May. 16, 2021",560
THE UPSHAWS,NETFLIX,"May. 23, 2021",357
THE UPSHAWS,NETFLIX,"May. 30, 2021",165
THE UPSHAWS,NETFLIX,"Jul. 3, 2022",444
THE UPSHAWS,NETFLIX,"Jul. 10, 2022",289
THE UPSHAWS,NETFLIX,"Aug. 20, 2023",321
THIS IS A ROBBERY,NETFLIX,"Apr. 11, 2021",355
THIS IS A ROBBERY,NETFLIX,"Apr. 18, 2021",315
TOO HOT TO HANDLE,NETFLIX,"Jun. 27, 2021",190
TOO HOT TO HANDLE,NETFLIX,"Jul. 4, 2021",395
TOO HOT TO HANDLE,NETFLIX,"Jul. 11, 2021",306
TOO HOT TO HANDLE,NETFLIX,"Jan. 23, 2022",332
TOO HOT TO HANDLE,NETFLIX,"Jan. 30, 2022",309
TOO HOT TO HANDLE,NETFLIX,"Dec. 18, 2022",425
TOO HOT TO HANDLE,NETFLIX,"Jul. 23, 2023",350
TOP SECRET UFO PROJECTS,NETFLIX,"Aug. 8, 2021",288
TRUE STORY,NETFLIX,"Nov. 28, 2021",943
TRUE STORY,NETFLIX,"Dec. 5, 2021",607
TRUE STORY,NETFLIX,"Dec. 12, 2021",255
TURNING POINT: 9/11,NETFLIX,"Sep. 5, 2021",447
TURNING POINT: 9/11,NETFLIX,"Sep. 12, 2021",691
TURNING POINT: 9/11,NETFLIX,"Sep. 19, 2021",268
TWENTYSOMETHINGS: AUSTIN,NETFLIX,"Dec. 19, 2021",185
VANISHING AT THE CECIL HOTEL,NETFLIX,"Feb. 14, 2021","1,286"
VANISHING AT THE CECIL HOTEL,NETFLIX,"Feb. 21, 2021",806
VANISHING AT THE CECIL HOTEL,NETFLIX,"Feb. 28, 2021",281
WHO KILLED SARA,NETFLIX,"Mar. 28, 2021",363
WHO KILLED SARA,NETFLIX,"Apr. 4, 2021",553
WHO KILLED SARA,NETFLIX,"Apr. 11, 2021",360
WHO KILLED SARA,NETFLIX,"Apr. 18, 2021",213
WHO KILLED SARA,NETFLIX,"May. 23, 2021",500
WHO KILLED SARA,NETFLIX,"May. 30, 2021",396
WHO KILLED SARA,NETFLIX,"Jun. 6, 2021",206
WHO KILLED SARA,NETFLIX,"May. 22, 2022",348
WHO KILLED SARA,NETFLIX,"May. 29, 2022",308
WORKIN' MOMS,NETFLIX,"Jun. 20, 2021",418
WORKIN' MOMS,NETFLIX,"Jun. 27, 2021",394
WORKIN' MOMS,NETFLIX,"Jul. 4, 2021",247
WORKIN' MOMS,NETFLIX,"Jul. 11, 2021",200
WORKIN' MOMS,NETFLIX,"May. 15, 2022",512
WORKIN' MOMS,NETFLIX,"May. 22, 2022",410
WORKIN' MOMS,NETFLIX,"Jun. 5, 2022",215
WORKIN' MOMS,NETFLIX,"Apr. 30, 2023",645
WORKIN' MOMS,NETFLIX,"May. 7, 2023",579
ALEXANDER: THE MAKING OF A GOD,NETFLIX,"Feb. 4, 2024",435
AMERICAN NIGHTMARE,NETFLIX,"Jan. 21, 2024","1,118"
AMERICAN NIGHTMARE,NETFLIX,"Jan. 28, 2024",676
AMERICAN NIGHTMARE,NETFLIX,"Feb. 4, 2024",337
AVATAR: LAST AIRBENDER (2024),NETFLIX,"Feb. 25, 2024","2,557"
BOY SWALLOWS UNIVERSE,NETFLIX,"Jan. 14, 2024",386
BOY SWALLOWS UNIVERSE,NETFLIX,"Jan. 21, 2024",431
DAVE CHAPPELLE: DREAMER,NETFLIX,"Jan. 7, 2024",376
FOOL ME ONCE,NETFLIX,"Jan. 7, 2024","3,036"
FOOL ME ONCE,NETFLIX,"Jan. 14, 2024","2,399"
FOOL ME ONCE,NETFLIX,"Jan. 21, 2024","1,063"
FOOL ME ONCE,NETFLIX,"Jan. 28, 2024",669
FOOL ME ONCE,NETFLIX,"Feb. 4, 2024",471
FOOL ME ONCE,NETFLIX,"Feb. 11, 2024",285
FORMULA 1: DRIVE TO SURVIVE,NETFLIX,"Feb. 25, 2024",337
GRISELDA,NETFLIX,"Jan. 28, 2024","1,590"
GRISELDA,NETFLIX,"Feb. 4, 2024","1,727"
GRISELDA,NETFLIX,"Feb. 11, 2024",735
GRISELDA,NETFLIX,"Feb. 18, 2024",461
GRISELDA,NETFLIX,"Feb. 25, 2024",253
HOUSE OF NINJAS,NETFLIX,"Feb. 18, 2024",287
HOUSE OF NINJAS,NETFLIX,"Feb. 25, 2024",287
LOVE ON THE SPECTRUM U.S.,NETFLIX,"Jan. 28, 2024",574
LOVE ON THE SPECTRUM U.S.,NETFLIX,"Feb. 4, 2024",433
LUZ: LIGHT OF THE HEART,NETFLIX,"Feb. 18, 2024",233
ONE DAY,NETFLIX,"Feb. 11, 2024",296
ONE DAY,NETFLIX,"Feb. 18, 2024",460
ONE DAY,NETFLIX,"Feb. 25, 2024",454
THE BROTHERS SUN,NETFLIX,"Jan. 7, 2024",696
THE BROTHERS SUN,NETFLIX,"Jan. 14, 2024",960
THE BROTHERS SUN,NETFLIX,"Jan. 21, 2024",511
THE BROTHERS SUN,NETFLIX,"Jan. 28, 2024",410
THE TOURIST,NETFLIX,"Feb. 11, 2024",253
THE TOURIST,NETFLIX,"Feb. 25, 2024",338
YOU ARE WHAT YOU EAT,NETFLIX,"Jan. 7, 2024",639
YOU ARE WHAT YOU EAT,NETFLIX,"Jan. 14, 2024",315
1899 (TV SHOW),NETFLIX,"Nov. 20, 2022",925
1899 (TV SHOW),NETFLIX,"Nov. 27, 2022","1,109"
1899 (TV SHOW),NETFLIX,"Dec. 4, 2022",566
1899 (TV SHOW),NETFLIX,"Dec. 11, 2022",321
AFTER LIFE,NETFLIX,"Jan. 23, 2022",283
ALBA,NETFLIX,"Jul. 24, 2022",416
ALICE IN BORDERLAND,NETFLIX,"Dec. 25, 2022",488
ALICE IN BORDERLAND,NETFLIX,"Jan. 1, 2023",458
ALL OF US ARE DEAD,NETFLIX,"Jan. 30, 2022",448
ALL OF US ARE DEAD,NETFLIX,"Feb. 6, 2022",850
ALL OF US ARE DEAD,NETFLIX,"Feb. 13, 2022",454
ALL OF US ARE DEAD,NETFLIX,"Feb. 20, 2022",340
ANATOMY OF A SCANDAL,NETFLIX,"Apr. 17, 2022",345
ANATOMY OF A SCANDAL,NETFLIX,"Apr. 24, 2022",690
ANATOMY OF A SCANDAL,NETFLIX,"May. 1, 2022",316
ANCIENT APOCALYPSE,NETFLIX,"Nov. 20, 2022",480
ARCHIVE 81,NETFLIX,"Jan. 16, 2022",329
ARCHIVE 81,NETFLIX,"Jan. 23, 2022","1,035"
ARCHIVE 81,NETFLIX,"Jan. 30, 2022",462
BAD VEGAN,NETFLIX,"Mar. 20, 2022",609
BAD VEGAN,NETFLIX,"Mar. 27, 2022",429
BULLSH*T THE GAME SHOW,NETFLIX,"May. 1, 2022",356
BULLSH*T THE GAME SHOW,NETFLIX,"May. 8, 2022",345
CHEER,NETFLIX,"Jan. 16, 2022",629
CHEER,NETFLIX,"Jan. 23, 2022",597
CHEER,NETFLIX,"Jan. 30, 2022",287
D.B. COOPER: WHERE ARE YOU?,NETFLIX,"Jul. 17, 2022",351
DAHMER,NETFLIX,"Sep. 25, 2022","3,658"
DAHMER,NETFLIX,"Oct. 2, 2022","4,370"
DAHMER,NETFLIX,"Oct. 16, 2022","1,108"
DAHMER,NETFLIX,"Oct. 23, 2022",599
DAHMER,NETFLIX,"Oct. 30, 2022",354
DEVIL IN OHIO,NETFLIX,"Sep. 4, 2022",716
DEVIL IN OHIO,NETFLIX,"Sep. 11, 2022","1,377"
DEVIL IN OHIO,NETFLIX,"Sep. 18, 2022",552
DON'T PICK UP THE PHONE,NETFLIX,"Dec. 18, 2022",400
ECHOES,NETFLIX,"Aug. 21, 2022",524
ECHOES,NETFLIX,"Aug. 28, 2022","1,123"
ECHOES,NETFLIX,"Sep. 4, 2022",627
ECHOES,NETFLIX,"Sep. 11, 2022",324
"EL REY, VICENTE FERNANDEZ",NETFLIX,"Sep. 25, 2022",648
"EL REY, VICENTE FERNANDEZ",NETFLIX,"Oct. 2, 2022",469
FIRST KILL,NETFLIX,"Jun. 12, 2022",331
FIRST KILL,NETFLIX,"Jun. 19, 2022",467
FROM SCRATCH,NETFLIX,"Oct. 23, 2022",522
FROM SCRATCH,NETFLIX,"Oct. 30, 2022","1,023"
FROM SCRATCH,NETFLIX,"Nov. 6, 2022",796
FROM SCRATCH,NETFLIX,"Nov. 13, 2022",495
GET ORGANIZED,NETFLIX,"Apr. 3, 2022",241
GET ORGANIZED,NETFLIX,"Apr. 10, 2022",300
GOD'S FAVORITE IDIOT,NETFLIX,"Jun. 19, 2022",652
GOD'S FAVORITE IDIOT,NETFLIX,"Jun. 26, 2022",402
GREEN EGGS AND HAM,NETFLIX,"Apr. 17, 2022",244
GUILLERMO DEL TORO'S CABINET,NETFLIX,"Oct. 30, 2022","1,120"
GUILLERMO DEL TORO'S CABINET,NETFLIX,"Nov. 6, 2022",798
HARRY & MEGHAN,NETFLIX,"Dec. 11, 2022","1,265"
HARRY & MEGHAN,NETFLIX,"Dec. 18, 2022","1,690"
HARRY & MEGHAN,NETFLIX,"Dec. 25, 2022",699
HUMAN RESOURCES,NETFLIX,"Mar. 27, 2022",270
I AM A KILLER,NETFLIX,"Sep. 4, 2022",558
I AM A KILLER,NETFLIX,"Dec. 25, 2022",597
I AM A KILLER,NETFLIX,"Jan. 1, 2023",456
I JUST KILLED MY DAD,NETFLIX,"Aug. 14, 2022",655
IN FROM THE COLD,NETFLIX,"Jan. 30, 2022",349
IN FROM THE COLD,NETFLIX,"Feb. 6, 2022",658
INSIDE MAN,NETFLIX,"Nov. 6, 2022",892
INSIDE MAN,NETFLIX,"Nov. 13, 2022",413
INSTANT DREAM HOME,NETFLIX,"Aug. 14, 2022",322
INSTANT DREAM HOME,NETFLIX,"Aug. 21, 2022",395
INVENTING ANNA,NETFLIX,"Feb. 13, 2022","1,219"
INVENTING ANNA,NETFLIX,"Feb. 20, 2022","3,283"
INVENTING ANNA,NETFLIX,"Feb. 27, 2022","2,084"
INVENTING ANNA,NETFLIX,"Mar. 6, 2022","1,168"
INVENTING ANNA,NETFLIX,"Mar. 13, 2022",812
INVENTING ANNA,NETFLIX,"Mar. 20, 2022",598
INVENTING ANNA,NETFLIX,"Mar. 27, 2022",558
INVENTING ANNA,NETFLIX,"Apr. 3, 2022",452
INVENTING ANNA,NETFLIX,"Apr. 10, 2022",339
INVENTING ANNA,NETFLIX,"Apr. 17, 2022",257
IS IT CAKE?,NETFLIX,"Mar. 20, 2022",477
IS IT CAKE?,NETFLIX,"Mar. 27, 2022","1,185"
IS IT CAKE?,NETFLIX,"Apr. 3, 2022",607
IS IT CAKE?,NETFLIX,"Apr. 10, 2022",338
IS IT CAKE?,NETFLIX,"Apr. 17, 2022",276
JEFFREY DAHMER TAPES,NETFLIX,"Oct. 9, 2022",522
JEFFREY DAHMER TAPES,NETFLIX,"Oct. 16, 2022",365
KEEP BREATHING,NETFLIX,"Jul. 31, 2022",730
KEEP BREATHING,NETFLIX,"Aug. 7, 2022",722
KEEP SWEET: PRAY AND OBEY,NETFLIX,"Jun. 12, 2022",720
KEEP SWEET: PRAY AND OBEY,NETFLIX,"Jun. 19, 2022",556
KILLER SALLY,NETFLIX,"Nov. 6, 2022",666
LIFE AFTER DEATH,NETFLIX,"Mar. 20, 2022",457
MELTDOWN: THREE MILE ISLAND,NETFLIX,"May. 8, 2022",325
MOST HATED MAN ON THE INTERNET,NETFLIX,"Jul. 31, 2022",546
MURDERVILLE,NETFLIX,"Feb. 6, 2022",351
MY NEXT GUEST,NETFLIX,"May. 29, 2022",352
OUR GREAT NATIONAL PARKS,NETFLIX,"Apr. 17, 2022",313
OUR GREAT NATIONAL PARKS,NETFLIX,"Apr. 24, 2022",218
PARTNER TRACK,NETFLIX,"Sep. 4, 2022",413
PEAKY BLINDERS,NETFLIX,"Jun. 12, 2022",635
PEAKY BLINDERS,NETFLIX,"Jun. 19, 2022",904
PEAKY BLINDERS,NETFLIX,"Jun. 26, 2022",569
PEAKY BLINDERS,NETFLIX,"Jul. 3, 2022",392
PEAKY BLINDERS,NETFLIX,"Jul. 10, 2022",379
PEAKY BLINDERS,NETFLIX,"Jul. 17, 2022",320
"PEPSI, WHERE'S MY JET?",NETFLIX,"Nov. 20, 2022",362
"PEPSI, WHERE'S MY JET?",NETFLIX,"Nov. 27, 2022",445
PIECES OF HER,NETFLIX,"Mar. 6, 2022",752
PIECES OF HER,NETFLIX,"Mar. 13, 2022","1,415"
PIECES OF HER,NETFLIX,"Mar. 20, 2022",583
PIECES OF HER,NETFLIX,"Mar. 27, 2022",365
PIECES OF HER,NETFLIX,"Apr. 3, 2022",294
QUEER EYE,NETFLIX,"Jan. 2, 2022",466
QUEER EYE,NETFLIX,"Jan. 9, 2022",723
QUEER EYE,NETFLIX,"Jan. 16, 2022",394
QUEER EYE,NETFLIX,"May. 14, 2023",387
QUEER EYE,NETFLIX,"May. 21, 2023",558
QUEER EYE,NETFLIX,"May. 28, 2023",299
QUEER EYE,NETFLIX,"Feb. 4, 2024",269
RAISING DION,NETFLIX,"Feb. 6, 2022","1,133"
RAISING DION,NETFLIX,"Feb. 13, 2022",757
RAISING DION,NETFLIX,"Feb. 20, 2022",489
RAISING DION,NETFLIX,"Feb. 27, 2022",363
RESIDENT EVIL,NETFLIX,"Jul. 17, 2022",858
RESIDENT EVIL,NETFLIX,"Jul. 24, 2022",772
RUSSIAN DOLL,NETFLIX,"Apr. 24, 2022",308
SINS OF OUR MOTHER,NETFLIX,"Sep. 18, 2022",661
SNACK VS. CHEF,NETFLIX,"Dec. 11, 2022",460
SNOWFLAKE MOUNTAIN,NETFLIX,"Jul. 3, 2022",492
SONIC PRIME,NETFLIX,"Dec. 18, 2022",657
SONIC PRIME,NETFLIX,"Dec. 25, 2022",490
SPACE FORCE,NETFLIX,"Feb. 20, 2022",438
SPACE FORCE,NETFLIX,"Feb. 27, 2022",534
STAY CLOSE,NETFLIX,"Jan. 2, 2022",349
STAY CLOSE,NETFLIX,"Jan. 9, 2022",988
STAY CLOSE,NETFLIX,"Jan. 16, 2022",558
STAY CLOSE,NETFLIX,"Jan. 23, 2022",271
STRANGER THINGS,NETFLIX,"May. 22, 2022",378
STRANGER THINGS,NETFLIX,"May. 29, 2022","5,141"
STRANGER THINGS,NETFLIX,"Jun. 5, 2022","7,203"
STRANGER THINGS,NETFLIX,"Jun. 12, 2022","4,226"
STRANGER THINGS,NETFLIX,"Jun. 19, 2022","2,950"
STRANGER THINGS,NETFLIX,"Jun. 26, 2022","2,326"
STRANGER THINGS,NETFLIX,"Jul. 3, 2022","5,911"
STRANGER THINGS,NETFLIX,"Jul. 10, 2022","4,803"
STRANGER THINGS,NETFLIX,"Jul. 17, 2022","2,947"
STRANGER THINGS,NETFLIX,"Jul. 24, 2022","2,277"
STRANGER THINGS,NETFLIX,"Jul. 31, 2022","1,835"
STRANGER THINGS,NETFLIX,"Aug. 7, 2022","1,424"
STRANGER THINGS,NETFLIX,"Aug. 14, 2022","1,123"
STRANGER THINGS,NETFLIX,"Aug. 21, 2022",919
STRANGER THINGS,NETFLIX,"Aug. 28, 2022",890
STRANGER THINGS,NETFLIX,"Sep. 4, 2022",667
STRANGER THINGS,NETFLIX,"Sep. 11, 2022",599
STRANGER THINGS,NETFLIX,"Sep. 18, 2022",479
STRANGER THINGS,NETFLIX,"Sep. 25, 2022",416
STRANGER THINGS,NETFLIX,"Jan. 8, 2023",284
SWEET MAGNOLIAS,NETFLIX,"Feb. 6, 2022","1,320"
SWEET MAGNOLIAS,NETFLIX,"Feb. 13, 2022","1,556"
SWEET MAGNOLIAS,NETFLIX,"Feb. 20, 2022",898
SWEET MAGNOLIAS,NETFLIX,"Feb. 27, 2022",526
SWEET MAGNOLIAS,NETFLIX,"Mar. 6, 2022",329
SWEET MAGNOLIAS,NETFLIX,"Jul. 23, 2023","1,218"
SWEET MAGNOLIAS,NETFLIX,"Jul. 30, 2023","1,422"
SWEET MAGNOLIAS,NETFLIX,"Aug. 6, 2023",740
SWEET MAGNOLIAS,NETFLIX,"Aug. 13, 2023",531
SWEET MAGNOLIAS,NETFLIX,"Aug. 20, 2023",366
THE EMPRESS,NETFLIX,"Oct. 2, 2022",377
THE EMPRESS,NETFLIX,"Oct. 9, 2022",523
TEXAS KILLING FIELDS,NETFLIX,"Dec. 4, 2022",737
TEXAS KILLING FIELDS,NETFLIX,"Dec. 11, 2022",287
THE FLOOR IS LAVA,NETFLIX,"Jun. 5, 2022",214
THE FLOOR IS LAVA,NETFLIX,"Jun. 12, 2022",350
THE IMPERFECTS,NETFLIX,"Sep. 11, 2022",465
THE IMPERFECTS,NETFLIX,"Sep. 18, 2022",533
THE JOHN WAYNE GACY TAPES,NETFLIX,"Apr. 24, 2022",684
THE JOHN WAYNE GACY TAPES,NETFLIX,"May. 1, 2022",388
THE LAST KINGDOM,NETFLIX,"Mar. 13, 2022","1,423"
THE LAST KINGDOM,NETFLIX,"Mar. 20, 2022","1,317"
THE LAST KINGDOM,NETFLIX,"Mar. 27, 2022",976
THE LAST KINGDOM,NETFLIX,"Apr. 3, 2022",714
THE LAST KINGDOM,NETFLIX,"Apr. 10, 2022",487
THE LAST KINGDOM,NETFLIX,"Apr. 17, 2022",353
THE LAST KINGDOM,NETFLIX,"Apr. 24, 2022",278
THE LINCOLN LAWYER,NETFLIX,"May. 15, 2022",884
THE LINCOLN LAWYER,NETFLIX,"May. 22, 2022","1,850"
THE LINCOLN LAWYER,NETFLIX,"May. 29, 2022","1,239"
THE LINCOLN LAWYER,NETFLIX,"Jun. 5, 2022",966
THE LINCOLN LAWYER,NETFLIX,"Jun. 12, 2022",683
THE LINCOLN LAWYER,NETFLIX,"Jun. 19, 2022",421
THE LINCOLN LAWYER,NETFLIX,"Jun. 26, 2022",383
THE LINCOLN LAWYER,NETFLIX,"Jul. 10, 2022",279
THE LINCOLN LAWYER,NETFLIX,"Jul. 9, 2023","1,408"
THE LINCOLN LAWYER,NETFLIX,"Jul. 16, 2023","1,283"
THE LINCOLN LAWYER,NETFLIX,"Jul. 23, 2023",702
THE LINCOLN LAWYER,NETFLIX,"Jul. 30, 2023",506
THE LINCOLN LAWYER,NETFLIX,"Aug. 6, 2023","1,702"
THE LINCOLN LAWYER,NETFLIX,"Aug. 13, 2023","1,420"
THE LINCOLN LAWYER,NETFLIX,"Aug. 20, 2023",768
THE LINCOLN LAWYER,NETFLIX,"Aug. 27, 2023",587
THE LINCOLN LAWYER,NETFLIX,"Sep. 3, 2023",402
THE MARKED HEART,NETFLIX,"May. 1, 2022",277
THE MARKED HEART,NETFLIX,"Apr. 23, 2023",337
THE MIDNIGHT CLUB,NETFLIX,"Oct. 9, 2022",400
THE MIDNIGHT CLUB,NETFLIX,"Oct. 16, 2022",867
THE MIDNIGHT CLUB,NETFLIX,"Oct. 23, 2022",418
THE RECRUIT,NETFLIX,"Dec. 18, 2022",925
THE RECRUIT,NETFLIX,"Dec. 25, 2022","1,695"
THE RECRUIT,NETFLIX,"Jan. 1, 2023",953
THE RECRUIT,NETFLIX,"Jan. 8, 2023",536
THE RECRUIT,NETFLIX,"Jan. 15, 2023",295
THE SANDMAN,NETFLIX,"Aug. 7, 2022","1,021"
THE SANDMAN,NETFLIX,"Aug. 14, 2022","1,386"
THE SANDMAN,NETFLIX,"Aug. 21, 2022",946
THE SANDMAN,NETFLIX,"Aug. 28, 2022",681
THE SANDMAN,NETFLIX,"Sep. 4, 2022",432
THE SANDMAN,NETFLIX,"Sep. 11, 2022",306
THE ULTIMATUM,NETFLIX,"Apr. 10, 2022",838
THE ULTIMATUM,NETFLIX,"Apr. 17, 2022","1,099"
THE ULTIMATUM,NETFLIX,"Apr. 24, 2022",482
THE UNBROKEN VOICE,NETFLIX,"Dec. 4, 2022",379
THE WATCHER,NETFLIX,"Oct. 16, 2022","2,355"
THE WATCHER,NETFLIX,"Oct. 23, 2022","2,595"
THE WATCHER,NETFLIX,"Oct. 30, 2022","1,234"
THE WATCHER,NETFLIX,"Nov. 6, 2022",636
THE WATCHER,NETFLIX,"Nov. 13, 2022",409
TRAINWRECK: WOODSTOCK '99,NETFLIX,"Aug. 7, 2022",504
TRAINWRECK: WOODSTOCK '99,NETFLIX,"Aug. 14, 2022",305
UNCOUPLED,NETFLIX,"Aug. 7, 2022",532
UNDERCOVER,NETFLIX,"Jan. 16, 2022",277
UNTOLD,NETFLIX,"Aug. 21, 2022",630
UNTOLD,NETFLIX,"Aug. 28, 2022",485
UNTOLD,NETFLIX,"Sep. 4, 2022",301
UNTOLD,NETFLIX,"Aug. 13, 2023",418
UNTOLD,NETFLIX,"Aug. 27, 2023",632
VIKINGS: VALHALLA,NETFLIX,"Feb. 27, 2022",796
VIKINGS: VALHALLA,NETFLIX,"Mar. 6, 2022","1,079"
VIKINGS: VALHALLA,NETFLIX,"Mar. 13, 2022",412
VIKINGS: VALHALLA,NETFLIX,"Jan. 15, 2023","1,025"
VIKINGS: VALHALLA,NETFLIX,"Jan. 22, 2023",975
VIKINGS: VALHALLA,NETFLIX,"Jan. 29, 2023",453
VIKINGS: VALHALLA,NETFLIX,"Feb. 5, 2023",268
WARRIOR NUN,NETFLIX,"Nov. 13, 2022",595
WARRIOR NUN,NETFLIX,"Nov. 20, 2022",521
WEB OF MAKE BELIEVE,NETFLIX,"Jun. 19, 2022",339
WEB OF MAKE BELIEVE,NETFLIX,"Jun. 26, 2022",375
WEDNESDAY,NETFLIX,"Nov. 27, 2022","5,988"
WEDNESDAY,NETFLIX,"Dec. 4, 2022","5,326"
WEDNESDAY,NETFLIX,"Dec. 11, 2022","3,335"
WEDNESDAY,NETFLIX,"Dec. 18, 2022","2,157"
WEDNESDAY,NETFLIX,"Dec. 25, 2022","1,797"
WEDNESDAY,NETFLIX,"Jan. 1, 2023","1,660"
WEDNESDAY,NETFLIX,"Jan. 8, 2023","1,033"
WEDNESDAY,NETFLIX,"Jan. 15, 2023",810
WEDNESDAY,NETFLIX,"Jan. 22, 2023",711
WEDNESDAY,NETFLIX,"Jan. 29, 2023",527
WEDNESDAY,NETFLIX,"Feb. 5, 2023",415
WEDNESDAY,NETFLIX,"Feb. 12, 2023",357
WEDNESDAY,NETFLIX,"Feb. 19, 2023",325
WEDNESDAY,NETFLIX,"Feb. 26, 2023",284
WELCOME TO EDEN,NETFLIX,"May. 15, 2022",259
WOMAN IN THE HOUSE ACROSS …,NETFLIX,"Jan. 30, 2022",650
WOMAN IN THE HOUSE ACROSS …,NETFLIX,"Feb. 6, 2022","1,121"
WOMAN IN THE HOUSE ACROSS …,NETFLIX,"Feb. 13, 2022",366
WORST ROOMMATE EVER,NETFLIX,"Mar. 6, 2022","1,032"
WORST ROOMMATE EVER,NETFLIX,"Mar. 13, 2022",556
WRONG SIDE OF THE TRACKS,NETFLIX,"May. 22, 2022",382
WRONG SIDE OF THE TRACKS,NETFLIX,"May. 29, 2022",432
WRONG SIDE OF THE TRACKS,NETFLIX,"Jun. 5, 2022",291
WRONG SIDE OF THE TRACKS,NETFLIX,"Mar. 5, 2023",595
WRONG SIDE OF THE TRACKS,NETFLIX,"Mar. 12, 2023",569
WRONG SIDE OF THE TRACKS,NETFLIX,"Mar. 3, 2024",621
A MILLION MILES AWAY,AMAZON,"Sep. 17, 2023",216
A MILLION MILES AWAY,AMAZON,"Sep. 24, 2023",216
AIR,AMAZON,"May. 21, 2023",404
AIR,AMAZON,"May. 28, 2023",302
AIR,AMAZON,"Jun. 4, 2023",246
CANDY CANE LANE,AMAZON,"Dec. 3, 2023",804
CANDY CANE LANE,AMAZON,"Dec. 10, 2023",803
CANDY CANE LANE,AMAZON,"Dec. 17, 2023",472
CANDY CANE LANE,AMAZON,"Dec. 24, 2023",597
COCAINE BEAR,AMAZON,"Aug. 20, 2023",307
CREED III,AMAZON,"Jun. 11, 2023",217
CREED III,AMAZON,"Jun. 18, 2023",222
FAST X,AMAZON,"Jan. 21, 2024",266
GUY RITCHIE'S THE COVENANT,AMAZON,"Sep. 24, 2023",315
GUY RITCHIE'S THE COVENANT,AMAZON,"Oct. 1, 2023",251
JURASSIC WORLD DOMINION,AMAZON,"Jan. 8, 2023",453
JURASSIC WORLD DOMINION,AMAZON,"Jan. 15, 2023",425
JURASSIC WORLD DOMINION,AMAZON,"Jan. 22, 2023",210
JURASSIC WORLD DOMINION,AMAZON,"Jan. 29, 2023",166
KELCE,AMAZON,"Sep. 17, 2023",179
KNOCK AT THE CABIN,AMAZON,"Jul. 30, 2023",221
LONG SHOT,AMA/NET,"Oct. 22, 2023",382
M3GAN,AMAZON,"Jul. 2, 2023",184
SHOTGUN WEDDING,AMAZON,"Jan. 29, 2023",872
SHOTGUN WEDDING,AMAZON,"Feb. 5, 2023",533
SHOTGUN WEDDING,AMAZON,"Feb. 12, 2023",204
THE BLACK DEMON,AMAZON,"Aug. 27, 2023",237
THE BURIAL,AMAZON,"Oct. 15, 2023",637
THE BURIAL,AMAZON,"Oct. 22, 2023",490
THE BURIAL,AMAZON,"Oct. 29, 2023",255
TICKET TO PARADISE,AMAZON,"Apr. 16, 2023",281
TICKET TO PARADISE,AMAZON,"Apr. 23, 2023",204
TICKET TO PARADISE,AMAZON,"Apr. 30, 2023",142
GHOSTED,APPLE TV+,"Apr. 23, 2023",192
GHOSTED,APPLE TV+,"Apr. 30, 2023",181
ANT-MAN AND THE WASP: QUANTUM,DISNEY+,"May. 21, 2023",766
ANT-MAN AND THE WASP: QUANTUM,DISNEY+,"May. 28, 2023",460
ANT-MAN AND THE WASP: QUANTUM,DISNEY+,"Jun. 4, 2023",302
ANT-MAN AND THE WASP: QUANTUM,DISNEY+,"Jun. 18, 2023",156
AVATAR,DISNEY+,"Jan. 1, 2023",442
AVATAR,DISNEY+,"Jan. 8, 2023",270
AVATAR: THE WAY OF THE WATER,MAX/DISNEY+,"Jun. 11, 2023","1,941"
AVATAR: THE WAY OF THE WATER,MAX/DISNEY+,"Jun. 18, 2023","1,059"
AVATAR: THE WAY OF THE WATER,MAX/DISNEY+,"Jun. 25, 2023",671
AVATAR: THE WAY OF THE WATER,MAX/DISNEY+,"Jul. 2, 2023",364
AVATAR: THE WAY OF THE WATER,MAX/DISNEY+,"Jul. 9, 2023",365
AVATAR: THE WAY OF THE WATER,MAX/DISNEY+,"Jul. 16, 2023",165
BLACK PANTHER 2,DISNEY+,"Feb. 5, 2023","2,269"
BLACK PANTHER 2,DISNEY+,"Feb. 12, 2023",944
BLACK PANTHER 2,DISNEY+,"Feb. 19, 2023",579
BLACK PANTHER 2,DISNEY+,"Feb. 26, 2023",375
BLACK PANTHER 2,DISNEY+,"Mar. 5, 2023",251
ELEMENTAL,DISNEY+,"Sep. 17, 2023","1,726"
ELEMENTAL,DISNEY+,"Sep. 24, 2023","1,334"
ELEMENTAL,DISNEY+,"Oct. 1, 2023",862
ELEMENTAL,DISNEY+,"Oct. 8, 2023",621
ELEMENTAL,DISNEY+,"Oct. 15, 2023",540
ELEMENTAL,DISNEY+,"Oct. 22, 2023",494
ELEMENTAL,DISNEY+,"Oct. 29, 2023",463
ELEMENTAL,DISNEY+,"Nov. 5, 2023",425
ELEMENTAL,DISNEY+,"Nov. 12, 2023",352
ELEMENTAL,DISNEY+,"Nov. 26, 2023",371
ELEMENTAL,DISNEY+,"Jan. 14, 2024",282
ELEMENTAL,DISNEY+,"Jan. 28, 2024",213
ELEMENTAL,DISNEY+,"Feb. 4, 2024",240
ELEMENTAL,DISNEY+,"Feb. 11, 2024",217
FLAMIN' HOT,HULU/DISNEY+,"Jun. 11, 2023",294
FLAMIN' HOT,HULU/DISNEY+,"Jun. 18, 2023",318
GUARDIANS OF THE GALAXY VOL. 3,DISNEY+,"Aug. 6, 2023","1,625"
GUARDIANS OF THE GALAXY VOL. 3,DISNEY+,"Aug. 13, 2023",811
GUARDIANS OF THE GALAXY VOL. 3,DISNEY+,"Aug. 20, 2023",433
GUARDIANS OF THE GALAXY VOL. 3,DISNEY+,"Aug. 27, 2023",300
GUARDIANS OF THE GALAXY VOL. 3,DISNEY+,"Sep. 3, 2023",211
HAUNTED MANSION,DISNEY+,"Oct. 8, 2023",992
HAUNTED MANSION,DISNEY+,"Oct. 15, 2023",656
HAUNTED MANSION,DISNEY+,"Oct. 22, 2023",413
HAUNTED MANSION,DISNEY+,"Oct. 29, 2023",277
INDIANA JONES: DIAL OF DESTINY,DISNEY+,"Dec. 3, 2023",535
INDIANA JONES: DIAL OF DESTINY,DISNEY+,"Dec. 10, 2023",498
PETER PAN & WENDY,DISNEY+,"Apr. 30, 2023",477
PETER PAN & WENDY,DISNEY+,"May. 7, 2023",245
RIO 2,HULU/DISNEY+,"Aug. 13, 2023",265
THE LITTLE MERMAID (2023),DISNEY+,"Sep. 10, 2023","1,374"
THE LITTLE MERMAID (2023),DISNEY+,"Sep. 17, 2023",588
THE LITTLE MERMAID (2023),DISNEY+,"Sep. 24, 2023",393
AVATAR: THE WAY OF THE WATER,MAX/DISNEY+,"Jun. 11, 2023","1,941"
AVATAR: THE WAY OF THE WATER,MAX/DISNEY+,"Jun. 18, 2023","1,059"
AVATAR: THE WAY OF THE WATER,MAX/DISNEY+,"Jun. 25, 2023",671
AVATAR: THE WAY OF THE WATER,MAX/DISNEY+,"Jul. 2, 2023",364
AVATAR: THE WAY OF THE WATER,MAX/DISNEY+,"Jul. 9, 2023",365
AVATAR: THE WAY OF THE WATER,MAX/DISNEY+,"Jul. 16, 2023",165
BARBIE,MAX,"Dec. 17, 2023",518
BARBIE,MAX,"Dec. 31, 2023",602
BARBIE,MAX,"Jan. 14, 2024",250
BLUE BEETLE,MAX,"Nov. 19, 2023",335
BLUE BEETLE,MAX,"Nov. 26, 2023",413
CHRISTMAS VACATION,HULU/MAX,"Nov. 26, 2023",341
DUNE,MAX/NET,"Oct. 8, 2023",272
MEG 2: THE TRENCH,MAX,"Oct. 1, 2023",338
MEG 2: THE TRENCH,MAX,"Oct. 8, 2023",250
MEG 2: THE TRENCH,MAX/NET,"Dec. 31, 2023",737
MEG 2: THE TRENCH,MAX/NET,"Jan. 7, 2024",462
SHAZAM! FURY OF THE GODS,MAX,"May. 28, 2023",346
SHAZAM! FURY OF THE GODS,MAX,"Jun. 4, 2023",237
SNITCH,MAX/NET,"Sep. 10, 2023",329
THE FLASH,MAX,"Aug. 27, 2023",392
THE FLASH,MAX,"Sep. 3, 2023",360
THE MENU,HBO MAX,"Jan. 8, 2023",491
THE MENU,HBO MAX,"Jan. 15, 2023",354
THE MENU,HBO MAX,"Jan. 22, 2023",223
THE POLAR EXPRESS,HULU/MAX,"Dec. 3, 2023",275
A HAUNTING IN VENICE,HULU,"Nov. 5, 2023",294
BOSTON STRANGLER,HULU,"Mar. 19, 2023",206
CHRISTMAS VACATION,HULU/MAX,"Nov. 26, 2023",341
DUNE,HULU/NET,"Feb. 18, 2024",333
DUNE,HULU/NET,"Feb. 25, 2024",452
DUNE,HULU/NET,"Mar. 3, 2024",529
DUNE,HULU/NET,"Mar. 10, 2024",375
FLAMIN' HOT,HULU/DISNEY+,"Jun. 11, 2023",294
FLAMIN' HOT,HULU/DISNEY+,"Jun. 18, 2023",318
RIO 2,HULU/DISNEY+,"Aug. 13, 2023",265
THE LAST STAND,HULU/NET,"Apr. 16, 2023",438
THE POLAR EXPRESS,HULU/MAX,"Dec. 3, 2023",275
VACATION 2,HULU,"Aug. 27, 2023",246
2 GUNS,NETFLIX,"Feb. 19, 2023",579
2 GUNS,NETFLIX,"Feb. 26, 2023",422
47 METERS DOWN: UNCAGED,NETFLIX,"Feb. 19, 2023",271
47 RONIN,NETFLIX,"Jun. 25, 2023",220
65,NETFLIX,"Jul. 9, 2023",367
65,NETFLIX,"Jul. 16, 2023",604
65,NETFLIX,"Jul. 23, 2023",178
A MAN CALLED OTTO,NETFLIX,"May. 7, 2023",879
A MAN CALLED OTTO,NETFLIX,"May. 14, 2023","1,224"
A MAN CALLED OTTO,NETFLIX,"May. 21, 2023",621
A MAN CALLED OTTO,NETFLIX,"May. 28, 2023",383
A MAN CALLED OTTO,NETFLIX,"Jun. 4, 2023",292
A TOURIST'S GUIDE TO LOVE,NETFLIX,"Apr. 30, 2023",220
ABOVE SUSPICION,NETFLIX,"May. 7, 2023",200
AKA,NETFLIX,"Apr. 30, 2023",295
AKA,NETFLIX,"May. 7, 2023",362
AMERICAN MADE,NETFLIX,"Oct. 15, 2023",442
ANNA NICOLE SMITH: DON'T KNOW ME,NETFLIX,"May. 21, 2023",274
ANNIHILATION,NETFLIX,"Jul. 9, 2023",243
ARRIVAL,PARA/NET,"Sep. 3, 2023",218
ARRIVAL,PARA/NET,"Sep. 10, 2023",263
BEST. CHRISTMAS. EVER!,NETFLIX,"Nov. 19, 2023",413
BEST. CHRISTMAS. EVER!,NETFLIX,"Nov. 26, 2023",394
BIG GEORGE FOREMAN,NETFLIX,"Sep. 3, 2023",416
BIRD BOX BARCELONA,NETFLIX,"Jul. 16, 2023",384
BIRD BOX BARCELONA,NETFLIX,"Jul. 23, 2023",360
BURLESQUE,NETFLIX,"Mar. 12, 2023",233
CAPTAIN UNDERPANTS: FIRST EPIC,NETFLIX,"Jul. 16, 2023",210
CAPTAIN UNDERPANTS: FIRST EPIC,NETFLIX,"Jul. 23, 2023",221
CASPER,NETFLIX,"Oct. 8, 2023",298
CASPER,NETFLIX,"Oct. 15, 2023",328
CHUPA,NETFLIX,"Apr. 9, 2023",412
CHUPA,NETFLIX,"Apr. 16, 2023",450
COLD PURSUIT,NETFLIX,"Nov. 5, 2023",332
DOG GONE,NETFLIX,"Jan. 15, 2023",387
DOG GONE,NETFLIX,"Jan. 22, 2023",395
DR. SEUSS' THE LORAX,NETFLIX,"Apr. 16, 2023",225
DRAGGED ACROSS CONCRETE,NETFLIX,"Mar. 19, 2023",516
DRAGGED ACROSS CONCRETE,NETFLIX,"Mar. 26, 2023",476
DRAGGED ACROSS CONCRETE,NETFLIX,"Apr. 2, 2023",183
DUNE,MAX/NET,"Oct. 8, 2023",272
ELEMENTAL,NETFLIX,"Nov. 19, 2023",335
ENOUGH,NETFLIX,"Feb. 12, 2023",199
EXTRACTION,NETFLIX,"Jun. 18, 2023",216
EXTRACTION,NETFLIX,"Jun. 25, 2023",321
EXTRACTION 2,NETFLIX,"Jun. 18, 2023","1,023"
EXTRACTION 2,NETFLIX,"Jun. 25, 2023","1,033"
EXTRACTION 2,NETFLIX,"Jul. 2, 2023",443
EXTRACTION 2,NETFLIX,"Jul. 9, 2023",257
FAIR PLAY,NETFLIX,"Oct. 8, 2023",235
FAIR PLAY,NETFLIX,"Oct. 15, 2023",216
FAMILY SWITCH,NETFLIX,"Dec. 3, 2023",834
FAMILY SWITCH,NETFLIX,"Dec. 10, 2023",632
FAMILY SWITCH,NETFLIX,"Dec. 17, 2023",398
FAST FIVE,NETFLIX,"Aug. 13, 2023",218
FATALE,NETFLIX,"Aug. 6, 2023",402
FATALE,NETFLIX,"Aug. 13, 2023",316
FLUSHED AWAY,NETFLIX,"Feb. 5, 2023",273
FORGOTTEN LOVE,NETFLIX,"Oct. 1, 2023",211
G.I. JOE: RETALIATION,PARA/NET,"May. 14, 2023",183
GRAN TURISMO,NETFLIX,"Dec. 17, 2023",410
GRAN TURISMO,NETFLIX,"Dec. 24, 2023",577
GRAN TURISMO,NETFLIX,"Dec. 31, 2023",412
HAPPINESS FOR BEGINNERS,NETFLIX,"Jul. 30, 2023",434
HAPPINESS FOR BEGINNERS,NETFLIX,"Aug. 6, 2023",517
HATCHET WIELDING HITCHHIKER,NETFLIX,"Jan. 15, 2023",646
HATCHET WIELDING HITCHHIKER,NETFLIX,"Jan. 22, 2023",236
HEART OF STONE,NETFLIX,"Aug. 13, 2023",966
HEART OF STONE,NETFLIX,"Aug. 20, 2023",777
HEART OF STONE,NETFLIX,"Aug. 27, 2023",328
HEAT,NETFLIX,"May. 14, 2023",160
HIDDEN STRIKE,NETFLIX,"Jul. 30, 2023",446
HIDDEN STRIKE,NETFLIX,"Aug. 6, 2023",511
HOTEL TRANSYLVANIA,NETFLIX,"Apr. 9, 2023",268
HUNGER,NETFLIX,"Apr. 16, 2023",210
HUNGER GAMES,NETFLIX,"Mar. 12, 2023",354
HUNGER GAMES: CATCHING FIRE,NETFLIX,"Mar. 12, 2023",251
HUNTER KILLER,NETFLIX,"Dec. 3, 2023",313
I CAN DO BAD ALL BY MYSELF,NETFLIX,"Feb. 12, 2023",261
I SEE YOU,NETFLIX,"Mar. 26, 2023",542
I SEE YOU,NETFLIX,"Apr. 2, 2023",367
INSIDIOUS: THE RED DOOR,NETFLIX,"Nov. 12, 2023",441
JESUS REVOLUTION,NETFLIX,"Aug. 6, 2023",310
JUNG_E,NETFLIX,"Jan. 22, 2023",188
JUNG_E,NETFLIX,"Jan. 29, 2023",166
KNIGHTS OF THE ZODIAC,NETFLIX,"Oct. 29, 2023",266
LAST VEGAS,NETFLIX,"Oct. 8, 2023",319
LEAVE THE WORLD BEHIND,NETFLIX,"Dec. 10, 2023","1,920"
LEAVE THE WORLD BEHIND,NETFLIX,"Dec. 17, 2023","1,951"
LEAVE THE WORLD BEHIND,NETFLIX,"Dec. 24, 2023",983
LEAVE THE WORLD BEHIND,NETFLIX,"Dec. 31, 2023",881
LEO,NETFLIX,"Nov. 26, 2023","1,526"
LEO,NETFLIX,"Dec. 3, 2023",858
LEO,NETFLIX,"Dec. 10, 2023",501
LEO,NETFLIX,"Dec. 17, 2023",341
LONE SURVIVOR,NETFLIX,"Nov. 19, 2023",413
LONG SHOT,AMA/NET,"Oct. 22, 2023",382
LOVE AGAIN,NETFLIX,"Sep. 3, 2023",288
LOVE AGAIN,NETFLIX,"Sep. 10, 2023",336
LOVE AT FIRST SIGHT,NETFLIX,"Sep. 17, 2023",233
LOVE AT FIRST SIGHT,NETFLIX,"Sep. 24, 2023",242
LOVE IS IN THE AIR,NETFLIX,"Oct. 1, 2023",208
LUTHER: THE FALLEN SUN,NETFLIX,"Mar. 12, 2023",898
LUTHER: THE FALLEN SUN,NETFLIX,"Mar. 19, 2023",859
LUTHER: THE FALLEN SUN,NETFLIX,"Mar. 26, 2023",233
"LYLE, LYLE, CROCODILE",NETFLIX,"Feb. 5, 2023",360
"LYLE, LYLE, CROCODILE",NETFLIX,"Feb. 12, 2023",608
"LYLE, LYLE, CROCODILE",NETFLIX,"Feb. 19, 2023",301
"LYLE, LYLE, CROCODILE",NETFLIX,"Feb. 26, 2023",209
MA,NETFLIX,"Oct. 15, 2023",297
MAGIC MIKE XXL,NETFLIX,"Mar. 5, 2023",265
MATILDA,NETFLIX,"Apr. 9, 2023",316
MATILDA,NETFLIX,"Apr. 16, 2023",270
MATILDA,NETFLIX,"Apr. 23, 2023",161
MATILDA: THE MUSICAL,NETFLIX,"Jan. 1, 2023",839
MATILDA: THE MUSICAL,NETFLIX,"Jan. 8, 2023",364
MATILDA: THE MUSICAL,NETFLIX,"Jan. 15, 2023",203
MEG 2: THE TRENCH,MAX/NET,"Dec. 31, 2023",737
MEG 2: THE TRENCH,MAX/NET,"Jan. 7, 2024",462
MINIONS,NETFLIX,"Oct. 29, 2023",275
MINIONS,NETFLIX,"Nov. 5, 2023",364
MINIONS,NETFLIX,"Nov. 12, 2023",280
MINIONS: THE RISE OF GRU,NETFLIX,"Feb. 5, 2023","1,184"
MINIONS: THE RISE OF GRU,NETFLIX,"Feb. 12, 2023",687
MINIONS: THE RISE OF GRU,NETFLIX,"Feb. 19, 2023",435
MINIONS: THE RISE OF GRU,NETFLIX,"Feb. 26, 2023",365
MINIONS: THE RISE OF GRU,NETFLIX,"Mar. 5, 2023",257
MINIONS: THE RISE OF GRU,NETFLIX,"Mar. 19, 2023",200
MINIONS: THE RISE OF GRU,NETFLIX,"Mar. 26, 2023",181
MIRACULOUS: TALES OF LADYBUG,NETFLIX,"Jul. 30, 2023",350
MIRACULOUS: TALES OF LADYBUG,NETFLIX,"Aug. 6, 2023",351
MISSING,NETFLIX,"May. 28, 2023",626
MISSING,NETFLIX,"Jun. 4, 2023",334
MONEY SHOT,NETFLIX,"Mar. 19, 2023",246
MURDER MYSTERY,NETFLIX,"Apr. 2, 2023",423
MURDER MYSTERY,NETFLIX,"Apr. 9, 2023",285
MURDER MYSTERY 2,NETFLIX,"Apr. 2, 2023","1,124"
MURDER MYSTERY 2,NETFLIX,"Apr. 9, 2023",871
MURDER MYSTERY 2,NETFLIX,"Apr. 16, 2023",246
NARVIK,NETFLIX,"Jan. 29, 2023",421
NIMONA,NETFLIX,"Jul. 9, 2023",262
NO HARD FEELINGS,NETFLIX,"Oct. 22, 2023",313
NO HARD FEELINGS,NETFLIX,"Oct. 29, 2023","1,130"
NO HARD FEELINGS,NETFLIX,"Nov. 5, 2023",388
NO HARD FEELINGS,NETFLIX,"Nov. 12, 2023",258
NOWHERE,NETFLIX,"Oct. 1, 2023",509
NOWHERE,NETFLIX,"Oct. 8, 2023",475
NOWHERE,NETFLIX,"Oct. 15, 2023",226
OLD DADS,NETFLIX,"Oct. 22, 2023",728
OLD DADS,NETFLIX,"Oct. 29, 2023",643
OVER THE HEDGE,NETFLIX,"Apr. 9, 2023",339
PAIN HUSTLERS,NETFLIX,"Oct. 29, 2023",543
PAIN HUSTLERS,NETFLIX,"Nov. 5, 2023",401
"PAMELA, A LOVE STORY",NETFLIX,"Feb. 5, 2023",545
"PAMELA, A LOVE STORY",NETFLIX,"Feb. 12, 2023",202
PITCH PERFECT,NETFLIX,"May. 7, 2023",474
PITCH PERFECT,NETFLIX,"May. 14, 2023",210
PUSS IN BOOTS: LAST WISH,NETFLIX,"Mar. 12, 2023",383
PUSS IN BOOTS: LAST WISH,NETFLIX,"Jul. 16, 2023",565
PUSS IN BOOTS: LAST WISH,NETFLIX,"Jul. 23, 2023",628
PUSS IN BOOTS: LAST WISH,NETFLIX,"Jul. 30, 2023",410
QUE VIVA MEXICO!,NETFLIX,"May. 14, 2023",298
QUE VIVA MEXICO!,NETFLIX,"May. 21, 2023",242
R.I.P.D.,NETFLIX,"Mar. 5, 2023",492
REBEL MOON: PART 1,NETFLIX,"Dec. 24, 2023",966
REBEL MOON: PART 1,NETFLIX,"Dec. 31, 2023",974
REPTILE,NETFLIX,"Oct. 1, 2023",740
REPTILE,NETFLIX,"Oct. 8, 2023",838
REPTILE,NETFLIX,"Oct. 15, 2023",519
REPTILE,NETFLIX,"Oct. 22, 2023",230
RIDDICK,NETFLIX,"Mar. 19, 2023",214
RIDE ALONG,NETFLIX,"Jul. 23, 2023",276
RIVER WILD,NETFLIX,"Aug. 6, 2023",296
RIVER WILD,NETFLIX,"Aug. 13, 2023",300
RUN RABBIT RUN,NETFLIX,"Jul. 2, 2023",333
RUN RABBIT RUN,NETFLIX,"Jul. 9, 2023",222
SAFE (2012),NETFLIX,"Aug. 13, 2023",252
SHARK TALE,NETFLIX,"Apr. 9, 2023",367
SNITCH,MAX/NET,"Sep. 10, 2023",329
SPIDER-MAN: ACROSS SPIDERVERSE,NETFLIX,"Nov. 5, 2023","1,136"
SPIDER-MAN: ACROSS SPIDERVERSE,NETFLIX,"Nov. 12, 2023",597
SPIDER-MAN: ACROSS SPIDERVERSE,NETFLIX,"Nov. 19, 2023",355
SPIDER-MAN: ACROSS SPIDERVERSE,NETFLIX,"Nov. 26, 2023",355
SPIDER-MAN: HOMECOMING,NETFLIX,"May. 14, 2023",178
SPY KIDS: ARMAGEDDON,NETFLIX,"Sep. 24, 2023",236
SPY KIDS: ARMAGEDDON,NETFLIX,"Oct. 1, 2023",238
TAKE CARE OF MAYA,NETFLIX,"Jun. 25, 2023",400
TAKE CARE OF MAYA,NETFLIX,"Jul. 2, 2023",182
TAMMY,NETFLIX,"Oct. 22, 2023",259
TED,NETFLIX,"May. 21, 2023",440
TED,NETFLIX,"May. 28, 2023",235
THE ANGRY BIRDS MOVIE,NETFLIX,"Jun. 11, 2023",319
THE ANGRY BIRDS MOVIE,NETFLIX,"Jun. 18, 2023",230
THE BIG SHORT,NETFLIX,"Sep. 3, 2023",219
THE BOSS BABY,NETFLIX,"May. 28, 2023",271
THE BOSS BABY,NETFLIX,"Jun. 4, 2023",537
THE BOSS BABY,NETFLIX,"Jun. 11, 2023",390
THE BOSS BABY,NETFLIX,"Jun. 18, 2023",272
THE BOSS BABY,NETFLIX,"Jul. 2, 2023",181
THE BOURNE LEGACY,NETFLIX,"Apr. 2, 2023",156
THE BOURNE LEGACY,NETFLIX,"Apr. 9, 2023",457
THE CHANGE-UP,NETFLIX,"Nov. 5, 2023",319
THE CHOICE,NETFLIX,"Jun. 11, 2023",207
THE DEVIL ON TRIAL,NETFLIX,"Oct. 22, 2023",254
THE DILEMMA,NETFLIX,"May. 7, 2023",297
THE GLASS CASTLE,NETFLIX,"May. 7, 2023",166
THE HANGOVER PART 3,NETFLIX,"Mar. 5, 2023",226
THE HUNGER GAMES,NETFLIX,"Mar. 5, 2023",229
THE INVITATION,NETFLIX,"Jan. 1, 2023",664
THE KILLER,NETFLIX,"Nov. 12, 2023",650
THE KILLER,NETFLIX,"Nov. 19, 2023",557
THE LAST KINGDOM,NETFLIX,"Apr. 16, 2023",451
THE LAST KINGDOM: 7 KINGS …,NETFLIX,"Apr. 23, 2023",311
THE MACHINE,NETFLIX,"Sep. 24, 2023",206
THE MACHINE,NETFLIX,"Oct. 1, 2023",266
THE MAGICIAN'S ELEPHANT,NETFLIX,"Mar. 26, 2023",257
THE MONKEY KING,NETFLIX,"Aug. 20, 2023",215
THE MONKEY KING,NETFLIX,"Aug. 27, 2023",387
THE MOTHER,NETFLIX,"May. 14, 2023","1,434"
THE MOTHER,NETFLIX,"May. 21, 2023","1,160"
THE MOTHER,NETFLIX,"May. 28, 2023",465
THE MOTHER,NETFLIX,"Jun. 4, 2023",276
THE MULE,NETFLIX,"Jun. 25, 2023",484
THE MULE,NETFLIX,"Jul. 2, 2023",153
THE MUMMY,NETFLIX,"Nov. 5, 2023",364
THE MUSTANG,NETFLIX,"Apr. 23, 2023",187
THE OUT-LAWS,NETFLIX,"Jul. 9, 2023",711
THE OUT-LAWS,NETFLIX,"Jul. 16, 2023",840
THE OUT-LAWS,NETFLIX,"Jul. 23, 2023",311
THE OUT-LAWS,NETFLIX,"Jul. 30, 2023",169
THE PALE BLUE EYE,NETFLIX,"Jan. 8, 2023",729
THE PALE BLUE EYE,NETFLIX,"Jan. 15, 2023",582
THE PALE BLUE EYE,NETFLIX,"Jan. 22, 2023",212
THE PERFECT FIND,NETFLIX,"Jun. 25, 2023",229
THE PERFECT FIND,NETFLIX,"Jul. 2, 2023",239
THE POPE'S EXORCIST,NETFLIX,"Aug. 20, 2023",580
THE POPE'S EXORCIST,NETFLIX,"Aug. 27, 2023",345
THE SNOWMAN,NETFLIX,"Apr. 23, 2023",415
THE SON,NETFLIX,"May. 28, 2023",316
THE STRAYS,NETFLIX,"Feb. 26, 2023",368
THE SUPER MARIO BROS. MOVIE,NETFLIX,"Dec. 10, 2023","1,349"
THE SUPER MARIO BROS. MOVIE,NETFLIX,"Dec. 17, 2023",898
THE SUPER MARIO BROS. MOVIE,NETFLIX,"Dec. 24, 2023",730
THE SUPER MARIO BROS. MOVIE,NETFLIX,"Dec. 31, 2023",726
THE SUPER MARIO BROS. MOVIE,NETFLIX,"Jan. 7, 2024",529
THE SUPER MARIO BROS. MOVIE,NETFLIX,"Jan. 14, 2024",456
THE SUPER MARIO BROS. MOVIE,NETFLIX,"Jan. 21, 2024",453
THE SUPER MARIO BROS. MOVIE,NETFLIX,"Jan. 28, 2024",417
THE SUPER MARIO BROS. MOVIE,NETFLIX,"Feb. 4, 2024",388
THE SUPER MARIO BROS. MOVIE,NETFLIX,"Feb. 11, 2024",356
THE SUPER MARIO BROS. MOVIE,NETFLIX,"Feb. 18, 2024",395
THE SUPER MARIO BROS. MOVIE,NETFLIX,"Feb. 25, 2024",374
THE SUPER MARIO BROS. MOVIE,NETFLIX,"Mar. 3, 2024",345
THE SUPER MARIO BROS. MOVIE,NETFLIX,"Mar. 10, 2024",336
THE SUPER MARIO BROS. MOVIE,PEA/NET,"Dec. 3, 2023",465
THE TUTOR,NETFLIX,"Jul. 16, 2023",203
THE WOLF OF WALL STREET,PARA/NET,"Sep. 17, 2023",160
THE WOLF OF WALL STREET,PARA/NET,"Sep. 24, 2023",267
THE WOMAN KING,NETFLIX,"Feb. 19, 2023",753
THE WOMAN KING,NETFLIX,"Feb. 26, 2023",586
THEY CLONED TYRONE,NETFLIX,"Jul. 23, 2023",468
THEY CLONED TYRONE,NETFLIX,"Jul. 30, 2023",664
THEY CLONED TYRONE,NETFLIX,"Aug. 6, 2023",242
THIS IS WHERE I LEAVE YOU,NETFLIX,"Mar. 5, 2023",368
THIS IS WHERE I LEAVE YOU,NETFLIX,"Mar. 12, 2023",317
TO LESLIE,NETFLIX,"Jun. 4, 2023",274
TROLLS,NETFLIX,"Jan. 1, 2023",501
TROLLS,NETFLIX,"Jan. 8, 2023",273
TROLLS,NETFLIX,"Jan. 15, 2023",231
TROLLS,NETFLIX,"Jan. 29, 2023",239
TRUE SPIRIT,NETFLIX,"Feb. 12, 2023",248
TURBO,NETFLIX,"Mar. 10, 2024",252
TURBO,PEA/NET,"Mar. 12, 2023",406
TURBO,PEA/NET,"Mar. 19, 2023",251
UGLYDOLLS,NETFLIX,"May. 21, 2023",232
UNBROKEN,NETFLIX,"Jun. 25, 2023",174
UNKNOWN: CAVE OF BONES,NETFLIX,"Jul. 23, 2023",293
VIKING WOLF,NETFLIX,"Feb. 5, 2023",320
WE HAVE A GHOST,NETFLIX,"Feb. 26, 2023",930
WE HAVE A GHOST,NETFLIX,"Mar. 5, 2023",807
WE HAVE A GHOST,NETFLIX,"Mar. 12, 2023",241
WE'RE THE MILLERS,NETFLIX,"Jun. 4, 2023",258
WE'RE THE MILLERS,NETFLIX,"Jun. 11, 2023",332
WHITE HOUSE DOWN,NETFLIX,"Jul. 9, 2023",266
WHITE NOISE,NETFLIX,"Jan. 1, 2023",414
WHITE NOISE,NETFLIX,"Jan. 8, 2023",353
WHITNEY HOUSTON: I WANNA DANCE,NETFLIX,"Apr. 23, 2023",407
WHITNEY HOUSTON: I WANNA DANCE,NETFLIX,"Apr. 30, 2023",578
WOODY WOODPECKER,NETFLIX,"Sep. 10, 2023",256
WOODY WOODPECKER,NETFLIX,"Sep. 17, 2023",260
YOU ARE SO NOT INVITED/BAT MITZVAH,NETFLIX,"Aug. 27, 2023",495
YOU ARE SO NOT INVITED/BAT MITZVAH,NETFLIX,"Sep. 3, 2023",715
YOU ARE SO NOT INVITED/BAT MITZVAH,NETFLIX,"Sep. 10, 2023",288
YOU PEOPLE,NETFLIX,"Jan. 29, 2023","1,576"
YOU PEOPLE,NETFLIX,"Feb. 5, 2023","1,550"
YOU PEOPLE,NETFLIX,"Feb. 12, 2023",505
YOU PEOPLE,NETFLIX,"Feb. 19, 2023",232
YOUR PLACE OR MINE,NETFLIX,"Feb. 12, 2023",898
YOUR PLACE OR MINE,NETFLIX,"Feb. 19, 2023",955
YOUR PLACE OR MINE,NETFLIX,"Feb. 26, 2023",344
ZOOKEEPER,NETFLIX,"Jun. 11, 2023",234
CHAMPIONS,PEACOCK,"Apr. 30, 2023",137
COCAINE BEAR,PEACOCK,"Apr. 16, 2023",324
COCAINE BEAR,PEACOCK,"Apr. 23, 2023",253
COCAINE BEAR,PEACOCK,"Apr. 30, 2023",147
FAST X,PEACOCK,"Sep. 17, 2023",272
FIVE NIGHTS AT FREDDY'S,PEACOCK,"Oct. 29, 2023",740
FIVE NIGHTS AT FREDDY'S,PEACOCK,"Nov. 5, 2023",562
FIVE NIGHTS AT FREDDY'S,PEACOCK,"Nov. 12, 2023",248
GENIE,PEACOCK,"Nov. 26, 2023",407
KNOCK AT THE CABIN,PEACOCK,"Mar. 26, 2023",186
M3GAN,PEACOCK,"Feb. 26, 2023",298
M3GAN,PEACOCK,"Mar. 5, 2023",242
PUSS IN BOOTS: LAST WISH,PEACOCK,"Mar. 19, 2023",435
PUSS IN BOOTS: LAST WISH,PEACOCK,"Mar. 26, 2023",254
PUSS IN BOOTS: LAST WISH,PEACOCK,"Apr. 2, 2023",185
SUPER MARIO BROS. MOVIE,PEACOCK,"Aug. 6, 2023",717
THE GRINCH (2018),PEACOCK,"Nov. 12, 2023",251
THE GRINCH (2018),PEACOCK,"Nov. 19, 2023",266
THE GRINCH (2018),PEACOCK,"Nov. 26, 2023",480
THE GRINCH (2018),PEACOCK,"Dec. 3, 2023",387
THE GRINCH (2018),PEACOCK,"Dec. 10, 2023",447
THE GRINCH (2018),PEACOCK,"Dec. 17, 2023",427
THE GRINCH (2018),PEACOCK,"Dec. 24, 2023",632
THE SUPER MARIO BROS. MOVIE,PEA/NET,"Dec. 3, 2023",465
THE SUPER MARIO BROS. MOVIE,PEACOCK,"Aug. 13, 2023",598
THE SUPER MARIO BROS. MOVIE,PEACOCK,"Aug. 20, 2023",385
THE SUPER MARIO BROS. MOVIE,PEACOCK,"Aug. 27, 2023",322
THE SUPER MARIO BROS. MOVIE,PEACOCK,"Sep. 3, 2023",305
THE SUPER MARIO BROS. MOVIE,PEACOCK,"Sep. 10, 2023",232
THE SUPER MARIO BROS. MOVIE,PEACOCK,"Sep. 17, 2023",196
THE SUPER MARIO BROS. MOVIE,PEACOCK,"Nov. 12, 2023",249
TURBO,PEA/NET,"Mar. 12, 2023",406
TURBO,PEA/NET,"Mar. 19, 2023",251
ARRIVAL,PARA/NET,"Sep. 3, 2023",218
ARRIVAL,PARA/NET,"Sep. 10, 2023",263
DUNGEONS & DRAGONS: HONOR …,PARAMOUNT+,"May. 21, 2023",493
DUNGEONS & DRAGONS: HONOR …,PARAMOUNT+,"May. 28, 2023",413
DUNGEONS & DRAGONS: HONOR …,PARAMOUNT+,"Jun. 4, 2023",350
G.I. JOE: RETALIATION,PARA/NET,"May. 14, 2023",183
PAW PATROL: MIGHTY MOVIE,PARAMOUNT+,"Nov. 19, 2023",291
THE WOLF OF WALL STREET,PARA/NET,"Sep. 17, 2023",160
THE WOLF OF WALL STREET,PARA/NET,"Sep. 24, 2023",267
TMNT: MUTANT MAYHEM,PARAMOUNT+,"Sep. 24, 2023",216
TOP GUN: MAVERICK,PARAMOUNT+,"Mar. 26, 2023",219
TOP GUN: MAVERICK,PARAMOUNT+,"Apr. 2, 2023",258
TOP GUN: MAVERICK,PARAMOUNT+,"Apr. 9, 2023",207
TRANSFORMERS: RISE OF THE BEASTS,PARAMOUNT+,"Jul. 16, 2023",241
TRANSFORMERS: RISE OF THE BEASTS,PARAMOUNT+,"Jul. 30, 2023",638
TRANSFORMERS: RISE OF THE BEASTS,PARAMOUNT+,"Aug. 6, 2023",438
TRANSFORMERS: RISE OF THE BEASTS,PARAMOUNT+,"Aug. 13, 2023",253
TRANSFORMERS: RISE OF THE BEASTS,PARAMOUNT+,"Aug. 20, 2023",167
