Show Name,Season,Href,Google Docs
1000000 pyramid,season one,https://tvseriesfinale.com/tv-show/1000000-pyramid-season-one-ratings/,https://docs.google.com/spreadsheets/d/1fDDhVVuLxhWiZYf0rhHouQreu36bCgk6gBcUzJONvaw/pubhtml/sheet?headers=false&gid=1258055614&range=A1%3Ah30
100000 pyramid,season two,https://tvseriesfinale.com/tv-show/100000-pyramid-season-two-ratings/,https://docs.google.com/spreadsheets/d/1ToHTY-SGH1wLEo31kKz9TOE5PsdpBE20kqtr1BhJBVA/pubhtml/sheet?headers=false&gid=851734230&range=A1%3Ah100
100000 pyramid,season three,https://tvseriesfinale.com/tv-show/100000-pyramid-season-three-ratings/,https://docs.google.com/spreadsheets/d/e/2PACX-1vTlE5lTHpAmKbEOIFMoMB5xW95pIvYxFgcblbWzKL4ZDLRBAVL3Bt3WtXzA65dzsHZXuOrwhIXlQOfq/pubhtml/sheet?headers=false&gid=879580348&range=A1%3Ah100
the 100000 pyramid,season four,https://tvseriesfinale.com/tv-show/the-100000-pyramid-season-four-ratings/,https://docs.google.com/spreadsheets/d/1Z54g0izrymDxV0QDkwOGE9auYHrCu-FTYNpPDykzPJ8/pubhtml/sheet?headers=false&gid=539383729&range=A1%3Ah100
the 100000 pyramid,season five,https://tvseriesfinale.com/tv-show/the-100000-pyramid-season-five-ratings/,https://docs.google.com/spreadsheets/d/1NS9t3Pv-5_wq_fCkMbQDlf0scWZ_TYTsLp38Z8jaw_M/pubhtml/sheet?headers=false&gid=2122170836&range=A1%3Ah100
the 100000 pyramid,season six,https://tvseriesfinale.com/tv-show/the-100000-pyramid-season-six-ratings/,https://docs.google.com/spreadsheets/d/1UHVhAstyDVbA_72wuwSMX7TAPuO4Z_5sX1xbcmNjr2s/pubhtml/sheet?headers=false&gid=370180983&range=A1%3Ah100
the 100000 pyramid,season seven,https://tvseriesfinale.com/tv-show/the-100000-pyramid-season-seven-ratings/,https://docs.google.com/spreadsheets/d/15KTevMXvt9KrUmg0EAioSoNjNmhfRebf0-72WnZYlK8/pubhtml/sheet?headers=false&gid=742204250&range=A1%3Ah100
12 monkeys,season two,https://tvseriesfinale.com/tv-show/12-monkeys-season-two-ratings/,https://docs.google.com/spreadsheets/d/14IMssfgFsz8f3V5fAqkrt1xG_NUPQHNq4zimlz87N_c/pubhtml/sheet?headers=false&gid=372416191&range=A1%3AG30
12 monkeys,season three,https://tvseriesfinale.com/tv-show/12-monkeys-season-three-ratings/,https://docs.google.com/spreadsheets/d/14IMssfgFsz8f3V5fAqkrt1xG_NUPQHNq4zimlz87N_c/pubhtml/sheet?headers=false&gid=779809466&range=A1%3AG30
12 monkeys,season four,https://tvseriesfinale.com/tv-show/12-monkeys-season-four-ratings/,https://docs.google.com/spreadsheets/d/14IMssfgFsz8f3V5fAqkrt1xG_NUPQHNq4zimlz87N_c/pubhtml/sheet?headers=false&gid=797382552&range=A1%3AG30
9 1 1,season one,https://tvseriesfinale.com/tv-show/9-1-1-season-one-ratings/,https://docs.google.com/spreadsheets/d/1ftMGnLJFFncsXKJ6saeTkxhdfa23cittfFA2Z2rVogM/pubhtml/sheet?headers=false&gid=1933679017&range=A1%3Ah100
9 1 1,season two,https://tvseriesfinale.com/tv-show/9-1-1-season-two-ratings/,https://docs.google.com/spreadsheets/d/1n4PyBtJrphtdfhiPq884nmoV8wIMKHVrgbvYhJ-DV80/pubhtml/sheet?headers=false&gid=1933679017&range=A1%3Ah100
9 1 1,season three,https://tvseriesfinale.com/tv-show/9-1-1-season-three-ratings/,https://docs.google.com/spreadsheets/d/e/2PACX-1vRmoC8hQFbZMNtUzmwwjsO_0gIf7KnWMgEOC-2a4Bh_rCX1LCdAm6b-BWNfoIlttnPf2iy_4KQj0eFo/pubhtml/sheet?headers=false&gid=1735504453&range=A1%3Ah100
9 1 1,season four,https://tvseriesfinale.com/tv-show/9-1-1-season-four-ratings/,https://docs.google.com/spreadsheets/d/1um1vJjK_QbewPMm0sO1CczrrgO2FDmtjdN74LteZN7g/pubhtml/sheet?headers=false&gid=2128115176&range=A1%3Ah100
9 1 1,season five,https://tvseriesfinale.com/tv-show/9-1-1-season-five-ratings/,https://docs.google.com/spreadsheets/d/1PlugKIBMoFJpsdg8AZIYiS56GA8u5BxmNnpQ5v0wx1Q/pubhtml/sheet?headers=false&gid=2128115176&range=A1%3Ah100
9 1 1,season six,https://tvseriesfinale.com/tv-show/9-1-1-season-six-ratings/,https://docs.google.com/spreadsheets/d/1bCcF_doylXV5Q45d8vITOJBvhw6a3YcB2aJApWPLCGw/pubhtml/sheet?headers=false&gid=73842493&range=A1%3Ah100
9 1 1 lone star,season one,https://tvseriesfinale.com/tv-show/9-1-1-lone-star-season-one-ratings/,https://docs.google.com/spreadsheets/d/e/2PACX-1vRmoC8hQFbZMNtUzmwwjsO_0gIf7KnWMgEOC-2a4Bh_rCX1LCdAm6b-BWNfoIlttnPf2iy_4KQj0eFo/pubhtml/sheet?headers=false&gid=1164849696&range=A1%3Ah100
9 1 1 lone star,season two,https://tvseriesfinale.com/tv-show/9-1-1-lone-star-season-two-ratings/,https://docs.google.com/spreadsheets/d/1um1vJjK_QbewPMm0sO1CczrrgO2FDmtjdN74LteZN7g/pubhtml/sheet?headers=false&gid=505248530&range=A1%3Ah100
9 1 1 lone star,season three,https://tvseriesfinale.com/tv-show/9-1-1-lone-star-season-three-ratings/,https://docs.google.com/spreadsheets/d/1PlugKIBMoFJpsdg8AZIYiS56GA8u5BxmNnpQ5v0wx1Q/pubhtml/sheet?headers=false&gid=2069827939&range=A1%3Ah100
9 1 1 lone star,season four,https://tvseriesfinale.com/tv-show/9-1-1-lone-star-season-four-ratings/,https://docs.google.com/spreadsheets/d/1bCcF_doylXV5Q45d8vITOJBvhw6a3YcB2aJApWPLCGw/pubhtml/sheet?headers=false&gid=1322558966&range=A1%3Ah100
2020,season 39,https://tvseriesfinale.com/tv-show/2020-season-39-ratings/,https://docs.google.com/spreadsheets/d/1ToHTY-SGH1wLEo31kKz9TOE5PsdpBE20kqtr1BhJBVA/pubhtml/sheet?headers=false&gid=2121087169&range=A1%3AG100
2020,season 40,https://tvseriesfinale.com/tv-show/2020-season-40-ratings/,https://docs.google.com/spreadsheets/d/e/2PACX-1vTlE5lTHpAmKbEOIFMoMB5xW95pIvYxFgcblbWzKL4ZDLRBAVL3Bt3WtXzA65dzsHZXuOrwhIXlQOfq/pubhtml/sheet?headers=false&gid=921440563&range=A1%3AG100
20 20,season 41,https://tvseriesfinale.com/tv-show/20-20-season-41-ratings/,https://docs.google.com/spreadsheets/d/1Z54g0izrymDxV0QDkwOGE9auYHrCu-FTYNpPDykzPJ8/pubhtml/sheet?headers=false&gid=921440563&range=A1%3AG100
20 20,season 42,https://tvseriesfinale.com/tv-show/20-20-season-42-ratings/,https://docs.google.com/spreadsheets/d/e/2PACX-1vTrXdDjlQ_DsAe7hNjPK48UpmMYmbZE2_I1S3x0frJJbOh448s7NI2vSBYNr_z6DgMwoksah-NZBkKB/pubhtml/sheet?headers=false&gid=921440563&range=A1%3Ag100
20 20,season 43,https://tvseriesfinale.com/tv-show/20-20-season-43-ratings/,https://docs.google.com/spreadsheets/d/1NS9t3Pv-5_wq_fCkMbQDlf0scWZ_TYTsLp38Z8jaw_M/pubhtml/sheet?headers=false&gid=921440563&range=A1%3Ah100
20 20,season 44,https://tvseriesfinale.com/tv-show/20-20-season-44-ratings/,https://docs.google.com/spreadsheets/d/1UHVhAstyDVbA_72wuwSMX7TAPuO4Z_5sX1xbcmNjr2s/pubhtml/sheet?headers=false&gid=921440563&range=A1%3Ah100
20 20,season 46,https://tvseriesfinale.com/tv-show/20-20-season-46-ratings/,https://docs.google.com/spreadsheets/d/15KTevMXvt9KrUmg0EAioSoNjNmhfRebf0-72WnZYlK8/pubhtml/sheet?headers=false&gid=921440563&range=A1%3Ah100
instant,season two,https://tvseriesfinale.com/tv-show/instant-season-two-ratings/,https://docs.google.com/spreadsheets/d/1fDDhVVuLxhWiZYf0rhHouQreu36bCgk6gBcUzJONvaw/pubhtml/sheet?headers=false&gid=773570360&range=A1%3Ah50
20 20 in an instant tv show,season three,https://tvseriesfinale.com/tv-show/20-20-in-an-instant-tv-show-season-three-ratings/,https://docs.google.com/spreadsheets/d/1ToHTY-SGH1wLEo31kKz9TOE5PsdpBE20kqtr1BhJBVA/pubhtml/sheet?headers=false&gid=761937532&range=A1%3Ah100
20 20 in an instant tv show,season four,https://tvseriesfinale.com/tv-show/20-20-in-an-instant-tv-show-season-four-ratings/,https://docs.google.com/spreadsheets/d/e/2PACX-1vTlE5lTHpAmKbEOIFMoMB5xW95pIvYxFgcblbWzKL4ZDLRBAVL3Bt3WtXzA65dzsHZXuOrwhIXlQOfq/pubhtml/sheet?headers=false&gid=473570928&range=A1%3Ah100
24 legacy,season one,https://tvseriesfinale.com/tv-show/24-legacy-season-one-ratings/,https://docs.google.com/spreadsheets/d/1avKfTwLT9jXPNSzSisElW1a1bufQnuPCAwE_k817Z90/pubhtml/sheet?headers=false&gid=302461022&range=A1%3Ah100
48 hours,season 33,https://tvseriesfinale.com/tv-show/48-hours-season-33-ratings/,https://docs.google.com/spreadsheets/d/1dBByBwNRkBxn64JkURCCBbkdekn50VAxa3AfH7pZK04/pubhtml/sheet?headers=false&gid=891755819&range=A1%3Ah100
48 hours,season 35,https://tvseriesfinale.com/tv-show/48-hours-season-35-ratings/,https://docs.google.com/spreadsheets/d/1_sakYamJH4LVbbDwVcQ-b6tvhOWWTnOVbh4nIqrMlVM/pubhtml/sheet?headers=false&gid=1335442495&range=A1%3Ah100
48 hours,season 36,https://tvseriesfinale.com/tv-show/48-hours-season-36-ratings/,https://docs.google.com/spreadsheets/d/1Ii2QZoWwUROqd4TnVe05t4fNPdqfeER4kQIpqwyDIs4/pubhtml/sheet?headers=false&gid=1335442495&range=A1%3Ah100
48 hours ncis,season one,https://tvseriesfinale.com/tv-show/48-hours-ncis-season-one-ratings/,https://docs.google.com/spreadsheets/d/1Ub6cOIe00Wo4XJdKk3yPaVemFqvLqQghNx37sCpoMZM/pubhtml/sheet?headers=false&gid=1286334497&range=A1%3Ah100
60 minutes,season 51,https://tvseriesfinale.com/tv-show/60-minutes-season-51-ratings/,https://docs.google.com/spreadsheets/d/1qlYGtdgF6N3UIJArkhteiD8B0zo8akewHTR0Jd_ceOE/pubhtml/sheet?headers=false&gid=1756130261&range=A1%3Ah100
60 minutes,season 52,https://tvseriesfinale.com/tv-show/60-minutes-season-52-ratings/,https://docs.google.com/spreadsheets/d/e/2PACX-1vT0r9Z1zIFp1HCpQK8PJDq8yeZzWrPf8e5BhFbpOvRROSxNyF6FMc5WC4jKRtnUWwnK66Gam6BNkEHI/pubhtml/sheet?headers=false&gid=1756130261&range=A1%3Ag100
60 minutes,season 53,https://tvseriesfinale.com/tv-show/60-minutes-season-53-ratings/,https://docs.google.com/spreadsheets/d/1dBByBwNRkBxn64JkURCCBbkdekn50VAxa3AfH7pZK04/pubhtml/sheet?headers=false&gid=1756130261&range=A1%3Ag100
60 minutes,season 54,https://tvseriesfinale.com/tv-show/60-minutes-season-54-ratings/,https://docs.google.com/spreadsheets/d/1gPmjJd_L8Sp9Vp5qI5sfS69ztHiav5B4fFPrTOSmVMs/pubhtml/sheet?headers=false&gid=1756130261&range=A1%3Ah100
60 minutes,season 56,https://tvseriesfinale.com/tv-show/60-minutes-season-56-ratings/,https://docs.google.com/spreadsheets/d/1Ii2QZoWwUROqd4TnVe05t4fNPdqfeER4kQIpqwyDIs4/pubhtml/sheet?headers=false&gid=1756130261&range=A1%3Ah100
61st street,season one,https://tvseriesfinale.com/tv-show/61st-street-season-one-ratings/,https://docs.google.com/spreadsheets/d/13J-oeB6b8gpR4AGlw7PZS-4FvjvPKN5_0JFfGwsDXG4/pubhtml/sheet?headers=false&gid=1902447928&range=A1%3AG23&output=html&rm=minimal
68 whiskey,season one,https://tvseriesfinale.com/tv-show/68-whiskey-season-one-ratings/,https://docs.google.com/spreadsheets/d/1TVuPPYWjLX0S3WrKO5AogtfcZ95_B1EHvknn6U1utU8/pubhtml/sheet?headers=false&gid=1679247470&range=A1%3AG46
100,season four,https://tvseriesfinale.com/tv-show/100-season-four-ratings/,https://docs.google.com/spreadsheets/d/1i4IfQufJnv28LwfJWIz_Ea0E8u3f4vhTmL4pZz3620Q/pubhtml/sheet?headers=false&gid=934729281&range=A1%3AH100
100,season five,https://tvseriesfinale.com/tv-show/100-season-five-ratings/,https://docs.google.com/spreadsheets/d/e/2PACX-1vR_SBz9FDKyY15XKRCf_Vpm1tJXCnrieAa2957aRG1B9OPPcaQGfv4n1m4kjsCVCZGH29aYvTeDUaiS/pubhtml/sheet?headers=false&gid=818574558&range=A1%3AH40
the 100,season seven,https://tvseriesfinale.com/tv-show/the-100-season-seven-ratings/,https://docs.google.com/spreadsheets/d/e/2PACX-1vTaD6uAv0rMyqOLpklP9QmMHlz3gUaKkf5kYVM3nDXbIBys2LKIkvfed1zv-22RJpYtZtcw1rvPd5ws/pubhtml/sheet?headers=false&gid=2081114073&range=A1%3Ah100
100 days to indy,season one,https://tvseriesfinale.com/tv-show/100-days-to-indy-season-one-ratings/,https://docs.google.com/spreadsheets/d/1qwTMXm7xEOvj2UJCK2EP9eCl3-calTWTXMXFx6_z1oA/pubhtml/sheet?headers=false&gid=1136515526&range=A1%3Ah100
100 days to indy,season two,https://tvseriesfinale.com/tv-show/100-days-to-indy-season-two-ratings/,https://docs.google.com/spreadsheets/d/1VOF9EearmNFEo8w6vHiQipNNQVkvI529Yr3CG1qfSnQ/pubhtml/sheet?headers=false&gid=15630139&range=A1%3Ah100
1969,season one,https://tvseriesfinale.com/tv-show/1969-season-one-ratings/,https://docs.google.com/spreadsheets/d/1Z54g0izrymDxV0QDkwOGE9auYHrCu-FTYNpPDykzPJ8/pubhtml/sheet?headers=false&gid=2123044771&range=A1%3Ah100
4400,season one,https://tvseriesfinale.com/tv-show/4400-season-one-ratings/,https://docs.google.com/spreadsheets/d/1MiOE1bCf6lKNJCpNpvXIAZYYbPo5_BfTqqGbsG9ENo8/pubhtml/sheet?headers=false&gid=1433723985&range=A1%3Ah100
9jkl,season one,https://tvseriesfinale.com/tv-show/9jkl-season-one-ratings/,https://docs.google.com/spreadsheets/d/e/2PACX-1vT3vh7mmYQQq1m3g7KQMsmlr1cEvnVRX6aVWRwp6JU7F2hy06mf_irW7uwbTdww_G47LBmS64qNTLkG/pubhtml/sheet?headers=false&gid=457756472&range=A1%3Ah100
abbott elementary,season one,https://tvseriesfinale.com/tv-show/abbott-elementary-season-one-ratings/,https://docs.google.com/spreadsheets/d/1UHVhAstyDVbA_72wuwSMX7TAPuO4Z_5sX1xbcmNjr2s/pubhtml/sheet?headers=false&gid=449876757&range=A1%3Ah100
abbott elementary,season two,https://tvseriesfinale.com/tv-show/abbott-elementary-season-two-ratings/,https://docs.google.com/spreadsheets/d/1yWN1t7MlPk9jroVeTgGH5-U5sp5XVcZJclGsrnyl5bI/pubhtml/sheet?headers=false&gid=899937572&range=A1%3Ah100
abbott elementary,season three,https://tvseriesfinale.com/tv-show/abbott-elementary-season-three-ratings/,https://docs.google.com/spreadsheets/d/15KTevMXvt9KrUmg0EAioSoNjNmhfRebf0-72WnZYlK8/pubhtml/sheet?headers=false&gid=1263110610&range=A1%3Ah100
abbys,season one,https://tvseriesfinale.com/tv-show/abbys-season-one-ratings/,https://docs.google.com/spreadsheets/d/1xFhCp0TeNw3qt7L-sjT6GVG1Fq3rxa3v6tGV_EhW0Bc/pubhtml/sheet?headers=false&gid=290100915&range=A1%3Ah100
accused,season one,https://tvseriesfinale.com/tv-show/accused-season-one-ratings/,https://docs.google.com/spreadsheets/d/1bCcF_doylXV5Q45d8vITOJBvhw6a3YcB2aJApWPLCGw/pubhtml/sheet?headers=false&gid=2056751831&range=A1%3Ah100
the affair,season three,https://tvseriesfinale.com/tv-show/the-affair-season-three-ratings/,https://docs.google.com/spreadsheets/d/13_jTGvVcJocGGMZhhC2fdGIsx1znj_LvslHru7vALRA/pubhtml/sheet?headers=false&gid=639686698&range=A1%3AG20
affair,season four,https://tvseriesfinale.com/tv-show/affair-season-four-ratings/,https://docs.google.com/spreadsheets/d/13_jTGvVcJocGGMZhhC2fdGIsx1znj_LvslHru7vALRA/pubhtml/sheet?headers=false&gid=203323170&range=A1%3AG20
the affair,season five,https://tvseriesfinale.com/tv-show/the-affair-season-five-ratings/,https://docs.google.com/spreadsheets/d/13_jTGvVcJocGGMZhhC2fdGIsx1znj_LvslHru7vALRA/pubhtml/sheet?headers=false&gid=1079443881&range=A1%3AG20
aftermath,season one,https://tvseriesfinale.com/tv-show/aftermath-season-one-ratings/,https://docs.google.com/spreadsheets/d/14IMssfgFsz8f3V5fAqkrt1xG_NUPQHNq4zimlz87N_c/pubhtml/sheet?headers=false&gid=382223396&range=A1%3AG30
alaska daily,season one,https://tvseriesfinale.com/tv-show/alaska-daily-season-one-ratings/,https://docs.google.com/spreadsheets/d/1yWN1t7MlPk9jroVeTgGH5-U5sp5XVcZJclGsrnyl5bI/pubhtml/sheet?headers=false&gid=265439469&range=A1%3Ah100
alec baldwin show,season one,https://tvseriesfinale.com/tv-show/alec-baldwin-show-season-one-ratings/,https://docs.google.com/spreadsheets/d/1Z54g0izrymDxV0QDkwOGE9auYHrCu-FTYNpPDykzPJ8/pubhtml/sheet?headers=false&gid=1811347410&range=A1%3Ah100
alert missing persons unit,season one,https://tvseriesfinale.com/tv-show/alert-missing-persons-unit-season-one-ratings/,https://docs.google.com/spreadsheets/d/1bCcF_doylXV5Q45d8vITOJBvhw6a3YcB2aJApWPLCGw/pubhtml/sheet?headers=false&gid=1842148026&range=A1%3Ah100
alert missing persons unit,season two,https://tvseriesfinale.com/tv-show/alert-missing-persons-unit-season-two-ratings/,https://docs.google.com/spreadsheets/d/1gho_2zWLswUjY_ZpmoiMhFa0JCIIjFpOuxah5J-ltYk/pubhtml/sheet?headers=false&gid=476347817&range=A1%3Ah100
alex inc,season one,https://tvseriesfinale.com/tv-show/alex-inc-season-one-ratings/,https://docs.google.com/spreadsheets/d/e/2PACX-1vTlE5lTHpAmKbEOIFMoMB5xW95pIvYxFgcblbWzKL4ZDLRBAVL3Bt3WtXzA65dzsHZXuOrwhIXlQOfq/pubhtml/sheet?headers=false&gid=624134743&range=A1%3Ah100
all american,season one,https://tvseriesfinale.com/tv-show/all-american-season-one-ratings/,https://docs.google.com/spreadsheets/d/1T-eDbU4WnVnGczaTUc9X91683hE7PYpTtpap48tpnu0/pubhtml/sheet?headers=false&gid=2027836567&range=A1%3Ah100
all american,season two,https://tvseriesfinale.com/tv-show/all-american-season-two-ratings/,https://docs.google.com/spreadsheets/d/e/2PACX-1vTaD6uAv0rMyqOLpklP9QmMHlz3gUaKkf5kYVM3nDXbIBys2LKIkvfed1zv-22RJpYtZtcw1rvPd5ws/pubhtml/sheet?headers=false&gid=766012447&range=A1%3Ah100
all american,season three,https://tvseriesfinale.com/tv-show/all-american-season-three-ratings/,https://docs.google.com/spreadsheets/d/1UtKbmbo-TrCU00937XlBHCPgAR5Wx5fyu7YHrmiDjZQ/pubhtml/sheet?headers=false&gid=1565323218&range=A1%3Ah100
all american,season four,https://tvseriesfinale.com/tv-show/all-american-season-four-ratings/,https://docs.google.com/spreadsheets/d/1MiOE1bCf6lKNJCpNpvXIAZYYbPo5_BfTqqGbsG9ENo8/pubhtml/sheet?headers=false&gid=1135996671&range=A1%3Ah100
all american,season five,https://tvseriesfinale.com/tv-show/all-american-season-five-ratings/,https://docs.google.com/spreadsheets/d/1qwTMXm7xEOvj2UJCK2EP9eCl3-calTWTXMXFx6_z1oA/pubhtml/sheet?headers=false&gid=186742679&range=A1%3Ah100
all american,season six,https://tvseriesfinale.com/tv-show/all-american-season-six-ratings/,https://docs.google.com/spreadsheets/d/1VOF9EearmNFEo8w6vHiQipNNQVkvI529Yr3CG1qfSnQ/pubhtml/sheet?headers=false&gid=238402879&range=A1%3Ah100
all american homecoming,season one,https://tvseriesfinale.com/tv-show/all-american-homecoming-season-one-ratings/,https://docs.google.com/spreadsheets/d/1MiOE1bCf6lKNJCpNpvXIAZYYbPo5_BfTqqGbsG9ENo8/pubhtml/sheet?headers=false&gid=1979822337&range=A1%3Ah100
all american homecoming,season two,https://tvseriesfinale.com/tv-show/all-american-homecoming-season-two-ratings/,https://docs.google.com/spreadsheets/d/1qwTMXm7xEOvj2UJCK2EP9eCl3-calTWTXMXFx6_z1oA/pubhtml/sheet?headers=false&gid=23472622&range=A1%3Ah100
all rise,season one,https://tvseriesfinale.com/tv-show/all-rise-season-one-ratings/,https://docs.google.com/spreadsheets/d/e/2PACX-1vT0r9Z1zIFp1HCpQK8PJDq8yeZzWrPf8e5BhFbpOvRROSxNyF6FMc5WC4jKRtnUWwnK66Gam6BNkEHI/pubhtml/sheet?headers=false&gid=1916851284&range=A1%3Ah100
all rise,season two,https://tvseriesfinale.com/tv-show/all-rise-season-two-ratings/,https://docs.google.com/spreadsheets/d/1dBByBwNRkBxn64JkURCCBbkdekn50VAxa3AfH7pZK04/pubhtml/sheet?headers=false&gid=882088937&range=A1%3Ah100
all rise,season three,https://tvseriesfinale.com/tv-show/all-rise-season-three-ratings/,https://docs.google.com/spreadsheets/d/1Ew4e9wBK4P_eX68Vqc7EDEwaUJZDWr7OTJyGvD8Y5Jc/pubhtml/sheet?headers=false&gid=356558974&range=A1%3AH52&output=html&rm=minimal
alienist,season one,https://tvseriesfinale.com/tv-show/alienist-season-one-ratings/,https://docs.google.com/spreadsheets/d/1QtBG-fGZvsxYy32ltEqEbyD_Vp9XHOYSt9-6wyprIS4/pubhtml/sheet?headers=false&gid=1543614977&range=A1%3AG46
almost family,season one,https://tvseriesfinale.com/tv-show/almost-family-season-one-ratings/,https://docs.google.com/spreadsheets/d/e/2PACX-1vRmoC8hQFbZMNtUzmwwjsO_0gIf7KnWMgEOC-2a4Bh_rCX1LCdAm6b-BWNfoIlttnPf2iy_4KQj0eFo/pubhtml/sheet?headers=false&gid=1460484551&range=A1%3Ah100
alone together,season one,https://tvseriesfinale.com/tv-show/alone-together-season-one-ratings/,https://docs.google.com/spreadsheets/d/1cnttQo1fIxTypKG3x19Ax0Zh4Pn8dtfzDfO4lVWsi6Y/pubhtml/sheet?headers=false&gid=915492362&range=A1:G120
alone together,season two,https://tvseriesfinale.com/tv-show/alone-together-season-two-ratings/,https://docs.google.com/spreadsheets/d/1cnttQo1fIxTypKG3x19Ax0Zh4Pn8dtfzDfO4lVWsi6Y/pubhtml/sheet?headers=false&gid=8505624&range=A1:G120
alter ego,season one,https://tvseriesfinale.com/tv-show/alter-ego-season-one-ratings/,https://docs.google.com/spreadsheets/d/1PlugKIBMoFJpsdg8AZIYiS56GA8u5BxmNnpQ5v0wx1Q/pubhtml/sheet?headers=false&gid=1440466816&range=A1%3Ah100
the amazing race,season 32,https://tvseriesfinale.com/tv-show/the-amazing-race-season-32-ratings/,https://docs.google.com/spreadsheets/d/1dBByBwNRkBxn64JkURCCBbkdekn50VAxa3AfH7pZK04/pubhtml/sheet?headers=false&gid=2013771303&range=A1%3Ah100
the amazing race,season 33,https://tvseriesfinale.com/tv-show/the-amazing-race-season-33-ratings/,https://docs.google.com/spreadsheets/d/1gPmjJd_L8Sp9Vp5qI5sfS69ztHiav5B4fFPrTOSmVMs/pubhtml/sheet?headers=false&gid=1317941518&range=A1%3Ah100
the amazing race,season 34,https://tvseriesfinale.com/tv-show/the-amazing-race-season-34-ratings/,https://docs.google.com/spreadsheets/d/1_sakYamJH4LVbbDwVcQ-b6tvhOWWTnOVbh4nIqrMlVM/pubhtml/sheet?headers=false&gid=1493798392&range=A1%3Ah100
the amazing race,season 35,https://tvseriesfinale.com/tv-show/the-amazing-race-season-35-ratings/,https://docs.google.com/spreadsheets/d/1Ii2QZoWwUROqd4TnVe05t4fNPdqfeER4kQIpqwyDIs4/pubhtml/sheet?headers=false&gid=1607725180&range=A1%3Ah100
the amazing race,season 36,https://tvseriesfinale.com/tv-show/the-amazing-race-season-36-ratings/,https://docs.google.com/spreadsheets/d/1Ii2QZoWwUROqd4TnVe05t4fNPdqfeER4kQIpqwyDIs4/pubhtml/sheet?headers=false&gid=1907723752&range=A1%3Ah100
ambitions,season one,https://tvseriesfinale.com/tv-show/ambitions-season-one-ratings/,https://docs.google.com/spreadsheets/d/1Ew4e9wBK4P_eX68Vqc7EDEwaUJZDWr7OTJyGvD8Y5Jc/pubhtml/sheet?headers=false&gid=1505297900&range=A1%3AH52&output=html&rm=minimal
americas funniest home videos,season 28,https://tvseriesfinale.com/tv-show/americas-funniest-home-videos-season-28-ratings/,https://docs.google.com/spreadsheets/d/e/2PACX-1vTlE5lTHpAmKbEOIFMoMB5xW95pIvYxFgcblbWzKL4ZDLRBAVL3Bt3WtXzA65dzsHZXuOrwhIXlQOfq/pubhtml/sheet?headers=false&gid=555607338&range=A1%3Ah100
americas funniest home videos,season 29,https://tvseriesfinale.com/tv-show/americas-funniest-home-videos-season-29-ratings/,https://docs.google.com/spreadsheets/d/1Z54g0izrymDxV0QDkwOGE9auYHrCu-FTYNpPDykzPJ8/pubhtml/sheet?headers=false&gid=555607338&range=A1%3Ah100
americas funniest home videos,season 30,https://tvseriesfinale.com/tv-show/americas-funniest-home-videos-season-30-ratings/,https://docs.google.com/spreadsheets/d/e/2PACX-1vTrXdDjlQ_DsAe7hNjPK48UpmMYmbZE2_I1S3x0frJJbOh448s7NI2vSBYNr_z6DgMwoksah-NZBkKB/pubhtml/sheet?headers=false&gid=27775445&range=A1%3Ah100
americas funniest home videos,season 31,https://tvseriesfinale.com/tv-show/americas-funniest-home-videos-season-31-ratings/,https://docs.google.com/spreadsheets/d/1NS9t3Pv-5_wq_fCkMbQDlf0scWZ_TYTsLp38Z8jaw_M/pubhtml/sheet?headers=false&gid=27775445&range=A1%3Ah100
americas funniest home videos,season 32,https://tvseriesfinale.com/tv-show/americas-funniest-home-videos-season-32-ratings/,https://docs.google.com/spreadsheets/d/1UHVhAstyDVbA_72wuwSMX7TAPuO4Z_5sX1xbcmNjr2s/pubhtml/sheet?headers=false&gid=1204126661&range=A1%3Ah100
americas funniest home videos,season 34,https://tvseriesfinale.com/tv-show/americas-funniest-home-videos-season-34-ratings/,https://docs.google.com/spreadsheets/d/15KTevMXvt9KrUmg0EAioSoNjNmhfRebf0-72WnZYlK8/pubhtml/sheet?headers=false&gid=1223772288&range=A1%3Ah100
americas got talent,season 13,https://tvseriesfinale.com/tv-show/americas-got-talent-season-13-ratings/,https://docs.google.com/spreadsheets/d/e/2PACX-1vSbDlv8pGgTvsiGGgnQ0icBwo7pLFDRo4Jd9SNGQp2UVAXALuO-q0ukrsBaa2PvdfaDG7yK8Z-15Ldp/pubhtml/sheet?headers=false&gid=913149100&range=A1%3Ag100
americas got talent,season 14,https://tvseriesfinale.com/tv-show/americas-got-talent-season-14-ratings/,https://docs.google.com/spreadsheets/d/1xFhCp0TeNw3qt7L-sjT6GVG1Fq3rxa3v6tGV_EhW0Bc/pubhtml/sheet?headers=false&gid=1831529220&range=A1%3Ag100
americas got talent,season 15,https://tvseriesfinale.com/tv-show/americas-got-talent-season-15-ratings/,https://docs.google.com/spreadsheets/d/e/2PACX-1vRtVj2UE-OnOA12xp1fNuzjlRH3leED-mA5SsVYu5siarlfm8OVy5EHBpyoUlI9ICBIQzZ2hnLviUro/pubhtml/sheet?headers=false&gid=400062299&range=A1%3Ah100
americas got talent,season 16,https://tvseriesfinale.com/tv-show/americas-got-talent-season-16-ratings/,https://docs.google.com/spreadsheets/d/10un34Z5y-n7KeT3gb_7cpWX7fhoO90wr1mlus7eRKcs/pubhtml/sheet?headers=false&gid=1398127021&range=A1%3Ah100
americas got talent,season 17,https://tvseriesfinale.com/tv-show/americas-got-talent-season-17-ratings/,https://docs.google.com/spreadsheets/d/1HyhsoErv-gaQ6jE5tzO_Ax6r5ouKVGm3nNLcv74jPYY/pubhtml/sheet?headers=false&gid=352244641&range=A1%3Ah100
americas got talent,season 18,https://tvseriesfinale.com/tv-show/americas-got-talent-season-18-ratings/,https://docs.google.com/spreadsheets/d/1ma3sMDxK-aUwyuz2kB8gMyf1goAcW9mqosbWSlLHEcg/pubhtml/sheet?headers=false&gid=231752741&range=A1%3Ah100
americas got talent all stars,season one,https://tvseriesfinale.com/tv-show/americas-got-talent-all-stars-season-one-ratings/,https://docs.google.com/spreadsheets/d/1ma3sMDxK-aUwyuz2kB8gMyf1goAcW9mqosbWSlLHEcg/pubhtml/sheet?headers=false&gid=701183395&range=A1%3Ah100
americas got talent extreme,season one,https://tvseriesfinale.com/tv-show/americas-got-talent-extreme-season-one-ratings/,https://docs.google.com/spreadsheets/d/1HyhsoErv-gaQ6jE5tzO_Ax6r5ouKVGm3nNLcv74jPYY/pubhtml/sheet?headers=false&gid=1355707776&range=A1%3Ah100
americas got talent fantasy league,season one,https://tvseriesfinale.com/tv-show/americas-got-talent-fantasy-league-season-one-ratings/,https://docs.google.com/spreadsheets/d/1ulFHD6XOdDbGfOjxn7oY7g5VbYqBaQ4f5x74oABSSnE/pubhtml/sheet?headers=false&gid=1291701726&range=A1%3Ah100
americas got talent the champions,season one,https://tvseriesfinale.com/tv-show/americas-got-talent-the-champions-season-one-ratings/,https://docs.google.com/spreadsheets/d/1xFhCp0TeNw3qt7L-sjT6GVG1Fq3rxa3v6tGV_EhW0Bc/pubhtml/sheet?headers=false&gid=1570235401&range=A1%3Ah100
americas got talent the champions,season two,https://tvseriesfinale.com/tv-show/americas-got-talent-the-champions-season-two-ratings/,https://docs.google.com/spreadsheets/d/e/2PACX-1vRtVj2UE-OnOA12xp1fNuzjlRH3leED-mA5SsVYu5siarlfm8OVy5EHBpyoUlI9ICBIQzZ2hnLviUro/pubhtml/sheet?headers=false&gid=1349452407&range=A1%3Ah100
americas most wanted,season 26,https://tvseriesfinale.com/tv-show/americas-most-wanted-season-26-ratings/,https://docs.google.com/spreadsheets/d/1um1vJjK_QbewPMm0sO1CczrrgO2FDmtjdN74LteZN7g/pubhtml/sheet?headers=false&gid=798451243&range=A1%3Ah100
americas most wanted,season 27,https://tvseriesfinale.com/tv-show/americas-most-wanted-season-27-ratings/,https://docs.google.com/spreadsheets/d/1gho_2zWLswUjY_ZpmoiMhFa0JCIIjFpOuxah5J-ltYk/pubhtml/sheet?headers=false&gid=2122775781&range=A1%3Ah100
american auto,season one,https://tvseriesfinale.com/tv-show/american-auto-season-one-ratings/,https://docs.google.com/spreadsheets/d/1HyhsoErv-gaQ6jE5tzO_Ax6r5ouKVGm3nNLcv74jPYY/pubhtml/sheet?headers=false&gid=1397182827&range=A1%3Ah100
american auto,season two,https://tvseriesfinale.com/tv-show/american-auto-season-two-ratings/,https://docs.google.com/spreadsheets/d/1ma3sMDxK-aUwyuz2kB8gMyf1goAcW9mqosbWSlLHEcg/pubhtml/sheet?headers=false&gid=1670973146&range=A1%3Ah100
american crime,season three,https://tvseriesfinale.com/tv-show/american-crime-season-three-ratings/,https://docs.google.com/spreadsheets/d/1ToHTY-SGH1wLEo31kKz9TOE5PsdpBE20kqtr1BhJBVA/pubhtml/sheet?headers=false&gid=146892486&range=A1%3Ah100
american dad,season 13,https://tvseriesfinale.com/tv-show/american-dad-season-13-ratings/,https://docs.google.com/spreadsheets/d/1eh7nTgIxbi8a9fuPk03eCgyj472TxoA3NMIrNcySQb8/pubhtml/sheet?headers=false&gid=418249281&range=A1%3AG100
american dad,season 14,https://tvseriesfinale.com/tv-show/american-dad-season-14-ratings/,https://docs.google.com/spreadsheets/d/1eh7nTgIxbi8a9fuPk03eCgyj472TxoA3NMIrNcySQb8/pubhtml/sheet?headers=false&gid=1608249520&range=A1%3AG100
american dad,season 15,https://tvseriesfinale.com/tv-show/american-dad-season-15-ratings/,https://docs.google.com/spreadsheets/d/1eh7nTgIxbi8a9fuPk03eCgyj472TxoA3NMIrNcySQb8/pubhtml/sheet?headers=false&gid=924555433&range=A1%3AG100
american dad,season 16,https://tvseriesfinale.com/tv-show/american-dad-season-16-ratings/,https://docs.google.com/spreadsheets/d/1eh7nTgIxbi8a9fuPk03eCgyj472TxoA3NMIrNcySQb8/pubhtml/sheet?headers=false&gid=1334998530&range=A1%3AG100
american dad,season 17,https://tvseriesfinale.com/tv-show/american-dad-season-17-ratings/,https://docs.google.com/spreadsheets/d/1eh7nTgIxbi8a9fuPk03eCgyj472TxoA3NMIrNcySQb8/pubhtml/sheet?headers=false&gid=570805155&range=A1%3AG100
american dad,season 18,https://tvseriesfinale.com/tv-show/american-dad-season-18-ratings/,https://docs.google.com/spreadsheets/d/1eh7nTgIxbi8a9fuPk03eCgyj472TxoA3NMIrNcySQb8/pubhtml/sheet?headers=false&gid=2078917767&range=A1%3AG100
american gigolo,season one,https://tvseriesfinale.com/tv-show/american-gigolo-season-one-ratings/,https://docs.google.com/spreadsheets/d/13_jTGvVcJocGGMZhhC2fdGIsx1znj_LvslHru7vALRA/pubhtml/sheet?headers=false&gid=62771621&range=A1%3AG100
american gods,season one,https://tvseriesfinale.com/tv-show/american-gods-season-one-ratings/,https://docs.google.com/spreadsheets/d/1-xha-SEcC1L6_KlAxjxMArlpX2A8XY1grDeo58d922E/pubhtml/sheet?headers=false&gid=1558605233&range=A1%3AG100&output=html&rm=minimal
american gods,season two,https://tvseriesfinale.com/tv-show/american-gods-season-two-ratings/,https://docs.google.com/spreadsheets/d/1-xha-SEcC1L6_KlAxjxMArlpX2A8XY1grDeo58d922E/pubhtml/sheet?headers=false&gid=715508762&range=A1%3AG100&output=html&rm=minimal
american gods,season three,https://tvseriesfinale.com/tv-show/american-gods-season-three-ratings/,https://docs.google.com/spreadsheets/d/1-xha-SEcC1L6_KlAxjxMArlpX2A8XY1grDeo58d922E/pubhtml/sheet?headers=false&gid=1601945813&range=A1%3AG100&output=html&rm=minimal
american horror story,season six,https://tvseriesfinale.com/tv-show/american-horror-story-season-six-ratings/,https://docs.google.com/spreadsheets/d/1DdYBR3HPqX7CL7Inge6KsMqvRhBXC7K--484-vIofrk/pubhtml/sheet?headers=false&gid=2026089514&range=A1%3AG97&output=html&rm=minimal
american horror story,season seven,https://tvseriesfinale.com/tv-show/american-horror-story-season-seven-ratings/,https://docs.google.com/spreadsheets/d/1DdYBR3HPqX7CL7Inge6KsMqvRhBXC7K--484-vIofrk/pubhtml/sheet?headers=false&gid=708338552&range=A1%3AG97&output=html&rm=minimal
american horror story apocalypse,season eight,https://tvseriesfinale.com/tv-show/american-horror-story-apocalypse-season-eight-ratings/,https://docs.google.com/spreadsheets/d/1DdYBR3HPqX7CL7Inge6KsMqvRhBXC7K--484-vIofrk/pubhtml/sheet?headers=false&gid=1488763471&range=A1%3AG97&output=html&rm=minimal
american horror story,season nine-1984,https://tvseriesfinale.com/tv-show/american-horror-story-season-nine-1984-ratings/,https://docs.google.com/spreadsheets/d/1DdYBR3HPqX7CL7Inge6KsMqvRhBXC7K--484-vIofrk/pubhtml/sheet?headers=false&gid=565046398&range=A1%3AG97&output=html&rm=minimal
american horror story,season 10,https://tvseriesfinale.com/tv-show/american-horror-story-season-10-ratings/,https://docs.google.com/spreadsheets/d/1DdYBR3HPqX7CL7Inge6KsMqvRhBXC7K--484-vIofrk/pubhtml/sheet?headers=false&gid=1924512137&range=A1%3AG97&output=html&rm=minimal
american horror story,season 12,https://tvseriesfinale.com/tv-show/american-horror-story-season-12-ratings/,https://docs.google.com/spreadsheets/d/1DdYBR3HPqX7CL7Inge6KsMqvRhBXC7K--484-vIofrk/pubhtml/sheet?headers=false&gid=1242209988&range=A1%3AG97&output=html&rm=minimal
american housewife,season one,https://tvseriesfinale.com/tv-show/american-housewife-season-one-ratings/,https://docs.google.com/spreadsheets/d/1ToHTY-SGH1wLEo31kKz9TOE5PsdpBE20kqtr1BhJBVA/pubhtml/sheet?headers=false&gid=666084668&range=A1%3Ah100
american housewife,season two,https://tvseriesfinale.com/tv-show/american-housewife-season-two-ratings/,https://docs.google.com/spreadsheets/d/e/2PACX-1vTlE5lTHpAmKbEOIFMoMB5xW95pIvYxFgcblbWzKL4ZDLRBAVL3Bt3WtXzA65dzsHZXuOrwhIXlQOfq/pubhtml/sheet?headers=false&gid=2111644212&range=A1%3Ah100
american housewife,season three,https://tvseriesfinale.com/tv-show/american-housewife-season-three-ratings/,https://docs.google.com/spreadsheets/d/1Z54g0izrymDxV0QDkwOGE9auYHrCu-FTYNpPDykzPJ8/pubhtml/sheet?headers=false&gid=2111644212&range=A1%3Ah100
american housewife,season four,https://tvseriesfinale.com/tv-show/american-housewife-season-four-ratings/,https://docs.google.com/spreadsheets/d/e/2PACX-1vTrXdDjlQ_DsAe7hNjPK48UpmMYmbZE2_I1S3x0frJJbOh448s7NI2vSBYNr_z6DgMwoksah-NZBkKB/pubhtml/sheet?headers=false&gid=2012578592&range=A1%3Ah100
american housewife,season five,https://tvseriesfinale.com/tv-show/american-housewife-season-five-ratings/,https://docs.google.com/spreadsheets/d/1NS9t3Pv-5_wq_fCkMbQDlf0scWZ_TYTsLp38Z8jaw_M/pubhtml/sheet?headers=false&gid=84488005&range=A1%3Ah100
american idol,season 19,https://tvseriesfinale.com/tv-show/american-idol-season-19-ratings/,https://docs.google.com/spreadsheets/d/1NS9t3Pv-5_wq_fCkMbQDlf0scWZ_TYTsLp38Z8jaw_M/pubhtml/sheet?headers=false&gid=1014723418&range=A1%3Ah100
american idol,season 20,https://tvseriesfinale.com/tv-show/american-idol-season-20-ratings/,https://docs.google.com/spreadsheets/d/1UHVhAstyDVbA_72wuwSMX7TAPuO4Z_5sX1xbcmNjr2s/pubhtml/sheet?headers=false&gid=1828593865&range=A1%3Ah100
american idol,season 21,https://tvseriesfinale.com/tv-show/american-idol-season-21-ratings/,https://docs.google.com/spreadsheets/d/1yWN1t7MlPk9jroVeTgGH5-U5sp5XVcZJclGsrnyl5bI/pubhtml/sheet?headers=false&gid=267185507&range=A1%3Ah100
american idol,season 22,https://tvseriesfinale.com/tv-show/american-idol-season-22-ratings/,https://docs.google.com/spreadsheets/d/15KTevMXvt9KrUmg0EAioSoNjNmhfRebf0-72WnZYlK8/pubhtml/sheet?headers=false&gid=1255850201&range=A1%3Ah100
american ninja warrior,season eight,https://tvseriesfinale.com/tv-show/american-ninja-warrior-season-eight-ratings/,https://docs.google.com/spreadsheets/d/1J8LXe5uGaBhN98fWSo0EmRx1EwlGvcy06iygCcgxR9w/pubhtml/sheet?headers=false&gid=1896024482&range=A1%3Ah30
american ninja warrior,season nine,https://tvseriesfinale.com/tv-show/american-ninja-warrior-season-nine-ratings/,https://docs.google.com/spreadsheets/d/1EJ3FkRtr5NpRjuRFfdwm30sttYn4sLEgjJ8Wcl6XObU/pubhtml/sheet?headers=false&gid=2135266723&range=A1%3Ah100
american ninja warrior,season 10,https://tvseriesfinale.com/tv-show/american-ninja-warrior-season-10-ratings/,https://docs.google.com/spreadsheets/d/e/2PACX-1vSbDlv8pGgTvsiGGgnQ0icBwo7pLFDRo4Jd9SNGQp2UVAXALuO-q0ukrsBaa2PvdfaDG7yK8Z-15Ldp/pubhtml/sheet?headers=false&gid=1719407828&range=A1%3Ah100
american ninja warrior,season 11,https://tvseriesfinale.com/tv-show/american-ninja-warrior-season-11-ratings/,https://docs.google.com/spreadsheets/d/1xFhCp0TeNw3qt7L-sjT6GVG1Fq3rxa3v6tGV_EhW0Bc/pubhtml/sheet?headers=false&gid=356293227&range=A1%3Ah100
american ninja warrior,season 12,https://tvseriesfinale.com/tv-show/american-ninja-warrior-season-12-ratings/,https://docs.google.com/spreadsheets/d/e/2PACX-1vRk6C5TpHECtxybAozTcB7erLHS56J06KbWG-w78tR0apUvi_MIPDO-6ov3KgTYN504OPUrHimJ8p2E/pubhtml/sheet?headers=false&gid=1570505407&range=A1%3Ah100
american ninja warrior,season 13,https://tvseriesfinale.com/tv-show/american-ninja-warrior-season-13-ratings/,https://docs.google.com/spreadsheets/d/10un34Z5y-n7KeT3gb_7cpWX7fhoO90wr1mlus7eRKcs/pubhtml/sheet?headers=false&gid=1027454155&range=A1%3Ah100
american ninja warrior,season 14,https://tvseriesfinale.com/tv-show/american-ninja-warrior-season-14-ratings/,https://docs.google.com/spreadsheets/d/1HyhsoErv-gaQ6jE5tzO_Ax6r5ouKVGm3nNLcv74jPYY/pubhtml/sheet?headers=false&gid=237796911&range=A1%3Ah100
american ninja warrior,season 15,https://tvseriesfinale.com/tv-show/american-ninja-warrior-season-15-ratings/,https://docs.google.com/spreadsheets/d/1ma3sMDxK-aUwyuz2kB8gMyf1goAcW9mqosbWSlLHEcg/pubhtml/sheet?headers=false&gid=997212067&range=A1%3Ah100
american princess,season one,https://tvseriesfinale.com/tv-show/american-princess-season-one-ratings/,https://docs.google.com/spreadsheets/d/1IBLohI2spBv1sm9EAOTfR_xM6ibQbU_a0DJSy01xiDM/pubhtml/sheet?headers=false&gid=1011312896&range=A1%3AG30
scenes from a marriage,season one,https://tvseriesfinale.com/tv-show/scenes-from-a-marriage-season-one-ratings/,https://docs.google.com/spreadsheets/d/1QU8U82xgr8GURmJc3eR0Y4w7ppxwfNsp6dhPnzcs4bw/pubhtml/sheet?headers=false&gid=2058843113&range=A1%3AG19&output=html&rm=minimal
american song contest,season one,https://tvseriesfinale.com/tv-show/american-song-contest-season-one-ratings/,https://docs.google.com/spreadsheets/d/1HyhsoErv-gaQ6jE5tzO_Ax6r5ouKVGm3nNLcv74jPYY/pubhtml/sheet?headers=false&gid=786872355&range=A1%3Ah100
american soul,season one,https://tvseriesfinale.com/tv-show/american-soul-season-one-ratings/,https://docs.google.com/spreadsheets/d/13ixTXBM3JY-tUl7Uy8FuRm6xCTYTIGfFsuWuNivO1Fc/pubhtml/sheet?headers=false&gid=370760952&range=A1%3AG97&output=html&rm=minimal
american soul,season two,https://tvseriesfinale.com/tv-show/american-soul-season-two-ratings/,https://docs.google.com/spreadsheets/d/13ixTXBM3JY-tUl7Uy8FuRm6xCTYTIGfFsuWuNivO1Fc/pubhtml/sheet?headers=false&gid=839057748&range=A1%3AG97&output=html&rm=minimal
american woman,season one,https://tvseriesfinale.com/tv-show/american-woman-season-one-ratings/,https://docs.google.com/spreadsheets/d/1TVuPPYWjLX0S3WrKO5AogtfcZ95_B1EHvknn6U1utU8/pubhtml/sheet?headers=false&gid=1034943725&range=A1%3AG46
americans,season five,https://tvseriesfinale.com/tv-show/americans-season-five-ratings/,https://docs.google.com/spreadsheets/d/1DdYBR3HPqX7CL7Inge6KsMqvRhBXC7K--484-vIofrk/pubhtml/sheet?headers=false&gid=1757170408&range=A1%3AG97&output=html&rm=minimal
americans,season six,https://tvseriesfinale.com/tv-show/americans-season-six-ratings/,https://docs.google.com/spreadsheets/d/1DdYBR3HPqX7CL7Inge6KsMqvRhBXC7K--484-vIofrk/pubhtml/sheet?headers=false&gid=835190905&range=A1%3AG97&output=html&rm=minimal
angie tribeca,season three,https://tvseriesfinale.com/tv-show/angie-tribeca-season-three-ratings/,https://docs.google.com/spreadsheets/d/1eh7nTgIxbi8a9fuPk03eCgyj472TxoA3NMIrNcySQb8/pubhtml/sheet?headers=false&gid=665994517&range=A1%3AG100
angie tribeca,season four,https://tvseriesfinale.com/tv-show/angie-tribeca-season-four-ratings/,https://docs.google.com/spreadsheets/d/1eh7nTgIxbi8a9fuPk03eCgyj472TxoA3NMIrNcySQb8/pubhtml/sheet?headers=false&gid=662077221&range=A1%3AG100
animal control,season one,https://tvseriesfinale.com/tv-show/animal-control-season-one-ratings/,https://docs.google.com/spreadsheets/d/1bCcF_doylXV5Q45d8vITOJBvhw6a3YcB2aJApWPLCGw/pubhtml/sheet?headers=false&gid=1187261642&range=A1%3Ah100
animal control,season two,https://tvseriesfinale.com/tv-show/animal-control-season-two-ratings/,https://docs.google.com/spreadsheets/d/1gho_2zWLswUjY_ZpmoiMhFa0JCIIjFpOuxah5J-ltYk/pubhtml/sheet?headers=false&gid=309424937&range=A1%3Ah100
animal kingdom,season one,https://tvseriesfinale.com/tv-show/animal-kingdom-season-one-ratings/,https://docs.google.com/spreadsheets/d/1QtBG-fGZvsxYy32ltEqEbyD_Vp9XHOYSt9-6wyprIS4/pubhtml/sheet?headers=false&gid=1415638538&range=A1%3AG46
animal kingdom,season two,https://tvseriesfinale.com/tv-show/animal-kingdom-season-two-ratings/,https://docs.google.com/spreadsheets/d/1QtBG-fGZvsxYy32ltEqEbyD_Vp9XHOYSt9-6wyprIS4/pubhtml/sheet?headers=false&gid=688852063&range=A1%3AG46
animal kingdom,season three,https://tvseriesfinale.com/tv-show/animal-kingdom-season-three-ratings/,https://docs.google.com/spreadsheets/d/1QtBG-fGZvsxYy32ltEqEbyD_Vp9XHOYSt9-6wyprIS4/pubhtml/sheet?headers=false&gid=524358702&range=A1%3AG46
animal kingdom,season four,https://tvseriesfinale.com/tv-show/animal-kingdom-season-four-ratings/,https://docs.google.com/spreadsheets/d/1QtBG-fGZvsxYy32ltEqEbyD_Vp9XHOYSt9-6wyprIS4/pubhtml/sheet?headers=false&gid=614570877&range=A1%3AG46
animal kingdom,season five,https://tvseriesfinale.com/tv-show/animal-kingdom-season-five-ratings/,https://docs.google.com/spreadsheets/d/1QtBG-fGZvsxYy32ltEqEbyD_Vp9XHOYSt9-6wyprIS4/pubhtml/sheet?headers=false&gid=1138260438&range=A1%3AG46
animal kingdom,season six,https://tvseriesfinale.com/tv-show/animal-kingdom-season-six-ratings/,https://docs.google.com/spreadsheets/d/1QtBG-fGZvsxYy32ltEqEbyD_Vp9XHOYSt9-6wyprIS4/pubhtml/sheet?headers=false&gid=1285902794&range=A1%3AG46
animals,season one,https://tvseriesfinale.com/tv-show/animals-season-one-ratings/,https://docs.google.com/spreadsheets/d/1QU8U82xgr8GURmJc3eR0Y4w7ppxwfNsp6dhPnzcs4bw/pubhtml/sheet?headers=false&gid=1275271780&range=A1%3AG19&output=html&rm=minimal
animals,season two,https://tvseriesfinale.com/tv-show/animals-season-two-ratings/,https://docs.google.com/spreadsheets/d/1QU8U82xgr8GURmJc3eR0Y4w7ppxwfNsp6dhPnzcs4bw/pubhtml/sheet?headers=false&gid=1566638682&range=A1%3AG19&output=html&rm=minimal
animals,season three,https://tvseriesfinale.com/tv-show/animals-season-three-ratings/,https://docs.google.com/spreadsheets/d/1QU8U82xgr8GURmJc3eR0Y4w7ppxwfNsp6dhPnzcs4bw/pubhtml/sheet?headers=false&gid=463221314&range=A1%3AG19&output=html&rm=minimal
anne rices interview with the vampire,season one,https://tvseriesfinale.com/tv-show/anne-rices-interview-with-the-vampire-season-one-ratings/,https://docs.google.com/spreadsheets/d/13J-oeB6b8gpR4AGlw7PZS-4FvjvPKN5_0JFfGwsDXG4/pubhtml/sheet?headers=false&gid=1268792897&range=A1%3AG23&output=html&rm=minimal
anne rices mayfair witches,season one,https://tvseriesfinale.com/tv-show/anne-rices-mayfair-witches-season-one-ratings/,https://docs.google.com/spreadsheets/d/13J-oeB6b8gpR4AGlw7PZS-4FvjvPKN5_0JFfGwsDXG4/pubhtml/sheet?headers=false&gid=1557217878&range=A1%3AG23&output=html&rm=minimal
another period,season three,https://tvseriesfinale.com/tv-show/another-period-season-three-ratings/,https://docs.google.com/spreadsheets/d/1TlUrr7x4sodWNr-S-N8Z1uB3bHn0ftZMVjZJpLyeme8/pubhtml/sheet?headers=false&gid=1776469298&range=A1%3AG97&output=html&rm=minimal
ap bio,season one,https://tvseriesfinale.com/tv-show/ap-bio-season-one-ratings/,https://docs.google.com/spreadsheets/d/e/2PACX-1vSbDlv8pGgTvsiGGgnQ0icBwo7pLFDRo4Jd9SNGQp2UVAXALuO-q0ukrsBaa2PvdfaDG7yK8Z-15Ldp/pubhtml/sheet?headers=false&gid=1225823425&range=A1%3Ah100
ap bio,season two,https://tvseriesfinale.com/tv-show/ap-bio-season-two-ratings/,https://docs.google.com/spreadsheets/d/1xFhCp0TeNw3qt7L-sjT6GVG1Fq3rxa3v6tGV_EhW0Bc/pubhtml/sheet?headers=false&gid=735298146&range=A1%3Ah100
apb,season one,https://tvseriesfinale.com/tv-show/apb-season-one-ratings/,https://docs.google.com/spreadsheets/d/1avKfTwLT9jXPNSzSisElW1a1bufQnuPCAwE_k817Z90/pubhtml/sheet?headers=false&gid=637330323&range=A1%3Ah100
aquarius,season two,https://tvseriesfinale.com/tv-show/aquarius-season-two-ratings/,https://docs.google.com/spreadsheets/d/1J8LXe5uGaBhN98fWSo0EmRx1EwlGvcy06iygCcgxR9w/pubhtml/sheet?headers=false&gid=263212250&range=A1%3Ah30
archer,season eight,https://tvseriesfinale.com/tv-show/archer-season-eight-ratings/,https://docs.google.com/spreadsheets/d/1DdYBR3HPqX7CL7Inge6KsMqvRhBXC7K--484-vIofrk/pubhtml/sheet?headers=false&gid=1010483830&range=A1%3AG97&output=html&rm=minimal
archer,season 10,https://tvseriesfinale.com/tv-show/archer-season-10-ratings/,https://docs.google.com/spreadsheets/d/1DdYBR3HPqX7CL7Inge6KsMqvRhBXC7K--484-vIofrk/pubhtml/sheet?headers=false&gid=2027320469&range=A1%3AG97&output=html&rm=minimal
archer,season 11,https://tvseriesfinale.com/tv-show/archer-season-11-ratings/,https://docs.google.com/spreadsheets/d/1DdYBR3HPqX7CL7Inge6KsMqvRhBXC7K--484-vIofrk/pubhtml/sheet?headers=false&gid=440861938&range=A1%3AG97&output=html&rm=minimal
archer,season 12,https://tvseriesfinale.com/tv-show/archer-season-12-ratings/,https://docs.google.com/spreadsheets/d/1DdYBR3HPqX7CL7Inge6KsMqvRhBXC7K--484-vIofrk/pubhtml/sheet?headers=false&gid=1315612025&range=A1%3AG97&output=html&rm=minimal
archer,season 13,https://tvseriesfinale.com/tv-show/archer-season-13-ratings/,https://docs.google.com/spreadsheets/d/1DdYBR3HPqX7CL7Inge6KsMqvRhBXC7K--484-vIofrk/pubhtml/sheet?headers=false&gid=1849179612&range=A1%3AG97&output=html&rm=minimal
archer,season 14,https://tvseriesfinale.com/tv-show/archer-season-14-ratings/,https://docs.google.com/spreadsheets/d/1DdYBR3HPqX7CL7Inge6KsMqvRhBXC7K--484-vIofrk/pubhtml/sheet?headers=false&gid=1298538528&range=A1%3AG97&output=html&rm=minimal
the ark,season one,https://tvseriesfinale.com/tv-show/the-ark-season-one-ratings/,https://docs.google.com/spreadsheets/d/14IMssfgFsz8f3V5fAqkrt1xG_NUPQHNq4zimlz87N_c/pubhtml/sheet?headers=false&gid=1501576262&range=A1%3AG30
arrangement,season one,https://tvseriesfinale.com/tv-show/arrangement-season-one-ratings/,https://docs.google.com/spreadsheets/d/e/2PACX-1vSd1d9JfYAG27BaMG12ZK-7LMGaz8cfmhHdZ26tnKbg3v5utQOmUFAlXIE9f83LvkvRrCN2qlezZnP1/pubhtml/sheet?headers=false&gid=49462455&range=A1%3AG100
arrangement,season two,https://tvseriesfinale.com/tv-show/arrangement-season-two-ratings/,https://docs.google.com/spreadsheets/d/e/2PACX-1vSd1d9JfYAG27BaMG12ZK-7LMGaz8cfmhHdZ26tnKbg3v5utQOmUFAlXIE9f83LvkvRrCN2qlezZnP1/pubhtml/sheet?headers=false&gid=981676727&range=A1%3AG100
arrow tv show cw,season six,https://tvseriesfinale.com/tv-show/arrow-tv-show-cw-season-six-ratings/,
arrow,season seven,https://tvseriesfinale.com/tv-show/arrow-season-seven-ratings/,https://docs.google.com/spreadsheets/d/1T-eDbU4WnVnGczaTUc9X91683hE7PYpTtpap48tpnu0/pubhtml/sheet?headers=false&gid=1291913382&range=A1%3Ah100
arrow,season eight,https://tvseriesfinale.com/tv-show/arrow-season-eight-ratings/,https://docs.google.com/spreadsheets/d/e/2PACX-1vTaD6uAv0rMyqOLpklP9QmMHlz3gUaKkf5kYVM3nDXbIBys2LKIkvfed1zv-22RJpYtZtcw1rvPd5ws/pubhtml/sheet?headers=false&gid=1665673398&range=A1%3Ah100
ash vs evil dead starz tv show,season two,https://tvseriesfinale.com/tv-show/ash-vs-evil-dead-starz-tv-show-season-two-ratings/,https://docs.google.com/spreadsheets/d/1-xha-SEcC1L6_KlAxjxMArlpX2A8XY1grDeo58d922E/pubhtml/sheet?headers=false&gid=742453660&range=A1%3AG100&output=html&rm=minimal
ash vs evil dead,season three,https://tvseriesfinale.com/tv-show/ash-vs-evil-dead-season-three-ratings/,https://docs.google.com/spreadsheets/d/1-xha-SEcC1L6_KlAxjxMArlpX2A8XY1grDeo58d922E/pubhtml/sheet?headers=false&gid=492950047&range=A1%3AG100&output=html&rm=minimal
astrid lilly save the world,season one,https://tvseriesfinale.com/tv-show/astrid-lilly-save-the-world-season-one-ratings/,https://docs.google.com/spreadsheets/d/14IMssfgFsz8f3V5fAqkrt1xG_NUPQHNq4zimlz87N_c/pubhtml/sheet?headers=false&gid=1648202263&range=A1%3AG30
atlanta,season one,https://tvseriesfinale.com/tv-show/atlanta-season-one-ratings/,https://docs.google.com/spreadsheets/d/1DdYBR3HPqX7CL7Inge6KsMqvRhBXC7K--484-vIofrk/pubhtml/sheet?headers=false&gid=1576595861&range=A1%3AG97&output=html&rm=minimal
atlanta,season two,https://tvseriesfinale.com/tv-show/atlanta-season-two-ratings/,https://docs.google.com/spreadsheets/d/1DdYBR3HPqX7CL7Inge6KsMqvRhBXC7K--484-vIofrk/pubhtml/sheet?headers=false&gid=325736253&range=A1%3AG97&output=html&rm=minimal
atlanta,season three,https://tvseriesfinale.com/tv-show/atlanta-season-three-ratings/,https://docs.google.com/spreadsheets/d/1DdYBR3HPqX7CL7Inge6KsMqvRhBXC7K--484-vIofrk/pubhtml/sheet?headers=false&gid=1624953491&range=A1%3AG97&output=html&rm=minimal
avenue 5,season one,https://tvseriesfinale.com/tv-show/avenue-5-season-one-ratings/,https://docs.google.com/spreadsheets/d/1QU8U82xgr8GURmJc3eR0Y4w7ppxwfNsp6dhPnzcs4bw/pubhtml/sheet?headers=false&gid=1942743405&range=A1%3AG19&output=html&rm=minimal
avenue 5,season two,https://tvseriesfinale.com/tv-show/avenue-5-season-two-ratings/,
awkwafina is nora from queens,season two,https://tvseriesfinale.com/tv-show/awkwafina-is-nora-from-queens-season-two-ratings/,https://docs.google.com/spreadsheets/d/1TlUrr7x4sodWNr-S-N8Z1uB3bHn0ftZMVjZJpLyeme8/pubhtml/sheet?headers=false&gid=746307580&range=A1:G120
awkwafina is nora from queens,season three,https://tvseriesfinale.com/tv-show/awkwafina-is-nora-from-queens-season-three-ratings/,https://docs.google.com/spreadsheets/d/1TlUrr7x4sodWNr-S-N8Z1uB3bHn0ftZMVjZJpLyeme8/pubhtml/sheet?headers=false&gid=1392786693&range=A1:G120
b positive,season one,https://tvseriesfinale.com/tv-show/b-positive-season-one-ratings/,https://docs.google.com/spreadsheets/d/1dBByBwNRkBxn64JkURCCBbkdekn50VAxa3AfH7pZK04/pubhtml/sheet?headers=false&gid=594923270&range=A1%3Ah100
the baby,season one,https://tvseriesfinale.com/tv-show/the-baby-season-one-ratings/,https://docs.google.com/spreadsheets/d/1QU8U82xgr8GURmJc3eR0Y4w7ppxwfNsp6dhPnzcs4bw/pubhtml/sheet?headers=false&gid=1715342266&range=A1%3AG19&output=html&rm=minimal
baby daddy,season six,https://tvseriesfinale.com/tv-show/baby-daddy-season-six-ratings/,https://docs.google.com/spreadsheets/d/1cnttQo1fIxTypKG3x19Ax0Zh4Pn8dtfzDfO4lVWsi6Y/pubhtml/sheet?headers=false&gid=1457503509&range=A1:G120
bachelor in paradise,season four,https://tvseriesfinale.com/tv-show/bachelor-in-paradise-season-four-ratings/,https://docs.google.com/spreadsheets/d/1ToHTY-SGH1wLEo31kKz9TOE5PsdpBE20kqtr1BhJBVA/pubhtml/sheet?headers=false&gid=429713915&range=A1%3Ah100
bachelor in paradise,season six,https://tvseriesfinale.com/tv-show/bachelor-in-paradise-season-six-ratings/,https://docs.google.com/spreadsheets/d/1Z54g0izrymDxV0QDkwOGE9auYHrCu-FTYNpPDykzPJ8/pubhtml/sheet?headers=false&gid=31080003&range=A1%3Ah100
bachelor in paradise,season six,https://tvseriesfinale.com/tv-show/bachelor-in-paradise-season-six-ratings/,https://docs.google.com/spreadsheets/d/1Z54g0izrymDxV0QDkwOGE9auYHrCu-FTYNpPDykzPJ8/pubhtml/sheet?headers=false&gid=31080003&range=A1%3Ah100
bachelor in paradise,season seven,https://tvseriesfinale.com/tv-show/bachelor-in-paradise-season-seven-ratings/,https://docs.google.com/spreadsheets/d/1NS9t3Pv-5_wq_fCkMbQDlf0scWZ_TYTsLp38Z8jaw_M/pubhtml/sheet?headers=false&gid=1389270262&range=A1%3Ah100
bachelor in paradise,season eight,https://tvseriesfinale.com/tv-show/bachelor-in-paradise-season-eight-ratings/,https://docs.google.com/spreadsheets/d/1yWN1t7MlPk9jroVeTgGH5-U5sp5XVcZJclGsrnyl5bI/pubhtml/sheet?headers=false&gid=832995679&range=A1%3Ah100
bachelor in paradise,season nine,https://tvseriesfinale.com/tv-show/bachelor-in-paradise-season-nine-ratings/,https://docs.google.com/spreadsheets/d/15KTevMXvt9KrUmg0EAioSoNjNmhfRebf0-72WnZYlK8/pubhtml/sheet?headers=false&gid=1144367144&range=A1%3Ah100
bachelor tv show,season 21,https://tvseriesfinale.com/tv-show/bachelor-tv-show-season-21-ratings/,
bachelor,season 22,https://tvseriesfinale.com/tv-show/bachelor-season-22-ratings/,https://docs.google.com/spreadsheets/d/e/2PACX-1vTlE5lTHpAmKbEOIFMoMB5xW95pIvYxFgcblbWzKL4ZDLRBAVL3Bt3WtXzA65dzsHZXuOrwhIXlQOfq/pubhtml/sheet?headers=false&gid=190699034&range=A1%3Ah100
the bachelor,season 23,https://tvseriesfinale.com/tv-show/the-bachelor-season-23-ratings/,https://docs.google.com/spreadsheets/d/1Z54g0izrymDxV0QDkwOGE9auYHrCu-FTYNpPDykzPJ8/pubhtml/sheet?headers=false&gid=25469901&range=A1%3Ah100
the bachelor,season 24,https://tvseriesfinale.com/tv-show/the-bachelor-season-24-ratings/,https://docs.google.com/spreadsheets/d/e/2PACX-1vTrXdDjlQ_DsAe7hNjPK48UpmMYmbZE2_I1S3x0frJJbOh448s7NI2vSBYNr_z6DgMwoksah-NZBkKB/pubhtml/sheet?headers=false&gid=1254740195&range=A1%3Ah100
the bachelor,season 25,https://tvseriesfinale.com/tv-show/the-bachelor-season-25-ratings/,https://docs.google.com/spreadsheets/d/1NS9t3Pv-5_wq_fCkMbQDlf0scWZ_TYTsLp38Z8jaw_M/pubhtml/sheet?headers=false&gid=867003062&range=A1%3Ah100
the bachelor,season 26,https://tvseriesfinale.com/tv-show/the-bachelor-season-26-ratings/,https://docs.google.com/spreadsheets/d/1UHVhAstyDVbA_72wuwSMX7TAPuO4Z_5sX1xbcmNjr2s/pubhtml/sheet?headers=false&gid=1158517133&range=A1%3Ah100
the bachelor,season 27,https://tvseriesfinale.com/tv-show/the-bachelor-season-27-ratings/,https://docs.google.com/spreadsheets/d/1yWN1t7MlPk9jroVeTgGH5-U5sp5XVcZJclGsrnyl5bI/pubhtml/sheet?headers=false&gid=985236309&range=A1%3Ah100
the bachelor,season 28,https://tvseriesfinale.com/tv-show/the-bachelor-season-28-ratings/,https://docs.google.com/spreadsheets/d/15KTevMXvt9KrUmg0EAioSoNjNmhfRebf0-72WnZYlK8/pubhtml/sheet?headers=false&gid=949664026&range=A1%3Ah100
the bachelor presents listen to your heart,season one,https://tvseriesfinale.com/tv-show/the-bachelor-presents-listen-to-your-heart-season-one-ratings/,https://docs.google.com/spreadsheets/d/e/2PACX-1vTrXdDjlQ_DsAe7hNjPK48UpmMYmbZE2_I1S3x0frJJbOh448s7NI2vSBYNr_z6DgMwoksah-NZBkKB/pubhtml/sheet?headers=false&gid=450870981&range=A1%3Ah100
the bachelor the greatest seasons ever,season one,https://tvseriesfinale.com/tv-show/the-bachelor-the-greatest-seasons-ever-season-one-ratings/,https://docs.google.com/spreadsheets/d/e/2PACX-1vTrXdDjlQ_DsAe7hNjPK48UpmMYmbZE2_I1S3x0frJJbOh448s7NI2vSBYNr_z6DgMwoksah-NZBkKB/pubhtml/sheet?headers=false&gid=1212798938&range=A1%3Ah100
bachelorette,season 13,https://tvseriesfinale.com/tv-show/bachelorette-season-13-ratings/,https://docs.google.com/spreadsheets/d/1ToHTY-SGH1wLEo31kKz9TOE5PsdpBE20kqtr1BhJBVA/pubhtml/sheet?headers=false&gid=1526614352&range=A1%3Ah100
bachelorette,season 14,https://tvseriesfinale.com/tv-show/bachelorette-season-14-ratings/,https://docs.google.com/spreadsheets/d/e/2PACX-1vTlE5lTHpAmKbEOIFMoMB5xW95pIvYxFgcblbWzKL4ZDLRBAVL3Bt3WtXzA65dzsHZXuOrwhIXlQOfq/pubhtml/sheet?headers=false&gid=249518884&range=A1%3Ah100
the bachelorette,season 15,https://tvseriesfinale.com/tv-show/the-bachelorette-season-15-ratings/,https://docs.google.com/spreadsheets/d/1Z54g0izrymDxV0QDkwOGE9auYHrCu-FTYNpPDykzPJ8/pubhtml/sheet?headers=false&gid=1179375261&range=A1%3Ah100
the bachelorette,season 16,https://tvseriesfinale.com/tv-show/the-bachelorette-season-16-ratings/,https://docs.google.com/spreadsheets/d/1NS9t3Pv-5_wq_fCkMbQDlf0scWZ_TYTsLp38Z8jaw_M/pubhtml/sheet?headers=false&gid=1092871656&range=A1%3Ah100
the bachelorette,season 17,https://tvseriesfinale.com/tv-show/the-bachelorette-season-17-ratings/,https://docs.google.com/spreadsheets/d/1NS9t3Pv-5_wq_fCkMbQDlf0scWZ_TYTsLp38Z8jaw_M/pubhtml/sheet?headers=false&gid=2126020033&range=A1%3Ah100
the bachelorette,season 18,https://tvseriesfinale.com/tv-show/the-bachelorette-season-18-ratings/,https://docs.google.com/spreadsheets/d/1UHVhAstyDVbA_72wuwSMX7TAPuO4Z_5sX1xbcmNjr2s/pubhtml/sheet?headers=false&gid=682728283&range=A1%3Ah100
the bachelorette,season 19,https://tvseriesfinale.com/tv-show/the-bachelorette-season-19-ratings/,https://docs.google.com/spreadsheets/d/1UHVhAstyDVbA_72wuwSMX7TAPuO4Z_5sX1xbcmNjr2s/pubhtml/sheet?headers=false&gid=2140827906&range=A1%3Ah100
the bachelorette,season 20,https://tvseriesfinale.com/tv-show/the-bachelorette-season-20-ratings/,https://docs.google.com/spreadsheets/d/1yWN1t7MlPk9jroVeTgGH5-U5sp5XVcZJclGsrnyl5bI/pubhtml/sheet?headers=false&gid=1853203762&range=A1%3Ah100
back to life,season one,https://tvseriesfinale.com/tv-show/back-to-life-season-one-ratings/,https://docs.google.com/spreadsheets/d/13_jTGvVcJocGGMZhhC2fdGIsx1znj_LvslHru7vALRA/pubhtml/sheet?headers=false&gid=1408821060&range=A1%3AG20
back to life,season two,https://tvseriesfinale.com/tv-show/back-to-life-season-two-ratings/,https://docs.google.com/spreadsheets/d/13_jTGvVcJocGGMZhhC2fdGIsx1znj_LvslHru7vALRA/pubhtml/sheet?headers=false&gid=1629802045&range=A1%3AG100
bad romance,season one,https://tvseriesfinale.com/tv-show/bad-romance-season-one-ratings/,https://docs.google.com/spreadsheets/d/15KTevMXvt9KrUmg0EAioSoNjNmhfRebf0-72WnZYlK8/pubhtml/sheet?headers=false&gid=491169321&range=A1%3Ah100
the baker and the beauty,season one,https://tvseriesfinale.com/tv-show/the-baker-and-the-beauty-season-one-ratings/,https://docs.google.com/spreadsheets/d/e/2PACX-1vTrXdDjlQ_DsAe7hNjPK48UpmMYmbZE2_I1S3x0frJJbOh448s7NI2vSBYNr_z6DgMwoksah-NZBkKB/pubhtml/sheet?headers=false&gid=1093255054&range=A1%3Ah100
ballers,season three,https://tvseriesfinale.com/tv-show/ballers-season-three-ratings/,https://docs.google.com/spreadsheets/d/1QU8U82xgr8GURmJc3eR0Y4w7ppxwfNsp6dhPnzcs4bw/pubhtml/sheet?headers=false&gid=465535659&range=A1%3AG19&output=html&rm=minimal
ballers,season four,https://tvseriesfinale.com/tv-show/ballers-season-four-ratings/,https://docs.google.com/spreadsheets/d/1QU8U82xgr8GURmJc3eR0Y4w7ppxwfNsp6dhPnzcs4bw/pubhtml/sheet?headers=false&gid=1482828040&range=A1%3AG19&output=html&rm=minimal
ballers,season five,https://tvseriesfinale.com/tv-show/ballers-season-five-ratings/,https://docs.google.com/spreadsheets/d/1QU8U82xgr8GURmJc3eR0Y4w7ppxwfNsp6dhPnzcs4bw/pubhtml/sheet?headers=false&gid=347930193&range=A1%3AG19&output=html&rm=minimal
barons,season one,https://tvseriesfinale.com/tv-show/barons-season-one-ratings/,https://docs.google.com/spreadsheets/d/1qwTMXm7xEOvj2UJCK2EP9eCl3-calTWTXMXFx6_z1oA/pubhtml/sheet?headers=false&gid=1512691029&range=A1%3Ah100
barry,season one,https://tvseriesfinale.com/tv-show/barry-season-one-ratings/,https://docs.google.com/spreadsheets/d/1QU8U82xgr8GURmJc3eR0Y4w7ppxwfNsp6dhPnzcs4bw/pubhtml/sheet?headers=false&gid=1149780703&range=A1%3AG19&output=html&rm=minimal
barry,season two,https://tvseriesfinale.com/tv-show/barry-season-two-ratings/,https://docs.google.com/spreadsheets/d/1QU8U82xgr8GURmJc3eR0Y4w7ppxwfNsp6dhPnzcs4bw/pubhtml/sheet?headers=false&gid=1716542688&range=A1%3AG19&output=html&rm=minimal
barry,season three,https://tvseriesfinale.com/tv-show/barry-season-three-ratings/,https://docs.google.com/spreadsheets/d/1QU8U82xgr8GURmJc3eR0Y4w7ppxwfNsp6dhPnzcs4bw/pubhtml/sheet?headers=false&gid=403545095&range=A1%3AG19&output=html&rm=minimal
barry,season four,https://tvseriesfinale.com/tv-show/barry-season-four-ratings/,https://docs.google.com/spreadsheets/d/1QU8U82xgr8GURmJc3eR0Y4w7ppxwfNsp6dhPnzcs4bw/pubhtml/sheet?headers=false&gid=2059501763&range=A1%3AG19&output=html&rm=minimal
baskets,season two,https://tvseriesfinale.com/tv-show/baskets-season-two-ratings/,https://docs.google.com/spreadsheets/d/1DdYBR3HPqX7CL7Inge6KsMqvRhBXC7K--484-vIofrk/pubhtml/sheet?headers=false&gid=2024660031&range=A1%3AG97&output=html&rm=minimal
baskets,season three,https://tvseriesfinale.com/tv-show/baskets-season-three-ratings/,https://docs.google.com/spreadsheets/d/1DdYBR3HPqX7CL7Inge6KsMqvRhBXC7K--484-vIofrk/pubhtml/sheet?headers=false&gid=758663408&range=A1%3AG97&output=html&rm=minimal
baskets,season four,https://tvseriesfinale.com/tv-show/baskets-season-four-ratings/,https://docs.google.com/spreadsheets/d/1DdYBR3HPqX7CL7Inge6KsMqvRhBXC7K--484-vIofrk/pubhtml/sheet?headers=false&gid=1755819985&range=A1%3AG97&output=html&rm=minimal
bates motel,season four,https://tvseriesfinale.com/tv-show/bates-motel-season-four-ratings/,https://docs.google.com/spreadsheets/d/1KNLQO91TobKye3isJBZcI_hxFgvCh3MnXvOCE12TK4E/pubhtml/sheet?headers=false&gid=1749357614&range=A1%3AG46&output=html&rm=minimal
bates motel,season five,https://tvseriesfinale.com/tv-show/bates-motel-season-five-ratings/,https://docs.google.com/spreadsheets/d/1KNLQO91TobKye3isJBZcI_hxFgvCh3MnXvOCE12TK4E/pubhtml/sheet?headers=false&gid=818718325&range=A1%3AG46&output=html&rm=minimal
battle of the network stars,season one,https://tvseriesfinale.com/tv-show/battle-of-the-network-stars-season-one-ratings/,https://docs.google.com/spreadsheets/d/1ToHTY-SGH1wLEo31kKz9TOE5PsdpBE20kqtr1BhJBVA/pubhtml/sheet?headers=false&gid=779550013&range=A1%3Ah100
batwoman,season one,https://tvseriesfinale.com/tv-show/batwoman-season-one-ratings/,https://docs.google.com/spreadsheets/d/e/2PACX-1vTaD6uAv0rMyqOLpklP9QmMHlz3gUaKkf5kYVM3nDXbIBys2LKIkvfed1zv-22RJpYtZtcw1rvPd5ws/pubhtml/sheet?headers=false&gid=631504412&range=A1%3Ah100
batwoman,season two,https://tvseriesfinale.com/tv-show/batwoman-season-two-ratings/,https://docs.google.com/spreadsheets/d/1UtKbmbo-TrCU00937XlBHCPgAR5Wx5fyu7YHrmiDjZQ/pubhtml/sheet?headers=false&gid=577342564&range=A1%3Ah100
batwoman,season three,https://tvseriesfinale.com/tv-show/batwoman-season-three-ratings/,https://docs.google.com/spreadsheets/d/1MiOE1bCf6lKNJCpNpvXIAZYYbPo5_BfTqqGbsG9ENo8/pubhtml/sheet?headers=false&gid=988408160&range=A1%3Ah100
the beast must die,season one,https://tvseriesfinale.com/tv-show/the-beast-must-die-season-one-ratings/,https://docs.google.com/spreadsheets/d/13J-oeB6b8gpR4AGlw7PZS-4FvjvPKN5_0JFfGwsDXG4/pubhtml/sheet?headers=false&gid=1183045577&range=A1%3AG23&output=html&rm=minimal
beat shazam,season one,https://tvseriesfinale.com/tv-show/beat-shazam-season-one-ratings/,https://docs.google.com/spreadsheets/d/1avKfTwLT9jXPNSzSisElW1a1bufQnuPCAwE_k817Z90/pubhtml/sheet?headers=false&gid=575976361&range=A1%3Ah100
beat shazam,season two,https://tvseriesfinale.com/tv-show/beat-shazam-season-two-ratings/,https://docs.google.com/spreadsheets/d/1ftMGnLJFFncsXKJ6saeTkxhdfa23cittfFA2Z2rVogM/pubhtml/sheet?headers=false&gid=1362599330&range=A1%3Ah100
beat shazam,season three,https://tvseriesfinale.com/tv-show/beat-shazam-season-three-ratings/,https://docs.google.com/spreadsheets/d/1n4PyBtJrphtdfhiPq884nmoV8wIMKHVrgbvYhJ-DV80/pubhtml/sheet?headers=false&gid=1617236589&range=A1%3Ah100
beat shazam,season four,https://tvseriesfinale.com/tv-show/beat-shazam-season-four-ratings/,https://docs.google.com/spreadsheets/d/1um1vJjK_QbewPMm0sO1CczrrgO2FDmtjdN74LteZN7g/pubhtml/sheet?headers=false&gid=2072168941&range=A1%3Ah100
beat shazam,season five,https://tvseriesfinale.com/tv-show/beat-shazam-season-five-ratings/,https://docs.google.com/spreadsheets/d/1PlugKIBMoFJpsdg8AZIYiS56GA8u5BxmNnpQ5v0wx1Q/pubhtml/sheet?headers=false&gid=69064678&range=A1%3Ah100
beat shazam,season six,https://tvseriesfinale.com/tv-show/beat-shazam-season-six-ratings/,https://docs.google.com/spreadsheets/d/1bCcF_doylXV5Q45d8vITOJBvhw6a3YcB2aJApWPLCGw/pubhtml/sheet?headers=false&gid=1790989430&range=A1%3Ah100
becoming elizabeth,season one,https://tvseriesfinale.com/tv-show/becoming-elizabeth-season-one-ratings/,https://docs.google.com/spreadsheets/d/1-xha-SEcC1L6_KlAxjxMArlpX2A8XY1grDeo58d922E/pubhtml/sheet?headers=false&gid=288350417&range=A1%3AG100&output=html&rm=minimal
mary jane,season four,https://tvseriesfinale.com/tv-show/mary-jane-season-four-ratings/,https://docs.google.com/spreadsheets/d/13ixTXBM3JY-tUl7Uy8FuRm6xCTYTIGfFsuWuNivO1Fc/pubhtml/sheet?headers=false&gid=830007338&range=A1%3AG97&output=html&rm=minimal
being rueben,season one,https://tvseriesfinale.com/tv-show/being-rueben-season-one-ratings/,https://docs.google.com/spreadsheets/d/e/2PACX-1vTaD6uAv0rMyqOLpklP9QmMHlz3gUaKkf5kYVM3nDXbIBys2LKIkvfed1zv-22RJpYtZtcw1rvPd5ws/pubhtml/sheet?headers=false&gid=1355771125&range=A1%3Ah100
better call saul,season two,https://tvseriesfinale.com/tv-show/better-call-saul-season-two-ratings/,https://docs.google.com/spreadsheets/d/13J-oeB6b8gpR4AGlw7PZS-4FvjvPKN5_0JFfGwsDXG4/pubhtml/sheet?headers=false&gid=635721982&range=A1%3AG23&output=html&rm=minimal
better call saul,season three,https://tvseriesfinale.com/tv-show/better-call-saul-season-three-ratings/,https://docs.google.com/spreadsheets/d/13J-oeB6b8gpR4AGlw7PZS-4FvjvPKN5_0JFfGwsDXG4/pubhtml/sheet?headers=false&gid=860996000&range=A1%3AG23&output=html&rm=minimal
better call saul,season four,https://tvseriesfinale.com/tv-show/better-call-saul-season-four-ratings/,https://docs.google.com/spreadsheets/d/13J-oeB6b8gpR4AGlw7PZS-4FvjvPKN5_0JFfGwsDXG4/pubhtml/sheet?headers=false&gid=846662349&range=A1%3AG23&output=html&rm=minimal
better call saul,season five,https://tvseriesfinale.com/tv-show/better-call-saul-season-five-ratings/,https://docs.google.com/spreadsheets/d/13J-oeB6b8gpR4AGlw7PZS-4FvjvPKN5_0JFfGwsDXG4/pubhtml/sheet?headers=false&gid=903013541&range=A1%3AG23&output=html&rm=minimal
better call saul,season six,https://tvseriesfinale.com/tv-show/better-call-saul-season-six-ratings/,https://docs.google.com/spreadsheets/d/13J-oeB6b8gpR4AGlw7PZS-4FvjvPKN5_0JFfGwsDXG4/pubhtml/sheet?headers=false&gid=2105134625&range=A1%3AG23&output=html&rm=minimal
better late never,season two,https://tvseriesfinale.com/tv-show/better-late-never-season-two-ratings/,https://docs.google.com/spreadsheets/d/e/2PACX-1vSbDlv8pGgTvsiGGgnQ0icBwo7pLFDRo4Jd9SNGQp2UVAXALuO-q0ukrsBaa2PvdfaDG7yK8Z-15Ldp/pubhtml/sheet?headers=false&gid=457897994&range=A1%3Ah100
better things,season one,https://tvseriesfinale.com/tv-show/better-things-season-one-ratings/,https://docs.google.com/spreadsheets/d/1DdYBR3HPqX7CL7Inge6KsMqvRhBXC7K--484-vIofrk/pubhtml/sheet?headers=false&gid=1524265460&range=A1%3AG97&output=html&rm=minimal
better things,season two,https://tvseriesfinale.com/tv-show/better-things-season-two-ratings/,https://docs.google.com/spreadsheets/d/1DdYBR3HPqX7CL7Inge6KsMqvRhBXC7K--484-vIofrk/pubhtml/sheet?headers=false&gid=832696709&range=A1%3AG97&output=html&rm=minimal
better things,season three,https://tvseriesfinale.com/tv-show/better-things-season-three-ratings/,https://docs.google.com/spreadsheets/d/1DdYBR3HPqX7CL7Inge6KsMqvRhBXC7K--484-vIofrk/pubhtml/sheet?headers=false&gid=310782476&range=A1%3AG97&output=html&rm=minimal
better things,season four,https://tvseriesfinale.com/tv-show/better-things-season-four-ratings/,https://docs.google.com/spreadsheets/d/1DdYBR3HPqX7CL7Inge6KsMqvRhBXC7K--484-vIofrk/pubhtml/sheet?headers=false&gid=412430920&range=A1%3AG97&output=html&rm=minimal
better things,season five,https://tvseriesfinale.com/tv-show/better-things-season-five-ratings/,https://docs.google.com/spreadsheets/d/1DdYBR3HPqX7CL7Inge6KsMqvRhBXC7K--484-vIofrk/pubhtml/sheet?headers=false&gid=1998386320&range=A1%3AG97&output=html&rm=minimal
beyond,season one,https://tvseriesfinale.com/tv-show/beyond-season-one-ratings/,https://docs.google.com/spreadsheets/d/1cnttQo1fIxTypKG3x19Ax0Zh4Pn8dtfzDfO4lVWsi6Y/pubhtml/sheet?headers=false&gid=526256855&range=A1:G120
beyond,season two,https://tvseriesfinale.com/tv-show/beyond-season-two-ratings/,https://docs.google.com/spreadsheets/d/1cnttQo1fIxTypKG3x19Ax0Zh4Pn8dtfzDfO4lVWsi6Y/pubhtml/sheet?headers=false&gid=1935327711&range=A1:G120
bh90210,season one,https://tvseriesfinale.com/tv-show/bh90210-season-one-ratings/,https://docs.google.com/spreadsheets/d/1n4PyBtJrphtdfhiPq884nmoV8wIMKHVrgbvYhJ-DV80/pubhtml/sheet?headers=false&gid=1370900677&range=A1%3Ah100
big bang theory,season 11,https://tvseriesfinale.com/tv-show/big-bang-theory-season-11-ratings/,https://docs.google.com/spreadsheets/d/e/2PACX-1vT3vh7mmYQQq1m3g7KQMsmlr1cEvnVRX6aVWRwp6JU7F2hy06mf_irW7uwbTdww_G47LBmS64qNTLkG/pubhtml/sheet?headers=false&gid=1439464685&range=A1%3Ah100
big bang theory,season 12,https://tvseriesfinale.com/tv-show/big-bang-theory-season-12-ratings/,https://docs.google.com/spreadsheets/d/1qlYGtdgF6N3UIJArkhteiD8B0zo8akewHTR0Jd_ceOE/pubhtml/sheet?headers=false&gid=1439464685&range=A1%3Ah100
big brother,season 18,https://tvseriesfinale.com/tv-show/big-brother-season-18-ratings/,https://docs.google.com/spreadsheets/d/1wVP9xoa95YRaNbN0wlreOovnOyeT0VY3MQQxp4rXwD4/pubhtml/sheet?headers=false&gid=1540144269&range=A1%3Ag40
big brother,season 20,https://tvseriesfinale.com/tv-show/big-brother-season-20-ratings/,https://docs.google.com/spreadsheets/d/e/2PACX-1vT3vh7mmYQQq1m3g7KQMsmlr1cEvnVRX6aVWRwp6JU7F2hy06mf_irW7uwbTdww_G47LBmS64qNTLkG/pubhtml/sheet?headers=false&gid=100141558&range=A1%3Ah100
big brother,season 21,https://tvseriesfinale.com/tv-show/big-brother-season-21-ratings/,https://docs.google.com/spreadsheets/d/1qlYGtdgF6N3UIJArkhteiD8B0zo8akewHTR0Jd_ceOE/pubhtml/sheet?headers=false&gid=517275211&range=A1%3Ah100
big brother,season 22,https://tvseriesfinale.com/tv-show/big-brother-season-22-ratings/,https://docs.google.com/spreadsheets/d/e/2PACX-1vT0r9Z1zIFp1HCpQK8PJDq8yeZzWrPf8e5BhFbpOvRROSxNyF6FMc5WC4jKRtnUWwnK66Gam6BNkEHI/pubhtml/sheet?headers=false&gid=117906092&range=A1%3Ah100
big brother,season 23,https://tvseriesfinale.com/tv-show/big-brother-season-23-ratings/,https://docs.google.com/spreadsheets/d/1dBByBwNRkBxn64JkURCCBbkdekn50VAxa3AfH7pZK04/pubhtml/sheet?headers=false&gid=1566125756&range=A1%3Ah100
big brother,season 24,https://tvseriesfinale.com/tv-show/big-brother-season-24-ratings/,https://docs.google.com/spreadsheets/d/1gPmjJd_L8Sp9Vp5qI5sfS69ztHiav5B4fFPrTOSmVMs/pubhtml/sheet?headers=false&gid=989460723&range=A1%3Ah100
big brother,season 25,https://tvseriesfinale.com/tv-show/big-brother-season-25-ratings/,https://docs.google.com/spreadsheets/d/1_sakYamJH4LVbbDwVcQ-b6tvhOWWTnOVbh4nIqrMlVM/pubhtml/sheet?headers=false&gid=2026704742&range=A1%3Ah100
big brother reindeer games,season one,https://tvseriesfinale.com/tv-show/big-brother-reindeer-games-season-one-ratings/,https://docs.google.com/spreadsheets/d/1Ii2QZoWwUROqd4TnVe05t4fNPdqfeER4kQIpqwyDIs4/pubhtml/sheet?headers=false&gid=1667338246&range=A1%3Ah100
celebrity big brother,season three,https://tvseriesfinale.com/tv-show/celebrity-big-brother-season-three-ratings/,https://docs.google.com/spreadsheets/d/1gPmjJd_L8Sp9Vp5qI5sfS69ztHiav5B4fFPrTOSmVMs/pubhtml/sheet?headers=false&gid=1162627299&range=A1%3Ah100
big fan,season one,https://tvseriesfinale.com/tv-show/big-fan-season-one-ratings/,https://docs.google.com/spreadsheets/d/1ToHTY-SGH1wLEo31kKz9TOE5PsdpBE20kqtr1BhJBVA/pubhtml/sheet?headers=false&gid=987190547&range=A1%3Ah100
the big leap,season one,https://tvseriesfinale.com/tv-show/the-big-leap-season-one-ratings/,https://docs.google.com/spreadsheets/d/1PlugKIBMoFJpsdg8AZIYiS56GA8u5BxmNnpQ5v0wx1Q/pubhtml/sheet?headers=false&gid=1928556968&range=A1%3Ah100
big little lies,season one,https://tvseriesfinale.com/tv-show/big-little-lies-season-one-ratings/,https://docs.google.com/spreadsheets/d/1QU8U82xgr8GURmJc3eR0Y4w7ppxwfNsp6dhPnzcs4bw/pubhtml/sheet?headers=false&gid=1162162619&range=A1%3AG19&output=html&rm=minimal
big little lies,season two,https://tvseriesfinale.com/tv-show/big-little-lies-season-two-ratings/,https://docs.google.com/spreadsheets/d/1QU8U82xgr8GURmJc3eR0Y4w7ppxwfNsp6dhPnzcs4bw/pubhtml/sheet?headers=false&gid=678892097&range=A1%3AG19&output=html&rm=minimal
big sky,season one,https://tvseriesfinale.com/tv-show/big-sky-season-one-ratings/,https://docs.google.com/spreadsheets/d/1NS9t3Pv-5_wq_fCkMbQDlf0scWZ_TYTsLp38Z8jaw_M/pubhtml/sheet?headers=false&gid=276154158&range=A1%3Ah100
big sky,season two,https://tvseriesfinale.com/tv-show/big-sky-season-two-ratings/,https://docs.google.com/spreadsheets/d/1UHVhAstyDVbA_72wuwSMX7TAPuO4Z_5sX1xbcmNjr2s/pubhtml/sheet?headers=false&gid=1342159791&range=A1%3Ah100
big sky,season three,https://tvseriesfinale.com/tv-show/big-sky-season-three-ratings/,https://docs.google.com/spreadsheets/d/1yWN1t7MlPk9jroVeTgGH5-U5sp5XVcZJclGsrnyl5bI/pubhtml/sheet?headers=false&gid=219590&range=A1%3Ah100
the big stage,season one,https://tvseriesfinale.com/tv-show/the-big-stage-season-one-ratings/,https://docs.google.com/spreadsheets/d/1T-eDbU4WnVnGczaTUc9X91683hE7PYpTtpap48tpnu0/pubhtml/sheet?headers=false&gid=361654737&range=A1%3Ah100
billions,season two,https://tvseriesfinale.com/tv-show/billions-season-two-ratings/,https://docs.google.com/spreadsheets/d/13_jTGvVcJocGGMZhhC2fdGIsx1znj_LvslHru7vALRA/pubhtml/sheet?headers=false&gid=1513829549&range=A1%3AG20
billions,season three,https://tvseriesfinale.com/tv-show/billions-season-three-ratings/,https://docs.google.com/spreadsheets/d/13_jTGvVcJocGGMZhhC2fdGIsx1znj_LvslHru7vALRA/pubhtml/sheet?headers=false&gid=1287445983&range=A1%3AG100
billions,season four,https://tvseriesfinale.com/tv-show/billions-season-four-ratings/,https://docs.google.com/spreadsheets/d/13_jTGvVcJocGGMZhhC2fdGIsx1znj_LvslHru7vALRA/pubhtml/sheet?headers=false&gid=774755181&range=A1%3AG100
billions,season five,https://tvseriesfinale.com/tv-show/billions-season-five-ratings/,https://docs.google.com/spreadsheets/d/13_jTGvVcJocGGMZhhC2fdGIsx1znj_LvslHru7vALRA/pubhtml/sheet?headers=false&gid=1148042170&range=A1%3AG100
billions,season six,https://tvseriesfinale.com/tv-show/billions-season-six-ratings/,https://docs.google.com/spreadsheets/d/13_jTGvVcJocGGMZhhC2fdGIsx1znj_LvslHru7vALRA/pubhtml/sheet?headers=false&gid=716062719&range=A1%3AG100
billions,season seven,https://tvseriesfinale.com/tv-show/billions-season-seven-ratings/,https://docs.google.com/spreadsheets/d/13_jTGvVcJocGGMZhhC2fdGIsx1znj_LvslHru7vALRA/pubhtml/sheet?headers=false&gid=1447552846&range=A1%3AG100
bitten,season three,https://tvseriesfinale.com/tv-show/bitten-season-three-ratings/,https://docs.google.com/spreadsheets/d/14IMssfgFsz8f3V5fAqkrt1xG_NUPQHNq4zimlz87N_c/pubhtml/sheet?headers=false&gid=1236093470&range=A1%3AG30
black lightning,season one,https://tvseriesfinale.com/tv-show/black-lightning-season-one-ratings/,https://docs.google.com/spreadsheets/d/e/2PACX-1vR_SBz9FDKyY15XKRCf_Vpm1tJXCnrieAa2957aRG1B9OPPcaQGfv4n1m4kjsCVCZGH29aYvTeDUaiS/pubhtml/sheet?headers=false&gid=1834906649&range=A1%3AH40
black lightning,season two,https://tvseriesfinale.com/tv-show/black-lightning-season-two-ratings/,https://docs.google.com/spreadsheets/d/1T-eDbU4WnVnGczaTUc9X91683hE7PYpTtpap48tpnu0/pubhtml/sheet?headers=false&gid=1834906649&range=A1%3Ah100
black lightning,season three,https://tvseriesfinale.com/tv-show/black-lightning-season-three-ratings/,https://docs.google.com/spreadsheets/d/e/2PACX-1vTaD6uAv0rMyqOLpklP9QmMHlz3gUaKkf5kYVM3nDXbIBys2LKIkvfed1zv-22RJpYtZtcw1rvPd5ws/pubhtml/sheet?headers=false&gid=1702827677&range=A1%3Ah100
black lightning,season four,https://tvseriesfinale.com/tv-show/black-lightning-season-four-ratings/,https://docs.google.com/spreadsheets/d/1UtKbmbo-TrCU00937XlBHCPgAR5Wx5fyu7YHrmiDjZQ/pubhtml/sheet?headers=false&gid=327107227&range=A1%3Ah100
black monday,season one,https://tvseriesfinale.com/tv-show/black-monday-season-one-ratings/,https://docs.google.com/spreadsheets/d/13_jTGvVcJocGGMZhhC2fdGIsx1znj_LvslHru7vALRA/pubhtml/sheet?headers=false&gid=927007295&range=A1%3AG100
black monday,season two,https://tvseriesfinale.com/tv-show/black-monday-season-two-ratings/,https://docs.google.com/spreadsheets/d/13_jTGvVcJocGGMZhhC2fdGIsx1znj_LvslHru7vALRA/pubhtml/sheet?headers=false&gid=1198787813&range=A1%3AG100
black monday,season three,https://tvseriesfinale.com/tv-show/black-monday-season-three-ratings/,https://docs.google.com/spreadsheets/d/13_jTGvVcJocGGMZhhC2fdGIsx1znj_LvslHru7vALRA/pubhtml/sheet?headers=false&gid=1309406597&range=A1%3AG100
black sails,season four,https://tvseriesfinale.com/tv-show/black-sails-season-four-ratings/,https://docs.google.com/spreadsheets/d/1-xha-SEcC1L6_KlAxjxMArlpX2A8XY1grDeo58d922E/pubhtml/sheet?headers=false&gid=569905102&range=A1%3AG100&output=html&rm=minimal
black ish,season three,https://tvseriesfinale.com/tv-show/black-ish-season-three-ratings/,https://docs.google.com/spreadsheets/d/1ToHTY-SGH1wLEo31kKz9TOE5PsdpBE20kqtr1BhJBVA/pubhtml/sheet?headers=false&gid=1702065091&range=A1%3Ah100
black ish,season four,https://tvseriesfinale.com/tv-show/black-ish-season-four-ratings/,https://docs.google.com/spreadsheets/d/e/2PACX-1vTlE5lTHpAmKbEOIFMoMB5xW95pIvYxFgcblbWzKL4ZDLRBAVL3Bt3WtXzA65dzsHZXuOrwhIXlQOfq/pubhtml/sheet?headers=false&gid=1626226306&range=A1%3Ah100
black ish,season five,https://tvseriesfinale.com/tv-show/black-ish-season-five-ratings/,https://docs.google.com/spreadsheets/d/1Z54g0izrymDxV0QDkwOGE9auYHrCu-FTYNpPDykzPJ8/pubhtml/sheet?headers=false&gid=1626226306&range=A1%3Ah100
black ish,season six,https://tvseriesfinale.com/tv-show/black-ish-season-six-ratings/,https://docs.google.com/spreadsheets/d/e/2PACX-1vTrXdDjlQ_DsAe7hNjPK48UpmMYmbZE2_I1S3x0frJJbOh448s7NI2vSBYNr_z6DgMwoksah-NZBkKB/pubhtml/sheet?headers=false&gid=1211088655&range=A1%3Ah100
black ish,season seven,https://tvseriesfinale.com/tv-show/black-ish-season-seven-ratings/,https://docs.google.com/spreadsheets/d/1NS9t3Pv-5_wq_fCkMbQDlf0scWZ_TYTsLp38Z8jaw_M/pubhtml/sheet?headers=false&gid=1018305404&range=A1%3Ah100
black ish,season eight,https://tvseriesfinale.com/tv-show/black-ish-season-eight-ratings/,https://docs.google.com/spreadsheets/d/1UHVhAstyDVbA_72wuwSMX7TAPuO4Z_5sX1xbcmNjr2s/pubhtml/sheet?headers=false&gid=535881268&range=A1%3Ah100
the blacklist,season one,https://tvseriesfinale.com/tv-show/the-blacklist-season-one-ratings/,https://docs.google.com/spreadsheets/d/1nUCArKufsLCRXGA_28uwIvlpuhDuhyRQVDtVTQAGl4Q/pubhtml/sheet?headers=false&gid=2&range=A1%3AH30&output=html&rm=minimal
blacklist,season five,https://tvseriesfinale.com/tv-show/blacklist-season-five-ratings/,https://docs.google.com/spreadsheets/d/e/2PACX-1vSbDlv8pGgTvsiGGgnQ0icBwo7pLFDRo4Jd9SNGQp2UVAXALuO-q0ukrsBaa2PvdfaDG7yK8Z-15Ldp/pubhtml/sheet?headers=false&gid=1277377570&range=A1%3Ah100
the blacklist,season six,https://tvseriesfinale.com/tv-show/the-blacklist-season-six-ratings/,https://docs.google.com/spreadsheets/d/1xFhCp0TeNw3qt7L-sjT6GVG1Fq3rxa3v6tGV_EhW0Bc/pubhtml/sheet?headers=false&gid=2138173329&range=A1%3Ah100
the blacklist,season seven,https://tvseriesfinale.com/tv-show/the-blacklist-season-seven-ratings/,https://docs.google.com/spreadsheets/d/e/2PACX-1vRtVj2UE-OnOA12xp1fNuzjlRH3leED-mA5SsVYu5siarlfm8OVy5EHBpyoUlI9ICBIQzZ2hnLviUro/pubhtml/sheet?headers=false&gid=13957895&range=A1%3Ah100
the blacklist,season eight,https://tvseriesfinale.com/tv-show/the-blacklist-season-eight-ratings/,https://docs.google.com/spreadsheets/d/10un34Z5y-n7KeT3gb_7cpWX7fhoO90wr1mlus7eRKcs/pubhtml/sheet?headers=false&gid=988266482&range=A1%3Ah100
the blacklist,season nine,https://tvseriesfinale.com/tv-show/the-blacklist-season-nine-ratings/,https://docs.google.com/spreadsheets/d/1HyhsoErv-gaQ6jE5tzO_Ax6r5ouKVGm3nNLcv74jPYY/pubhtml/sheet?headers=false&gid=1528469277&range=A1%3Ah100
the blacklist,season 10,https://tvseriesfinale.com/tv-show/the-blacklist-season-10-ratings/,https://docs.google.com/spreadsheets/d/1ma3sMDxK-aUwyuz2kB8gMyf1goAcW9mqosbWSlLHEcg/pubhtml/sheet?headers=false&gid=1909115678&range=A1%3Ah100
bless the harts,season one,https://tvseriesfinale.com/tv-show/bless-the-harts-season-one-ratings/,https://docs.google.com/spreadsheets/d/e/2PACX-1vRmoC8hQFbZMNtUzmwwjsO_0gIf7KnWMgEOC-2a4Bh_rCX1LCdAm6b-BWNfoIlttnPf2iy_4KQj0eFo/pubhtml/sheet?headers=false&gid=304233634&range=A1%3Ah100
bless the harts,season two,https://tvseriesfinale.com/tv-show/bless-the-harts-season-two-ratings/,https://docs.google.com/spreadsheets/d/1um1vJjK_QbewPMm0sO1CczrrgO2FDmtjdN74LteZN7g/pubhtml/sheet?headers=false&gid=1535157884&range=A1%3Ah100
bless this mess,season one,https://tvseriesfinale.com/tv-show/bless-this-mess-season-one-ratings/,https://docs.google.com/spreadsheets/d/1Z54g0izrymDxV0QDkwOGE9auYHrCu-FTYNpPDykzPJ8/pubhtml/sheet?headers=false&gid=377126747&range=A1%3Ah100
bless this mess,season two,https://tvseriesfinale.com/tv-show/bless-this-mess-season-two-ratings/,https://docs.google.com/spreadsheets/d/e/2PACX-1vTrXdDjlQ_DsAe7hNjPK48UpmMYmbZE2_I1S3x0frJJbOh448s7NI2vSBYNr_z6DgMwoksah-NZBkKB/pubhtml/sheet?headers=false&gid=1056849315&range=A1%3Ah100
blindspot,season three,https://tvseriesfinale.com/tv-show/blindspot-season-three-ratings/,https://docs.google.com/spreadsheets/d/e/2PACX-1vSbDlv8pGgTvsiGGgnQ0icBwo7pLFDRo4Jd9SNGQp2UVAXALuO-q0ukrsBaa2PvdfaDG7yK8Z-15Ldp/pubhtml/sheet?headers=false&gid=1878909493&range=A1%3Ah100
blindspot,season four,https://tvseriesfinale.com/tv-show/blindspot-season-four-ratings/,https://docs.google.com/spreadsheets/d/1xFhCp0TeNw3qt7L-sjT6GVG1Fq3rxa3v6tGV_EhW0Bc/pubhtml/sheet?headers=false&gid=1878909493&range=A1%3Ah100
blindspot,season five,https://tvseriesfinale.com/tv-show/blindspot-season-five-ratings/,https://docs.google.com/spreadsheets/d/e/2PACX-1vRtVj2UE-OnOA12xp1fNuzjlRH3leED-mA5SsVYu5siarlfm8OVy5EHBpyoUlI9ICBIQzZ2hnLviUro/pubhtml/sheet?headers=false&gid=321768599&range=A1%3Ah100
blood treasure,season one,https://tvseriesfinale.com/tv-show/blood-treasure-season-one-ratings/,https://docs.google.com/spreadsheets/d/1qlYGtdgF6N3UIJArkhteiD8B0zo8akewHTR0Jd_ceOE/pubhtml/sheet?headers=false&gid=668293834&range=A1%3Ah100
blood drive,season one,https://tvseriesfinale.com/tv-show/blood-drive-season-one-ratings/,https://docs.google.com/spreadsheets/d/14IMssfgFsz8f3V5fAqkrt1xG_NUPQHNq4zimlz87N_c/pubhtml/sheet?headers=false&gid=681983521&range=A1%3AG30
blue bloods,season eight,https://tvseriesfinale.com/tv-show/blue-bloods-season-eight-ratings/,https://docs.google.com/spreadsheets/d/e/2PACX-1vT3vh7mmYQQq1m3g7KQMsmlr1cEvnVRX6aVWRwp6JU7F2hy06mf_irW7uwbTdww_G47LBmS64qNTLkG/pubhtml/sheet?headers=false&gid=1678038322&range=A1%3Ah100
blue bloods,season nine,https://tvseriesfinale.com/tv-show/blue-bloods-season-nine-ratings/,https://docs.google.com/spreadsheets/d/1qlYGtdgF6N3UIJArkhteiD8B0zo8akewHTR0Jd_ceOE/pubhtml/sheet?headers=false&gid=1678038322&range=A1%3Ah100
blue bloods,season 10,https://tvseriesfinale.com/tv-show/blue-bloods-season-10-ratings/,https://docs.google.com/spreadsheets/d/e/2PACX-1vT0r9Z1zIFp1HCpQK8PJDq8yeZzWrPf8e5BhFbpOvRROSxNyF6FMc5WC4jKRtnUWwnK66Gam6BNkEHI/pubhtml/sheet?headers=false&gid=1387971365&range=A1%3Ah100
blue bloods,season 11,https://tvseriesfinale.com/tv-show/blue-bloods-season-11-ratings/,https://docs.google.com/spreadsheets/d/1dBByBwNRkBxn64JkURCCBbkdekn50VAxa3AfH7pZK04/pubhtml/sheet?headers=false&gid=82752173&range=A1%3Ah100
blue bloods,season 12,https://tvseriesfinale.com/tv-show/blue-bloods-season-12-ratings/,https://docs.google.com/spreadsheets/d/1gPmjJd_L8Sp9Vp5qI5sfS69ztHiav5B4fFPrTOSmVMs/pubhtml/sheet?headers=false&gid=36323090&range=A1%3Ah100
blue bloods,season 13,https://tvseriesfinale.com/tv-show/blue-bloods-season-13-ratings/,https://docs.google.com/spreadsheets/d/1_sakYamJH4LVbbDwVcQ-b6tvhOWWTnOVbh4nIqrMlVM/pubhtml/sheet?headers=false&gid=983656494&range=A1%3Ah100
blue bloods,season 14,https://tvseriesfinale.com/tv-show/blue-bloods-season-14-ratings/,https://docs.google.com/spreadsheets/d/1Ii2QZoWwUROqd4TnVe05t4fNPdqfeER4kQIpqwyDIs4/pubhtml/sheet?headers=false&gid=1021260627&range=A1%3Ah100
bluff city law,season one,https://tvseriesfinale.com/tv-show/bluff-city-law-season-one-ratings/,https://docs.google.com/spreadsheets/d/e/2PACX-1vRtVj2UE-OnOA12xp1fNuzjlRH3leED-mA5SsVYu5siarlfm8OVy5EHBpyoUlI9ICBIQzZ2hnLviUro/pubhtml/sheet?headers=false&gid=976765924&range=A1%3Ah100
blunt talk tv show starz,season two,https://tvseriesfinale.com/tv-show/blunt-talk-tv-show-starz-season-two-ratings/,https://docs.google.com/spreadsheets/d/1-xha-SEcC1L6_KlAxjxMArlpX2A8XY1grDeo58d922E/pubhtml/sheet?headers=false&gid=463897724&range=A1%3AG100&output=html&rm=minimal
bmf,season one,https://tvseriesfinale.com/tv-show/bmf-season-one-ratings/,https://docs.google.com/spreadsheets/d/1-xha-SEcC1L6_KlAxjxMArlpX2A8XY1grDeo58d922E/pubhtml/sheet?headers=false&gid=1892837571&range=A1%3AG100&output=html&rm=minimal
bmf,season two,https://tvseriesfinale.com/tv-show/bmf-season-two-ratings/,https://docs.google.com/spreadsheets/d/1-xha-SEcC1L6_KlAxjxMArlpX2A8XY1grDeo58d922E/pubhtml/sheet?headers=false&gid=596268217&range=A1%3AG100&output=html&rm=minimal
bmf,season three,https://tvseriesfinale.com/tv-show/bmf-season-three-ratings/,https://docs.google.com/spreadsheets/d/1-xha-SEcC1L6_KlAxjxMArlpX2A8XY1grDeo58d922E/pubhtml/sheet?headers=false&gid=1541917459&range=A1%3AG100&output=html&rm=minimal
bobs burgers,season eight,https://tvseriesfinale.com/tv-show/bobs-burgers-season-eight-ratings/,https://docs.google.com/spreadsheets/d/1ftMGnLJFFncsXKJ6saeTkxhdfa23cittfFA2Z2rVogM/pubhtml/sheet?headers=false&gid=7916138&range=A1%3Ah100
bobs burgers,season nine,https://tvseriesfinale.com/tv-show/bobs-burgers-season-nine-ratings/,https://docs.google.com/spreadsheets/d/1n4PyBtJrphtdfhiPq884nmoV8wIMKHVrgbvYhJ-DV80/pubhtml/sheet?headers=false&gid=7916138&range=A1%3Ah100
bobs burgers,season 10,https://tvseriesfinale.com/tv-show/bobs-burgers-season-10-ratings/,https://docs.google.com/spreadsheets/d/e/2PACX-1vRmoC8hQFbZMNtUzmwwjsO_0gIf7KnWMgEOC-2a4Bh_rCX1LCdAm6b-BWNfoIlttnPf2iy_4KQj0eFo/pubhtml/sheet?headers=false&gid=680554687&range=A1%3Ah100
bobs burgers,season 11,https://tvseriesfinale.com/tv-show/bobs-burgers-season-11-ratings/,https://docs.google.com/spreadsheets/d/1um1vJjK_QbewPMm0sO1CczrrgO2FDmtjdN74LteZN7g/pubhtml/sheet?headers=false&gid=329237379&range=A1%3Ah100
bobs burgers,season 12,https://tvseriesfinale.com/tv-show/bobs-burgers-season-12-ratings/,https://docs.google.com/spreadsheets/d/1PlugKIBMoFJpsdg8AZIYiS56GA8u5BxmNnpQ5v0wx1Q/pubhtml/sheet?headers=false&gid=28720771&range=A1%3Ah100
bobs burgers,season 13,https://tvseriesfinale.com/tv-show/bobs-burgers-season-13-ratings/,https://docs.google.com/spreadsheets/d/1bCcF_doylXV5Q45d8vITOJBvhw6a3YcB2aJApWPLCGw/pubhtml/sheet?headers=false&gid=28720771&range=A1%3Ah100
bobs burgers,season 14,https://tvseriesfinale.com/tv-show/bobs-burgers-season-14-ratings/,https://docs.google.com/spreadsheets/d/1gho_2zWLswUjY_ZpmoiMhFa0JCIIjFpOuxah5J-ltYk/pubhtml/sheet?headers=false&gid=1385246361&range=A1%3Ah100
bob %25e2%2599%25a5 abishola,season one,https://tvseriesfinale.com/tv-show/bob-%25e2%2599%25a5-abishola-season-one-ratings/,
bob %25e2%2599%25a5 abishola,season two,https://tvseriesfinale.com/tv-show/bob-%25e2%2599%25a5-abishola-season-two-ratings/,
bob %25e2%2599%25a5 abishola,season three,https://tvseriesfinale.com/tv-show/bob-%25e2%2599%25a5-abishola-season-three-ratings/,
bob %25e2%2599%25a5 abishola,season four,https://tvseriesfinale.com/tv-show/bob-%25e2%2599%25a5-abishola-season-four-ratings/,
bob %25e2%2599%25a5 abishola,season five,https://tvseriesfinale.com/tv-show/bob-%25e2%2599%25a5-abishola-season-five-ratings/,
the bold type,season one,https://tvseriesfinale.com/tv-show/the-bold-type-season-one-ratings/,https://docs.google.com/spreadsheets/d/1cnttQo1fIxTypKG3x19Ax0Zh4Pn8dtfzDfO4lVWsi6Y/pubhtml/sheet?headers=false&gid=1401955210&range=A1:G120
bold type,season two,https://tvseriesfinale.com/tv-show/bold-type-season-two-ratings/,https://docs.google.com/spreadsheets/d/1cnttQo1fIxTypKG3x19Ax0Zh4Pn8dtfzDfO4lVWsi6Y/pubhtml/sheet?headers=false&gid=1421295650&range=A1:G120
the bold type,season three,https://tvseriesfinale.com/tv-show/the-bold-type-season-three-ratings/,https://docs.google.com/spreadsheets/d/1cnttQo1fIxTypKG3x19Ax0Zh4Pn8dtfzDfO4lVWsi6Y/pubhtml/sheet?headers=false&gid=1125070622&range=A1:G120
the bold type,season four,https://tvseriesfinale.com/tv-show/the-bold-type-season-four-ratings/,https://docs.google.com/spreadsheets/d/1cnttQo1fIxTypKG3x19Ax0Zh4Pn8dtfzDfO4lVWsi6Y/pubhtml/sheet?headers=false&gid=1565564878&range=A1:G120
the bold type,season five,https://tvseriesfinale.com/tv-show/the-bold-type-season-five-ratings/,
bones,season 12,https://tvseriesfinale.com/tv-show/bones-season-12-ratings/,https://docs.google.com/spreadsheets/d/1avKfTwLT9jXPNSzSisElW1a1bufQnuPCAwE_k817Z90/pubhtml/sheet?headers=false&gid=1823326838&range=A1%3Ah100
boomerang,season one,https://tvseriesfinale.com/tv-show/boomerang-season-one-ratings/,https://docs.google.com/spreadsheets/d/13ixTXBM3JY-tUl7Uy8FuRm6xCTYTIGfFsuWuNivO1Fc/pubhtml/sheet?headers=false&gid=1887854439&range=A1%3AG97&output=html&rm=minimal
boomerang,season two,https://tvseriesfinale.com/tv-show/boomerang-season-two-ratings/,https://docs.google.com/spreadsheets/d/13ixTXBM3JY-tUl7Uy8FuRm6xCTYTIGfFsuWuNivO1Fc/pubhtml/sheet?headers=false&gid=1633961737&range=A1%3AG97&output=html&rm=minimal
brave,season one,https://tvseriesfinale.com/tv-show/brave-season-one-ratings/,https://docs.google.com/spreadsheets/d/e/2PACX-1vSbDlv8pGgTvsiGGgnQ0icBwo7pLFDRo4Jd9SNGQp2UVAXALuO-q0ukrsBaa2PvdfaDG7yK8Z-15Ldp/pubhtml/sheet?headers=false&gid=1746666877&range=A1%3Ah100
brave,season one,https://tvseriesfinale.com/tv-show/brave-season-one-ratings/,https://docs.google.com/spreadsheets/d/e/2PACX-1vSbDlv8pGgTvsiGGgnQ0icBwo7pLFDRo4Jd9SNGQp2UVAXALuO-q0ukrsBaa2PvdfaDG7yK8Z-15Ldp/pubhtml/sheet?headers=false&gid=1746666877&range=A1%3Ah100
the breaks,season one,https://tvseriesfinale.com/tv-show/the-breaks-season-one-ratings/,https://docs.google.com/spreadsheets/d/1rXqXBvMUM9REXe-V904uLj_s5dbNAL01V_gDNJM0XoQ/pubhtml/sheet?headers=false&gid=1782541535&range=A1%3Ag100
breeders,season one,https://tvseriesfinale.com/tv-show/breeders-season-one-ratings/,https://docs.google.com/spreadsheets/d/1DdYBR3HPqX7CL7Inge6KsMqvRhBXC7K--484-vIofrk/pubhtml/sheet?headers=false&gid=1559774010&range=A1%3AG97&output=html&rm=minimal
breeders,season two,https://tvseriesfinale.com/tv-show/breeders-season-two-ratings/,https://docs.google.com/spreadsheets/d/1DdYBR3HPqX7CL7Inge6KsMqvRhBXC7K--484-vIofrk/pubhtml/sheet?headers=false&gid=399165972&range=A1%3AG97&output=html&rm=minimal
breeders,season three,https://tvseriesfinale.com/tv-show/breeders-season-three-ratings/,https://docs.google.com/spreadsheets/d/1DdYBR3HPqX7CL7Inge6KsMqvRhBXC7K--484-vIofrk/pubhtml/sheet?headers=false&gid=190596222&range=A1%3AG97&output=html&rm=minimal
breeders,season four,https://tvseriesfinale.com/tv-show/breeders-season-four-ratings/,https://docs.google.com/spreadsheets/d/1DdYBR3HPqX7CL7Inge6KsMqvRhBXC7K--484-vIofrk/pubhtml/sheet?headers=false&gid=398769514&range=A1%3AG97&output=html&rm=minimal
briarpatch,season one,https://tvseriesfinale.com/tv-show/briarpatch-season-one-ratings/,https://docs.google.com/spreadsheets/d/16ijMnEb6P7NAqfPf35N_MyL5ueoHOV2HD01zJ1iXjDI/pubhtml/sheet?headers=false&gid=1915339565&range=A1:G120
bring the funny,season one,https://tvseriesfinale.com/tv-show/bring-the-funny-season-one-ratings/,https://docs.google.com/spreadsheets/d/1xFhCp0TeNw3qt7L-sjT6GVG1Fq3rxa3v6tGV_EhW0Bc/pubhtml/sheet?headers=false&gid=556185679&range=A1%3Ah100
broad city,season four,https://tvseriesfinale.com/tv-show/broad-city-season-four-ratings/,https://docs.google.com/spreadsheets/d/1TlUrr7x4sodWNr-S-N8Z1uB3bHn0ftZMVjZJpLyeme8/pubhtml/sheet?headers=false&gid=1512917284&range=A1%3AG97&output=html&rm=minimal
broad city,season five,https://tvseriesfinale.com/tv-show/broad-city-season-five-ratings/,https://docs.google.com/spreadsheets/d/1TlUrr7x4sodWNr-S-N8Z1uB3bHn0ftZMVjZJpLyeme8/pubhtml/sheet?headers=false&gid=1710069019&range=A1%3AG97&output=html&rm=minimal
broadchurch,season three,https://tvseriesfinale.com/tv-show/broadchurch-season-three-ratings/,https://docs.google.com/spreadsheets/d/12Y2A7RlLipHwsIgde0ZUyYovmiuAwtmeK2zcJD-vJh8/pubhtml/sheet?headers=false&gid=1197280176&range=A1%3AG19&output=html&rm=minimal
brockmire,season one,https://tvseriesfinale.com/tv-show/brockmire-season-one-ratings/,https://docs.google.com/spreadsheets/d/13sXAF5Y5oI_xoKPC1XGISfxN5yPin3dEkq2-r05BG2M/pubhtml/sheet?headers=false&gid=621239968&range=A1%3AG100
brockmire,season two,https://tvseriesfinale.com/tv-show/brockmire-season-two-ratings/,https://docs.google.com/spreadsheets/d/13sXAF5Y5oI_xoKPC1XGISfxN5yPin3dEkq2-r05BG2M/pubhtml/sheet?headers=false&gid=402915851&range=A1%3AG100
brockmire,season three,https://tvseriesfinale.com/tv-show/brockmire-season-three-ratings/,https://docs.google.com/spreadsheets/d/13sXAF5Y5oI_xoKPC1XGISfxN5yPin3dEkq2-r05BG2M/pubhtml/sheet?headers=false&gid=80294585&range=A1%3AG100
broke,season one,https://tvseriesfinale.com/tv-show/broke-season-one-ratings/,https://docs.google.com/spreadsheets/d/e/2PACX-1vT0r9Z1zIFp1HCpQK8PJDq8yeZzWrPf8e5BhFbpOvRROSxNyF6FMc5WC4jKRtnUWwnK66Gam6BNkEHI/pubhtml/sheet?headers=false&gid=1355647135&range=A1%3Ah100
brooklyn nine nine,season five,https://tvseriesfinale.com/tv-show/brooklyn-nine-nine-season-five-ratings/,https://docs.google.com/spreadsheets/d/1ftMGnLJFFncsXKJ6saeTkxhdfa23cittfFA2Z2rVogM/pubhtml/sheet?headers=false&gid=2142618813&range=A1%3Ah100
brooklyn nine nine,season six,https://tvseriesfinale.com/tv-show/brooklyn-nine-nine-season-six-ratings/,https://docs.google.com/spreadsheets/d/1xFhCp0TeNw3qt7L-sjT6GVG1Fq3rxa3v6tGV_EhW0Bc/pubhtml/sheet?headers=false&gid=1229127634&range=A1%3Ah100
brooklyn nine nine,season seven,https://tvseriesfinale.com/tv-show/brooklyn-nine-nine-season-seven-ratings/,https://docs.google.com/spreadsheets/d/e/2PACX-1vRtVj2UE-OnOA12xp1fNuzjlRH3leED-mA5SsVYu5siarlfm8OVy5EHBpyoUlI9ICBIQzZ2hnLviUro/pubhtml/sheet?headers=false&gid=44361714&range=A1%3Ah100
brooklyn nine nine,season eight,https://tvseriesfinale.com/tv-show/brooklyn-nine-nine-season-eight-ratings/,https://docs.google.com/spreadsheets/d/10un34Z5y-n7KeT3gb_7cpWX7fhoO90wr1mlus7eRKcs/pubhtml/sheet?headers=false&gid=789832983&range=A1%3Ah100
buddy games,season one,https://tvseriesfinale.com/tv-show/buddy-games-season-one-ratings/,https://docs.google.com/spreadsheets/d/1Ii2QZoWwUROqd4TnVe05t4fNPdqfeER4kQIpqwyDIs4/pubhtml/sheet?headers=false&gid=592818935&range=A1%3Ah100
bull,season two,https://tvseriesfinale.com/tv-show/bull-season-two-ratings/,https://docs.google.com/spreadsheets/d/e/2PACX-1vT3vh7mmYQQq1m3g7KQMsmlr1cEvnVRX6aVWRwp6JU7F2hy06mf_irW7uwbTdww_G47LBmS64qNTLkG/pubhtml/sheet?headers=false&gid=2008655876&range=A1%3Ah100
bull,season three,https://tvseriesfinale.com/tv-show/bull-season-three-ratings/,https://docs.google.com/spreadsheets/d/1qlYGtdgF6N3UIJArkhteiD8B0zo8akewHTR0Jd_ceOE/pubhtml/sheet?headers=false&gid=2008655876&range=A1%3Ah100
bull,season four,https://tvseriesfinale.com/tv-show/bull-season-four-ratings/,https://docs.google.com/spreadsheets/d/e/2PACX-1vT0r9Z1zIFp1HCpQK8PJDq8yeZzWrPf8e5BhFbpOvRROSxNyF6FMc5WC4jKRtnUWwnK66Gam6BNkEHI/pubhtml/sheet?headers=false&gid=1943695252&range=A1%3Ah100
bull,season five,https://tvseriesfinale.com/tv-show/bull-season-five-ratings/,https://docs.google.com/spreadsheets/d/1dBByBwNRkBxn64JkURCCBbkdekn50VAxa3AfH7pZK04/pubhtml/sheet?headers=false&gid=1941511613&range=A1%3Ah100
bull,season six,https://tvseriesfinale.com/tv-show/bull-season-six-ratings/,https://docs.google.com/spreadsheets/d/1gPmjJd_L8Sp9Vp5qI5sfS69ztHiav5B4fFPrTOSmVMs/pubhtml/sheet?headers=false&gid=256958691&range=A1%3Ah100
bulletproof,season one,https://tvseriesfinale.com/tv-show/bulletproof-season-one-ratings/,https://docs.google.com/spreadsheets/d/1T-eDbU4WnVnGczaTUc9X91683hE7PYpTtpap48tpnu0/pubhtml/sheet?headers=false&gid=1984153479&range=A1%3Ah100
bulletproof,season two,https://tvseriesfinale.com/tv-show/bulletproof-season-two-ratings/,https://docs.google.com/spreadsheets/d/e/2PACX-1vTaD6uAv0rMyqOLpklP9QmMHlz3gUaKkf5kYVM3nDXbIBys2LKIkvfed1zv-22RJpYtZtcw1rvPd5ws/pubhtml/sheet?headers=false&gid=478368718&range=A1%3Ah100
bulletproof,season three,https://tvseriesfinale.com/tv-show/bulletproof-season-three-ratings/,https://docs.google.com/spreadsheets/d/1UtKbmbo-TrCU00937XlBHCPgAR5Wx5fyu7YHrmiDjZQ/pubhtml/sheet?headers=false&gid=932750441&range=A1%3Ah100
bump,season one,https://tvseriesfinale.com/tv-show/bump-season-one-ratings/,https://docs.google.com/spreadsheets/d/1MiOE1bCf6lKNJCpNpvXIAZYYbPo5_BfTqqGbsG9ENo8/pubhtml/sheet?headers=false&gid=302868868&range=A1%3Ah100
bump,season two,https://tvseriesfinale.com/tv-show/bump-season-two-ratings/,https://docs.google.com/spreadsheets/d/1qwTMXm7xEOvj2UJCK2EP9eCl3-calTWTXMXFx6_z1oA/pubhtml/sheet?headers=false&gid=839252124&range=A1%3Ah100
burden of truth,season one,https://tvseriesfinale.com/tv-show/burden-of-truth-season-one-ratings/,https://docs.google.com/spreadsheets/d/e/2PACX-1vR_SBz9FDKyY15XKRCf_Vpm1tJXCnrieAa2957aRG1B9OPPcaQGfv4n1m4kjsCVCZGH29aYvTeDUaiS/pubhtml/sheet?headers=false&gid=122671728&range=A1%3AH40
burden of truth,season two,https://tvseriesfinale.com/tv-show/burden-of-truth-season-two-ratings/,https://docs.google.com/spreadsheets/d/1T-eDbU4WnVnGczaTUc9X91683hE7PYpTtpap48tpnu0/pubhtml/sheet?headers=false&gid=147404825&range=A1%3Ah100
burden of truth,season three,https://tvseriesfinale.com/tv-show/burden-of-truth-season-three-ratings/,https://docs.google.com/spreadsheets/d/e/2PACX-1vTaD6uAv0rMyqOLpklP9QmMHlz3gUaKkf5kYVM3nDXbIBys2LKIkvfed1zv-22RJpYtZtcw1rvPd5ws/pubhtml/sheet?headers=false&gid=1620887821&range=A1%3Ah100
burden of truth,season four,https://tvseriesfinale.com/tv-show/burden-of-truth-season-four-ratings/,https://docs.google.com/spreadsheets/d/1UtKbmbo-TrCU00937XlBHCPgAR5Wx5fyu7YHrmiDjZQ/pubhtml/sheet?headers=false&gid=258004350&range=A1%3Ah100
call me kat,season one,https://tvseriesfinale.com/tv-show/call-me-kat-season-one-ratings/,https://docs.google.com/spreadsheets/d/1um1vJjK_QbewPMm0sO1CczrrgO2FDmtjdN74LteZN7g/pubhtml/sheet?headers=false&gid=403872128&range=A1%3Ah100
call me kat,season two,https://tvseriesfinale.com/tv-show/call-me-kat-season-two-ratings/,https://docs.google.com/spreadsheets/d/1PlugKIBMoFJpsdg8AZIYiS56GA8u5BxmNnpQ5v0wx1Q/pubhtml/sheet?headers=false&gid=616727166&range=A1%3Ah100
call me kat,season three,https://tvseriesfinale.com/tv-show/call-me-kat-season-three-ratings/,https://docs.google.com/spreadsheets/d/1bCcF_doylXV5Q45d8vITOJBvhw6a3YcB2aJApWPLCGw/pubhtml/sheet?headers=false&gid=661266411&range=A1%3Ah100
call your mother,season one,https://tvseriesfinale.com/tv-show/call-your-mother-season-one-ratings/,https://docs.google.com/spreadsheets/d/1NS9t3Pv-5_wq_fCkMbQDlf0scWZ_TYTsLp38Z8jaw_M/pubhtml/sheet?headers=false&gid=1515583196&range=A1%3Ah100
call me kat,season two,https://tvseriesfinale.com/tv-show/call-me-kat-season-two-ratings/,https://docs.google.com/spreadsheets/d/1PlugKIBMoFJpsdg8AZIYiS56GA8u5BxmNnpQ5v0wx1Q/pubhtml/sheet?headers=false&gid=616727166&range=A1%3Ah100
camping,season one,https://tvseriesfinale.com/tv-show/camping-season-one-ratings/,https://docs.google.com/spreadsheets/d/1QU8U82xgr8GURmJc3eR0Y4w7ppxwfNsp6dhPnzcs4bw/pubhtml/sheet?headers=false&gid=1253493762&range=A1%3AG19&output=html&rm=minimal
candy crush,season one,https://tvseriesfinale.com/tv-show/candy-crush-season-one-ratings/,https://docs.google.com/spreadsheets/d/1Ub6cOIe00Wo4XJdKk3yPaVemFqvLqQghNx37sCpoMZM/pubhtml/sheet?headers=false&gid=2019110745&range=A1%3Ah100
capital one college bowl,season one,https://tvseriesfinale.com/tv-show/capital-one-college-bowl-season-one-ratings/,https://docs.google.com/spreadsheets/d/10un34Z5y-n7KeT3gb_7cpWX7fhoO90wr1mlus7eRKcs/pubhtml/sheet?headers=false&gid=1802358042&range=A1%3Ah100
capital one college bowl,season two,https://tvseriesfinale.com/tv-show/capital-one-college-bowl-season-two-ratings/,https://docs.google.com/spreadsheets/d/1ma3sMDxK-aUwyuz2kB8gMyf1goAcW9mqosbWSlLHEcg/pubhtml/sheet?headers=false&gid=426154000&range=A1%3Ah100
card sharks,season one,https://tvseriesfinale.com/tv-show/card-sharks-season-one-ratings/,https://docs.google.com/spreadsheets/d/1Z54g0izrymDxV0QDkwOGE9auYHrCu-FTYNpPDykzPJ8/pubhtml/sheet?headers=false&gid=172462532&range=A1%3Ah100
card sharks,season two,https://tvseriesfinale.com/tv-show/card-sharks-season-two-ratings/,https://docs.google.com/spreadsheets/d/1NS9t3Pv-5_wq_fCkMbQDlf0scWZ_TYTsLp38Z8jaw_M/pubhtml/sheet?headers=false&gid=1508051779&range=A1%3Ah100
carmichael show,season three,https://tvseriesfinale.com/tv-show/carmichael-show-season-three-ratings/,https://docs.google.com/spreadsheets/d/1EJ3FkRtr5NpRjuRFfdwm30sttYn4sLEgjJ8Wcl6XObU/pubhtml/sheet?headers=false&gid=1570624106&range=A1%3Ah100
carols second act,season one,https://tvseriesfinale.com/tv-show/carols-second-act-season-one-ratings/,https://docs.google.com/spreadsheets/d/e/2PACX-1vT0r9Z1zIFp1HCpQK8PJDq8yeZzWrPf8e5BhFbpOvRROSxNyF6FMc5WC4jKRtnUWwnK66Gam6BNkEHI/pubhtml/sheet?headers=false&gid=1654158380&range=A1%3Ah100
carter,season two,https://tvseriesfinale.com/tv-show/carter-season-two-ratings/,https://docs.google.com/spreadsheets/d/129eqLCyiVuDQ8IavabLOV1GoGpbN9__mBkc87QNSLfk/pubhtml/sheet?headers=false&gid=628416334&range=A1:G120
castaways,season one,https://tvseriesfinale.com/tv-show/castaways-season-one-ratings/,https://docs.google.com/spreadsheets/d/e/2PACX-1vTlE5lTHpAmKbEOIFMoMB5xW95pIvYxFgcblbWzKL4ZDLRBAVL3Bt3WtXzA65dzsHZXuOrwhIXlQOfq/pubhtml/sheet?headers=false&gid=198687192&range=A1%3Ah100
the catch,season two,https://tvseriesfinale.com/tv-show/the-catch-season-two-ratings/,https://docs.google.com/spreadsheets/d/1ToHTY-SGH1wLEo31kKz9TOE5PsdpBE20kqtr1BhJBVA/pubhtml/sheet?headers=false&gid=1999630135&range=A1%3Ah100
cb strike,season one,https://tvseriesfinale.com/tv-show/cb-strike-season-one-ratings/,"https://docs.google.com/spreadsheets/d/1cg4Jg0ic8YiLthke5JlF8Fobzk-6LAGkBt9SDz2q9D8/pubhtml/sheet?headers=false&gid=1047130530&range=A1%3AG46&output=html&rm=minimal"""
cbsn on assignment,season one,https://tvseriesfinale.com/tv-show/cbsn-on-assignment-season-one-ratings/,https://docs.google.com/spreadsheets/d/1Ub6cOIe00Wo4XJdKk3yPaVemFqvLqQghNx37sCpoMZM/pubhtml/sheet?headers=false&gid=1705913446&range=A1%3Ah100
new celebrity apprentice,season eight,https://tvseriesfinale.com/tv-show/new-celebrity-apprentice-season-eight-ratings/,https://docs.google.com/spreadsheets/d/1EJ3FkRtr5NpRjuRFfdwm30sttYn4sLEgjJ8Wcl6XObU/pubhtml/sheet?headers=false&gid=299468330&range=A1%3Ag100
the celebrity dating game,season one,https://tvseriesfinale.com/tv-show/the-celebrity-dating-game-season-one-ratings/,https://docs.google.com/spreadsheets/d/1NS9t3Pv-5_wq_fCkMbQDlf0scWZ_TYTsLp38Z8jaw_M/pubhtml/sheet?headers=false&gid=1910728360&range=A1%3Ah100
celebrity family feud,season two,https://tvseriesfinale.com/tv-show/celebrity-family-feud-season-two-ratings/,https://docs.google.com/spreadsheets/d/1fDDhVVuLxhWiZYf0rhHouQreu36bCgk6gBcUzJONvaw/pubhtml/sheet?headers=false&gid=1487839118&range=A1%3Ah30
celebrity family feud,season three,https://tvseriesfinale.com/tv-show/celebrity-family-feud-season-three-ratings/,https://docs.google.com/spreadsheets/d/1ToHTY-SGH1wLEo31kKz9TOE5PsdpBE20kqtr1BhJBVA/pubhtml/sheet?headers=false&gid=787151938&range=A1%3Ah100
celebrity family feud,season four,https://tvseriesfinale.com/tv-show/celebrity-family-feud-season-four-ratings/,https://docs.google.com/spreadsheets/d/e/2PACX-1vTlE5lTHpAmKbEOIFMoMB5xW95pIvYxFgcblbWzKL4ZDLRBAVL3Bt3WtXzA65dzsHZXuOrwhIXlQOfq/pubhtml/sheet?headers=false&gid=1161190277&range=A1%3Ah100
celebrity family feud,season five,https://tvseriesfinale.com/tv-show/celebrity-family-feud-season-five-ratings/,https://docs.google.com/spreadsheets/d/1Z54g0izrymDxV0QDkwOGE9auYHrCu-FTYNpPDykzPJ8/pubhtml/sheet?headers=false&gid=1881998521&range=A1%3Ah100
celebrity family feud,season six,https://tvseriesfinale.com/tv-show/celebrity-family-feud-season-six-ratings/,https://docs.google.com/spreadsheets/d/e/2PACX-1vTrXdDjlQ_DsAe7hNjPK48UpmMYmbZE2_I1S3x0frJJbOh448s7NI2vSBYNr_z6DgMwoksah-NZBkKB/pubhtml/sheet?headers=false&gid=1917538806&range=A1%3Ah100
celebrity family feud,season seven,https://tvseriesfinale.com/tv-show/celebrity-family-feud-season-seven-ratings/,https://docs.google.com/spreadsheets/d/1NS9t3Pv-5_wq_fCkMbQDlf0scWZ_TYTsLp38Z8jaw_M/pubhtml/sheet?headers=false&gid=2000202299&range=A1%3Ah100
celebrity family feud,season eight,https://tvseriesfinale.com/tv-show/celebrity-family-feud-season-eight-ratings/,https://docs.google.com/spreadsheets/d/1UHVhAstyDVbA_72wuwSMX7TAPuO4Z_5sX1xbcmNjr2s/pubhtml/sheet?headers=false&gid=570078532&range=A1%3Ah100
celebrity family feud,season nine,https://tvseriesfinale.com/tv-show/celebrity-family-feud-season-nine-ratings/,https://docs.google.com/spreadsheets/d/1yWN1t7MlPk9jroVeTgGH5-U5sp5XVcZJclGsrnyl5bI/pubhtml/sheet?headers=false&gid=404285359&range=A1%3Ah100
celebrity jeopardy,season one,https://tvseriesfinale.com/tv-show/celebrity-jeopardy-season-one-ratings/,https://docs.google.com/spreadsheets/d/1yWN1t7MlPk9jroVeTgGH5-U5sp5XVcZJclGsrnyl5bI/pubhtml/sheet?headers=false&gid=1072288396&range=A1%3Ah100
celebrity jeopardy,season two,https://tvseriesfinale.com/tv-show/celebrity-jeopardy-season-two-ratings/,https://docs.google.com/spreadsheets/d/15KTevMXvt9KrUmg0EAioSoNjNmhfRebf0-72WnZYlK8/pubhtml/sheet?headers=false&gid=1232574624&range=A1%3Ah100
celebrity watch party,season one,https://tvseriesfinale.com/tv-show/celebrity-watch-party-season-one-ratings/,https://docs.google.com/spreadsheets/d/e/2PACX-1vRmoC8hQFbZMNtUzmwwjsO_0gIf7KnWMgEOC-2a4Bh_rCX1LCdAm6b-BWNfoIlttnPf2iy_4KQj0eFo/pubhtml/sheet?headers=false&gid=1311039204&range=A1%3Ah100
celebrity wheel of fortune,season one,https://tvseriesfinale.com/tv-show/celebrity-wheel-of-fortune-season-one-ratings/,https://docs.google.com/spreadsheets/d/1NS9t3Pv-5_wq_fCkMbQDlf0scWZ_TYTsLp38Z8jaw_M/pubhtml/sheet?headers=false&gid=1486723548&range=A1%3Ah100
celebrity wheel of fortune,season two,https://tvseriesfinale.com/tv-show/celebrity-wheel-of-fortune-season-two-ratings/,https://docs.google.com/spreadsheets/d/1UHVhAstyDVbA_72wuwSMX7TAPuO4Z_5sX1xbcmNjr2s/pubhtml/sheet?headers=false&gid=215068682&range=A1%3Ah100
celebrity wheel of fortune,season three,https://tvseriesfinale.com/tv-show/celebrity-wheel-of-fortune-season-three-ratings/,https://docs.google.com/spreadsheets/d/1yWN1t7MlPk9jroVeTgGH5-U5sp5XVcZJclGsrnyl5bI/pubhtml/sheet?headers=false&gid=1216158097&range=A1%3Ah100
celebrity wheel of fortune,season four,https://tvseriesfinale.com/tv-show/celebrity-wheel-of-fortune-season-four-ratings/,https://docs.google.com/spreadsheets/d/15KTevMXvt9KrUmg0EAioSoNjNmhfRebf0-72WnZYlK8/pubhtml/sheet?headers=false&gid=32191017&range=A1%3Ah100
chad,season one,https://tvseriesfinale.com/tv-show/chad-season-one-ratings/,https://docs.google.com/spreadsheets/d/1eh7nTgIxbi8a9fuPk03eCgyj472TxoA3NMIrNcySQb8/pubhtml/sheet?headers=false&gid=241881148&range=A1%3AG100
the challenge usa,season one,https://tvseriesfinale.com/tv-show/the-challenge-usa-season-one-ratings/,https://docs.google.com/spreadsheets/d/1gPmjJd_L8Sp9Vp5qI5sfS69ztHiav5B4fFPrTOSmVMs/pubhtml/sheet?headers=false&gid=775966834&range=A1%3Ah100
the challenge usa,season two,https://tvseriesfinale.com/tv-show/the-challenge-usa-season-two-ratings/,https://docs.google.com/spreadsheets/d/1_sakYamJH4LVbbDwVcQ-b6tvhOWWTnOVbh4nIqrMlVM/pubhtml/sheet?headers=false&gid=2126672757&range=A1%3Ah100
champions,season one,https://tvseriesfinale.com/tv-show/champions-season-one-ratings/,https://docs.google.com/spreadsheets/d/e/2PACX-1vSbDlv8pGgTvsiGGgnQ0icBwo7pLFDRo4Jd9SNGQp2UVAXALuO-q0ukrsBaa2PvdfaDG7yK8Z-15Ldp/pubhtml/sheet?headers=false&gid=92056231&range=A1%3Ah100
charmed,season one,https://tvseriesfinale.com/tv-show/charmed-season-one-ratings/,https://docs.google.com/spreadsheets/d/1T-eDbU4WnVnGczaTUc9X91683hE7PYpTtpap48tpnu0/pubhtml/sheet?headers=false&gid=1680384311&range=A1%3Ah100
charmed,season two,https://tvseriesfinale.com/tv-show/charmed-season-two-ratings/,https://docs.google.com/spreadsheets/d/e/2PACX-1vTaD6uAv0rMyqOLpklP9QmMHlz3gUaKkf5kYVM3nDXbIBys2LKIkvfed1zv-22RJpYtZtcw1rvPd5ws/pubhtml/sheet?headers=false&gid=398817653&range=A1%3Ah100
charmed,season three,https://tvseriesfinale.com/tv-show/charmed-season-three-ratings/,https://docs.google.com/spreadsheets/d/1UtKbmbo-TrCU00937XlBHCPgAR5Wx5fyu7YHrmiDjZQ/pubhtml/sheet?headers=false&gid=736951420&range=A1%3Ah100
charmed,season four,https://tvseriesfinale.com/tv-show/charmed-season-four-ratings/,https://docs.google.com/spreadsheets/d/1MiOE1bCf6lKNJCpNpvXIAZYYbPo5_BfTqqGbsG9ENo8/pubhtml/sheet?headers=false&gid=1077885884&range=A1%3Ah100
the chase,season one,https://tvseriesfinale.com/tv-show/the-chase-season-one-ratings/,https://docs.google.com/spreadsheets/d/1NS9t3Pv-5_wq_fCkMbQDlf0scWZ_TYTsLp38Z8jaw_M/pubhtml/sheet?headers=false&gid=1842971130&range=A1%3Ah100
the chase,season two,https://tvseriesfinale.com/tv-show/the-chase-season-two-ratings/,https://docs.google.com/spreadsheets/d/1NS9t3Pv-5_wq_fCkMbQDlf0scWZ_TYTsLp38Z8jaw_M/pubhtml/sheet?headers=false&gid=1945534071&range=A1%3Ah100
the chase,season three,https://tvseriesfinale.com/tv-show/the-chase-season-three-ratings/,https://docs.google.com/spreadsheets/d/1UHVhAstyDVbA_72wuwSMX7TAPuO4Z_5sX1xbcmNjr2s/pubhtml/sheet?headers=false&gid=1418393675&range=A1%3Ah100
cherries wild,season one,https://tvseriesfinale.com/tv-show/cherries-wild-season-one-ratings/,https://docs.google.com/spreadsheets/d/1um1vJjK_QbewPMm0sO1CczrrgO2FDmtjdN74LteZN7g/pubhtml/sheet?headers=false&gid=767525036&range=A1%3Ah100
cherish the day,season one,https://tvseriesfinale.com/tv-show/cherish-the-day-season-one-ratings/,https://docs.google.com/spreadsheets/d/1Ew4e9wBK4P_eX68Vqc7EDEwaUJZDWr7OTJyGvD8Y5Jc/pubhtml/sheet?headers=false&gid=1122161800&range=A1%3AH52&output=html&rm=minimal
cherish the day,season two,https://tvseriesfinale.com/tv-show/cherish-the-day-season-two-ratings/,https://docs.google.com/spreadsheets/d/1Ew4e9wBK4P_eX68Vqc7EDEwaUJZDWr7OTJyGvD8Y5Jc/pubhtml/sheet?headers=false&gid=1492953794&range=A1%3AH52&output=html&rm=minimal
chesapeake shores,season two,https://tvseriesfinale.com/tv-show/chesapeake-shores-season-two-ratings/,https://docs.google.com/spreadsheets/d/17JrV91J8N2EP5exIKuQv_yhgMU9u6MB2thgb1_N1s08/pubhtml/sheet?headers=false&gid=87548177&range=A1%3AG19&output=html&rm=minimal
chesapeake shores,season three,https://tvseriesfinale.com/tv-show/chesapeake-shores-season-three-ratings/,https://docs.google.com/spreadsheets/d/17JrV91J8N2EP5exIKuQv_yhgMU9u6MB2thgb1_N1s08/pubhtml/sheet?headers=false&gid=1177253978&range=A1%3AG19&output=html&rm=minimal
chesapeake shores,season four,https://tvseriesfinale.com/tv-show/chesapeake-shores-season-four-ratings/,https://docs.google.com/spreadsheets/d/17JrV91J8N2EP5exIKuQv_yhgMU9u6MB2thgb1_N1s08/pubhtml/sheet?headers=false&gid=361880951&range=A1%3AG19&output=html&rm=minimal
chesapeake shores,season five,https://tvseriesfinale.com/tv-show/chesapeake-shores-season-five-ratings/,https://docs.google.com/spreadsheets/d/17JrV91J8N2EP5exIKuQv_yhgMU9u6MB2thgb1_N1s08/pubhtml/sheet?headers=false&gid=453445341&range=A1%3AG19&output=html&rm=minimal
chesapeake shores,season six,https://tvseriesfinale.com/tv-show/chesapeake-shores-season-six-ratings/,https://docs.google.com/spreadsheets/d/17JrV91J8N2EP5exIKuQv_yhgMU9u6MB2thgb1_N1s08/pubhtml/sheet?headers=false&gid=2050139078&range=A1%3AG39&output=html&rm=minimal
chi,season one,https://tvseriesfinale.com/tv-show/chi-season-one-ratings/,https://docs.google.com/spreadsheets/d/13_jTGvVcJocGGMZhhC2fdGIsx1znj_LvslHru7vALRA/pubhtml/sheet?headers=false&gid=1415279001&range=A1%3AG100
the chi,season two,https://tvseriesfinale.com/tv-show/the-chi-season-two-ratings/,https://docs.google.com/spreadsheets/d/13_jTGvVcJocGGMZhhC2fdGIsx1znj_LvslHru7vALRA/pubhtml/sheet?headers=false&gid=321503541&range=A1%3AG100
the chi,season three,https://tvseriesfinale.com/tv-show/the-chi-season-three-ratings/,https://docs.google.com/spreadsheets/d/13_jTGvVcJocGGMZhhC2fdGIsx1znj_LvslHru7vALRA/pubhtml/sheet?headers=false&gid=1499115829&range=A1%3AG100
the chi,season four,https://tvseriesfinale.com/tv-show/the-chi-season-four-ratings/,https://docs.google.com/spreadsheets/d/13_jTGvVcJocGGMZhhC2fdGIsx1znj_LvslHru7vALRA/pubhtml/sheet?headers=false&gid=1422168116&range=A1%3AG100
the chi,season five,https://tvseriesfinale.com/tv-show/the-chi-season-five-ratings/,https://docs.google.com/spreadsheets/d/13_jTGvVcJocGGMZhhC2fdGIsx1znj_LvslHru7vALRA/pubhtml/sheet?headers=false&gid=1632008944&range=A1%3AG100
the chi,season six,https://tvseriesfinale.com/tv-show/the-chi-season-six-ratings/,https://docs.google.com/spreadsheets/d/13_jTGvVcJocGGMZhhC2fdGIsx1znj_LvslHru7vALRA/pubhtml/sheet?headers=false&gid=1179719467&range=A1%3AG100
chicago fire,season six,https://tvseriesfinale.com/tv-show/chicago-fire-season-six-ratings/,https://docs.google.com/spreadsheets/d/e/2PACX-1vSbDlv8pGgTvsiGGgnQ0icBwo7pLFDRo4Jd9SNGQp2UVAXALuO-q0ukrsBaa2PvdfaDG7yK8Z-15Ldp/pubhtml/sheet?headers=false&gid=1703274589&range=A1%3Ah100
chicago fire,season seven,https://tvseriesfinale.com/tv-show/chicago-fire-season-seven-ratings/,https://docs.google.com/spreadsheets/d/1xFhCp0TeNw3qt7L-sjT6GVG1Fq3rxa3v6tGV_EhW0Bc/pubhtml/sheet?headers=false&gid=1703274589&range=A1%3Ah100
chicago fire,season eight,https://tvseriesfinale.com/tv-show/chicago-fire-season-eight-ratings/,https://docs.google.com/spreadsheets/d/e/2PACX-1vRtVj2UE-OnOA12xp1fNuzjlRH3leED-mA5SsVYu5siarlfm8OVy5EHBpyoUlI9ICBIQzZ2hnLviUro/pubhtml/sheet?headers=false&gid=1187837968&range=A1%3Ah100
chicago fire,season nine,https://tvseriesfinale.com/tv-show/chicago-fire-season-nine-ratings/,https://docs.google.com/spreadsheets/d/10un34Z5y-n7KeT3gb_7cpWX7fhoO90wr1mlus7eRKcs/pubhtml/sheet?headers=false&gid=583231812&range=A1%3Ah100
chicago fire,season 10,https://tvseriesfinale.com/tv-show/chicago-fire-season-10-ratings/,https://docs.google.com/spreadsheets/d/1HyhsoErv-gaQ6jE5tzO_Ax6r5ouKVGm3nNLcv74jPYY/pubhtml/sheet?headers=false&gid=316362244&range=A1%3Ah100
chicago fire,season 11,https://tvseriesfinale.com/tv-show/chicago-fire-season-11-ratings/,https://docs.google.com/spreadsheets/d/1ma3sMDxK-aUwyuz2kB8gMyf1goAcW9mqosbWSlLHEcg/pubhtml/sheet?headers=false&gid=1541351595&range=A1%3Ah100
chicago fire,season 12,https://tvseriesfinale.com/tv-show/chicago-fire-season-12-ratings/,https://docs.google.com/spreadsheets/d/1ulFHD6XOdDbGfOjxn7oY7g5VbYqBaQ4f5x74oABSSnE/pubhtml/sheet?headers=false&gid=1677591193&range=A1%3Ah100
chicago justice,season one,https://tvseriesfinale.com/tv-show/chicago-justice-season-one-ratings/,https://docs.google.com/spreadsheets/d/1EJ3FkRtr5NpRjuRFfdwm30sttYn4sLEgjJ8Wcl6XObU/pubhtml/sheet?headers=false&gid=121333250&range=A1%3Ah100
chicago med,season three,https://tvseriesfinale.com/tv-show/chicago-med-season-three-ratings/,https://docs.google.com/spreadsheets/d/e/2PACX-1vSbDlv8pGgTvsiGGgnQ0icBwo7pLFDRo4Jd9SNGQp2UVAXALuO-q0ukrsBaa2PvdfaDG7yK8Z-15Ldp/pubhtml/sheet?headers=false&gid=1200406290&range=A1%3Ah100
chicago med,season four,https://tvseriesfinale.com/tv-show/chicago-med-season-four-ratings/,https://docs.google.com/spreadsheets/d/1xFhCp0TeNw3qt7L-sjT6GVG1Fq3rxa3v6tGV_EhW0Bc/pubhtml/sheet?headers=false&gid=1200406290&range=A1%3Ah100
chicago med,season five,https://tvseriesfinale.com/tv-show/chicago-med-season-five-ratings/,https://docs.google.com/spreadsheets/d/e/2PACX-1vRtVj2UE-OnOA12xp1fNuzjlRH3leED-mA5SsVYu5siarlfm8OVy5EHBpyoUlI9ICBIQzZ2hnLviUro/pubhtml/sheet?headers=false&gid=1397683623&range=A1%3Ah100
chicago med,season six,https://tvseriesfinale.com/tv-show/chicago-med-season-six-ratings/,https://docs.google.com/spreadsheets/d/10un34Z5y-n7KeT3gb_7cpWX7fhoO90wr1mlus7eRKcs/pubhtml/sheet?headers=false&gid=1869860506&range=A1%3Ah100
chicago med,season seven,https://tvseriesfinale.com/tv-show/chicago-med-season-seven-ratings/,https://docs.google.com/spreadsheets/d/1HyhsoErv-gaQ6jE5tzO_Ax6r5ouKVGm3nNLcv74jPYY/pubhtml/sheet?headers=false&gid=110836926&range=A1%3Ah100
chicago med,season eight,https://tvseriesfinale.com/tv-show/chicago-med-season-eight-ratings/,https://docs.google.com/spreadsheets/d/1ma3sMDxK-aUwyuz2kB8gMyf1goAcW9mqosbWSlLHEcg/pubhtml/sheet?headers=false&gid=1464527453&range=A1%3Ah100
chicago med,season nine,https://tvseriesfinale.com/tv-show/chicago-med-season-nine-ratings/,https://docs.google.com/spreadsheets/d/1ulFHD6XOdDbGfOjxn7oY7g5VbYqBaQ4f5x74oABSSnE/pubhtml/sheet?headers=false&gid=1886924926&range=A1%3Ah100
chicago pd,season four,https://tvseriesfinale.com/tv-show/chicago-pd-season-four-ratings/,https://docs.google.com/spreadsheets/d/1EJ3FkRtr5NpRjuRFfdwm30sttYn4sLEgjJ8Wcl6XObU/pubhtml/sheet?headers=false&gid=730694124&range=A1%3Ag100
chicago pd,season five,https://tvseriesfinale.com/tv-show/chicago-pd-season-five-ratings/,https://docs.google.com/spreadsheets/d/e/2PACX-1vSbDlv8pGgTvsiGGgnQ0icBwo7pLFDRo4Jd9SNGQp2UVAXALuO-q0ukrsBaa2PvdfaDG7yK8Z-15Ldp/pubhtml/sheet?headers=false&gid=1242626466&range=A1%3Ah100
chicago pd,season six,https://tvseriesfinale.com/tv-show/chicago-pd-season-six-ratings/,https://docs.google.com/spreadsheets/d/1xFhCp0TeNw3qt7L-sjT6GVG1Fq3rxa3v6tGV_EhW0Bc/pubhtml/sheet?headers=false&gid=1242626466&range=A1%3Ah100
chicago pd,season seven,https://tvseriesfinale.com/tv-show/chicago-pd-season-seven-ratings/,https://docs.google.com/spreadsheets/d/e/2PACX-1vRtVj2UE-OnOA12xp1fNuzjlRH3leED-mA5SsVYu5siarlfm8OVy5EHBpyoUlI9ICBIQzZ2hnLviUro/pubhtml/sheet?headers=false&gid=154890253&range=A1%3Ah100
chicago pd,season eight,https://tvseriesfinale.com/tv-show/chicago-pd-season-eight-ratings/,https://docs.google.com/spreadsheets/d/10un34Z5y-n7KeT3gb_7cpWX7fhoO90wr1mlus7eRKcs/pubhtml/sheet?headers=false&gid=101618071&range=A1%3Ah100
chicago pd,season nine,https://tvseriesfinale.com/tv-show/chicago-pd-season-nine-ratings/,https://docs.google.com/spreadsheets/d/1HyhsoErv-gaQ6jE5tzO_Ax6r5ouKVGm3nNLcv74jPYY/pubhtml/sheet?headers=false&gid=1569244840&range=A1%3Ah100
chicago pd,season 10,https://tvseriesfinale.com/tv-show/chicago-pd-season-10-ratings/,https://docs.google.com/spreadsheets/d/1ma3sMDxK-aUwyuz2kB8gMyf1goAcW9mqosbWSlLHEcg/pubhtml/sheet?headers=false&gid=1642218240&range=A1%3Ah100
chicago pd,season 11,https://tvseriesfinale.com/tv-show/chicago-pd-season-11-ratings/,https://docs.google.com/spreadsheets/d/1ulFHD6XOdDbGfOjxn7oY7g5VbYqBaQ4f5x74oABSSnE/pubhtml/sheet?headers=false&gid=1368563814&range=A1%3Ah100
child support,season one,https://tvseriesfinale.com/tv-show/child-support-season-one-ratings/,https://docs.google.com/spreadsheets/d/e/2PACX-1vTlE5lTHpAmKbEOIFMoMB5xW95pIvYxFgcblbWzKL4ZDLRBAVL3Bt3WtXzA65dzsHZXuOrwhIXlQOfq/pubhtml/sheet?headers=false&gid=375917076&range=A1%3Ah100
children ruin everything,season one,https://tvseriesfinale.com/tv-show/children-ruin-everything-season-one-ratings/,https://docs.google.com/spreadsheets/d/1qwTMXm7xEOvj2UJCK2EP9eCl3-calTWTXMXFx6_z1oA/pubhtml/sheet?headers=false&gid=202029990&range=A1%3Ah100
children ruin everything,season two,https://tvseriesfinale.com/tv-show/children-ruin-everything-season-two-ratings/,https://docs.google.com/spreadsheets/d/1VOF9EearmNFEo8w6vHiQipNNQVkvI529Yr3CG1qfSnQ/pubhtml/sheet?headers=false&gid=961071712&range=A1%3Ah100
children ruin everything,season three,https://tvseriesfinale.com/tv-show/children-ruin-everything-season-three-ratings/,https://docs.google.com/spreadsheets/d/1VOF9EearmNFEo8w6vHiQipNNQVkvI529Yr3CG1qfSnQ/pubhtml/sheet?headers=false&gid=997973502&range=A1%3Ah100
the chosen,season one,https://tvseriesfinale.com/tv-show/the-chosen-season-one-ratings/,https://docs.google.com/spreadsheets/d/1qwTMXm7xEOvj2UJCK2EP9eCl3-calTWTXMXFx6_z1oA/pubhtml/sheet?headers=false&gid=636701132&range=A1%3Ah100
the chosen,season two,https://tvseriesfinale.com/tv-show/the-chosen-season-two-ratings/,https://docs.google.com/spreadsheets/d/1VOF9EearmNFEo8w6vHiQipNNQVkvI529Yr3CG1qfSnQ/pubhtml/sheet?headers=false&gid=1219567482&range=A1%3Ah100
the chosen,season three,https://tvseriesfinale.com/tv-show/the-chosen-season-three-ratings/,https://docs.google.com/spreadsheets/d/1VOF9EearmNFEo8w6vHiQipNNQVkvI529Yr3CG1qfSnQ/pubhtml/sheet?headers=false&gid=1876762243&range=A1%3Ah100
the christmas caroler challenge,season one,https://tvseriesfinale.com/tv-show/the-christmas-caroler-challenge-season-one-ratings/,https://docs.google.com/spreadsheets/d/e/2PACX-1vTaD6uAv0rMyqOLpklP9QmMHlz3gUaKkf5kYVM3nDXbIBys2LKIkvfed1zv-22RJpYtZtcw1rvPd5ws/pubhtml/sheet?headers=false&gid=115846953&range=A1%3Ah100
the christmas caroler challenge,season two,https://tvseriesfinale.com/tv-show/the-christmas-caroler-challenge-season-two-ratings/,https://docs.google.com/spreadsheets/d/1UtKbmbo-TrCU00937XlBHCPgAR5Wx5fyu7YHrmiDjZQ/pubhtml/sheet?headers=false&gid=2090860688&range=A1%3Ah100
chucky,season one,https://tvseriesfinale.com/tv-show/chucky-season-one-ratings/,https://docs.google.com/spreadsheets/d/14IMssfgFsz8f3V5fAqkrt1xG_NUPQHNq4zimlz87N_c/pubhtml/sheet?headers=false&gid=1901949889&range=A1%3AG30
chucky,season two,https://tvseriesfinale.com/tv-show/chucky-season-two-ratings/,https://docs.google.com/spreadsheets/d/14IMssfgFsz8f3V5fAqkrt1xG_NUPQHNq4zimlz87N_c/pubhtml/sheet?headers=false&gid=1121229609&range=A1%3AG30
chucky,season three,https://tvseriesfinale.com/tv-show/chucky-season-three-ratings/,https://docs.google.com/spreadsheets/d/14IMssfgFsz8f3V5fAqkrt1xG_NUPQHNq4zimlz87N_c/pubhtml/sheet?headers=false&gid=635438583&range=A1%3AG30
city on a hill,season one,https://tvseriesfinale.com/tv-show/city-on-a-hill-season-one-ratings/,https://docs.google.com/spreadsheets/d/13_jTGvVcJocGGMZhhC2fdGIsx1znj_LvslHru7vALRA/pubhtml/sheet?headers=false&gid=2024257270&range=A1%3AG100
city on a hill,season two,https://tvseriesfinale.com/tv-show/city-on-a-hill-season-two-ratings/,https://docs.google.com/spreadsheets/d/13_jTGvVcJocGGMZhhC2fdGIsx1znj_LvslHru7vALRA/pubhtml/sheet?headers=false&gid=1851020699&range=A1%3AG100
city on a hill,season three,https://tvseriesfinale.com/tv-show/city-on-a-hill-season-three-ratings/,https://docs.google.com/spreadsheets/d/13_jTGvVcJocGGMZhhC2fdGIsx1znj_LvslHru7vALRA/pubhtml/sheet?headers=false&gid=193248476&range=A1%3AG100
claim to fame,season one,https://tvseriesfinale.com/tv-show/claim-to-fame-season-one-ratings/,https://docs.google.com/spreadsheets/d/1UHVhAstyDVbA_72wuwSMX7TAPuO4Z_5sX1xbcmNjr2s/pubhtml/sheet?headers=false&gid=446228386&range=A1%3Ah100
claim to fame,season two,https://tvseriesfinale.com/tv-show/claim-to-fame-season-two-ratings/,https://docs.google.com/spreadsheets/d/1yWN1t7MlPk9jroVeTgGH5-U5sp5XVcZJclGsrnyl5bI/pubhtml/sheet?headers=false&gid=899554242&range=A1%3Ah100
clarice,season one,https://tvseriesfinale.com/tv-show/clarice-season-one-ratings/,https://docs.google.com/spreadsheets/d/1dBByBwNRkBxn64JkURCCBbkdekn50VAxa3AfH7pZK04/pubhtml/sheet?headers=false&gid=706307809&range=A1%3Ah100
class,season one,https://tvseriesfinale.com/tv-show/class-season-one-ratings/,https://docs.google.com/spreadsheets/d/12Y2A7RlLipHwsIgde0ZUyYovmiuAwtmeK2zcJD-vJh8/pubhtml/sheet?headers=false&gid=1737666700&range=A1%3AG19&output=html&rm=minimal
claws,season one,https://tvseriesfinale.com/tv-show/claws-season-one-ratings/,https://docs.google.com/spreadsheets/d/1QtBG-fGZvsxYy32ltEqEbyD_Vp9XHOYSt9-6wyprIS4/pubhtml/sheet?headers=false&gid=1635058419&range=A1%3AG46
claws,season two,https://tvseriesfinale.com/tv-show/claws-season-two-ratings/,https://docs.google.com/spreadsheets/d/1QtBG-fGZvsxYy32ltEqEbyD_Vp9XHOYSt9-6wyprIS4/pubhtml/sheet?headers=false&gid=2013684631&range=A1%3AG46
claws,season three,https://tvseriesfinale.com/tv-show/claws-season-three-ratings/,https://docs.google.com/spreadsheets/d/1QtBG-fGZvsxYy32ltEqEbyD_Vp9XHOYSt9-6wyprIS4/pubhtml/sheet?headers=false&gid=1742093444&range=A1%3AG46
claws,season four,https://tvseriesfinale.com/tv-show/claws-season-four-ratings/,https://docs.google.com/spreadsheets/d/1QtBG-fGZvsxYy32ltEqEbyD_Vp9XHOYSt9-6wyprIS4/pubhtml/sheet?headers=false&gid=1542497884&range=A1%3AG46
the cleaning lady,season one,https://tvseriesfinale.com/tv-show/the-cleaning-lady-season-one-ratings/,https://docs.google.com/spreadsheets/d/1PlugKIBMoFJpsdg8AZIYiS56GA8u5BxmNnpQ5v0wx1Q/pubhtml/sheet?headers=false&gid=711110869&range=A1%3Ah100
the cleaning lady,season two,https://tvseriesfinale.com/tv-show/the-cleaning-lady-season-two-ratings/,https://docs.google.com/spreadsheets/d/1bCcF_doylXV5Q45d8vITOJBvhw6a3YcB2aJApWPLCGw/pubhtml/sheet?headers=false&gid=1995656799&range=A1%3Ah100
the code,season one,https://tvseriesfinale.com/tv-show/the-code-season-one-ratings/,https://docs.google.com/spreadsheets/d/1qlYGtdgF6N3UIJArkhteiD8B0zo8akewHTR0Jd_ceOE/pubhtml/sheet?headers=false&gid=1529332427&range=A1%3Ah100
code black,season three,https://tvseriesfinale.com/tv-show/code-black-season-three-ratings/,https://docs.google.com/spreadsheets/d/e/2PACX-1vT3vh7mmYQQq1m3g7KQMsmlr1cEvnVRX6aVWRwp6JU7F2hy06mf_irW7uwbTdww_G47LBmS64qNTLkG/pubhtml/sheet?headers=false&gid=823596003&range=A1%3Ah100
colony,season two,https://tvseriesfinale.com/tv-show/colony-season-two-ratings/,https://docs.google.com/spreadsheets/d/16ijMnEb6P7NAqfPf35N_MyL5ueoHOV2HD01zJ1iXjDI/pubhtml/sheet?headers=false&gid=1853132371&range=A1:G120
colony,season three,https://tvseriesfinale.com/tv-show/colony-season-three-ratings/,https://docs.google.com/spreadsheets/d/16ijMnEb6P7NAqfPf35N_MyL5ueoHOV2HD01zJ1iXjDI/pubhtml/sheet?headers=false&gid=1711475324&range=A1:G120
come dance with me,season one,https://tvseriesfinale.com/tv-show/come-dance-with-me-season-one-ratings/,https://docs.google.com/spreadsheets/d/1gPmjJd_L8Sp9Vp5qI5sfS69ztHiav5B4fFPrTOSmVMs/pubhtml/sheet?headers=false&gid=1595906470&range=A1%3Ah100
the company you keep,season one,https://tvseriesfinale.com/tv-show/the-company-you-keep-season-one-ratings/,https://docs.google.com/spreadsheets/d/1yWN1t7MlPk9jroVeTgGH5-U5sp5XVcZJclGsrnyl5bI/pubhtml/sheet?headers=false&gid=2067236305&range=A1%3Ah100
the con,season one,https://tvseriesfinale.com/tv-show/the-con-season-one-ratings/,https://docs.google.com/spreadsheets/d/1NS9t3Pv-5_wq_fCkMbQDlf0scWZ_TYTsLp38Z8jaw_M/pubhtml/sheet?headers=false&gid=916247725&range=A1%3Ah100
the con,season two,https://tvseriesfinale.com/tv-show/the-con-season-two-ratings/,https://docs.google.com/spreadsheets/d/1UHVhAstyDVbA_72wuwSMX7TAPuO4Z_5sX1xbcmNjr2s/pubhtml/sheet?headers=false&gid=1375312892&range=A1%3Ah100
connecting,season one,https://tvseriesfinale.com/tv-show/connecting-season-one-ratings/,https://docs.google.com/spreadsheets/d/10un34Z5y-n7KeT3gb_7cpWX7fhoO90wr1mlus7eRKcs/pubhtml/sheet?headers=false&gid=1451176018&range=A1%3Ah100
the conners,season one,https://tvseriesfinale.com/tv-show/the-conners-season-one-ratings/,https://docs.google.com/spreadsheets/d/1Z54g0izrymDxV0QDkwOGE9auYHrCu-FTYNpPDykzPJ8/pubhtml/sheet?headers=false&gid=1830049245&range=A1%3Ah100
the conners,season two,https://tvseriesfinale.com/tv-show/the-conners-season-two-ratings/,https://docs.google.com/spreadsheets/d/e/2PACX-1vTrXdDjlQ_DsAe7hNjPK48UpmMYmbZE2_I1S3x0frJJbOh448s7NI2vSBYNr_z6DgMwoksah-NZBkKB/pubhtml/sheet?headers=false&gid=1123036927&range=A1%3Ah100
the conners,season three,https://tvseriesfinale.com/tv-show/the-conners-season-three-ratings/,https://docs.google.com/spreadsheets/d/1NS9t3Pv-5_wq_fCkMbQDlf0scWZ_TYTsLp38Z8jaw_M/pubhtml/sheet?headers=false&gid=487087973&range=A1%3Ah100
the conners,season four,https://tvseriesfinale.com/tv-show/the-conners-season-four-ratings/,https://docs.google.com/spreadsheets/d/1UHVhAstyDVbA_72wuwSMX7TAPuO4Z_5sX1xbcmNjr2s/pubhtml/sheet?headers=false&gid=580353565&range=A1%3Ah100
the conners,season five,https://tvseriesfinale.com/tv-show/the-conners-season-five-ratings/,https://docs.google.com/spreadsheets/d/1yWN1t7MlPk9jroVeTgGH5-U5sp5XVcZJclGsrnyl5bI/pubhtml/sheet?headers=false&gid=2124706338&range=A1%3Ah100
the conners,season six,https://tvseriesfinale.com/tv-show/the-conners-season-six-ratings/,https://docs.google.com/spreadsheets/d/15KTevMXvt9KrUmg0EAioSoNjNmhfRebf0-72WnZYlK8/pubhtml/sheet?headers=false&gid=1881998521&range=A1%3Ah100
the cool kids,season one,https://tvseriesfinale.com/tv-show/the-cool-kids-season-one-ratings/,https://docs.google.com/spreadsheets/d/1n4PyBtJrphtdfhiPq884nmoV8wIMKHVrgbvYhJ-DV80/pubhtml/sheet?headers=false&gid=149297785&range=A1%3Ah100
coop cami ask the world,season one,https://tvseriesfinale.com/tv-show/coop-cami-ask-the-world-season-one-ratings/,https://docs.google.com/spreadsheets/d/130CWZBt90ZOMI33llQ0bMo1hUS479p7R4Mo6_Qn4-XM/pubhtml/sheet?headers=false&gid=2024232890&range=A1%3AG100&output=html&rm=minimal
coroner,season one,https://tvseriesfinale.com/tv-show/coroner-season-one-ratings/,https://docs.google.com/spreadsheets/d/e/2PACX-1vTaD6uAv0rMyqOLpklP9QmMHlz3gUaKkf5kYVM3nDXbIBys2LKIkvfed1zv-22RJpYtZtcw1rvPd5ws/pubhtml/sheet?headers=false&gid=1901184702&range=A1%3Ah100
coroner,season two,https://tvseriesfinale.com/tv-show/coroner-season-two-ratings/,https://docs.google.com/spreadsheets/d/1UtKbmbo-TrCU00937XlBHCPgAR5Wx5fyu7YHrmiDjZQ/pubhtml/sheet?headers=false&gid=824625357&range=A1%3Ah100
coroner,season three,https://tvseriesfinale.com/tv-show/coroner-season-three-ratings/,https://docs.google.com/spreadsheets/d/1UtKbmbo-TrCU00937XlBHCPgAR5Wx5fyu7YHrmiDjZQ/pubhtml/sheet?headers=false&gid=1831394390&range=A1%3Ah100
coroner,season four,https://tvseriesfinale.com/tv-show/coroner-season-four-ratings/,https://docs.google.com/spreadsheets/d/1qwTMXm7xEOvj2UJCK2EP9eCl3-calTWTXMXFx6_z1oA/pubhtml/sheet?headers=false&gid=460573112&range=A1%3Ah100
corporate,season one,https://tvseriesfinale.com/tv-show/corporate-season-one-ratings/,https://docs.google.com/spreadsheets/d/1TlUrr7x4sodWNr-S-N8Z1uB3bHn0ftZMVjZJpLyeme8/pubhtml/sheet?headers=false&gid=1085136892&range=A1%3AG97&output=html&rm=minimal
corporate,season two,https://tvseriesfinale.com/tv-show/corporate-season-two-ratings/,https://docs.google.com/spreadsheets/d/1TlUrr7x4sodWNr-S-N8Z1uB3bHn0ftZMVjZJpLyeme8/pubhtml/sheet?headers=false&gid=1719430727&range=A1%3AG97&output=html&rm=minimal
corporate,season three,https://tvseriesfinale.com/tv-show/corporate-season-three-ratings/,https://docs.google.com/spreadsheets/d/1TlUrr7x4sodWNr-S-N8Z1uB3bHn0ftZMVjZJpLyeme8/pubhtml/sheet?headers=false&gid=697645096&range=A1%3AG97&output=html&rm=minimal
cosmos,season two,https://tvseriesfinale.com/tv-show/cosmos-season-two-ratings/,https://docs.google.com/spreadsheets/d/1um1vJjK_QbewPMm0sO1CczrrgO2FDmtjdN74LteZN7g/pubhtml/sheet?headers=false&gid=767762547&range=A1%3Ah100
council of dads,season one,https://tvseriesfinale.com/tv-show/council-of-dads-season-one-ratings/,https://docs.google.com/spreadsheets/d/e/2PACX-1vRtVj2UE-OnOA12xp1fNuzjlRH3leED-mA5SsVYu5siarlfm8OVy5EHBpyoUlI9ICBIQzZ2hnLviUro/pubhtml/sheet?headers=false&gid=123346869&range=A1%3Ah100
counterpart,season one,https://tvseriesfinale.com/tv-show/counterpart-season-one-ratings/,https://docs.google.com/spreadsheets/d/1-xha-SEcC1L6_KlAxjxMArlpX2A8XY1grDeo58d922E/pubhtml/sheet?headers=false&gid=1621915044&range=A1%3AG100&output=html&rm=minimal
counterpart,season two,https://tvseriesfinale.com/tv-show/counterpart-season-two-ratings/,https://docs.google.com/spreadsheets/d/1-xha-SEcC1L6_KlAxjxMArlpX2A8XY1grDeo58d922E/pubhtml/sheet?headers=false&gid=1584977367&range=A1%3AG100&output=html&rm=minimal
the courtship,season one,https://tvseriesfinale.com/tv-show/the-courtship-season-one-ratings/,https://docs.google.com/spreadsheets/d/16ijMnEb6P7NAqfPf35N_MyL5ueoHOV2HD01zJ1iXjDI/pubhtml/sheet?headers=false&gid=2029052628&range=A1:G120
cousins for life,season one,https://tvseriesfinale.com/tv-show/cousins-for-life-season-one-ratings/,https://docs.google.com/spreadsheets/d/1_nqNiYUKx3QSBGCYX9BUfp7wRaQ052jJtOxaNLpt2XI/pubhtml/sheet?headers=false&gid=500266640&range=A1%3AH52&output=html&rm=minimal
crashing,season one,https://tvseriesfinale.com/tv-show/crashing-season-one-ratings/,https://docs.google.com/spreadsheets/d/1QU8U82xgr8GURmJc3eR0Y4w7ppxwfNsp6dhPnzcs4bw/pubhtml/sheet?headers=false&gid=1168035163&range=A1%3AG19&output=html&rm=minimal
crashing,season two,https://tvseriesfinale.com/tv-show/crashing-season-two-ratings/,https://docs.google.com/spreadsheets/d/1QU8U82xgr8GURmJc3eR0Y4w7ppxwfNsp6dhPnzcs4bw/pubhtml/sheet?headers=false&gid=1745586567&range=A1%3AG19&output=html&rm=minimal
crashing,season three,https://tvseriesfinale.com/tv-show/crashing-season-three-ratings/,https://docs.google.com/spreadsheets/d/1QU8U82xgr8GURmJc3eR0Y4w7ppxwfNsp6dhPnzcs4bw/pubhtml/sheet?headers=false&gid=1279168427&range=A1%3AG19&output=html&rm=minimal
crazy ex girlfriend,season two,https://tvseriesfinale.com/tv-show/crazy-ex-girlfriend-season-two-ratings/,https://docs.google.com/spreadsheets/d/1i4IfQufJnv28LwfJWIz_Ea0E8u3f4vhTmL4pZz3620Q/pubhtml/sheet?headers=false&gid=1254420882&range=A1%3AH100
crazy ex girlfriend,season three,https://tvseriesfinale.com/tv-show/crazy-ex-girlfriend-season-three-ratings/,https://docs.google.com/spreadsheets/d/e/2PACX-1vR_SBz9FDKyY15XKRCf_Vpm1tJXCnrieAa2957aRG1B9OPPcaQGfv4n1m4kjsCVCZGH29aYvTeDUaiS/pubhtml/sheet?headers=false&gid=407650636&range=A1%3AH40
crazy ex girlfriend,season four,https://tvseriesfinale.com/tv-show/crazy-ex-girlfriend-season-four-ratings/,https://docs.google.com/spreadsheets/d/1T-eDbU4WnVnGczaTUc9X91683hE7PYpTtpap48tpnu0/pubhtml/sheet?headers=false&gid=407650636&range=A1%3Ah100
crime nation,season one,https://tvseriesfinale.com/tv-show/crime-nation-season-one-ratings/,https://docs.google.com/spreadsheets/d/1VOF9EearmNFEo8w6vHiQipNNQVkvI529Yr3CG1qfSnQ/pubhtml/sheet?headers=false&gid=2138549062&range=A1%3Ah100
crime scene kitchen,season one,https://tvseriesfinale.com/tv-show/crime-scene-kitchen-season-one-ratings/,https://docs.google.com/spreadsheets/d/1um1vJjK_QbewPMm0sO1CczrrgO2FDmtjdN74LteZN7g/pubhtml/sheet?headers=false&gid=2027550794&range=A1%3Ah100
crime scene kitchen,season two,https://tvseriesfinale.com/tv-show/crime-scene-kitchen-season-two-ratings/,https://docs.google.com/spreadsheets/d/1bCcF_doylXV5Q45d8vITOJBvhw6a3YcB2aJApWPLCGw/pubhtml/sheet?headers=false&gid=1983449015&range=A1%3Ah100
criminal minds,season 13,https://tvseriesfinale.com/tv-show/criminal-minds-season-13-ratings/,https://docs.google.com/spreadsheets/d/e/2PACX-1vT3vh7mmYQQq1m3g7KQMsmlr1cEvnVRX6aVWRwp6JU7F2hy06mf_irW7uwbTdww_G47LBmS64qNTLkG/pubhtml/sheet?headers=false&gid=1600414817&range=A1%3Ah100
criminal minds,season 14,https://tvseriesfinale.com/tv-show/criminal-minds-season-14-ratings/,https://docs.google.com/spreadsheets/d/1qlYGtdgF6N3UIJArkhteiD8B0zo8akewHTR0Jd_ceOE/pubhtml/sheet?headers=false&gid=1600414817&range=A1%3Ah100
criminal minds beyond borders,season two,https://tvseriesfinale.com/tv-show/criminal-minds-beyond-borders-season-two-ratings/,https://docs.google.com/spreadsheets/d/1Ub6cOIe00Wo4XJdKk3yPaVemFqvLqQghNx37sCpoMZM/pubhtml/sheet?headers=false&gid=806702529&range=A1%3Ah100
criss angels magic with the stars,season one,https://tvseriesfinale.com/tv-show/criss-angels-magic-with-the-stars-season-one-ratings/,https://docs.google.com/spreadsheets/d/1qwTMXm7xEOvj2UJCK2EP9eCl3-calTWTXMXFx6_z1oA/pubhtml/sheet?headers=false&gid=233612499&range=A1%3Ah100
crossing,season one,https://tvseriesfinale.com/tv-show/crossing-season-one-ratings/,https://docs.google.com/spreadsheets/d/e/2PACX-1vTlE5lTHpAmKbEOIFMoMB5xW95pIvYxFgcblbWzKL4ZDLRBAVL3Bt3WtXzA65dzsHZXuOrwhIXlQOfq/pubhtml/sheet?headers=false&gid=1218243478&range=A1%3Ah100
cruel summer,season one,https://tvseriesfinale.com/tv-show/cruel-summer-season-one-ratings/,https://docs.google.com/spreadsheets/d/1cnttQo1fIxTypKG3x19Ax0Zh4Pn8dtfzDfO4lVWsi6Y/pubhtml/sheet?headers=false&gid=1410230029&range=A1:G120
csi vegas,season one,https://tvseriesfinale.com/tv-show/csi-vegas-season-one-ratings/,https://docs.google.com/spreadsheets/d/1gPmjJd_L8Sp9Vp5qI5sfS69ztHiav5B4fFPrTOSmVMs/pubhtml/sheet?headers=false&gid=1079174549&range=A1%3Ah100
csi vegas,season two,https://tvseriesfinale.com/tv-show/csi-vegas-season-two-ratings/,https://docs.google.com/spreadsheets/d/1_sakYamJH4LVbbDwVcQ-b6tvhOWWTnOVbh4nIqrMlVM/pubhtml/sheet?headers=false&gid=1170207640&range=A1%3Ah100
csi vegas,season three,https://tvseriesfinale.com/tv-show/csi-vegas-season-three-ratings/,https://docs.google.com/spreadsheets/d/1Ii2QZoWwUROqd4TnVe05t4fNPdqfeER4kQIpqwyDIs4/pubhtml/sheet?headers=false&gid=211601415&range=A1%3Ah100
curb your enthusiasm,season nine,https://tvseriesfinale.com/tv-show/curb-your-enthusiasm-season-nine-ratings/,https://docs.google.com/spreadsheets/d/1QU8U82xgr8GURmJc3eR0Y4w7ppxwfNsp6dhPnzcs4bw/pubhtml/sheet?headers=false&gid=1162943054&range=A1%3AG19&output=html&rm=minimal
curb your enthusiasm,season 10,https://tvseriesfinale.com/tv-show/curb-your-enthusiasm-season-10-ratings/,https://docs.google.com/spreadsheets/d/1QU8U82xgr8GURmJc3eR0Y4w7ppxwfNsp6dhPnzcs4bw/pubhtml/sheet?headers=false&gid=213916800&range=A1%3AG19&output=html&rm=minimal
curb your enthusiasm,season 11,https://tvseriesfinale.com/tv-show/curb-your-enthusiasm-season-11-ratings/,https://docs.google.com/spreadsheets/d/1QU8U82xgr8GURmJc3eR0Y4w7ppxwfNsp6dhPnzcs4bw/pubhtml/sheet?headers=false&gid=1773703592&range=A1%3AG19&output=html&rm=minimal
curb your enthusiasm,season 12,https://tvseriesfinale.com/tv-show/curb-your-enthusiasm-season-12-ratings/,https://docs.google.com/spreadsheets/d/1QU8U82xgr8GURmJc3eR0Y4w7ppxwfNsp6dhPnzcs4bw/pubhtml/sheet?headers=false&gid=495526598&range=A1%3AG19&output=html&rm=minimal
the curse,season one,https://tvseriesfinale.com/tv-show/the-curse-season-one-ratings/,https://docs.google.com/spreadsheets/d/13_jTGvVcJocGGMZhhC2fdGIsx1znj_LvslHru7vALRA/pubhtml/sheet?headers=false&gid=638868619&range=A1%3AG100
da vincis demons,season three,https://tvseriesfinale.com/tv-show/da-vincis-demons-season-three-ratings/,https://docs.google.com/spreadsheets/d/1-xha-SEcC1L6_KlAxjxMArlpX2A8XY1grDeo58d922E/pubhtml/sheet?headers=false&gid=2134108275&range=A1%3AG26&output=html&rm=minimal
damnation,season one,https://tvseriesfinale.com/tv-show/damnation-season-one-ratings/,https://docs.google.com/spreadsheets/d/16ijMnEb6P7NAqfPf35N_MyL5ueoHOV2HD01zJ1iXjDI/pubhtml/sheet?headers=false&gid=610595510&range=A1:G120
dancing with myself,season one,https://tvseriesfinale.com/tv-show/dancing-with-myself-season-one-ratings/,https://docs.google.com/spreadsheets/d/1HyhsoErv-gaQ6jE5tzO_Ax6r5ouKVGm3nNLcv74jPYY/pubhtml/sheet?headers=false&gid=208285369&range=A1%3Ah100
dancing with the stars,season 29,https://tvseriesfinale.com/tv-show/dancing-with-the-stars-season-29-ratings/,https://docs.google.com/spreadsheets/d/1NS9t3Pv-5_wq_fCkMbQDlf0scWZ_TYTsLp38Z8jaw_M/pubhtml/sheet?headers=false&gid=1521489264&range=A1%3Ah100
dancing with the stars,season 30,https://tvseriesfinale.com/tv-show/dancing-with-the-stars-season-30-ratings/,https://docs.google.com/spreadsheets/d/1UHVhAstyDVbA_72wuwSMX7TAPuO4Z_5sX1xbcmNjr2s/pubhtml/sheet?headers=false&gid=1521489264&range=A1%3Ah100
dancing with the stars,season 32,https://tvseriesfinale.com/tv-show/dancing-with-the-stars-season-32-ratings/,https://docs.google.com/spreadsheets/d/15KTevMXvt9KrUmg0EAioSoNjNmhfRebf0-72WnZYlK8/pubhtml/sheet?headers=false&gid=253160262&range=A1%3Ah100
dangerous liaisons,season one,https://tvseriesfinale.com/tv-show/dangerous-liaisons-season-one-ratings/,https://docs.google.com/spreadsheets/d/1-xha-SEcC1L6_KlAxjxMArlpX2A8XY1grDeo58d922E/pubhtml/sheet?headers=false&gid=1453245937&range=A1%3AG100&output=html&rm=minimal
dare me,season one,https://tvseriesfinale.com/tv-show/dare-me-season-one-ratings/,https://docs.google.com/spreadsheets/d/16ijMnEb6P7NAqfPf35N_MyL5ueoHOV2HD01zJ1iXjDI/pubhtml/sheet?headers=false&gid=650727440&range=A1:G120
dark matter,season three,https://tvseriesfinale.com/tv-show/dark-matter-season-three-ratings/,https://docs.google.com/spreadsheets/d/14IMssfgFsz8f3V5fAqkrt1xG_NUPQHNq4zimlz87N_c/pubhtml/sheet?headers=false&gid=375299478&range=A1%3AG30
dark winds,season one,https://tvseriesfinale.com/tv-show/dark-winds-season-one-ratings/,https://docs.google.com/spreadsheets/d/13J-oeB6b8gpR4AGlw7PZS-4FvjvPKN5_0JFfGwsDXG4/pubhtml/sheet?headers=false&gid=563322473&range=A1%3AG23&output=html&rm=minimal
dave,season one,https://tvseriesfinale.com/tv-show/dave-season-one-ratings/,https://docs.google.com/spreadsheets/d/1DdYBR3HPqX7CL7Inge6KsMqvRhBXC7K--484-vIofrk/pubhtml/sheet?headers=false&gid=906691434&range=A1%3AG97&output=html&rm=minimal
dave,season two,https://tvseriesfinale.com/tv-show/dave-season-two-ratings/,https://docs.google.com/spreadsheets/d/1DdYBR3HPqX7CL7Inge6KsMqvRhBXC7K--484-vIofrk/pubhtml/sheet?headers=false&gid=1901627597&range=A1%3AG97&output=html&rm=minimal
dave,season three,https://tvseriesfinale.com/tv-show/dave-season-three-ratings/,https://docs.google.com/spreadsheets/d/1DdYBR3HPqX7CL7Inge6KsMqvRhBXC7K--484-vIofrk/pubhtml/sheet?headers=false&gid=1026068783&range=A1%3AG97&output=html&rm=minimal
david makes man,season one,https://tvseriesfinale.com/tv-show/david-makes-man-season-one-ratings/,https://docs.google.com/spreadsheets/d/1Ew4e9wBK4P_eX68Vqc7EDEwaUJZDWr7OTJyGvD8Y5Jc/pubhtml/sheet?headers=false&gid=1895393884&range=A1%3AH52&output=html&rm=minimal
david makes man,season two,https://tvseriesfinale.com/tv-show/david-makes-man-season-two-ratings/,https://docs.google.com/spreadsheets/d/1Ew4e9wBK4P_eX68Vqc7EDEwaUJZDWr7OTJyGvD8Y5Jc/pubhtml/sheet?headers=false&gid=791393442&range=A1%3AH52&output=html&rm=minimal
day of the dead,season one,https://tvseriesfinale.com/tv-show/day-of-the-dead-season-one-ratings/,https://docs.google.com/spreadsheets/d/14IMssfgFsz8f3V5fAqkrt1xG_NUPQHNq4zimlz87N_c/pubhtml/sheet?headers=false&gid=1169073462&range=A1%3AG30
daytime divas,season one,https://tvseriesfinale.com/tv-show/daytime-divas-season-one-ratings/,https://docs.google.com/spreadsheets/d/1rXqXBvMUM9REXe-V904uLj_s5dbNAL01V_gDNJM0XoQ/pubhtml/sheet?headers=false&gid=1484000151&range=A1%3Ag100
dcs legends tomorrow,season three,https://tvseriesfinale.com/tv-show/dcs-legends-tomorrow-season-three-ratings/,https://docs.google.com/spreadsheets/d/e/2PACX-1vR_SBz9FDKyY15XKRCf_Vpm1tJXCnrieAa2957aRG1B9OPPcaQGfv4n1m4kjsCVCZGH29aYvTeDUaiS/pubhtml/sheet?headers=false&gid=1544741642&range=A1%3AH40
dcs legends of tomorrow,season four,https://tvseriesfinale.com/tv-show/dcs-legends-of-tomorrow-season-four-ratings/,https://docs.google.com/spreadsheets/d/1T-eDbU4WnVnGczaTUc9X91683hE7PYpTtpap48tpnu0/pubhtml/sheet?headers=false&gid=1544741642&range=A1%3Ah100
dcs legends of tomorrow,season five,https://tvseriesfinale.com/tv-show/dcs-legends-of-tomorrow-season-five-ratings/,https://docs.google.com/spreadsheets/d/e/2PACX-1vTaD6uAv0rMyqOLpklP9QmMHlz3gUaKkf5kYVM3nDXbIBys2LKIkvfed1zv-22RJpYtZtcw1rvPd5ws/pubhtml/sheet?headers=false&gid=22417214&range=A1%3Ah100
dcs legends of tomorrow,season six,https://tvseriesfinale.com/tv-show/dcs-legends-of-tomorrow-season-six-ratings/,https://docs.google.com/spreadsheets/d/1UtKbmbo-TrCU00937XlBHCPgAR5Wx5fyu7YHrmiDjZQ/pubhtml/sheet?headers=false&gid=28149406&range=A1%3Ah100
dcs legends of tomorrow,season seven,https://tvseriesfinale.com/tv-show/dcs-legends-of-tomorrow-season-seven-ratings/,https://docs.google.com/spreadsheets/d/1MiOE1bCf6lKNJCpNpvXIAZYYbPo5_BfTqqGbsG9ENo8/pubhtml/sheet?headers=false&gid=338993544&range=A1%3Ah100
dcs stargirl,season one,https://tvseriesfinale.com/tv-show/dcs-stargirl-season-one-ratings/,https://docs.google.com/spreadsheets/d/e/2PACX-1vTaD6uAv0rMyqOLpklP9QmMHlz3gUaKkf5kYVM3nDXbIBys2LKIkvfed1zv-22RJpYtZtcw1rvPd5ws/pubhtml/sheet?headers=false&gid=1016722501&range=A1%3Ah100
dcs stargirl,season two,https://tvseriesfinale.com/tv-show/dcs-stargirl-season-two-ratings/,https://docs.google.com/spreadsheets/d/1UtKbmbo-TrCU00937XlBHCPgAR5Wx5fyu7YHrmiDjZQ/pubhtml/sheet?headers=false&gid=87780455&range=A1%3Ah100
dcs stargirl,season three,https://tvseriesfinale.com/tv-show/dcs-stargirl-season-three-ratings/,https://docs.google.com/spreadsheets/d/1qwTMXm7xEOvj2UJCK2EP9eCl3-calTWTXMXFx6_z1oA/pubhtml/sheet?headers=false&gid=1011765714&range=A1%3Ah100
dead summer,season one,https://tvseriesfinale.com/tv-show/dead-summer-season-one-ratings/,https://docs.google.com/spreadsheets/d/1cnttQo1fIxTypKG3x19Ax0Zh4Pn8dtfzDfO4lVWsi6Y/pubhtml/sheet?headers=false&gid=891122861&range=A1:G120
dead pixels,season one,https://tvseriesfinale.com/tv-show/dead-pixels-season-one-ratings/,https://docs.google.com/spreadsheets/d/e/2PACX-1vTaD6uAv0rMyqOLpklP9QmMHlz3gUaKkf5kYVM3nDXbIBys2LKIkvfed1zv-22RJpYtZtcw1rvPd5ws/pubhtml/sheet?headers=false&gid=939185825&range=A1%3Ah100
dead pixels,season two,https://tvseriesfinale.com/tv-show/dead-pixels-season-two-ratings/,https://docs.google.com/spreadsheets/d/1UtKbmbo-TrCU00937XlBHCPgAR5Wx5fyu7YHrmiDjZQ/pubhtml/sheet?headers=false&gid=1764294570&range=A1%3Ah100
deadly class,season one,https://tvseriesfinale.com/tv-show/deadly-class-season-one-ratings/,https://docs.google.com/spreadsheets/d/14IMssfgFsz8f3V5fAqkrt1xG_NUPQHNq4zimlz87N_c/pubhtml/sheet?headers=false&gid=943996429&range=A1%3AG30
deal or no deal island,season one,https://tvseriesfinale.com/tv-show/deal-or-no-deal-island-season-one-ratings/,https://docs.google.com/spreadsheets/d/1ulFHD6XOdDbGfOjxn7oY7g5VbYqBaQ4f5x74oABSSnE/pubhtml/sheet?headers=false&gid=928178&range=A1%3Ah100
debris,season one,https://tvseriesfinale.com/tv-show/debris-season-one-ratings/,https://docs.google.com/spreadsheets/d/10un34Z5y-n7KeT3gb_7cpWX7fhoO90wr1mlus7eRKcs/pubhtml/sheet?headers=false&gid=567313525&range=A1%3Ah100
decker,season three,https://tvseriesfinale.com/tv-show/decker-season-three-ratings/,https://docs.google.com/spreadsheets/d/e/2PACX-1vS6gkHoq2__hroQRHQlEeMxlxov9KU7jgaboD8mZ1GNKhL2TFZKRMSxgc1g1uPTKO4vxvX-3rNhd944/pubhtml/sheet?headers=false&gid=1969018197&range=A1:G120
deception,season one,https://tvseriesfinale.com/tv-show/deception-season-one-ratings/,https://docs.google.com/spreadsheets/d/e/2PACX-1vTlE5lTHpAmKbEOIFMoMB5xW95pIvYxFgcblbWzKL4ZDLRBAVL3Bt3WtXzA65dzsHZXuOrwhIXlQOfq/pubhtml/sheet?headers=false&gid=94240386&range=A1%3Ah100
delilah,season one,https://tvseriesfinale.com/tv-show/delilah-season-one-ratings/,https://docs.google.com/spreadsheets/d/1Ew4e9wBK4P_eX68Vqc7EDEwaUJZDWr7OTJyGvD8Y5Jc/pubhtml/sheet?headers=false&gid=507348686&range=A1%3AH52&output=html&rm=minimal
deputy,season one,https://tvseriesfinale.com/tv-show/deputy-season-one-ratings/,https://docs.google.com/spreadsheets/d/e/2PACX-1vRmoC8hQFbZMNtUzmwwjsO_0gIf7KnWMgEOC-2a4Bh_rCX1LCdAm6b-BWNfoIlttnPf2iy_4KQj0eFo/pubhtml/sheet?headers=false&gid=914601285&range=A1%3Ah100
designated survivor,season one,https://tvseriesfinale.com/tv-show/designated-survivor-season-one-ratings/,https://docs.google.com/spreadsheets/d/1ToHTY-SGH1wLEo31kKz9TOE5PsdpBE20kqtr1BhJBVA/pubhtml/sheet?headers=false&gid=677268028&range=A1%3Ah70
designated survivor,season two,https://tvseriesfinale.com/tv-show/designated-survivor-season-two-ratings/,https://docs.google.com/spreadsheets/d/e/2PACX-1vTlE5lTHpAmKbEOIFMoMB5xW95pIvYxFgcblbWzKL4ZDLRBAVL3Bt3WtXzA65dzsHZXuOrwhIXlQOfq/pubhtml/sheet?headers=false&gid=281322571&range=A1%3Ah100
detour,season two,https://tvseriesfinale.com/tv-show/detour-season-two-ratings/,https://docs.google.com/spreadsheets/d/1eh7nTgIxbi8a9fuPk03eCgyj472TxoA3NMIrNcySQb8/pubhtml/sheet?headers=false&gid=1423672051&range=A1%3AG30
detour,season three,https://tvseriesfinale.com/tv-show/detour-season-three-ratings/,https://docs.google.com/spreadsheets/d/1eh7nTgIxbi8a9fuPk03eCgyj472TxoA3NMIrNcySQb8/pubhtml/sheet?headers=false&gid=711990554&range=A1%3AG100
the detour,season four,https://tvseriesfinale.com/tv-show/the-detour-season-four-ratings/,https://docs.google.com/spreadsheets/d/1eh7nTgIxbi8a9fuPk03eCgyj472TxoA3NMIrNcySQb8/pubhtml/sheet?headers=false&gid=1411266986&range=A1%3AG100
detroiters,season one,https://tvseriesfinale.com/tv-show/detroiters-season-one-ratings/,https://docs.google.com/spreadsheets/d/1TlUrr7x4sodWNr-S-N8Z1uB3bHn0ftZMVjZJpLyeme8/pubhtml/sheet?headers=false&gid=536490360&range=A1%3AG97&output=html&rm=minimal
detroiters,season two,https://tvseriesfinale.com/tv-show/detroiters-season-two-ratings/,https://docs.google.com/spreadsheets/d/1TlUrr7x4sodWNr-S-N8Z1uB3bHn0ftZMVjZJpLyeme8/pubhtml/sheet?headers=false&gid=607014474&range=A1%3AG97&output=html&rm=minimal
the deuce,season one,https://tvseriesfinale.com/tv-show/the-deuce-season-one-ratings/,https://docs.google.com/spreadsheets/d/1QU8U82xgr8GURmJc3eR0Y4w7ppxwfNsp6dhPnzcs4bw/pubhtml/sheet?headers=false&gid=1326733108&range=A1%3AG19&output=html&rm=minimal
deuce,season two,https://tvseriesfinale.com/tv-show/deuce-season-two-ratings/,https://docs.google.com/spreadsheets/d/1QU8U82xgr8GURmJc3eR0Y4w7ppxwfNsp6dhPnzcs4bw/pubhtml/sheet?headers=false&gid=171854935&range=A1%3AG19&output=html&rm=minimal
the deuce,season three,https://tvseriesfinale.com/tv-show/the-deuce-season-three-ratings/,https://docs.google.com/spreadsheets/d/1QU8U82xgr8GURmJc3eR0Y4w7ppxwfNsp6dhPnzcs4bw/pubhtml/sheet?headers=false&gid=1638969482&range=A1%3AG19&output=html&rm=minimal
devils,season one,https://tvseriesfinale.com/tv-show/devils-season-one-ratings/,https://docs.google.com/spreadsheets/d/1UtKbmbo-TrCU00937XlBHCPgAR5Wx5fyu7YHrmiDjZQ/pubhtml/sheet?headers=false&gid=1331615264&range=A1%3Ah100
devils,season two,https://tvseriesfinale.com/tv-show/devils-season-two-ratings/,https://docs.google.com/spreadsheets/d/1MiOE1bCf6lKNJCpNpvXIAZYYbPo5_BfTqqGbsG9ENo8/pubhtml/sheet?headers=false&gid=719638656&range=A1%3Ah100
dexter new blood,season one,https://tvseriesfinale.com/tv-show/dexter-new-blood-season-one-ratings/,https://docs.google.com/spreadsheets/d/13_jTGvVcJocGGMZhhC2fdGIsx1znj_LvslHru7vALRA/pubhtml/sheet?headers=false&gid=330925228&range=A1%3AG100
dice,season two,https://tvseriesfinale.com/tv-show/dice-season-two-ratings/,https://docs.google.com/spreadsheets/d/13_jTGvVcJocGGMZhhC2fdGIsx1znj_LvslHru7vALRA/pubhtml/sheet?headers=false&gid=2085999461&range=A1%3AG100
dietland,season one,https://tvseriesfinale.com/tv-show/dietland-season-one-ratings/,https://docs.google.com/spreadsheets/d/13J-oeB6b8gpR4AGlw7PZS-4FvjvPKN5_0JFfGwsDXG4/pubhtml/sheet?headers=false&gid=1550888501&range=A1%3AG23&output=html&rm=minimal
dirk gentlys holistic detective agency,season two,https://tvseriesfinale.com/tv-show/dirk-gentlys-holistic-detective-agency-season-two-ratings/,https://docs.google.com/spreadsheets/d/12Y2A7RlLipHwsIgde0ZUyYovmiuAwtmeK2zcJD-vJh8/pubhtml/sheet?headers=false&gid=631125819&range=A1%3AG19&output=html&rm=minimal
dirty john,season one,https://tvseriesfinale.com/tv-show/dirty-john-season-one-ratings/,https://docs.google.com/spreadsheets/d/1XBCYT-u31c69trttWV3sbTeSjUbRphF_ib6t8kMoioE/pubhtml/sheet?headers=false&gid=1431965829&range=A1%3AH52&output=html&rm=minimal
the disappearance,season one,https://tvseriesfinale.com/tv-show/the-disappearance-season-one-ratings/,https://docs.google.com/spreadsheets/d/129eqLCyiVuDQ8IavabLOV1GoGpbN9__mBkc87QNSLfk/pubhtml/sheet?headers=false&gid=1462710919&range=A1:G120
a discovery of witches,season one,https://tvseriesfinale.com/tv-show/a-discovery-of-witches-season-one-ratings/,https://docs.google.com/spreadsheets/d/12Y2A7RlLipHwsIgde0ZUyYovmiuAwtmeK2zcJD-vJh8/pubhtml/sheet?headers=false&gid=1070933152&range=A1%3AG19&output=html&rm=minimal
dispatches from elsewhere,season one,https://tvseriesfinale.com/tv-show/dispatches-from-elsewhere-season-one-ratings/,https://docs.google.com/spreadsheets/d/13J-oeB6b8gpR4AGlw7PZS-4FvjvPKN5_0JFfGwsDXG4/pubhtml/sheet?headers=false&gid=2142462393&range=A1%3AG23&output=html&rm=minimal
divorce,season two,https://tvseriesfinale.com/tv-show/divorce-season-two-ratings/,https://docs.google.com/spreadsheets/d/1QU8U82xgr8GURmJc3eR0Y4w7ppxwfNsp6dhPnzcs4bw/pubhtml/sheet?headers=false&gid=1596833780&range=A1%3AG19&output=html&rm=minimal
divorce,season three,https://tvseriesfinale.com/tv-show/divorce-season-three-ratings/,https://docs.google.com/spreadsheets/d/1QU8U82xgr8GURmJc3eR0Y4w7ppxwfNsp6dhPnzcs4bw/pubhtml/sheet?headers=false&gid=1811746761&range=A1%3AG19&output=html&rm=minimal
doctor who,season 10,https://tvseriesfinale.com/tv-show/doctor-who-season-10-ratings/,https://docs.google.com/spreadsheets/d/12Y2A7RlLipHwsIgde0ZUyYovmiuAwtmeK2zcJD-vJh8/pubhtml/sheet?headers=false&gid=1729519829&range=A1%3AG19&output=html&rm=minimal
doctor who,season 11,https://tvseriesfinale.com/tv-show/doctor-who-season-11-ratings/,https://docs.google.com/spreadsheets/d/12Y2A7RlLipHwsIgde0ZUyYovmiuAwtmeK2zcJD-vJh8/pubhtml/sheet?headers=false&gid=45572510&range=A1%3AG19&output=html&rm=minimal
doctor who,season 12,https://tvseriesfinale.com/tv-show/doctor-who-season-12-ratings/,https://docs.google.com/spreadsheets/d/12Y2A7RlLipHwsIgde0ZUyYovmiuAwtmeK2zcJD-vJh8/pubhtml/sheet?headers=false&gid=1885756649&range=A1%3AG19&output=html&rm=minimal
doctor who,season 13,https://tvseriesfinale.com/tv-show/doctor-who-season-13-ratings/,https://docs.google.com/spreadsheets/d/12Y2A7RlLipHwsIgde0ZUyYovmiuAwtmeK2zcJD-vJh8/pubhtml/sheet?headers=false&gid=59141004&range=A1%3AG19&output=html&rm=minimal
domino masters,season one,https://tvseriesfinale.com/tv-show/domino-masters-season-one-ratings/,https://docs.google.com/spreadsheets/d/1PlugKIBMoFJpsdg8AZIYiS56GA8u5BxmNnpQ5v0wx1Q/pubhtml/sheet?headers=false&gid=821660883&range=A1%3Ah100
dont,season one,https://tvseriesfinale.com/tv-show/dont-season-one-ratings/,https://docs.google.com/spreadsheets/d/e/2PACX-1vTrXdDjlQ_DsAe7hNjPK48UpmMYmbZE2_I1S3x0frJJbOh448s7NI2vSBYNr_z6DgMwoksah-NZBkKB/pubhtml/sheet?headers=false&gid=103565213&range=A1%3Ah100
dont forget the lyrics,season one,https://tvseriesfinale.com/tv-show/dont-forget-the-lyrics-season-one-ratings/,https://docs.google.com/spreadsheets/d/1PlugKIBMoFJpsdg8AZIYiS56GA8u5BxmNnpQ5v0wx1Q/pubhtml/sheet?headers=false&gid=939129801&range=A1%3Ah100
dont forget the lyrics,season two,https://tvseriesfinale.com/tv-show/dont-forget-the-lyrics-season-two-ratings/,https://docs.google.com/spreadsheets/d/1bCcF_doylXV5Q45d8vITOJBvhw6a3YcB2aJApWPLCGw/pubhtml/sheet?headers=false&gid=142434481&range=A1%3Ah100
down to earth with zac efron,season one,https://tvseriesfinale.com/tv-show/down-to-earth-with-zac-efron-season-one-ratings/,https://docs.google.com/spreadsheets/d/1qwTMXm7xEOvj2UJCK2EP9eCl3-calTWTXMXFx6_z1oA/pubhtml/sheet?headers=false&gid=1686362579&range=A1%3Ah100
downward dog,season one,https://tvseriesfinale.com/tv-show/downward-dog-season-one-ratings/,https://docs.google.com/spreadsheets/d/1ToHTY-SGH1wLEo31kKz9TOE5PsdpBE20kqtr1BhJBVA/pubhtml/sheet?headers=false&gid=1312479086&range=A1%3Ah100
dr ken tv show abc,season two,https://tvseriesfinale.com/tv-show/dr-ken-tv-show-abc-season-two-ratings/,https://docs.google.com/spreadsheets/d/1ToHTY-SGH1wLEo31kKz9TOE5PsdpBE20kqtr1BhJBVA/pubhtml/sheet?headers=false&gid=1969174153&range=A1%3Ah100
drunk history,season five,https://tvseriesfinale.com/tv-show/drunk-history-season-five-ratings/,https://docs.google.com/spreadsheets/d/1TlUrr7x4sodWNr-S-N8Z1uB3bHn0ftZMVjZJpLyeme8/pubhtml/sheet?headers=false&gid=1308531920&range=A1%3AG97&output=html&rm=minimal
dublin murders,season one,https://tvseriesfinale.com/tv-show/dublin-murders-season-one-ratings/,https://docs.google.com/spreadsheets/d/1-xha-SEcC1L6_KlAxjxMArlpX2A8XY1grDeo58d922E/pubhtml/sheet?headers=false&gid=1333423801&range=A1%3AG100&output=html&rm=minimal
duncanville,season one,https://tvseriesfinale.com/tv-show/duncanville-season-one-ratings/,https://docs.google.com/spreadsheets/d/e/2PACX-1vRmoC8hQFbZMNtUzmwwjsO_0gIf7KnWMgEOC-2a4Bh_rCX1LCdAm6b-BWNfoIlttnPf2iy_4KQj0eFo/pubhtml/sheet?headers=false&gid=483224013&range=A1%3Ah100
duncanville,season two,https://tvseriesfinale.com/tv-show/duncanville-season-two-ratings/,https://docs.google.com/spreadsheets/d/1um1vJjK_QbewPMm0sO1CczrrgO2FDmtjdN74LteZN7g/pubhtml/sheet?headers=false&gid=448504423&range=A1%3Ah100
duncanville,season three,https://tvseriesfinale.com/tv-show/duncanville-season-three-ratings/,https://docs.google.com/spreadsheets/d/1PlugKIBMoFJpsdg8AZIYiS56GA8u5BxmNnpQ5v0wx1Q/pubhtml/sheet?headers=false&gid=1547684111&range=A1%3Ah100
dynasty,season one,https://tvseriesfinale.com/tv-show/dynasty-season-one-ratings/,https://docs.google.com/spreadsheets/d/e/2PACX-1vR_SBz9FDKyY15XKRCf_Vpm1tJXCnrieAa2957aRG1B9OPPcaQGfv4n1m4kjsCVCZGH29aYvTeDUaiS/pubhtml/sheet?headers=false&gid=1345556869&range=A1%3AH40
dynasty,season two,https://tvseriesfinale.com/tv-show/dynasty-season-two-ratings/,https://docs.google.com/spreadsheets/d/1T-eDbU4WnVnGczaTUc9X91683hE7PYpTtpap48tpnu0/pubhtml/sheet?headers=false&gid=1345556869&range=A1%3Ah100
dynasty,season three,https://tvseriesfinale.com/tv-show/dynasty-season-three-ratings/,https://docs.google.com/spreadsheets/d/e/2PACX-1vTaD6uAv0rMyqOLpklP9QmMHlz3gUaKkf5kYVM3nDXbIBys2LKIkvfed1zv-22RJpYtZtcw1rvPd5ws/pubhtml/sheet?headers=false&gid=2090780253&range=A1%3Ah100
dynasty,season four,https://tvseriesfinale.com/tv-show/dynasty-season-four-ratings/,https://docs.google.com/spreadsheets/d/1UtKbmbo-TrCU00937XlBHCPgAR5Wx5fyu7YHrmiDjZQ/pubhtml/sheet?headers=false&gid=1045237898&range=A1%3Ah100
dynasty,season five,https://tvseriesfinale.com/tv-show/dynasty-season-five-ratings/,https://docs.google.com/spreadsheets/d/1MiOE1bCf6lKNJCpNpvXIAZYYbPo5_BfTqqGbsG9ENo8/pubhtml/sheet?headers=false&gid=1687767326&range=A1%3Ah100
elementary,season six,https://tvseriesfinale.com/tv-show/elementary-season-six-ratings/,https://docs.google.com/spreadsheets/d/e/2PACX-1vT3vh7mmYQQq1m3g7KQMsmlr1cEvnVRX6aVWRwp6JU7F2hy06mf_irW7uwbTdww_G47LBmS64qNTLkG/pubhtml/sheet?headers=false&gid=800211754&range=A1%3Ah100
elementary,season seven,https://tvseriesfinale.com/tv-show/elementary-season-seven-ratings/,https://docs.google.com/spreadsheets/d/1qlYGtdgF6N3UIJArkhteiD8B0zo8akewHTR0Jd_ceOE/pubhtml/sheet?headers=false&gid=765137375&range=A1%3Ah100
ellens game games,season one,https://tvseriesfinale.com/tv-show/ellens-game-games-season-one-ratings/,https://docs.google.com/spreadsheets/d/e/2PACX-1vSbDlv8pGgTvsiGGgnQ0icBwo7pLFDRo4Jd9SNGQp2UVAXALuO-q0ukrsBaa2PvdfaDG7yK8Z-15Ldp/pubhtml/sheet?headers=false&gid=1463318103&range=A1%3Ah100
ellens game of games,season two,https://tvseriesfinale.com/tv-show/ellens-game-of-games-season-two-ratings/,https://docs.google.com/spreadsheets/d/1xFhCp0TeNw3qt7L-sjT6GVG1Fq3rxa3v6tGV_EhW0Bc/pubhtml/sheet?headers=false&gid=391803924&range=A1%3Ah100
ellens game of games,season three,https://tvseriesfinale.com/tv-show/ellens-game-of-games-season-three-ratings/,https://docs.google.com/spreadsheets/d/e/2PACX-1vRtVj2UE-OnOA12xp1fNuzjlRH3leED-mA5SsVYu5siarlfm8OVy5EHBpyoUlI9ICBIQzZ2hnLviUro/pubhtml/sheet?headers=false&gid=901004902&range=A1%3Ah100
ellens game of games,season four,https://tvseriesfinale.com/tv-show/ellens-game-of-games-season-four-ratings/,https://docs.google.com/spreadsheets/d/10un34Z5y-n7KeT3gb_7cpWX7fhoO90wr1mlus7eRKcs/pubhtml/sheet?headers=false&gid=1127934120&range=A1%3Ah100
elsbeth,season one,https://tvseriesfinale.com/tv-show/elsbeth-season-one-ratings/,https://docs.google.com/spreadsheets/d/1Ii2QZoWwUROqd4TnVe05t4fNPdqfeER4kQIpqwyDIs4/pubhtml/sheet?headers=false&gid=784949247&range=A1%3Ah100
emergence,season one,https://tvseriesfinale.com/tv-show/emergence-season-one-ratings/,https://docs.google.com/spreadsheets/d/e/2PACX-1vTrXdDjlQ_DsAe7hNjPK48UpmMYmbZE2_I1S3x0frJJbOh448s7NI2vSBYNr_z6DgMwoksah-NZBkKB/pubhtml/sheet?headers=false&gid=1873515278&range=A1%3Ah100
emergency call,season one,https://tvseriesfinale.com/tv-show/emergency-call-season-one-ratings/,https://docs.google.com/spreadsheets/d/1NS9t3Pv-5_wq_fCkMbQDlf0scWZ_TYTsLp38Z8jaw_M/pubhtml/sheet?headers=false&gid=1188654828&range=A1%3Ah100
empire,season four,https://tvseriesfinale.com/tv-show/empire-season-four-ratings/,https://docs.google.com/spreadsheets/d/1ftMGnLJFFncsXKJ6saeTkxhdfa23cittfFA2Z2rVogM/pubhtml/sheet?headers=false&gid=622207137&range=A1%3Ah100
empire fox tv show,season five,https://tvseriesfinale.com/tv-show/empire-fox-tv-show-season-five-ratings/,https://docs.google.com/spreadsheets/d/1n4PyBtJrphtdfhiPq884nmoV8wIMKHVrgbvYhJ-DV80/pubhtml/sheet?headers=false&gid=622207137&range=A1%3Ah100
empire,season six,https://tvseriesfinale.com/tv-show/empire-season-six-ratings/,https://docs.google.com/spreadsheets/d/e/2PACX-1vRmoC8hQFbZMNtUzmwwjsO_0gIf7KnWMgEOC-2a4Bh_rCX1LCdAm6b-BWNfoIlttnPf2iy_4KQj0eFo/pubhtml/sheet?headers=false&gid=21617663&range=A1%3Ah100
the end,season one,https://tvseriesfinale.com/tv-show/the-end-season-one-ratings/,
the endgame,season one,https://tvseriesfinale.com/tv-show/the-endgame-season-one-ratings/,https://docs.google.com/spreadsheets/d/1HyhsoErv-gaQ6jE5tzO_Ax6r5ouKVGm3nNLcv74jPYY/pubhtml/sheet?headers=false&gid=1011861278&range=A1%3Ah100
the enemy within,season one,https://tvseriesfinale.com/tv-show/the-enemy-within-season-one-ratings/,https://docs.google.com/spreadsheets/d/1xFhCp0TeNw3qt7L-sjT6GVG1Fq3rxa3v6tGV_EhW0Bc/pubhtml/sheet?headers=false&gid=1767309831&range=A1%3Ah100
episodes,season five,https://tvseriesfinale.com/tv-show/episodes-season-five-ratings/,https://docs.google.com/spreadsheets/d/13_jTGvVcJocGGMZhhC2fdGIsx1znj_LvslHru7vALRA/pubhtml/sheet?headers=false&gid=600257422&range=A1%3AG100
the equalizer,season one,https://tvseriesfinale.com/tv-show/the-equalizer-season-one-ratings/,https://docs.google.com/spreadsheets/d/1dBByBwNRkBxn64JkURCCBbkdekn50VAxa3AfH7pZK04/pubhtml/sheet?headers=false&gid=1773710584&range=A1%3Ah100
the equalizer,season two,https://tvseriesfinale.com/tv-show/the-equalizer-season-two-ratings/,https://docs.google.com/spreadsheets/d/1gPmjJd_L8Sp9Vp5qI5sfS69ztHiav5B4fFPrTOSmVMs/pubhtml/sheet?headers=false&gid=93397345&range=A1%3Ah100
the equalizer,season three,https://tvseriesfinale.com/tv-show/the-equalizer-season-three-ratings/,https://docs.google.com/spreadsheets/d/1_sakYamJH4LVbbDwVcQ-b6tvhOWWTnOVbh4nIqrMlVM/pubhtml/sheet?headers=false&gid=1411580340&range=A1%3Ah100
the equalizer,season four,https://tvseriesfinale.com/tv-show/the-equalizer-season-four-ratings/,https://docs.google.com/spreadsheets/d/1Ii2QZoWwUROqd4TnVe05t4fNPdqfeER4kQIpqwyDIs4/pubhtml/sheet?headers=false&gid=1878379615&range=A1%3Ah100
escape at dannemora,season one,https://tvseriesfinale.com/tv-show/escape-at-dannemora-season-one-ratings/,https://docs.google.com/spreadsheets/d/13_jTGvVcJocGGMZhhC2fdGIsx1znj_LvslHru7vALRA/pubhtml/sheet?headers=false&gid=779811770&range=A1%3AG100
euphoria,season one,https://tvseriesfinale.com/tv-show/euphoria-season-one-ratings/,https://docs.google.com/spreadsheets/d/1QU8U82xgr8GURmJc3eR0Y4w7ppxwfNsp6dhPnzcs4bw/pubhtml/sheet?headers=false&gid=1877605902&range=A1%3AG19&output=html&rm=minimal
euphoria,season two,https://tvseriesfinale.com/tv-show/euphoria-season-two-ratings/,https://docs.google.com/spreadsheets/d/1QU8U82xgr8GURmJc3eR0Y4w7ppxwfNsp6dhPnzcs4bw/pubhtml/sheet?headers=false&gid=442459708&range=A1%3AG19&output=html&rm=minimal
everyone else burns,season one,https://tvseriesfinale.com/tv-show/everyone-else-burns-season-one-ratings/,https://docs.google.com/spreadsheets/d/1VOF9EearmNFEo8w6vHiQipNNQVkvI529Yr3CG1qfSnQ/pubhtml/sheet?headers=false&gid=1155922545&range=A1%3Ah100
everythings gonna be okay,season one,https://tvseriesfinale.com/tv-show/everythings-gonna-be-okay-season-one-ratings/,https://docs.google.com/spreadsheets/d/1cnttQo1fIxTypKG3x19Ax0Zh4Pn8dtfzDfO4lVWsi6Y/pubhtml/sheet?headers=false&gid=1923536524&range=A1:G120
everythings gonna be okay,season two,https://tvseriesfinale.com/tv-show/everythings-gonna-be-okay-season-two-ratings/,https://docs.google.com/spreadsheets/d/1cnttQo1fIxTypKG3x19Ax0Zh4Pn8dtfzDfO4lVWsi6Y/pubhtml/sheet?headers=false&gid=1973208176&range=A1:G120
everythings trash,season one,https://tvseriesfinale.com/tv-show/everythings-trash-season-one-ratings/,https://docs.google.com/spreadsheets/d/1cnttQo1fIxTypKG3x19Ax0Zh4Pn8dtfzDfO4lVWsi6Y/pubhtml/sheet?headers=false&gid=1498382862&range=A1:G120
evil,season one,https://tvseriesfinale.com/tv-show/evil-season-one-ratings/,https://docs.google.com/spreadsheets/d/e/2PACX-1vT0r9Z1zIFp1HCpQK8PJDq8yeZzWrPf8e5BhFbpOvRROSxNyF6FMc5WC4jKRtnUWwnK66Gam6BNkEHI/pubhtml/sheet?headers=false&gid=685571927&range=A1%3Ah100
the exorcist,season two,https://tvseriesfinale.com/tv-show/the-exorcist-season-two-ratings/,https://docs.google.com/spreadsheets/d/1ftMGnLJFFncsXKJ6saeTkxhdfa23cittfFA2Z2rVogM/pubhtml/sheet?headers=false&gid=1046583754&range=A1%3Ah100
expanse,season two,https://tvseriesfinale.com/tv-show/expanse-season-two-ratings/,https://docs.google.com/spreadsheets/d/14IMssfgFsz8f3V5fAqkrt1xG_NUPQHNq4zimlz87N_c/pubhtml/sheet?headers=false&gid=1587671274&range=A1%3AG30
expanse,season three,https://tvseriesfinale.com/tv-show/expanse-season-three-ratings/,https://docs.google.com/spreadsheets/d/14IMssfgFsz8f3V5fAqkrt1xG_NUPQHNq4zimlz87N_c/pubhtml/sheet?headers=false&gid=1495263108&range=A1%3AG30
extended family,season one,https://tvseriesfinale.com/tv-show/extended-family-season-one-ratings/,https://docs.google.com/spreadsheets/d/1ulFHD6XOdDbGfOjxn7oY7g5VbYqBaQ4f5x74oABSSnE/pubhtml/sheet?headers=false&gid=1399163390&range=A1%3Ah100
f word,season one,https://tvseriesfinale.com/tv-show/f-word-season-one-ratings/,https://docs.google.com/spreadsheets/d/1avKfTwLT9jXPNSzSisElW1a1bufQnuPCAwE_k817Z90/pubhtml/sheet?headers=false&gid=1123386157&range=A1%3Ah100
fairview,season one,https://tvseriesfinale.com/tv-show/fairview-season-one-ratings/,https://docs.google.com/spreadsheets/d/1TlUrr7x4sodWNr-S-N8Z1uB3bHn0ftZMVjZJpLyeme8/pubhtml/sheet?headers=false&gid=222004672&range=A1:G120
faking,season three,https://tvseriesfinale.com/tv-show/faking-season-three-ratings/,https://docs.google.com/spreadsheets/d/1AHN2UYf3_49uiTuaQukQ6SdVXTd5DwTp8ShwwhzLfl8/pubhtml/sheet?headers=false&gid=876585362&range=A1%3AG40&output=html&rm=minimal
fam,season one,https://tvseriesfinale.com/tv-show/fam-season-one-ratings/,https://docs.google.com/spreadsheets/d/1qlYGtdgF6N3UIJArkhteiD8B0zo8akewHTR0Jd_ceOE/pubhtml/sheet?headers=false&gid=217361802&range=A1%3Ah100
family food fight,season one,https://tvseriesfinale.com/tv-show/family-food-fight-season-one-ratings/,https://docs.google.com/spreadsheets/d/1Z54g0izrymDxV0QDkwOGE9auYHrCu-FTYNpPDykzPJ8/pubhtml/sheet?headers=false&gid=823427540&range=A1%3Ah100
family game fight,season one,https://tvseriesfinale.com/tv-show/family-game-fight-season-one-ratings/,https://docs.google.com/spreadsheets/d/10un34Z5y-n7KeT3gb_7cpWX7fhoO90wr1mlus7eRKcs/pubhtml/sheet?headers=false&gid=1482848393&range=A1%3Ah100
family guy,season 15,https://tvseriesfinale.com/tv-show/family-guy-season-15-ratings/,https://docs.google.com/spreadsheets/d/1ftMGnLJFFncsXKJ6saeTkxhdfa23cittfFA2Z2rVogM/pubhtml/sheet?headers=false&gid=1895825971&range=A1%3Ah100
family guy,season 16,https://tvseriesfinale.com/tv-show/family-guy-season-16-ratings/,https://docs.google.com/spreadsheets/d/1n4PyBtJrphtdfhiPq884nmoV8wIMKHVrgbvYhJ-DV80/pubhtml/sheet?headers=false&gid=1895825971&range=A1%3Ah100
family guy,season 17,https://tvseriesfinale.com/tv-show/family-guy-season-17-ratings/,https://docs.google.com/spreadsheets/d/e/2PACX-1vRmoC8hQFbZMNtUzmwwjsO_0gIf7KnWMgEOC-2a4Bh_rCX1LCdAm6b-BWNfoIlttnPf2iy_4KQj0eFo/pubhtml/sheet?headers=false&gid=461839170&range=A1%3Ah100
family guy,season 19,https://tvseriesfinale.com/tv-show/family-guy-season-19-ratings/,https://docs.google.com/spreadsheets/d/1PlugKIBMoFJpsdg8AZIYiS56GA8u5BxmNnpQ5v0wx1Q/pubhtml/sheet?headers=false&gid=911540400&range=A1%3Ah100
family guy,season 22,https://tvseriesfinale.com/tv-show/family-guy-season-22-ratings/,https://docs.google.com/spreadsheets/d/1gho_2zWLswUjY_ZpmoiMhFa0JCIIjFpOuxah5J-ltYk/pubhtml/sheet?headers=false&gid=116004670&range=A1%3Ah100
family law,season one,https://tvseriesfinale.com/tv-show/family-law-season-one-ratings/,https://docs.google.com/spreadsheets/d/1qwTMXm7xEOvj2UJCK2EP9eCl3-calTWTXMXFx6_z1oA/pubhtml/sheet?headers=false&gid=1802771048&range=A1%3Ah100
family law,season two,https://tvseriesfinale.com/tv-show/family-law-season-two-ratings/,https://docs.google.com/spreadsheets/d/1qwTMXm7xEOvj2UJCK2EP9eCl3-calTWTXMXFx6_z1oA/pubhtml/sheet?headers=false&gid=517830268&range=A1%3Ah100
family law,season three,https://tvseriesfinale.com/tv-show/family-law-season-three-ratings/,https://docs.google.com/spreadsheets/d/1VOF9EearmNFEo8w6vHiQipNNQVkvI529Yr3CG1qfSnQ/pubhtml/sheet?headers=false&gid=713687349&range=A1%3Ah100
famous in love,season one,https://tvseriesfinale.com/tv-show/famous-in-love-season-one-ratings/,https://docs.google.com/spreadsheets/d/1cnttQo1fIxTypKG3x19Ax0Zh4Pn8dtfzDfO4lVWsi6Y/pubhtml/sheet?headers=false&gid=1265763003&range=A1:G120
famous love,season two,https://tvseriesfinale.com/tv-show/famous-love-season-two-ratings/,https://docs.google.com/spreadsheets/d/1cnttQo1fIxTypKG3x19Ax0Zh4Pn8dtfzDfO4lVWsi6Y/pubhtml/sheet?headers=false&gid=1291115312&range=A1:G120
fantastic friends,season one,https://tvseriesfinale.com/tv-show/fantastic-friends-season-one-ratings/,https://docs.google.com/spreadsheets/d/1qwTMXm7xEOvj2UJCK2EP9eCl3-calTWTXMXFx6_z1oA/pubhtml/sheet?headers=false&gid=1951909500&range=A1%3Ah100
fantasy island,season one,https://tvseriesfinale.com/tv-show/fantasy-island-season-one-ratings/,https://docs.google.com/spreadsheets/d/1um1vJjK_QbewPMm0sO1CczrrgO2FDmtjdN74LteZN7g/pubhtml/sheet?headers=false&gid=158426295&range=A1%3Ah100
fantasy island,season two,https://tvseriesfinale.com/tv-show/fantasy-island-season-two-ratings/,https://docs.google.com/spreadsheets/d/1bCcF_doylXV5Q45d8vITOJBvhw6a3YcB2aJApWPLCGw/pubhtml/sheet?headers=false&gid=670319500&range=A1%3Ah100
fargo,season three,https://tvseriesfinale.com/tv-show/fargo-season-three-ratings/,https://docs.google.com/spreadsheets/d/1DdYBR3HPqX7CL7Inge6KsMqvRhBXC7K--484-vIofrk/pubhtml/sheet?headers=false&gid=195009919&range=A1%3AG97&output=html&rm=minimal
fargo,season four,https://tvseriesfinale.com/tv-show/fargo-season-four-ratings/,https://docs.google.com/spreadsheets/d/1DdYBR3HPqX7CL7Inge6KsMqvRhBXC7K--484-vIofrk/pubhtml/sheet?headers=false&gid=574647027&range=A1%3AG97&output=html&rm=minimal
fargo,season five,https://tvseriesfinale.com/tv-show/fargo-season-five-ratings/,https://docs.google.com/spreadsheets/d/1DdYBR3HPqX7CL7Inge6KsMqvRhBXC7K--484-vIofrk/pubhtml/sheet?headers=false&gid=779623217&range=A1%3AG97&output=html&rm=minimal
farmer wants a wife,season one,https://tvseriesfinale.com/tv-show/farmer-wants-a-wife-season-one-ratings/,https://docs.google.com/spreadsheets/d/1bCcF_doylXV5Q45d8vITOJBvhw6a3YcB2aJApWPLCGw/pubhtml/sheet?headers=false&gid=197269199&range=A1%3Ah100
farmer wants a wife,season two,https://tvseriesfinale.com/tv-show/farmer-wants-a-wife-season-two-ratings/,https://docs.google.com/spreadsheets/d/1gho_2zWLswUjY_ZpmoiMhFa0JCIIjFpOuxah5J-ltYk/pubhtml/sheet?headers=false&gid=1188467693&range=A1%3Ah100
the fatal flaw,season one,https://tvseriesfinale.com/tv-show/the-fatal-flaw-season-one-ratings/,https://docs.google.com/spreadsheets/d/1UHVhAstyDVbA_72wuwSMX7TAPuO4Z_5sX1xbcmNjr2s/pubhtml/sheet?headers=false&gid=1097128759&range=A1%3Ah100
fbi,season one,https://tvseriesfinale.com/tv-show/fbi-season-one-ratings/,https://docs.google.com/spreadsheets/d/1qlYGtdgF6N3UIJArkhteiD8B0zo8akewHTR0Jd_ceOE/pubhtml/sheet?headers=false&gid=59264450&range=A1%3Ah100
fbi,season two,https://tvseriesfinale.com/tv-show/fbi-season-two-ratings/,https://docs.google.com/spreadsheets/d/e/2PACX-1vT0r9Z1zIFp1HCpQK8PJDq8yeZzWrPf8e5BhFbpOvRROSxNyF6FMc5WC4jKRtnUWwnK66Gam6BNkEHI/pubhtml/sheet?headers=false&gid=136335976&range=A1%3Ah100
fbi,season three,https://tvseriesfinale.com/tv-show/fbi-season-three-ratings/,https://docs.google.com/spreadsheets/d/1dBByBwNRkBxn64JkURCCBbkdekn50VAxa3AfH7pZK04/pubhtml/sheet?headers=false&gid=1694844797&range=A1%3Ah100
fbi,season four,https://tvseriesfinale.com/tv-show/fbi-season-four-ratings/,https://docs.google.com/spreadsheets/d/1gPmjJd_L8Sp9Vp5qI5sfS69ztHiav5B4fFPrTOSmVMs/pubhtml/sheet?headers=false&gid=2126386141&range=A1%3Ah100
fbi,season five,https://tvseriesfinale.com/tv-show/fbi-season-five-ratings/,https://docs.google.com/spreadsheets/d/1_sakYamJH4LVbbDwVcQ-b6tvhOWWTnOVbh4nIqrMlVM/pubhtml/sheet?headers=false&gid=1779455978&range=A1%3Ah100
fbi,season six,https://tvseriesfinale.com/tv-show/fbi-season-six-ratings/,https://docs.google.com/spreadsheets/d/1Ii2QZoWwUROqd4TnVe05t4fNPdqfeER4kQIpqwyDIs4/pubhtml/sheet?headers=false&gid=1139068685&range=A1%3Ah100
the fbi declassified,season one,https://tvseriesfinale.com/tv-show/the-fbi-declassified-season-one-ratings/,https://docs.google.com/spreadsheets/d/1dBByBwNRkBxn64JkURCCBbkdekn50VAxa3AfH7pZK04/pubhtml/sheet?headers=false&gid=1894475043&range=A1%3Ah100
fbi true,season one,https://tvseriesfinale.com/tv-show/fbi-true-season-one-ratings/,https://docs.google.com/spreadsheets/d/1Ii2QZoWwUROqd4TnVe05t4fNPdqfeER4kQIpqwyDIs4/pubhtml/sheet?headers=false&gid=476214053&range=A1%3Ah100
fbi international,season one,https://tvseriesfinale.com/tv-show/fbi-international-season-one-ratings/,https://docs.google.com/spreadsheets/d/1gPmjJd_L8Sp9Vp5qI5sfS69ztHiav5B4fFPrTOSmVMs/pubhtml/sheet?headers=false&gid=269370217&range=A1%3Ah100
fbi international,season two,https://tvseriesfinale.com/tv-show/fbi-international-season-two-ratings/,https://docs.google.com/spreadsheets/d/1_sakYamJH4LVbbDwVcQ-b6tvhOWWTnOVbh4nIqrMlVM/pubhtml/sheet?headers=false&gid=1479542411&range=A1%3Ah100
fbi international,season three,https://tvseriesfinale.com/tv-show/fbi-international-season-three-ratings/,https://docs.google.com/spreadsheets/d/1Ii2QZoWwUROqd4TnVe05t4fNPdqfeER4kQIpqwyDIs4/pubhtml/sheet?headers=false&gid=1591424634&range=A1%3Ah100
fbi most wanted,season one,https://tvseriesfinale.com/tv-show/fbi-most-wanted-season-one-ratings/,https://docs.google.com/spreadsheets/d/e/2PACX-1vT0r9Z1zIFp1HCpQK8PJDq8yeZzWrPf8e5BhFbpOvRROSxNyF6FMc5WC4jKRtnUWwnK66Gam6BNkEHI/pubhtml/sheet?headers=false&gid=185630719&range=A1%3Ah100
fbi most wanted,season two,https://tvseriesfinale.com/tv-show/fbi-most-wanted-season-two-ratings/,https://docs.google.com/spreadsheets/d/1dBByBwNRkBxn64JkURCCBbkdekn50VAxa3AfH7pZK04/pubhtml/sheet?headers=false&gid=570538261&range=A1%3Ah100
fbi most wanted,season three,https://tvseriesfinale.com/tv-show/fbi-most-wanted-season-three-ratings/,https://docs.google.com/spreadsheets/d/1gPmjJd_L8Sp9Vp5qI5sfS69ztHiav5B4fFPrTOSmVMs/pubhtml/sheet?headers=false&gid=1848037072&range=A1%3Ah100
fbi most wanted,season four,https://tvseriesfinale.com/tv-show/fbi-most-wanted-season-four-ratings/,https://docs.google.com/spreadsheets/d/1_sakYamJH4LVbbDwVcQ-b6tvhOWWTnOVbh4nIqrMlVM/pubhtml/sheet?headers=false&gid=1608299918&range=A1%3Ah100
fbi most wanted,season five,https://tvseriesfinale.com/tv-show/fbi-most-wanted-season-five-ratings/,https://docs.google.com/spreadsheets/d/1Ii2QZoWwUROqd4TnVe05t4fNPdqfeER4kQIpqwyDIs4/pubhtml/sheet?headers=false&gid=1812929338&range=A1%3Ah100
fboy island,season two,https://tvseriesfinale.com/tv-show/fboy-island-season-two-ratings/,https://docs.google.com/spreadsheets/d/1qwTMXm7xEOvj2UJCK2EP9eCl3-calTWTXMXFx6_z1oA/pubhtml/sheet?headers=false&gid=634684550&range=A1%3Ah100
fboy island,season three,https://tvseriesfinale.com/tv-show/fboy-island-season-three-ratings/,https://docs.google.com/spreadsheets/d/1VOF9EearmNFEo8w6vHiQipNNQVkvI529Yr3CG1qfSnQ/pubhtml/sheet?headers=false&gid=321398018&range=A1%3Ah100
fear walking dead,season three,https://tvseriesfinale.com/tv-show/fear-walking-dead-season-three-ratings/,https://docs.google.com/spreadsheets/d/13J-oeB6b8gpR4AGlw7PZS-4FvjvPKN5_0JFfGwsDXG4/pubhtml/sheet?headers=false&gid=1533158398&range=A1%3AG23&output=html&rm=minimal
fear the walking dead,season four,https://tvseriesfinale.com/tv-show/fear-the-walking-dead-season-four-ratings/,https://docs.google.com/spreadsheets/d/13J-oeB6b8gpR4AGlw7PZS-4FvjvPKN5_0JFfGwsDXG4/pubhtml/sheet?headers=false&gid=808038766&range=A1%3AG23&output=html&rm=minimal
fear the walking dead,season five,https://tvseriesfinale.com/tv-show/fear-the-walking-dead-season-five-ratings/,https://docs.google.com/spreadsheets/d/13J-oeB6b8gpR4AGlw7PZS-4FvjvPKN5_0JFfGwsDXG4/pubhtml/sheet?headers=false&gid=907798110&range=A1%3AG23&output=html&rm=minimal
fear the walking dead,season six,https://tvseriesfinale.com/tv-show/fear-the-walking-dead-season-six-ratings/,https://docs.google.com/spreadsheets/d/13J-oeB6b8gpR4AGlw7PZS-4FvjvPKN5_0JFfGwsDXG4/pubhtml/sheet?headers=false&gid=1359840147&range=A1%3AG23&output=html&rm=minimal
fear the walking dead,season seven,https://tvseriesfinale.com/tv-show/fear-the-walking-dead-season-seven-ratings/,https://docs.google.com/spreadsheets/d/13J-oeB6b8gpR4AGlw7PZS-4FvjvPKN5_0JFfGwsDXG4/pubhtml/sheet?headers=false&gid=682295491&range=A1%3AG23&output=html&rm=minimal
fear the walking dead,season eight,https://tvseriesfinale.com/tv-show/fear-the-walking-dead-season-eight-ratings/,https://docs.google.com/spreadsheets/d/13J-oeB6b8gpR4AGlw7PZS-4FvjvPKN5_0JFfGwsDXG4/pubhtml/sheet?headers=false&gid=1348873515&range=A1%3AG23&output=html&rm=minimal
feud,season one,https://tvseriesfinale.com/tv-show/feud-season-one-ratings/,https://docs.google.com/spreadsheets/d/1DdYBR3HPqX7CL7Inge6KsMqvRhBXC7K--484-vIofrk/pubhtml/sheet?headers=false&gid=958317908&range=A1%3AG97&output=html&rm=minimal
fight to survive,season one,https://tvseriesfinale.com/tv-show/fight-to-survive-season-one-ratings/,https://docs.google.com/spreadsheets/d/1qwTMXm7xEOvj2UJCK2EP9eCl3-calTWTXMXFx6_z1oA/pubhtml/sheet?headers=false&gid=688737784&range=A1%3Ah100
final space,season one,https://tvseriesfinale.com/tv-show/final-space-season-one-ratings/,https://docs.google.com/spreadsheets/d/1eh7nTgIxbi8a9fuPk03eCgyj472TxoA3NMIrNcySQb8/pubhtml/sheet?headers=false&gid=1913223657&range=A1%3AG100
the final straw,season one,https://tvseriesfinale.com/tv-show/the-final-straw-season-one-ratings/,https://docs.google.com/spreadsheets/d/1UHVhAstyDVbA_72wuwSMX7TAPuO4Z_5sX1xbcmNjr2s/pubhtml/sheet?headers=false&gid=1874540115&range=A1%3Ah100
fire country,season one,https://tvseriesfinale.com/tv-show/fire-country-season-one-ratings/,https://docs.google.com/spreadsheets/d/1_sakYamJH4LVbbDwVcQ-b6tvhOWWTnOVbh4nIqrMlVM/pubhtml/sheet?headers=false&gid=1987056028&range=A1%3Ah100
fire country,season two,https://tvseriesfinale.com/tv-show/fire-country-season-two-ratings/,https://docs.google.com/spreadsheets/d/1Ii2QZoWwUROqd4TnVe05t4fNPdqfeER4kQIpqwyDIs4/pubhtml/sheet?headers=false&gid=1506856527&range=A1%3Ah100
first dates,season one,https://tvseriesfinale.com/tv-show/first-dates-season-one-ratings/,https://docs.google.com/spreadsheets/d/1EJ3FkRtr5NpRjuRFfdwm30sttYn4sLEgjJ8Wcl6XObU/pubhtml/sheet?headers=false&gid=63547232&range=A1%3Ah100
the first lady,season one,https://tvseriesfinale.com/tv-show/the-first-lady-season-one-ratings/,https://docs.google.com/spreadsheets/d/13_jTGvVcJocGGMZhhC2fdGIsx1znj_LvslHru7vALRA/pubhtml/sheet?headers=false&gid=1613630674&range=A1%3AG100
first responders live,season one,https://tvseriesfinale.com/tv-show/first-responders-live-season-one-ratings/,https://docs.google.com/spreadsheets/d/1n4PyBtJrphtdfhiPq884nmoV8wIMKHVrgbvYhJ-DV80/pubhtml/sheet?headers=false&gid=1334917271&range=A1%3Ah100
the fix,season one,https://tvseriesfinale.com/tv-show/the-fix-season-one-ratings/,https://docs.google.com/spreadsheets/d/1Z54g0izrymDxV0QDkwOGE9auYHrCu-FTYNpPDykzPJ8/pubhtml/sheet?headers=false&gid=870227374&range=A1%3Ah100
flack,season one,https://tvseriesfinale.com/tv-show/flack-season-one-ratings/,https://docs.google.com/spreadsheets/d/1GI9eIM1XmSbdKMy4x6m9Vtw870FZpJ3G9suxs69lTz8/pubhtml/sheet?headers=false&gid=231586345&range=A1%3AG46
flash,season four,https://tvseriesfinale.com/tv-show/flash-season-four-ratings/,https://docs.google.com/spreadsheets/d/e/2PACX-1vR_SBz9FDKyY15XKRCf_Vpm1tJXCnrieAa2957aRG1B9OPPcaQGfv4n1m4kjsCVCZGH29aYvTeDUaiS/pubhtml/sheet?headers=false&gid=328389115&range=A1%3AH40
flash,season five,https://tvseriesfinale.com/tv-show/flash-season-five-ratings/,https://docs.google.com/spreadsheets/d/1T-eDbU4WnVnGczaTUc9X91683hE7PYpTtpap48tpnu0/pubhtml/sheet?headers=false&gid=328389115&range=A1%3Ah100
the flash,season six,https://tvseriesfinale.com/tv-show/the-flash-season-six-ratings/,https://docs.google.com/spreadsheets/d/e/2PACX-1vTaD6uAv0rMyqOLpklP9QmMHlz3gUaKkf5kYVM3nDXbIBys2LKIkvfed1zv-22RJpYtZtcw1rvPd5ws/pubhtml/sheet?headers=false&gid=2000194686&range=A1%3Ah100
the flash,season seven,https://tvseriesfinale.com/tv-show/the-flash-season-seven-ratings/,https://docs.google.com/spreadsheets/d/1UtKbmbo-TrCU00937XlBHCPgAR5Wx5fyu7YHrmiDjZQ/pubhtml/sheet?headers=false&gid=484228190&range=A1%3Ah100
the flash,season eight,https://tvseriesfinale.com/tv-show/the-flash-season-eight-ratings/,https://docs.google.com/spreadsheets/d/1MiOE1bCf6lKNJCpNpvXIAZYYbPo5_BfTqqGbsG9ENo8/pubhtml/sheet?headers=false&gid=884742878&range=A1%3Ah100
the flash,season nine,https://tvseriesfinale.com/tv-show/the-flash-season-nine-ratings/,https://docs.google.com/spreadsheets/d/1qwTMXm7xEOvj2UJCK2EP9eCl3-calTWTXMXFx6_z1oA/pubhtml/sheet?headers=false&gid=1096586703&range=A1%3Ah100
flatbush misdemeanors,season one,https://tvseriesfinale.com/tv-show/flatbush-misdemeanors-season-one-ratings/,https://docs.google.com/spreadsheets/d/13_jTGvVcJocGGMZhhC2fdGIsx1znj_LvslHru7vALRA/pubhtml/sheet?headers=false&gid=834314582&range=A1%3AG100
flirty dancing,season one,https://tvseriesfinale.com/tv-show/flirty-dancing-season-one-ratings/,https://docs.google.com/spreadsheets/d/e/2PACX-1vRmoC8hQFbZMNtUzmwwjsO_0gIf7KnWMgEOC-2a4Bh_rCX1LCdAm6b-BWNfoIlttnPf2iy_4KQj0eFo/pubhtml/sheet?headers=false&gid=1462268414&range=A1%3Ah100
the floor,season one,https://tvseriesfinale.com/tv-show/the-floor-season-one-ratings/,https://docs.google.com/spreadsheets/d/1gho_2zWLswUjY_ZpmoiMhFa0JCIIjFpOuxah5J-ltYk/pubhtml/sheet?headers=false&gid=358926652&range=A1%3Ah100
florida girls,season one,https://tvseriesfinale.com/tv-show/florida-girls-season-one-ratings/,https://docs.google.com/spreadsheets/d/1GI9eIM1XmSbdKMy4x6m9Vtw870FZpJ3G9suxs69lTz8/pubhtml/sheet?headers=false&gid=635229129&range=A1%3AG46
for better or worse,season six,https://tvseriesfinale.com/tv-show/for-better-or-worse-season-six-ratings/,https://docs.google.com/spreadsheets/d/1Ew4e9wBK4P_eX68Vqc7EDEwaUJZDWr7OTJyGvD8Y5Jc/pubhtml/sheet?headers=false&gid=364019512&range=A1%3AH52&output=html&rm=minimal
for life,season one,https://tvseriesfinale.com/tv-show/for-life-season-one-ratings/,https://docs.google.com/spreadsheets/d/e/2PACX-1vTrXdDjlQ_DsAe7hNjPK48UpmMYmbZE2_I1S3x0frJJbOh448s7NI2vSBYNr_z6DgMwoksah-NZBkKB/pubhtml/sheet?headers=false&gid=1559822908&range=A1%3Ah100
for life,season two,https://tvseriesfinale.com/tv-show/for-life-season-two-ratings/,https://docs.google.com/spreadsheets/d/1NS9t3Pv-5_wq_fCkMbQDlf0scWZ_TYTsLp38Z8jaw_M/pubhtml/sheet?headers=false&gid=1820708991&range=A1%3Ah100
for the people,season one,https://tvseriesfinale.com/tv-show/for-the-people-season-one-ratings/,https://docs.google.com/spreadsheets/d/e/2PACX-1vTlE5lTHpAmKbEOIFMoMB5xW95pIvYxFgcblbWzKL4ZDLRBAVL3Bt3WtXzA65dzsHZXuOrwhIXlQOfq/pubhtml/sheet?headers=false&gid=347158187&range=A1%3Ah100
for the people,season two,https://tvseriesfinale.com/tv-show/for-the-people-season-two-ratings/,https://docs.google.com/spreadsheets/d/1Z54g0izrymDxV0QDkwOGE9auYHrCu-FTYNpPDykzPJ8/pubhtml/sheet?headers=false&gid=540528432&range=A1%3Ah100
fosse verdon,season one,https://tvseriesfinale.com/tv-show/fosse-verdon-season-one-ratings/,https://docs.google.com/spreadsheets/d/1DdYBR3HPqX7CL7Inge6KsMqvRhBXC7K--484-vIofrk/pubhtml/sheet?headers=false&gid=1620178267&range=A1%3AG97&output=html&rm=minimal
the fosters,season five,https://tvseriesfinale.com/tv-show/the-fosters-season-five-ratings/,https://docs.google.com/spreadsheets/d/1cnttQo1fIxTypKG3x19Ax0Zh4Pn8dtfzDfO4lVWsi6Y/pubhtml/sheet?headers=false&gid=2037767054&range=A1:G120
found,season one,https://tvseriesfinale.com/tv-show/found-season-one-ratings/,https://docs.google.com/spreadsheets/d/1ulFHD6XOdDbGfOjxn7oY7g5VbYqBaQ4f5x74oABSSnE/pubhtml/sheet?headers=false&gid=556185679&range=A1%3Ah100
four battle for stardom,season one,https://tvseriesfinale.com/tv-show/four-battle-for-stardom-season-one-ratings/,https://docs.google.com/spreadsheets/d/1ftMGnLJFFncsXKJ6saeTkxhdfa23cittfFA2Z2rVogM/pubhtml/sheet?headers=false&gid=1136233918&range=A1%3Ah100
fresh off boat,season three,https://tvseriesfinale.com/tv-show/fresh-off-boat-season-three-ratings/,https://docs.google.com/spreadsheets/d/1ToHTY-SGH1wLEo31kKz9TOE5PsdpBE20kqtr1BhJBVA/pubhtml/sheet?headers=false&gid=1383729847&range=A1%3Ah100
fresh off the boat,season four,https://tvseriesfinale.com/tv-show/fresh-off-the-boat-season-four-ratings/,https://docs.google.com/spreadsheets/d/e/2PACX-1vTlE5lTHpAmKbEOIFMoMB5xW95pIvYxFgcblbWzKL4ZDLRBAVL3Bt3WtXzA65dzsHZXuOrwhIXlQOfq/pubhtml/sheet?headers=false&gid=1028471695&range=A1%3Ah100
fresh off the boat,season five,https://tvseriesfinale.com/tv-show/fresh-off-the-boat-season-five-ratings/,https://docs.google.com/spreadsheets/d/1Z54g0izrymDxV0QDkwOGE9auYHrCu-FTYNpPDykzPJ8/pubhtml/sheet?headers=false&gid=1028471695&range=A1%3Ah100
fresh off the boat,season six,https://tvseriesfinale.com/tv-show/fresh-off-the-boat-season-six-ratings/,https://docs.google.com/spreadsheets/d/e/2PACX-1vTrXdDjlQ_DsAe7hNjPK48UpmMYmbZE2_I1S3x0frJJbOh448s7NI2vSBYNr_z6DgMwoksah-NZBkKB/pubhtml/sheet?headers=false&gid=483813937&range=A1%3Ah100
fridge wars,season one,https://tvseriesfinale.com/tv-show/fridge-wars-season-one-ratings/,https://docs.google.com/spreadsheets/d/e/2PACX-1vTaD6uAv0rMyqOLpklP9QmMHlz3gUaKkf5kYVM3nDXbIBys2LKIkvfed1zv-22RJpYtZtcw1rvPd5ws/pubhtml/sheet?headers=false&gid=112357972&range=A1%3Ah100
game of talents,season one,https://tvseriesfinale.com/tv-show/game-of-talents-season-one-ratings/,https://docs.google.com/spreadsheets/d/1um1vJjK_QbewPMm0sO1CczrrgO2FDmtjdN74LteZN7g/pubhtml/sheet?headers=false&gid=210669751&range=A1%3Ah100
game of thrones,season seven,https://tvseriesfinale.com/tv-show/game-of-thrones-season-seven-ratings/,https://docs.google.com/spreadsheets/d/1QU8U82xgr8GURmJc3eR0Y4w7ppxwfNsp6dhPnzcs4bw/pubhtml/sheet?headers=false&gid=87943591&range=A1%3AG19&output=html&rm=minimal
game of thrones,season eight,https://tvseriesfinale.com/tv-show/game-of-thrones-season-eight-ratings/,https://docs.google.com/spreadsheets/d/1QU8U82xgr8GURmJc3eR0Y4w7ppxwfNsp6dhPnzcs4bw/pubhtml/sheet?headers=false&gid=2035688505&range=A1%3AG19&output=html&rm=minimal
game on,season one,https://tvseriesfinale.com/tv-show/game-on-season-one-ratings/,https://docs.google.com/spreadsheets/d/e/2PACX-1vT0r9Z1zIFp1HCpQK8PJDq8yeZzWrPf8e5BhFbpOvRROSxNyF6FMc5WC4jKRtnUWwnK66Gam6BNkEHI/pubhtml/sheet?headers=false&gid=208870337&range=A1%3Ah100
the game show show,season one,https://tvseriesfinale.com/tv-show/the-game-show-show-season-one-ratings/,https://docs.google.com/spreadsheets/d/1yWN1t7MlPk9jroVeTgGH5-U5sp5XVcZJclGsrnyl5bI/pubhtml/sheet?headers=false&gid=138992703&range=A1%3Ah100
games people play,season one,https://tvseriesfinale.com/tv-show/games-people-play-season-one-ratings/,https://docs.google.com/spreadsheets/d/13ixTXBM3JY-tUl7Uy8FuRm6xCTYTIGfFsuWuNivO1Fc/pubhtml/sheet?headers=false&gid=219695145&range=A1%3AG97&output=html&rm=minimal
gaslit,season one,https://tvseriesfinale.com/tv-show/gaslit-season-one-ratings/,https://docs.google.com/spreadsheets/d/1-xha-SEcC1L6_KlAxjxMArlpX2A8XY1grDeo58d922E/pubhtml/sheet?headers=false&gid=1149332397&range=A1%3AG100&output=html&rm=minimal
generation gap,season one,https://tvseriesfinale.com/tv-show/generation-gap-season-one-ratings/,https://docs.google.com/spreadsheets/d/1UHVhAstyDVbA_72wuwSMX7TAPuO4Z_5sX1xbcmNjr2s/pubhtml/sheet?headers=false&gid=772195814&range=A1%3Ah100
generation gap,season two,https://tvseriesfinale.com/tv-show/generation-gap-season-two-ratings/,https://docs.google.com/spreadsheets/d/1yWN1t7MlPk9jroVeTgGH5-U5sp5XVcZJclGsrnyl5bI/pubhtml/sheet?headers=false&gid=962426250&range=A1%3Ah100
the genetic detective,season one,https://tvseriesfinale.com/tv-show/the-genetic-detective-season-one-ratings/,https://docs.google.com/spreadsheets/d/e/2PACX-1vTrXdDjlQ_DsAe7hNjPK48UpmMYmbZE2_I1S3x0frJJbOh448s7NI2vSBYNr_z6DgMwoksah-NZBkKB/pubhtml/sheet?headers=false&gid=1358370179&range=A1%3Ah100
genius,season one,https://tvseriesfinale.com/tv-show/genius-season-one-ratings/,https://docs.google.com/spreadsheets/d/1tGC-ChNX8gjAaiTXwdcxTq2cf_xJ4XoevzaiZ2nck88/pubhtml/sheet?headers=false&gid=1969018197&range=A1%3AG23&output=html&rm=minimal
genius junior,season one,https://tvseriesfinale.com/tv-show/genius-junior-season-one-ratings/,https://docs.google.com/spreadsheets/d/e/2PACX-1vSbDlv8pGgTvsiGGgnQ0icBwo7pLFDRo4Jd9SNGQp2UVAXALuO-q0ukrsBaa2PvdfaDG7yK8Z-15Ldp/pubhtml/sheet?headers=false&gid=175743865&range=A1%3Ah100
a gentleman in moscow,season one,https://tvseriesfinale.com/tv-show/a-gentleman-in-moscow-season-one-ratings/,https://docs.google.com/spreadsheets/d/13_jTGvVcJocGGMZhhC2fdGIsx1znj_LvslHru7vALRA/pubhtml/sheet?headers=false&gid=543247252&range=A1%3AG100
gentleman jack,season one,https://tvseriesfinale.com/tv-show/gentleman-jack-season-one-ratings/,https://docs.google.com/spreadsheets/d/1QU8U82xgr8GURmJc3eR0Y4w7ppxwfNsp6dhPnzcs4bw/pubhtml/sheet?headers=false&gid=1611893418&range=A1%3AG19&output=html&rm=minimal
gentleman jack,season two,https://tvseriesfinale.com/tv-show/gentleman-jack-season-two-ratings/,https://docs.google.com/spreadsheets/d/1QU8U82xgr8GURmJc3eR0Y4w7ppxwfNsp6dhPnzcs4bw/pubhtml/sheet?headers=false&gid=1414625438&range=A1%3AG19&output=html&rm=minimal
ghost wars,season one,https://tvseriesfinale.com/tv-show/ghost-wars-season-one-ratings/,https://docs.google.com/spreadsheets/d/14IMssfgFsz8f3V5fAqkrt1xG_NUPQHNq4zimlz87N_c/pubhtml/sheet?headers=false&gid=1208666846&range=A1%3AG30
ghosted,season one,https://tvseriesfinale.com/tv-show/ghosted-season-one-ratings/,https://docs.google.com/spreadsheets/d/1ftMGnLJFFncsXKJ6saeTkxhdfa23cittfFA2Z2rVogM/pubhtml/sheet?headers=false&gid=568245743&range=A1%3Ah100
ghosts,season one,https://tvseriesfinale.com/tv-show/ghosts-season-one-ratings/,https://docs.google.com/spreadsheets/d/1gPmjJd_L8Sp9Vp5qI5sfS69ztHiav5B4fFPrTOSmVMs/pubhtml/sheet?headers=false&gid=817090734&range=A1%3Ah100
ghosts,season two,https://tvseriesfinale.com/tv-show/ghosts-season-two-ratings/,https://docs.google.com/spreadsheets/d/1_sakYamJH4LVbbDwVcQ-b6tvhOWWTnOVbh4nIqrMlVM/pubhtml/sheet?headers=false&gid=1707558235&range=A1%3Ah100
ghosts uk,season one,https://tvseriesfinale.com/tv-show/ghosts-uk-season-one-ratings/,https://docs.google.com/spreadsheets/d/1Ii2QZoWwUROqd4TnVe05t4fNPdqfeER4kQIpqwyDIs4/pubhtml/sheet?headers=false&gid=761705726&range=A1%3Ah100
ghosts uk,season two,https://tvseriesfinale.com/tv-show/ghosts-uk-season-two-ratings/,https://docs.google.com/spreadsheets/d/1Ii2QZoWwUROqd4TnVe05t4fNPdqfeER4kQIpqwyDIs4/pubhtml/sheet?headers=false&gid=555801195&range=A1%3Ah100
gifted,season one,https://tvseriesfinale.com/tv-show/gifted-season-one-ratings/,https://docs.google.com/spreadsheets/d/1ftMGnLJFFncsXKJ6saeTkxhdfa23cittfFA2Z2rVogM/pubhtml/sheet?headers=false&gid=616200448&range=A1%3Ah100
the gifted,season two,https://tvseriesfinale.com/tv-show/the-gifted-season-two-ratings/,https://docs.google.com/spreadsheets/d/1n4PyBtJrphtdfhiPq884nmoV8wIMKHVrgbvYhJ-DV80/pubhtml/sheet?headers=false&gid=955722103&range=A1%3Ah100
the gilded age,season one,https://tvseriesfinale.com/tv-show/the-gilded-age-season-one-ratings/,https://docs.google.com/spreadsheets/d/1QU8U82xgr8GURmJc3eR0Y4w7ppxwfNsp6dhPnzcs4bw/pubhtml/sheet?headers=false&gid=697330780&range=A1%3AG19&output=html&rm=minimal
the gilded age,season two,https://tvseriesfinale.com/tv-show/the-gilded-age-season-two-ratings/,https://docs.google.com/spreadsheets/d/1QU8U82xgr8GURmJc3eR0Y4w7ppxwfNsp6dhPnzcs4bw/pubhtml/sheet?headers=false&gid=226239688&range=A1%3AG19&output=html&rm=minimal
girlfriend experience,season one,https://tvseriesfinale.com/tv-show/girlfriend-experience-season-one-ratings/,https://docs.google.com/spreadsheets/d/1-xha-SEcC1L6_KlAxjxMArlpX2A8XY1grDeo58d922E/pubhtml/sheet?headers=false&gid=864203849&range=A1%3AG19&output=html&rm=minimal
girlfriend experience,season two,https://tvseriesfinale.com/tv-show/girlfriend-experience-season-two-ratings/,https://docs.google.com/spreadsheets/d/1-xha-SEcC1L6_KlAxjxMArlpX2A8XY1grDeo58d922E/pubhtml/sheet?headers=false&gid=2040215677&range=A1%3AG100&output=html&rm=minimal
the girlfriend experience,season three,https://tvseriesfinale.com/tv-show/the-girlfriend-experience-season-three-ratings/,https://docs.google.com/spreadsheets/d/1-xha-SEcC1L6_KlAxjxMArlpX2A8XY1grDeo58d922E/pubhtml/sheet?headers=false&gid=1825923282&range=A1%3AG100&output=html&rm=minimal
girlfriends guide divorce,season three,https://tvseriesfinale.com/tv-show/girlfriends-guide-divorce-season-three-ratings/,https://docs.google.com/spreadsheets/d/1XBCYT-u31c69trttWV3sbTeSjUbRphF_ib6t8kMoioE/pubhtml/sheet?headers=false&gid=1808208310&range=A1%3AH52&output=html&rm=minimal
girlfriends guide to divorce,season four,https://tvseriesfinale.com/tv-show/girlfriends-guide-to-divorce-season-four-ratings/,https://docs.google.com/spreadsheets/d/1XBCYT-u31c69trttWV3sbTeSjUbRphF_ib6t8kMoioE/pubhtml/sheet?headers=false&gid=1437921281&range=A1%3AH52&output=html&rm=minimal
girlfriends guide to divorce,season five,https://tvseriesfinale.com/tv-show/girlfriends-guide-to-divorce-season-five-ratings/,https://docs.google.com/spreadsheets/d/1XBCYT-u31c69trttWV3sbTeSjUbRphF_ib6t8kMoioE/pubhtml/sheet?headers=false&gid=826696858&range=A1%3AH52&output=html&rm=minimal
girls,season six,https://tvseriesfinale.com/tv-show/girls-season-six-ratings/,https://docs.google.com/spreadsheets/d/1QU8U82xgr8GURmJc3eR0Y4w7ppxwfNsp6dhPnzcs4bw/pubhtml/sheet?headers=false&gid=1290603238&range=A1%3AG19&output=html&rm=minimal
the gloaming,season one,https://tvseriesfinale.com/tv-show/the-gloaming-season-one-ratings/,https://docs.google.com/spreadsheets/d/1-xha-SEcC1L6_KlAxjxMArlpX2A8XY1grDeo58d922E/pubhtml/sheet?headers=false&gid=176733221&range=A1%3AG100&output=html&rm=minimal
god friended me,season one,https://tvseriesfinale.com/tv-show/god-friended-me-season-one-ratings/,https://docs.google.com/spreadsheets/d/1qlYGtdgF6N3UIJArkhteiD8B0zo8akewHTR0Jd_ceOE/pubhtml/sheet?headers=false&gid=860668403&range=A1%3Ah100
god friended me,season two,https://tvseriesfinale.com/tv-show/god-friended-me-season-two-ratings/,https://docs.google.com/spreadsheets/d/e/2PACX-1vT0r9Z1zIFp1HCpQK8PJDq8yeZzWrPf8e5BhFbpOvRROSxNyF6FMc5WC4jKRtnUWwnK66Gam6BNkEHI/pubhtml/sheet?headers=false&gid=1060294147&range=A1%3Ah100
goldbergs,season five,https://tvseriesfinale.com/tv-show/goldbergs-season-five-ratings/,https://docs.google.com/spreadsheets/d/e/2PACX-1vTlE5lTHpAmKbEOIFMoMB5xW95pIvYxFgcblbWzKL4ZDLRBAVL3Bt3WtXzA65dzsHZXuOrwhIXlQOfq/pubhtml/sheet?headers=false&gid=1546085128&range=A1%3Ah100
goldbergs,season six,https://tvseriesfinale.com/tv-show/goldbergs-season-six-ratings/,https://docs.google.com/spreadsheets/d/1Z54g0izrymDxV0QDkwOGE9auYHrCu-FTYNpPDykzPJ8/pubhtml/sheet?headers=false&gid=1546085128&range=A1%3Ah100
the goldbergs,season seven,https://tvseriesfinale.com/tv-show/the-goldbergs-season-seven-ratings/,https://docs.google.com/spreadsheets/d/e/2PACX-1vTrXdDjlQ_DsAe7hNjPK48UpmMYmbZE2_I1S3x0frJJbOh448s7NI2vSBYNr_z6DgMwoksah-NZBkKB/pubhtml/sheet?headers=false&gid=592492858&range=A1%3Ah100
the goldbergs,season eight,https://tvseriesfinale.com/tv-show/the-goldbergs-season-eight-ratings/,https://docs.google.com/spreadsheets/d/1NS9t3Pv-5_wq_fCkMbQDlf0scWZ_TYTsLp38Z8jaw_M/pubhtml/sheet?headers=false&gid=514618092&range=A1%3Ah100
the goldbergs,season nine,https://tvseriesfinale.com/tv-show/the-goldbergs-season-nine-ratings/,https://docs.google.com/spreadsheets/d/1UHVhAstyDVbA_72wuwSMX7TAPuO4Z_5sX1xbcmNjr2s/pubhtml/sheet?headers=false&gid=2057755755&range=A1%3Ah100
the goldbergs,season 10,https://tvseriesfinale.com/tv-show/the-goldbergs-season-10-ratings/,https://docs.google.com/spreadsheets/d/1yWN1t7MlPk9jroVeTgGH5-U5sp5XVcZJclGsrnyl5bI/pubhtml/sheet?headers=false&gid=2057755755&range=A1%3Ah100
the golden bachelor,season one,https://tvseriesfinale.com/tv-show/the-golden-bachelor-season-one-ratings/,https://docs.google.com/spreadsheets/d/15KTevMXvt9KrUmg0EAioSoNjNmhfRebf0-72WnZYlK8/pubhtml/sheet?headers=false&gid=623864281&range=A1%3Ah100
gone,season one,https://tvseriesfinale.com/tv-show/gone-season-one-ratings/,https://docs.google.com/spreadsheets/d/129eqLCyiVuDQ8IavabLOV1GoGpbN9__mBkc87QNSLfk/pubhtml/sheet?headers=false&gid=758967715&range=A1:G120
the gong show,season one,https://tvseriesfinale.com/tv-show/the-gong-show-season-one-ratings/,https://docs.google.com/spreadsheets/d/1ToHTY-SGH1wLEo31kKz9TOE5PsdpBE20kqtr1BhJBVA/pubhtml/sheet?headers=false&gid=579524058&range=A1%3Ah100
gong show,season two,https://tvseriesfinale.com/tv-show/gong-show-season-two-ratings/,https://docs.google.com/spreadsheets/d/e/2PACX-1vTlE5lTHpAmKbEOIFMoMB5xW95pIvYxFgcblbWzKL4ZDLRBAVL3Bt3WtXzA65dzsHZXuOrwhIXlQOfq/pubhtml/sheet?headers=false&gid=204532309&range=A1%3Ah100
good behavior,season two,https://tvseriesfinale.com/tv-show/good-behavior-season-two-ratings/,https://docs.google.com/spreadsheets/d/1QtBG-fGZvsxYy32ltEqEbyD_Vp9XHOYSt9-6wyprIS4/pubhtml/sheet?headers=false&gid=627117376&range=A1%3AG46
good doctor,season one,https://tvseriesfinale.com/tv-show/good-doctor-season-one-ratings/,https://docs.google.com/spreadsheets/d/e/2PACX-1vTlE5lTHpAmKbEOIFMoMB5xW95pIvYxFgcblbWzKL4ZDLRBAVL3Bt3WtXzA65dzsHZXuOrwhIXlQOfq/pubhtml/sheet?headers=false&gid=405040640&range=A1%3Ah100
good doctor,season two,https://tvseriesfinale.com/tv-show/good-doctor-season-two-ratings/,https://docs.google.com/spreadsheets/d/1Z54g0izrymDxV0QDkwOGE9auYHrCu-FTYNpPDykzPJ8/pubhtml/sheet?headers=false&gid=405040640&range=A1%3Ah100
the good doctor,season three,https://tvseriesfinale.com/tv-show/the-good-doctor-season-three-ratings/,https://docs.google.com/spreadsheets/d/e/2PACX-1vTrXdDjlQ_DsAe7hNjPK48UpmMYmbZE2_I1S3x0frJJbOh448s7NI2vSBYNr_z6DgMwoksah-NZBkKB/pubhtml/sheet?headers=false&gid=1469433062&range=A1%3Ah100
the good doctor,season four,https://tvseriesfinale.com/tv-show/the-good-doctor-season-four-ratings/,https://docs.google.com/spreadsheets/d/1NS9t3Pv-5_wq_fCkMbQDlf0scWZ_TYTsLp38Z8jaw_M/pubhtml/sheet?headers=false&gid=296232001&range=A1%3Ah100
the good doctor,season five,https://tvseriesfinale.com/tv-show/the-good-doctor-season-five-ratings/,https://docs.google.com/spreadsheets/d/1UHVhAstyDVbA_72wuwSMX7TAPuO4Z_5sX1xbcmNjr2s/pubhtml/sheet?headers=false&gid=1233097832&range=A1%3Ah100
the good doctor,season six,https://tvseriesfinale.com/tv-show/the-good-doctor-season-six-ratings/,https://docs.google.com/spreadsheets/d/1yWN1t7MlPk9jroVeTgGH5-U5sp5XVcZJclGsrnyl5bI/pubhtml/sheet?headers=false&gid=905082367&range=A1%3Ah100
the good doctor,season seven,https://tvseriesfinale.com/tv-show/the-good-doctor-season-seven-ratings/,https://docs.google.com/spreadsheets/d/15KTevMXvt9KrUmg0EAioSoNjNmhfRebf0-72WnZYlK8/pubhtml/sheet?headers=false&gid=1764632178&range=A1%3Ah100
the good fight,season one,https://tvseriesfinale.com/tv-show/the-good-fight-season-one-ratings/,https://docs.google.com/spreadsheets/d/1qlYGtdgF6N3UIJArkhteiD8B0zo8akewHTR0Jd_ceOE/pubhtml/sheet?headers=false&gid=1525978320&range=A1%3Ah100
good girls,season one,https://tvseriesfinale.com/tv-show/good-girls-season-one-ratings/,https://docs.google.com/spreadsheets/d/e/2PACX-1vSbDlv8pGgTvsiGGgnQ0icBwo7pLFDRo4Jd9SNGQp2UVAXALuO-q0ukrsBaa2PvdfaDG7yK8Z-15Ldp/pubhtml/sheet?headers=false&gid=154692223&range=A1%3Ah100
good girls,season two,https://tvseriesfinale.com/tv-show/good-girls-season-two-ratings/,https://docs.google.com/spreadsheets/d/1xFhCp0TeNw3qt7L-sjT6GVG1Fq3rxa3v6tGV_EhW0Bc/pubhtml/sheet?headers=false&gid=1517051172&range=A1%3Ah100
good girls,season three,https://tvseriesfinale.com/tv-show/good-girls-season-three-ratings/,https://docs.google.com/spreadsheets/d/e/2PACX-1vRtVj2UE-OnOA12xp1fNuzjlRH3leED-mA5SsVYu5siarlfm8OVy5EHBpyoUlI9ICBIQzZ2hnLviUro/pubhtml/sheet?headers=false&gid=1745641936&range=A1%3Ah100
good girls,season four,https://tvseriesfinale.com/tv-show/good-girls-season-four-ratings/,https://docs.google.com/spreadsheets/d/10un34Z5y-n7KeT3gb_7cpWX7fhoO90wr1mlus7eRKcs/pubhtml/sheet?headers=false&gid=553439511&range=A1%3Ah100
the good place,season two,https://tvseriesfinale.com/tv-show/the-good-place-season-two-ratings/,https://docs.google.com/spreadsheets/d/e/2PACX-1vSbDlv8pGgTvsiGGgnQ0icBwo7pLFDRo4Jd9SNGQp2UVAXALuO-q0ukrsBaa2PvdfaDG7yK8Z-15Ldp/pubhtml/sheet?headers=false&gid=1543819347&range=A1%3Ah100
the good place,season three,https://tvseriesfinale.com/tv-show/the-good-place-season-three-ratings/,https://docs.google.com/spreadsheets/d/1xFhCp0TeNw3qt7L-sjT6GVG1Fq3rxa3v6tGV_EhW0Bc/pubhtml/sheet?headers=false&gid=1543819347&range=A1%3Ah100
the good place,season four,https://tvseriesfinale.com/tv-show/the-good-place-season-four-ratings/,https://docs.google.com/spreadsheets/d/e/2PACX-1vRtVj2UE-OnOA12xp1fNuzjlRH3leED-mA5SsVYu5siarlfm8OVy5EHBpyoUlI9ICBIQzZ2hnLviUro/pubhtml/sheet?headers=false&gid=616255138&range=A1%3Ah100
good sam,season one,https://tvseriesfinale.com/tv-show/good-sam-season-one-ratings/,https://docs.google.com/spreadsheets/d/1gPmjJd_L8Sp9Vp5qI5sfS69ztHiav5B4fFPrTOSmVMs/pubhtml/sheet?headers=false&gid=683686159&range=A1%3Ah100
good trouble,season one,https://tvseriesfinale.com/tv-show/good-trouble-season-one-ratings/,https://docs.google.com/spreadsheets/d/1cnttQo1fIxTypKG3x19Ax0Zh4Pn8dtfzDfO4lVWsi6Y/pubhtml/sheet?headers=false&gid=356845748&range=A1:G120
good trouble,season two,https://tvseriesfinale.com/tv-show/good-trouble-season-two-ratings/,https://docs.google.com/spreadsheets/d/1cnttQo1fIxTypKG3x19Ax0Zh4Pn8dtfzDfO4lVWsi6Y/pubhtml/sheet?headers=false&gid=950720873&range=A1:G120
good trouble,season three,https://tvseriesfinale.com/tv-show/good-trouble-season-three-ratings/,https://docs.google.com/spreadsheets/d/1cnttQo1fIxTypKG3x19Ax0Zh4Pn8dtfzDfO4lVWsi6Y/pubhtml/sheet?headers=false&gid=124967056&range=A1:G120
good trouble,season four,https://tvseriesfinale.com/tv-show/good-trouble-season-four-ratings/,https://docs.google.com/spreadsheets/d/1cnttQo1fIxTypKG3x19Ax0Zh4Pn8dtfzDfO4lVWsi6Y/pubhtml/sheet?headers=false&gid=913943383&range=A1:G120
good trouble,season five,https://tvseriesfinale.com/tv-show/good-trouble-season-five-ratings/,https://docs.google.com/spreadsheets/d/1cnttQo1fIxTypKG3x19Ax0Zh4Pn8dtfzDfO4lVWsi6Y/pubhtml/sheet?headers=false&gid=1527300530&range=A1:G120
good witch,season four,https://tvseriesfinale.com/tv-show/good-witch-season-four-ratings/,https://docs.google.com/spreadsheets/d/17JrV91J8N2EP5exIKuQv_yhgMU9u6MB2thgb1_N1s08/pubhtml/sheet?headers=false&gid=840723746&range=A1%3AG19&output=html&rm=minimal
good witch,season five,https://tvseriesfinale.com/tv-show/good-witch-season-five-ratings/,https://docs.google.com/spreadsheets/d/17JrV91J8N2EP5exIKuQv_yhgMU9u6MB2thgb1_N1s08/pubhtml/sheet?headers=false&gid=1852010209&range=A1%3AG19&output=html&rm=minimal
good witch,season six,https://tvseriesfinale.com/tv-show/good-witch-season-six-ratings/,https://docs.google.com/spreadsheets/d/17JrV91J8N2EP5exIKuQv_yhgMU9u6MB2thgb1_N1s08/pubhtml/sheet?headers=false&gid=1385298947&range=A1%3AG19&output=html&rm=minimal
gordon ramsays 24 hours hell back,season one,https://tvseriesfinale.com/tv-show/gordon-ramsays-24-hours-hell-back-season-one-ratings/,https://docs.google.com/spreadsheets/d/1ftMGnLJFFncsXKJ6saeTkxhdfa23cittfFA2Z2rVogM/pubhtml/sheet?headers=false&gid=1355485908&range=A1%3Ah100
gordon ramsays 24 hours to hell and back,season two,https://tvseriesfinale.com/tv-show/gordon-ramsays-24-hours-to-hell-and-back-season-two-ratings/,https://docs.google.com/spreadsheets/d/1n4PyBtJrphtdfhiPq884nmoV8wIMKHVrgbvYhJ-DV80/pubhtml/sheet?headers=false&gid=1107540688&range=A1%3Ah100
gordon ramsays 24 hours to hell and back,season three,https://tvseriesfinale.com/tv-show/gordon-ramsays-24-hours-to-hell-and-back-season-three-ratings/,https://docs.google.com/spreadsheets/d/e/2PACX-1vRmoC8hQFbZMNtUzmwwjsO_0gIf7KnWMgEOC-2a4Bh_rCX1LCdAm6b-BWNfoIlttnPf2iy_4KQj0eFo/pubhtml/sheet?headers=false&gid=799500997&range=A1%3Ah100
gordon ramsays food stars,season one,https://tvseriesfinale.com/tv-show/gordon-ramsays-food-stars-season-one-ratings/,https://docs.google.com/spreadsheets/d/1bCcF_doylXV5Q45d8vITOJBvhw6a3YcB2aJApWPLCGw/pubhtml/sheet?headers=false&gid=1978410273&range=A1%3Ah100
gotham,season four,https://tvseriesfinale.com/tv-show/gotham-season-four-ratings/,https://docs.google.com/spreadsheets/d/1ftMGnLJFFncsXKJ6saeTkxhdfa23cittfFA2Z2rVogM/pubhtml/sheet?headers=false&gid=2099367942&range=A1%3Ah100
gotham,season five,https://tvseriesfinale.com/tv-show/gotham-season-five-ratings/,https://docs.google.com/spreadsheets/d/1n4PyBtJrphtdfhiPq884nmoV8wIMKHVrgbvYhJ-DV80/pubhtml/sheet?headers=false&gid=1878716825&range=A1%3Ah100
gotham knights,season one,https://tvseriesfinale.com/tv-show/gotham-knights-season-one-ratings/,https://docs.google.com/spreadsheets/d/1qwTMXm7xEOvj2UJCK2EP9eCl3-calTWTXMXFx6_z1oA/pubhtml/sheet?headers=false&gid=124185781&range=A1%3Ah100
grand crew,season one,https://tvseriesfinale.com/tv-show/grand-crew-season-one-ratings/,https://docs.google.com/spreadsheets/d/1HyhsoErv-gaQ6jE5tzO_Ax6r5ouKVGm3nNLcv74jPYY/pubhtml/sheet?headers=false&gid=1013471818&range=A1%3Ah100
grand crew,season two,https://tvseriesfinale.com/tv-show/grand-crew-season-two-ratings/,https://docs.google.com/spreadsheets/d/1ma3sMDxK-aUwyuz2kB8gMyf1goAcW9mqosbWSlLHEcg/pubhtml/sheet?headers=false&gid=1648558047&range=A1%3Ah100
grand hotel,season one,https://tvseriesfinale.com/tv-show/grand-hotel-season-one-ratings/,https://docs.google.com/spreadsheets/d/1Z54g0izrymDxV0QDkwOGE9auYHrCu-FTYNpPDykzPJ8/pubhtml/sheet?headers=false&gid=487097535&range=A1%3Ah100
greenleaf,season two,https://tvseriesfinale.com/tv-show/greenleaf-season-two-ratings/,https://docs.google.com/spreadsheets/d/1Ew4e9wBK4P_eX68Vqc7EDEwaUJZDWr7OTJyGvD8Y5Jc/pubhtml/sheet?headers=false&gid=229368917&range=A1%3AH52&output=html&rm=minimal
greenleaf,season three,https://tvseriesfinale.com/tv-show/greenleaf-season-three-ratings/,https://docs.google.com/spreadsheets/d/1Ew4e9wBK4P_eX68Vqc7EDEwaUJZDWr7OTJyGvD8Y5Jc/pubhtml/sheet?headers=false&gid=151601710&range=A1%3AH52&output=html&rm=minimal
greenleaf,season four,https://tvseriesfinale.com/tv-show/greenleaf-season-four-ratings/,https://docs.google.com/spreadsheets/d/1Ew4e9wBK4P_eX68Vqc7EDEwaUJZDWr7OTJyGvD8Y5Jc/pubhtml/sheet?headers=false&gid=1745754050&range=A1%3AH52&output=html&rm=minimal
greenleaf,season five,https://tvseriesfinale.com/tv-show/greenleaf-season-five-ratings/,https://docs.google.com/spreadsheets/d/1Ew4e9wBK4P_eX68Vqc7EDEwaUJZDWr7OTJyGvD8Y5Jc/pubhtml/sheet?headers=false&gid=776255669&range=A1%3AH52&output=html&rm=minimal
great american baking show,season three,https://tvseriesfinale.com/tv-show/great-american-baking-show-season-three-ratings/,https://docs.google.com/spreadsheets/d/e/2PACX-1vTlE5lTHpAmKbEOIFMoMB5xW95pIvYxFgcblbWzKL4ZDLRBAVL3Bt3WtXzA65dzsHZXuOrwhIXlQOfq/pubhtml/sheet?headers=false&gid=1743723609&range=A1%3Ah100
the great american baking show,season four,https://tvseriesfinale.com/tv-show/the-great-american-baking-show-season-four-ratings/,https://docs.google.com/spreadsheets/d/1Z54g0izrymDxV0QDkwOGE9auYHrCu-FTYNpPDykzPJ8/pubhtml/sheet?headers=false&gid=1548522489&range=A1%3Ah100
the great american baking show,season five,https://tvseriesfinale.com/tv-show/the-great-american-baking-show-season-five-ratings/,https://docs.google.com/spreadsheets/d/e/2PACX-1vTrXdDjlQ_DsAe7hNjPK48UpmMYmbZE2_I1S3x0frJJbOh448s7NI2vSBYNr_z6DgMwoksah-NZBkKB/pubhtml/sheet?headers=false&gid=865974608&range=A1%3Ah100
the great american joke off,season one,https://tvseriesfinale.com/tv-show/the-great-american-joke-off-season-one-ratings/,https://docs.google.com/spreadsheets/d/1qwTMXm7xEOvj2UJCK2EP9eCl3-calTWTXMXFx6_z1oA/pubhtml/sheet?headers=false&gid=367022472&range=A1%3Ah100
great chocolate showdown,season one,https://tvseriesfinale.com/tv-show/great-chocolate-showdown-season-one-ratings/,https://docs.google.com/spreadsheets/d/1MiOE1bCf6lKNJCpNpvXIAZYYbPo5_BfTqqGbsG9ENo8/pubhtml/sheet?headers=false&gid=1497669036&range=A1%3Ah100
great chocolate showdown,season two,https://tvseriesfinale.com/tv-show/great-chocolate-showdown-season-two-ratings/,https://docs.google.com/spreadsheets/d/1MiOE1bCf6lKNJCpNpvXIAZYYbPo5_BfTqqGbsG9ENo8/pubhtml/sheet?headers=false&gid=137991479&range=A1%3Ah100
great chocolate showdown,season four,https://tvseriesfinale.com/tv-show/great-chocolate-showdown-season-four-ratings/,https://docs.google.com/spreadsheets/d/1qwTMXm7xEOvj2UJCK2EP9eCl3-calTWTXMXFx6_z1oA/pubhtml/sheet?headers=false&gid=44881400&range=A1%3Ah100
great christmas light fight,season five,https://tvseriesfinale.com/tv-show/great-christmas-light-fight-season-five-ratings/,https://docs.google.com/spreadsheets/d/e/2PACX-1vTlE5lTHpAmKbEOIFMoMB5xW95pIvYxFgcblbWzKL4ZDLRBAVL3Bt3WtXzA65dzsHZXuOrwhIXlQOfq/pubhtml/sheet?headers=false&gid=113888556&range=A1%3Ah100
great christmas light fight,season six,https://tvseriesfinale.com/tv-show/great-christmas-light-fight-season-six-ratings/,https://docs.google.com/spreadsheets/d/1Z54g0izrymDxV0QDkwOGE9auYHrCu-FTYNpPDykzPJ8/pubhtml/sheet?headers=false&gid=1724889614&range=A1%3Ah100
the great christmas light fight,season seven,https://tvseriesfinale.com/tv-show/the-great-christmas-light-fight-season-seven-ratings/,https://docs.google.com/spreadsheets/d/e/2PACX-1vTrXdDjlQ_DsAe7hNjPK48UpmMYmbZE2_I1S3x0frJJbOh448s7NI2vSBYNr_z6DgMwoksah-NZBkKB/pubhtml/sheet?headers=false&gid=37221794&range=A1%3Ah100
the great christmas light fight,season eight,https://tvseriesfinale.com/tv-show/the-great-christmas-light-fight-season-eight-ratings/,https://docs.google.com/spreadsheets/d/1NS9t3Pv-5_wq_fCkMbQDlf0scWZ_TYTsLp38Z8jaw_M/pubhtml/sheet?headers=false&gid=338528685&range=A1%3Ah100
the great christmas light fight,season nine,https://tvseriesfinale.com/tv-show/the-great-christmas-light-fight-season-nine-ratings/,https://docs.google.com/spreadsheets/d/1UHVhAstyDVbA_72wuwSMX7TAPuO4Z_5sX1xbcmNjr2s/pubhtml/sheet?headers=false&gid=643173747&range=A1%3Ah100
the great christmas light fight,season 10,https://tvseriesfinale.com/tv-show/the-great-christmas-light-fight-season-10-ratings/,https://docs.google.com/spreadsheets/d/1yWN1t7MlPk9jroVeTgGH5-U5sp5XVcZJclGsrnyl5bI/pubhtml/sheet?headers=false&gid=812104566&range=A1%3Ah100
the great christmas light fight,season 11,https://tvseriesfinale.com/tv-show/the-great-christmas-light-fight-season-11-ratings/,https://docs.google.com/spreadsheets/d/15KTevMXvt9KrUmg0EAioSoNjNmhfRebf0-72WnZYlK8/pubhtml/sheet?headers=false&gid=120644056&range=A1%3Ah100
the great halloween fright fight,season two,https://tvseriesfinale.com/tv-show/the-great-halloween-fright-fight-season-two-ratings/,https://docs.google.com/spreadsheets/d/15KTevMXvt9KrUmg0EAioSoNjNmhfRebf0-72WnZYlK8/pubhtml/sheet?headers=false&gid=1939344555&range=A1%3Ah100
great news,season one,https://tvseriesfinale.com/tv-show/great-news-season-one-ratings/,https://docs.google.com/spreadsheets/d/1EJ3FkRtr5NpRjuRFfdwm30sttYn4sLEgjJ8Wcl6XObU/pubhtml/sheet?headers=false&gid=1820014946&range=A1%3Ah100
great news,season two,https://tvseriesfinale.com/tv-show/great-news-season-two-ratings/,https://docs.google.com/spreadsheets/d/e/2PACX-1vSbDlv8pGgTvsiGGgnQ0icBwo7pLFDRo4Jd9SNGQp2UVAXALuO-q0ukrsBaa2PvdfaDG7yK8Z-15Ldp/pubhtml/sheet?headers=false&gid=944576492&range=A1%3Ah100
the great north,season one,https://tvseriesfinale.com/tv-show/the-great-north-season-one-ratings/,https://docs.google.com/spreadsheets/d/1um1vJjK_QbewPMm0sO1CczrrgO2FDmtjdN74LteZN7g/pubhtml/sheet?headers=false&gid=1849436992&range=A1%3Ah100
the great north,season two,https://tvseriesfinale.com/tv-show/the-great-north-season-two-ratings/,https://docs.google.com/spreadsheets/d/1PlugKIBMoFJpsdg8AZIYiS56GA8u5BxmNnpQ5v0wx1Q/pubhtml/sheet?headers=false&gid=1726979035&range=A1%3Ah100
the great north,season three,https://tvseriesfinale.com/tv-show/the-great-north-season-three-ratings/,https://docs.google.com/spreadsheets/d/1bCcF_doylXV5Q45d8vITOJBvhw6a3YcB2aJApWPLCGw/pubhtml/sheet?headers=false&gid=1726979035&range=A1%3Ah100
the great north,season four,https://tvseriesfinale.com/tv-show/the-great-north-season-four-ratings/,https://docs.google.com/spreadsheets/d/1gho_2zWLswUjY_ZpmoiMhFa0JCIIjFpOuxah5J-ltYk/pubhtml/sheet?headers=false&gid=654068358&range=A1%3Ah100
the greatest athome videos,season one,https://tvseriesfinale.com/tv-show/the-greatest-athome-videos-season-one-ratings/,https://docs.google.com/spreadsheets/d/e/2PACX-1vT0r9Z1zIFp1HCpQK8PJDq8yeZzWrPf8e5BhFbpOvRROSxNyF6FMc5WC4jKRtnUWwnK66Gam6BNkEHI/pubhtml/sheet?headers=false&gid=817664750&range=A1%3Ah100
the greatest athome videos,season two,https://tvseriesfinale.com/tv-show/the-greatest-athome-videos-season-two-ratings/,https://docs.google.com/spreadsheets/d/1dBByBwNRkBxn64JkURCCBbkdekn50VAxa3AfH7pZK04/pubhtml/sheet?headers=false&gid=222453857&range=A1%3Ah100
greatest geek year ever,season one,https://tvseriesfinale.com/tv-show/greatest-geek-year-ever-season-one-ratings/,https://docs.google.com/spreadsheets/d/1qwTMXm7xEOvj2UJCK2EP9eCl3-calTWTXMXFx6_z1oA/pubhtml/sheet?headers=false&gid=1449586913&range=A1%3Ah100
greys anatomy,season 13,https://tvseriesfinale.com/tv-show/greys-anatomy-season-13-ratings/,https://docs.google.com/spreadsheets/d/1ToHTY-SGH1wLEo31kKz9TOE5PsdpBE20kqtr1BhJBVA/pubhtml/sheet?headers=false&gid=813843201&range=A1%3Ah100
greys anatomy,season 14,https://tvseriesfinale.com/tv-show/greys-anatomy-season-14-ratings/,https://docs.google.com/spreadsheets/d/e/2PACX-1vTlE5lTHpAmKbEOIFMoMB5xW95pIvYxFgcblbWzKL4ZDLRBAVL3Bt3WtXzA65dzsHZXuOrwhIXlQOfq/pubhtml/sheet?headers=false&gid=931982151&range=A1%3Ah100
greys anatomy,season 15,https://tvseriesfinale.com/tv-show/greys-anatomy-season-15-ratings/,https://docs.google.com/spreadsheets/d/1Z54g0izrymDxV0QDkwOGE9auYHrCu-FTYNpPDykzPJ8/pubhtml/sheet?headers=false&gid=931982151&range=A1%3Ah100
greys anatomy,season 16,https://tvseriesfinale.com/tv-show/greys-anatomy-season-16-ratings/,https://docs.google.com/spreadsheets/d/e/2PACX-1vTrXdDjlQ_DsAe7hNjPK48UpmMYmbZE2_I1S3x0frJJbOh448s7NI2vSBYNr_z6DgMwoksah-NZBkKB/pubhtml/sheet?headers=false&gid=1323734949&range=A1%3Ah100
greys anatomy,season 17,https://tvseriesfinale.com/tv-show/greys-anatomy-season-17-ratings/,https://docs.google.com/spreadsheets/d/1NS9t3Pv-5_wq_fCkMbQDlf0scWZ_TYTsLp38Z8jaw_M/pubhtml/sheet?headers=false&gid=1207182845&range=A1%3Ah100
greys anatomy,season 18,https://tvseriesfinale.com/tv-show/greys-anatomy-season-18-ratings/,https://docs.google.com/spreadsheets/d/1UHVhAstyDVbA_72wuwSMX7TAPuO4Z_5sX1xbcmNjr2s/pubhtml/sheet?headers=false&gid=1563314849&range=A1%3Ah100
greys anatomy,season 19,https://tvseriesfinale.com/tv-show/greys-anatomy-season-19-ratings/,https://docs.google.com/spreadsheets/d/1yWN1t7MlPk9jroVeTgGH5-U5sp5XVcZJclGsrnyl5bI/pubhtml/sheet?headers=false&gid=300236570&range=A1%3Ah100
greys anatomy,season 20,https://tvseriesfinale.com/tv-show/greys-anatomy-season-20-ratings/,https://docs.google.com/spreadsheets/d/15KTevMXvt9KrUmg0EAioSoNjNmhfRebf0-72WnZYlK8/pubhtml/sheet?headers=false&gid=1090516711&range=A1%3Ah100
grimsburg,season one,https://tvseriesfinale.com/tv-show/grimsburg-season-one-ratings/,https://docs.google.com/spreadsheets/d/1gho_2zWLswUjY_ZpmoiMhFa0JCIIjFpOuxah5J-ltYk/pubhtml/sheet?headers=false&gid=1311333364&range=A1%3Ah100
grown ish,season one,https://tvseriesfinale.com/tv-show/grown-ish-season-one-ratings/,https://docs.google.com/spreadsheets/d/1cnttQo1fIxTypKG3x19Ax0Zh4Pn8dtfzDfO4lVWsi6Y/pubhtml/sheet?headers=false&gid=2064648455&range=A1:G120
grown ish,season two,https://tvseriesfinale.com/tv-show/grown-ish-season-two-ratings/,https://docs.google.com/spreadsheets/d/1cnttQo1fIxTypKG3x19Ax0Zh4Pn8dtfzDfO4lVWsi6Y/pubhtml/sheet?headers=false&gid=178027096&range=A1:G120
grown ish,season three,https://tvseriesfinale.com/tv-show/grown-ish-season-three-ratings/,https://docs.google.com/spreadsheets/d/1cnttQo1fIxTypKG3x19Ax0Zh4Pn8dtfzDfO4lVWsi6Y/pubhtml/sheet?headers=false&gid=974882964&range=A1:G120
grown ish,season four,https://tvseriesfinale.com/tv-show/grown-ish-season-four-ratings/,https://docs.google.com/spreadsheets/d/1cnttQo1fIxTypKG3x19Ax0Zh4Pn8dtfzDfO4lVWsi6Y/pubhtml/sheet?headers=false&gid=1171145684&range=A1:G120
grown ish,season five,https://tvseriesfinale.com/tv-show/grown-ish-season-five-ratings/,https://docs.google.com/spreadsheets/d/1cnttQo1fIxTypKG3x19Ax0Zh4Pn8dtfzDfO4lVWsi6Y/pubhtml/sheet?headers=false&gid=454130239&range=A1:G120
grown ish,season six,https://tvseriesfinale.com/tv-show/grown-ish-season-six-ratings/,https://docs.google.com/spreadsheets/d/1cnttQo1fIxTypKG3x19Ax0Zh4Pn8dtfzDfO4lVWsi6Y/pubhtml/sheet?headers=false&gid=394496066&range=A1:G120
guerrilla,season one,https://tvseriesfinale.com/tv-show/guerrilla-season-one-ratings/,https://docs.google.com/spreadsheets/d/13_jTGvVcJocGGMZhhC2fdGIsx1znj_LvslHru7vALRA/pubhtml/sheet?headers=false&gid=1115464885&range=A1%3AG20
guest book,season one,https://tvseriesfinale.com/tv-show/guest-book-season-one-ratings/,https://docs.google.com/spreadsheets/d/1eh7nTgIxbi8a9fuPk03eCgyj472TxoA3NMIrNcySQb8/pubhtml/sheet?headers=false&gid=318382233&range=A1%3AG100
the guest book,season two,https://tvseriesfinale.com/tv-show/the-guest-book-season-two-ratings/,https://docs.google.com/spreadsheets/d/1eh7nTgIxbi8a9fuPk03eCgyj472TxoA3NMIrNcySQb8/pubhtml/sheet?headers=false&gid=30784766&range=A1%3AG100
guilt,season one,https://tvseriesfinale.com/tv-show/guilt-season-one-ratings/,https://docs.google.com/spreadsheets/d/1cnttQo1fIxTypKG3x19Ax0Zh4Pn8dtfzDfO4lVWsi6Y/pubhtml/sheet?headers=false&gid=1490390180&range=A1:G120
halt catch fire,season three,https://tvseriesfinale.com/tv-show/halt-catch-fire-season-three-ratings/,https://docs.google.com/spreadsheets/d/13J-oeB6b8gpR4AGlw7PZS-4FvjvPKN5_0JFfGwsDXG4/pubhtml/sheet?headers=false&gid=2107905689&range=A1%3AG23&output=html&rm=minimal
halt and catch fire,season four,https://tvseriesfinale.com/tv-show/halt-and-catch-fire-season-four-ratings/,https://docs.google.com/spreadsheets/d/13J-oeB6b8gpR4AGlw7PZS-4FvjvPKN5_0JFfGwsDXG4/pubhtml/sheet?headers=false&gid=1049158159&range=A1%3AG23&output=html&rm=minimal
hap and leonard,season three,https://tvseriesfinale.com/tv-show/hap-and-leonard-season-three-ratings/,https://docs.google.com/spreadsheets/d/1FcioGPpoDH008lrU_CVF-uOjW4XkWqKFqqlULma4Go8/pubhtml/sheet?headers=false&gid=952846881&range=A1%3AG46
happy together,season one,https://tvseriesfinale.com/tv-show/happy-together-season-one-ratings/,https://docs.google.com/spreadsheets/d/1qlYGtdgF6N3UIJArkhteiD8B0zo8akewHTR0Jd_ceOE/pubhtml/sheet?headers=false&gid=60908519&range=A1%3Ah100
happy,season one,https://tvseriesfinale.com/tv-show/happy-season-one-ratings/,https://docs.google.com/spreadsheets/d/14IMssfgFsz8f3V5fAqkrt1xG_NUPQHNq4zimlz87N_c/pubhtml/sheet?headers=false&gid=349397003&range=A1%3AG30
happy,season two,https://tvseriesfinale.com/tv-show/happy-season-two-ratings/,https://docs.google.com/spreadsheets/d/14IMssfgFsz8f3V5fAqkrt1xG_NUPQHNq4zimlz87N_c/pubhtml/sheet?headers=false&gid=1735858928&range=A1%3AG30
haus of vicious,season one,https://tvseriesfinale.com/tv-show/haus-of-vicious-season-one-ratings/,https://docs.google.com/spreadsheets/d/13ixTXBM3JY-tUl7Uy8FuRm6xCTYTIGfFsuWuNivO1Fc/pubhtml/sheet?headers=false&gid=205808259&range=A1%3AG97&output=html&rm=minimal
the haves and the have nots tv show own,season four,https://tvseriesfinale.com/tv-show/the-haves-and-the-have-nots-tv-show-own-season-four-ratings/,https://docs.google.com/spreadsheets/d/1Ew4e9wBK4P_eX68Vqc7EDEwaUJZDWr7OTJyGvD8Y5Jc/pubhtml/sheet?headers=false&gid=1100916853&range=A1%3AH52&output=html&rm=minimal
haves and the have nots,season five,https://tvseriesfinale.com/tv-show/haves-and-the-have-nots-season-five-ratings/,https://docs.google.com/spreadsheets/d/1Ew4e9wBK4P_eX68Vqc7EDEwaUJZDWr7OTJyGvD8Y5Jc/pubhtml/sheet?headers=false&gid=563099523&range=A1%3AH52&output=html&rm=minimal
the haves and the have nots,season six,https://tvseriesfinale.com/tv-show/the-haves-and-the-have-nots-season-six-ratings/,https://docs.google.com/spreadsheets/d/1Ew4e9wBK4P_eX68Vqc7EDEwaUJZDWr7OTJyGvD8Y5Jc/pubhtml/sheet?headers=false&gid=732990791&range=A1%3AH52&output=html&rm=minimal
the haves and the have nots,season seven,https://tvseriesfinale.com/tv-show/the-haves-and-the-have-nots-season-seven-ratings/,https://docs.google.com/spreadsheets/d/1Ew4e9wBK4P_eX68Vqc7EDEwaUJZDWr7OTJyGvD8Y5Jc/pubhtml/sheet?headers=false&gid=727328561&range=A1%3AH52&output=html&rm=minimal
the haves and the have nots,season eight,https://tvseriesfinale.com/tv-show/the-haves-and-the-have-nots-season-eight-ratings/,https://docs.google.com/spreadsheets/d/1Ew4e9wBK4P_eX68Vqc7EDEwaUJZDWr7OTJyGvD8Y5Jc/pubhtml/sheet?headers=false&gid=2053551492&range=A1%3AH52&output=html&rm=minimal
hawaii five 0,season eight,https://tvseriesfinale.com/tv-show/hawaii-five-0-season-eight-ratings/,https://docs.google.com/spreadsheets/d/e/2PACX-1vT3vh7mmYQQq1m3g7KQMsmlr1cEvnVRX6aVWRwp6JU7F2hy06mf_irW7uwbTdww_G47LBmS64qNTLkG/pubhtml/sheet?headers=false&gid=1438006424&range=A1%3Ah100
hawaii five 0,season nine,https://tvseriesfinale.com/tv-show/hawaii-five-0-season-nine-ratings/,https://docs.google.com/spreadsheets/d/1qlYGtdgF6N3UIJArkhteiD8B0zo8akewHTR0Jd_ceOE/pubhtml/sheet?headers=false&gid=1438006424&range=A1%3Ah100
hawaii five 0,season 10,https://tvseriesfinale.com/tv-show/hawaii-five-0-season-10-ratings/,https://docs.google.com/spreadsheets/d/e/2PACX-1vT0r9Z1zIFp1HCpQK8PJDq8yeZzWrPf8e5BhFbpOvRROSxNyF6FMc5WC4jKRtnUWwnK66Gam6BNkEHI/pubhtml/sheet?headers=false&gid=1074618138&range=A1%3Ah100
heels,season one,https://tvseriesfinale.com/tv-show/heels-season-one-ratings/,https://docs.google.com/spreadsheets/d/1-xha-SEcC1L6_KlAxjxMArlpX2A8XY1grDeo58d922E/pubhtml/sheet?headers=false&gid=867410897&range=A1%3AG100&output=html&rm=minimal
heels,season two,https://tvseriesfinale.com/tv-show/heels-season-two-ratings/,https://docs.google.com/spreadsheets/d/1-xha-SEcC1L6_KlAxjxMArlpX2A8XY1grDeo58d922E/pubhtml/sheet?headers=false&gid=385628387&range=A1%3AG100&output=html&rm=minimal
hells kitchen,season 17,https://tvseriesfinale.com/tv-show/hells-kitchen-season-17-ratings/,https://docs.google.com/spreadsheets/d/1ftMGnLJFFncsXKJ6saeTkxhdfa23cittfFA2Z2rVogM/pubhtml/sheet?headers=false&gid=1000255284&range=A1%3Ah100
hells kitchen,season 18,https://tvseriesfinale.com/tv-show/hells-kitchen-season-18-ratings/,https://docs.google.com/spreadsheets/d/1n4PyBtJrphtdfhiPq884nmoV8wIMKHVrgbvYhJ-DV80/pubhtml/sheet?headers=false&gid=1000255284&range=A1%3Ah100
hells kitchen,season 19,https://tvseriesfinale.com/tv-show/hells-kitchen-season-19-ratings/,https://docs.google.com/spreadsheets/d/1um1vJjK_QbewPMm0sO1CczrrgO2FDmtjdN74LteZN7g/pubhtml/sheet?headers=false&gid=1544267390&range=A1%3Ah100
hells kitchen,season 20,https://tvseriesfinale.com/tv-show/hells-kitchen-season-20-ratings/,https://docs.google.com/spreadsheets/d/1um1vJjK_QbewPMm0sO1CczrrgO2FDmtjdN74LteZN7g/pubhtml/sheet?headers=false&gid=533900919&range=A1%3Ah100
hells kitchen,season 21,https://tvseriesfinale.com/tv-show/hells-kitchen-season-21-ratings/,https://docs.google.com/spreadsheets/d/1bCcF_doylXV5Q45d8vITOJBvhw6a3YcB2aJApWPLCGw/pubhtml/sheet?headers=false&gid=755564555&range=A1%3Ah100
hells kitchen,season 22,https://tvseriesfinale.com/tv-show/hells-kitchen-season-22-ratings/,https://docs.google.com/spreadsheets/d/1gho_2zWLswUjY_ZpmoiMhFa0JCIIjFpOuxah5J-ltYk/pubhtml/sheet?headers=false&gid=1052878184&range=A1%3Ah100
now,season one,https://tvseriesfinale.com/tv-show/now-season-one-ratings/,https://docs.google.com/spreadsheets/d/1QU8U82xgr8GURmJc3eR0Y4w7ppxwfNsp6dhPnzcs4bw/pubhtml/sheet?headers=false&gid=1386031417&range=A1%3AG19&output=html&rm=minimal
high maintenance,season two,https://tvseriesfinale.com/tv-show/high-maintenance-season-two-ratings/,https://docs.google.com/spreadsheets/d/1QU8U82xgr8GURmJc3eR0Y4w7ppxwfNsp6dhPnzcs4bw/pubhtml/sheet?headers=false&gid=45822017&range=A1%3AG19&output=html&rm=minimal
high maintenance,season three,https://tvseriesfinale.com/tv-show/high-maintenance-season-three-ratings/,https://docs.google.com/spreadsheets/d/1QU8U82xgr8GURmJc3eR0Y4w7ppxwfNsp6dhPnzcs4bw/pubhtml/sheet?headers=false&gid=605594126&range=A1%3AG19&output=html&rm=minimal
high maintenance,season four,https://tvseriesfinale.com/tv-show/high-maintenance-season-four-ratings/,https://docs.google.com/spreadsheets/d/1QU8U82xgr8GURmJc3eR0Y4w7ppxwfNsp6dhPnzcs4bw/pubhtml/sheet?headers=false&gid=1934531177&range=A1%3AG19&output=html&rm=minimal
hightown,season two,https://tvseriesfinale.com/tv-show/hightown-season-two-ratings/,https://docs.google.com/spreadsheets/d/1-xha-SEcC1L6_KlAxjxMArlpX2A8XY1grDeo58d922E/pubhtml/sheet?headers=false&gid=1193851219&range=A1%3AG100&output=html&rm=minimal
hightown,season three,https://tvseriesfinale.com/tv-show/hightown-season-three-ratings/,https://docs.google.com/spreadsheets/d/1-xha-SEcC1L6_KlAxjxMArlpX2A8XY1grDeo58d922E/pubhtml/sheet?headers=false&gid=801263358&range=A1%3AG100&output=html&rm=minimal
his dark materials,season one,https://tvseriesfinale.com/tv-show/his-dark-materials-season-one-ratings/,https://docs.google.com/spreadsheets/d/1QU8U82xgr8GURmJc3eR0Y4w7ppxwfNsp6dhPnzcs4bw/pubhtml/sheet?headers=false&gid=529912886&range=A1%3AG19&output=html&rm=minimal
his dark materials,season two,https://tvseriesfinale.com/tv-show/his-dark-materials-season-two-ratings/,https://docs.google.com/spreadsheets/d/1QU8U82xgr8GURmJc3eR0Y4w7ppxwfNsp6dhPnzcs4bw/pubhtml/sheet?headers=false&gid=1148587394&range=A1%3AG19&output=html&rm=minimal
hit the floor,season four,https://tvseriesfinale.com/tv-show/hit-the-floor-season-four-ratings/,https://docs.google.com/spreadsheets/d/13ixTXBM3JY-tUl7Uy8FuRm6xCTYTIGfFsuWuNivO1Fc/pubhtml/sheet?headers=false&gid=295571995&range=A1%3AG97&output=html&rm=minimal
holey moley,season one,https://tvseriesfinale.com/tv-show/holey-moley-season-one-ratings/,https://docs.google.com/spreadsheets/d/1Z54g0izrymDxV0QDkwOGE9auYHrCu-FTYNpPDykzPJ8/pubhtml/sheet?headers=false&gid=198752973&range=A1%3Ah100
holey moley,season two,https://tvseriesfinale.com/tv-show/holey-moley-season-two-ratings/,https://docs.google.com/spreadsheets/d/e/2PACX-1vTrXdDjlQ_DsAe7hNjPK48UpmMYmbZE2_I1S3x0frJJbOh448s7NI2vSBYNr_z6DgMwoksah-NZBkKB/pubhtml/sheet?headers=false&gid=655353587&range=A1%3Ah100
holey moley,season three,https://tvseriesfinale.com/tv-show/holey-moley-season-three-ratings/,https://docs.google.com/spreadsheets/d/1NS9t3Pv-5_wq_fCkMbQDlf0scWZ_TYTsLp38Z8jaw_M/pubhtml/sheet?headers=false&gid=900416376&range=A1%3Ah100
holey moley,season four,https://tvseriesfinale.com/tv-show/holey-moley-season-four-ratings/,https://docs.google.com/spreadsheets/d/1UHVhAstyDVbA_72wuwSMX7TAPuO4Z_5sX1xbcmNjr2s/pubhtml/sheet?headers=false&gid=1587977575&range=A1%3Ah100
hollywood game night,season six,https://tvseriesfinale.com/tv-show/hollywood-game-night-season-six-ratings/,https://docs.google.com/spreadsheets/d/1xFhCp0TeNw3qt7L-sjT6GVG1Fq3rxa3v6tGV_EhW0Bc/pubhtml/sheet?headers=false&gid=1901565836&range=A1%3Ah100
holmes family effect,season one,https://tvseriesfinale.com/tv-show/holmes-family-effect-season-one-ratings/,https://docs.google.com/spreadsheets/d/1um1vJjK_QbewPMm0sO1CczrrgO2FDmtjdN74LteZN7g/pubhtml/sheet?headers=false&gid=1784595927&range=A1%3Ah100
home economics,season one,https://tvseriesfinale.com/tv-show/home-economics-season-one-ratings/,https://docs.google.com/spreadsheets/d/1NS9t3Pv-5_wq_fCkMbQDlf0scWZ_TYTsLp38Z8jaw_M/pubhtml/sheet?headers=false&gid=2082560913&range=A1%3Ah100
home economics,season two,https://tvseriesfinale.com/tv-show/home-economics-season-two-ratings/,https://docs.google.com/spreadsheets/d/1UHVhAstyDVbA_72wuwSMX7TAPuO4Z_5sX1xbcmNjr2s/pubhtml/sheet?headers=false&gid=1258157637&range=A1%3Ah100
home economics,season three,https://tvseriesfinale.com/tv-show/home-economics-season-three-ratings/,https://docs.google.com/spreadsheets/d/1yWN1t7MlPk9jroVeTgGH5-U5sp5XVcZJclGsrnyl5bI/pubhtml/sheet?headers=false&gid=440977045&range=A1%3Ah100
home sweet home,season one,https://tvseriesfinale.com/tv-show/home-sweet-home-season-one-ratings/,https://docs.google.com/spreadsheets/d/1HyhsoErv-gaQ6jE5tzO_Ax6r5ouKVGm3nNLcv74jPYY/pubhtml/sheet?headers=false&gid=331739529&range=A1%3Ah100
homeland,season six,https://tvseriesfinale.com/tv-show/homeland-season-six-ratings/,https://docs.google.com/spreadsheets/d/13_jTGvVcJocGGMZhhC2fdGIsx1znj_LvslHru7vALRA/pubhtml/sheet?headers=false&gid=348945765&range=A1%3AG20&output=html
homeland,season seven,https://tvseriesfinale.com/tv-show/homeland-season-seven-ratings/,https://docs.google.com/spreadsheets/d/13_jTGvVcJocGGMZhhC2fdGIsx1znj_LvslHru7vALRA/pubhtml/sheet?headers=false&gid=281558071&range=A1%3AG100
homeland,season eight,https://tvseriesfinale.com/tv-show/homeland-season-eight-ratings/,https://docs.google.com/spreadsheets/d/13_jTGvVcJocGGMZhhC2fdGIsx1znj_LvslHru7vALRA/pubhtml/sheet?headers=false&gid=383197150&range=A1%3AG100
hooten the lady,season one,https://tvseriesfinale.com/tv-show/hooten-the-lady-season-one-ratings/,https://docs.google.com/spreadsheets/d/1i4IfQufJnv28LwfJWIz_Ea0E8u3f4vhTmL4pZz3620Q/pubhtml/sheet?headers=false&gid=230162874&range=A1%3AH100
hot wheels ultimate challenge,season one,https://tvseriesfinale.com/tv-show/hot-wheels-ultimate-challenge-season-one-ratings/,https://docs.google.com/spreadsheets/d/1ma3sMDxK-aUwyuz2kB8gMyf1goAcW9mqosbWSlLHEcg/pubhtml/sheet?headers=false&gid=1426701478&range=A1%3Ah100
howards end,season one,https://tvseriesfinale.com/tv-show/howards-end-season-one-ratings/,https://docs.google.com/spreadsheets/d/1-xha-SEcC1L6_KlAxjxMArlpX2A8XY1grDeo58d922E/pubhtml/sheet?headers=false&gid=11382340&range=A1%3AG100&output=html&rm=minimal
house calls with dr phil,season one,https://tvseriesfinale.com/tv-show/house-calls-with-dr-phil-season-one-ratings/,https://docs.google.com/spreadsheets/d/1dBByBwNRkBxn64JkURCCBbkdekn50VAxa3AfH7pZK04/pubhtml/sheet?headers=false&gid=157979728&range=A1%3Ah100
house of the dragon,season one,https://tvseriesfinale.com/tv-show/house-of-the-dragon-season-one-ratings/,https://docs.google.com/spreadsheets/d/1QU8U82xgr8GURmJc3eR0Y4w7ppxwfNsp6dhPnzcs4bw/pubhtml/sheet?headers=false&gid=588960163&range=A1%3AG19&output=html&rm=minimal
housebroken,season one,https://tvseriesfinale.com/tv-show/housebroken-season-one-ratings/,https://docs.google.com/spreadsheets/d/1um1vJjK_QbewPMm0sO1CczrrgO2FDmtjdN74LteZN7g/pubhtml/sheet?headers=false&gid=1645951110&range=A1%3Ah100
housebroken,season two,https://tvseriesfinale.com/tv-show/housebroken-season-two-ratings/,https://docs.google.com/spreadsheets/d/1bCcF_doylXV5Q45d8vITOJBvhw6a3YcB2aJApWPLCGw/pubhtml/sheet?headers=false&gid=236609002&range=A1%3Ah100
get away murder,season three,https://tvseriesfinale.com/tv-show/get-away-murder-season-three-ratings/,https://docs.google.com/spreadsheets/d/1ToHTY-SGH1wLEo31kKz9TOE5PsdpBE20kqtr1BhJBVA/pubhtml/sheet?headers=false&gid=1150333359&range=A1%3Ah100
how to get away with murder,season four,https://tvseriesfinale.com/tv-show/how-to-get-away-with-murder-season-four-ratings/,https://docs.google.com/spreadsheets/d/e/2PACX-1vTlE5lTHpAmKbEOIFMoMB5xW95pIvYxFgcblbWzKL4ZDLRBAVL3Bt3WtXzA65dzsHZXuOrwhIXlQOfq/pubhtml/sheet?headers=false&gid=532833617&range=A1%3Ah100
how to get away with murder,season five,https://tvseriesfinale.com/tv-show/how-to-get-away-with-murder-season-five-ratings/,https://docs.google.com/spreadsheets/d/1Z54g0izrymDxV0QDkwOGE9auYHrCu-FTYNpPDykzPJ8/pubhtml/sheet?headers=false&gid=532833617&range=A1%3Ah100
how to get away with murder,season six,https://tvseriesfinale.com/tv-show/how-to-get-away-with-murder-season-six-ratings/,https://docs.google.com/spreadsheets/d/e/2PACX-1vTrXdDjlQ_DsAe7hNjPK48UpmMYmbZE2_I1S3x0frJJbOh448s7NI2vSBYNr_z6DgMwoksah-NZBkKB/pubhtml/sheet?headers=false&gid=2006955862&range=A1%3Ah100
how we roll,season one,https://tvseriesfinale.com/tv-show/how-we-roll-season-one-ratings/,https://docs.google.com/spreadsheets/d/1gPmjJd_L8Sp9Vp5qI5sfS69ztHiav5B4fFPrTOSmVMs/pubhtml/sheet?headers=false&gid=1802127622&range=A1%3Ah100
humans,season two,https://tvseriesfinale.com/tv-show/humans-season-two-ratings/,https://docs.google.com/spreadsheets/d/13J-oeB6b8gpR4AGlw7PZS-4FvjvPKN5_0JFfGwsDXG4/pubhtml/sheet?headers=false&gid=876948296&range=A1%3AG23&output=html&rm=minimal
humans,season three,https://tvseriesfinale.com/tv-show/humans-season-three-ratings/,https://docs.google.com/spreadsheets/d/13J-oeB6b8gpR4AGlw7PZS-4FvjvPKN5_0JFfGwsDXG4/pubhtml/sheet?headers=false&gid=1543725977&range=A1%3AG23&output=html&rm=minimal
the hustler,season one,https://tvseriesfinale.com/tv-show/the-hustler-season-one-ratings/,https://docs.google.com/spreadsheets/d/1NS9t3Pv-5_wq_fCkMbQDlf0scWZ_TYTsLp38Z8jaw_M/pubhtml/sheet?headers=false&gid=519330783&range=A1%3Ah100
the hustler,season two,https://tvseriesfinale.com/tv-show/the-hustler-season-two-ratings/,https://docs.google.com/spreadsheets/d/1NS9t3Pv-5_wq_fCkMbQDlf0scWZ_TYTsLp38Z8jaw_M/pubhtml/sheet?headers=false&gid=1404734263&range=A1%3Ah100
hypnotize me,season one,https://tvseriesfinale.com/tv-show/hypnotize-me-season-one-ratings/,https://docs.google.com/spreadsheets/d/1T-eDbU4WnVnGczaTUc9X91683hE7PYpTtpap48tpnu0/pubhtml/sheet?headers=false&gid=47522447&range=A1%3Ah100
i am frankie,season two,https://tvseriesfinale.com/tv-show/i-am-frankie-season-two-ratings/,https://docs.google.com/spreadsheets/d/1_nqNiYUKx3QSBGCYX9BUfp7wRaQ052jJtOxaNLpt2XI/pubhtml/sheet?headers=false&gid=981239895&range=A1%3AH52&output=html&rm=minimal
i am the night,season one,https://tvseriesfinale.com/tv-show/i-am-the-night-season-one-ratings/,https://docs.google.com/spreadsheets/d/1QtBG-fGZvsxYy32ltEqEbyD_Vp9XHOYSt9-6wyprIS4/pubhtml/sheet?headers=false&gid=1896220044&range=A1%3AG46
i can see your voice,season one,https://tvseriesfinale.com/tv-show/i-can-see-your-voice-season-one-ratings/,https://docs.google.com/spreadsheets/d/1um1vJjK_QbewPMm0sO1CczrrgO2FDmtjdN74LteZN7g/pubhtml/sheet?headers=false&gid=1671748803&range=A1%3Ah100
i can see your voice,season two,https://tvseriesfinale.com/tv-show/i-can-see-your-voice-season-two-ratings/,https://docs.google.com/spreadsheets/d/1PlugKIBMoFJpsdg8AZIYiS56GA8u5BxmNnpQ5v0wx1Q/pubhtml/sheet?headers=false&gid=336571383&range=A1%3Ah100
i can see your voice,season three,https://tvseriesfinale.com/tv-show/i-can-see-your-voice-season-three-ratings/,https://docs.google.com/spreadsheets/d/1gho_2zWLswUjY_ZpmoiMhFa0JCIIjFpOuxah5J-ltYk/pubhtml/sheet?headers=false&gid=1921662314&range=A1%3Ah100
i know this much is true,season one,https://tvseriesfinale.com/tv-show/i-know-this-much-is-true-season-one-ratings/,https://docs.google.com/spreadsheets/d/1QU8U82xgr8GURmJc3eR0Y4w7ppxwfNsp6dhPnzcs4bw/pubhtml/sheet?headers=false&gid=634799760&range=A1%3AG19&output=html&rm=minimal
i love that for you,season one,https://tvseriesfinale.com/tv-show/i-love-that-for-you-season-one-ratings/,https://docs.google.com/spreadsheets/d/13_jTGvVcJocGGMZhhC2fdGIsx1znj_LvslHru7vALRA/pubhtml/sheet?headers=false&gid=841122681&range=A1%3AG100
i may destroy you,season one,https://tvseriesfinale.com/tv-show/i-may-destroy-you-season-one-ratings/,https://docs.google.com/spreadsheets/d/1QU8U82xgr8GURmJc3eR0Y4w7ppxwfNsp6dhPnzcs4bw/pubhtml/sheet?headers=false&gid=1079106513&range=A1%3AG19&output=html&rm=minimal
i ship it,season two,https://tvseriesfinale.com/tv-show/i-ship-it-season-two-ratings/,https://docs.google.com/spreadsheets/d/1T-eDbU4WnVnGczaTUc9X91683hE7PYpTtpap48tpnu0/pubhtml/sheet?headers=false&gid=319130178&range=A1%3Ah100
im dying,season one,https://tvseriesfinale.com/tv-show/im-dying-season-one-ratings/,https://docs.google.com/spreadsheets/d/13_jTGvVcJocGGMZhhC2fdGIsx1znj_LvslHru7vALRA/pubhtml/sheet?headers=false&gid=1514455067&range=A1%3AG100
im dying up here,season two,https://tvseriesfinale.com/tv-show/im-dying-up-here-season-two-ratings/,https://docs.google.com/spreadsheets/d/13_jTGvVcJocGGMZhhC2fdGIsx1znj_LvslHru7vALRA/pubhtml/sheet?headers=false&gid=406068961&range=A1%3AG100
im sorry,season one,https://tvseriesfinale.com/tv-show/im-sorry-season-one-ratings/,https://docs.google.com/spreadsheets/d/1duUh7xnuYERropZFc9NjcNyLhp3dAbw3MgLurC94YpU/pubhtml/sheet?headers=false&gid=1620017749&range=A1%3AH52&output=html&rm=minimal
im sorry,season two,https://tvseriesfinale.com/tv-show/im-sorry-season-two-ratings/,https://docs.google.com/spreadsheets/d/1duUh7xnuYERropZFc9NjcNyLhp3dAbw3MgLurC94YpU/pubhtml/sheet?headers=false&gid=1084789896&range=A1%3AH52&output=html&rm=minimal
the idol,season one,https://tvseriesfinale.com/tv-show/the-idol-season-one-ratings/,https://docs.google.com/spreadsheets/d/1QU8U82xgr8GURmJc3eR0Y4w7ppxwfNsp6dhPnzcs4bw/pubhtml/sheet?headers=false&gid=874240025&range=A1%3AG19&output=html&rm=minimal
idiotsitter,season two,https://tvseriesfinale.com/tv-show/idiotsitter-season-two-ratings/,https://docs.google.com/spreadsheets/d/1TlUrr7x4sodWNr-S-N8Z1uB3bHn0ftZMVjZJpLyeme8/pubhtml/sheet?headers=false&gid=881571618&range=A1%3AG97&output=html&rm=minimal
if loving you is wrong,season three,https://tvseriesfinale.com/tv-show/if-loving-you-is-wrong-season-three-ratings/,https://docs.google.com/spreadsheets/d/1Ew4e9wBK4P_eX68Vqc7EDEwaUJZDWr7OTJyGvD8Y5Jc/pubhtml/sheet?headers=false&gid=700841235&range=A1%3AH52&output=html&rm=minimal
if loving you is wrong,season four,https://tvseriesfinale.com/tv-show/if-loving-you-is-wrong-season-four-ratings/,https://docs.google.com/spreadsheets/d/1Ew4e9wBK4P_eX68Vqc7EDEwaUJZDWr7OTJyGvD8Y5Jc/pubhtml/sheet?headers=false&gid=1291440356&range=A1%3AH52&output=html&rm=minimal
if loving you is wrong,season five,https://tvseriesfinale.com/tv-show/if-loving-you-is-wrong-season-five-ratings/,https://docs.google.com/spreadsheets/d/1Ew4e9wBK4P_eX68Vqc7EDEwaUJZDWr7OTJyGvD8Y5Jc/pubhtml/sheet?headers=false&gid=1071631495&range=A1%3AH52&output=html&rm=minimal
imaginary mary,season one,https://tvseriesfinale.com/tv-show/imaginary-mary-season-one-ratings/,https://docs.google.com/spreadsheets/d/1ToHTY-SGH1wLEo31kKz9TOE5PsdpBE20kqtr1BhJBVA/pubhtml/sheet?headers=false&gid=872497237&range=A1%3Ah100
imposters tv show bravo,season one,https://tvseriesfinale.com/tv-show/imposters-tv-show-bravo-season-one-ratings/,https://docs.google.com/spreadsheets/d/1XBCYT-u31c69trttWV3sbTeSjUbRphF_ib6t8kMoioE/pubhtml/sheet?headers=false&gid=723686966&range=A1%3AH52&output=html&rm=minimal
imposters,season two,https://tvseriesfinale.com/tv-show/imposters-season-two-ratings/,https://docs.google.com/spreadsheets/d/1XBCYT-u31c69trttWV3sbTeSjUbRphF_ib6t8kMoioE/pubhtml/sheet?headers=false&gid=294526691&range=A1%3AH52&output=html&rm=minimal
in the dark,season one,https://tvseriesfinale.com/tv-show/in-the-dark-season-one-ratings/,https://docs.google.com/spreadsheets/d/1T-eDbU4WnVnGczaTUc9X91683hE7PYpTtpap48tpnu0/pubhtml/sheet?headers=false&gid=808682864&range=A1%3Ah100
in the dark,season two,https://tvseriesfinale.com/tv-show/in-the-dark-season-two-ratings/,https://docs.google.com/spreadsheets/d/e/2PACX-1vTaD6uAv0rMyqOLpklP9QmMHlz3gUaKkf5kYVM3nDXbIBys2LKIkvfed1zv-22RJpYtZtcw1rvPd5ws/pubhtml/sheet?headers=false&gid=314010370&range=A1%3Ah100
in the dark,season three,https://tvseriesfinale.com/tv-show/in-the-dark-season-three-ratings/,https://docs.google.com/spreadsheets/d/1UtKbmbo-TrCU00937XlBHCPgAR5Wx5fyu7YHrmiDjZQ/pubhtml/sheet?headers=false&gid=755042513&range=A1%3Ah100
in the dark,season four,https://tvseriesfinale.com/tv-show/in-the-dark-season-four-ratings/,https://docs.google.com/spreadsheets/d/1MiOE1bCf6lKNJCpNpvXIAZYYbPo5_BfTqqGbsG9ENo8/pubhtml/sheet?headers=false&gid=1789861595&range=A1%3Ah100
in treatment,season four,https://tvseriesfinale.com/tv-show/in-treatment-season-four-ratings/,https://docs.google.com/spreadsheets/d/1QU8U82xgr8GURmJc3eR0Y4w7ppxwfNsp6dhPnzcs4bw/pubhtml/sheet?headers=false&gid=1061745523&range=A1%3AG50&output=html&rm=minimal
the inbetween,season one,https://tvseriesfinale.com/tv-show/the-inbetween-season-one-ratings/,https://docs.google.com/spreadsheets/d/1xFhCp0TeNw3qt7L-sjT6GVG1Fq3rxa3v6tGV_EhW0Bc/pubhtml/sheet?headers=false&gid=450748354&range=A1%3Ah100
incorporated tv show syfy,season one,https://tvseriesfinale.com/tv-show/incorporated-tv-show-syfy-season-one-ratings/,https://docs.google.com/spreadsheets/d/14IMssfgFsz8f3V5fAqkrt1xG_NUPQHNq4zimlz87N_c/pubhtml/sheet?headers=false&gid=163198147&range=A1%3AG30
indebted,season one,https://tvseriesfinale.com/tv-show/indebted-season-one-ratings/,https://docs.google.com/spreadsheets/d/e/2PACX-1vRtVj2UE-OnOA12xp1fNuzjlRH3leED-mA5SsVYu5siarlfm8OVy5EHBpyoUlI9ICBIQzZ2hnLviUro/pubhtml/sheet?headers=false&gid=1093067771&range=A1%3Ah100
industry,season one,https://tvseriesfinale.com/tv-show/industry-season-one-ratings/,https://docs.google.com/spreadsheets/d/1QU8U82xgr8GURmJc3eR0Y4w7ppxwfNsp6dhPnzcs4bw/pubhtml/sheet?headers=false&gid=498179428&range=A1%3AG19&output=html&rm=minimal
industry,season two,https://tvseriesfinale.com/tv-show/industry-season-two-ratings/,https://docs.google.com/spreadsheets/d/1QU8U82xgr8GURmJc3eR0Y4w7ppxwfNsp6dhPnzcs4bw/pubhtml/sheet?headers=false&gid=2063011038&range=A1%3AG19&output=html&rm=minimal
insecure,season one,https://tvseriesfinale.com/tv-show/insecure-season-one-ratings/,https://docs.google.com/spreadsheets/d/1QU8U82xgr8GURmJc3eR0Y4w7ppxwfNsp6dhPnzcs4bw/pubhtml/sheet?headers=false&gid=1875079442&range=A1%3AG19&output=html&rm=minimal
insecure,season two,https://tvseriesfinale.com/tv-show/insecure-season-two-ratings/,https://docs.google.com/spreadsheets/d/1QU8U82xgr8GURmJc3eR0Y4w7ppxwfNsp6dhPnzcs4bw/pubhtml/sheet?headers=false&gid=387975985&range=A1%3AG19&output=html&rm=minimal
insecure,season three,https://tvseriesfinale.com/tv-show/insecure-season-three-ratings/,https://docs.google.com/spreadsheets/d/1QU8U82xgr8GURmJc3eR0Y4w7ppxwfNsp6dhPnzcs4bw/pubhtml/sheet?headers=false&gid=1090847473&range=A1%3AG19&output=html&rm=minimal
insecure,season four,https://tvseriesfinale.com/tv-show/insecure-season-four-ratings/,https://docs.google.com/spreadsheets/d/1QU8U82xgr8GURmJc3eR0Y4w7ppxwfNsp6dhPnzcs4bw/pubhtml/sheet?headers=false&gid=944933587&range=A1%3AG19&output=html&rm=minimal
insecure,season five,https://tvseriesfinale.com/tv-show/insecure-season-five-ratings/,https://docs.google.com/spreadsheets/d/1QU8U82xgr8GURmJc3eR0Y4w7ppxwfNsp6dhPnzcs4bw/pubhtml/sheet?headers=false&gid=456308551&range=A1%3AG19&output=html&rm=minimal
instinct,season one,https://tvseriesfinale.com/tv-show/instinct-season-one-ratings/,https://docs.google.com/spreadsheets/d/e/2PACX-1vT3vh7mmYQQq1m3g7KQMsmlr1cEvnVRX6aVWRwp6JU7F2hy06mf_irW7uwbTdww_G47LBmS64qNTLkG/pubhtml/sheet?headers=false&gid=1981397972&range=A1%3Ah100
instinct,season two,https://tvseriesfinale.com/tv-show/instinct-season-two-ratings/,https://docs.google.com/spreadsheets/d/1qlYGtdgF6N3UIJArkhteiD8B0zo8akewHTR0Jd_ceOE/pubhtml/sheet?headers=false&gid=1071331439&range=A1%3Ah100
the interrogation tapes,season one,https://tvseriesfinale.com/tv-show/the-interrogation-tapes-season-one-ratings/,https://docs.google.com/spreadsheets/d/15KTevMXvt9KrUmg0EAioSoNjNmhfRebf0-72WnZYlK8/pubhtml/sheet?headers=false&gid=1467984749&range=A1%3Ah100
badlands,season two,https://tvseriesfinale.com/tv-show/badlands-season-two-ratings/,https://docs.google.com/spreadsheets/d/13J-oeB6b8gpR4AGlw7PZS-4FvjvPKN5_0JFfGwsDXG4/pubhtml/sheet?headers=false&gid=911662293&range=A1%3AG23&output=html&rm=minimal
into the badlands,season three,https://tvseriesfinale.com/tv-show/into-the-badlands-season-three-ratings/,https://docs.google.com/spreadsheets/d/13J-oeB6b8gpR4AGlw7PZS-4FvjvPKN5_0JFfGwsDXG4/pubhtml/sheet?headers=false&gid=1740366949&range=A1%3AG23&output=html&rm=minimal
irma vep,season one,https://tvseriesfinale.com/tv-show/irma-vep-season-one-ratings/,https://docs.google.com/spreadsheets/d/1QU8U82xgr8GURmJc3eR0Y4w7ppxwfNsp6dhPnzcs4bw/pubhtml/sheet?headers=false&gid=1528414904&range=A1%3AG19&output=html&rm=minimal
the irrational,season one,https://tvseriesfinale.com/tv-show/the-irrational-season-one-ratings/,https://docs.google.com/spreadsheets/d/1ulFHD6XOdDbGfOjxn7oY7g5VbYqBaQ4f5x74oABSSnE/pubhtml/sheet?headers=false&gid=1667930300&range=A1%3Ah100
always sunny philadelphia,season 12,https://tvseriesfinale.com/tv-show/always-sunny-philadelphia-season-12-ratings/,https://docs.google.com/spreadsheets/d/1DdYBR3HPqX7CL7Inge6KsMqvRhBXC7K--484-vIofrk/pubhtml/sheet?headers=false&gid=677242799&range=A1%3AG97&output=html&rm=minimal
always sunny philadelphia,season 13,https://tvseriesfinale.com/tv-show/always-sunny-philadelphia-season-13-ratings/,https://docs.google.com/spreadsheets/d/1DdYBR3HPqX7CL7Inge6KsMqvRhBXC7K--484-vIofrk/pubhtml/sheet?headers=false&gid=405889585&range=A1%3AG97&output=html&rm=minimal
its always sunny in philadelphia,season 14,https://tvseriesfinale.com/tv-show/its-always-sunny-in-philadelphia-season-14-ratings/,https://docs.google.com/spreadsheets/d/1DdYBR3HPqX7CL7Inge6KsMqvRhBXC7K--484-vIofrk/pubhtml/sheet?headers=false&gid=1329997670&range=A1%3AG97&output=html&rm=minimal
its always sunny in philadelphia,season 15,https://tvseriesfinale.com/tv-show/its-always-sunny-in-philadelphia-season-15-ratings/,https://docs.google.com/spreadsheets/d/1DdYBR3HPqX7CL7Inge6KsMqvRhBXC7K--484-vIofrk/pubhtml/sheet?headers=false&gid=33792675&range=A1%3AG97&output=html&rm=minimal
its always sunny in philadelphia,season 16,https://tvseriesfinale.com/tv-show/its-always-sunny-in-philadelphia-season-16-ratings/,https://docs.google.com/spreadsheets/d/1DdYBR3HPqX7CL7Inge6KsMqvRhBXC7K--484-vIofrk/pubhtml/sheet?headers=false&gid=980733904&range=A1%3AG97&output=html&rm=minimal
izombie,season three,https://tvseriesfinale.com/tv-show/izombie-season-three-ratings/,https://docs.google.com/spreadsheets/d/1i4IfQufJnv28LwfJWIz_Ea0E8u3f4vhTmL4pZz3620Q/pubhtml/sheet?headers=false&gid=1423662524&range=A1%3AH100
izombie,season four,https://tvseriesfinale.com/tv-show/izombie-season-four-ratings/,https://docs.google.com/spreadsheets/d/e/2PACX-1vR_SBz9FDKyY15XKRCf_Vpm1tJXCnrieAa2957aRG1B9OPPcaQGfv4n1m4kjsCVCZGH29aYvTeDUaiS/pubhtml/sheet?headers=false&gid=435393886&range=A1%3AH40
izombie,season five,https://tvseriesfinale.com/tv-show/izombie-season-five-ratings/,https://docs.google.com/spreadsheets/d/1T-eDbU4WnVnGczaTUc9X91683hE7PYpTtpap48tpnu0/pubhtml/sheet?headers=false&gid=1578016291&range=A1%3Ah100
jane virgin,season three,https://tvseriesfinale.com/tv-show/jane-virgin-season-three-ratings/,https://docs.google.com/spreadsheets/d/1i4IfQufJnv28LwfJWIz_Ea0E8u3f4vhTmL4pZz3620Q/pubhtml/sheet?headers=false&gid=1715685231&range=A1%3AH100
jane the virgin,season four,https://tvseriesfinale.com/tv-show/jane-the-virgin-season-four-ratings/,https://docs.google.com/spreadsheets/d/e/2PACX-1vR_SBz9FDKyY15XKRCf_Vpm1tJXCnrieAa2957aRG1B9OPPcaQGfv4n1m4kjsCVCZGH29aYvTeDUaiS/pubhtml/sheet?headers=false&gid=1422703112&range=A1%3AH40
jane the virgin,season five,https://tvseriesfinale.com/tv-show/jane-the-virgin-season-five-ratings/,https://docs.google.com/spreadsheets/d/1T-eDbU4WnVnGczaTUc9X91683hE7PYpTtpap48tpnu0/pubhtml/sheet?headers=false&gid=1068861592&range=A1%3Ah100
jeopardy masters,season one,https://tvseriesfinale.com/tv-show/jeopardy-masters-season-one-ratings/,https://docs.google.com/spreadsheets/d/1yWN1t7MlPk9jroVeTgGH5-U5sp5XVcZJclGsrnyl5bI/pubhtml/sheet?headers=false&gid=891424543&range=A1%3Ah100
jeopardy masters,season two,https://tvseriesfinale.com/tv-show/jeopardy-masters-season-two-ratings/,https://docs.google.com/spreadsheets/d/15KTevMXvt9KrUmg0EAioSoNjNmhfRebf0-72WnZYlK8/pubhtml/sheet?headers=false&gid=1073892678&range=A1%3Ah100
jeopardy national college championship,season one,https://tvseriesfinale.com/tv-show/jeopardy-national-college-championship-season-one-ratings/,https://docs.google.com/spreadsheets/d/1UHVhAstyDVbA_72wuwSMX7TAPuO4Z_5sX1xbcmNjr2s/pubhtml/sheet?headers=false&gid=547785454&range=A1%3Ah100
jett,season one,https://tvseriesfinale.com/tv-show/jett-season-one-ratings/,"https://docs.google.com/spreadsheets/d/1cg4Jg0ic8YiLthke5JlF8Fobzk-6LAGkBt9SDz2q9D8/pubhtml/sheet?headers=false&gid=720309379&range=A1%3AG46&output=html&rm=minimal"""
joe millionaire for richer or poorer,season one,https://tvseriesfinale.com/tv-show/joe-millionaire-for-richer-or-poorer-season-one-ratings/,https://docs.google.com/spreadsheets/d/1PlugKIBMoFJpsdg8AZIYiS56GA8u5BxmNnpQ5v0wx1Q/pubhtml/sheet?headers=false&gid=1495936060&range=A1%3Ah100
judge steve harvey,season one,https://tvseriesfinale.com/tv-show/judge-steve-harvey-season-one-ratings/,https://docs.google.com/spreadsheets/d/1UHVhAstyDVbA_72wuwSMX7TAPuO4Z_5sX1xbcmNjr2s/pubhtml/sheet?headers=false&gid=643121118&range=A1%3Ah100
judge steve harvey,season two,https://tvseriesfinale.com/tv-show/judge-steve-harvey-season-two-ratings/,https://docs.google.com/spreadsheets/d/1yWN1t7MlPk9jroVeTgGH5-U5sp5XVcZJclGsrnyl5bI/pubhtml/sheet?headers=false&gid=1506549661&range=A1%3Ah100
just roll with it,season one,https://tvseriesfinale.com/tv-show/just-roll-with-it-season-one-ratings/,https://docs.google.com/spreadsheets/d/130CWZBt90ZOMI33llQ0bMo1hUS479p7R4Mo6_Qn4-XM/pubhtml/sheet?headers=false&gid=965123613&range=A1%3AG100&output=html&rm=minimal
justified city primeval,season one,https://tvseriesfinale.com/tv-show/justified-city-primeval-season-one-ratings/,https://docs.google.com/spreadsheets/d/1DdYBR3HPqX7CL7Inge6KsMqvRhBXC7K--484-vIofrk/pubhtml/sheet?headers=false&gid=1145148544&range=A1%3AG97&output=html&rm=minimal
katy keene,season one,https://tvseriesfinale.com/tv-show/katy-keene-season-one-ratings/,https://docs.google.com/spreadsheets/d/e/2PACX-1vTaD6uAv0rMyqOLpklP9QmMHlz3gUaKkf5kYVM3nDXbIBys2LKIkvfed1zv-22RJpYtZtcw1rvPd5ws/pubhtml/sheet?headers=false&gid=523366050&range=A1%3Ah100
kenan,season one,https://tvseriesfinale.com/tv-show/kenan-season-one-ratings/,https://docs.google.com/spreadsheets/d/10un34Z5y-n7KeT3gb_7cpWX7fhoO90wr1mlus7eRKcs/pubhtml/sheet?headers=false&gid=2119220742&range=A1%3Ah100
kenan,season two,https://tvseriesfinale.com/tv-show/kenan-season-two-ratings/,https://docs.google.com/spreadsheets/d/1HyhsoErv-gaQ6jE5tzO_Ax6r5ouKVGm3nNLcv74jPYY/pubhtml/sheet?headers=false&gid=705715837&range=A1%3Ah100
kevin can fk himself,season one,https://tvseriesfinale.com/tv-show/kevin-can-fk-himself-season-one-ratings/,https://docs.google.com/spreadsheets/d/13J-oeB6b8gpR4AGlw7PZS-4FvjvPKN5_0JFfGwsDXG4/pubhtml/sheet?headers=false&gid=1725716462&range=A1%3AG23&output=html&rm=minimal
kevin can fk himself,season two,https://tvseriesfinale.com/tv-show/kevin-can-fk-himself-season-two-ratings/,https://docs.google.com/spreadsheets/d/13J-oeB6b8gpR4AGlw7PZS-4FvjvPKN5_0JFfGwsDXG4/pubhtml/sheet?headers=false&gid=843105997&range=A1%3AG23&output=html&rm=minimal
kevin can wait,season two,https://tvseriesfinale.com/tv-show/kevin-can-wait-season-two-ratings/,https://docs.google.com/spreadsheets/d/e/2PACX-1vT3vh7mmYQQq1m3g7KQMsmlr1cEvnVRX6aVWRwp6JU7F2hy06mf_irW7uwbTdww_G47LBmS64qNTLkG/pubhtml/sheet?headers=false&gid=273312423&range=A1%3Ah100
kevin can wait,season two,https://tvseriesfinale.com/tv-show/kevin-can-wait-season-two-ratings/,https://docs.google.com/spreadsheets/d/e/2PACX-1vT3vh7mmYQQq1m3g7KQMsmlr1cEvnVRX6aVWRwp6JU7F2hy06mf_irW7uwbTdww_G47LBmS64qNTLkG/pubhtml/sheet?headers=false&gid=273312423&range=A1%3Ah100
kevin probably saves world,season one,https://tvseriesfinale.com/tv-show/kevin-probably-saves-world-season-one-ratings/,https://docs.google.com/spreadsheets/d/e/2PACX-1vTlE5lTHpAmKbEOIFMoMB5xW95pIvYxFgcblbWzKL4ZDLRBAVL3Bt3WtXzA65dzsHZXuOrwhIXlQOfq/pubhtml/sheet?headers=false&gid=861680780&range=A1%3Ah100
kicking screaming,season one,https://tvseriesfinale.com/tv-show/kicking-screaming-season-one-ratings/,https://docs.google.com/spreadsheets/d/1avKfTwLT9jXPNSzSisElW1a1bufQnuPCAwE_k817Z90/pubhtml/sheet?headers=false&gid=901917336&range=A1%3Ah100
kidding,season one,https://tvseriesfinale.com/tv-show/kidding-season-one-ratings/,https://docs.google.com/spreadsheets/d/13_jTGvVcJocGGMZhhC2fdGIsx1znj_LvslHru7vALRA/pubhtml/sheet?headers=false&gid=2066229018&range=A1%3AG100
kidding,season two,https://tvseriesfinale.com/tv-show/kidding-season-two-ratings/,https://docs.google.com/spreadsheets/d/13_jTGvVcJocGGMZhhC2fdGIsx1znj_LvslHru7vALRA/pubhtml/sheet?headers=false&gid=383197150&range=A1%3AG100
the kids are alright,season one,https://tvseriesfinale.com/tv-show/the-kids-are-alright-season-one-ratings/,https://docs.google.com/spreadsheets/d/1Z54g0izrymDxV0QDkwOGE9auYHrCu-FTYNpPDykzPJ8/pubhtml/sheet?headers=false&gid=299779103&range=A1%3Ah100
kids say the darndest things,season one,https://tvseriesfinale.com/tv-show/kids-say-the-darndest-things-season-one-ratings/,https://docs.google.com/spreadsheets/d/e/2PACX-1vTrXdDjlQ_DsAe7hNjPK48UpmMYmbZE2_I1S3x0frJJbOh448s7NI2vSBYNr_z6DgMwoksah-NZBkKB/pubhtml/sheet?headers=false&gid=1173111089&range=A1%3Ah100
kids say the darndest things,season two,https://tvseriesfinale.com/tv-show/kids-say-the-darndest-things-season-two-ratings/,https://docs.google.com/spreadsheets/d/1dBByBwNRkBxn64JkURCCBbkdekn50VAxa3AfH7pZK04/pubhtml/sheet?headers=false&gid=71670657&range=A1%3Ah100
killer camp,season one,https://tvseriesfinale.com/tv-show/killer-camp-season-one-ratings/,https://docs.google.com/spreadsheets/d/e/2PACX-1vTaD6uAv0rMyqOLpklP9QmMHlz3gUaKkf5kYVM3nDXbIBys2LKIkvfed1zv-22RJpYtZtcw1rvPd5ws/pubhtml/sheet?headers=false&gid=883544744&range=A1%3Ah100
killer camp,season two,https://tvseriesfinale.com/tv-show/killer-camp-season-two-ratings/,https://docs.google.com/spreadsheets/d/1MiOE1bCf6lKNJCpNpvXIAZYYbPo5_BfTqqGbsG9ENo8/pubhtml/sheet?headers=false&gid=1162612212&range=A1%3Ah100
killing eve,season one,https://tvseriesfinale.com/tv-show/killing-eve-season-one-ratings/,https://docs.google.com/spreadsheets/d/12Y2A7RlLipHwsIgde0ZUyYovmiuAwtmeK2zcJD-vJh8/pubhtml/sheet?headers=false&gid=528196831&range=A1%3AG19&output=html&rm=minimal
killing eve,season two,https://tvseriesfinale.com/tv-show/killing-eve-season-two-ratings/,https://docs.google.com/spreadsheets/d/12Y2A7RlLipHwsIgde0ZUyYovmiuAwtmeK2zcJD-vJh8/pubhtml/sheet?headers=false&gid=749891228&range=A1%3AG19&output=html&rm=minimal
killing eve,season three,https://tvseriesfinale.com/tv-show/killing-eve-season-three-ratings/,https://docs.google.com/spreadsheets/d/12Y2A7RlLipHwsIgde0ZUyYovmiuAwtmeK2zcJD-vJh8/pubhtml/sheet?headers=false&gid=2010324802&range=A1%3AG19&output=html&rm=minimal
killjoys,season three,https://tvseriesfinale.com/tv-show/killjoys-season-three-ratings/,https://docs.google.com/spreadsheets/d/14IMssfgFsz8f3V5fAqkrt1xG_NUPQHNq4zimlz87N_c/pubhtml/sheet?headers=false&gid=1404031876&range=A1%3AG30
killjoys,season four,https://tvseriesfinale.com/tv-show/killjoys-season-four-ratings/,https://docs.google.com/spreadsheets/d/14IMssfgFsz8f3V5fAqkrt1xG_NUPQHNq4zimlz87N_c/pubhtml/sheet?headers=false&gid=796879779&range=A1%3AG30
killjoys,season five,https://tvseriesfinale.com/tv-show/killjoys-season-five-ratings/,https://docs.google.com/spreadsheets/d/14IMssfgFsz8f3V5fAqkrt1xG_NUPQHNq4zimlz87N_c/pubhtml/sheet?headers=false&gid=1707194725&range=A1%3AG30
the kings of napa,season one,https://tvseriesfinale.com/tv-show/the-kings-of-napa-season-one-ratings/,https://docs.google.com/spreadsheets/d/1Ew4e9wBK4P_eX68Vqc7EDEwaUJZDWr7OTJyGvD8Y5Jc/pubhtml/sheet?headers=false&gid=849532844&range=A1%3AH52&output=html&rm=minimal
kitchen nightmares 2023,season one,https://tvseriesfinale.com/tv-show/kitchen-nightmares-2023-season-one-ratings/,https://docs.google.com/spreadsheets/d/1gho_2zWLswUjY_ZpmoiMhFa0JCIIjFpOuxah5J-ltYk/pubhtml/sheet?headers=false&gid=1338508259&range=A1%3Ah100
the knick,season two,https://tvseriesfinale.com/tv-show/the-knick-season-two-ratings/,"https://docs.google.com/spreadsheets/d/1cg4Jg0ic8YiLthke5JlF8Fobzk-6LAGkBt9SDz2q9D8/pubhtml/sheet?headers=false&gid=1821591241&range=A1%3AG46&output=html&rm=minimal"""
knightfall,season one,https://tvseriesfinale.com/tv-show/knightfall-season-one-ratings/,https://docs.google.com/spreadsheets/d/1tt5XZ5VVvGoKa7WdTvB8S6DdNxoCY2tuo5QS6fZTFzU/pubhtml/sheet?headers=false&gid=2004331201&range=A1%3AG97&output=html&rm=minimal
knightfall,season two,https://tvseriesfinale.com/tv-show/knightfall-season-two-ratings/,https://docs.google.com/spreadsheets/d/1tt5XZ5VVvGoKa7WdTvB8S6DdNxoCY2tuo5QS6fZTFzU/pubhtml/sheet?headers=false&gid=2045675531&range=A1%3AG97&output=html&rm=minimal
krapopolis,season one,https://tvseriesfinale.com/tv-show/krapopolis-season-one-ratings/,https://docs.google.com/spreadsheets/d/1gho_2zWLswUjY_ZpmoiMhFa0JCIIjFpOuxah5J-ltYk/pubhtml/sheet?headers=false&gid=751662204&range=A1%3Ah100
krypton,season one,https://tvseriesfinale.com/tv-show/krypton-season-one-ratings/,https://docs.google.com/spreadsheets/d/14IMssfgFsz8f3V5fAqkrt1xG_NUPQHNq4zimlz87N_c/pubhtml/sheet?headers=false&gid=2075251919&range=A1%3AG30
krypton,season two,https://tvseriesfinale.com/tv-show/krypton-season-two-ratings/,https://docs.google.com/spreadsheets/d/14IMssfgFsz8f3V5fAqkrt1xG_NUPQHNq4zimlz87N_c/pubhtml/sheet?headers=false&gid=627249252&range=A1%3AG30
kung fu,season one,https://tvseriesfinale.com/tv-show/kung-fu-season-one-ratings/,https://docs.google.com/spreadsheets/d/1UtKbmbo-TrCU00937XlBHCPgAR5Wx5fyu7YHrmiDjZQ/pubhtml/sheet?headers=false&gid=514480857&range=A1%3Ah100
kung fu,season two,https://tvseriesfinale.com/tv-show/kung-fu-season-two-ratings/,https://docs.google.com/spreadsheets/d/1MiOE1bCf6lKNJCpNpvXIAZYYbPo5_BfTqqGbsG9ENo8/pubhtml/sheet?headers=false&gid=1713921485&range=A1%3Ah100
kung fu,season three,https://tvseriesfinale.com/tv-show/kung-fu-season-three-ratings/,https://docs.google.com/spreadsheets/d/1qwTMXm7xEOvj2UJCK2EP9eCl3-calTWTXMXFx6_z1oA/pubhtml/sheet?headers=false&gid=1696423938&range=A1%3Ah100
the l word generation q,season one,https://tvseriesfinale.com/tv-show/the-l-word-generation-q-season-one-ratings/,https://docs.google.com/spreadsheets/d/13_jTGvVcJocGGMZhhC2fdGIsx1znj_LvslHru7vALRA/pubhtml/sheet?headers=false&gid=1847983767&range=A1%3AG100
the l word generation q,season two,https://tvseriesfinale.com/tv-show/the-l-word-generation-q-season-two-ratings/,https://docs.google.com/spreadsheets/d/13_jTGvVcJocGGMZhhC2fdGIsx1znj_LvslHru7vALRA/pubhtml/sheet?headers=false&gid=1572996208&range=A1%3AG100
the l word generation q,season three,https://tvseriesfinale.com/tv-show/the-l-word-generation-q-season-three-ratings/,https://docs.google.com/spreadsheets/d/13_jTGvVcJocGGMZhhC2fdGIsx1znj_LvslHru7vALRA/pubhtml/sheet?headers=false&gid=254363817&range=A1%3AG100
la brea,season one,https://tvseriesfinale.com/tv-show/la-brea-season-one-ratings/,https://docs.google.com/spreadsheets/d/1HyhsoErv-gaQ6jE5tzO_Ax6r5ouKVGm3nNLcv74jPYY/pubhtml/sheet?headers=false&gid=1227707894&range=A1%3Ah100
la brea,season two,https://tvseriesfinale.com/tv-show/la-brea-season-two-ratings/,https://docs.google.com/spreadsheets/d/1ma3sMDxK-aUwyuz2kB8gMyf1goAcW9mqosbWSlLHEcg/pubhtml/sheet?headers=false&gid=341837588&range=A1%3Ah100
la brea,season three,https://tvseriesfinale.com/tv-show/la-brea-season-three-ratings/,https://docs.google.com/spreadsheets/d/1ulFHD6XOdDbGfOjxn7oY7g5VbYqBaQ4f5x74oABSSnE/pubhtml/sheet?headers=false&gid=1710950857&range=A1%3Ah100
la fire rescue,season one,https://tvseriesfinale.com/tv-show/la-fire-rescue-season-one-ratings/,https://docs.google.com/spreadsheets/d/1ma3sMDxK-aUwyuz2kB8gMyf1goAcW9mqosbWSlLHEcg/pubhtml/sheet?headers=false&gid=742692902&range=A1%3Ah100
la vegas,season one,https://tvseriesfinale.com/tv-show/la-vegas-season-one-ratings/,https://docs.google.com/spreadsheets/d/1ftMGnLJFFncsXKJ6saeTkxhdfa23cittfFA2Z2rVogM/pubhtml/sheet?headers=false&gid=1828070245&range=A1%3Ah100
las finest,season one,https://tvseriesfinale.com/tv-show/las-finest-season-one-ratings/,https://docs.google.com/spreadsheets/d/1um1vJjK_QbewPMm0sO1CczrrgO2FDmtjdN74LteZN7g/pubhtml/sheet?headers=false&gid=1518133265&range=A1%3Ah100
labor of love,season one,https://tvseriesfinale.com/tv-show/labor-of-love-season-one-ratings/,https://docs.google.com/spreadsheets/d/e/2PACX-1vRmoC8hQFbZMNtUzmwwjsO_0gIf7KnWMgEOC-2a4Bh_rCX1LCdAm6b-BWNfoIlttnPf2iy_4KQj0eFo/pubhtml/sheet?headers=false&gid=643868620&range=A1%3Ah100
last defense,season one,https://tvseriesfinale.com/tv-show/last-defense-season-one-ratings/,https://docs.google.com/spreadsheets/d/e/2PACX-1vTlE5lTHpAmKbEOIFMoMB5xW95pIvYxFgcblbWzKL4ZDLRBAVL3Bt3WtXzA65dzsHZXuOrwhIXlQOfq/pubhtml/sheet?headers=false&gid=1903648583&range=A1%3Ah100
last man earth,season four,https://tvseriesfinale.com/tv-show/last-man-earth-season-four-ratings/,https://docs.google.com/spreadsheets/d/1ftMGnLJFFncsXKJ6saeTkxhdfa23cittfFA2Z2rVogM/pubhtml/sheet?headers=false&gid=661667403&range=A1%3Ah100
last man standing,season six,https://tvseriesfinale.com/tv-show/last-man-standing-season-six-ratings/,https://docs.google.com/spreadsheets/d/1ToHTY-SGH1wLEo31kKz9TOE5PsdpBE20kqtr1BhJBVA/pubhtml/sheet?headers=false&gid=327530633&range=A1%3Ah70
last man standing,season seven,https://tvseriesfinale.com/tv-show/last-man-standing-season-seven-ratings/,https://docs.google.com/spreadsheets/d/1n4PyBtJrphtdfhiPq884nmoV8wIMKHVrgbvYhJ-DV80/pubhtml/sheet?headers=false&gid=1725414171&range=A1%3Ah100
last man standing,season eight,https://tvseriesfinale.com/tv-show/last-man-standing-season-eight-ratings/,https://docs.google.com/spreadsheets/d/e/2PACX-1vRmoC8hQFbZMNtUzmwwjsO_0gIf7KnWMgEOC-2a4Bh_rCX1LCdAm6b-BWNfoIlttnPf2iy_4KQj0eFo/pubhtml/sheet?headers=false&gid=769177240&range=A1%3Ah100
last man standing,season nine,https://tvseriesfinale.com/tv-show/last-man-standing-season-nine-ratings/,https://docs.google.com/spreadsheets/d/1um1vJjK_QbewPMm0sO1CczrrgO2FDmtjdN74LteZN7g/pubhtml/sheet?headers=false&gid=1729006369&range=A1%3Ah100
the last of us,season one,https://tvseriesfinale.com/tv-show/the-last-of-us-season-one-ratings/,https://docs.google.com/spreadsheets/d/1QU8U82xgr8GURmJc3eR0Y4w7ppxwfNsp6dhPnzcs4bw/pubhtml/sheet?headers=false&gid=953981875&range=A1%3AG19&output=html&rm=minimal
last og,season one,https://tvseriesfinale.com/tv-show/last-og-season-one-ratings/,https://docs.google.com/spreadsheets/d/1eh7nTgIxbi8a9fuPk03eCgyj472TxoA3NMIrNcySQb8/pubhtml/sheet?headers=false&gid=785275107&range=A1%3AG100
the last og,season two,https://tvseriesfinale.com/tv-show/the-last-og-season-two-ratings/,https://docs.google.com/spreadsheets/d/1eh7nTgIxbi8a9fuPk03eCgyj472TxoA3NMIrNcySQb8/pubhtml/sheet?headers=false&gid=1680896716&range=A1%3AG100
the last og,season three,https://tvseriesfinale.com/tv-show/the-last-og-season-three-ratings/,https://docs.google.com/spreadsheets/d/1eh7nTgIxbi8a9fuPk03eCgyj472TxoA3NMIrNcySQb8/pubhtml/sheet?headers=false&gid=2054968672&range=A1%3AG100
the last og,season four,https://tvseriesfinale.com/tv-show/the-last-og-season-four-ratings/,https://docs.google.com/spreadsheets/d/1eh7nTgIxbi8a9fuPk03eCgyj472TxoA3NMIrNcySQb8/pubhtml/sheet?headers=false&gid=255207475&range=A1%3AG100
the last ship,season four,https://tvseriesfinale.com/tv-show/the-last-ship-season-four-ratings/,https://docs.google.com/spreadsheets/d/1QtBG-fGZvsxYy32ltEqEbyD_Vp9XHOYSt9-6wyprIS4/pubhtml/sheet?headers=false&gid=477402387&range=A1%3AG46
last ship,season five,https://tvseriesfinale.com/tv-show/last-ship-season-five-ratings/,https://docs.google.com/spreadsheets/d/1QtBG-fGZvsxYy32ltEqEbyD_Vp9XHOYSt9-6wyprIS4/pubhtml/sheet?headers=false&gid=310471720&range=A1%3AG46
law order,season 21,https://tvseriesfinale.com/tv-show/law-order-season-21-ratings/,https://docs.google.com/spreadsheets/d/1HyhsoErv-gaQ6jE5tzO_Ax6r5ouKVGm3nNLcv74jPYY/pubhtml/sheet?headers=false&gid=471525515&range=A1%3Ah100
law order,season 22,https://tvseriesfinale.com/tv-show/law-order-season-22-ratings/,https://docs.google.com/spreadsheets/d/1ma3sMDxK-aUwyuz2kB8gMyf1goAcW9mqosbWSlLHEcg/pubhtml/sheet?headers=false&gid=2033321071&range=A1%3Ah100
law order,season 23,https://tvseriesfinale.com/tv-show/law-order-season-23-ratings/,https://docs.google.com/spreadsheets/d/1ulFHD6XOdDbGfOjxn7oY7g5VbYqBaQ4f5x74oABSSnE/pubhtml/sheet?headers=false&gid=1081762415&range=A1%3Ah100
law order organized crime,season one,https://tvseriesfinale.com/tv-show/law-order-organized-crime-season-one-ratings/,https://docs.google.com/spreadsheets/d/10un34Z5y-n7KeT3gb_7cpWX7fhoO90wr1mlus7eRKcs/pubhtml/sheet?headers=false&gid=180753369&range=A1%3Ah100
law order organized crime,season two,https://tvseriesfinale.com/tv-show/law-order-organized-crime-season-two-ratings/,https://docs.google.com/spreadsheets/d/1HyhsoErv-gaQ6jE5tzO_Ax6r5ouKVGm3nNLcv74jPYY/pubhtml/sheet?headers=false&gid=510324143&range=A1%3Ah100
law order organized crime,season three,https://tvseriesfinale.com/tv-show/law-order-organized-crime-season-three-ratings/,https://docs.google.com/spreadsheets/d/1ma3sMDxK-aUwyuz2kB8gMyf1goAcW9mqosbWSlLHEcg/pubhtml/sheet?headers=false&gid=431216221&range=A1%3Ah100
law order organized crime,season four,https://tvseriesfinale.com/tv-show/law-order-organized-crime-season-four-ratings/,https://docs.google.com/spreadsheets/d/1ulFHD6XOdDbGfOjxn7oY7g5VbYqBaQ4f5x74oABSSnE/pubhtml/sheet?headers=false&gid=281103032&range=A1%3Ah100
law order special victims unit,season 19,https://tvseriesfinale.com/tv-show/law-order-special-victims-unit-season-19-ratings/,https://docs.google.com/spreadsheets/d/e/2PACX-1vSbDlv8pGgTvsiGGgnQ0icBwo7pLFDRo4Jd9SNGQp2UVAXALuO-q0ukrsBaa2PvdfaDG7yK8Z-15Ldp/pubhtml/sheet?headers=false&gid=1669018158&range=A1%3Ah100
law order special victims unit,season 20,https://tvseriesfinale.com/tv-show/law-order-special-victims-unit-season-20-ratings/,https://docs.google.com/spreadsheets/d/1xFhCp0TeNw3qt7L-sjT6GVG1Fq3rxa3v6tGV_EhW0Bc/pubhtml/sheet?headers=false&gid=1669018158&range=A1%3Ah100
law order special victims unit,season 21,https://tvseriesfinale.com/tv-show/law-order-special-victims-unit-season-21-ratings/,https://docs.google.com/spreadsheets/d/e/2PACX-1vRtVj2UE-OnOA12xp1fNuzjlRH3leED-mA5SsVYu5siarlfm8OVy5EHBpyoUlI9ICBIQzZ2hnLviUro/pubhtml/sheet?headers=false&gid=1390976941&range=A1%3Ah100
law order special victims unit,season 22,https://tvseriesfinale.com/tv-show/law-order-special-victims-unit-season-22-ratings/,https://docs.google.com/spreadsheets/d/10un34Z5y-n7KeT3gb_7cpWX7fhoO90wr1mlus7eRKcs/pubhtml/sheet?headers=false&gid=579339447&range=A1%3Ah100
law order special victims unit,season 23,https://tvseriesfinale.com/tv-show/law-order-special-victims-unit-season-23-ratings/,https://docs.google.com/spreadsheets/d/1HyhsoErv-gaQ6jE5tzO_Ax6r5ouKVGm3nNLcv74jPYY/pubhtml/sheet?headers=false&gid=797599552&range=A1%3Ah100
law order special victims unit,season 24,https://tvseriesfinale.com/tv-show/law-order-special-victims-unit-season-24-ratings/,https://docs.google.com/spreadsheets/d/1ma3sMDxK-aUwyuz2kB8gMyf1goAcW9mqosbWSlLHEcg/pubhtml/sheet?headers=false&gid=1146923642&range=A1%3Ah100
law order special victims unit,season 25,https://tvseriesfinale.com/tv-show/law-order-special-victims-unit-season-25-ratings/,https://docs.google.com/spreadsheets/d/1ulFHD6XOdDbGfOjxn7oY7g5VbYqBaQ4f5x74oABSSnE/pubhtml/sheet?headers=false&gid=845494081&range=A1%3Ah100
law order true crime,season one,https://tvseriesfinale.com/tv-show/law-order-true-crime-season-one-ratings/,https://docs.google.com/spreadsheets/d/e/2PACX-1vSbDlv8pGgTvsiGGgnQ0icBwo7pLFDRo4Jd9SNGQp2UVAXALuO-q0ukrsBaa2PvdfaDG7yK8Z-15Ldp/pubhtml/sheet?headers=false&gid=1416915399&range=A1%3Ah100
the lazarus project,season one,https://tvseriesfinale.com/tv-show/the-lazarus-project-season-one-ratings/,https://docs.google.com/spreadsheets/d/1QtBG-fGZvsxYy32ltEqEbyD_Vp9XHOYSt9-6wyprIS4/pubhtml/sheet?headers=false&gid=1225725231&range=A1%3AG46
leftovers,season three,https://tvseriesfinale.com/tv-show/leftovers-season-three-ratings/,https://docs.google.com/spreadsheets/d/1QU8U82xgr8GURmJc3eR0Y4w7ppxwfNsp6dhPnzcs4bw/pubhtml/sheet?headers=false&gid=36300500&range=A1%3AG19&output=html&rm=minimal
legacies,season one,https://tvseriesfinale.com/tv-show/legacies-season-one-ratings/,https://docs.google.com/spreadsheets/d/1T-eDbU4WnVnGczaTUc9X91683hE7PYpTtpap48tpnu0/pubhtml/sheet?headers=false&gid=1058193827&range=A1%3Ah100
legacies,season two,https://tvseriesfinale.com/tv-show/legacies-season-two-ratings/,https://docs.google.com/spreadsheets/d/e/2PACX-1vTaD6uAv0rMyqOLpklP9QmMHlz3gUaKkf5kYVM3nDXbIBys2LKIkvfed1zv-22RJpYtZtcw1rvPd5ws/pubhtml/sheet?headers=false&gid=1146979767&range=A1%3Ah100
legacies,season three,https://tvseriesfinale.com/tv-show/legacies-season-three-ratings/,https://docs.google.com/spreadsheets/d/1UtKbmbo-TrCU00937XlBHCPgAR5Wx5fyu7YHrmiDjZQ/pubhtml/sheet?headers=false&gid=1316686720&range=A1%3Ah100
legacies,season four,https://tvseriesfinale.com/tv-show/legacies-season-four-ratings/,https://docs.google.com/spreadsheets/d/1MiOE1bCf6lKNJCpNpvXIAZYYbPo5_BfTqqGbsG9ENo8/pubhtml/sheet?headers=false&gid=244200908&range=A1%3Ah100
legends chamberlain heights,season two,https://tvseriesfinale.com/tv-show/legends-chamberlain-heights-season-two-ratings/,https://docs.google.com/spreadsheets/d/1TlUrr7x4sodWNr-S-N8Z1uB3bHn0ftZMVjZJpLyeme8/pubhtml/sheet?headers=false&gid=1536158656&range=A1%3AG97&output=html&rm=minimal
legends of the hidden temple,season one,https://tvseriesfinale.com/tv-show/legends-of-the-hidden-temple-season-one-ratings/,https://docs.google.com/spreadsheets/d/1MiOE1bCf6lKNJCpNpvXIAZYYbPo5_BfTqqGbsG9ENo8/pubhtml/sheet?headers=false&gid=692659397&range=A1%3Ah100
legion tv show fx,season one,https://tvseriesfinale.com/tv-show/legion-tv-show-fx-season-one-ratings/,https://docs.google.com/spreadsheets/d/1DdYBR3HPqX7CL7Inge6KsMqvRhBXC7K--484-vIofrk/pubhtml/sheet?headers=false&gid=1612357962&range=A1%3AG97&output=html&rm=minimal
legion,season two,https://tvseriesfinale.com/tv-show/legion-season-two-ratings/,https://docs.google.com/spreadsheets/d/1DdYBR3HPqX7CL7Inge6KsMqvRhBXC7K--484-vIofrk/pubhtml/sheet?headers=false&gid=1791032352&range=A1%3AG97&output=html&rm=minimal
legion,season three,https://tvseriesfinale.com/tv-show/legion-season-three-ratings/,https://docs.google.com/spreadsheets/d/1DdYBR3HPqX7CL7Inge6KsMqvRhBXC7K--484-vIofrk/pubhtml/sheet?headers=false&gid=896899182&range=A1%3AG97&output=html&rm=minimal
lego masters,season one,https://tvseriesfinale.com/tv-show/lego-masters-season-one-ratings/,https://docs.google.com/spreadsheets/d/e/2PACX-1vRmoC8hQFbZMNtUzmwwjsO_0gIf7KnWMgEOC-2a4Bh_rCX1LCdAm6b-BWNfoIlttnPf2iy_4KQj0eFo/pubhtml/sheet?headers=false&gid=1642800403&range=A1%3Ah100
lego masters,season two,https://tvseriesfinale.com/tv-show/lego-masters-season-two-ratings/,https://docs.google.com/spreadsheets/d/1um1vJjK_QbewPMm0sO1CczrrgO2FDmtjdN74LteZN7g/pubhtml/sheet?headers=false&gid=746538403&range=A1%3Ah100
lego masters,season three,https://tvseriesfinale.com/tv-show/lego-masters-season-three-ratings/,https://docs.google.com/spreadsheets/d/1bCcF_doylXV5Q45d8vITOJBvhw6a3YcB2aJApWPLCGw/pubhtml/sheet?headers=false&gid=1292027265&range=A1%3Ah100
leonardo,season one,https://tvseriesfinale.com/tv-show/leonardo-season-one-ratings/,https://docs.google.com/spreadsheets/d/1MiOE1bCf6lKNJCpNpvXIAZYYbPo5_BfTqqGbsG9ENo8/pubhtml/sheet?headers=false&gid=76481729&range=A1%3Ah100
let the right one in,season one,https://tvseriesfinale.com/tv-show/let-the-right-one-in-season-one-ratings/,https://docs.google.com/spreadsheets/d/13_jTGvVcJocGGMZhhC2fdGIsx1znj_LvslHru7vALRA/pubhtml/sheet?headers=false&gid=1690027841&range=A1%3AG100
let the world see,season one,https://tvseriesfinale.com/tv-show/let-the-world-see-season-one-ratings/,https://docs.google.com/spreadsheets/d/1UHVhAstyDVbA_72wuwSMX7TAPuO4Z_5sX1xbcmNjr2s/pubhtml/sheet?headers=false&gid=600314702&range=A1%3Ah100
lets be real,season one,https://tvseriesfinale.com/tv-show/lets-be-real-season-one-ratings/,https://docs.google.com/spreadsheets/d/1um1vJjK_QbewPMm0sO1CczrrgO2FDmtjdN74LteZN7g/pubhtml/sheet?headers=false&gid=736329926&range=A1%3Ah100
lets get physical,season one,https://tvseriesfinale.com/tv-show/lets-get-physical-season-one-ratings/,https://docs.google.com/spreadsheets/d/1GI9eIM1XmSbdKMy4x6m9Vtw870FZpJ3G9suxs69lTz8/pubhtml/sheet?headers=false&gid=1189124283&range=A1%3AG46
lethal weapon,season two,https://tvseriesfinale.com/tv-show/lethal-weapon-season-two-ratings/,https://docs.google.com/spreadsheets/d/1ftMGnLJFFncsXKJ6saeTkxhdfa23cittfFA2Z2rVogM/pubhtml/sheet?headers=false&gid=2134389135&range=A1%3Ah100
lethal weapon tv show fox,season three,https://tvseriesfinale.com/tv-show/lethal-weapon-tv-show-fox-season-three-ratings/,https://docs.google.com/spreadsheets/d/1n4PyBtJrphtdfhiPq884nmoV8wIMKHVrgbvYhJ-DV80/pubhtml/sheet?headers=false&gid=2134389135&range=A1%3Ah100
liar,season one,https://tvseriesfinale.com/tv-show/liar-season-one-ratings/,https://docs.google.com/spreadsheets/d/1FcioGPpoDH008lrU_CVF-uOjW4XkWqKFqqlULma4Go8/pubhtml/sheet?headers=false&gid=1898696914&range=A1%3AG46
librarians,season four,https://tvseriesfinale.com/tv-show/librarians-season-four-ratings/,https://docs.google.com/spreadsheets/d/1QtBG-fGZvsxYy32ltEqEbyD_Vp9XHOYSt9-6wyprIS4/pubhtml/sheet?headers=false&gid=353138926&range=A1%3AG46
life in pieces,season two,https://tvseriesfinale.com/tv-show/life-in-pieces-season-two-ratings/,https://docs.google.com/spreadsheets/d/1Ub6cOIe00Wo4XJdKk3yPaVemFqvLqQghNx37sCpoMZM/pubhtml/sheet?headers=false&gid=499284668&range=A1%3Ah100
life pieces,season three,https://tvseriesfinale.com/tv-show/life-pieces-season-three-ratings/,https://docs.google.com/spreadsheets/d/e/2PACX-1vT3vh7mmYQQq1m3g7KQMsmlr1cEvnVRX6aVWRwp6JU7F2hy06mf_irW7uwbTdww_G47LBmS64qNTLkG/pubhtml/sheet?headers=false&gid=1361039278&range=A1%3Ah100
life in pieces,season four,https://tvseriesfinale.com/tv-show/life-in-pieces-season-four-ratings/,https://docs.google.com/spreadsheets/d/1qlYGtdgF6N3UIJArkhteiD8B0zo8akewHTR0Jd_ceOE/pubhtml/sheet?headers=false&gid=1569297224&range=A1%3Ah100
life sentence,season one,https://tvseriesfinale.com/tv-show/life-sentence-season-one-ratings/,https://docs.google.com/spreadsheets/d/e/2PACX-1vR_SBz9FDKyY15XKRCf_Vpm1tJXCnrieAa2957aRG1B9OPPcaQGfv4n1m4kjsCVCZGH29aYvTeDUaiS/pubhtml/sheet?headers=false&gid=1680384311&range=A1%3AH40
lincoln rhyme hunt for the bone collector,season one,https://tvseriesfinale.com/tv-show/lincoln-rhyme-hunt-for-the-bone-collector-season-one-ratings/,https://docs.google.com/spreadsheets/d/e/2PACX-1vRtVj2UE-OnOA12xp1fNuzjlRH3leED-mA5SsVYu5siarlfm8OVy5EHBpyoUlI9ICBIQzZ2hnLviUro/pubhtml/sheet?headers=false&gid=115521221&range=A1%3Ah100
lingo,season one,https://tvseriesfinale.com/tv-show/lingo-season-one-ratings/,https://docs.google.com/spreadsheets/d/1_sakYamJH4LVbbDwVcQ-b6tvhOWWTnOVbh4nIqrMlVM/pubhtml/sheet?headers=false&gid=968389340&range=A1%3Ah100
little big shots,season two,https://tvseriesfinale.com/tv-show/little-big-shots-season-two-ratings/,https://docs.google.com/spreadsheets/d/1EJ3FkRtr5NpRjuRFfdwm30sttYn4sLEgjJ8Wcl6XObU/pubhtml/sheet?headers=false&gid=1470609255&range=A1%3Ah100
little big shots,season three,https://tvseriesfinale.com/tv-show/little-big-shots-season-three-ratings/,https://docs.google.com/spreadsheets/d/e/2PACX-1vSbDlv8pGgTvsiGGgnQ0icBwo7pLFDRo4Jd9SNGQp2UVAXALuO-q0ukrsBaa2PvdfaDG7yK8Z-15Ldp/pubhtml/sheet?headers=false&gid=406512833&range=A1%3Ah100
little big shots,season four,https://tvseriesfinale.com/tv-show/little-big-shots-season-four-ratings/,https://docs.google.com/spreadsheets/d/e/2PACX-1vRtVj2UE-OnOA12xp1fNuzjlRH3leED-mA5SsVYu5siarlfm8OVy5EHBpyoUlI9ICBIQzZ2hnLviUro/pubhtml/sheet?headers=false&gid=1575600919&range=A1%3Ah100
little demon,season one,https://tvseriesfinale.com/tv-show/little-demon-season-one-ratings/,https://docs.google.com/spreadsheets/d/1DdYBR3HPqX7CL7Inge6KsMqvRhBXC7K--484-vIofrk/pubhtml/sheet?headers=false&gid=283871666&range=A1%3AG97&output=html&rm=minimal
living biblically,season one,https://tvseriesfinale.com/tv-show/living-biblically-season-one-ratings/,https://docs.google.com/spreadsheets/d/e/2PACX-1vT3vh7mmYQQq1m3g7KQMsmlr1cEvnVRX6aVWRwp6JU7F2hy06mf_irW7uwbTdww_G47LBmS64qNTLkG/pubhtml/sheet?headers=false&gid=67417413&range=A1%3Ah100
loaded,season one,https://tvseriesfinale.com/tv-show/loaded-season-one-ratings/,https://docs.google.com/spreadsheets/d/13J-oeB6b8gpR4AGlw7PZS-4FvjvPKN5_0JFfGwsDXG4/pubhtml/sheet?headers=false&gid=1869506529&range=A1%3AG23&output=html&rm=minimal
lodge 49,season one,https://tvseriesfinale.com/tv-show/lodge-49-season-one-ratings/,https://docs.google.com/spreadsheets/d/13J-oeB6b8gpR4AGlw7PZS-4FvjvPKN5_0JFfGwsDXG4/pubhtml/sheet?headers=false&gid=425189905&range=A1%3AG23&output=html&rm=minimal
lodge 49,season two,https://tvseriesfinale.com/tv-show/lodge-49-season-two-ratings/,https://docs.google.com/spreadsheets/d/13J-oeB6b8gpR4AGlw7PZS-4FvjvPKN5_0JFfGwsDXG4/pubhtml/sheet?headers=false&gid=1940675155&range=A1%3AG23&output=html&rm=minimal
loosely exactly nicole,season one,https://tvseriesfinale.com/tv-show/loosely-exactly-nicole-season-one-ratings/,https://docs.google.com/spreadsheets/d/1AHN2UYf3_49uiTuaQukQ6SdVXTd5DwTp8ShwwhzLfl8/pubhtml/sheet?headers=false&gid=874450303&range=A1:G120
lopez,season two,https://tvseriesfinale.com/tv-show/lopez-season-two-ratings/,https://docs.google.com/spreadsheets/d/1mQtBuv7iPYxsvMC1wyg_07GsPBhpqtQCcbtmvCcwMUY/pubhtml/sheet?headers=false&gid=746277971&range=A1%3AG40&output=html&rm=minimal
lopez vs lopez,season one,https://tvseriesfinale.com/tv-show/lopez-vs-lopez-season-one-ratings/,https://docs.google.com/spreadsheets/d/1ma3sMDxK-aUwyuz2kB8gMyf1goAcW9mqosbWSlLHEcg/pubhtml/sheet?headers=false&gid=1621621392&range=A1%3Ah100
lopez vs lopez,season two,https://tvseriesfinale.com/tv-show/lopez-vs-lopez-season-two-ratings/,https://docs.google.com/spreadsheets/d/1ulFHD6XOdDbGfOjxn7oY7g5VbYqBaQ4f5x74oABSSnE/pubhtml/sheet?headers=false&gid=491246418&range=A1%3Ah100
love connection,season one,https://tvseriesfinale.com/tv-show/love-connection-season-one-ratings/,https://docs.google.com/spreadsheets/d/1avKfTwLT9jXPNSzSisElW1a1bufQnuPCAwE_k817Z90/pubhtml/sheet?headers=false&gid=814824817&range=A1%3Ah100
love connection,season two,https://tvseriesfinale.com/tv-show/love-connection-season-two-ratings/,https://docs.google.com/spreadsheets/d/1ftMGnLJFFncsXKJ6saeTkxhdfa23cittfFA2Z2rVogM/pubhtml/sheet?headers=false&gid=1173877475&range=A1%3Ah100
love is,season one,https://tvseriesfinale.com/tv-show/love-is-season-one-ratings/,https://docs.google.com/spreadsheets/d/1Ew4e9wBK4P_eX68Vqc7EDEwaUJZDWr7OTJyGvD8Y5Jc/pubhtml/sheet?headers=false&gid=1487165873&range=A1%3AH52&output=html&rm=minimal
love island,season one,https://tvseriesfinale.com/tv-show/love-island-season-one-ratings/,https://docs.google.com/spreadsheets/d/1qlYGtdgF6N3UIJArkhteiD8B0zo8akewHTR0Jd_ceOE/pubhtml/sheet?headers=false&gid=1831412540&range=A1%3Ah100
love island,season two,https://tvseriesfinale.com/tv-show/love-island-season-two-ratings/,https://docs.google.com/spreadsheets/d/e/2PACX-1vT0r9Z1zIFp1HCpQK8PJDq8yeZzWrPf8e5BhFbpOvRROSxNyF6FMc5WC4jKRtnUWwnK66Gam6BNkEHI/pubhtml/sheet?headers=false&gid=1758231377&range=A1%3Ah100
love island,season three,https://tvseriesfinale.com/tv-show/love-island-season-three-ratings/,https://docs.google.com/spreadsheets/d/1dBByBwNRkBxn64JkURCCBbkdekn50VAxa3AfH7pZK04/pubhtml/sheet?headers=false&gid=97569082&range=A1%3Ah100
love thy neighbor,season four,https://tvseriesfinale.com/tv-show/love-thy-neighbor-season-four-ratings/,https://docs.google.com/spreadsheets/d/1Ew4e9wBK4P_eX68Vqc7EDEwaUJZDWr7OTJyGvD8Y5Jc/pubhtml/sheet?headers=false&gid=231659548&range=A1%3AH52&output=html&rm=minimal
lovecraft country,season one,https://tvseriesfinale.com/tv-show/lovecraft-country-season-one-ratings/,https://docs.google.com/spreadsheets/d/1QU8U82xgr8GURmJc3eR0Y4w7ppxwfNsp6dhPnzcs4bw/pubhtml/sheet?headers=false&gid=232585489&range=A1%3AG19&output=html&rm=minimal
lovers and liars,season one,https://tvseriesfinale.com/tv-show/lovers-and-liars-season-one-ratings/,https://docs.google.com/spreadsheets/d/1VOF9EearmNFEo8w6vHiQipNNQVkvI529Yr3CG1qfSnQ/pubhtml/sheet?headers=false&gid=1218427798&range=A1%3Ah100
lucifer,season three,https://tvseriesfinale.com/tv-show/lucifer-season-three-ratings/,https://docs.google.com/spreadsheets/d/1ftMGnLJFFncsXKJ6saeTkxhdfa23cittfFA2Z2rVogM/pubhtml/sheet?headers=false&gid=375888379&range=A1%3Ah100
lucky hank,season one,https://tvseriesfinale.com/tv-show/lucky-hank-season-one-ratings/,https://docs.google.com/spreadsheets/d/13J-oeB6b8gpR4AGlw7PZS-4FvjvPKN5_0JFfGwsDXG4/pubhtml/sheet?headers=false&gid=724379482&range=A1%3AG23&output=html&rm=minimal
luther,season five,https://tvseriesfinale.com/tv-show/luther-season-five-ratings/,https://docs.google.com/spreadsheets/d/12Y2A7RlLipHwsIgde0ZUyYovmiuAwtmeK2zcJD-vJh8/pubhtml/sheet?headers=false&gid=138142514&range=A1%3AG19&output=html&rm=minimal
macgyver,season two,https://tvseriesfinale.com/tv-show/macgyver-season-two-ratings/,https://docs.google.com/spreadsheets/d/e/2PACX-1vT3vh7mmYQQq1m3g7KQMsmlr1cEvnVRX6aVWRwp6JU7F2hy06mf_irW7uwbTdww_G47LBmS64qNTLkG/pubhtml/sheet?headers=false&gid=450076016&range=A1%3Ah100
macgyver,season three,https://tvseriesfinale.com/tv-show/macgyver-season-three-ratings/,https://docs.google.com/spreadsheets/d/1qlYGtdgF6N3UIJArkhteiD8B0zo8akewHTR0Jd_ceOE/pubhtml/sheet?headers=false&gid=450076016&range=A1%3Ah100
macgyver,season four,https://tvseriesfinale.com/tv-show/macgyver-season-four-ratings/,https://docs.google.com/spreadsheets/d/e/2PACX-1vT0r9Z1zIFp1HCpQK8PJDq8yeZzWrPf8e5BhFbpOvRROSxNyF6FMc5WC4jKRtnUWwnK66Gam6BNkEHI/pubhtml/sheet?headers=false&gid=1497803832&range=A1%3Ah100
macgyver,season five,https://tvseriesfinale.com/tv-show/macgyver-season-five-ratings/,https://docs.google.com/spreadsheets/d/1dBByBwNRkBxn64JkURCCBbkdekn50VAxa3AfH7pZK04/pubhtml/sheet?headers=false&gid=1464154828&range=A1%3Ah100
madam secretary,season four,https://tvseriesfinale.com/tv-show/madam-secretary-season-four-ratings/,https://docs.google.com/spreadsheets/d/e/2PACX-1vT3vh7mmYQQq1m3g7KQMsmlr1cEvnVRX6aVWRwp6JU7F2hy06mf_irW7uwbTdww_G47LBmS64qNTLkG/pubhtml/sheet?headers=false&gid=74149487&range=A1%3Ah100
madam secretary,season five,https://tvseriesfinale.com/tv-show/madam-secretary-season-five-ratings/,https://docs.google.com/spreadsheets/d/1qlYGtdgF6N3UIJArkhteiD8B0zo8akewHTR0Jd_ceOE/pubhtml/sheet?headers=false&gid=74149487&range=A1%3Ah100
madam secretary,season six,https://tvseriesfinale.com/tv-show/madam-secretary-season-six-ratings/,https://docs.google.com/spreadsheets/d/e/2PACX-1vT0r9Z1zIFp1HCpQK8PJDq8yeZzWrPf8e5BhFbpOvRROSxNyF6FMc5WC4jKRtnUWwnK66Gam6BNkEHI/pubhtml/sheet?headers=false&gid=2001234511&range=A1%3Ah100
magicians,season two,https://tvseriesfinale.com/tv-show/magicians-season-two-ratings/,https://docs.google.com/spreadsheets/d/14IMssfgFsz8f3V5fAqkrt1xG_NUPQHNq4zimlz87N_c/pubhtml/sheet?headers=false&gid=812539361&range=A1%3AG30
magicians,season three,https://tvseriesfinale.com/tv-show/magicians-season-three-ratings/,https://docs.google.com/spreadsheets/d/14IMssfgFsz8f3V5fAqkrt1xG_NUPQHNq4zimlz87N_c/pubhtml/sheet?headers=false&gid=781672056&range=A1%3AG30
the magicians,season four,https://tvseriesfinale.com/tv-show/the-magicians-season-four-ratings/,https://docs.google.com/spreadsheets/d/14IMssfgFsz8f3V5fAqkrt1xG_NUPQHNq4zimlz87N_c/pubhtml/sheet?headers=false&gid=1881352028&range=A1%3AG30
the magicians,season five,https://tvseriesfinale.com/tv-show/the-magicians-season-five-ratings/,https://docs.google.com/spreadsheets/d/14IMssfgFsz8f3V5fAqkrt1xG_NUPQHNq4zimlz87N_c/pubhtml/sheet?headers=false&gid=1105496269&range=A1%3AG30
magnum pi,season one,https://tvseriesfinale.com/tv-show/magnum-pi-season-one-ratings/,https://docs.google.com/spreadsheets/d/1qlYGtdgF6N3UIJArkhteiD8B0zo8akewHTR0Jd_ceOE/pubhtml/sheet?headers=false&gid=213426321&range=A1%3Ah100
magnum pi,season two,https://tvseriesfinale.com/tv-show/magnum-pi-season-two-ratings/,https://docs.google.com/spreadsheets/d/e/2PACX-1vT0r9Z1zIFp1HCpQK8PJDq8yeZzWrPf8e5BhFbpOvRROSxNyF6FMc5WC4jKRtnUWwnK66Gam6BNkEHI/pubhtml/sheet?headers=false&gid=4799063&range=A1%3Ah100
magnum pi,season three,https://tvseriesfinale.com/tv-show/magnum-pi-season-three-ratings/,https://docs.google.com/spreadsheets/d/1dBByBwNRkBxn64JkURCCBbkdekn50VAxa3AfH7pZK04/pubhtml/sheet?headers=false&gid=89817822&range=A1%3Ah100
magnum pi,season four,https://tvseriesfinale.com/tv-show/magnum-pi-season-four-ratings/,https://docs.google.com/spreadsheets/d/1gPmjJd_L8Sp9Vp5qI5sfS69ztHiav5B4fFPrTOSmVMs/pubhtml/sheet?headers=false&gid=1750067986&range=A1%3Ah100
magnum pi,season five,https://tvseriesfinale.com/tv-show/magnum-pi-season-five-ratings/,https://docs.google.com/spreadsheets/d/1ma3sMDxK-aUwyuz2kB8gMyf1goAcW9mqosbWSlLHEcg/pubhtml/sheet?headers=false&gid=1369915455&range=A1%3Ah100
major crimes,season six,https://tvseriesfinale.com/tv-show/major-crimes-season-six-ratings/,https://docs.google.com/spreadsheets/d/1QtBG-fGZvsxYy32ltEqEbyD_Vp9XHOYSt9-6wyprIS4/pubhtml/sheet?headers=false&gid=516556028&range=A1%3AG46
making history,season one,https://tvseriesfinale.com/tv-show/making-history-season-one-ratings/,https://docs.google.com/spreadsheets/d/1avKfTwLT9jXPNSzSisElW1a1bufQnuPCAwE_k817Z90/pubhtml/sheet?headers=false&gid=1276067665&range=A1%3Ah100
making it,season one,https://tvseriesfinale.com/tv-show/making-it-season-one-ratings/,https://docs.google.com/spreadsheets/d/e/2PACX-1vSbDlv8pGgTvsiGGgnQ0icBwo7pLFDRo4Jd9SNGQp2UVAXALuO-q0ukrsBaa2PvdfaDG7yK8Z-15Ldp/pubhtml/sheet?headers=false&gid=1457858622&range=A1%3Ah100
making it,season two,https://tvseriesfinale.com/tv-show/making-it-season-two-ratings/,https://docs.google.com/spreadsheets/d/e/2PACX-1vRtVj2UE-OnOA12xp1fNuzjlRH3leED-mA5SsVYu5siarlfm8OVy5EHBpyoUlI9ICBIQzZ2hnLviUro/pubhtml/sheet?headers=false&gid=1444587816&range=A1%3Ah100
making it,season three,https://tvseriesfinale.com/tv-show/making-it-season-three-ratings/,https://docs.google.com/spreadsheets/d/10un34Z5y-n7KeT3gb_7cpWX7fhoO90wr1mlus7eRKcs/pubhtml/sheet?headers=false&gid=1037995983&range=A1%3Ah100
man seeking woman,season three,https://tvseriesfinale.com/tv-show/man-seeking-woman-season-three-ratings/,https://docs.google.com/spreadsheets/d/1DdYBR3HPqX7CL7Inge6KsMqvRhBXC7K--484-vIofrk/pubhtml/sheet?headers=false&gid=2035334302&range=A1%3AG97&output=html&rm=minimal
the man who fell to earth,season one,https://tvseriesfinale.com/tv-show/the-man-who-fell-to-earth-season-one-ratings/,https://docs.google.com/spreadsheets/d/13_jTGvVcJocGGMZhhC2fdGIsx1znj_LvslHru7vALRA/pubhtml/sheet?headers=false&gid=1504533181&range=A1%3AG100
man with a plan cbs tv show,season one,https://tvseriesfinale.com/tv-show/man-with-a-plan-cbs-tv-show-season-one-ratings/,https://docs.google.com/spreadsheets/d/1Ub6cOIe00Wo4XJdKk3yPaVemFqvLqQghNx37sCpoMZM/pubhtml/sheet?headers=false&gid=1780710060&range=A1%3Ah100
man plan,season two,https://tvseriesfinale.com/tv-show/man-plan-season-two-ratings/,https://docs.google.com/spreadsheets/d/e/2PACX-1vT3vh7mmYQQq1m3g7KQMsmlr1cEvnVRX6aVWRwp6JU7F2hy06mf_irW7uwbTdww_G47LBmS64qNTLkG/pubhtml/sheet?headers=false&gid=395090950&range=A1%3Ah100
man with a plan,season three,https://tvseriesfinale.com/tv-show/man-with-a-plan-season-three-ratings/,https://docs.google.com/spreadsheets/d/1qlYGtdgF6N3UIJArkhteiD8B0zo8akewHTR0Jd_ceOE/pubhtml/sheet?headers=false&gid=1372917576&range=A1%3Ah100
man with a plan,season four,https://tvseriesfinale.com/tv-show/man-with-a-plan-season-four-ratings/,https://docs.google.com/spreadsheets/d/e/2PACX-1vT0r9Z1zIFp1HCpQK8PJDq8yeZzWrPf8e5BhFbpOvRROSxNyF6FMc5WC4jKRtnUWwnK66Gam6BNkEHI/pubhtml/sheet?headers=false&gid=213657824&range=A1%3Ah100
manhunt unabomber,season one,https://tvseriesfinale.com/tv-show/manhunt-unabomber-season-one-ratings/,https://docs.google.com/spreadsheets/d/1L4-CczjSukgEKeqwCOmNp65sTsZtO7P0n8HWXC25Y2s/pubhtml/sheet?headers=false&gid=621239968&range=A1%3Ah100
manifest,season one,https://tvseriesfinale.com/tv-show/manifest-season-one-ratings/,https://docs.google.com/spreadsheets/d/1xFhCp0TeNw3qt7L-sjT6GVG1Fq3rxa3v6tGV_EhW0Bc/pubhtml/sheet?headers=false&gid=1072000894&range=A1%3Ah100
manifest,season two,https://tvseriesfinale.com/tv-show/manifest-season-two-ratings/,https://docs.google.com/spreadsheets/d/e/2PACX-1vRtVj2UE-OnOA12xp1fNuzjlRH3leED-mA5SsVYu5siarlfm8OVy5EHBpyoUlI9ICBIQzZ2hnLviUro/pubhtml/sheet?headers=false&gid=439309621&range=A1%3Ah100
manifest,season three,https://tvseriesfinale.com/tv-show/manifest-season-three-ratings/,https://docs.google.com/spreadsheets/d/10un34Z5y-n7KeT3gb_7cpWX7fhoO90wr1mlus7eRKcs/pubhtml/sheet?headers=false&gid=2108915913&range=A1%3Ah100
march,season one,https://tvseriesfinale.com/tv-show/march-season-one-ratings/,https://docs.google.com/spreadsheets/d/1MiOE1bCf6lKNJCpNpvXIAZYYbPo5_BfTqqGbsG9ENo8/pubhtml/sheet?headers=false&gid=1600593751&range=A1%3Ah100
mare of easttown,season one,https://tvseriesfinale.com/tv-show/mare-of-easttown-season-one-ratings/,https://docs.google.com/spreadsheets/d/1QU8U82xgr8GURmJc3eR0Y4w7ppxwfNsp6dhPnzcs4bw/pubhtml/sheet?headers=false&gid=1094589066&range=A1%3AG19&output=html&rm=minimal
marlon,season one,https://tvseriesfinale.com/tv-show/marlon-season-one-ratings/,https://docs.google.com/spreadsheets/d/1EJ3FkRtr5NpRjuRFfdwm30sttYn4sLEgjJ8Wcl6XObU/pubhtml/sheet?headers=false&gid=184877801&range=A1%3Ah100
marlon,season two,https://tvseriesfinale.com/tv-show/marlon-season-two-ratings/,https://docs.google.com/spreadsheets/d/e/2PACX-1vSbDlv8pGgTvsiGGgnQ0icBwo7pLFDRo4Jd9SNGQp2UVAXALuO-q0ukrsBaa2PvdfaDG7yK8Z-15Ldp/pubhtml/sheet?headers=false&gid=562144049&range=A1%3Ah100
marvels agents shield,season four,https://tvseriesfinale.com/tv-show/marvels-agents-shield-season-four-ratings/,https://docs.google.com/spreadsheets/d/1ToHTY-SGH1wLEo31kKz9TOE5PsdpBE20kqtr1BhJBVA/pubhtml/sheet?headers=false&gid=557814948&range=A1%3Ah100
marvels agents shield,season five,https://tvseriesfinale.com/tv-show/marvels-agents-shield-season-five-ratings/,https://docs.google.com/spreadsheets/d/e/2PACX-1vTlE5lTHpAmKbEOIFMoMB5xW95pIvYxFgcblbWzKL4ZDLRBAVL3Bt3WtXzA65dzsHZXuOrwhIXlQOfq/pubhtml/sheet?headers=false&gid=1044568873&range=A1%3Ah100
marvels agents of shield,season six,https://tvseriesfinale.com/tv-show/marvels-agents-of-shield-season-six-ratings/,https://docs.google.com/spreadsheets/d/1Z54g0izrymDxV0QDkwOGE9auYHrCu-FTYNpPDykzPJ8/pubhtml/sheet?headers=false&gid=557156502&range=A1%3Ah100
marvels agents of shield,season seven,https://tvseriesfinale.com/tv-show/marvels-agents-of-shield-season-seven-ratings/,https://docs.google.com/spreadsheets/d/e/2PACX-1vTrXdDjlQ_DsAe7hNjPK48UpmMYmbZE2_I1S3x0frJJbOh448s7NI2vSBYNr_z6DgMwoksah-NZBkKB/pubhtml/sheet?headers=false&gid=1364443412&range=A1%3Ah100
marvels cloak dagger,season one,https://tvseriesfinale.com/tv-show/marvels-cloak-dagger-season-one-ratings/,https://docs.google.com/spreadsheets/d/1cnttQo1fIxTypKG3x19Ax0Zh4Pn8dtfzDfO4lVWsi6Y/pubhtml/sheet?headers=false&gid=23659708&range=A1:G120
marvels cloak dagger,season two,https://tvseriesfinale.com/tv-show/marvels-cloak-dagger-season-two-ratings/,https://docs.google.com/spreadsheets/d/1cnttQo1fIxTypKG3x19Ax0Zh4Pn8dtfzDfO4lVWsi6Y/pubhtml/sheet?headers=false&gid=211661876&range=A1:G120
marvels inhumans,season one,https://tvseriesfinale.com/tv-show/marvels-inhumans-season-one-ratings/,https://docs.google.com/spreadsheets/d/e/2PACX-1vTlE5lTHpAmKbEOIFMoMB5xW95pIvYxFgcblbWzKL4ZDLRBAVL3Bt3WtXzA65dzsHZXuOrwhIXlQOfq/pubhtml/sheet?headers=false&gid=1094700838&range=A1%3Ah100
mary jane,season one,https://tvseriesfinale.com/tv-show/mary-jane-season-one-ratings/,https://docs.google.com/spreadsheets/d/1AHN2UYf3_49uiTuaQukQ6SdVXTd5DwTp8ShwwhzLfl8/pubhtml/sheet?headers=false&gid=424057788&range=A1:G120
mary kills people,season one,https://tvseriesfinale.com/tv-show/mary-kills-people-season-one-ratings/,https://docs.google.com/spreadsheets/d/1IBLohI2spBv1sm9EAOTfR_xM6ibQbU_a0DJSy01xiDM/pubhtml/sheet?headers=false&gid=116271405&range=A1%3AG20
mary kills people,season two,https://tvseriesfinale.com/tv-show/mary-kills-people-season-two-ratings/,https://docs.google.com/spreadsheets/d/1IBLohI2spBv1sm9EAOTfR_xM6ibQbU_a0DJSy01xiDM/pubhtml/sheet?headers=false&gid=1281468675&range=A1%3AG30
the masked dancer,season one,https://tvseriesfinale.com/tv-show/the-masked-dancer-season-one-ratings/,https://docs.google.com/spreadsheets/d/1um1vJjK_QbewPMm0sO1CczrrgO2FDmtjdN74LteZN7g/pubhtml/sheet?headers=false&gid=1458110403&range=A1%3Ah100
the masked singer,season one,https://tvseriesfinale.com/tv-show/the-masked-singer-season-one-ratings/,https://docs.google.com/spreadsheets/d/1n4PyBtJrphtdfhiPq884nmoV8wIMKHVrgbvYhJ-DV80/pubhtml/sheet?headers=false&gid=2002018670&range=A1%3Ah100
the masked singer,season two,https://tvseriesfinale.com/tv-show/the-masked-singer-season-two-ratings/,https://docs.google.com/spreadsheets/d/e/2PACX-1vRmoC8hQFbZMNtUzmwwjsO_0gIf7KnWMgEOC-2a4Bh_rCX1LCdAm6b-BWNfoIlttnPf2iy_4KQj0eFo/pubhtml/sheet?headers=false&gid=1685385553&range=A1%3Ah100
the masked singer,season three,https://tvseriesfinale.com/tv-show/the-masked-singer-season-three-ratings/,https://docs.google.com/spreadsheets/d/e/2PACX-1vRmoC8hQFbZMNtUzmwwjsO_0gIf7KnWMgEOC-2a4Bh_rCX1LCdAm6b-BWNfoIlttnPf2iy_4KQj0eFo/pubhtml/sheet?headers=false&gid=1294263074&range=A1%3Ah100
the masked singer,season four,https://tvseriesfinale.com/tv-show/the-masked-singer-season-four-ratings/,https://docs.google.com/spreadsheets/d/1um1vJjK_QbewPMm0sO1CczrrgO2FDmtjdN74LteZN7g/pubhtml/sheet?headers=false&gid=1685385553&range=A1%3Ah100
the masked singer,season five,https://tvseriesfinale.com/tv-show/the-masked-singer-season-five-ratings/,https://docs.google.com/spreadsheets/d/1um1vJjK_QbewPMm0sO1CczrrgO2FDmtjdN74LteZN7g/pubhtml/sheet?headers=false&gid=274460709&range=A1%3Ah100
the masked singer,season six,https://tvseriesfinale.com/tv-show/the-masked-singer-season-six-ratings/,https://docs.google.com/spreadsheets/d/1PlugKIBMoFJpsdg8AZIYiS56GA8u5BxmNnpQ5v0wx1Q/pubhtml/sheet?headers=false&gid=2147252148&range=A1%3Ah100
the masked singer,season seven,https://tvseriesfinale.com/tv-show/the-masked-singer-season-seven-ratings/,https://docs.google.com/spreadsheets/d/1PlugKIBMoFJpsdg8AZIYiS56GA8u5BxmNnpQ5v0wx1Q/pubhtml/sheet?headers=false&gid=1519718384&range=A1%3Ah100
the masked singer,season eight,https://tvseriesfinale.com/tv-show/the-masked-singer-season-eight-ratings/,https://docs.google.com/spreadsheets/d/1bCcF_doylXV5Q45d8vITOJBvhw6a3YcB2aJApWPLCGw/pubhtml/sheet?headers=false&gid=878915663&range=A1%3Ah100
the masked singer,season nine,https://tvseriesfinale.com/tv-show/the-masked-singer-season-nine-ratings/,https://docs.google.com/spreadsheets/d/1bCcF_doylXV5Q45d8vITOJBvhw6a3YcB2aJApWPLCGw/pubhtml/sheet?headers=false&gid=594936730&range=A1%3Ah100
the masked singer,season 10,https://tvseriesfinale.com/tv-show/the-masked-singer-season-10-ratings/,https://docs.google.com/spreadsheets/d/1gho_2zWLswUjY_ZpmoiMhFa0JCIIjFpOuxah5J-ltYk/pubhtml/sheet?headers=false&gid=1290780150&range=A1%3Ah100
the masked singer,season 11,https://tvseriesfinale.com/tv-show/the-masked-singer-season-11-ratings/,https://docs.google.com/spreadsheets/d/1gho_2zWLswUjY_ZpmoiMhFa0JCIIjFpOuxah5J-ltYk/pubhtml/sheet?headers=false&gid=1378545460&range=A1%3Ah100
masterchef,season seven,https://tvseriesfinale.com/tv-show/masterchef-season-seven-ratings/,https://docs.google.com/spreadsheets/d/1svT8H-CRjkct9zipyrweQiL2wpYFxpFVjFjokx7QETI/pubhtml/sheet?headers=false&gid=216497366&range=A1%3Ah40
masterchef,season eight,https://tvseriesfinale.com/tv-show/masterchef-season-eight-ratings/,https://docs.google.com/spreadsheets/d/1avKfTwLT9jXPNSzSisElW1a1bufQnuPCAwE_k817Z90/pubhtml/sheet?headers=false&gid=1691080651&range=A1%3Ah100
masterchef,season nine,https://tvseriesfinale.com/tv-show/masterchef-season-nine-ratings/,https://docs.google.com/spreadsheets/d/1ftMGnLJFFncsXKJ6saeTkxhdfa23cittfFA2Z2rVogM/pubhtml/sheet?headers=false&gid=1362599330&range=A1%3Ah100
masterchef,season 10,https://tvseriesfinale.com/tv-show/masterchef-season-10-ratings/,https://docs.google.com/spreadsheets/d/1n4PyBtJrphtdfhiPq884nmoV8wIMKHVrgbvYhJ-DV80/pubhtml/sheet?headers=false&gid=475341601&range=A1%3Ah100
masterchef,season 11,https://tvseriesfinale.com/tv-show/masterchef-season-11-ratings/,https://docs.google.com/spreadsheets/d/1um1vJjK_QbewPMm0sO1CczrrgO2FDmtjdN74LteZN7g/pubhtml/sheet?headers=false&gid=1490741292&range=A1%3Ah100
masterchef,season 12,https://tvseriesfinale.com/tv-show/masterchef-season-12-ratings/,https://docs.google.com/spreadsheets/d/1PlugKIBMoFJpsdg8AZIYiS56GA8u5BxmNnpQ5v0wx1Q/pubhtml/sheet?headers=false&gid=142889578&range=A1%3Ah100
masterchef,season 13,https://tvseriesfinale.com/tv-show/masterchef-season-13-ratings/,https://docs.google.com/spreadsheets/d/1bCcF_doylXV5Q45d8vITOJBvhw6a3YcB2aJApWPLCGw/pubhtml/sheet?headers=false&gid=786558362&range=A1%3Ah100
masterchef junior,season five,https://tvseriesfinale.com/tv-show/masterchef-junior-season-five-ratings/,https://docs.google.com/spreadsheets/d/1avKfTwLT9jXPNSzSisElW1a1bufQnuPCAwE_k817Z90/pubhtml/sheet?headers=false&gid=1831771968&range=A1%3Ah100
masterchef junior,season six,https://tvseriesfinale.com/tv-show/masterchef-junior-season-six-ratings/,https://docs.google.com/spreadsheets/d/1ftMGnLJFFncsXKJ6saeTkxhdfa23cittfFA2Z2rVogM/pubhtml/sheet?headers=false&gid=312178318&range=A1%3Ah100
masterchef junior,season seven,https://tvseriesfinale.com/tv-show/masterchef-junior-season-seven-ratings/,https://docs.google.com/spreadsheets/d/1n4PyBtJrphtdfhiPq884nmoV8wIMKHVrgbvYhJ-DV80/pubhtml/sheet?headers=false&gid=1596568990&range=A1%3Ah100
masterchef junior,season eight,https://tvseriesfinale.com/tv-show/masterchef-junior-season-eight-ratings/,https://docs.google.com/spreadsheets/d/1PlugKIBMoFJpsdg8AZIYiS56GA8u5BxmNnpQ5v0wx1Q/pubhtml/sheet?headers=false&gid=1611168003&range=A1%3Ah100
masterchef junior,season nine,https://tvseriesfinale.com/tv-show/masterchef-junior-season-nine-ratings/,https://docs.google.com/spreadsheets/d/1gho_2zWLswUjY_ZpmoiMhFa0JCIIjFpOuxah5J-ltYk/pubhtml/sheet?headers=false&gid=2123605484&range=A1%3Ah100
masters of illusion,season seven,https://tvseriesfinale.com/tv-show/masters-of-illusion-season-seven-ratings/,https://docs.google.com/spreadsheets/d/1i4IfQufJnv28LwfJWIz_Ea0E8u3f4vhTmL4pZz3620Q/pubhtml/sheet?headers=false&gid=341039463&range=A1%3AH100
masters of illusion,season nine,https://tvseriesfinale.com/tv-show/masters-of-illusion-season-nine-ratings/,https://docs.google.com/spreadsheets/d/1T-eDbU4WnVnGczaTUc9X91683hE7PYpTtpap48tpnu0/pubhtml/sheet?headers=false&gid=1941670216&range=A1%3Ah100
masters of illusion,season 10,https://tvseriesfinale.com/tv-show/masters-of-illusion-season-10-ratings/,https://docs.google.com/spreadsheets/d/e/2PACX-1vTaD6uAv0rMyqOLpklP9QmMHlz3gUaKkf5kYVM3nDXbIBys2LKIkvfed1zv-22RJpYtZtcw1rvPd5ws/pubhtml/sheet?headers=false&gid=767355873&range=A1%3Ah100
masters of illusion,season 11,https://tvseriesfinale.com/tv-show/masters-of-illusion-season-11-ratings/,https://docs.google.com/spreadsheets/d/1MiOE1bCf6lKNJCpNpvXIAZYYbPo5_BfTqqGbsG9ENo8/pubhtml/sheet?headers=false&gid=2133500186&range=A1%3Ah100
masters of illusion,season 12,https://tvseriesfinale.com/tv-show/masters-of-illusion-season-12-ratings/,https://docs.google.com/spreadsheets/d/1qwTMXm7xEOvj2UJCK2EP9eCl3-calTWTXMXFx6_z1oA/pubhtml/sheet?headers=false&gid=718979683&range=A1%3Ah100
masters of illusion,season 13,https://tvseriesfinale.com/tv-show/masters-of-illusion-season-13-ratings/,https://docs.google.com/spreadsheets/d/1VOF9EearmNFEo8w6vHiQipNNQVkvI529Yr3CG1qfSnQ/pubhtml/sheet?headers=false&gid=1109912111&range=A1%3Ah100
match game,season one,https://tvseriesfinale.com/tv-show/match-game-season-one-ratings/,https://docs.google.com/spreadsheets/d/1fDDhVVuLxhWiZYf0rhHouQreu36bCgk6gBcUzJONvaw/pubhtml/sheet?headers=false&gid=386961520&range=A1%3Ah30
match game,season two,https://tvseriesfinale.com/tv-show/match-game-season-two-ratings/,https://docs.google.com/spreadsheets/d/1ToHTY-SGH1wLEo31kKz9TOE5PsdpBE20kqtr1BhJBVA/pubhtml/sheet?headers=false&gid=11928656&range=A1%3Ah100
match game,season three,https://tvseriesfinale.com/tv-show/match-game-season-three-ratings/,https://docs.google.com/spreadsheets/d/e/2PACX-1vTlE5lTHpAmKbEOIFMoMB5xW95pIvYxFgcblbWzKL4ZDLRBAVL3Bt3WtXzA65dzsHZXuOrwhIXlQOfq/pubhtml/sheet?headers=false&gid=632796358&range=A1%3Ah100
match game,season four,https://tvseriesfinale.com/tv-show/match-game-season-four-ratings/,https://docs.google.com/spreadsheets/d/1Z54g0izrymDxV0QDkwOGE9auYHrCu-FTYNpPDykzPJ8/pubhtml/sheet?headers=false&gid=223286085&range=A1%3Ah100
mayans mc,season one,https://tvseriesfinale.com/tv-show/mayans-mc-season-one-ratings/,https://docs.google.com/spreadsheets/d/1DdYBR3HPqX7CL7Inge6KsMqvRhBXC7K--484-vIofrk/pubhtml/sheet?headers=false&gid=1636950953&range=A1%3AG97&output=html&rm=minimal
mayans mc,season two,https://tvseriesfinale.com/tv-show/mayans-mc-season-two-ratings/,https://docs.google.com/spreadsheets/d/1DdYBR3HPqX7CL7Inge6KsMqvRhBXC7K--484-vIofrk/pubhtml/sheet?headers=false&gid=468353343&range=A1%3AG97&output=html&rm=minimal
mayans mc,season three,https://tvseriesfinale.com/tv-show/mayans-mc-season-three-ratings/,https://docs.google.com/spreadsheets/d/1DdYBR3HPqX7CL7Inge6KsMqvRhBXC7K--484-vIofrk/pubhtml/sheet?headers=false&gid=213754902&range=A1%3AG97&output=html&rm=minimal
mayans mc,season four,https://tvseriesfinale.com/tv-show/mayans-mc-season-four-ratings/,https://docs.google.com/spreadsheets/d/1DdYBR3HPqX7CL7Inge6KsMqvRhBXC7K--484-vIofrk/pubhtml/sheet?headers=false&gid=1009577357&range=A1%3AG97&output=html&rm=minimal
mayans mc,season five,https://tvseriesfinale.com/tv-show/mayans-mc-season-five-ratings/,https://docs.google.com/spreadsheets/d/1DdYBR3HPqX7CL7Inge6KsMqvRhBXC7K--484-vIofrk/pubhtml/sheet?headers=false&gid=368932384&range=A1%3AG97&output=html&rm=minimal
mayor,season one,https://tvseriesfinale.com/tv-show/mayor-season-one-ratings/,https://docs.google.com/spreadsheets/d/e/2PACX-1vTlE5lTHpAmKbEOIFMoMB5xW95pIvYxFgcblbWzKL4ZDLRBAVL3Bt3WtXzA65dzsHZXuOrwhIXlQOfq/pubhtml/sheet?headers=false&gid=1270308014&range=A1%3Ah100
mcmafia,season one,https://tvseriesfinale.com/tv-show/mcmafia-season-one-ratings/,https://docs.google.com/spreadsheets/d/13J-oeB6b8gpR4AGlw7PZS-4FvjvPKN5_0JFfGwsDXG4/pubhtml/sheet?headers=false&gid=1368564502&range=A1%3AG23&output=html&rm=minimal
me myself i,season one,https://tvseriesfinale.com/tv-show/me-myself-i-season-one-ratings/,https://docs.google.com/spreadsheets/d/e/2PACX-1vT3vh7mmYQQq1m3g7KQMsmlr1cEvnVRX6aVWRwp6JU7F2hy06mf_irW7uwbTdww_G47LBmS64qNTLkG/pubhtml/sheet?headers=false&gid=221441701&range=A1%3Ah100
mental samurai,season one,https://tvseriesfinale.com/tv-show/mental-samurai-season-one-ratings/,https://docs.google.com/spreadsheets/d/1n4PyBtJrphtdfhiPq884nmoV8wIMKHVrgbvYhJ-DV80/pubhtml/sheet?headers=false&gid=153576448&range=A1%3Ah100
mental samurai,season two,https://tvseriesfinale.com/tv-show/mental-samurai-season-two-ratings/,https://docs.google.com/spreadsheets/d/1um1vJjK_QbewPMm0sO1CczrrgO2FDmtjdN74LteZN7g/pubhtml/sheet?headers=false&gid=1126666243&range=A1%3Ah100
the mick,season one,https://tvseriesfinale.com/tv-show/the-mick-season-one-ratings/,
mick,season two,https://tvseriesfinale.com/tv-show/mick-season-two-ratings/,https://docs.google.com/spreadsheets/d/1ftMGnLJFFncsXKJ6saeTkxhdfa23cittfFA2Z2rVogM/pubhtml/sheet?headers=false&gid=1628450607&range=A1%3Ah100
middle,season eight,https://tvseriesfinale.com/tv-show/middle-season-eight-ratings/,https://docs.google.com/spreadsheets/d/1ToHTY-SGH1wLEo31kKz9TOE5PsdpBE20kqtr1BhJBVA/pubhtml/sheet?headers=false&gid=2103035179&range=A1%3Ah100
middle,season nine,https://tvseriesfinale.com/tv-show/middle-season-nine-ratings/,https://docs.google.com/spreadsheets/d/e/2PACX-1vTlE5lTHpAmKbEOIFMoMB5xW95pIvYxFgcblbWzKL4ZDLRBAVL3Bt3WtXzA65dzsHZXuOrwhIXlQOfq/pubhtml/sheet?headers=false&gid=1978259622&range=A1%3Ah100
midnight texas,season one,https://tvseriesfinale.com/tv-show/midnight-texas-season-one-ratings/,https://docs.google.com/spreadsheets/d/1EJ3FkRtr5NpRjuRFfdwm30sttYn4sLEgjJ8Wcl6XObU/pubhtml/sheet?headers=false&gid=393857420&range=A1%3Ah100
million dollar mile,season one,https://tvseriesfinale.com/tv-show/million-dollar-mile-season-one-ratings/,https://docs.google.com/spreadsheets/d/1qlYGtdgF6N3UIJArkhteiD8B0zo8akewHTR0Jd_ceOE/pubhtml/sheet?headers=false&gid=419293137&range=A1%3Ah100
a million little things,season one,https://tvseriesfinale.com/tv-show/a-million-little-things-season-one-ratings/,https://docs.google.com/spreadsheets/d/1Z54g0izrymDxV0QDkwOGE9auYHrCu-FTYNpPDykzPJ8/pubhtml/sheet?headers=false&gid=246955286&range=A1%3Ah100
a million little things,season two,https://tvseriesfinale.com/tv-show/a-million-little-things-season-two-ratings/,https://docs.google.com/spreadsheets/d/e/2PACX-1vTrXdDjlQ_DsAe7hNjPK48UpmMYmbZE2_I1S3x0frJJbOh448s7NI2vSBYNr_z6DgMwoksah-NZBkKB/pubhtml/sheet?headers=false&gid=316266011&range=A1%3Ah100
a million little things,season three,https://tvseriesfinale.com/tv-show/a-million-little-things-season-three-ratings/,https://docs.google.com/spreadsheets/d/1NS9t3Pv-5_wq_fCkMbQDlf0scWZ_TYTsLp38Z8jaw_M/pubhtml/sheet?headers=false&gid=185548015&range=A1%3Ah100
a million little things,season four,https://tvseriesfinale.com/tv-show/a-million-little-things-season-four-ratings/,https://docs.google.com/spreadsheets/d/1UHVhAstyDVbA_72wuwSMX7TAPuO4Z_5sX1xbcmNjr2s/pubhtml/sheet?headers=false&gid=998435836&range=A1%3Ah100
a million little things,season five,https://tvseriesfinale.com/tv-show/a-million-little-things-season-five-ratings/,https://docs.google.com/spreadsheets/d/1yWN1t7MlPk9jroVeTgGH5-U5sp5XVcZJclGsrnyl5bI/pubhtml/sheet?headers=false&gid=669133468&range=A1%3Ah100
minx,season two,https://tvseriesfinale.com/tv-show/minx-season-two-ratings/,https://docs.google.com/spreadsheets/d/1-xha-SEcC1L6_KlAxjxMArlpX2A8XY1grDeo58d922E/pubhtml/sheet?headers=false&gid=1966639549&range=A1%3AG100&output=html&rm=minimal
miracle workers,season one,https://tvseriesfinale.com/tv-show/miracle-workers-season-one-ratings/,https://docs.google.com/spreadsheets/d/1eh7nTgIxbi8a9fuPk03eCgyj472TxoA3NMIrNcySQb8/pubhtml/sheet?headers=false&gid=1228657970&range=A1%3AG100
miracle workers,season three,https://tvseriesfinale.com/tv-show/miracle-workers-season-three-ratings/,https://docs.google.com/spreadsheets/d/1eh7nTgIxbi8a9fuPk03eCgyj472TxoA3NMIrNcySQb8/pubhtml/sheet?headers=false&gid=1089546800&range=A1%3AG100
missing,season two,https://tvseriesfinale.com/tv-show/missing-season-two-ratings/,https://docs.google.com/spreadsheets/d/1-xha-SEcC1L6_KlAxjxMArlpX2A8XY1grDeo58d922E/pubhtml/sheet?headers=false&gid=1910028530&range=A1%3AG100&output=html&rm=minimal
mist,season one,https://tvseriesfinale.com/tv-show/mist-season-one-ratings/,https://docs.google.com/spreadsheets/d/1TVuPPYWjLX0S3WrKO5AogtfcZ95_B1EHvknn6U1utU8/pubhtml/sheet?headers=false&gid=729613821&range=A1%3AG46
mistresses,season four,https://tvseriesfinale.com/tv-show/mistresses-season-four-ratings/,https://docs.google.com/spreadsheets/d/1fDDhVVuLxhWiZYf0rhHouQreu36bCgk6gBcUzJONvaw/pubhtml/sheet?headers=false&gid=454939345&range=A1%3Ah30
mixed ish,season one,https://tvseriesfinale.com/tv-show/mixed-ish-season-one-ratings/,https://docs.google.com/spreadsheets/d/e/2PACX-1vTrXdDjlQ_DsAe7hNjPK48UpmMYmbZE2_I1S3x0frJJbOh448s7NI2vSBYNr_z6DgMwoksah-NZBkKB/pubhtml/sheet?headers=false&gid=542804742&range=A1%3Ah100
modern family,season nine,https://tvseriesfinale.com/tv-show/modern-family-season-nine-ratings/,https://docs.google.com/spreadsheets/d/e/2PACX-1vTlE5lTHpAmKbEOIFMoMB5xW95pIvYxFgcblbWzKL4ZDLRBAVL3Bt3WtXzA65dzsHZXuOrwhIXlQOfq/pubhtml/sheet?headers=false&gid=1122682887&range=A1%3Ah100
modern family,season 10,https://tvseriesfinale.com/tv-show/modern-family-season-10-ratings/,https://docs.google.com/spreadsheets/d/1Z54g0izrymDxV0QDkwOGE9auYHrCu-FTYNpPDykzPJ8/pubhtml/sheet?headers=false&gid=1122682887&range=A1%3Ah100
modern family,season 11,https://tvseriesfinale.com/tv-show/modern-family-season-11-ratings/,https://docs.google.com/spreadsheets/d/e/2PACX-1vTrXdDjlQ_DsAe7hNjPK48UpmMYmbZE2_I1S3x0frJJbOh448s7NI2vSBYNr_z6DgMwoksah-NZBkKB/pubhtml/sheet?headers=false&gid=696890927&range=A1%3Ah100
mom,season five,https://tvseriesfinale.com/tv-show/mom-season-five-ratings/,https://docs.google.com/spreadsheets/d/e/2PACX-1vT3vh7mmYQQq1m3g7KQMsmlr1cEvnVRX6aVWRwp6JU7F2hy06mf_irW7uwbTdww_G47LBmS64qNTLkG/pubhtml/sheet?headers=false&gid=1906226028&range=A1%3Ah100
mom,season five,https://tvseriesfinale.com/tv-show/mom-season-five-ratings/,https://docs.google.com/spreadsheets/d/e/2PACX-1vT3vh7mmYQQq1m3g7KQMsmlr1cEvnVRX6aVWRwp6JU7F2hy06mf_irW7uwbTdww_G47LBmS64qNTLkG/pubhtml/sheet?headers=false&gid=1906226028&range=A1%3Ah100
mom,season six,https://tvseriesfinale.com/tv-show/mom-season-six-ratings/,https://docs.google.com/spreadsheets/d/1qlYGtdgF6N3UIJArkhteiD8B0zo8akewHTR0Jd_ceOE/pubhtml/sheet?headers=false&gid=1906226028&range=A1%3Ah100
mom,season seven,https://tvseriesfinale.com/tv-show/mom-season-seven-ratings/,https://docs.google.com/spreadsheets/d/e/2PACX-1vT0r9Z1zIFp1HCpQK8PJDq8yeZzWrPf8e5BhFbpOvRROSxNyF6FMc5WC4jKRtnUWwnK66Gam6BNkEHI/pubhtml/sheet?headers=false&gid=1643427060&range=A1%3Ah100
mom,season eight,https://tvseriesfinale.com/tv-show/mom-season-eight-ratings/,https://docs.google.com/spreadsheets/d/1dBByBwNRkBxn64JkURCCBbkdekn50VAxa3AfH7pZK04/pubhtml/sheet?headers=false&gid=985924877&range=A1%3Ah100
monarch,season one,https://tvseriesfinale.com/tv-show/monarch-season-one-ratings/,https://docs.google.com/spreadsheets/d/1bCcF_doylXV5Q45d8vITOJBvhw6a3YcB2aJApWPLCGw/pubhtml/sheet?headers=false&gid=1915236172&range=A1%3Ah100
the moodys,season one,https://tvseriesfinale.com/tv-show/the-moodys-season-one-ratings/,https://docs.google.com/spreadsheets/d/e/2PACX-1vRmoC8hQFbZMNtUzmwwjsO_0gIf7KnWMgEOC-2a4Bh_rCX1LCdAm6b-BWNfoIlttnPf2iy_4KQj0eFo/pubhtml/sheet?headers=false&gid=1184200377&range=A1%3Ah100
the moodys,season two,https://tvseriesfinale.com/tv-show/the-moodys-season-two-ratings/,https://docs.google.com/spreadsheets/d/1um1vJjK_QbewPMm0sO1CczrrgO2FDmtjdN74LteZN7g/pubhtml/sheet?headers=false&gid=252840593&range=A1%3Ah100
moonshine,season one,https://tvseriesfinale.com/tv-show/moonshine-season-one-ratings/,https://docs.google.com/spreadsheets/d/1qwTMXm7xEOvj2UJCK2EP9eCl3-calTWTXMXFx6_z1oA/pubhtml/sheet?headers=false&gid=2026718272&range=A1%3Ah100
mosaic,season one,https://tvseriesfinale.com/tv-show/mosaic-season-one-ratings/,https://docs.google.com/spreadsheets/d/1QU8U82xgr8GURmJc3eR0Y4w7ppxwfNsp6dhPnzcs4bw/pubhtml/sheet?headers=false&gid=1656747527&range=A1%3AG19&output=html&rm=minimal
motherland fort salem,season one,https://tvseriesfinale.com/tv-show/motherland-fort-salem-season-one-ratings/,https://docs.google.com/spreadsheets/d/1cnttQo1fIxTypKG3x19Ax0Zh4Pn8dtfzDfO4lVWsi6Y/pubhtml/sheet?headers=false&gid=556893582&range=A1:G120
motherland fort salem,season two,https://tvseriesfinale.com/tv-show/motherland-fort-salem-season-two-ratings/,https://docs.google.com/spreadsheets/d/1cnttQo1fIxTypKG3x19Ax0Zh4Pn8dtfzDfO4lVWsi6Y/pubhtml/sheet?headers=false&gid=2046146243&range=A1:G120
motherland fort salem,season three,https://tvseriesfinale.com/tv-show/motherland-fort-salem-season-three-ratings/,https://docs.google.com/spreadsheets/d/1cnttQo1fIxTypKG3x19Ax0Zh4Pn8dtfzDfO4lVWsi6Y/pubhtml/sheet?headers=false&gid=1371900835&range=A1:G120
mr inbetween,season one,https://tvseriesfinale.com/tv-show/mr-inbetween-season-one-ratings/,https://docs.google.com/spreadsheets/d/1DdYBR3HPqX7CL7Inge6KsMqvRhBXC7K--484-vIofrk/pubhtml/sheet?headers=false&gid=1507127416&range=A1%3AG97&output=html&rm=minimal
mr inbetween,season two,https://tvseriesfinale.com/tv-show/mr-inbetween-season-two-ratings/,https://docs.google.com/spreadsheets/d/1DdYBR3HPqX7CL7Inge6KsMqvRhBXC7K--484-vIofrk/pubhtml/sheet?headers=false&gid=2100956886&range=A1%3AG97&output=html&rm=minimal
mr inbetween,season three,https://tvseriesfinale.com/tv-show/mr-inbetween-season-three-ratings/,https://docs.google.com/spreadsheets/d/1DdYBR3HPqX7CL7Inge6KsMqvRhBXC7K--484-vIofrk/pubhtml/sheet?headers=false&gid=821396000&range=A1%3AG97&output=html&rm=minimal
mr mayor,season one,https://tvseriesfinale.com/tv-show/mr-mayor-season-one-ratings/,https://docs.google.com/spreadsheets/d/10un34Z5y-n7KeT3gb_7cpWX7fhoO90wr1mlus7eRKcs/pubhtml/sheet?headers=false&gid=2055186754&range=A1%3Ah100
mr mayor,season two,https://tvseriesfinale.com/tv-show/mr-mayor-season-two-ratings/,https://docs.google.com/spreadsheets/d/1HyhsoErv-gaQ6jE5tzO_Ax6r5ouKVGm3nNLcv74jPYY/pubhtml/sheet?headers=false&gid=443567684&range=A1%3Ah100
mr robot,season two,https://tvseriesfinale.com/tv-show/mr-robot-season-two-ratings/,https://docs.google.com/spreadsheets/d/16ijMnEb6P7NAqfPf35N_MyL5ueoHOV2HD01zJ1iXjDI/pubhtml/sheet?headers=false&gid=911274974&range=A1:G120
mr robot,season three,https://tvseriesfinale.com/tv-show/mr-robot-season-three-ratings/,https://docs.google.com/spreadsheets/d/16ijMnEb6P7NAqfPf35N_MyL5ueoHOV2HD01zJ1iXjDI/pubhtml/sheet?headers=false&gid=212339092&range=A1:G120
mr robot,season four,https://tvseriesfinale.com/tv-show/mr-robot-season-four-ratings/,https://docs.google.com/spreadsheets/d/16ijMnEb6P7NAqfPf35N_MyL5ueoHOV2HD01zJ1iXjDI/pubhtml/sheet?headers=false&gid=856174156&range=A1:G120
mrs fletcher,season one,https://tvseriesfinale.com/tv-show/mrs-fletcher-season-one-ratings/,https://docs.google.com/spreadsheets/d/1QU8U82xgr8GURmJc3eR0Y4w7ppxwfNsp6dhPnzcs4bw/pubhtml/sheet?headers=false&gid=2054282162&range=A1%3AG19&output=html&rm=minimal
murphy brown,season 11,https://tvseriesfinale.com/tv-show/murphy-brown-season-11-ratings/,https://docs.google.com/spreadsheets/d/1qlYGtdgF6N3UIJArkhteiD8B0zo8akewHTR0Jd_ceOE/pubhtml/sheet?headers=false&gid=683468754&range=A1%3Ah100
my last days,season two,https://tvseriesfinale.com/tv-show/my-last-days-season-two-ratings/,https://docs.google.com/spreadsheets/d/e/2PACX-1vR_SBz9FDKyY15XKRCf_Vpm1tJXCnrieAa2957aRG1B9OPPcaQGfv4n1m4kjsCVCZGH29aYvTeDUaiS/pubhtml/sheet?headers=false&gid=1414346798&range=A1%3AH40
my last days,season three,https://tvseriesfinale.com/tv-show/my-last-days-season-three-ratings/,https://docs.google.com/spreadsheets/d/1T-eDbU4WnVnGczaTUc9X91683hE7PYpTtpap48tpnu0/pubhtml/sheet?headers=false&gid=1950349569&range=A1%3Ah100
mysteries decoded,season one,https://tvseriesfinale.com/tv-show/mysteries-decoded-season-one-ratings/,https://docs.google.com/spreadsheets/d/1T-eDbU4WnVnGczaTUc9X91683hE7PYpTtpap48tpnu0/pubhtml/sheet?headers=false&gid=1253132329&range=A1%3Ah100
mysteries decoded,season two,https://tvseriesfinale.com/tv-show/mysteries-decoded-season-two-ratings/,https://docs.google.com/spreadsheets/d/1MiOE1bCf6lKNJCpNpvXIAZYYbPo5_BfTqqGbsG9ENo8/pubhtml/sheet?headers=false&gid=1102057696&range=A1%3Ah100
the name of the rose,season one,https://tvseriesfinale.com/tv-show/the-name-of-the-rose-season-one-ratings/,https://docs.google.com/spreadsheets/d/1FcioGPpoDH008lrU_CVF-uOjW4XkWqKFqqlULma4Go8/pubhtml/sheet?headers=false&gid=1890719428&range=A1%3AG46
name that tune,season one,https://tvseriesfinale.com/tv-show/name-that-tune-season-one-ratings/,https://docs.google.com/spreadsheets/d/1um1vJjK_QbewPMm0sO1CczrrgO2FDmtjdN74LteZN7g/pubhtml/sheet?headers=false&gid=521822774&range=A1%3Ah100
name that tune,season two,https://tvseriesfinale.com/tv-show/name-that-tune-season-two-ratings/,https://docs.google.com/spreadsheets/d/1PlugKIBMoFJpsdg8AZIYiS56GA8u5BxmNnpQ5v0wx1Q/pubhtml/sheet?headers=false&gid=1870295132&range=A1%3Ah100
name that tune,season three,https://tvseriesfinale.com/tv-show/name-that-tune-season-three-ratings/,https://docs.google.com/spreadsheets/d/1bCcF_doylXV5Q45d8vITOJBvhw6a3YcB2aJApWPLCGw/pubhtml/sheet?headers=false&gid=1353891087&range=A1%3Ah100
nancy drew,season one,https://tvseriesfinale.com/tv-show/nancy-drew-season-one-ratings/,https://docs.google.com/spreadsheets/d/e/2PACX-1vTaD6uAv0rMyqOLpklP9QmMHlz3gUaKkf5kYVM3nDXbIBys2LKIkvfed1zv-22RJpYtZtcw1rvPd5ws/pubhtml/sheet?headers=false&gid=1995194030&range=A1%3Ah100
nancy drew,season two,https://tvseriesfinale.com/tv-show/nancy-drew-season-two-ratings/,https://docs.google.com/spreadsheets/d/1UtKbmbo-TrCU00937XlBHCPgAR5Wx5fyu7YHrmiDjZQ/pubhtml/sheet?headers=false&gid=1869041270&range=A1%3Ah100
nancy drew,season three,https://tvseriesfinale.com/tv-show/nancy-drew-season-three-ratings/,https://docs.google.com/spreadsheets/d/1MiOE1bCf6lKNJCpNpvXIAZYYbPo5_BfTqqGbsG9ENo8/pubhtml/sheet?headers=false&gid=339551614&range=A1%3Ah100
nancy drew,season four,https://tvseriesfinale.com/tv-show/nancy-drew-season-four-ratings/,https://docs.google.com/spreadsheets/d/1qwTMXm7xEOvj2UJCK2EP9eCl3-calTWTXMXFx6_z1oA/pubhtml/sheet?headers=false&gid=1889096511&range=A1%3Ah100
naomi,season one,https://tvseriesfinale.com/tv-show/naomi-season-one-ratings/,https://docs.google.com/spreadsheets/d/1MiOE1bCf6lKNJCpNpvXIAZYYbPo5_BfTqqGbsG9ENo8/pubhtml/sheet?headers=false&gid=1129354228&range=A1%3Ah100
nashville,season five,https://tvseriesfinale.com/tv-show/nashville-season-five-ratings/,https://docs.google.com/spreadsheets/d/1DuzmjDYb1crm9EulmjPiKMaX-ZLFCcda_NPAWX07BcU/pubhtml/sheet?headers=false&gid=1122165128&range=A1%3Ag100
nashville,season six,https://tvseriesfinale.com/tv-show/nashville-season-six-ratings/,https://docs.google.com/spreadsheets/d/1DuzmjDYb1crm9EulmjPiKMaX-ZLFCcda_NPAWX07BcU/pubhtml/sheet?headers=false&gid=626260723&range=A1%3Ag100
ncis,season 15,https://tvseriesfinale.com/tv-show/ncis-season-15-ratings/,https://docs.google.com/spreadsheets/d/e/2PACX-1vT3vh7mmYQQq1m3g7KQMsmlr1cEvnVRX6aVWRwp6JU7F2hy06mf_irW7uwbTdww_G47LBmS64qNTLkG/pubhtml/sheet?headers=false&gid=1819217181&range=A1%3Ah100
ncis,season 16,https://tvseriesfinale.com/tv-show/ncis-season-16-ratings/,https://docs.google.com/spreadsheets/d/1qlYGtdgF6N3UIJArkhteiD8B0zo8akewHTR0Jd_ceOE/pubhtml/sheet?headers=false&gid=1819217181&range=A1%3Ah100
ncis,season 17,https://tvseriesfinale.com/tv-show/ncis-season-17-ratings/,https://docs.google.com/spreadsheets/d/e/2PACX-1vT0r9Z1zIFp1HCpQK8PJDq8yeZzWrPf8e5BhFbpOvRROSxNyF6FMc5WC4jKRtnUWwnK66Gam6BNkEHI/pubhtml/sheet?headers=false&gid=1139332551&range=A1%3Ah100
ncis,season 18,https://tvseriesfinale.com/tv-show/ncis-season-18-ratings/,https://docs.google.com/spreadsheets/d/1dBByBwNRkBxn64JkURCCBbkdekn50VAxa3AfH7pZK04/pubhtml/sheet?headers=false&gid=1307574468&range=A1%3Ah100
ncis,season 19,https://tvseriesfinale.com/tv-show/ncis-season-19-ratings/,https://docs.google.com/spreadsheets/d/1gPmjJd_L8Sp9Vp5qI5sfS69ztHiav5B4fFPrTOSmVMs/pubhtml/sheet?headers=false&gid=1049504924&range=A1%3Ah100
ncis,season 20,https://tvseriesfinale.com/tv-show/ncis-season-20-ratings/,https://docs.google.com/spreadsheets/d/1_sakYamJH4LVbbDwVcQ-b6tvhOWWTnOVbh4nIqrMlVM/pubhtml/sheet?headers=false&gid=2124798348&range=A1%3Ah100
ncis,season 21,https://tvseriesfinale.com/tv-show/ncis-season-21-ratings/,https://docs.google.com/spreadsheets/d/1Ii2QZoWwUROqd4TnVe05t4fNPdqfeER4kQIpqwyDIs4/pubhtml/sheet?headers=false&gid=1658030971&range=A1%3Ah100
ncis hawaii,season one,https://tvseriesfinale.com/tv-show/ncis-hawaii-season-one-ratings/,https://docs.google.com/spreadsheets/d/1gPmjJd_L8Sp9Vp5qI5sfS69ztHiav5B4fFPrTOSmVMs/pubhtml/sheet?headers=false&gid=2019728447&range=A1%3Ah100
ncis hawaii,season two,https://tvseriesfinale.com/tv-show/ncis-hawaii-season-two-ratings/,https://docs.google.com/spreadsheets/d/1_sakYamJH4LVbbDwVcQ-b6tvhOWWTnOVbh4nIqrMlVM/pubhtml/sheet?headers=false&gid=1203880001&range=A1%3Ah100
ncis hawaii,season three,https://tvseriesfinale.com/tv-show/ncis-hawaii-season-three-ratings/,https://docs.google.com/spreadsheets/d/1Ii2QZoWwUROqd4TnVe05t4fNPdqfeER4kQIpqwyDIs4/pubhtml/sheet?headers=false&gid=2068169932&range=A1%3Ah100
ncis los angeles,season nine,https://tvseriesfinale.com/tv-show/ncis-los-angeles-season-nine-ratings/,https://docs.google.com/spreadsheets/d/e/2PACX-1vT3vh7mmYQQq1m3g7KQMsmlr1cEvnVRX6aVWRwp6JU7F2hy06mf_irW7uwbTdww_G47LBmS64qNTLkG/pubhtml/sheet?headers=false&gid=734144408&range=A1%3Ah100
ncis los angeles,season 10,https://tvseriesfinale.com/tv-show/ncis-los-angeles-season-10-ratings/,https://docs.google.com/spreadsheets/d/1qlYGtdgF6N3UIJArkhteiD8B0zo8akewHTR0Jd_ceOE/pubhtml/sheet?headers=false&gid=734144408&range=A1%3Ah100
ncis los angeles,season 11,https://tvseriesfinale.com/tv-show/ncis-los-angeles-season-11-ratings/,https://docs.google.com/spreadsheets/d/e/2PACX-1vT0r9Z1zIFp1HCpQK8PJDq8yeZzWrPf8e5BhFbpOvRROSxNyF6FMc5WC4jKRtnUWwnK66Gam6BNkEHI/pubhtml/sheet?headers=false&gid=475952475&range=A1%3Ah100
ncis los angeles,season 12,https://tvseriesfinale.com/tv-show/ncis-los-angeles-season-12-ratings/,https://docs.google.com/spreadsheets/d/1dBByBwNRkBxn64JkURCCBbkdekn50VAxa3AfH7pZK04/pubhtml/sheet?headers=false&gid=2051487625&range=A1%3Ah100
ncis los angeles,season 13,https://tvseriesfinale.com/tv-show/ncis-los-angeles-season-13-ratings/,https://docs.google.com/spreadsheets/d/1gPmjJd_L8Sp9Vp5qI5sfS69ztHiav5B4fFPrTOSmVMs/pubhtml/sheet?headers=false&gid=1135661764&range=A1%3Ah100
ncis los angeles,season 14,https://tvseriesfinale.com/tv-show/ncis-los-angeles-season-14-ratings/,https://docs.google.com/spreadsheets/d/1_sakYamJH4LVbbDwVcQ-b6tvhOWWTnOVbh4nIqrMlVM/pubhtml/sheet?headers=false&gid=272625764&range=A1%3Ah100
ncis new orleans,season four,https://tvseriesfinale.com/tv-show/ncis-new-orleans-season-four-ratings/,https://docs.google.com/spreadsheets/d/e/2PACX-1vT3vh7mmYQQq1m3g7KQMsmlr1cEvnVRX6aVWRwp6JU7F2hy06mf_irW7uwbTdww_G47LBmS64qNTLkG/pubhtml/sheet?headers=false&gid=2042247089&range=A1%3Ah100
ncis new orleans,season five,https://tvseriesfinale.com/tv-show/ncis-new-orleans-season-five-ratings/,https://docs.google.com/spreadsheets/d/1qlYGtdgF6N3UIJArkhteiD8B0zo8akewHTR0Jd_ceOE/pubhtml/sheet?headers=false&gid=2042247089&range=A1%3Ah100
ncis new orleans,season six,https://tvseriesfinale.com/tv-show/ncis-new-orleans-season-six-ratings/,https://docs.google.com/spreadsheets/d/e/2PACX-1vT0r9Z1zIFp1HCpQK8PJDq8yeZzWrPf8e5BhFbpOvRROSxNyF6FMc5WC4jKRtnUWwnK66Gam6BNkEHI/pubhtml/sheet?headers=false&gid=618268893&range=A1%3Ah100
ncis new orleans,season seven,https://tvseriesfinale.com/tv-show/ncis-new-orleans-season-seven-ratings/,https://docs.google.com/spreadsheets/d/1dBByBwNRkBxn64JkURCCBbkdekn50VAxa3AfH7pZK04/pubhtml/sheet?headers=false&gid=773184149&range=A1%3Ah100
ncis sydney,season one,https://tvseriesfinale.com/tv-show/ncis-sydney-season-one-ratings/,https://docs.google.com/spreadsheets/d/1Ii2QZoWwUROqd4TnVe05t4fNPdqfeER4kQIpqwyDIs4/pubhtml/sheet?headers=false&gid=1270864123&range=A1%3Ah100
ncis the cases they cant forget,season three,https://tvseriesfinale.com/tv-show/ncis-the-cases-they-cant-forget-season-three-ratings/,https://docs.google.com/spreadsheets/d/1qlYGtdgF6N3UIJArkhteiD8B0zo8akewHTR0Jd_ceOE/pubhtml/sheet?headers=false&gid=1672252286&range=A1%3Ah100
the neighborhood,season one,https://tvseriesfinale.com/tv-show/the-neighborhood-season-one-ratings/,https://docs.google.com/spreadsheets/d/1qlYGtdgF6N3UIJArkhteiD8B0zo8akewHTR0Jd_ceOE/pubhtml/sheet?headers=false&gid=285622692&range=A1%3Ah100
the neighborhood,season two,https://tvseriesfinale.com/tv-show/the-neighborhood-season-two-ratings/,https://docs.google.com/spreadsheets/d/e/2PACX-1vT0r9Z1zIFp1HCpQK8PJDq8yeZzWrPf8e5BhFbpOvRROSxNyF6FMc5WC4jKRtnUWwnK66Gam6BNkEHI/pubhtml/sheet?headers=false&gid=736608104&range=A1%3Ah100
the neighborhood,season three,https://tvseriesfinale.com/tv-show/the-neighborhood-season-three-ratings/,https://docs.google.com/spreadsheets/d/1dBByBwNRkBxn64JkURCCBbkdekn50VAxa3AfH7pZK04/pubhtml/sheet?headers=false&gid=1736320691&range=A1%3Ah100
the neighborhood,season four,https://tvseriesfinale.com/tv-show/the-neighborhood-season-four-ratings/,https://docs.google.com/spreadsheets/d/1gPmjJd_L8Sp9Vp5qI5sfS69ztHiav5B4fFPrTOSmVMs/pubhtml/sheet?headers=false&gid=1709788278&range=A1%3Ah100
the neighborhood,season five,https://tvseriesfinale.com/tv-show/the-neighborhood-season-five-ratings/,https://docs.google.com/spreadsheets/d/1_sakYamJH4LVbbDwVcQ-b6tvhOWWTnOVbh4nIqrMlVM/pubhtml/sheet?headers=false&gid=392075273&range=A1%3Ah100
the neighborhood,season six,https://tvseriesfinale.com/tv-show/the-neighborhood-season-six-ratings/,https://docs.google.com/spreadsheets/d/1Ii2QZoWwUROqd4TnVe05t4fNPdqfeER4kQIpqwyDIs4/pubhtml/sheet?headers=false&gid=1763968788&range=A1%3Ah100
the nevers,season one,https://tvseriesfinale.com/tv-show/the-nevers-season-one-ratings/,https://docs.google.com/spreadsheets/d/1QU8U82xgr8GURmJc3eR0Y4w7ppxwfNsp6dhPnzcs4bw/pubhtml/sheet?headers=false&gid=180974978&range=A1%3AG19&output=html&rm=minimal
new amsterdam nbc tv show,season one,https://tvseriesfinale.com/tv-show/new-amsterdam-nbc-tv-show-season-one-ratings/,https://docs.google.com/spreadsheets/d/1xFhCp0TeNw3qt7L-sjT6GVG1Fq3rxa3v6tGV_EhW0Bc/pubhtml/sheet?headers=false&gid=1601657614&range=A1%3Ah100
new amsterdam,season two,https://tvseriesfinale.com/tv-show/new-amsterdam-season-two-ratings/,https://docs.google.com/spreadsheets/d/e/2PACX-1vRtVj2UE-OnOA12xp1fNuzjlRH3leED-mA5SsVYu5siarlfm8OVy5EHBpyoUlI9ICBIQzZ2hnLviUro/pubhtml/sheet?headers=false&gid=734682425&range=A1%3Ah100
new amsterdam,season three,https://tvseriesfinale.com/tv-show/new-amsterdam-season-three-ratings/,https://docs.google.com/spreadsheets/d/10un34Z5y-n7KeT3gb_7cpWX7fhoO90wr1mlus7eRKcs/pubhtml/sheet?headers=false&gid=2144735841&range=A1%3Ah100
new amsterdam,season four,https://tvseriesfinale.com/tv-show/new-amsterdam-season-four-ratings/,https://docs.google.com/spreadsheets/d/1HyhsoErv-gaQ6jE5tzO_Ax6r5ouKVGm3nNLcv74jPYY/pubhtml/sheet?headers=false&gid=1705372094&range=A1%3Ah100
new amsterdam,season five,https://tvseriesfinale.com/tv-show/new-amsterdam-season-five-ratings/,https://docs.google.com/spreadsheets/d/1ma3sMDxK-aUwyuz2kB8gMyf1goAcW9mqosbWSlLHEcg/pubhtml/sheet?headers=false&gid=80979929&range=A1%3Ah100
new girl,season seven,https://tvseriesfinale.com/tv-show/new-girl-season-seven-ratings/,https://docs.google.com/spreadsheets/d/1ftMGnLJFFncsXKJ6saeTkxhdfa23cittfFA2Z2rVogM/pubhtml/sheet?headers=false&gid=309004775&range=A1%3Ah100
the new pope,season one,https://tvseriesfinale.com/tv-show/the-new-pope-season-one-ratings/,https://docs.google.com/spreadsheets/d/1QU8U82xgr8GURmJc3eR0Y4w7ppxwfNsp6dhPnzcs4bw/pubhtml/sheet?headers=false&gid=224955608&range=A1%3AG19&output=html&rm=minimal
next,season one,https://tvseriesfinale.com/tv-show/next-season-one-ratings/,https://docs.google.com/spreadsheets/d/1um1vJjK_QbewPMm0sO1CczrrgO2FDmtjdN74LteZN7g/pubhtml/sheet?headers=false&gid=72598271&range=A1%3Ah100
next level chef,season one,https://tvseriesfinale.com/tv-show/next-level-chef-season-one-ratings/,https://docs.google.com/spreadsheets/d/1PlugKIBMoFJpsdg8AZIYiS56GA8u5BxmNnpQ5v0wx1Q/pubhtml/sheet?headers=false&gid=777936624&range=A1%3Ah100
next level chef,season two,https://tvseriesfinale.com/tv-show/next-level-chef-season-two-ratings/,https://docs.google.com/spreadsheets/d/1bCcF_doylXV5Q45d8vITOJBvhw6a3YcB2aJApWPLCGw/pubhtml/sheet?headers=false&gid=1854460908&range=A1%3Ah100
next level chef,season three,https://tvseriesfinale.com/tv-show/next-level-chef-season-three-ratings/,https://docs.google.com/spreadsheets/d/1gho_2zWLswUjY_ZpmoiMhFa0JCIIjFpOuxah5J-ltYk/pubhtml/sheet?headers=false&gid=1299636179&range=A1%3Ah100
nightflyers,season one,https://tvseriesfinale.com/tv-show/nightflyers-season-one-ratings/,https://docs.google.com/spreadsheets/d/14IMssfgFsz8f3V5fAqkrt1xG_NUPQHNq4zimlz87N_c/pubhtml/sheet?headers=false&gid=1369699043&range=A1%3AG30
night court,season one,https://tvseriesfinale.com/tv-show/night-court-season-one-ratings/,https://docs.google.com/spreadsheets/d/1ma3sMDxK-aUwyuz2kB8gMyf1goAcW9mqosbWSlLHEcg/pubhtml/sheet?headers=false&gid=1894753879&range=A1%3Ah100
night court,season two,https://tvseriesfinale.com/tv-show/night-court-season-two-ratings/,https://docs.google.com/spreadsheets/d/1ulFHD6XOdDbGfOjxn7oY7g5VbYqBaQ4f5x74oABSSnE/pubhtml/sheet?headers=false&gid=2107014313&range=A1%3Ah100
night shift,season three,https://tvseriesfinale.com/tv-show/night-shift-season-three-ratings/,https://docs.google.com/spreadsheets/d/1J8LXe5uGaBhN98fWSo0EmRx1EwlGvcy06iygCcgxR9w/pubhtml/sheet?headers=false&gid=903098891&range=A1%3Ah30
night shift,season four,https://tvseriesfinale.com/tv-show/night-shift-season-four-ratings/,https://docs.google.com/spreadsheets/d/1EJ3FkRtr5NpRjuRFfdwm30sttYn4sLEgjJ8Wcl6XObU/pubhtml/sheet?headers=false&gid=853352210&range=A1%3Ah100
nobodies,season one,https://tvseriesfinale.com/tv-show/nobodies-season-one-ratings/,https://docs.google.com/spreadsheets/d/1mQtBuv7iPYxsvMC1wyg_07GsPBhpqtQCcbtmvCcwMUY/pubhtml/sheet?headers=false&gid=404898737&range=A1%3AG40&output=html&rm=minimal
nobodies,season two,https://tvseriesfinale.com/tv-show/nobodies-season-two-ratings/,https://docs.google.com/spreadsheets/d/1TVuPPYWjLX0S3WrKO5AogtfcZ95_B1EHvknn6U1utU8/pubhtml/sheet?headers=false&gid=1768879251&range=A1%3AG46
nos4a2,season one,https://tvseriesfinale.com/tv-show/nos4a2-season-one-ratings/,https://docs.google.com/spreadsheets/d/13J-oeB6b8gpR4AGlw7PZS-4FvjvPKN5_0JFfGwsDXG4/pubhtml/sheet?headers=false&gid=1128327238&range=A1%3AG23&output=html&rm=minimal
nos4a2,season two,https://tvseriesfinale.com/tv-show/nos4a2-season-two-ratings/,https://docs.google.com/spreadsheets/d/13J-oeB6b8gpR4AGlw7PZS-4FvjvPKN5_0JFfGwsDXG4/pubhtml/sheet?headers=false&gid=1831952826&range=A1%3AG23&output=html&rm=minimal
not dead yet,season one,https://tvseriesfinale.com/tv-show/not-dead-yet-season-one-ratings/,https://docs.google.com/spreadsheets/d/1yWN1t7MlPk9jroVeTgGH5-U5sp5XVcZJclGsrnyl5bI/pubhtml/sheet?headers=false&gid=1300563242&range=A1%3Ah100
not dead yet,season two,https://tvseriesfinale.com/tv-show/not-dead-yet-season-two-ratings/,https://docs.google.com/spreadsheets/d/15KTevMXvt9KrUmg0EAioSoNjNmhfRebf0-72WnZYlK8/pubhtml/sheet?headers=false&gid=1562649863&range=A1%3Ah100
notorious,season one,https://tvseriesfinale.com/tv-show/notorious-season-one-ratings/,https://docs.google.com/spreadsheets/d/1ToHTY-SGH1wLEo31kKz9TOE5PsdpBE20kqtr1BhJBVA/pubhtml/sheet?headers=false&gid=110022279&range=A1%3Ah100
now apocalypse,season one,https://tvseriesfinale.com/tv-show/now-apocalypse-season-one-ratings/,https://docs.google.com/spreadsheets/d/1-xha-SEcC1L6_KlAxjxMArlpX2A8XY1grDeo58d922E/pubhtml/sheet?headers=false&gid=2065314871&range=A1%3AG100&output=html&rm=minimal
nurses,season one,https://tvseriesfinale.com/tv-show/nurses-season-one-ratings/,https://docs.google.com/spreadsheets/d/10un34Z5y-n7KeT3gb_7cpWX7fhoO90wr1mlus7eRKcs/pubhtml/sheet?headers=false&gid=684777866&range=A1%3Ah100
odd mom out,season three,https://tvseriesfinale.com/tv-show/odd-mom-out-season-three-ratings/,https://docs.google.com/spreadsheets/d/1XBCYT-u31c69trttWV3sbTeSjUbRphF_ib6t8kMoioE/pubhtml/sheet?headers=false&gid=114213898&range=A1%3AH52&output=html&rm=minimal
the office,season nine,https://tvseriesfinale.com/tv-show/the-office-season-nine-ratings/,
on becoming a god in central florida,season one,https://tvseriesfinale.com/tv-show/on-becoming-a-god-in-central-florida-season-one-ratings/,https://docs.google.com/spreadsheets/d/13_jTGvVcJocGGMZhhC2fdGIsx1znj_LvslHru7vALRA/pubhtml/sheet?headers=false&gid=268104273&range=A1%3AG20
upon time,season six,https://tvseriesfinale.com/tv-show/upon-time-season-six-ratings/,https://docs.google.com/spreadsheets/d/1ToHTY-SGH1wLEo31kKz9TOE5PsdpBE20kqtr1BhJBVA/pubhtml/sheet?headers=false&gid=919407837&range=A1%3Ah70
once upon a time,season seven,https://tvseriesfinale.com/tv-show/once-upon-a-time-season-seven-ratings/,https://docs.google.com/spreadsheets/d/e/2PACX-1vTlE5lTHpAmKbEOIFMoMB5xW95pIvYxFgcblbWzKL4ZDLRBAVL3Bt3WtXzA65dzsHZXuOrwhIXlQOfq/pubhtml/sheet?headers=false&gid=1597030059&range=A1%3Ah100
one day at a time,season four,https://tvseriesfinale.com/tv-show/one-day-at-a-time-season-four-ratings/,https://docs.google.com/spreadsheets/d/1dBByBwNRkBxn64JkURCCBbkdekn50VAxa3AfH7pZK04/pubhtml/sheet?headers=false&gid=37748378&range=A1%3Ah100
ordinary joe,season one,https://tvseriesfinale.com/tv-show/ordinary-joe-season-one-ratings/,https://docs.google.com/spreadsheets/d/1HyhsoErv-gaQ6jE5tzO_Ax6r5ouKVGm3nNLcv74jPYY/pubhtml/sheet?headers=false&gid=611789414&range=A1%3Ah100
originals,season four,https://tvseriesfinale.com/tv-show/originals-season-four-ratings/,https://docs.google.com/spreadsheets/d/1i4IfQufJnv28LwfJWIz_Ea0E8u3f4vhTmL4pZz3620Q/pubhtml/sheet?headers=false&gid=1554900688&range=A1%3AH40
originals,season five,https://tvseriesfinale.com/tv-show/originals-season-five-ratings/,https://docs.google.com/spreadsheets/d/e/2PACX-1vR_SBz9FDKyY15XKRCf_Vpm1tJXCnrieAa2957aRG1B9OPPcaQGfv4n1m4kjsCVCZGH29aYvTeDUaiS/pubhtml/sheet?headers=false&gid=955000820&range=A1%3AH40
orphan black,season five,https://tvseriesfinale.com/tv-show/orphan-black-season-five-ratings/,https://docs.google.com/spreadsheets/d/12Y2A7RlLipHwsIgde0ZUyYovmiuAwtmeK2zcJD-vJh8/pubhtml/sheet?headers=false&gid=1239129171&range=A1%3AG19&output=html&rm=minimal
the orville,season one,https://tvseriesfinale.com/tv-show/the-orville-season-one-ratings/,https://docs.google.com/spreadsheets/d/1ftMGnLJFFncsXKJ6saeTkxhdfa23cittfFA2Z2rVogM/pubhtml/sheet?headers=false&gid=1866588898&range=A1%3Ah100
the orville,season two,https://tvseriesfinale.com/tv-show/the-orville-season-two-ratings/,https://docs.google.com/spreadsheets/d/1n4PyBtJrphtdfhiPq884nmoV8wIMKHVrgbvYhJ-DV80/pubhtml/sheet?headers=false&gid=2016450249&range=A1%3Ah100
the other two,season one,https://tvseriesfinale.com/tv-show/the-other-two-season-one-ratings/,https://docs.google.com/spreadsheets/d/1TlUrr7x4sodWNr-S-N8Z1uB3bHn0ftZMVjZJpLyeme8/pubhtml/sheet?headers=false&gid=1802185525&range=A1%3AG97&output=html&rm=minimal
our cartoon president,season one,https://tvseriesfinale.com/tv-show/our-cartoon-president-season-one-ratings/,https://docs.google.com/spreadsheets/d/13_jTGvVcJocGGMZhhC2fdGIsx1znj_LvslHru7vALRA/pubhtml/sheet?headers=false&gid=1491493344&range=A1%3AG100
our cartoon president,season two,https://tvseriesfinale.com/tv-show/our-cartoon-president-season-two-ratings/,https://docs.google.com/spreadsheets/d/13_jTGvVcJocGGMZhhC2fdGIsx1znj_LvslHru7vALRA/pubhtml/sheet?headers=false&gid=824209843&range=A1%3AG100
our cartoon president,season three,https://tvseriesfinale.com/tv-show/our-cartoon-president-season-three-ratings/,https://docs.google.com/spreadsheets/d/13_jTGvVcJocGGMZhhC2fdGIsx1znj_LvslHru7vALRA/pubhtml/sheet?headers=false&gid=1761403741&range=A1%3AG100
our kind of people,season one,https://tvseriesfinale.com/tv-show/our-kind-of-people-season-one-ratings/,https://docs.google.com/spreadsheets/d/1PlugKIBMoFJpsdg8AZIYiS56GA8u5BxmNnpQ5v0wx1Q/pubhtml/sheet?headers=false&gid=1498436594&range=A1%3Ah100
outcast,season two,https://tvseriesfinale.com/tv-show/outcast-season-two-ratings/,"https://docs.google.com/spreadsheets/d/1cg4Jg0ic8YiLthke5JlF8Fobzk-6LAGkBt9SDz2q9D8/pubhtml/sheet?headers=false&gid=957540833&range=A1%3AG46&output=html&rm=minimal"""
outlander,season two,https://tvseriesfinale.com/tv-show/outlander-season-two-ratings/,https://docs.google.com/spreadsheets/d/1-xha-SEcC1L6_KlAxjxMArlpX2A8XY1grDeo58d922E/pubhtml/sheet?headers=false&gid=1979196942&range=A1%3AG19&output=html&rm=minimal
outlander,season three,https://tvseriesfinale.com/tv-show/outlander-season-three-ratings/,https://docs.google.com/spreadsheets/d/1-xha-SEcC1L6_KlAxjxMArlpX2A8XY1grDeo58d922E/pubhtml/sheet?headers=false&gid=1462560002&range=A1%3AG100&output=html&rm=minimal
outlander,season four,https://tvseriesfinale.com/tv-show/outlander-season-four-ratings/,https://docs.google.com/spreadsheets/d/1-xha-SEcC1L6_KlAxjxMArlpX2A8XY1grDeo58d922E/pubhtml/sheet?headers=false&gid=1008201344&range=A1%3AG100&output=html&rm=minimal
outlander,season five,https://tvseriesfinale.com/tv-show/outlander-season-five-ratings/,https://docs.google.com/spreadsheets/d/1-xha-SEcC1L6_KlAxjxMArlpX2A8XY1grDeo58d922E/pubhtml/sheet?headers=false&gid=253898897&range=A1%3AG100&output=html&rm=minimal
outlander,season six,https://tvseriesfinale.com/tv-show/outlander-season-six-ratings/,https://docs.google.com/spreadsheets/d/1-xha-SEcC1L6_KlAxjxMArlpX2A8XY1grDeo58d922E/pubhtml/sheet?headers=false&gid=1440340455&range=A1%3AG100&output=html&rm=minimal
outmatched,season one,https://tvseriesfinale.com/tv-show/outmatched-season-one-ratings/,https://docs.google.com/spreadsheets/d/e/2PACX-1vRmoC8hQFbZMNtUzmwwjsO_0gIf7KnWMgEOC-2a4Bh_rCX1LCdAm6b-BWNfoIlttnPf2iy_4KQj0eFo/pubhtml/sheet?headers=false&gid=141719048&range=A1%3Ah100
outpost,season one,https://tvseriesfinale.com/tv-show/outpost-season-one-ratings/,https://docs.google.com/spreadsheets/d/e/2PACX-1vR_SBz9FDKyY15XKRCf_Vpm1tJXCnrieAa2957aRG1B9OPPcaQGfv4n1m4kjsCVCZGH29aYvTeDUaiS/pubhtml/sheet?headers=false&gid=1624437273&range=A1%3AH40
outpost,season two,https://tvseriesfinale.com/tv-show/outpost-season-two-ratings/,https://docs.google.com/spreadsheets/d/1T-eDbU4WnVnGczaTUc9X91683hE7PYpTtpap48tpnu0/pubhtml/sheet?headers=false&gid=1287386483&range=A1%3Ah100
the outpost,season three,https://tvseriesfinale.com/tv-show/the-outpost-season-three-ratings/,https://docs.google.com/spreadsheets/d/1UtKbmbo-TrCU00937XlBHCPgAR5Wx5fyu7YHrmiDjZQ/pubhtml/sheet?headers=false&gid=1905769280&range=A1%3Ah100
the outsider,season one,https://tvseriesfinale.com/tv-show/the-outsider-season-one-ratings/,https://docs.google.com/spreadsheets/d/1QU8U82xgr8GURmJc3eR0Y4w7ppxwfNsp6dhPnzcs4bw/pubhtml/sheet?headers=false&gid=457821460&range=A1%3AG19&output=html&rm=minimal
outsiders,season two,https://tvseriesfinale.com/tv-show/outsiders-season-two-ratings/,https://docs.google.com/spreadsheets/d/129eqLCyiVuDQ8IavabLOV1GoGpbN9__mBkc87QNSLfk/pubhtml/sheet?headers=false&gid=1938318853&range=A1%3AG97&output=html&rm=minimal
p valley,season one,https://tvseriesfinale.com/tv-show/p-valley-season-one-ratings/,https://docs.google.com/spreadsheets/d/1-xha-SEcC1L6_KlAxjxMArlpX2A8XY1grDeo58d922E/pubhtml/sheet?headers=false&gid=1547847888&range=A1%3AG100&output=html&rm=minimal
p valley,season two,https://tvseriesfinale.com/tv-show/p-valley-season-two-ratings/,https://docs.google.com/spreadsheets/d/1-xha-SEcC1L6_KlAxjxMArlpX2A8XY1grDeo58d922E/pubhtml/sheet?headers=false&gid=45755392&range=A1%3AG100&output=html&rm=minimal
pandora,season one,https://tvseriesfinale.com/tv-show/pandora-season-one-ratings/,https://docs.google.com/spreadsheets/d/1T-eDbU4WnVnGczaTUc9X91683hE7PYpTtpap48tpnu0/pubhtml/sheet?headers=false&gid=643906052&range=A1%3Ah100
pandora,season two,https://tvseriesfinale.com/tv-show/pandora-season-two-ratings/,https://docs.google.com/spreadsheets/d/1UtKbmbo-TrCU00937XlBHCPgAR5Wx5fyu7YHrmiDjZQ/pubhtml/sheet?headers=false&gid=1644980987&range=A1%3Ah100
paradise hotel,season one,https://tvseriesfinale.com/tv-show/paradise-hotel-season-one-ratings/,https://docs.google.com/spreadsheets/d/1n4PyBtJrphtdfhiPq884nmoV8wIMKHVrgbvYhJ-DV80/pubhtml/sheet?headers=false&gid=1312009581&range=A1%3Ah100
the parent test,season one,https://tvseriesfinale.com/tv-show/the-parent-test-season-one-ratings/,https://docs.google.com/spreadsheets/d/1yWN1t7MlPk9jroVeTgGH5-U5sp5XVcZJclGsrnyl5bI/pubhtml/sheet?headers=false&gid=522074266&range=A1%3Ah100
parish,season one,https://tvseriesfinale.com/tv-show/parish-season-one-ratings/,https://docs.google.com/spreadsheets/d/13J-oeB6b8gpR4AGlw7PZS-4FvjvPKN5_0JFfGwsDXG4/pubhtml/sheet?headers=false&gid=1810040504&range=A1%3AG23&output=html&rm=minimal
party of five,season one,https://tvseriesfinale.com/tv-show/party-of-five-season-one-ratings/,https://docs.google.com/spreadsheets/d/1cnttQo1fIxTypKG3x19Ax0Zh4Pn8dtfzDfO4lVWsi6Y/pubhtml/sheet?headers=false&gid=1020902340&range=A1:G120
the passage,season one,https://tvseriesfinale.com/tv-show/the-passage-season-one-ratings/,https://docs.google.com/spreadsheets/d/1n4PyBtJrphtdfhiPq884nmoV8wIMKHVrgbvYhJ-DV80/pubhtml/sheet?headers=false&gid=1177069028&range=A1%3Ah100
password 2022,season one,https://tvseriesfinale.com/tv-show/password-2022-season-one-ratings/,https://docs.google.com/spreadsheets/d/1HyhsoErv-gaQ6jE5tzO_Ax6r5ouKVGm3nNLcv74jPYY/pubhtml/sheet?headers=false&gid=1861916153&range=A1%3Ah100
password,season two,https://tvseriesfinale.com/tv-show/password-season-two-ratings/,https://docs.google.com/spreadsheets/d/1ulFHD6XOdDbGfOjxn7oY7g5VbYqBaQ4f5x74oABSSnE/pubhtml/sheet?headers=false&gid=1172761315&range=A1%3Ah100
patti stanger the matchmaker,season one,https://tvseriesfinale.com/tv-show/patti-stanger-the-matchmaker-season-one-ratings/,https://docs.google.com/spreadsheets/d/1VOF9EearmNFEo8w6vHiQipNNQVkvI529Yr3CG1qfSnQ/pubhtml/sheet?headers=false&gid=1920992724&range=A1%3Ah100
paynes,season one,https://tvseriesfinale.com/tv-show/paynes-season-one-ratings/,https://docs.google.com/spreadsheets/d/1Ew4e9wBK4P_eX68Vqc7EDEwaUJZDWr7OTJyGvD8Y5Jc/pubhtml/sheet?headers=false&gid=440236229&range=A1%3AH52&output=html&rm=minimal
pearson,season one,https://tvseriesfinale.com/tv-show/pearson-season-one-ratings/,https://docs.google.com/spreadsheets/d/16ijMnEb6P7NAqfPf35N_MyL5ueoHOV2HD01zJ1iXjDI/pubhtml/sheet?headers=false&gid=997480457&range=A1:G120
penn teller fool us,season four,https://tvseriesfinale.com/tv-show/penn-teller-fool-us-season-four-ratings/,https://docs.google.com/spreadsheets/d/1i4IfQufJnv28LwfJWIz_Ea0E8u3f4vhTmL4pZz3620Q/pubhtml/sheet?headers=false&gid=568493898&range=A1%3AH100
penn teller fool us,season five,https://tvseriesfinale.com/tv-show/penn-teller-fool-us-season-five-ratings/,https://docs.google.com/spreadsheets/d/e/2PACX-1vR_SBz9FDKyY15XKRCf_Vpm1tJXCnrieAa2957aRG1B9OPPcaQGfv4n1m4kjsCVCZGH29aYvTeDUaiS/pubhtml/sheet?headers=false&gid=1884816319&range=A1%3AH40
penn teller fool us,season six,https://tvseriesfinale.com/tv-show/penn-teller-fool-us-season-six-ratings/,https://docs.google.com/spreadsheets/d/1T-eDbU4WnVnGczaTUc9X91683hE7PYpTtpap48tpnu0/pubhtml/sheet?headers=false&gid=1234789393&range=A1%3Ah100
penn teller fool us,season seven,https://tvseriesfinale.com/tv-show/penn-teller-fool-us-season-seven-ratings/,https://docs.google.com/spreadsheets/d/e/2PACX-1vTaD6uAv0rMyqOLpklP9QmMHlz3gUaKkf5kYVM3nDXbIBys2LKIkvfed1zv-22RJpYtZtcw1rvPd5ws/pubhtml/sheet?headers=false&gid=1682710206&range=A1%3Ah100
penn teller fool us,season eight,https://tvseriesfinale.com/tv-show/penn-teller-fool-us-season-eight-ratings/,https://docs.google.com/spreadsheets/d/1MiOE1bCf6lKNJCpNpvXIAZYYbPo5_BfTqqGbsG9ENo8/pubhtml/sheet?headers=false&gid=1682710206&range=A1%3Ah100
penn teller fool us,season nine,https://tvseriesfinale.com/tv-show/penn-teller-fool-us-season-nine-ratings/,https://docs.google.com/spreadsheets/d/1qwTMXm7xEOvj2UJCK2EP9eCl3-calTWTXMXFx6_z1oA/pubhtml/sheet?headers=false&gid=111201522&range=A1%3Ah100
penn teller fool us,season 10,https://tvseriesfinale.com/tv-show/penn-teller-fool-us-season-10-ratings/,https://docs.google.com/spreadsheets/d/1VOF9EearmNFEo8w6vHiQipNNQVkvI529Yr3CG1qfSnQ/pubhtml/sheet?headers=false&gid=1160166164&range=A1%3Ah100
penny dreadful city of angels,season one,https://tvseriesfinale.com/tv-show/penny-dreadful-city-of-angels-season-one-ratings/,https://docs.google.com/spreadsheets/d/13_jTGvVcJocGGMZhhC2fdGIsx1znj_LvslHru7vALRA/pubhtml/sheet?headers=false&gid=761966602&range=A1%3AG100
people icons,season one,https://tvseriesfinale.com/tv-show/people-icons-season-one-ratings/,https://docs.google.com/spreadsheets/d/1ToHTY-SGH1wLEo31kKz9TOE5PsdpBE20kqtr1BhJBVA/pubhtml/sheet?headers=false&gid=450904881&range=A1%3Ah100
people of earth,season two,https://tvseriesfinale.com/tv-show/people-of-earth-season-two-ratings/,https://docs.google.com/spreadsheets/d/1eh7nTgIxbi8a9fuPk03eCgyj472TxoA3NMIrNcySQb8/pubhtml/sheet?headers=false&gid=371098875&range=A1%3AG100
perfect harmony,season one,https://tvseriesfinale.com/tv-show/perfect-harmony-season-one-ratings/,https://docs.google.com/spreadsheets/d/e/2PACX-1vRtVj2UE-OnOA12xp1fNuzjlRH3leED-mA5SsVYu5siarlfm8OVy5EHBpyoUlI9ICBIQzZ2hnLviUro/pubhtml/sheet?headers=false&gid=558081035&range=A1%3Ah100
perry mason,season one,https://tvseriesfinale.com/tv-show/perry-mason-season-one-ratings/,https://docs.google.com/spreadsheets/d/1QU8U82xgr8GURmJc3eR0Y4w7ppxwfNsp6dhPnzcs4bw/pubhtml/sheet?headers=false&gid=2007478233&range=A1%3AG19&output=html&rm=minimal
perry mason,season two,https://tvseriesfinale.com/tv-show/perry-mason-season-two-ratings/,https://docs.google.com/spreadsheets/d/1QU8U82xgr8GURmJc3eR0Y4w7ppxwfNsp6dhPnzcs4bw/pubhtml/sheet?headers=false&gid=1268790441&range=A1%3AG19&output=html&rm=minimal
phenoms,season one,https://tvseriesfinale.com/tv-show/phenoms-season-one-ratings/,https://docs.google.com/spreadsheets/d/1ftMGnLJFFncsXKJ6saeTkxhdfa23cittfFA2Z2rVogM/pubhtml/sheet?headers=false&gid=1692100161&range=A1%3Ah100
pivoting,season one,https://tvseriesfinale.com/tv-show/pivoting-season-one-ratings/,https://docs.google.com/spreadsheets/d/1PlugKIBMoFJpsdg8AZIYiS56GA8u5BxmNnpQ5v0wx1Q/pubhtml/sheet?headers=false&gid=1339511858&range=A1%3Ah100
playing house,season three,https://tvseriesfinale.com/tv-show/playing-house-season-three-ratings/,https://docs.google.com/spreadsheets/d/16ijMnEb6P7NAqfPf35N_MyL5ueoHOV2HD01zJ1iXjDI/pubhtml/sheet?headers=false&gid=1095373822&range=A1:G120
pooch perfect,season one,https://tvseriesfinale.com/tv-show/pooch-perfect-season-one-ratings/,https://docs.google.com/spreadsheets/d/1NS9t3Pv-5_wq_fCkMbQDlf0scWZ_TYTsLp38Z8jaw_M/pubhtml/sheet?headers=false&gid=1707252288&range=A1%3Ah100
pose,season one,https://tvseriesfinale.com/tv-show/pose-season-one-ratings/,https://docs.google.com/spreadsheets/d/1DdYBR3HPqX7CL7Inge6KsMqvRhBXC7K--484-vIofrk/pubhtml/sheet?headers=false&gid=1379496024&range=A1%3AG97&output=html&rm=minimal
pose,season two,https://tvseriesfinale.com/tv-show/pose-season-two-ratings/,https://docs.google.com/spreadsheets/d/1DdYBR3HPqX7CL7Inge6KsMqvRhBXC7K--484-vIofrk/pubhtml/sheet?headers=false&gid=117513817&range=A1%3AG97&output=html&rm=minimal
pose,season three,https://tvseriesfinale.com/tv-show/pose-season-three-ratings/,https://docs.google.com/spreadsheets/d/1DdYBR3HPqX7CL7Inge6KsMqvRhBXC7K--484-vIofrk/pubhtml/sheet?headers=false&gid=1319605269&range=A1%3AG97&output=html&rm=minimal
power,season three,https://tvseriesfinale.com/tv-show/power-season-three-ratings/,https://docs.google.com/spreadsheets/d/1-xha-SEcC1L6_KlAxjxMArlpX2A8XY1grDeo58d922E/pubhtml/sheet?headers=false&gid=781706490&range=A1%3AG100&output=html&rm=minimal
power,season four,https://tvseriesfinale.com/tv-show/power-season-four-ratings/,https://docs.google.com/spreadsheets/d/1-xha-SEcC1L6_KlAxjxMArlpX2A8XY1grDeo58d922E/pubhtml/sheet?headers=false&gid=459285797&range=A1%3AG100&output=html&rm=minimal
power,season five,https://tvseriesfinale.com/tv-show/power-season-five-ratings/,https://docs.google.com/spreadsheets/d/1-xha-SEcC1L6_KlAxjxMArlpX2A8XY1grDeo58d922E/pubhtml/sheet?headers=false&gid=1903826585&range=A1%3AG100&output=html&rm=minimal
power,season six,https://tvseriesfinale.com/tv-show/power-season-six-ratings/,https://docs.google.com/spreadsheets/d/1-xha-SEcC1L6_KlAxjxMArlpX2A8XY1grDeo58d922E/pubhtml/sheet?headers=false&gid=1040477138&range=A1%3AG100&output=html&rm=minimal
power book ii ghost,season one,https://tvseriesfinale.com/tv-show/power-book-ii-ghost-season-one-ratings/,https://docs.google.com/spreadsheets/d/1-xha-SEcC1L6_KlAxjxMArlpX2A8XY1grDeo58d922E/pubhtml/sheet?headers=false&gid=1137600210&range=A1%3AG100&output=html&rm=minimal
power book ii ghost,season two,https://tvseriesfinale.com/tv-show/power-book-ii-ghost-season-two-ratings/,https://docs.google.com/spreadsheets/d/1-xha-SEcC1L6_KlAxjxMArlpX2A8XY1grDeo58d922E/pubhtml/sheet?headers=false&gid=283688299&range=A1%3AG100&output=html&rm=minimal
power book ii ghost,season three,https://tvseriesfinale.com/tv-show/power-book-ii-ghost-season-three-ratings/,https://docs.google.com/spreadsheets/d/1-xha-SEcC1L6_KlAxjxMArlpX2A8XY1grDeo58d922E/pubhtml/sheet?headers=false&gid=1935901296&range=A1%3AG100&output=html&rm=minimal
power book iii raising kanan,season one,https://tvseriesfinale.com/tv-show/power-book-iii-raising-kanan-season-one-ratings/,https://docs.google.com/spreadsheets/d/1-xha-SEcC1L6_KlAxjxMArlpX2A8XY1grDeo58d922E/pubhtml/sheet?headers=false&gid=780572706&range=A1%3AG100&output=html&rm=minimal
power book iii raising kanan,season two,https://tvseriesfinale.com/tv-show/power-book-iii-raising-kanan-season-two-ratings/,https://docs.google.com/spreadsheets/d/1-xha-SEcC1L6_KlAxjxMArlpX2A8XY1grDeo58d922E/pubhtml/sheet?headers=false&gid=675481328&range=A1%3AG100&output=html&rm=minimal
power book iii raising kanan,season three,https://tvseriesfinale.com/tv-show/power-book-iii-raising-kanan-season-three-ratings/,https://docs.google.com/spreadsheets/d/1-xha-SEcC1L6_KlAxjxMArlpX2A8XY1grDeo58d922E/pubhtml/sheet?headers=false&gid=1656322785&range=A1%3AG100&output=html&rm=minimal
power book iv force,season one,https://tvseriesfinale.com/tv-show/power-book-iv-force-season-one-ratings/,https://docs.google.com/spreadsheets/d/1-xha-SEcC1L6_KlAxjxMArlpX2A8XY1grDeo58d922E/pubhtml/sheet?headers=false&gid=952048395&range=A1%3AG100&output=html&rm=minimal
power book iv force,season two,https://tvseriesfinale.com/tv-show/power-book-iv-force-season-two-ratings/,https://docs.google.com/spreadsheets/d/1-xha-SEcC1L6_KlAxjxMArlpX2A8XY1grDeo58d922E/pubhtml/sheet?headers=false&gid=454736898&range=A1%3AG100&output=html&rm=minimal
the prank panel,season one,https://tvseriesfinale.com/tv-show/the-prank-panel-season-one-ratings/,https://docs.google.com/spreadsheets/d/1yWN1t7MlPk9jroVeTgGH5-U5sp5XVcZJclGsrnyl5bI/pubhtml/sheet?headers=false&gid=1892341888&range=A1%3Ah100
preacher,season two,https://tvseriesfinale.com/tv-show/preacher-season-two-ratings/,https://docs.google.com/spreadsheets/d/13J-oeB6b8gpR4AGlw7PZS-4FvjvPKN5_0JFfGwsDXG4/pubhtml/sheet?headers=false&gid=416554167&range=A1%3AG23&output=html&rm=minimal
preacher,season three,https://tvseriesfinale.com/tv-show/preacher-season-three-ratings/,https://docs.google.com/spreadsheets/d/13J-oeB6b8gpR4AGlw7PZS-4FvjvPKN5_0JFfGwsDXG4/pubhtml/sheet?headers=false&gid=2032346412&range=A1%3AG23&output=html&rm=minimal
preacher,season four,https://tvseriesfinale.com/tv-show/preacher-season-four-ratings/,https://docs.google.com/spreadsheets/d/13J-oeB6b8gpR4AGlw7PZS-4FvjvPKN5_0JFfGwsDXG4/pubhtml/sheet?headers=false&gid=1020908453&range=A1%3AG23&output=html&rm=minimal
press your luck,season one,https://tvseriesfinale.com/tv-show/press-your-luck-season-one-ratings/,https://docs.google.com/spreadsheets/d/1Z54g0izrymDxV0QDkwOGE9auYHrCu-FTYNpPDykzPJ8/pubhtml/sheet?headers=false&gid=776033963&range=A1%3Ah100
press your luck,season two,https://tvseriesfinale.com/tv-show/press-your-luck-season-two-ratings/,https://docs.google.com/spreadsheets/d/e/2PACX-1vTrXdDjlQ_DsAe7hNjPK48UpmMYmbZE2_I1S3x0frJJbOh448s7NI2vSBYNr_z6DgMwoksah-NZBkKB/pubhtml/sheet?headers=false&gid=619092521&range=A1%3Ah100
press your luck,season three,https://tvseriesfinale.com/tv-show/press-your-luck-season-three-ratings/,https://docs.google.com/spreadsheets/d/1NS9t3Pv-5_wq_fCkMbQDlf0scWZ_TYTsLp38Z8jaw_M/pubhtml/sheet?headers=false&gid=325066433&range=A1%3Ah100
press your luck,season four,https://tvseriesfinale.com/tv-show/press-your-luck-season-four-ratings/,https://docs.google.com/spreadsheets/d/1UHVhAstyDVbA_72wuwSMX7TAPuO4Z_5sX1xbcmNjr2s/pubhtml/sheet?headers=false&gid=1300552227&range=A1%3Ah100
press your luck,season five,https://tvseriesfinale.com/tv-show/press-your-luck-season-five-ratings/,https://docs.google.com/spreadsheets/d/15KTevMXvt9KrUmg0EAioSoNjNmhfRebf0-72WnZYlK8/pubhtml/sheet?headers=false&gid=2067667266&range=A1%3Ah100
pretty little liars the perfectionists,season one,https://tvseriesfinale.com/tv-show/pretty-little-liars-the-perfectionists-season-one-ratings/,https://docs.google.com/spreadsheets/d/1cnttQo1fIxTypKG3x19Ax0Zh4Pn8dtfzDfO4lVWsi6Y/pubhtml/sheet?headers=false&gid=129021871&range=A1:G120
prison break,season five,https://tvseriesfinale.com/tv-show/prison-break-season-five-ratings/,https://docs.google.com/spreadsheets/d/1avKfTwLT9jXPNSzSisElW1a1bufQnuPCAwE_k817Z90/pubhtml/sheet?headers=false&gid=1123387272&range=A1%3Ah100
private eyes,season one,https://tvseriesfinale.com/tv-show/private-eyes-season-one-ratings/,https://docs.google.com/spreadsheets/d/1R-mCRgRFE7fwnwopH8KlmZZ3IBbvTjfuovzFtfoauPE/pubhtml/sheet?headers=false&gid=1988708116&range=A1%3AG100
prodigal son,season one,https://tvseriesfinale.com/tv-show/prodigal-son-season-one-ratings/,https://docs.google.com/spreadsheets/d/e/2PACX-1vRmoC8hQFbZMNtUzmwwjsO_0gIf7KnWMgEOC-2a4Bh_rCX1LCdAm6b-BWNfoIlttnPf2iy_4KQj0eFo/pubhtml/sheet?headers=false&gid=292669104&range=A1%3Ah100
prodigal son,season two,https://tvseriesfinale.com/tv-show/prodigal-son-season-two-ratings/,https://docs.google.com/spreadsheets/d/1um1vJjK_QbewPMm0sO1CczrrgO2FDmtjdN74LteZN7g/pubhtml/sheet?headers=false&gid=1432073466&range=A1%3Ah100
professionals,season one,https://tvseriesfinale.com/tv-show/professionals-season-one-ratings/,https://docs.google.com/spreadsheets/d/1qwTMXm7xEOvj2UJCK2EP9eCl3-calTWTXMXFx6_z1oA/pubhtml/sheet?headers=false&gid=372001284&range=A1%3Ah100
project blue book,season one,https://tvseriesfinale.com/tv-show/project-blue-book-season-one-ratings/,https://docs.google.com/spreadsheets/d/1tt5XZ5VVvGoKa7WdTvB8S6DdNxoCY2tuo5QS6fZTFzU/pubhtml/sheet?headers=false&gid=2100134649&range=A1%3AG97&output=html&rm=minimal
project blue book,season two,https://tvseriesfinale.com/tv-show/project-blue-book-season-two-ratings/,https://docs.google.com/spreadsheets/d/1tt5XZ5VVvGoKa7WdTvB8S6DdNxoCY2tuo5QS6fZTFzU/pubhtml/sheet?headers=false&gid=437413049&range=A1%3AG97&output=html&rm=minimal
promised land,season one,https://tvseriesfinale.com/tv-show/promised-land-season-one-ratings/,https://docs.google.com/spreadsheets/d/1UHVhAstyDVbA_72wuwSMX7TAPuO4Z_5sX1xbcmNjr2s/pubhtml/sheet?headers=false&gid=1109318914&range=A1%3Ah100
proposal,season one,https://tvseriesfinale.com/tv-show/proposal-season-one-ratings/,https://docs.google.com/spreadsheets/d/e/2PACX-1vTlE5lTHpAmKbEOIFMoMB5xW95pIvYxFgcblbWzKL4ZDLRBAVL3Bt3WtXzA65dzsHZXuOrwhIXlQOfq/pubhtml/sheet?headers=false&gid=1426280802&range=A1%3Ah100
pure,season one,https://tvseriesfinale.com/tv-show/pure-season-one-ratings/,https://docs.google.com/spreadsheets/d/129eqLCyiVuDQ8IavabLOV1GoGpbN9__mBkc87QNSLfk/pubhtml/sheet?headers=false&gid=694661667&range=A1:G120
pure,season two,https://tvseriesfinale.com/tv-show/pure-season-two-ratings/,https://docs.google.com/spreadsheets/d/129eqLCyiVuDQ8IavabLOV1GoGpbN9__mBkc87QNSLfk/pubhtml/sheet?headers=false&gid=1464752099&range=A1:G120
purge,season one,https://tvseriesfinale.com/tv-show/purge-season-one-ratings/,https://docs.google.com/spreadsheets/d/16ijMnEb6P7NAqfPf35N_MyL5ueoHOV2HD01zJ1iXjDI/pubhtml/sheet?headers=false&gid=1735224849&range=A1:G120
the purge,season two,https://tvseriesfinale.com/tv-show/the-purge-season-two-ratings/,https://docs.google.com/spreadsheets/d/16ijMnEb6P7NAqfPf35N_MyL5ueoHOV2HD01zJ1iXjDI/pubhtml/sheet?headers=false&gid=66398022&range=A1:G120
quad,season two,https://tvseriesfinale.com/tv-show/quad-season-two-ratings/,https://docs.google.com/spreadsheets/d/13ixTXBM3JY-tUl7Uy8FuRm6xCTYTIGfFsuWuNivO1Fc/pubhtml/sheet?headers=false&gid=977659398&range=A1%3AG97&output=html&rm=minimal
quantico,season two,https://tvseriesfinale.com/tv-show/quantico-season-two-ratings/,https://docs.google.com/spreadsheets/d/1ToHTY-SGH1wLEo31kKz9TOE5PsdpBE20kqtr1BhJBVA/pubhtml/sheet?headers=false&gid=624245296&range=A1%3Ah70
quantico,season three,https://tvseriesfinale.com/tv-show/quantico-season-three-ratings/,https://docs.google.com/spreadsheets/d/e/2PACX-1vTlE5lTHpAmKbEOIFMoMB5xW95pIvYxFgcblbWzKL4ZDLRBAVL3Bt3WtXzA65dzsHZXuOrwhIXlQOfq/pubhtml/sheet?headers=false&gid=2069887217&range=A1%3Ah100
quantum leap,season one,https://tvseriesfinale.com/tv-show/quantum-leap-season-one-ratings/,https://docs.google.com/spreadsheets/d/1ma3sMDxK-aUwyuz2kB8gMyf1goAcW9mqosbWSlLHEcg/pubhtml/sheet?headers=false&gid=1799785568&range=A1%3Ah100
quantum leap,season two,https://tvseriesfinale.com/tv-show/quantum-leap-season-two-ratings/,https://docs.google.com/spreadsheets/d/1ulFHD6XOdDbGfOjxn7oY7g5VbYqBaQ4f5x74oABSSnE/pubhtml/sheet?headers=false&gid=1511693796&range=A1%3Ah100
queen south,season two,https://tvseriesfinale.com/tv-show/queen-south-season-two-ratings/,https://docs.google.com/spreadsheets/d/16ijMnEb6P7NAqfPf35N_MyL5ueoHOV2HD01zJ1iXjDI/pubhtml/sheet?headers=false&gid=257078095&range=A1:G120
queen of the south,season three,https://tvseriesfinale.com/tv-show/queen-of-the-south-season-three-ratings/,https://docs.google.com/spreadsheets/d/16ijMnEb6P7NAqfPf35N_MyL5ueoHOV2HD01zJ1iXjDI/pubhtml/sheet?headers=false&gid=909237756&range=A1:G120
queen of the south,season four,https://tvseriesfinale.com/tv-show/queen-of-the-south-season-four-ratings/,https://docs.google.com/spreadsheets/d/16ijMnEb6P7NAqfPf35N_MyL5ueoHOV2HD01zJ1iXjDI/pubhtml/sheet?headers=false&gid=362696776&range=A1:G120
queen of the south,season five,https://tvseriesfinale.com/tv-show/queen-of-the-south-season-five-ratings/,https://docs.google.com/spreadsheets/d/16ijMnEb6P7NAqfPf35N_MyL5ueoHOV2HD01zJ1iXjDI/pubhtml/sheet?headers=false&gid=506894332&range=A1:G120
queen sugar,season one,https://tvseriesfinale.com/tv-show/queen-sugar-season-one-ratings/,https://docs.google.com/spreadsheets/d/1Ew4e9wBK4P_eX68Vqc7EDEwaUJZDWr7OTJyGvD8Y5Jc/pubhtml/sheet?headers=false&gid=228769003&range=A1%3AH52&output=html&rm=minimal
queen sugar,season two,https://tvseriesfinale.com/tv-show/queen-sugar-season-two-ratings/,https://docs.google.com/spreadsheets/d/1Ew4e9wBK4P_eX68Vqc7EDEwaUJZDWr7OTJyGvD8Y5Jc/pubhtml/sheet?headers=false&gid=248033509&range=A1%3AH52&output=html&rm=minimal
queen sugar,season three,https://tvseriesfinale.com/tv-show/queen-sugar-season-three-ratings/,https://docs.google.com/spreadsheets/d/1Ew4e9wBK4P_eX68Vqc7EDEwaUJZDWr7OTJyGvD8Y5Jc/pubhtml/sheet?headers=false&gid=64880643&range=A1%3AH52&output=html&rm=minimal
queen sugar,season four,https://tvseriesfinale.com/tv-show/queen-sugar-season-four-ratings/,https://docs.google.com/spreadsheets/d/1Ew4e9wBK4P_eX68Vqc7EDEwaUJZDWr7OTJyGvD8Y5Jc/pubhtml/sheet?headers=false&gid=445862246&range=A1%3AH52&output=html&rm=minimal
queen sugar,season five,https://tvseriesfinale.com/tv-show/queen-sugar-season-five-ratings/,https://docs.google.com/spreadsheets/d/1Ew4e9wBK4P_eX68Vqc7EDEwaUJZDWr7OTJyGvD8Y5Jc/pubhtml/sheet?headers=false&gid=1451880216&range=A1%3AH52&output=html&rm=minimal
queen sugar,season six,https://tvseriesfinale.com/tv-show/queen-sugar-season-six-ratings/,https://docs.google.com/spreadsheets/d/1Ew4e9wBK4P_eX68Vqc7EDEwaUJZDWr7OTJyGvD8Y5Jc/pubhtml/sheet?headers=false&gid=503403699&range=A1%3AH52&output=html&rm=minimal
queen sugar,season seven,https://tvseriesfinale.com/tv-show/queen-sugar-season-seven-ratings/,https://docs.google.com/spreadsheets/d/1Ew4e9wBK4P_eX68Vqc7EDEwaUJZDWr7OTJyGvD8Y5Jc/pubhtml/sheet?headers=false&gid=505010990&range=A1%3AH52&output=html&rm=minimal
queens,season one,https://tvseriesfinale.com/tv-show/queens-season-one-ratings/,https://docs.google.com/spreadsheets/d/1UHVhAstyDVbA_72wuwSMX7TAPuO4Z_5sX1xbcmNjr2s/pubhtml/sheet?headers=false&gid=1573404407&range=A1%3Ah100
raid the cage,season one,https://tvseriesfinale.com/tv-show/raid-the-cage-season-one-ratings/,https://docs.google.com/spreadsheets/d/1Ii2QZoWwUROqd4TnVe05t4fNPdqfeER4kQIpqwyDIs4/pubhtml/sheet?headers=false&gid=49675817&range=A1%3Ah100
rake,season one,https://tvseriesfinale.com/tv-show/rake-season-one-ratings/,https://docs.google.com/spreadsheets/d/1W1VN2JvBX9M2ATlYIjf815DdV2Yud70oxJjI31otwTg/pubhtml/sheet?headers=false&gid=25&range=A1%3Ah19&output=html&rm=minimal
ransom,season one,https://tvseriesfinale.com/tv-show/ransom-season-one-ratings/,https://docs.google.com/spreadsheets/d/1Ub6cOIe00Wo4XJdKk3yPaVemFqvLqQghNx37sCpoMZM/pubhtml/sheet?headers=false&gid=996322556&range=A1%3Ah100
ransom,season two,https://tvseriesfinale.com/tv-show/ransom-season-two-ratings/,https://docs.google.com/spreadsheets/d/e/2PACX-1vT3vh7mmYQQq1m3g7KQMsmlr1cEvnVRX6aVWRwp6JU7F2hy06mf_irW7uwbTdww_G47LBmS64qNTLkG/pubhtml/sheet?headers=false&gid=953959647&range=A1%3Ah100
ransom,season three,https://tvseriesfinale.com/tv-show/ransom-season-three-ratings/,https://docs.google.com/spreadsheets/d/1qlYGtdgF6N3UIJArkhteiD8B0zo8akewHTR0Jd_ceOE/pubhtml/sheet?headers=false&gid=1202761951&range=A1%3Ah100
ravens home,season two,https://tvseriesfinale.com/tv-show/ravens-home-season-two-ratings/,https://docs.google.com/spreadsheets/d/130CWZBt90ZOMI33llQ0bMo1hUS479p7R4Mo6_Qn4-XM/pubhtml/sheet?headers=false&gid=1673428558&range=A1%3AG100&output=html&rm=minimal
ray donovan,season six,https://tvseriesfinale.com/tv-show/ray-donovan-season-six-ratings/,https://docs.google.com/spreadsheets/d/13_jTGvVcJocGGMZhhC2fdGIsx1znj_LvslHru7vALRA/pubhtml/sheet?headers=false&gid=1495050935&range=A1%3AG100
ray donovan,season seven,https://tvseriesfinale.com/tv-show/ray-donovan-season-seven-ratings/,https://docs.google.com/spreadsheets/d/13_jTGvVcJocGGMZhhC2fdGIsx1znj_LvslHru7vALRA/pubhtml/sheet?headers=false&gid=49841769&range=A1%3AG100
the real dirty dancing,season one,https://tvseriesfinale.com/tv-show/the-real-dirty-dancing-season-one-ratings/,https://docs.google.com/spreadsheets/d/1PlugKIBMoFJpsdg8AZIYiS56GA8u5BxmNnpQ5v0wx1Q/pubhtml/sheet?headers=false&gid=147649365&range=A1%3Ah100
the real love boat,season one,https://tvseriesfinale.com/tv-show/the-real-love-boat-season-one-ratings/,https://docs.google.com/spreadsheets/d/1_sakYamJH4LVbbDwVcQ-b6tvhOWWTnOVbh4nIqrMlVM/pubhtml/sheet?headers=false&gid=1654844103&range=A1%3Ah100
the real oneals,season two,https://tvseriesfinale.com/tv-show/the-real-oneals-season-two-ratings/,https://docs.google.com/spreadsheets/d/1ToHTY-SGH1wLEo31kKz9TOE5PsdpBE20kqtr1BhJBVA/pubhtml/sheet?headers=false&gid=1732305882&range=A1%3Ah100
rebel,season one,https://tvseriesfinale.com/tv-show/rebel-season-one-ratings/,https://docs.google.com/spreadsheets/d/13ixTXBM3JY-tUl7Uy8FuRm6xCTYTIGfFsuWuNivO1Fc/pubhtml/sheet?headers=false&gid=982278888&range=A1%3AG97&output=html&rm=minimal
rebel 2021,season one,https://tvseriesfinale.com/tv-show/rebel-2021-season-one-ratings/,https://docs.google.com/spreadsheets/d/1NS9t3Pv-5_wq_fCkMbQDlf0scWZ_TYTsLp38Z8jaw_M/pubhtml/sheet?headers=false&gid=681983207&range=A1%3Ah100
recipe for disaster,season one,https://tvseriesfinale.com/tv-show/recipe-for-disaster-season-one-ratings/,https://docs.google.com/spreadsheets/d/1qwTMXm7xEOvj2UJCK2EP9eCl3-calTWTXMXFx6_z1oA/pubhtml/sheet?headers=false&gid=665274587&range=A1%3Ah100
red bull peaking,season one,https://tvseriesfinale.com/tv-show/red-bull-peaking-season-one-ratings/,https://docs.google.com/spreadsheets/d/1T-eDbU4WnVnGczaTUc9X91683hE7PYpTtpap48tpnu0/pubhtml/sheet?headers=false&gid=1126767349&range=A1%3Ah100
the red line,season one,https://tvseriesfinale.com/tv-show/the-red-line-season-one-ratings/,https://docs.google.com/spreadsheets/d/1qlYGtdgF6N3UIJArkhteiD8B0zo8akewHTR0Jd_ceOE/pubhtml/sheet?headers=false&gid=1096281500&range=A1%3Ah100
reef break,season one,https://tvseriesfinale.com/tv-show/reef-break-season-one-ratings/,https://docs.google.com/spreadsheets/d/1Z54g0izrymDxV0QDkwOGE9auYHrCu-FTYNpPDykzPJ8/pubhtml/sheet?headers=false&gid=1433678826&range=A1%3Ah100
the regime,season one,https://tvseriesfinale.com/tv-show/the-regime-season-one-ratings/,https://docs.google.com/spreadsheets/d/1QU8U82xgr8GURmJc3eR0Y4w7ppxwfNsp6dhPnzcs4bw/pubhtml/sheet?headers=false&gid=961819489&range=A1%3AG19&output=html&rm=minimal
reginald the vampire,season one,https://tvseriesfinale.com/tv-show/reginald-the-vampire-season-one-ratings/,https://docs.google.com/spreadsheets/d/14IMssfgFsz8f3V5fAqkrt1xG_NUPQHNq4zimlz87N_c/pubhtml/sheet?headers=false&gid=700404619&range=A1%3AG30
reign,season four,https://tvseriesfinale.com/tv-show/reign-season-four-ratings/,https://docs.google.com/spreadsheets/d/1i4IfQufJnv28LwfJWIz_Ea0E8u3f4vhTmL4pZz3620Q/pubhtml/sheet?headers=false&gid=936802241&range=A1%3AH100
rel,season one,https://tvseriesfinale.com/tv-show/rel-season-one-ratings/,https://docs.google.com/spreadsheets/d/1n4PyBtJrphtdfhiPq884nmoV8wIMKHVrgbvYhJ-DV80/pubhtml/sheet?headers=false&gid=1622397378&range=A1%3Ah100
the republic of sarah,season one,https://tvseriesfinale.com/tv-show/the-republic-of-sarah-season-one-ratings/,https://docs.google.com/spreadsheets/d/1UtKbmbo-TrCU00937XlBHCPgAR5Wx5fyu7YHrmiDjZQ/pubhtml/sheet?headers=false&gid=214550201&range=A1%3Ah100
resident,season one,https://tvseriesfinale.com/tv-show/resident-season-one-ratings/,https://docs.google.com/spreadsheets/d/1ftMGnLJFFncsXKJ6saeTkxhdfa23cittfFA2Z2rVogM/pubhtml/sheet?headers=false&gid=1579246292&range=A1%3Ah100
the resident,season two,https://tvseriesfinale.com/tv-show/the-resident-season-two-ratings/,https://docs.google.com/spreadsheets/d/1n4PyBtJrphtdfhiPq884nmoV8wIMKHVrgbvYhJ-DV80/pubhtml/sheet?headers=false&gid=1290257933&range=A1%3Ah100
the resident,season three,https://tvseriesfinale.com/tv-show/the-resident-season-three-ratings/,https://docs.google.com/spreadsheets/d/e/2PACX-1vRmoC8hQFbZMNtUzmwwjsO_0gIf7KnWMgEOC-2a4Bh_rCX1LCdAm6b-BWNfoIlttnPf2iy_4KQj0eFo/pubhtml/sheet?headers=false&gid=1252603478&range=A1%3Ah100
the resident,season four,https://tvseriesfinale.com/tv-show/the-resident-season-four-ratings/,https://docs.google.com/spreadsheets/d/1um1vJjK_QbewPMm0sO1CczrrgO2FDmtjdN74LteZN7g/pubhtml/sheet?headers=false&gid=649713702&range=A1%3Ah100
the resident,season five,https://tvseriesfinale.com/tv-show/the-resident-season-five-ratings/,https://docs.google.com/spreadsheets/d/1PlugKIBMoFJpsdg8AZIYiS56GA8u5BxmNnpQ5v0wx1Q/pubhtml/sheet?headers=false&gid=175486379&range=A1%3Ah100
the resident,season six,https://tvseriesfinale.com/tv-show/the-resident-season-six-ratings/,https://docs.google.com/spreadsheets/d/1bCcF_doylXV5Q45d8vITOJBvhw6a3YcB2aJApWPLCGw/pubhtml/sheet?headers=false&gid=329237043&range=A1%3Ah100
resident alien,season one,https://tvseriesfinale.com/tv-show/resident-alien-season-one-ratings/,https://docs.google.com/spreadsheets/d/14IMssfgFsz8f3V5fAqkrt1xG_NUPQHNq4zimlz87N_c/pubhtml/sheet?headers=false&gid=1156489947&range=A1%3AG30
resident alien,season two,https://tvseriesfinale.com/tv-show/resident-alien-season-two-ratings/,https://docs.google.com/spreadsheets/d/14IMssfgFsz8f3V5fAqkrt1xG_NUPQHNq4zimlz87N_c/pubhtml/sheet?headers=false&gid=1021222685&range=A1%3AG30
resident alien,season three,https://tvseriesfinale.com/tv-show/resident-alien-season-three-ratings/,https://docs.google.com/spreadsheets/d/14IMssfgFsz8f3V5fAqkrt1xG_NUPQHNq4zimlz87N_c/pubhtml/sheet?headers=false&gid=519296252&range=A1%3AG30
reverie,season one,https://tvseriesfinale.com/tv-show/reverie-season-one-ratings/,https://docs.google.com/spreadsheets/d/e/2PACX-1vSbDlv8pGgTvsiGGgnQ0icBwo7pLFDRo4Jd9SNGQp2UVAXALuO-q0ukrsBaa2PvdfaDG7yK8Z-15Ldp/pubhtml/sheet?headers=false&gid=1191671267&range=A1%3Ah100
ride,season one,https://tvseriesfinale.com/tv-show/ride-season-one-ratings/,https://docs.google.com/spreadsheets/d/17JrV91J8N2EP5exIKuQv_yhgMU9u6MB2thgb1_N1s08/pubhtml/sheet?headers=false&gid=209702502&range=A1%3AG39&output=html&rm=minimal
the righteous gemstones,season one,https://tvseriesfinale.com/tv-show/the-righteous-gemstones-season-one-ratings/,https://docs.google.com/spreadsheets/d/1QU8U82xgr8GURmJc3eR0Y4w7ppxwfNsp6dhPnzcs4bw/pubhtml/sheet?headers=false&gid=815276853&range=A1%3AG19&output=html&rm=minimal
the righteous gemstones,season two,https://tvseriesfinale.com/tv-show/the-righteous-gemstones-season-two-ratings/,https://docs.google.com/spreadsheets/d/1QU8U82xgr8GURmJc3eR0Y4w7ppxwfNsp6dhPnzcs4bw/pubhtml/sheet?headers=false&gid=955899680&range=A1%3AG19&output=html&rm=minimal
the righteous gemstones,season three,https://tvseriesfinale.com/tv-show/the-righteous-gemstones-season-three-ratings/,https://docs.google.com/spreadsheets/d/1QU8U82xgr8GURmJc3eR0Y4w7ppxwfNsp6dhPnzcs4bw/pubhtml/sheet?headers=false&gid=686799005&range=A1%3AG19&output=html&rm=minimal
rise,season one,https://tvseriesfinale.com/tv-show/rise-season-one-ratings/,https://docs.google.com/spreadsheets/d/e/2PACX-1vSbDlv8pGgTvsiGGgnQ0icBwo7pLFDRo4Jd9SNGQp2UVAXALuO-q0ukrsBaa2PvdfaDG7yK8Z-15Ldp/pubhtml/sheet?headers=false&gid=484349858&range=A1%3Ah100
the rising,season one,https://tvseriesfinale.com/tv-show/the-rising-season-one-ratings/,https://docs.google.com/spreadsheets/d/1qwTMXm7xEOvj2UJCK2EP9eCl3-calTWTXMXFx6_z1oA/pubhtml/sheet?headers=false&gid=931174355&range=A1%3Ah100
riverdale,season one,https://tvseriesfinale.com/tv-show/riverdale-season-one-ratings/,https://docs.google.com/spreadsheets/d/1i4IfQufJnv28LwfJWIz_Ea0E8u3f4vhTmL4pZz3620Q/pubhtml/sheet?headers=false&gid=1937453385&range=A1%3AH40
riverdale,season two,https://tvseriesfinale.com/tv-show/riverdale-season-two-ratings/,https://docs.google.com/spreadsheets/d/e/2PACX-1vR_SBz9FDKyY15XKRCf_Vpm1tJXCnrieAa2957aRG1B9OPPcaQGfv4n1m4kjsCVCZGH29aYvTeDUaiS/pubhtml/sheet?headers=false&gid=931270535&range=A1%3AH40
riverdale,season three,https://tvseriesfinale.com/tv-show/riverdale-season-three-ratings/,https://docs.google.com/spreadsheets/d/1T-eDbU4WnVnGczaTUc9X91683hE7PYpTtpap48tpnu0/pubhtml/sheet?headers=false&gid=931270535&range=A1%3Ah100
riverdale,season four,https://tvseriesfinale.com/tv-show/riverdale-season-four-ratings/,https://docs.google.com/spreadsheets/d/e/2PACX-1vTaD6uAv0rMyqOLpklP9QmMHlz3gUaKkf5kYVM3nDXbIBys2LKIkvfed1zv-22RJpYtZtcw1rvPd5ws/pubhtml/sheet?headers=false&gid=1812170747&range=A1%3Ah100
riverdale,season five,https://tvseriesfinale.com/tv-show/riverdale-season-five-ratings/,https://docs.google.com/spreadsheets/d/1UtKbmbo-TrCU00937XlBHCPgAR5Wx5fyu7YHrmiDjZQ/pubhtml/sheet?headers=false&gid=161220077&range=A1%3Ah100
riverdale,season six,https://tvseriesfinale.com/tv-show/riverdale-season-six-ratings/,https://docs.google.com/spreadsheets/d/1MiOE1bCf6lKNJCpNpvXIAZYYbPo5_BfTqqGbsG9ENo8/pubhtml/sheet?headers=false&gid=229516920&range=A1%3Ah100
riverdale,season seven,https://tvseriesfinale.com/tv-show/riverdale-season-seven-ratings/,https://docs.google.com/spreadsheets/d/1qwTMXm7xEOvj2UJCK2EP9eCl3-calTWTXMXFx6_z1oA/pubhtml/sheet?headers=false&gid=920525712&range=A1%3Ah100
the rook,season one,https://tvseriesfinale.com/tv-show/the-rook-season-one-ratings/,https://docs.google.com/spreadsheets/d/1-xha-SEcC1L6_KlAxjxMArlpX2A8XY1grDeo58d922E/pubhtml/sheet?headers=false&gid=1612021620&range=A1%3AG100&output=html&rm=minimal
the rookie,season one,https://tvseriesfinale.com/tv-show/the-rookie-season-one-ratings/,https://docs.google.com/spreadsheets/d/1Z54g0izrymDxV0QDkwOGE9auYHrCu-FTYNpPDykzPJ8/pubhtml/sheet?headers=false&gid=1922803198&range=A1%3Ah100
the rookie,season two,https://tvseriesfinale.com/tv-show/the-rookie-season-two-ratings/,https://docs.google.com/spreadsheets/d/e/2PACX-1vTrXdDjlQ_DsAe7hNjPK48UpmMYmbZE2_I1S3x0frJJbOh448s7NI2vSBYNr_z6DgMwoksah-NZBkKB/pubhtml/sheet?headers=false&gid=409319444&range=A1%3Ah100
the rookie,season three,https://tvseriesfinale.com/tv-show/the-rookie-season-three-ratings/,https://docs.google.com/spreadsheets/d/1NS9t3Pv-5_wq_fCkMbQDlf0scWZ_TYTsLp38Z8jaw_M/pubhtml/sheet?headers=false&gid=1119381944&range=A1%3Ah100
the rookie,season four,https://tvseriesfinale.com/tv-show/the-rookie-season-four-ratings/,https://docs.google.com/spreadsheets/d/1UHVhAstyDVbA_72wuwSMX7TAPuO4Z_5sX1xbcmNjr2s/pubhtml/sheet?headers=false&gid=1808908691&range=A1%3Ah100
the rookie,season five,https://tvseriesfinale.com/tv-show/the-rookie-season-five-ratings/,https://docs.google.com/spreadsheets/d/1yWN1t7MlPk9jroVeTgGH5-U5sp5XVcZJclGsrnyl5bI/pubhtml/sheet?headers=false&gid=459351186&range=A1%3Ah100
the rookie,season six,https://tvseriesfinale.com/tv-show/the-rookie-season-six-ratings/,https://docs.google.com/spreadsheets/d/15KTevMXvt9KrUmg0EAioSoNjNmhfRebf0-72WnZYlK8/pubhtml/sheet?headers=false&gid=2101658365&range=A1%3Ah100
the rookie feds,season one,https://tvseriesfinale.com/tv-show/the-rookie-feds-season-one-ratings/,https://docs.google.com/spreadsheets/d/1yWN1t7MlPk9jroVeTgGH5-U5sp5XVcZJclGsrnyl5bI/pubhtml/sheet?headers=false&gid=2002010471&range=A1%3Ah100
room 104,season one,https://tvseriesfinale.com/tv-show/room-104-season-one-ratings/,https://docs.google.com/spreadsheets/d/1QU8U82xgr8GURmJc3eR0Y4w7ppxwfNsp6dhPnzcs4bw/pubhtml/sheet?headers=false&gid=632140062&range=A1%3AG19&output=html&rm=minimal
room 104,season two,https://tvseriesfinale.com/tv-show/room-104-season-two-ratings/,https://docs.google.com/spreadsheets/d/1QU8U82xgr8GURmJc3eR0Y4w7ppxwfNsp6dhPnzcs4bw/pubhtml/sheet?headers=false&gid=1009869139&range=A1%3AG19&output=html&rm=minimal
room 104,season three,https://tvseriesfinale.com/tv-show/room-104-season-three-ratings/,https://docs.google.com/spreadsheets/d/1QU8U82xgr8GURmJc3eR0Y4w7ppxwfNsp6dhPnzcs4bw/pubhtml/sheet?headers=false&gid=1779747459&range=A1%3AG19&output=html&rm=minimal
roseanne,season 10,https://tvseriesfinale.com/tv-show/roseanne-season-10-ratings/,https://docs.google.com/spreadsheets/d/e/2PACX-1vTlE5lTHpAmKbEOIFMoMB5xW95pIvYxFgcblbWzKL4ZDLRBAVL3Bt3WtXzA65dzsHZXuOrwhIXlQOfq/pubhtml/sheet?headers=false&gid=748983202&range=A1%3Ah100
rosehaven,season three,https://tvseriesfinale.com/tv-show/rosehaven-season-three-ratings/,https://docs.google.com/spreadsheets/d/1FcioGPpoDH008lrU_CVF-uOjW4XkWqKFqqlULma4Go8/pubhtml/sheet?headers=false&gid=1061376390&range=A1%3AG46
roswell new mexico,season one,https://tvseriesfinale.com/tv-show/roswell-new-mexico-season-one-ratings/,https://docs.google.com/spreadsheets/d/1T-eDbU4WnVnGczaTUc9X91683hE7PYpTtpap48tpnu0/pubhtml/sheet?headers=false&gid=1073146882&range=A1%3Ah100
roswell new mexico,season two,https://tvseriesfinale.com/tv-show/roswell-new-mexico-season-two-ratings/,https://docs.google.com/spreadsheets/d/e/2PACX-1vTaD6uAv0rMyqOLpklP9QmMHlz3gUaKkf5kYVM3nDXbIBys2LKIkvfed1zv-22RJpYtZtcw1rvPd5ws/pubhtml/sheet?headers=false&gid=1627126763&range=A1%3Ah100
roswell new mexico,season three,https://tvseriesfinale.com/tv-show/roswell-new-mexico-season-three-ratings/,https://docs.google.com/spreadsheets/d/1UtKbmbo-TrCU00937XlBHCPgAR5Wx5fyu7YHrmiDjZQ/pubhtml/sheet?headers=false&gid=1175916291&range=A1%3Ah100
roswell new mexico,season four,https://tvseriesfinale.com/tv-show/roswell-new-mexico-season-four-ratings/,https://docs.google.com/spreadsheets/d/1MiOE1bCf6lKNJCpNpvXIAZYYbPo5_BfTqqGbsG9ENo8/pubhtml/sheet?headers=false&gid=1312391524&range=A1%3Ah100
royal pains,season eight,https://tvseriesfinale.com/tv-show/royal-pains-season-eight-ratings/,https://docs.google.com/spreadsheets/d/16ijMnEb6P7NAqfPf35N_MyL5ueoHOV2HD01zJ1iXjDI/pubhtml/sheet?headers=false&gid=468807182&range=A1:G120
royals,season four,https://tvseriesfinale.com/tv-show/royals-season-four-ratings/,https://docs.google.com/spreadsheets/d/e/2PACX-1vSd1d9JfYAG27BaMG12ZK-7LMGaz8cfmhHdZ26tnKbg3v5utQOmUFAlXIE9f83LvkvRrCN2qlezZnP1/pubhtml/sheet?headers=false&gid=1139524867&range=A1%3AG100
run,season one,https://tvseriesfinale.com/tv-show/run-season-one-ratings/,https://docs.google.com/spreadsheets/d/1QU8U82xgr8GURmJc3eR0Y4w7ppxwfNsp6dhPnzcs4bw/pubhtml/sheet?headers=false&gid=424432386&range=A1%3AG19&output=html&rm=minimal
run the burbs,season one,https://tvseriesfinale.com/tv-show/run-the-burbs-season-one-ratings/,https://docs.google.com/spreadsheets/d/1qwTMXm7xEOvj2UJCK2EP9eCl3-calTWTXMXFx6_z1oA/pubhtml/sheet?headers=false&gid=620847952&range=A1%3Ah100
run the burbs,season two,https://tvseriesfinale.com/tv-show/run-the-burbs-season-two-ratings/,https://docs.google.com/spreadsheets/d/1VOF9EearmNFEo8w6vHiQipNNQVkvI529Yr3CG1qfSnQ/pubhtml/sheet?headers=false&gid=2080355320&range=A1%3Ah100
run the world,season one,https://tvseriesfinale.com/tv-show/run-the-world-season-one-ratings/,https://docs.google.com/spreadsheets/d/1-xha-SEcC1L6_KlAxjxMArlpX2A8XY1grDeo58d922E/pubhtml/sheet?headers=false&gid=2027953290&range=A1%3AG100&output=html&rm=minimal
salem,season three,https://tvseriesfinale.com/tv-show/salem-season-three-ratings/,https://docs.google.com/spreadsheets/d/129eqLCyiVuDQ8IavabLOV1GoGpbN9__mBkc87QNSLfk/pubhtml/sheet?headers=false&gid=1632549007&range=A1%3AG97&output=html&rm=minimal
sally4ever,season one,https://tvseriesfinale.com/tv-show/sally4ever-season-one-ratings/,https://docs.google.com/spreadsheets/d/1QU8U82xgr8GURmJc3eR0Y4w7ppxwfNsp6dhPnzcs4bw/pubhtml/sheet?headers=false&gid=20334861&range=A1%3AG19&output=html&rm=minimal
salvation 2017,season one,https://tvseriesfinale.com/tv-show/salvation-2017-season-one-ratings/,https://docs.google.com/spreadsheets/d/1Ub6cOIe00Wo4XJdKk3yPaVemFqvLqQghNx37sCpoMZM/pubhtml/sheet?headers=false&gid=1740753478&range=A1%3Ah100
salvation,season two,https://tvseriesfinale.com/tv-show/salvation-season-two-ratings/,https://docs.google.com/spreadsheets/d/e/2PACX-1vT3vh7mmYQQq1m3g7KQMsmlr1cEvnVRX6aVWRwp6JU7F2hy06mf_irW7uwbTdww_G47LBmS64qNTLkG/pubhtml/sheet?headers=false&gid=2122925746&range=A1%3Ah100
saturday night live weekend update summer edition,season one,https://tvseriesfinale.com/tv-show/saturday-night-live-weekend-update-summer-edition-season-one-ratings/,https://docs.google.com/spreadsheets/d/1EJ3FkRtr5NpRjuRFfdwm30sttYn4sLEgjJ8Wcl6XObU/pubhtml/sheet?headers=false&gid=763838609&range=A1%3Ah100
scandal,season six,https://tvseriesfinale.com/tv-show/scandal-season-six-ratings/,https://docs.google.com/spreadsheets/d/1ToHTY-SGH1wLEo31kKz9TOE5PsdpBE20kqtr1BhJBVA/pubhtml/sheet?headers=false&gid=35611471&range=A1%3Ah100
scandal,season seven,https://tvseriesfinale.com/tv-show/scandal-season-seven-ratings/,https://docs.google.com/spreadsheets/d/e/2PACX-1vTlE5lTHpAmKbEOIFMoMB5xW95pIvYxFgcblbWzKL4ZDLRBAVL3Bt3WtXzA65dzsHZXuOrwhIXlQOfq/pubhtml/sheet?headers=false&gid=610301531&range=A1%3Ah100
scenes from a marriage,season one,https://tvseriesfinale.com/tv-show/scenes-from-a-marriage-season-one-ratings/,https://docs.google.com/spreadsheets/d/1QU8U82xgr8GURmJc3eR0Y4w7ppxwfNsp6dhPnzcs4bw/pubhtml/sheet?headers=false&gid=2058843113&range=A1%3AG19&output=html&rm=minimal
schitts creek,season four,https://tvseriesfinale.com/tv-show/schitts-creek-season-four-ratings/,https://docs.google.com/spreadsheets/d/1GI9eIM1XmSbdKMy4x6m9Vtw870FZpJ3G9suxs69lTz8/pubhtml/sheet?headers=false&gid=1345507185&range=A1%3AG46
schitts creek,season five,https://tvseriesfinale.com/tv-show/schitts-creek-season-five-ratings/,https://docs.google.com/spreadsheets/d/1GI9eIM1XmSbdKMy4x6m9Vtw870FZpJ3G9suxs69lTz8/pubhtml/sheet?headers=false&gid=1700982190&range=A1%3AG46
schitts creek,season six,https://tvseriesfinale.com/tv-show/schitts-creek-season-six-ratings/,https://docs.google.com/spreadsheets/d/1GI9eIM1XmSbdKMy4x6m9Vtw870FZpJ3G9suxs69lTz8/pubhtml/sheet?headers=false&gid=1752465066&range=A1%3AG46
schooled,season one,https://tvseriesfinale.com/tv-show/schooled-season-one-ratings/,https://docs.google.com/spreadsheets/d/1Z54g0izrymDxV0QDkwOGE9auYHrCu-FTYNpPDykzPJ8/pubhtml/sheet?headers=false&gid=376265343&range=A1%3Ah100
schooled,season two,https://tvseriesfinale.com/tv-show/schooled-season-two-ratings/,https://docs.google.com/spreadsheets/d/e/2PACX-1vTrXdDjlQ_DsAe7hNjPK48UpmMYmbZE2_I1S3x0frJJbOh448s7NI2vSBYNr_z6DgMwoksah-NZBkKB/pubhtml/sheet?headers=false&gid=490508219&range=A1%3Ah100
scorpion,season three,https://tvseriesfinale.com/tv-show/scorpion-season-three-ratings/,https://docs.google.com/spreadsheets/d/1Ub6cOIe00Wo4XJdKk3yPaVemFqvLqQghNx37sCpoMZM/pubhtml/sheet?headers=false&gid=588569028&range=A1%3Ah100
scorpion,season four,https://tvseriesfinale.com/tv-show/scorpion-season-four-ratings/,https://docs.google.com/spreadsheets/d/e/2PACX-1vT3vh7mmYQQq1m3g7KQMsmlr1cEvnVRX6aVWRwp6JU7F2hy06mf_irW7uwbTdww_G47LBmS64qNTLkG/pubhtml/sheet?headers=false&gid=2084213678&range=A1%3Ah100
seal team,season one,https://tvseriesfinale.com/tv-show/seal-team-season-one-ratings/,https://docs.google.com/spreadsheets/d/e/2PACX-1vT3vh7mmYQQq1m3g7KQMsmlr1cEvnVRX6aVWRwp6JU7F2hy06mf_irW7uwbTdww_G47LBmS64qNTLkG/pubhtml/sheet?headers=false&gid=488504046&range=A1%3Ah100
seal team,season two,https://tvseriesfinale.com/tv-show/seal-team-season-two-ratings/,https://docs.google.com/spreadsheets/d/1qlYGtdgF6N3UIJArkhteiD8B0zo8akewHTR0Jd_ceOE/pubhtml/sheet?headers=false&gid=488504046&range=A1%3Ah100
seal team,season three,https://tvseriesfinale.com/tv-show/seal-team-season-three-ratings/,https://docs.google.com/spreadsheets/d/e/2PACX-1vT0r9Z1zIFp1HCpQK8PJDq8yeZzWrPf8e5BhFbpOvRROSxNyF6FMc5WC4jKRtnUWwnK66Gam6BNkEHI/pubhtml/sheet?headers=false&gid=1055230266&range=A1%3Ah100
seal team,season four,https://tvseriesfinale.com/tv-show/seal-team-season-four-ratings/,https://docs.google.com/spreadsheets/d/1dBByBwNRkBxn64JkURCCBbkdekn50VAxa3AfH7pZK04/pubhtml/sheet?headers=false&gid=1027530563&range=A1%3Ah100
seal team,season five,https://tvseriesfinale.com/tv-show/seal-team-season-five-ratings/,https://docs.google.com/spreadsheets/d/1gPmjJd_L8Sp9Vp5qI5sfS69ztHiav5B4fFPrTOSmVMs/pubhtml/sheet?headers=false&gid=1603575786&range=A1%3Ah100
search party,season two,https://tvseriesfinale.com/tv-show/search-party-season-two-ratings/,https://docs.google.com/spreadsheets/d/1eh7nTgIxbi8a9fuPk03eCgyj472TxoA3NMIrNcySQb8/pubhtml/sheet?headers=false&gid=227752456&range=A1%3AG100
secret celebrity renovation,season one,https://tvseriesfinale.com/tv-show/secret-celebrity-renovation-season-one-ratings/,https://docs.google.com/spreadsheets/d/1dBByBwNRkBxn64JkURCCBbkdekn50VAxa3AfH7pZK04/pubhtml/sheet?headers=false&gid=491357087&range=A1%3Ah100
secret celebrity renovation,season two,https://tvseriesfinale.com/tv-show/secret-celebrity-renovation-season-two-ratings/,https://docs.google.com/spreadsheets/d/1gPmjJd_L8Sp9Vp5qI5sfS69ztHiav5B4fFPrTOSmVMs/pubhtml/sheet?headers=false&gid=651474670&range=A1%3Ah100
secret celebrity renovation,season three,https://tvseriesfinale.com/tv-show/secret-celebrity-renovation-season-three-ratings/,https://docs.google.com/spreadsheets/d/1_sakYamJH4LVbbDwVcQ-b6tvhOWWTnOVbh4nIqrMlVM/pubhtml/sheet?headers=false&gid=939602547&range=A1%3Ah100
secrets lies,season two,https://tvseriesfinale.com/tv-show/secrets-lies-season-two-ratings/,https://docs.google.com/spreadsheets/d/1ToHTY-SGH1wLEo31kKz9TOE5PsdpBE20kqtr1BhJBVA/pubhtml/sheet?headers=false&gid=971147301&range=A1%3Ah100
the serpent queen,season one,https://tvseriesfinale.com/tv-show/the-serpent-queen-season-one-ratings/,https://docs.google.com/spreadsheets/d/1-xha-SEcC1L6_KlAxjxMArlpX2A8XY1grDeo58d922E/pubhtml/sheet?headers=false&gid=844216868&range=A1%3AG100&output=html&rm=minimal
shades of blue,season two,https://tvseriesfinale.com/tv-show/shades-of-blue-season-two-ratings/,https://docs.google.com/spreadsheets/d/1EJ3FkRtr5NpRjuRFfdwm30sttYn4sLEgjJ8Wcl6XObU/pubhtml/sheet?headers=false&gid=1034440501&range=A1%3Ah100
shades of blue,season three,https://tvseriesfinale.com/tv-show/shades-of-blue-season-three-ratings/,https://docs.google.com/spreadsheets/d/e/2PACX-1vSbDlv8pGgTvsiGGgnQ0icBwo7pLFDRo4Jd9SNGQp2UVAXALuO-q0ukrsBaa2PvdfaDG7yK8Z-15Ldp/pubhtml/sheet?headers=false&gid=417451233&range=A1%3Ah100
shadowhunters,season two,https://tvseriesfinale.com/tv-show/shadowhunters-season-two-ratings/,https://docs.google.com/spreadsheets/d/1cnttQo1fIxTypKG3x19Ax0Zh4Pn8dtfzDfO4lVWsi6Y/pubhtml/sheet?headers=false&gid=720916120&range=A1:G120
shadowhunters,season three,https://tvseriesfinale.com/tv-show/shadowhunters-season-three-ratings/,
shameless,season eight,https://tvseriesfinale.com/tv-show/shameless-season-eight-ratings/,https://docs.google.com/spreadsheets/d/13_jTGvVcJocGGMZhhC2fdGIsx1znj_LvslHru7vALRA/pubhtml/sheet?headers=false&gid=1957588908&range=A1%3AG100
shameless,season nine,https://tvseriesfinale.com/tv-show/shameless-season-nine-ratings/,https://docs.google.com/spreadsheets/d/13_jTGvVcJocGGMZhhC2fdGIsx1znj_LvslHru7vALRA/pubhtml/sheet?headers=false&gid=2071408512&range=A1%3AG100
shameless,season 10,https://tvseriesfinale.com/tv-show/shameless-season-10-ratings/,
shameless,season 11,https://tvseriesfinale.com/tv-show/shameless-season-11-ratings/,https://docs.google.com/spreadsheets/d/13_jTGvVcJocGGMZhhC2fdGIsx1znj_LvslHru7vALRA/pubhtml/sheet?headers=false&gid=896199242&range=A1%3AG100
shannara chronicles,season two,https://tvseriesfinale.com/tv-show/shannara-chronicles-season-two-ratings/,https://docs.google.com/spreadsheets/d/1TVuPPYWjLX0S3WrKO5AogtfcZ95_B1EHvknn6U1utU8/pubhtml/sheet?headers=false&gid=1996078257&range=A1%3AG46
sharp objects,season one,https://tvseriesfinale.com/tv-show/sharp-objects-season-one-ratings/,
shark tank,season eight,https://tvseriesfinale.com/tv-show/shark-tank-season-eight-ratings/,https://docs.google.com/spreadsheets/d/1ToHTY-SGH1wLEo31kKz9TOE5PsdpBE20kqtr1BhJBVA/pubhtml/sheet?headers=false&gid=2027515978&range=A1%3Ah100
shark tank,season eight,https://tvseriesfinale.com/tv-show/shark-tank-season-eight-ratings/,https://docs.google.com/spreadsheets/d/1ToHTY-SGH1wLEo31kKz9TOE5PsdpBE20kqtr1BhJBVA/pubhtml/sheet?headers=false&gid=2027515978&range=A1%3Ah100
shark tank,season nine,https://tvseriesfinale.com/tv-show/shark-tank-season-nine-ratings/,https://docs.google.com/spreadsheets/d/e/2PACX-1vTlE5lTHpAmKbEOIFMoMB5xW95pIvYxFgcblbWzKL4ZDLRBAVL3Bt3WtXzA65dzsHZXuOrwhIXlQOfq/pubhtml/sheet?headers=false&gid=1621228220&range=A1%3Ah100
shark tank,season 10,https://tvseriesfinale.com/tv-show/shark-tank-season-10-ratings/,https://docs.google.com/spreadsheets/d/1Z54g0izrymDxV0QDkwOGE9auYHrCu-FTYNpPDykzPJ8/pubhtml/sheet?headers=false&gid=1621228220&range=A1%3Ah100
shark tank,season 11,https://tvseriesfinale.com/tv-show/shark-tank-season-11-ratings/,https://docs.google.com/spreadsheets/d/e/2PACX-1vTrXdDjlQ_DsAe7hNjPK48UpmMYmbZE2_I1S3x0frJJbOh448s7NI2vSBYNr_z6DgMwoksah-NZBkKB/pubhtml/sheet?headers=false&gid=94521393&range=A1%3Ah100
shark tank,season 12,https://tvseriesfinale.com/tv-show/shark-tank-season-12-ratings/,https://docs.google.com/spreadsheets/d/1NS9t3Pv-5_wq_fCkMbQDlf0scWZ_TYTsLp38Z8jaw_M/pubhtml/sheet?headers=false&gid=1624311076&range=A1%3Ah100
shark tank,season 13,https://tvseriesfinale.com/tv-show/shark-tank-season-13-ratings/,https://docs.google.com/spreadsheets/d/1UHVhAstyDVbA_72wuwSMX7TAPuO4Z_5sX1xbcmNjr2s/pubhtml/sheet?headers=false&gid=171720331&range=A1%3Ah100
shark tank,season 14,https://tvseriesfinale.com/tv-show/shark-tank-season-14-ratings/,https://docs.google.com/spreadsheets/d/1yWN1t7MlPk9jroVeTgGH5-U5sp5XVcZJclGsrnyl5bI/pubhtml/sheet?headers=false&gid=1409805578&range=A1%3Ah100
shark tank,season 15,https://tvseriesfinale.com/tv-show/shark-tank-season-15-ratings/,https://docs.google.com/spreadsheets/d/15KTevMXvt9KrUmg0EAioSoNjNmhfRebf0-72WnZYlK8/pubhtml/sheet?headers=false&gid=1165399066&range=A1%3Ah100
shining vale,season one,https://tvseriesfinale.com/tv-show/shining-vale-season-one-ratings/%27,https://docs.google.com/spreadsheets/d/1-xha-SEcC1L6_KlAxjxMArlpX2A8XY1grDeo58d922E/pubhtml/sheet?headers=false&gid=1565543866&range=A1%3AG100&output=html&rm=minimal
shining vale,season two,https://tvseriesfinale.com/tv-show/shining-vale-season-two-ratings/,https://docs.google.com/spreadsheets/d/1-xha-SEcC1L6_KlAxjxMArlpX2A8XY1grDeo58d922E/pubhtml/sheet?headers=false&gid=1676042895&range=A1%3AG100&output=html&rm=minimal
shooter,season two,https://tvseriesfinale.com/tv-show/shooter-season-two-ratings/,https://docs.google.com/spreadsheets/d/16ijMnEb6P7NAqfPf35N_MyL5ueoHOV2HD01zJ1iXjDI/pubhtml/sheet?headers=false&gid=1736167919&range=A1:G120
shooter,season three,https://tvseriesfinale.com/tv-show/shooter-season-three-ratings/,https://docs.google.com/spreadsheets/d/16ijMnEb6P7NAqfPf35N_MyL5ueoHOV2HD01zJ1iXjDI/pubhtml/sheet?headers=false&gid=809512795&range=A1:G120
showtime at the apollo,season one,https://tvseriesfinale.com/tv-show/showtime-at-the-apollo-season-one-ratings/,https://docs.google.com/spreadsheets/d/1ftMGnLJFFncsXKJ6saeTkxhdfa23cittfFA2Z2rVogM/pubhtml/sheet?headers=false&gid=2046942239&range=A1%3Ah100
sight unseen,season one,https://tvseriesfinale.com/tv-show/sight-unseen-season-one-ratings/,https://docs.google.com/spreadsheets/d/1VOF9EearmNFEo8w6vHiQipNNQVkvI529Yr3CG1qfSnQ/pubhtml/sheet?headers=false&gid=1759744011&range=A1%3Ah100
silicon valley,season four,https://tvseriesfinale.com/tv-show/silicon-valley-season-four-ratings/,https://docs.google.com/spreadsheets/d/1QU8U82xgr8GURmJc3eR0Y4w7ppxwfNsp6dhPnzcs4bw/pubhtml/sheet?headers=false&gid=1940401488&range=A1%3AG19&output=html&rm=minimal
silicon valley,season five,https://tvseriesfinale.com/tv-show/silicon-valley-season-five-ratings/,https://docs.google.com/spreadsheets/d/1QU8U82xgr8GURmJc3eR0Y4w7ppxwfNsp6dhPnzcs4bw/pubhtml/sheet?headers=false&gid=1941158021&range=A1%3AG19&output=html&rm=minimal
silicon valley,season six,https://tvseriesfinale.com/tv-show/silicon-valley-season-six-ratings/,https://docs.google.com/spreadsheets/d/1QU8U82xgr8GURmJc3eR0Y4w7ppxwfNsp6dhPnzcs4bw/pubhtml/sheet?headers=false&gid=1995314039&range=A1%3AG19&output=html&rm=minimal
the simpsons,season 29,https://tvseriesfinale.com/tv-show/the-simpsons-season-29-ratings/,https://docs.google.com/spreadsheets/d/1ftMGnLJFFncsXKJ6saeTkxhdfa23cittfFA2Z2rVogM/pubhtml/sheet?headers=false&gid=858425142&range=A1%3Ah100
the simpsons,season 30,https://tvseriesfinale.com/tv-show/the-simpsons-season-30-ratings/,https://docs.google.com/spreadsheets/d/1n4PyBtJrphtdfhiPq884nmoV8wIMKHVrgbvYhJ-DV80/pubhtml/sheet?headers=false&gid=858425142&range=A1%3Ah100
the simpsons,season 31,https://tvseriesfinale.com/tv-show/the-simpsons-season-31-ratings/,https://docs.google.com/spreadsheets/d/e/2PACX-1vRmoC8hQFbZMNtUzmwwjsO_0gIf7KnWMgEOC-2a4Bh_rCX1LCdAm6b-BWNfoIlttnPf2iy_4KQj0eFo/pubhtml/sheet?headers=false&gid=1694886208&range=A1%3Ah100
the simpsons,season 32,https://tvseriesfinale.com/tv-show/the-simpsons-season-32-ratings/,https://docs.google.com/spreadsheets/d/1um1vJjK_QbewPMm0sO1CczrrgO2FDmtjdN74LteZN7g/pubhtml/sheet?headers=false&gid=168591103&range=A1%3Ah100
the simpsons,season 33,https://tvseriesfinale.com/tv-show/the-simpsons-season-33-ratings/,https://docs.google.com/spreadsheets/d/1PlugKIBMoFJpsdg8AZIYiS56GA8u5BxmNnpQ5v0wx1Q/pubhtml/sheet?headers=false&gid=1830604059&range=A1%3Ah100
the simpsons,season 34,https://tvseriesfinale.com/tv-show/the-simpsons-season-34-ratings/,https://docs.google.com/spreadsheets/d/1bCcF_doylXV5Q45d8vITOJBvhw6a3YcB2aJApWPLCGw/pubhtml/sheet?headers=false&gid=1830604059&range=A1%3Ah100
the simpsons,season 35,https://tvseriesfinale.com/tv-show/the-simpsons-season-35-ratings/,https://docs.google.com/spreadsheets/d/1gho_2zWLswUjY_ZpmoiMhFa0JCIIjFpOuxah5J-ltYk/pubhtml/sheet?headers=false&gid=67087951&range=A1%3Ah100
single drunk female,season one,https://tvseriesfinale.com/tv-show/single-drunk-female-season-one-ratings/,https://docs.google.com/spreadsheets/d/1cnttQo1fIxTypKG3x19Ax0Zh4Pn8dtfzDfO4lVWsi6Y/pubhtml/sheet?headers=false&gid=582649157&range=A1:G120
single drunk female,season two,https://tvseriesfinale.com/tv-show/single-drunk-female-season-two-ratings/,https://docs.google.com/spreadsheets/d/1cnttQo1fIxTypKG3x19Ax0Zh4Pn8dtfzDfO4lVWsi6Y/pubhtml/sheet?headers=false&gid=1221677002&range=A1:G120
single parents,season two,https://tvseriesfinale.com/tv-show/single-parents-season-two-ratings/,https://docs.google.com/spreadsheets/d/e/2PACX-1vTrXdDjlQ_DsAe7hNjPK48UpmMYmbZE2_I1S3x0frJJbOh448s7NI2vSBYNr_z6DgMwoksah-NZBkKB/pubhtml/sheet?headers=false&gid=1305517298&range=A1%3Ah100
sinner,season one,https://tvseriesfinale.com/tv-show/sinner-season-one-ratings/,https://docs.google.com/spreadsheets/d/16ijMnEb6P7NAqfPf35N_MyL5ueoHOV2HD01zJ1iXjDI/pubhtml/sheet?headers=false&gid=59285857&range=A1:G120
sinner,season two,https://tvseriesfinale.com/tv-show/sinner-season-two-ratings/,https://docs.google.com/spreadsheets/d/16ijMnEb6P7NAqfPf35N_MyL5ueoHOV2HD01zJ1iXjDI/pubhtml/sheet?headers=false&gid=544976775&range=A1:G120
the sinner,season three,https://tvseriesfinale.com/tv-show/the-sinner-season-three-ratings/,https://docs.google.com/spreadsheets/d/16ijMnEb6P7NAqfPf35N_MyL5ueoHOV2HD01zJ1iXjDI/pubhtml/sheet?headers=false&gid=1752010624&range=A1:G120
the sinner,season four,https://tvseriesfinale.com/tv-show/the-sinner-season-four-ratings/,https://docs.google.com/spreadsheets/d/16ijMnEb6P7NAqfPf35N_MyL5ueoHOV2HD01zJ1iXjDI/pubhtml/sheet?headers=false&gid=1982970283&range=A1:G120
siren,season one,https://tvseriesfinale.com/tv-show/siren-season-one-ratings/,https://docs.google.com/spreadsheets/d/1cnttQo1fIxTypKG3x19Ax0Zh4Pn8dtfzDfO4lVWsi6Y/pubhtml/sheet?headers=false&gid=783648366&range=A1:G120
siren,season two,https://tvseriesfinale.com/tv-show/siren-season-two-ratings/,https://docs.google.com/spreadsheets/d/1cnttQo1fIxTypKG3x19Ax0Zh4Pn8dtfzDfO4lVWsi6Y/pubhtml/sheet?headers=false&gid=560956575&range=A1:G120
siren,season three,https://tvseriesfinale.com/tv-show/siren-season-three-ratings/,https://docs.google.com/spreadsheets/d/1cnttQo1fIxTypKG3x19Ax0Zh4Pn8dtfzDfO4lVWsi6Y/pubhtml/sheet?headers=false&gid=784193773&range=A1:G120
six tv show history,season one,https://tvseriesfinale.com/tv-show/six-tv-show-history-season-one-ratings/,https://docs.google.com/spreadsheets/d/1tt5XZ5VVvGoKa7WdTvB8S6DdNxoCY2tuo5QS6fZTFzU/pubhtml/sheet?headers=false&gid=1498994686&range=A1%3AG97&output=html&rm=minimal
six,season two,https://tvseriesfinale.com/tv-show/six-season-two-ratings/,https://docs.google.com/spreadsheets/d/1tt5XZ5VVvGoKa7WdTvB8S6DdNxoCY2tuo5QS6fZTFzU/pubhtml/sheet?headers=false&gid=241582887&range=A1%3AG97&output=html&rm=minimal
small fortune,season one,https://tvseriesfinale.com/tv-show/small-fortune-season-one-ratings/,https://docs.google.com/spreadsheets/d/10un34Z5y-n7KeT3gb_7cpWX7fhoO90wr1mlus7eRKcs/pubhtml/sheet?headers=false&gid=960743116&range=A1%3Ah100
smilf,season one,https://tvseriesfinale.com/tv-show/smilf-season-one-ratings/,https://docs.google.com/spreadsheets/d/13_jTGvVcJocGGMZhhC2fdGIsx1znj_LvslHru7vALRA/pubhtml/sheet?headers=false&gid=1847545333&range=A1%3AG100
smilf,season two,https://tvseriesfinale.com/tv-show/smilf-season-two-ratings/,https://docs.google.com/spreadsheets/d/13_jTGvVcJocGGMZhhC2fdGIsx1znj_LvslHru7vALRA/pubhtml/sheet?headers=false&gid=788967496&range=A1%3AG100
snake oil,season one,https://tvseriesfinale.com/tv-show/snake-oil-season-one-ratings/,https://docs.google.com/spreadsheets/d/1gho_2zWLswUjY_ZpmoiMhFa0JCIIjFpOuxah5J-ltYk/pubhtml/sheet?headers=false&gid=1740442377&range=A1%3Ah100
snowfall,season one,https://tvseriesfinale.com/tv-show/snowfall-season-one-ratings/,https://docs.google.com/spreadsheets/d/1DdYBR3HPqX7CL7Inge6KsMqvRhBXC7K--484-vIofrk/pubhtml/sheet?headers=false&gid=1298374144&range=A1%3AG97&output=html&rm=minimal
snowfall,season two,https://tvseriesfinale.com/tv-show/snowfall-season-two-ratings/,https://docs.google.com/spreadsheets/d/1DdYBR3HPqX7CL7Inge6KsMqvRhBXC7K--484-vIofrk/pubhtml/sheet?headers=false&gid=1889014975&range=A1%3AG97&output=html&rm=minimal
snowfall,season three,https://tvseriesfinale.com/tv-show/snowfall-season-three-ratings/,https://docs.google.com/spreadsheets/d/1DdYBR3HPqX7CL7Inge6KsMqvRhBXC7K--484-vIofrk/pubhtml/sheet?headers=false&gid=1766676305&range=A1%3AG97&output=html&rm=minimal
snowfall,season four,https://tvseriesfinale.com/tv-show/snowfall-season-four-ratings/,https://docs.google.com/spreadsheets/d/1DdYBR3HPqX7CL7Inge6KsMqvRhBXC7K--484-vIofrk/pubhtml/sheet?headers=false&gid=1334472973&range=A1%3AG97&output=html&rm=minimal
snowfall,season five,https://tvseriesfinale.com/tv-show/snowfall-season-five-ratings/,https://docs.google.com/spreadsheets/d/1DdYBR3HPqX7CL7Inge6KsMqvRhBXC7K--484-vIofrk/pubhtml/sheet?headers=false&gid=519637468&range=A1%3AG97&output=html&rm=minimal
snowfall,season six,https://tvseriesfinale.com/tv-show/snowfall-season-six-ratings/,https://docs.google.com/spreadsheets/d/1DdYBR3HPqX7CL7Inge6KsMqvRhBXC7K--484-vIofrk/pubhtml/sheet?headers=false&gid=201720010&range=A1%3AG97&output=html&rm=minimal
snowpiercer,season one,https://tvseriesfinale.com/tv-show/snowpiercer-season-one-ratings/,https://docs.google.com/spreadsheets/d/1QtBG-fGZvsxYy32ltEqEbyD_Vp9XHOYSt9-6wyprIS4/pubhtml/sheet?headers=false&gid=231647156&range=A1%3AG46
snowpiercer,season two,https://tvseriesfinale.com/tv-show/snowpiercer-season-two-ratings/,https://docs.google.com/spreadsheets/d/1QtBG-fGZvsxYy32ltEqEbyD_Vp9XHOYSt9-6wyprIS4/pubhtml/sheet?headers=false&gid=1296246730&range=A1%3AG46
snowpiercer,season three,https://tvseriesfinale.com/tv-show/snowpiercer-season-three-ratings/,https://docs.google.com/spreadsheets/d/1QtBG-fGZvsxYy32ltEqEbyD_Vp9XHOYSt9-6wyprIS4/pubhtml/sheet?headers=false&gid=853609317&range=A1%3AG46
so help me todd,season one,https://tvseriesfinale.com/tv-show/so-help-me-todd-season-one-ratings/,https://docs.google.com/spreadsheets/d/1_sakYamJH4LVbbDwVcQ-b6tvhOWWTnOVbh4nIqrMlVM/pubhtml/sheet?headers=false&gid=250870814&range=A1%3Ah100
so help me todd,season two,https://tvseriesfinale.com/tv-show/so-help-me-todd-season-two-ratings/,https://docs.google.com/spreadsheets/d/1Ii2QZoWwUROqd4TnVe05t4fNPdqfeER4kQIpqwyDIs4/pubhtml/sheet?headers=false&gid=1067303122&range=A1%3Ah100
think can dance,season 13,https://tvseriesfinale.com/tv-show/think-can-dance-season-13-ratings/,https://docs.google.com/spreadsheets/d/1svT8H-CRjkct9zipyrweQiL2wpYFxpFVjFjokx7QETI/pubhtml/sheet?headers=false&gid=203647394&range=A1%3Ah40
think can dance,season 14,https://tvseriesfinale.com/tv-show/think-can-dance-season-14-ratings/,https://docs.google.com/spreadsheets/d/1avKfTwLT9jXPNSzSisElW1a1bufQnuPCAwE_k817Z90/pubhtml/sheet?headers=false&gid=323682910&range=A1%3Ah100
so you think you can dance,season 15,https://tvseriesfinale.com/tv-show/so-you-think-you-can-dance-season-15-ratings/,https://docs.google.com/spreadsheets/d/1ftMGnLJFFncsXKJ6saeTkxhdfa23cittfFA2Z2rVogM/pubhtml/sheet?headers=false&gid=107787049&range=A1%3Ah100
so you think you can dance,season 16,https://tvseriesfinale.com/tv-show/so-you-think-you-can-dance-season-16-ratings/,https://docs.google.com/spreadsheets/d/1n4PyBtJrphtdfhiPq884nmoV8wIMKHVrgbvYhJ-DV80/pubhtml/sheet?headers=false&gid=1410934683&range=A1%3Ah100
so you think you can dance,season 17,https://tvseriesfinale.com/tv-show/so-you-think-you-can-dance-season-17-ratings/,https://docs.google.com/spreadsheets/d/1PlugKIBMoFJpsdg8AZIYiS56GA8u5BxmNnpQ5v0wx1Q/pubhtml/sheet?headers=false&gid=1926145621&range=A1%3Ah100
so you think you can dance,season 18,https://tvseriesfinale.com/tv-show/so-you-think-you-can-dance-season-18-ratings/,https://docs.google.com/spreadsheets/d/1gho_2zWLswUjY_ZpmoiMhFa0JCIIjFpOuxah5J-ltYk/pubhtml/sheet?headers=false&gid=1285661595&range=A1%3Ah100
somebody somewhere,season one,https://tvseriesfinale.com/tv-show/somebody-somewhere-season-one-ratings/,https://docs.google.com/spreadsheets/d/1QU8U82xgr8GURmJc3eR0Y4w7ppxwfNsp6dhPnzcs4bw/pubhtml/sheet?headers=false&gid=1203930578&range=A1%3AG19&output=html&rm=minimal
somebody somewhere,season two,https://tvseriesfinale.com/tv-show/somebody-somewhere-season-two-ratings/,https://docs.google.com/spreadsheets/d/1QU8U82xgr8GURmJc3eR0Y4w7ppxwfNsp6dhPnzcs4bw/pubhtml/sheet?headers=false&gid=1886872380&range=A1%3AG19&output=html&rm=minimal
somewhere between,season one,https://tvseriesfinale.com/tv-show/somewhere-between-season-one-ratings/,https://docs.google.com/spreadsheets/d/1ToHTY-SGH1wLEo31kKz9TOE5PsdpBE20kqtr1BhJBVA/pubhtml/sheet?headers=false&gid=426425718&range=A1%3Ah100
the son,season one,https://tvseriesfinale.com/tv-show/the-son-season-one-ratings/,https://docs.google.com/spreadsheets/d/13J-oeB6b8gpR4AGlw7PZS-4FvjvPKN5_0JFfGwsDXG4/pubhtml/sheet?headers=false&gid=1663004249&range=A1%3AG23&output=html&rm=minimal
the son,season two,https://tvseriesfinale.com/tv-show/the-son-season-two-ratings/,https://docs.google.com/spreadsheets/d/13J-oeB6b8gpR4AGlw7PZS-4FvjvPKN5_0JFfGwsDXG4/pubhtml/sheet?headers=false&gid=1242619643&range=A1%3AG23&output=html&rm=minimal
son of a critch,season one,https://tvseriesfinale.com/tv-show/son-of-a-critch-season-one-ratings/,https://docs.google.com/spreadsheets/d/1qwTMXm7xEOvj2UJCK2EP9eCl3-calTWTXMXFx6_z1oA/pubhtml/sheet?headers=false&gid=769714383&range=A1%3Ah100
son of a critch,season two,https://tvseriesfinale.com/tv-show/son-of-a-critch-season-two-ratings/,https://docs.google.com/spreadsheets/d/1VOF9EearmNFEo8w6vHiQipNNQVkvI529Yr3CG1qfSnQ/pubhtml/sheet?headers=false&gid=1146331033&range=A1%3Ah100
son of a critch,season three,https://tvseriesfinale.com/tv-show/son-of-a-critch-season-three-ratings/,https://docs.google.com/spreadsheets/d/1VOF9EearmNFEo8w6vHiQipNNQVkvI529Yr3CG1qfSnQ/pubhtml/sheet?headers=false&gid=463190483&range=A1%3Ah100
songland,season one,https://tvseriesfinale.com/tv-show/songland-season-one-ratings/,https://docs.google.com/spreadsheets/d/1xFhCp0TeNw3qt7L-sjT6GVG1Fq3rxa3v6tGV_EhW0Bc/pubhtml/sheet?headers=false&gid=1808928775&range=A1%3Ah100
songland,season two,https://tvseriesfinale.com/tv-show/songland-season-two-ratings/,https://docs.google.com/spreadsheets/d/e/2PACX-1vRtVj2UE-OnOA12xp1fNuzjlRH3leED-mA5SsVYu5siarlfm8OVy5EHBpyoUlI9ICBIQzZ2hnLviUro/pubhtml/sheet?headers=false&gid=296286931&range=A1%3Ah100
soul of a nation,season one,https://tvseriesfinale.com/tv-show/soul-of-a-nation-season-one-ratings/,https://docs.google.com/spreadsheets/d/1NS9t3Pv-5_wq_fCkMbQDlf0scWZ_TYTsLp38Z8jaw_M/pubhtml/sheet?headers=false&gid=577512330&range=A1%3Ah100
soulmates,season one,https://tvseriesfinale.com/tv-show/soulmates-season-one-ratings/,https://docs.google.com/spreadsheets/d/13J-oeB6b8gpR4AGlw7PZS-4FvjvPKN5_0JFfGwsDXG4/pubhtml/sheet?headers=false&gid=372685836&range=A1%3AG23&output=html&rm=minimal
south park,season 21,https://tvseriesfinale.com/tv-show/south-park-season-21-ratings/,https://docs.google.com/spreadsheets/d/1TlUrr7x4sodWNr-S-N8Z1uB3bHn0ftZMVjZJpLyeme8/pubhtml/sheet?headers=false&gid=2067553917&range=A1%3AG97&output=html&rm=minimal
south park,season 22,https://tvseriesfinale.com/tv-show/south-park-season-22-ratings/,https://docs.google.com/spreadsheets/d/1TlUrr7x4sodWNr-S-N8Z1uB3bHn0ftZMVjZJpLyeme8/pubhtml/sheet?headers=false&gid=1792827696&range=A1%3AG97&output=html&rm=minimal
south park,season 23,https://tvseriesfinale.com/tv-show/south-park-season-23-ratings/,https://docs.google.com/spreadsheets/d/1TlUrr7x4sodWNr-S-N8Z1uB3bHn0ftZMVjZJpLyeme8/pubhtml/sheet?headers=false&gid=780376831&range=A1%3AG97&output=html&rm=minimal
south park,season 25,https://tvseriesfinale.com/tv-show/south-park-season-25-ratings/,https://docs.google.com/spreadsheets/d/1TlUrr7x4sodWNr-S-N8Z1uB3bHn0ftZMVjZJpLyeme8/pubhtml/sheet?headers=false&gid=37026578&range=A1:G120
south park,season 26,https://tvseriesfinale.com/tv-show/south-park-season-26-ratings/,https://docs.google.com/spreadsheets/d/1TlUrr7x4sodWNr-S-N8Z1uB3bHn0ftZMVjZJpLyeme8/pubhtml/sheet?headers=false&gid=404936744&range=A1:G120
the spanish princess,season one,https://tvseriesfinale.com/tv-show/the-spanish-princess-season-one-ratings/,https://docs.google.com/spreadsheets/d/1-xha-SEcC1L6_KlAxjxMArlpX2A8XY1grDeo58d922E/pubhtml/sheet?headers=false&gid=497562977&range=A1%3AG100&output=html&rm=minimal
spartan ultimate team challenge,season two,https://tvseriesfinale.com/tv-show/spartan-ultimate-team-challenge-season-two-ratings/,https://docs.google.com/spreadsheets/d/1EJ3FkRtr5NpRjuRFfdwm30sttYn4sLEgjJ8Wcl6XObU/pubhtml/sheet?headers=false&gid=2088707885&range=A1%3Ah100
special forces worlds toughest test,season one,https://tvseriesfinale.com/tv-show/special-forces-worlds-toughest-test-season-one-ratings/,https://docs.google.com/spreadsheets/d/1bCcF_doylXV5Q45d8vITOJBvhw6a3YcB2aJApWPLCGw/pubhtml/sheet?headers=false&gid=2006897261&range=A1%3Ah100
special forces worlds toughest test,season two,https://tvseriesfinale.com/tv-show/special-forces-worlds-toughest-test-season-two-ratings/,https://docs.google.com/spreadsheets/d/1gho_2zWLswUjY_ZpmoiMhFa0JCIIjFpOuxah5J-ltYk/pubhtml/sheet?headers=false&gid=1095173202&range=A1%3Ah100
speechless,season one,https://tvseriesfinale.com/tv-show/speechless-season-one-ratings/,https://docs.google.com/spreadsheets/d/1ToHTY-SGH1wLEo31kKz9TOE5PsdpBE20kqtr1BhJBVA/pubhtml/sheet?headers=false&gid=944562240&range=A1%3Ah100
speechless,season two,https://tvseriesfinale.com/tv-show/speechless-season-two-ratings/,https://docs.google.com/spreadsheets/d/e/2PACX-1vTlE5lTHpAmKbEOIFMoMB5xW95pIvYxFgcblbWzKL4ZDLRBAVL3Bt3WtXzA65dzsHZXuOrwhIXlQOfq/pubhtml/sheet?headers=false&gid=1489273612&range=A1%3Ah100
the spencer sisters,season one,https://tvseriesfinale.com/tv-show/the-spencer-sisters-season-one-ratings/,https://docs.google.com/spreadsheets/d/1VOF9EearmNFEo8w6vHiQipNNQVkvI529Yr3CG1qfSnQ/pubhtml/sheet?headers=false&gid=591112322&range=A1%3Ah100
spin the wheel,season one,https://tvseriesfinale.com/tv-show/spin-the-wheel-season-one-ratings/,https://docs.google.com/spreadsheets/d/1n4PyBtJrphtdfhiPq884nmoV8wIMKHVrgbvYhJ-DV80/pubhtml/sheet?headers=false&gid=684286404&range=A1%3Ah100
splitting together,season one,https://tvseriesfinale.com/tv-show/splitting-together-season-one-ratings/,https://docs.google.com/spreadsheets/d/e/2PACX-1vTlE5lTHpAmKbEOIFMoMB5xW95pIvYxFgcblbWzKL4ZDLRBAVL3Bt3WtXzA65dzsHZXuOrwhIXlQOfq/pubhtml/sheet?headers=false&gid=1323649749&range=A1%3Ah100
splitting up together,season two,https://tvseriesfinale.com/tv-show/splitting-up-together-season-two-ratings/,https://docs.google.com/spreadsheets/d/1Z54g0izrymDxV0QDkwOGE9auYHrCu-FTYNpPDykzPJ8/pubhtml/sheet?headers=false&gid=1323649749&range=A1%3Ah100
stan against evil,season two,https://tvseriesfinale.com/tv-show/stan-against-evil-season-two-ratings/,https://docs.google.com/spreadsheets/d/13sXAF5Y5oI_xoKPC1XGISfxN5yPin3dEkq2-r05BG2M/pubhtml/sheet?headers=false&gid=1083978116&range=A1%3AG100
stan against evil,season three,https://tvseriesfinale.com/tv-show/stan-against-evil-season-three-ratings/,https://docs.google.com/spreadsheets/d/13sXAF5Y5oI_xoKPC1XGISfxN5yPin3dEkq2-r05BG2M/pubhtml/sheet?headers=false&gid=493179929&range=A1%3AG100
star,season two,https://tvseriesfinale.com/tv-show/star-season-two-ratings/,https://docs.google.com/spreadsheets/d/1ftMGnLJFFncsXKJ6saeTkxhdfa23cittfFA2Z2rVogM/pubhtml/sheet?headers=false&gid=746564623&range=A1%3Ah100
star fox tv show,season three,https://tvseriesfinale.com/tv-show/star-fox-tv-show-season-three-ratings/,https://docs.google.com/spreadsheets/d/1n4PyBtJrphtdfhiPq884nmoV8wIMKHVrgbvYhJ-DV80/pubhtml/sheet?headers=false&gid=746564623&range=A1%3Ah100
star falls,season one,https://tvseriesfinale.com/tv-show/star-falls-season-one-ratings/,https://docs.google.com/spreadsheets/d/1_nqNiYUKx3QSBGCYX9BUfp7wRaQ052jJtOxaNLpt2XI/pubhtml/sheet?headers=false&gid=738322287&range=A1%3AH52&output=html&rm=minimal
stars on mars,season one,https://tvseriesfinale.com/tv-show/stars-on-mars-season-one-ratings/,https://docs.google.com/spreadsheets/d/1bCcF_doylXV5Q45d8vITOJBvhw6a3YcB2aJApWPLCGw/pubhtml/sheet?headers=false&gid=1463981797&range=A1%3Ah100
station 19,season one,https://tvseriesfinale.com/tv-show/station-19-season-one-ratings/,https://docs.google.com/spreadsheets/d/e/2PACX-1vTlE5lTHpAmKbEOIFMoMB5xW95pIvYxFgcblbWzKL4ZDLRBAVL3Bt3WtXzA65dzsHZXuOrwhIXlQOfq/pubhtml/sheet?headers=false&gid=1637176400&range=A1%3Ah100
station 19,season two,https://tvseriesfinale.com/tv-show/station-19-season-two-ratings/,https://docs.google.com/spreadsheets/d/1Z54g0izrymDxV0QDkwOGE9auYHrCu-FTYNpPDykzPJ8/pubhtml/sheet?headers=false&gid=1637176400&range=A1%3Ah100
station 19,season three,https://tvseriesfinale.com/tv-show/station-19-season-three-ratings/,https://docs.google.com/spreadsheets/d/e/2PACX-1vTrXdDjlQ_DsAe7hNjPK48UpmMYmbZE2_I1S3x0frJJbOh448s7NI2vSBYNr_z6DgMwoksah-NZBkKB/pubhtml/sheet?headers=false&gid=1590265188&range=A1%3Ah100
station 19,season four,https://tvseriesfinale.com/tv-show/station-19-season-four-ratings/,https://docs.google.com/spreadsheets/d/1NS9t3Pv-5_wq_fCkMbQDlf0scWZ_TYTsLp38Z8jaw_M/pubhtml/sheet?headers=false&gid=2087030170&range=A1%3Ah100
station 19,season five,https://tvseriesfinale.com/tv-show/station-19-season-five-ratings/,https://docs.google.com/spreadsheets/d/1UHVhAstyDVbA_72wuwSMX7TAPuO4Z_5sX1xbcmNjr2s/pubhtml/sheet?headers=false&gid=2030862037&range=A1%3Ah100
station 19,season six,https://tvseriesfinale.com/tv-show/station-19-season-six-ratings/,https://docs.google.com/spreadsheets/d/1yWN1t7MlPk9jroVeTgGH5-U5sp5XVcZJclGsrnyl5bI/pubhtml/sheet?headers=false&gid=2082131032&range=A1%3Ah100
station 19,season seven,https://tvseriesfinale.com/tv-show/station-19-season-seven-ratings/,https://docs.google.com/spreadsheets/d/15KTevMXvt9KrUmg0EAioSoNjNmhfRebf0-72WnZYlK8/pubhtml/sheet?headers=false&gid=2122471865&range=A1%3Ah100
steve harveys funderdome,season one,https://tvseriesfinale.com/tv-show/steve-harveys-funderdome-season-one-ratings/,https://docs.google.com/spreadsheets/d/1ToHTY-SGH1wLEo31kKz9TOE5PsdpBE20kqtr1BhJBVA/pubhtml/sheet?headers=false&gid=968328591&range=A1%3Ah100
still star crossed,season one,https://tvseriesfinale.com/tv-show/still-star-crossed-season-one-ratings/,https://docs.google.com/spreadsheets/d/1ToHTY-SGH1wLEo31kKz9TOE5PsdpBE20kqtr1BhJBVA/pubhtml/sheet?headers=false&gid=1173877738&range=A1%3Ah100
still king,season one,https://tvseriesfinale.com/tv-show/still-king-season-one-ratings/,https://docs.google.com/spreadsheets/d/1DuzmjDYb1crm9EulmjPiKMaX-ZLFCcda_NPAWX07BcU/pubhtml/sheet?headers=false&gid=1592493120&range=A1%3AG50&output=html&rm=minimal
still the king,season two,https://tvseriesfinale.com/tv-show/still-the-king-season-two-ratings/,https://docs.google.com/spreadsheets/d/1DuzmjDYb1crm9EulmjPiKMaX-ZLFCcda_NPAWX07BcU/pubhtml/sheet?headers=false&gid=697794325&range=A1%3Ag100
stitchers,season three,https://tvseriesfinale.com/tv-show/stitchers-season-three-ratings/,https://docs.google.com/spreadsheets/d/1cnttQo1fIxTypKG3x19Ax0Zh4Pn8dtfzDfO4lVWsi6Y/pubhtml/sheet?headers=false&gid=975486884&range=A1:G120
strain,season three,https://tvseriesfinale.com/tv-show/strain-season-three-ratings/,https://docs.google.com/spreadsheets/d/1DdYBR3HPqX7CL7Inge6KsMqvRhBXC7K--484-vIofrk/pubhtml/sheet?headers=false&gid=616337286&range=A1%3AG97&output=html&rm=minimal
the strain,season four,https://tvseriesfinale.com/tv-show/the-strain-season-four-ratings/,https://docs.google.com/spreadsheets/d/1DdYBR3HPqX7CL7Inge6KsMqvRhBXC7K--484-vIofrk/pubhtml/sheet?headers=false&gid=1194334895&range=A1%3AG97&output=html&rm=minimal
strike back,season six,https://tvseriesfinale.com/tv-show/strike-back-season-six-ratings/,"https://docs.google.com/spreadsheets/d/1cg4Jg0ic8YiLthke5JlF8Fobzk-6LAGkBt9SDz2q9D8/pubhtml/sheet?headers=false&gid=1267449637&range=A1%3AG46&output=html&rm=minimal"""
strike back,season seven,https://tvseriesfinale.com/tv-show/strike-back-season-seven-ratings/,"https://docs.google.com/spreadsheets/d/1cg4Jg0ic8YiLthke5JlF8Fobzk-6LAGkBt9SDz2q9D8/pubhtml/sheet?headers=false&gid=1926571653&range=A1%3AG46&output=html&rm=minimal"""
strike back,season eight,https://tvseriesfinale.com/tv-show/strike-back-season-eight-ratings/,"https://docs.google.com/spreadsheets/d/1cg4Jg0ic8YiLthke5JlF8Fobzk-6LAGkBt9SDz2q9D8/pubhtml/sheet?headers=false&gid=1251856684&range=A1%3AG46&output=html&rm=minimal"""
stumptown,season one,https://tvseriesfinale.com/tv-show/stumptown-season-one-ratings/,https://docs.google.com/spreadsheets/d/e/2PACX-1vTrXdDjlQ_DsAe7hNjPK48UpmMYmbZE2_I1S3x0frJJbOh448s7NI2vSBYNr_z6DgMwoksah-NZBkKB/pubhtml/sheet?headers=false&gid=1372328810&range=A1%3Ah100
succession,season one,https://tvseriesfinale.com/tv-show/succession-season-one-ratings/,https://docs.google.com/spreadsheets/d/1QU8U82xgr8GURmJc3eR0Y4w7ppxwfNsp6dhPnzcs4bw/pubhtml/sheet?headers=false&gid=334512604&range=A1%3AG19&output=html&rm=minimal
succession,season two,https://tvseriesfinale.com/tv-show/succession-season-two-ratings/,https://docs.google.com/spreadsheets/d/1QU8U82xgr8GURmJc3eR0Y4w7ppxwfNsp6dhPnzcs4bw/pubhtml/sheet?headers=false&gid=945771445&range=A1%3AG19&output=html&rm=minimal
succession,season three,https://tvseriesfinale.com/tv-show/succession-season-three-ratings/,https://docs.google.com/spreadsheets/d/1QU8U82xgr8GURmJc3eR0Y4w7ppxwfNsp6dhPnzcs4bw/pubhtml/sheet?headers=false&gid=988515319&range=A1%3AG19&output=html&rm=minimal
succession,season four,https://tvseriesfinale.com/tv-show/succession-season-four-ratings/,https://docs.google.com/spreadsheets/d/1QU8U82xgr8GURmJc3eR0Y4w7ppxwfNsp6dhPnzcs4bw/pubhtml/sheet?headers=false&gid=433700641&range=A1%3AG19&output=html&rm=minimal
suits,season seven,https://tvseriesfinale.com/tv-show/suits-season-seven-ratings/,https://docs.google.com/spreadsheets/d/16ijMnEb6P7NAqfPf35N_MyL5ueoHOV2HD01zJ1iXjDI/pubhtml/sheet?headers=false&gid=219932376&range=A1:G120
suits,season eight,https://tvseriesfinale.com/tv-show/suits-season-eight-ratings/,https://docs.google.com/spreadsheets/d/16ijMnEb6P7NAqfPf35N_MyL5ueoHOV2HD01zJ1iXjDI/pubhtml/sheet?headers=false&gid=2117570540&range=A1:G120
suits,season nine,https://tvseriesfinale.com/tv-show/suits-season-nine-ratings/,https://docs.google.com/spreadsheets/d/16ijMnEb6P7NAqfPf35N_MyL5ueoHOV2HD01zJ1iXjDI/pubhtml/sheet?headers=false&gid=259084208&range=A1:G120
sullivans crossing,season one,https://tvseriesfinale.com/tv-show/sullivans-crossing-season-one-ratings/,https://docs.google.com/spreadsheets/d/1VOF9EearmNFEo8w6vHiQipNNQVkvI529Yr3CG1qfSnQ/pubhtml/sheet?headers=false&gid=698760550&range=A1%3Ah100
sun records,season one,https://tvseriesfinale.com/tv-show/sun-records-season-one-ratings/,https://docs.google.com/spreadsheets/d/1DuzmjDYb1crm9EulmjPiKMaX-ZLFCcda_NPAWX07BcU/pubhtml/sheet?headers=false&gid=1942836577&range=A1%3Ag100
sunday night megyn kelly,season one,https://tvseriesfinale.com/tv-show/sunday-night-megyn-kelly-season-one-ratings/,https://docs.google.com/spreadsheets/d/1EJ3FkRtr5NpRjuRFfdwm30sttYn4sLEgjJ8Wcl6XObU/pubhtml/sheet?headers=false&gid=748649203&range=A1%3Ah100
sunnyside,season one,https://tvseriesfinale.com/tv-show/sunnyside-season-one-ratings/,https://docs.google.com/spreadsheets/d/e/2PACX-1vRtVj2UE-OnOA12xp1fNuzjlRH3leED-mA5SsVYu5siarlfm8OVy5EHBpyoUlI9ICBIQzZ2hnLviUro/pubhtml/sheet?headers=false&gid=291136205&range=A1%3Ah100
superfan,season one,https://tvseriesfinale.com/tv-show/superfan-season-one-ratings/,https://docs.google.com/spreadsheets/d/1_sakYamJH4LVbbDwVcQ-b6tvhOWWTnOVbh4nIqrMlVM/pubhtml/sheet?headers=false&gid=976428065&range=A1%3Ah100
supergirl,season three,https://tvseriesfinale.com/tv-show/supergirl-season-three-ratings/,https://docs.google.com/spreadsheets/d/e/2PACX-1vR_SBz9FDKyY15XKRCf_Vpm1tJXCnrieAa2957aRG1B9OPPcaQGfv4n1m4kjsCVCZGH29aYvTeDUaiS/pubhtml/sheet?headers=false&gid=1195222636&range=A1%3AH40
supergirl,season four,https://tvseriesfinale.com/tv-show/supergirl-season-four-ratings/,https://docs.google.com/spreadsheets/d/1T-eDbU4WnVnGczaTUc9X91683hE7PYpTtpap48tpnu0/pubhtml/sheet?headers=false&gid=1195222636&range=A1%3Ah100
supergirl,season five,https://tvseriesfinale.com/tv-show/supergirl-season-five-ratings/,https://docs.google.com/spreadsheets/d/e/2PACX-1vTaD6uAv0rMyqOLpklP9QmMHlz3gUaKkf5kYVM3nDXbIBys2LKIkvfed1zv-22RJpYtZtcw1rvPd5ws/pubhtml/sheet?headers=false&gid=129331043&range=A1%3Ah100
supergirl,season six,https://tvseriesfinale.com/tv-show/supergirl-season-six-ratings/,https://docs.google.com/spreadsheets/d/1UtKbmbo-TrCU00937XlBHCPgAR5Wx5fyu7YHrmiDjZQ/pubhtml/sheet?headers=false&gid=2061049735&range=A1%3Ah100
superhuman,season one,https://tvseriesfinale.com/tv-show/superhuman-season-one-ratings/,https://docs.google.com/spreadsheets/d/1avKfTwLT9jXPNSzSisElW1a1bufQnuPCAwE_k817Z90/pubhtml/sheet?headers=false&gid=1487705237&range=A1%3Ah100
superman lois,season one,https://tvseriesfinale.com/tv-show/superman-lois-season-one-ratings/,https://docs.google.com/spreadsheets/d/1UtKbmbo-TrCU00937XlBHCPgAR5Wx5fyu7YHrmiDjZQ/pubhtml/sheet?headers=false&gid=690386321&range=A1%3Ah100
superman lois,season two,https://tvseriesfinale.com/tv-show/superman-lois-season-two-ratings/,https://docs.google.com/spreadsheets/d/1MiOE1bCf6lKNJCpNpvXIAZYYbPo5_BfTqqGbsG9ENo8/pubhtml/sheet?headers=false&gid=320324890&range=A1%3Ah100
superman lois,season three,https://tvseriesfinale.com/tv-show/superman-lois-season-three-ratings/,https://docs.google.com/spreadsheets/d/1qwTMXm7xEOvj2UJCK2EP9eCl3-calTWTXMXFx6_z1oA/pubhtml/sheet?headers=false&gid=333973556&range=A1%3Ah100
supermarket sweep,season one,https://tvseriesfinale.com/tv-show/supermarket-sweep-season-one-ratings/,https://docs.google.com/spreadsheets/d/1NS9t3Pv-5_wq_fCkMbQDlf0scWZ_TYTsLp38Z8jaw_M/pubhtml/sheet?headers=false&gid=242542061&range=A1%3Ah100
supermarket sweep,season two,https://tvseriesfinale.com/tv-show/supermarket-sweep-season-two-ratings/,https://docs.google.com/spreadsheets/d/1UHVhAstyDVbA_72wuwSMX7TAPuO4Z_5sX1xbcmNjr2s/pubhtml/sheet?headers=false&gid=291970058&range=A1%3Ah100
supernatural,season 12,https://tvseriesfinale.com/tv-show/supernatural-season-12-ratings/,https://docs.google.com/spreadsheets/d/1i4IfQufJnv28LwfJWIz_Ea0E8u3f4vhTmL4pZz3620Q/pubhtml/sheet?headers=false&gid=1712019938&range=A1%3AH100
supernatural,season 13,https://tvseriesfinale.com/tv-show/supernatural-season-13-ratings/,https://docs.google.com/spreadsheets/d/e/2PACX-1vR_SBz9FDKyY15XKRCf_Vpm1tJXCnrieAa2957aRG1B9OPPcaQGfv4n1m4kjsCVCZGH29aYvTeDUaiS/pubhtml/sheet?headers=false&gid=753619729&range=A1%3AH40
supernatural,season 14,https://tvseriesfinale.com/tv-show/supernatural-season-14-ratings/,https://docs.google.com/spreadsheets/d/1T-eDbU4WnVnGczaTUc9X91683hE7PYpTtpap48tpnu0/pubhtml/sheet?headers=false&gid=753619729&range=A1%3Ah100
supernatural,season 15,https://tvseriesfinale.com/tv-show/supernatural-season-15-ratings/,https://docs.google.com/spreadsheets/d/e/2PACX-1vTaD6uAv0rMyqOLpklP9QmMHlz3gUaKkf5kYVM3nDXbIBys2LKIkvfed1zv-22RJpYtZtcw1rvPd5ws/pubhtml/sheet?headers=false&gid=1766858833&range=A1%3Ah100
superstar,season one,https://tvseriesfinale.com/tv-show/superstar-season-one-ratings/,https://docs.google.com/spreadsheets/d/1NS9t3Pv-5_wq_fCkMbQDlf0scWZ_TYTsLp38Z8jaw_M/pubhtml/sheet?headers=false&gid=242889407&range=A1%3Ah100
superstition,season one,https://tvseriesfinale.com/tv-show/superstition-season-one-ratings/,https://docs.google.com/spreadsheets/d/14IMssfgFsz8f3V5fAqkrt1xG_NUPQHNq4zimlz87N_c/pubhtml/sheet?headers=false&gid=1658425878&range=A1%3AG30
superstore,season three,https://tvseriesfinale.com/tv-show/superstore-season-three-ratings/,https://docs.google.com/spreadsheets/d/e/2PACX-1vSbDlv8pGgTvsiGGgnQ0icBwo7pLFDRo4Jd9SNGQp2UVAXALuO-q0ukrsBaa2PvdfaDG7yK8Z-15Ldp/pubhtml/sheet?headers=false&gid=1579159607&range=A1%3Ah100
superstore,season four,https://tvseriesfinale.com/tv-show/superstore-season-four-ratings/,https://docs.google.com/spreadsheets/d/1xFhCp0TeNw3qt7L-sjT6GVG1Fq3rxa3v6tGV_EhW0Bc/pubhtml/sheet?headers=false&gid=1579159607&range=A1%3Ah100
superstore,season five,https://tvseriesfinale.com/tv-show/superstore-season-five-ratings/,https://docs.google.com/spreadsheets/d/e/2PACX-1vRtVj2UE-OnOA12xp1fNuzjlRH3leED-mA5SsVYu5siarlfm8OVy5EHBpyoUlI9ICBIQzZ2hnLviUro/pubhtml/sheet?headers=false&gid=1419915486&range=A1%3Ah100
superstore,season six,https://tvseriesfinale.com/tv-show/superstore-season-six-ratings/,https://docs.google.com/spreadsheets/d/10un34Z5y-n7KeT3gb_7cpWX7fhoO90wr1mlus7eRKcs/pubhtml/sheet?headers=false&gid=1274917508&range=A1%3Ah100
surrealestate,season one,https://tvseriesfinale.com/tv-show/surrealestate-season-one-ratings/,https://docs.google.com/spreadsheets/d/14IMssfgFsz8f3V5fAqkrt1xG_NUPQHNq4zimlz87N_c/pubhtml/sheet?headers=false&gid=405623636&range=A1%3AG30
survivor,season 41,https://tvseriesfinale.com/tv-show/survivor-season-41-ratings/,https://docs.google.com/spreadsheets/d/1gPmjJd_L8Sp9Vp5qI5sfS69ztHiav5B4fFPrTOSmVMs/pubhtml/sheet?headers=false&gid=547390689&range=A1%3Ah100
survivor,season 42,https://tvseriesfinale.com/tv-show/survivor-season-42-ratings/,https://docs.google.com/spreadsheets/d/1gPmjJd_L8Sp9Vp5qI5sfS69ztHiav5B4fFPrTOSmVMs/pubhtml/sheet?headers=false&gid=1747396110&range=A1%3Ah100
survivor,season 43,https://tvseriesfinale.com/tv-show/survivor-season-43-ratings/,https://docs.google.com/spreadsheets/d/1_sakYamJH4LVbbDwVcQ-b6tvhOWWTnOVbh4nIqrMlVM/pubhtml/sheet?headers=false&gid=2048002401&range=A1%3Ah100
survivor,season 44,https://tvseriesfinale.com/tv-show/survivor-season-44-ratings/,https://docs.google.com/spreadsheets/d/1_sakYamJH4LVbbDwVcQ-b6tvhOWWTnOVbh4nIqrMlVM/pubhtml/sheet?headers=false&gid=477513267&range=A1%3Ah100
survivor,season 45,https://tvseriesfinale.com/tv-show/survivor-season-45-ratings/,https://docs.google.com/spreadsheets/d/1Ii2QZoWwUROqd4TnVe05t4fNPdqfeER4kQIpqwyDIs4/pubhtml/sheet?headers=false&gid=1179803537&range=A1%3Ah100
survivors remorse,season three,https://tvseriesfinale.com/tv-show/survivors-remorse-season-three-ratings/,https://docs.google.com/spreadsheets/d/1-xha-SEcC1L6_KlAxjxMArlpX2A8XY1grDeo58d922E/pubhtml/sheet?headers=false&gid=1115974034&range=A1%3AG100&output=html&rm=minimal
survivors remorse,season four,https://tvseriesfinale.com/tv-show/survivors-remorse-season-four-ratings/,https://docs.google.com/spreadsheets/d/1-xha-SEcC1L6_KlAxjxMArlpX2A8XY1grDeo58d922E/pubhtml/sheet?headers=false&gid=1884491443&range=A1%3AG100&output=html&rm=minimal
swamp thing,season one,https://tvseriesfinale.com/tv-show/swamp-thing-season-one-ratings/,https://docs.google.com/spreadsheets/d/1UtKbmbo-TrCU00937XlBHCPgAR5Wx5fyu7YHrmiDjZQ/pubhtml/sheet?headers=false&gid=2063572230&range=A1%3Ah100
swat,season one,https://tvseriesfinale.com/tv-show/swat-season-one-ratings/,https://docs.google.com/spreadsheets/d/e/2PACX-1vT3vh7mmYQQq1m3g7KQMsmlr1cEvnVRX6aVWRwp6JU7F2hy06mf_irW7uwbTdww_G47LBmS64qNTLkG/pubhtml/sheet?headers=false&gid=1207003199&range=A1%3Ah100
swat,season two,https://tvseriesfinale.com/tv-show/swat-season-two-ratings/,https://docs.google.com/spreadsheets/d/1qlYGtdgF6N3UIJArkhteiD8B0zo8akewHTR0Jd_ceOE/pubhtml/sheet?headers=false&gid=1207003199&range=A1%3Ah100
swat,season three,https://tvseriesfinale.com/tv-show/swat-season-three-ratings/,https://docs.google.com/spreadsheets/d/e/2PACX-1vT0r9Z1zIFp1HCpQK8PJDq8yeZzWrPf8e5BhFbpOvRROSxNyF6FMc5WC4jKRtnUWwnK66Gam6BNkEHI/pubhtml/sheet?headers=false&gid=1345256164&range=A1%3Ah100
swat,season four,https://tvseriesfinale.com/tv-show/swat-season-four-ratings/,https://docs.google.com/spreadsheets/d/1dBByBwNRkBxn64JkURCCBbkdekn50VAxa3AfH7pZK04/pubhtml/sheet?headers=false&gid=1369241182&range=A1%3Ah100
swat,season five,https://tvseriesfinale.com/tv-show/swat-season-five-ratings/,https://docs.google.com/spreadsheets/d/1gPmjJd_L8Sp9Vp5qI5sfS69ztHiav5B4fFPrTOSmVMs/pubhtml/sheet?headers=false&gid=960965070&range=A1%3Ah100
swat,season six,https://tvseriesfinale.com/tv-show/swat-season-six-ratings/,https://docs.google.com/spreadsheets/d/1_sakYamJH4LVbbDwVcQ-b6tvhOWWTnOVbh4nIqrMlVM/pubhtml/sheet?headers=false&gid=724422459&range=A1%3Ah100
sweetbitter,season one,https://tvseriesfinale.com/tv-show/sweetbitter-season-one-ratings/,https://docs.google.com/spreadsheets/d/1-xha-SEcC1L6_KlAxjxMArlpX2A8XY1grDeo58d922E/pubhtml/sheet?headers=false&gid=1728863434&range=A1%3AG100&output=html&rm=minimal
switched at birth freeform,season five,https://tvseriesfinale.com/tv-show/switched-at-birth-freeform-season-five-ratings/,https://docs.google.com/spreadsheets/d/1cnttQo1fIxTypKG3x19Ax0Zh4Pn8dtfzDfO4lVWsi6Y/pubhtml/sheet?headers=false&gid=168740037&range=A1:G120
sydney to the max,season one,https://tvseriesfinale.com/tv-show/sydney-to-the-max-season-one-ratings/,https://docs.google.com/spreadsheets/d/130CWZBt90ZOMI33llQ0bMo1hUS479p7R4Mo6_Qn4-XM/pubhtml/sheet?headers=false&gid=238058981&range=A1%3AG100&output=html&rm=minimal
taboo,season one,https://tvseriesfinale.com/tv-show/taboo-season-one-ratings/,https://docs.google.com/spreadsheets/d/1DdYBR3HPqX7CL7Inge6KsMqvRhBXC7K--484-vIofrk/pubhtml/sheet?headers=false&gid=222509681&range=A1%3AG97&output=html&rm=minimal
tacoma fd,season one,https://tvseriesfinale.com/tv-show/tacoma-fd-season-one-ratings/,https://docs.google.com/spreadsheets/d/1duUh7xnuYERropZFc9NjcNyLhp3dAbw3MgLurC94YpU/pubhtml/sheet?headers=false&gid=501211532&range=A1%3AH52&output=html&rm=minimal
tacoma fd,season two,https://tvseriesfinale.com/tv-show/tacoma-fd-season-two-ratings/,https://docs.google.com/spreadsheets/d/1duUh7xnuYERropZFc9NjcNyLhp3dAbw3MgLurC94YpU/pubhtml/sheet?headers=false&gid=1702703863&range=A1%3AH52&output=html&rm=minimal
tacoma fd,season three,https://tvseriesfinale.com/tv-show/tacoma-fd-season-three-ratings/,https://docs.google.com/spreadsheets/d/1duUh7xnuYERropZFc9NjcNyLhp3dAbw3MgLurC94YpU/pubhtml/sheet?headers=false&gid=1665887617&range=A1%3AH52&output=html&rm=minimal
tacoma fd,season four,https://tvseriesfinale.com/tv-show/tacoma-fd-season-four-ratings/,https://docs.google.com/spreadsheets/d/1duUh7xnuYERropZFc9NjcNyLhp3dAbw3MgLurC94YpU/pubhtml/sheet?headers=false&gid=480741502&range=A1%3AH52&output=html&rm=minimal
take two,season one,https://tvseriesfinale.com/tv-show/take-two-season-one-ratings/,https://docs.google.com/spreadsheets/d/e/2PACX-1vTlE5lTHpAmKbEOIFMoMB5xW95pIvYxFgcblbWzKL4ZDLRBAVL3Bt3WtXzA65dzsHZXuOrwhIXlQOfq/pubhtml/sheet?headers=false&gid=1114632175&range=A1%3Ah100
taken,season one,https://tvseriesfinale.com/tv-show/taken-season-one-ratings/,https://docs.google.com/spreadsheets/d/1EJ3FkRtr5NpRjuRFfdwm30sttYn4sLEgjJ8Wcl6XObU/pubhtml/sheet?headers=false&gid=1045412497&range=A1%3Ah100
taken,season two,https://tvseriesfinale.com/tv-show/taken-season-two-ratings/,https://docs.google.com/spreadsheets/d/e/2PACX-1vSbDlv8pGgTvsiGGgnQ0icBwo7pLFDRo4Jd9SNGQp2UVAXALuO-q0ukrsBaa2PvdfaDG7yK8Z-15Ldp/pubhtml/sheet?headers=false&gid=1315248694&range=A1%3Ah100
tales of the walking dead,season one,https://tvseriesfinale.com/tv-show/tales-of-the-walking-dead-season-one-ratings/,https://docs.google.com/spreadsheets/d/13J-oeB6b8gpR4AGlw7PZS-4FvjvPKN5_0JFfGwsDXG4/pubhtml/sheet?headers=false&gid=1459096430&range=A1%3AG23&output=html&rm=minimal
taskmaster,season one,https://tvseriesfinale.com/tv-show/taskmaster-season-one-ratings/,https://docs.google.com/spreadsheets/d/e/2PACX-1vTaD6uAv0rMyqOLpklP9QmMHlz3gUaKkf5kYVM3nDXbIBys2LKIkvfed1zv-22RJpYtZtcw1rvPd5ws/pubhtml/sheet?headers=false&gid=628644373&range=A1%3Ah100
teachers,season two,https://tvseriesfinale.com/tv-show/teachers-season-two-ratings/,https://docs.google.com/spreadsheets/d/1mQtBuv7iPYxsvMC1wyg_07GsPBhpqtQCcbtmvCcwMUY/pubhtml/sheet?headers=false&gid=457779914&range=A1%3AG40&output=html&rm=minimal
teachers,season three,https://tvseriesfinale.com/tv-show/teachers-season-three-ratings/,https://docs.google.com/spreadsheets/d/1mQtBuv7iPYxsvMC1wyg_07GsPBhpqtQCcbtmvCcwMUY/pubhtml/sheet?headers=false&gid=239692947&range=A1%3AG40&output=html&rm=minimal
tell me a story,season one,https://tvseriesfinale.com/tv-show/tell-me-a-story-season-one-ratings/,https://docs.google.com/spreadsheets/d/e/2PACX-1vTaD6uAv0rMyqOLpklP9QmMHlz3gUaKkf5kYVM3nDXbIBys2LKIkvfed1zv-22RJpYtZtcw1rvPd5ws/pubhtml/sheet?headers=false&gid=444802666&range=A1%3Ah100
tell me a story,season two,https://tvseriesfinale.com/tv-show/tell-me-a-story-season-two-ratings/,https://docs.google.com/spreadsheets/d/1UtKbmbo-TrCU00937XlBHCPgAR5Wx5fyu7YHrmiDjZQ/pubhtml/sheet?headers=false&gid=1493361324&range=A1%3Ah100
ten days valley,season one,https://tvseriesfinale.com/tv-show/ten-days-valley-season-one-ratings/,https://docs.google.com/spreadsheets/d/e/2PACX-1vTlE5lTHpAmKbEOIFMoMB5xW95pIvYxFgcblbWzKL4ZDLRBAVL3Bt3WtXzA65dzsHZXuOrwhIXlQOfq/pubhtml/sheet?headers=false&gid=256782557&range=A1%3Ah100
terror,season one,https://tvseriesfinale.com/tv-show/terror-season-one-ratings/,https://docs.google.com/spreadsheets/d/13J-oeB6b8gpR4AGlw7PZS-4FvjvPKN5_0JFfGwsDXG4/pubhtml/sheet?headers=false&gid=625929792&range=A1%3AG23&output=html&rm=minimal
the terror,season two,https://tvseriesfinale.com/tv-show/the-terror-season-two-ratings/,https://docs.google.com/spreadsheets/d/13J-oeB6b8gpR4AGlw7PZS-4FvjvPKN5_0JFfGwsDXG4/pubhtml/sheet?headers=false&gid=348491063&range=A1%3AG23&output=html&rm=minimal
thats my jam,season one,https://tvseriesfinale.com/tv-show/thats-my-jam-season-one-ratings/,https://docs.google.com/spreadsheets/d/1HyhsoErv-gaQ6jE5tzO_Ax6r5ouKVGm3nNLcv74jPYY/pubhtml/sheet?headers=false&gid=446590457&range=A1%3Ah100
thats my jam,season two,https://tvseriesfinale.com/tv-show/thats-my-jam-season-two-ratings/,https://docs.google.com/spreadsheets/d/1ma3sMDxK-aUwyuz2kB8gMyf1goAcW9mqosbWSlLHEcg/pubhtml/sheet?headers=false&gid=846694754&range=A1%3Ah100
the thing about pam,season one,https://tvseriesfinale.com/tv-show/the-thing-about-pam-season-one-ratings/,https://docs.google.com/spreadsheets/d/1HyhsoErv-gaQ6jE5tzO_Ax6r5ouKVGm3nNLcv74jPYY/pubhtml/sheet?headers=false&gid=1492711991&range=A1%3Ah100
the third day,season one,https://tvseriesfinale.com/tv-show/the-third-day-season-one-ratings/,https://docs.google.com/spreadsheets/d/1QU8U82xgr8GURmJc3eR0Y4w7ppxwfNsp6dhPnzcs4bw/pubhtml/sheet?headers=false&gid=1970158719&range=A1%3AG19&output=html&rm=minimal
this is us,season two,https://tvseriesfinale.com/tv-show/this-is-us-season-two-ratings/,https://docs.google.com/spreadsheets/d/e/2PACX-1vSbDlv8pGgTvsiGGgnQ0icBwo7pLFDRo4Jd9SNGQp2UVAXALuO-q0ukrsBaa2PvdfaDG7yK8Z-15Ldp/pubhtml/sheet?headers=false&gid=1244804081&range=A1%3Ah100
this is us,season three,https://tvseriesfinale.com/tv-show/this-is-us-season-three-ratings/,https://docs.google.com/spreadsheets/d/1xFhCp0TeNw3qt7L-sjT6GVG1Fq3rxa3v6tGV_EhW0Bc/pubhtml/sheet?headers=false&gid=1244804081&range=A1%3Ah100
this is us,season four,https://tvseriesfinale.com/tv-show/this-is-us-season-four-ratings/,https://docs.google.com/spreadsheets/d/e/2PACX-1vRtVj2UE-OnOA12xp1fNuzjlRH3leED-mA5SsVYu5siarlfm8OVy5EHBpyoUlI9ICBIQzZ2hnLviUro/pubhtml/sheet?headers=false&gid=727189327&range=A1%3Ah100
this is us,season five,https://tvseriesfinale.com/tv-show/this-is-us-season-five-ratings/,https://docs.google.com/spreadsheets/d/10un34Z5y-n7KeT3gb_7cpWX7fhoO90wr1mlus7eRKcs/pubhtml/sheet?headers=false&gid=1758546328&range=A1%3Ah100
this is us,season six,https://tvseriesfinale.com/tv-show/this-is-us-season-six-ratings/,https://docs.google.com/spreadsheets/d/1HyhsoErv-gaQ6jE5tzO_Ax6r5ouKVGm3nNLcv74jPYY/pubhtml/sheet?headers=false&gid=1849974343&range=A1%3Ah100
those who cant,season three,https://tvseriesfinale.com/tv-show/those-who-cant-season-three-ratings/,https://docs.google.com/spreadsheets/d/1duUh7xnuYERropZFc9NjcNyLhp3dAbw3MgLurC94YpU/pubhtml/sheet?headers=false&gid=679420718&range=A1%3AH52&output=html&rm=minimal
time time,season one,https://tvseriesfinale.com/tv-show/time-time-season-one-ratings/,https://docs.google.com/spreadsheets/d/1ToHTY-SGH1wLEo31kKz9TOE5PsdpBE20kqtr1BhJBVA/pubhtml/sheet?headers=false&gid=463960426&range=A1%3Ah100
the time travelers wife,season one,https://tvseriesfinale.com/tv-show/the-time-travelers-wife-season-one-ratings/,https://docs.google.com/spreadsheets/d/1QU8U82xgr8GURmJc3eR0Y4w7ppxwfNsp6dhPnzcs4bw/pubhtml/sheet?headers=false&gid=1267924653&range=A1%3AG19&output=html&rm=minimal
timeless,season one,https://tvseriesfinale.com/tv-show/timeless-season-one-ratings/,https://docs.google.com/spreadsheets/d/1EJ3FkRtr5NpRjuRFfdwm30sttYn4sLEgjJ8Wcl6XObU/pubhtml/sheet?headers=false&gid=1506003849&range=A1%3Ah100
timeless,season two,https://tvseriesfinale.com/tv-show/timeless-season-two-ratings/,https://docs.google.com/spreadsheets/d/e/2PACX-1vSbDlv8pGgTvsiGGgnQ0icBwo7pLFDRo4Jd9SNGQp2UVAXALuO-q0ukrsBaa2PvdfaDG7yK8Z-15Ldp/pubhtml/sheet?headers=false&gid=931127267&range=A1%3Ah100
the titan games,season one,https://tvseriesfinale.com/tv-show/the-titan-games-season-one-ratings/,https://docs.google.com/spreadsheets/d/1xFhCp0TeNw3qt7L-sjT6GVG1Fq3rxa3v6tGV_EhW0Bc/pubhtml/sheet?headers=false&gid=938141333&range=A1%3Ah100
the titan games,season two,https://tvseriesfinale.com/tv-show/the-titan-games-season-two-ratings/,https://docs.google.com/spreadsheets/d/e/2PACX-1vRtVj2UE-OnOA12xp1fNuzjlRH3leED-mA5SsVYu5siarlfm8OVy5EHBpyoUlI9ICBIQzZ2hnLviUro/pubhtml/sheet?headers=false&gid=1344519532&range=A1%3Ah100
tko total knock out,season one,https://tvseriesfinale.com/tv-show/tko-total-knock-out-season-one-ratings/,https://docs.google.com/spreadsheets/d/e/2PACX-1vT3vh7mmYQQq1m3g7KQMsmlr1cEvnVRX6aVWRwp6JU7F2hy06mf_irW7uwbTdww_G47LBmS64qNTLkG/pubhtml/sheet?headers=false&gid=683188880&range=A1%3Ah100
tmz investigates,season one,https://tvseriesfinale.com/tv-show/tmz-investigates-season-one-ratings/,https://docs.google.com/spreadsheets/d/1gho_2zWLswUjY_ZpmoiMhFa0JCIIjFpOuxah5J-ltYk/pubhtml/sheet?headers=false&gid=705559106&range=A1%3Ah100
to tell the truth tv show abc,season two,https://tvseriesfinale.com/tv-show/to-tell-the-truth-tv-show-abc-season-two-ratings/,https://docs.google.com/spreadsheets/d/1ToHTY-SGH1wLEo31kKz9TOE5PsdpBE20kqtr1BhJBVA/pubhtml/sheet?headers=false&gid=2087694041&range=A1%3Ah100
to tell the truth,season three,https://tvseriesfinale.com/tv-show/to-tell-the-truth-season-three-ratings/,https://docs.google.com/spreadsheets/d/e/2PACX-1vTlE5lTHpAmKbEOIFMoMB5xW95pIvYxFgcblbWzKL4ZDLRBAVL3Bt3WtXzA65dzsHZXuOrwhIXlQOfq/pubhtml/sheet?headers=false&gid=1339148762&range=A1%3Ah100
to tell the truth,season four,https://tvseriesfinale.com/tv-show/to-tell-the-truth-season-four-ratings/,https://docs.google.com/spreadsheets/d/1Z54g0izrymDxV0QDkwOGE9auYHrCu-FTYNpPDykzPJ8/pubhtml/sheet?headers=false&gid=3884754&range=A1%3Ah100
to tell the truth,season five,https://tvseriesfinale.com/tv-show/to-tell-the-truth-season-five-ratings/,https://docs.google.com/spreadsheets/d/e/2PACX-1vTrXdDjlQ_DsAe7hNjPK48UpmMYmbZE2_I1S3x0frJJbOh448s7NI2vSBYNr_z6DgMwoksah-NZBkKB/pubhtml/sheet?headers=false&gid=1917649700&range=A1%3Ah100
to tell the truth,season six,https://tvseriesfinale.com/tv-show/to-tell-the-truth-season-six-ratings/,https://docs.google.com/spreadsheets/d/1NS9t3Pv-5_wq_fCkMbQDlf0scWZ_TYTsLp38Z8jaw_M/pubhtml/sheet?headers=false&gid=14328581&range=A1%3Ah100
tom swift,season one,https://tvseriesfinale.com/tv-show/tom-swift-season-one-ratings/,https://docs.google.com/spreadsheets/d/1MiOE1bCf6lKNJCpNpvXIAZYYbPo5_BfTqqGbsG9ENo8/pubhtml/sheet?headers=false&gid=1269735199&range=A1%3Ah100
tommy,season one,https://tvseriesfinale.com/tv-show/tommy-season-one-ratings/,https://docs.google.com/spreadsheets/d/e/2PACX-1vT0r9Z1zIFp1HCpQK8PJDq8yeZzWrPf8e5BhFbpOvRROSxNyF6FMc5WC4jKRtnUWwnK66Gam6BNkEHI/pubhtml/sheet?headers=false&gid=701852751&range=A1%3Ah100
totally funny animals,season one,https://tvseriesfinale.com/tv-show/totally-funny-animals-season-one-ratings/,https://docs.google.com/spreadsheets/d/1VOF9EearmNFEo8w6vHiQipNNQVkvI529Yr3CG1qfSnQ/pubhtml/sheet?headers=false&gid=1429850326&range=A1%3Ah100
totally funny kids,season one,https://tvseriesfinale.com/tv-show/totally-funny-kids-season-one-ratings/,https://docs.google.com/spreadsheets/d/1VOF9EearmNFEo8w6vHiQipNNQVkvI529Yr3CG1qfSnQ/pubhtml/sheet?headers=false&gid=266255420&range=A1%3Ah100
totally weird and funny,season one,https://tvseriesfinale.com/tv-show/totally-weird-and-funny-season-one-ratings/,https://docs.google.com/spreadsheets/d/1qwTMXm7xEOvj2UJCK2EP9eCl3-calTWTXMXFx6_z1oA/pubhtml/sheet?headers=false&gid=717698625&range=A1%3Ah100
tough as nails,season one,https://tvseriesfinale.com/tv-show/tough-as-nails-season-one-ratings/,https://docs.google.com/spreadsheets/d/e/2PACX-1vT0r9Z1zIFp1HCpQK8PJDq8yeZzWrPf8e5BhFbpOvRROSxNyF6FMc5WC4jKRtnUWwnK66Gam6BNkEHI/pubhtml/sheet?headers=false&gid=798729156&range=A1%3Ah100
tough as nails,season two,https://tvseriesfinale.com/tv-show/tough-as-nails-season-two-ratings/,https://docs.google.com/spreadsheets/d/1dBByBwNRkBxn64JkURCCBbkdekn50VAxa3AfH7pZK04/pubhtml/sheet?headers=false&gid=110033030&range=A1%3Ah100
tough as nails,season three,https://tvseriesfinale.com/tv-show/tough-as-nails-season-three-ratings/,https://docs.google.com/spreadsheets/d/1gPmjJd_L8Sp9Vp5qI5sfS69ztHiav5B4fFPrTOSmVMs/pubhtml/sheet?headers=false&gid=267187921&range=A1%3Ah100
tough as nails,season four,https://tvseriesfinale.com/tv-show/tough-as-nails-season-four-ratings/,https://docs.google.com/spreadsheets/d/1_sakYamJH4LVbbDwVcQ-b6tvhOWWTnOVbh4nIqrMlVM/pubhtml/sheet?headers=false&gid=896814945&range=A1%3Ah100
tough as nails,season five,https://tvseriesfinale.com/tv-show/tough-as-nails-season-five-ratings/,https://docs.google.com/spreadsheets/d/1_sakYamJH4LVbbDwVcQ-b6tvhOWWTnOVbh4nIqrMlVM/pubhtml/sheet?headers=false&gid=908802643&range=A1%3Ah100
toy box,season one,https://tvseriesfinale.com/tv-show/toy-box-season-one-ratings/,https://docs.google.com/spreadsheets/d/1ToHTY-SGH1wLEo31kKz9TOE5PsdpBE20kqtr1BhJBVA/pubhtml/sheet?headers=false&gid=1952929312&range=A1%3Ah100
toy box,season two,https://tvseriesfinale.com/tv-show/toy-box-season-two-ratings/,https://docs.google.com/spreadsheets/d/e/2PACX-1vTlE5lTHpAmKbEOIFMoMB5xW95pIvYxFgcblbWzKL4ZDLRBAVL3Bt3WtXzA65dzsHZXuOrwhIXlQOfq/pubhtml/sheet?headers=false&gid=1621684670&range=A1%3Ah100
tracey ullmans show,season two,https://tvseriesfinale.com/tv-show/tracey-ullmans-show-season-two-ratings/,https://docs.google.com/spreadsheets/d/1QU8U82xgr8GURmJc3eR0Y4w7ppxwfNsp6dhPnzcs4bw/pubhtml/sheet?headers=false&gid=1351793025&range=A1%3AG19&output=html&rm=minimal
transplant,season one,https://tvseriesfinale.com/tv-show/transplant-season-one-ratings/,https://docs.google.com/spreadsheets/d/e/2PACX-1vRk6C5TpHECtxybAozTcB7erLHS56J06KbWG-w78tR0apUvi_MIPDO-6ov3KgTYN504OPUrHimJ8p2E/pubhtml/sheet?headers=false&gid=1756926696&range=A1%3Ah100
transplant,season two,https://tvseriesfinale.com/tv-show/transplant-season-two-ratings/,https://docs.google.com/spreadsheets/d/1HyhsoErv-gaQ6jE5tzO_Ax6r5ouKVGm3nNLcv74jPYY/pubhtml/sheet?headers=false&gid=1037815699&range=A1%3Ah100
transplant,season three,https://tvseriesfinale.com/tv-show/transplant-season-three-ratings/,https://docs.google.com/spreadsheets/d/1ulFHD6XOdDbGfOjxn7oY7g5VbYqBaQ4f5x74oABSSnE/pubhtml/sheet?headers=false&gid=1410331030&range=A1%3Ah100
treadstone,season one,https://tvseriesfinale.com/tv-show/treadstone-season-one-ratings/,https://docs.google.com/spreadsheets/d/16ijMnEb6P7NAqfPf35N_MyL5ueoHOV2HD01zJ1iXjDI/pubhtml/sheet?headers=false&gid=1932866811&range=A1:G120
trial error,season one,https://tvseriesfinale.com/tv-show/trial-error-season-one-ratings/,https://docs.google.com/spreadsheets/d/1EJ3FkRtr5NpRjuRFfdwm30sttYn4sLEgjJ8Wcl6XObU/pubhtml/sheet?headers=false&gid=1594263526&range=A1%3Ah100
trial error,season two,https://tvseriesfinale.com/tv-show/trial-error-season-two-ratings/,https://docs.google.com/spreadsheets/d/e/2PACX-1vSbDlv8pGgTvsiGGgnQ0icBwo7pLFDRo4Jd9SNGQp2UVAXALuO-q0ukrsBaa2PvdfaDG7yK8Z-15Ldp/pubhtml/sheet?headers=false&gid=620558156&range=A1%3Ah100
trickster,season one,https://tvseriesfinale.com/tv-show/trickster-season-one-ratings/,https://docs.google.com/spreadsheets/d/1UtKbmbo-TrCU00937XlBHCPgAR5Wx5fyu7YHrmiDjZQ/pubhtml/sheet?headers=false&gid=195222862&range=A1%3Ah100
true detective,season three,https://tvseriesfinale.com/tv-show/true-detective-season-three-ratings/,https://docs.google.com/spreadsheets/d/1QU8U82xgr8GURmJc3eR0Y4w7ppxwfNsp6dhPnzcs4bw/pubhtml/sheet?headers=false&gid=1996660700&range=A1%3AG19&output=html&rm=minimal
true detective,season four,https://tvseriesfinale.com/tv-show/true-detective-season-four-ratings/,https://docs.google.com/spreadsheets/d/1QU8U82xgr8GURmJc3eR0Y4w7ppxwfNsp6dhPnzcs4bw/pubhtml/sheet?headers=false&gid=1791576221&range=A1%3AG19&output=html&rm=minimal
true lies,season one,https://tvseriesfinale.com/tv-show/true-lies-season-one-ratings/,https://docs.google.com/spreadsheets/d/1_sakYamJH4LVbbDwVcQ-b6tvhOWWTnOVbh4nIqrMlVM/pubhtml/sheet?headers=false&gid=1085503666&range=A1%3Ah100
trust,season one,https://tvseriesfinale.com/tv-show/trust-season-one-ratings/,https://docs.google.com/spreadsheets/d/1DdYBR3HPqX7CL7Inge6KsMqvRhBXC7K--484-vIofrk/pubhtml/sheet?headers=false&gid=639924257&range=A1%3AG97&output=html&rm=minimal
too close to home tlc tv show,season two,https://tvseriesfinale.com/tv-show/too-close-to-home-tlc-tv-show-season-two-ratings/,https://docs.google.com/spreadsheets/d/192Jk-ebbKkDoPv2UaI7CeQW8SfwEt2_Q7CbpRAGHM04/pubhtml/sheet?headers=false&gid=2119849490&range=A1:G120
turn washingtons spies,season four,https://tvseriesfinale.com/tv-show/turn-washingtons-spies-season-four-ratings/,https://docs.google.com/spreadsheets/d/13J-oeB6b8gpR4AGlw7PZS-4FvjvPKN5_0JFfGwsDXG4/pubhtml/sheet?headers=false&gid=1340197377&range=A1%3AG23&output=html&rm=minimal
twenties,season one,https://tvseriesfinale.com/tv-show/twenties-season-one-ratings/,https://docs.google.com/spreadsheets/d/13ixTXBM3JY-tUl7Uy8FuRm6xCTYTIGfFsuWuNivO1Fc/pubhtml/sheet?headers=false&gid=20582769&range=A1%3AG97&output=html&rm=minimal
twenties,season two,https://tvseriesfinale.com/tv-show/twenties-season-two-ratings/,https://docs.google.com/spreadsheets/d/13ixTXBM3JY-tUl7Uy8FuRm6xCTYTIGfFsuWuNivO1Fc/pubhtml/sheet?headers=false&gid=1603718555&range=A1%3AG97&output=html&rm=minimal
twin peaks,season three,https://tvseriesfinale.com/tv-show/twin-peaks-season-three-ratings/,https://docs.google.com/spreadsheets/d/13_jTGvVcJocGGMZhhC2fdGIsx1znj_LvslHru7vALRA/pubhtml/sheet?headers=false&gid=593787600&range=A1%3AG100
two sentence horror stories,season one,https://tvseriesfinale.com/tv-show/two-sentence-horror-stories-season-one-ratings/,https://docs.google.com/spreadsheets/d/1T-eDbU4WnVnGczaTUc9X91683hE7PYpTtpap48tpnu0/pubhtml/sheet?headers=false&gid=62819681&range=A1%3Ah100
two sentence horror stories,season two,https://tvseriesfinale.com/tv-show/two-sentence-horror-stories-season-two-ratings/,https://docs.google.com/spreadsheets/d/1UtKbmbo-TrCU00937XlBHCPgAR5Wx5fyu7YHrmiDjZQ/pubhtml/sheet?headers=false&gid=630270197&range=A1%3Ah100
two sentence horror stories,season three,https://tvseriesfinale.com/tv-show/two-sentence-horror-stories-season-three-ratings/,https://docs.google.com/spreadsheets/d/1MiOE1bCf6lKNJCpNpvXIAZYYbPo5_BfTqqGbsG9ENo8/pubhtml/sheet?headers=false&gid=1343113888&range=A1%3Ah100
tyler perrys assisted living,season one,https://tvseriesfinale.com/tv-show/tyler-perrys-assisted-living-season-one-ratings/,https://docs.google.com/spreadsheets/d/13ixTXBM3JY-tUl7Uy8FuRm6xCTYTIGfFsuWuNivO1Fc/pubhtml/sheet?headers=false&gid=102892270&range=A1%3AG97&output=html&rm=minimal
tyler perrys assisted living,season two,https://tvseriesfinale.com/tv-show/tyler-perrys-assisted-living-season-two-ratings/,https://docs.google.com/spreadsheets/d/13ixTXBM3JY-tUl7Uy8FuRm6xCTYTIGfFsuWuNivO1Fc/pubhtml/sheet?headers=false&gid=884892455&range=A1%3AG97&output=html&rm=minimal
tyler perrys assisted living,season three,https://tvseriesfinale.com/tv-show/tyler-perrys-assisted-living-season-three-ratings/,https://docs.google.com/spreadsheets/d/13ixTXBM3JY-tUl7Uy8FuRm6xCTYTIGfFsuWuNivO1Fc/pubhtml/sheet?headers=false&gid=2038009284&range=A1%3AG97&output=html&rm=minimal
tyler perrys assisted living,season four,https://tvseriesfinale.com/tv-show/tyler-perrys-assisted-living-season-four-ratings/,https://docs.google.com/spreadsheets/d/13ixTXBM3JY-tUl7Uy8FuRm6xCTYTIGfFsuWuNivO1Fc/pubhtml/sheet?headers=false&gid=56284708&range=A1%3AG97&output=html&rm=minimal
tyler perrys house of payne,season seven,https://tvseriesfinale.com/tv-show/tyler-perrys-house-of-payne-season-seven-ratings/,https://docs.google.com/spreadsheets/d/13ixTXBM3JY-tUl7Uy8FuRm6xCTYTIGfFsuWuNivO1Fc/pubhtml/sheet?headers=false&gid=977220865&range=A1%3AG97&output=html&rm=minimal
tyler perrys house of payne,season eight,https://tvseriesfinale.com/tv-show/tyler-perrys-house-of-payne-season-eight-ratings/,https://docs.google.com/spreadsheets/d/13ixTXBM3JY-tUl7Uy8FuRm6xCTYTIGfFsuWuNivO1Fc/pubhtml/sheet?headers=false&gid=1052253651&range=A1%3AG97&output=html&rm=minimal
tyler perrys house of payne,season nine,https://tvseriesfinale.com/tv-show/tyler-perrys-house-of-payne-season-nine-ratings/,https://docs.google.com/spreadsheets/d/13ixTXBM3JY-tUl7Uy8FuRm6xCTYTIGfFsuWuNivO1Fc/pubhtml/sheet?headers=false&gid=1373508781&range=A1%3AG97&output=html&rm=minimal
tyler perrys house of payne,season 10,https://tvseriesfinale.com/tv-show/tyler-perrys-house-of-payne-season-10-ratings/,https://docs.google.com/spreadsheets/d/13ixTXBM3JY-tUl7Uy8FuRm6xCTYTIGfFsuWuNivO1Fc/pubhtml/sheet?headers=false&gid=1213702542&range=A1%3AG97&output=html&rm=minimal
the oval,season one,https://tvseriesfinale.com/tv-show/the-oval-season-one-ratings/,https://docs.google.com/spreadsheets/d/13ixTXBM3JY-tUl7Uy8FuRm6xCTYTIGfFsuWuNivO1Fc/pubhtml/sheet?headers=false&gid=1822671182&range=A1%3AG97&output=html&rm=minimal
the oval,season two,https://tvseriesfinale.com/tv-show/the-oval-season-two-ratings/,https://docs.google.com/spreadsheets/d/13ixTXBM3JY-tUl7Uy8FuRm6xCTYTIGfFsuWuNivO1Fc/pubhtml/sheet?headers=false&gid=1204695379&range=A1%3AG97&output=html&rm=minimal
tyler perrys the oval,season three,https://tvseriesfinale.com/tv-show/tyler-perrys-the-oval-season-three-ratings/,https://docs.google.com/spreadsheets/d/13ixTXBM3JY-tUl7Uy8FuRm6xCTYTIGfFsuWuNivO1Fc/pubhtml/sheet?headers=false&gid=1245760782&range=A1%3AG97&output=html&rm=minimal
tyler perrys the oval,season four,https://tvseriesfinale.com/tv-show/tyler-perrys-the-oval-season-four-ratings/,https://docs.google.com/spreadsheets/d/13ixTXBM3JY-tUl7Uy8FuRm6xCTYTIGfFsuWuNivO1Fc/pubhtml/sheet?headers=false&gid=1328580678&range=A1%3AG97&output=html&rm=minimal
tyler perrys the oval,season five,https://tvseriesfinale.com/tv-show/tyler-perrys-the-oval-season-five-ratings/,https://docs.google.com/spreadsheets/d/13ixTXBM3JY-tUl7Uy8FuRm6xCTYTIGfFsuWuNivO1Fc/pubhtml/sheet?headers=false&gid=1290600765&range=A1%3AG97&output=html&rm=minimal
sistas,season one,https://tvseriesfinale.com/tv-show/sistas-season-one-ratings/,https://docs.google.com/spreadsheets/d/13ixTXBM3JY-tUl7Uy8FuRm6xCTYTIGfFsuWuNivO1Fc/pubhtml/sheet?headers=false&gid=600121596&range=A1%3AG97&output=html&rm=minimal
tyler perrys sistas,season two,https://tvseriesfinale.com/tv-show/tyler-perrys-sistas-season-two-ratings/,https://docs.google.com/spreadsheets/d/13ixTXBM3JY-tUl7Uy8FuRm6xCTYTIGfFsuWuNivO1Fc/pubhtml/sheet?headers=false&gid=182914938&range=A1%3AG97&output=html&rm=minimal
tyler perrys sistas,season three,https://tvseriesfinale.com/tv-show/tyler-perrys-sistas-season-three-ratings/,https://docs.google.com/spreadsheets/d/13ixTXBM3JY-tUl7Uy8FuRm6xCTYTIGfFsuWuNivO1Fc/pubhtml/sheet?headers=false&gid=248698028&range=A1%3AG97&output=html&rm=minimal
tyler perrys sistas,season four,https://tvseriesfinale.com/tv-show/tyler-perrys-sistas-season-four-ratings/,https://docs.google.com/spreadsheets/d/13ixTXBM3JY-tUl7Uy8FuRm6xCTYTIGfFsuWuNivO1Fc/pubhtml/sheet?headers=false&gid=2084636267&range=A1%3AG97&output=html&rm=minimal
tyler perrys sistas,season five,https://tvseriesfinale.com/tv-show/tyler-perrys-sistas-season-five-ratings/,https://docs.google.com/spreadsheets/d/13ixTXBM3JY-tUl7Uy8FuRm6xCTYTIGfFsuWuNivO1Fc/pubhtml/sheet?headers=false&gid=1037964776&range=A1%3AG97&output=html&rm=minimal
tyler perrys sistas,season six,https://tvseriesfinale.com/tv-show/tyler-perrys-sistas-season-six-ratings/,https://docs.google.com/spreadsheets/d/13ixTXBM3JY-tUl7Uy8FuRm6xCTYTIGfFsuWuNivO1Fc/pubhtml/sheet?headers=false&gid=1598270412&range=A1%3AG97&output=html&rm=minimal
tyler perrys sistas,season seven,https://tvseriesfinale.com/tv-show/tyler-perrys-sistas-season-seven-ratings/,https://docs.google.com/spreadsheets/d/13ixTXBM3JY-tUl7Uy8FuRm6xCTYTIGfFsuWuNivO1Fc/pubhtml/sheet?headers=false&gid=2142752583&range=A1%3AG97&output=html&rm=minimal
the ultimate surfer,season one,https://tvseriesfinale.com/tv-show/the-ultimate-surfer-season-one-ratings/,https://docs.google.com/spreadsheets/d/1NS9t3Pv-5_wq_fCkMbQDlf0scWZ_TYTsLp38Z8jaw_M/pubhtml/sheet?headers=false&gid=1202077355&range=A1%3Ah100
ultimate tag,season one,https://tvseriesfinale.com/tv-show/ultimate-tag-season-one-ratings/,https://docs.google.com/spreadsheets/d/e/2PACX-1vRmoC8hQFbZMNtUzmwwjsO_0gIf7KnWMgEOC-2a4Bh_rCX1LCdAm6b-BWNfoIlttnPf2iy_4KQj0eFo/pubhtml/sheet?headers=false&gid=1703355325&range=A1%3Ah100
undercover boss,season nine,https://tvseriesfinale.com/tv-show/undercover-boss-season-nine-ratings/,https://docs.google.com/spreadsheets/d/e/2PACX-1vT0r9Z1zIFp1HCpQK8PJDq8yeZzWrPf8e5BhFbpOvRROSxNyF6FMc5WC4jKRtnUWwnK66Gam6BNkEHI/pubhtml/sheet?headers=false&gid=1443791677&range=A1%3Ah100
undercover boss,season 10,https://tvseriesfinale.com/tv-show/undercover-boss-season-10-ratings/,https://docs.google.com/spreadsheets/d/1dBByBwNRkBxn64JkURCCBbkdekn50VAxa3AfH7pZK04/pubhtml/sheet?headers=false&gid=1532100010&range=A1%3Ah100
undercover boss,season 11,https://tvseriesfinale.com/tv-show/undercover-boss-season-11-ratings/,https://docs.google.com/spreadsheets/d/1gPmjJd_L8Sp9Vp5qI5sfS69ztHiav5B4fFPrTOSmVMs/pubhtml/sheet?headers=false&gid=877710716&range=A1%3Ah100
undercover boss celebrity edition,season one,https://tvseriesfinale.com/tv-show/undercover-boss-celebrity-edition-season-one-ratings/,https://docs.google.com/spreadsheets/d/e/2PACX-1vT3vh7mmYQQq1m3g7KQMsmlr1cEvnVRX6aVWRwp6JU7F2hy06mf_irW7uwbTdww_G47LBmS64qNTLkG/pubhtml/sheet?headers=false&gid=364937619&range=A1%3Ah100
underground,season two,https://tvseriesfinale.com/tv-show/underground-season-two-ratings/,https://docs.google.com/spreadsheets/d/129eqLCyiVuDQ8IavabLOV1GoGpbN9__mBkc87QNSLfk/pubhtml/sheet?headers=false&gid=311060533&range=A1:G120
the undoing,season one,https://tvseriesfinale.com/tv-show/the-undoing-season-one-ratings/,https://docs.google.com/spreadsheets/d/1QU8U82xgr8GURmJc3eR0Y4w7ppxwfNsp6dhPnzcs4bw/pubhtml/sheet?headers=false&gid=293985968&range=A1%3AG19&output=html&rm=minimal
the unicorn,season one,https://tvseriesfinale.com/tv-show/the-unicorn-season-one-ratings/,https://docs.google.com/spreadsheets/d/e/2PACX-1vT0r9Z1zIFp1HCpQK8PJDq8yeZzWrPf8e5BhFbpOvRROSxNyF6FMc5WC4jKRtnUWwnK66Gam6BNkEHI/pubhtml/sheet?headers=false&gid=59320747&range=A1%3Ah100
the unicorn,season two,https://tvseriesfinale.com/tv-show/the-unicorn-season-two-ratings/,https://docs.google.com/spreadsheets/d/1dBByBwNRkBxn64JkURCCBbkdekn50VAxa3AfH7pZK04/pubhtml/sheet?headers=false&gid=598218707&range=A1%3Ah100
united states of al,season one,https://tvseriesfinale.com/tv-show/united-states-of-al-season-one-ratings/,https://docs.google.com/spreadsheets/d/1dBByBwNRkBxn64JkURCCBbkdekn50VAxa3AfH7pZK04/pubhtml/sheet?headers=false&gid=1401474873&range=A1%3Ah100
united we fall,season one,https://tvseriesfinale.com/tv-show/united-we-fall-season-one-ratings/,https://docs.google.com/spreadsheets/d/e/2PACX-1vTrXdDjlQ_DsAe7hNjPK48UpmMYmbZE2_I1S3x0frJJbOh448s7NI2vSBYNr_z6DgMwoksah-NZBkKB/pubhtml/sheet?headers=false&gid=1357032963&range=A1%3Ah100
unreal,season three,https://tvseriesfinale.com/tv-show/unreal-season-three-ratings/,https://docs.google.com/spreadsheets/d/1IBLohI2spBv1sm9EAOTfR_xM6ibQbU_a0DJSy01xiDM/pubhtml/sheet?headers=false&gid=87223187&range=A1%3AG30
unsolved,season one,https://tvseriesfinale.com/tv-show/unsolved-season-one-ratings/,https://docs.google.com/spreadsheets/d/16ijMnEb6P7NAqfPf35N_MyL5ueoHOV2HD01zJ1iXjDI/pubhtml/sheet?headers=false&gid=1938064846&range=A1:G120
van helsing,season two,https://tvseriesfinale.com/tv-show/van-helsing-season-two-ratings/,https://docs.google.com/spreadsheets/d/14IMssfgFsz8f3V5fAqkrt1xG_NUPQHNq4zimlz87N_c/pubhtml/sheet?headers=false&gid=592586449&range=A1%3AG30
van helsing,season three,https://tvseriesfinale.com/tv-show/van-helsing-season-three-ratings/,https://docs.google.com/spreadsheets/d/14IMssfgFsz8f3V5fAqkrt1xG_NUPQHNq4zimlz87N_c/pubhtml/sheet?headers=false&gid=250694380&range=A1%3AG30
van helsing,season four,https://tvseriesfinale.com/tv-show/van-helsing-season-four-ratings/,https://docs.google.com/spreadsheets/d/14IMssfgFsz8f3V5fAqkrt1xG_NUPQHNq4zimlz87N_c/pubhtml/sheet?headers=false&gid=819764103&range=A1%3AG30
van helsing,season five,https://tvseriesfinale.com/tv-show/van-helsing-season-five-ratings/,https://docs.google.com/spreadsheets/d/14IMssfgFsz8f3V5fAqkrt1xG_NUPQHNq4zimlz87N_c/pubhtml/sheet?headers=false&gid=1907989843&range=A1%3AG30
veep,season six,https://tvseriesfinale.com/tv-show/veep-season-six-ratings/,https://docs.google.com/spreadsheets/d/1QU8U82xgr8GURmJc3eR0Y4w7ppxwfNsp6dhPnzcs4bw/pubhtml/sheet?headers=false&gid=1055363698&range=A1%3AG19&output=html&rm=minimal
veep,season seven,https://tvseriesfinale.com/tv-show/veep-season-seven-ratings/,https://docs.google.com/spreadsheets/d/1QU8U82xgr8GURmJc3eR0Y4w7ppxwfNsp6dhPnzcs4bw/pubhtml/sheet?headers=false&gid=702338473&range=A1%3AG19&output=html&rm=minimal
vice principals,season two,https://tvseriesfinale.com/tv-show/vice-principals-season-two-ratings/,https://docs.google.com/spreadsheets/d/1QU8U82xgr8GURmJc3eR0Y4w7ppxwfNsp6dhPnzcs4bw/pubhtml/sheet?headers=false&gid=767706280&range=A1%3AG19&output=html&rm=minimal
vida,season one,https://tvseriesfinale.com/tv-show/vida-season-one-ratings/,https://docs.google.com/spreadsheets/d/1-xha-SEcC1L6_KlAxjxMArlpX2A8XY1grDeo58d922E/pubhtml/sheet?headers=false&gid=638100729&range=A1%3AG100&output=html&rm=minimal
vida,season two,https://tvseriesfinale.com/tv-show/vida-season-two-ratings/,https://docs.google.com/spreadsheets/d/1-xha-SEcC1L6_KlAxjxMArlpX2A8XY1grDeo58d922E/pubhtml/sheet?headers=false&gid=612188934&range=A1%3AG100&output=html&rm=minimal
vida,season three,https://tvseriesfinale.com/tv-show/vida-season-three-ratings/,https://docs.google.com/spreadsheets/d/1-xha-SEcC1L6_KlAxjxMArlpX2A8XY1grDeo58d922E/pubhtml/sheet?headers=false&gid=1829762489&range=A1%3AG100&output=html&rm=minimal
videos after dark,season one,https://tvseriesfinale.com/tv-show/videos-after-dark-season-one-ratings/,https://docs.google.com/spreadsheets/d/1Z54g0izrymDxV0QDkwOGE9auYHrCu-FTYNpPDykzPJ8/pubhtml/sheet?headers=false&gid=1008464091&range=A1%3Ah100
vikings,season five,https://tvseriesfinale.com/tv-show/vikings-season-five-ratings/,https://docs.google.com/spreadsheets/d/1tt5XZ5VVvGoKa7WdTvB8S6DdNxoCY2tuo5QS6fZTFzU/pubhtml/sheet?headers=false&gid=229009513&range=A1%3AG97&output=html&rm=minimal
vikings,season six,https://tvseriesfinale.com/tv-show/vikings-season-six-ratings/,https://docs.google.com/spreadsheets/d/1tt5XZ5VVvGoKa7WdTvB8S6DdNxoCY2tuo5QS6fZTFzU/pubhtml/sheet?headers=false&gid=430217438&range=A1%3AG97&output=html&rm=minimal
the village,season one,https://tvseriesfinale.com/tv-show/the-village-season-one-ratings/,https://docs.google.com/spreadsheets/d/1xFhCp0TeNw3qt7L-sjT6GVG1Fq3rxa3v6tGV_EhW0Bc/pubhtml/sheet?headers=false&gid=1766062859&range=A1%3Ah100
vinyl,season one,https://tvseriesfinale.com/tv-show/vinyl-season-one-ratings/,https://docs.google.com/spreadsheets/d/1QU8U82xgr8GURmJc3eR0Y4w7ppxwfNsp6dhPnzcs4bw/pubhtml/sheet?headers=false&gid=1937662047&range=A1%3AG19&output=html&rm=minimal
voice,season 14,https://tvseriesfinale.com/tv-show/voice-season-14-ratings/,https://docs.google.com/spreadsheets/d/e/2PACX-1vSbDlv8pGgTvsiGGgnQ0icBwo7pLFDRo4Jd9SNGQp2UVAXALuO-q0ukrsBaa2PvdfaDG7yK8Z-15Ldp/pubhtml/sheet?headers=false&gid=392413773&range=A1%3Ag100
voice,season 16,https://tvseriesfinale.com/tv-show/voice-season-16-ratings/,https://docs.google.com/spreadsheets/d/1xFhCp0TeNw3qt7L-sjT6GVG1Fq3rxa3v6tGV_EhW0Bc/pubhtml/sheet?headers=false&gid=37592516&range=A1%3Ah100
the voice,season 18,https://tvseriesfinale.com/tv-show/the-voice-season-18-ratings/,https://docs.google.com/spreadsheets/d/e/2PACX-1vRtVj2UE-OnOA12xp1fNuzjlRH3leED-mA5SsVYu5siarlfm8OVy5EHBpyoUlI9ICBIQzZ2hnLviUro/pubhtml/sheet?headers=false&gid=474372723&range=A1%3Ag100
the voice,season 19,https://tvseriesfinale.com/tv-show/the-voice-season-19-ratings/,https://docs.google.com/spreadsheets/d/10un34Z5y-n7KeT3gb_7cpWX7fhoO90wr1mlus7eRKcs/pubhtml/sheet?headers=false&gid=181896974&range=A1%3Ah100
the voice,season 20,https://tvseriesfinale.com/tv-show/the-voice-season-20-ratings/,https://docs.google.com/spreadsheets/d/10un34Z5y-n7KeT3gb_7cpWX7fhoO90wr1mlus7eRKcs/pubhtml/sheet?headers=false&gid=1981235174&range=A1%3Ah100
the voice,season 21,https://tvseriesfinale.com/tv-show/the-voice-season-21-ratings/,https://docs.google.com/spreadsheets/d/1HyhsoErv-gaQ6jE5tzO_Ax6r5ouKVGm3nNLcv74jPYY/pubhtml/sheet?headers=false&gid=181896974&range=A1%3Ah100
the voice,season 23,https://tvseriesfinale.com/tv-show/the-voice-season-23-ratings/,https://docs.google.com/spreadsheets/d/1ma3sMDxK-aUwyuz2kB8gMyf1goAcW9mqosbWSlLHEcg/pubhtml/sheet?headers=false&gid=1781137201&range=A1%3Ah100
the voice,season 24,https://tvseriesfinale.com/tv-show/the-voice-season-24-ratings/,https://docs.google.com/spreadsheets/d/1ulFHD6XOdDbGfOjxn7oY7g5VbYqBaQ4f5x74oABSSnE/pubhtml/sheet?headers=false&gid=2054951330&range=A1%3Ah100
the voice,season 25,https://tvseriesfinale.com/tv-show/the-voice-season-25-ratings/,https://docs.google.com/spreadsheets/d/1ulFHD6XOdDbGfOjxn7oY7g5VbYqBaQ4f5x74oABSSnE/pubhtml/sheet?headers=false&gid=984162597&range=A1%3Ah100
waco,season one,https://tvseriesfinale.com/tv-show/waco-season-one-ratings/,https://docs.google.com/spreadsheets/d/1TVuPPYWjLX0S3WrKO5AogtfcZ95_B1EHvknn6U1utU8/pubhtml/sheet?headers=false&gid=2115952622&range=A1%3AG46
walker,season one,https://tvseriesfinale.com/tv-show/walker-season-one-ratings/,https://docs.google.com/spreadsheets/d/1UtKbmbo-TrCU00937XlBHCPgAR5Wx5fyu7YHrmiDjZQ/pubhtml/sheet?headers=false&gid=1542631924&range=A1%3Ah100
walker,season two,https://tvseriesfinale.com/tv-show/walker-season-two-ratings/,https://docs.google.com/spreadsheets/d/1MiOE1bCf6lKNJCpNpvXIAZYYbPo5_BfTqqGbsG9ENo8/pubhtml/sheet?headers=false&gid=2018890461&range=A1%3Ah100
walker,season three,https://tvseriesfinale.com/tv-show/walker-season-three-ratings/,https://docs.google.com/spreadsheets/d/1qwTMXm7xEOvj2UJCK2EP9eCl3-calTWTXMXFx6_z1oA/pubhtml/sheet?headers=false&gid=701358145&range=A1%3Ah100
walker,season four,https://tvseriesfinale.com/tv-show/walker-season-four-ratings/,https://docs.google.com/spreadsheets/d/1VOF9EearmNFEo8w6vHiQipNNQVkvI529Yr3CG1qfSnQ/pubhtml/sheet?headers=false&gid=1253056629&range=A1%3Ah100
walker independence,season one,https://tvseriesfinale.com/tv-show/walker-independence-season-one-ratings/,https://docs.google.com/spreadsheets/d/1qwTMXm7xEOvj2UJCK2EP9eCl3-calTWTXMXFx6_z1oA/pubhtml/sheet?headers=false&gid=1436108638&range=A1%3Ah100
walking dead,season seven,https://tvseriesfinale.com/tv-show/walking-dead-season-seven-ratings/,https://docs.google.com/spreadsheets/d/13J-oeB6b8gpR4AGlw7PZS-4FvjvPKN5_0JFfGwsDXG4/pubhtml/sheet?headers=false&gid=689595894&range=A1%3AG23&output=html&rm=minimal
walking dead,season eight,https://tvseriesfinale.com/tv-show/walking-dead-season-eight-ratings/,https://docs.google.com/spreadsheets/d/13J-oeB6b8gpR4AGlw7PZS-4FvjvPKN5_0JFfGwsDXG4/pubhtml/sheet?headers=false&gid=1357333192&range=A1%3AG23&output=html&rm=minimal
walking dead,season nine,https://tvseriesfinale.com/tv-show/walking-dead-season-nine-ratings/,https://docs.google.com/spreadsheets/d/13J-oeB6b8gpR4AGlw7PZS-4FvjvPKN5_0JFfGwsDXG4/pubhtml/sheet?headers=false&gid=1609376445&range=A1%3AG23&output=html&rm=minimal
the walking dead,season 10,https://tvseriesfinale.com/tv-show/the-walking-dead-season-10-ratings/,https://docs.google.com/spreadsheets/d/13J-oeB6b8gpR4AGlw7PZS-4FvjvPKN5_0JFfGwsDXG4/pubhtml/sheet?headers=false&gid=782627171&range=A1%3AG23&output=html&rm=minimal
the walking dead daryl dixon,season one,https://tvseriesfinale.com/tv-show/the-walking-dead-daryl-dixon-season-one-ratings/,https://docs.google.com/spreadsheets/d/13J-oeB6b8gpR4AGlw7PZS-4FvjvPKN5_0JFfGwsDXG4/pubhtml/sheet?headers=false&gid=1448529509&range=A1%3AG23&output=html&rm=minimal
the walking dead the ones who live,season one,https://tvseriesfinale.com/tv-show/the-walking-dead-the-ones-who-live-season-one-ratings/,https://docs.google.com/spreadsheets/d/13J-oeB6b8gpR4AGlw7PZS-4FvjvPKN5_0JFfGwsDXG4/pubhtml/sheet?headers=false&gid=2087013741&range=A1%3AG23&output=html&rm=minimal
the walking dead world beyond,season one,https://tvseriesfinale.com/tv-show/the-walking-dead-world-beyond-season-one-ratings/,https://docs.google.com/spreadsheets/d/13J-oeB6b8gpR4AGlw7PZS-4FvjvPKN5_0JFfGwsDXG4/pubhtml/sheet?headers=false&gid=1327550858&range=A1%3AG23&output=html&rm=minimal
the walking dead world beyond,season two,https://tvseriesfinale.com/tv-show/the-walking-dead-world-beyond-season-two-ratings/,https://docs.google.com/spreadsheets/d/13J-oeB6b8gpR4AGlw7PZS-4FvjvPKN5_0JFfGwsDXG4/pubhtml/sheet?headers=false&gid=1311959994&range=A1%3AG23&output=html&rm=minimal
wall,season two,https://tvseriesfinale.com/tv-show/wall-season-two-ratings/,https://docs.google.com/spreadsheets/d/1EJ3FkRtr5NpRjuRFfdwm30sttYn4sLEgjJ8Wcl6XObU/pubhtml/sheet?headers=false&gid=163815962&range=A1%3Ah100
the wall,season three,https://tvseriesfinale.com/tv-show/the-wall-season-three-ratings/,https://docs.google.com/spreadsheets/d/e/2PACX-1vRtVj2UE-OnOA12xp1fNuzjlRH3leED-mA5SsVYu5siarlfm8OVy5EHBpyoUlI9ICBIQzZ2hnLviUro/pubhtml/sheet?headers=false&gid=728090505&range=A1%3Ah100
the wall,season four,https://tvseriesfinale.com/tv-show/the-wall-season-four-ratings/,https://docs.google.com/spreadsheets/d/10un34Z5y-n7KeT3gb_7cpWX7fhoO90wr1mlus7eRKcs/pubhtml/sheet?headers=false&gid=1150047147&range=A1%3Ah100
the wall,season five,https://tvseriesfinale.com/tv-show/the-wall-season-five-ratings/,https://docs.google.com/spreadsheets/d/1ma3sMDxK-aUwyuz2kB8gMyf1goAcW9mqosbWSlLHEcg/pubhtml/sheet?headers=false&gid=433368922&range=A1%3Ah100
warrior,season one,https://tvseriesfinale.com/tv-show/warrior-season-one-ratings/,"https://docs.google.com/spreadsheets/d/1cg4Jg0ic8YiLthke5JlF8Fobzk-6LAGkBt9SDz2q9D8/pubhtml/sheet?headers=false&gid=1816747163&range=A1%3AG46&output=html&rm=minimal"""
warrior,season two,https://tvseriesfinale.com/tv-show/warrior-season-two-ratings/,"https://docs.google.com/spreadsheets/d/1cg4Jg0ic8YiLthke5JlF8Fobzk-6LAGkBt9SDz2q9D8/pubhtml/sheet?headers=false&gid=432532841&range=A1%3AG46&output=html&rm=minimal"""
the watch,season one,https://tvseriesfinale.com/tv-show/the-watch-season-one-ratings/,https://docs.google.com/spreadsheets/d/12Y2A7RlLipHwsIgde0ZUyYovmiuAwtmeK2zcJD-vJh8/pubhtml/sheet?headers=false&gid=285994655&range=A1%3AG19&output=html&rm=minimal
the watchful eye,season one,https://tvseriesfinale.com/tv-show/the-watchful-eye-season-one-ratings/,https://docs.google.com/spreadsheets/d/1cnttQo1fIxTypKG3x19Ax0Zh4Pn8dtfzDfO4lVWsi6Y/pubhtml/sheet?headers=false&gid=154424046&range=A1:G120
watchmen,season one,https://tvseriesfinale.com/tv-show/watchmen-season-one-ratings/,https://docs.google.com/spreadsheets/d/1QU8U82xgr8GURmJc3eR0Y4w7ppxwfNsp6dhPnzcs4bw/pubhtml/sheet?headers=false&gid=1214008179&range=A1%3AG19&output=html&rm=minimal
the way home,season one,https://tvseriesfinale.com/tv-show/the-way-home-season-one-ratings/,https://docs.google.com/spreadsheets/d/17JrV91J8N2EP5exIKuQv_yhgMU9u6MB2thgb1_N1s08/pubhtml/sheet?headers=false&gid=559215436&range=A1%3AG39&output=html&rm=minimal
the way home,season two,https://tvseriesfinale.com/tv-show/the-way-home-season-two-ratings/,https://docs.google.com/spreadsheets/d/17JrV91J8N2EP5exIKuQv_yhgMU9u6MB2thgb1_N1s08/pubhtml/sheet?headers=false&gid=883416412&range=A1%3AG39&output=html&rm=minimal
we are family,season one,https://tvseriesfinale.com/tv-show/we-are-family-season-one-ratings/,https://docs.google.com/spreadsheets/d/1gho_2zWLswUjY_ZpmoiMhFa0JCIIjFpOuxah5J-ltYk/pubhtml/sheet?headers=false&gid=795904444&range=A1%3Ah100
we own this city,season one,https://tvseriesfinale.com/tv-show/we-own-this-city-season-one-ratings/,https://docs.google.com/spreadsheets/d/1QU8U82xgr8GURmJc3eR0Y4w7ppxwfNsp6dhPnzcs4bw/pubhtml/sheet?headers=false&gid=1567073314&range=A1%3AG19&output=html&rm=minimal
weakest link,season one,https://tvseriesfinale.com/tv-show/weakest-link-season-one-ratings/,https://docs.google.com/spreadsheets/d/10un34Z5y-n7KeT3gb_7cpWX7fhoO90wr1mlus7eRKcs/pubhtml/sheet?headers=false&gid=607788102&range=A1%3Ah100
weakest link,season two,https://tvseriesfinale.com/tv-show/weakest-link-season-two-ratings/,https://docs.google.com/spreadsheets/d/1HyhsoErv-gaQ6jE5tzO_Ax6r5ouKVGm3nNLcv74jPYY/pubhtml/sheet?headers=false&gid=1357620135&range=A1%3Ah100
weakest link,season three,https://tvseriesfinale.com/tv-show/weakest-link-season-three-ratings/,https://docs.google.com/spreadsheets/d/1ma3sMDxK-aUwyuz2kB8gMyf1goAcW9mqosbWSlLHEcg/pubhtml/sheet?headers=false&gid=1328384651&range=A1%3Ah100
welcome to flatch,season one,https://tvseriesfinale.com/tv-show/welcome-to-flatch-season-one-ratings/,https://docs.google.com/spreadsheets/d/1PlugKIBMoFJpsdg8AZIYiS56GA8u5BxmNnpQ5v0wx1Q/pubhtml/sheet?headers=false&gid=224529044&range=A1%3Ah100
welcome to flatch,season two,https://tvseriesfinale.com/tv-show/welcome-to-flatch-season-two-ratings/,https://docs.google.com/spreadsheets/d/1bCcF_doylXV5Q45d8vITOJBvhw6a3YcB2aJApWPLCGw/pubhtml/sheet?headers=false&gid=534533840&range=A1%3Ah100
wellington paranormal,season one,https://tvseriesfinale.com/tv-show/wellington-paranormal-season-one-ratings/,https://docs.google.com/spreadsheets/d/1UtKbmbo-TrCU00937XlBHCPgAR5Wx5fyu7YHrmiDjZQ/pubhtml/sheet?headers=false&gid=1229094548&range=A1%3Ah100
wellington paranormal,season two,https://tvseriesfinale.com/tv-show/wellington-paranormal-season-two-ratings/,https://docs.google.com/spreadsheets/d/1UtKbmbo-TrCU00937XlBHCPgAR5Wx5fyu7YHrmiDjZQ/pubhtml/sheet?headers=false&gid=725306498&range=A1%3Ah100
wellington paranormal,season three,https://tvseriesfinale.com/tv-show/wellington-paranormal-season-three-ratings/,https://docs.google.com/spreadsheets/d/1MiOE1bCf6lKNJCpNpvXIAZYYbPo5_BfTqqGbsG9ENo8/pubhtml/sheet?headers=false&gid=1409747171&range=A1%3Ah100
wellington paranormal,season four,https://tvseriesfinale.com/tv-show/wellington-paranormal-season-four-ratings/,https://docs.google.com/spreadsheets/d/1MiOE1bCf6lKNJCpNpvXIAZYYbPo5_BfTqqGbsG9ENo8/pubhtml/sheet?headers=false&gid=507479870&range=A1%3Ah100
westworld,season two,https://tvseriesfinale.com/tv-show/westworld-season-two-ratings/,https://docs.google.com/spreadsheets/d/1QU8U82xgr8GURmJc3eR0Y4w7ppxwfNsp6dhPnzcs4bw/pubhtml/sheet?headers=false&gid=1027341123&range=A1%3AG19&output=html&rm=minimal
westworld,season three,https://tvseriesfinale.com/tv-show/westworld-season-three-ratings/,https://docs.google.com/spreadsheets/d/1QU8U82xgr8GURmJc3eR0Y4w7ppxwfNsp6dhPnzcs4bw/pubhtml/sheet?headers=false&gid=1931460473&range=A1%3AG19&output=html&rm=minimal
westworld,season four,https://tvseriesfinale.com/tv-show/westworld-season-four-ratings/,https://docs.google.com/spreadsheets/d/1QU8U82xgr8GURmJc3eR0Y4w7ppxwfNsp6dhPnzcs4bw/pubhtml/sheet?headers=false&gid=265402344&range=A1%3AG19&output=html&rm=minimal
what we do in the shadows,season one,https://tvseriesfinale.com/tv-show/what-we-do-in-the-shadows-season-one-ratings/,https://docs.google.com/spreadsheets/d/1DdYBR3HPqX7CL7Inge6KsMqvRhBXC7K--484-vIofrk/pubhtml/sheet?headers=false&gid=1887751013&range=A1%3AG97&output=html&rm=minimal
what we do in the shadows,season two,https://tvseriesfinale.com/tv-show/what-we-do-in-the-shadows-season-two-ratings/,https://docs.google.com/spreadsheets/d/1DdYBR3HPqX7CL7Inge6KsMqvRhBXC7K--484-vIofrk/pubhtml/sheet?headers=false&gid=817942966&range=A1%3AG97&output=html&rm=minimal
what we do in the shadows,season three,https://tvseriesfinale.com/tv-show/what-we-do-in-the-shadows-season-three-ratings/,https://docs.google.com/spreadsheets/d/1DdYBR3HPqX7CL7Inge6KsMqvRhBXC7K--484-vIofrk/pubhtml/sheet?headers=false&gid=969487407&range=A1%3AG97&output=html&rm=minimal
what we do in the shadows,season four,https://tvseriesfinale.com/tv-show/what-we-do-in-the-shadows-season-four-ratings/,https://docs.google.com/spreadsheets/d/1DdYBR3HPqX7CL7Inge6KsMqvRhBXC7K--484-vIofrk/pubhtml/sheet?headers=false&gid=878825211&range=A1%3AG97&output=html&rm=minimal
what we do in the shadows,season five,https://tvseriesfinale.com/tv-show/what-we-do-in-the-shadows-season-five-ratings/,https://docs.google.com/spreadsheets/d/1DdYBR3HPqX7CL7Inge6KsMqvRhBXC7K--484-vIofrk/pubhtml/sheet?headers=false&gid=1865240951&range=A1%3AG97&output=html&rm=minimal
what would you do,season 16,https://tvseriesfinale.com/tv-show/what-would-you-do-season-16-ratings/,https://docs.google.com/spreadsheets/d/e/2PACX-1vTrXdDjlQ_DsAe7hNjPK48UpmMYmbZE2_I1S3x0frJJbOh448s7NI2vSBYNr_z6DgMwoksah-NZBkKB/pubhtml/sheet?headers=false&gid=176354776&range=A1%3Ah100
what would you do,season 17,https://tvseriesfinale.com/tv-show/what-would-you-do-season-17-ratings/,https://docs.google.com/spreadsheets/d/15KTevMXvt9KrUmg0EAioSoNjNmhfRebf0-72WnZYlK8/pubhtml/sheet?headers=false&gid=996911593&range=A1%3Ah100
calls heart,season three,https://tvseriesfinale.com/tv-show/calls-heart-season-three-ratings/,https://docs.google.com/spreadsheets/d/17JrV91J8N2EP5exIKuQv_yhgMU9u6MB2thgb1_N1s08/pubhtml/sheet?headers=false&gid=1760950611&range=A1%3AG19&output=html&rm=minimal
calls heart,season four,https://tvseriesfinale.com/tv-show/calls-heart-season-four-ratings/,https://docs.google.com/spreadsheets/d/17JrV91J8N2EP5exIKuQv_yhgMU9u6MB2thgb1_N1s08/pubhtml/sheet?headers=false&gid=438880594&range=A1%3AG19&output=html&rm=minimal
calls heart,season five,https://tvseriesfinale.com/tv-show/calls-heart-season-five-ratings/,https://docs.google.com/spreadsheets/d/17JrV91J8N2EP5exIKuQv_yhgMU9u6MB2thgb1_N1s08/pubhtml/sheet?headers=false&gid=924787426&range=A1%3AG19&output=html&rm=minimal
when calls the heart,season six,https://tvseriesfinale.com/tv-show/when-calls-the-heart-season-six-ratings/,https://docs.google.com/spreadsheets/d/17JrV91J8N2EP5exIKuQv_yhgMU9u6MB2thgb1_N1s08/pubhtml/sheet?headers=false&gid=1385276190&range=A1%3AG19&output=html&rm=minimal
when calls the heart,season seven,https://tvseriesfinale.com/tv-show/when-calls-the-heart-season-seven-ratings/,https://docs.google.com/spreadsheets/d/17JrV91J8N2EP5exIKuQv_yhgMU9u6MB2thgb1_N1s08/pubhtml/sheet?headers=false&gid=1481632330&range=A1%3AG19&output=html&rm=minimal
when calls the heart,season eight,https://tvseriesfinale.com/tv-show/when-calls-the-heart-season-eight-ratings/,https://docs.google.com/spreadsheets/d/17JrV91J8N2EP5exIKuQv_yhgMU9u6MB2thgb1_N1s08/pubhtml/sheet?headers=false&gid=1676383117&range=A1%3AG19&output=html&rm=minimal
when calls the heart,season nine,https://tvseriesfinale.com/tv-show/when-calls-the-heart-season-nine-ratings/,https://docs.google.com/spreadsheets/d/17JrV91J8N2EP5exIKuQv_yhgMU9u6MB2thgb1_N1s08/pubhtml/sheet?headers=false&gid=1974968402&range=A1%3AG30&output=html&rm=minimal
when calls the heart,season 10,https://tvseriesfinale.com/tv-show/when-calls-the-heart-season-10-ratings/,https://docs.google.com/spreadsheets/d/17JrV91J8N2EP5exIKuQv_yhgMU9u6MB2thgb1_N1s08/pubhtml/sheet?headers=false&gid=1453348386&range=A1%3AG39&output=html&rm=minimal
when calls the heart,season 11,https://tvseriesfinale.com/tv-show/when-calls-the-heart-season-11-ratings/,https://docs.google.com/spreadsheets/d/17JrV91J8N2EP5exIKuQv_yhgMU9u6MB2thgb1_N1s08/pubhtml/sheet?headers=false&gid=1964122948&range=A1%3AG39&output=html&rm=minimal
when hope calls,season one,https://tvseriesfinale.com/tv-show/when-hope-calls-season-one-ratings/,https://docs.google.com/spreadsheets/d/17JrV91J8N2EP5exIKuQv_yhgMU9u6MB2thgb1_N1s08/pubhtml/sheet?headers=false&gid=1287925663&range=A1%3AG19&output=html&rm=minimal
when nature calls with helen mirren,season one,https://tvseriesfinale.com/tv-show/when-nature-calls-with-helen-mirren-season-one-ratings/,https://docs.google.com/spreadsheets/d/1NS9t3Pv-5_wq_fCkMbQDlf0scWZ_TYTsLp38Z8jaw_M/pubhtml/sheet?headers=false&gid=1851441054&range=A1%3Ah100
when we rise,season one,https://tvseriesfinale.com/tv-show/when-we-rise-season-one-ratings/,https://docs.google.com/spreadsheets/d/1ToHTY-SGH1wLEo31kKz9TOE5PsdpBE20kqtr1BhJBVA/pubhtml/sheet?headers=false&gid=125182557&range=A1%3Ah100
whiskey cavalier,season one,https://tvseriesfinale.com/tv-show/whiskey-cavalier-season-one-ratings/,https://docs.google.com/spreadsheets/d/1Z54g0izrymDxV0QDkwOGE9auYHrCu-FTYNpPDykzPJ8/pubhtml/sheet?headers=false&gid=1853787802&range=A1%3Ah100
whistleblower,season one,https://tvseriesfinale.com/tv-show/whistleblower-season-one-ratings/,https://docs.google.com/spreadsheets/d/e/2PACX-1vT3vh7mmYQQq1m3g7KQMsmlr1cEvnVRX6aVWRwp6JU7F2hy06mf_irW7uwbTdww_G47LBmS64qNTLkG/pubhtml/sheet?headers=false&gid=1218465445&range=A1%3Ah100
whistleblower,season two,https://tvseriesfinale.com/tv-show/whistleblower-season-two-ratings/,https://docs.google.com/spreadsheets/d/1qlYGtdgF6N3UIJArkhteiD8B0zo8akewHTR0Jd_ceOE/pubhtml/sheet?headers=false&gid=1357111980&range=A1%3Ah100
white famous,season one,https://tvseriesfinale.com/tv-show/white-famous-season-one-ratings/,https://docs.google.com/spreadsheets/d/13_jTGvVcJocGGMZhhC2fdGIsx1znj_LvslHru7vALRA/pubhtml/sheet?headers=false&gid=1518774253&range=A1%3AG100
white house plumbers,season one,https://tvseriesfinale.com/tv-show/white-house-plumbers-season-one-ratings/,https://docs.google.com/spreadsheets/d/1QU8U82xgr8GURmJc3eR0Y4w7ppxwfNsp6dhPnzcs4bw/pubhtml/sheet?headers=false&gid=775098032&range=A1%3AG19&output=html&rm=minimal
the white lotus,season one,https://tvseriesfinale.com/tv-show/the-white-lotus-season-one-ratings/,https://docs.google.com/spreadsheets/d/1QU8U82xgr8GURmJc3eR0Y4w7ppxwfNsp6dhPnzcs4bw/pubhtml/sheet?headers=false&gid=1261419445&range=A1%3AG19&output=html&rm=minimal
the white lotus,season two,https://tvseriesfinale.com/tv-show/the-white-lotus-season-two-ratings/,https://docs.google.com/spreadsheets/d/1QU8U82xgr8GURmJc3eR0Y4w7ppxwfNsp6dhPnzcs4bw/pubhtml/sheet?headers=false&gid=1927869380&range=A1%3AG19&output=html&rm=minimal
white princess,season one,https://tvseriesfinale.com/tv-show/white-princess-season-one-ratings/,https://docs.google.com/spreadsheets/d/1-xha-SEcC1L6_KlAxjxMArlpX2A8XY1grDeo58d922E/pubhtml/sheet?headers=false&gid=1157272348&range=A1%3AG100&output=html&rm=minimal
the wheel,season one,https://tvseriesfinale.com/tv-show/the-wheel-season-one-ratings/,https://docs.google.com/spreadsheets/d/1ma3sMDxK-aUwyuz2kB8gMyf1goAcW9mqosbWSlLHEcg/pubhtml/sheet?headers=false&gid=1807448204&range=A1%3Ah100
who do you believe,season one,https://tvseriesfinale.com/tv-show/who-do-you-believe-season-one-ratings/,https://docs.google.com/spreadsheets/d/1UHVhAstyDVbA_72wuwSMX7TAPuO4Z_5sX1xbcmNjr2s/pubhtml/sheet?headers=false&gid=461418399&range=A1%3Ah100
who wants to be a millionaire,season one,https://tvseriesfinale.com/tv-show/who-wants-to-be-a-millionaire-season-one-ratings/,https://docs.google.com/spreadsheets/d/e/2PACX-1vTrXdDjlQ_DsAe7hNjPK48UpmMYmbZE2_I1S3x0frJJbOh448s7NI2vSBYNr_z6DgMwoksah-NZBkKB/pubhtml/sheet?headers=false&gid=777774026&range=A1%3Ah100
who wants to be a millionaire,season two,https://tvseriesfinale.com/tv-show/who-wants-to-be-a-millionaire-season-two-ratings/,https://docs.google.com/spreadsheets/d/1NS9t3Pv-5_wq_fCkMbQDlf0scWZ_TYTsLp38Z8jaw_M/pubhtml/sheet?headers=false&gid=1987242544&range=A1%3Ah100
whose line anyway,season 13,https://tvseriesfinale.com/tv-show/whose-line-anyway-season-13-ratings/,https://docs.google.com/spreadsheets/d/1i4IfQufJnv28LwfJWIz_Ea0E8u3f4vhTmL4pZz3620Q/pubhtml/sheet?headers=false&gid=248825125&range=A1%3AH100
whose line is it anyway,season 14,https://tvseriesfinale.com/tv-show/whose-line-is-it-anyway-season-14-ratings/,https://docs.google.com/spreadsheets/d/e/2PACX-1vR_SBz9FDKyY15XKRCf_Vpm1tJXCnrieAa2957aRG1B9OPPcaQGfv4n1m4kjsCVCZGH29aYvTeDUaiS/pubhtml/sheet?headers=false&gid=1578243444&range=A1%3AH40
whose line is it anyway,season 15,https://tvseriesfinale.com/tv-show/whose-line-is-it-anyway-season-15-ratings/,https://docs.google.com/spreadsheets/d/1T-eDbU4WnVnGczaTUc9X91683hE7PYpTtpap48tpnu0/pubhtml/sheet?headers=false&gid=1647943789&range=A1%3Ah100
whose line is it anyway,season 16,https://tvseriesfinale.com/tv-show/whose-line-is-it-anyway-season-16-ratings/,https://docs.google.com/spreadsheets/d/e/2PACX-1vTaD6uAv0rMyqOLpklP9QmMHlz3gUaKkf5kYVM3nDXbIBys2LKIkvfed1zv-22RJpYtZtcw1rvPd5ws/pubhtml/sheet?headers=false&gid=95193363&range=A1%3Ah100
whose line is it anyway,season 17,https://tvseriesfinale.com/tv-show/whose-line-is-it-anyway-season-17-ratings/,https://docs.google.com/spreadsheets/d/1UtKbmbo-TrCU00937XlBHCPgAR5Wx5fyu7YHrmiDjZQ/pubhtml/sheet?headers=false&gid=155748611&range=A1%3Ah100
whose line is it anyway,season 18,https://tvseriesfinale.com/tv-show/whose-line-is-it-anyway-season-18-ratings/,https://docs.google.com/spreadsheets/d/1MiOE1bCf6lKNJCpNpvXIAZYYbPo5_BfTqqGbsG9ENo8/pubhtml/sheet?headers=false&gid=1096558323&range=A1%3Ah100
whose line is it anyway,season 19,https://tvseriesfinale.com/tv-show/whose-line-is-it-anyway-season-19-ratings/,https://docs.google.com/spreadsheets/d/1qwTMXm7xEOvj2UJCK2EP9eCl3-calTWTXMXFx6_z1oA/pubhtml/sheet?headers=false&gid=426410384&range=A1%3Ah100
whose line is it anyway,season 20,https://tvseriesfinale.com/tv-show/whose-line-is-it-anyway-season-20-ratings/,https://docs.google.com/spreadsheets/d/1qwTMXm7xEOvj2UJCK2EP9eCl3-calTWTXMXFx6_z1oA/pubhtml/sheet?headers=false&gid=1873769056&range=A1%3Ah100
wild cards,season one,https://tvseriesfinale.com/tv-show/wild-cards-season-one-ratings/,https://docs.google.com/spreadsheets/d/1VOF9EearmNFEo8w6vHiQipNNQVkvI529Yr3CG1qfSnQ/pubhtml/sheet?headers=false&gid=1881695527&range=A1%3Ah100
will,season one,https://tvseriesfinale.com/tv-show/will-season-one-ratings/,https://docs.google.com/spreadsheets/d/1QtBG-fGZvsxYy32ltEqEbyD_Vp9XHOYSt9-6wyprIS4/pubhtml/sheet?headers=false&gid=997279614&range=A1%3AG46
will grace,season nine,https://tvseriesfinale.com/tv-show/will-grace-season-nine-ratings/,https://docs.google.com/spreadsheets/d/e/2PACX-1vSbDlv8pGgTvsiGGgnQ0icBwo7pLFDRo4Jd9SNGQp2UVAXALuO-q0ukrsBaa2PvdfaDG7yK8Z-15Ldp/pubhtml/sheet?headers=false&gid=310895587&range=A1%3Ah100
will grace,season 10,https://tvseriesfinale.com/tv-show/will-grace-season-10-ratings/,https://docs.google.com/spreadsheets/d/1xFhCp0TeNw3qt7L-sjT6GVG1Fq3rxa3v6tGV_EhW0Bc/pubhtml/sheet?headers=false&gid=310895587&range=A1%3Ah100
will grace,season 11,https://tvseriesfinale.com/tv-show/will-grace-season-11-ratings/,https://docs.google.com/spreadsheets/d/e/2PACX-1vRtVj2UE-OnOA12xp1fNuzjlRH3leED-mA5SsVYu5siarlfm8OVy5EHBpyoUlI9ICBIQzZ2hnLviUro/pubhtml/sheet?headers=false&gid=1773414971&range=A1%3Ah100
will trent,season one,https://tvseriesfinale.com/tv-show/will-trent-season-one-ratings/,https://docs.google.com/spreadsheets/d/1yWN1t7MlPk9jroVeTgGH5-U5sp5XVcZJclGsrnyl5bI/pubhtml/sheet?headers=false&gid=794699663&range=A1%3Ah100
will trent,season two,https://tvseriesfinale.com/tv-show/will-trent-season-two-ratings/,https://docs.google.com/spreadsheets/d/15KTevMXvt9KrUmg0EAioSoNjNmhfRebf0-72WnZYlK8/pubhtml/sheet?headers=false&gid=2138532441&range=A1%3Ah100
the winchesters,season one,https://tvseriesfinale.com/tv-show/the-winchesters-season-one-ratings/,https://docs.google.com/spreadsheets/d/1qwTMXm7xEOvj2UJCK2EP9eCl3-calTWTXMXFx6_z1oA/pubhtml/sheet?headers=false&gid=1432499734&range=A1%3Ah100
winning time the rise of the lakers dynasty,season two,https://tvseriesfinale.com/tv-show/winning-time-the-rise-of-the-lakers-dynasty-season-two-ratings/,https://docs.google.com/spreadsheets/d/1QU8U82xgr8GURmJc3eR0Y4w7ppxwfNsp6dhPnzcs4bw/pubhtml/sheet?headers=false&gid=1303692374&range=A1%3AG19&output=html&rm=minimal
wisdom crowd,season one,https://tvseriesfinale.com/tv-show/wisdom-crowd-season-one-ratings/,https://docs.google.com/spreadsheets/d/e/2PACX-1vT3vh7mmYQQq1m3g7KQMsmlr1cEvnVRX6aVWRwp6JU7F2hy06mf_irW7uwbTdww_G47LBmS64qNTLkG/pubhtml/sheet?headers=false&gid=1313937499&range=A1%3Ah100
the woman in the wall,season one,https://tvseriesfinale.com/tv-show/the-woman-in-the-wall-season-one-ratings/,
women of the movement,season one,https://tvseriesfinale.com/tv-show/women-of-the-movement-season-one-ratings/,https://docs.google.com/spreadsheets/d/1UHVhAstyDVbA_72wuwSMX7TAPuO4Z_5sX1xbcmNjr2s/pubhtml/sheet?headers=false&gid=2067303239&range=A1%3Ah100
the wonder years,season one,https://tvseriesfinale.com/tv-show/the-wonder-years-season-one-ratings/,https://docs.google.com/spreadsheets/d/1UHVhAstyDVbA_72wuwSMX7TAPuO4Z_5sX1xbcmNjr2s/pubhtml/sheet?headers=false&gid=1533426449&range=A1%3Ah100
the wonder years,season two,https://tvseriesfinale.com/tv-show/the-wonder-years-season-two-ratings/,https://docs.google.com/spreadsheets/d/1yWN1t7MlPk9jroVeTgGH5-U5sp5XVcZJclGsrnyl5bI/pubhtml/sheet?headers=false&gid=1834277781&range=A1%3Ah100
work in progress,season one,https://tvseriesfinale.com/tv-show/work-in-progress-season-one-ratings/,https://docs.google.com/spreadsheets/d/13_jTGvVcJocGGMZhhC2fdGIsx1znj_LvslHru7vALRA/pubhtml/sheet?headers=false&gid=455057569&range=A1%3AG100
work in progress,season two,https://tvseriesfinale.com/tv-show/work-in-progress-season-two-ratings/,https://docs.google.com/spreadsheets/d/13_jTGvVcJocGGMZhhC2fdGIsx1znj_LvslHru7vALRA/pubhtml/sheet?headers=false&gid=1375110290&range=A1%3AG100
workaholics,season seven,https://tvseriesfinale.com/tv-show/workaholics-season-seven-ratings/,https://docs.google.com/spreadsheets/d/1TlUrr7x4sodWNr-S-N8Z1uB3bHn0ftZMVjZJpLyeme8/pubhtml/sheet?headers=false&gid=810417899&range=A1%3AG97&output=html&rm=minimal
world dance,season one,https://tvseriesfinale.com/tv-show/world-dance-season-one-ratings/,https://docs.google.com/spreadsheets/d/1EJ3FkRtr5NpRjuRFfdwm30sttYn4sLEgjJ8Wcl6XObU/pubhtml/sheet?headers=false&gid=1547451750&range=A1%3Ah100
world of dance,season two,https://tvseriesfinale.com/tv-show/world-of-dance-season-two-ratings/,https://docs.google.com/spreadsheets/d/e/2PACX-1vSbDlv8pGgTvsiGGgnQ0icBwo7pLFDRo4Jd9SNGQp2UVAXALuO-q0ukrsBaa2PvdfaDG7yK8Z-15Ldp/pubhtml/sheet?headers=false&gid=1074234917&range=A1%3Ah100
world of dance,season three,https://tvseriesfinale.com/tv-show/world-of-dance-season-three-ratings/,https://docs.google.com/spreadsheets/d/1xFhCp0TeNw3qt7L-sjT6GVG1Fq3rxa3v6tGV_EhW0Bc/pubhtml/sheet?headers=false&gid=1767186395&range=A1%3Ah100
world of dance,season four,https://tvseriesfinale.com/tv-show/world-of-dance-season-four-ratings/,https://docs.google.com/spreadsheets/d/e/2PACX-1vRtVj2UE-OnOA12xp1fNuzjlRH3leED-mA5SsVYu5siarlfm8OVy5EHBpyoUlI9ICBIQzZ2hnLviUro/pubhtml/sheet?headers=false&gid=956144426&range=A1%3Ah100
the worlds best,season one,https://tvseriesfinale.com/tv-show/the-worlds-best-season-one-ratings/,https://docs.google.com/spreadsheets/d/1qlYGtdgF6N3UIJArkhteiD8B0zo8akewHTR0Jd_ceOE/pubhtml/sheet?headers=false&gid=1727738391&range=A1%3Ah100
worlds funniest animals,season one,https://tvseriesfinale.com/tv-show/worlds-funniest-animals-season-one-ratings/,https://docs.google.com/spreadsheets/d/1UtKbmbo-TrCU00937XlBHCPgAR5Wx5fyu7YHrmiDjZQ/pubhtml/sheet?headers=false&gid=1093667198&range=A1%3Ah100
worlds funniest animals,season two,https://tvseriesfinale.com/tv-show/worlds-funniest-animals-season-two-ratings/,https://docs.google.com/spreadsheets/d/1MiOE1bCf6lKNJCpNpvXIAZYYbPo5_BfTqqGbsG9ENo8/pubhtml/sheet?headers=false&gid=2019736270&range=A1%3Ah100
worlds funniest animals,season four,https://tvseriesfinale.com/tv-show/worlds-funniest-animals-season-four-ratings/,https://docs.google.com/spreadsheets/d/1VOF9EearmNFEo8w6vHiQipNNQVkvI529Yr3CG1qfSnQ/pubhtml/sheet?headers=false&gid=1937423822&range=A1%3Ah100
would i lie to you,season one,https://tvseriesfinale.com/tv-show/would-i-lie-to-you-season-one-ratings/,https://docs.google.com/spreadsheets/d/1MiOE1bCf6lKNJCpNpvXIAZYYbPo5_BfTqqGbsG9ENo8/pubhtml/sheet?headers=false&gid=1750134980&range=A1%3Ah100
wrecked,season two,https://tvseriesfinale.com/tv-show/wrecked-season-two-ratings/,https://docs.google.com/spreadsheets/d/1eh7nTgIxbi8a9fuPk03eCgyj472TxoA3NMIrNcySQb8/pubhtml/sheet?headers=false&gid=2068152547&range=A1%3AG100
wynonna earp,season two,https://tvseriesfinale.com/tv-show/wynonna-earp-season-two-ratings/,https://docs.google.com/spreadsheets/d/14IMssfgFsz8f3V5fAqkrt1xG_NUPQHNq4zimlz87N_c/pubhtml/sheet?headers=false&gid=1730525619&range=A1%3AG30
wynonna earp,season three,https://tvseriesfinale.com/tv-show/wynonna-earp-season-three-ratings/,https://docs.google.com/spreadsheets/d/14IMssfgFsz8f3V5fAqkrt1xG_NUPQHNq4zimlz87N_c/pubhtml/sheet?headers=false&gid=1742784699&range=A1%3AG30
wynonna earp,season four,https://tvseriesfinale.com/tv-show/wynonna-earp-season-four-ratings/,https://docs.google.com/spreadsheets/d/14IMssfgFsz8f3V5fAqkrt1xG_NUPQHNq4zimlz87N_c/pubhtml/sheet?headers=false&gid=966718253&range=A1%3AG30
years and years,season one,https://tvseriesfinale.com/tv-show/years-and-years-season-one-ratings/,https://docs.google.com/spreadsheets/d/1QU8U82xgr8GURmJc3eR0Y4w7ppxwfNsp6dhPnzcs4bw/pubhtml/sheet?headers=false&gid=1500844097&range=A1%3AG19&output=html&rm=minimal
yellowjackets,season one,https://tvseriesfinale.com/tv-show/yellowjackets-season-one-ratings/,https://docs.google.com/spreadsheets/d/13_jTGvVcJocGGMZhhC2fdGIsx1znj_LvslHru7vALRA/pubhtml/sheet?headers=false&gid=1816710740&range=A1%3AG100
yellowjackets,season two,https://tvseriesfinale.com/tv-show/yellowjackets-season-two-ratings/,https://docs.google.com/spreadsheets/d/13_jTGvVcJocGGMZhhC2fdGIsx1znj_LvslHru7vALRA/pubhtml/sheet?headers=false&gid=546718126&range=A1%3AG100
yellowstone,season one,https://tvseriesfinale.com/tv-show/yellowstone-season-one-ratings/,https://docs.google.com/spreadsheets/d/1TVuPPYWjLX0S3WrKO5AogtfcZ95_B1EHvknn6U1utU8/pubhtml/sheet?headers=false&gid=829655504&range=A1%3AG46
yellowstone,season two,https://tvseriesfinale.com/tv-show/yellowstone-season-two-ratings/,https://docs.google.com/spreadsheets/d/1TVuPPYWjLX0S3WrKO5AogtfcZ95_B1EHvknn6U1utU8/pubhtml/sheet?headers=false&gid=1548357539&range=A1%3AG46
yellowstone,season three,https://tvseriesfinale.com/tv-show/yellowstone-season-three-ratings/,https://docs.google.com/spreadsheets/d/1TVuPPYWjLX0S3WrKO5AogtfcZ95_B1EHvknn6U1utU8/pubhtml/sheet?headers=false&gid=948472642&range=A1%3AG46
yellowstone,season four,https://tvseriesfinale.com/tv-show/yellowstone-season-four-ratings/,https://docs.google.com/spreadsheets/d/1TVuPPYWjLX0S3WrKO5AogtfcZ95_B1EHvknn6U1utU8/pubhtml/sheet?headers=false&gid=1275106724&range=A1%3AG46
yellowstone,season five,https://tvseriesfinale.com/tv-show/yellowstone-season-five-ratings/,
you,season one,https://tvseriesfinale.com/tv-show/you-season-one-ratings/,https://docs.google.com/spreadsheets/d/1IBLohI2spBv1sm9EAOTfR_xM6ibQbU_a0DJSy01xiDM/pubhtml/sheet?headers=false&gid=94686253&range=A1%3AG30
you the jury,season one,https://tvseriesfinale.com/tv-show/you-the-jury-season-one-ratings/,https://docs.google.com/spreadsheets/d/1avKfTwLT9jXPNSzSisElW1a1bufQnuPCAwE_k817Z90/pubhtml/sheet?headers=false&gid=467107908&range=A1%3Ah100
youre worst,season three,https://tvseriesfinale.com/tv-show/youre-worst-season-three-ratings/,https://docs.google.com/spreadsheets/d/1DdYBR3HPqX7CL7Inge6KsMqvRhBXC7K--484-vIofrk/pubhtml/sheet?headers=false&gid=1884714964&range=A1%3AG97&output=html&rm=minimal
youre the worst,season four,https://tvseriesfinale.com/tv-show/youre-the-worst-season-four-ratings/,https://docs.google.com/spreadsheets/d/1DdYBR3HPqX7CL7Inge6KsMqvRhBXC7K--484-vIofrk/pubhtml/sheet?headers=false&gid=1833777446&range=A1%3AG97&output=html&rm=minimal
youre the worst,season five,https://tvseriesfinale.com/tv-show/youre-the-worst-season-five-ratings/,https://docs.google.com/spreadsheets/d/1DdYBR3HPqX7CL7Inge6KsMqvRhBXC7K--484-vIofrk/pubhtml/sheet?headers=false&gid=820313713&range=A1%3AG97&output=html&rm=minimal
young hungry,season three,https://tvseriesfinale.com/tv-show/young-hungry-season-three-ratings/,https://docs.google.com/spreadsheets/d/1cnttQo1fIxTypKG3x19Ax0Zh4Pn8dtfzDfO4lVWsi6Y/pubhtml/sheet?headers=false&gid=2065943649&range=A1:G120
young hungry,season five,https://tvseriesfinale.com/tv-show/young-hungry-season-five-ratings/,https://docs.google.com/spreadsheets/d/1cnttQo1fIxTypKG3x19Ax0Zh4Pn8dtfzDfO4lVWsi6Y/pubhtml/sheet?headers=false&gid=896656571&range=A1:G120
young pope,season one,https://tvseriesfinale.com/tv-show/young-pope-season-one-ratings/,https://docs.google.com/spreadsheets/d/1QU8U82xgr8GURmJc3eR0Y4w7ppxwfNsp6dhPnzcs4bw/pubhtml/sheet?headers=false&gid=592103236&range=A1%3AG19&output=html&rm=minimal
young rock,season one,https://tvseriesfinale.com/tv-show/young-rock-season-one-ratings/,https://docs.google.com/spreadsheets/d/10un34Z5y-n7KeT3gb_7cpWX7fhoO90wr1mlus7eRKcs/pubhtml/sheet?headers=false&gid=1619340959&range=A1%3Ah100
young rock,season two,https://tvseriesfinale.com/tv-show/young-rock-season-two-ratings/,https://docs.google.com/spreadsheets/d/1HyhsoErv-gaQ6jE5tzO_Ax6r5ouKVGm3nNLcv74jPYY/pubhtml/sheet?headers=false&gid=489061221&range=A1%3Ah100
young rock,season three,https://tvseriesfinale.com/tv-show/young-rock-season-three-ratings/,https://docs.google.com/spreadsheets/d/1ma3sMDxK-aUwyuz2kB8gMyf1goAcW9mqosbWSlLHEcg/pubhtml/sheet?headers=false&gid=1876467592&range=A1%3Ah100
young sheldon,season one,https://tvseriesfinale.com/tv-show/young-sheldon-season-one-ratings/,https://docs.google.com/spreadsheets/d/e/2PACX-1vT3vh7mmYQQq1m3g7KQMsmlr1cEvnVRX6aVWRwp6JU7F2hy06mf_irW7uwbTdww_G47LBmS64qNTLkG/pubhtml/sheet?headers=false&gid=1329993212&range=A1%3Ah100
young sheldon,season two,https://tvseriesfinale.com/tv-show/young-sheldon-season-two-ratings/,https://docs.google.com/spreadsheets/d/1qlYGtdgF6N3UIJArkhteiD8B0zo8akewHTR0Jd_ceOE/pubhtml/sheet?headers=false&gid=1329993212&range=A1%3Ah100
young sheldon,season three,https://tvseriesfinale.com/tv-show/young-sheldon-season-three-ratings/,https://docs.google.com/spreadsheets/d/e/2PACX-1vT0r9Z1zIFp1HCpQK8PJDq8yeZzWrPf8e5BhFbpOvRROSxNyF6FMc5WC4jKRtnUWwnK66Gam6BNkEHI/pubhtml/sheet?headers=false&gid=826634855&range=A1%3Ah100
young sheldon,season four,https://tvseriesfinale.com/tv-show/young-sheldon-season-four-ratings/,https://docs.google.com/spreadsheets/d/1dBByBwNRkBxn64JkURCCBbkdekn50VAxa3AfH7pZK04/pubhtml/sheet?headers=false&gid=511757899&range=A1%3Ah100
young sheldon,season five,https://tvseriesfinale.com/tv-show/young-sheldon-season-five-ratings/,https://docs.google.com/spreadsheets/d/1gPmjJd_L8Sp9Vp5qI5sfS69ztHiav5B4fFPrTOSmVMs/pubhtml/sheet?headers=false&gid=283713806&range=A1%3Ah100
young sheldon,season six,https://tvseriesfinale.com/tv-show/young-sheldon-season-six-ratings/,https://docs.google.com/spreadsheets/d/1_sakYamJH4LVbbDwVcQ-b6tvhOWWTnOVbh4nIqrMlVM/pubhtml/sheet?headers=false&gid=246701205&range=A1%3Ah100
young sheldon,season seven,https://tvseriesfinale.com/tv-show/young-sheldon-season-seven-ratings/,https://docs.google.com/spreadsheets/d/1Ii2QZoWwUROqd4TnVe05t4fNPdqfeER4kQIpqwyDIs4/pubhtml/sheet?headers=false&gid=149452256&range=A1%3Ah100
younger,season four,https://tvseriesfinale.com/tv-show/younger-season-four-ratings/,https://docs.google.com/spreadsheets/d/1mQtBuv7iPYxsvMC1wyg_07GsPBhpqtQCcbtmvCcwMUY/pubhtml/sheet?headers=false&gid=651115972&range=A1%3AG40&output=html&rm=minimal
younger,season five,https://tvseriesfinale.com/tv-show/younger-season-five-ratings/,https://docs.google.com/spreadsheets/d/1mQtBuv7iPYxsvMC1wyg_07GsPBhpqtQCcbtmvCcwMUY/pubhtml/sheet?headers=false&gid=521657483&range=A1%3AG40&output=html&rm=minimal
younger,season six,https://tvseriesfinale.com/tv-show/younger-season-six-ratings/,https://docs.google.com/spreadsheets/d/1mQtBuv7iPYxsvMC1wyg_07GsPBhpqtQCcbtmvCcwMUY/pubhtml/sheet?headers=false&gid=1454031898&range=A1%3AG40&output=html&rm=minimal
younger,season seven,https://tvseriesfinale.com/tv-show/younger-season-seven-ratings/,https://docs.google.com/spreadsheets/d/1mQtBuv7iPYxsvMC1wyg_07GsPBhpqtQCcbtmvCcwMUY/pubhtml/sheet?headers=false&gid=52498432&range=A1%3AG40&output=html&rm=minimal
your honor,season one,https://tvseriesfinale.com/tv-show/your-honor-season-one-ratings/,https://docs.google.com/spreadsheets/d/13_jTGvVcJocGGMZhhC2fdGIsx1znj_LvslHru7vALRA/pubhtml/sheet?headers=false&gid=1618317198&range=A1%3AG100
your honor,season two,https://tvseriesfinale.com/tv-show/your-honor-season-two-ratings/,https://docs.google.com/spreadsheets/d/13_jTGvVcJocGGMZhhC2fdGIsx1znj_LvslHru7vALRA/pubhtml/sheet?headers=false&gid=1386268873&range=A1%3AG100
z nation,season three,https://tvseriesfinale.com/tv-show/z-nation-season-three-ratings/,https://docs.google.com/spreadsheets/d/14IMssfgFsz8f3V5fAqkrt1xG_NUPQHNq4zimlz87N_c/pubhtml/sheet?headers=false&gid=1862161346&range=A1%3AG30
z nation,season four,https://tvseriesfinale.com/tv-show/z-nation-season-four-ratings/,https://docs.google.com/spreadsheets/d/14IMssfgFsz8f3V5fAqkrt1xG_NUPQHNq4zimlz87N_c/pubhtml/sheet?headers=false&gid=41654165&range=A1%3AG30
z nation,season five,https://tvseriesfinale.com/tv-show/z-nation-season-five-ratings/,https://docs.google.com/spreadsheets/d/14IMssfgFsz8f3V5fAqkrt1xG_NUPQHNq4zimlz87N_c/pubhtml/sheet?headers=false&gid=544307201&range=A1%3AG30
zoeys extraordinary playlist,season one,https://tvseriesfinale.com/tv-show/zoeys-extraordinary-playlist-season-one-ratings/,https://docs.google.com/spreadsheets/d/e/2PACX-1vRtVj2UE-OnOA12xp1fNuzjlRH3leED-mA5SsVYu5siarlfm8OVy5EHBpyoUlI9ICBIQzZ2hnLviUro/pubhtml/sheet?headers=false&gid=1066892618&range=A1%3Ah100
zoeys extraordinary playlist,season two,https://tvseriesfinale.com/tv-show/zoeys-extraordinary-playlist-season-two-ratings/,
zoo,season two,https://tvseriesfinale.com/tv-show/zoo-season-two-ratings/,https://docs.google.com/spreadsheets/d/1wVP9xoa95YRaNbN0wlreOovnOyeT0VY3MQQxp4rXwD4/pubhtml/sheet?headers=false&gid=414793803&range=A1%3AH40
zoo,season three,https://tvseriesfinale.com/tv-show/zoo-season-three-ratings/,https://docs.google.com/spreadsheets/d/1Ub6cOIe00Wo4XJdKk3yPaVemFqvLqQghNx37sCpoMZM/pubhtml/sheet?headers=false&gid=1059751065&range=A1%3Ah100
