Show Name,Season,Href
1000000 pyramid,season one,https://tvseriesfinale.com/tv-show/1000000-pyramid-season-one-ratings/
100000 pyramid,season two,https://tvseriesfinale.com/tv-show/100000-pyramid-season-two-ratings/
100000 pyramid,season three,https://tvseriesfinale.com/tv-show/100000-pyramid-season-three-ratings/
the 100000 pyramid,season four,https://tvseriesfinale.com/tv-show/the-100000-pyramid-season-four-ratings/
the 100000 pyramid,season five,https://tvseriesfinale.com/tv-show/the-100000-pyramid-season-five-ratings/
the 100000 pyramid,season six,https://tvseriesfinale.com/tv-show/the-100000-pyramid-season-six-ratings/
the 100000 pyramid,season seven,https://tvseriesfinale.com/tv-show/the-100000-pyramid-season-seven-ratings/
12 monkeys,season two,https://tvseriesfinale.com/tv-show/12-monkeys-season-two-ratings/
12 monkeys,season three,https://tvseriesfinale.com/tv-show/12-monkeys-season-three-ratings/
12 monkeys,season four,https://tvseriesfinale.com/tv-show/12-monkeys-season-four-ratings/
9 1 1,season one,https://tvseriesfinale.com/tv-show/9-1-1-season-one-ratings/
9 1 1,season two,https://tvseriesfinale.com/tv-show/9-1-1-season-two-ratings/
9 1 1,season three,https://tvseriesfinale.com/tv-show/9-1-1-season-three-ratings/
9 1 1,season four,https://tvseriesfinale.com/tv-show/9-1-1-season-four-ratings/
9 1 1,season five,https://tvseriesfinale.com/tv-show/9-1-1-season-five-ratings/
9 1 1,season six,https://tvseriesfinale.com/tv-show/9-1-1-season-six-ratings/
9 1 1 lone star,season one,https://tvseriesfinale.com/tv-show/9-1-1-lone-star-season-one-ratings/
9 1 1 lone star,season two,https://tvseriesfinale.com/tv-show/9-1-1-lone-star-season-two-ratings/
9 1 1 lone star,season three,https://tvseriesfinale.com/tv-show/9-1-1-lone-star-season-three-ratings/
9 1 1 lone star,season four,https://tvseriesfinale.com/tv-show/9-1-1-lone-star-season-four-ratings/
2020,season 39,https://tvseriesfinale.com/tv-show/2020-season-39-ratings/
2020,season 40,https://tvseriesfinale.com/tv-show/2020-season-40-ratings/
20 20,season 41,https://tvseriesfinale.com/tv-show/20-20-season-41-ratings/
20 20,season 42,https://tvseriesfinale.com/tv-show/20-20-season-42-ratings/
20 20,season 43,https://tvseriesfinale.com/tv-show/20-20-season-43-ratings/
20 20,season 44,https://tvseriesfinale.com/tv-show/20-20-season-44-ratings/
20 20,season 46,https://tvseriesfinale.com/tv-show/20-20-season-46-ratings/
instant,season two,https://tvseriesfinale.com/tv-show/instant-season-two-ratings/
20 20 in an instant tv show,season three,https://tvseriesfinale.com/tv-show/20-20-in-an-instant-tv-show-season-three-ratings/
20 20 in an instant tv show,season four,https://tvseriesfinale.com/tv-show/20-20-in-an-instant-tv-show-season-four-ratings/
24 legacy,season one,https://tvseriesfinale.com/tv-show/24-legacy-season-one-ratings/
48 hours,season 33,https://tvseriesfinale.com/tv-show/48-hours-season-33-ratings/
48 hours,season 35,https://tvseriesfinale.com/tv-show/48-hours-season-35-ratings/
48 hours,season 36,https://tvseriesfinale.com/tv-show/48-hours-season-36-ratings/
48 hours ncis,season one,https://tvseriesfinale.com/tv-show/48-hours-ncis-season-one-ratings/
60 minutes,season 51,https://tvseriesfinale.com/tv-show/60-minutes-season-51-ratings/
60 minutes,season 52,https://tvseriesfinale.com/tv-show/60-minutes-season-52-ratings/
60 minutes,season 53,https://tvseriesfinale.com/tv-show/60-minutes-season-53-ratings/
60 minutes,season 54,https://tvseriesfinale.com/tv-show/60-minutes-season-54-ratings/
60 minutes,season 56,https://tvseriesfinale.com/tv-show/60-minutes-season-56-ratings/
61st street,season one,https://tvseriesfinale.com/tv-show/61st-street-season-one-ratings/
68 whiskey,season one,https://tvseriesfinale.com/tv-show/68-whiskey-season-one-ratings/
100,season four,https://tvseriesfinale.com/tv-show/100-season-four-ratings/
100,season five,https://tvseriesfinale.com/tv-show/100-season-five-ratings/
the 100,season seven,https://tvseriesfinale.com/tv-show/the-100-season-seven-ratings/
100 days to indy,season one,https://tvseriesfinale.com/tv-show/100-days-to-indy-season-one-ratings/
100 days to indy,season two,https://tvseriesfinale.com/tv-show/100-days-to-indy-season-two-ratings/
1969,season one,https://tvseriesfinale.com/tv-show/1969-season-one-ratings/
4400,season one,https://tvseriesfinale.com/tv-show/4400-season-one-ratings/
9jkl,season one,https://tvseriesfinale.com/tv-show/9jkl-season-one-ratings/
abbott elementary,season one,https://tvseriesfinale.com/tv-show/abbott-elementary-season-one-ratings/
abbott elementary,season two,https://tvseriesfinale.com/tv-show/abbott-elementary-season-two-ratings/
abbott elementary,season three,https://tvseriesfinale.com/tv-show/abbott-elementary-season-three-ratings/
abbys,season one,https://tvseriesfinale.com/tv-show/abbys-season-one-ratings/
accused,season one,https://tvseriesfinale.com/tv-show/accused-season-one-ratings/
the affair,season three,https://tvseriesfinale.com/tv-show/the-affair-season-three-ratings/
affair,season four,https://tvseriesfinale.com/tv-show/affair-season-four-ratings/
the affair,season five,https://tvseriesfinale.com/tv-show/the-affair-season-five-ratings/
aftermath,season one,https://tvseriesfinale.com/tv-show/aftermath-season-one-ratings/
alaska daily,season one,https://tvseriesfinale.com/tv-show/alaska-daily-season-one-ratings/
alec baldwin show,season one,https://tvseriesfinale.com/tv-show/alec-baldwin-show-season-one-ratings/
alert missing persons unit,season one,https://tvseriesfinale.com/tv-show/alert-missing-persons-unit-season-one-ratings/
alert missing persons unit,season two,https://tvseriesfinale.com/tv-show/alert-missing-persons-unit-season-two-ratings/
alex inc,season one,https://tvseriesfinale.com/tv-show/alex-inc-season-one-ratings/
all american,season one,https://tvseriesfinale.com/tv-show/all-american-season-one-ratings/
all american,season two,https://tvseriesfinale.com/tv-show/all-american-season-two-ratings/
all american,season three,https://tvseriesfinale.com/tv-show/all-american-season-three-ratings/
all american,season four,https://tvseriesfinale.com/tv-show/all-american-season-four-ratings/
all american,season five,https://tvseriesfinale.com/tv-show/all-american-season-five-ratings/
all american,season six,https://tvseriesfinale.com/tv-show/all-american-season-six-ratings/
all american homecoming,season one,https://tvseriesfinale.com/tv-show/all-american-homecoming-season-one-ratings/
all american homecoming,season two,https://tvseriesfinale.com/tv-show/all-american-homecoming-season-two-ratings/
all rise,season one,https://tvseriesfinale.com/tv-show/all-rise-season-one-ratings/
all rise,season two,https://tvseriesfinale.com/tv-show/all-rise-season-two-ratings/
all rise,season three,https://tvseriesfinale.com/tv-show/all-rise-season-three-ratings/
alienist,season one,https://tvseriesfinale.com/tv-show/alienist-season-one-ratings/
almost family,season one,https://tvseriesfinale.com/tv-show/almost-family-season-one-ratings/
alone together,season one,https://tvseriesfinale.com/tv-show/alone-together-season-one-ratings/
alone together,season two,https://tvseriesfinale.com/tv-show/alone-together-season-two-ratings/
alter ego,season one,https://tvseriesfinale.com/tv-show/alter-ego-season-one-ratings/
the amazing race,season 32,https://tvseriesfinale.com/tv-show/the-amazing-race-season-32-ratings/
the amazing race,season 33,https://tvseriesfinale.com/tv-show/the-amazing-race-season-33-ratings/
the amazing race,season 34,https://tvseriesfinale.com/tv-show/the-amazing-race-season-34-ratings/
the amazing race,season 35,https://tvseriesfinale.com/tv-show/the-amazing-race-season-35-ratings/
the amazing race,season 36,https://tvseriesfinale.com/tv-show/the-amazing-race-season-36-ratings/
ambitions,season one,https://tvseriesfinale.com/tv-show/ambitions-season-one-ratings/
americas funniest home videos,season 28,https://tvseriesfinale.com/tv-show/americas-funniest-home-videos-season-28-ratings/
americas funniest home videos,season 29,https://tvseriesfinale.com/tv-show/americas-funniest-home-videos-season-29-ratings/
americas funniest home videos,season 30,https://tvseriesfinale.com/tv-show/americas-funniest-home-videos-season-30-ratings/
americas funniest home videos,season 31,https://tvseriesfinale.com/tv-show/americas-funniest-home-videos-season-31-ratings/
americas funniest home videos,season 32,https://tvseriesfinale.com/tv-show/americas-funniest-home-videos-season-32-ratings/
americas funniest home videos,season 34,https://tvseriesfinale.com/tv-show/americas-funniest-home-videos-season-34-ratings/
americas got talent,season 13,https://tvseriesfinale.com/tv-show/americas-got-talent-season-13-ratings/
americas got talent,season 14,https://tvseriesfinale.com/tv-show/americas-got-talent-season-14-ratings/
americas got talent,season 15,https://tvseriesfinale.com/tv-show/americas-got-talent-season-15-ratings/
americas got talent,season 16,https://tvseriesfinale.com/tv-show/americas-got-talent-season-16-ratings/
americas got talent,season 17,https://tvseriesfinale.com/tv-show/americas-got-talent-season-17-ratings/
americas got talent,season 18,https://tvseriesfinale.com/tv-show/americas-got-talent-season-18-ratings/
americas got talent all stars,season one,https://tvseriesfinale.com/tv-show/americas-got-talent-all-stars-season-one-ratings/
americas got talent extreme,season one,https://tvseriesfinale.com/tv-show/americas-got-talent-extreme-season-one-ratings/
americas got talent fantasy league,season one,https://tvseriesfinale.com/tv-show/americas-got-talent-fantasy-league-season-one-ratings/
americas got talent the champions,season one,https://tvseriesfinale.com/tv-show/americas-got-talent-the-champions-season-one-ratings/
americas got talent the champions,season two,https://tvseriesfinale.com/tv-show/americas-got-talent-the-champions-season-two-ratings/
americas most wanted,season 26,https://tvseriesfinale.com/tv-show/americas-most-wanted-season-26-ratings/
americas most wanted,season 27,https://tvseriesfinale.com/tv-show/americas-most-wanted-season-27-ratings/
american auto,season one,https://tvseriesfinale.com/tv-show/american-auto-season-one-ratings/
american auto,season two,https://tvseriesfinale.com/tv-show/american-auto-season-two-ratings/
american crime,season three,https://tvseriesfinale.com/tv-show/american-crime-season-three-ratings/
american dad,season 13,https://tvseriesfinale.com/tv-show/american-dad-season-13-ratings/
american dad,season 14,https://tvseriesfinale.com/tv-show/american-dad-season-14-ratings/
american dad,season 15,https://tvseriesfinale.com/tv-show/american-dad-season-15-ratings/
american dad,season 16,https://tvseriesfinale.com/tv-show/american-dad-season-16-ratings/
american dad,season 17,https://tvseriesfinale.com/tv-show/american-dad-season-17-ratings/
american dad,season 18,https://tvseriesfinale.com/tv-show/american-dad-season-18-ratings/
american gigolo,season one,https://tvseriesfinale.com/tv-show/american-gigolo-season-one-ratings/
american gods,season one,https://tvseriesfinale.com/tv-show/american-gods-season-one-ratings/
american gods,season two,https://tvseriesfinale.com/tv-show/american-gods-season-two-ratings/
american gods,season three,https://tvseriesfinale.com/tv-show/american-gods-season-three-ratings/
american horror story,season six,https://tvseriesfinale.com/tv-show/american-horror-story-season-six-ratings/
american horror story,season seven,https://tvseriesfinale.com/tv-show/american-horror-story-season-seven-ratings/
american horror story apocalypse,season eight,https://tvseriesfinale.com/tv-show/american-horror-story-apocalypse-season-eight-ratings/
american horror story,season nine-1984,https://tvseriesfinale.com/tv-show/american-horror-story-season-nine-1984-ratings/
american horror story,season 10,https://tvseriesfinale.com/tv-show/american-horror-story-season-10-ratings/
american horror story,season 12,https://tvseriesfinale.com/tv-show/american-horror-story-season-12-ratings/
american housewife,season one,https://tvseriesfinale.com/tv-show/american-housewife-season-one-ratings/
american housewife,season two,https://tvseriesfinale.com/tv-show/american-housewife-season-two-ratings/
american housewife,season three,https://tvseriesfinale.com/tv-show/american-housewife-season-three-ratings/
american housewife,season four,https://tvseriesfinale.com/tv-show/american-housewife-season-four-ratings/
american housewife,season five,https://tvseriesfinale.com/tv-show/american-housewife-season-five-ratings/
american idol,season 19,https://tvseriesfinale.com/tv-show/american-idol-season-19-ratings/
american idol,season 20,https://tvseriesfinale.com/tv-show/american-idol-season-20-ratings/
american idol,season 21,https://tvseriesfinale.com/tv-show/american-idol-season-21-ratings/
american idol,season 22,https://tvseriesfinale.com/tv-show/american-idol-season-22-ratings/
american ninja warrior,season eight,https://tvseriesfinale.com/tv-show/american-ninja-warrior-season-eight-ratings/
american ninja warrior,season nine,https://tvseriesfinale.com/tv-show/american-ninja-warrior-season-nine-ratings/
american ninja warrior,season 10,https://tvseriesfinale.com/tv-show/american-ninja-warrior-season-10-ratings/
american ninja warrior,season 11,https://tvseriesfinale.com/tv-show/american-ninja-warrior-season-11-ratings/
american ninja warrior,season 12,https://tvseriesfinale.com/tv-show/american-ninja-warrior-season-12-ratings/
american ninja warrior,season 13,https://tvseriesfinale.com/tv-show/american-ninja-warrior-season-13-ratings/
american ninja warrior,season 14,https://tvseriesfinale.com/tv-show/american-ninja-warrior-season-14-ratings/
american ninja warrior,season 15,https://tvseriesfinale.com/tv-show/american-ninja-warrior-season-15-ratings/
american princess,season one,https://tvseriesfinale.com/tv-show/american-princess-season-one-ratings/
scenes from a marriage,season one,https://tvseriesfinale.com/tv-show/scenes-from-a-marriage-season-one-ratings/
american song contest,season one,https://tvseriesfinale.com/tv-show/american-song-contest-season-one-ratings/
american soul,season one,https://tvseriesfinale.com/tv-show/american-soul-season-one-ratings/
american soul,season two,https://tvseriesfinale.com/tv-show/american-soul-season-two-ratings/
american woman,season one,https://tvseriesfinale.com/tv-show/american-woman-season-one-ratings/
americans,season five,https://tvseriesfinale.com/tv-show/americans-season-five-ratings/
americans,season six,https://tvseriesfinale.com/tv-show/americans-season-six-ratings/
angie tribeca,season three,https://tvseriesfinale.com/tv-show/angie-tribeca-season-three-ratings/
angie tribeca,season four,https://tvseriesfinale.com/tv-show/angie-tribeca-season-four-ratings/
animal control,season one,https://tvseriesfinale.com/tv-show/animal-control-season-one-ratings/
animal control,season two,https://tvseriesfinale.com/tv-show/animal-control-season-two-ratings/
animal kingdom,season one,https://tvseriesfinale.com/tv-show/animal-kingdom-season-one-ratings/
animal kingdom,season two,https://tvseriesfinale.com/tv-show/animal-kingdom-season-two-ratings/
animal kingdom,season three,https://tvseriesfinale.com/tv-show/animal-kingdom-season-three-ratings/
animal kingdom,season four,https://tvseriesfinale.com/tv-show/animal-kingdom-season-four-ratings/
animal kingdom,season five,https://tvseriesfinale.com/tv-show/animal-kingdom-season-five-ratings/
animal kingdom,season six,https://tvseriesfinale.com/tv-show/animal-kingdom-season-six-ratings/
animals,season one,https://tvseriesfinale.com/tv-show/animals-season-one-ratings/
animals,season two,https://tvseriesfinale.com/tv-show/animals-season-two-ratings/
animals,season three,https://tvseriesfinale.com/tv-show/animals-season-three-ratings/
anne rices interview with the vampire,season one,https://tvseriesfinale.com/tv-show/anne-rices-interview-with-the-vampire-season-one-ratings/
anne rices mayfair witches,season one,https://tvseriesfinale.com/tv-show/anne-rices-mayfair-witches-season-one-ratings/
another period,season three,https://tvseriesfinale.com/tv-show/another-period-season-three-ratings/
ap bio,season one,https://tvseriesfinale.com/tv-show/ap-bio-season-one-ratings/
ap bio,season two,https://tvseriesfinale.com/tv-show/ap-bio-season-two-ratings/
apb,season one,https://tvseriesfinale.com/tv-show/apb-season-one-ratings/
aquarius,season two,https://tvseriesfinale.com/tv-show/aquarius-season-two-ratings/
archer,season eight,https://tvseriesfinale.com/tv-show/archer-season-eight-ratings/
archer,season 10,https://tvseriesfinale.com/tv-show/archer-season-10-ratings/
archer,season 11,https://tvseriesfinale.com/tv-show/archer-season-11-ratings/
archer,season 12,https://tvseriesfinale.com/tv-show/archer-season-12-ratings/
archer,season 13,https://tvseriesfinale.com/tv-show/archer-season-13-ratings/
archer,season 14,https://tvseriesfinale.com/tv-show/archer-season-14-ratings/
the ark,season one,https://tvseriesfinale.com/tv-show/the-ark-season-one-ratings/
arrangement,season one,https://tvseriesfinale.com/tv-show/arrangement-season-one-ratings/
arrangement,season two,https://tvseriesfinale.com/tv-show/arrangement-season-two-ratings/
arrow tv show cw,season six,https://tvseriesfinale.com/tv-show/arrow-tv-show-cw-season-six-ratings/
arrow,season seven,https://tvseriesfinale.com/tv-show/arrow-season-seven-ratings/
arrow,season eight,https://tvseriesfinale.com/tv-show/arrow-season-eight-ratings/
ash vs evil dead starz tv show,season two,https://tvseriesfinale.com/tv-show/ash-vs-evil-dead-starz-tv-show-season-two-ratings/
ash vs evil dead,season three,https://tvseriesfinale.com/tv-show/ash-vs-evil-dead-season-three-ratings/
astrid lilly save the world,season one,https://tvseriesfinale.com/tv-show/astrid-lilly-save-the-world-season-one-ratings/
atlanta,season one,https://tvseriesfinale.com/tv-show/atlanta-season-one-ratings/
atlanta,season two,https://tvseriesfinale.com/tv-show/atlanta-season-two-ratings/
atlanta,season three,https://tvseriesfinale.com/tv-show/atlanta-season-three-ratings/
avenue 5,season one,https://tvseriesfinale.com/tv-show/avenue-5-season-one-ratings/
avenue 5,season two,https://tvseriesfinale.com/tv-show/avenue-5-season-two-ratings/
awkwafina is nora from queens,season two,https://tvseriesfinale.com/tv-show/awkwafina-is-nora-from-queens-season-two-ratings/
awkwafina is nora from queens,season three,https://tvseriesfinale.com/tv-show/awkwafina-is-nora-from-queens-season-three-ratings/
b positive,season one,https://tvseriesfinale.com/tv-show/b-positive-season-one-ratings/
the baby,season one,https://tvseriesfinale.com/tv-show/the-baby-season-one-ratings/
baby daddy,season six,https://tvseriesfinale.com/tv-show/baby-daddy-season-six-ratings/
bachelor in paradise,season four,https://tvseriesfinale.com/tv-show/bachelor-in-paradise-season-four-ratings/
bachelor in paradise,season six,https://tvseriesfinale.com/tv-show/bachelor-in-paradise-season-six-ratings/
bachelor in paradise,season six,https://tvseriesfinale.com/tv-show/bachelor-in-paradise-season-six-ratings/
bachelor in paradise,season seven,https://tvseriesfinale.com/tv-show/bachelor-in-paradise-season-seven-ratings/
bachelor in paradise,season eight,https://tvseriesfinale.com/tv-show/bachelor-in-paradise-season-eight-ratings/
bachelor in paradise,season nine,https://tvseriesfinale.com/tv-show/bachelor-in-paradise-season-nine-ratings/
bachelor tv show,season 21,https://tvseriesfinale.com/tv-show/bachelor-tv-show-season-21-ratings/
bachelor,season 22,https://tvseriesfinale.com/tv-show/bachelor-season-22-ratings/
the bachelor,season 23,https://tvseriesfinale.com/tv-show/the-bachelor-season-23-ratings/
the bachelor,season 24,https://tvseriesfinale.com/tv-show/the-bachelor-season-24-ratings/
the bachelor,season 25,https://tvseriesfinale.com/tv-show/the-bachelor-season-25-ratings/
the bachelor,season 26,https://tvseriesfinale.com/tv-show/the-bachelor-season-26-ratings/
the bachelor,season 27,https://tvseriesfinale.com/tv-show/the-bachelor-season-27-ratings/
the bachelor,season 28,https://tvseriesfinale.com/tv-show/the-bachelor-season-28-ratings/
the bachelor presents listen to your heart,season one,https://tvseriesfinale.com/tv-show/the-bachelor-presents-listen-to-your-heart-season-one-ratings/
the bachelor the greatest seasons ever,season one,https://tvseriesfinale.com/tv-show/the-bachelor-the-greatest-seasons-ever-season-one-ratings/
bachelorette,season 13,https://tvseriesfinale.com/tv-show/bachelorette-season-13-ratings/
bachelorette,season 14,https://tvseriesfinale.com/tv-show/bachelorette-season-14-ratings/
the bachelorette,season 15,https://tvseriesfinale.com/tv-show/the-bachelorette-season-15-ratings/
the bachelorette,season 16,https://tvseriesfinale.com/tv-show/the-bachelorette-season-16-ratings/
the bachelorette,season 17,https://tvseriesfinale.com/tv-show/the-bachelorette-season-17-ratings/
the bachelorette,season 18,https://tvseriesfinale.com/tv-show/the-bachelorette-season-18-ratings/
the bachelorette,season 19,https://tvseriesfinale.com/tv-show/the-bachelorette-season-19-ratings/
the bachelorette,season 20,https://tvseriesfinale.com/tv-show/the-bachelorette-season-20-ratings/
back to life,season one,https://tvseriesfinale.com/tv-show/back-to-life-season-one-ratings/
back to life,season two,https://tvseriesfinale.com/tv-show/back-to-life-season-two-ratings/
bad romance,season one,https://tvseriesfinale.com/tv-show/bad-romance-season-one-ratings/
the baker and the beauty,season one,https://tvseriesfinale.com/tv-show/the-baker-and-the-beauty-season-one-ratings/
ballers,season three,https://tvseriesfinale.com/tv-show/ballers-season-three-ratings/
ballers,season four,https://tvseriesfinale.com/tv-show/ballers-season-four-ratings/
ballers,season five,https://tvseriesfinale.com/tv-show/ballers-season-five-ratings/
barons,season one,https://tvseriesfinale.com/tv-show/barons-season-one-ratings/
barry,season one,https://tvseriesfinale.com/tv-show/barry-season-one-ratings/
barry,season two,https://tvseriesfinale.com/tv-show/barry-season-two-ratings/
barry,season three,https://tvseriesfinale.com/tv-show/barry-season-three-ratings/
barry,season four,https://tvseriesfinale.com/tv-show/barry-season-four-ratings/
baskets,season two,https://tvseriesfinale.com/tv-show/baskets-season-two-ratings/
baskets,season three,https://tvseriesfinale.com/tv-show/baskets-season-three-ratings/
baskets,season four,https://tvseriesfinale.com/tv-show/baskets-season-four-ratings/
bates motel,season four,https://tvseriesfinale.com/tv-show/bates-motel-season-four-ratings/
bates motel,season five,https://tvseriesfinale.com/tv-show/bates-motel-season-five-ratings/
battle of the network stars,season one,https://tvseriesfinale.com/tv-show/battle-of-the-network-stars-season-one-ratings/
batwoman,season one,https://tvseriesfinale.com/tv-show/batwoman-season-one-ratings/
batwoman,season two,https://tvseriesfinale.com/tv-show/batwoman-season-two-ratings/
batwoman,season three,https://tvseriesfinale.com/tv-show/batwoman-season-three-ratings/
the beast must die,season one,https://tvseriesfinale.com/tv-show/the-beast-must-die-season-one-ratings/
beat shazam,season one,https://tvseriesfinale.com/tv-show/beat-shazam-season-one-ratings/
beat shazam,season two,https://tvseriesfinale.com/tv-show/beat-shazam-season-two-ratings/
beat shazam,season three,https://tvseriesfinale.com/tv-show/beat-shazam-season-three-ratings/
beat shazam,season four,https://tvseriesfinale.com/tv-show/beat-shazam-season-four-ratings/
beat shazam,season five,https://tvseriesfinale.com/tv-show/beat-shazam-season-five-ratings/
beat shazam,season six,https://tvseriesfinale.com/tv-show/beat-shazam-season-six-ratings/
becoming elizabeth,season one,https://tvseriesfinale.com/tv-show/becoming-elizabeth-season-one-ratings/
mary jane,season four,https://tvseriesfinale.com/tv-show/mary-jane-season-four-ratings/
being rueben,season one,https://tvseriesfinale.com/tv-show/being-rueben-season-one-ratings/
better call saul,season two,https://tvseriesfinale.com/tv-show/better-call-saul-season-two-ratings/
better call saul,season three,https://tvseriesfinale.com/tv-show/better-call-saul-season-three-ratings/
better call saul,season four,https://tvseriesfinale.com/tv-show/better-call-saul-season-four-ratings/
better call saul,season five,https://tvseriesfinale.com/tv-show/better-call-saul-season-five-ratings/
better call saul,season six,https://tvseriesfinale.com/tv-show/better-call-saul-season-six-ratings/
better late never,season two,https://tvseriesfinale.com/tv-show/better-late-never-season-two-ratings/
better things,season one,https://tvseriesfinale.com/tv-show/better-things-season-one-ratings/
better things,season two,https://tvseriesfinale.com/tv-show/better-things-season-two-ratings/
better things,season three,https://tvseriesfinale.com/tv-show/better-things-season-three-ratings/
better things,season four,https://tvseriesfinale.com/tv-show/better-things-season-four-ratings/
better things,season five,https://tvseriesfinale.com/tv-show/better-things-season-five-ratings/
beyond,season one,https://tvseriesfinale.com/tv-show/beyond-season-one-ratings/
beyond,season two,https://tvseriesfinale.com/tv-show/beyond-season-two-ratings/
bh90210,season one,https://tvseriesfinale.com/tv-show/bh90210-season-one-ratings/
big bang theory,season 11,https://tvseriesfinale.com/tv-show/big-bang-theory-season-11-ratings/
big bang theory,season 12,https://tvseriesfinale.com/tv-show/big-bang-theory-season-12-ratings/
big brother,season 18,https://tvseriesfinale.com/tv-show/big-brother-season-18-ratings/
big brother,season 20,https://tvseriesfinale.com/tv-show/big-brother-season-20-ratings/
big brother,season 21,https://tvseriesfinale.com/tv-show/big-brother-season-21-ratings/
big brother,season 22,https://tvseriesfinale.com/tv-show/big-brother-season-22-ratings/
big brother,season 23,https://tvseriesfinale.com/tv-show/big-brother-season-23-ratings/
big brother,season 24,https://tvseriesfinale.com/tv-show/big-brother-season-24-ratings/
big brother,season 25,https://tvseriesfinale.com/tv-show/big-brother-season-25-ratings/
big brother reindeer games,season one,https://tvseriesfinale.com/tv-show/big-brother-reindeer-games-season-one-ratings/
celebrity big brother,season three,https://tvseriesfinale.com/tv-show/celebrity-big-brother-season-three-ratings/
big fan,season one,https://tvseriesfinale.com/tv-show/big-fan-season-one-ratings/
the big leap,season one,https://tvseriesfinale.com/tv-show/the-big-leap-season-one-ratings/
big little lies,season one,https://tvseriesfinale.com/tv-show/big-little-lies-season-one-ratings/
big little lies,season two,https://tvseriesfinale.com/tv-show/big-little-lies-season-two-ratings/
big sky,season one,https://tvseriesfinale.com/tv-show/big-sky-season-one-ratings/
big sky,season two,https://tvseriesfinale.com/tv-show/big-sky-season-two-ratings/
big sky,season three,https://tvseriesfinale.com/tv-show/big-sky-season-three-ratings/
the big stage,season one,https://tvseriesfinale.com/tv-show/the-big-stage-season-one-ratings/
billions,season two,https://tvseriesfinale.com/tv-show/billions-season-two-ratings/
billions,season three,https://tvseriesfinale.com/tv-show/billions-season-three-ratings/
billions,season four,https://tvseriesfinale.com/tv-show/billions-season-four-ratings/
billions,season five,https://tvseriesfinale.com/tv-show/billions-season-five-ratings/
billions,season six,https://tvseriesfinale.com/tv-show/billions-season-six-ratings/
billions,season seven,https://tvseriesfinale.com/tv-show/billions-season-seven-ratings/
bitten,season three,https://tvseriesfinale.com/tv-show/bitten-season-three-ratings/
black lightning,season one,https://tvseriesfinale.com/tv-show/black-lightning-season-one-ratings/
black lightning,season two,https://tvseriesfinale.com/tv-show/black-lightning-season-two-ratings/
black lightning,season three,https://tvseriesfinale.com/tv-show/black-lightning-season-three-ratings/
black lightning,season four,https://tvseriesfinale.com/tv-show/black-lightning-season-four-ratings/
black monday,season one,https://tvseriesfinale.com/tv-show/black-monday-season-one-ratings/
black monday,season two,https://tvseriesfinale.com/tv-show/black-monday-season-two-ratings/
black monday,season three,https://tvseriesfinale.com/tv-show/black-monday-season-three-ratings/
black sails,season four,https://tvseriesfinale.com/tv-show/black-sails-season-four-ratings/
black ish,season three,https://tvseriesfinale.com/tv-show/black-ish-season-three-ratings/
black ish,season four,https://tvseriesfinale.com/tv-show/black-ish-season-four-ratings/
black ish,season five,https://tvseriesfinale.com/tv-show/black-ish-season-five-ratings/
black ish,season six,https://tvseriesfinale.com/tv-show/black-ish-season-six-ratings/
black ish,season seven,https://tvseriesfinale.com/tv-show/black-ish-season-seven-ratings/
black ish,season eight,https://tvseriesfinale.com/tv-show/black-ish-season-eight-ratings/
the blacklist,season one,https://tvseriesfinale.com/tv-show/the-blacklist-season-one-ratings/
blacklist,season five,https://tvseriesfinale.com/tv-show/blacklist-season-five-ratings/
the blacklist,season six,https://tvseriesfinale.com/tv-show/the-blacklist-season-six-ratings/
the blacklist,season seven,https://tvseriesfinale.com/tv-show/the-blacklist-season-seven-ratings/
the blacklist,season eight,https://tvseriesfinale.com/tv-show/the-blacklist-season-eight-ratings/
the blacklist,season nine,https://tvseriesfinale.com/tv-show/the-blacklist-season-nine-ratings/
the blacklist,season 10,https://tvseriesfinale.com/tv-show/the-blacklist-season-10-ratings/
bless the harts,season one,https://tvseriesfinale.com/tv-show/bless-the-harts-season-one-ratings/
bless the harts,season two,https://tvseriesfinale.com/tv-show/bless-the-harts-season-two-ratings/
bless this mess,season one,https://tvseriesfinale.com/tv-show/bless-this-mess-season-one-ratings/
bless this mess,season two,https://tvseriesfinale.com/tv-show/bless-this-mess-season-two-ratings/
blindspot,season three,https://tvseriesfinale.com/tv-show/blindspot-season-three-ratings/
blindspot,season four,https://tvseriesfinale.com/tv-show/blindspot-season-four-ratings/
blindspot,season five,https://tvseriesfinale.com/tv-show/blindspot-season-five-ratings/
blood treasure,season one,https://tvseriesfinale.com/tv-show/blood-treasure-season-one-ratings/
blood drive,season one,https://tvseriesfinale.com/tv-show/blood-drive-season-one-ratings/
blue bloods,season eight,https://tvseriesfinale.com/tv-show/blue-bloods-season-eight-ratings/
blue bloods,season nine,https://tvseriesfinale.com/tv-show/blue-bloods-season-nine-ratings/
blue bloods,season 10,https://tvseriesfinale.com/tv-show/blue-bloods-season-10-ratings/
blue bloods,season 11,https://tvseriesfinale.com/tv-show/blue-bloods-season-11-ratings/
blue bloods,season 12,https://tvseriesfinale.com/tv-show/blue-bloods-season-12-ratings/
blue bloods,season 13,https://tvseriesfinale.com/tv-show/blue-bloods-season-13-ratings/
blue bloods,season 14,https://tvseriesfinale.com/tv-show/blue-bloods-season-14-ratings/
bluff city law,season one,https://tvseriesfinale.com/tv-show/bluff-city-law-season-one-ratings/
blunt talk tv show starz,season two,https://tvseriesfinale.com/tv-show/blunt-talk-tv-show-starz-season-two-ratings/
bmf,season one,https://tvseriesfinale.com/tv-show/bmf-season-one-ratings/
bmf,season two,https://tvseriesfinale.com/tv-show/bmf-season-two-ratings/
bmf,season three,https://tvseriesfinale.com/tv-show/bmf-season-three-ratings/
bobs burgers,season eight,https://tvseriesfinale.com/tv-show/bobs-burgers-season-eight-ratings/
bobs burgers,season nine,https://tvseriesfinale.com/tv-show/bobs-burgers-season-nine-ratings/
bobs burgers,season 10,https://tvseriesfinale.com/tv-show/bobs-burgers-season-10-ratings/
bobs burgers,season 11,https://tvseriesfinale.com/tv-show/bobs-burgers-season-11-ratings/
bobs burgers,season 12,https://tvseriesfinale.com/tv-show/bobs-burgers-season-12-ratings/
bobs burgers,season 13,https://tvseriesfinale.com/tv-show/bobs-burgers-season-13-ratings/
bobs burgers,season 14,https://tvseriesfinale.com/tv-show/bobs-burgers-season-14-ratings/
bob %25e2%2599%25a5 abishola,season one,https://tvseriesfinale.com/tv-show/bob-%25e2%2599%25a5-abishola-season-one-ratings/
bob %25e2%2599%25a5 abishola,season two,https://tvseriesfinale.com/tv-show/bob-%25e2%2599%25a5-abishola-season-two-ratings/
bob %25e2%2599%25a5 abishola,season three,https://tvseriesfinale.com/tv-show/bob-%25e2%2599%25a5-abishola-season-three-ratings/
bob %25e2%2599%25a5 abishola,season four,https://tvseriesfinale.com/tv-show/bob-%25e2%2599%25a5-abishola-season-four-ratings/
bob %25e2%2599%25a5 abishola,season five,https://tvseriesfinale.com/tv-show/bob-%25e2%2599%25a5-abishola-season-five-ratings/
the bold type,season one,https://tvseriesfinale.com/tv-show/the-bold-type-season-one-ratings/
bold type,season two,https://tvseriesfinale.com/tv-show/bold-type-season-two-ratings/
the bold type,season three,https://tvseriesfinale.com/tv-show/the-bold-type-season-three-ratings/
the bold type,season four,https://tvseriesfinale.com/tv-show/the-bold-type-season-four-ratings/
the bold type,season five,https://tvseriesfinale.com/tv-show/the-bold-type-season-five-ratings/
bones,season 12,https://tvseriesfinale.com/tv-show/bones-season-12-ratings/
boomerang,season one,https://tvseriesfinale.com/tv-show/boomerang-season-one-ratings/
boomerang,season two,https://tvseriesfinale.com/tv-show/boomerang-season-two-ratings/
brave,season one,https://tvseriesfinale.com/tv-show/brave-season-one-ratings/
brave,season one,https://tvseriesfinale.com/tv-show/brave-season-one-ratings/
the breaks,season one,https://tvseriesfinale.com/tv-show/the-breaks-season-one-ratings/
breeders,season one,https://tvseriesfinale.com/tv-show/breeders-season-one-ratings/
breeders,season two,https://tvseriesfinale.com/tv-show/breeders-season-two-ratings/
breeders,season three,https://tvseriesfinale.com/tv-show/breeders-season-three-ratings/
breeders,season four,https://tvseriesfinale.com/tv-show/breeders-season-four-ratings/
briarpatch,season one,https://tvseriesfinale.com/tv-show/briarpatch-season-one-ratings/
bring the funny,season one,https://tvseriesfinale.com/tv-show/bring-the-funny-season-one-ratings/
broad city,season four,https://tvseriesfinale.com/tv-show/broad-city-season-four-ratings/
broad city,season five,https://tvseriesfinale.com/tv-show/broad-city-season-five-ratings/
broadchurch,season three,https://tvseriesfinale.com/tv-show/broadchurch-season-three-ratings/
brockmire,season one,https://tvseriesfinale.com/tv-show/brockmire-season-one-ratings/
brockmire,season two,https://tvseriesfinale.com/tv-show/brockmire-season-two-ratings/
brockmire,season three,https://tvseriesfinale.com/tv-show/brockmire-season-three-ratings/
broke,season one,https://tvseriesfinale.com/tv-show/broke-season-one-ratings/
brooklyn nine nine,season five,https://tvseriesfinale.com/tv-show/brooklyn-nine-nine-season-five-ratings/
brooklyn nine nine,season six,https://tvseriesfinale.com/tv-show/brooklyn-nine-nine-season-six-ratings/
brooklyn nine nine,season seven,https://tvseriesfinale.com/tv-show/brooklyn-nine-nine-season-seven-ratings/
brooklyn nine nine,season eight,https://tvseriesfinale.com/tv-show/brooklyn-nine-nine-season-eight-ratings/
buddy games,season one,https://tvseriesfinale.com/tv-show/buddy-games-season-one-ratings/
bull,season two,https://tvseriesfinale.com/tv-show/bull-season-two-ratings/
bull,season three,https://tvseriesfinale.com/tv-show/bull-season-three-ratings/
bull,season four,https://tvseriesfinale.com/tv-show/bull-season-four-ratings/
bull,season five,https://tvseriesfinale.com/tv-show/bull-season-five-ratings/
bull,season six,https://tvseriesfinale.com/tv-show/bull-season-six-ratings/
bulletproof,season one,https://tvseriesfinale.com/tv-show/bulletproof-season-one-ratings/
bulletproof,season two,https://tvseriesfinale.com/tv-show/bulletproof-season-two-ratings/
bulletproof,season three,https://tvseriesfinale.com/tv-show/bulletproof-season-three-ratings/
bump,season one,https://tvseriesfinale.com/tv-show/bump-season-one-ratings/
bump,season two,https://tvseriesfinale.com/tv-show/bump-season-two-ratings/
burden of truth,season one,https://tvseriesfinale.com/tv-show/burden-of-truth-season-one-ratings/
burden of truth,season two,https://tvseriesfinale.com/tv-show/burden-of-truth-season-two-ratings/
burden of truth,season three,https://tvseriesfinale.com/tv-show/burden-of-truth-season-three-ratings/
burden of truth,season four,https://tvseriesfinale.com/tv-show/burden-of-truth-season-four-ratings/
call me kat,season one,https://tvseriesfinale.com/tv-show/call-me-kat-season-one-ratings/
call me kat,season two,https://tvseriesfinale.com/tv-show/call-me-kat-season-two-ratings/
call me kat,season three,https://tvseriesfinale.com/tv-show/call-me-kat-season-three-ratings/
call your mother,season one,https://tvseriesfinale.com/tv-show/call-your-mother-season-one-ratings/
call me kat,season two,https://tvseriesfinale.com/tv-show/call-me-kat-season-two-ratings/
camping,season one,https://tvseriesfinale.com/tv-show/camping-season-one-ratings/
candy crush,season one,https://tvseriesfinale.com/tv-show/candy-crush-season-one-ratings/
capital one college bowl,season one,https://tvseriesfinale.com/tv-show/capital-one-college-bowl-season-one-ratings/
capital one college bowl,season two,https://tvseriesfinale.com/tv-show/capital-one-college-bowl-season-two-ratings/
card sharks,season one,https://tvseriesfinale.com/tv-show/card-sharks-season-one-ratings/
card sharks,season two,https://tvseriesfinale.com/tv-show/card-sharks-season-two-ratings/
carmichael show,season three,https://tvseriesfinale.com/tv-show/carmichael-show-season-three-ratings/
carols second act,season one,https://tvseriesfinale.com/tv-show/carols-second-act-season-one-ratings/
carter,season two,https://tvseriesfinale.com/tv-show/carter-season-two-ratings/
castaways,season one,https://tvseriesfinale.com/tv-show/castaways-season-one-ratings/
the catch,season two,https://tvseriesfinale.com/tv-show/the-catch-season-two-ratings/
cb strike,season one,https://tvseriesfinale.com/tv-show/cb-strike-season-one-ratings/
cbsn on assignment,season one,https://tvseriesfinale.com/tv-show/cbsn-on-assignment-season-one-ratings/
new celebrity apprentice,season eight,https://tvseriesfinale.com/tv-show/new-celebrity-apprentice-season-eight-ratings/
the celebrity dating game,season one,https://tvseriesfinale.com/tv-show/the-celebrity-dating-game-season-one-ratings/
celebrity family feud,season two,https://tvseriesfinale.com/tv-show/celebrity-family-feud-season-two-ratings/
celebrity family feud,season three,https://tvseriesfinale.com/tv-show/celebrity-family-feud-season-three-ratings/
celebrity family feud,season four,https://tvseriesfinale.com/tv-show/celebrity-family-feud-season-four-ratings/
celebrity family feud,season five,https://tvseriesfinale.com/tv-show/celebrity-family-feud-season-five-ratings/
celebrity family feud,season six,https://tvseriesfinale.com/tv-show/celebrity-family-feud-season-six-ratings/
celebrity family feud,season seven,https://tvseriesfinale.com/tv-show/celebrity-family-feud-season-seven-ratings/
celebrity family feud,season eight,https://tvseriesfinale.com/tv-show/celebrity-family-feud-season-eight-ratings/
celebrity family feud,season nine,https://tvseriesfinale.com/tv-show/celebrity-family-feud-season-nine-ratings/
celebrity jeopardy,season one,https://tvseriesfinale.com/tv-show/celebrity-jeopardy-season-one-ratings/
celebrity jeopardy,season two,https://tvseriesfinale.com/tv-show/celebrity-jeopardy-season-two-ratings/
celebrity watch party,season one,https://tvseriesfinale.com/tv-show/celebrity-watch-party-season-one-ratings/
celebrity wheel of fortune,season one,https://tvseriesfinale.com/tv-show/celebrity-wheel-of-fortune-season-one-ratings/
celebrity wheel of fortune,season two,https://tvseriesfinale.com/tv-show/celebrity-wheel-of-fortune-season-two-ratings/
celebrity wheel of fortune,season three,https://tvseriesfinale.com/tv-show/celebrity-wheel-of-fortune-season-three-ratings/
celebrity wheel of fortune,season four,https://tvseriesfinale.com/tv-show/celebrity-wheel-of-fortune-season-four-ratings/
chad,season one,https://tvseriesfinale.com/tv-show/chad-season-one-ratings/
the challenge usa,season one,https://tvseriesfinale.com/tv-show/the-challenge-usa-season-one-ratings/
the challenge usa,season two,https://tvseriesfinale.com/tv-show/the-challenge-usa-season-two-ratings/
champions,season one,https://tvseriesfinale.com/tv-show/champions-season-one-ratings/
charmed,season one,https://tvseriesfinale.com/tv-show/charmed-season-one-ratings/
charmed,season two,https://tvseriesfinale.com/tv-show/charmed-season-two-ratings/
charmed,season three,https://tvseriesfinale.com/tv-show/charmed-season-three-ratings/
charmed,season four,https://tvseriesfinale.com/tv-show/charmed-season-four-ratings/
the chase,season one,https://tvseriesfinale.com/tv-show/the-chase-season-one-ratings/
the chase,season two,https://tvseriesfinale.com/tv-show/the-chase-season-two-ratings/
the chase,season three,https://tvseriesfinale.com/tv-show/the-chase-season-three-ratings/
cherries wild,season one,https://tvseriesfinale.com/tv-show/cherries-wild-season-one-ratings/
cherish the day,season one,https://tvseriesfinale.com/tv-show/cherish-the-day-season-one-ratings/
cherish the day,season two,https://tvseriesfinale.com/tv-show/cherish-the-day-season-two-ratings/
chesapeake shores,season two,https://tvseriesfinale.com/tv-show/chesapeake-shores-season-two-ratings/
chesapeake shores,season three,https://tvseriesfinale.com/tv-show/chesapeake-shores-season-three-ratings/
chesapeake shores,season four,https://tvseriesfinale.com/tv-show/chesapeake-shores-season-four-ratings/
chesapeake shores,season five,https://tvseriesfinale.com/tv-show/chesapeake-shores-season-five-ratings/
chesapeake shores,season six,https://tvseriesfinale.com/tv-show/chesapeake-shores-season-six-ratings/
chi,season one,https://tvseriesfinale.com/tv-show/chi-season-one-ratings/
the chi,season two,https://tvseriesfinale.com/tv-show/the-chi-season-two-ratings/
the chi,season three,https://tvseriesfinale.com/tv-show/the-chi-season-three-ratings/
the chi,season four,https://tvseriesfinale.com/tv-show/the-chi-season-four-ratings/
the chi,season five,https://tvseriesfinale.com/tv-show/the-chi-season-five-ratings/
the chi,season six,https://tvseriesfinale.com/tv-show/the-chi-season-six-ratings/
chicago fire,season six,https://tvseriesfinale.com/tv-show/chicago-fire-season-six-ratings/
chicago fire,season seven,https://tvseriesfinale.com/tv-show/chicago-fire-season-seven-ratings/
chicago fire,season eight,https://tvseriesfinale.com/tv-show/chicago-fire-season-eight-ratings/
chicago fire,season nine,https://tvseriesfinale.com/tv-show/chicago-fire-season-nine-ratings/
chicago fire,season 10,https://tvseriesfinale.com/tv-show/chicago-fire-season-10-ratings/
chicago fire,season 11,https://tvseriesfinale.com/tv-show/chicago-fire-season-11-ratings/
chicago fire,season 12,https://tvseriesfinale.com/tv-show/chicago-fire-season-12-ratings/
chicago justice,season one,https://tvseriesfinale.com/tv-show/chicago-justice-season-one-ratings/
chicago med,season three,https://tvseriesfinale.com/tv-show/chicago-med-season-three-ratings/
chicago med,season four,https://tvseriesfinale.com/tv-show/chicago-med-season-four-ratings/
chicago med,season five,https://tvseriesfinale.com/tv-show/chicago-med-season-five-ratings/
chicago med,season six,https://tvseriesfinale.com/tv-show/chicago-med-season-six-ratings/
chicago med,season seven,https://tvseriesfinale.com/tv-show/chicago-med-season-seven-ratings/
chicago med,season eight,https://tvseriesfinale.com/tv-show/chicago-med-season-eight-ratings/
chicago med,season nine,https://tvseriesfinale.com/tv-show/chicago-med-season-nine-ratings/
chicago pd,season four,https://tvseriesfinale.com/tv-show/chicago-pd-season-four-ratings/
chicago pd,season five,https://tvseriesfinale.com/tv-show/chicago-pd-season-five-ratings/
chicago pd,season six,https://tvseriesfinale.com/tv-show/chicago-pd-season-six-ratings/
chicago pd,season seven,https://tvseriesfinale.com/tv-show/chicago-pd-season-seven-ratings/
chicago pd,season eight,https://tvseriesfinale.com/tv-show/chicago-pd-season-eight-ratings/
chicago pd,season nine,https://tvseriesfinale.com/tv-show/chicago-pd-season-nine-ratings/
chicago pd,season 10,https://tvseriesfinale.com/tv-show/chicago-pd-season-10-ratings/
chicago pd,season 11,https://tvseriesfinale.com/tv-show/chicago-pd-season-11-ratings/
child support,season one,https://tvseriesfinale.com/tv-show/child-support-season-one-ratings/
children ruin everything,season one,https://tvseriesfinale.com/tv-show/children-ruin-everything-season-one-ratings/
children ruin everything,season two,https://tvseriesfinale.com/tv-show/children-ruin-everything-season-two-ratings/
children ruin everything,season three,https://tvseriesfinale.com/tv-show/children-ruin-everything-season-three-ratings/
the chosen,season one,https://tvseriesfinale.com/tv-show/the-chosen-season-one-ratings/
the chosen,season two,https://tvseriesfinale.com/tv-show/the-chosen-season-two-ratings/
the chosen,season three,https://tvseriesfinale.com/tv-show/the-chosen-season-three-ratings/
the christmas caroler challenge,season one,https://tvseriesfinale.com/tv-show/the-christmas-caroler-challenge-season-one-ratings/
the christmas caroler challenge,season two,https://tvseriesfinale.com/tv-show/the-christmas-caroler-challenge-season-two-ratings/
chucky,season one,https://tvseriesfinale.com/tv-show/chucky-season-one-ratings/
chucky,season two,https://tvseriesfinale.com/tv-show/chucky-season-two-ratings/
chucky,season three,https://tvseriesfinale.com/tv-show/chucky-season-three-ratings/
city on a hill,season one,https://tvseriesfinale.com/tv-show/city-on-a-hill-season-one-ratings/
city on a hill,season two,https://tvseriesfinale.com/tv-show/city-on-a-hill-season-two-ratings/
city on a hill,season three,https://tvseriesfinale.com/tv-show/city-on-a-hill-season-three-ratings/
claim to fame,season one,https://tvseriesfinale.com/tv-show/claim-to-fame-season-one-ratings/
claim to fame,season two,https://tvseriesfinale.com/tv-show/claim-to-fame-season-two-ratings/
clarice,season one,https://tvseriesfinale.com/tv-show/clarice-season-one-ratings/
class,season one,https://tvseriesfinale.com/tv-show/class-season-one-ratings/
claws,season one,https://tvseriesfinale.com/tv-show/claws-season-one-ratings/
claws,season two,https://tvseriesfinale.com/tv-show/claws-season-two-ratings/
claws,season three,https://tvseriesfinale.com/tv-show/claws-season-three-ratings/
claws,season four,https://tvseriesfinale.com/tv-show/claws-season-four-ratings/
the cleaning lady,season one,https://tvseriesfinale.com/tv-show/the-cleaning-lady-season-one-ratings/
the cleaning lady,season two,https://tvseriesfinale.com/tv-show/the-cleaning-lady-season-two-ratings/
the code,season one,https://tvseriesfinale.com/tv-show/the-code-season-one-ratings/
code black,season three,https://tvseriesfinale.com/tv-show/code-black-season-three-ratings/
colony,season two,https://tvseriesfinale.com/tv-show/colony-season-two-ratings/
colony,season three,https://tvseriesfinale.com/tv-show/colony-season-three-ratings/
come dance with me,season one,https://tvseriesfinale.com/tv-show/come-dance-with-me-season-one-ratings/
the company you keep,season one,https://tvseriesfinale.com/tv-show/the-company-you-keep-season-one-ratings/
the con,season one,https://tvseriesfinale.com/tv-show/the-con-season-one-ratings/
the con,season two,https://tvseriesfinale.com/tv-show/the-con-season-two-ratings/
connecting,season one,https://tvseriesfinale.com/tv-show/connecting-season-one-ratings/
the conners,season one,https://tvseriesfinale.com/tv-show/the-conners-season-one-ratings/
the conners,season two,https://tvseriesfinale.com/tv-show/the-conners-season-two-ratings/
the conners,season three,https://tvseriesfinale.com/tv-show/the-conners-season-three-ratings/
the conners,season four,https://tvseriesfinale.com/tv-show/the-conners-season-four-ratings/
the conners,season five,https://tvseriesfinale.com/tv-show/the-conners-season-five-ratings/
the conners,season six,https://tvseriesfinale.com/tv-show/the-conners-season-six-ratings/
the cool kids,season one,https://tvseriesfinale.com/tv-show/the-cool-kids-season-one-ratings/
coop cami ask the world,season one,https://tvseriesfinale.com/tv-show/coop-cami-ask-the-world-season-one-ratings/
coroner,season one,https://tvseriesfinale.com/tv-show/coroner-season-one-ratings/
coroner,season two,https://tvseriesfinale.com/tv-show/coroner-season-two-ratings/
coroner,season three,https://tvseriesfinale.com/tv-show/coroner-season-three-ratings/
coroner,season four,https://tvseriesfinale.com/tv-show/coroner-season-four-ratings/
corporate,season one,https://tvseriesfinale.com/tv-show/corporate-season-one-ratings/
corporate,season two,https://tvseriesfinale.com/tv-show/corporate-season-two-ratings/
corporate,season three,https://tvseriesfinale.com/tv-show/corporate-season-three-ratings/
cosmos,season two,https://tvseriesfinale.com/tv-show/cosmos-season-two-ratings/
council of dads,season one,https://tvseriesfinale.com/tv-show/council-of-dads-season-one-ratings/
counterpart,season one,https://tvseriesfinale.com/tv-show/counterpart-season-one-ratings/
counterpart,season two,https://tvseriesfinale.com/tv-show/counterpart-season-two-ratings/
the courtship,season one,https://tvseriesfinale.com/tv-show/the-courtship-season-one-ratings/
cousins for life,season one,https://tvseriesfinale.com/tv-show/cousins-for-life-season-one-ratings/
crashing,season one,https://tvseriesfinale.com/tv-show/crashing-season-one-ratings/
crashing,season two,https://tvseriesfinale.com/tv-show/crashing-season-two-ratings/
crashing,season three,https://tvseriesfinale.com/tv-show/crashing-season-three-ratings/
crazy ex girlfriend,season two,https://tvseriesfinale.com/tv-show/crazy-ex-girlfriend-season-two-ratings/
crazy ex girlfriend,season three,https://tvseriesfinale.com/tv-show/crazy-ex-girlfriend-season-three-ratings/
crazy ex girlfriend,season four,https://tvseriesfinale.com/tv-show/crazy-ex-girlfriend-season-four-ratings/
crime nation,season one,https://tvseriesfinale.com/tv-show/crime-nation-season-one-ratings/
crime scene kitchen,season one,https://tvseriesfinale.com/tv-show/crime-scene-kitchen-season-one-ratings/
crime scene kitchen,season two,https://tvseriesfinale.com/tv-show/crime-scene-kitchen-season-two-ratings/
criminal minds,season 13,https://tvseriesfinale.com/tv-show/criminal-minds-season-13-ratings/
criminal minds,season 14,https://tvseriesfinale.com/tv-show/criminal-minds-season-14-ratings/
criminal minds beyond borders,season two,https://tvseriesfinale.com/tv-show/criminal-minds-beyond-borders-season-two-ratings/
criss angels magic with the stars,season one,https://tvseriesfinale.com/tv-show/criss-angels-magic-with-the-stars-season-one-ratings/
crossing,season one,https://tvseriesfinale.com/tv-show/crossing-season-one-ratings/
cruel summer,season one,https://tvseriesfinale.com/tv-show/cruel-summer-season-one-ratings/
csi vegas,season one,https://tvseriesfinale.com/tv-show/csi-vegas-season-one-ratings/
csi vegas,season two,https://tvseriesfinale.com/tv-show/csi-vegas-season-two-ratings/
csi vegas,season three,https://tvseriesfinale.com/tv-show/csi-vegas-season-three-ratings/
curb your enthusiasm,season nine,https://tvseriesfinale.com/tv-show/curb-your-enthusiasm-season-nine-ratings/
curb your enthusiasm,season 10,https://tvseriesfinale.com/tv-show/curb-your-enthusiasm-season-10-ratings/
curb your enthusiasm,season 11,https://tvseriesfinale.com/tv-show/curb-your-enthusiasm-season-11-ratings/
curb your enthusiasm,season 12,https://tvseriesfinale.com/tv-show/curb-your-enthusiasm-season-12-ratings/
the curse,season one,https://tvseriesfinale.com/tv-show/the-curse-season-one-ratings/
da vincis demons,season three,https://tvseriesfinale.com/tv-show/da-vincis-demons-season-three-ratings/
damnation,season one,https://tvseriesfinale.com/tv-show/damnation-season-one-ratings/
dancing with myself,season one,https://tvseriesfinale.com/tv-show/dancing-with-myself-season-one-ratings/
dancing with the stars,season 29,https://tvseriesfinale.com/tv-show/dancing-with-the-stars-season-29-ratings/
dancing with the stars,season 30,https://tvseriesfinale.com/tv-show/dancing-with-the-stars-season-30-ratings/
dancing with the stars,season 32,https://tvseriesfinale.com/tv-show/dancing-with-the-stars-season-32-ratings/
dangerous liaisons,season one,https://tvseriesfinale.com/tv-show/dangerous-liaisons-season-one-ratings/
dare me,season one,https://tvseriesfinale.com/tv-show/dare-me-season-one-ratings/
dark matter,season three,https://tvseriesfinale.com/tv-show/dark-matter-season-three-ratings/
dark winds,season one,https://tvseriesfinale.com/tv-show/dark-winds-season-one-ratings/
dave,season one,https://tvseriesfinale.com/tv-show/dave-season-one-ratings/
dave,season two,https://tvseriesfinale.com/tv-show/dave-season-two-ratings/
dave,season three,https://tvseriesfinale.com/tv-show/dave-season-three-ratings/
david makes man,season one,https://tvseriesfinale.com/tv-show/david-makes-man-season-one-ratings/
david makes man,season two,https://tvseriesfinale.com/tv-show/david-makes-man-season-two-ratings/
day of the dead,season one,https://tvseriesfinale.com/tv-show/day-of-the-dead-season-one-ratings/
daytime divas,season one,https://tvseriesfinale.com/tv-show/daytime-divas-season-one-ratings/
dcs legends tomorrow,season three,https://tvseriesfinale.com/tv-show/dcs-legends-tomorrow-season-three-ratings/
dcs legends of tomorrow,season four,https://tvseriesfinale.com/tv-show/dcs-legends-of-tomorrow-season-four-ratings/
dcs legends of tomorrow,season five,https://tvseriesfinale.com/tv-show/dcs-legends-of-tomorrow-season-five-ratings/
dcs legends of tomorrow,season six,https://tvseriesfinale.com/tv-show/dcs-legends-of-tomorrow-season-six-ratings/
dcs legends of tomorrow,season seven,https://tvseriesfinale.com/tv-show/dcs-legends-of-tomorrow-season-seven-ratings/
dcs stargirl,season one,https://tvseriesfinale.com/tv-show/dcs-stargirl-season-one-ratings/
dcs stargirl,season two,https://tvseriesfinale.com/tv-show/dcs-stargirl-season-two-ratings/
dcs stargirl,season three,https://tvseriesfinale.com/tv-show/dcs-stargirl-season-three-ratings/
dead summer,season one,https://tvseriesfinale.com/tv-show/dead-summer-season-one-ratings/
dead pixels,season one,https://tvseriesfinale.com/tv-show/dead-pixels-season-one-ratings/
dead pixels,season two,https://tvseriesfinale.com/tv-show/dead-pixels-season-two-ratings/
deadly class,season one,https://tvseriesfinale.com/tv-show/deadly-class-season-one-ratings/
deal or no deal island,season one,https://tvseriesfinale.com/tv-show/deal-or-no-deal-island-season-one-ratings/
debris,season one,https://tvseriesfinale.com/tv-show/debris-season-one-ratings/
decker,season three,https://tvseriesfinale.com/tv-show/decker-season-three-ratings/
deception,season one,https://tvseriesfinale.com/tv-show/deception-season-one-ratings/
delilah,season one,https://tvseriesfinale.com/tv-show/delilah-season-one-ratings/
deputy,season one,https://tvseriesfinale.com/tv-show/deputy-season-one-ratings/
designated survivor,season one,https://tvseriesfinale.com/tv-show/designated-survivor-season-one-ratings/
designated survivor,season two,https://tvseriesfinale.com/tv-show/designated-survivor-season-two-ratings/
detour,season two,https://tvseriesfinale.com/tv-show/detour-season-two-ratings/
detour,season three,https://tvseriesfinale.com/tv-show/detour-season-three-ratings/
the detour,season four,https://tvseriesfinale.com/tv-show/the-detour-season-four-ratings/
detroiters,season one,https://tvseriesfinale.com/tv-show/detroiters-season-one-ratings/
detroiters,season two,https://tvseriesfinale.com/tv-show/detroiters-season-two-ratings/
the deuce,season one,https://tvseriesfinale.com/tv-show/the-deuce-season-one-ratings/
deuce,season two,https://tvseriesfinale.com/tv-show/deuce-season-two-ratings/
the deuce,season three,https://tvseriesfinale.com/tv-show/the-deuce-season-three-ratings/
devils,season one,https://tvseriesfinale.com/tv-show/devils-season-one-ratings/
devils,season two,https://tvseriesfinale.com/tv-show/devils-season-two-ratings/
dexter new blood,season one,https://tvseriesfinale.com/tv-show/dexter-new-blood-season-one-ratings/
dice,season two,https://tvseriesfinale.com/tv-show/dice-season-two-ratings/
dietland,season one,https://tvseriesfinale.com/tv-show/dietland-season-one-ratings/
dirk gentlys holistic detective agency,season two,https://tvseriesfinale.com/tv-show/dirk-gentlys-holistic-detective-agency-season-two-ratings/
dirty john,season one,https://tvseriesfinale.com/tv-show/dirty-john-season-one-ratings/
the disappearance,season one,https://tvseriesfinale.com/tv-show/the-disappearance-season-one-ratings/
a discovery of witches,season one,https://tvseriesfinale.com/tv-show/a-discovery-of-witches-season-one-ratings/
dispatches from elsewhere,season one,https://tvseriesfinale.com/tv-show/dispatches-from-elsewhere-season-one-ratings/
divorce,season two,https://tvseriesfinale.com/tv-show/divorce-season-two-ratings/
divorce,season three,https://tvseriesfinale.com/tv-show/divorce-season-three-ratings/
doctor who,season 10,https://tvseriesfinale.com/tv-show/doctor-who-season-10-ratings/
doctor who,season 11,https://tvseriesfinale.com/tv-show/doctor-who-season-11-ratings/
doctor who,season 12,https://tvseriesfinale.com/tv-show/doctor-who-season-12-ratings/
doctor who,season 13,https://tvseriesfinale.com/tv-show/doctor-who-season-13-ratings/
domino masters,season one,https://tvseriesfinale.com/tv-show/domino-masters-season-one-ratings/
dont,season one,https://tvseriesfinale.com/tv-show/dont-season-one-ratings/
dont forget the lyrics,season one,https://tvseriesfinale.com/tv-show/dont-forget-the-lyrics-season-one-ratings/
dont forget the lyrics,season two,https://tvseriesfinale.com/tv-show/dont-forget-the-lyrics-season-two-ratings/
down to earth with zac efron,season one,https://tvseriesfinale.com/tv-show/down-to-earth-with-zac-efron-season-one-ratings/
downward dog,season one,https://tvseriesfinale.com/tv-show/downward-dog-season-one-ratings/
dr ken tv show abc,season two,https://tvseriesfinale.com/tv-show/dr-ken-tv-show-abc-season-two-ratings/
drunk history,season five,https://tvseriesfinale.com/tv-show/drunk-history-season-five-ratings/
dublin murders,season one,https://tvseriesfinale.com/tv-show/dublin-murders-season-one-ratings/
duncanville,season one,https://tvseriesfinale.com/tv-show/duncanville-season-one-ratings/
duncanville,season two,https://tvseriesfinale.com/tv-show/duncanville-season-two-ratings/
duncanville,season three,https://tvseriesfinale.com/tv-show/duncanville-season-three-ratings/
dynasty,season one,https://tvseriesfinale.com/tv-show/dynasty-season-one-ratings/
dynasty,season two,https://tvseriesfinale.com/tv-show/dynasty-season-two-ratings/
dynasty,season three,https://tvseriesfinale.com/tv-show/dynasty-season-three-ratings/
dynasty,season four,https://tvseriesfinale.com/tv-show/dynasty-season-four-ratings/
dynasty,season five,https://tvseriesfinale.com/tv-show/dynasty-season-five-ratings/
elementary,season six,https://tvseriesfinale.com/tv-show/elementary-season-six-ratings/
elementary,season seven,https://tvseriesfinale.com/tv-show/elementary-season-seven-ratings/
ellens game games,season one,https://tvseriesfinale.com/tv-show/ellens-game-games-season-one-ratings/
ellens game of games,season two,https://tvseriesfinale.com/tv-show/ellens-game-of-games-season-two-ratings/
ellens game of games,season three,https://tvseriesfinale.com/tv-show/ellens-game-of-games-season-three-ratings/
ellens game of games,season four,https://tvseriesfinale.com/tv-show/ellens-game-of-games-season-four-ratings/
elsbeth,season one,https://tvseriesfinale.com/tv-show/elsbeth-season-one-ratings/
emergence,season one,https://tvseriesfinale.com/tv-show/emergence-season-one-ratings/
emergency call,season one,https://tvseriesfinale.com/tv-show/emergency-call-season-one-ratings/
empire,season four,https://tvseriesfinale.com/tv-show/empire-season-four-ratings/
empire fox tv show,season five,https://tvseriesfinale.com/tv-show/empire-fox-tv-show-season-five-ratings/
empire,season six,https://tvseriesfinale.com/tv-show/empire-season-six-ratings/
the end,season one,https://tvseriesfinale.com/tv-show/the-end-season-one-ratings/
the endgame,season one,https://tvseriesfinale.com/tv-show/the-endgame-season-one-ratings/
the enemy within,season one,https://tvseriesfinale.com/tv-show/the-enemy-within-season-one-ratings/
episodes,season five,https://tvseriesfinale.com/tv-show/episodes-season-five-ratings/
the equalizer,season one,https://tvseriesfinale.com/tv-show/the-equalizer-season-one-ratings/
the equalizer,season two,https://tvseriesfinale.com/tv-show/the-equalizer-season-two-ratings/
the equalizer,season three,https://tvseriesfinale.com/tv-show/the-equalizer-season-three-ratings/
the equalizer,season four,https://tvseriesfinale.com/tv-show/the-equalizer-season-four-ratings/
escape at dannemora,season one,https://tvseriesfinale.com/tv-show/escape-at-dannemora-season-one-ratings/
euphoria,season one,https://tvseriesfinale.com/tv-show/euphoria-season-one-ratings/
euphoria,season two,https://tvseriesfinale.com/tv-show/euphoria-season-two-ratings/
everyone else burns,season one,https://tvseriesfinale.com/tv-show/everyone-else-burns-season-one-ratings/
everythings gonna be okay,season one,https://tvseriesfinale.com/tv-show/everythings-gonna-be-okay-season-one-ratings/
everythings gonna be okay,season two,https://tvseriesfinale.com/tv-show/everythings-gonna-be-okay-season-two-ratings/
everythings trash,season one,https://tvseriesfinale.com/tv-show/everythings-trash-season-one-ratings/
evil,season one,https://tvseriesfinale.com/tv-show/evil-season-one-ratings/
the exorcist,season two,https://tvseriesfinale.com/tv-show/the-exorcist-season-two-ratings/
expanse,season two,https://tvseriesfinale.com/tv-show/expanse-season-two-ratings/
expanse,season three,https://tvseriesfinale.com/tv-show/expanse-season-three-ratings/
extended family,season one,https://tvseriesfinale.com/tv-show/extended-family-season-one-ratings/
f word,season one,https://tvseriesfinale.com/tv-show/f-word-season-one-ratings/
fairview,season one,https://tvseriesfinale.com/tv-show/fairview-season-one-ratings/
faking,season three,https://tvseriesfinale.com/tv-show/faking-season-three-ratings/
fam,season one,https://tvseriesfinale.com/tv-show/fam-season-one-ratings/
family food fight,season one,https://tvseriesfinale.com/tv-show/family-food-fight-season-one-ratings/
family game fight,season one,https://tvseriesfinale.com/tv-show/family-game-fight-season-one-ratings/
family guy,season 15,https://tvseriesfinale.com/tv-show/family-guy-season-15-ratings/
family guy,season 16,https://tvseriesfinale.com/tv-show/family-guy-season-16-ratings/
family guy,season 17,https://tvseriesfinale.com/tv-show/family-guy-season-17-ratings/
family guy,season 19,https://tvseriesfinale.com/tv-show/family-guy-season-19-ratings/
family guy,season 22,https://tvseriesfinale.com/tv-show/family-guy-season-22-ratings/
family law,season one,https://tvseriesfinale.com/tv-show/family-law-season-one-ratings/
family law,season two,https://tvseriesfinale.com/tv-show/family-law-season-two-ratings/
family law,season three,https://tvseriesfinale.com/tv-show/family-law-season-three-ratings/
famous in love,season one,https://tvseriesfinale.com/tv-show/famous-in-love-season-one-ratings/
famous love,season two,https://tvseriesfinale.com/tv-show/famous-love-season-two-ratings/
fantastic friends,season one,https://tvseriesfinale.com/tv-show/fantastic-friends-season-one-ratings/
fantasy island,season one,https://tvseriesfinale.com/tv-show/fantasy-island-season-one-ratings/
fantasy island,season two,https://tvseriesfinale.com/tv-show/fantasy-island-season-two-ratings/
fargo,season three,https://tvseriesfinale.com/tv-show/fargo-season-three-ratings/
fargo,season four,https://tvseriesfinale.com/tv-show/fargo-season-four-ratings/
fargo,season five,https://tvseriesfinale.com/tv-show/fargo-season-five-ratings/
farmer wants a wife,season one,https://tvseriesfinale.com/tv-show/farmer-wants-a-wife-season-one-ratings/
farmer wants a wife,season two,https://tvseriesfinale.com/tv-show/farmer-wants-a-wife-season-two-ratings/
the fatal flaw,season one,https://tvseriesfinale.com/tv-show/the-fatal-flaw-season-one-ratings/
fbi,season one,https://tvseriesfinale.com/tv-show/fbi-season-one-ratings/
fbi,season two,https://tvseriesfinale.com/tv-show/fbi-season-two-ratings/
fbi,season three,https://tvseriesfinale.com/tv-show/fbi-season-three-ratings/
fbi,season four,https://tvseriesfinale.com/tv-show/fbi-season-four-ratings/
fbi,season five,https://tvseriesfinale.com/tv-show/fbi-season-five-ratings/
fbi,season six,https://tvseriesfinale.com/tv-show/fbi-season-six-ratings/
the fbi declassified,season one,https://tvseriesfinale.com/tv-show/the-fbi-declassified-season-one-ratings/
fbi true,season one,https://tvseriesfinale.com/tv-show/fbi-true-season-one-ratings/
fbi international,season one,https://tvseriesfinale.com/tv-show/fbi-international-season-one-ratings/
fbi international,season two,https://tvseriesfinale.com/tv-show/fbi-international-season-two-ratings/
fbi international,season three,https://tvseriesfinale.com/tv-show/fbi-international-season-three-ratings/
fbi most wanted,season one,https://tvseriesfinale.com/tv-show/fbi-most-wanted-season-one-ratings/
fbi most wanted,season two,https://tvseriesfinale.com/tv-show/fbi-most-wanted-season-two-ratings/
fbi most wanted,season three,https://tvseriesfinale.com/tv-show/fbi-most-wanted-season-three-ratings/
fbi most wanted,season four,https://tvseriesfinale.com/tv-show/fbi-most-wanted-season-four-ratings/
fbi most wanted,season five,https://tvseriesfinale.com/tv-show/fbi-most-wanted-season-five-ratings/
fboy island,season two,https://tvseriesfinale.com/tv-show/fboy-island-season-two-ratings/
fboy island,season three,https://tvseriesfinale.com/tv-show/fboy-island-season-three-ratings/
fear walking dead,season three,https://tvseriesfinale.com/tv-show/fear-walking-dead-season-three-ratings/
fear the walking dead,season four,https://tvseriesfinale.com/tv-show/fear-the-walking-dead-season-four-ratings/
fear the walking dead,season five,https://tvseriesfinale.com/tv-show/fear-the-walking-dead-season-five-ratings/
fear the walking dead,season six,https://tvseriesfinale.com/tv-show/fear-the-walking-dead-season-six-ratings/
fear the walking dead,season seven,https://tvseriesfinale.com/tv-show/fear-the-walking-dead-season-seven-ratings/
fear the walking dead,season eight,https://tvseriesfinale.com/tv-show/fear-the-walking-dead-season-eight-ratings/
feud,season one,https://tvseriesfinale.com/tv-show/feud-season-one-ratings/
fight to survive,season one,https://tvseriesfinale.com/tv-show/fight-to-survive-season-one-ratings/
final space,season one,https://tvseriesfinale.com/tv-show/final-space-season-one-ratings/
the final straw,season one,https://tvseriesfinale.com/tv-show/the-final-straw-season-one-ratings/
fire country,season one,https://tvseriesfinale.com/tv-show/fire-country-season-one-ratings/
fire country,season two,https://tvseriesfinale.com/tv-show/fire-country-season-two-ratings/
first dates,season one,https://tvseriesfinale.com/tv-show/first-dates-season-one-ratings/
the first lady,season one,https://tvseriesfinale.com/tv-show/the-first-lady-season-one-ratings/
first responders live,season one,https://tvseriesfinale.com/tv-show/first-responders-live-season-one-ratings/
the fix,season one,https://tvseriesfinale.com/tv-show/the-fix-season-one-ratings/
flack,season one,https://tvseriesfinale.com/tv-show/flack-season-one-ratings/
flash,season four,https://tvseriesfinale.com/tv-show/flash-season-four-ratings/
flash,season five,https://tvseriesfinale.com/tv-show/flash-season-five-ratings/
the flash,season six,https://tvseriesfinale.com/tv-show/the-flash-season-six-ratings/
the flash,season seven,https://tvseriesfinale.com/tv-show/the-flash-season-seven-ratings/
the flash,season eight,https://tvseriesfinale.com/tv-show/the-flash-season-eight-ratings/
the flash,season nine,https://tvseriesfinale.com/tv-show/the-flash-season-nine-ratings/
flatbush misdemeanors,season one,https://tvseriesfinale.com/tv-show/flatbush-misdemeanors-season-one-ratings/
flirty dancing,season one,https://tvseriesfinale.com/tv-show/flirty-dancing-season-one-ratings/
the floor,season one,https://tvseriesfinale.com/tv-show/the-floor-season-one-ratings/
florida girls,season one,https://tvseriesfinale.com/tv-show/florida-girls-season-one-ratings/
for better or worse,season six,https://tvseriesfinale.com/tv-show/for-better-or-worse-season-six-ratings/
for life,season one,https://tvseriesfinale.com/tv-show/for-life-season-one-ratings/
for life,season two,https://tvseriesfinale.com/tv-show/for-life-season-two-ratings/
for the people,season one,https://tvseriesfinale.com/tv-show/for-the-people-season-one-ratings/
for the people,season two,https://tvseriesfinale.com/tv-show/for-the-people-season-two-ratings/
fosse verdon,season one,https://tvseriesfinale.com/tv-show/fosse-verdon-season-one-ratings/
the fosters,season five,https://tvseriesfinale.com/tv-show/the-fosters-season-five-ratings/
found,season one,https://tvseriesfinale.com/tv-show/found-season-one-ratings/
four battle for stardom,season one,https://tvseriesfinale.com/tv-show/four-battle-for-stardom-season-one-ratings/
fresh off boat,season three,https://tvseriesfinale.com/tv-show/fresh-off-boat-season-three-ratings/
fresh off the boat,season four,https://tvseriesfinale.com/tv-show/fresh-off-the-boat-season-four-ratings/
fresh off the boat,season five,https://tvseriesfinale.com/tv-show/fresh-off-the-boat-season-five-ratings/
fresh off the boat,season six,https://tvseriesfinale.com/tv-show/fresh-off-the-boat-season-six-ratings/
fridge wars,season one,https://tvseriesfinale.com/tv-show/fridge-wars-season-one-ratings/
game of talents,season one,https://tvseriesfinale.com/tv-show/game-of-talents-season-one-ratings/
game of thrones,season seven,https://tvseriesfinale.com/tv-show/game-of-thrones-season-seven-ratings/
game of thrones,season eight,https://tvseriesfinale.com/tv-show/game-of-thrones-season-eight-ratings/
game on,season one,https://tvseriesfinale.com/tv-show/game-on-season-one-ratings/
the game show show,season one,https://tvseriesfinale.com/tv-show/the-game-show-show-season-one-ratings/
games people play,season one,https://tvseriesfinale.com/tv-show/games-people-play-season-one-ratings/
gaslit,season one,https://tvseriesfinale.com/tv-show/gaslit-season-one-ratings/
generation gap,season one,https://tvseriesfinale.com/tv-show/generation-gap-season-one-ratings/
generation gap,season two,https://tvseriesfinale.com/tv-show/generation-gap-season-two-ratings/
the genetic detective,season one,https://tvseriesfinale.com/tv-show/the-genetic-detective-season-one-ratings/
genius,season one,https://tvseriesfinale.com/tv-show/genius-season-one-ratings/
genius junior,season one,https://tvseriesfinale.com/tv-show/genius-junior-season-one-ratings/
a gentleman in moscow,season one,https://tvseriesfinale.com/tv-show/a-gentleman-in-moscow-season-one-ratings/
gentleman jack,season one,https://tvseriesfinale.com/tv-show/gentleman-jack-season-one-ratings/
gentleman jack,season two,https://tvseriesfinale.com/tv-show/gentleman-jack-season-two-ratings/
ghost wars,season one,https://tvseriesfinale.com/tv-show/ghost-wars-season-one-ratings/
ghosted,season one,https://tvseriesfinale.com/tv-show/ghosted-season-one-ratings/
ghosts,season one,https://tvseriesfinale.com/tv-show/ghosts-season-one-ratings/
ghosts,season two,https://tvseriesfinale.com/tv-show/ghosts-season-two-ratings/
ghosts uk,season one,https://tvseriesfinale.com/tv-show/ghosts-uk-season-one-ratings/
ghosts uk,season two,https://tvseriesfinale.com/tv-show/ghosts-uk-season-two-ratings/
gifted,season one,https://tvseriesfinale.com/tv-show/gifted-season-one-ratings/
the gifted,season two,https://tvseriesfinale.com/tv-show/the-gifted-season-two-ratings/
the gilded age,season one,https://tvseriesfinale.com/tv-show/the-gilded-age-season-one-ratings/
the gilded age,season two,https://tvseriesfinale.com/tv-show/the-gilded-age-season-two-ratings/
girlfriend experience,season one,https://tvseriesfinale.com/tv-show/girlfriend-experience-season-one-ratings/
girlfriend experience,season two,https://tvseriesfinale.com/tv-show/girlfriend-experience-season-two-ratings/
the girlfriend experience,season three,https://tvseriesfinale.com/tv-show/the-girlfriend-experience-season-three-ratings/
girlfriends guide divorce,season three,https://tvseriesfinale.com/tv-show/girlfriends-guide-divorce-season-three-ratings/
girlfriends guide to divorce,season four,https://tvseriesfinale.com/tv-show/girlfriends-guide-to-divorce-season-four-ratings/
girlfriends guide to divorce,season five,https://tvseriesfinale.com/tv-show/girlfriends-guide-to-divorce-season-five-ratings/
girls,season six,https://tvseriesfinale.com/tv-show/girls-season-six-ratings/
the gloaming,season one,https://tvseriesfinale.com/tv-show/the-gloaming-season-one-ratings/
god friended me,season one,https://tvseriesfinale.com/tv-show/god-friended-me-season-one-ratings/
god friended me,season two,https://tvseriesfinale.com/tv-show/god-friended-me-season-two-ratings/
goldbergs,season five,https://tvseriesfinale.com/tv-show/goldbergs-season-five-ratings/
goldbergs,season six,https://tvseriesfinale.com/tv-show/goldbergs-season-six-ratings/
the goldbergs,season seven,https://tvseriesfinale.com/tv-show/the-goldbergs-season-seven-ratings/
the goldbergs,season eight,https://tvseriesfinale.com/tv-show/the-goldbergs-season-eight-ratings/
the goldbergs,season nine,https://tvseriesfinale.com/tv-show/the-goldbergs-season-nine-ratings/
the goldbergs,season 10,https://tvseriesfinale.com/tv-show/the-goldbergs-season-10-ratings/
the golden bachelor,season one,https://tvseriesfinale.com/tv-show/the-golden-bachelor-season-one-ratings/
gone,season one,https://tvseriesfinale.com/tv-show/gone-season-one-ratings/
the gong show,season one,https://tvseriesfinale.com/tv-show/the-gong-show-season-one-ratings/
gong show,season two,https://tvseriesfinale.com/tv-show/gong-show-season-two-ratings/
good behavior,season two,https://tvseriesfinale.com/tv-show/good-behavior-season-two-ratings/
good doctor,season one,https://tvseriesfinale.com/tv-show/good-doctor-season-one-ratings/
good doctor,season two,https://tvseriesfinale.com/tv-show/good-doctor-season-two-ratings/
the good doctor,season three,https://tvseriesfinale.com/tv-show/the-good-doctor-season-three-ratings/
the good doctor,season four,https://tvseriesfinale.com/tv-show/the-good-doctor-season-four-ratings/
the good doctor,season five,https://tvseriesfinale.com/tv-show/the-good-doctor-season-five-ratings/
the good doctor,season six,https://tvseriesfinale.com/tv-show/the-good-doctor-season-six-ratings/
the good doctor,season seven,https://tvseriesfinale.com/tv-show/the-good-doctor-season-seven-ratings/
the good fight,season one,https://tvseriesfinale.com/tv-show/the-good-fight-season-one-ratings/
good girls,season one,https://tvseriesfinale.com/tv-show/good-girls-season-one-ratings/
good girls,season two,https://tvseriesfinale.com/tv-show/good-girls-season-two-ratings/
good girls,season three,https://tvseriesfinale.com/tv-show/good-girls-season-three-ratings/
good girls,season four,https://tvseriesfinale.com/tv-show/good-girls-season-four-ratings/
the good place,season two,https://tvseriesfinale.com/tv-show/the-good-place-season-two-ratings/
the good place,season three,https://tvseriesfinale.com/tv-show/the-good-place-season-three-ratings/
the good place,season four,https://tvseriesfinale.com/tv-show/the-good-place-season-four-ratings/
good sam,season one,https://tvseriesfinale.com/tv-show/good-sam-season-one-ratings/
good trouble,season one,https://tvseriesfinale.com/tv-show/good-trouble-season-one-ratings/
good trouble,season two,https://tvseriesfinale.com/tv-show/good-trouble-season-two-ratings/
good trouble,season three,https://tvseriesfinale.com/tv-show/good-trouble-season-three-ratings/
good trouble,season four,https://tvseriesfinale.com/tv-show/good-trouble-season-four-ratings/
good trouble,season five,https://tvseriesfinale.com/tv-show/good-trouble-season-five-ratings/
good witch,season four,https://tvseriesfinale.com/tv-show/good-witch-season-four-ratings/
good witch,season five,https://tvseriesfinale.com/tv-show/good-witch-season-five-ratings/
good witch,season six,https://tvseriesfinale.com/tv-show/good-witch-season-six-ratings/
gordon ramsays 24 hours hell back,season one,https://tvseriesfinale.com/tv-show/gordon-ramsays-24-hours-hell-back-season-one-ratings/
gordon ramsays 24 hours to hell and back,season two,https://tvseriesfinale.com/tv-show/gordon-ramsays-24-hours-to-hell-and-back-season-two-ratings/
gordon ramsays 24 hours to hell and back,season three,https://tvseriesfinale.com/tv-show/gordon-ramsays-24-hours-to-hell-and-back-season-three-ratings/
gordon ramsays food stars,season one,https://tvseriesfinale.com/tv-show/gordon-ramsays-food-stars-season-one-ratings/
gotham,season four,https://tvseriesfinale.com/tv-show/gotham-season-four-ratings/
gotham,season five,https://tvseriesfinale.com/tv-show/gotham-season-five-ratings/
gotham knights,season one,https://tvseriesfinale.com/tv-show/gotham-knights-season-one-ratings/
grand crew,season one,https://tvseriesfinale.com/tv-show/grand-crew-season-one-ratings/
grand crew,season two,https://tvseriesfinale.com/tv-show/grand-crew-season-two-ratings/
grand hotel,season one,https://tvseriesfinale.com/tv-show/grand-hotel-season-one-ratings/
greenleaf,season two,https://tvseriesfinale.com/tv-show/greenleaf-season-two-ratings/
greenleaf,season three,https://tvseriesfinale.com/tv-show/greenleaf-season-three-ratings/
greenleaf,season four,https://tvseriesfinale.com/tv-show/greenleaf-season-four-ratings/
greenleaf,season five,https://tvseriesfinale.com/tv-show/greenleaf-season-five-ratings/
great american baking show,season three,https://tvseriesfinale.com/tv-show/great-american-baking-show-season-three-ratings/
the great american baking show,season four,https://tvseriesfinale.com/tv-show/the-great-american-baking-show-season-four-ratings/
the great american baking show,season five,https://tvseriesfinale.com/tv-show/the-great-american-baking-show-season-five-ratings/
the great american joke off,season one,https://tvseriesfinale.com/tv-show/the-great-american-joke-off-season-one-ratings/
great chocolate showdown,season one,https://tvseriesfinale.com/tv-show/great-chocolate-showdown-season-one-ratings/
great chocolate showdown,season two,https://tvseriesfinale.com/tv-show/great-chocolate-showdown-season-two-ratings/
great chocolate showdown,season four,https://tvseriesfinale.com/tv-show/great-chocolate-showdown-season-four-ratings/
great christmas light fight,season five,https://tvseriesfinale.com/tv-show/great-christmas-light-fight-season-five-ratings/
great christmas light fight,season six,https://tvseriesfinale.com/tv-show/great-christmas-light-fight-season-six-ratings/
the great christmas light fight,season seven,https://tvseriesfinale.com/tv-show/the-great-christmas-light-fight-season-seven-ratings/
the great christmas light fight,season eight,https://tvseriesfinale.com/tv-show/the-great-christmas-light-fight-season-eight-ratings/
the great christmas light fight,season nine,https://tvseriesfinale.com/tv-show/the-great-christmas-light-fight-season-nine-ratings/
the great christmas light fight,season 10,https://tvseriesfinale.com/tv-show/the-great-christmas-light-fight-season-10-ratings/
the great christmas light fight,season 11,https://tvseriesfinale.com/tv-show/the-great-christmas-light-fight-season-11-ratings/
the great halloween fright fight,season two,https://tvseriesfinale.com/tv-show/the-great-halloween-fright-fight-season-two-ratings/
great news,season one,https://tvseriesfinale.com/tv-show/great-news-season-one-ratings/
great news,season two,https://tvseriesfinale.com/tv-show/great-news-season-two-ratings/
the great north,season one,https://tvseriesfinale.com/tv-show/the-great-north-season-one-ratings/
the great north,season two,https://tvseriesfinale.com/tv-show/the-great-north-season-two-ratings/
the great north,season three,https://tvseriesfinale.com/tv-show/the-great-north-season-three-ratings/
the great north,season four,https://tvseriesfinale.com/tv-show/the-great-north-season-four-ratings/
the greatest athome videos,season one,https://tvseriesfinale.com/tv-show/the-greatest-athome-videos-season-one-ratings/
the greatest athome videos,season two,https://tvseriesfinale.com/tv-show/the-greatest-athome-videos-season-two-ratings/
greatest geek year ever,season one,https://tvseriesfinale.com/tv-show/greatest-geek-year-ever-season-one-ratings/
greys anatomy,season 13,https://tvseriesfinale.com/tv-show/greys-anatomy-season-13-ratings/
greys anatomy,season 14,https://tvseriesfinale.com/tv-show/greys-anatomy-season-14-ratings/
greys anatomy,season 15,https://tvseriesfinale.com/tv-show/greys-anatomy-season-15-ratings/
greys anatomy,season 16,https://tvseriesfinale.com/tv-show/greys-anatomy-season-16-ratings/
greys anatomy,season 17,https://tvseriesfinale.com/tv-show/greys-anatomy-season-17-ratings/
greys anatomy,season 18,https://tvseriesfinale.com/tv-show/greys-anatomy-season-18-ratings/
greys anatomy,season 19,https://tvseriesfinale.com/tv-show/greys-anatomy-season-19-ratings/
greys anatomy,season 20,https://tvseriesfinale.com/tv-show/greys-anatomy-season-20-ratings/
grimsburg,season one,https://tvseriesfinale.com/tv-show/grimsburg-season-one-ratings/
grown ish,season one,https://tvseriesfinale.com/tv-show/grown-ish-season-one-ratings/
grown ish,season two,https://tvseriesfinale.com/tv-show/grown-ish-season-two-ratings/
grown ish,season three,https://tvseriesfinale.com/tv-show/grown-ish-season-three-ratings/
grown ish,season four,https://tvseriesfinale.com/tv-show/grown-ish-season-four-ratings/
grown ish,season five,https://tvseriesfinale.com/tv-show/grown-ish-season-five-ratings/
grown ish,season six,https://tvseriesfinale.com/tv-show/grown-ish-season-six-ratings/
guerrilla,season one,https://tvseriesfinale.com/tv-show/guerrilla-season-one-ratings/
guest book,season one,https://tvseriesfinale.com/tv-show/guest-book-season-one-ratings/
the guest book,season two,https://tvseriesfinale.com/tv-show/the-guest-book-season-two-ratings/
guilt,season one,https://tvseriesfinale.com/tv-show/guilt-season-one-ratings/
halt catch fire,season three,https://tvseriesfinale.com/tv-show/halt-catch-fire-season-three-ratings/
halt and catch fire,season four,https://tvseriesfinale.com/tv-show/halt-and-catch-fire-season-four-ratings/
hap and leonard,season three,https://tvseriesfinale.com/tv-show/hap-and-leonard-season-three-ratings/
happy together,season one,https://tvseriesfinale.com/tv-show/happy-together-season-one-ratings/
happy,season one,https://tvseriesfinale.com/tv-show/happy-season-one-ratings/
happy,season two,https://tvseriesfinale.com/tv-show/happy-season-two-ratings/
haus of vicious,season one,https://tvseriesfinale.com/tv-show/haus-of-vicious-season-one-ratings/
the haves and the have nots tv show own,season four,https://tvseriesfinale.com/tv-show/the-haves-and-the-have-nots-tv-show-own-season-four-ratings/
haves and the have nots,season five,https://tvseriesfinale.com/tv-show/haves-and-the-have-nots-season-five-ratings/
the haves and the have nots,season six,https://tvseriesfinale.com/tv-show/the-haves-and-the-have-nots-season-six-ratings/
the haves and the have nots,season seven,https://tvseriesfinale.com/tv-show/the-haves-and-the-have-nots-season-seven-ratings/
the haves and the have nots,season eight,https://tvseriesfinale.com/tv-show/the-haves-and-the-have-nots-season-eight-ratings/
hawaii five 0,season eight,https://tvseriesfinale.com/tv-show/hawaii-five-0-season-eight-ratings/
hawaii five 0,season nine,https://tvseriesfinale.com/tv-show/hawaii-five-0-season-nine-ratings/
hawaii five 0,season 10,https://tvseriesfinale.com/tv-show/hawaii-five-0-season-10-ratings/
heels,season one,https://tvseriesfinale.com/tv-show/heels-season-one-ratings/
heels,season two,https://tvseriesfinale.com/tv-show/heels-season-two-ratings/
hells kitchen,season 17,https://tvseriesfinale.com/tv-show/hells-kitchen-season-17-ratings/
hells kitchen,season 18,https://tvseriesfinale.com/tv-show/hells-kitchen-season-18-ratings/
hells kitchen,season 19,https://tvseriesfinale.com/tv-show/hells-kitchen-season-19-ratings/
hells kitchen,season 20,https://tvseriesfinale.com/tv-show/hells-kitchen-season-20-ratings/
hells kitchen,season 21,https://tvseriesfinale.com/tv-show/hells-kitchen-season-21-ratings/
hells kitchen,season 22,https://tvseriesfinale.com/tv-show/hells-kitchen-season-22-ratings/
now,season one,https://tvseriesfinale.com/tv-show/now-season-one-ratings/
high maintenance,season two,https://tvseriesfinale.com/tv-show/high-maintenance-season-two-ratings/
high maintenance,season three,https://tvseriesfinale.com/tv-show/high-maintenance-season-three-ratings/
high maintenance,season four,https://tvseriesfinale.com/tv-show/high-maintenance-season-four-ratings/
hightown,season two,https://tvseriesfinale.com/tv-show/hightown-season-two-ratings/
hightown,season three,https://tvseriesfinale.com/tv-show/hightown-season-three-ratings/
his dark materials,season one,https://tvseriesfinale.com/tv-show/his-dark-materials-season-one-ratings/
his dark materials,season two,https://tvseriesfinale.com/tv-show/his-dark-materials-season-two-ratings/
hit the floor,season four,https://tvseriesfinale.com/tv-show/hit-the-floor-season-four-ratings/
holey moley,season one,https://tvseriesfinale.com/tv-show/holey-moley-season-one-ratings/
holey moley,season two,https://tvseriesfinale.com/tv-show/holey-moley-season-two-ratings/
holey moley,season three,https://tvseriesfinale.com/tv-show/holey-moley-season-three-ratings/
holey moley,season four,https://tvseriesfinale.com/tv-show/holey-moley-season-four-ratings/
hollywood game night,season six,https://tvseriesfinale.com/tv-show/hollywood-game-night-season-six-ratings/
holmes family effect,season one,https://tvseriesfinale.com/tv-show/holmes-family-effect-season-one-ratings/
home economics,season one,https://tvseriesfinale.com/tv-show/home-economics-season-one-ratings/
home economics,season two,https://tvseriesfinale.com/tv-show/home-economics-season-two-ratings/
home economics,season three,https://tvseriesfinale.com/tv-show/home-economics-season-three-ratings/
home sweet home,season one,https://tvseriesfinale.com/tv-show/home-sweet-home-season-one-ratings/
homeland,season six,https://tvseriesfinale.com/tv-show/homeland-season-six-ratings/
homeland,season seven,https://tvseriesfinale.com/tv-show/homeland-season-seven-ratings/
homeland,season eight,https://tvseriesfinale.com/tv-show/homeland-season-eight-ratings/
hooten the lady,season one,https://tvseriesfinale.com/tv-show/hooten-the-lady-season-one-ratings/
hot wheels ultimate challenge,season one,https://tvseriesfinale.com/tv-show/hot-wheels-ultimate-challenge-season-one-ratings/
howards end,season one,https://tvseriesfinale.com/tv-show/howards-end-season-one-ratings/
house calls with dr phil,season one,https://tvseriesfinale.com/tv-show/house-calls-with-dr-phil-season-one-ratings/
house of the dragon,season one,https://tvseriesfinale.com/tv-show/house-of-the-dragon-season-one-ratings/
housebroken,season one,https://tvseriesfinale.com/tv-show/housebroken-season-one-ratings/
housebroken,season two,https://tvseriesfinale.com/tv-show/housebroken-season-two-ratings/
get away murder,season three,https://tvseriesfinale.com/tv-show/get-away-murder-season-three-ratings/
how to get away with murder,season four,https://tvseriesfinale.com/tv-show/how-to-get-away-with-murder-season-four-ratings/
how to get away with murder,season five,https://tvseriesfinale.com/tv-show/how-to-get-away-with-murder-season-five-ratings/
how to get away with murder,season six,https://tvseriesfinale.com/tv-show/how-to-get-away-with-murder-season-six-ratings/
how we roll,season one,https://tvseriesfinale.com/tv-show/how-we-roll-season-one-ratings/
humans,season two,https://tvseriesfinale.com/tv-show/humans-season-two-ratings/
humans,season three,https://tvseriesfinale.com/tv-show/humans-season-three-ratings/
the hustler,season one,https://tvseriesfinale.com/tv-show/the-hustler-season-one-ratings/
the hustler,season two,https://tvseriesfinale.com/tv-show/the-hustler-season-two-ratings/
hypnotize me,season one,https://tvseriesfinale.com/tv-show/hypnotize-me-season-one-ratings/
i am frankie,season two,https://tvseriesfinale.com/tv-show/i-am-frankie-season-two-ratings/
i am the night,season one,https://tvseriesfinale.com/tv-show/i-am-the-night-season-one-ratings/
i can see your voice,season one,https://tvseriesfinale.com/tv-show/i-can-see-your-voice-season-one-ratings/
i can see your voice,season two,https://tvseriesfinale.com/tv-show/i-can-see-your-voice-season-two-ratings/
i can see your voice,season three,https://tvseriesfinale.com/tv-show/i-can-see-your-voice-season-three-ratings/
i know this much is true,season one,https://tvseriesfinale.com/tv-show/i-know-this-much-is-true-season-one-ratings/
i love that for you,season one,https://tvseriesfinale.com/tv-show/i-love-that-for-you-season-one-ratings/
i may destroy you,season one,https://tvseriesfinale.com/tv-show/i-may-destroy-you-season-one-ratings/
i ship it,season two,https://tvseriesfinale.com/tv-show/i-ship-it-season-two-ratings/
im dying,season one,https://tvseriesfinale.com/tv-show/im-dying-season-one-ratings/
im dying up here,season two,https://tvseriesfinale.com/tv-show/im-dying-up-here-season-two-ratings/
im sorry,season one,https://tvseriesfinale.com/tv-show/im-sorry-season-one-ratings/
im sorry,season two,https://tvseriesfinale.com/tv-show/im-sorry-season-two-ratings/
the idol,season one,https://tvseriesfinale.com/tv-show/the-idol-season-one-ratings/
idiotsitter,season two,https://tvseriesfinale.com/tv-show/idiotsitter-season-two-ratings/
if loving you is wrong,season three,https://tvseriesfinale.com/tv-show/if-loving-you-is-wrong-season-three-ratings/
if loving you is wrong,season four,https://tvseriesfinale.com/tv-show/if-loving-you-is-wrong-season-four-ratings/
if loving you is wrong,season five,https://tvseriesfinale.com/tv-show/if-loving-you-is-wrong-season-five-ratings/
imaginary mary,season one,https://tvseriesfinale.com/tv-show/imaginary-mary-season-one-ratings/
imposters tv show bravo,season one,https://tvseriesfinale.com/tv-show/imposters-tv-show-bravo-season-one-ratings/
imposters,season two,https://tvseriesfinale.com/tv-show/imposters-season-two-ratings/
in the dark,season one,https://tvseriesfinale.com/tv-show/in-the-dark-season-one-ratings/
in the dark,season two,https://tvseriesfinale.com/tv-show/in-the-dark-season-two-ratings/
in the dark,season three,https://tvseriesfinale.com/tv-show/in-the-dark-season-three-ratings/
in the dark,season four,https://tvseriesfinale.com/tv-show/in-the-dark-season-four-ratings/
in treatment,season four,https://tvseriesfinale.com/tv-show/in-treatment-season-four-ratings/
the inbetween,season one,https://tvseriesfinale.com/tv-show/the-inbetween-season-one-ratings/
incorporated tv show syfy,season one,https://tvseriesfinale.com/tv-show/incorporated-tv-show-syfy-season-one-ratings/
indebted,season one,https://tvseriesfinale.com/tv-show/indebted-season-one-ratings/
industry,season one,https://tvseriesfinale.com/tv-show/industry-season-one-ratings/
industry,season two,https://tvseriesfinale.com/tv-show/industry-season-two-ratings/
insecure,season one,https://tvseriesfinale.com/tv-show/insecure-season-one-ratings/
insecure,season two,https://tvseriesfinale.com/tv-show/insecure-season-two-ratings/
insecure,season three,https://tvseriesfinale.com/tv-show/insecure-season-three-ratings/
insecure,season four,https://tvseriesfinale.com/tv-show/insecure-season-four-ratings/
insecure,season five,https://tvseriesfinale.com/tv-show/insecure-season-five-ratings/
instinct,season one,https://tvseriesfinale.com/tv-show/instinct-season-one-ratings/
instinct,season two,https://tvseriesfinale.com/tv-show/instinct-season-two-ratings/
the interrogation tapes,season one,https://tvseriesfinale.com/tv-show/the-interrogation-tapes-season-one-ratings/
badlands,season two,https://tvseriesfinale.com/tv-show/badlands-season-two-ratings/
into the badlands,season three,https://tvseriesfinale.com/tv-show/into-the-badlands-season-three-ratings/
irma vep,season one,https://tvseriesfinale.com/tv-show/irma-vep-season-one-ratings/
the irrational,season one,https://tvseriesfinale.com/tv-show/the-irrational-season-one-ratings/
always sunny philadelphia,season 12,https://tvseriesfinale.com/tv-show/always-sunny-philadelphia-season-12-ratings/
always sunny philadelphia,season 13,https://tvseriesfinale.com/tv-show/always-sunny-philadelphia-season-13-ratings/
its always sunny in philadelphia,season 14,https://tvseriesfinale.com/tv-show/its-always-sunny-in-philadelphia-season-14-ratings/
its always sunny in philadelphia,season 15,https://tvseriesfinale.com/tv-show/its-always-sunny-in-philadelphia-season-15-ratings/
its always sunny in philadelphia,season 16,https://tvseriesfinale.com/tv-show/its-always-sunny-in-philadelphia-season-16-ratings/
izombie,season three,https://tvseriesfinale.com/tv-show/izombie-season-three-ratings/
izombie,season four,https://tvseriesfinale.com/tv-show/izombie-season-four-ratings/
izombie,season five,https://tvseriesfinale.com/tv-show/izombie-season-five-ratings/
jane virgin,season three,https://tvseriesfinale.com/tv-show/jane-virgin-season-three-ratings/
jane the virgin,season four,https://tvseriesfinale.com/tv-show/jane-the-virgin-season-four-ratings/
jane the virgin,season five,https://tvseriesfinale.com/tv-show/jane-the-virgin-season-five-ratings/
jeopardy masters,season one,https://tvseriesfinale.com/tv-show/jeopardy-masters-season-one-ratings/
jeopardy masters,season two,https://tvseriesfinale.com/tv-show/jeopardy-masters-season-two-ratings/
jeopardy national college championship,season one,https://tvseriesfinale.com/tv-show/jeopardy-national-college-championship-season-one-ratings/
jett,season one,https://tvseriesfinale.com/tv-show/jett-season-one-ratings/
joe millionaire for richer or poorer,season one,https://tvseriesfinale.com/tv-show/joe-millionaire-for-richer-or-poorer-season-one-ratings/
judge steve harvey,season one,https://tvseriesfinale.com/tv-show/judge-steve-harvey-season-one-ratings/
judge steve harvey,season two,https://tvseriesfinale.com/tv-show/judge-steve-harvey-season-two-ratings/
just roll with it,season one,https://tvseriesfinale.com/tv-show/just-roll-with-it-season-one-ratings/
justified city primeval,season one,https://tvseriesfinale.com/tv-show/justified-city-primeval-season-one-ratings/
katy keene,season one,https://tvseriesfinale.com/tv-show/katy-keene-season-one-ratings/
kenan,season one,https://tvseriesfinale.com/tv-show/kenan-season-one-ratings/
kenan,season two,https://tvseriesfinale.com/tv-show/kenan-season-two-ratings/
kevin can fk himself,season one,https://tvseriesfinale.com/tv-show/kevin-can-fk-himself-season-one-ratings/
kevin can fk himself,season two,https://tvseriesfinale.com/tv-show/kevin-can-fk-himself-season-two-ratings/
kevin can wait,season two,https://tvseriesfinale.com/tv-show/kevin-can-wait-season-two-ratings/
kevin can wait,season two,https://tvseriesfinale.com/tv-show/kevin-can-wait-season-two-ratings/
kevin probably saves world,season one,https://tvseriesfinale.com/tv-show/kevin-probably-saves-world-season-one-ratings/
kicking screaming,season one,https://tvseriesfinale.com/tv-show/kicking-screaming-season-one-ratings/
kidding,season one,https://tvseriesfinale.com/tv-show/kidding-season-one-ratings/
kidding,season two,https://tvseriesfinale.com/tv-show/kidding-season-two-ratings/
the kids are alright,season one,https://tvseriesfinale.com/tv-show/the-kids-are-alright-season-one-ratings/
kids say the darndest things,season one,https://tvseriesfinale.com/tv-show/kids-say-the-darndest-things-season-one-ratings/
kids say the darndest things,season two,https://tvseriesfinale.com/tv-show/kids-say-the-darndest-things-season-two-ratings/
killer camp,season one,https://tvseriesfinale.com/tv-show/killer-camp-season-one-ratings/
killer camp,season two,https://tvseriesfinale.com/tv-show/killer-camp-season-two-ratings/
killing eve,season one,https://tvseriesfinale.com/tv-show/killing-eve-season-one-ratings/
killing eve,season two,https://tvseriesfinale.com/tv-show/killing-eve-season-two-ratings/
killing eve,season three,https://tvseriesfinale.com/tv-show/killing-eve-season-three-ratings/
killjoys,season three,https://tvseriesfinale.com/tv-show/killjoys-season-three-ratings/
killjoys,season four,https://tvseriesfinale.com/tv-show/killjoys-season-four-ratings/
killjoys,season five,https://tvseriesfinale.com/tv-show/killjoys-season-five-ratings/
the kings of napa,season one,https://tvseriesfinale.com/tv-show/the-kings-of-napa-season-one-ratings/
kitchen nightmares 2023,season one,https://tvseriesfinale.com/tv-show/kitchen-nightmares-2023-season-one-ratings/
the knick,season two,https://tvseriesfinale.com/tv-show/the-knick-season-two-ratings/
knightfall,season one,https://tvseriesfinale.com/tv-show/knightfall-season-one-ratings/
knightfall,season two,https://tvseriesfinale.com/tv-show/knightfall-season-two-ratings/
krapopolis,season one,https://tvseriesfinale.com/tv-show/krapopolis-season-one-ratings/
krypton,season one,https://tvseriesfinale.com/tv-show/krypton-season-one-ratings/
krypton,season two,https://tvseriesfinale.com/tv-show/krypton-season-two-ratings/
kung fu,season one,https://tvseriesfinale.com/tv-show/kung-fu-season-one-ratings/
kung fu,season two,https://tvseriesfinale.com/tv-show/kung-fu-season-two-ratings/
kung fu,season three,https://tvseriesfinale.com/tv-show/kung-fu-season-three-ratings/
the l word generation q,season one,https://tvseriesfinale.com/tv-show/the-l-word-generation-q-season-one-ratings/
the l word generation q,season two,https://tvseriesfinale.com/tv-show/the-l-word-generation-q-season-two-ratings/
the l word generation q,season three,https://tvseriesfinale.com/tv-show/the-l-word-generation-q-season-three-ratings/
la brea,season one,https://tvseriesfinale.com/tv-show/la-brea-season-one-ratings/
la brea,season two,https://tvseriesfinale.com/tv-show/la-brea-season-two-ratings/
la brea,season three,https://tvseriesfinale.com/tv-show/la-brea-season-three-ratings/
la fire rescue,season one,https://tvseriesfinale.com/tv-show/la-fire-rescue-season-one-ratings/
la vegas,season one,https://tvseriesfinale.com/tv-show/la-vegas-season-one-ratings/
las finest,season one,https://tvseriesfinale.com/tv-show/las-finest-season-one-ratings/
labor of love,season one,https://tvseriesfinale.com/tv-show/labor-of-love-season-one-ratings/
last defense,season one,https://tvseriesfinale.com/tv-show/last-defense-season-one-ratings/
last man earth,season four,https://tvseriesfinale.com/tv-show/last-man-earth-season-four-ratings/
last man standing,season six,https://tvseriesfinale.com/tv-show/last-man-standing-season-six-ratings/
last man standing,season seven,https://tvseriesfinale.com/tv-show/last-man-standing-season-seven-ratings/
last man standing,season eight,https://tvseriesfinale.com/tv-show/last-man-standing-season-eight-ratings/
last man standing,season nine,https://tvseriesfinale.com/tv-show/last-man-standing-season-nine-ratings/
the last of us,season one,https://tvseriesfinale.com/tv-show/the-last-of-us-season-one-ratings/
last og,season one,https://tvseriesfinale.com/tv-show/last-og-season-one-ratings/
the last og,season two,https://tvseriesfinale.com/tv-show/the-last-og-season-two-ratings/
the last og,season three,https://tvseriesfinale.com/tv-show/the-last-og-season-three-ratings/
the last og,season four,https://tvseriesfinale.com/tv-show/the-last-og-season-four-ratings/
the last ship,season four,https://tvseriesfinale.com/tv-show/the-last-ship-season-four-ratings/
last ship,season five,https://tvseriesfinale.com/tv-show/last-ship-season-five-ratings/
law order,season 21,https://tvseriesfinale.com/tv-show/law-order-season-21-ratings/
law order,season 22,https://tvseriesfinale.com/tv-show/law-order-season-22-ratings/
law order,season 23,https://tvseriesfinale.com/tv-show/law-order-season-23-ratings/
law order organized crime,season one,https://tvseriesfinale.com/tv-show/law-order-organized-crime-season-one-ratings/
law order organized crime,season two,https://tvseriesfinale.com/tv-show/law-order-organized-crime-season-two-ratings/
law order organized crime,season three,https://tvseriesfinale.com/tv-show/law-order-organized-crime-season-three-ratings/
law order organized crime,season four,https://tvseriesfinale.com/tv-show/law-order-organized-crime-season-four-ratings/
law order special victims unit,season 19,https://tvseriesfinale.com/tv-show/law-order-special-victims-unit-season-19-ratings/
law order special victims unit,season 20,https://tvseriesfinale.com/tv-show/law-order-special-victims-unit-season-20-ratings/
law order special victims unit,season 21,https://tvseriesfinale.com/tv-show/law-order-special-victims-unit-season-21-ratings/
law order special victims unit,season 22,https://tvseriesfinale.com/tv-show/law-order-special-victims-unit-season-22-ratings/
law order special victims unit,season 23,https://tvseriesfinale.com/tv-show/law-order-special-victims-unit-season-23-ratings/
law order special victims unit,season 24,https://tvseriesfinale.com/tv-show/law-order-special-victims-unit-season-24-ratings/
law order special victims unit,season 25,https://tvseriesfinale.com/tv-show/law-order-special-victims-unit-season-25-ratings/
law order true crime,season one,https://tvseriesfinale.com/tv-show/law-order-true-crime-season-one-ratings/
the lazarus project,season one,https://tvseriesfinale.com/tv-show/the-lazarus-project-season-one-ratings/
leftovers,season three,https://tvseriesfinale.com/tv-show/leftovers-season-three-ratings/
legacies,season one,https://tvseriesfinale.com/tv-show/legacies-season-one-ratings/
legacies,season two,https://tvseriesfinale.com/tv-show/legacies-season-two-ratings/
legacies,season three,https://tvseriesfinale.com/tv-show/legacies-season-three-ratings/
legacies,season four,https://tvseriesfinale.com/tv-show/legacies-season-four-ratings/
legends chamberlain heights,season two,https://tvseriesfinale.com/tv-show/legends-chamberlain-heights-season-two-ratings/
legends of the hidden temple,season one,https://tvseriesfinale.com/tv-show/legends-of-the-hidden-temple-season-one-ratings/
legion tv show fx,season one,https://tvseriesfinale.com/tv-show/legion-tv-show-fx-season-one-ratings/
legion,season two,https://tvseriesfinale.com/tv-show/legion-season-two-ratings/
legion,season three,https://tvseriesfinale.com/tv-show/legion-season-three-ratings/
lego masters,season one,https://tvseriesfinale.com/tv-show/lego-masters-season-one-ratings/
lego masters,season two,https://tvseriesfinale.com/tv-show/lego-masters-season-two-ratings/
lego masters,season three,https://tvseriesfinale.com/tv-show/lego-masters-season-three-ratings/
leonardo,season one,https://tvseriesfinale.com/tv-show/leonardo-season-one-ratings/
let the right one in,season one,https://tvseriesfinale.com/tv-show/let-the-right-one-in-season-one-ratings/
let the world see,season one,https://tvseriesfinale.com/tv-show/let-the-world-see-season-one-ratings/
lets be real,season one,https://tvseriesfinale.com/tv-show/lets-be-real-season-one-ratings/
lets get physical,season one,https://tvseriesfinale.com/tv-show/lets-get-physical-season-one-ratings/
lethal weapon,season two,https://tvseriesfinale.com/tv-show/lethal-weapon-season-two-ratings/
lethal weapon tv show fox,season three,https://tvseriesfinale.com/tv-show/lethal-weapon-tv-show-fox-season-three-ratings/
liar,season one,https://tvseriesfinale.com/tv-show/liar-season-one-ratings/
librarians,season four,https://tvseriesfinale.com/tv-show/librarians-season-four-ratings/
life in pieces,season two,https://tvseriesfinale.com/tv-show/life-in-pieces-season-two-ratings/
life pieces,season three,https://tvseriesfinale.com/tv-show/life-pieces-season-three-ratings/
life in pieces,season four,https://tvseriesfinale.com/tv-show/life-in-pieces-season-four-ratings/
life sentence,season one,https://tvseriesfinale.com/tv-show/life-sentence-season-one-ratings/
lincoln rhyme hunt for the bone collector,season one,https://tvseriesfinale.com/tv-show/lincoln-rhyme-hunt-for-the-bone-collector-season-one-ratings/
lingo,season one,https://tvseriesfinale.com/tv-show/lingo-season-one-ratings/
little big shots,season two,https://tvseriesfinale.com/tv-show/little-big-shots-season-two-ratings/
little big shots,season three,https://tvseriesfinale.com/tv-show/little-big-shots-season-three-ratings/
little big shots,season four,https://tvseriesfinale.com/tv-show/little-big-shots-season-four-ratings/
little demon,season one,https://tvseriesfinale.com/tv-show/little-demon-season-one-ratings/
living biblically,season one,https://tvseriesfinale.com/tv-show/living-biblically-season-one-ratings/
loaded,season one,https://tvseriesfinale.com/tv-show/loaded-season-one-ratings/
lodge 49,season one,https://tvseriesfinale.com/tv-show/lodge-49-season-one-ratings/
lodge 49,season two,https://tvseriesfinale.com/tv-show/lodge-49-season-two-ratings/
loosely exactly nicole,season one,https://tvseriesfinale.com/tv-show/loosely-exactly-nicole-season-one-ratings/
lopez,season two,https://tvseriesfinale.com/tv-show/lopez-season-two-ratings/
lopez vs lopez,season one,https://tvseriesfinale.com/tv-show/lopez-vs-lopez-season-one-ratings/
lopez vs lopez,season two,https://tvseriesfinale.com/tv-show/lopez-vs-lopez-season-two-ratings/
love connection,season one,https://tvseriesfinale.com/tv-show/love-connection-season-one-ratings/
love connection,season two,https://tvseriesfinale.com/tv-show/love-connection-season-two-ratings/
love is,season one,https://tvseriesfinale.com/tv-show/love-is-season-one-ratings/
love island,season one,https://tvseriesfinale.com/tv-show/love-island-season-one-ratings/
love island,season two,https://tvseriesfinale.com/tv-show/love-island-season-two-ratings/
love island,season three,https://tvseriesfinale.com/tv-show/love-island-season-three-ratings/
love thy neighbor,season four,https://tvseriesfinale.com/tv-show/love-thy-neighbor-season-four-ratings/
lovecraft country,season one,https://tvseriesfinale.com/tv-show/lovecraft-country-season-one-ratings/
lovers and liars,season one,https://tvseriesfinale.com/tv-show/lovers-and-liars-season-one-ratings/
lucifer,season three,https://tvseriesfinale.com/tv-show/lucifer-season-three-ratings/
lucky hank,season one,https://tvseriesfinale.com/tv-show/lucky-hank-season-one-ratings/
luther,season five,https://tvseriesfinale.com/tv-show/luther-season-five-ratings/
macgyver,season two,https://tvseriesfinale.com/tv-show/macgyver-season-two-ratings/
macgyver,season three,https://tvseriesfinale.com/tv-show/macgyver-season-three-ratings/
macgyver,season four,https://tvseriesfinale.com/tv-show/macgyver-season-four-ratings/
macgyver,season five,https://tvseriesfinale.com/tv-show/macgyver-season-five-ratings/
madam secretary,season four,https://tvseriesfinale.com/tv-show/madam-secretary-season-four-ratings/
madam secretary,season five,https://tvseriesfinale.com/tv-show/madam-secretary-season-five-ratings/
madam secretary,season six,https://tvseriesfinale.com/tv-show/madam-secretary-season-six-ratings/
magicians,season two,https://tvseriesfinale.com/tv-show/magicians-season-two-ratings/
magicians,season three,https://tvseriesfinale.com/tv-show/magicians-season-three-ratings/
the magicians,season four,https://tvseriesfinale.com/tv-show/the-magicians-season-four-ratings/
the magicians,season five,https://tvseriesfinale.com/tv-show/the-magicians-season-five-ratings/
magnum pi,season one,https://tvseriesfinale.com/tv-show/magnum-pi-season-one-ratings/
magnum pi,season two,https://tvseriesfinale.com/tv-show/magnum-pi-season-two-ratings/
magnum pi,season three,https://tvseriesfinale.com/tv-show/magnum-pi-season-three-ratings/
magnum pi,season four,https://tvseriesfinale.com/tv-show/magnum-pi-season-four-ratings/
magnum pi,season five,https://tvseriesfinale.com/tv-show/magnum-pi-season-five-ratings/
major crimes,season six,https://tvseriesfinale.com/tv-show/major-crimes-season-six-ratings/
making history,season one,https://tvseriesfinale.com/tv-show/making-history-season-one-ratings/
making it,season one,https://tvseriesfinale.com/tv-show/making-it-season-one-ratings/
making it,season two,https://tvseriesfinale.com/tv-show/making-it-season-two-ratings/
making it,season three,https://tvseriesfinale.com/tv-show/making-it-season-three-ratings/
man seeking woman,season three,https://tvseriesfinale.com/tv-show/man-seeking-woman-season-three-ratings/
the man who fell to earth,season one,https://tvseriesfinale.com/tv-show/the-man-who-fell-to-earth-season-one-ratings/
man with a plan cbs tv show,season one,https://tvseriesfinale.com/tv-show/man-with-a-plan-cbs-tv-show-season-one-ratings/
man plan,season two,https://tvseriesfinale.com/tv-show/man-plan-season-two-ratings/
man with a plan,season three,https://tvseriesfinale.com/tv-show/man-with-a-plan-season-three-ratings/
man with a plan,season four,https://tvseriesfinale.com/tv-show/man-with-a-plan-season-four-ratings/
manhunt unabomber,season one,https://tvseriesfinale.com/tv-show/manhunt-unabomber-season-one-ratings/
manifest,season one,https://tvseriesfinale.com/tv-show/manifest-season-one-ratings/
manifest,season two,https://tvseriesfinale.com/tv-show/manifest-season-two-ratings/
manifest,season three,https://tvseriesfinale.com/tv-show/manifest-season-three-ratings/
march,season one,https://tvseriesfinale.com/tv-show/march-season-one-ratings/
mare of easttown,season one,https://tvseriesfinale.com/tv-show/mare-of-easttown-season-one-ratings/
marlon,season one,https://tvseriesfinale.com/tv-show/marlon-season-one-ratings/
marlon,season two,https://tvseriesfinale.com/tv-show/marlon-season-two-ratings/
marvels agents shield,season four,https://tvseriesfinale.com/tv-show/marvels-agents-shield-season-four-ratings/
marvels agents shield,season five,https://tvseriesfinale.com/tv-show/marvels-agents-shield-season-five-ratings/
marvels agents of shield,season six,https://tvseriesfinale.com/tv-show/marvels-agents-of-shield-season-six-ratings/
marvels agents of shield,season seven,https://tvseriesfinale.com/tv-show/marvels-agents-of-shield-season-seven-ratings/
marvels cloak dagger,season one,https://tvseriesfinale.com/tv-show/marvels-cloak-dagger-season-one-ratings/
marvels cloak dagger,season two,https://tvseriesfinale.com/tv-show/marvels-cloak-dagger-season-two-ratings/
marvels inhumans,season one,https://tvseriesfinale.com/tv-show/marvels-inhumans-season-one-ratings/
mary jane,season one,https://tvseriesfinale.com/tv-show/mary-jane-season-one-ratings/
mary kills people,season one,https://tvseriesfinale.com/tv-show/mary-kills-people-season-one-ratings/
mary kills people,season two,https://tvseriesfinale.com/tv-show/mary-kills-people-season-two-ratings/
the masked dancer,season one,https://tvseriesfinale.com/tv-show/the-masked-dancer-season-one-ratings/
the masked singer,season one,https://tvseriesfinale.com/tv-show/the-masked-singer-season-one-ratings/
the masked singer,season two,https://tvseriesfinale.com/tv-show/the-masked-singer-season-two-ratings/
the masked singer,season three,https://tvseriesfinale.com/tv-show/the-masked-singer-season-three-ratings/
the masked singer,season four,https://tvseriesfinale.com/tv-show/the-masked-singer-season-four-ratings/
the masked singer,season five,https://tvseriesfinale.com/tv-show/the-masked-singer-season-five-ratings/
the masked singer,season six,https://tvseriesfinale.com/tv-show/the-masked-singer-season-six-ratings/
the masked singer,season seven,https://tvseriesfinale.com/tv-show/the-masked-singer-season-seven-ratings/
the masked singer,season eight,https://tvseriesfinale.com/tv-show/the-masked-singer-season-eight-ratings/
the masked singer,season nine,https://tvseriesfinale.com/tv-show/the-masked-singer-season-nine-ratings/
the masked singer,season 10,https://tvseriesfinale.com/tv-show/the-masked-singer-season-10-ratings/
the masked singer,season 11,https://tvseriesfinale.com/tv-show/the-masked-singer-season-11-ratings/
masterchef,season seven,https://tvseriesfinale.com/tv-show/masterchef-season-seven-ratings/
masterchef,season eight,https://tvseriesfinale.com/tv-show/masterchef-season-eight-ratings/
masterchef,season nine,https://tvseriesfinale.com/tv-show/masterchef-season-nine-ratings/
masterchef,season 10,https://tvseriesfinale.com/tv-show/masterchef-season-10-ratings/
masterchef,season 11,https://tvseriesfinale.com/tv-show/masterchef-season-11-ratings/
masterchef,season 12,https://tvseriesfinale.com/tv-show/masterchef-season-12-ratings/
masterchef,season 13,https://tvseriesfinale.com/tv-show/masterchef-season-13-ratings/
masterchef junior,season five,https://tvseriesfinale.com/tv-show/masterchef-junior-season-five-ratings/
masterchef junior,season six,https://tvseriesfinale.com/tv-show/masterchef-junior-season-six-ratings/
masterchef junior,season seven,https://tvseriesfinale.com/tv-show/masterchef-junior-season-seven-ratings/
masterchef junior,season eight,https://tvseriesfinale.com/tv-show/masterchef-junior-season-eight-ratings/
masterchef junior,season nine,https://tvseriesfinale.com/tv-show/masterchef-junior-season-nine-ratings/
masters of illusion,season seven,https://tvseriesfinale.com/tv-show/masters-of-illusion-season-seven-ratings/
masters of illusion,season nine,https://tvseriesfinale.com/tv-show/masters-of-illusion-season-nine-ratings/
masters of illusion,season 10,https://tvseriesfinale.com/tv-show/masters-of-illusion-season-10-ratings/
masters of illusion,season 11,https://tvseriesfinale.com/tv-show/masters-of-illusion-season-11-ratings/
masters of illusion,season 12,https://tvseriesfinale.com/tv-show/masters-of-illusion-season-12-ratings/
masters of illusion,season 13,https://tvseriesfinale.com/tv-show/masters-of-illusion-season-13-ratings/
match game,season one,https://tvseriesfinale.com/tv-show/match-game-season-one-ratings/
match game,season two,https://tvseriesfinale.com/tv-show/match-game-season-two-ratings/
match game,season three,https://tvseriesfinale.com/tv-show/match-game-season-three-ratings/
match game,season four,https://tvseriesfinale.com/tv-show/match-game-season-four-ratings/
mayans mc,season one,https://tvseriesfinale.com/tv-show/mayans-mc-season-one-ratings/
mayans mc,season two,https://tvseriesfinale.com/tv-show/mayans-mc-season-two-ratings/
mayans mc,season three,https://tvseriesfinale.com/tv-show/mayans-mc-season-three-ratings/
mayans mc,season four,https://tvseriesfinale.com/tv-show/mayans-mc-season-four-ratings/
mayans mc,season five,https://tvseriesfinale.com/tv-show/mayans-mc-season-five-ratings/
mayor,season one,https://tvseriesfinale.com/tv-show/mayor-season-one-ratings/
mcmafia,season one,https://tvseriesfinale.com/tv-show/mcmafia-season-one-ratings/
me myself i,season one,https://tvseriesfinale.com/tv-show/me-myself-i-season-one-ratings/
mental samurai,season one,https://tvseriesfinale.com/tv-show/mental-samurai-season-one-ratings/
mental samurai,season two,https://tvseriesfinale.com/tv-show/mental-samurai-season-two-ratings/
the mick,season one,https://tvseriesfinale.com/tv-show/the-mick-season-one-ratings/
mick,season two,https://tvseriesfinale.com/tv-show/mick-season-two-ratings/
middle,season eight,https://tvseriesfinale.com/tv-show/middle-season-eight-ratings/
middle,season nine,https://tvseriesfinale.com/tv-show/middle-season-nine-ratings/
midnight texas,season one,https://tvseriesfinale.com/tv-show/midnight-texas-season-one-ratings/
million dollar mile,season one,https://tvseriesfinale.com/tv-show/million-dollar-mile-season-one-ratings/
a million little things,season one,https://tvseriesfinale.com/tv-show/a-million-little-things-season-one-ratings/
a million little things,season two,https://tvseriesfinale.com/tv-show/a-million-little-things-season-two-ratings/
a million little things,season three,https://tvseriesfinale.com/tv-show/a-million-little-things-season-three-ratings/
a million little things,season four,https://tvseriesfinale.com/tv-show/a-million-little-things-season-four-ratings/
a million little things,season five,https://tvseriesfinale.com/tv-show/a-million-little-things-season-five-ratings/
minx,season two,https://tvseriesfinale.com/tv-show/minx-season-two-ratings/
miracle workers,season one,https://tvseriesfinale.com/tv-show/miracle-workers-season-one-ratings/
miracle workers,season three,https://tvseriesfinale.com/tv-show/miracle-workers-season-three-ratings/
missing,season two,https://tvseriesfinale.com/tv-show/missing-season-two-ratings/
mist,season one,https://tvseriesfinale.com/tv-show/mist-season-one-ratings/
mistresses,season four,https://tvseriesfinale.com/tv-show/mistresses-season-four-ratings/
mixed ish,season one,https://tvseriesfinale.com/tv-show/mixed-ish-season-one-ratings/
modern family,season nine,https://tvseriesfinale.com/tv-show/modern-family-season-nine-ratings/
modern family,season 10,https://tvseriesfinale.com/tv-show/modern-family-season-10-ratings/
modern family,season 11,https://tvseriesfinale.com/tv-show/modern-family-season-11-ratings/
mom,season five,https://tvseriesfinale.com/tv-show/mom-season-five-ratings/
mom,season five,https://tvseriesfinale.com/tv-show/mom-season-five-ratings/
mom,season six,https://tvseriesfinale.com/tv-show/mom-season-six-ratings/
mom,season seven,https://tvseriesfinale.com/tv-show/mom-season-seven-ratings/
mom,season eight,https://tvseriesfinale.com/tv-show/mom-season-eight-ratings/
monarch,season one,https://tvseriesfinale.com/tv-show/monarch-season-one-ratings/
the moodys,season one,https://tvseriesfinale.com/tv-show/the-moodys-season-one-ratings/
the moodys,season two,https://tvseriesfinale.com/tv-show/the-moodys-season-two-ratings/
moonshine,season one,https://tvseriesfinale.com/tv-show/moonshine-season-one-ratings/
mosaic,season one,https://tvseriesfinale.com/tv-show/mosaic-season-one-ratings/
motherland fort salem,season one,https://tvseriesfinale.com/tv-show/motherland-fort-salem-season-one-ratings/
motherland fort salem,season two,https://tvseriesfinale.com/tv-show/motherland-fort-salem-season-two-ratings/
motherland fort salem,season three,https://tvseriesfinale.com/tv-show/motherland-fort-salem-season-three-ratings/
mr inbetween,season one,https://tvseriesfinale.com/tv-show/mr-inbetween-season-one-ratings/
mr inbetween,season two,https://tvseriesfinale.com/tv-show/mr-inbetween-season-two-ratings/
mr inbetween,season three,https://tvseriesfinale.com/tv-show/mr-inbetween-season-three-ratings/
mr mayor,season one,https://tvseriesfinale.com/tv-show/mr-mayor-season-one-ratings/
mr mayor,season two,https://tvseriesfinale.com/tv-show/mr-mayor-season-two-ratings/
mr robot,season two,https://tvseriesfinale.com/tv-show/mr-robot-season-two-ratings/
mr robot,season three,https://tvseriesfinale.com/tv-show/mr-robot-season-three-ratings/
mr robot,season four,https://tvseriesfinale.com/tv-show/mr-robot-season-four-ratings/
mrs fletcher,season one,https://tvseriesfinale.com/tv-show/mrs-fletcher-season-one-ratings/
murphy brown,season 11,https://tvseriesfinale.com/tv-show/murphy-brown-season-11-ratings/
my last days,season two,https://tvseriesfinale.com/tv-show/my-last-days-season-two-ratings/
my last days,season three,https://tvseriesfinale.com/tv-show/my-last-days-season-three-ratings/
mysteries decoded,season one,https://tvseriesfinale.com/tv-show/mysteries-decoded-season-one-ratings/
mysteries decoded,season two,https://tvseriesfinale.com/tv-show/mysteries-decoded-season-two-ratings/
the name of the rose,season one,https://tvseriesfinale.com/tv-show/the-name-of-the-rose-season-one-ratings/
name that tune,season one,https://tvseriesfinale.com/tv-show/name-that-tune-season-one-ratings/
name that tune,season two,https://tvseriesfinale.com/tv-show/name-that-tune-season-two-ratings/
name that tune,season three,https://tvseriesfinale.com/tv-show/name-that-tune-season-three-ratings/
nancy drew,season one,https://tvseriesfinale.com/tv-show/nancy-drew-season-one-ratings/
nancy drew,season two,https://tvseriesfinale.com/tv-show/nancy-drew-season-two-ratings/
nancy drew,season three,https://tvseriesfinale.com/tv-show/nancy-drew-season-three-ratings/
nancy drew,season four,https://tvseriesfinale.com/tv-show/nancy-drew-season-four-ratings/
naomi,season one,https://tvseriesfinale.com/tv-show/naomi-season-one-ratings/
nashville,season five,https://tvseriesfinale.com/tv-show/nashville-season-five-ratings/
nashville,season six,https://tvseriesfinale.com/tv-show/nashville-season-six-ratings/
ncis,season 15,https://tvseriesfinale.com/tv-show/ncis-season-15-ratings/
ncis,season 16,https://tvseriesfinale.com/tv-show/ncis-season-16-ratings/
ncis,season 17,https://tvseriesfinale.com/tv-show/ncis-season-17-ratings/
ncis,season 18,https://tvseriesfinale.com/tv-show/ncis-season-18-ratings/
ncis,season 19,https://tvseriesfinale.com/tv-show/ncis-season-19-ratings/
ncis,season 20,https://tvseriesfinale.com/tv-show/ncis-season-20-ratings/
ncis,season 21,https://tvseriesfinale.com/tv-show/ncis-season-21-ratings/
ncis hawaii,season one,https://tvseriesfinale.com/tv-show/ncis-hawaii-season-one-ratings/
ncis hawaii,season two,https://tvseriesfinale.com/tv-show/ncis-hawaii-season-two-ratings/
ncis hawaii,season three,https://tvseriesfinale.com/tv-show/ncis-hawaii-season-three-ratings/
ncis los angeles,season nine,https://tvseriesfinale.com/tv-show/ncis-los-angeles-season-nine-ratings/
ncis los angeles,season 10,https://tvseriesfinale.com/tv-show/ncis-los-angeles-season-10-ratings/
ncis los angeles,season 11,https://tvseriesfinale.com/tv-show/ncis-los-angeles-season-11-ratings/
ncis los angeles,season 12,https://tvseriesfinale.com/tv-show/ncis-los-angeles-season-12-ratings/
ncis los angeles,season 13,https://tvseriesfinale.com/tv-show/ncis-los-angeles-season-13-ratings/
ncis los angeles,season 14,https://tvseriesfinale.com/tv-show/ncis-los-angeles-season-14-ratings/
ncis new orleans,season four,https://tvseriesfinale.com/tv-show/ncis-new-orleans-season-four-ratings/
ncis new orleans,season five,https://tvseriesfinale.com/tv-show/ncis-new-orleans-season-five-ratings/
ncis new orleans,season six,https://tvseriesfinale.com/tv-show/ncis-new-orleans-season-six-ratings/
ncis new orleans,season seven,https://tvseriesfinale.com/tv-show/ncis-new-orleans-season-seven-ratings/
ncis sydney,season one,https://tvseriesfinale.com/tv-show/ncis-sydney-season-one-ratings/
ncis the cases they cant forget,season three,https://tvseriesfinale.com/tv-show/ncis-the-cases-they-cant-forget-season-three-ratings/
the neighborhood,season one,https://tvseriesfinale.com/tv-show/the-neighborhood-season-one-ratings/
the neighborhood,season two,https://tvseriesfinale.com/tv-show/the-neighborhood-season-two-ratings/
the neighborhood,season three,https://tvseriesfinale.com/tv-show/the-neighborhood-season-three-ratings/
the neighborhood,season four,https://tvseriesfinale.com/tv-show/the-neighborhood-season-four-ratings/
the neighborhood,season five,https://tvseriesfinale.com/tv-show/the-neighborhood-season-five-ratings/
the neighborhood,season six,https://tvseriesfinale.com/tv-show/the-neighborhood-season-six-ratings/
the nevers,season one,https://tvseriesfinale.com/tv-show/the-nevers-season-one-ratings/
new amsterdam nbc tv show,season one,https://tvseriesfinale.com/tv-show/new-amsterdam-nbc-tv-show-season-one-ratings/
new amsterdam,season two,https://tvseriesfinale.com/tv-show/new-amsterdam-season-two-ratings/
new amsterdam,season three,https://tvseriesfinale.com/tv-show/new-amsterdam-season-three-ratings/
new amsterdam,season four,https://tvseriesfinale.com/tv-show/new-amsterdam-season-four-ratings/
new amsterdam,season five,https://tvseriesfinale.com/tv-show/new-amsterdam-season-five-ratings/
new girl,season seven,https://tvseriesfinale.com/tv-show/new-girl-season-seven-ratings/
the new pope,season one,https://tvseriesfinale.com/tv-show/the-new-pope-season-one-ratings/
next,season one,https://tvseriesfinale.com/tv-show/next-season-one-ratings/
next level chef,season one,https://tvseriesfinale.com/tv-show/next-level-chef-season-one-ratings/
next level chef,season two,https://tvseriesfinale.com/tv-show/next-level-chef-season-two-ratings/
next level chef,season three,https://tvseriesfinale.com/tv-show/next-level-chef-season-three-ratings/
nightflyers,season one,https://tvseriesfinale.com/tv-show/nightflyers-season-one-ratings/
night court,season one,https://tvseriesfinale.com/tv-show/night-court-season-one-ratings/
night court,season two,https://tvseriesfinale.com/tv-show/night-court-season-two-ratings/
night shift,season three,https://tvseriesfinale.com/tv-show/night-shift-season-three-ratings/
night shift,season four,https://tvseriesfinale.com/tv-show/night-shift-season-four-ratings/
nobodies,season one,https://tvseriesfinale.com/tv-show/nobodies-season-one-ratings/
nobodies,season two,https://tvseriesfinale.com/tv-show/nobodies-season-two-ratings/
nos4a2,season one,https://tvseriesfinale.com/tv-show/nos4a2-season-one-ratings/
nos4a2,season two,https://tvseriesfinale.com/tv-show/nos4a2-season-two-ratings/
not dead yet,season one,https://tvseriesfinale.com/tv-show/not-dead-yet-season-one-ratings/
not dead yet,season two,https://tvseriesfinale.com/tv-show/not-dead-yet-season-two-ratings/
notorious,season one,https://tvseriesfinale.com/tv-show/notorious-season-one-ratings/
now apocalypse,season one,https://tvseriesfinale.com/tv-show/now-apocalypse-season-one-ratings/
nurses,season one,https://tvseriesfinale.com/tv-show/nurses-season-one-ratings/
odd mom out,season three,https://tvseriesfinale.com/tv-show/odd-mom-out-season-three-ratings/
the office,season nine,https://tvseriesfinale.com/tv-show/the-office-season-nine-ratings/
on becoming a god in central florida,season one,https://tvseriesfinale.com/tv-show/on-becoming-a-god-in-central-florida-season-one-ratings/
upon time,season six,https://tvseriesfinale.com/tv-show/upon-time-season-six-ratings/
once upon a time,season seven,https://tvseriesfinale.com/tv-show/once-upon-a-time-season-seven-ratings/
one day at a time,season four,https://tvseriesfinale.com/tv-show/one-day-at-a-time-season-four-ratings/
ordinary joe,season one,https://tvseriesfinale.com/tv-show/ordinary-joe-season-one-ratings/
originals,season four,https://tvseriesfinale.com/tv-show/originals-season-four-ratings/
originals,season five,https://tvseriesfinale.com/tv-show/originals-season-five-ratings/
orphan black,season five,https://tvseriesfinale.com/tv-show/orphan-black-season-five-ratings/
the orville,season one,https://tvseriesfinale.com/tv-show/the-orville-season-one-ratings/
the orville,season two,https://tvseriesfinale.com/tv-show/the-orville-season-two-ratings/
the other two,season one,https://tvseriesfinale.com/tv-show/the-other-two-season-one-ratings/
our cartoon president,season one,https://tvseriesfinale.com/tv-show/our-cartoon-president-season-one-ratings/
our cartoon president,season two,https://tvseriesfinale.com/tv-show/our-cartoon-president-season-two-ratings/
our cartoon president,season three,https://tvseriesfinale.com/tv-show/our-cartoon-president-season-three-ratings/
our kind of people,season one,https://tvseriesfinale.com/tv-show/our-kind-of-people-season-one-ratings/
outcast,season two,https://tvseriesfinale.com/tv-show/outcast-season-two-ratings/
outlander,season two,https://tvseriesfinale.com/tv-show/outlander-season-two-ratings/
outlander,season three,https://tvseriesfinale.com/tv-show/outlander-season-three-ratings/
outlander,season four,https://tvseriesfinale.com/tv-show/outlander-season-four-ratings/
outlander,season five,https://tvseriesfinale.com/tv-show/outlander-season-five-ratings/
outlander,season six,https://tvseriesfinale.com/tv-show/outlander-season-six-ratings/
outmatched,season one,https://tvseriesfinale.com/tv-show/outmatched-season-one-ratings/
outpost,season one,https://tvseriesfinale.com/tv-show/outpost-season-one-ratings/
outpost,season two,https://tvseriesfinale.com/tv-show/outpost-season-two-ratings/
the outpost,season three,https://tvseriesfinale.com/tv-show/the-outpost-season-three-ratings/
the outsider,season one,https://tvseriesfinale.com/tv-show/the-outsider-season-one-ratings/
outsiders,season two,https://tvseriesfinale.com/tv-show/outsiders-season-two-ratings/
p valley,season one,https://tvseriesfinale.com/tv-show/p-valley-season-one-ratings/
p valley,season two,https://tvseriesfinale.com/tv-show/p-valley-season-two-ratings/
pandora,season one,https://tvseriesfinale.com/tv-show/pandora-season-one-ratings/
pandora,season two,https://tvseriesfinale.com/tv-show/pandora-season-two-ratings/
paradise hotel,season one,https://tvseriesfinale.com/tv-show/paradise-hotel-season-one-ratings/
the parent test,season one,https://tvseriesfinale.com/tv-show/the-parent-test-season-one-ratings/
parish,season one,https://tvseriesfinale.com/tv-show/parish-season-one-ratings/
party of five,season one,https://tvseriesfinale.com/tv-show/party-of-five-season-one-ratings/
the passage,season one,https://tvseriesfinale.com/tv-show/the-passage-season-one-ratings/
password 2022,season one,https://tvseriesfinale.com/tv-show/password-2022-season-one-ratings/
password,season two,https://tvseriesfinale.com/tv-show/password-season-two-ratings/
patti stanger the matchmaker,season one,https://tvseriesfinale.com/tv-show/patti-stanger-the-matchmaker-season-one-ratings/
paynes,season one,https://tvseriesfinale.com/tv-show/paynes-season-one-ratings/
pearson,season one,https://tvseriesfinale.com/tv-show/pearson-season-one-ratings/
penn teller fool us,season four,https://tvseriesfinale.com/tv-show/penn-teller-fool-us-season-four-ratings/
penn teller fool us,season five,https://tvseriesfinale.com/tv-show/penn-teller-fool-us-season-five-ratings/
penn teller fool us,season six,https://tvseriesfinale.com/tv-show/penn-teller-fool-us-season-six-ratings/
penn teller fool us,season seven,https://tvseriesfinale.com/tv-show/penn-teller-fool-us-season-seven-ratings/
penn teller fool us,season eight,https://tvseriesfinale.com/tv-show/penn-teller-fool-us-season-eight-ratings/
penn teller fool us,season nine,https://tvseriesfinale.com/tv-show/penn-teller-fool-us-season-nine-ratings/
penn teller fool us,season 10,https://tvseriesfinale.com/tv-show/penn-teller-fool-us-season-10-ratings/
penny dreadful city of angels,season one,https://tvseriesfinale.com/tv-show/penny-dreadful-city-of-angels-season-one-ratings/
people icons,season one,https://tvseriesfinale.com/tv-show/people-icons-season-one-ratings/
people of earth,season two,https://tvseriesfinale.com/tv-show/people-of-earth-season-two-ratings/
perfect harmony,season one,https://tvseriesfinale.com/tv-show/perfect-harmony-season-one-ratings/
perry mason,season one,https://tvseriesfinale.com/tv-show/perry-mason-season-one-ratings/
perry mason,season two,https://tvseriesfinale.com/tv-show/perry-mason-season-two-ratings/
phenoms,season one,https://tvseriesfinale.com/tv-show/phenoms-season-one-ratings/
pivoting,season one,https://tvseriesfinale.com/tv-show/pivoting-season-one-ratings/
playing house,season three,https://tvseriesfinale.com/tv-show/playing-house-season-three-ratings/
pooch perfect,season one,https://tvseriesfinale.com/tv-show/pooch-perfect-season-one-ratings/
pose,season one,https://tvseriesfinale.com/tv-show/pose-season-one-ratings/
pose,season two,https://tvseriesfinale.com/tv-show/pose-season-two-ratings/
pose,season three,https://tvseriesfinale.com/tv-show/pose-season-three-ratings/
power,season three,https://tvseriesfinale.com/tv-show/power-season-three-ratings/
power,season four,https://tvseriesfinale.com/tv-show/power-season-four-ratings/
power,season five,https://tvseriesfinale.com/tv-show/power-season-five-ratings/
power,season six,https://tvseriesfinale.com/tv-show/power-season-six-ratings/
power book ii ghost,season one,https://tvseriesfinale.com/tv-show/power-book-ii-ghost-season-one-ratings/
power book ii ghost,season two,https://tvseriesfinale.com/tv-show/power-book-ii-ghost-season-two-ratings/
power book ii ghost,season three,https://tvseriesfinale.com/tv-show/power-book-ii-ghost-season-three-ratings/
power book iii raising kanan,season one,https://tvseriesfinale.com/tv-show/power-book-iii-raising-kanan-season-one-ratings/
power book iii raising kanan,season two,https://tvseriesfinale.com/tv-show/power-book-iii-raising-kanan-season-two-ratings/
power book iii raising kanan,season three,https://tvseriesfinale.com/tv-show/power-book-iii-raising-kanan-season-three-ratings/
power book iv force,season one,https://tvseriesfinale.com/tv-show/power-book-iv-force-season-one-ratings/
power book iv force,season two,https://tvseriesfinale.com/tv-show/power-book-iv-force-season-two-ratings/
the prank panel,season one,https://tvseriesfinale.com/tv-show/the-prank-panel-season-one-ratings/
preacher,season two,https://tvseriesfinale.com/tv-show/preacher-season-two-ratings/
preacher,season three,https://tvseriesfinale.com/tv-show/preacher-season-three-ratings/
preacher,season four,https://tvseriesfinale.com/tv-show/preacher-season-four-ratings/
press your luck,season one,https://tvseriesfinale.com/tv-show/press-your-luck-season-one-ratings/
press your luck,season two,https://tvseriesfinale.com/tv-show/press-your-luck-season-two-ratings/
press your luck,season three,https://tvseriesfinale.com/tv-show/press-your-luck-season-three-ratings/
press your luck,season four,https://tvseriesfinale.com/tv-show/press-your-luck-season-four-ratings/
press your luck,season five,https://tvseriesfinale.com/tv-show/press-your-luck-season-five-ratings/
pretty little liars the perfectionists,season one,https://tvseriesfinale.com/tv-show/pretty-little-liars-the-perfectionists-season-one-ratings/
prison break,season five,https://tvseriesfinale.com/tv-show/prison-break-season-five-ratings/
private eyes,season one,https://tvseriesfinale.com/tv-show/private-eyes-season-one-ratings/
prodigal son,season one,https://tvseriesfinale.com/tv-show/prodigal-son-season-one-ratings/
prodigal son,season two,https://tvseriesfinale.com/tv-show/prodigal-son-season-two-ratings/
professionals,season one,https://tvseriesfinale.com/tv-show/professionals-season-one-ratings/
project blue book,season one,https://tvseriesfinale.com/tv-show/project-blue-book-season-one-ratings/
project blue book,season two,https://tvseriesfinale.com/tv-show/project-blue-book-season-two-ratings/
promised land,season one,https://tvseriesfinale.com/tv-show/promised-land-season-one-ratings/
proposal,season one,https://tvseriesfinale.com/tv-show/proposal-season-one-ratings/
pure,season one,https://tvseriesfinale.com/tv-show/pure-season-one-ratings/
pure,season two,https://tvseriesfinale.com/tv-show/pure-season-two-ratings/
purge,season one,https://tvseriesfinale.com/tv-show/purge-season-one-ratings/
the purge,season two,https://tvseriesfinale.com/tv-show/the-purge-season-two-ratings/
quad,season two,https://tvseriesfinale.com/tv-show/quad-season-two-ratings/
quantico,season two,https://tvseriesfinale.com/tv-show/quantico-season-two-ratings/
quantico,season three,https://tvseriesfinale.com/tv-show/quantico-season-three-ratings/
quantum leap,season one,https://tvseriesfinale.com/tv-show/quantum-leap-season-one-ratings/
quantum leap,season two,https://tvseriesfinale.com/tv-show/quantum-leap-season-two-ratings/
queen south,season two,https://tvseriesfinale.com/tv-show/queen-south-season-two-ratings/
queen of the south,season three,https://tvseriesfinale.com/tv-show/queen-of-the-south-season-three-ratings/
queen of the south,season four,https://tvseriesfinale.com/tv-show/queen-of-the-south-season-four-ratings/
queen of the south,season five,https://tvseriesfinale.com/tv-show/queen-of-the-south-season-five-ratings/
queen sugar,season one,https://tvseriesfinale.com/tv-show/queen-sugar-season-one-ratings/
queen sugar,season two,https://tvseriesfinale.com/tv-show/queen-sugar-season-two-ratings/
queen sugar,season three,https://tvseriesfinale.com/tv-show/queen-sugar-season-three-ratings/
queen sugar,season four,https://tvseriesfinale.com/tv-show/queen-sugar-season-four-ratings/
queen sugar,season five,https://tvseriesfinale.com/tv-show/queen-sugar-season-five-ratings/
queen sugar,season six,https://tvseriesfinale.com/tv-show/queen-sugar-season-six-ratings/
queen sugar,season seven,https://tvseriesfinale.com/tv-show/queen-sugar-season-seven-ratings/
queens,season one,https://tvseriesfinale.com/tv-show/queens-season-one-ratings/
raid the cage,season one,https://tvseriesfinale.com/tv-show/raid-the-cage-season-one-ratings/
rake,season one,https://tvseriesfinale.com/tv-show/rake-season-one-ratings/
ransom,season one,https://tvseriesfinale.com/tv-show/ransom-season-one-ratings/
ransom,season two,https://tvseriesfinale.com/tv-show/ransom-season-two-ratings/
ransom,season three,https://tvseriesfinale.com/tv-show/ransom-season-three-ratings/
ravens home,season two,https://tvseriesfinale.com/tv-show/ravens-home-season-two-ratings/
ray donovan,season six,https://tvseriesfinale.com/tv-show/ray-donovan-season-six-ratings/
ray donovan,season seven,https://tvseriesfinale.com/tv-show/ray-donovan-season-seven-ratings/
the real dirty dancing,season one,https://tvseriesfinale.com/tv-show/the-real-dirty-dancing-season-one-ratings/
the real love boat,season one,https://tvseriesfinale.com/tv-show/the-real-love-boat-season-one-ratings/
the real oneals,season two,https://tvseriesfinale.com/tv-show/the-real-oneals-season-two-ratings/
rebel,season one,https://tvseriesfinale.com/tv-show/rebel-season-one-ratings/
rebel 2021,season one,https://tvseriesfinale.com/tv-show/rebel-2021-season-one-ratings/
recipe for disaster,season one,https://tvseriesfinale.com/tv-show/recipe-for-disaster-season-one-ratings/
red bull peaking,season one,https://tvseriesfinale.com/tv-show/red-bull-peaking-season-one-ratings/
the red line,season one,https://tvseriesfinale.com/tv-show/the-red-line-season-one-ratings/
reef break,season one,https://tvseriesfinale.com/tv-show/reef-break-season-one-ratings/
the regime,season one,https://tvseriesfinale.com/tv-show/the-regime-season-one-ratings/
reginald the vampire,season one,https://tvseriesfinale.com/tv-show/reginald-the-vampire-season-one-ratings/
reign,season four,https://tvseriesfinale.com/tv-show/reign-season-four-ratings/
rel,season one,https://tvseriesfinale.com/tv-show/rel-season-one-ratings/
the republic of sarah,season one,https://tvseriesfinale.com/tv-show/the-republic-of-sarah-season-one-ratings/
resident,season one,https://tvseriesfinale.com/tv-show/resident-season-one-ratings/
the resident,season two,https://tvseriesfinale.com/tv-show/the-resident-season-two-ratings/
the resident,season three,https://tvseriesfinale.com/tv-show/the-resident-season-three-ratings/
the resident,season four,https://tvseriesfinale.com/tv-show/the-resident-season-four-ratings/
the resident,season five,https://tvseriesfinale.com/tv-show/the-resident-season-five-ratings/
the resident,season six,https://tvseriesfinale.com/tv-show/the-resident-season-six-ratings/
resident alien,season one,https://tvseriesfinale.com/tv-show/resident-alien-season-one-ratings/
resident alien,season two,https://tvseriesfinale.com/tv-show/resident-alien-season-two-ratings/
resident alien,season three,https://tvseriesfinale.com/tv-show/resident-alien-season-three-ratings/
reverie,season one,https://tvseriesfinale.com/tv-show/reverie-season-one-ratings/
ride,season one,https://tvseriesfinale.com/tv-show/ride-season-one-ratings/
the righteous gemstones,season one,https://tvseriesfinale.com/tv-show/the-righteous-gemstones-season-one-ratings/
the righteous gemstones,season two,https://tvseriesfinale.com/tv-show/the-righteous-gemstones-season-two-ratings/
the righteous gemstones,season three,https://tvseriesfinale.com/tv-show/the-righteous-gemstones-season-three-ratings/
rise,season one,https://tvseriesfinale.com/tv-show/rise-season-one-ratings/
the rising,season one,https://tvseriesfinale.com/tv-show/the-rising-season-one-ratings/
riverdale,season one,https://tvseriesfinale.com/tv-show/riverdale-season-one-ratings/
riverdale,season two,https://tvseriesfinale.com/tv-show/riverdale-season-two-ratings/
riverdale,season three,https://tvseriesfinale.com/tv-show/riverdale-season-three-ratings/
riverdale,season four,https://tvseriesfinale.com/tv-show/riverdale-season-four-ratings/
riverdale,season five,https://tvseriesfinale.com/tv-show/riverdale-season-five-ratings/
riverdale,season six,https://tvseriesfinale.com/tv-show/riverdale-season-six-ratings/
riverdale,season seven,https://tvseriesfinale.com/tv-show/riverdale-season-seven-ratings/
the rook,season one,https://tvseriesfinale.com/tv-show/the-rook-season-one-ratings/
the rookie,season one,https://tvseriesfinale.com/tv-show/the-rookie-season-one-ratings/
the rookie,season two,https://tvseriesfinale.com/tv-show/the-rookie-season-two-ratings/
the rookie,season three,https://tvseriesfinale.com/tv-show/the-rookie-season-three-ratings/
the rookie,season four,https://tvseriesfinale.com/tv-show/the-rookie-season-four-ratings/
the rookie,season five,https://tvseriesfinale.com/tv-show/the-rookie-season-five-ratings/
the rookie,season six,https://tvseriesfinale.com/tv-show/the-rookie-season-six-ratings/
the rookie feds,season one,https://tvseriesfinale.com/tv-show/the-rookie-feds-season-one-ratings/
room 104,season one,https://tvseriesfinale.com/tv-show/room-104-season-one-ratings/
room 104,season two,https://tvseriesfinale.com/tv-show/room-104-season-two-ratings/
room 104,season three,https://tvseriesfinale.com/tv-show/room-104-season-three-ratings/
roseanne,season 10,https://tvseriesfinale.com/tv-show/roseanne-season-10-ratings/
rosehaven,season three,https://tvseriesfinale.com/tv-show/rosehaven-season-three-ratings/
roswell new mexico,season one,https://tvseriesfinale.com/tv-show/roswell-new-mexico-season-one-ratings/
roswell new mexico,season two,https://tvseriesfinale.com/tv-show/roswell-new-mexico-season-two-ratings/
roswell new mexico,season three,https://tvseriesfinale.com/tv-show/roswell-new-mexico-season-three-ratings/
roswell new mexico,season four,https://tvseriesfinale.com/tv-show/roswell-new-mexico-season-four-ratings/
royal pains,season eight,https://tvseriesfinale.com/tv-show/royal-pains-season-eight-ratings/
royals,season four,https://tvseriesfinale.com/tv-show/royals-season-four-ratings/
run,season one,https://tvseriesfinale.com/tv-show/run-season-one-ratings/
run the burbs,season one,https://tvseriesfinale.com/tv-show/run-the-burbs-season-one-ratings/
run the burbs,season two,https://tvseriesfinale.com/tv-show/run-the-burbs-season-two-ratings/
run the world,season one,https://tvseriesfinale.com/tv-show/run-the-world-season-one-ratings/
salem,season three,https://tvseriesfinale.com/tv-show/salem-season-three-ratings/
sally4ever,season one,https://tvseriesfinale.com/tv-show/sally4ever-season-one-ratings/
salvation 2017,season one,https://tvseriesfinale.com/tv-show/salvation-2017-season-one-ratings/
salvation,season two,https://tvseriesfinale.com/tv-show/salvation-season-two-ratings/
saturday night live weekend update summer edition,season one,https://tvseriesfinale.com/tv-show/saturday-night-live-weekend-update-summer-edition-season-one-ratings/
scandal,season six,https://tvseriesfinale.com/tv-show/scandal-season-six-ratings/
scandal,season seven,https://tvseriesfinale.com/tv-show/scandal-season-seven-ratings/
scenes from a marriage,season one,https://tvseriesfinale.com/tv-show/scenes-from-a-marriage-season-one-ratings/
schitts creek,season four,https://tvseriesfinale.com/tv-show/schitts-creek-season-four-ratings/
schitts creek,season five,https://tvseriesfinale.com/tv-show/schitts-creek-season-five-ratings/
schitts creek,season six,https://tvseriesfinale.com/tv-show/schitts-creek-season-six-ratings/
schooled,season one,https://tvseriesfinale.com/tv-show/schooled-season-one-ratings/
schooled,season two,https://tvseriesfinale.com/tv-show/schooled-season-two-ratings/
scorpion,season three,https://tvseriesfinale.com/tv-show/scorpion-season-three-ratings/
scorpion,season four,https://tvseriesfinale.com/tv-show/scorpion-season-four-ratings/
seal team,season one,https://tvseriesfinale.com/tv-show/seal-team-season-one-ratings/
seal team,season two,https://tvseriesfinale.com/tv-show/seal-team-season-two-ratings/
seal team,season three,https://tvseriesfinale.com/tv-show/seal-team-season-three-ratings/
seal team,season four,https://tvseriesfinale.com/tv-show/seal-team-season-four-ratings/
seal team,season five,https://tvseriesfinale.com/tv-show/seal-team-season-five-ratings/
search party,season two,https://tvseriesfinale.com/tv-show/search-party-season-two-ratings/
secret celebrity renovation,season one,https://tvseriesfinale.com/tv-show/secret-celebrity-renovation-season-one-ratings/
secret celebrity renovation,season two,https://tvseriesfinale.com/tv-show/secret-celebrity-renovation-season-two-ratings/
secret celebrity renovation,season three,https://tvseriesfinale.com/tv-show/secret-celebrity-renovation-season-three-ratings/
secrets lies,season two,https://tvseriesfinale.com/tv-show/secrets-lies-season-two-ratings/
the serpent queen,season one,https://tvseriesfinale.com/tv-show/the-serpent-queen-season-one-ratings/
shades of blue,season two,https://tvseriesfinale.com/tv-show/shades-of-blue-season-two-ratings/
shades of blue,season three,https://tvseriesfinale.com/tv-show/shades-of-blue-season-three-ratings/
shadowhunters,season two,https://tvseriesfinale.com/tv-show/shadowhunters-season-two-ratings/
shadowhunters,season three,https://tvseriesfinale.com/tv-show/shadowhunters-season-three-ratings/
shameless,season eight,https://tvseriesfinale.com/tv-show/shameless-season-eight-ratings/
shameless,season nine,https://tvseriesfinale.com/tv-show/shameless-season-nine-ratings/
shameless,season 10,https://tvseriesfinale.com/tv-show/shameless-season-10-ratings/
shameless,season 11,https://tvseriesfinale.com/tv-show/shameless-season-11-ratings/
shannara chronicles,season two,https://tvseriesfinale.com/tv-show/shannara-chronicles-season-two-ratings/
sharp objects,season one,https://tvseriesfinale.com/tv-show/sharp-objects-season-one-ratings/
shark tank,season eight,https://tvseriesfinale.com/tv-show/shark-tank-season-eight-ratings/
shark tank,season eight,https://tvseriesfinale.com/tv-show/shark-tank-season-eight-ratings/
shark tank,season nine,https://tvseriesfinale.com/tv-show/shark-tank-season-nine-ratings/
shark tank,season 10,https://tvseriesfinale.com/tv-show/shark-tank-season-10-ratings/
shark tank,season 11,https://tvseriesfinale.com/tv-show/shark-tank-season-11-ratings/
shark tank,season 12,https://tvseriesfinale.com/tv-show/shark-tank-season-12-ratings/
shark tank,season 13,https://tvseriesfinale.com/tv-show/shark-tank-season-13-ratings/
shark tank,season 14,https://tvseriesfinale.com/tv-show/shark-tank-season-14-ratings/
shark tank,season 15,https://tvseriesfinale.com/tv-show/shark-tank-season-15-ratings/
shining vale,season one,https://tvseriesfinale.com/tv-show/shining-vale-season-one-ratings/%27
shining vale,season two,https://tvseriesfinale.com/tv-show/shining-vale-season-two-ratings/
shooter,season two,https://tvseriesfinale.com/tv-show/shooter-season-two-ratings/
shooter,season three,https://tvseriesfinale.com/tv-show/shooter-season-three-ratings/
showtime at the apollo,season one,https://tvseriesfinale.com/tv-show/showtime-at-the-apollo-season-one-ratings/
sight unseen,season one,https://tvseriesfinale.com/tv-show/sight-unseen-season-one-ratings/
silicon valley,season four,https://tvseriesfinale.com/tv-show/silicon-valley-season-four-ratings/
silicon valley,season five,https://tvseriesfinale.com/tv-show/silicon-valley-season-five-ratings/
silicon valley,season six,https://tvseriesfinale.com/tv-show/silicon-valley-season-six-ratings/
the simpsons,season 29,https://tvseriesfinale.com/tv-show/the-simpsons-season-29-ratings/
the simpsons,season 30,https://tvseriesfinale.com/tv-show/the-simpsons-season-30-ratings/
the simpsons,season 31,https://tvseriesfinale.com/tv-show/the-simpsons-season-31-ratings/
the simpsons,season 32,https://tvseriesfinale.com/tv-show/the-simpsons-season-32-ratings/
the simpsons,season 33,https://tvseriesfinale.com/tv-show/the-simpsons-season-33-ratings/
the simpsons,season 34,https://tvseriesfinale.com/tv-show/the-simpsons-season-34-ratings/
the simpsons,season 35,https://tvseriesfinale.com/tv-show/the-simpsons-season-35-ratings/
single drunk female,season one,https://tvseriesfinale.com/tv-show/single-drunk-female-season-one-ratings/
single drunk female,season two,https://tvseriesfinale.com/tv-show/single-drunk-female-season-two-ratings/
single parents,season two,https://tvseriesfinale.com/tv-show/single-parents-season-two-ratings/
sinner,season one,https://tvseriesfinale.com/tv-show/sinner-season-one-ratings/
sinner,season two,https://tvseriesfinale.com/tv-show/sinner-season-two-ratings/
the sinner,season three,https://tvseriesfinale.com/tv-show/the-sinner-season-three-ratings/
the sinner,season four,https://tvseriesfinale.com/tv-show/the-sinner-season-four-ratings/
siren,season one,https://tvseriesfinale.com/tv-show/siren-season-one-ratings/
siren,season two,https://tvseriesfinale.com/tv-show/siren-season-two-ratings/
siren,season three,https://tvseriesfinale.com/tv-show/siren-season-three-ratings/
six tv show history,season one,https://tvseriesfinale.com/tv-show/six-tv-show-history-season-one-ratings/
six,season two,https://tvseriesfinale.com/tv-show/six-season-two-ratings/
small fortune,season one,https://tvseriesfinale.com/tv-show/small-fortune-season-one-ratings/
smilf,season one,https://tvseriesfinale.com/tv-show/smilf-season-one-ratings/
smilf,season two,https://tvseriesfinale.com/tv-show/smilf-season-two-ratings/
snake oil,season one,https://tvseriesfinale.com/tv-show/snake-oil-season-one-ratings/
snowfall,season one,https://tvseriesfinale.com/tv-show/snowfall-season-one-ratings/
snowfall,season two,https://tvseriesfinale.com/tv-show/snowfall-season-two-ratings/
snowfall,season three,https://tvseriesfinale.com/tv-show/snowfall-season-three-ratings/
snowfall,season four,https://tvseriesfinale.com/tv-show/snowfall-season-four-ratings/
snowfall,season five,https://tvseriesfinale.com/tv-show/snowfall-season-five-ratings/
snowfall,season six,https://tvseriesfinale.com/tv-show/snowfall-season-six-ratings/
snowpiercer,season one,https://tvseriesfinale.com/tv-show/snowpiercer-season-one-ratings/
snowpiercer,season two,https://tvseriesfinale.com/tv-show/snowpiercer-season-two-ratings/
snowpiercer,season three,https://tvseriesfinale.com/tv-show/snowpiercer-season-three-ratings/
so help me todd,season one,https://tvseriesfinale.com/tv-show/so-help-me-todd-season-one-ratings/
so help me todd,season two,https://tvseriesfinale.com/tv-show/so-help-me-todd-season-two-ratings/
think can dance,season 13,https://tvseriesfinale.com/tv-show/think-can-dance-season-13-ratings/
think can dance,season 14,https://tvseriesfinale.com/tv-show/think-can-dance-season-14-ratings/
so you think you can dance,season 15,https://tvseriesfinale.com/tv-show/so-you-think-you-can-dance-season-15-ratings/
so you think you can dance,season 16,https://tvseriesfinale.com/tv-show/so-you-think-you-can-dance-season-16-ratings/
so you think you can dance,season 17,https://tvseriesfinale.com/tv-show/so-you-think-you-can-dance-season-17-ratings/
so you think you can dance,season 18,https://tvseriesfinale.com/tv-show/so-you-think-you-can-dance-season-18-ratings/
somebody somewhere,season one,https://tvseriesfinale.com/tv-show/somebody-somewhere-season-one-ratings/
somebody somewhere,season two,https://tvseriesfinale.com/tv-show/somebody-somewhere-season-two-ratings/
somewhere between,season one,https://tvseriesfinale.com/tv-show/somewhere-between-season-one-ratings/
the son,season one,https://tvseriesfinale.com/tv-show/the-son-season-one-ratings/
the son,season two,https://tvseriesfinale.com/tv-show/the-son-season-two-ratings/
son of a critch,season one,https://tvseriesfinale.com/tv-show/son-of-a-critch-season-one-ratings/
son of a critch,season two,https://tvseriesfinale.com/tv-show/son-of-a-critch-season-two-ratings/
son of a critch,season three,https://tvseriesfinale.com/tv-show/son-of-a-critch-season-three-ratings/
songland,season one,https://tvseriesfinale.com/tv-show/songland-season-one-ratings/
songland,season two,https://tvseriesfinale.com/tv-show/songland-season-two-ratings/
soul of a nation,season one,https://tvseriesfinale.com/tv-show/soul-of-a-nation-season-one-ratings/
soulmates,season one,https://tvseriesfinale.com/tv-show/soulmates-season-one-ratings/
south park,season 21,https://tvseriesfinale.com/tv-show/south-park-season-21-ratings/
south park,season 22,https://tvseriesfinale.com/tv-show/south-park-season-22-ratings/
south park,season 23,https://tvseriesfinale.com/tv-show/south-park-season-23-ratings/
south park,season 25,https://tvseriesfinale.com/tv-show/south-park-season-25-ratings/
south park,season 26,https://tvseriesfinale.com/tv-show/south-park-season-26-ratings/
the spanish princess,season one,https://tvseriesfinale.com/tv-show/the-spanish-princess-season-one-ratings/
spartan ultimate team challenge,season two,https://tvseriesfinale.com/tv-show/spartan-ultimate-team-challenge-season-two-ratings/
special forces worlds toughest test,season one,https://tvseriesfinale.com/tv-show/special-forces-worlds-toughest-test-season-one-ratings/
special forces worlds toughest test,season two,https://tvseriesfinale.com/tv-show/special-forces-worlds-toughest-test-season-two-ratings/
speechless,season one,https://tvseriesfinale.com/tv-show/speechless-season-one-ratings/
speechless,season two,https://tvseriesfinale.com/tv-show/speechless-season-two-ratings/
the spencer sisters,season one,https://tvseriesfinale.com/tv-show/the-spencer-sisters-season-one-ratings/
spin the wheel,season one,https://tvseriesfinale.com/tv-show/spin-the-wheel-season-one-ratings/
splitting together,season one,https://tvseriesfinale.com/tv-show/splitting-together-season-one-ratings/
splitting up together,season two,https://tvseriesfinale.com/tv-show/splitting-up-together-season-two-ratings/
stan against evil,season two,https://tvseriesfinale.com/tv-show/stan-against-evil-season-two-ratings/
stan against evil,season three,https://tvseriesfinale.com/tv-show/stan-against-evil-season-three-ratings/
star,season two,https://tvseriesfinale.com/tv-show/star-season-two-ratings/
star fox tv show,season three,https://tvseriesfinale.com/tv-show/star-fox-tv-show-season-three-ratings/
star falls,season one,https://tvseriesfinale.com/tv-show/star-falls-season-one-ratings/
stars on mars,season one,https://tvseriesfinale.com/tv-show/stars-on-mars-season-one-ratings/
station 19,season one,https://tvseriesfinale.com/tv-show/station-19-season-one-ratings/
station 19,season two,https://tvseriesfinale.com/tv-show/station-19-season-two-ratings/
station 19,season three,https://tvseriesfinale.com/tv-show/station-19-season-three-ratings/
station 19,season four,https://tvseriesfinale.com/tv-show/station-19-season-four-ratings/
station 19,season five,https://tvseriesfinale.com/tv-show/station-19-season-five-ratings/
station 19,season six,https://tvseriesfinale.com/tv-show/station-19-season-six-ratings/
station 19,season seven,https://tvseriesfinale.com/tv-show/station-19-season-seven-ratings/
steve harveys funderdome,season one,https://tvseriesfinale.com/tv-show/steve-harveys-funderdome-season-one-ratings/
still star crossed,season one,https://tvseriesfinale.com/tv-show/still-star-crossed-season-one-ratings/
still king,season one,https://tvseriesfinale.com/tv-show/still-king-season-one-ratings/
still the king,season two,https://tvseriesfinale.com/tv-show/still-the-king-season-two-ratings/
stitchers,season three,https://tvseriesfinale.com/tv-show/stitchers-season-three-ratings/
strain,season three,https://tvseriesfinale.com/tv-show/strain-season-three-ratings/
the strain,season four,https://tvseriesfinale.com/tv-show/the-strain-season-four-ratings/
strike back,season six,https://tvseriesfinale.com/tv-show/strike-back-season-six-ratings/
strike back,season seven,https://tvseriesfinale.com/tv-show/strike-back-season-seven-ratings/
strike back,season eight,https://tvseriesfinale.com/tv-show/strike-back-season-eight-ratings/
stumptown,season one,https://tvseriesfinale.com/tv-show/stumptown-season-one-ratings/
succession,season one,https://tvseriesfinale.com/tv-show/succession-season-one-ratings/
succession,season two,https://tvseriesfinale.com/tv-show/succession-season-two-ratings/
succession,season three,https://tvseriesfinale.com/tv-show/succession-season-three-ratings/
succession,season four,https://tvseriesfinale.com/tv-show/succession-season-four-ratings/
suits,season seven,https://tvseriesfinale.com/tv-show/suits-season-seven-ratings/
suits,season eight,https://tvseriesfinale.com/tv-show/suits-season-eight-ratings/
suits,season nine,https://tvseriesfinale.com/tv-show/suits-season-nine-ratings/
sullivans crossing,season one,https://tvseriesfinale.com/tv-show/sullivans-crossing-season-one-ratings/
sun records,season one,https://tvseriesfinale.com/tv-show/sun-records-season-one-ratings/
sunday night megyn kelly,season one,https://tvseriesfinale.com/tv-show/sunday-night-megyn-kelly-season-one-ratings/
sunnyside,season one,https://tvseriesfinale.com/tv-show/sunnyside-season-one-ratings/
superfan,season one,https://tvseriesfinale.com/tv-show/superfan-season-one-ratings/
supergirl,season three,https://tvseriesfinale.com/tv-show/supergirl-season-three-ratings/
supergirl,season four,https://tvseriesfinale.com/tv-show/supergirl-season-four-ratings/
supergirl,season five,https://tvseriesfinale.com/tv-show/supergirl-season-five-ratings/
supergirl,season six,https://tvseriesfinale.com/tv-show/supergirl-season-six-ratings/
superhuman,season one,https://tvseriesfinale.com/tv-show/superhuman-season-one-ratings/
superman lois,season one,https://tvseriesfinale.com/tv-show/superman-lois-season-one-ratings/
superman lois,season two,https://tvseriesfinale.com/tv-show/superman-lois-season-two-ratings/
superman lois,season three,https://tvseriesfinale.com/tv-show/superman-lois-season-three-ratings/
supermarket sweep,season one,https://tvseriesfinale.com/tv-show/supermarket-sweep-season-one-ratings/
supermarket sweep,season two,https://tvseriesfinale.com/tv-show/supermarket-sweep-season-two-ratings/
supernatural,season 12,https://tvseriesfinale.com/tv-show/supernatural-season-12-ratings/
supernatural,season 13,https://tvseriesfinale.com/tv-show/supernatural-season-13-ratings/
supernatural,season 14,https://tvseriesfinale.com/tv-show/supernatural-season-14-ratings/
supernatural,season 15,https://tvseriesfinale.com/tv-show/supernatural-season-15-ratings/
superstar,season one,https://tvseriesfinale.com/tv-show/superstar-season-one-ratings/
superstition,season one,https://tvseriesfinale.com/tv-show/superstition-season-one-ratings/
superstore,season three,https://tvseriesfinale.com/tv-show/superstore-season-three-ratings/
superstore,season four,https://tvseriesfinale.com/tv-show/superstore-season-four-ratings/
superstore,season five,https://tvseriesfinale.com/tv-show/superstore-season-five-ratings/
superstore,season six,https://tvseriesfinale.com/tv-show/superstore-season-six-ratings/
surrealestate,season one,https://tvseriesfinale.com/tv-show/surrealestate-season-one-ratings/
survivor,season 41,https://tvseriesfinale.com/tv-show/survivor-season-41-ratings/
survivor,season 42,https://tvseriesfinale.com/tv-show/survivor-season-42-ratings/
survivor,season 43,https://tvseriesfinale.com/tv-show/survivor-season-43-ratings/
survivor,season 44,https://tvseriesfinale.com/tv-show/survivor-season-44-ratings/
survivor,season 45,https://tvseriesfinale.com/tv-show/survivor-season-45-ratings/
survivors remorse,season three,https://tvseriesfinale.com/tv-show/survivors-remorse-season-three-ratings/
survivors remorse,season four,https://tvseriesfinale.com/tv-show/survivors-remorse-season-four-ratings/
swamp thing,season one,https://tvseriesfinale.com/tv-show/swamp-thing-season-one-ratings/
swat,season one,https://tvseriesfinale.com/tv-show/swat-season-one-ratings/
swat,season two,https://tvseriesfinale.com/tv-show/swat-season-two-ratings/
swat,season three,https://tvseriesfinale.com/tv-show/swat-season-three-ratings/
swat,season four,https://tvseriesfinale.com/tv-show/swat-season-four-ratings/
swat,season five,https://tvseriesfinale.com/tv-show/swat-season-five-ratings/
swat,season six,https://tvseriesfinale.com/tv-show/swat-season-six-ratings/
sweetbitter,season one,https://tvseriesfinale.com/tv-show/sweetbitter-season-one-ratings/
switched at birth freeform,season five,https://tvseriesfinale.com/tv-show/switched-at-birth-freeform-season-five-ratings/
sydney to the max,season one,https://tvseriesfinale.com/tv-show/sydney-to-the-max-season-one-ratings/
taboo,season one,https://tvseriesfinale.com/tv-show/taboo-season-one-ratings/
tacoma fd,season one,https://tvseriesfinale.com/tv-show/tacoma-fd-season-one-ratings/
tacoma fd,season two,https://tvseriesfinale.com/tv-show/tacoma-fd-season-two-ratings/
tacoma fd,season three,https://tvseriesfinale.com/tv-show/tacoma-fd-season-three-ratings/
tacoma fd,season four,https://tvseriesfinale.com/tv-show/tacoma-fd-season-four-ratings/
take two,season one,https://tvseriesfinale.com/tv-show/take-two-season-one-ratings/
taken,season one,https://tvseriesfinale.com/tv-show/taken-season-one-ratings/
taken,season two,https://tvseriesfinale.com/tv-show/taken-season-two-ratings/
tales of the walking dead,season one,https://tvseriesfinale.com/tv-show/tales-of-the-walking-dead-season-one-ratings/
taskmaster,season one,https://tvseriesfinale.com/tv-show/taskmaster-season-one-ratings/
teachers,season two,https://tvseriesfinale.com/tv-show/teachers-season-two-ratings/
teachers,season three,https://tvseriesfinale.com/tv-show/teachers-season-three-ratings/
tell me a story,season one,https://tvseriesfinale.com/tv-show/tell-me-a-story-season-one-ratings/
tell me a story,season two,https://tvseriesfinale.com/tv-show/tell-me-a-story-season-two-ratings/
ten days valley,season one,https://tvseriesfinale.com/tv-show/ten-days-valley-season-one-ratings/
terror,season one,https://tvseriesfinale.com/tv-show/terror-season-one-ratings/
the terror,season two,https://tvseriesfinale.com/tv-show/the-terror-season-two-ratings/
thats my jam,season one,https://tvseriesfinale.com/tv-show/thats-my-jam-season-one-ratings/
thats my jam,season two,https://tvseriesfinale.com/tv-show/thats-my-jam-season-two-ratings/
the thing about pam,season one,https://tvseriesfinale.com/tv-show/the-thing-about-pam-season-one-ratings/
the third day,season one,https://tvseriesfinale.com/tv-show/the-third-day-season-one-ratings/
this is us,season two,https://tvseriesfinale.com/tv-show/this-is-us-season-two-ratings/
this is us,season three,https://tvseriesfinale.com/tv-show/this-is-us-season-three-ratings/
this is us,season four,https://tvseriesfinale.com/tv-show/this-is-us-season-four-ratings/
this is us,season five,https://tvseriesfinale.com/tv-show/this-is-us-season-five-ratings/
this is us,season six,https://tvseriesfinale.com/tv-show/this-is-us-season-six-ratings/
those who cant,season three,https://tvseriesfinale.com/tv-show/those-who-cant-season-three-ratings/
time time,season one,https://tvseriesfinale.com/tv-show/time-time-season-one-ratings/
the time travelers wife,season one,https://tvseriesfinale.com/tv-show/the-time-travelers-wife-season-one-ratings/
timeless,season one,https://tvseriesfinale.com/tv-show/timeless-season-one-ratings/
timeless,season two,https://tvseriesfinale.com/tv-show/timeless-season-two-ratings/
the titan games,season one,https://tvseriesfinale.com/tv-show/the-titan-games-season-one-ratings/
the titan games,season two,https://tvseriesfinale.com/tv-show/the-titan-games-season-two-ratings/
tko total knock out,season one,https://tvseriesfinale.com/tv-show/tko-total-knock-out-season-one-ratings/
tmz investigates,season one,https://tvseriesfinale.com/tv-show/tmz-investigates-season-one-ratings/
to tell the truth tv show abc,season two,https://tvseriesfinale.com/tv-show/to-tell-the-truth-tv-show-abc-season-two-ratings/
to tell the truth,season three,https://tvseriesfinale.com/tv-show/to-tell-the-truth-season-three-ratings/
to tell the truth,season four,https://tvseriesfinale.com/tv-show/to-tell-the-truth-season-four-ratings/
to tell the truth,season five,https://tvseriesfinale.com/tv-show/to-tell-the-truth-season-five-ratings/
to tell the truth,season six,https://tvseriesfinale.com/tv-show/to-tell-the-truth-season-six-ratings/
tom swift,season one,https://tvseriesfinale.com/tv-show/tom-swift-season-one-ratings/
tommy,season one,https://tvseriesfinale.com/tv-show/tommy-season-one-ratings/
totally funny animals,season one,https://tvseriesfinale.com/tv-show/totally-funny-animals-season-one-ratings/
totally funny kids,season one,https://tvseriesfinale.com/tv-show/totally-funny-kids-season-one-ratings/
totally weird and funny,season one,https://tvseriesfinale.com/tv-show/totally-weird-and-funny-season-one-ratings/
tough as nails,season one,https://tvseriesfinale.com/tv-show/tough-as-nails-season-one-ratings/
tough as nails,season two,https://tvseriesfinale.com/tv-show/tough-as-nails-season-two-ratings/
tough as nails,season three,https://tvseriesfinale.com/tv-show/tough-as-nails-season-three-ratings/
tough as nails,season four,https://tvseriesfinale.com/tv-show/tough-as-nails-season-four-ratings/
tough as nails,season five,https://tvseriesfinale.com/tv-show/tough-as-nails-season-five-ratings/
toy box,season one,https://tvseriesfinale.com/tv-show/toy-box-season-one-ratings/
toy box,season two,https://tvseriesfinale.com/tv-show/toy-box-season-two-ratings/
tracey ullmans show,season two,https://tvseriesfinale.com/tv-show/tracey-ullmans-show-season-two-ratings/
transplant,season one,https://tvseriesfinale.com/tv-show/transplant-season-one-ratings/
transplant,season two,https://tvseriesfinale.com/tv-show/transplant-season-two-ratings/
transplant,season three,https://tvseriesfinale.com/tv-show/transplant-season-three-ratings/
treadstone,season one,https://tvseriesfinale.com/tv-show/treadstone-season-one-ratings/
trial error,season one,https://tvseriesfinale.com/tv-show/trial-error-season-one-ratings/
trial error,season two,https://tvseriesfinale.com/tv-show/trial-error-season-two-ratings/
trickster,season one,https://tvseriesfinale.com/tv-show/trickster-season-one-ratings/
true detective,season three,https://tvseriesfinale.com/tv-show/true-detective-season-three-ratings/
true detective,season four,https://tvseriesfinale.com/tv-show/true-detective-season-four-ratings/
true lies,season one,https://tvseriesfinale.com/tv-show/true-lies-season-one-ratings/
trust,season one,https://tvseriesfinale.com/tv-show/trust-season-one-ratings/
too close to home tlc tv show,season two,https://tvseriesfinale.com/tv-show/too-close-to-home-tlc-tv-show-season-two-ratings/
turn washingtons spies,season four,https://tvseriesfinale.com/tv-show/turn-washingtons-spies-season-four-ratings/
twenties,season one,https://tvseriesfinale.com/tv-show/twenties-season-one-ratings/
twenties,season two,https://tvseriesfinale.com/tv-show/twenties-season-two-ratings/
twin peaks,season three,https://tvseriesfinale.com/tv-show/twin-peaks-season-three-ratings/
two sentence horror stories,season one,https://tvseriesfinale.com/tv-show/two-sentence-horror-stories-season-one-ratings/
two sentence horror stories,season two,https://tvseriesfinale.com/tv-show/two-sentence-horror-stories-season-two-ratings/
two sentence horror stories,season three,https://tvseriesfinale.com/tv-show/two-sentence-horror-stories-season-three-ratings/
tyler perrys assisted living,season one,https://tvseriesfinale.com/tv-show/tyler-perrys-assisted-living-season-one-ratings/
tyler perrys assisted living,season two,https://tvseriesfinale.com/tv-show/tyler-perrys-assisted-living-season-two-ratings/
tyler perrys assisted living,season three,https://tvseriesfinale.com/tv-show/tyler-perrys-assisted-living-season-three-ratings/
tyler perrys assisted living,season four,https://tvseriesfinale.com/tv-show/tyler-perrys-assisted-living-season-four-ratings/
tyler perrys house of payne,season seven,https://tvseriesfinale.com/tv-show/tyler-perrys-house-of-payne-season-seven-ratings/
tyler perrys house of payne,season eight,https://tvseriesfinale.com/tv-show/tyler-perrys-house-of-payne-season-eight-ratings/
tyler perrys house of payne,season nine,https://tvseriesfinale.com/tv-show/tyler-perrys-house-of-payne-season-nine-ratings/
tyler perrys house of payne,season 10,https://tvseriesfinale.com/tv-show/tyler-perrys-house-of-payne-season-10-ratings/
the oval,season one,https://tvseriesfinale.com/tv-show/the-oval-season-one-ratings/
the oval,season two,https://tvseriesfinale.com/tv-show/the-oval-season-two-ratings/
tyler perrys the oval,season three,https://tvseriesfinale.com/tv-show/tyler-perrys-the-oval-season-three-ratings/
tyler perrys the oval,season four,https://tvseriesfinale.com/tv-show/tyler-perrys-the-oval-season-four-ratings/
tyler perrys the oval,season five,https://tvseriesfinale.com/tv-show/tyler-perrys-the-oval-season-five-ratings/
sistas,season one,https://tvseriesfinale.com/tv-show/sistas-season-one-ratings/
tyler perrys sistas,season two,https://tvseriesfinale.com/tv-show/tyler-perrys-sistas-season-two-ratings/
tyler perrys sistas,season three,https://tvseriesfinale.com/tv-show/tyler-perrys-sistas-season-three-ratings/
tyler perrys sistas,season four,https://tvseriesfinale.com/tv-show/tyler-perrys-sistas-season-four-ratings/
tyler perrys sistas,season five,https://tvseriesfinale.com/tv-show/tyler-perrys-sistas-season-five-ratings/
tyler perrys sistas,season six,https://tvseriesfinale.com/tv-show/tyler-perrys-sistas-season-six-ratings/
tyler perrys sistas,season seven,https://tvseriesfinale.com/tv-show/tyler-perrys-sistas-season-seven-ratings/
the ultimate surfer,season one,https://tvseriesfinale.com/tv-show/the-ultimate-surfer-season-one-ratings/
ultimate tag,season one,https://tvseriesfinale.com/tv-show/ultimate-tag-season-one-ratings/
undercover boss,season nine,https://tvseriesfinale.com/tv-show/undercover-boss-season-nine-ratings/
undercover boss,season 10,https://tvseriesfinale.com/tv-show/undercover-boss-season-10-ratings/
undercover boss,season 11,https://tvseriesfinale.com/tv-show/undercover-boss-season-11-ratings/
undercover boss celebrity edition,season one,https://tvseriesfinale.com/tv-show/undercover-boss-celebrity-edition-season-one-ratings/
underground,season two,https://tvseriesfinale.com/tv-show/underground-season-two-ratings/
the undoing,season one,https://tvseriesfinale.com/tv-show/the-undoing-season-one-ratings/
the unicorn,season one,https://tvseriesfinale.com/tv-show/the-unicorn-season-one-ratings/
the unicorn,season two,https://tvseriesfinale.com/tv-show/the-unicorn-season-two-ratings/
united states of al,season one,https://tvseriesfinale.com/tv-show/united-states-of-al-season-one-ratings/
united we fall,season one,https://tvseriesfinale.com/tv-show/united-we-fall-season-one-ratings/
unreal,season three,https://tvseriesfinale.com/tv-show/unreal-season-three-ratings/
unsolved,season one,https://tvseriesfinale.com/tv-show/unsolved-season-one-ratings/
van helsing,season two,https://tvseriesfinale.com/tv-show/van-helsing-season-two-ratings/
van helsing,season three,https://tvseriesfinale.com/tv-show/van-helsing-season-three-ratings/
van helsing,season four,https://tvseriesfinale.com/tv-show/van-helsing-season-four-ratings/
van helsing,season five,https://tvseriesfinale.com/tv-show/van-helsing-season-five-ratings/
veep,season six,https://tvseriesfinale.com/tv-show/veep-season-six-ratings/
veep,season seven,https://tvseriesfinale.com/tv-show/veep-season-seven-ratings/
vice principals,season two,https://tvseriesfinale.com/tv-show/vice-principals-season-two-ratings/
vida,season one,https://tvseriesfinale.com/tv-show/vida-season-one-ratings/
vida,season two,https://tvseriesfinale.com/tv-show/vida-season-two-ratings/
vida,season three,https://tvseriesfinale.com/tv-show/vida-season-three-ratings/
videos after dark,season one,https://tvseriesfinale.com/tv-show/videos-after-dark-season-one-ratings/
vikings,season five,https://tvseriesfinale.com/tv-show/vikings-season-five-ratings/
vikings,season six,https://tvseriesfinale.com/tv-show/vikings-season-six-ratings/
the village,season one,https://tvseriesfinale.com/tv-show/the-village-season-one-ratings/
vinyl,season one,https://tvseriesfinale.com/tv-show/vinyl-season-one-ratings/
voice,season 14,https://tvseriesfinale.com/tv-show/voice-season-14-ratings/
voice,season 16,https://tvseriesfinale.com/tv-show/voice-season-16-ratings/
the voice,season 18,https://tvseriesfinale.com/tv-show/the-voice-season-18-ratings/
the voice,season 19,https://tvseriesfinale.com/tv-show/the-voice-season-19-ratings/
the voice,season 20,https://tvseriesfinale.com/tv-show/the-voice-season-20-ratings/
the voice,season 21,https://tvseriesfinale.com/tv-show/the-voice-season-21-ratings/
the voice,season 23,https://tvseriesfinale.com/tv-show/the-voice-season-23-ratings/
the voice,season 24,https://tvseriesfinale.com/tv-show/the-voice-season-24-ratings/
the voice,season 25,https://tvseriesfinale.com/tv-show/the-voice-season-25-ratings/
waco,season one,https://tvseriesfinale.com/tv-show/waco-season-one-ratings/
walker,season one,https://tvseriesfinale.com/tv-show/walker-season-one-ratings/
walker,season two,https://tvseriesfinale.com/tv-show/walker-season-two-ratings/
walker,season three,https://tvseriesfinale.com/tv-show/walker-season-three-ratings/
walker,season four,https://tvseriesfinale.com/tv-show/walker-season-four-ratings/
walker independence,season one,https://tvseriesfinale.com/tv-show/walker-independence-season-one-ratings/
walking dead,season seven,https://tvseriesfinale.com/tv-show/walking-dead-season-seven-ratings/
walking dead,season eight,https://tvseriesfinale.com/tv-show/walking-dead-season-eight-ratings/
walking dead,season nine,https://tvseriesfinale.com/tv-show/walking-dead-season-nine-ratings/
the walking dead,season 10,https://tvseriesfinale.com/tv-show/the-walking-dead-season-10-ratings/
the walking dead daryl dixon,season one,https://tvseriesfinale.com/tv-show/the-walking-dead-daryl-dixon-season-one-ratings/
the walking dead the ones who live,season one,https://tvseriesfinale.com/tv-show/the-walking-dead-the-ones-who-live-season-one-ratings/
the walking dead world beyond,season one,https://tvseriesfinale.com/tv-show/the-walking-dead-world-beyond-season-one-ratings/
the walking dead world beyond,season two,https://tvseriesfinale.com/tv-show/the-walking-dead-world-beyond-season-two-ratings/
wall,season two,https://tvseriesfinale.com/tv-show/wall-season-two-ratings/
the wall,season three,https://tvseriesfinale.com/tv-show/the-wall-season-three-ratings/
the wall,season four,https://tvseriesfinale.com/tv-show/the-wall-season-four-ratings/
the wall,season five,https://tvseriesfinale.com/tv-show/the-wall-season-five-ratings/
warrior,season one,https://tvseriesfinale.com/tv-show/warrior-season-one-ratings/
warrior,season two,https://tvseriesfinale.com/tv-show/warrior-season-two-ratings/
the watch,season one,https://tvseriesfinale.com/tv-show/the-watch-season-one-ratings/
the watchful eye,season one,https://tvseriesfinale.com/tv-show/the-watchful-eye-season-one-ratings/
watchmen,season one,https://tvseriesfinale.com/tv-show/watchmen-season-one-ratings/
the way home,season one,https://tvseriesfinale.com/tv-show/the-way-home-season-one-ratings/
the way home,season two,https://tvseriesfinale.com/tv-show/the-way-home-season-two-ratings/
we are family,season one,https://tvseriesfinale.com/tv-show/we-are-family-season-one-ratings/
we own this city,season one,https://tvseriesfinale.com/tv-show/we-own-this-city-season-one-ratings/
weakest link,season one,https://tvseriesfinale.com/tv-show/weakest-link-season-one-ratings/
weakest link,season two,https://tvseriesfinale.com/tv-show/weakest-link-season-two-ratings/
weakest link,season three,https://tvseriesfinale.com/tv-show/weakest-link-season-three-ratings/
welcome to flatch,season one,https://tvseriesfinale.com/tv-show/welcome-to-flatch-season-one-ratings/
welcome to flatch,season two,https://tvseriesfinale.com/tv-show/welcome-to-flatch-season-two-ratings/
wellington paranormal,season one,https://tvseriesfinale.com/tv-show/wellington-paranormal-season-one-ratings/
wellington paranormal,season two,https://tvseriesfinale.com/tv-show/wellington-paranormal-season-two-ratings/
wellington paranormal,season three,https://tvseriesfinale.com/tv-show/wellington-paranormal-season-three-ratings/
wellington paranormal,season four,https://tvseriesfinale.com/tv-show/wellington-paranormal-season-four-ratings/
westworld,season two,https://tvseriesfinale.com/tv-show/westworld-season-two-ratings/
westworld,season three,https://tvseriesfinale.com/tv-show/westworld-season-three-ratings/
westworld,season four,https://tvseriesfinale.com/tv-show/westworld-season-four-ratings/
what we do in the shadows,season one,https://tvseriesfinale.com/tv-show/what-we-do-in-the-shadows-season-one-ratings/
what we do in the shadows,season two,https://tvseriesfinale.com/tv-show/what-we-do-in-the-shadows-season-two-ratings/
what we do in the shadows,season three,https://tvseriesfinale.com/tv-show/what-we-do-in-the-shadows-season-three-ratings/
what we do in the shadows,season four,https://tvseriesfinale.com/tv-show/what-we-do-in-the-shadows-season-four-ratings/
what we do in the shadows,season five,https://tvseriesfinale.com/tv-show/what-we-do-in-the-shadows-season-five-ratings/
what would you do,season 16,https://tvseriesfinale.com/tv-show/what-would-you-do-season-16-ratings/
what would you do,season 17,https://tvseriesfinale.com/tv-show/what-would-you-do-season-17-ratings/
calls heart,season three,https://tvseriesfinale.com/tv-show/calls-heart-season-three-ratings/
calls heart,season four,https://tvseriesfinale.com/tv-show/calls-heart-season-four-ratings/
calls heart,season five,https://tvseriesfinale.com/tv-show/calls-heart-season-five-ratings/
when calls the heart,season six,https://tvseriesfinale.com/tv-show/when-calls-the-heart-season-six-ratings/
when calls the heart,season seven,https://tvseriesfinale.com/tv-show/when-calls-the-heart-season-seven-ratings/
when calls the heart,season eight,https://tvseriesfinale.com/tv-show/when-calls-the-heart-season-eight-ratings/
when calls the heart,season nine,https://tvseriesfinale.com/tv-show/when-calls-the-heart-season-nine-ratings/
when calls the heart,season 10,https://tvseriesfinale.com/tv-show/when-calls-the-heart-season-10-ratings/
when calls the heart,season 11,https://tvseriesfinale.com/tv-show/when-calls-the-heart-season-11-ratings/
when hope calls,season one,https://tvseriesfinale.com/tv-show/when-hope-calls-season-one-ratings/
when nature calls with helen mirren,season one,https://tvseriesfinale.com/tv-show/when-nature-calls-with-helen-mirren-season-one-ratings/
when we rise,season one,https://tvseriesfinale.com/tv-show/when-we-rise-season-one-ratings/
whiskey cavalier,season one,https://tvseriesfinale.com/tv-show/whiskey-cavalier-season-one-ratings/
whistleblower,season one,https://tvseriesfinale.com/tv-show/whistleblower-season-one-ratings/
whistleblower,season two,https://tvseriesfinale.com/tv-show/whistleblower-season-two-ratings/
white famous,season one,https://tvseriesfinale.com/tv-show/white-famous-season-one-ratings/
white house plumbers,season one,https://tvseriesfinale.com/tv-show/white-house-plumbers-season-one-ratings/
the white lotus,season one,https://tvseriesfinale.com/tv-show/the-white-lotus-season-one-ratings/
the white lotus,season two,https://tvseriesfinale.com/tv-show/the-white-lotus-season-two-ratings/
white princess,season one,https://tvseriesfinale.com/tv-show/white-princess-season-one-ratings/
the wheel,season one,https://tvseriesfinale.com/tv-show/the-wheel-season-one-ratings/
who do you believe,season one,https://tvseriesfinale.com/tv-show/who-do-you-believe-season-one-ratings/
who wants to be a millionaire,season one,https://tvseriesfinale.com/tv-show/who-wants-to-be-a-millionaire-season-one-ratings/
who wants to be a millionaire,season two,https://tvseriesfinale.com/tv-show/who-wants-to-be-a-millionaire-season-two-ratings/
whose line anyway,season 13,https://tvseriesfinale.com/tv-show/whose-line-anyway-season-13-ratings/
whose line is it anyway,season 14,https://tvseriesfinale.com/tv-show/whose-line-is-it-anyway-season-14-ratings/
whose line is it anyway,season 15,https://tvseriesfinale.com/tv-show/whose-line-is-it-anyway-season-15-ratings/
whose line is it anyway,season 16,https://tvseriesfinale.com/tv-show/whose-line-is-it-anyway-season-16-ratings/
whose line is it anyway,season 17,https://tvseriesfinale.com/tv-show/whose-line-is-it-anyway-season-17-ratings/
whose line is it anyway,season 18,https://tvseriesfinale.com/tv-show/whose-line-is-it-anyway-season-18-ratings/
whose line is it anyway,season 19,https://tvseriesfinale.com/tv-show/whose-line-is-it-anyway-season-19-ratings/
whose line is it anyway,season 20,https://tvseriesfinale.com/tv-show/whose-line-is-it-anyway-season-20-ratings/
wild cards,season one,https://tvseriesfinale.com/tv-show/wild-cards-season-one-ratings/
will,season one,https://tvseriesfinale.com/tv-show/will-season-one-ratings/
will grace,season nine,https://tvseriesfinale.com/tv-show/will-grace-season-nine-ratings/
will grace,season 10,https://tvseriesfinale.com/tv-show/will-grace-season-10-ratings/
will grace,season 11,https://tvseriesfinale.com/tv-show/will-grace-season-11-ratings/
will trent,season one,https://tvseriesfinale.com/tv-show/will-trent-season-one-ratings/
will trent,season two,https://tvseriesfinale.com/tv-show/will-trent-season-two-ratings/
the winchesters,season one,https://tvseriesfinale.com/tv-show/the-winchesters-season-one-ratings/
winning time the rise of the lakers dynasty,season two,https://tvseriesfinale.com/tv-show/winning-time-the-rise-of-the-lakers-dynasty-season-two-ratings/
wisdom crowd,season one,https://tvseriesfinale.com/tv-show/wisdom-crowd-season-one-ratings/
the woman in the wall,season one,https://tvseriesfinale.com/tv-show/the-woman-in-the-wall-season-one-ratings/
women of the movement,season one,https://tvseriesfinale.com/tv-show/women-of-the-movement-season-one-ratings/
the wonder years,season one,https://tvseriesfinale.com/tv-show/the-wonder-years-season-one-ratings/
the wonder years,season two,https://tvseriesfinale.com/tv-show/the-wonder-years-season-two-ratings/
work in progress,season one,https://tvseriesfinale.com/tv-show/work-in-progress-season-one-ratings/
work in progress,season two,https://tvseriesfinale.com/tv-show/work-in-progress-season-two-ratings/
workaholics,season seven,https://tvseriesfinale.com/tv-show/workaholics-season-seven-ratings/
world dance,season one,https://tvseriesfinale.com/tv-show/world-dance-season-one-ratings/
world of dance,season two,https://tvseriesfinale.com/tv-show/world-of-dance-season-two-ratings/
world of dance,season three,https://tvseriesfinale.com/tv-show/world-of-dance-season-three-ratings/
world of dance,season four,https://tvseriesfinale.com/tv-show/world-of-dance-season-four-ratings/
the worlds best,season one,https://tvseriesfinale.com/tv-show/the-worlds-best-season-one-ratings/
worlds funniest animals,season one,https://tvseriesfinale.com/tv-show/worlds-funniest-animals-season-one-ratings/
worlds funniest animals,season two,https://tvseriesfinale.com/tv-show/worlds-funniest-animals-season-two-ratings/
worlds funniest animals,season four,https://tvseriesfinale.com/tv-show/worlds-funniest-animals-season-four-ratings/
would i lie to you,season one,https://tvseriesfinale.com/tv-show/would-i-lie-to-you-season-one-ratings/
wrecked,season two,https://tvseriesfinale.com/tv-show/wrecked-season-two-ratings/
wynonna earp,season two,https://tvseriesfinale.com/tv-show/wynonna-earp-season-two-ratings/
wynonna earp,season three,https://tvseriesfinale.com/tv-show/wynonna-earp-season-three-ratings/
wynonna earp,season four,https://tvseriesfinale.com/tv-show/wynonna-earp-season-four-ratings/
years and years,season one,https://tvseriesfinale.com/tv-show/years-and-years-season-one-ratings/
yellowjackets,season one,https://tvseriesfinale.com/tv-show/yellowjackets-season-one-ratings/
yellowjackets,season two,https://tvseriesfinale.com/tv-show/yellowjackets-season-two-ratings/
yellowstone,season one,https://tvseriesfinale.com/tv-show/yellowstone-season-one-ratings/
yellowstone,season two,https://tvseriesfinale.com/tv-show/yellowstone-season-two-ratings/
yellowstone,season three,https://tvseriesfinale.com/tv-show/yellowstone-season-three-ratings/
yellowstone,season four,https://tvseriesfinale.com/tv-show/yellowstone-season-four-ratings/
yellowstone,season five,https://tvseriesfinale.com/tv-show/yellowstone-season-five-ratings/
you,season one,https://tvseriesfinale.com/tv-show/you-season-one-ratings/
you the jury,season one,https://tvseriesfinale.com/tv-show/you-the-jury-season-one-ratings/
youre worst,season three,https://tvseriesfinale.com/tv-show/youre-worst-season-three-ratings/
youre the worst,season four,https://tvseriesfinale.com/tv-show/youre-the-worst-season-four-ratings/
youre the worst,season five,https://tvseriesfinale.com/tv-show/youre-the-worst-season-five-ratings/
young hungry,season three,https://tvseriesfinale.com/tv-show/young-hungry-season-three-ratings/
young hungry,season five,https://tvseriesfinale.com/tv-show/young-hungry-season-five-ratings/
young pope,season one,https://tvseriesfinale.com/tv-show/young-pope-season-one-ratings/
young rock,season one,https://tvseriesfinale.com/tv-show/young-rock-season-one-ratings/
young rock,season two,https://tvseriesfinale.com/tv-show/young-rock-season-two-ratings/
young rock,season three,https://tvseriesfinale.com/tv-show/young-rock-season-three-ratings/
young sheldon,season one,https://tvseriesfinale.com/tv-show/young-sheldon-season-one-ratings/
young sheldon,season two,https://tvseriesfinale.com/tv-show/young-sheldon-season-two-ratings/
young sheldon,season three,https://tvseriesfinale.com/tv-show/young-sheldon-season-three-ratings/
young sheldon,season four,https://tvseriesfinale.com/tv-show/young-sheldon-season-four-ratings/
young sheldon,season five,https://tvseriesfinale.com/tv-show/young-sheldon-season-five-ratings/
young sheldon,season six,https://tvseriesfinale.com/tv-show/young-sheldon-season-six-ratings/
young sheldon,season seven,https://tvseriesfinale.com/tv-show/young-sheldon-season-seven-ratings/
younger,season four,https://tvseriesfinale.com/tv-show/younger-season-four-ratings/
younger,season five,https://tvseriesfinale.com/tv-show/younger-season-five-ratings/
younger,season six,https://tvseriesfinale.com/tv-show/younger-season-six-ratings/
younger,season seven,https://tvseriesfinale.com/tv-show/younger-season-seven-ratings/
your honor,season one,https://tvseriesfinale.com/tv-show/your-honor-season-one-ratings/
your honor,season two,https://tvseriesfinale.com/tv-show/your-honor-season-two-ratings/
z nation,season three,https://tvseriesfinale.com/tv-show/z-nation-season-three-ratings/
z nation,season four,https://tvseriesfinale.com/tv-show/z-nation-season-four-ratings/
z nation,season five,https://tvseriesfinale.com/tv-show/z-nation-season-five-ratings/
zoeys extraordinary playlist,season one,https://tvseriesfinale.com/tv-show/zoeys-extraordinary-playlist-season-one-ratings/
zoeys extraordinary playlist,season two,https://tvseriesfinale.com/tv-show/zoeys-extraordinary-playlist-season-two-ratings/
zoo,season two,https://tvseriesfinale.com/tv-show/zoo-season-two-ratings/
zoo,season three,https://tvseriesfinale.com/tv-show/zoo-season-three-ratings/
