Show Name,Network,Seasons,Episodes,Status
camping,HBO,One,Eight (half-hour),Ended
lopez,TV Land,Two,24 (half-hour),Cancelled
powerless,NBC,One,12 but three unaired (half-hour),Cancelled
moonlighting,ABC,Five,67 (hour),Cancelled/ended
best-time-ever-with-neil-patrick-harris,NBC,One,Eight (hour),Cancelled
geraldo-at-large,"first-run syndication, Fox News Channel",Ongoing,Ongoing (hour),Has not been cancelled
wrecked,TBS,Three,30 (hour),Cancelled
jericho,CBS,Two,29 (hour),Cancelled/ended
kung-fu-the-legend-continues,first-run syndication,Four,88 (hour),Cancelled/ended
domina,EPIX,Ongoing,Ongoing (hour),Has not been cancelled
the-upshaws,Netflix,Ongoing,Ongoing (half-hour),Has not been cancelled
project-greenlight,"HBO, Bravo",Four,"42 (half-hour, hour)",Cancelled
proof,TNT,One,10 (hour),Cancelled
family-guy,FOX,Ongoing,Ongoing (half-hour),Has not been cancelled
the-disappearance,WGN America,One,Six (hour),Ended
dancing-with-the-stars,ABC,Ongoing,Ongoing (one – two hours),Has not been cancelled
galactica-1980,ABC,One,10 (hour),Cancelled/ended
the-amazing-spider-man,CBS,Two,14 (hour),Cancelled/ended
take-it-all,NBC,One,Seven but one didn’t air (hour),Cancelled
reverie,NBC,One,10 (hour),Cancelled
dl-hughley-breaks-the-news,CNN,One,20 (half-hour),Cancelled/ended
hannah-montana,Disney Channel,Four,98 (half-hour),Cancelled/ended
when-we-rise,ABC,One,Eight (hour),Ended
tom-clancys-jack-ryan,Prime Video,Four,30 (hour),Ended
what-if,Netflix,Ongoing,Ongoing (hour),
surviving-jack,FOX,One,Eight (half-hour),Cancelled
russian-doll,Netflix,Ongoing,Ongoing (half-hour),Has not been cancelled
the-simple-life,"FOX, E!",Five,56 (half-hour),Cancelled/ended
tales,BET,Ongoing,Ongoing (hour),Has not been cancelled
making-history,FOX,One,9 (half-hour),Cancelled
little-big-shots,NBC,Four,48 (hour),Cancelled
the-fades,BBC America,One,Six (hour),Ended
eli-stone,ABC,Two,26 (hour),Cancelled/ended
extinct,BYUtv,One,10 (hour),Cancelled
knots-landing,CBS,14,344 (hour),Cancelled/ended
blade-the-series,Spike TV,One,12 (hour),Cancelled/ended
the-new-lassie,first-run syndication,Two,48 (half-hour),Cancelled/ended
lopez-tonight,TBS,Two,286 (hour),Cancelled
tj-hooker,"ABC, CBS",Five,"90 (hour, 90 minutes)",Cancelled/ended
last-comic-standing,NBC,Ongoing,"Ongoing (two-hour, hour)","Cancelled, then"
lost-in-space-2018,Netflix,Three,28 (hour),Ending
vida,Starz,Three,TBD (half-hour),Cancelled
love-in-the-wild,NBC,Two,16 (hour),Cancelled
lois-clark-the-new-adventures-of-superman,ABC,Four,87 (hour),Cancelled/ended
the-neighborhood,CBS,Ongoing,Ongoing (half-hour),Has not been cancelled
gabby-duran-and-the-unsittables,Disney Channel,Two,41 (half-hour),Cancelled
crisis,NBC,One,13 (hour),Cancelled
i-feel-bad,NBC,Ongoing,Ongoing (half-hour),Cancelled
work-it,ABC,One,"Unknown, only two aired (half-hour)",Cancelled
ray-donovan,Showtime,Seven,82 (hour),Cancelled
fringe,FOX,Five,100 (hour),Ended
the-f-word,FOX,Ongoing,Ongoing (hour),Has not been cancelled
the-pitts,FOX,One,Seven but two didn’t air (half-hour),Cancelled/ended
girlfriends,"UPN, The CW",Eight,172 (half-hour),Cancelled/ended
dynasty,ABC,Nine,220 (hour),Cancelled
frankie-drake-mysteries,Ovation,Four,41 (hour),Cancelled
when-hope-calls,Hallmark Movies Now,Ongoing,Ongoing (hour),Has not been cancelled
food-fighters,NBC,Ongoing,Ongoing (hour),Has not been cancelled
mr-corman,Apple TV+,One,10 (half-hour),Cancelled
directions,ABC,24,unknown (half-hour),Cancelled
alone-together,Freeform,Two,20 (half-hour),Cancelled
the-fbi-declassified,CBS,Ongoing,Ongoing (hour),Has not been cancelled
hot-in-cleveland,TV Land,Six,128 (half-hour),Ended
in-case-of-emergency,ABC,One,"13, one unaired (half hour)",cancelled/ended
nurses,NBC,Three,67 (half-hour),Cancelled/ended
adam-12,NBC,Seven,174 (half-hour),Cancelled/ended
the-resident,FOX,Six,107 (hour),Cancelled
saints-sinners,Bounce TV,Six,49 (hour),Ended
patrick-melrose,Showtime,On,Five (hour),Ended
lax,NBC,One,13 (hour),Cancelled/ended
love-inc,UPN,One,22 (half-hour),Cancelled/ended
touched-by-an-angel,CBS,Nine,212 (hour),Cancelled/ended
grand-hotel,ABC,One,13 (hour),Cancelled
wisdom-of-the-crowd,CBS,One,13 (hour),Cancelled
red-oaks,Amazon,Three,26 (half-hour),Ended
ash-vs-evil-dead,,Three.,30 (hour).,Cancelled
the-assets,ABC,One,Eight (hour),Cancelled
women-of-the-movement,ABC,One,Six (hour),Cancelled
my-dad-is-better-than-your-dad,NBC,One,Eight (hour),Cancelled/ended
love-is,OWN,One,10 (hour),Cancelled
i-love-dick,Amazon,One,Eight (half-hour),Cancelled
murder-she-wrote,CBS,12,264 (hour),Cancelled/ended
magnum-pi,CBS,Eight,162 (hour),Cancelled/ended
weekends-with-maury-connie,MSNBC,One,24 (half-hour),Cancelled/ended
olympus,Syfy,One,13 (hour),Cancelled
flack,Pop TV,Two,12 with 6 unaired (hour),Cancelled
match-game,CBS,Six,"1,445 (half-hour)",Cancelled/ended
extreme-makeover-weight-loss-edition,ABC,Five,"55 (hour, two hours)",Ended
sydney-to-the-max,Disney Channel,Ongoing,Ongoing (half-hour),Has not been cancelled
manhattan,WGN America,Two,23 (hour),Cancelled
warehouse-13,Syfy,Five,64 (hour),Ending
xena-warrior-princess,first-run syndication,Six,134 (hour),Cancelled/ended
evening-shade,CBS,Four,100 (half-hour),Cancelled/ended
name-that-tune,FOX,Ongoing,Ongoing (hour),Has not been cancelled
charlies-angels-2011,ABC,One,Eight but one didn’t air (hour),Cancelled
4real,The CW,One,"Eight, one unaired (half-hour)",Cancelled/ended
those-who-kill,A&E,One,10 (hour),Cancelled
carpoolers,ABC,One,13 (half-hour),Cancelled/ended
the-lucy-show,CBS,Six,156 (half-hour),Cancelled/ended
thunderbirds-are-go,Amazon,Ongoing,Ongoing (half-hour),Has not been cancelled
star-trek-voyager,UPN,Seven,172 (hour),Cancelled/ended
american-woman,Paramount Network,One,11 (half-hour),Cancelled
copper,BBC America,Two,23 (hour),Cancelled
1600-penn,NBC,One,13 (half-hour),Cancelled
the-mayor,ABC,One,13 (half-hour),Cancelled
expedition-impossible,ABC,One,10 (hour),Cancelled
hemlock-grove,Netflix,Three,30 (hour),Ended
24-legacy,FOX,One,12 (hour),Cancelled
the-greatest-american-hero,ABC,Three,44 (hour),Cancelled/ended
ncis-los-angeles,CBS,14,323 (hour),Cancelled
the-artful-detective,Ovation,Ongoing,Ongoing (hour),Has not been cancelled
national-bingo-night,ABC,One,Six (hour),Cancelled/ended
h8r,The CW,One,13 but only four aired (hour),Cancelled
repeat-after-me,ABC,One,8 (half-hour),Cancelled/Ended
living-with-yourself,Netflix,Ongoing,Ongoing (half-hour),Has not been cancelled
police-squad,ABC,One,Six (half-hour),Cancelled/ended
the-firm,NBC,One,22 (hour),Cancelled
forever-2018,Amazon Prime Video,One,Eight (half-hour),Cancelled
star-trek,NBC,,"79 (hour), three seasons",
seed,The CW,Two,26 (half-hour),Dropped by CW in the US
take-two,ABC,One,13 (hour),Cancelled
supermarket-sweep,ABC,Two,23 (hour),Cancelled
alias-grace,Netflix,One,Six (hour),Ended
love-monkey,"CBS, VH1",One,Eight (hour),Cancelled/ended
low-winter-sun,AMC,One,10 (hour),Cancelled
south-of-hell,,Ongoing,Ongoing (hour),Has not been cancelled
lilyhammer,Netflix,Three,24 (hour),Cancelled
millennium,FOX,Three,67 (hour),Cancelled/ended
six,History,Two,18 (hour),Cancelled
cold-case,CBS,Seven,156 (hour),Cancelled
coupled,FOX,One,11 (hour),Cancelled
the-munsters,CBS,Two,70 (half-hour),Cancelled/ended
life-with-derek,Disney Channel,Four,70 (half-hour),Cancelled/ended
lethal-weapon,FOX,Three,55 (hour),Cancelled
back-to-life,Showtime,Ongoing,Ongoing (half-hour),Has not been cancelled
pitch,FOX,One,10 (hour),Cancelled
the-big-c,Showtime,Four,"40 (36 half-hour, four hours)",Cancelled/ended
josie-and-the-pussycats,CBS,One,16 (half-hour),Cancelled/ended
doctor-who,PBS,26,"703, half-hour and hour",Cancelled/ended
campus-ladies,Oxygen,Two,20 (half-hour),Cancelled/ended
famous-in-12,The CW,One,Five (hour),Cancelled
icarly-2021,Paramount+,Three,33 (half-hour),Cancelled
stranger-things,Netflix,Five,TBD (hour),Ending
house-of-cards,,Six,73 (hour),Cancelled
nurses-2020,NBC,"Two, but only one aired on NBC","20 (hour), but only 10 aired on NBC",Cancelled
working,NBC,Two,"39, four unaired (half-hour)",Cancelled/ended
mayberry-rfd,CBS,Three,78 (half-hour),Cancelled/ended
love-victor,Hulu,Three,28 (half-hour),Ended
i-can-see-your-voice,FOX,Ongoing,Ongoing (hour),Has not been cancelled
ravens-home,Disney Channel,Ongoing,Ongoing (half-hour),Has not been cancelled
dcs-legends-of-tomorrow,The CW,Seven,110 (hour),Cancelled
the-crossing,ABC,One,11 (hour),Cancelled
nash-bridges,CBS,Six,122 (hour),Cancelled/ended
dawsons-creek,The WB,Six,128 (hour),Cancelled/ended
ambitions,OWN,Ongoing,18 (hour),Cancelled
scenes-from-a-marriage,HBO,One,Five (hour),Ended
feed-the-beast,AMC,One,10 (hour),Cancelled
dont,ABC,One,Eight (hour),Cancelled
the-baby,HBO,One,Eight (half-hour),Ended
memphis-beat,TNT,Two,20 (hour),Cancelled
love-island,CBS,Ongoing,Ongoing (hour),Has not been cancelled
star-trek-the-next-generation,first-run syndication,Seven,178 (hour),Cancelled/ended
conviction-2016,ABC,One,13 (hour),Cancelled
mchales-navy,ABC,Four,138 (half-hour),Cancelled/ended
bh90210,FOX,One,Six (hour),Cancelled
turn-up-charlie,Netflix,One,Eight (half-hour),Cancelled
power-of-10,CBS,One,"16, two unaired (hour)",Cancelled/ended
why-women-kill,CBS All Access,Two,20 (hour),Cancelled
saint-george,FX,One,10 (half-hour),Cancelled
scream,MTV,Three,30 (hour),Cancelled
jonah-from-tonga,HBO,One,Six (half-hour),Has not been cancelled
ready-for-love,NBC,One,Nine (hour),Cancelled
designated-survivor,ABC,Three,53 (hour),Cancelled by ABC
salem,WGN America,Three,36 (hour),Cancelled
downward-dog,ABC,One,Eight (half-hour),Cancelled
star-trek-enterprise,UPN,Four,98 (hour),Cancelled/ended
mystery-girls,ABC Family,One,10 (half-hour),Has not been cancelled
hotel-hell,FOX,Ongoing,Ongoing (hour),Has not been cancelled
not-dead-yet,ABC,Ongoing,Ongoing (half-hour),Has not been cancelled
sundays-with-alec-baldwin,ABC,One,11 but two unaired (hour),Cancelled
tales-of-the-walking-dead,AMC,Ongoing,Ongoing (hour),Has not been cancelled
daktari,CBS,Four,89 (hour),Cancelled/ended
dead-of-summer,Freeform,One,10 (hour),Cancelled
becoming-elizabeth,Starz,One,Eight (hour),Cancelled
swingtown,CBS,One,13 (hour),Cancelled/ended
zoey-101,Nickelodeon,Four,65 (half-hour),Cancelled/ended
8-simple-rules-for-dating-my-teenage-daughter,ABC,Three,76 (half-hour),Cancelled/ended
take-the-money-and-run,ABC,One,Six (hour),Cancelled
extreme-makeover-home-edition,ABC,Nine,200 (hour),cancelled
lost,ABC,Six,121 (hour),Ended
mosaic,HBO,One,Six (hour),Ended
for-all-mankind,Apple TV+,Ongoing,Ongoing (hour),Has not been cancelled
mare-of-easttown,HBO,One,Seven (hour),Ended
ringer,The CW,One,22 (hour),Cancelled
trading-spouses-meet-your-new-mommy,FOX,Three,60 (hour),Cancelled/ended
21-jump-street,FOX,Five,103 (hour),Cancelled/ended
7th-heaven,"The WB, The CW",11,243 (hour),Cancelled/ended
legion,FX,Three,27 (hour),Ended
hells-kitchen,FOX,Ongoing,Ongoing (hour),Has not been cancelled
american-bandstand,"WFIL-TV, ABC, Syndicated, USA Network",37,"3,000 (approximate) (1 – 2.5 hours)",Cancelled/ended
tom-swift,The CW,One,10 (hour),Cancelled
the-a-team,NBC,Five,98 (hour),Cancelled/ended
18-to-life,"The CW, CBC",two,25 (half-hour),Cancelled
farmer-wants-a-wife,,,,
the-daily-show,,,,
for-the-people,ABC,Two,20 (hour),Has not been cancelled
safe,Netflix,Ongoing,Ongoing (hour),Has not been cancelled
abcs-the-lookout,ABC,One,15 (hour),Cancelled
breaking-in,FOX,Two,20 but 8 unaired (half-hour),Cancelled
kidnapped,NBC,One,"13, eight unaired (hour)",Cancelled/ended
king-maxwell,TNT,One,10 (hour),Cancelled
mythic-quest-ravens-banquet,AppleTV+,Ongoing,Ongoing (hour),Has not been cancelled
american-song-contest,NBC,Ongoing,Ongoing (two-hours),Has not been cancelled
killer-camp,The CW,Ongoing,Ongoing (hour),Has not been cancelled
my-big-fat-obnoxious-boss,FOX,One,"10, five unaired (hour)",Cancelled/ended
the-peter-lind-hayes-show,NBC,One,18 (half-hour),Cancelled
the-rook,Starz,One,Eight (hour),Cancelled
flatbush-misdemeanors,Showtime,Two,20 (half-hour),Cancelled
chance,Hulu,Two,20 (hour),Cancelled
the-job,CBS,One,Eight but six didn’t air (hour),Cancelled
the-larry-sanders-show,HBO,Six,89 (half-hour),Cancelled/ended
the-famous-adventures-of-mr-magoo,NBC,One,26 (half-hour),Cancelled
everythings-gonna-be-okay,Freeform,Two,20 (half-hour),Cancelled
da-vincis-demons,Starz,Three,28 (hour),Cancelled
cosmos-a-spacetime-odyssey,FOX,Two,26 (hour),Cancelled
get-out-alive-with-bear-grylls,NBC,One,Eight (hour),Cancelled
adventures-of-superman,first-run syndication,Six,104 (half-hour),Cancelled/ended
the-last-defense,ABC,One,Seven (hour),Ended
the-goldbergs,ABC,10,TBD (hour),Cancelled
even-stevens,Disney Channel,Three,67 (half-hour),Cancelled/ended
caprica,Syfy,One,18 (hour),Cancelled
icarly,Nickelodeon,Seven,109 (half-hour),Ended
lucifer,FOX,Six,93 (hour),Cancelled by FOX
the-oc,FOX,Four,92 (hour),Cancelled/ended
sally4ever,HBO,One,Seven (half-hour),Cancelled
how-to-live-with-your-parents-for-the-rest-of-your-life,ABC,One,13 (half-hour),Cancelled
schooled,ABC,Two,34 (half-hour),Cancelled
against-the-wall,Lifetime,One,13 (hour),Cancelled
the-beat,UPN,One,13 but seven did not air (hour),Cancelled/ended
zoo,CBS,Three,39 (hour),Cancelled
curfew,Spectrum,Ongoing,Ongoing (hour),Has not been cancelled
wipeout,ABC,Seven,137 (hour),Cancelled
family-tree,HBO,One,Eight (half-hour),Cancelled
waterfront,CBS,One,5 unaired (hour),Cancelled/ended
jane-by-design,ABC Family,One,18 (hour),Cancelled
suburgatory,ABC,Three,57 (half-hour),Cancelled
chapelwaite,EPIX,Ongoing,Ongoing (hour),Has not been cancelled
gotham,FOX,Five,100 (hour),Ended
emergence,ABC,One,13 (hour),Cancelled
leverage-redemption,IMDb TV,Ongoing,Ongoing (hour),Has not been cancelled
flip-that-house,TLC,Four,81 (half-hour),Cancelled/ended
run,HBO,One,Seven (half-hour),Ended
guys-with-kids,NBC,One,17,Cancelled
prison-break,FOX,Five,90 (hour),"Cancelled, then"
easy,Netflix,Three,25 (half-hour),Ended
the-bold-type,Freeform,Five,52 (hour),Ended
final-space,TBS,Ongoing,Ongoing,Has not been cancelled
shades-of-blue,NBC,Three,36 (hour),Cancelled
aj-and-the-queen,,One,10 (hour),Cancelled
great-chocolate-showdown,The CW,Ongoing,Ongoing (hour),Has not been cancelled
tell-me-you-love-me,HBO,One,10 (62 minutes),Cancelled/ended
six-feet-under,HBO,Five,63 (hour),Cancelled/ended
hit-the-road,Audience,Ongoing,Ongoing (half-hour),Has not been cancelled
seal-team,"CBS,",TBD,Seven (hour),Cancelled
breeders,FX,Four,40 (half-hour),Ended
behind-the-music,VH1,Ongoing,Ongoing (60 – 90 minutes),Has not ended
chuck,NBC,Five,91 (hour),Ended
the-split,SundanceTV,Three,18 (hour),Ending
the-cleaner,A&E,Two,26 (hour),Cancelled/ended
masters-of-illusion,"Pax TV, MyNetworkTV,",Ongoing,Ongoing (half-hour),Has not been cancelled
homicide-life-on-the-street,NBC,Seven,122 (hour),Cancelled/ended
the-oreilly-factor,Fox News Channel,2o,"5,321 (hour)",Cancelled
pussycat-dolls-present,The CW,Two,18 (hour),Cancelled/ended
9-1-1,FOX,Ongoing,Ongoing (hour),Has not been cancelled
the-good-lord-bird,Showtime,One,Seven (hour),Ended
californication,Showtime,Seven,84 (half-hour),Ended
the-hills,MTV,Six,102 (half-hour),Cancelled / ended
gypsy,Netflix,One,10 (hour),Cancelled
the-tick,FOX,One,"Nine, but one did not air (half-hour)",Cancelled/ended
life-sentence,The CW,One,13 (hour),Cancelled
la-to-vegas,FOX,One,15 (half-hour),Cancelled
the-rookie-feds,ABC,One,22 (hour),Cancelled
people-icons,ABC,One,Four (hour),Cancelled
angel,The WB,Five,110 (hour),Cancelled/ended
tyler-perrys-house-of-payne,TBS,Ongoing,Ongoing (half-hour),Cancelled/ended
for-life,ABC,Two,22 (hour),Cancelled
american-crime-story,FX,Ongoing,Ongoing (hour),Has not been cancelled
ncis-hawaii,CBS,Three,54 (hour),Cancelled
black-mirror,Netflix,Ongoing,Ongoing (hour),Has not been cancelled
sex-and-the-city,HBO,,"94 (half-hour), six seasons",
lets-be-real,FOX,One,Four (half-hour),Cancelled
the-singing-bee,"NBC, CMT",Five,66 (half-hour),"Cancelled by NBC after one season, picked up by CMT"
candy-crush,CBS,One,10 (hour),Cancelled
the-tunnel,PBS,Three,24 (hour),Ended
the-dr-keith-ablow-show,first-run syndication,Two,36 (hour),Cancelled/ended
the-modern-family,ABC,11,250 (half-hour),Ended
life-is-wild,The CW,One,13 (hour),Cancelled/ended
the-flintstones,ABC,Six,166 (half-hour),Cancelled/ended
instinct,CBS,Two,24 (hour),Cancelled
lincoln-rhyme-hunt-for-the-bone-collector,NBC,One,10 (hour),Cancelled
outcast,Cinemax,Two,20 (hour),Cancelled
queen-sugar,OWN,Seven,89 (hour),Ended
csi-vegas,CBS,Ongoing,Ongoing (hour),Has not been cancelled
do-not-disturb,FOX,One,"Five, two unaired (half-hour)",Cancelled/ended
debris,NBC,One,13 (hour),Cancelled
total-security,ABC,One,13 but only six aired (hour),Cancelled/ended
boston-public,FOX,Four,"81, but two did not air (hour)",Cancelled/ended
community,NBC,Six,110 (half-hour),Cancelled
samantha-who,ABC,Two,35 (half-hour),Cancelled/ended
splitting-up-together,ABC,Two,26 (half-hour),Cancelled
jane-the-virgin,The CW,Five,100 (hour),Ended
wilfred,FX,Four,49 (half-hour),Ended
tagthe-beast-must-die,,,,
dr-ken,,Two,44 (half-hour),Cancelled
the-four-battle-for-stardom,FOX,Two,28 (hour),Cancelled
heels,Starz,Two,16 (hour),Cancelled
saved-by-the-bell,NBC,Five,87 (half-hour),Cancelled/ended
diary-of-a-future-president,Disney+,Two,20 (half-hour),Cancelled
that-70s-show,FOX,Eight,201 (half-hour),Cancelled/ended
foundation,Apple TV+,Ongoing,Ongoing (hour),Has not been cancelled
shit-my-dad-says,CBS,One,18 (half-hour),Cancelled
st-elsewhere,NBC,Six,137 (hour),Cancelled/ended
the-dark-crystal-age-of-resistance,Netflix,One,10 (hour),Cancelled
mad-love,CBS,One,13 (half-hour),Cancelled
continuum,Syfy,Four,42 (hour),Ended
shining-vale,Starz,Two,16 (half-hour),Cancelled
the-outsider,HBO,One,10 (hour),Has not been cancelled
dark-shadows-1991,NBC,One,12 (hour),Cancelled/ended
mister-ed,"first-run syndication, CBS",Six,144 (half-hour),Cancelled/ended
mad-dogs,Amazon,One,10 (hour),Cancelled/ended
videos-after-dark,ABC,One,Two (half-hour),Cancelled
get-shorty,EPIX,Ongoing,Ongoing (hour),Has not been cancelled
phyllis,CBS,Two,48 (half-hour),Cancelled/ended
flash-gordon-2007,Sci Fi,One,22 (hour),Cancelled/ended
deputy,FOX,One,13 (hour),Cancelled
growing-pains,ABC,Seven,166 (half-hour),Cancelled/ended
the-morning-show-with-mike-and-juliet,first-run syndication,Two,unknown (hour),Cancelled/ended
parks-and-recreation,NBC,Seven,125 (half-hour),Ended
13-reasons-why,Netflix,Four,49 (hour),Ended
are-you-there-chelsea,NBC,One,12 (half-hour),Cancelled
bet-on-your-baby,ABC,Two,16 (hour),Cancelled
masters-of-sex,Showtime,Four,46 (hour),Cancelled
bones,,12,246 (hour),Ended
the-haves-and-the-have-nots,OWN,Eight,196 (hour),Ended
macgyver-2016,CBS,Five,94 (hour),Cancelled
minority-report,FOX,One,10 (hour),Cancelled
rellik,Cinemax,Ongoing,Ongoing (hour),Has not been cancelled
star-falls,Nickelodeon,Ongoing,Ongoing (half-hour),Has not been cancelled
the-brady-brides,NBC,One,10 (half-hour),Cancelled/ended
off-the-map,ABC,One,13 (hour),Cancelled
colony,USA Network,Three,36 (hour),Cancelled
the-mary-tyler-moore-show,CBS,Seven,168 (half-hour),Cancelled/ended
the-masked-dancer,FOX,One,Nine (hour),Cancelled
daybreak,Netflix,One,10 (hour),Cancelled
head-case,Starz,Three,28 (15-30 minutes),Cancelled
atypical,Netflix,Four,38 (hour),Ended
the-following,FOX,Three,45 (hour),Cancelled
the-gifted,FOX,Two,29 (hour),Cancelled
braindead,CBS,One,13 (hour),Cancelled
significant-mother,The CW,One,Nine (half-hour),Cancelled/Ended
pen15,Hulu,Two,25 (half-hour),Ended
power-book-iv-force,Starz,Ongoing,Ongoing (hour),Has not been cancelled
mind-games,ABC,One,13 but eight unaired (hour),Cancelled
ozark,Netflix,Four,44 (hour),Ended
day-break,ABC,One,13 but seven didn’t air (hour),Cancelled/ended
queen-of-the-south,USA Network,Five,62 (hour),Ended
george-lopez,ABC,Six,120 (half-hour),Cancelled/ended
the-last-post,Amazon,One,Six (hour),Cancelled
howie-do-it,NBC,One,20 (half-hour),Cancelled/ended
silk-stalkings,"CBS, USA",Eight,176 (hour),Cancelled/ended
home-free,FOX,Ongoing,Ongoing (hour),Has not been cancelled
ten-days-in-the-valley,ABC,One,10 (hour),Ended
call-me-kat,FOX,Three,53 (half-hour),Cancelled
a-different-world,NBC,Six,144 (half-hour),Cancelled/ended
emerald-city,NBC,One,10 (hour),Cancelled
no-activity,CBS All Access,Ongoing,Ongoing (half-hour),Has not been cancelled
felicity,The WB,Four,84 (hour),Cancelled
ducktales,first-run syndication,Two,100 (half-hour),Cancelled/ended
skymed,Paramount+,Ongoing,Ongoing (hour),Has not been cancelled
beverly-hills-nannies,,,,
twenties,BET,Ongoing,Ongoing (half-hour),Has not been cancelled
breaking-bad,AMC,Five,62 (hour),Ended
mr-box-office,first-run syndication,One,at least 104 (half-hour),Has not been cancelled
wynonna-earp,Syfy,Four,49 (hour),Cancelled
the-hardy-boys,first-run syndication,One,13 (half-hour),Cancelled/ended
mr-mayor,NBC,Two,20 (half-hour),Cancelled
whiskey-cavalier,ABC,One,13 (hour),Cancelled
the-hustler,ABC,Two,19 (hour),Cancelled
americas-got-talent-extreme,NBC,One,Four (two-hours),Cancelled
silicon-valley,HBO,Six,53 (half-hour),Ended
american-dream-builders,NBC,One,10 (hour),Cancelled
csi-ny,CBS,Nine,197 (hour),Cancelled
the-man-who-fell-to-earth,Showtime,One,10 (hour),Cancelled
the-unusuals,ABC,One,10 (hour),Cancelled/ended
the-secret-circle,The CW,One,22 (hour),Cancelled
clipped,TBS,One,10 (half-hour),Cancelled
promised-land,,,,
will-trent,ABC,Ongoing,Ongoing (hour),Has not been cancelled
fear-the-walking-dead,AMC,Eight,113 (hour),Cancelled
witches-of-east-end,Lifetime,Two,23 (hour),Cancelled
ransom,CBS,Three,39 (hour),Cancelled
the-grinder,FOX,One,22 (half-hour),Cancelled
the-starter-wife,USA,One,10 (hour),Cancelled/ended
the-winner,FOX,One,Six (half-hour),Cancelled/ended
bachelor-winter-games,ABC,One,Five (two-hour),Ended
whos-still-standing,NBC,One,Nine (hour),Cancelled
the-marriage-ref,NBC,Two,20 (hour),Cancelled
buffy-the-vampire-slayer,"The WB, UPN",Seven,144 (hour),Cancelled/ended
the-sing-off,NBC,Five,28 (hour),Cancelled
ginny-georgia,Netflix,Ongoing,Ongoing (hour),Has not been cancelled
3-lbs,CBS,One,"Eight, five unaired (hour)",Cancelled
the-colbys,ABC,Two,49 (hour),Cancelled/ended
bad-teacher,CBS,One,13 (half-hour),Cancelled
twins,The WB,One,18 (half-hour),Cancelled/ended
mindhunter,Netflix,Two,19 (hour),Ended
the-muppet-show,first-run syndication,Five,120 (half-hour),Cancelled/ended
me-myself-i,CBS,One,13 (half-hour),Cancelled
scandal,ABC,Seven,124 (hour),Ended
tabitha,ABC,One,12 (half-hour),Cancelled/ended
the-alienist,TNT,Two,18 (hour),Cancelled
meet-the-browns,TBS,Five,140 (half-hour),Cancelled/ended
hercules-the-legendary-journeys,"USA, first-run syndication",Six,111 (hour),Cancelled/ended
pure-genius,CBS,One,13 (hour),Cancelled
green-acres,CBS,Six,170 (half-hour),Cancelled/ended
the-exes,TV Land,Four,64 (half-hour),Cancelled
flash-gordon-1979,NBC,Two,24 (half-hour),Cancelled/ended
the-politician,Netflix,Ongoing,Ongoing (hour),Has not been cancelled
boardwalk-empire,HBO,Five,56 (hour),Ended
call-the-midwife,PBS,Ongoing,Ongoing (hour),Has not been cancelled
the-beast,A&E,One,13 (hour),Cancelled/ended
underground,WGN America,Two,20 (hour),Cancelled
seven-seconds,Netflix,One,10 (hour),Cancelled
american-gladiators-2008,NBC,Two,20 (one – two hours),Cancelled/ended
notorious,ABC,One,10 (hour),Cancelled
person-of-interest,CBS,Five,103 (hour),Cancelled
psych,USA,Eight,121 (hour),Ended
beat-shazam,FOX,Ongoing,Ongoing (hour),Has not been cancelled
animal-control,FOX,Ongoing,Ongoing (half-hour),Has not been cancelled
y-the-last-man,FX on Hulu,One,10 (hour),Cancelled
bosch,Amazon Prime Video,Seven,68 (hour),Ended
the-bonnie-hunt-show-2008,first-run syndication,Two,348 (hour),Cancelled
doctor-who-2005,BBC One,Ongoing,Ongoing (hour),Has not been cancelled
cb-strike,Cinemax,Ongoing,Ongoing (hour),Has not been cancelled
tageast-new-york,,,,
guiding-light,CBS,57,"15,762 (15 minutes, half-hour, hour)",Cancelled
i-love-lucy,CBS,Six,180 (half-hour),Cancelled/ended
karaoke-battle-usa,ABC,One,Six (hour),Cancelled
er,NBC,15,332 (hour),
patriot,Amazon,Two,18 (hour),Cancelled
united-we-fall,ABC,One,Eight (half-hour),Cancelled
sweetbitter,Starz,Two,14 (half-hour),Cancelled
friends-with-benefits,NBC,One,13 but only 12 aired (half-hour),Cancelled
100-code,WGN America,One,12 (hour),Cancelled
the-bachelorette,ABC,Ongoing,Ongoing (hour),Has not been cancelled
the-handmaids-tale,Hulu,Six,TBD (hour),Ending
your-family-or-mine,TBS,One,10 (half-hour),Cancelled
the-oval,BET,Ongoing,Ongoing (hour),Has not been cancelled
the-young-and-the-restless,CBS,Ongoing,Ongoing (hour),Has not been cancelled
fly-girls,The CW,One,Eight (half-hour),Cancelled
grandfathered,FOX,One,22 (half-hour),Cancelled
stalker,CBS,One,20 (hour),Cancelled
john-from-cincinnati,HBO,One,10 (hour),Cancelled/ended
zach-stone-is-gonna-be-famous,MTV,One,12 (half-hour),Cancelled
the-new-adventures-of-gilligan,ABC,,"24 (half-hour), two seasons",Cancelled/ended
perception,TNT,Three,39 (hour),Cancelled
miracle-workers,TBS,Four,37 (half-hour),Cancelled
remington-steele,NBC,Five,94 (hour),Cancelled/ended
cane,CBS,One,13 (hour),Cancelled/ended
get-smart,,Five,138 (half-hour),Cancelled/ended
im-sorry,truTV,Two,20 (half-hour),Cancelled
will-grace,NBC,11,246 (half-hour),Ended
rutherford-falls,Peacock,Two,18 (half-hour),Cancelled
clueless,"ABC, UPN",Three,62 (half-hour),Cancelled/ended
two-and-a-half-men,CBS,12,262 (half-hour),Ended
jake-in-progress,ABC,Two,"21, seven unaired (half-hour)",Cancelled/ended
justified,FX,Six,78 (hour),Ended
the-walking-dead-world-beyond,AMC,Two,20 (hour),Ended
the-republic-of-sarah,,,,
the-idol,HBO,One,Five (hour),Cancelled
walker,The CW,Ongoing,Ongoing (hour),Has not been cancelled
krypton,Syfy,Two,20 (hour),Cancelled
the-order,Netflix,Two,20 (hour),Cancelled
gcb,ABC,One,10 (hour),Cancelled
the-voice,NBC,Ongoing,Ongoing (1-2 hours),Has not been cancelled
good-behavior,TNT,Two,20 (hour),Cancelled
do-no-harm,NBC,One,13 (hour),Cancelled
containment,The CW,One,13 (hour),Cancelled
the-beautiful-life,The CW,One,"Six, but only two aired (hour)",Cancelled/ended
real-rob,Netflix,Ongoing,Ongoing (half-hour),Has not been cancelled
the-dating-game,ABC,Eight,unknown (half-hour),Cancelled/ended
tagthe-end,,,,
lopez-vs-lopez,NBC,Ongoing,Ongoing (hour),Has not been cancelled
wellington-paranormal,The CW,Four,25 (half-hour),Ended
the-two-coreys,A&E,Two,21 (half-hour),Cancelled
mad-about-you,NBC,Ongoing,Ongoing (half-hour),"Ended after seven seasons on NBC,"
lets-stay-together,BET,Four,55 (half-hour),Cancelled
the-village,NBC,One,10 (hour),Cancelled
saved-by-the-bell-the-new-class,NBC,Seven,143 (half-hour),Cancelled/ended
single-parents,ABC,Two,45 (half-hour),Cancelled
the-whole-truth,ABC,One,13 (hour),Cancelled
perfect-score,The CW,One,12 (half-hour),Cancelled
haven,Syfy,Five,78 (hour),Cancelled
rising-star,ABC,One,10 (two hours),Cancelled
cedrics-barber-battle,The CW,One,10 (half-hour),Cancelled/Ended
reacher,Amazon Prime Video,Ongoing,Ongoing (hour),Has not been cancelled
greatest-hits,ABC,One,Seven (hour),Cancelled
how-we-roll,CBS,One,11 (half-hour),Cancelled
the-leftovers,HBO,Three,28 (hour),Ended
true-jackson-vp,Nickelodeon,Three,60 (half-hour),Cancelled
shark,CBS,Two,38 (hour),Cancelled/ended
dublin-murders,Starz,Ongoing,Ongoing (hour),Has not been cancelled
lucky-7,ABC,One,Eight but six unaired (hour),Cancelled
teenage-bounty-hunters,Netflix,One,10 (hour),
sanford-son,NBC,Six,135 (half-hour),Cancelled/ended
stargate-universe,Syfy,Two,40 (hour),Cancelled
party-of-five-2020,Freeform,One,,Cancelled
the-pretender,NBC,Four,86 (hour),Cancelled/ended
flashforward,ABC,One,22 (hour),Cancelled
conviction,NBC,One,13 (hour),Cancelled/ended
labor-of-love,FOX,Ongoing,Ongoing (hour),Has not been cancelled
kings,NBC,One,13 (hour),Cancelled
mcmafia,AMC,Ongoing,Ongoing (hour),Has not been cancelled
the-simpsons,FOX,Ongoing,Ongoing (half-hour),
falling-water,USA Network,Two,20 (hour),Cancelled
state-of-affairs,NBC,One,13 (hour),Cancelled
journeyman,NBC,One,13 (hour),Cancelled/ended
star-trek-deep-space-nine,first-run syndication,Seven,176 (hour),Cancelled/ended
petticoat-junction,CBS,Seven,222 (half-hour),Cancelled
killing-eve,BBC America,Four,32 (hour),Ended
the-mist,Spike TV,One,10 (hour),Cancelled
the-alec-baldwin-show,ABC,One,11 but two unaired (hour),Cancelled
alexa-katie,Netflix,Three,39 (half-hour),Ended
f-is-for-family,Netflix,Five,44 (half-hour),Ended
v-wars,Netflix,One,10 (hour),Cancelled
the-jeffersons,CBS,11,253 (half-hour),Cancelled/ended
same-name,CBS,One,Six but only four aired (hour),Cancelled
crashing,HBO,Ongoing,Ongoing (half-hour),Cancelled
the-fall,Netflix,Three,16 (hour),Ending
desperate-housewives,ABC,Eight,180 (hour),Ended
star,FOX,Three,48 (hour),Cancelled
the-alvin-show,CBS,One,26 (half-hour),Cancelled/ended
bitten,Syfy,Three,30 (hour),Cancelled
greek,ABC Family,Four,74 (hour),Cancelled/ended
ghost-wars,Syfy,One,13 (hour),Cancelled
cleverman,SundanceTV,Ongoing,Ongoing (hour),Has not been cancelled
the-lottery,Lifetime,One,10 (hour),Cancelled
moonbase-8,Showtime,Ongoing,Ongoing (half-hour),Has not been cancelled
brothers-2009,FOX,One,13 (half-hour),Cancelled
saturday-night-live-weekend-update-summer-edition,NBC,One,Three (half-hour),Ended/cancelled
welcome-to-the-captain,CBS,One,Five (half-hour),Cancelled/ended
cruel-summer,Freeform,Two,20 (hour),Cancelled
the-tick-2016,Amazon,Two,22 (half-hour),Cancelled
kitchen-nightmares,,Ongoing,Ongoing (hour),Ended
kevin-can-fk-himself,AMC,Two,18 (hour),Ended
house-of-the-dragon,HBO,Ongoing,Ongoing (hour),Has not been cancelled
close-to-home,CBS,Two,44 (hour),Cancelled/ended
let-the-world-see,ABC,One,Three (hour),Ended
youre-the-worst,FX,Five,62 (half-hour),Ended
celebrity-jeopardy,ABC,Ongoing,Ongoing (hour),Has not been cancelled
generation,HBO Max,One,16 (half-hour),Cancelled
beauty-and-the-beast-2012,The CW,Four,70 (hour),Ended
big-mouth,Netflix,Eight,TBD (half-hour),Ending
clubhouse,CBS,One,12 but only five aired (hour),Cancelled/ended
dexter,Showtime,Eight,96 (hour),Ended
dirt,FX,Two,20 (hour),Cancelled/ended
pivoting,FOX,One,10 (half-hour),Cancelled
gi-joe,first-run syndication,Two,95 (half-hour),Cancelled/ended
newsradio,NBC,Five,97 (half-hour),Cancelled/ended
the-mosquito-coast,Apple TV+,Two,17 (hour),Cancelled
love-thy-neighbor,OWN,Four,114 (half-hour),Ended
big-fan,ABC,One,Four (half-hour),Cancelled
valley-of-the-dinosaurs,CBS,One,16 (half-hour),Cancelled
gang-related,FOX,One,13 (hour),Cancelled
george-tammy,Showtime,One,Six (hour),Ending
series-unfortunate-events,Netflix,Three,25 (hour),Ended
marvels-cloak-dagger,Freeform,Two,20 (hour),Cancelled
life,NBC,Two,32 (hour),Cancelled
private-eyes,ION,Five,60 (hour),Ending
joe-pickett,Spectrum Originals,Two,20 (hour),Cancelled
reunion,FOX,,"13 but only nine aired (hour), one season",
american-inventor,ABC,Two,19 (hour),Cancelled/ended
impastor,TV Land,Two,20 (half-hour),Cancelled
law-order-organized-crime,NBC,Ongoing,Ongoing (hour),Has not been cancelled
pee-wees-playhouse,CBS,Five,45 (half-hour),Cancelled/ended
blood-drive,Syfy,One,13 (hour),Cancelled
american-gigolo,Showtime,One,Eight (hour),Cancelled
holey-moley,ABC,Ongoing,Ongoing (hour),Has not been cancelled
v-2009,ABC,One,22 (hour),Cancelled
columbo,NBC,Seven,43 (90-120 minutes),Cancelled/ended
greatest-geek-year-ever,The CW,Ongoing,Ongoing (hour),Has not been cancelled
limitless,CBS,One,22 (hour),Cancelled
joey,NBC,Two,"46, eight unaired (half-hour)",Cancelled/ended
dangerous-book-for-boys,Amazon,One,Six (half-hour),Cancelled
who-do-you-think-you-are,NBC,Ongoing,Ongoing (hour),Cancelled by NBC
kid-nation,CBS,One,13 (hour),Cancelled/ended
the-terror,AMC,Ongoing,Ongoing (hour),Has not been cancelled
life-goes-on,ABC,Four,83 (hour),Cancelled
rita-rocks,Lifetime,Two,40 (half-hour),Cancelled
empire,FOX,Six,102 (hour),Ended
loudermilk,Audience,Ongoing,Ongoing (half-hour),Has not been cancelled
bob,CBS,Two,"33, three unaired (half-hour)",Cancelled/ended
six-degrees,ABC,,"13, only eight aired (hour), one season",Cancelled/ended
alphas,Syfy,Two,24 (hour),Cancelled
spin-the-wheel,FOX,One,10 (hour),Cancelled
the-messengers,The CW,One,13 (hour),Cancelled
the-genetic-detective,ABC,One,Six (hour),Cancelled
firefly,FOX,One,14 (hour),Cancelled
franklin-bash,TNT,Four,40 (hour),Cancelled
the-carol-burnett-show,CBS,11,278 (hour),Cancelled/ended
the-lincoln-lawyer,Netflix,Ongoing,Ongoing (hour),Has not been cancelled
hellcats,The CW,One,22 (hour),Cancelled
on-becoming-a-god-in-central-florida,Showtime,One,10 (hour),Cancelled
the-righteous-gemstones,HBO,Ongoing,Ongoing (half-hour),Has not been cancelled
rizzoli-isles,TNT,Seven,105 (hour),Cancelled
the-wheel,NBC,One,10 (hour),Cancelled
bionic-woman-2007,NBC,One,Eight (hour),Cancelled/ended
teachers-2016,TV Land,Three,50 (half-hour),Cancelled
damages,"FX, DirecTV’s Channel 101",Five,59 (hour),Cancelled
insatiable,Netflix,Two,22 (hour),Cancelled
no-ordinary-family,ABC,One,20 (hour),Cancelled
the-jay-leno-show,NBC,One,95 (hour),Cancelled
war-of-the-worlds,EPIX,Ongoing,Ongoing (hour),Has not been cancelled
tru-calling,FOX,Two,"26, but one did not air (hour)",Cancelled/ended
csi-crime-scene-investigation,CBS,15,337 (hour) including finale movie,Cancelled
magnum-pi-2018,CBS,Five,96 (hour),Cancelled by CBS
marvels-the-defenders,Netflix,Ongoing,Ongoing (hour),Ended/cancelled
cheers,NBC,11,274 (half-hour),Ended
the-protector,Lifetime,One,13 (hour),Cancelled
into-the-badlands,AMC,Three,32 (hour),Cancelled
dispatches-from-elsewhere,AMC,Ongoing,Ongoing (hour),Has not been cancelled
alias,ABC,Five,105 (hour),Cancelled/ended
frank-tv,TBS,One,15 (half-hour),Cancelled/ended
common-law,USA,One,12 (hour),Cancelled
hunted,CBS,One,Eight (hour),Ended
homeland-security-usa,ABC,One,13 (hour),Cancelled/ended
unforgettable,CBS,Four,61 (hour),Cancelled
tagschmigadoon,,,,
kung-fu,ABC,Three,60 (hour),Cancelled/ended
undercovers,NBC,One,13 (hour),Cancelled
mr-inbetween,FX,Three,26 (half-hour),Ended
the-serpent-queen,Starz,Ongoing,Ongoing (hour),Has not been cancelled
passions,"NBC, DirecTV",,"2,231 (hour), nine seasons",
family-tools,ABC,One,10 (half-hour),Cancelled
the-dresden-files,Sci Fi,One,12 (hour),Cancelled/ended
miss-guided,ABC,One,Seven (half-hour),Cancelled/ended
superfan,CBS,Ongoing,Ongoing (hour),Has not been cancelled
young-hungry,ABC Family / Freeform,Five,71 (half-hour),Cancelled
rules-of-engagement,CBS,Seven,100 (half-hour),Cancelled
jonny-quest,ABC,One,26 (half-hour),Cancelled/ended
heartland,UP TV,Ongoing,Ongoing (hour),Has not been cancelled
the-blacklist,NBC,10,218 (hour),Ended
the-walking-dead-dead-city,AMC,Ongoing,Ongoing (hour),Has not been cancelled
under-the-dome,CBS,Three,39 (hour),Cancelled
the-boondocks,Adult Swim,Four,65 (half-hour),Ending
the-michael-j-fox-show,NBC,One,22 but seven unaired (half-hour),Cancelled
taken,,Two,26 (hour),Cancelled
the-umbrella-academy,Netflix,Four,40 (hour),Ending
the-awesomes,Hulu,Three,30 (half-hour),Cancelled
the-gong-show,ABC,Two,20 (hour),Presumed cancelled
the-missing,Starz,Two,16 (hour),Cancelled
its-worth-what,NBC,One,Nine (hour),Cancelled
almost-family,FOX,One,13 (hour),Cancelled
10-things-i-hate-about-you,ABC Family,Two,20 (half-hour),Cancelled
super-pumped,Showtime,Ongoing,Ongoing (hour),Has not been cancelled
tidelands,Netflix,Ongoing,Ongoing (hour),Has not been cancelled
nashville,FOX,One,"Six, four unaired (hour)",Cancelled/ended
a-wicked-offer,The CW,One,Eight (hour),Cancelled/Ended
the-dick-van-dyke-show,CBS,Five,158 (half-hour),Cancelled/ended
chase,NBC,One,18 (hour),Cancelled
medical-center,CBS,Seven,171 (hour),Cancelled or ended
siberia,NBC,One,11 (hour),Cancelled
laverne-shirley,ABC,Eight,178 (half-hour),Cancelled/ended
capital-one-college-bowl,NBC,Ongoing,Ongoing (hour),Has not been cancelled
kicking-screaming,FOX,Ongoing,Ongoing (hour),Has not been cancelled
welcome-to-new-york,CBS,One,"16, but only 13 aired (half-hour)",Cancelled/ended
life-on-mars,BBC,Two,16 (hour),Cancelled/ended
spider-man-the-new-animated-series,MTV,One,13 (half-hour),Cancelled/ended
the-fugitive,ABC,Four,120 (hour),Cancelled/ended
deception-2018,ABC,One,13 (hour),Cancelled
ghosted,FOX,One,16 (half-hour),Cancelled
alf,NBC,Four,102 (half-hour),Cancelled/ended
the-white-queen,Starz,One,10 (hour),Ended/cancelled
the-catch,ABC,Two,20 (hour),Cancelled
picket-fences,CBS,Four,88 (hour),Cancelled/ended
team-knight-rider,first-run syndication,One,22 (hour),Cancelled/ended
project-mc2,Netflix,Ongoing,Ongoing (half-hour),Has not been cancelled
one-dollar,CBS All Access,One,10 (hour),Cancelled
the-way-home,Hallmark Channel,Ongoing,Ongoing (hour),Has not been cancelled
the-cool-kids,FOX,One,22 (half-hour),Cancelled
easy-money,The CW,One,Seven (hour),Cancelled/ended
second-chance,FOX,One,11 (hour),Cancelled
30-rock,NBC,Seven,138 (half-hour),Ended
skating-with-celebrities,FOX,One,Six (hour),Cancelled/ended
kidding,Showtime,Two,20 (half-hour),Cancelled
im-dying-up-here,Showtime,Two,20 (hour),Cancelled
48-hours-ncis,CBS,Ongoing,Ongoing (hour),Has not been cancelled
malcolm-in-the-middle,FOX,Seven,151 (half-hour),Cancelled/ended
molto-mario,Food Network,Eight,263 (half-hour),Cancelled/ended
family-ties,NBC,Seven,180 (half-hour),Cancelled/ended
step-by-step,"ABC, CBS",Seven,160 (half-hour),Cancelled/ended
mulaney,FOX,One,13 (half-hour),Cancelled
tulsa-king,Paramount+,Ongoing,Ongoing (hour),Has not been cancelled
the-guardian,CBS,Three,67 (hour),Cancelled/ended
the-feed,Prime Video,Ongoing,Ongoing (hour),Has not been cancelled
the-bastard-executioner,FX,One,10 (hour),Cancelled
the-last-of-us,HBO,Ongoing,Ongoing (hour),Has not been cancelled
man-from-atlantis,NBC,One,13 (hour),Cancelled
the-man-in-the-high-castle,Amazon,Four,40 (hour),Ended
ap-bio,NBC,Four,42 (half-hour),Cancelled
100000-pyramid-2016,ABC,Ongoing,Ongoing (hour),Has not been cancelled
detroiters,Comedy Central,Two,20 (half-hour),Cancelled
ratched,Netflix,One,Eight (hour),Cancelled
game-of-thrones,HBO,Eight,73 (hour),Ended
spider-man-unlimited,FOX,One,13 (half-hour),Cancelled/ended
woke,Hulu,Two,16 (half-hour),Cancelled
the-gilded-age,HBO,Ongoing,Ongoing (hour),Has not been cancelled
school-of-rock,Nickelodeon,Three,45 (half-hour),Cancelled
starstruck,HBO Max,Ongoing,Ongoing (half-hour),Has not been cancelled
project-blue-book,History,Two,20 (hour),Cancelled
roswell-new-mexico,The CW,Four,52 (hour),Cancelled
satisfaction,USA,Two,20 (hour),Cancelled
bucket-skinners-epic-adventures,Nickelodeon,One,26 (?) but only 18 aired (half-hour),Cancelled
extras,HBO,Two,"13 (half-hour, 90 minute finale)",Cancelled/ended
3,CBS,One,Eight (hour),Cancelled
high-school-musical-get-in-the-picture,ABC,One,11 (hour),Cancelled/ended
hidden-palms,The CW,One,Eight (hour),Cancelled/ended
celebrity-family-feud-2015,ABC,Ongoing,Ongoing (hour),Has not been cancelled
hitched-or-ditched,The CW,One,Six (half-hour),Cancelled
pimp-my-ride,MTV,Six,73 (half-hour),Cancelled/ended
louie,FX,Five,61 (half-hour),Cancelled
bear-in-the-big-blue-house,Disney Channel,Four,119 (half-hour),Cancelled/ended
the-ark,Syfy,Ongoing,Ongoing (hour),Has not been cancelled
kevin-can-wait,,Two,48 (half-hour),Cancelled
american-gods,Starz,Three,26 (hour),Cancelled
raising-dion,Netflix,Two,17 (hour),Cancelled
the-bear,FX on Hulu,Ongoing,Ongoing (half-hour),Has not been cancelled
the-inbetweeners,MTV,One,12 (half-hour),Cancelled
the-american-baking-competition,CBS,One,Seven (hour),Cancelled
the-vampire-diaries,The CW,Eight,171 (hour),Ended
marvels-daredevil,Netflix,Three,39 (hour),Cancelled
the-late-show-starring-joan-rivers,FOX,Three,Unknown (hour),Cancelled/ended
million-dollar-password,CBS,Two,12 (hour),Cancelled
hell-on-wheels,AMC,Five,57 (hour),Ended
dirty-john,Bravo,Ongoing,Ongoing (hour),Has not been cancelled
terriers,FX,One,13 (hour),Cancelled
20-20,ABC,Ongoing,Ongoing (hour),Has not been cancelled
the-brink,HBO,One,10 (half-hour),Renewed but then cancelled
big-brother,CBS,Ongoing,Ongoing (two hours),Has not been cancelled
children-ruin-everything,The CW,Ongoing,Ongoing (half-hour),Has not been cancelled
the-100,The CW,Seven,100 (hour),Ended
cbsn-on-assignment,CBS,One,Four (hour),Cancelled/ended
mixology,ABC,One,13 (half-hour),Cancelled
broad-city,Comedy Central,Five,50 (half-hour),Ended
atlanta,FX,Four,41 (half-hour),Ended
sports-night,ABC,Two,45 (half-hour),Cancelled/ended
bachelor-pad,ABC,Three,20 (two hours),Cancelled
monk,USA,Eight,125 (hour),Cancelled/ended
happy,Syfy,Two,18 (hour),Cancelled
turn,AMC,Four,40 (hour),Cancelled/Ended
lucky-louie,HBO,One,"13, one unaired (half-hour)",Cancelled/ended
reno-911,"Comedy Central, Quibi",Seven,"88 half-hour, 25 seven-minutes",Cancelled
celebrity-wife-swap,ABC,Four,40 (hour),Cancelled
ncis,CBS,Ongoing,Ongoing (hour),Has not been cancelled
room-104,HBO,Four,48 (half-hour),Ended
insecure,HBO,Five,44 (half-hour),Ended
rock-center-with-brian-williams,NBC,Two,76 (hour),Cancelled
sneak-previews,"PBS, First-run syndication",21,Unknown (half-hour),Cancelled
rap-sht,HBO Max,Ongoing,Ongoing (hour),Has not been cancelled
the-endgame,NBC,One,10 (hour),Cancelled
detroit-1-8-7,ABC,One,18 (hour),Cancelled
manifest,NBC,Four,62 (hour),Cancelled by NBC
madtv,FOX,14,"321 on FOX, Ongoing on CW (one hour)","Cancelled,"
freddys-nightmares,first-run syndication,Two,44 (hour),Cancelled/ended
project-runway,Bravo,Ongoing,Ongoing (hour),Has not been cancelled
rectify,SundanceTV,Four,30 (hour),Ending
true-blood,HBO,Seven,80 (hour),Ended
spotless,Esquire Network,Ongoing,Ongoing (hour),Has not been cancelled
its-always-sunny-in-philadelphia,"FX, FXX",10,Ongoing (half-hour),Ending with season 10
wu-tang-an-american-saga,,,,
backstrom,FOX,One,13 (hour),Cancelled
bates-motel,A&E,Five,50 (hour),Ended
the-island,NBC,Ongoing,Ongoing (hour),Has not been cancelled
the-wire,HBO,Five,60 (hour),Cancelled/ended
glow,Netflix,Three,30 (half-hour),Cancelled
dateline,NBC,Ongoing,Ongoing (hour),Has not been cancelled
heathers,Paramount Network,Ongoing,Ongoing (hour),Has not been cancelled
home-economics,ABC,Three,42 (half-hour),Cancelled
dead-like-me,Showtime,Two,29 (hour),Cancelled/ended
bomb-girls,Reelz,Two,18 (hour) + two-hour movie,Cancelled
the-12-hour-news-hour,Fox News Channel,One,17 (half-hour),Cancelled/ended
legacies,The CW,Four,68 (hour),Cancelled
late-night-with-conan-obrien,NBC,16,"2,725 (hour)",Ended
southland,"NBC, TNT",Five,43 (hour),Cancelled by NBC
hoops,Netflix,Ongoing,Ongoing (half-hour),Has not been cancelled
running-wilde,FOX,One,13 but only eight aired (half-hour),Cancelled
work-in-progress,Showtime,Two,18 (half-hour),Cancelled
spinning-out,Netflix,One,10 (hour),Cancelled
tracey-ullmans-show,HBO,Three,18 (half-hour),Cancelled
claws,TNT,Four,40 (hour),Ended
ally-mcbeal,FOX,Five,112 (hour),Cancelled/ended
little-america,Apple TV+,Ongoing,Ongoing (half-hour),Has not been cancelled
love-connection,FOX,Two,28 (hour),Cancelled
gravity,Starz,One,10 (half-hour),Cancelled
new-girl,FOX,Seven,146 (half-hour),Ended
disjointed,Netflix,Two,20 (half-hour),Cancelled
survivor,CBS,Ongoing,Ongoing (hour),Has not been cancelled
at-the-movies-with-gene-siskel-and-roger-ebert,First-run syndication,Eight,Unknown (half-hour),Cancelled
my-own-worst-enemy,NBC,One,Nine (hour),Cancelled
roswell,"The WB, UPN",Three,61 (hour),Cancelled/ended
head-cases,FOX,One,"Six, four unaired (hour)",Cancelled/ended
go-on,NBC,One,22 (half-hour),Cancelled
the-celebrity-apprentice,NBC,Eight,90 (hour),Cancelled
Bobs-burgers,FOX,Ongoing,Ongoing (half-hour),Has not been cancelled
the-art-of-more,Crackle,Two,20 (hour),Cancelled
scrubs,"NBC, ABC",Nine,182 (half-hour),
minx,Max,Ongoing,Ongoing (half-hour),Has not been cancelled
flashpoint,"CBS, ION",Five,75 (hour),Ended
playing-house,USA Network,Three,26 (half-hour),Cancelled
housebroken,FOX,Ongoing,Ongoing (half-hour),Has not been cancelled
the-other-half,first-run syndication,Two,329 (hour),Cancelled/ended
thats-so-raven,Disney Channel,Four,100 (half-hour),Cancelled/ended
the-x-files,FOX,11,218 (hour),"Ended,"
riot,FOX,One,Eight but four unaired (hour),Cancelled
americas-got-talent-the-champions,NBC,Two,14 (two-hours),Cancelled
recipe-for-disaster,The CW,One,13 (half-hour),Cancelled
the-nine-lives-of-chloe-king,ABC Family,One,10 (hour),Cancelled
american-gothic,CBS,One,13 (hour),Cancelled
pam-tommy,Hulu,One,Eight (hour),Ended
day-of-the-dead,Syfy,Ongoing,Ongoing (hour),Has not been cancelled
twisted,ABC Family,One,19 (hour),Cancelled
being-reuben,The CW,One,12 (half-hour),Cancelled
still-star-crossed,ABC,One,Seven (hour),Cancelled
two-sentence-horror-stories,The CW,Ongoing,Ongoing (half-hour),Has not been cancelled
red-bull-peaking,The CW,One,Eight (half-hour),Cancelled
small-fortune,NBC,One,Six (hour),Cancelled
ride,Hallmark Channel,One,10 (hour),Cancelled
the-king-of-queens,CBS,Nine,207 (half-hour),Cancelled/ended
another-world,NBC,35,"8,891 (30 – 90 minutes)",Cancelled/ended
persons-unknown,NBC,One,13 (hour),Cancelled
leonardo,The CW,Ongoing,Ongoing (hour),Has not been cancelled
the-class,CBS,One,19 (half-hour),Cancelled/ended
i-love-that-for-you,Showtime,One,Eight (half-hour),Cancelled
the-buried-life,MTV,Two,18 (half-hour),Cancelled
bachelor-in-paradise,ABC,Ongoing,Ongoing (two hours),Has not been cancelled
the-big-leap,FOX,One,11 (hour),Cancelled
the-bachelor-the-greatest-seasons-ever,ABC,One,10 (three hours),Seemingly cancelled
on-the-lot,FOX,One,16 (hour),Cancelled/ended
bump,The CW,Two,20 (half-hour),Dropped by The CW
trickster,The CW,One,Six (hour),Cancelled
awkwafina-is-nora-from-queens,Comedy Central,Ongoing,Ongoing (half-hour),Has not been cancelled
home-sweet-home,NBC,Ongoing,Ongoing (hour),Has not been cancelled
the-case-of,CBS,Ongoing,Ongoing (hour),Has not been cancelled
the-irregulars,Netflix,One,Eight (hour),Cancelled
american-chopper,"TLC, Cdiscovery",10,233 (hour),Cancelled
opportunity-knocks,ABC,One,"Nine, six unaired (hour)",Cancelled/ended
napoleon-dynamite,FOX,One,Six (half-hour),Cancelled
doom-patrol,DC Universe,Four,46 (hour),Cancelled
friends-with-better-lives,CBS,One,13 but five unaired (half-hour),Cancelled
connecting,NBC,One,Eight (half-hour),Cancelled
the-daffy-duck-show,The WB,One,13 (half-hour),Cancelled
becker,CBS,Six,129 (half-hour),Cancelled/ended
tyrant,FX,Three,32 (hour),Cancelled
ny-med,ABC,Two,16 (hour),Cancelled
succession,HBO,Four,39 (hour),Ended
the-days-and-nights-of-molly-dodd,"NBC, Lifetime",Five,65 (half-hour),Cancelled/ended
outlander,Starz,Eight,TBD (hour),Ending
scooby-doo-where-are-you,CBS,Two,25 (half-hour),Cancelled/ended
girls5eva,Peacock,Ongoing,Ongoing (half-hour),Has not been cancelled
the-love-boat,ABC,Nine,249 (hour),Cancelled/ended
my-mother-and-other-strangers,PBS,One,Five (hour),Cancelled
vanished,FOX,One,13 but four didn’t air (hour),Cancelled/ended
the-mysteries-of-laura,NBC,Two,38 (hour),Has not been cancelled
the-megan-mullally-show,first-run syndication,One,71 (hour),Cancelled/ended
space-1999,first-run syndication,Two,48 (hour),Cancelled/ended
star-crossed,The CW,One,13 (hour),Cancelled
the-i-land,Netflix,One,Seven (hour),Ended (miniseries)
the-romanoffs,Amazon,One,Eight (hour),Cancelled
take-me-out,FOX,One,Eight (hour),Cancelled
csi-miami,CBS,10,232 (hour),Cancelled
graceland,USA,Three,38 (hour),Cancelled
ill-behaviour,Showtime,Ongoing,Ongoing (hour),Has not been cancelled
cherries-wild,FOX,One,Six (half-hour),Cancelled
our-kind-of-people,FOX,One,12 (hour),Cancelled
game-of-talents,FOX,Ongoing,Ongoing (hour),Has not been cancelled
the-price-is-right,CBS,Ongoing,Ongoing (hour),Has not been cancelled
carnivale,HBO,Two,24 (hour),Cancelled/ended
vagrant-queen,Syfy,One,10 (hour),Cancelled
extant,CBS,Two,26 (hour),Cancelled
rock-star,CBS,Two,64 (hour),
your-honor,Showtime,Two,20 (hour),Ended
partners-2014,FX,One,10 (half-hour),Cancelled
fire-country,CBS,Ongoing,Ongoing (hour),Has not been cancelled
necessary-roughness,USA,Three,38 (hour),Cancelled
100-questions,NBC,One,Six (half-hour),Cancelled
does-someone-have-to-go,FOX,One,Six (hour),Cancelled
the-bill-cosby-show,,Two,52 (half-hour),Cancelled
the-knick,Cinemax,Two,20 (hour),Cancelled
speechless,ABC,Three,63 (half-hour),Cancelled
the-get-down,Netflix,One,11 (hour),Cancelled
the-returned,A&E,One,10 (hour),Cancelled
the-playboy-club,NBC,One,seven but only three aired (hour),Cancelled
game-on,CBS,One,Eight (hour),Cancelled
grease-youre-the-one-that-i-want,NBC,One,11 (hour),Cancelled/ended
supernatural,"The WB,",15,327 (hour),Ended
top-of-the-lake,SundanceTV,Ongoing,Ongoing (hour),Has not been cancelled
marvels-inhumans,ABC,One,Eight (hour),Cancelled
voltron-defender-of-the-universe,first-run syndication,Two,124 (half-hour),Cancelled/ended
daytime-divas,VH1,One,10 (hour),Cancelled
one-big-happy,NBC,One,Six (half-hour),Cancelled
the-suite-life-of-zack-and-cody,Disney Channel,Three,87 (half-hour),Cancelled/ended
nanny-911,FOX,Three,43 (hour),Cancelled/ended
fam,CBS,One,13 (half-hour),Cancelled
izombie,The CW,Five,71 (hour),Ended
utopia-2020,Amazon,One,Eight (hour),Cancelled
fantasy-island,ABC,Seven,152 (hour),Cancelled/ended
valor,The CW,One,13 (hour),Cancelled
glitch,Netflix,Three,18 (hour),Ended
secret-millionaire,FOX,Three,26 (hour),Cancelled by FOX
salvation,CBS,Two,26 (hour),Cancelled
the-rookie,ABC,Ongoing,Ongoing (hour),Has not been cancelled
watchmen,HBO,One,Nine (hour),Ended
chad,TBS,Ongoing,Ongoing (half-hour),Has not been cancelled
less-than-perfect,ABC,Four,81 (half-hour),Cancelled/ended
the-toy-box,ABC,Two,16 (hour),Cancelled
the-great-indoors,CBS,One,22 (half-hour),Cancelled
sesame-street,PBS,Ongoing,Ongoing (hour),Has not been cancelled
tori-dean-inn-love,Oxygen,Six,59 (half-hour),Cancelled/ended
the-witcher,Netflix,Ongoing,Ongoing (hour),Has not been cancelled
you,Lifetime,Five,TBD (hour),Ending
the-next-fame-is-at-your-doorstep,The CW,One,10 (hour),Cancelled
soap,ABC,,"85 (77 half-hours, eight hours), four seasons",
without-a-trace,CBS,Seven,160 (hour),Cancelled/ended
black-ish,ABC,Eight,176 (half-hour),Ended
still-the-king,CMT,Ongoing,Ongoing (half-hour),Has not been cancelled
transplant,NBC,Four,49 (hour),Ending
maniac,Netflix,One,10 (hour),Ended
the-prisoner,ITV,One,17 (hour),Cancelled/ended
somebody-somewhere,HBO,Ongoing,Ongoing (hour),Has not been cancelled
tyler-perrys-assisted-living,BET,Ongoing,Ongoing (half-hour),Has not been cancelled
rel,FOX,One,12 (half-hour),Cancelled
the-lord-of-the-rings-the-rings-of-power,Prime Video,Ongoing,Ongoing (hour),Has not been cancelled
fraggle-rock,HBO,Four,96 (half-hour),Cancelled/ended
phenoms,FOX,One,Five (one hour),Has not been cancelled
this-is-us,NBC,Six,106 (hour),Ended
sigmund-and-the-sea-monsters,NBC,Two,29 (half-hour),Cancelled/ended
sunday-night-megyn-kelly,NBC,One,Eight (hour),Cancelled
dog-the-bounty-hunter,A&E,Eight,244 (half-hour),Cancelled
chicago-justice,NBC,One,13 (hour),Cancelled
the-americans,FX,Six,75 (hour),Ended
the-kill-point,Spike,One,Eight (hour),Cancelled/ended
melrose-place,FOX,Seven,226 (hour ),Cancelled/ended
the-baby-borrowers,NBC,One,Seven (hour),Cancelled/ended
the-l-word-generation-q,Showtime,Three,28 (hour),Cancelled
gary-unmarried,CBS,Two,37 (half-hour),Cancelled
whose-line-is-it-anyway,ABC,20,Ongoing (half-hour),Cancelled
the-christmas-caroler-challenge,The CW,Ongoing,Ongoing (hour),Has not been cancelled
the-black-box,ABC,One,13 (hour),Cancelled
the-affair,Showtime,Five,53 (hour),Ended
time-after-time,ABC,One,12 episodes with,Cancelled
law-order-los-angeles,NBC,One,22 (hour),Cancelled
privileged,The CW,One,18 (hour),Cancelled/ended
sex-love-secrets,UPN,One,"10, but only four aired (hour)",Cancelled/ended
reading-rainbow,PBS,21,155 (half-hour),Cancelled/ended
welcome-back-kotter,ABC,Four,95 (half-hour),Cancelled/ended
the-new-normal,NBC,One,22 (half-hour),Cancelled
champions,NBC,One,10 (half-hour),Cancelled
happily-divorced,TV Land,Two,34 (half-hour),Cancelled
pan-am,ABC,One,14 (hour),Cancelled
in-the-loop-with-ivillage,NBC,Two,180+ (hour),Cancelled/ended
made-in-jersey,CBS,One,Eight (hour),Cancelled
survivors-remorse,Starz,Four,36 (hour),Cancelled
best-week-ever,VH1,Eight,194 + ? (hour),Cancelled
catastrophe,Amazon,Four,24 (half-hour),Cancelled
the-virginian,NBC,Nine,249 (90 minutes),Cancelled
animal-practice,NBC,One,9 but only six aired (half-hour),Cancelled
rob,CBS,One,Eight (half-hour),Cancelled
yellowjackets,Showtime,Ongoing,Ongoing (hour),Has not been cancelled
star-trek-strange-new-worlds,Paramount+,Ongoing,Ongoing (hour),Has not been cancelled
lassies-rescue-rangers,ABC,One,15 (half-hour),Cancelled/ended
the-tomorrow-people,The CW,One,22 (hour),Cancelled
the-great-american-road-trip,NBC,One,Eight (hour),Cancelled
the-cosby-show,NBC,Eight,201 (half-hour),Cancelled/ended
hill-street-blues,NBC,Seven,146 (hour),Cancelled/ended
just-shoot-me,NBC,Seven,148 (half-hour),Cancelled/ended
the-dukes-of-hazzard,CBS,Seven,145 (hour),Cancelled/ended
justice,FOX,One,"13, one unaired (hour)",Cancelled/ended
sex-education,Netflix,Four,32 (hour),Ended
euphoria,HBO,Ongoing,Ongoing (hour),Has not been cancelled
nobodies,TV Land,Two,24 (half-hour),Cancelled
the-deuce,HBO,Three,25 (hour),Ended
providence,NBC,Five,96 (hour),Cancelled/ended
legends-of-the-hidden-temple,The CW,One,13 (hour),Cancelled
the-family,ABC,One,12 (hour),C
too-old-to-die-young,Amazon Prime,One,10 (30-90 minutes),Cancelled
celebrity-wheel-of-fortune,ABC,Ongoing,Ongoing (hour),Has not been cancelled
i-can-do-that,NBC,One,Six (hour),Cancelled
shaq-vs,ABC,Two,10 (hour),Cancelled
sons-of-anarchy,FX,Seven,92 (hour),Ended
greys-anatomy,ABC,Ongoing,Ongoing (hour),Has not been cancelled
ties-that-bind,UP,One,10 (hour),Cancelled
the-brady-kids,ABC,Two,22 (half hour),Cancelled/ended
the-chopping-block,NBC,One,Eight (hour),Cancelled/ended
the-late-late-show-with-craig-ferguson,CBS,10,"2,027 (hour)",Ended
dancing-with-the-stars-juniors,ABC,One,Nine (one hour),Cancelled
if-loving-you-is-wrong,OWN,Five,102 (hour),Ended
reckless,CBS,One,13 (hour),Cancelled
gunsmoke,CBS,20,"635 (half-hour, hour)",Cancelled/ended
little-house-on-the-prairie,NBC,Nine,203 (hour),Cancelled/ended
lets-get-physical,Pop TV,One,Eight (half-hour),Cancelled
dark-shadows,ABC,Five,"1,225 (half-hour)",Cancelled/ended
the-showbiz-show-with-david-spade,Comedy Central,Three,39 (half-hour),Cancelled/ended
quantico,ABC,Three,57 (hour),Cancelled
1923,Paramount+,Two,16 (hour),Ending
this-is-your-life,NBC,Nine,448 (half-hour),Cancelled/ended
fboy-island,HBO Max,Ongoing,Ongoing (hour),Has not been cancelled
ultimate-tag,FOX,10,One (hour),Cancelled
sean-saves-the-world,NBC,One,15 but two unaired (half-hour),Cancelled
betas,Amazon,One,11 (half-hour),Cancelled
spin-city,ABC,Six,145 (half-hour),Cancelled/ended
terra-nova,FOX,One,13 (hour),Cancelled
one-on-one,UPN,Five,113 (half-hour),Cancelled/ended
tuesday-night-book-club,CBS,One,Eight but only two aired (hour),Cancelled/ended
his-dark-materials,HBO,Three,23 (hour),Ended
supernanny,ABC,Seven,117 (hour),Cancelled/ended
emeril-live,"Food Network, Fine Living",13,981 (hour),Cancelled/ended
messiah,Netflix,One,10 (hour),Cancelled
soul-of-a-nation,ABC,Ongoing,Ongoing (hour),Has not been cancelled
famous-in-love,Freeform,Two,20 (hour),Cancelled
happy-town,ABC,One,"Eight, with two released online only (hour)",Cancelled
the-boys,Amazon Prime Video,Ongoing,Ongoing (hour),Has not been cancelled
treme,HBO,Four,36 (hour),Ended
missing,ABC,One,10 (hour),Cancelled
huff,Showtime,Two,26 (hour),Cancelled/ended
atlantis,BBC America,Two,25 (hour),Cancelled
the-new-adam-12,First-run syndication,Two,52 (half-hour),Cancelled/ended
mike-molly,CBS,Six,127 (half-hour),Cancelled
the-bradys,CBS,One,Six (hour),Cancelled/ended
free-agents,NBC,One,Eight but only four aired (half-hour),Cancelled
falling-skies,TNT,Five,52 (hour),Ended
the-jetsons,ABC,One,24 (half),Cancelled
girlfriends-guide-to-divorce,Bravo,Five,45 (hour),Ended
still-standing,CBS,Four,88 (half-hour),Cancelled/ended
the-passage,FOX,One,10 (hour),Cancelled
stars-earn-stripes,NBC,One,Six (hour),Cancelled/ended
dynasty-2017,The CW,Five,108 (hour),Cancelled
rebel-2021,ABC,One,10 (hour),Cancelled
house-calls-with-dr-phil,CBS,Ongoing,Ongoing (hour),Has not been cancelled
bullseye,FOX,Ongoing,Ongoing (hour),Has not been cancelled
damnation,USA Network,Ongoing,Ongoing (hour),Cancelled
call-me-fitz,DirecTV,Four,48 (half-hour),Cancelled
the-river,ABC,One,Eight (hour),Cancelled
live-to-dance,CBS,One,Seven (hour),Cancelled
clarice,CBS,One,13 (hour),Cancelled
dead-pixels,The CW,Ongoing,Ongoing (half-hour),Has not been cancelled
high-society,CW,One,Eight (half-hour),Cancelled
true-beauty,ABC,Two,16 (hour),Cancelled
maude,CBS,Six,141 (half-hour),Cancelled/ended
the-gates,ABC,One,13 (hour),Cancelled
outmatched,FOX,One,10 (half-hour),Cancelled
animals,HBO,Three,30 (half-hour),Cancelled
a-to-z,NBC,One,13 (half-hour),Cancelled
the-great-american-joke-off,The CW,Ongoing,Ongoing (half-hour),Has not been cancelled
the-red-road,SundanceTV,Two,12 (hour),Cancelled
marvels-the-punisher,Netflix,Two,26 (hour),Cancelled
land-of-the-lost-1991,ABC,Two,26 (half-hour),Cancelled/ended
thundercats,first-run syndication,Four,130 (half-hour),Cancelled/ended
holmes-family-effect,FOX,One,Four (hour),Cancelled
mr-robot,USA Network,Four,45 (hour),Ended
public-morals,TNT,One,10 (hour),Cancelled
sinbad,Syfy,One,12 (hour),Cancelled
the-night-of,HBO,One,Eight (hour),Ended
the-jetsons-1985,first-run syndication,Two,51 (half),Cancelled/ended
special-forces-worlds-toughest-test,FOX,Ongoing,Ongoing (hour),Has not been cancelled
the-lying-game,ABC Family,Two,30 (hour),Cancelled
malibu-country,ABC,One,18 (half-hour),Cancelled
prodigal-son,FOX,Two,33 (hour),Cancelled
walker-texas-ranger,CBS,Nine,203 (hour),Cancelled/ended
mayans-mc,FX,Five,50 (hour),Ended
corporate,Comedy Central,Three,26 (half-hour),Ended
sharp-objects,HBO,One,Eight (hour),Ended
the-company-you-keep,ABC,One,10 (hour),Cancelled
stargate-sg-1,"Showtime, SCI FI",10,214 (hour),Cancelled/ended
the-chase,,,,
threshold,CBS,One,13 (hour),Cancelled/ended
fantasy-island-2021,FOX,Two,23 (hour),Cancelled
beowulf,Esquire Network,One,13 (hour),Cancelled
white-house-plumbers,HBO,One,Five (hour),Ending
retired-at-35,TV Land,Two,20 (half-hour),Cancelled
the-watchful-eye,Freeform,One,10 (hour),Cancelled
weakest-link,NBC,Ongoing,Ongoing (hour),Has not been cancelled
light-as-a-feather,Hulu,Ongoing,Ongoing (half-hour),Has not been cancelled
nightcap,Pop,Ongoing,Ongoing (half-hour),Has not been cancelled
stacked,FOX,Two,"19 but five did not air, (half-hour)",Cancelled/ended
grown-ish,Freeform,Six,TBD (half-hour),Ending
bojack-horseman,Netflix,Ongoing,Ongoing (half-hour),Has not been cancelled
camp,NBC,One,10 (hour),Cancelled
deadwood,HBO,Three,36 (hour),Cancelled/ended
fortitude,Pivot,Three,26 (hour),Cancelled
ruby-the-rockits,ABC Family,One,10 (half-hour),Cancelled
quincy-me,NBC,,"148 (four 90 minute movies, 144 hour episodes), eight seasons",
just-for-laughs,ABC,Two,32 (half-hour),Cancelled/ended
i-ship-it,The CW,Two,16 but four unaired (hour),Cancelled
americas-got-talent-all-stars,NBC,Ongoing,Ongoing (two hours),Has not been cancelled
master-of-none,,Ongoing,Ongoing (half-hour),Has not been cancelled
the-falcon-and-the-winter-soldier,Disney+,Ongoing,Ongoing (hour),Has not been cancelled
criminal-minds,CBS,Ongoing,Ongoing (hour),Ended on CBS
wildfire,ABC Family,Four,52 (hour),Cancelled/ended
burn-notice,USA,Seven,111 + movie (hour),Ended
eleventh-hour-2008,CBS,One,18 (hour),Cancelled/ended
the-golden-girls,NBC,Seven,180 (half-hour),Cancelled/ended
last-man-standing,"ABC, FOX",Nine,194 (half-hour),Cancelled on ABC
dancing-with-myself,NBC,One,Eight (hour),Cancelled
hooten-the-lady,The CW,One,Eight (hour),cancelled
101-ways-to-leave-a-game-show,ABC,One,Six (hour),Cancelled
devs,FX on Hulu,One,Eight (hour),Ended
trust-me,TNT,One,13 (hour),Cancelled/ended
identity,NBC,One,12 (hour),Cancelled/ended
backpackers,The CW,One,10 but eight unaired (half-hour),Cancelled
once-upon-a-time-in-wonderland,ABC,One,13 (hour),Cancelled
fight-to-survive,The CW,Ongoing,Ongoing (hour),Has not been cancelled
men-at-work,TBS,Three,30 (half-hour),Cancelled
see-dad-run,,Three,50 (half-hour),Cancelled
bring-the-funny,NBC,One,11 (hour),Cancelled
the-a-word,SundanceTV,Ongoing,Ongoing (hour),Has not been cancelled
tko-total-knock-out,CBS,One,10 (hour),Cancelled
altered-carbon,Netflix,Two,18 (hour),Cancelled
sit-down-shut-up,FOX,One,13 (half-hour),Cancelled/ended
marco-polo,Netflix,Two,20 (hour),Cancelled
smash,NBC,Two,32 (hour),Cancelled
black-sails,Starz,Ongoing,Ongoing (hour),Has not been cancelled
hr-pufnstuf,NBC,One,17 (half-hour),Cancelled/ended
all-of-us,"UPN, The CW",Four,88 (half-hour),Cancelled/ended
black-mondays,Showtime,Three,30 (half-hour),Cancelled
in-justice,ABC,One,13 (hour),Cancelled/ended
enlightened,HBO,Two,18 (half-hour),Cancelled
the-mighty-ducks-game-changers,Disney+,Two,20 (hour),Cancelled
american-housewife,ABC,Five,103 (half-hour),Cancelled
the-masked-singer,FOX,Ongoing,Ongoing (FOX),Has not been cancelled
24,FOX,Nine,206,Ended
a-gifted-man,CBS,One,16 (hour),Cancelled
fear-factor,NBC,Seven,154 but three didn’t air (hour),"Cancelled, revived, cancelled again"
better-off-ted,ABC,Two,26 but two unaired (half-hour),Cancelled
the-watch,BBC America,Ongoing,Ongoing (hour),Has not been cancelled
queer-eye-for-the-straight-guy,Bravo,,"100 (half-hour), five seasons",
flesh-and-bone,Starz,One,Eight (hour),Ended
show-me-the-money,"ABC, GSN",One,seven (half-hour),Cancelled
another-life,Netflix,Two,20 (hour),Cancelled
flirty-dancing,FOX,One,Six (hour),Cancelled
the-real-dirty-dancing,FOX,Ongoing,Ongoing (hour),Has not been cancelled
special-ops-lioness,Paramount+,Ongoing,Ongoing (hour),Has not been cancelled
high-maintenance,HBO,Four,34 (half-hour),Cancelled
the-wedding-bells,FOX,One,Seven but two did not air (hour),Cancelled/ended
one-mississippi,Amazon,Two,12 (half-hour),Cancelled
500-questions,ABC,Two,16 (hour),Cancelled
fridge-wars,The CW,Ongoing,Ongoing (hour),Has not been cancelled
fuller-house,Netflix,Five,75 (half-hour),Ended
titans,DC Universe,Four,49 (45 mins),Cancelled
the-arrangement,E!,Two,20 (hour),Cancelled
mixed-ish,ABC,Two,36 (half-hour),Cancelled
elementary,CBS,Seven,154 (hour),Ended
the-bob-newhart-show,CBS,Six,142 (half-hour),Cancelled/ended
at-the-movies,First-run syndication,24,Unknown (half-hour),Cancelled
the-real-love-boat,CBS,Ongoing,Ongoing (hour),Has not been cancelled
maya-marty,NBC,Ongoing,Ongoing (hour),Has not been cancelled
dietland,AMC,One,10 (hour),Cancelled
zoeys-extraordinary-playlist,NBC,Two,25 (hour),Cancelled
marvels-jessica-jones,Netflix,Three,39 (hour),Cancelled
everythings-trash,Freeform,Ongoing,Ongoing (half-hour),Has not been cancelled
the-mindy-project,FOX,Ongoing,Ongoing (half-hour),Cancelled
naomi,The CW,One,13 (hour),Cancelled
marlon,NBC,Two,20 (half-hour),Cancelled
single-drunk-female,Freeform,Two,20 (half-hour),Cancelled
smith,CBS,One,"Seven, only three aired (hour)",
match-game-2016,ABC,Five,65 (hour),Cancelled
the-client-list,Lifetime,Two,25 (hour),Cancelled
the-looming-tower,Hulu,One,10 (hour),Ended
masterchef,FOX,Ongoing,Ongoing (hour),Has not been cancelled
blindspot,NBC,Five,100 (hour),Ended
the-choice,FOX,One,Six (hour),Has not been cancelled
bosch-legacy,Amazon FreeVee,Ongoing,Ongoing (hour),Has not been cancelled
the-celebrity-dating-game,ABC,One,Eight (hour),Cancelled
total-request-live,MTV,10,"2,247 (hour)",Cancelled/ended
summerland,The WB,Two,26 (hour),Cancelled/ended
baskets,FX,Four,40 (half-hour),Ended
the-la-complex,The CW,Two,19 (hour),Cancelled
the-proposal,ABC,One,10 (hour),Cancelled
halt-and-catch-fire,AMC,Four,40 (hour),Ended
how-to-get-away-with-murder,ABC,Six,90 (hour),Ended
kath-kim-(us),NBC,One,17 (half-hour),Cancelled/ended
orphan-black,BBC America,Five,50 (hour),Ended
the-war-at-home,FOX,Two,44 (half-hour),Cancelled/ended
heist,NBC,One,"Seven, two unaired (hour)",Cancelled/ended
knight-rider,NBC,Four,90 (hour),Cancelled/ended
guilt,Freeform,One,10 (hour),Cancelled
unreal,Lifetime,Four,38 (hour),Ended
wife-swap,ABC,Seven,124 (hour),Cancelled
666-park-avenue,ABC,One,13 (hour),Cancelled
high-school-musical-the-musical-the-series,Disney+,Four,38 (hour),Ended
my-last-days,The CW,Ongoing,Ongoing (hour),Has not been cancelled
mom,CBS,Eight,170 (half-hour),Cancelled
dice,Showtime,Two,13 (half-hour),Cancelled
incorporated,Syfy,One,10 (hour),Cancelled
the-bisexual,Hulu,One,Six (hour),Ended
men-of-a-certain-age,TNT,Two,22 (hour),Cancelled
joan-of-arcadia,CBS,Two,45 (hour),Cancelled/ended
bluff-city-law,NBC,One,10 (hour),Cancelled
leverage,"TNT, IMDb TV",Ongoing,77 on TNT (hour),Cancelled
one-tree-hill,"The WB, The CW",Nine,187 (hour),final season
sherlock,PBS,Four,13 (90 minutes),Ended
degrassi-next-class,Netflix (US),Four,40 (half-hour),Cancelled
the-red-skelton-show,"CBS, NBC",20,"672 (half-hour, hour)",Cancelled/ended
agent-x,TNT,One,10 (hour),Cancelled
talkshow-with-spike-feresten,FOX,Three,65 (half-hour),Cancelled/ended
roadies,Showtime,One,10 (hour),Cancelled
the-bletchley-circle,PBS,Two,Seven (hour),Ended
see,Apple TV+,Three,24 (hour),Ended
the-yogi-bear-show,first-run syndication,Two,35 (half-hour),Cancelled/ended
hypnotize-me,The CW,One,Eight (hour),Cancelled
good-trouble,Freeform,Five,88 (hour),Cancelled
better-call-saul,AMC,Six,63 (hour),Ended
supermansion,Crackle,Ongoing,Ongoing (half-hour),Has not been cancelled
eastbound-down,HBO,Four,29 (half-hour),Ended
private-practice,ABC,Six,111 (hour),Ending
secret-diary-of-a-call-girl,Showtime,Four,32 (half-hour),Cancelled/ended
almost-human,FOX,One,13 (hour),Cancelled
ellens-game-of-games,NBC,Four,58 (hour),Cancelled
the-one-making-a-music-star,ABC,One,Four (various length),Cancelled/ended
prime-suspect-us,NBC,One,13 (hour),Cancelled
the-unicorn,CBS,Two,31 (half-hour),Cancelled
allegiance,NBC,One,13 (hour),Cancelled
the-tudors,Showtime,Four,38 (hour),Cancelled/ending
hot-properties,ABC,One,13 (half-hour),Cancelled/ended
big-shots,ABC,One,11 (hour),Cancelled/ended
the-mandalorian,Disney+,Ongoing,Ongoing (half-hour),Has not been cancelled
good-witch,Hallmark Channel,Seven,75 (hour),Cancelled
the-black-donnellys,NBC,One,"13, seven unaired (hour)",Cancelled/ended
the-riches,FX,Two,20 (hour),Cancelled/ended
portlandia,IFC,Eight,77 (half-hour),Cancelled
abbott-elementary,ABC,Ongoing,Ongoing (half-hour),Has not been cancelled
the-librarians,TNT,Four,42 (hour),Cancelled
the-undoing,HBO,One,Six (hour),Ended
barry,HBO,Ongoing,Ongoing (half-hour),Has not been cancelled
the-paul-reiser-show,NBC,One,six but only two aired (half-hour),Cancelled
lodge-49,AMC,Two,20 (hour),Cancelled
pearson,USA Network,One,10 (hour),Cancelled
young-rock,NBC,Three,37 (half-hour),Cancelled
magic-city,Starz,Two,16 (hour),Cancelled
splash,ABC,One,Eight (hour),Cancelled
townies,ABC,One,"15, five unaired (half-hour)",Cancelled/ended
charlies-angels,ABC,Five,110 (hour),Cancelled/ended
quantum-leap,NBC,Five,96 (hour),Cancelled
the-ultimate-surfer,ABC,One,Eight (hour),Cancelled
entourage,HBO,Eight,96 (half-hour),Cancelled
the-search-for-the-funniest-mom-in-america,Nickelodeon,Three,18 (hour),Cancelled/ended
blood-ties,Lifetime,Two,22 (hour),Cancelled/ended
class,BBC America,One,Eight (hour).,Cancelled
mayor-of-kingstown,Paramount+,Ongoing,Ongoing (hour),Has not been cancelled
van-helsing,Syfy,Five,65 (hour),Ending
the-purge,USA Network,Two,20 (hour),Cancelled
house-of-lies,Showtime,Five,58 (half-hour),Cancelled
commander-in-chief,ABC,One,18 (hour),Cancelled
imposters,Bravo,Two,20 (hour),Cancelled
recovery-road,Freeform,One,10 (hour),Cancelled
the-premise,FX on Hulu,One,Five (half-hour),Cancelled
the-girlfriend-experience,Starz,Ongoing,Ongoing (half-hour),Has not been cancelled
the-baker-and-the-beauty,ABC,One,Nine (hour),Cancelled
suits,USA,Nine,134 (hour),Ended
mysteries-decoded,The CW,Ongoing,Ongoing (hour),Has not been cancelled
rowan-and-martins-laugh-in,NBC,Six,140 (hour),Cancelled/ended
niptuck,FX,Seven,100 (hour),Cancelled
the-revolution,ABC,One,105 (hour),Cancelled
9jkl,CBS,One,16 (half-hour),Cancelled
bob-%e2%99%a5-abishola,,,,
new-amsterdam-2018,NBC,Five,89 (hour),Ended
stumptown,ABC,One,18 (hour),Renewed
decker,Adult Swim,Ongoing,Ongoing (15 minute),Has not been cancelled
fairly-legal,USA Network,Two,23 (hour),Cancelled
the-mentalist,CBS,Seven,151 (hour),ended
son-of-zorn,FOX,One,13 (half-hour),Cancelled
the-millers,CBS,Two,34 (half-hour),Cancelled
son-of-a-critch,The CW,Ongoing,Ongoing (half-hour),Has not been cancelled
taskmaster,The CW,One,10 but nine released online (hour),Cancelled
united-states-of-al,CBS,Two,33 (half-hour),Cancelled
in-the-cut,Bounce TV,Ongoing,Ongoing (half-hour),Has not been cancelled
beauty-and-the-geek,"The WB, The CW",Five,48 (hour),Cancelled
no-tomorrow,The CW,One,13 (hour),Cancelled
the-unit,CBS,Four,69 (hour),Cancelled/ended
resident-alien,Syfy,Ongoing,Ongoing (hour),Has not been cancelled
golden-boy,CBS,One,13 (hour),Cancelled
the-quad,BET,Two,19 (hour),Cancelled
strike-back,Cinemax,Eight,76 (hour),Ended
kojak-2005,USA,One,10 (hour),Cancelled/ended
american-grit,FOX,Ongoing,Ongoing (hour),Has not been cancelled
get-smart-1995,FOX,One,Seven (half-hour),Cancelled/ended
save-my-life-boston-trauma,ABC,One,Six (hour),Cancelled/Ended
breakout-kings,A&E,Two,23 (hour),Cancelled
the-wonder-years,ABC,Six,115 (half-hour),Cancelled/ended
standoff,FOX,,"18 (hour), one season",Cancelled/ended
monday-mornings,TNT,One,10 (hour),Cancelled
the-colbert-report,Comedy Central,Nine,"1,447 (half-hour)",Ended
back-in-the-game,ABC,One,13 (half-hour),Cancelled
reaper,The CW,Two,31 (hour),Cancelled/ended
the-goode-family,ABC,One,13 (half-hour),Cancelled/ended
celebrity-family-feud,NBC,One,Six (half hour),Cancelled
happy-together,CBS,One,13 (half-hour),Cancelled
caught-on-camera-with-nick-cannon,NBC,Ongoing,Ongoing (hour),Has not been cancelled
goliath,Amazon,Four,32 (hour),Ended
major-crimes,TNT,Six,105 (hour),Ended
the-bold-and-the-beautiful,CBS,Ongoing,Ongoing (half hour),Has not been cancelled
oz,HBO,Six,56 (hour),Cancelled/Ended
gracepoint,FOX,One,10 (hour),Cancelled
you-deserve-it,ABC,One,Six (hour),Cancelled
after-life,Netflix,Three,18 (half-hour),Ended
the-l-word,Showtime,Six,70 (hour),Cancelled/ended
father-of-the-pride,NBC,One,"13, one unaired (half-hour)",Cancelled/ended
shameless,,11,134 (hour),Ended
so-you-think-you-can-dance,FOX,Ongoing,Ongoing (hour),Has not been cancelled
party-of-five,FOX,Six,142 (hour),Cancelled/ended
grace-and-frankie,Netflix,Seven,94 (half-hour),Ended
the-brady-bunch,ABC,Five,117 (half-hour),Cancelled/ended
star-trek-discovery,CBS All Access,Five,TBD (hour),Ending
la-fire-rescue,NBC,One,Eight (hour),Cancelled
minute-to-win-it,NBC,Two,66 (hour),Cancelled
the-last-ship,TNT,Five,56 (hour),Ended
those-who-cant,truTV,Three,35 (half-hour),Cancelled
law-order-criminal-intent,"NBC, USA",10,195 (hour),Ended
bewitched,ABC,Eight,254 (half-hour),Cancelled/ended
saving-hope,NBC,Five,85 (hour),Ended
philip-k-dicks-electric-dreams,Amazon,Ongoing,Ongoing (hour),Has not been cancelled
the-knights-of-prosperity,ABC,One,"13, two unaired (half-hour)",Cancelled/ended
coach,ABC,Nine,197 (half-hour),"Ended,"
longmire,A&E,Six,63 (hour),Ended
nashville-star,"USA, NBC",Six,52 (hour),Cancelled/ended
plain-jane,"The CW, Style",Two,14 (hour),Cancelled
la-law,NBC,Eight,172 (hour),Cancelled/ended
episodes,Showtime,Five,41 (half-hour),Ending
the-frankenstein-chronicles,Netflix,Ongoing,Ongoing (45 mins),Has not been cancelled
strange-angel,CBS All Access,Two,17 (hour),Cancelled
killjoys,Syfy,Five,50 (hour),Ended
the-new-odd-couple,ABC,One,"18, but only 16 aired (half-hour)",Cancelled/ended
last-kingdom,"Netflix,",Five,46 (hour),Ended
madam-secretary,CBS,Six,120 (hour),Ended
ghost-whisperer,CBS,Five,107 (hour),Cancelled
the-closer,TNT,Seven,109 (hour),Ended
the-conners,ABC,Ongoing,Ongoing (half-hour),Has not been cancelled
rosewood,FOX,Two,44 (hour),Cancelled
finding-carter,MTV,Two,36 (hour),Cancelled
freakish,Hulu,Two,20 (half-hour),Cancelled
late-show-with-david-letterman,CBS,22,"4,263 (62 minutes)",Ended
little-voice,Apple TV+,One,Nine (hour),Cancelled
alaska-daily,ABC,One,11 (hour),Cancelled
the-newsroom,HBO,Three,25 (hour),Ended
my-kitchen-rules,FOX,Ongoing,Ongoing (hour),Has not been cancelled
city-of-angels,CBS,Two,"24, one unaired (hour)",Cancelled/ended
1-vs-100,NBC,Two,28 (hour),Cancelled/ended
prey,BBC America,Two,Six but three unaired in U.S. (hour),Ended
the-rickey-smiley-show,TV One,Ongoing,Ongoing (half-hour),Has not been cancelled
once-and-again,ABC,Three,63 (hour),Cancelled/ended
worlds-funniest-fails,FOX,Ongoing,Ongoing (hour),Has not been cancelled
kevin-from-work,Freeform,One,10 (half-hour),Cancelled
the-muppets,ABC,One,16 (half-hour),Cancelled
friend-me,CBS,One,Eight but none aired (half-hour),Cancelled
friday-night-lights,"NBC, DirecTV’s The 101",Five,76 (hour),Ended
this-old-house,PBS,Ongoing,Ongoing (half-hour),Has not been cancelled
state-of-georgia,ABC Family,One,12 (half-hour),Cancelled
the-bernie-mac-show,FOX,Five,104 (half-hour),Cancelled/ended
family-time,Bounce TV,Ongoing,Ongoing (half-hour),Has not been cancelled
the-challenge-usa,CBS,Ongoing,Ongoing (hour),Has not been cancelled
the-philanthropist,NBC,One,Eight (hour),Cancelled
the-good-guys-2010,FOX,One,20 (hour),Cancelled
greatest-american-dog,CBS,One,10 (hour),Cancelled/ended
blossom,NBC,Five,114 (half-hour),Cancelled/ended
the-fosters,ABC Family/,Five,104 (hour),Cancelled
valentine,The CW,One,"Eight, four unaired (hour)",Cancelled/ended
kenan,NBC,Two,20 (half-hour),Cancelled
run-the-burbs,The CW,Three,38 (half-hour),Cancelled
chasing-life,ABC Family,Two,34 (hour),Cancelled
welcome-to-the-family,NBC,One,Nine (half-hour),Cancelled
sweet-vicious,MTV,One,10 (hour),Cancelled
revenge,ABC,Four,89 (hour),Cancelled
cashmere-mafia,ABC,One,Seven (hour),Cancelled/ended
late-night-with-seth-meyers,NBC,Ongoing,Ongoing (hour),Has not been cancelled
chicago-fire,NBC,Ongoing,Ongoing (hour),Has not been cancelled
essence-of-emeril,Food Network,Ongoing,Ongoing (hour),Has not been cancelled
the-hitchhiker,"HBO, USA",Six,85 (half-hour),Cancelled
hank,ABC,One,10 but five didn’t air (half-hour),Cancelled
boston-ems,ABC,Two,11 (hour),Cancelled
partridge-family-2200-ad,CBS,One,16 (half-hour),Cancelled/ended
enos,CBS,One,18 (hour),Cancelled
the-wonder-years-2021,ABC,Two,32 (half-hour),Cancelled
trust-us-with-your-life,ABC,One,Eight but two didn’t air (half-hour),Cancelled
farscape,Sci Fi,Four,88 (hour),Cancelled/ended
friday-night-smackdown,"UPN, The CW, MyNetwork TV",Ongoing,Ongoing (hour),Has not been cancelled
dangerous-liaisons,Starz,One,Eight (hour),Cancelled
battle-of-the-network-stars,ABC,One,10 (hour),Cancelled
jack-bobby,The WB,One,22 (Hour),Cancelled/ended
welcome-to-sweden,NBC,Two,20 (half-hour),Cancelled
the-steve-allen-show,"NBC, ABC",Five,unknown (hour),Cancelled/ended
we-own-this-city,HBO,One,Six (hour),Ending
https:wp.mepcisc-8jK,El Rey,Three,30 (hour),Cancelled
buried-treasure,FOX,One,4 (hour),Cancelled
young-sheldon,CBS,Seven,141 (half-hour),Ending
reef-break,ABC,One,13 (hour),Cancelled
third-watch,NBC,Six,132 (hour),Cancelled
marry-me,NBC,One,18 but 4 unaired in US (half-hour),Cancelled
fbi,CBS,Ongoing,Ongoing (hour),Has not been cancelled
star-wars-ahsoka,Disney+,Ongoing,Ongoing (hour),Has not been cancelled
eureka,Syfy,Five,78 (hour),Cancelled
the-carrie-diaries,The CW,Two,26 (hour),Cancelled
inconceivable,NBC,One,"Seven, five unaired (Half-hour)",Cancelled/ended
the-thing-about-pam,NBC,One,Six (hour),Ended
the-forgotten,ABC,One,"17, including two unaired (hour)",Cancelled
proven-innocent,FOX,One,13 (hour),Cancelled
versailles,Ovation,Three,30 (hour),Ended
mozart-in-the-jungle,Amazon,Four,40 (half-hour),Cancelled
the-game-show-show,ABC,One,Four (hour),Ending
the-odd-couple-2015,CBS,Three,38 (half-hour),Cancelled
criminal-minds-evolution,Paramount+,Ongoing,Ongoing (hour),Has not been cancelled
head-of-the-class,ABC,Five,114 (half-hour),Cancelled/ended
clique,Pop TV,Ongoing,Ongoing (hour),Has not been cancelled
soulmates,AMC,Ongoing,Ongoing (hour),Has not been cancelled
judge-steve-harvey,ABC,Ongoing,Ongoing (hour),Has not been cancelled
my-generation,ABC,One,Unknown but two aired (hour),Cancelled
who-wants-to-be-a-millionaire,ABC,Three,approximately 126 (hour),Cancelled/ended
mister-rogers-neighborhood,PBS,31,"1,005 (half-hour)",
the-ranch,Netflix,Four,80 (half-hour),Ended
help-me-help-you,ABC,One,"13, four unaired (half-hour)",Cancelled/ended
covert-affairs,USA Network,Five,75 (hour),Cancelled
twin-peaks,,Three,48 (hour) + 1 movie,Has not been cancelled
vegas,CBS,One,21 (hour),Cancelled
the-good-place,NBC,Four,52 (half-hour),Ended
haus-of-vicious,BET,Ongoing,Ongoing (hour),Has not been cancelled
the-white-lotus,HBO,One,Six (hour),Ending
sanctuary,Syfy,Four,59 (hour),Cancelled
moonlight,CBS,One,16 (hour),Cancelled/ended
merlin,"NBC, Syfy",Five,65 (hour),Ended
anchorwoman,FOX,One,"Six, four unaired (half-hour)",Cancelled
pitchmen,Discovery Channel,Two,22 (hour),Cancelled
outlaw,NBC,One,Eight (hour),Cancelled
red-band-society,FOX,One,13 (hour),Cancelled
americas-next-great-restaurant,NBC,One,Nine (hour),Cancelled
the-winner-is,NBC,One,Seven (hour),Cancelled
united-states-of-tara,Showtime,Three,36 (half-hour),Cancelled
the-divide,WE tv,One,Eight (hour),Cancelled
speed-racer,first-run syndication,One,52 (half-hour),Cancelled/ended
riverdale,The CW,Seven,137 (hour),Ended
one-day-at-a-time,CBS,Nine,209 (half hour),Cancelled/ended
a-million-little-things,ABC,Five,TBD (hour),Ending
broke,CBS,One,13 (half-hour),Cancelled
the-borgias,Showtime,Three,29 (hour),Cancelled
south-park,Comedy Central,Ongoing,Ongoing (half-hour),Has not been cancelled
feud,FX,Ongoing,Ongoing (hour),Has not been cancelled
the-nate-berkus-show,syndicated,Two,290 (hour),Cancelled
trophy-wife,ABC,One,22 (hour),Cancelled
would-i-lie-to-you,The CW,One,13 (half-hour),Cancelled
duncanville,FOX,Three,39 (half-hour),Cancelled
wicked-city,ABC,One,Eight but five unaired (hour),Cancelled
committed,NBC,One,13 (half-hour),Cancelled/ended
childhoods-end,Syfy,One,Three (two-hours),Ended
cherish-the-day,OWN,Ongoing,Ongoing (hour),Has not been cancelled
city-guys,NBC,Five,105 (half-hour),Cancelled/ended
the-player,NBC,One,Nine (hour),Cancelled
pretty-little-liars-the-perfectionists,Freeform,One,10 (hour),Cancelled
absentia,Amazon,Three,Three (hour),Ended
law-order,NBC,Ongoing,Ongoing (hour),Cancelled
the-oprah-winfrey-show,first-run syndication,25,"4,561 (hour)",Ended
online-nation,The CW,One,"Seven, three unaired (half-hour)",Cancelled/ended
the-moment-of-truth,FOX,Two,23 but five have not aired (hour),Cancelled
mr-sunshine,ABC,One,13 but four have not aired (half-hour),Cancelled
gilmore-girls,"The WB,",Eight,153 (hour) + four (90-minute),"Cancelled/ended,"
dollface,Hulu,Two,20 (half-hour),Cancelled
ascension,Syfy,One,Six (hour),Ended
the-courtship,NBC,Ongoing,Ongoing (hour),Has not been cancelled
mrs-fletcher,HBO,One,Seven (half-hour),Ended
liar,SundanceTV,Two,12 (hour),Ended
resident-evil,Netflix,One,Eight (hour),Cancelled
rubicon,A&E,One,13 (hour),Cancelled
eve,UPN,Three,66 (half-hour),Cancelled/ended
the-sinner,USA Network,32,Four (hour),Cancelled
most-outrageous-moments,NBC,Three,29 (hour),Cancelled/ended
graves,EPIX,Two,20 (half-hour),Cancelled
invincible,Amazon Prime Video,Ongoing,Ongoing (hour),Has not been cancelled
constantine,NBC,One,13 (hour),Cancelled
superstition,Syfy,One,12 (hour),Cancelled
the-good-wife,CBS,Seven,156 (hour),Ending
las-vegas,NBC,Five,106 (hour),Cancelled/ended
saved-by-the-bell-the-college-years,NBC,One,19 (half-hour),Cancelled/ended
my-name-is-earl,NBC,Four,96 (half-hour),Cancelled/ended
motive,ABC,Four,52 (hour),Dropped by ABC
unhitched,FOX,One,Six (half-hour),Cancelled/ended
oprahs-big-give,ABC,One,Eight (hour),Cancelled/ended
i-may-destroy-you,HBO,One,12 (half-hour),Cancelled/ended
the-league,FX,Seven,84 (half-hour),Ending
rake,FOX,One,13 (hour),Cancelled
animal-kingdom,TNT,Six,75 (hour),Ended
nightflyers,Syfy,One,10 (hour),Cancelled
cops,"FOX, Paramount Network, Fox Nation",Ongoing,Ongoing (half-hour),Cancelled/revived
four-weddings-and-a-funeral,Hulu,Ongoing,Ongoing (hour),Has not been cancelled
ncis-new-orleans,CBS,Seven,155 (hour),Cancelled
cuts,UPN,Two,31 (half-hour),Cancelled/ended
sleepy-hollow,FOX,Four,62 (hour),Cancelled
11-22-63,Hulu,One,Nine (hour),Billed as a mini-series so not expected to have a second season
nyc-22,CBS,One,13 (hour),Cancelled
westworld,HBO,Four,36 (hour),Cancelled
animorphs,Nickelodeon,Two,26 (half-hour),Cancelled/ended
angie-tribeca,TBS,Four,40 (half-hour),Has not been cancelled
the-winter-king,MGM+,Ongoing,Ongoing (hour),Has not been cancelled
the-first-lady,,,,
everybody-loves-raymond,CBS,Nine,210 (half-hour),Cancelled/ended
last-resort,ABC,One,13 (hour),Cancelled
our-cartoon-president,Showtime,Ongoing,Ongoing (half-hour),Has not been cancelled
kingdom,Audience,Three,40 (hour),Cancelled
the-tonight-show-with-conan-obrien,NBC,One,146 (62 minutes),Cancelled
snatch,Crackle,Ongoing,Ongoing (hour),Has not been cancelled
only-murders-in-the-building,Hulu,Ongoing,Ongoing (half-hour),Has not been cancelled
13-fear-is-real,The CW,One,Eight (hour),Cancelled/ended
red-widow,ABC,One,Eight (hour),Cancelled
half-half,UPN,Four,91 (half-hour),Cancelled/ended
the-biggest-loser,NBC,17,264 (hour),Cancelled
stargate-atlantis,Sci Fi,Five,100 (hour),Cancelled/ended
family-game-fight,NBC,One,10 (hour),Cancelled
domino-masters,FOX,Ongoing,Ongoing (hour),Has not been cancelled
london-spy,BBC America,One,Five (hour),Ended
hot-wheels-ultimate-challenge,NBC,One,10 (hour),Cancelled
the-dead-zone,USA,Six,80 (hour),Cancelled/ended
combat-hospital,ABC,One,13 but one didn’t air (hour),Cancelled
lost-girl,Syfy,Five,77 (hour),Cancelled/ended
pose,FX,Three,36 (hour),Ended
somewhere-between,ABC,One,10 (hour),Cancelled
barons,The CW,One,Eight (hour),Cancelled
the-hard-times-of-rj-berger,MTV,Two,24 (half-hour),Cancelled
mamas-family,"NBC, first run syndication",Six,130 (half-hour),Cancelled/ended
married-with-children,FOX,11,259 (half-hour),Cancelled/ended
terry-crews-saves-christmas,The CW,One,Five (hour),Cancelled/Ended
mental,FOX,One,13 (hour),Cancelled
stylista,The CW,One,Nine (hour),Cancelled/ended
aquarius,NBC,Ongoing,26 (hour),Cancelled
creature-comforts,CBS,One,"Seven, four unaired (half-hour)",Cancelled/ended
mental-samurai,FOX,Ongoing,Ongoing (hour),Has not been cancelled
gossip-girl,The CW,Six,121 (hour),Ended
hey-paula,Bravo,One,Seven (half-hour),Cancelled/ended
the-hardy-boys-mysteries,ABC,Three,46 (half-hour),Cancelled/ended
siren,Freeform,Three,36 (hour),Cancelled
one-day-at-a-time-2017,Netflix,Four,46 (half-hour),Cancelled by Netflix
romantically-challenged,ABC,One,six with two unaired (half-hour),Cancelled
the-son,AMC,Two,20 (hour),Cancelled
viva-laughlin,CBS,One,"Eight, six unaired (hour)",Cancelled/ended
batman-1966,ABC,Three,120 (half-hour),Cancelled/ended
the-blacklist-redemption,NBC,One,Eight (hour),Cancelled
spider-man-the-animated-series,FOX,Five,65 (half-hour),Cancelled/ended
x-company,Ovation,Three,28 (hour),Ended
life-unexpected,The CW,Two,26 (hour),Cancelled
escape-routes,NBC,One,Six (hour),Cancelled
the-fatal-flaw,ABC,Ongoing,Ongoing (hour),Has not been cancelled
lassie,"CBS, first-run syndication",19,588 (half-hour),Cancelled/ended
raising-the-bar,TNT,Two,25 (hour),Cancelled.
the-lazarus-project,TNT,Ongoing,Ongoing (hour),Has not been cancelled
party-down,Starz,Two,20 (half-hour),Cancelled
sullivan-son,TBS,Three,33 (half-hour),Cancelled
eight-is-enough,ABC,Five,112 (hour),Cancelled
ironside,NBC,Eight,198 (60-90 minutes),Cancelled
the-facts-of-life,NBC,Nine,209 (half-hour),Cancelled/ended
cooper-barretts-guide-to-surviving-life,FOX,One,13 but 3 unaired (half-hour),Cancelled
girlboss,Netflix,One,13 (half-hour),Cancelled
there-goes-the-neighborhood,CBS,One,Seven (hour),Cancelled
arrow,The CW,Eight,170 (hour),Ended
narcos,Netflix,Ongoing,Ongoing (hour),Has not been cancelled
man-seeking-woman,FXX,Three,30 (half-hour),Cancelled
unan1mous,FOX,One,Eight (half-hour),Cancelled/ended
nancy-drew,The CW,Four,62 (hour),Cancelled
looking-for-alaska,Hulu,One,Eight (hour),Ended
dads,FOX,One,18 (half-hour),Cancelled
merry-happy-whatever,Netflix,Ongoing,Ongoing (half-hour),Has not been cancelled
emergency-call,ABC,Ongoing,Ongoing (hour),Has not been cancelled
shrill,Hulu,Three,22 (half-hour),Ended
boston-legal,ABC,Five,101 (hour),Cancelled/ended
dark-matter,Syfy,Three,39 (hour),Cancelled
the-evidence,ABC,One,Eight (hour),Cancelled/ended
the-orville,FOX,Ongoing,Ongoing (hour),Has not been cancelled
how-to-be-a-gentleman,CBS,One,Nine (half-hour),Cancelled
big-love,HBO,Five,53 (hour),Cancelled/ending
celebrity-watch-party,FOX,One,11 (hour),Cancelled
man-up,ABC,One,13 but 5 didn’t air on ABC (half-hour),Cancelled
the-bridge-2013,FX,Two,26 (hour),Cancelled
the-new-adventures-of-old-christine,CBS,Five,88 (half-hour),Cancelled
delilah,OWN,One,Eight (hour),Cancelled
celebrity-expose,MyNetworkTV,Two,24 (hour),Cancelled/ended
all-my-children,ABC,42,"10,712 (half-hour, hour)",Cancelled
little-big-shots-forever-young,NBC,One,Six (hour),Cancelled
the-night-shift,NBC,Four,45 (hour),Cancelled
tommy,CBS,One,12 (hour),Cancelled
americas-toughest-jobs,NBC,One,10 (hour),Cancelled
notes-from-the-underbelly,ABC,Two,"22, seven unaired (half-hour)",Cancelled/ended
jamie-olivers-food-revolution,ABC,Two,12 (hour),Cancelled
beverly-hills-90210,FOX,10,296 (hour),Cancelled/ended
the-all-new-super-friends-hour,ABC,One,15 (hour),Cancelled/ended
first-dates,NBC,Ongoing,Ongoing (hour),Has not been cancelled
briarpatch,USA Network,One,10 (hour),Cancelled
forever,ABC,One,22 (hour),Cancelled
home-improvement,ABC,Eight,204 (half-hour),Cancelled/ended
legends-chamberlain-heights,Comedy Central,Two,20 (half-hour),Cancelled
in-plain-sight,USA Network,Five,61 (hour),Ended
state-of-mind,Lifetime,One,Eight (hour),Cancelled/ended
cousins-for-life,Nickelodeon,Ongoing,Ongoing (half-hour),Has not been cancelled
awkward,MTV,Five,89 (half-hour),Cancelled
whos-the-boss,ABC,Eight,196 (half-hour),Cancelled/ended
homeland,Showtime,Eight,96 (hour),Ended
hope-faith,ABC,Three,73 (half-hour),Cancelled/ended
whodunnit,ABC,One,9 (hour),Cancelled
superstar,ABC,Ongoing,Ongoing (hour),Has not been cancelled
americas-most-wanted,FOX,26,"1,095 (hour)",Cancelled
outsiders,WGN America,Two,23 (hour),Cancelled
brotherhood,Showtime,Three,29 (hour),Cancelled
the-catalina,The CW,One,Six (hour),Cancelled
dr-kildare,NBC,Five,190 (hour),Cancelled/ended
the-other-two,Comedy Central,Three,30 (half-hour),Cancelled
rome,HBO,Two,22 (hour),Cancelled/ended
masterchef-junior,FOX,Ongoing,Ongoing (hour),Has not been cancelled
drive,FOX,One,"Six, two unaired (hour)",Cancelled/ended
cristela,ABC,One,22 (hour),Cancelled
up-all-night,NBC,Two,35 (half-hour),Cancelled
banshee,Cinemax,Four,38 (hour),Ended
strictly-for-laughs,CBS,One,Approximately 140 (15 minutes),Cancelled
hung,HBO,Three,30 (half-hour),Cancelled
golan-the-insatiable,FOX,Ongoing,"Ongoing (shorts, half-hour)",Has not been cancelled
lassies-pet-vet,PBS,One,13 (half-hour),Cancelled/ended
totally-weird-and-funny,The CW,Ongoing,Ongoing (half-hour),Has not been cancelled
guest-book,TBS,Two,20 (half-hour),Cancelled
deal-or-no-deal,NBC,Four,197 (hour),Cancelled/ended
brockmire,IFC,Four,32 (half-hour),Ended
out-of-practice,CBS,One,"22, eight unaired (half-hour)",Cancelled/ended
americas-next-top-model,"UPN,",Ongoing,Ongoing (hour),Cancelled
hee-haw,"CBS, first-run syndication",23,585 (hour),Cancelled/ended
full-house,ABC,Eight,192 (half-hour),Cancelled/ended
thank-god-youre-here,NBC,One,Seven (hour),Cancelled/ended
castle-rock,Hulu,Two,20 (hour),Cancelled
mary-jane,MTV,One,10 (half-hour),Cancelled
three-wishes,NBC,One,10 (hour),Cancelled/ended
the-originals,The CW,Five,92 (hour),Ended
dont-forget-the-lyrics,FOX,Ongoing,Ongoing (hour),Has not been cancelled
the-wayans-bros,The WB,Five,103 (half-hour),Cancelled/ended
mike-judge-presents-tales-from-the-tour-bus,Cinemax,Ongoing,Ongoing (half-hour),Has not been cancelled
what-if-2021,Disney+,Ongoing,Ongoing (half-hour),Has not been cancelled
reginald-the-vampire,Syfy,Ongoing,Ongoing (hour),Has not been cancelled
burden-of-truth,The CW,Four,34 (hour),Ended
queer-as-folk-us,Showtime,Five,83 (hour),Cancelled/ended
in-the-motherhood,ABC,One,Seven but two did not air (half-hour),Cancelled/ended
la-brea,NBC,Three,30 (hour),Ended
little-demon,FXX,Ongoing,Ongoing (half-hour),Has not been cancelled
worlds-funniest-animals,The CW,Ongoing,Ongoing (half-hour),Has not been cancelled
chips,NBC,Six,139 (hour),Cancelled/ended
big-shot,Disney+,Two,20 (hour),Cancelled
vinyl,HBO,One,10 (hour),Cancelled
eastwick,ABC,One,13 but two did not air (hour),Cancelled
designing-women,CBS,Seven,163 (half-hour),Cancelled/ended
the-old-man,FX,Ongoing,Ongoing (hour),Has not been cancelled
point-pleasant,FOX,One,13 (hour),Cancelled/ended
ted-lasso,Apple TV+,Ongoing,Ongoing (half-hour),Has not been cancelled
hawthorne,TNT,Three,30 (hour),Has not been cancelled
diffrent-strokes,"NBC, ABC",Eight,189 (half-hour),Cancelled/ended
kitchen-confidential,FOX,One,"13, nine unaired (half-hour)",Cancelled/ended
freaks-and-geeks,NBC,One,18 (hour),Cancelled/ended
steve-harveys-funderdome,ABC,One,13 (hour),Cancelled
the-kings-of-napa,OWN,Ongoing,Ongoing (hour),Has not been cancelled
hawaii-five-0-2010,CBS,10,240 (hour),Ended
high-fidelity,Hulu,One,10 (half-hour),Cancelled
night-court,NBC,Nine,193 (half-hour),Cancelled/ended
hostages,CBS,One,15 (hour),Cancelled
preacher,AMC,Four,43 (hour),Ended
being-human-us,Syfy,Four,52 (hour),Cancelled
manhattan-love-story,ABC,One,11 (half-hour),Cancelled
victoria,PBS,Three,25 (hour),Cancelled/Ended
password-2022,NBC,Ongoing,Ongoing (hour),Has not been cancelled
super-fun-night,ABC,One,17 (half-hour),Cancelled
capture,The CW,One,10 (hour),Cancelled
my-so-called-life,ABC,One,19 (hour),Cancelled/ended
battlebots-2015,ABC,Ongoing,Ongoing (hour),Cancelled by ABC
whistleblower,CBS,Two,14 (hour),Cancelled
snowpiercer,TNT,Four,TBD (hour),Ending
mistresses,ABC,Four,52 (hour),Cancelled
indebted,NBC,One,12 (half-hour),Cancelled
kolchak-the-night-stalker,ABC,One,20 (hour),Cancelled/ended
on-trial,ABC,Four,Unknown (half-hour),Cancelled
living-biblically,CBS,One,,Cancelled
wayward-pines,FOX,Ongoing,Ongoing (hour),Ended
aftermath,Syfy,One,13 (hour),Cancelled
dallas-2012,TNT,Three,40 (hour),Cancelled
scoundrels,ABC,One,Eight (hour),Cancelled
killer-women,ABC,One,Eight but two unaired (hour),Cancelled
miami-medical,CBS,One,13 (hour),Cancelled
marvels-luke-cage,Netflix,Two,26 (hour),Cancelled
hit-run,Netflix,One,Nine (hour),Cancelled
web-therapy,Showtime,Four,43 (half-hour),Cancelled
spider-man-and-his-amazing-friends,NBC,Three,24 (half-hour),Cancelled/ended
queens,ABC,One,13 (hour),Cancelled
lone-star,FOX,One,Six but four didn’t air (hour),Cancelled
blood-oil,ABC,One,10 (hour),Cancelled
medium,"NBC, CBS",Seven,130 (hour),Cancelled
downton-abbey,PBS (as part of the,Six,?? (60-120 minutes),Ending
man-with-a-plan,CBS,Four,69 (half-hour),Cancelled
idiotsitter,Comedy Central,Ongoing,Ongoing (half-hour),Has not been cancelled
running-wild-with-bear-grylls,NBC,Ongoing,Ongoing (hour),Has not been cancelled
superior-donuts,CBS,Two,34 (half-hour),Cancelled
trauma,NBC,One,18 (hour),Cancelled
american-dreams,NBC,Three,61 (hour),Cancelled/ended
the-cleveland-show,FOX,Four,88 (half-hour),Ended (at least for now)
the-bonnie-hunt-show,CBS,One,13 but two did not air (half-hour),Has been cancelled
fear-itself,NBC,One,"13, five unaired (hour)",Cancelled/ended
alvin-and-the-chipmunks,NBC,Eight,102 (half-hour),Cancelled/ended
zoe-ever-after,BET,Ongoing,Ongoing (half-hour),Has not been cancelled
fashion-star,NBC,Two,26 (hour),Cancelled
nypd-blue,ABC,12,261 (hour),Cancelled/ended
mercy,NBC,One,22 (hour),Cancelled
dan-browns-the-lost-symbol,Peacock,One,10 (hour),Cancelled
the-last-tycoon,Amazon,One,Nine (hour),Cancelled
lets-make-a-deal,"NBC, ABC",14,unknown (half-hour),Cancelled/ended
jupiters-legacy,Netflix,One,Eight (hour),Cancelled
listen-up,CBS,One,22 (half-hour),Cancelled/ended
family-reunion,Netflix,Three,46 (half-hour),Ending
school-pride,NBC,One,Seven (hour),Cancelled
the-cleaning-lady,FOX,Ongoing,Ongoing (hour),Has not been cancelled
lucky-hank,AMC,One,Eight (hour),Cancelled
lovesick,Netflix,Ongoing,Ongoing (half-hour),Has not been cancelled
made-for-love,HBO Max,Two,16 (half-hour),Cancelled
the-great-north,FOX,Ongoing,Ongoing (half-hour),Has not been cancelled
workaholics,Comedy Central,Seven,86 (half-hour),Ended
the-neighbors,ABC,Two,44 (half-hour),Cancelled
dimension-404,Hulu,Ongoing,Ongoing (hour),Has not been cancelled
canterburys-law,FOX,One,Six (hour),Cancelled/ended
the-4400,USA,Four,45 (hour),Cancelled/ended
kevin-probably-saves-the-world,ABC,One,16 (hour),Cancelled
the-book-of-daniel,NBC,One,Eight (hour),Cancelled/ended
in-harms-way,The CW,One,"Seven, three unaired (hour)",Cancelled/ended
shadow-and-bone,Netflix,Two,16 (hour),Cancelled
lincoln-heights,ABC Family,Four,43 (hour),Cancelled
we-are-men,CBS,One,Four but two unaired (half-hour),Cancelled
hawaii-five-0,,,,
good-times,CBS,Six,133 (half-hour),Cancelled/ended
cagney-lacey,CBS,Seven,125 (hour),Cancelled/ended
freddie,ABC,One,22 (half-hour),Cancelled/ended
the-winchesters,The CW,One,13 (hour),
dr-quinn-medicine-woman,CBS,Six,150 (hour),Cancelled/ended
trial-error,NBC,Two,23 (half-hour),Cancelled
grimm,NBC,Six,123 (hour),Ending
beyond-the-edge,CBS,One,10 (hour),Cancelled
castle,ABC,Eight,173 (hour),Cancelled
the-slap-us,NBC,One,Eight (hour),Ended
ordinary-joe,NBC,One,13 (hour),Cancelled
teachers,NBC,One,Six (half-hour),Cancelled/ended
the-goodwin-games,FOX,One,Seven (half-hour),Cancelled
ironside-2013,NBC,One,Nine but five unaired (hour),Cancelled
doogie-kamealoha-md,Disney+,Two,20 (half-hour),Cancelled
motherland-fort-salem,Freeform,Three,30 (hour),Ending
the-listener,NBC,Five,65 (hour),Cancelled by NBC after one season
next,FOX,One,10 (hour),Cancelled
come-dance-with-me,CBS,Ongoing,Ongoing (hour),Has not been cancelled
cory-in-the-house,Disney Channel,Two,34 (half-hour),Cancelled
the-good-fight,CBS,Six,60 (hour),Ended
the-outpost,The CW,Three,49 (hour),Cancelled
the-shannara-chronicles,MTV,Two,20 (hour).,Cancelled
all-rise,CBS,Three,58 (hour),Cancelled by CBS
yes-dear,CBS,Six,122 (half-hour),Cancelled/ended
the-durrells-in-corfu,PBS,Four,26 (hour),Ended
i-know-this-much-is-true,HBO,One,Six (hour),Ended
joe-millionaire-for-richer-or-poorer,FOX,Ongoing,Ongoing (hour),Has not been cancelled
booker,FOX,One,22 (hour),Cancelled/ended
100-days-to-indy,The CW,Ongoing,Ongoing (hour),Has not been cancelled
star-trek-picard,CBS All Access,Three,30 (hour),Ended
cardinal,,Four,24 (hour),Ended
damien,A&E,One,10 (hour),Cancelled
matador,El Rey,One,13 (hour),Cancelled
the-legend-of-prince-valiant,The Family Channel,Two,65 (half-hour),Cancelled or ended
secret-celebrity-renovation,CBS,Ongoing,Ongoing (hour),Has not been cancelled
underemployed,MTV,One,12 (hour),Cancelled
i-wanna-marry-harry,FOX,One,Eight but four unaired (hour),cancelled
what-about-brian,ABC,Two,24 (hour),Cancelled/ended
spartacus,Starz,Three,33 (hour),Ended
the-middleman,ABC Family,One,12 (hour),Cancelled/ended
the-event,NBC,One,22 (hour),Cancelled
marvels-iron-fist,Netflix,Two,23 (hour),Cancelled
avenue-5,HBO,Two,17 (half-hour),Cancelled
bordertown,FOX,One,13 (half-hour),Cancelled
the-beverly-hillbillies,CBS,Nine,274 (half-hour),Cancelled/ended
cult,The CW,One,13 (hour),Cancelled
the-apprentice,NBC,Seven,102 (hour),Ended
nobodys-watching,The WB,One,"One half-hour, 12 webisodes",Cancelled/ended
partners,CBS,One,13 (half-hour),Cancelled
the-exorcist,FOX,Two,20 (hour),Cancelled
sabrina-the-teenage-witch,"ABC, The WB",Seven,163 (half-hour),Cancelled/ended
wet-hot-american-summer,Netflix,Ongoing,Ongoing (half-hour),Has not been cancelled
loaded,AMC,One,Eight (hour),Cancelled
murphy-brown,CBS,11,260 (half-hour),Cancelled;
the-newlywed-game,ABC,Eight,unknown (half-hour),Cancelled/ended
beavis-and-butt-head,MTV,Seven,65 (half-hour),Cancelled/ended
the-resort,Peacock,Ongoing,Ongoing (half-hour),Has not been cancelled
mash,CBS,11,255 (includes 2.5 hour movie) (half-hour),Cancelled/ended
penn-teller-fool-us,The CW,Ongoing,Ongoing (hour),Has not been cancelled
station-19,ABC,Seven,105 (hour),Cancelled
archie-bunkers-place,CBS,Four,97 (half-hour),Cancelled/ended
being-mary-jane,BET,Four,"52 (90-minute pilot, 50 half hours, two-hour finale)",Ended
king,Showcase in Canada,Two,21 (hour),Cancelled
the-rising,The CW,One,Eight (hour),Cancelled
archer,FX,14,145 (half-hour),Ended
the-night-manager,AMC,Ongoing,Ongoing (hour),Has not been cancelled
american-odyssey,NBC,One,13 (hour),Cancelled
mr-robinson,NBC,One,Six (half-hour),Cancelled
happy-valley,Netflix,Ongoing,Ongoing (hour),Has not been cancelled
snowfall,FX,Six,60 (hour),Ending
family-law,CBS,Three,68 (hour),Cancelled/ended
scarecrow-and-mrs-king,CBS,Four,88 (hour),Cancelled/ended
the-crown,Netflix,Six,60 (hour),Ended
manhunt,Discovery Channel,Two,18 (hour),Cancelled
mork-mindy,ABC,Four,95 (half-hour),Cancelled/ended
revolution,NBC,Two,42 (hour),Cancelled
people-of-earth,TBS,Two,20 (half-hour),Cancelled
9-1-1-lone-star,FOX,Ongoing,Ongoing (hour),Has not been cancelled
marvels-runaways,Hulu,Three,30 (hour),Cancelled
ravenswood,ABC Family,Ongoing,Ongoing (hour),Cancelled
apb,,One,12 (hour),Cancelled
neds-declassified-school-survival-guide,Nickelodeon,Three,55 (half-hour),Cancelled/ended
dracula,NBC,One,10 (hour),Cancelled
dirty-sexy-money,ABC,Two,23 (hour),Cancelled
lou-grant,CBS,Six,114 (hour),Cancelled/ended
armed-famous,CBS,One,Seven but only four aired (hour),Cancelled
gotham-knights,The CW,One,13 (hour),Cancelled
harpers-island,CBS,One,13 (hour),Cancelled/ended
rise,NBC,One,10 (hour),Cancelled
condor,Audience,Ongoing,Ongoing (hour),Has not been cancelled
the-rca-victor-show,NBC,Three,Unknown (half-hour),Cancelled
outer-banks,Netflix,Ongoing,Ongoing (hour),Has not been cancelled
girls,HBO,Six,62 (half-hour),Ended
i-am-the-night,TNT,One,Six (hour),Ended
american-horror-story,FX,Ongoing,Ongoing (hour),Has not been cancelled
the-real-oneals,ABC,Two,29 (half-hour),Cancelled
charlie-jade,Sci Fi,One,20 (hour),Cancelled/ended
the-prank-panel,ABC,Ongoing,Ongoing (hour),Has not been cancelled
rogue-heroes,EPIX,Ongoing,Ongoing (hour),Has not been cancelled
big-sky,ABC,Three,47 (hour),Cancelled
batman-the-brave-and-the-bold,Cartoon Network,Three,65 (half-hour),Cancelled
the-super-mario-bros-super-show,first-run syndication,Two,52 (half-hour),Cancelled/ended
city-on-a-hill,Showtime,Three,26 (hour),Cancelled
true-detective,HBO,Ongoing,Ongoing (hour),Has not been cancelled
48-hours,CBS,Ongoing,Ongoing (hour),Has not been cancelled
family-matters,"ABC, CBS",Nine,215 (half-hour),Cancelled/ended
dogs-in-the-city,CBS,One,Six (hour),Cancelled
knock-knock-live,FOX,One,Two (hour),Cancelled
once-upon-a-time,ABC,Seven,Ongoing (hour),Ended
faking-it,MTV,Three,38 (half-hour),Cancelled
heroes,NBC,Four,77 (hour),"Cancelled,"
national-treasure,Hulu,Ongoing,Ongoing (hour),Has not been cancelled
better-late-than-never,NBC,Two,12 (hour),Cancelled
the-fresh-prince-of-bel-air,NBC,Six,148 (half-hour),Cancelled/ended
the-bionic-woman-1976,"ABC, NBC",Three,57 (hour),Cancelled/ended
the-new-pope,HBO,Ongoing,Ongoing (hour),Has not been cancelled
gossip-girl-2021,HBO Max,Two,22 (hour),Cancelled
monarch,FOX,One,11 (hour),Cancelled
the-good-cop,Netflix,One,10 (hour),Cancelled
mary-kills-people,Lifetime,Ongoing,Ongoing (hour),Has not been cancelled
the-loop,FOX,Two,17 (half-hour),Cancelled/ended
tagpower-book-iii-raising-kanan,,,,
kung-fu-2021,The CW,Three,39 (hour),Cancelled
charmed,The WB,Eight,178 (hour),Cancelled/ended
stan-against-evil,IFC,Three,24 (hour),Cancelled
workin-moms,Netflix,Seven,Ongoing (half-hour),Ending
the-path,Hulu,Three,36 (hour),Cancelled
the-briefcase,CBS,One,Six (hour),Cancelled
the-bill-engvall-show,TBS,Three,30 (half-hour),Cancelled/ended
steve-canyon,NBC,One,34 (half-hour),Cancelled/ended
hollywood-game-night,NBC,Six,77 (hour),Cancelled
the-drew-carey-show,ABC,Nine,233 (half-hour),Cancelled/ended
men-in-trees,ABC,Two,36 (hour),Cancelled/ended
god-friended-me,CBS,Two,42 (hour),Cancelled
blue-bloods,CBS,14,291 (hour),Ending
back-to-you,FOX,One,"17, three unaired (half-hour)",Cancelled/ended
american-dad,FOX,Ongoing,Ongoing (half-hour),Has not been cancelled
baby-daddy,Freeform,Six,100 (half-hour),Cancelled
the-equalizer,CBS,Ongoing,Ongoing (hour),Has not been cancelled
in-living-color,FOX,Five,127 (half-hour),Cancelled/ended
reed-between-the-lines,BET,Two,33 (half-hour),Cancelled
complications,USA Network,One,10 (hour),Cancelled
the-brave,NBC,One,13 (hour),Cancelled
the-harper-house,Paramount+,One,10 (half-hour),Cancelled
tagamerican-horror-stories,,,,
anger-management,FX,Two,100 (half-hour),Ended
criminal-minds-beyond-borders,CBS,Two,26 (hour),Cancelled
you-me-and-the-apocalypse,NBC,10,One (hour),Cancelled/ended
humans,AMC,Three,24 (hour),Cancelled
pirate-master,CBS,One,"14, six unaired (hour)",Cancelled/ended
the-return-of-jezebel-james,FOX,One,"Seven, four unaired (half-hour)",Cancelled/ended
who-wants-to-be-a-millionaire-2020,ABC,Two,24 (hour),Cancelled
knightfall,History,Two,18 (hour),Cancelled
family-food-fight,ABC,Ongoing,Ongoing (hour),Has not been cancelled
worst-week,CBS,One,16 (half),Cancelled/ended
army-wives,Lifetime,Seven,117 (hour),Cancelled
losing-it-with-jillian,NBC,One,Eight (hour),Cancelled
good-girls,NBC,Four,50 (hour),Cancelled
the-andy-griffith-show,CBS,Eight,249 (half-hour),Cancelled/ended
betrayal,ABC,One,13 (hour),Cancelled
the-gloaming,Starz,Ongoing,Ongoing (hour),Has not been cancelled
frasier,NBC,11,264 (half-hour),NBC
friends-from-college,Netflix,Two,16 (half-hour),Cancelled
everything-sucks,Netflix,One,10 (half-hour),Cancelled
grand-crew,NBC,Two,20 (half-hour),Cancelled
raising-hope,FOX,Four,88 (half-hour),Cancelled
the-rich-list,FOX,One,Five but only one aired (half-hour),Cancelled/ended
hap-and-leonard,SundanceTV,Three,18 (hour),Cancelled
p-valley,Starz,Ongoing,Ongoing (hour),Has not been cancelled
top-cat,ABC,One,30 (half-hour),Cancelled/ended
womens-murder-club,ABC,One,13 (hour),Cancelled/ended
fargo,FX,Ongoing,Ongoing (hour),Has not been cancelled
til-death,FOX,Four,80 (half-hour),Cancelled
american-gladiators,first-run syndication,Seven,139 (hour),Cancelled/ended
cupid-2009,ABC,One,Seven (hour),Cancelled/ended
code-black,CBS,Three,47 (hour),Cancelled
the-dana-carvey-show,ABC,One,Eight but one didn’t air (half-hour),Cancelled/ended
new-amsterdam,FOX,One,Eight (hour ),Cancelled/ended
soul-train,first-run syndication,35,"1,117 (hour)",Cancelled/ended
the-indian-detective,Netflix,One,Four (hour),Cancelled
battlestar-galactica,ABC,One,24 (hour),Cancelled/ended
invasion,ABC,One,22 (hour),Cancelled/ended
the-slap,DirecTV,One,Eight (hour),Ended
crazy-ex-girlfriend,,Four,62 (hour),Ended
pushing-daisies,ABC,Two,22 (hour),Cancelled/ended
fairview,Comedy Central,Ongoing,Ongoing (half-hour),Has not been cancelled
bmf,Starz,Ongoing,Ongoing (hour),Has not been cancelled
the-addams-family,ABC,Two,64 (half-hour),Cancelled/ended
broadchurch,BBC America,Three,24 (hour),Ended
search-party,TBS,Five,50 (half-hour),Ended
devious-maids,Lifetime,Four,49 (hour),Cancelled
undateable,NBC,Three,36 (half-hour),Cancelled
batwoman,The CW,Three,51 (hour),Cancelled
superstore,NBC,Ongoing,113 (half-hour),Cancelled
of-kings-and-prophets,ABC,One,10 but eight unaired (hour),Cancelled
welcome-to-flatch,FOX,Two,27 (half-hour),Cancelled
mrs-america,FX on Hulu,One,Nine (hour),Ended
odd-mom-out,Bravo,Three,30 (half-hour),Cancelled
bull,CBS,Six,125 (hour),Ended
andi-mack,Disney Channel,Three,57 (half-hour),Ended
the-x-factor-us,FOX,Three,80 (one – two hours),Cancelled
the-astronaut-wives-club,ABC,One,10 (hour),Ended
all-in-the-family,,Nine,210 (half-hour),Cancelled/ended
mr-mercedes,Audience,Ongoing,Ongoing (hour),Has not been cancelled
marcus-welby-md,ABC,Seven,172 (hour),Cancelled/ended
accused,FOX,Ongoing,Ongoing (hour),Has not been cancelled
save-me,NBC,One,Seven (half-hour),Cancelled
threes-company,ABC,Eight,172 (half-hour),Cancelled/ended
sense8,Netflix,Two,24 (hour – 2.5 hours),Cancelled
the-golden-palace,CBS,One,24 (half-hour),Cancelled/ended
sistas,BET,Ongoing,Ongoing (hour),Has not been cancelled
star-trek-lower-decks,Paramount+,Five,50 (half-hour),Cancelled
rodney,ABC,Two,44 but only 38 aired (half-hour),
chilling-adventures-of-sabrina,Netflix,Two (split into four parts),36 (hour),Cancelled
happy-endings,ABC,Three,57 (half-hour),Cancelled
claim-to-fame,ABC,Ongoing,Ongoing (hour),Has not been cancelled
the-white-princess,Starz,One,Eight (hour),Ended
muppets-tonight,"ABC, Disney Channel",Two,22 (half-hour),Cancelled/ended
deadly-class,Syfy,One,10 (hour),Cancelled
outsourced,NBC,One,22 (half-hour),Cancelled
the-osbournes,MTV,Four,52 (half-hour),Cancelled/ended
florida-girls,Pop TV,One,Nine (half-hour),Cancelled
wonder-woman,"ABC, CBS",Three,59 (hour),Cancelled/ended
alcatraz,FOX,One,13 (hour),Cancelled
american-vandal,Netflix,Two,16 (half-hour),Cancelled
in-the-flow-with-affion-crockett,FOX,One,Six (half-hour),Cancelled
date-my-dad,UP,One,10 (hour),Cancelled (per Barry Watson)
the-third-day,HBO,One,Six (hour) + special,Ended
the-shield,FX,Seven,88 (hour),
the-suite-life-on-deck,Disney Channel,Three,71 (half-hour),Cancelled/ended
murder-one,ABC,Two,41 (hour),Cancelled/ended
fbi-most-wanted,CBS,Ongoing,Ongoing (hour),Has not been cancelled
hunters,Syfy,One,13 (hour),Cancelled
taxi-brooklyn,NBC,One,12 (hour),Cancelled
perfect-strangers,ABC,Eight,150 (half-hour),Cancelled/ended
the-paynes,OWN,Ongoing,Ongoing (half-hour),Has not been cancelled
bunkd,Disney Channel,Seven,161 (half-hour),Ending
free-ride,FOX,One,Six (half-hour),Cancelled/ended
dating-in-the-dark,ABC,Two,12 (hour),Cancelled
rookie-blue,ABC,Six,74 (hour),Cancelled
wings,NBC,Eight,172 (half-hour),Cancelled/ended
what-would-you-do,ABC,Ongoing,Ongoing (hour),Has not been cancelled
gomer-pyle-usmc,CBS,Five,150 (half-hour),Cancelled/ended
the-rosie-odonnell-show,first-run syndication,Six,"1,193 (hour)",Cancelled/ended
looking,HBO,Two,18 (half-hour),Cancelled but wrapped up with a movie
luther,BBC America,Ongoing,Ongoing (hour),Has not been cancelled
galavant,ABC,Two,18 (half-hour),Cancelled
cavemen,ABC,One,13 but seven did not air (half-hour),Cancelled
late-night-with-jimmy-fallon,NBC,Five,969 (hour),Ended
transporter-the-series,TNT,Two,24 (hour),Cancelled
timeless,NBC,Two,28 (hour),Cancelled
kyle-xy,ABC Family,Three,43 (hour),Cancelled/ended
cougar-town,ABC,Six,102 (half-hour),Ended
hacks,HBO Max,Ongoing,Ongoing (half-hour),Has not been cancelled
mr-selfridge,PBS,Four,40 (hour),Ended
shes-gotta-have-it,Netflix,Two,19 (half-hour),Cancelled
the-underdog-show,NBC,Three,62 (half-hour),Cancelled/ended
sons-of-tucson,FOX,One,13 (half-hour),Cancelled
bel-air,Peacock,Ongoing,Ongoing (hour),Has not been cancelled
secret-talents-of-the-stars,CBS,,One (hour),
treadstone,USA Network,One,10 (hour),Cancelled
grantchester,PBS,Ongoing,Ongoing (hour),Has not been cancelled
heartbeat,NBC,One,10 (hour),Cancelled
loosely-exactly-nicole,MTV,One,10 (half-hour),Cancelled
americas-funniest-home-videos,ABC,Ongoing,Ongoing (hour),Has not been cancelled
carnival-row,Amazon,18,Two (hour),Ended
sexdrugsrockroll,FX,Two,20 (half-hour),Cancelled
utopia,FOX,One,12 (hour),Cancelled
drunk-history-us,Comedy Central,Six,70 (half-hour),Cancelled
house,FOX,Eight,177 (hour),Ended
newhart,CBS,Eight,184 (half-hour),Cancelled/ended
murder-in-the-first,TNT,Three,32 (hour),Cancelled
that-90s-show,Netflix,Ongoing,Ongoing (half-hour),Has not been cancelled
blue-mountain-state,Spike,Three,39 (half-hour),Cancelled
speed-racer-the-next-generation,Nickelodeon,Two,52 (half-hour),Cancelled
stars-on-mars,FOX,Ongoing,Ongoing (hour),Has not been cancelled
the-greatest-athome-videos,CBS,Ongoing,Ongoing (hour),Has not been cancelled
when-calls-the-heart,Hallmark Channel,Ongoing,Ongoing (hour),Has not been cancelled
reign,The CW,Four,78 (hour),Cancelled
drop-dead-diva,Lifetime,Six,78 (hour),Ended
tough-as-nails,CBS,Ongoing,Ongoing (hour),Has not been cancelled
at-large-with-geraldo-rivera,"first-run syndication, Fox News Channel",Ongoing,Ongoing (hour),Has not been cancelled
blonde-charity-mafia,"The CW, MTV Australia",One,Six but none aired in the US (half-hour),Cancelled
betty,HBO,Two,12 (half-hour),Cancelled
the-pebbles-and-bamm-bamm-show,CBS,One,16 (half-hour),Cancelled
sirens,USA,Two,23 (half-hour),Cancelled
generation-gap,ABC,Ongoing,Ongoing (hour),Has not been cancelled
rob-and-amber-against-the-odds,FOX Reality,One,10 (half-hour),Cancelled/ended
too-close-to-home,TLC,Two,16 (hour),Cancelled
3rd-rock-from-the-sun,NBC,Six,139 (half-hour),Cancelled/ended
now-apocalypse,Starz,One,10 (half-hour),Cancelled
council-of-dads,NBC,One,10 (hour),Cancelled
smallville,"WB, then CW",10,218 (hour),Cancelled/ending
the-nations-future,NBC,One,45 (hour),Cancelled
helix,Syfy,Two,26 (hour),Cancelled
schitts-creek,Pop,Six,80 (half-hour),Ended
cedar-cove,Hallmark Channel,Three,36 (hour),Cancelled
the-secret-life-of-the-american-teenager,ABC Family,Five,121 (hour),Cancelled
hard-sun,Hulu,One,Six (hour),Cancelled
solar-opposites,Hulu,Ongoing,Ongoing (half-hour),Has not been cancelled
huge,ABC Family,One,10 (hour),Cancelled
the-lizzie-borden-chronicles,Lifetime,One,Eight (hour),Cancelled
frontier,Netflix,Three,18 (hour),Cancelled
e-ring,NBC,One,"22, eight unaired (hour)",Cancelled/ended
undeclared,FOX,One,"17, but only 15 aired (half-hour)",Cancelled/ended
pretty-little-liars-original-sin,HBO Max,Ongoing,Ongoing (hour),Has not been cancelled
carols-second-act,CBS,One,18 (half-hour),Cancelled
are-you-smarter-than-a-5th-grader,FOX,Ongoing,Ongoing (half-hour),Cancelled on FOX but moved directly into first-run syndication for two seasons
peoples-list,ABC,One,Six (hour),Cancelled
coop-cami-ask-the-world,Disney Channel,Ongoing,Ongoing (half-hour),Has not been cancelled
chucky,Syfy,Ongoing,Ongoing (hour),Has not been cancelled
from,EPIX,Ongoing,Ongoing (hour),Has not been cancelled
highlander-the-series,first-run syndication,Six,119 (hour),Cancelled/ended
who-do-you-believe,ABC,Ongoing,Ongoing (hour),Has not been cancelled
chesapeake-shores,Hallmark Channel,Six,55 (hour),Ended
61st-street,AMC,Two,16 (hour),Ending/cancelled
power,Starz,Six,63 (hour),Ended
body-of-proof,ABC,Three,42 (hour),Cancelled
october-road,ABC,Two,19 (hour),Cancelled/ended
ghosts,CBS,Ongoing,Ongoing (half-hour),Has not been cancelled
judging-amy,CBS,Six,138 (hour),Cancelled/ended
legends,TNT,Two,20 (hour),Cancelled
the-mole,ABC,Five,46 (hour),Cancelled/ended
billions,Showtime,Seven,84 (hour),Cancelled/ended
quarterlife,NBC,One,"Six, five unaired (hour)",Cancelled/ended
carter,WGN America,Two,20 (hour),Cancelled
donny-marie,ABC,Three,78 (hour),Cancelled/ended
legend-of-the-seeker,first-run syndication,Two,44 (hour),Cancelled
bless-the-harts,FOX,Two,Ongoing (half-hour),Cancelled
the-montel-williams-show,CBS,17,2105 (hour),Cancelled/ended
accidentally-on-purpose,CBS,One,18 (half-hour),Cancelled
perspective,ABC,One,27 +/- (half-hour),Cancelled
veep,HBO,Seven,68 (half-hour),Ended
the-mob-doctor,FOX,One,13 (hour),Cancelled
legit,FX,Two,26 (half-hour),Cancelled
the-halcyon,Ovation,One,Eight (hour),Cancelled
life-with-lucy,ABC,One,"13, five unaired (half-hour)",Cancelled/ended
travelers,Netflix,Three,34 (hour),Cancelled
white-famous,Showtime,One,10 (half-hour),Cancelled
shooter,USA Network,Three,31 (hour),Cancelled
the-expanse,Syfy,Six,62 (hour),Ended
are-we-there-yet,TBS,Ongoing,Ongoing (half-hour),Has not been cancelled
irma-vep,HBO,One,Eight (hour),Ending
american-idol,FOX,Ongoing,555 (one – two hours); Ongoing,Not Cancelled
emilys-reasons-why-not,ABC,One,"Seven, six unaired (half-hour)",Cancelled/ended
wizards-of-waverly-place,Disney Channel,Four,106 (half-hour),Ended
hindsight,VH1,One,10 (hour),Cancelled
beautiful-people,ABC,One,16 (hour),Cancelled/ended
let-the-right-one-in,Showtime,One,10 (hour),Cancelled
my-boys,TBS,Ongoing,Ongoing (half-hour),Has not been cancelled
enlisted,FOX,One,13 (half-hour),Cancelled
the-jim-gaffigan-show,TV Land,Two,23 (half-hour),Ended
grace-under-fire,ABC,Five,112 (half-hour),Cancelled/ended
walker-independence,The CW,One,13 (hour),Cancelled
painkiller-jane,Sci Fi,One,22 (hour),Cancelled/ended
everybody-hates-chris,"UPN, The CW",Four,88 (half-hour),Cancelled/ended
coyote,CBS All Access,Ongoing,Ongoing (hour),Has not been cancelled
the-royals,E!,Four,40 (hour),Cancelled
rush-hour,CBS,One,13 (hour),Cancelled
allen-gregory,FOX,One,Seven (half-hour),Cancelled
swat,CBS,Ongoing,Ongoing (hour),Has not been cancelled yet
that-girl,ABC,Five,136 (half-hour),Cancelled/ended
working-the-engels,NBC,One,12 (half-hour),Cancelled
the-parkers,UPN,Five,111 (half-hour),Cancelled/ended
getting-on,HBO,Three,18 (hour),Ended
the-deep-end,ABC,One,"Eight, including one unaired (hour)",Cancelled
mission-impossible,CBS,Seven,171 (hour),Cancelled/ended
days-of-our-lives,NBC,Ongoing,Ongoing (hour),Has not been cancelled
on-my-block,Netflix,Four,38 (half-hour),Ended
night-court-2023,NBC,Ongoing,Ongoing (hour),Has not been cancelled
the-taste,ABC,Three,23 (hour),Cancelled
run-the-world,Starz,Two,16 (half-hour),Cancelled
ripper-street,BBC America,Five,37 (hour),Ending
scream-queens,FOX,Two,23 (hour),Cancelled
final-witness,ABC,One,Seven (hour),Cancelled/ended
i-survived-a-japanese-game-show,,,,
prime-suspect-tennison,PBS,One,Three (two hours),Cancelled
chicago-med,NBC,Ongoing,Ongoing (hour),Has not been cancelled
big-day,ABC,One,"13, one unaired (half-hour)",Cancelled/ended
raised-by-wolves,HBO Max,Two,18 (hour),Cancelled
the-west-wing,NBC,Seven,156 (hour),Cancelled/ended
lady-dynamite,Netflix,Two,20 (half-hour),Cancelled
the-breaks,VH1,One,Eight (hour),Cancelled
filthy-rich,FOX,One,10 (hour),Cancelled
rocketjump-the-show,Hulu,Ongoing,Ongoing (half-hour),Has not been cancelled
better-with-you,ABC,One,22 (half-hour),Cancelled
days-of-our-lives-beyond-salem,Peacock,Ongoing,Ongoing (hour),Has not been cancelled
crossbones,NBC,One,Nine (hour),Cancelled
happy-days,ABC,11,255 (half-hour),Cancelled/ended
lego-masters,FOX,Ongoing,Ongoing (hour),Has not been cancelled
melrose-place-2009,CW,One,18 (hour),Cancelled
shots-fired,FOX,One,10 (hour),Ended
good-doctor,ABC,,TBD (hour),Ending
flaked,Netflix,Ongoing,Ongoing (30-45 mins),Has not been cancelled
godfather-of-harlem,Epix,Ongoing,Ongoing (hour),Has not been cancelled
chaos,CBS,One,13 (hour),Cancelled
chozen,FX,One,10 (half-hour),Cancelled
game-show-in-my-head,CBS,One,Eight (half-hour),Cancelled
perfect-harmony,,,,
pretty-little-liars,Freeform,Seven,160 (hour),Ended
crumbs,ABC,One,13 but only five aired (half-hour),Cancelled/ended
about-a-boy,NBC,Two,33 but six unaired (half-hour),Cancelled
truth-be-told-2019,Apple TV+,Three,28 (hour),
zero-hour,ABC,One,13 (hour),Cancelled
better-things,FX,Five,52 (half-hour),Ended
world-of-dance,NBC,Four,49 (hour),Cancelled
the-innocents,Netflix,One,Eight (hour),Cancelled
crusoe,NBC,One,13 (hour),Cancelled/ended
the-glades,A&E,Four,49 (hour),Cancelled
the-life-times-of-tim,HBO,Three,30 (half-hour),Cancelled
courage-the-cowardly-dog,Cartoon Network,Four,52 (half-hour),Cancelled
kids-say-the-darndest-things,ABC,Ongoing,Ongoing (hour),Cancelled
swedish-dicks,Pop,Ongoing,Ongoing (half-hour),Has not been cancelled
our-flag-means-death,HBO Max,Two,18 (half-hour),Cancelled
the-honeymooners,CBS,One,39 (half-hour),Cancelled/ended
four-kings,NBC,One,"13, six unaired (half-hour)",Cancelled/ended
strike-force,ABC,One,20 (hour),Cancelled
hi-honey-im-home,"ABC, Nick at Nite",Two,13 (half-hour),Cancelled/ended
fosters-home-for-imaginary-friends,Cartoon Network,Six,79 (half-hour),Cancelled/ended
the-pjs,"FOX, The WB",Three,"46, six unaired (half-hour)",Cancelled/ended
veronica-mars,"UPN (seasons 1-2),",Ongoing,Ongoing (hour),Cancelled on CW
anne-rices-interview-with-the-vampire,AMC,Ongoing,Ongoing (hour),Has not been cancelled
arrested-development,FOX,Five,84 (half-hour),"Cancelled by FOX in 2006,"
anne-with-an-e,Netflix,Three,27 (hour),Cancelled
pink-collar-crimes,CBS,One,Eight (hour),Cancelled
aftermash,CBS,Two,"31, one unaired (half-hour)",Cancelled/ended
americas-got-talent,NBC,Ongoing,Ongoing (1-2 hours),Has not been cancelled
dominion,Syfy,Two,21 (hour),Cancelled
life-with-father,CBS,Three,27 known (half-hour),Cancelled
beyond-the-tank,ABC,Two,19 (hour),Cancelled
peaky-blinders,Netflix,Six,36 (hour),Ended
dragnet-2003,ABC,Two,"22, two unaired (hour)",Cancelled/ended
civil-wars,ABC,Two,26 (hour),Cancelled/ended
227,NBC,Five,116 (half-hour),Cancelled/ended
moonbeam-city,Comedy Central,One,10 (half-hour),Cancelled
modern-love,Amazon,Ongoing,Ongoing (hour),Has not been cancelled
aliens-in-america,The CW,One,18 (half-hour),Cancelled/ended
life-in-pieces,CBS,Four,79 (half-hour),Cancelled
eye-candy,MTV,One,10 (hour),Cancelled
skating-with-the-stars,ABC,One,Six (60-120 minutes),Cancelled
traffic-light,FOX,One,13 (half-hour),Cancelled
the-act,Hulu,Ongoing,Ongoing (hour),Has not been cancelled
happy-hour,FOX,One,"13, nine unaired (half-hour)",Cancelled/ended
csi-cyber,CBS,Two,31 (hour),Cancelled
terminator-the-sarah-connor-chronicles,FOX,Two,31 (hour),Cancelled/ended
all-about-the-washingtons,Netflix,One,10 (half-hour),Cancelled
mann-wife,Bounce TV,Ongoing,Ongoing (half-hour),Has not been cancelled
melissa-joey,ABC Family,Four,104 (half-hour),Cancelled
future-man,Hulu,Three,34 (half-hour),Ended
deception,NBC,One,11 (hour),Cancelled
emily-owens-md,The CW,One,13 (hour),Cancelled
kate-allie,CBS,Six,122 (half hour),Cancelled/ended
the-next-great-american-band,FOX,One,"10 (two-hour, hour)",Cancelled/ended
secrets-and-lies,ABC,Two,20 (hour),Cancelled
andy-barker-pi,NBC,One,Six (half-hour),Cancelled/ended
leap-of-faith,NBC,One,Six (half-hour),Cancelled/ended
the-today-show,NBC,Ongoing,Ongoing (two to four hours),Has not been cancelled
hannibal,NBC,Three,39 (hour),Cancelled
gone,WGN America,Ongoing,Ongoing (hour),Has not been cancelled
life-on-mars-us,ABC,One,17 (hour),Cancelled/ended.
dallas,CBS,14,357 (hour),Cancelled/ended
channel-zero,Syfy,Four,24 (hour),Cancelled
falcon-beach,ABC Family,Two,28 (hour),Cancelled/ended
justified-city-primeval,FX,One,Eight (hour),Limited series.
scorpion,CBS,Four,93 (hour),Cancelled
the-parent-test,ABC,Ongoing,Ongoing (hour),Has not been cancelled
shoot-the-messenger,WGN America,Ongoing,Eight (hour),Cancelled
intelligence,CBS,One,13 (hour),Cancelled
empty-nest,NBC,Seven,170 (half-hour),Cancelled/ended
thirteen,BBC America,One,Five (hour),Ending
breakfast-with-bear,Disney Channel,Three,12 (half-hour),Cancelled/ended
in-treatment,HBO,Ongoing,Ongoing (half-hour),Cancelled
the-brady-bunch-variety-hour,ABC,One,Nine (hour),Cancelled/ended
jeopardy-masters,ABC,Ongoing,Ongoing (hour),Has not been cancelled
lore,Amazon,Two,12 (hour),Cancelled
truth-be-told,NBC,One,10 (half-hour),Cancelled
the-bridge,CBS,One,13 but only three aired (hour),Cancelled
to-tell-the-truth-2016,ABC,Ongoing,Ongoing (hour),Has not been cancelled
hit-the-floor,VH1,Four,41 (hour),Cancelled
rebel,BET,Ongoing,Ongoing (hour),Has not been cancelled
one-ocean-view,ABC,One,"Six, four unaired (hour)",Cancelled/ended
the-andy-milonakis-show,"MTV, MTV2",Three,22 (half-hour),Cancelled/ended
the-tony-danza-show,NBC,One,"14, seven unaired (half-hour)",Cancelled/ended
12-monkeys,Syfy,Four,47 (hour),Ended
brandx-with-russell-brand,FX,Two,36 (half-hour and hour),Cancelled
the-detour,TBS,Four,42 (half-hour),Cancelled
startup,Crackle,Ongoing,Ongoing (hour),Has not been cancelled
my-diet-is-better-than-yours,ABC,One,Eight (hour),Cancelled/Ended
disenchantment,Netflix,Ongoing,Ongoing (half-hour),Has not been cancelled
superman-lois,The CW,Four,53 (hour),Ending
the-nine,ABC,One,"13, but only nine aired (hour)",Cancelled/ended
the-final-straw,ABC,One,10 (hour),Cancelled
northern-exposure,CBS,Six,110 (hour),Cancelled/ended
lost-in-space,CBS,Three,83 (hour),Cancelled/ended
dennis-the-menace,CBS,Four,146 (half-hour),Cancelled/ended
the-oa,Netflix,Two,16 (hour),Cancelled
george-leo,CBS,One,22 (half-hour),Cancelled/ended
60-minutes,CBS,Ongoing,Ongoing (hour),Has not been cancelled
the-fix,ABC,One,10 (hour),Cancelled
curb-your-enthusiasm,HBO,12,120 (half-hour),Ending
berlin-station,EPIX,Three,29 (hour),Has not been cancelled
gilligans-island,CBS,Three,98 (half-hour),Cancelled/ended
years-and-years,HBO,One,Six (hour),Ending
all-american-homecoming,The CW,Ongoing,Ongoing (hour),Has not been cancelled
mr-iglesias,Netflix,Two (released in three parts),21 (half-hour),Cancelled
we-are-who-we-are,HBO,One,Eight (hour),Cancelled/ended
90210,The CW,Five,114 (hour),Cancelled
the-odd-couple,ABC,Five,114 (half-hour),Cancelled/ended
valerie,"NBC, CBS",Six,110 (half-hour),Cancelled/ended
loki,Disney+,Ongoing,Ongoing (hour),Has not been cancelled
law-order-true-crime,NBC,One,8 (hour),Cancelled/ended
the-great-christmas-light-fight,ABC,Ongoing,Ongoing (hour),Has not been cancelled
blunt-talk,Starz,Two,20 (half-hour),Cancelled
harlots,Hulu,Three,24 (hour),Cancelled
to-tell-the-truth,CBS,12,"over 1,319 (half-hour)",Cancelled/ended
married,FX,Two,23 (half-hour),Cancelled
next-level-chef,FOX,Ongoing,Ongoing (hour),Has not been cancelled
what-just-happened-with-fred-savage,FOX,One,Nine (half-hour),Cancelled
leave-it-to-beaver,"CBS, ABC",,"234 (half-hour), six seasons",
guerrilla,Showtime,One,Six (hour),Cancelled
barkskins,National Geographic,Ongoing,Ongoing (hour),Has not been cancelled
the-real-gilligans-island,TBS,Two,15 (hour),Cancelled/ended
futurama,FOX,TBD,TBD (half-hour),Revived
boomerang,BET,Ongoing,Ongoing (half-hour),Has not been cancelled
escape-at-dannemora,Showtime,Ongoing,Ongoing (hour),Has not been cancelled
inside-men,BBC America,One,Four (hour),Ended
last-og,TBS,Four,40 (half-hour),Cancelled
britannia,Amazon,Three,27 (hour),Cancelled
alex-inc,ABC,One,10 (half-hour),Cancelled
i-am-frankie,Nickelodeon,Two,40 (half-hour),Cancelled
crime-scene-kitchen,FOX,Ongoing,Ongoing (hour),Has not been cancelled
glory-daze,TBS,One,10 (hour),Cancelled
68-whiskey,Paramount Network,One,10 (hour),Cancelled
roseanne,ABC,10,231 (half-hour),
mad-men,AMC,Seven,92 (hour),Ended
the-finder,FOX,One,13 (hour),Cancelled
surface,NBC,One,15 (hour),Cancelled/ended
according-to-jim,ABC,Eight,182 (half-hour),Cancelled/ended
spartan-ultimate-team-challenge,NBC,Ongoing,Ongoing (hour),Has not been cancelled
past-life,FOX,One,Seven but two didn’t air (hour),Cancelled
vikings,History,Six,69 (hour),Ended
younger,TV Land,Seven,TBD (half-hour),Ending
the-first,Hulu,One,Eight (hour),Cancelled
switched-at-birth,ABC Family/,Five,103 (hour),Cancelled
togetherness,HBO,Two,16 (half-hour),Cancelled
the-wheel-of-time,Amazon Prime Video,Ongoing,Ongoing (hour),Has not been cancelled
teen-wolf,MTV,Six,100 (hour),Ended
gordon-ramsays-food-stars,FOX,Ongoing,Ongoing (hour),Has not been cancelled
the-jack-paar-show,CBS,One,168 (30-60 minutes),Cancelled/ended
killer-instinct,FOX,One,"13, four unaired (hour)",Cancelled/ended
trinkets,Netflix,Two,TBD (half-hour),Ending
slasher,Chiller,Ongoing,Ongoing (hour),Has not been cancelled
weeds,Showtime,Eight,102 (half-hour),Ending
peacemaker,HBO Max,Ongoing,Ongoing (hour),Has not been cancelled
the-ricki-lake-show,First-run syndication,One,186 (hour),Cancelled
bunheads,ABC Family,One,18 (hour),Cancelled
marvels-agents-of-shield,ABC,Seven,136 (hour),Ended
will,TNT,One,10 (hour),Cancelled
gordon-ramsays-24-hours-to-hell-and-back,FOX,Three,29 (hour),Cancelled
dexter-new-blood,Showtime,Ongoing,Ongoing (hour),Has not been cancelled
betty-whites-off-their-rockers,NBC,Ongoing,Ongoing (half-hour),Cancelled
the-nevers,HBO,One,12 (hour),Cancelled
little-mosque-on-the-prairie,"CBC in Canada, Hulu in the US",Six,90 (hour) + one special,Ended
the-young-pope,HBO,One,10 (hour),Ended
ben-and-kate,FOX,One,16 but three unaired (half-hour),Cancelled
spider-man-1981,first-run syndication,One,26 (half-hour),Cancelled/ended
good-sam,CBS,One,13 (hour),Cancelled
american-auto,NBC,Two,23 (half-hour),Cancelled
resurrection,ABC,Two,21 (hour),Cancelled
get-this-party-started,UPN,One,"Six, four unaired (hour)",Cancelled/ended
the-city,ABC,Two,352 (hour),Cancelled
frequency,The CW,One,13 (hour),Cancelled
departure,Peacock,Ongoing,Ongoing (hour),Has not been cancelled
american-ninja-warrior,"G4 TV, NBC (season 4-)",Ongoing,Ongoing (1-2 hours),Has not been cancelled
the-crazy-ones,CBS,One,22 (half-hour),Cancelled
making-it,NBC,Three,22 (hour),Cancelled
rush,USA,One,10 (hour),Cancelled
the-wrong-mans,Hulu,Two,10 (half-hour),Cancelled/Ended
duets,ABC,One,Nine (60-120 minutes),Cancelled
ever-after-high,Netflix,Ongoing,Ongoing (half-hour),Has not been cancelled
nurse-jackie,Showtime,Seven,80 (half-hour),Ended
showtime-at-the-apollo,FOX,One,15 (hour),Cancelled
doctor-foster,Lifetime,Ongoing,Ongoing (two hours),Has not been cancelled
divorce,HBO,Three,22 (half-hour),Ended
astrid-lilly-save-the-world,Syfy,One,10 (hour),Cancelled
growing-up-fisher,NBC,One,13 (half-hour),Cancelled
the-view,ABC,Ongoing,Ongoing (hour),Has not been cancelled
the-enemy-within,NBC,One,13 (hour),Cancelled
coupling,NBC,One,"11 , seven unaired (half-hour)",Cancelled/ended
jeopardy-national-college-championship,ABC,Ongoing,Ongoing (hour),Has not been cancelled
night-stalker,ABC,One,"10, four unaired (hour)",Cancelled/ended
selfie,ABC,One,13 (half-hour),Cancelled
all-american,The CW,Ongoing,Ongoing (hour),Has not been cancelled
bent,NBC,One,Six (half-hour),Cancelled
bob-vilas-home-again,first-run syndication,17,456 (half-hour),Cancelled/ended
mobbed,FOX,Two,11 (hour),Cancelled
coroner,The CW,Ongoing,Ongoing (hour),Has not been cancelled
the-electric-company,PBS,Six,780 (half-hour),Cancelled/ended
dare-me,USA Network,One,10 (hour),Cancelled
the-game,The CW,Ongoing,Ongoing (half-hour),Ended on BET
the-apprentice-martha-stewart,NBC,One,13 (half-hour),Cancelled/ended
supergirl,CBS,Six,116 (hour),Ended
iron-man-1994,first-run syndication,Two,26 (half-hour),Cancelled/ended
the-young-indiana-jones-chronicles,ABC,Two,"32, four unaired (hour)",Cancelled/ended
tin-star,Amazon,Three,26 (hour),Ending
sun-records,CMT,One,Eight (hour),Ended
king-of-the-hill,FOX,13,259 but four did not air (half-hour),Cancelled
the-carmichael-show,NBC,Three,32 (half-hour),Cancelled
eyewitness,USA Network,One,10 (hour),Cancelled
american-soul,BET,Two,18 (hour),Cancelled
pandora,The CW,TBD,TBD (hour),Has not been cancelled yet
primetime,ABC,Ongoing,Ongoing (hour),Has not been cancelled
the-incredible-hulk,CBS,Five,82 (hour),Cancelled/ended
courting-alex,CBS,One,"12, four unaired (half-hour)",Cancelled/ended
jennifer-falls,TV Land,One,10 (half-hour),Cancelled
the-walking-dead,AMC,11,177 (hour),Ended
yellowstone,Paramount Network,Five,53 (hour),Cancelled
the-great-american-dream-vote,ABC,One,"Five, but three did not air (hour)",Cancelled/ended
the-late-late-show-with-james-corden,CBS,Ongoing,Ongoing (hour),Has not been cancelled
the-great-holiday-baking-show,ABC,Ongoing,Ongoing (hour),Has not been cancelled
almost-royal,BBC America,Two,15 (half-hour),Cancelled
devils,The CW,Ongoing,Ongoing (hour),Has not been cancelled
sing-your-face-off,ABC,One,Six (hour),Cancelled
jimmy-kimmel-live,ABC,Ongoing,Ongoing (hour),Has not been cancelled
houdini-doyle,FOX,One,10 (hour),Cancelled
glenn-martin-dds,Nickelodeon,Two,40 (half-hour),Cancelled
the-killing,AMC,Four,44 (hour),Revived for final season
evil,CBS,Four,TBD (hour),Cancelled
the-magicians,Syfy,Five,65 (hour),Cancelled
the-waltons,CBS,Nine,221 (hour),Cancelled/ended
true-justice,Reelz,Ongoing,Ongoing (hour),Has not been cancelled
ad-the-bible-continues,NBC,One,12 (hour),Cancelled by NBC but…
black-lightning,The CW,Four,58 (hour),Ended
locke-key,Netflix,Three,28 (hour),Ended
raines,NBC,,"seven (hour), one season",
the-six-million-dollar-man,ABC,Five,100 (hour),Cancelled/ended
smilf,Showtime,Two,18 (half-hour),Cancelled
police-academy-the-series,first-run syndication,One,26 (hour),Cancelled/ended
dig,USA Network,One,10 (hour),Ended
you-the-jury,FOX,One,2 aired out of 8 (hour),Cancelled
nikita,The CW,Four,73 (hour),Ended
three-rivers,CBS,One,13 (hour),Cancelled
benson,ABC,Seven,158 (half-hour),Cancelled/ended
k-ville,FOX,One,"11, one unaired (hour)",Cancelled/ended
undercover-boss,CBS,Ongoing,Ongoing (hour),Has not been cancelled
how-i-met-your-mother,CBS,Nine,208 (half-hour),Ended
brothers-sisters,ABC,Five,109 (hour),Cancelled
best-friends-forever,NBC,One,Six (half-hour),Cancelled
studio-60-on-the-sunset-strip,NBC,One,22 (hour),Cancelled/ended
big-little-lies,HBO,Two,14 (hour),Ended
winning-time,HBO,Two,17 (hour),Cancelled
doogie-howser-md,ABC,Four,97 (half-hour),Cancelled/ended
touch,FOX,Two,26 (hour),Cancelled
castaways,ABC,One,10 (hour),Cancelled
hollywood,Netflix,One,Seven (hour),Ended
american-crime,ABC,Three,29 (hour),Cancelled
lie-to-me,FOX,Four,48 (hour),Cancelled
the-first-family,first-run syndication,One,at least 104 (half-hour),Has not been cancelled
the-real-wedding-crashers,NBC,One,six but only four aired (hour),Cancelled/ended
mommas-boys,NBC,One,Six (hour),Cancelled/ended
dear-john,NBC,Four,90 (half-hour),Cancelled/ended
parenthood-2010,NBC,Six,103 (hour),Ended
american-rust,Showtime,Ongoing,Ongoing (hour),"Cancelled,"
b-positive,CBS,Two,34 (half-hour),Cancelled
alert-missing-persons-unit,FOX,Ongoing,Ongoing (hour),Has not been cancelled
the-musketeers,BBC America,Three,30 (hour),Cancelled
lingo,CBS,Ongoing,Ongoing (hour),Has not been cancelled
pennyworth,"EPIX,",Three,30 (hour),Cancelled
harley-and-the-davidsons,Discovery Channel,One,Three (two-hours),Ended
godless,Netflix,One,Seven (hour),Ended
friends,NBC,,"238 (half-hour), 10 seasons",
unbreakable-kimmy-schmidt,Netflix,Four,52 (half-hour),Ending
shut-eye,Hulu,Two,20 (hour),Cancelled
penny-dreadful,Showtime,Three,27 (hour),Ended
falcon-crest,CBS,Nine,227 (hour),Cancelled/ended
macgyver,ABC,Seven,139 (hour),Cancelled/ended
how-to-make-it-in-america,HBO,Two,16 (half-hour),Cancelled
the-ex-list,CBS,One,"13, nine unaired (hour )",Cancelled/ended
dollhouse,FOX,Two,26 but episode 13 did not air (hour),Cancelled
brooklyn-nine-nine,FOX,Eight,153 (half-hour),Cancelled by FOX
vice-principals,HBO,Two,18 (half-hour),Ended
imaginary-mary,ABC,One,Eight (half-hour),Cancelled
twenty-good-years,NBC,One,"13, but only four aired (half-hour)",Cancelled/ended
i-hate-my-teenage-daughter,FOX,One,13 but only seven aired (half-hour),Cancelled
gilligans-planet,CBS,One,12 (half-hour),Cancelled/ended
reservation-dogs,FX on Hulu,Three,28 (half-hour),Ending
maggie,Hulu,One,10 (half-hour),Cancelled
happyish,Showtime,One,10 (half-hour),Cancelled
the-amazing-race,CBS,Ongoing,Ongoing (hour),Has not been cancelled
as-the-world-turns,CBS,54,"13,858 (1956-75: half-hour, 1976-2010: hour)",Cancelled
the-chi,Showtime,Ongoing,Ongoing (hour),Has not been cancelled
bulletproof,The CW,Three,17 (hour),Cancelled
jackie-chan-adventures,Kids’ WB,Five,95 (half-hour),Cancelled/ended
lipstick-jungle,NBC,Two,20 (hour),Cancelled/ended
sunnyside,NBC,One,11 (half-hour),Cancelled
battlestar-galactica-2004,Sci Fi,Four,75 (hour),Ended
midnight-texas,NBC,Two,22 (hour),Cancelled
wiseguy,CBS,Four,75 (hour),Cancelled/ended
the-flash-2014,The CW,Nine,184 (hour),Ended
v-the-series,NBC,One,19 (hour),Cancelled/ended
crowded,NBC,One,13 (half-hour),Cancelled
genius,National Geographic Channel,Ongoing,Ongoing (hour),Has not been cancelled
rhoda,CBS,Five,"110, four unaired (half-hour)",Cancelled/ended
the-streets-of-san-francisco,ABC,Five,119 (hour),Cancelled/ended
the-comedians,FX,One,13 (half-hour),Cancelled
penny-dreadful-city-of-angels,Showtime,One,10 (hour),Cancelled
oh-sit,The CW,Two,20 (hour),Cancelled
the-partridge-family,ABC,Four,96 (half-hour),Cancelled/ended
greenleaf,OWN,Five,60 (hour),Ended
love,Netflix,Ongoing,Ongoing (half-hour),Has not been cancelled
criss-angels-magic-with-the-stars,The CW,Ongoing,Ongoing (hour),Has not been cancelled
traveler,ABC,One,Eight (hour),Cancelled/ended
superhuman,FOX,Ongoing,Ongoing (hour),Has not been cancelled
thirtysomething,ABC,Four,85 (hour),Cancelled/ended
industry,HBO,Ongoing,Ongoing (hour),Has not been cancelled
jonny-quest-1986,first-run syndication,One,13 (half-hour),Cancelled/ended
what-i-like-about-you,The WB,Four,86 (half-hour),Cancelled/ended
charmed-2018,The CW,Four,72 (hour),Cancelled
here-and-now,HBO,One,10 (hour),Cancelled
dont-trust-the-b-in-apartment-23,ABC,Two,26 with eight unaired (half-hour),Cancelled
fbi-international,CBS,Ongoing,Ongoing (hour),Has not been cancelled
the-bachelor,ABC,Ongoing,Ongoing (hour),Has not been cancelled
tagsurrealestate,,,,
uncle-buck,ABC,One,Eight (half-hour),Cancelled
sons-daughters,ABC,One,11 but one didn’t air (hour),
reba,"WB, then CW",,"125 (half-hour), six seasons",
make-it-or-break-it,ABC Family,Three,48 (hour),Cancelled
runaway,CW,,"nine (hour) but only three aired in the U.S., one season",
garfield-and-friends,CBS,Seven,121 (half-hour),Cancelled/ended
dark-blue,TNT,Two,20 (hour),Cancelled
fresh-off-the-boat,ABC,Six,116 (half-hour),Ended
the-glass-house,ABC,One,10 (hour),Cancelled
birds-of-prey,The WB,One,13 (hour),Cancelled/ended
harrys-law,NBC,Two,34 (hour),Cancelled
beyond,Freeform,Two,20 (hour),Cancelled
weird-loners,FOX,One,Six (half-hour),Cancelled
seinfeld,NBC,,"180 (half-hour), nine seasons",
bellevue,WGN America,One,Eight (hour),Cancelled
the-tyra-banks-show,"First-run syndication, The CW",Five,810 (hour),Cancelled or ended
bored-to-death,HBO,Three,24 (half-hour),Cancelled
call-your-mother,ABC,One,13 (half-hour),Cancelled
the-end-of-the-fing-world,Netflix,Ongoing,Ongoing (half-hour),Has not been cancelled
ms-marvel,Disney+,Ongoing,Ongoing (hour),Has not been cancelled
the-tonight-show-starring-johnny-carson,NBC,30,"4,531 (hour)",Cancelled/ended
unforgotten,PBS,Ongoing,Ongoing (90 minutes),Has not been cancelled
my-favorite-martian,CBS,Three,107 (half-hour),Cancelled/ended
numb3rs,CBS,Six,118 (hour),Cancelled
dcs-stargirl,DC Universe,Three,39 (hour),Cancelled
the-worlds-best,CBS,One,12 (hour),Cancelled
dates,The CW,One,Nine (half-hour),Cancelled/Ended
punkd,MTV,Eight,65 (half-hour),
chicago-pd,NBC,Ongoing,Ongoing (hour),Has not been cancelled
the-sarah-silverman-program,Comedy Central,Three,32 (half-hour),Cancelled
transparent,Amazon,Five,40 (half-hour) + musical special,Ended
orange-is-the-new-black,Netflix,Seven,91 (hour),Ended
hole-in-the-wall,"FOX, Cartoon Network",Five,58 (half-hour),Cancelled
bodyguard,Netflix,One,Six (hour),Ended
defying-gravity,ABC,One,13 but five didn’t air (hour),Cancelled
waco,Paramount Network,One,Six (hour),Ended/cancelled (mini-series)
ballers,HBO,Five,47 (half-hour),Ended
the-tonight-show-with-jay-leno,NBC,22,"4,610 (62 min)",Cancelled
whitney,NBC,Two,38 (half-hour),Cancelled
fashion-house,MyNetworkTV,One,65 (hour),Cancelled/ended
the-big-bang-theory,CBS,12,279 (half-hour),Ended
family-law-1999,CBS,Three,68 (hour),Cancelled/ended
the-million-second-quiz,NBC,One,10 (hour),Cancelled
boss,Starz,Two,18 (hour),Cancelled
howards-end,Starz,One,Four (hour),Has not been cancelled
the-con,ABC,Ongoing,Ongoing (hour),Has not been cancelled
the-mick,FOX,Two,37 (half-hour),Cancelled
dickinson,Apple TV+,Three,30 (half-hour),Ended
quantum-leap-2022,NBC,Two,31 (hour),Cancelled
wedding-band,TBS,One,10 (hour),Cancelled
surviving-suburbia,ABC,One,13 (half-hour),Cancelled/ended
hart-of-dixie,The CW,Four,76 (hour),Cancelled
royal-pains,USA Network,Eight,104 (hour),Cancelled/ending
servant,Apple TV+,Four,40 (half-hour),Ended
the-oath,Sony Crackle,Two,18 (hour),Ended
last-call-with-carson-daly,NBC,18,"2,000 (half-hour)",Ended
the-office,NBC,Nine,201 (half-hour),Ending
everwood,The WB,Four,89 (hour),Cancelled/ended
shark-tank,ABC,Ongoing,Ongoing (hour),Has not been cancelled
the-redd-foxx-show,ABC,One,13 (half-hour),Cancelled/ended
boom,FOX,One,10 (hour),Cancelled
when-nature-calls-with-helen-mirren,ABC,Ongoing,Ongoing (hour),Has not been cancelled
glee,FOX,Six,121 (hour),Ended
cupid,ABC,One,"15, but one didn’t air (hour)",Cancelled/ended
the-roseanne-show,first-run syndication,Two,420 (hour),Cancelled/ended
rescue-me,FX,Seven,93 (hour),Cancelled / ending
jean-claude-van-johnson,Amazon,One,Six (half-hour),Cancelled
the-quest,ABC,TBD,TBD (hour),Cancelled
the-sopranos,HBO,Six,86 (hour),Cancelled/ended
gaslit,Starz,One,Eight (hour),Ended
power-book-ii-ghost,Starz,Four,TBD (hour),Ending
ground-floor,TBS,Two,20 (half-hour),Cancelled
z-nation,Syfy,Five,69 (hour),Cancelled
counterpart,Starz,Two,20 (hour),Cancelled
taxi,"ABC, NBC",Five,115 (half-hour),Cancelled/ended
the-middle,ABC,Nine,215 (half-hour),Ended
nashville-2012,ABC,Ongoing,Ongoing (hour),Cancelled
billy-the-kid,EPIX,Ongoing,Ongoing (hour),Has not ended
santa-clarita-diet,Netflix,Three,30 (half-hour),Cancelled
the-tonight-show-starring-jimmy-fallon,NBC,Ongoing,Ongoing (hour),Has not been cancelled
superstars-of-dance,NBC,One,Five (90 minutes),Cancelled/ended
the-wall,NBC,Ongoing,Ongoing (hour),Has not been cancelled
bloodline,Netflix,Three,33 (hour),Ending
the-titan-games,NBC,Two,22 (hour),Cancelled
inside-the-nfl,"HBO, Showtime",Ongoing,Ongoing (hour),Has not been cancelled
defenders-of-the-earth,First-run syndication,One,65 (half-hour),Cancelled or ended
poldark,PBS,Five,43 (hour),Ended
celebrity-circus,NBC,One,Six (hour),Cancelled/ended
flight-of-the-conchords,HBO,Two,22 (half-hour),Cancelled/ended
three-moons-over-milford,ABC Family,One,Eight (hour),Cancelled/ended
camelot,Starz,One,10 (hour),Cancelled
street-hawk,ABC,One,13 (hour),Cancelled
the-soul-man,z,Five,54 (half-hour),Ended
true-lies,CBS,One,13 (hour),
dracula-2020,Netflix,One,Three (90 minutes),Ended
extreme-makeover,ABC,Four,"55, one unaired (hour)",Cancelled/ended
the-strain,FX,Four,46 (hour),Ended
trust,FX,One,10 (hour),Ended
qviva-the-chosen,FOX,One,Six (90-120 minutes),Cancelled
benched,USA,One,12 (half-hour),Cancelled
ugly-betty,ABC,Four,84 (hour),Cancelled
paula-zahn-now,CNN,Four,unknown (hour),Cancelled/ended
the-moodys,FOX,Two,14 (half-hour),Cancelled
the-practice,ABC,Eight,168 (hour),Cancelled/ended
dark-winds,AMC,Ongoing,Ongoing (hour),Has not been cancelled
another-period,Comedy Central,Three,32 (half-hour),Cancelled
alter-ego,FOX,Ongoing,Ongoing (hour),Has not been cancelled
dave,FXX,Three,30 (half-hour),Ended
march,The CW,Ongoing,Ongoing (hour),Has not been cancelled
dear-white-people,,Four,40 (half-hour),Ended
lovecraft-country,HBO,One,10 (hour),Cancelled
here-come-the-newlyweds,ABC,Two,14 (hour),Cancelled
password,CBS,Four,"1,551 (half-hour)",Cancelled/ended
baywatch,"NBC, first-run syndication",11,243 (hour),Cancelled/ended
child-support,ABC,Two,16 (hour),Cancelled
the-lucille-ball-desi-arnaz-show,CBS,Three,13 (hour),Cancelled/ended
pure,Hulu,Two,12 (hour),Cancelled
knight-rider-2008,NBC,One,17 (hour),Cancelled
boston-common,NBC,Two,32 (half-hour),Cancelled/ended
perfect-couples,NBC,One,13 but two didn’t air (half-hour),Cancelled
difficult-people,Hulu,Three,28 (half-hour),Cancelled
great-news,NBC,Two,23 (half-hour),Cancelled
the-real-adventures-of-jonny-quest,Cartoon Network,Two,52 (half-hour),Cancelled/ended
eyes,ABC,One,12 but only five aired (hour),Cancelled/ended
the-tony-danza-show-2004,first-run syndication,Two,330 (hour),Cancelled/ended
the-increasingly-poor-decisions-of-todd-margaret,IFC,Three,18 (half-hour),Cancelled
jamie-private-school-girl,HBO,One,Six (half-hour),Ended/cancelled
breakthrough-with-tony-robbins,NBC,One,"Six, only two aired (hour)",Canceled
alpha-house,Amazon,Two,21 (hour),Cancelled
anne-rices-mayfair-witches,AMC,Ongoing,Ongoing (hour),Has not been cancelled
find-my-family,ABC,One,Six (hour),Cancelled
quarry,Cinemax,One,Eight (hour),Cancelled
law-order-trial-by-jury,NBC,One,"13, but one did not air (hour)",Cancelled/ended
the-phil-silvers-show,CBS,Four,143 (half-hour),Cancelled/ended
big-brother-celebrity-edition,CBS,Ongoing,Ongoing,Has not been cancelled
saturday-night-live,NBC,Ongoing,Ongoing (90 minutes),
professionals,,,,
training-day,CBS,One,13 (hour),Cancelled
tyler-perrys-for-better-or-worse,TBS,Six,162 (half-hour),Ended
genius-junior,NBC,One,10 (hour),Cancelled
tagnine-perfect-strangers,,,,
tagturner-hooch,,,,
unsolved,USA Network,Ongoing,Ongoing (hour),Has not been cancelled
the-greg-behrendt-show,first-run syndication,One,117 (hour),Cancelled/ended
doubt,CBS,One,13 (hour),Cancelled
battle-creek,CBS,One,13 (hour),Cancelled
mercy-street,,Two,12 (hour),Cancelled
the-last-man-on-earth,FOX,Four,67 (half-hour),Cancelled
south-beach,UPN,One,Eight (hour),Cancelled/ended
the-kids-are-alright,ABC,One,23 (half-hour),Cancelled
awake,NBC,One,13 (hour),Cancelled
drake-josh,Nickelodeon,Four,60 (half-hour),Cancelled/ended
the-morning-show,Apple TV+,Ongoing,Ongoing (hour),Has not been cancelled
law-order-special-victims-unit,NBC,Ongoing,Ongoing (hour),Has not been cancelled
crossing-lines,NBC,Ongoing,Ongoing (hour),Dropped by NBC but…
2-broke-girls,CBS,Six,138 (half-hour),Cancelled
marvelous-mrs-maisel,Amazon,Five,43 (hour),Ended
the-emperors-new-school,Disney Channel,Two,52 (half-hour),Cancelled/ended
angel-from-hell,CBS,One,13 but eight unaired (half hour),Cancelled
grown-folks,Bounce TV,Ongoing,Ongoing (half-hour),Has not been cancelled
crossing-jordan,NBC,Six,117 (hour),Cancelled/ended
kirstie,TV Land,One,12 (half-hour),Cancelled
marvels-agent-carter,ABC,Two,18 (hour),Cancelled
hightown,Starz,Three,25 (hour),Ended
david-makes-man,OWN,Ongoing,Ongoing (hour),Has not been cancelled
white-collar,USA Networks,Six,81 (hour),Ended
