,Unnamed: 0,congress,universal_bill_name,dollar_amount,nominate_dim1_average,nominate_dim2_average,nokken_poole_dim1_average,nokken_poole_dim2_average,icpsr,state_icpsr
0,2723,116,hr 1,51277348.0,-0.465,-0.071,-0.419,-0.044,20724,52
1,2724,116,hr 1002,615000.0,0.141,-0.123,0.215,-0.277,21718,14
2,2725,116,hr 1006,1100000.0,0.51,0.279,0.489,0.258,20755,24
3,2726,116,hr 1007,13781087.0,-0.26,-0.08,-0.304,-0.306,29769,25
4,2727,116,hr 1008,24240092.0,-0.26,-0.08,-0.304,-0.306,29769,25
5,2728,116,hr 101,90000.0,0.362,-0.096,0.35,-0.145,20709,43
6,2729,116,hr 1010,0.0,-0.438,0.059,-0.441,0.039,20708,43
7,2730,116,hr 1014,1710000.0,0.229,0.426,0.294,0.181,21992,92
8,2731,116,hr 1018,12396000.0,-0.415,-0.072,-0.575,-0.416,29776,13
9,2732,116,hr 1024,3180000.0,0.535,0.352,0.605,0.098,21123,44
10,2733,116,hr 1025,10000.0,-0.343,-0.141,-0.25,-0.196,29707,71
11,2734,116,hr 1026,30000.0,0.297,0.307,0.386,0.061,29910,63
12,2735,116,hr 1027,3330000.0,0.581,0.25,0.595,0.214,21373,34
13,2736,116,hr 103,480000.0,0.568,-0.185,0.546,0.348,20355,49
14,2737,116,hr 1031,60000.0,-0.404,0.047,-0.383,0.166,21314,71
15,2738,116,hr 1034,9860399.0,0.61,0.134,0.651,0.084,21323,44
16,2739,116,hr 1035,6930399.0,0.61,0.134,0.651,0.084,21323,44
17,2740,116,hr 1038,1575000.0,0.476,-0.018,0.478,-0.026,21957,40
18,2741,116,hr 104,4134029.0,0.568,-0.185,0.546,0.348,20355,49
19,2742,116,hr 1041,2107501.0,0.513,0.232,0.519,0.151,20729,35
20,2743,116,hr 1042,1415000.0,-0.301,-0.195,-0.244,0.111,20927,65
21,2744,116,hr 1043,4920000.0,-0.187,-0.03,-0.161,-0.159,21315,71
22,2745,116,hr 1044,71300738.0,-0.399,-0.419,-0.412,-0.507,29504,71
23,2746,116,hr 1046,35577751.0,-0.402,-0.322,-0.329,-0.336,29571,49
24,2747,116,hr 1049,442289.0,-0.415,-0.268,-0.403,-0.061,20934,13
25,2748,116,hr 1050,233922.0,-0.332,-0.233,-0.324,-0.226,21928,66
26,2749,116,hr 1052,670000.0,-0.397,0.399,-0.364,0.329,21102,41
27,2750,116,hr 1055,324044.0,-0.389,-0.152,-0.377,-0.268,15612,13
28,2751,116,hr 1058,15000.0,0.178,-0.173,0.058,-0.35,14863,12
29,2752,116,hr 1062,3590000.0,-0.403,-0.068,-0.387,0.109,21362,49
30,2753,116,hr 107,18210000.0,0.568,-0.185,0.546,0.348,20355,49
31,2754,116,hr 1073,360000.0,-0.306,-0.038,-0.282,0.277,20952,40
32,2755,116,hr 1074,1720000.0,-0.342,0.029,-0.328,-0.096,20706,1
33,2756,116,hr 1075,170000.0,-0.438,-0.148,-0.437,-0.288,29587,52
34,2757,116,hr 1076,30000.0,-0.438,-0.148,-0.437,-0.288,29587,52
35,2758,116,hr 1079,1210000.0,0.43,0.027,0.49,-0.076,21523,45
36,2759,116,hr 108,4430000.0,0.568,-0.185,0.546,0.348,20355,49
37,2760,116,hr 1080,3124240.0,-0.598,-0.263,-0.595,-0.214,20305,61
38,2761,116,hr 1084,6025763.0,0.373,0.41,0.296,0.475,21167,14
39,2762,116,hr 1087,30000.0,0.452,0.229,0.484,-0.064,20926,34
40,2763,116,hr 1093,80000.0,-0.531,-0.557,-0.593,-0.423,21370,25
41,2764,116,hr 1094,0.0,-0.343,-0.03,-0.173,0.09,15438,47
42,2765,116,hr 1096,910000.0,0.432,0.109,0.442,0.264,20535,73
43,2766,116,hr 11,1160000.0,0.52,0.239,0.482,0.306,29760,49
44,2767,116,hr 110,85000.0,0.568,-0.185,0.546,0.348,20355,49
45,2768,116,hr 1101,910000.0,0.333,-0.011,0.379,-0.066,29932,72
46,2769,116,hr 1102,0.0,-0.416,0.087,-0.405,-0.185,20504,43
47,2770,116,hr 1108,15532000.0,-0.427,-0.002,-0.323,-0.655,15410,72
48,2771,116,hr 1109,536600.0,-0.449,-0.244,-0.377,-0.082,29903,71
49,2772,116,hr 1112,2874800.0,-0.465,0.25,-0.466,0.283,39301,48
50,2773,116,hr 1114,70000.0,-0.466,-0.024,-0.45,0.005,21371,21
51,2774,116,hr 1118,445000.0,-0.426,-0.641,-0.382,-0.401,29588,72
52,2775,116,hr 1120,746088.0,-0.426,-0.641,-0.382,-0.401,29588,72
53,2776,116,hr 1122,343778.0,-0.453,0.009,-0.43,0.017,20517,34
54,2777,116,hr 1123,4812775.0,0.457,0.319,0.322,0.604,21106,42
55,2778,116,hr 1128,80000.0,-0.417,-0.193,-0.424,-0.31,20122,33
56,2779,116,hr 113,110000.0,-0.239,0.054,-0.211,0.035,21329,21
57,2780,116,hr 1133,80000.0,-0.464,-0.292,-0.461,-0.075,21312,71
58,2781,116,hr 1134,120000.0,-0.362,0.045,-0.368,0.042,21508,71
59,2782,116,hr 1137,840000.0,-0.309,-0.095,-0.466,-0.129,20958,71
60,2783,116,hr 1138,230000.0,0.269,0.12,0.527,-0.73,21101,13
61,2784,116,hr 1139,3297179.0,-0.449,-0.244,-0.377,-0.082,29903,71
62,2785,116,hr 1140,4730000.0,-0.517,0.395,-0.512,0.21,29368,46
63,2786,116,hr 1142,120532.0,-0.368,-0.006,-0.313,0.166,29741,12
64,2787,116,hr 1143,1176000.0,-0.38,-0.397,-0.412,-0.405,29312,71
65,2788,116,hr 1146,532000.0,-0.427,-0.529,-0.426,-0.432,21303,71
66,2789,116,hr 1148,23599.0,0.558,-0.217,0.617,-0.232,21359,48
67,2790,116,hr 1152,160000.0,-0.187,-0.14,-0.188,-0.21,21326,21
68,2791,116,hr 1153,0.0,-0.375,0.114,-0.367,0.25,20136,5
69,2792,116,hr 1154,750000.0,-0.373,-0.176,-0.41,-0.089,21372,23
70,2793,116,hr 1155,670000.0,-0.301,-0.195,-0.244,0.111,20927,65
71,2794,116,hr 1156,40000.0,0.294,0.156,0.432,-0.058,21701,35
72,2795,116,hr 1157,120000.0,0.581,-0.044,0.507,0.156,21179,54
73,2796,116,hr 1158,26885000.0,0.416,0.143,0.38,0.223,20530,49
74,2797,116,hr 1159,4080000.0,-0.389,-0.262,-0.397,-0.19,21172,5
75,2798,116,hr 1161,2620000.0,-0.453,0.009,-0.43,0.017,20517,34
76,2799,116,hr 1162,807500.0,-0.449,-0.244,-0.377,-0.082,29903,71
77,2800,116,hr 1164,150000.0,0.61,0.134,0.651,0.084,21323,44
78,2801,116,hr 1166,16523985.0,-0.187,-0.03,-0.161,-0.159,21315,71
79,2802,116,hr 1170,470000.0,-0.427,-0.002,-0.323,-0.655,15410,72
80,2803,116,hr 1171,520000.0,-0.427,-0.002,-0.323,-0.655,15410,72
81,2804,116,hr 1173,70000.0,0.595,0.063,0.596,0.153,21364,49
82,2805,116,hr 1175,23629404.0,-0.26,-0.08,-0.304,-0.306,29769,25
83,2806,116,hr 1179,43500.0,-0.468,0.016,-0.442,0.128,21545,47
84,2807,116,hr 1182,40000.0,-0.489,-0.38,-0.494,-0.375,20955,71
85,2808,116,hr 1183,40000.0,-0.489,-0.38,-0.494,-0.375,20955,71
86,2809,116,hr 1185,16924000.0,-0.414,-0.116,-0.332,-0.155,29109,1
87,2810,116,hr 1186,1650000.0,-0.401,-0.078,-0.364,-0.004,20959,43
88,2811,116,hr 1189,50000.0,0.229,0.426,0.294,0.181,21992,92
89,2812,116,hr 1194,1020000.0,-0.421,-0.206,-0.438,-0.114,21335,3
90,2813,116,hr 1197,225000.0,-0.364,0.177,-0.355,0.556,20145,73
91,2814,116,hr 12,230000.0,0.453,0.233,0.468,0.068,20703,71
92,2815,116,hr 120,160000.0,-0.394,-0.329,-0.382,-0.148,20748,54
93,2816,116,hr 1209,40000.0,-0.469,-0.171,-0.538,-0.22,29317,71
94,2817,116,hr 1210,40000.0,-0.25,0.049,-0.199,0.015,21311,71
95,2818,116,hr 1220,910000.0,-0.38,-0.397,-0.412,-0.405,29312,71
96,2819,116,hr 1221,180000.0,-0.42,-0.361,-0.468,-0.318,20920,2
97,2820,116,hr 1222,120000.0,-0.26,-0.08,-0.304,-0.306,29769,25
98,2821,116,hr 1223,135000.0,-0.465,0.25,-0.466,0.283,39301,48
99,2822,116,hr 1224,5776500.0,-0.508,-0.484,-0.627,-0.549,29377,13
100,2823,116,hr 1225,3274523.0,0.537,0.105,0.504,0.274,20357,67
101,2824,116,hr 1226,950000.0,-0.438,0.059,-0.441,0.039,20708,43
102,2825,116,hr 1228,70000.0,-0.489,-0.38,-0.494,-0.375,20955,71
103,2826,116,hr 123,0.0,-0.443,0.29,-0.432,0.291,20529,49
104,2827,116,hr 1230,363656.0,-0.45,0.012,-0.526,0.207,39307,40
105,2828,116,hr 1232,124894.0,-0.28,0.039,-0.271,-0.09,21540,13
106,2829,116,hr 1234,784894.0,-0.311,0.407,-0.288,0.434,21366,49
107,2830,116,hr 1236,3200000.0,-0.306,0.099,-0.297,0.187,21709,71
108,2831,116,hr 1241,200000.0,-0.397,-0.045,-0.367,-0.132,29908,1
109,2832,116,hr 1249,240000.0,-0.274,-0.282,-0.271,-0.091,21324,82
110,2833,116,hr 1251,430000.0,-0.426,-0.641,-0.382,-0.401,29588,72
111,2834,116,hr 1256,410000.0,-0.306,-0.038,-0.282,0.277,20952,40
112,2835,116,hr 1257,174930.0,-0.342,0.029,-0.328,-0.096,20706,1
113,2836,116,hr 1260,1041045.58,-0.486,-0.26,-0.501,-0.499,29717,21
114,2837,116,hr 1263,80000.0,-0.401,-0.078,-0.364,-0.004,20959,43
115,2838,116,hr 1264,7008399.0,-0.402,-0.322,-0.329,-0.336,29571,49
116,2839,116,hr 1265,243499.0,0.511,-0.109,0.49,-0.262,21189,25
117,2840,116,hr 127,160000.0,-0.394,-0.329,-0.382,-0.148,20748,54
118,2841,116,hr 1271,30000.0,-0.348,0.116,-0.262,-0.281,15029,24
119,2842,116,hr 1277,88000.0,-0.368,0.012,-0.398,0.114,20932,66
120,2843,116,hr 1282,3425000.0,-0.479,-0.203,-0.581,-0.292,29346,21
121,2844,116,hr 1289,3932500.0,-0.393,0.068,-0.404,0.328,29901,71
122,2845,116,hr 1296,240000.0,-0.389,-0.262,-0.397,-0.19,21172,5
123,2846,116,hr 1297,0.0,-0.322,-0.006,-0.346,-0.227,21713,43
124,2847,116,hr 1298,2042000.0,-0.589,-0.221,-0.541,-0.193,15431,44
125,2848,116,hr 13,40000.0,0.377,0.386,0.352,0.275,20301,41
126,2849,116,hr 1301,4430000.0,-0.291,-0.189,-0.304,0.013,31101,73
127,2850,116,hr 1304,190000.0,0.43,0.027,0.49,-0.076,21523,45
128,2851,116,hr 1305,98510.0,-0.449,-0.384,-0.474,-0.304,21313,71
129,2852,116,hr 1309,5535625.0,-0.342,0.029,-0.328,-0.096,20706,1
130,2853,116,hr 131,10000.0,-0.164,-0.033,-0.165,0.201,15019,54
131,2854,116,hr 1312,30000.0,-0.427,-0.529,-0.426,-0.432,21303,71
132,2855,116,hr 1315,5155000.0,-0.479,-0.203,-0.581,-0.292,29346,21
133,2856,116,hr 1316,1220000.0,-0.438,-0.148,-0.437,-0.288,29587,52
134,2857,116,hr 1319,90000.0,0.613,0.171,0.621,0.151,20325,31
135,2858,116,hr 132,70000.0,-0.228,0.622,-0.172,0.719,20533,49
136,2859,116,hr 1321,0.0,-0.387,-0.285,-0.357,-0.56,29379,13
137,2860,116,hr 1327,140000.0,-0.387,-0.285,-0.357,-0.56,29379,13
138,2861,116,hr 1328,516830.0,-0.415,-0.268,-0.403,-0.061,20934,13
139,2862,116,hr 1329,1022518.0,-0.415,-0.268,-0.403,-0.061,20934,13
140,2863,116,hr 133,164808000.25,-0.228,0.622,-0.172,0.719,20533,49
141,2864,116,hr 1331,50000.0,-0.275,0.658,-0.311,0.708,21910,33
142,2865,116,hr 1332,82500.0,0.55,0.307,0.526,0.423,21563,42
143,2866,116,hr 1334,260000.0,-0.506,-0.106,-0.508,0.144,21703,71
144,2867,116,hr 1337,2049915.0,-0.426,-0.641,-0.382,-0.401,29588,72
145,2868,116,hr 1342,201000.0,-0.404,-0.158,-0.464,0.03,21529,23
146,2869,116,hr 1343,97167.0,-0.404,-0.158,-0.464,0.03,21529,23
147,2870,116,hr 1344,17120000.0,-0.402,-0.322,-0.329,-0.336,29571,49
148,2871,116,hr 1345,96000.0,-0.564,0.157,-0.626,0.229,29337,43
149,2872,116,hr 1346,2286965.0,-0.348,-0.032,-0.296,0.084,20519,13
150,2873,116,hr 1349,1580000.0,0.458,0.219,0.428,0.056,21562,21
151,2874,116,hr 1358,840000.0,-0.26,-0.08,-0.304,-0.306,29769,25
152,2875,116,hr 1359,10000.0,0.711,-0.09,0.709,-0.095,21984,49
153,2876,116,hr 1361,4340000.0,-0.435,-0.147,-0.426,-0.257,20538,71
154,2877,116,hr 1362,470000.0,0.469,-0.093,0.423,-0.079,21531,33
155,2878,116,hr 1364,1194000.0,-0.45,0.012,-0.526,0.207,39307,40
156,2879,116,hr 1366,2510000.0,0.3,0.269,0.271,0.162,21163,24
157,2880,116,hr 1368,141416.0,-0.468,0.016,-0.442,0.128,21545,47
158,2881,116,hr 1370,230000.0,-0.489,-0.38,-0.494,-0.375,20955,71
159,2882,116,hr 1373,20000.0,-0.598,-0.263,-0.595,-0.214,20305,61
160,2883,116,hr 1374,22591441.0,0.417,-0.243,0.467,-0.175,21725,22
161,2884,116,hr 1375,7521000.0,-0.26,-0.08,-0.304,-0.306,29769,25
162,2885,116,hr 1376,801092.0,-0.449,-0.384,-0.474,-0.304,21313,71
163,2886,116,hr 1379,2920000.0,-0.148,0.712,-0.205,0.196,29127,33
164,2887,116,hr 138,490000.0,-0.343,-0.103,-0.329,-0.301,20108,71
165,2888,116,hr 1380,880000.0,-0.324,-0.257,-0.306,-0.459,20954,21
166,2889,116,hr 1384,20164965.0,-0.646,-0.464,-0.702,-0.159,21726,73
167,2890,116,hr 1386,236000.0,-0.438,0.059,-0.441,0.039,20708,43
168,2891,116,hr 1387,930000.0,0.537,0.383,0.541,0.041,21731,54
169,2892,116,hr 1388,160000.0,-0.427,-0.529,-0.426,-0.432,21303,71
170,2893,116,hr 1389,200000.0,-0.375,0.114,-0.367,0.25,20136,5
171,2894,116,hr 1390,88000.0,0.352,0.217,0.403,0.355,21331,22
172,2895,116,hr 1392,240000.0,0.287,0.228,0.414,0.213,21550,49
173,2896,116,hr 1393,2160000.0,-0.402,-0.322,-0.329,-0.336,29571,49
174,2897,116,hr 1394,88000.0,-0.402,-0.322,-0.329,-0.336,29571,49
175,2898,116,hr 1398,12755015.0,-0.239,0.014,-0.202,-0.108,21304,71
176,2899,116,hr 14,20000.0,0.526,0.175,0.699,0.269,21346,47
177,2900,116,hr 1400,275000.0,-0.394,-0.329,-0.382,-0.148,20748,54
178,2901,116,hr 1402,40000.0,0.457,0.319,0.322,0.604,21106,42
179,2902,116,hr 1403,160000.0,-0.227,0.079,-0.21,-0.022,21712,43
180,2903,116,hr 1404,180000.0,-0.322,-0.006,-0.346,-0.227,21713,43
181,2904,116,hr 1406,11845000.0,-0.26,0.076,-0.254,0.082,21732,43
182,2905,116,hr 1407,157198.0,-0.279,-0.045,-0.337,0.017,21525,3
183,2906,116,hr 1409,88000.0,-0.282,0.072,-0.268,0.162,20705,62
184,2907,116,hr 141,6794997.98,0.279,0.17,0.33,0.008,21328,21
185,2908,116,hr 1417,3730000.0,-0.448,-0.039,-0.455,-0.037,21530,23
186,2909,116,hr 1418,7153151.0,-0.427,-0.002,-0.323,-0.655,15410,72
187,2910,116,hr 1420,3050000.0,-0.38,-0.397,-0.412,-0.405,29312,71
188,2911,116,hr 1423,31035000.0,-0.473,-0.024,-0.48,-0.058,20712,44
189,2912,116,hr 1425,23805251.0,-0.275,0.658,-0.311,0.708,21910,33
190,2913,116,hr 1426,480000.0,0.548,0.308,0.542,0.146,20948,49
191,2914,116,hr 1427,2780000.0,0.178,-0.173,0.058,-0.35,14863,12
192,2915,116,hr 1428,10000.0,-0.656,-0.079,-0.621,-0.518,29106,71
193,2916,116,hr 1430,2280000.0,-0.656,-0.079,-0.621,-0.518,29106,71
194,2917,116,hr 1434,420000.0,0.61,0.25,0.571,0.368,21376,41
195,2918,116,hr 1435,530000.0,-0.309,-0.095,-0.466,-0.129,20958,71
196,2919,116,hr 1439,7300000.0,0.501,0.14,0.51,-0.047,20725,23
197,2920,116,hr 1441,1359465.0,0.537,0.383,0.541,0.041,21731,54
198,2921,116,hr 1443,5715000.0,-0.239,0.054,-0.211,0.035,21329,21
199,2922,116,hr 1444,108050.0,0.562,0.314,0.551,0.272,21513,44
200,2923,116,hr 1446,762000.0,-0.481,-0.078,-0.477,-0.023,20147,34
201,2924,116,hr 1450,827981.0,-0.421,-0.206,-0.438,-0.114,21335,3
202,2925,116,hr 1452,10910092.0,-0.26,-0.08,-0.304,-0.306,29769,25
203,2926,116,hr 1455,0.0,-0.677,-0.571,-0.749,-0.508,29778,71
204,2927,116,hr 1456,60000.0,-0.677,-0.571,-0.749,-0.508,29778,71
205,2928,116,hr 146,0.0,0.702,-0.1,0.738,-0.107,21174,48
206,2929,116,hr 147,0.0,0.702,-0.1,0.738,-0.107,21174,48
207,2930,116,hr 1471,1860000.0,-0.343,-0.141,-0.25,-0.196,29707,71
208,2931,116,hr 1475,170000.0,0.382,-0.112,0.288,0.163,21969,33
209,2932,116,hr 1477,40000.0,-0.416,0.087,-0.405,-0.185,20504,43
210,2933,116,hr 1478,2797746.0,-0.409,-0.375,-0.452,-0.181,20750,6
211,2934,116,hr 1479,180000.0,-0.409,-0.375,-0.452,-0.181,20750,6
212,2935,116,hr 1480,20000.0,-0.409,-0.375,-0.452,-0.181,20750,6
213,2936,116,hr 1485,13060000.0,-0.677,-0.571,-0.749,-0.508,29778,71
214,2937,116,hr 1488,1190000.0,-0.148,0.712,-0.205,0.196,29127,33
215,2938,116,hr 149,65000.0,-0.443,0.29,-0.432,0.291,20529,49
216,2939,116,hr 1491,2170000.0,-0.304,0.168,-0.201,0.286,20321,44
217,2940,116,hr 1497,2029000.0,-0.427,-0.002,-0.323,-0.655,15410,72
218,2941,116,hr 1498,3652000.0,-0.43,-0.304,-0.461,-0.424,29710,62
219,2942,116,hr 1499,81123018.0,-0.479,-0.203,-0.581,-0.292,29346,21
220,2943,116,hr 1500,12710000.0,-0.656,-0.079,-0.621,-0.518,29106,71
221,2944,116,hr 1502,6203628.79,0.501,0.14,0.51,-0.047,20725,23
222,2945,116,hr 1503,53375399.0,-0.466,-0.024,-0.45,0.005,21371,21
223,2946,116,hr 1506,2885000.0,-0.506,-0.106,-0.508,0.144,21703,71
224,2947,116,hr 1507,2870480.0,-0.426,-0.641,-0.382,-0.401,29588,72
225,2948,116,hr 1508,5393000.0,-0.426,-0.641,-0.382,-0.401,29588,72
226,2949,116,hr 1509,230000.0,-0.396,-0.412,-0.389,-0.36,21198,72
227,2950,116,hr 1511,1328000.0,-0.394,-0.329,-0.382,-0.148,20748,54
228,2951,116,hr 1516,19788261.99,-0.427,-0.002,-0.323,-0.655,15410,72
229,2952,116,hr 1517,31605.0,-0.523,-0.374,-0.491,-0.269,21504,71
230,2953,116,hr 1519,150000.0,-0.404,-0.158,-0.464,0.03,21529,23
231,2954,116,hr 1520,5588566.0,-0.38,-0.397,-0.412,-0.405,29312,71
232,2955,116,hr 1528,560000.0,0.256,0.3,0.246,0.23,21353,24
233,2956,116,hr 1530,355000.0,-0.26,-0.08,-0.304,-0.306,29769,25
234,2957,116,hr 1532,60000.0,-0.677,-0.571,-0.749,-0.508,29778,71
235,2958,116,hr 1533,90000.0,-0.677,-0.571,-0.749,-0.508,29778,71
236,2959,116,hr 1534,1514000.0,-0.387,-0.285,-0.357,-0.56,29379,13
237,2960,116,hr 1544,40000.0,-0.301,-0.195,-0.244,0.111,20927,65
238,2961,116,hr 1545,485000.0,0.641,0.017,0.619,-0.006,21543,47
239,2962,116,hr 1549,60000.0,-0.375,0.114,-0.367,0.25,20136,5
240,2963,116,hr 155,390133.0,0.702,-0.1,0.738,-0.107,21174,48
241,2964,116,hr 1551,556326.0,-0.408,-0.093,-0.41,-0.087,15603,13
242,2965,116,hr 1554,4171276.0,0.711,0.07,0.713,0.064,21551,49
243,2966,116,hr 1556,80000.0,0.362,-0.096,0.35,-0.145,20709,43
244,2967,116,hr 1559,2130590.0,0.357,0.236,0.383,0.168,21345,13
245,2968,116,hr 1565,2250000.0,0.539,0.085,0.47,0.259,20963,71
246,2969,116,hr 1567,420000.0,-0.368,0.012,-0.398,0.114,20932,66
247,2970,116,hr 1568,631000.0,-0.279,-0.045,-0.337,0.017,21525,3
248,2971,116,hr 1570,3282792.0,-0.52,-0.098,-0.43,-0.374,31103,12
249,2972,116,hr 1571,170000.0,-0.531,-0.557,-0.593,-0.423,21370,25
250,2973,116,hr 1572,50000.0,-0.324,-0.257,-0.306,-0.459,20954,21
251,2974,116,hr 1575,365000.0,-0.147,0.644,-0.147,0.643,21980,12
252,2975,116,hr 158,0.0,-0.469,-0.137,-0.26,-0.13,21566,14
253,2976,116,hr 1581,221441.0,-0.482,-0.317,-0.495,-0.441,21375,3
254,2977,116,hr 1585,8532700.0,-0.584,-0.098,-0.524,-0.206,21110,71
255,2978,116,hr 1586,190000.0,-0.404,0.184,-0.254,0.032,20340,47
256,2979,116,hr 1588,0.0,-0.274,-0.282,-0.271,-0.091,21324,82
257,2980,116,hr 1595,50818250.0,-0.282,0.072,-0.268,0.162,20705,62
258,2981,116,hr 1597,122451.0,-0.485,0.198,-0.528,0.362,39305,49
259,2982,116,hr 1600,172500.0,0.453,0.233,0.468,0.068,20703,71
260,2983,116,hr 1602,5570000.0,0.537,0.383,0.541,0.041,21731,54
261,2984,116,hr 1603,2944070.0,-0.396,-0.412,-0.389,-0.36,21198,72
262,2985,116,hr 1605,0.0,0.652,0.068,0.653,-0.052,21702,22
263,2986,116,hr 1607,4480000.0,-0.353,-0.005,-0.434,0.001,21358,14
264,2987,116,hr 1610,2020000.0,-0.227,0.079,-0.21,-0.022,21712,43
265,2988,116,hr 1614,3170000.0,0.185,0.013,0.197,-0.025,21542,13
266,2989,116,hr 1616,160000.0,0.234,0.382,0.295,0.254,21128,21
267,2990,116,hr 1618,340000.0,-0.261,-0.099,-0.261,-0.138,21340,4
268,2991,116,hr 1620,22256.0,-0.206,0.426,-0.177,0.381,21941,40
269,2992,116,hr 1621,300000.0,0.683,-0.398,0.745,-0.445,20903,71
270,2993,116,hr 1622,250000.0,-0.291,0.128,-0.307,-0.032,21740,71
271,2994,116,hr 1625,6020534.0,0.558,-0.217,0.617,-0.232,21359,48
272,2995,116,hr 1627,130000.0,-0.35,-0.133,-0.295,-0.173,20104,71
273,2996,116,hr 1629,1678656.0,-0.362,0.045,-0.368,0.042,21508,71
274,2997,116,hr 1633,1240000.0,-0.409,-0.375,-0.452,-0.181,20750,6
275,2998,116,hr 1642,11610000.0,-0.459,0.125,-0.429,0.063,29573,49
276,2999,116,hr 1644,19429945.58,-0.331,0.099,-0.247,0.339,29561,14
277,3000,116,hr 1646,1180000.0,-0.239,0.014,-0.202,-0.108,21304,71
278,3001,116,hr 1647,0.0,-0.426,-0.641,-0.382,-0.401,29588,72
279,3002,116,hr 1648,190000.0,0.542,-0.137,0.602,-0.497,29550,24
280,3003,116,hr 1653,60000.0,-0.397,-0.054,-0.421,-0.022,21321,43
281,3004,116,hr 1654,0.0,0.605,-0.201,0.622,-0.108,21348,47
282,3005,116,hr 1655,50000.0,0.269,0.12,0.527,-0.73,21101,13
283,3006,116,hr 1661,2420000.0,0.397,-0.129,0.331,-0.071,21539,13
284,3007,116,hr 1663,90000.0,0.542,-0.137,0.602,-0.497,29550,24
285,3008,116,hr 1664,3114240.0,0.537,0.105,0.504,0.274,20357,67
286,3009,116,hr 1665,100000.0,-0.367,0.268,-0.337,0.364,21972,23
287,3010,116,hr 1666,6690000.0,-0.438,0.059,-0.441,0.039,20708,43
288,3011,116,hr 1668,13145000.0,-0.466,-0.024,-0.45,0.005,21371,21
289,3012,116,hr 1671,240000.0,-0.324,-0.257,-0.306,-0.459,20954,21
290,3013,116,hr 1672,20000.0,0.501,-0.494,0.566,-0.3,21742,43
291,3014,116,hr 1673,200400.0,0.535,0.352,0.605,0.098,21123,44
292,3015,116,hr 1678,770000.0,0.652,0.068,0.653,-0.052,21702,22
293,3016,116,hr 1679,5605450.0,-0.26,-0.08,-0.304,-0.306,29769,25
294,3017,116,hr 1680,5566262.5,-0.397,0.399,-0.364,0.329,21102,41
295,3018,116,hr 1682,809064.0,-0.342,0.029,-0.328,-0.096,20706,1
296,3019,116,hr 1683,590000.0,-0.416,0.087,-0.405,-0.185,20504,43
297,3020,116,hr 1685,490000.0,-0.584,-0.098,-0.524,-0.206,21110,71
298,3021,116,hr 1686,490000.0,-0.584,-0.098,-0.524,-0.206,21110,71
299,3022,116,hr 1688,300000.0,-0.43,-0.304,-0.461,-0.424,29710,62
300,3023,116,hr 1690,873962.0,-0.431,-0.901,-0.459,-0.784,21921,21
301,3024,116,hr 1692,1052886.24,-0.677,-0.571,-0.749,-0.508,29778,71
302,3025,116,hr 1693,7900000.0,-0.368,0.012,-0.398,0.114,20932,66
303,3026,116,hr 1696,460000.0,-0.161,0.123,-0.152,0.017,21738,43
304,3027,116,hr 1697,1292301.0,-0.148,0.712,-0.205,0.196,29127,33
305,3028,116,hr 1698,898660.0,-0.148,0.712,-0.205,0.196,29127,33
306,3029,116,hr 170,562651.0,0.52,-0.367,0.512,-0.349,21191,40
307,3030,116,hr 1706,32000.0,-0.408,-0.093,-0.41,-0.087,15603,13
308,3031,116,hr 1707,1150000.0,-0.342,0.029,-0.328,-0.096,20706,1
309,3032,116,hr 1708,175000.0,-0.35,-0.133,-0.295,-0.173,20104,71
310,3033,116,hr 1709,3760000.0,-0.415,-0.268,-0.403,-0.061,20934,13
311,3034,116,hr 171,240000.0,0.52,-0.367,0.512,-0.349,21191,40
312,3035,116,hr 1710,3641434.0,-0.397,0.399,-0.364,0.329,21102,41
313,3036,116,hr 1711,12059662.0,-0.402,-0.322,-0.329,-0.336,29571,49
314,3037,116,hr 1712,5630000.0,-0.402,-0.322,-0.329,-0.336,29571,49
315,3038,116,hr 1717,867171.0,-0.402,0.208,-0.411,0.264,20343,24
316,3039,116,hr 172,4212105.0,0.52,-0.367,0.512,-0.349,21191,40
317,3040,116,hr 1725,3490000.0,-0.394,-0.329,-0.382,-0.148,20748,54
318,3041,116,hr 1730,1714954.49,-0.348,-0.032,-0.296,0.084,20519,13
319,3042,116,hr 1731,390000.0,-0.24,-0.226,-0.195,-0.266,20907,1
320,3043,116,hr 1733,450000.0,-0.279,-0.045,-0.337,0.017,21525,3
321,3044,116,hr 1734,0.0,-0.497,-0.053,-0.547,-0.509,21993,55
322,3045,116,hr 1735,15157333.0,-0.368,-0.006,-0.313,0.166,29741,12
323,3046,116,hr 1739,1165000.0,0.451,0.115,0.397,0.321,21745,14
324,3047,116,hr 1740,7680435.0,0.451,0.115,0.397,0.321,21745,14
325,3048,116,hr 1742,2730000.0,-0.464,-0.292,-0.461,-0.075,21312,71
326,3049,116,hr 1743,14060984.0,-0.464,-0.292,-0.461,-0.075,21312,71
327,3050,116,hr 1744,6220241.0,-0.464,-0.292,-0.461,-0.075,21312,71
328,3051,116,hr 1747,100000.0,0.451,0.0,0.375,0.108,20756,40
329,3052,116,hr 1748,4447091.0,0.283,0.022,0.161,0.147,14066,81
330,3053,116,hr 1754,2205000.0,-0.415,-0.268,-0.403,-0.061,20934,13
331,3054,116,hr 1755,220000.0,0.8,-0.6,0.919,-0.395,21961,49
332,3055,116,hr 1756,6365000.0,-0.288,-0.958,-0.255,-0.967,21975,23
333,3056,116,hr 1760,2180000.0,0.572,0.293,0.604,0.325,21182,49
334,3057,116,hr 1763,17187774.02,-0.397,0.399,-0.364,0.329,21102,41
335,3058,116,hr 1764,487500.0,-0.309,-0.095,-0.466,-0.129,20958,71
336,3059,116,hr 1765,727500.0,-0.52,-0.098,-0.43,-0.374,31103,12
337,3060,116,hr 1766,1022500.0,0.422,0.311,0.429,0.355,21737,23
338,3061,116,hr 1767,2701530.0,-0.435,-0.147,-0.426,-0.257,20538,71
339,3062,116,hr 1768,2130000.0,-0.435,-0.147,-0.426,-0.257,20538,71
340,3063,116,hr 1769,1530000.0,-0.409,-0.375,-0.452,-0.181,20750,6
341,3064,116,hr 1770,3074240.0,0.416,0.143,0.38,0.223,20530,49
342,3065,116,hr 1775,1400000.0,0.382,-0.112,0.288,0.163,21969,33
343,3066,116,hr 1776,495000.0,-0.426,-0.641,-0.382,-0.401,29588,72
344,3067,116,hr 1781,8980399.0,0.562,0.314,0.551,0.272,21513,44
345,3068,116,hr 1783,6741405.0,-0.414,-0.116,-0.332,-0.155,29109,1
346,3069,116,hr 1784,2594000.0,-0.414,-0.116,-0.332,-0.155,29109,1
347,3070,116,hr 1786,270000.0,0.229,0.426,0.294,0.181,21992,92
348,3071,116,hr 1789,90000.0,-0.427,-0.529,-0.426,-0.432,21303,71
349,3072,116,hr 1790,280000.0,-0.26,-0.08,-0.304,-0.306,29769,25
350,3073,116,hr 1792,160000.0,-0.353,0.176,-0.353,0.124,21939,71
351,3074,116,hr 1793,291113.58,-0.589,-0.221,-0.541,-0.193,15431,44
352,3075,116,hr 1795,2652301.0,-0.374,-0.23,-0.324,-0.494,21507,71
353,3076,116,hr 1796,1461091.0,0.3,0.178,0.254,0.18,21188,56
354,3077,116,hr 180,990000.0,-0.564,0.157,-0.626,0.229,29337,43
355,3078,116,hr 1803,35000.0,0.333,-0.011,0.379,-0.066,29932,72
356,3079,116,hr 1804,1670000.0,0.641,0.017,0.619,-0.006,21543,47
357,3080,116,hr 1806,222000.0,0.283,0.022,0.161,0.147,14066,81
358,3081,116,hr 1813,1490000.0,0.387,0.196,0.447,-0.035,21196,65
359,3082,116,hr 1814,771022.0,-0.394,-0.004,-0.361,0.025,21309,71
360,3083,116,hr 1815,7470000.0,-0.653,0.498,-0.402,0.253,21906,21
361,3084,116,hr 1816,1764042.0,-0.404,-0.158,-0.464,0.03,21529,23
362,3085,116,hr 1824,135000.0,0.185,0.013,0.197,-0.025,21542,13
363,3086,116,hr 1832,1520000.0,-0.241,0.354,-0.299,0.322,21951,4
364,3087,116,hr 1834,6290000.0,0.501,-0.494,0.566,-0.3,21742,43
365,3088,116,hr 1835,220000.0,-0.479,-0.203,-0.581,-0.292,29346,21
366,3089,116,hr 1836,180000.0,0.704,-0.365,0.73,-0.308,21317,43
367,3090,116,hr 1837,2652301.0,-0.401,-0.078,-0.364,-0.004,20959,43
368,3091,116,hr 1839,4660000.0,-0.25,0.049,-0.199,0.015,21311,71
369,3092,116,hr 1840,720000.0,0.269,0.12,0.527,-0.73,21101,13
370,3093,116,hr 1845,570000.0,-0.261,-0.099,-0.261,-0.138,21340,4
371,3094,116,hr 1848,60000.0,-0.276,-0.027,-0.337,-0.24,20720,31
372,3095,116,hr 1850,10000.0,0.462,-0.357,0.333,-0.137,21735,43
373,3096,116,hr 1854,3815312.0,-0.438,0.059,-0.441,0.039,20708,43
374,3097,116,hr 1855,120000.0,0.486,0.024,0.495,-0.239,20947,54
375,3098,116,hr 1856,550000.0,-0.656,-0.079,-0.621,-0.518,29106,71
376,3099,116,hr 1858,710000.0,0.63,-0.079,0.709,-0.103,21708,47
377,3100,116,hr 1861,88000.0,-0.399,-0.419,-0.412,-0.507,29504,71
378,3101,116,hr 1862,11520000.0,0.564,-0.221,0.563,-0.224,21557,56
379,3102,116,hr 1863,0.0,-0.421,0.328,-0.535,0.83,21536,12
380,3103,116,hr 1865,73190146.0,-0.368,-0.006,-0.313,0.166,29741,12
381,3104,116,hr 1869,15994544.0,-0.291,0.128,-0.307,-0.032,21740,71
382,3105,116,hr 1871,96000.0,-0.306,0.099,-0.297,0.187,21709,71
383,3106,116,hr 1872,6100000.0,0.549,0.079,0.549,0.079,21982,32
384,3107,116,hr 1876,4750000.0,-0.158,0.223,-0.135,0.123,21723,12
385,3108,116,hr 1878,2117947.0,-0.427,-0.529,-0.426,-0.432,21303,71
386,3109,116,hr 1879,120000.0,-0.421,-0.206,-0.438,-0.114,21335,3
387,3110,116,hr 188,60000.0,-0.389,-0.152,-0.377,-0.268,15612,13
388,3111,116,hr 1880,60000.0,-0.677,-0.571,-0.749,-0.508,29778,71
389,3112,116,hr 1884,283375.0,-0.404,-0.168,-0.154,-0.101,15454,12
390,3113,116,hr 1885,160000.0,0.501,-0.494,0.566,-0.3,21742,43
391,3114,116,hr 1887,540000.0,-0.402,0.208,-0.411,0.264,20343,24
392,3115,116,hr 189,3085000.0,0.452,0.229,0.484,-0.064,20926,34
393,3116,116,hr 1890,270000.0,0.382,-0.112,0.288,0.163,21969,33
394,3117,116,hr 1893,5010000.0,-0.608,-0.194,-0.525,-0.427,21538,12
395,3118,116,hr 1895,300000.0,0.501,0.14,0.51,-0.047,20725,23
396,3119,116,hr 1897,4058000.0,-0.466,-0.024,-0.45,0.005,21371,21
397,3120,116,hr 1899,2310000.0,-0.309,-0.095,-0.466,-0.129,20958,71
398,3121,116,hr 19,86109613.0,0.333,-0.011,0.379,-0.066,29932,72
399,3122,116,hr 190,20000.0,0.589,0.171,0.494,0.197,21734,32
400,3123,116,hr 1901,1050000.0,0.548,0.308,0.542,0.146,20948,49
401,3124,116,hr 1904,600000.0,-0.598,-0.263,-0.595,-0.214,20305,61
402,3125,116,hr 1906,750000.0,-0.305,0.19,-0.273,0.408,21912,62
403,3126,116,hr 1907,3650000.0,0.362,-0.096,0.35,-0.145,20709,43
404,3127,116,hr 1909,80000.0,0.542,-0.137,0.602,-0.497,29550,24
405,3128,116,hr 1921,20000.0,-0.311,-0.009,-0.296,-0.06,21368,73
406,3129,116,hr 1922,17420000.0,-0.26,-0.08,-0.304,-0.306,29769,25
407,3130,116,hr 1923,140000.0,-0.677,-0.571,-0.749,-0.508,29778,71
408,3131,116,hr 1931,115828.0,-0.187,-0.14,-0.188,-0.21,21326,21
409,3132,116,hr 1933,570000.0,0.638,-0.579,0.501,-0.374,14657,25
410,3133,116,hr 1935,984386.0,0.301,-0.124,0.204,0.077,21541,13
411,3134,116,hr 1938,4460000.0,-0.417,-0.18,-0.472,-0.175,21977,3
412,3135,116,hr 1939,6470000.0,0.269,0.244,0.34,-0.017,20342,24
413,3136,116,hr 1940,1230000.0,0.393,0.287,0.463,0.19,21337,34
414,3137,116,hr 1941,160000.0,-0.131,0.49,-0.131,0.49,21913,48
415,3138,116,hr 1943,926000.0,-0.465,0.25,-0.466,0.283,39301,48
416,3139,116,hr 1946,50000.0,-0.274,-0.282,-0.271,-0.091,21324,82
417,3140,116,hr 1947,1790000.0,0.486,0.024,0.495,-0.239,20947,54
418,3141,116,hr 1948,1754947.0,-0.603,-0.275,-0.531,-0.473,29911,21
419,3142,116,hr 1949,20000.0,0.55,0.307,0.526,0.423,21563,42
420,3143,116,hr 1951,20000.0,0.55,0.307,0.526,0.423,21563,42
421,3144,116,hr 1954,80000.0,0.537,0.383,0.541,0.041,21731,54
422,3145,116,hr 1955,60000.0,-0.261,-0.099,-0.261,-0.138,21340,4
423,3146,116,hr 1956,2070000.0,0.486,0.024,0.495,-0.239,20947,54
424,3147,116,hr 1957,7419725.0,-0.589,-0.221,-0.541,-0.193,15431,44
425,3148,116,hr 1958,0.0,0.416,0.143,0.38,0.223,20530,49
426,3149,116,hr 1959,2111250.0,0.52,-0.367,0.512,-0.349,21191,40
427,3150,116,hr 1961,280000.0,-0.426,-0.641,-0.382,-0.401,29588,72
428,3151,116,hr 1963,90000.0,-0.292,0.051,-0.271,0.012,21308,71
429,3152,116,hr 1965,40000.0,-0.36,0.166,-0.382,0.161,21746,43
430,3153,116,hr 1966,1631172.0,-0.438,-0.148,-0.437,-0.288,29587,52
431,3154,116,hr 1970,140000.0,-0.331,0.099,-0.247,0.339,29561,14
432,3155,116,hr 1973,3260000.0,-0.348,-0.032,-0.296,0.084,20519,13
433,3156,116,hr 1976,160000.0,-0.373,-0.176,-0.41,-0.089,21372,23
434,3157,116,hr 1978,170000.0,-0.374,-0.23,-0.324,-0.494,21507,71
435,3158,116,hr 1979,420000.0,-0.374,-0.23,-0.324,-0.494,21507,71
436,3159,116,hr 1981,780000.0,-0.239,0.114,-0.197,0.07,21344,13
437,3160,116,hr 1983,5195000.0,-0.198,0.18,-0.167,0.128,21739,61
438,3161,116,hr 1984,10000.0,-0.187,-0.03,-0.161,-0.159,21315,71
439,3162,116,hr 1987,180000.0,-0.508,-0.135,-0.504,-0.204,20310,71
440,3163,116,hr 1988,1293236.0,-0.304,0.168,-0.201,0.286,20321,44
441,3164,116,hr 1992,1780620.0,-0.393,0.068,-0.404,0.328,29901,71
442,3165,116,hr 1993,4275763.0,-0.26,-0.08,-0.304,-0.306,29769,25
443,3166,116,hr 1994,24305506.0,-0.417,-0.105,-0.328,-0.235,15616,3
444,3167,116,hr 1995,1445000.0,-0.421,0.328,-0.535,0.83,21536,12
445,3168,116,hr 1996,276000.0,-0.324,-0.257,-0.306,-0.459,20954,21
446,3169,116,hr 2,92627618.0,-0.427,-0.002,-0.323,-0.655,15410,72
447,3170,116,hr 2000,1890590.0,-0.233,0.277,-0.216,0.2,21916,13
448,3171,116,hr 2005,1740000.0,-0.578,0.449,-0.552,0.641,21979,21
449,3172,116,hr 2006,170000.0,-0.352,0.021,-0.351,0.018,21963,43
450,3173,116,hr 2009,3990000.0,-0.609,-0.244,-0.611,-0.089,20733,13
451,3174,116,hr 2011,4130000.0,-0.43,-0.304,-0.461,-0.424,29710,62
452,3175,116,hr 2012,0.0,-0.43,-0.304,-0.461,-0.424,29710,62
453,3176,116,hr 2013,29902171.0,-0.291,-0.189,-0.304,0.013,31101,73
454,3177,116,hr 2014,760000.0,0.67,-0.372,0.534,-0.383,21139,52
455,3178,116,hr 2015,1400000.0,0.537,0.383,0.541,0.041,21731,54
456,3179,116,hr 2019,230000.0,-0.263,-0.159,-0.185,-0.013,20702,71
457,3180,116,hr 202,10000.0,-0.486,0.332,-0.469,0.299,21137,45
458,3181,116,hr 2026,300000.0,-0.404,-0.158,-0.464,0.03,21529,23
459,3182,116,hr 2029,210000.0,-0.429,0.075,-0.483,-0.013,21502,61
460,3183,116,hr 2030,300000.0,-0.598,-0.263,-0.595,-0.214,20305,61
461,3184,116,hr 2035,443499.0,-0.375,0.114,-0.367,0.25,20136,5
462,3185,116,hr 2036,520000.0,-0.26,0.076,-0.254,0.082,21732,43
463,3186,116,hr 2041,0.0,-0.415,-0.268,-0.403,-0.061,20934,13
464,3187,116,hr 2042,12080000.0,-0.409,-0.375,-0.452,-0.181,20750,6
465,3188,116,hr 2043,120000.0,-0.409,-0.375,-0.452,-0.181,20750,6
466,3189,116,hr 2044,1070000.0,-0.409,-0.375,-0.452,-0.181,20750,6
467,3190,116,hr 2051,15060560.0,-0.227,0.176,-0.294,0.3,20508,21
468,3191,116,hr 2053,100000.0,-0.393,0.068,-0.404,0.328,29901,71
469,3192,116,hr 2054,19250000.0,-0.389,-0.262,-0.397,-0.19,21172,5
470,3193,116,hr 2055,120000.0,-0.465,0.25,-0.466,0.283,39301,48
471,3194,116,hr 2056,1648925.0,-0.239,0.054,-0.211,0.035,21329,21
472,3195,116,hr 2059,3114029.0,-0.25,0.528,-0.239,0.568,21902,31
473,3196,116,hr 2062,4308733.0,-0.426,-0.641,-0.382,-0.401,29588,72
474,3197,116,hr 2063,2430000.0,-0.394,-0.004,-0.361,0.025,21309,71
475,3198,116,hr 2064,4520000.0,-0.489,-0.38,-0.494,-0.375,20955,71
476,3199,116,hr 2069,6010000.0,-0.348,0.138,-0.348,0.043,21339,65
477,3200,116,hr 2070,1470000.0,-0.143,0.212,-0.09,0.021,21756,14
478,3201,116,hr 2075,890000.0,-0.465,-0.071,-0.419,-0.044,20724,52
479,3202,116,hr 2076,200000.0,-0.29,0.457,-0.348,0.448,21962,73
480,3203,116,hr 2078,10000.0,0.348,0.62,0.308,0.574,21108,42
481,3204,116,hr 208,40000.0,-0.41,-0.52,-0.407,-0.494,21997,94
482,3205,116,hr 2082,5000.0,0.644,-0.406,0.557,0.195,20527,49
483,3206,116,hr 2083,405000.0,-0.285,0.229,-0.275,0.357,21711,71
484,3207,116,hr 2084,4065000.0,0.403,0.48,0.406,0.56,29701,41
485,3208,116,hr 2086,70000.0,-0.393,0.068,-0.404,0.328,29901,71
486,3209,116,hr 2088,510000.0,-0.29,0.257,-0.313,-0.042,21968,61
487,3210,116,hr 2089,2750000.0,-0.224,0.501,-0.224,0.501,21918,31
488,3211,116,hr 2091,588068.24,-0.381,-0.41,-0.474,-0.535,20762,71
489,3212,116,hr 2093,4259000.0,-0.426,-0.641,-0.382,-0.401,29588,72
490,3213,116,hr 2096,17224098.0,-0.331,0.099,-0.247,0.339,29561,14
491,3214,116,hr 2097,27000.0,0.511,-0.109,0.49,-0.262,21189,25
492,3215,116,hr 21,225000.0,-0.389,-0.152,-0.377,-0.268,15612,13
493,3216,116,hr 2100,72500.0,-0.24,-0.226,-0.195,-0.266,20907,1
494,3217,116,hr 2102,3320000.0,-0.373,-0.176,-0.41,-0.089,21372,23
495,3218,116,hr 2103,4648660.0,-0.143,0.212,-0.09,0.021,21756,14
496,3219,116,hr 2107,2460000.0,-0.392,-0.221,-0.466,-0.463,21948,62
497,3220,116,hr 2108,2400000.0,0.679,0.106,0.782,-0.16,21500,41
498,3221,116,hr 2111,442435.0,-0.416,0.087,-0.405,-0.185,20504,43
499,3222,116,hr 2112,71349.0,-0.608,-0.194,-0.525,-0.427,21538,12
500,3223,116,hr 2113,44633989.0,-0.417,-0.105,-0.328,-0.235,15616,3
501,3224,116,hr 2114,394793.57,-0.479,-0.203,-0.581,-0.292,29346,21
502,3225,116,hr 2115,7280399.0,-0.187,0.342,-0.165,0.429,21966,40
503,3226,116,hr 2117,496500.0,-0.435,-0.147,-0.426,-0.257,20538,71
504,3227,116,hr 2119,4264600.0,-0.466,-0.024,-0.45,0.005,21371,21
505,3228,116,hr 2120,1130000.0,-0.187,-0.03,-0.161,-0.159,21315,71
506,3229,116,hr 2124,0.0,0.426,0.066,0.346,0.548,21744,43
507,3230,116,hr 2131,3503000.0,-0.26,-0.08,-0.304,-0.306,29769,25
508,3231,116,hr 2137,220000.0,-0.393,0.068,-0.404,0.328,29901,71
509,3232,116,hr 2139,4427000.0,-0.417,-0.18,-0.472,-0.175,21977,3
510,3233,116,hr 2143,1709947.0,-0.381,-0.41,-0.474,-0.535,20762,71
511,3234,116,hr 2144,265000.0,0.659,-0.353,0.733,-0.191,21564,24
512,3235,116,hr 2145,5010000.0,0.558,-0.217,0.617,-0.232,21359,48
513,3236,116,hr 2146,79694.0,-0.399,-0.419,-0.412,-0.507,29504,71
514,3237,116,hr 2147,3284240.0,-0.397,0.399,-0.364,0.329,21102,41
515,3238,116,hr 2148,12820000.0,-0.482,-0.317,-0.495,-0.441,21375,3
516,3239,116,hr 2149,1280000.0,0.414,0.069,0.421,-0.061,21970,25
517,3240,116,hr 215,180000.0,0.297,0.307,0.386,0.061,29910,63
518,3241,116,hr 2150,4691319.0,-0.603,-0.275,-0.531,-0.473,29911,21
519,3242,116,hr 2153,200000.0,-0.397,-0.054,-0.421,-0.022,21321,43
520,3243,116,hr 2154,25000.0,-0.36,0.166,-0.382,0.161,21746,43
521,3244,116,hr 2155,20000.0,-0.479,-0.203,-0.581,-0.292,29346,21
522,3245,116,hr 2156,1071651.0,-0.353,-0.005,-0.434,0.001,21358,14
523,3246,116,hr 2157,2560604.0,-0.389,-0.152,-0.377,-0.268,15612,13
524,3247,116,hr 2158,90000.0,0.662,-0.383,0.678,-0.311,21905,54
525,3248,116,hr 216,16221089.0,0.581,0.25,0.595,0.214,21373,34
526,3249,116,hr 2160,280000.0,-0.52,-0.098,-0.43,-0.374,31103,12
527,3250,116,hr 2161,281800.0,0.652,0.068,0.653,-0.052,21702,22
528,3251,116,hr 2162,603236.0,-0.438,0.042,-0.446,0.047,21352,24
529,3252,116,hr 2163,3560000.0,0.827,-0.562,0.991,-0.136,21705,61
530,3253,116,hr 2164,1000000.0,-0.292,0.051,-0.271,0.012,21308,71
531,3254,116,hr 2165,60000.0,0.357,0.236,0.383,0.168,21345,13
532,3255,116,hr 2166,110000.0,-0.306,-0.038,-0.282,0.277,20952,40
533,3256,116,hr 2167,80000.0,0.447,0.158,0.55,-0.024,21755,67
534,3257,116,hr 2168,575000.0,-0.486,-0.26,-0.501,-0.499,29717,21
535,3258,116,hr 217,620000.0,0.581,0.25,0.595,0.214,21373,34
536,3259,116,hr 2170,8150000.0,-0.404,-0.158,-0.464,0.03,21529,23
537,3260,116,hr 2176,1679662.0,-0.348,0.116,-0.262,-0.281,15029,24
538,3261,116,hr 2177,2450000.0,0.373,0.41,0.296,0.475,21167,14
539,3262,116,hr 2178,330000.0,0.259,-0.03,0.379,-0.349,29375,13
540,3263,116,hr 2179,750000.0,-0.143,0.212,-0.09,0.021,21756,14
541,3264,116,hr 218,8598037.0,0.581,0.25,0.595,0.214,21373,34
542,3265,116,hr 2181,647916.0,-0.368,0.012,-0.398,0.114,20932,66
543,3266,116,hr 2186,2330000.0,-0.531,-0.557,-0.593,-0.423,21370,25
544,3267,116,hr 2187,24000.0,-0.324,-0.257,-0.306,-0.459,20954,21
545,3268,116,hr 2189,310000.0,-0.296,0.127,-0.269,0.093,20329,52
546,3269,116,hr 2193,3074240.0,-0.264,0.33,-0.603,0.542,21763,14
547,3270,116,hr 2194,20000.0,0.397,-0.129,0.331,-0.071,21539,13
548,3271,116,hr 2195,160000.0,-0.241,0.354,-0.299,0.322,21951,4
549,3272,116,hr 2199,10000.0,-0.306,0.099,-0.297,0.187,21709,71
550,3273,116,hr 22,220000.0,0.52,0.239,0.482,0.306,29760,49
551,3274,116,hr 2205,483000.0,0.3,0.178,0.254,0.18,21188,56
552,3275,116,hr 2207,1380000.0,-0.26,-0.08,-0.304,-0.306,29769,25
553,3276,116,hr 2208,5110000.0,-0.309,-0.095,-0.466,-0.129,20958,71
554,3277,116,hr 2209,9340000.0,0.605,-0.201,0.622,-0.108,21348,47
555,3278,116,hr 221,30000.0,0.178,-0.173,0.058,-0.35,14863,12
556,3279,116,hr 2210,9813311.0,-0.397,-0.045,-0.367,-0.132,29908,1
557,3280,116,hr 2211,90000.0,-0.603,-0.275,-0.531,-0.473,29911,21
558,3281,116,hr 2212,28000.0,-0.353,-0.005,-0.434,0.001,21358,14
559,3282,116,hr 2213,6988000.0,-0.393,0.068,-0.404,0.328,29901,71
560,3283,116,hr 2214,439392.0,-0.489,-0.38,-0.494,-0.375,20955,71
561,3284,116,hr 2215,262000.0,-0.489,-0.38,-0.494,-0.375,20955,71
562,3285,116,hr 2218,350000.0,0.436,0.315,0.405,0.361,21330,22
563,3286,116,hr 2219,856092.0,0.704,-0.365,0.73,-0.308,21317,43
564,3287,116,hr 222,225000.0,0.525,0.313,0.568,0.337,29572,49
565,3288,116,hr 2220,80000.0,0.711,0.07,0.713,0.064,21551,49
566,3289,116,hr 2222,687000.0,-0.398,0.143,-0.361,0.039,21548,14
567,3290,116,hr 223,5850600.0,-0.547,-0.35,-0.586,-0.417,29378,13
568,3291,116,hr 2235,200000.0,-0.43,-0.304,-0.461,-0.424,29710,62
569,3292,116,hr 2239,30000.0,-0.397,-0.054,-0.421,-0.022,21321,43
570,3293,116,hr 224,60000.0,-0.547,-0.35,-0.586,-0.417,29378,13
571,3294,116,hr 2245,240000.0,-0.598,-0.263,-0.595,-0.214,20305,61
572,3295,116,hr 2248,420000.0,0.626,-0.309,0.531,0.062,21724,45
573,3296,116,hr 2250,10000.0,-0.427,-0.529,-0.426,-0.432,21303,71
574,3297,116,hr 2256,34970241.0,-0.373,-0.176,-0.41,-0.089,21372,23
575,3298,116,hr 2258,130000.0,-0.26,-0.08,-0.304,-0.306,29769,25
576,3299,116,hr 2261,2636000.0,0.259,-0.03,0.379,-0.349,29375,13
577,3300,116,hr 2262,95323.0,-0.448,-0.039,-0.455,-0.037,21530,23
578,3301,116,hr 2264,295000.0,-0.374,-0.23,-0.324,-0.494,21507,71
579,3302,116,hr 2267,340000.0,-0.376,-0.218,-0.381,-0.133,21342,13
580,3303,116,hr 2268,450000.0,-0.376,-0.218,-0.381,-0.133,21342,13
581,3304,116,hr 2272,95323.0,-0.508,-0.484,-0.627,-0.549,29377,13
582,3305,116,hr 2279,15087150.0,-0.25,0.049,-0.199,0.015,21311,71
583,3306,116,hr 2282,4171451.02,-0.25,0.049,-0.199,0.015,21311,71
584,3307,116,hr 2283,400000.0,-0.508,-0.135,-0.504,-0.204,20310,71
585,3308,116,hr 2293,978064.0,-0.397,-0.045,-0.367,-0.132,29908,1
586,3309,116,hr 2294,170000.0,0.501,0.14,0.51,-0.047,20725,23
587,3310,116,hr 2296,35979286.0,-0.603,-0.275,-0.531,-0.473,29911,21
588,3311,116,hr 2297,180000.0,-0.343,-0.141,-0.25,-0.196,29707,71
589,3312,116,hr 230,3699415.0,-0.547,-0.35,-0.586,-0.417,29378,13
590,3313,116,hr 2300,420000.0,-0.394,-0.004,-0.361,0.025,21309,71
591,3314,116,hr 2302,0.0,-0.401,-0.078,-0.364,-0.004,20959,43
592,3315,116,hr 2305,30000.0,-0.382,0.74,-0.363,0.642,21722,49
593,3316,116,hr 2311,141416.0,-0.332,-0.233,-0.324,-0.226,21928,66
594,3317,116,hr 2313,70000.0,-0.427,-0.529,-0.426,-0.432,21303,71
595,3318,116,hr 2314,2918190.0,0.458,0.219,0.428,0.056,21562,21
596,3319,116,hr 2315,1120000.0,-0.236,0.307,-0.308,0.436,21938,65
597,3320,116,hr 2317,160000.0,-0.421,0.328,-0.535,0.83,21536,12
598,3321,116,hr 2318,4470000.0,0.531,-0.352,0.386,0.03,20909,43
599,3322,116,hr 232,48148.0,-0.547,-0.35,-0.586,-0.417,29378,13
600,3323,116,hr 2321,920000.0,-0.147,0.644,-0.147,0.643,21980,12
601,3324,116,hr 2328,7822463.0,-0.198,0.18,-0.167,0.128,21739,61
602,3325,116,hr 2335,240000.0,-0.228,0.622,-0.172,0.719,20533,49
603,3326,116,hr 2336,2500000.0,-0.233,0.277,-0.216,0.2,21916,13
604,3327,116,hr 2337,1000000.0,-0.427,-0.529,-0.426,-0.432,21303,71
605,3328,116,hr 2339,25114812.0,-0.404,-0.168,-0.154,-0.101,15454,12
606,3329,116,hr 2343,1359465.0,-0.343,-0.141,-0.25,-0.196,29707,71
607,3330,116,hr 2344,345000.0,0.382,-0.112,0.288,0.163,21969,33
608,3331,116,hr 2345,30000.0,0.382,-0.112,0.288,0.163,21969,33
609,3332,116,hr 2348,3165000.0,-0.344,-0.155,-0.324,-0.093,21706,11
610,3333,116,hr 2349,1200000.0,-0.404,-0.158,-0.464,0.03,21529,23
611,3334,116,hr 2353,10000.0,-0.459,0.125,-0.429,0.063,29573,49
612,3335,116,hr 2354,100000.0,-0.38,-0.397,-0.412,-0.405,29312,71
613,3336,116,hr 2356,660000.0,-0.227,0.079,-0.21,-0.022,21712,43
614,3337,116,hr 2359,283375.0,-0.143,0.212,-0.09,0.021,21756,14
615,3338,116,hr 2367,1200000.0,-0.531,-0.557,-0.593,-0.423,21370,25
616,3339,116,hr 2374,13615000.0,-0.486,-0.072,-0.488,-0.077,21343,13
617,3340,116,hr 2375,15885000.0,-0.508,-0.484,-0.627,-0.549,29377,13
618,3341,116,hr 2376,17515399.0,0.61,0.134,0.651,0.084,21323,44
619,3342,116,hr 2378,50000.0,0.294,0.156,0.432,-0.058,21701,35
620,3343,116,hr 2381,1543660.0,0.538,0.026,0.57,0.188,21302,71
621,3344,116,hr 2382,10600000.0,-0.427,-0.002,-0.323,-0.655,15410,72
622,3345,116,hr 2384,160000.0,-0.332,-0.233,-0.324,-0.226,21928,66
623,3346,116,hr 2385,400000.0,-0.143,0.212,-0.09,0.021,21756,14
624,3347,116,hr 2387,80000.0,-0.474,-0.563,-0.534,-0.549,21940,23
625,3348,116,hr 2391,110000.0,-0.304,0.168,-0.201,0.286,20321,44
626,3349,116,hr 2392,7000.0,0.513,0.232,0.519,0.151,20729,35
627,3350,116,hr 2393,290000.0,0.525,-0.095,0.465,-0.005,21116,43
628,3351,116,hr 2396,1220000.0,-0.427,-0.002,-0.323,-0.655,15410,72
629,3352,116,hr 2397,1070000.0,-0.367,0.268,-0.337,0.364,21972,23
630,3353,116,hr 2398,40000.0,-0.187,-0.03,-0.161,-0.159,21315,71
631,3354,116,hr 2399,40000.0,-0.187,-0.03,-0.161,-0.159,21315,71
632,3355,116,hr 2402,222368.0,-0.187,-0.14,-0.188,-0.21,21326,21
633,3356,116,hr 2405,290000.0,-0.427,-0.529,-0.426,-0.432,21303,71
634,3357,116,hr 2408,1168064.0,0.638,-0.579,0.501,-0.374,14657,25
635,3358,116,hr 2410,1160000.0,-0.438,-0.148,-0.437,-0.288,29587,52
636,3359,116,hr 2411,2342000.0,-0.43,-0.304,-0.461,-0.424,29710,62
637,3360,116,hr 2415,79694.0,-0.646,-0.464,-0.702,-0.159,21726,73
638,3361,116,hr 2416,4300000.0,-0.324,-0.031,-0.313,-0.182,21730,21
639,3362,116,hr 2417,430000.0,-0.279,-0.045,-0.337,0.017,21525,3
640,3363,116,hr 2420,60000.0,-0.491,-0.377,-0.556,-0.278,29134,13
641,3364,116,hr 2426,36994351.0,-0.486,-0.072,-0.488,-0.077,21343,13
642,3365,116,hr 2428,360000.0,-0.404,-0.158,-0.464,0.03,21529,23
643,3366,116,hr 2429,120000.0,-0.438,-0.148,-0.437,-0.288,29587,52
644,3367,116,hr 2431,529600.0,0.185,0.013,0.197,-0.025,21542,13
645,3368,116,hr 2434,720000.0,-0.479,-0.203,-0.581,-0.292,29346,21
646,3369,116,hr 2435,1482462.0,0.178,-0.173,0.058,-0.35,14863,12
647,3370,116,hr 2439,200000.0,-0.187,-0.14,-0.188,-0.21,21326,21
648,3371,116,hr 2440,3070000.0,-0.427,-0.002,-0.323,-0.655,15410,72
649,3372,116,hr 2441,1120000.0,-0.465,-0.071,-0.419,-0.044,20724,52
650,3373,116,hr 2442,720000.0,0.141,-0.123,0.215,-0.277,21718,14
651,3374,116,hr 2445,1293236.0,0.469,-0.093,0.423,-0.079,21531,33
652,3375,116,hr 2447,1807015.0,-0.154,0.567,-0.154,0.568,21904,13
653,3376,116,hr 2449,2901091.0,-0.306,0.099,-0.297,0.187,21709,71
654,3377,116,hr 2452,3280590.0,-0.414,-0.116,-0.332,-0.155,29109,1
655,3378,116,hr 2453,2778297.0,0.439,0.012,0.566,0.079,21720,25
656,3379,116,hr 2454,0.0,0.462,0.139,0.474,0.111,21935,37
657,3380,116,hr 2456,0.0,-0.677,-0.571,-0.749,-0.508,29778,71
658,3381,116,hr 2457,385180.0,-0.526,-0.255,-0.483,-0.423,20537,25
659,3382,116,hr 2459,680000.0,-0.198,0.18,-0.167,0.128,21739,61
660,3383,116,hr 246,40000.0,-0.224,0.501,-0.224,0.501,21918,31
661,3384,116,hr 2463,1890590.0,-0.486,0.332,-0.469,0.299,21137,45
662,3385,116,hr 2464,1095292.0,-0.296,0.127,-0.269,0.093,20329,52
663,3386,116,hr 2466,20000.0,-0.307,0.179,-0.268,-0.038,21978,52
664,3387,116,hr 2467,20000.0,0.283,0.022,0.161,0.147,14066,81
665,3388,116,hr 2468,246500.0,-0.381,0.121,-0.399,0.096,14873,52
666,3389,116,hr 2470,556000.0,-0.306,0.099,-0.297,0.187,21709,71
667,3390,116,hr 2472,154000.0,-0.227,0.176,-0.294,0.3,20508,21
668,3391,116,hr 2473,648500.0,-0.363,0.598,-0.386,0.763,21930,71
669,3392,116,hr 2474,56310019.0,-0.45,0.012,-0.526,0.207,39307,40
670,3393,116,hr 2475,210000.0,-0.452,0.737,-0.448,0.613,21900,49
671,3394,116,hr 2477,5930000.0,-0.25,0.049,-0.199,0.015,21311,71
672,3395,116,hr 2478,687000.0,-0.311,-0.009,-0.296,-0.06,21368,73
673,3396,116,hr 2479,3070000.0,-0.312,-0.128,-0.323,-0.139,21369,73
674,3397,116,hr 2480,10000.0,-0.29,0.457,-0.348,0.448,21962,73
675,3398,116,hr 2482,5524962.0,-0.415,-0.268,-0.403,-0.061,20934,13
676,3399,116,hr 2484,100000.0,-0.26,-0.08,-0.304,-0.306,29769,25
677,3400,116,hr 2486,260000.0,-0.468,0.016,-0.442,0.128,21545,47
678,3401,116,hr 2487,100000.0,-0.353,-0.005,-0.434,0.001,21358,14
679,3402,116,hr 2491,147000.0,-0.429,0.075,-0.483,-0.013,21502,61
680,3403,116,hr 2494,0.0,-0.332,-0.233,-0.324,-0.226,21928,66
681,3404,116,hr 25,8055000.0,0.593,-0.173,0.687,-0.274,21122,44
682,3405,116,hr 2500,98716078.0,-0.288,-0.165,-0.281,-0.085,29768,73
683,3406,116,hr 2501,314000.0,-0.538,-0.323,-0.47,-0.401,29729,3
684,3407,116,hr 2504,90000.0,-0.324,-0.257,-0.306,-0.459,20954,21
685,3408,116,hr 2506,70000.0,0.501,-0.494,0.566,-0.3,21742,43
686,3409,116,hr 2507,5670000.0,-0.469,-0.171,-0.538,-0.22,29317,71
687,3410,116,hr 2508,1310000.0,-0.393,0.068,-0.404,0.328,29901,71
688,3411,116,hr 251,30000.0,-0.517,0.395,-0.512,0.21,29368,46
689,3412,116,hr 2513,62174483.0,-0.387,-0.285,-0.357,-0.56,29379,13
690,3413,116,hr 2514,17797000.0,-0.453,0.009,-0.43,0.017,20517,34
691,3414,116,hr 2515,200000.0,-0.443,0.29,-0.432,0.291,20529,49
692,3415,116,hr 2517,6447000.0,-0.381,-0.41,-0.474,-0.535,20762,71
693,3416,116,hr 2519,360000.0,-0.25,0.049,-0.199,0.015,21311,71
694,3417,116,hr 2521,160000.0,-0.227,0.079,-0.21,-0.022,21712,43
695,3418,116,hr 2526,30000.0,-0.547,-0.35,-0.586,-0.417,29378,13
696,3419,116,hr 2528,650000.0,-0.485,0.198,-0.528,0.362,39305,49
697,3420,116,hr 2531,1443037.0,0.387,0.196,0.447,-0.035,21196,65
698,3421,116,hr 2532,30000.0,-0.598,-0.263,-0.595,-0.214,20305,61
699,3422,116,hr 2533,3370000.0,-0.404,-0.168,-0.154,-0.101,15454,12
700,3423,116,hr 2534,410000.0,-0.24,-0.226,-0.195,-0.266,20907,1
701,3424,116,hr 2540,16504029.0,0.572,0.293,0.604,0.325,21182,49
702,3425,116,hr 2541,70000.0,-0.426,-0.641,-0.382,-0.401,29588,72
703,3426,116,hr 2543,40000.0,-0.239,0.054,-0.211,0.035,21329,21
704,3427,116,hr 2548,261000.0,-0.447,0.894,-0.445,0.84,21919,49
705,3428,116,hr 2550,1806292.0,-0.564,0.157,-0.626,0.229,29337,43
706,3429,116,hr 2552,1220000.0,-0.311,-0.009,-0.296,-0.06,21368,73
707,3430,116,hr 2553,90000.0,-0.349,0.036,-0.393,0.173,20119,3
708,3431,116,hr 2558,220000.0,0.564,-0.221,0.563,-0.224,21557,56
709,3432,116,hr 2562,155000.0,-0.343,-0.03,-0.173,0.09,15438,47
710,3433,116,hr 2564,43000.0,-0.182,0.054,-0.263,0.059,20944,72
711,3434,116,hr 2566,3320000.0,-0.36,0.166,-0.382,0.161,21746,43
712,3435,116,hr 2569,350576.0,-0.438,-0.148,-0.437,-0.288,29587,52
713,3436,116,hr 257,60000.0,0.259,-0.03,0.379,-0.349,29375,13
714,3437,116,hr 2571,1920000.0,0.531,0.145,0.463,0.214,20138,48
715,3438,116,hr 2572,1460000.0,-0.233,-0.215,-0.18,0.147,20749,21
716,3439,116,hr 2573,1835000.0,-0.397,0.399,-0.364,0.329,21102,41
717,3440,116,hr 2574,1450000.0,-0.45,0.012,-0.526,0.207,39307,40
718,3441,116,hr 2575,10400000.0,-0.263,-0.159,-0.185,-0.013,20702,71
719,3442,116,hr 2577,3320000.0,-0.233,0.277,-0.216,0.2,21916,13
720,3443,116,hr 2578,1763236.0,-0.656,-0.079,-0.621,-0.518,29106,71
721,3444,116,hr 2579,348000.0,-0.598,-0.263,-0.595,-0.214,20305,61
722,3445,116,hr 2581,80000.0,-0.603,-0.275,-0.531,-0.473,29911,21
723,3446,116,hr 2584,40000.0,-0.43,-0.304,-0.461,-0.424,29710,62
724,3447,116,hr 2585,220000.0,-0.469,-0.137,-0.26,-0.13,21566,14
725,3448,116,hr 2586,2400000.0,0.141,-0.123,0.215,-0.277,21718,14
726,3449,116,hr 2587,5550000.0,-0.274,-0.282,-0.271,-0.091,21324,82
727,3450,116,hr 2588,5550000.0,-0.274,-0.282,-0.271,-0.091,21324,82
728,3451,116,hr 259,9980000.0,-0.404,-0.168,-0.154,-0.101,15454,12
729,3452,116,hr 2591,234042.0,-0.503,-0.257,-0.613,-0.144,21728,71
730,3453,116,hr 2592,9950000.0,-0.311,-0.009,-0.296,-0.06,21368,73
731,3454,116,hr 2593,4336922.0,-0.26,-0.08,-0.304,-0.306,29769,25
732,3455,116,hr 2594,3381499.0,-0.26,-0.08,-0.304,-0.306,29769,25
733,3456,116,hr 2596,1995059.67,-0.261,-0.099,-0.261,-0.138,21340,4
734,3457,116,hr 2597,14729323.0,-0.368,0.012,-0.398,0.114,20932,66
735,3458,116,hr 2599,110000.0,-0.187,-0.03,-0.161,-0.159,21315,71
736,3459,116,hr 2600,3765059.67,-0.449,-0.035,-0.514,0.075,21915,14
737,3460,116,hr 2605,20000.0,-0.367,0.268,-0.337,0.364,21972,23
738,3461,116,hr 2607,3074240.0,0.55,0.307,0.526,0.423,21563,42
739,3462,116,hr 2608,50000.0,-0.239,0.114,-0.197,0.07,21344,13
740,3463,116,hr 2610,2500000.0,-0.344,-0.155,-0.324,-0.093,21706,11
741,3464,116,hr 2611,210000.0,-0.427,-0.529,-0.426,-0.432,21303,71
742,3465,116,hr 2616,2384000.0,-0.523,-0.374,-0.491,-0.269,21504,71
743,3466,116,hr 2620,650000.0,-0.285,0.454,-0.381,0.452,29339,44
744,3467,116,hr 2622,243962.0,0.431,0.085,0.423,0.06,21751,64
745,3468,116,hr 2624,1342368.0,-0.225,0.266,-0.184,0.241,21964,12
746,3469,116,hr 2625,150000.0,-0.468,0.016,-0.442,0.128,21545,47
747,3470,116,hr 2626,495059.67,0.32,-0.355,0.366,-0.621,15446,23
748,3471,116,hr 2628,20000.0,0.419,-0.017,0.356,0.071,20758,43
749,3472,116,hr 2630,20000.0,-0.389,-0.262,-0.397,-0.19,21172,5
750,3473,116,hr 2631,60000.0,-0.389,-0.262,-0.397,-0.19,21172,5
751,3474,116,hr 2636,930000.0,-0.291,-0.189,-0.304,0.013,31101,73
752,3475,116,hr 2638,3320000.0,-0.447,0.894,-0.445,0.84,21919,49
753,3476,116,hr 2639,1157227.0,-0.581,0.14,-0.589,-0.271,20941,24
754,3477,116,hr 2642,130000.0,-0.311,-0.009,-0.296,-0.06,21368,73
755,3478,116,hr 2647,100000.0,-0.435,-0.147,-0.426,-0.257,20538,71
756,3479,116,hr 265,120000.0,-0.285,0.454,-0.381,0.452,29339,44
757,3480,116,hr 2650,2302500.0,-0.52,-0.098,-0.43,-0.374,31103,12
758,3481,116,hr 2651,0.0,-0.531,-0.557,-0.593,-0.423,21370,25
759,3482,116,hr 2659,2340000.0,-0.415,-0.268,-0.403,-0.061,20934,13
760,3483,116,hr 266,60259566.99,-0.417,-0.193,-0.424,-0.31,20122,33
761,3484,116,hr 2662,70000.0,-0.467,-0.307,-0.387,-0.226,21917,49
762,3485,116,hr 2664,1876793.57,0.562,0.314,0.551,0.272,21513,44
763,3486,116,hr 2665,120000.0,-0.263,-0.159,-0.185,-0.013,20702,71
764,3487,116,hr 2668,3654028.0,-0.43,-0.304,-0.461,-0.424,29710,62
765,3488,116,hr 2669,470000.0,-0.414,-0.116,-0.332,-0.155,29109,1
766,3489,116,hr 2680,390000.0,-0.198,0.18,-0.167,0.128,21739,61
767,3490,116,hr 2682,16855000.0,0.377,0.386,0.352,0.275,20301,41
768,3491,116,hr 2684,455000.0,-0.464,-0.292,-0.461,-0.075,21312,71
769,3492,116,hr 2685,762000.0,-0.147,0.644,-0.147,0.643,21980,12
770,3493,116,hr 269,23112011.0,-0.38,-0.397,-0.412,-0.405,29312,71
771,3494,116,hr 2692,7222500.0,-0.38,-0.397,-0.412,-0.405,29312,71
772,3495,116,hr 2693,12330000.0,-0.397,-0.045,-0.367,-0.132,29908,1
773,3496,116,hr 2694,12512819.0,-0.508,-0.484,-0.627,-0.549,29377,13
774,3497,116,hr 2698,920000.0,-0.169,0.519,-0.17,0.519,21933,53
775,3498,116,hr 2699,2950000.0,-0.263,-0.159,-0.185,-0.013,20702,71
776,3499,116,hr 2700,0.0,0.568,-0.185,0.546,0.348,20355,49
777,3500,116,hr 2701,72848.24,-0.468,0.016,-0.442,0.128,21545,47
778,3501,116,hr 2704,4220000.0,-0.426,-0.641,-0.382,-0.401,29588,72
779,3502,116,hr 2708,2960000.0,-0.389,-0.262,-0.397,-0.19,21172,5
780,3503,116,hr 2710,790000.0,-0.486,-0.26,-0.501,-0.499,29717,21
781,3504,116,hr 2711,758287.0,-0.43,-0.304,-0.461,-0.424,29710,62
782,3505,116,hr 2713,245000.0,0.439,0.012,0.566,0.079,21720,25
783,3506,116,hr 272,0.0,0.613,0.171,0.621,0.151,20325,31
784,3507,116,hr 2720,154289.24,-0.677,-0.571,-0.749,-0.508,29778,71
785,3508,116,hr 2721,280000.0,-0.236,0.307,-0.308,0.436,21938,65
786,3509,116,hr 2722,3860000.0,-0.399,-0.419,-0.412,-0.507,29504,71
787,3510,116,hr 2726,0.0,-0.497,-0.053,-0.547,-0.509,21993,55
788,3511,116,hr 2730,1070000.0,-0.508,-0.135,-0.504,-0.204,20310,71
789,3512,116,hr 2731,350000.0,-0.288,-0.165,-0.281,-0.085,29768,73
790,3513,116,hr 2733,321800.0,-0.362,0.045,-0.368,0.042,21508,71
791,3514,116,hr 2739,80000.0,-0.336,0.559,-0.336,0.56,21960,71
792,3515,116,hr 2740,54003947.0,-0.414,-0.116,-0.332,-0.155,29109,1
793,3516,116,hr 2741,24044000.0,-0.404,-0.168,-0.154,-0.101,15454,12
794,3517,116,hr 2745,1726000.0,-0.416,0.087,-0.405,-0.185,20504,43
795,3518,116,hr 2749,12620000.0,-0.508,-0.484,-0.627,-0.549,29377,13
796,3519,116,hr 275,24903000.0,-0.409,-0.375,-0.452,-0.181,20750,6
797,3520,116,hr 2753,2894619.0,-0.438,0.042,-0.446,0.047,21352,24
798,3521,116,hr 2760,1468400.0,-0.38,-0.397,-0.412,-0.405,29312,71
799,3522,116,hr 2764,160000.0,-0.353,0.176,-0.353,0.124,21939,71
800,3523,116,hr 2767,200000.0,-0.279,-0.045,-0.337,0.017,21525,3
801,3524,116,hr 2770,60000.0,-0.368,-0.006,-0.313,0.166,29741,12
802,3525,116,hr 2771,1080000.0,0.432,0.109,0.442,0.264,20535,73
803,3526,116,hr 2772,2537000.0,-0.296,0.127,-0.269,0.093,20329,52
804,3527,116,hr 2774,1678864.0,-0.187,-0.14,-0.188,-0.21,21326,21
805,3528,116,hr 2777,230000.0,-0.416,0.087,-0.405,-0.185,20504,43
806,3529,116,hr 2778,120000.0,-0.608,-0.194,-0.525,-0.427,21538,12
807,3530,116,hr 2779,140000.0,-0.402,0.208,-0.411,0.264,20343,24
808,3531,116,hr 2781,2096499.0,-0.603,-0.275,-0.531,-0.473,29911,21
809,3532,116,hr 2782,13993231.0,0.436,0.315,0.405,0.361,21330,22
810,3533,116,hr 2788,500000.0,0.513,0.232,0.519,0.151,20729,35
811,3534,116,hr 279,60000.0,-0.306,0.099,-0.297,0.187,21709,71
812,3535,116,hr 2790,130000.0,0.506,0.147,0.457,0.357,21952,22
813,3536,116,hr 2792,280000.0,-0.158,0.223,-0.135,0.123,21723,12
814,3537,116,hr 2795,1387000.0,-0.388,-0.092,-0.363,-0.147,21554,40
815,3538,116,hr 2796,250000.0,-0.426,-0.641,-0.382,-0.401,29588,72
816,3539,116,hr 2799,70000.0,-0.429,0.04,-0.383,-0.056,20757,22
817,3540,116,hr 280,250000.0,-0.438,0.042,-0.446,0.047,21352,24
818,3541,116,hr 2802,1229947.0,-0.43,-0.304,-0.461,-0.424,29710,62
819,3542,116,hr 2803,143000.0,-0.414,-0.116,-0.332,-0.155,29109,1
820,3543,116,hr 2808,0.0,-0.261,-0.099,-0.261,-0.138,21340,4
821,3544,116,hr 2809,141416.0,-0.677,-0.571,-0.749,-0.508,29778,71
822,3545,116,hr 281,1380000.0,-0.438,0.042,-0.446,0.047,21352,24
823,3546,116,hr 2810,439516.0,-0.526,-0.255,-0.483,-0.423,20537,25
824,3547,116,hr 2811,80000.0,-0.291,0.128,-0.307,-0.032,21740,71
825,3548,116,hr 2812,20000.0,-0.368,-0.006,-0.313,0.166,29741,12
826,3549,116,hr 2815,1450000.0,-0.25,0.049,-0.199,0.015,21311,71
827,3550,116,hr 2818,511416.0,0.283,0.022,0.161,0.147,14066,81
828,3551,116,hr 2820,440000.0,-0.469,-0.171,-0.538,-0.22,29317,71
829,3552,116,hr 2824,240000.0,-0.394,-0.329,-0.382,-0.148,20748,54
830,3553,116,hr 2825,1314916.0,-0.426,-0.641,-0.382,-0.401,29588,72
831,3554,116,hr 2827,2660000.0,-0.404,-0.158,-0.464,0.03,21529,23
832,3555,116,hr 2831,550000.0,0.422,0.311,0.429,0.355,21737,23
833,3556,116,hr 2834,30000.0,0.565,0.244,0.609,0.102,21544,47
834,3557,116,hr 2836,100000.0,-0.362,0.045,-0.368,0.042,21508,71
835,3558,116,hr 2839,806000.0,-0.389,-0.152,-0.377,-0.268,15612,13
836,3559,116,hr 2843,270000.0,-0.486,-0.072,-0.488,-0.077,21343,13
837,3560,116,hr 2848,160000.0,-0.421,0.328,-0.535,0.83,21536,12
838,3561,116,hr 2850,100000.0,-0.28,0.039,-0.271,-0.09,21540,13
839,3562,116,hr 2851,980000.0,-0.45,0.012,-0.526,0.207,39307,40
840,3563,116,hr 2852,3223236.0,-0.343,-0.141,-0.25,-0.196,29707,71
841,3564,116,hr 2854,1861405.0,-0.547,-0.35,-0.586,-0.417,29378,13
842,3565,116,hr 2859,792900.0,0.678,-0.735,0.879,-0.477,31102,51
843,3566,116,hr 2862,11754069.0,-0.29,0.457,-0.348,0.448,21962,73
844,3567,116,hr 2863,60000.0,-0.598,-0.263,-0.595,-0.214,20305,61
845,3568,116,hr 2864,30000.0,-0.426,-0.641,-0.382,-0.401,29588,72
846,3569,116,hr 2866,400000.0,-0.131,0.49,-0.131,0.49,21913,48
847,3570,116,hr 2869,370000.0,0.511,-0.109,0.49,-0.262,21189,25
848,3571,116,hr 2874,240000.0,-0.421,-0.206,-0.438,-0.114,21335,3
849,3572,116,hr 2878,550000.0,-0.217,-0.278,-0.179,0.016,21954,71
850,3573,116,hr 2881,5230000.0,-0.187,0.342,-0.165,0.429,21966,40
851,3574,116,hr 2887,320000.0,0.397,-0.129,0.331,-0.071,21539,13
852,3575,116,hr 2888,20000.0,-0.367,0.268,-0.337,0.364,21972,23
853,3576,116,hr 2889,1410000.0,0.457,0.319,0.322,0.604,21106,42
854,3577,116,hr 2891,0.0,-0.26,-0.08,-0.304,-0.306,29769,25
855,3578,116,hr 2895,6031864.0,-0.187,-0.14,-0.188,-0.21,21326,21
856,3579,116,hr 2896,9970726.25,-0.381,-0.41,-0.474,-0.535,20762,71
857,3580,116,hr 2897,160000.0,-0.398,0.143,-0.361,0.039,21548,14
858,3581,116,hr 2899,340000.0,0.469,-0.093,0.423,-0.079,21531,33
859,3582,116,hr 2902,197000.0,-0.468,0.016,-0.442,0.128,21545,47
860,3583,116,hr 2905,640000.0,-0.426,-0.641,-0.382,-0.401,29588,72
861,3584,116,hr 2906,1000000.0,-0.394,-0.004,-0.361,0.025,21309,71
862,3585,116,hr 2909,310000.0,-0.653,0.498,-0.402,0.253,21906,21
863,3586,116,hr 2918,35555.0,-0.598,-0.263,-0.595,-0.214,20305,61
864,3587,116,hr 292,770000.0,0.447,0.158,0.55,-0.024,21755,67
865,3588,116,hr 2923,10755762.99,-0.677,-0.571,-0.749,-0.508,29778,71
866,3589,116,hr 2927,30000.0,-0.526,-0.255,-0.483,-0.423,20537,25
867,3590,116,hr 2929,1225000.0,0.542,0.234,0.523,0.423,21355,53
868,3591,116,hr 293,5245000.0,-0.414,-0.116,-0.332,-0.155,29109,1
869,3592,116,hr 2930,1990000.0,-0.297,-0.955,-0.222,-0.975,21949,13
870,3593,116,hr 2933,260000.0,-0.531,-0.557,-0.593,-0.423,21370,25
871,3594,116,hr 2934,60000.0,-0.431,-0.127,-0.444,0.214,21996,95
872,3595,116,hr 2935,95000.0,0.638,-0.579,0.501,-0.374,14657,25
873,3596,116,hr 2939,40000.0,-0.449,-0.244,-0.377,-0.082,29903,71
874,3597,116,hr 2951,640000.0,-0.506,-0.106,-0.508,0.144,21703,71
875,3598,116,hr 2956,10000.0,0.341,0.263,0.335,-0.063,29323,71
876,3599,116,hr 2957,140000.0,0.61,0.25,0.571,0.368,21376,41
877,3600,116,hr 2960,8892542.0,-0.348,0.116,-0.262,-0.281,15029,24
878,3601,116,hr 2961,140000.0,-0.364,0.177,-0.355,0.556,20145,73
879,3602,116,hr 2965,0.0,-0.486,-0.26,-0.501,-0.499,29717,21
880,3603,116,hr 2967,243499.0,-0.486,-0.26,-0.501,-0.499,29717,21
881,3604,116,hr 2968,12173992.0,-0.402,0.244,-0.335,-0.127,15124,22
882,3605,116,hr 2975,889509.24,-0.489,-0.38,-0.494,-0.375,20955,71
883,3606,116,hr 2976,5010000.0,-0.489,-0.38,-0.494,-0.375,20955,71
884,3607,116,hr 2977,60000.0,-0.389,-0.262,-0.397,-0.19,21172,5
885,3608,116,hr 2985,210000.0,0.643,0.055,0.549,0.086,21750,32
886,3609,116,hr 2986,14702707.0,-0.233,-0.215,-0.18,0.147,20749,21
887,3610,116,hr 299,653236.0,-0.464,-0.292,-0.461,-0.075,21312,71
888,3611,116,hr 2993,0.0,0.373,0.41,0.296,0.475,21167,14
889,3612,116,hr 3,131563997.0,-0.404,-0.168,-0.154,-0.101,15454,12
890,3613,116,hr 30,120000.0,0.644,-0.406,0.557,0.195,20527,49
891,3614,116,hr 300,100000.0,0.623,0.177,0.617,0.354,20521,47
892,3615,116,hr 3006,30564029.0,-0.148,0.712,-0.205,0.196,29127,33
893,3616,116,hr 3011,9330000.0,-0.28,0.039,-0.271,-0.09,21540,13
894,3617,116,hr 3019,45000.0,0.283,0.022,0.161,0.147,14066,81
895,3618,116,hr 302,1040000.0,0.229,0.426,0.294,0.181,21992,92
896,3619,116,hr 3022,1160000.0,-0.408,-0.093,-0.41,-0.087,15603,13
897,3620,116,hr 3030,751000.0,-0.43,-0.304,-0.461,-0.424,29710,62
898,3621,116,hr 3031,300000.0,-0.489,-0.38,-0.494,-0.375,20955,71
899,3622,116,hr 3038,2798590.0,-0.225,0.266,-0.184,0.241,21964,12
900,3623,116,hr 3040,187780.0,-0.292,0.051,-0.271,0.012,21308,71
901,3624,116,hr 3051,10000.0,-0.147,0.644,-0.147,0.643,21980,12
902,3625,116,hr 3052,2965350.0,-0.417,-0.193,-0.424,-0.31,20122,33
903,3626,116,hr 3053,187666.24,-0.344,-0.155,-0.324,-0.093,21706,11
904,3627,116,hr 3055,51117699.0,-0.491,-0.377,-0.556,-0.278,29134,13
905,3628,116,hr 3061,250000.0,-0.584,-0.098,-0.524,-0.206,21110,71
906,3629,116,hr 3062,1938553.0,0.568,-0.185,0.546,0.348,20355,49
907,3630,116,hr 3063,90000.0,0.542,-0.137,0.602,-0.497,29550,24
908,3631,116,hr 3068,3610000.0,-0.331,-0.112,-0.345,-0.238,21140,3
909,3632,116,hr 3070,240000.0,-0.279,-0.045,-0.337,0.017,21525,3
910,3633,116,hr 3076,370000.0,-0.309,0.237,-0.249,0.354,21944,44
911,3634,116,hr 3077,18415961.5,-0.291,-0.189,-0.304,0.013,31101,73
912,3635,116,hr 3078,1190000.0,-0.336,0.559,-0.336,0.56,21960,71
913,3636,116,hr 3079,16129000.0,-0.409,-0.375,-0.452,-0.181,20750,6
914,3637,116,hr 3080,226000.0,-0.408,-0.093,-0.41,-0.087,15603,13
915,3638,116,hr 3081,45000.0,0.449,0.098,0.466,0.036,21901,36
916,3639,116,hr 3086,180000.0,-0.396,-0.412,-0.389,-0.36,21198,72
917,3640,116,hr 3089,0.0,-0.598,-0.263,-0.595,-0.214,20305,61
918,3641,116,hr 309,402000.0,-0.427,-0.529,-0.426,-0.432,21303,71
919,3642,116,hr 3104,294400.0,-0.389,-0.152,-0.377,-0.268,15612,13
920,3643,116,hr 3105,209625.0,-0.396,-0.412,-0.389,-0.36,21198,72
921,3644,116,hr 3107,24181549.02,-0.291,-0.189,-0.304,0.013,31101,73
922,3645,116,hr 3111,9670000.0,-0.547,-0.35,-0.586,-0.417,29378,13
923,3646,116,hr 3112,710000.0,-0.656,-0.079,-0.621,-0.518,29106,71
924,3647,116,hr 3114,0.0,-0.589,-0.221,-0.541,-0.193,15431,44
925,3648,116,hr 3116,60000.0,0.294,0.156,0.432,-0.058,21701,35
926,3649,116,hr 3117,141416.0,-0.468,0.016,-0.442,0.128,21545,47
927,3650,116,hr 312,260000.0,-0.331,-0.112,-0.345,-0.238,21140,3
928,3651,116,hr 3121,610000.0,-0.489,-0.38,-0.494,-0.375,20955,71
929,3652,116,hr 3125,710000.0,-0.342,0.029,-0.328,-0.096,20706,1
930,3653,116,hr 3126,170000.0,-0.523,-0.374,-0.491,-0.269,21504,71
931,3654,116,hr 3127,353000.0,-0.402,-0.322,-0.329,-0.336,29571,49
932,3655,116,hr 3128,423434.0,-0.429,0.075,-0.483,-0.013,21502,61
933,3656,116,hr 3129,190000.0,-0.542,-0.304,-0.611,0.005,21754,71
934,3657,116,hr 3131,2050000.0,-0.646,-0.464,-0.702,-0.159,21726,73
935,3658,116,hr 3136,2040000.0,-0.435,-0.147,-0.426,-0.257,20538,71
936,3659,116,hr 3141,222368.0,-0.279,0.181,-0.235,0.073,21953,33
937,3660,116,hr 3142,580000.0,0.377,0.386,0.352,0.275,20301,41
938,3661,116,hr 3145,9180000.0,-0.603,-0.275,-0.531,-0.473,29911,21
939,3662,116,hr 3146,170000.0,-0.304,0.168,-0.201,0.286,20321,44
940,3663,116,hr 315,50000.0,0.458,0.219,0.428,0.056,21562,21
941,3664,116,hr 3150,10000.0,0.549,0.079,0.549,0.079,21982,32
942,3665,116,hr 3151,7250308.0,-0.589,-0.221,-0.541,-0.193,15431,44
943,3666,116,hr 3157,5401416.0,-0.373,-0.176,-0.41,-0.089,21372,23
944,3667,116,hr 316,10000.0,0.538,0.026,0.57,0.188,21302,71
945,3668,116,hr 3160,890000.0,-0.198,0.18,-0.167,0.128,21739,61
946,3669,116,hr 3162,4384000.0,0.432,0.109,0.442,0.264,20535,73
947,3670,116,hr 3163,3445000.0,-0.343,-0.03,-0.173,0.09,15438,47
948,3671,116,hr 3164,26000738.0,-0.285,0.454,-0.381,0.452,29339,44
949,3672,116,hr 3165,530000.0,-0.217,-0.278,-0.179,0.016,21954,71
950,3673,116,hr 3167,23015604.0,-0.656,-0.079,-0.621,-0.518,29106,71
951,3674,116,hr 317,150000.0,0.538,0.026,0.57,0.188,21302,71
952,3675,116,hr 3170,130000.0,-0.603,-0.275,-0.531,-0.473,29911,21
953,3676,116,hr 3172,70000.0,-0.394,-0.004,-0.361,0.025,21309,71
954,3677,116,hr 3179,370000.0,-0.394,-0.329,-0.382,-0.148,20748,54
955,3678,116,hr 3180,225180.0,-0.486,-0.26,-0.501,-0.499,29717,21
956,3679,116,hr 3182,7380000.0,-0.382,0.74,-0.363,0.642,21722,49
957,3680,116,hr 3183,100000.0,0.462,0.139,0.474,0.111,21935,37
958,3681,116,hr 3192,180000.0,-0.285,0.229,-0.275,0.357,21711,71
959,3682,116,hr 3193,80000.0,-0.309,-0.095,-0.466,-0.129,20958,71
960,3683,116,hr 3195,1874523.0,-0.147,0.644,-0.147,0.643,21980,12
961,3684,116,hr 3197,360000.0,-0.464,-0.292,-0.461,-0.075,21312,71
962,3685,116,hr 3199,2240000.0,-0.486,-0.072,-0.488,-0.077,21343,13
963,3686,116,hr 3203,165000.0,-0.401,-0.078,-0.364,-0.004,20959,43
964,3687,116,hr 3208,190000.0,-0.375,0.114,-0.367,0.25,20136,5
965,3688,116,hr 3211,330000.0,-0.187,-0.03,-0.161,-0.159,21315,71
966,3689,116,hr 3213,60000.0,0.486,0.024,0.495,-0.239,20947,54
967,3690,116,hr 3214,1520000.0,-0.35,-0.133,-0.295,-0.173,20104,71
968,3691,116,hr 3215,410000.0,-0.352,0.021,-0.351,0.018,21963,43
969,3692,116,hr 3219,200000.0,0.3,0.178,0.254,0.18,21188,56
970,3693,116,hr 322,1230000.0,-0.677,-0.571,-0.749,-0.508,29778,71
971,3694,116,hr 3220,0.0,-0.42,-0.361,-0.468,-0.318,20920,2
972,3695,116,hr 3221,231000.0,-0.343,-0.113,-0.372,-0.031,21931,1
973,3696,116,hr 3222,201416.0,-0.489,-0.38,-0.494,-0.375,20955,71
974,3697,116,hr 3223,6160600.0,0.589,0.171,0.494,0.197,21734,32
975,3698,116,hr 3225,266287.0,-0.353,0.176,-0.353,0.124,21939,71
976,3699,116,hr 3226,3320000.0,-0.336,0.251,-0.273,0.398,21937,12
977,3700,116,hr 3234,120000.0,-0.375,0.114,-0.367,0.25,20136,5
978,3701,116,hr 3235,2623590.0,-0.276,-0.027,-0.337,-0.24,20720,31
979,3702,116,hr 3239,120000.0,-0.25,0.049,-0.199,0.015,21311,71
980,3703,116,hr 3240,230000.0,-0.603,-0.275,-0.531,-0.473,29911,21
981,3704,116,hr 3248,3714231.0,-0.368,-0.006,-0.313,0.166,29741,12
982,3705,116,hr 3249,14024560.0,-0.393,0.068,-0.404,0.328,29901,71
983,3706,116,hr 3250,723205.0,-0.486,-0.26,-0.501,-0.499,29717,21
984,3707,116,hr 3253,940000.0,-0.404,-0.158,-0.464,0.03,21529,23
985,3708,116,hr 3255,1160000.0,0.501,0.14,0.51,-0.047,20725,23
986,3709,116,hr 3256,13536387.0,-0.486,0.332,-0.469,0.299,21137,45
987,3710,116,hr 3258,170000.0,0.419,-0.017,0.356,0.071,20758,43
988,3711,116,hr 3259,650000.0,-0.426,-0.641,-0.382,-0.401,29588,72
989,3712,116,hr 3262,1850000.0,0.178,-0.173,0.058,-0.35,14863,12
990,3713,116,hr 3265,120000.0,-0.401,-0.078,-0.364,-0.004,20959,43
991,3714,116,hr 3266,2260000.0,-0.447,0.894,-0.445,0.84,21919,49
992,3715,116,hr 3267,140000.0,-0.581,0.14,-0.589,-0.271,20941,24
993,3716,116,hr 327,2280000.0,-0.374,-0.23,-0.324,-0.494,21507,71
994,3717,116,hr 3274,150000.0,-0.348,0.138,-0.348,0.043,21339,65
995,3718,116,hr 3276,240000.0,-0.421,-0.206,-0.438,-0.114,21335,3
996,3719,116,hr 3278,110000.0,-0.276,-0.027,-0.337,-0.24,20720,31
997,3720,116,hr 3279,5760000.0,-0.387,-0.285,-0.357,-0.56,29379,13
998,3721,116,hr 3285,90000.0,-0.521,-0.247,-0.552,-0.183,21741,52
999,3722,116,hr 3293,140000.0,-0.408,-0.093,-0.41,-0.087,15603,13
1000,3723,116,hr 3298,840000.0,-0.486,-0.26,-0.501,-0.499,29717,21
1001,3724,116,hr 33,30000.0,-0.479,-0.203,-0.581,-0.292,29346,21
1002,3725,116,hr 330,11550000.0,-0.374,-0.23,-0.324,-0.494,21507,71
1003,3726,116,hr 3300,4435000.0,-0.417,-0.105,-0.328,-0.235,15616,3
1004,3727,116,hr 3301,30612341.0,-0.393,0.068,-0.404,0.328,29901,71
1005,3728,116,hr 3302,601000.0,-0.224,0.501,-0.224,0.501,21918,31
1006,3729,116,hr 3303,160000.0,-0.43,-0.304,-0.461,-0.424,29710,62
1007,3730,116,hr 3306,10500227.0,-0.206,0.426,-0.177,0.381,21941,40
1008,3731,116,hr 331,515000.0,-0.374,-0.23,-0.324,-0.494,21507,71
1009,3732,116,hr 3316,4007672.0,-0.348,-0.032,-0.296,0.084,20519,13
1010,3733,116,hr 3319,114930.0,0.637,0.273,0.542,0.384,21561,46
1011,3734,116,hr 3322,280000.0,-0.276,-0.027,-0.337,-0.24,20720,31
1012,3735,116,hr 3323,185000.0,-0.387,-0.285,-0.357,-0.56,29379,13
1013,3736,116,hr 3324,80000.0,0.462,-0.357,0.333,-0.137,21735,43
1014,3737,116,hr 3328,23472.0,-0.362,0.045,-0.368,0.042,21508,71
1015,3738,116,hr 3330,3290000.0,0.704,-0.365,0.73,-0.308,21317,43
1016,3739,116,hr 3334,370000.0,-0.261,-0.099,-0.261,-0.138,21340,4
1017,3740,116,hr 335,360000.0,0.462,-0.357,0.333,-0.137,21735,43
1018,3741,116,hr 3351,13147681.0,-0.324,-0.257,-0.306,-0.459,20954,21
1019,3742,116,hr 3352,320000.0,-0.408,-0.093,-0.41,-0.087,15603,13
1020,3743,116,hr 3355,5899662.0,-0.431,-0.901,-0.459,-0.784,21921,21
1021,3744,116,hr 3358,630000.0,0.626,-0.309,0.531,0.062,21724,45
1022,3745,116,hr 3366,551416.0,-0.293,-0.956,-0.278,-0.961,21950,33
1023,3746,116,hr 3369,340000.0,-0.352,0.021,-0.351,0.018,21963,43
1024,3747,116,hr 337,160000.0,-0.381,-0.017,-0.393,-0.136,21736,40
1025,3748,116,hr 3375,5730500.0,-0.404,-0.168,-0.154,-0.101,15454,12
1026,3749,116,hr 3378,141416.0,-0.343,-0.103,-0.329,-0.301,20108,71
1027,3750,116,hr 3379,2130000.0,-0.603,-0.275,-0.531,-0.473,29911,21
1028,3751,116,hr 3383,143641.0,-0.353,-0.005,-0.434,0.001,21358,14
1029,3752,116,hr 3388,470000.0,-0.523,-0.374,-0.491,-0.269,21504,71
1030,3753,116,hr 3389,0.0,-0.408,-0.093,-0.41,-0.087,15603,13
1031,3754,116,hr 3391,280000.0,-0.427,-0.529,-0.426,-0.432,21303,71
1032,3755,116,hr 3394,72500.0,-0.469,-0.171,-0.538,-0.22,29317,71
1033,3756,116,hr 3396,40000.0,0.638,-0.579,0.501,-0.374,14657,25
1034,3757,116,hr 3398,212332.0,-0.486,-0.26,-0.501,-0.499,29717,21
1035,3758,116,hr 3399,90000.0,-0.363,0.598,-0.386,0.763,21930,71
1036,3759,116,hr 34,4375000.0,-0.485,0.198,-0.528,0.362,39305,49
1037,3760,116,hr 3401,390000.0,-0.389,-0.152,-0.377,-0.268,15612,13
1038,3761,116,hr 3403,10000.0,0.654,-0.757,0.821,-0.571,21143,23
1039,3762,116,hr 3404,120000.0,-0.359,0.298,-0.413,0.493,21983,40
1040,3763,116,hr 3405,380000.0,-0.598,-0.263,-0.595,-0.214,20305,61
1041,3764,116,hr 3407,690000.0,-0.656,-0.079,-0.621,-0.518,29106,71
1042,3765,116,hr 3408,50000.0,0.642,0.003,0.549,0.118,21700,49
1043,3766,116,hr 3409,20311000.0,-0.427,-0.002,-0.323,-0.655,15410,72
1044,3767,116,hr 3414,7748000.0,-0.187,-0.14,-0.188,-0.21,21326,21
1045,3768,116,hr 3415,50000.0,-0.324,0.749,-0.3,0.776,21965,23
1046,3769,116,hr 3416,723000.0,-0.397,0.399,-0.364,0.329,21102,41
1047,3770,116,hr 3417,9501563.0,-0.417,-0.105,-0.328,-0.235,15616,3
1048,3771,116,hr 3418,290000.0,-0.489,-0.38,-0.494,-0.375,20955,71
1049,3772,116,hr 342,170000.0,0.531,-0.352,0.386,0.03,20909,43
1050,3773,116,hr 3422,31000.0,0.599,-0.226,0.591,-0.236,21559,25
1051,3774,116,hr 3425,230000.0,-0.26,-0.08,-0.304,-0.306,29769,25
1052,3775,116,hr 3427,1770000.0,0.501,-0.494,0.566,-0.3,21742,43
1053,3776,116,hr 3429,1660000.0,-0.397,0.399,-0.364,0.329,21102,41
1054,3777,116,hr 3432,35262000.0,-0.479,-0.203,-0.581,-0.292,29346,21
1055,3778,116,hr 3433,1750000.0,-0.397,-0.045,-0.367,-0.132,29908,1
1056,3779,116,hr 3436,4106000.0,-0.291,-0.189,-0.304,0.013,31101,73
1057,3780,116,hr 3437,90000.0,-0.468,0.016,-0.442,0.128,21545,47
1058,3781,116,hr 3439,430000.0,-0.388,-0.092,-0.363,-0.147,21554,40
1059,3782,116,hr 344,283375.0,0.377,0.386,0.352,0.275,20301,41
1060,3783,116,hr 3441,45000.0,-0.394,-0.329,-0.382,-0.148,20748,54
1061,3784,116,hr 3443,160000.0,-0.43,-0.304,-0.461,-0.424,29710,62
1062,3785,116,hr 3444,0.0,-0.523,-0.374,-0.491,-0.269,21504,71
1063,3786,116,hr 3446,1510000.0,0.259,-0.03,0.379,-0.349,29375,13
1064,3787,116,hr 3447,265000.0,-0.435,-0.147,-0.426,-0.257,20538,71
1065,3788,116,hr 3450,100000.0,0.8,-0.6,0.919,-0.395,21961,49
1066,3789,116,hr 3458,748725.0,0.537,0.105,0.504,0.274,20357,67
1067,3790,116,hr 3459,2344000.0,-0.309,-0.095,-0.466,-0.129,20958,71
1068,3791,116,hr 3460,50000.0,0.178,-0.173,0.058,-0.35,14863,12
1069,3792,116,hr 3461,800000.0,-0.508,-0.135,-0.504,-0.204,20310,71
1070,3793,116,hr 3462,2820000.0,0.419,-0.017,0.356,0.071,20758,43
1071,3794,116,hr 3463,7967000.0,-0.353,-0.005,-0.434,0.001,21358,14
1072,3795,116,hr 3465,20000.0,-0.449,-0.244,-0.377,-0.082,29903,71
1073,3796,116,hr 3466,3340000.0,0.643,0.055,0.549,0.086,21750,32
1074,3797,116,hr 3467,70000.0,-0.312,-0.128,-0.323,-0.139,21369,73
1075,3798,116,hr 3471,100000.0,0.431,0.085,0.423,0.06,21751,64
1076,3799,116,hr 3473,3450500.0,-0.375,0.114,-0.367,0.25,20136,5
1077,3800,116,hr 3475,3500000.0,-0.435,-0.147,-0.426,-0.257,20538,71
1078,3801,116,hr 3477,1160000.0,-0.161,0.123,-0.152,0.017,21738,43
1079,3802,116,hr 3478,140000.0,-0.392,-0.221,-0.466,-0.463,21948,62
1080,3803,116,hr 3479,543542.0,-0.392,-0.221,-0.466,-0.463,21948,62
1081,3804,116,hr 3481,390000.0,-0.52,-0.098,-0.43,-0.374,31103,12
1082,3805,116,hr 3485,263641.0,-0.381,-0.41,-0.474,-0.535,20762,71
1083,3806,116,hr 3487,710000.0,-0.464,-0.292,-0.461,-0.075,21312,71
1084,3807,116,hr 3489,287500.0,-0.307,0.179,-0.268,-0.038,21978,52
1085,3808,116,hr 3490,430000.0,-0.547,-0.35,-0.586,-0.417,29378,13
1086,3809,116,hr 3494,4730000.0,-0.35,-0.133,-0.295,-0.173,20104,71
1087,3810,116,hr 3495,400000.0,0.435,0.08,0.427,0.032,21704,23
1088,3811,116,hr 3496,125180.0,-0.261,-0.099,-0.261,-0.138,21340,4
1089,3812,116,hr 3497,2945000.0,-0.486,0.332,-0.469,0.299,21137,45
1090,3813,116,hr 3502,20228316.0,-0.25,0.049,-0.199,0.015,21311,71
1091,3814,116,hr 3504,1050236.0,0.419,-0.017,0.356,0.071,20758,43
1092,3815,116,hr 3505,160000.0,-0.344,-0.063,-0.342,-0.171,21707,52
1093,3816,116,hr 3507,120000.0,-0.486,-0.26,-0.501,-0.499,29717,21
1094,3817,116,hr 3508,250000.0,0.439,0.012,0.566,0.079,21720,25
1095,3818,116,hr 3510,120000.0,-0.363,0.598,-0.386,0.763,21930,71
1096,3819,116,hr 3512,1120000.0,-0.236,0.307,-0.308,0.436,21938,65
1097,3820,116,hr 3522,780000.0,0.501,0.14,0.51,-0.047,20725,23
1098,3821,116,hr 3528,1485000.0,-0.227,0.176,-0.294,0.3,20508,21
1099,3822,116,hr 3531,0.0,0.447,0.166,0.412,0.157,20124,34
1100,3823,116,hr 3534,180000.0,-0.479,-0.203,-0.581,-0.292,29346,21
1101,3824,116,hr 3538,1139600.0,-0.397,0.399,-0.364,0.329,21102,41
1102,3825,116,hr 3539,1120000.0,0.597,0.216,0.522,0.136,21717,44
1103,3826,116,hr 3545,92000.0,-0.388,-0.092,-0.363,-0.147,21554,40
1104,3827,116,hr 3548,20000.0,-0.396,-0.412,-0.389,-0.36,21198,72
1105,3828,116,hr 3559,320000.0,-0.587,-0.211,-0.623,-0.046,21715,13
1106,3829,116,hr 3561,11081000.0,-0.233,-0.215,-0.18,0.147,20749,21
1107,3830,116,hr 3562,100000.0,-0.581,0.14,-0.589,-0.271,20941,24
1108,3831,116,hr 3564,3984000.0,0.699,-0.493,0.507,-0.069,21103,61
1109,3832,116,hr 3570,780000.0,-0.374,-0.23,-0.324,-0.494,21507,71
1110,3833,116,hr 3575,2860000.0,-0.368,0.012,-0.398,0.114,20932,66
1111,3834,116,hr 3576,60000.0,-0.349,0.036,-0.393,0.173,20119,3
1112,3835,116,hr 3578,114000.0,-0.376,-0.218,-0.381,-0.133,21342,13
1113,3836,116,hr 3579,50000.0,-0.376,-0.218,-0.381,-0.133,21342,13
1114,3837,116,hr 358,4700241.0,-0.404,0.047,-0.383,0.166,21314,71
1115,3838,116,hr 3580,385000.0,0.846,-0.365,0.693,-0.246,21753,48
1116,3839,116,hr 3584,80000.0,-0.187,-0.03,-0.161,-0.159,21315,71
1117,3840,116,hr 3586,7316000.0,-0.182,0.054,-0.263,0.059,20944,72
1118,3841,116,hr 359,9689820.0,-0.263,-0.159,-0.185,-0.013,20702,71
1119,3842,116,hr 3590,889286.0,-0.288,-0.958,-0.255,-0.967,21975,23
1120,3843,116,hr 3593,15786700.0,-0.402,0.208,-0.411,0.264,20343,24
1121,3844,116,hr 3594,2657500.0,0.8,-0.6,0.919,-0.395,21961,49
1122,3845,116,hr 3596,20000.0,-0.42,-0.361,-0.468,-0.318,20920,2
1123,3846,116,hr 3597,4570000.0,-0.069,0.294,-0.069,0.294,21943,67
1124,3847,116,hr 3598,131857.0,-0.143,0.212,-0.09,0.021,21756,14
1125,3848,116,hr 3599,120000.0,-0.468,0.016,-0.442,0.128,21545,47
1126,3849,116,hr 36,1439000.0,-0.485,0.198,-0.528,0.362,39305,49
1127,3850,116,hr 360,13205338.0,0.51,0.279,0.489,0.258,20755,24
1128,3851,116,hr 3600,7740000.0,-0.311,-0.009,-0.296,-0.06,21368,73
1129,3852,116,hr 3605,380000.0,-0.603,-0.275,-0.531,-0.473,29911,21
1130,3853,116,hr 3607,4040000.0,-0.403,0.337,-0.423,0.287,21365,49
1131,3854,116,hr 3609,6710000.0,-0.415,-0.268,-0.403,-0.061,20934,13
1132,3855,116,hr 3613,20000.0,0.419,-0.017,0.356,0.071,20758,43
1133,3856,116,hr 3614,1430000.0,-0.26,0.076,-0.254,0.082,21732,43
1134,3857,116,hr 3616,204042.0,-0.241,0.354,-0.299,0.322,21951,4
1135,3858,116,hr 3617,70000.0,0.531,-0.352,0.386,0.03,20909,43
1136,3859,116,hr 3618,2800000.0,-0.438,0.042,-0.446,0.047,21352,24
1137,3860,116,hr 3619,2480000.0,-0.481,-0.078,-0.477,-0.023,20147,34
1138,3861,116,hr 362,6815097.0,-0.479,-0.203,-0.581,-0.292,29346,21
1139,3862,116,hr 3620,2048308.0,-0.481,-0.078,-0.477,-0.023,20147,34
1140,3863,116,hr 3621,8701654.0,-0.349,-0.937,-0.29,-0.957,21955,3
1141,3864,116,hr 3622,1750000.0,-0.288,-0.958,-0.255,-0.967,21975,23
1142,3865,116,hr 3623,5760000.0,-0.653,0.498,-0.402,0.253,21906,21
1143,3866,116,hr 3624,5100000.0,-0.25,0.528,-0.239,0.568,21902,31
1144,3867,116,hr 3625,11520000.0,-0.791,0.456,-0.726,0.555,21922,49
1145,3868,116,hr 3628,213641.0,-0.517,0.395,-0.512,0.21,29368,46
1146,3869,116,hr 3629,6090000.0,-0.349,0.036,-0.393,0.173,20119,3
1147,3870,116,hr 3630,72570712.0,-0.404,-0.168,-0.154,-0.101,15454,12
1148,3871,116,hr 3631,500000.0,-0.36,0.166,-0.382,0.161,21746,43
1149,3872,116,hr 3632,20717000.0,-0.427,-0.002,-0.323,-0.655,15410,72
1150,3873,116,hr 3633,920000.0,-0.466,-0.024,-0.45,0.005,21371,21
1151,3874,116,hr 3635,1485000.0,-0.398,0.143,-0.361,0.039,21548,14
1152,3875,116,hr 3637,1497947.0,-0.479,-0.203,-0.581,-0.292,29346,21
1153,3876,116,hr 3642,3200000.0,-0.468,0.016,-0.442,0.128,21545,47
1154,3877,116,hr 3644,3210000.0,0.568,-0.185,0.546,0.348,20355,49
1155,3878,116,hr 3647,0.0,-0.343,0.478,-0.344,0.479,21909,71
1156,3879,116,hr 3651,156287.0,0.304,-0.061,0.32,0.158,20518,35
1157,3880,116,hr 3654,473375.0,-0.348,-0.032,-0.296,0.084,20519,13
1158,3881,116,hr 3656,1235292.0,0.526,0.175,0.699,0.269,21346,47
1159,3882,116,hr 3662,710000.0,-0.309,0.237,-0.249,0.354,21944,44
1160,3883,116,hr 3666,39745000.0,0.3,0.269,0.271,0.162,21163,24
1161,3884,116,hr 3668,2690000.0,-0.489,-0.38,-0.494,-0.375,20955,71
1162,3885,116,hr 367,20000.0,-0.427,-0.002,-0.323,-0.655,15410,72
1163,3886,116,hr 3671,660000.0,0.449,0.098,0.466,0.036,21901,36
1164,3887,116,hr 3672,315000.0,-0.154,0.567,-0.154,0.568,21904,13
1165,3888,116,hr 3676,190000.0,-0.503,-0.257,-0.613,-0.144,21728,71
1166,3889,116,hr 3691,1130000.0,-0.301,-0.195,-0.244,0.111,20927,65
1167,3890,116,hr 3693,6810000.0,-0.608,-0.194,-0.525,-0.427,21538,12
1168,3891,116,hr 3695,80000.0,0.572,0.293,0.604,0.325,21182,49
1169,3892,116,hr 3696,400000.0,0.572,0.293,0.604,0.325,21182,49
1170,3893,116,hr 3697,40000.0,0.283,0.022,0.161,0.147,14066,81
1171,3894,116,hr 3699,7690000.0,-0.453,0.009,-0.43,0.017,20517,34
1172,3895,116,hr 370,6730000.0,0.32,-0.355,0.366,-0.621,15446,23
1173,3896,116,hr 3700,180000.0,0.528,0.266,0.557,0.238,21351,24
1174,3897,116,hr 3701,1080000.0,-0.382,0.74,-0.363,0.642,21722,49
1175,3898,116,hr 3702,6693778.0,-0.443,0.29,-0.432,0.291,20529,49
1176,3899,116,hr 3703,150000.0,0.537,0.105,0.504,0.274,20357,67
1177,3900,116,hr 3705,1845000.0,0.676,-0.459,0.601,-0.072,21356,14
1178,3901,116,hr 3708,15512500.0,-0.426,-0.641,-0.382,-0.401,29588,72
1179,3902,116,hr 3709,2810000.0,-0.426,-0.641,-0.382,-0.401,29588,72
1180,3903,116,hr 3711,140000.0,-0.489,-0.38,-0.494,-0.375,20955,71
1181,3904,116,hr 3718,141416.0,-0.343,-0.113,-0.372,-0.031,21931,1
1182,3905,116,hr 3719,160000.0,0.626,-0.309,0.531,0.062,21724,45
1183,3906,116,hr 3723,270000.0,-0.353,0.176,-0.353,0.124,21939,71
1184,3907,116,hr 3734,60000.0,-0.272,0.273,-0.25,0.206,21914,32
1185,3908,116,hr 3740,310000.0,0.457,0.319,0.322,0.604,21106,42
1186,3909,116,hr 3742,2518555.0,-0.404,-0.158,-0.464,0.03,21529,23
1187,3910,116,hr 3744,3074240.0,-0.26,-0.08,-0.304,-0.306,29769,25
1188,3911,116,hr 3749,120000.0,-0.291,0.128,-0.307,-0.032,21740,71
1189,3912,116,hr 375,810000.0,0.324,0.4,0.396,-0.055,20344,53
1190,3913,116,hr 3753,220000.0,-0.158,0.223,-0.135,0.123,21723,12
1191,3914,116,hr 3758,80000.0,0.279,0.17,0.33,0.008,21328,21
1192,3915,116,hr 3760,170000.0,-0.646,-0.464,-0.702,-0.159,21726,73
1193,3916,116,hr 3762,4900000.0,-0.276,-0.027,-0.337,-0.24,20720,31
1194,3917,116,hr 3766,30000.0,-0.485,0.198,-0.528,0.362,39305,49
1195,3918,116,hr 3768,30000.0,0.63,-0.079,0.709,-0.103,21708,47
1196,3919,116,hr 377,120000.0,0.284,0.141,0.499,-0.312,20316,43
1197,3920,116,hr 3771,10560000.0,-0.182,0.054,-0.263,0.059,20944,72
1198,3921,116,hr 3772,22889900.0,-0.187,-0.03,-0.161,-0.159,21315,71
1199,3922,116,hr 3773,3300301.0,-0.473,-0.024,-0.48,-0.058,20712,44
1200,3923,116,hr 3774,230000.0,0.448,0.622,0.427,0.668,21903,22
1201,3924,116,hr 3779,6250000.0,-0.275,0.658,-0.311,0.708,21910,33
1202,3925,116,hr 378,400000.0,-0.404,-0.158,-0.464,0.03,21529,23
1203,3926,116,hr 3781,2323888.0,-0.431,-0.901,-0.459,-0.784,21921,21
1204,3927,116,hr 3784,440000.0,-0.392,-0.221,-0.466,-0.463,21948,62
1205,3928,116,hr 3787,200000.0,0.676,-0.459,0.601,-0.072,21356,14
1206,3929,116,hr 3791,1410000.0,0.678,-0.735,0.879,-0.477,31102,51
1207,3930,116,hr 3794,3929669.0,0.699,-0.493,0.507,-0.069,21103,61
1208,3931,116,hr 3795,15000.0,-0.584,-0.098,-0.524,-0.206,21110,71
1209,3932,116,hr 3796,2605000.0,-0.239,0.014,-0.202,-0.108,21304,71
1210,3933,116,hr 3797,598500.0,-0.426,-0.641,-0.382,-0.401,29588,72
1211,3934,116,hr 3798,40039.87,-0.292,0.051,-0.271,0.012,21308,71
1212,3935,116,hr 380,1070000.0,0.599,-0.226,0.591,-0.236,21559,25
1213,3936,116,hr 3809,443273.0,-0.26,0.076,-0.254,0.082,21732,43
1214,3937,116,hr 3811,1350000.0,-0.435,-0.147,-0.426,-0.257,20538,71
1215,3938,116,hr 3814,390000.0,-0.486,0.332,-0.469,0.299,21137,45
1216,3939,116,hr 3817,69500.0,-0.547,-0.35,-0.586,-0.417,29378,13
1217,3940,116,hr 3819,1870000.0,-0.578,0.449,-0.552,0.641,21979,21
1218,3941,116,hr 3821,720000.0,0.529,0.129,0.684,0.266,20522,47
1219,3942,116,hr 3824,0.0,0.384,0.032,0.279,0.374,21519,21
1220,3943,116,hr 3826,160000.0,0.486,0.024,0.495,-0.239,20947,54
1221,3944,116,hr 3827,131857.0,-0.403,-0.068,-0.387,0.109,21362,49
1222,3945,116,hr 3828,2953857.0,0.431,0.266,0.397,0.364,21911,49
1223,3946,116,hr 3829,2375000.0,-0.309,-0.095,-0.466,-0.129,20958,71
1224,3947,116,hr 383,160000.0,0.256,0.3,0.246,0.23,21353,24
1225,3948,116,hr 3830,250000.0,0.501,0.14,0.51,-0.047,20725,23
1226,3949,116,hr 3832,455115.58,-0.388,-0.092,-0.363,-0.147,21554,40
1227,3950,116,hr 3833,410000.0,-0.396,-0.412,-0.389,-0.36,21198,72
1228,3951,116,hr 3836,2620000.0,-0.38,-0.397,-0.412,-0.405,29312,71
1229,3952,116,hr 3843,2505000.0,-0.331,-0.112,-0.345,-0.238,21140,3
1230,3953,116,hr 3846,522031.58,-0.368,0.012,-0.398,0.114,20932,66
1231,3954,116,hr 3848,1899662.0,-0.531,-0.557,-0.593,-0.423,21370,25
1232,3955,116,hr 3849,113200.0,-0.469,-0.171,-0.538,-0.22,29317,71
1233,3956,116,hr 3851,2970000.0,-0.409,-0.375,-0.452,-0.181,20750,6
1234,3957,116,hr 386,0.0,0.668,0.231,0.732,0.048,20704,62
1235,3958,116,hr 3861,331203.0,0.662,-0.383,0.678,-0.311,21905,54
1236,3959,116,hr 3872,170000.0,-0.404,-0.168,-0.154,-0.101,15454,12
1237,3960,116,hr 3874,141441.0,-0.301,-0.195,-0.244,0.111,20927,65
1238,3961,116,hr 3876,100000.0,-0.45,0.012,-0.526,0.207,39307,40
1239,3962,116,hr 3877,785000.0,-0.378,-0.275,-0.34,-0.134,20723,51
1240,3963,116,hr 3878,1637746.0,0.3,0.178,0.254,0.18,21188,56
1241,3964,116,hr 3879,709462.0,-0.332,-0.233,-0.324,-0.226,21928,66
1242,3965,116,hr 388,2400000.0,0.682,-0.007,0.668,-0.097,21515,44
1243,3966,116,hr 3880,50000.0,-0.233,0.277,-0.216,0.2,21916,13
1244,3967,116,hr 3882,40000.0,-0.381,-0.41,-0.474,-0.535,20762,71
1245,3968,116,hr 3884,4996894.0,-0.508,-0.484,-0.627,-0.549,29377,13
1246,3969,116,hr 3886,13200000.0,-0.069,0.294,-0.069,0.294,21943,67
1247,3970,116,hr 3887,410000.0,-0.465,0.25,-0.466,0.283,39301,48
1248,3971,116,hr 3888,5377107.65,0.432,0.109,0.442,0.264,20535,73
1249,3972,116,hr 389,80000.0,-0.349,0.036,-0.393,0.173,20119,3
1250,3973,116,hr 3890,5377107.65,0.383,0.372,0.399,0.271,21132,22
1251,3974,116,hr 3895,40000.0,-0.404,0.047,-0.383,0.166,21314,71
1252,3975,116,hr 3896,2331091.0,-0.227,0.176,-0.294,0.3,20508,21
1253,3976,116,hr 3905,0.0,-0.348,-0.032,-0.296,0.084,20519,13
1254,3977,116,hr 3911,2715925.0,-0.589,-0.221,-0.541,-0.193,15431,44
1255,3978,116,hr 3912,6596500.0,-0.589,-0.221,-0.541,-0.193,15431,44
1256,3979,116,hr 3915,2620000.0,0.36,0.449,0.401,0.135,29393,53
1257,3980,116,hr 392,90000.0,-0.349,0.036,-0.393,0.173,20119,3
1258,3981,116,hr 3925,60000.0,-0.415,-0.268,-0.403,-0.061,20934,13
1259,3982,116,hr 3927,110000.0,0.3,0.178,0.254,0.18,21188,56
1260,3983,116,hr 3928,90000.0,0.476,-0.018,0.478,-0.026,21957,40
1261,3984,116,hr 3929,70000.0,-0.603,-0.275,-0.531,-0.473,29911,21
1262,3985,116,hr 393,10000.0,-0.349,0.036,-0.393,0.173,20119,3
1263,3986,116,hr 3930,90000.0,0.52,0.239,0.482,0.306,29760,49
1264,3987,116,hr 3931,1810000.0,-0.469,-0.171,-0.538,-0.22,29317,71
1265,3988,116,hr 3934,378000.0,0.52,0.239,0.482,0.306,29760,49
1266,3989,116,hr 3935,969062.0,0.562,0.314,0.551,0.272,21513,44
1267,3990,116,hr 3941,12414000.0,-0.306,-0.038,-0.282,0.277,20952,40
1268,3991,116,hr 3942,6520000.0,-0.414,-0.116,-0.332,-0.155,29109,1
1269,3992,116,hr 3948,224600.0,-0.415,-0.072,-0.575,-0.416,29776,13
1270,3993,116,hr 3951,1870000.0,-0.349,-0.937,-0.29,-0.957,21955,3
1271,3994,116,hr 3956,3100000.0,-0.409,-0.375,-0.452,-0.181,20750,6
1272,3995,116,hr 3957,80000.0,-0.404,0.184,-0.254,0.032,20340,47
1273,3996,116,hr 3959,760000.0,-0.394,-0.329,-0.382,-0.148,20748,54
1274,3997,116,hr 3960,380000.0,-0.538,-0.323,-0.47,-0.401,29729,3
1275,3998,116,hr 3961,5719240.0,-0.393,0.068,-0.404,0.328,29901,71
1276,3999,116,hr 3962,22319007.0,-0.409,-0.375,-0.452,-0.181,20750,6
1277,4000,116,hr 3967,3690000.0,-0.397,0.399,-0.364,0.329,21102,41
1278,4001,116,hr 3969,825000.0,-0.396,-0.412,-0.389,-0.36,21198,72
1279,4002,116,hr 397,18436334.0,-0.417,-0.105,-0.328,-0.235,15616,3
1280,4003,116,hr 3971,15000.0,0.678,-0.735,0.879,-0.477,31102,51
1281,4004,116,hr 3973,960000.0,-0.343,-0.113,-0.372,-0.031,21931,1
1282,4005,116,hr 3975,5710000.0,-0.479,-0.203,-0.581,-0.292,29346,21
1283,4006,116,hr 3978,4294000.0,-0.653,0.498,-0.402,0.253,21906,21
1284,4007,116,hr 398,140000.0,-0.421,0.328,-0.535,0.83,21536,12
1285,4008,116,hr 3981,1100000.0,-0.42,-0.361,-0.468,-0.318,20920,2
1286,4009,116,hr 3983,230000.0,0.572,0.293,0.604,0.325,21182,49
1287,4010,116,hr 3986,240000.0,-0.309,0.237,-0.249,0.354,21944,44
1288,4011,116,hr 3987,6401000.0,0.682,-0.007,0.668,-0.097,21515,44
1289,4012,116,hr 3989,30000.0,-0.449,-0.035,-0.514,0.075,21915,14
1290,4013,116,hr 399,365000.0,-0.421,0.328,-0.535,0.83,21536,12
1291,4014,116,hr 3991,37170000.0,-0.473,-0.024,-0.48,-0.058,20712,44
1292,4015,116,hr 3994,512500.0,0.559,0.149,0.55,0.048,20759,45
1293,4016,116,hr 3996,10000.0,0.652,0.068,0.653,-0.052,21702,22
1294,4017,116,hr 4,8600275.0,-0.397,0.399,-0.364,0.329,21102,41
1295,4018,116,hr 40,112500.0,-0.459,0.125,-0.429,0.063,29573,49
1296,4019,116,hr 4001,156175.0,-0.426,-0.641,-0.382,-0.401,29588,72
1297,4020,116,hr 4002,480000.0,0.362,-0.096,0.35,-0.145,20709,43
1298,4021,116,hr 4004,7115000.0,-0.239,0.054,-0.211,0.035,21329,21
1299,4022,116,hr 4006,0.0,-0.353,-0.005,-0.434,0.001,21358,14
1300,4023,116,hr 4007,0.0,-0.353,-0.005,-0.434,0.001,21358,14
1301,4024,116,hr 4009,110000.0,0.61,0.134,0.651,0.084,21323,44
1302,4025,116,hr 401,30000.0,-0.198,0.18,-0.167,0.128,21739,61
1303,4026,116,hr 4010,370000.0,-0.275,0.658,-0.311,0.708,21910,33
1304,4027,116,hr 4014,0.0,-0.43,-0.304,-0.461,-0.424,29710,62
1305,4028,116,hr 4015,50000.0,-0.414,-0.116,-0.332,-0.155,29109,1
1306,4029,116,hr 4016,190000.0,-0.291,-0.189,-0.304,0.013,31101,73
1307,4030,116,hr 4017,0.0,-0.291,-0.189,-0.304,0.013,31101,73
1308,4031,116,hr 4018,260000.0,-0.401,-0.078,-0.364,-0.004,20959,43
1309,4032,116,hr 4019,601000.0,-0.408,-0.093,-0.41,-0.087,15603,13
1310,4033,116,hr 4024,120000.0,-0.224,0.501,-0.224,0.501,21918,31
1311,4034,116,hr 4032,100000.0,0.185,0.013,0.197,-0.025,21542,13
1312,4035,116,hr 4033,160000.0,-0.373,-0.176,-0.41,-0.089,21372,23
1313,4036,116,hr 4035,21646850.0,-0.311,-0.009,-0.296,-0.06,21368,73
1314,4037,116,hr 4036,0.0,0.259,-0.03,0.379,-0.349,29375,13
1315,4038,116,hr 4037,1380000.0,0.537,0.383,0.541,0.041,21731,54
1316,4039,116,hr 4039,70000.0,-0.353,0.176,-0.353,0.124,21939,71
1317,4040,116,hr 4043,80000.0,0.452,0.229,0.484,-0.064,20926,34
1318,4041,116,hr 4047,910000.0,-0.415,-0.072,-0.575,-0.416,29776,13
1319,4042,116,hr 4049,430000.0,-0.497,-0.053,-0.547,-0.509,21993,55
1320,4043,116,hr 4050,20000.0,-0.293,-0.956,-0.278,-0.961,21950,33
1321,4044,116,hr 4056,1630000.0,0.558,-0.217,0.617,-0.232,21359,48
1322,4045,116,hr 4061,0.0,-0.479,-0.203,-0.581,-0.292,29346,21
1323,4046,116,hr 4063,243499.0,-0.508,-0.135,-0.504,-0.204,20310,71
1324,4047,116,hr 4069,0.0,0.301,-0.124,0.204,0.077,21541,13
1325,4048,116,hr 4070,16737000.0,-0.393,0.068,-0.404,0.328,29901,71
1326,4049,116,hr 4073,15000.0,-0.307,0.179,-0.268,-0.038,21978,52
1327,4050,116,hr 4074,1690000.0,-0.547,-0.35,-0.586,-0.417,29378,13
1328,4051,116,hr 4075,4430000.0,-0.547,-0.35,-0.586,-0.417,29378,13
1329,4052,116,hr 4078,120000.0,-0.416,0.087,-0.405,-0.185,20504,43
1330,4053,116,hr 4083,440000.0,-0.069,0.294,-0.069,0.294,21943,67
1331,4054,116,hr 4086,687000.0,0.419,-0.017,0.356,0.071,20758,43
1332,4055,116,hr 409,4690000.0,-0.407,0.473,-0.327,0.219,21994,96
1333,4056,116,hr 4091,3597500.0,-0.485,0.198,-0.528,0.362,39305,49
1334,4057,116,hr 4092,314800.0,-0.376,-0.218,-0.381,-0.133,21342,13
1335,4058,116,hr 4097,0.0,-0.331,-0.112,-0.345,-0.238,21140,3
1336,4059,116,hr 4098,160000.0,0.501,-0.494,0.566,-0.3,21742,43
1337,4060,116,hr 4099,1005000.0,0.341,0.263,0.335,-0.063,29323,71
1338,4061,116,hr 410,4200000.0,-0.407,0.473,-0.327,0.219,21994,96
1339,4062,116,hr 4100,36500000.0,-0.486,-0.26,-0.501,-0.499,29717,21
1340,4063,116,hr 4106,320000.0,-0.414,-0.116,-0.332,-0.155,29109,1
1341,4064,116,hr 4107,210000.0,-0.523,-0.374,-0.491,-0.269,21504,71
1342,4065,116,hr 4116,120000.0,-0.466,-0.024,-0.45,0.005,21371,21
1343,4066,116,hr 4117,9070000.0,-0.26,-0.08,-0.304,-0.306,29769,25
1344,4067,116,hr 4118,120000.0,-0.324,-0.031,-0.313,-0.182,21730,21
1345,4068,116,hr 4127,2912500.0,-0.368,0.012,-0.398,0.114,20932,66
1346,4069,116,hr 4128,275200.0,-0.368,0.012,-0.398,0.114,20932,66
1347,4070,116,hr 4130,2400000.0,0.6,0.154,0.504,0.336,20532,49
1348,4071,116,hr 4131,641530.0,-0.435,-0.147,-0.426,-0.257,20538,71
1349,4072,116,hr 4135,156287.0,-0.497,-0.053,-0.547,-0.509,21993,55
1350,4073,116,hr 4139,156287.0,-0.311,0.407,-0.288,0.434,21366,49
1351,4074,116,hr 4140,65000.0,-0.459,0.125,-0.429,0.063,29573,49
1352,4075,116,hr 4141,0.0,-0.261,-0.099,-0.261,-0.138,21340,4
1353,4076,116,hr 4144,2407595.0,-0.187,-0.03,-0.161,-0.159,21315,71
1354,4077,116,hr 4145,50000.0,0.178,-0.173,0.058,-0.35,14863,12
1355,4078,116,hr 4146,1239830.0,-0.482,-0.317,-0.495,-0.441,21375,3
1356,4079,116,hr 4147,190000.0,-0.306,-0.038,-0.282,0.277,20952,40
1357,4080,116,hr 4148,180000.0,-0.233,0.277,-0.216,0.2,21916,13
1358,4081,116,hr 4149,100000.0,-0.404,-0.158,-0.464,0.03,21529,23
1359,4082,116,hr 4156,610000.0,0.605,-0.201,0.622,-0.108,21348,47
1360,4083,116,hr 4159,200000.0,0.476,-0.018,0.478,-0.026,21957,40
1361,4084,116,hr 4160,30000.0,-0.36,0.166,-0.382,0.161,21746,43
1362,4085,116,hr 4161,560000.0,-0.393,0.068,-0.404,0.328,29901,71
1363,4086,116,hr 4164,450000.0,0.542,-0.137,0.602,-0.497,29550,24
1364,4087,116,hr 4166,450000.0,-0.523,-0.374,-0.491,-0.269,21504,71
1365,4088,116,hr 4169,0.0,-0.589,-0.221,-0.541,-0.193,15431,44
1366,4089,116,hr 4171,3060000.0,-0.435,-0.147,-0.426,-0.257,20538,71
1367,4090,116,hr 4172,40000.0,-0.421,0.328,-0.535,0.83,21536,12
1368,4091,116,hr 4173,600000.0,-0.497,-0.053,-0.547,-0.509,21993,55
1369,4092,116,hr 4174,1400000.0,-0.36,0.166,-0.382,0.161,21746,43
1370,4093,116,hr 4178,80000.0,-0.408,-0.093,-0.41,-0.087,15603,13
1371,4094,116,hr 4187,100000.0,0.73,0.018,0.786,0.338,21360,49
1372,4095,116,hr 4189,250000.0,0.435,0.08,0.427,0.032,21704,23
1373,4096,116,hr 4192,20000.0,-0.35,-0.133,-0.295,-0.173,20104,71
1374,4097,116,hr 4193,321857.0,-0.352,0.021,-0.351,0.018,21963,43
1375,4098,116,hr 4194,1331613.0,0.499,0.167,0.479,0.127,21367,67
1376,4099,116,hr 4206,710000.0,-0.464,-0.292,-0.461,-0.075,21312,71
1377,4100,116,hr 4211,90000.0,-0.324,-0.031,-0.313,-0.182,21730,21
1378,4101,116,hr 4217,3230000.0,0.185,0.013,0.197,-0.025,21542,13
1379,4102,116,hr 4220,270000.0,-0.402,0.208,-0.411,0.264,20343,24
1380,4103,116,hr 4221,20000.0,-0.402,0.208,-0.411,0.264,20343,24
1381,4104,116,hr 4223,1170000.0,0.462,0.009,0.462,0.003,21967,43
1382,4105,116,hr 4225,740000.0,-0.523,-0.374,-0.491,-0.269,21504,71
1383,4106,116,hr 4227,2744000.0,-0.381,-0.017,-0.393,-0.136,21736,40
1384,4107,116,hr 4228,140000.0,-0.429,0.04,-0.383,-0.056,20757,22
1385,4108,116,hr 4229,4281303.0,-0.276,-0.027,-0.337,-0.24,20720,31
1386,4109,116,hr 4230,4490000.0,-0.653,0.498,-0.402,0.253,21906,21
1387,4110,116,hr 4231,3680000.0,0.437,0.268,0.466,0.177,21503,42
1388,4111,116,hr 4232,8270000.0,-0.198,-0.082,-0.223,-0.216,20322,82
1389,4112,116,hr 4233,1750000.0,0.747,-0.064,0.724,0.007,21925,49
1390,4113,116,hr 4234,2029000.0,-0.239,0.114,-0.197,0.07,21344,13
1391,4114,116,hr 4236,540000.0,-0.324,-0.257,-0.306,-0.459,20954,21
1392,4115,116,hr 4237,1410000.0,0.693,0.113,0.737,0.082,21549,49
1393,4116,116,hr 4242,390000.0,-0.547,-0.35,-0.586,-0.417,29378,13
1394,4117,116,hr 4243,50000.0,-0.163,0.314,-0.163,0.314,21976,66
1395,4118,116,hr 4248,1167690.0,-0.353,-0.005,-0.434,0.001,21358,14
1396,4119,116,hr 4249,120000.0,-0.292,0.051,-0.271,0.012,21308,71
1397,4120,116,hr 425,3760000.0,0.503,0.375,0.501,0.273,21714,43
1398,4121,116,hr 4254,190000.0,-0.387,-0.285,-0.357,-0.56,29379,13
1399,4122,116,hr 4259,141416.0,-0.264,0.33,-0.603,0.542,21763,14
1400,4123,116,hr 4266,20000.0,-0.312,-0.128,-0.323,-0.139,21369,73
1401,4124,116,hr 4269,166269.0,-0.332,-0.233,-0.324,-0.226,21928,66
1402,4125,116,hr 4271,0.0,-0.292,0.051,-0.271,0.012,21308,71
1403,4126,116,hr 4272,340000.0,-0.609,-0.244,-0.611,-0.089,20733,13
1404,4127,116,hr 4273,87000.0,-0.542,-0.304,-0.611,0.005,21754,71
1405,4128,116,hr 4280,420000.0,-0.598,-0.263,-0.595,-0.214,20305,61
1406,4129,116,hr 4281,31218.95,-0.578,0.449,-0.552,0.641,21979,21
1407,4130,116,hr 4283,115800.0,0.506,0.147,0.457,0.357,21952,22
1408,4131,116,hr 4284,4200000.0,-0.378,-0.275,-0.34,-0.134,20723,51
1409,4132,116,hr 4285,102000.0,-0.154,0.567,-0.154,0.568,21904,13
1410,4133,116,hr 4291,1130000.0,-0.381,-0.017,-0.393,-0.136,21736,40
1411,4134,116,hr 4296,6861421.0,-0.603,-0.275,-0.531,-0.473,29911,21
1412,4135,116,hr 4297,141416.0,-0.542,-0.304,-0.611,0.005,21754,71
1413,4136,116,hr 4301,2450000.0,-0.274,-0.282,-0.271,-0.091,21324,82
1414,4137,116,hr 4302,150000.0,-0.343,-0.141,-0.25,-0.196,29707,71
1415,4138,116,hr 4305,593000.0,0.3,0.269,0.271,0.162,21163,24
1416,4139,116,hr 4307,4613000.0,-0.187,-0.03,-0.161,-0.159,21315,71
1417,4140,116,hr 4308,110000.0,-0.342,0.173,-0.568,0.317,21761,13
1418,4141,116,hr 4309,210000.0,-0.388,-0.092,-0.363,-0.147,21554,40
1419,4142,116,hr 431,14280000.0,0.595,0.063,0.596,0.153,21364,49
1420,4143,116,hr 4311,120000.0,-0.394,-0.329,-0.382,-0.148,20748,54
1421,4144,116,hr 4315,60000.0,-0.503,-0.257,-0.613,-0.144,21728,71
1422,4145,116,hr 4318,140000.0,-0.198,0.18,-0.167,0.128,21739,61
1423,4146,116,hr 4319,70000.0,-0.291,0.128,-0.307,-0.032,21740,71
1424,4147,116,hr 4322,250000.0,-0.352,0.021,-0.351,0.018,21963,43
1425,4148,116,hr 4324,120000.0,-0.362,0.045,-0.368,0.042,21508,71
1426,4149,116,hr 4327,5250.0,-0.264,0.33,-0.603,0.542,21763,14
1427,4150,116,hr 4329,6720000.0,-0.404,0.047,-0.383,0.166,21314,71
1428,4151,116,hr 433,365000.0,0.63,-0.079,0.709,-0.103,21708,47
1429,4152,116,hr 4330,70000.0,-0.564,0.157,-0.626,0.229,29337,43
1430,4153,116,hr 4331,0.0,-0.538,-0.323,-0.47,-0.401,29729,3
1431,4154,116,hr 4334,2053800.0,-0.396,-0.412,-0.389,-0.36,21198,72
1432,4155,116,hr 4335,1600000.0,-0.387,-0.285,-0.357,-0.56,29379,13
1433,4156,116,hr 434,193922.0,-0.459,0.125,-0.429,0.063,29573,49
1434,4157,116,hr 4340,592000.0,-0.486,-0.072,-0.488,-0.077,21343,13
1435,4158,116,hr 4341,552000.0,-0.427,-0.529,-0.426,-0.432,21303,71
1436,4159,116,hr 4344,120000.0,-0.069,0.294,-0.069,0.294,21943,67
1437,4160,116,hr 4345,156287.0,-0.206,0.426,-0.177,0.381,21941,40
1438,4161,116,hr 4346,47000.0,-0.449,-0.384,-0.474,-0.304,21313,71
1439,4162,116,hr 4347,196287.0,-0.353,-0.005,-0.434,0.001,21358,14
1440,4163,116,hr 4348,1316557.0,-0.598,-0.263,-0.595,-0.214,20305,61
1441,4164,116,hr 4349,320000.0,0.436,0.315,0.405,0.361,21330,22
1442,4165,116,hr 435,0.0,-0.485,0.198,-0.528,0.362,39305,49
1443,4166,116,hr 4350,1869292.0,-0.397,-0.045,-0.367,-0.132,29908,1
1444,4167,116,hr 4351,2975326.0,-0.312,-0.128,-0.323,-0.139,21369,73
1445,4168,116,hr 4354,21057107.65,-0.404,-0.158,-0.464,0.03,21529,23
1446,4169,116,hr 4358,490000.0,0.185,0.013,0.197,-0.025,21542,13
1447,4170,116,hr 4359,131800.0,-0.503,-0.257,-0.613,-0.144,21728,71
1448,4171,116,hr 4361,235000.0,-0.272,0.121,-0.26,0.099,21942,12
1449,4172,116,hr 4362,70000.0,-0.387,-0.285,-0.357,-0.56,29379,13
1450,4173,116,hr 4364,137000.0,-0.069,0.294,-0.069,0.294,21943,67
1451,4174,116,hr 4372,251857.0,-0.485,0.198,-0.528,0.362,39305,49
1452,4175,116,hr 4373,13335500.0,-0.485,0.198,-0.528,0.362,39305,49
1453,4176,116,hr 4374,1500000.0,-0.309,-0.095,-0.466,-0.129,20958,71
1454,4177,116,hr 4378,22323336.0,-0.389,-0.152,-0.377,-0.268,15612,13
1455,4178,116,hr 4385,5090000.0,0.279,0.17,0.33,0.008,21328,21
1456,4179,116,hr 4386,935000.0,-0.402,-0.322,-0.329,-0.336,29571,49
1457,4180,116,hr 4392,209000.0,-0.343,-0.141,-0.25,-0.196,29707,71
1458,4181,116,hr 4393,2082595.0,-0.362,-0.077,-0.374,-0.048,21306,71
1459,4182,116,hr 4397,1621499.0,-0.45,0.012,-0.526,0.207,39307,40
1460,4183,116,hr 4398,24940000.0,-0.389,-0.262,-0.397,-0.19,21172,5
1461,4184,116,hr 4400,799500.0,0.383,0.372,0.399,0.271,21132,22
1462,4185,116,hr 4403,334600.0,-0.453,0.009,-0.43,0.017,20517,34
1463,4186,116,hr 4410,45000.0,0.451,-0.023,0.411,-0.035,21111,62
1464,4187,116,hr 4414,0.0,-0.291,-0.189,-0.304,0.013,31101,73
1465,4188,116,hr 4425,5065312.0,-0.219,0.087,-0.2,0.057,21747,13
1466,4189,116,hr 4431,70000.0,0.654,-0.757,0.821,-0.571,21143,23
1467,4190,116,hr 4432,2460000.0,-0.486,0.332,-0.469,0.299,21137,45
1468,4191,116,hr 4435,22256.0,-0.353,-0.005,-0.434,0.001,21358,14
1469,4192,116,hr 4438,2240958.0,-0.398,0.143,-0.361,0.039,21548,14
1470,4193,116,hr 4439,2850000.0,-0.404,0.184,-0.254,0.032,20340,47
1471,4194,116,hr 444,109903.0,-0.292,0.051,-0.271,0.012,21308,71
1472,4195,116,hr 4444,20000.0,0.699,-0.493,0.507,-0.069,21103,61
1473,4196,116,hr 4447,27803065.77,-0.198,0.18,-0.167,0.128,21739,61
1474,4197,116,hr 445,140000.0,-0.292,0.051,-0.271,0.012,21308,71
1475,4198,116,hr 4455,16284500.0,-0.182,0.054,-0.263,0.059,20944,72
1476,4199,116,hr 4456,4290000.0,0.501,0.14,0.51,-0.047,20725,23
1477,4200,116,hr 4459,6585000.0,-0.404,-0.168,-0.154,-0.101,15454,12
1478,4201,116,hr 446,1219830.0,-0.292,0.051,-0.271,0.012,21308,71
1479,4202,116,hr 4460,320000.0,-0.261,-0.099,-0.261,-0.138,21340,4
1480,4203,116,hr 4461,1340000.0,0.234,0.382,0.295,0.254,21128,21
1481,4204,116,hr 4462,7290992.0,-0.331,0.099,-0.247,0.339,29561,14
1482,4205,116,hr 4463,190000.0,0.501,0.14,0.51,-0.047,20725,23
1483,4206,116,hr 4468,283499.0,-0.469,-0.137,-0.26,-0.13,21566,14
1484,4207,116,hr 4469,320000.0,0.477,0.345,0.459,0.377,21929,33
1485,4208,116,hr 447,7020000.0,-0.438,-0.148,-0.437,-0.288,29587,52
1486,4209,116,hr 4475,410000.0,-0.272,0.121,-0.26,0.099,21942,12
1487,4210,116,hr 4476,450000.0,-0.387,-0.285,-0.357,-0.56,29379,13
1488,4211,116,hr 448,6110000.0,-0.438,-0.148,-0.437,-0.288,29587,52
1489,4212,116,hr 4481,320000.0,-0.362,-0.077,-0.374,-0.048,21306,71
1490,4213,116,hr 4486,75300.0,-0.263,-0.159,-0.185,-0.013,20702,71
1491,4214,116,hr 4487,1220000.0,-0.26,-0.08,-0.304,-0.306,29769,25
1492,4215,116,hr 4488,160000.0,-0.486,0.332,-0.469,0.299,21137,45
1493,4216,116,hr 4489,5620000.0,-0.485,0.198,-0.528,0.362,39305,49
1494,4217,116,hr 4492,7553500.0,-0.526,-0.255,-0.483,-0.423,20537,25
1495,4218,116,hr 4493,50000.0,-0.497,-0.053,-0.547,-0.509,21993,55
1496,4219,116,hr 4494,3174240.0,-0.148,0.712,-0.205,0.196,29127,33
1497,4220,116,hr 4497,131857.0,-0.352,0.021,-0.351,0.018,21963,43
1498,4221,116,hr 4498,0.0,-0.404,0.098,-0.363,0.088,20542,12
1499,4222,116,hr 4499,30000.0,-0.506,-0.106,-0.508,0.144,21703,71
1500,4223,116,hr 4500,300000.0,0.501,0.14,0.51,-0.047,20725,23
1501,4224,116,hr 4501,560000.0,0.595,0.063,0.596,0.153,21364,49
1502,4225,116,hr 4506,1823962.0,-0.542,-0.304,-0.611,0.005,21754,71
1503,4226,116,hr 4507,0.0,-0.306,-0.038,-0.282,0.277,20952,40
1504,4227,116,hr 4509,4980000.0,-0.589,-0.221,-0.541,-0.193,15431,44
1505,4228,116,hr 4512,420000.0,-0.506,-0.106,-0.508,0.144,21703,71
1506,4229,116,hr 4518,30000.0,-0.486,-0.26,-0.501,-0.499,29717,21
1507,4230,116,hr 4519,1140207.0,-0.408,-0.093,-0.41,-0.087,15603,13
1508,4231,116,hr 4520,220000.0,0.141,-0.123,0.215,-0.277,21718,14
1509,4232,116,hr 4521,5065000.0,0.623,0.177,0.617,0.354,20521,47
1510,4233,116,hr 4523,1930000.0,-0.443,0.29,-0.432,0.291,20529,49
1511,4234,116,hr 4526,15000.0,-0.353,0.176,-0.353,0.124,21939,71
1512,4235,116,hr 4527,40000.0,-0.272,0.121,-0.26,0.099,21942,12
1513,4236,116,hr 4529,40000.0,-0.239,0.114,-0.197,0.07,21344,13
1514,4237,116,hr 4537,460000.0,-0.547,-0.35,-0.586,-0.417,29378,13
1515,4238,116,hr 4538,646347.0,-0.409,-0.375,-0.452,-0.181,20750,6
1516,4239,116,hr 4540,1488000.0,-0.417,-0.105,-0.328,-0.235,15616,3
1517,4240,116,hr 4545,80000.0,-0.449,-0.035,-0.514,0.075,21915,14
1518,4241,116,hr 4546,1330000.0,-0.547,-0.35,-0.586,-0.417,29378,13
1519,4242,116,hr 4547,1460000.0,-0.198,-0.082,-0.223,-0.216,20322,82
1520,4243,116,hr 4549,31799000.0,-0.397,-0.045,-0.367,-0.132,29908,1
1521,4244,116,hr 4550,100000.0,-0.656,-0.079,-0.621,-0.518,29106,71
1522,4245,116,hr 4553,94000.0,-0.398,0.143,-0.361,0.039,21548,14
1523,4246,116,hr 4556,2060000.0,-0.353,-0.005,-0.434,0.001,21358,14
1524,4247,116,hr 4564,270000.0,0.185,0.013,0.197,-0.025,21542,13
1525,4248,116,hr 4565,12870000.0,0.452,0.229,0.484,-0.064,20926,34
1526,4249,116,hr 457,2532500.0,0.304,-0.061,0.32,0.158,20518,35
1527,4250,116,hr 4570,0.0,-0.376,-0.218,-0.381,-0.133,21342,13
1528,4251,116,hr 4577,0.0,-0.264,0.33,-0.603,0.542,21763,14
1529,4252,116,hr 4585,60000.0,-0.388,-0.092,-0.363,-0.147,21554,40
1530,4253,116,hr 4589,400000.0,-0.343,0.478,-0.344,0.479,21909,71
1531,4254,116,hr 4592,10430000.0,-0.312,-0.128,-0.323,-0.139,21369,73
1532,4255,116,hr 4597,23865000.0,-0.187,-0.03,-0.161,-0.159,21315,71
1533,4256,116,hr 4598,1820000.0,-0.219,0.087,-0.2,0.057,21747,13
1534,4257,116,hr 46,0.0,-0.459,0.125,-0.429,0.063,29573,49
1535,4258,116,hr 4600,120000.0,-0.28,0.039,-0.271,-0.09,21540,13
1536,4259,116,hr 4602,40000.0,0.52,0.239,0.482,0.306,29760,49
1537,4260,116,hr 4605,140000.0,0.229,0.426,0.294,0.181,21992,92
1538,4261,116,hr 4607,50000.0,-0.363,0.598,-0.386,0.763,21930,71
1539,4262,116,hr 4608,170000.0,-0.311,-0.009,-0.296,-0.06,21368,73
1540,4263,116,hr 4610,110000.0,0.517,0.104,0.469,0.299,21946,56
1541,4264,116,hr 4611,130000.0,-0.187,-0.03,-0.161,-0.159,21315,71
1542,4265,116,hr 4615,170000.0,-0.352,0.021,-0.351,0.018,21963,43
1543,4266,116,hr 4617,60000.0,-0.399,-0.419,-0.412,-0.507,29504,71
1544,4267,116,hr 4618,88000.0,-0.309,0.237,-0.249,0.354,21944,44
1545,4268,116,hr 4621,1237050.0,-0.344,-0.155,-0.324,-0.093,21706,11
1546,4269,116,hr 4624,60000.0,-0.324,-0.031,-0.313,-0.182,21730,21
1547,4270,116,hr 4625,644558.0,-0.353,0.176,-0.353,0.124,21939,71
1548,4271,116,hr 4626,10000.0,-0.402,0.208,-0.411,0.264,20343,24
1549,4272,116,hr 4629,15950000.0,-0.415,-0.268,-0.403,-0.061,20934,13
1550,4273,116,hr 4634,5658236.0,-0.656,-0.079,-0.621,-0.518,29106,71
1551,4274,116,hr 4636,1432000.0,0.416,0.143,0.38,0.223,20530,49
1552,4275,116,hr 4637,220000.0,-0.396,-0.412,-0.389,-0.36,21198,72
1553,4276,116,hr 4639,410000.0,-0.653,0.498,-0.402,0.253,21906,21
1554,4277,116,hr 464,400000.0,0.244,-0.362,0.43,0.429,29546,47
1555,4278,116,hr 4641,120000.0,-0.233,0.277,-0.216,0.2,21916,13
1556,4279,116,hr 4646,0.0,-0.542,-0.304,-0.611,0.005,21754,71
1557,4280,116,hr 465,7640000.0,-0.503,-0.257,-0.613,-0.144,21728,71
1558,4281,116,hr 4650,800000.0,-0.466,-0.024,-0.45,0.005,21371,21
1559,4282,116,hr 4651,43000.0,0.613,0.171,0.621,0.151,20325,31
1560,4283,116,hr 4659,20000.0,0.317,0.346,0.369,0.192,21556,73
1561,4284,116,hr 466,260600.0,0.234,0.382,0.295,0.254,21128,21
1562,4285,116,hr 4665,1005000.0,-0.29,0.457,-0.348,0.448,21962,73
1563,4286,116,hr 4674,13377245.0,-0.45,0.012,-0.526,0.207,39307,40
1564,4287,116,hr 4678,560000.0,-0.394,-0.004,-0.361,0.025,21309,71
1565,4288,116,hr 4679,10000.0,-0.131,0.49,-0.131,0.49,21913,48
1566,4289,116,hr 4681,48000.0,-0.348,0.116,-0.262,-0.281,15029,24
1567,4290,116,hr 4684,141416.0,-0.293,-0.956,-0.278,-0.961,21950,33
1568,4291,116,hr 4687,3910000.0,-0.336,0.559,-0.336,0.56,21960,71
1569,4292,116,hr 469,8510000.0,0.452,0.229,0.484,-0.064,20926,34
1570,4293,116,hr 4690,8000000.0,0.572,0.293,0.604,0.325,21182,49
1571,4294,116,hr 4691,120000.0,-0.408,-0.093,-0.41,-0.087,15603,13
1572,4295,116,hr 4692,550000.0,0.405,0.82,0.517,0.446,21710,68
1573,4296,116,hr 4697,8000000.0,-0.233,0.277,-0.216,0.2,21916,13
1574,4297,116,hr 470,3340000.0,0.452,0.229,0.484,-0.064,20926,34
1575,4298,116,hr 4701,164857.87,-0.646,-0.464,-0.702,-0.159,21726,73
1576,4299,116,hr 4704,25000.0,-0.069,0.294,-0.069,0.294,21943,67
1577,4300,116,hr 4708,8000000.0,-0.415,-0.268,-0.403,-0.061,20934,13
1578,4301,116,hr 4709,8000000.0,-0.415,-0.268,-0.403,-0.061,20934,13
1579,4302,116,hr 471,4110000.0,0.452,0.229,0.484,-0.064,20926,34
1580,4303,116,hr 4710,828165.0,-0.309,-0.095,-0.466,-0.129,20958,71
1581,4304,116,hr 4711,320000.0,-0.227,0.176,-0.294,0.3,20508,21
1582,4305,116,hr 4712,6900000.0,-0.449,-0.035,-0.514,0.075,21915,14
1583,4306,116,hr 4714,470000.0,-0.239,0.054,-0.211,0.035,21329,21
1584,4307,116,hr 472,6560000.0,0.452,0.229,0.484,-0.064,20926,34
1585,4308,116,hr 4722,251441.0,-0.28,0.344,-0.312,0.549,21934,14
1586,4309,116,hr 4723,40000.0,-0.427,-0.529,-0.426,-0.432,21303,71
1587,4310,116,hr 4730,120000.0,-0.381,-0.41,-0.474,-0.535,20762,71
1588,4311,116,hr 4733,90000.0,0.531,-0.352,0.386,0.03,20909,43
1589,4312,116,hr 4735,110000.0,0.494,0.246,0.559,0.414,21945,14
1590,4313,116,hr 4741,20000.0,0.548,0.308,0.542,0.146,20948,49
1591,4314,116,hr 4742,3390000.0,-0.219,0.087,-0.2,0.057,21747,13
1592,4315,116,hr 4748,73626.0,-0.376,0.575,-0.377,0.577,21907,71
1593,4316,116,hr 4752,2120000.0,-0.275,0.658,-0.311,0.708,21910,33
1594,4317,116,hr 4753,1670000.0,0.431,0.266,0.397,0.364,21911,49
1595,4318,116,hr 476,20000.0,-0.392,-0.221,-0.466,-0.463,21948,62
1596,4319,116,hr 4761,1170000.0,0.626,-0.309,0.531,0.062,21724,45
1597,4320,116,hr 4763,39997.98,-0.348,0.116,-0.262,-0.281,15029,24
1598,4321,116,hr 4764,470000.0,-0.435,-0.147,-0.426,-0.257,20538,71
1599,4322,116,hr 4768,120000.0,-0.486,-0.26,-0.501,-0.499,29717,21
1600,4323,116,hr 4773,180000.0,0.462,0.139,0.474,0.111,21935,37
1601,4324,116,hr 4774,0.0,-0.503,-0.257,-0.613,-0.144,21728,71
1602,4325,116,hr 4777,0.0,-0.147,0.644,-0.147,0.643,21980,12
1603,4326,116,hr 4779,60000.0,0.432,0.109,0.442,0.264,20535,73
1604,4327,116,hr 478,8167746.0,-0.42,-0.361,-0.468,-0.318,20920,2
1605,4328,116,hr 4780,1570000.0,-0.306,0.099,-0.297,0.187,21709,71
1606,4329,116,hr 4783,0.0,-0.443,0.29,-0.432,0.291,20529,49
1607,4330,116,hr 4795,40000.0,-0.324,0.749,-0.3,0.776,21965,23
1608,4331,116,hr 4796,10150000.0,0.69,-0.282,0.66,-0.34,21971,43
1609,4332,116,hr 4801,191062.0,-0.402,0.208,-0.411,0.264,20343,24
1610,4333,116,hr 4804,610000.0,-0.459,0.125,-0.429,0.063,29573,49
1611,4334,116,hr 4805,930000.0,-0.336,0.251,-0.273,0.398,21937,12
1612,4335,116,hr 4806,160000.0,0.51,0.279,0.489,0.258,20755,24
1613,4336,116,hr 4812,770000.0,0.52,-0.367,0.512,-0.349,21191,40
1614,4337,116,hr 4813,3058308.0,-0.431,-0.901,-0.459,-0.784,21921,21
1615,4338,116,hr 4814,1163210.0,-0.435,-0.147,-0.426,-0.257,20538,71
1616,4339,116,hr 482,84000.0,0.297,0.307,0.386,0.061,29910,63
1617,4340,116,hr 4820,2794087.0,-0.154,0.567,-0.154,0.568,21904,13
1618,4341,116,hr 4828,100000.0,-0.131,0.49,-0.131,0.49,21913,48
1619,4342,116,hr 4829,40000.0,-0.291,-0.189,-0.304,0.013,31101,73
1620,4343,116,hr 4832,10000.0,-0.581,0.14,-0.589,-0.271,20941,24
1621,4344,116,hr 4833,30000.0,-0.109,0.373,-0.123,0.367,21923,2
1622,4345,116,hr 4836,304800.0,-0.348,0.138,-0.348,0.043,21339,65
1623,4346,116,hr 4840,156287.0,-0.198,0.18,-0.167,0.128,21739,61
1624,4347,116,hr 4841,2240000.0,-0.279,0.181,-0.235,0.073,21953,33
1625,4348,116,hr 4849,6640000.0,0.581,0.25,0.595,0.214,21373,34
1626,4349,116,hr 4850,3350000.0,-0.187,0.342,-0.165,0.429,21966,40
1627,4350,116,hr 4854,90000.0,0.704,-0.365,0.73,-0.308,21317,43
1628,4351,116,hr 4855,4210534.0,-0.331,0.099,-0.247,0.339,29561,14
1629,4352,116,hr 4856,2980534.0,-0.263,-0.159,-0.185,-0.013,20702,71
1630,4353,116,hr 4857,5180000.0,-0.542,-0.304,-0.611,0.005,21754,71
1631,4354,116,hr 486,52500.0,-0.404,0.047,-0.383,0.166,21314,71
1632,4355,116,hr 4861,770000.0,0.419,-0.017,0.356,0.071,20758,43
1633,4356,116,hr 4863,3360000.0,-0.656,-0.079,-0.621,-0.518,29106,71
1634,4357,116,hr 4866,1800000.0,-0.404,-0.168,-0.154,-0.101,15454,12
1635,4358,116,hr 4868,32000.0,0.531,0.145,0.463,0.214,20138,48
1636,4359,116,hr 487,898660.0,0.704,-0.365,0.73,-0.308,21317,43
1637,4360,116,hr 4870,1289600.0,0.568,-0.185,0.546,0.348,20355,49
1638,4361,116,hr 4880,1872000.0,-0.387,-0.285,-0.357,-0.56,29379,13
1639,4362,116,hr 4881,851483.0,0.589,0.171,0.494,0.197,21734,32
1640,4363,116,hr 4885,570000.0,-0.497,-0.053,-0.547,-0.509,21993,55
1641,4364,116,hr 4887,5825500.0,-0.368,-0.006,-0.313,0.166,29741,12
1642,4365,116,hr 4891,50000.0,-0.163,0.314,-0.163,0.314,21976,66
1643,4366,116,hr 4892,245000.0,0.641,0.017,0.619,-0.006,21543,47
1644,4367,116,hr 4894,2090000.0,-0.324,-0.257,-0.306,-0.459,20954,21
1645,4368,116,hr 4895,7767750.0,-0.148,0.712,-0.205,0.196,29127,33
1646,4369,116,hr 4899,240000.0,0.486,0.024,0.495,-0.239,20947,54
1647,4370,116,hr 490,1590000.0,0.613,0.171,0.621,0.151,20325,31
1648,4371,116,hr 4900,30000.0,0.486,0.024,0.495,-0.239,20947,54
1649,4372,116,hr 4901,820000.0,-0.491,-0.377,-0.556,-0.278,29134,13
1650,4373,116,hr 4905,40000.0,-0.239,0.054,-0.211,0.035,21329,21
1651,4374,116,hr 4906,600000.0,-0.43,-0.304,-0.461,-0.424,29710,62
1652,4375,116,hr 4907,150000.0,0.439,0.012,0.566,0.079,21720,25
1653,4376,116,hr 4910,1080000.0,-0.261,-0.099,-0.261,-0.138,21340,4
1654,4377,116,hr 4913,10120399.0,0.3,0.178,0.254,0.18,21188,56
1655,4378,116,hr 4916,260000.0,-0.399,-0.419,-0.412,-0.507,29504,71
1656,4379,116,hr 4918,2614671.0,0.414,0.069,0.421,-0.061,21970,25
1657,4380,116,hr 4919,600000.0,-0.275,0.658,-0.311,0.708,21910,33
1658,4381,116,hr 4920,640000.0,-0.464,-0.292,-0.461,-0.075,21312,71
1659,4382,116,hr 4924,114000.0,-0.38,-0.397,-0.412,-0.405,29312,71
1660,4383,116,hr 4926,120000.0,-0.353,0.176,-0.353,0.124,21939,71
1661,4384,116,hr 4928,70000.0,-0.376,-0.218,-0.381,-0.133,21342,13
1662,4385,116,hr 493,0.0,-0.285,0.229,-0.275,0.357,21711,71
1663,4386,116,hr 4932,11011485.0,-0.393,0.068,-0.404,0.328,29901,71
1664,4387,116,hr 4934,160000.0,0.436,0.315,0.405,0.361,21330,22
1665,4388,116,hr 4937,10000.0,0.451,0.115,0.397,0.321,21745,14
1666,4389,116,hr 4938,404000.0,-0.397,0.399,-0.364,0.329,21102,41
1667,4390,116,hr 494,20000.0,-0.459,0.125,-0.429,0.063,29573,49
1668,4391,116,hr 4942,140000.0,-0.158,0.223,-0.135,0.123,21723,12
1669,4392,116,hr 4945,1146581.0,0.52,-0.367,0.512,-0.349,21191,40
1670,4393,116,hr 4955,50000.0,-0.408,-0.093,-0.41,-0.087,15603,13
1671,4394,116,hr 4964,30000.0,0.373,0.41,0.296,0.475,21167,14
1672,4395,116,hr 4968,160000.0,-0.362,0.045,-0.368,0.042,21508,71
1673,4396,116,hr 497,230000.0,0.539,0.085,0.47,0.259,20963,71
1674,4397,116,hr 4974,2038925.0,-0.417,-0.18,-0.472,-0.175,21977,3
1675,4398,116,hr 4978,22245000.0,-0.38,-0.397,-0.412,-0.405,29312,71
1676,4399,116,hr 4979,240000.0,0.36,0.449,0.401,0.135,29393,53
1677,4400,116,hr 4980,20000.0,-0.486,-0.26,-0.501,-0.499,29717,21
1678,4401,116,hr 4982,4850000.0,0.294,0.156,0.432,-0.058,21701,35
1679,4402,116,hr 4990,1180000.0,-0.225,0.266,-0.184,0.241,21964,12
1680,4403,116,hr 4995,10572215.0,-0.408,-0.093,-0.41,-0.087,15603,13
1681,4404,116,hr 4996,16615988.0,-0.466,-0.024,-0.45,0.005,21371,21
1682,4405,116,hr 4998,12100000.0,-0.404,-0.168,-0.154,-0.101,15454,12
1683,4406,116,hr 5,42286896.0,-0.389,-0.262,-0.397,-0.19,21172,5
1684,4407,116,hr 5000,360000.0,-0.331,0.099,-0.247,0.339,29561,14
1685,4408,116,hr 5001,659386.0,-0.481,-0.078,-0.477,-0.023,20147,34
1686,4409,116,hr 5003,112300.0,-0.449,-0.035,-0.514,0.075,21915,14
1687,4410,116,hr 5004,164000.0,-0.414,-0.116,-0.332,-0.155,29109,1
1688,4411,116,hr 501,160000.0,-0.408,-0.093,-0.41,-0.087,15603,13
1689,4412,116,hr 5013,224600.0,-0.26,0.076,-0.254,0.082,21732,43
1690,4413,116,hr 5014,90000.0,-0.368,0.012,-0.398,0.114,20932,66
1691,4414,116,hr 5017,1080000.0,-0.239,0.114,-0.197,0.07,21344,13
1692,4415,116,hr 5021,224600.0,-0.349,-0.937,-0.29,-0.957,21955,3
1693,4416,116,hr 5035,1350000.0,-0.331,0.099,-0.247,0.339,29561,14
1694,4417,116,hr 5036,170000.0,-0.241,0.354,-0.299,0.322,21951,4
1695,4418,116,hr 5038,9194440.0,-0.399,-0.419,-0.412,-0.507,29504,71
1696,4419,116,hr 5041,377500.0,-0.309,0.237,-0.249,0.354,21944,44
1697,4420,116,hr 5043,4250000.0,-0.388,-0.092,-0.363,-0.147,21554,40
1698,4421,116,hr 5046,210000.0,-0.305,0.19,-0.273,0.408,21912,62
1699,4422,116,hr 5050,6478134.0,-0.431,-0.901,-0.459,-0.784,21921,21
1700,4423,116,hr 5053,72500.0,-0.472,-0.086,-0.231,-0.474,21762,14
1701,4424,116,hr 5055,603236.0,-0.343,-0.141,-0.25,-0.196,29707,71
1702,4425,116,hr 506,619658.0,0.652,0.068,0.653,-0.052,21702,22
1703,4426,116,hr 5065,30000.0,-0.486,-0.072,-0.488,-0.077,21343,13
1704,4427,116,hr 5066,2999662.0,-0.677,-0.571,-0.749,-0.508,29778,71
1705,4428,116,hr 5072,80000.0,-0.297,-0.955,-0.222,-0.975,21949,13
1706,4429,116,hr 5075,410000.0,-0.217,-0.278,-0.179,0.016,21954,71
1707,4430,116,hr 5076,21500000.0,-0.352,0.021,-0.351,0.018,21963,43
1708,4431,116,hr 5078,102500.0,-0.547,-0.35,-0.586,-0.417,29378,13
1709,4432,116,hr 508,1280000.0,-0.438,0.042,-0.446,0.047,21352,24
1710,4433,116,hr 5082,750000.0,0.61,0.134,0.651,0.084,21323,44
1711,4434,116,hr 5084,3998000.0,-0.415,-0.072,-0.575,-0.416,29776,13
1712,4435,116,hr 5089,1240000.0,-0.447,0.894,-0.445,0.84,21919,49
1713,4436,116,hr 5091,60000.0,-0.427,-0.529,-0.426,-0.432,21303,71
1714,4437,116,hr 5092,0.0,-0.375,0.114,-0.367,0.25,20136,5
1715,4438,116,hr 5099,175000.0,-0.497,-0.053,-0.547,-0.509,21993,55
1716,4439,116,hr 51,10164819.0,-0.497,-0.053,-0.547,-0.509,21993,55
1717,4440,116,hr 510,5311091.0,-0.426,-0.641,-0.382,-0.401,29588,72
1718,4441,116,hr 5104,410000.0,-0.531,-0.557,-0.593,-0.423,21370,25
1719,4442,116,hr 5105,20000.0,-0.381,-0.41,-0.474,-0.535,20762,71
1720,4443,116,hr 511,120000.0,-0.344,-0.063,-0.342,-0.171,21707,52
1721,4444,116,hr 5110,20000.0,-0.381,-0.41,-0.474,-0.535,20762,71
1722,4445,116,hr 5111,1410000.0,-0.381,-0.41,-0.474,-0.535,20762,71
1723,4446,116,hr 5113,2160000.0,-0.409,-0.375,-0.452,-0.181,20750,6
1724,4447,116,hr 5115,14670000.0,-0.394,-0.004,-0.361,0.025,21309,71
1725,4448,116,hr 5116,980000.0,0.414,0.069,0.421,-0.061,21970,25
1726,4449,116,hr 5118,2530000.0,-0.364,0.177,-0.355,0.556,20145,73
1727,4450,116,hr 5119,28531000.0,-0.427,-0.002,-0.323,-0.655,15410,72
1728,4451,116,hr 5120,23243857.0,-0.427,-0.002,-0.323,-0.655,15410,72
1729,4452,116,hr 5122,10060000.0,0.657,-0.428,0.729,-0.521,21510,62
1730,4453,116,hr 5125,4555000.0,0.439,0.012,0.566,0.079,21720,25
1731,4454,116,hr 5126,20000.0,0.43,0.027,0.49,-0.076,21523,45
1732,4455,116,hr 513,385000.0,0.593,0.367,0.482,0.322,20531,49
1733,4456,116,hr 5133,37260000.0,-0.389,-0.262,-0.397,-0.19,21172,5
1734,4457,116,hr 5138,60000.0,-0.292,0.051,-0.271,0.012,21308,71
1735,4458,116,hr 5139,5585000.0,-0.427,-0.002,-0.323,-0.655,15410,72
1736,4459,116,hr 514,11392107.65,-0.404,-0.158,-0.464,0.03,21529,23
1737,4460,116,hr 5140,110000.0,-0.508,-0.484,-0.627,-0.549,29377,13
1738,4461,116,hr 5141,7790000.0,-0.388,-0.092,-0.363,-0.147,21554,40
1739,4462,116,hr 515,332368.0,-0.408,-0.093,-0.41,-0.087,15603,13
1740,4463,116,hr 5153,656287.0,0.283,0.022,0.161,0.147,14066,81
1741,4464,116,hr 5155,80000.0,-0.187,-0.14,-0.188,-0.21,21326,21
1742,4465,116,hr 5159,750000.0,-0.526,-0.255,-0.483,-0.423,20537,25
1743,4466,116,hr 5160,190000.0,-0.426,-0.641,-0.382,-0.401,29588,72
1744,4467,116,hr 5165,3232256.0,-0.398,0.143,-0.361,0.039,21548,14
1745,4468,116,hr 5166,180000.0,-0.508,-0.135,-0.504,-0.204,20310,71
1746,4469,116,hr 5169,30000.0,0.462,0.009,0.462,0.003,21967,43
1747,4470,116,hr 5170,10600000.0,-0.306,0.099,-0.297,0.187,21709,71
1748,4471,116,hr 5172,7035000.0,-0.397,0.399,-0.364,0.329,21102,41
1749,4472,116,hr 5173,250000.0,-0.403,0.337,-0.423,0.287,21365,49
1750,4473,116,hr 5175,2560000.0,0.457,0.319,0.322,0.604,21106,42
1751,4474,116,hr 5179,400000.0,-0.429,0.075,-0.483,-0.013,21502,61
1752,4475,116,hr 5180,90000.0,-0.431,-0.901,-0.459,-0.784,21921,21
1753,4476,116,hr 5184,828000.0,-0.198,0.18,-0.167,0.128,21739,61
1754,4477,116,hr 5185,0.0,-0.297,-0.955,-0.222,-0.975,21949,13
1755,4478,116,hr 5187,7428072.0,-0.656,-0.079,-0.621,-0.518,29106,71
1756,4479,116,hr 5189,45000.0,-0.482,-0.317,-0.495,-0.441,21375,3
1757,4480,116,hr 5191,780000.0,-0.378,-0.275,-0.34,-0.134,20723,51
1758,4481,116,hr 5194,3003236.0,-0.653,0.498,-0.402,0.253,21906,21
1759,4482,116,hr 5195,1410000.0,-0.394,-0.329,-0.382,-0.148,20748,54
1760,4483,116,hr 5196,60000.0,-0.233,0.277,-0.216,0.2,21916,13
1761,4484,116,hr 5197,13274671.0,-0.791,0.456,-0.726,0.555,21922,49
1762,4485,116,hr 5198,515000.0,-0.109,0.373,-0.123,0.367,21923,2
1763,4486,116,hr 5199,170000.0,-0.368,0.012,-0.398,0.114,20932,66
1764,4487,116,hr 5201,4580000.0,-0.435,-0.147,-0.426,-0.257,20538,71
1765,4488,116,hr 5202,270000.0,-0.309,0.237,-0.249,0.354,21944,44
1766,4489,116,hr 5209,9950000.0,-0.176,0.269,-0.176,0.269,21958,13
1767,4490,116,hr 521,1585000.0,0.51,0.279,0.489,0.258,20755,24
1768,4491,116,hr 5210,0.0,-0.399,-0.419,-0.412,-0.507,29504,71
1769,4492,116,hr 5212,2215000.0,0.642,0.003,0.549,0.118,21700,49
1770,4493,116,hr 5214,30000.0,-0.288,-0.958,-0.255,-0.967,21975,23
1771,4494,116,hr 5216,40000.0,-0.603,-0.275,-0.531,-0.473,29911,21
1772,4495,116,hr 5217,70000.0,0.683,-0.398,0.745,-0.445,20903,71
1773,4496,116,hr 5218,40000.0,0.683,-0.398,0.745,-0.445,20903,71
1774,4497,116,hr 5219,2917502.0,-0.508,-0.484,-0.627,-0.549,29377,13
1775,4498,116,hr 5221,512000.0,-0.381,-0.017,-0.393,-0.136,21736,40
1776,4499,116,hr 5227,15000.0,-0.322,-0.006,-0.346,-0.227,21713,43
1777,4500,116,hr 5230,80000.0,-0.408,-0.093,-0.41,-0.087,15603,13
1778,4501,116,hr 5231,31605.0,-0.587,-0.211,-0.623,-0.046,21715,13
1779,4502,116,hr 5234,80000.0,0.439,0.012,0.566,0.079,21720,25
1780,4503,116,hr 5236,270000.0,-0.363,0.598,-0.386,0.763,21930,71
1781,4504,116,hr 5238,80000.0,-0.28,0.344,-0.312,0.549,21934,14
1782,4505,116,hr 5240,5000000.0,-0.26,-0.08,-0.304,-0.306,29769,25
1783,4506,116,hr 5243,906830.0,-0.376,-0.218,-0.381,-0.133,21342,13
1784,4507,116,hr 5249,141416.0,-0.307,0.179,-0.268,-0.038,21978,52
1785,4508,116,hr 5254,3250000.0,-0.397,0.399,-0.364,0.329,21102,41
1786,4509,116,hr 5255,220000.0,-0.344,-0.063,-0.342,-0.171,21707,52
1787,4510,116,hr 5259,577598.0,-0.291,0.128,-0.307,-0.032,21740,71
1788,4511,116,hr 526,801092.0,0.704,-0.365,0.73,-0.308,21317,43
1789,4512,116,hr 5260,434576.0,-0.282,0.072,-0.268,0.162,20705,62
1790,4513,116,hr 5265,2380000.0,-0.416,0.087,-0.405,-0.185,20504,43
1791,4514,116,hr 5267,100000.0,-0.603,-0.275,-0.531,-0.473,29911,21
1792,4515,116,hr 5269,100000.0,0.643,0.055,0.549,0.086,21750,32
1793,4516,116,hr 5270,562651.0,0.452,0.229,0.484,-0.064,20926,34
1794,4517,116,hr 5271,530000.0,-0.526,-0.255,-0.483,-0.423,20537,25
1795,4518,116,hr 5279,12875706.0,-0.404,-0.168,-0.154,-0.101,15454,12
1796,4519,116,hr 5281,2937214.0,0.562,0.314,0.551,0.272,21513,44
1797,4520,116,hr 5283,141416.0,-0.581,0.14,-0.589,-0.271,20941,24
1798,4521,116,hr 5287,80000.0,-0.26,0.076,-0.254,0.082,21732,43
1799,4522,116,hr 5288,20000.0,0.452,0.229,0.484,-0.064,20926,34
1800,4523,116,hr 5292,1410000.0,0.393,0.287,0.463,0.19,21337,34
1801,4524,116,hr 5293,110000.0,0.641,0.017,0.619,-0.006,21543,47
1802,4525,116,hr 5294,190000.0,-0.468,0.016,-0.442,0.128,21545,47
1803,4526,116,hr 5296,640000.0,-0.452,0.737,-0.448,0.613,21900,49
1804,4527,116,hr 5297,660000.0,-0.292,0.051,-0.271,0.012,21308,71
1805,4528,116,hr 530,3270158.0,-0.38,-0.397,-0.412,-0.405,29312,71
1806,4529,116,hr 5304,15470399.0,-0.182,0.054,-0.263,0.059,20944,72
1807,4530,116,hr 5306,10120000.0,-0.397,-0.045,-0.367,-0.132,29908,1
1808,4531,116,hr 5308,1471416.0,-0.402,0.208,-0.411,0.264,20343,24
1809,4532,116,hr 5309,5340000.0,-0.486,0.332,-0.469,0.299,21137,45
1810,4533,116,hr 5311,50000.0,-0.427,-0.529,-0.426,-0.432,21303,71
1811,4534,116,hr 5312,2588756.0,0.486,0.024,0.495,-0.239,20947,54
1812,4535,116,hr 5313,682311.0,-0.342,0.173,-0.568,0.317,21761,13
1813,4536,116,hr 5316,185000.0,-0.343,0.478,-0.344,0.479,21909,71
1814,4537,116,hr 5318,10000.0,-0.431,-0.901,-0.459,-0.784,21921,21
1815,4538,116,hr 5319,260000.0,-0.312,-0.128,-0.323,-0.139,21369,73
1816,4539,116,hr 5322,100000.0,-0.415,-0.072,-0.575,-0.416,29776,13
1817,4540,116,hr 5325,714000.0,-0.349,-0.937,-0.29,-0.957,21955,3
1818,4541,116,hr 5326,40000.0,-0.508,-0.135,-0.504,-0.204,20310,71
1819,4542,116,hr 5327,4150677.0,-0.352,0.021,-0.351,0.018,21963,43
1820,4543,116,hr 5329,60000.0,0.69,-0.282,0.66,-0.34,21971,43
1821,4544,116,hr 5330,520000.0,-0.288,-0.958,-0.255,-0.967,21975,23
1822,4545,116,hr 5331,480000.0,0.499,0.167,0.479,0.127,21367,67
1823,4546,116,hr 5332,8560000.0,-0.158,0.223,-0.135,0.123,21723,12
1824,4547,116,hr 5333,365180.0,-0.291,-0.189,-0.304,0.013,31101,73
1825,4548,116,hr 5335,1595000.0,-0.415,-0.268,-0.403,-0.061,20934,13
1826,4549,116,hr 5336,1790000.0,-0.233,-0.215,-0.18,0.147,20749,21
1827,4550,116,hr 5337,224600.0,-0.508,-0.484,-0.627,-0.549,29377,13
1828,4551,116,hr 5347,50000.0,-0.343,0.478,-0.344,0.479,21909,71
1829,4552,116,hr 5349,3841416.0,-0.414,-0.116,-0.332,-0.155,29109,1
1830,4553,116,hr 535,14074085.67,-0.404,-0.158,-0.464,0.03,21529,23
1831,4554,116,hr 5350,410000.0,-0.431,-0.901,-0.459,-0.784,21921,21
1832,4555,116,hr 5351,995000.0,-0.348,-0.032,-0.296,0.084,20519,13
1833,4556,116,hr 5363,407100.0,-0.468,0.016,-0.442,0.128,21545,47
1834,4557,116,hr 537,910000.0,0.668,0.231,0.732,0.048,20704,62
1835,4558,116,hr 5374,3480000.0,0.36,0.449,0.401,0.135,29393,53
1836,4559,116,hr 5376,7470000.0,0.24,0.315,0.285,0.245,21924,24
1837,4560,116,hr 5377,6541024.0,-0.219,0.087,-0.2,0.057,21747,13
1838,4561,116,hr 5382,110000.0,0.304,-0.061,0.32,0.158,20518,35
1839,4562,116,hr 5383,24894.0,-0.431,-0.901,-0.459,-0.784,21921,21
1840,4563,116,hr 5385,120000.0,-0.466,-0.024,-0.45,0.005,21371,21
1841,4564,116,hr 539,3332671.0,-0.227,0.176,-0.294,0.3,20508,21
1842,4565,116,hr 5390,90000.0,-0.227,0.079,-0.21,-0.022,21712,43
1843,4566,116,hr 5391,80000.0,-0.409,-0.375,-0.452,-0.181,20750,6
1844,4567,116,hr 5392,40000.0,-0.526,-0.255,-0.483,-0.423,20537,25
1845,4568,116,hr 5393,160000.0,-0.381,-0.41,-0.474,-0.535,20762,71
1846,4569,116,hr 5395,10000.0,0.294,0.156,0.432,-0.058,21701,35
1847,4570,116,hr 5401,1920000.0,-0.394,-0.329,-0.382,-0.148,20748,54
1848,4571,116,hr 5405,90000.0,-0.29,0.257,-0.313,-0.042,21968,61
1849,4572,116,hr 5409,4848665.0,0.447,0.158,0.55,-0.024,21755,67
1850,4573,116,hr 541,60000.0,-0.508,-0.484,-0.627,-0.549,29377,13
1851,4574,116,hr 5415,490000.0,-0.414,-0.116,-0.332,-0.155,29109,1
1852,4575,116,hr 5416,210000.0,-0.404,-0.158,-0.464,0.03,21529,23
1853,4576,116,hr 5419,540000.0,-0.332,-0.233,-0.324,-0.226,21928,66
1854,4577,116,hr 5420,278461.0,-0.466,-0.024,-0.45,0.005,21371,21
1855,4578,116,hr 5421,40000.0,0.452,0.229,0.484,-0.064,20926,34
1856,4579,116,hr 5424,110000.0,-0.531,-0.557,-0.593,-0.423,21370,25
1857,4580,116,hr 5427,1894000.0,0.283,0.022,0.161,0.147,14066,81
1858,4581,116,hr 5428,7620677.0,-0.143,0.212,-0.09,0.021,21756,14
1859,4582,116,hr 5430,92296668.0,-0.381,0.121,-0.399,0.096,14873,52
1860,4583,116,hr 5431,560000.0,-0.564,0.157,-0.626,0.229,29337,43
1861,4584,116,hr 5435,247000.0,-0.598,-0.263,-0.595,-0.214,20305,61
1862,4585,116,hr 5436,100000.0,0.229,0.426,0.294,0.181,21992,92
1863,4586,116,hr 5443,143022.0,-0.472,-0.086,-0.231,-0.474,21762,14
1864,4587,116,hr 5445,0.0,0.499,0.167,0.479,0.127,21367,67
1865,4588,116,hr 5447,40000.0,0.638,-0.579,0.501,-0.374,14657,25
1866,4589,116,hr 5449,156287.0,-0.426,-0.641,-0.382,-0.401,29588,72
1867,4590,116,hr 5450,12630000.0,-0.388,-0.092,-0.363,-0.147,21554,40
1868,4591,116,hr 5453,1217947.0,-0.368,0.012,-0.398,0.114,20932,66
1869,4592,116,hr 5454,230000.0,-0.272,0.121,-0.26,0.099,21942,12
1870,4593,116,hr 5456,1390000.0,-0.387,-0.285,-0.357,-0.56,29379,13
1871,4594,116,hr 5458,156287.0,-0.392,-0.221,-0.466,-0.463,21948,62
1872,4595,116,hr 5462,423641.0,0.676,-0.459,0.601,-0.072,21356,14
1873,4596,116,hr 5467,0.0,0.451,-0.023,0.411,-0.035,21111,62
1874,4597,116,hr 5469,40000.0,-0.608,-0.194,-0.525,-0.427,21538,12
1875,4598,116,hr 5470,9290000.0,0.73,0.018,0.786,0.338,21360,49
1876,4599,116,hr 5472,156287.0,-0.285,0.454,-0.381,0.452,29339,44
1877,4600,116,hr 5473,1109499.0,0.419,-0.017,0.356,0.071,20758,43
1878,4601,116,hr 5478,150000.0,-0.486,-0.26,-0.501,-0.499,29717,21
1879,4602,116,hr 5481,240000.0,0.234,0.382,0.295,0.254,21128,21
1880,4603,116,hr 5482,430000.0,-0.324,-0.031,-0.313,-0.182,21730,21
1881,4604,116,hr 549,151800.0,-0.36,0.166,-0.382,0.161,21746,43
1882,4605,116,hr 5493,222000.0,0.537,0.105,0.504,0.274,20357,67
1883,4606,116,hr 5494,2120000.0,-0.393,0.068,-0.404,0.328,29901,71
1884,4607,116,hr 5497,140000.0,0.55,0.307,0.526,0.423,21563,42
1885,4608,116,hr 5498,550000.0,-0.198,-0.082,-0.223,-0.216,20322,82
1886,4609,116,hr 5499,550000.0,-0.198,-0.082,-0.223,-0.216,20322,82
1887,4610,116,hr 55,60000.0,-0.479,-0.203,-0.581,-0.292,29346,21
1888,4611,116,hr 5500,550000.0,-0.198,-0.082,-0.223,-0.216,20322,82
1889,4612,116,hr 5502,980000.0,-0.154,0.567,-0.154,0.568,21904,13
1890,4613,116,hr 5511,1127000.0,-0.332,-0.233,-0.324,-0.226,21928,66
1891,4614,116,hr 5512,200000.0,0.604,0.165,0.668,0.193,21349,47
1892,4615,116,hr 5515,3300000.0,-0.261,-0.099,-0.261,-0.138,21340,4
1893,4616,116,hr 5516,300000.0,-0.353,0.176,-0.353,0.124,21939,71
1894,4617,116,hr 5519,120000.0,-0.263,-0.159,-0.185,-0.013,20702,71
1895,4618,116,hr 5523,6947000.0,0.269,0.12,0.527,-0.73,21101,13
1896,4619,116,hr 5527,5099820.0,-0.465,-0.071,-0.419,-0.044,20724,52
1897,4620,116,hr 5528,160000.0,-0.352,0.021,-0.351,0.018,21963,43
1898,4621,116,hr 5534,6720000.0,-0.26,-0.08,-0.304,-0.306,29769,25
1899,4622,116,hr 5536,280000.0,-0.447,0.894,-0.445,0.84,21919,49
1900,4623,116,hr 5541,80000.0,-0.198,0.18,-0.167,0.128,21739,61
1901,4624,116,hr 5542,1680000.0,-0.225,0.266,-0.184,0.241,21964,12
1902,4625,116,hr 5544,26753521.67,-0.415,-0.268,-0.403,-0.061,20934,13
1903,4626,116,hr 5545,20000000.0,-0.479,-0.203,-0.581,-0.292,29346,21
1904,4627,116,hr 5546,280000.0,-0.486,-0.072,-0.488,-0.077,21343,13
1905,4628,116,hr 5548,50000.0,-0.427,-0.529,-0.426,-0.432,21303,71
1906,4629,116,hr 5552,6373000.0,-0.449,-0.384,-0.474,-0.304,21313,71
1907,4630,116,hr 5553,10000.0,-0.309,-0.095,-0.466,-0.129,20958,71
1908,4631,116,hr 5558,2900000.0,-0.404,-0.158,-0.464,0.03,21529,23
1909,4632,116,hr 556,270000.0,-0.486,-0.26,-0.501,-0.499,29717,21
1910,4633,116,hr 5563,285000.0,-0.301,-0.195,-0.244,0.111,20927,65
1911,4634,116,hr 5564,1650000.0,-0.609,-0.244,-0.611,-0.089,20733,13
1912,4635,116,hr 5565,30000.0,-0.479,-0.203,-0.581,-0.292,29346,21
1913,4636,116,hr 5566,2415000.0,0.659,-0.353,0.733,-0.191,21564,24
1914,4637,116,hr 5568,50000.0,-0.292,0.051,-0.271,0.012,21308,71
1915,4638,116,hr 5570,30000.0,0.259,-0.03,0.379,-0.349,29375,13
1916,4639,116,hr 5571,60000.0,0.605,-0.201,0.622,-0.108,21348,47
1917,4640,116,hr 5573,180000.0,0.501,0.14,0.51,-0.047,20725,23
1918,4641,116,hr 5574,60000.0,0.595,0.063,0.596,0.153,21364,49
1919,4642,116,hr 5575,1179600.0,-0.578,0.449,-0.552,0.641,21979,21
1920,4643,116,hr 5577,15000.0,0.652,-0.417,0.564,-0.142,21193,41
1921,4644,116,hr 5581,270677.0,-0.646,-0.464,-0.702,-0.159,21726,73
1922,4645,116,hr 5584,898660.0,0.69,-0.282,0.66,-0.34,21971,43
1923,4646,116,hr 5587,900000.0,-0.148,0.712,-0.205,0.196,29127,33
1924,4647,116,hr 5592,0.0,-0.387,-0.285,-0.357,-0.56,29379,13
1925,4648,116,hr 5595,10000.0,0.397,-0.129,0.331,-0.071,21539,13
1926,4649,116,hr 5596,165000.0,0.8,-0.6,0.919,-0.395,21961,49
1927,4650,116,hr 5598,796287.0,-0.417,-0.193,-0.424,-0.31,20122,33
1928,4651,116,hr 5599,1645072.0,-0.312,-0.128,-0.323,-0.139,21369,73
1929,4652,116,hr 56,0.0,0.63,-0.079,0.709,-0.103,21708,47
1930,4653,116,hr 5602,132500.0,-0.187,-0.14,-0.188,-0.21,21326,21
1931,4654,116,hr 5603,5000.0,0.69,-0.282,0.66,-0.34,21971,43
1932,4655,116,hr 5604,450000.0,-0.362,0.045,-0.368,0.042,21508,71
1933,4656,116,hr 5605,2652301.0,0.441,-0.113,0.411,-0.147,21981,43
1934,4657,116,hr 5606,117000.0,-0.348,0.138,-0.348,0.043,21339,65
1935,4658,116,hr 5607,0.0,-0.42,-0.361,-0.468,-0.318,20920,2
1936,4659,116,hr 5608,10000.0,-0.187,-0.14,-0.188,-0.21,21326,21
1937,4660,116,hr 5610,36900.0,-0.363,0.598,-0.386,0.763,21930,71
1938,4661,116,hr 5611,1277947.0,-0.523,-0.374,-0.491,-0.269,21504,71
1939,4662,116,hr 5613,717664.0,-0.429,0.075,-0.483,-0.013,21502,61
1940,4663,116,hr 5614,0.0,-0.382,0.74,-0.363,0.642,21722,49
1941,4664,116,hr 5615,156306.0,-0.435,-0.147,-0.426,-0.257,20538,71
1942,4665,116,hr 5619,140000.0,0.499,0.167,0.479,0.127,21367,67
1943,4666,116,hr 5629,90000.0,0.63,-0.079,0.709,-0.103,21708,47
1944,4667,116,hr 5631,70000.0,-0.336,0.251,-0.273,0.398,21937,12
1945,4668,116,hr 5635,480000.0,-0.291,-0.189,-0.304,0.013,31101,73
1946,4669,116,hr 5642,127450.0,-0.427,-0.529,-0.426,-0.432,21303,71
1947,4670,116,hr 5644,600000.0,0.605,-0.201,0.622,-0.108,21348,47
1948,4671,116,hr 5648,15000.0,0.676,-0.459,0.601,-0.072,21356,14
1949,4672,116,hr 5654,4260000.0,-0.195,0.457,-0.233,0.432,20501,71
1950,4673,116,hr 5658,40000.0,-0.416,0.087,-0.405,-0.185,20504,43
1951,4674,116,hr 5659,990000.0,-0.38,-0.397,-0.412,-0.405,29312,71
1952,4675,116,hr 566,73485.0,-0.342,0.029,-0.328,-0.096,20706,1
1953,4676,116,hr 5662,5000.0,0.827,-0.562,0.991,-0.136,21705,61
1954,4677,116,hr 5663,2953000.0,0.426,0.274,0.326,0.396,20916,51
1955,4678,116,hr 5666,57871318.0,-0.169,0.519,-0.17,0.519,21933,53
1956,4679,116,hr 5667,140000.0,-0.578,0.449,-0.552,0.641,21979,21
1957,4680,116,hr 5670,2460000.0,0.713,-0.372,0.858,0.058,21986,47
1958,4681,116,hr 5671,740000.0,-0.309,-0.095,-0.466,-0.129,20958,71
1959,4682,116,hr 5674,13990000.0,-0.473,-0.024,-0.48,-0.058,20712,44
1960,4683,116,hr 5676,1345763.0,-0.431,-0.127,-0.444,0.214,21996,95
1961,4684,116,hr 568,150000.0,-0.401,-0.078,-0.364,-0.004,20959,43
1962,4685,116,hr 5680,15468887.0,-0.375,0.114,-0.367,0.25,20136,5
1963,4686,116,hr 5684,22256.0,-0.465,-0.071,-0.419,-0.044,20724,52
1964,4687,116,hr 5685,2349357.0,0.36,0.449,0.401,0.135,29393,53
1965,4688,116,hr 5687,4530497.0,-0.389,-0.152,-0.377,-0.268,15612,13
1966,4689,116,hr 569,200000.0,-0.404,-0.158,-0.464,0.03,21529,23
1967,4690,116,hr 5690,1490000.0,-0.306,-0.038,-0.282,0.277,20952,40
1968,4691,116,hr 5693,2047947.0,-0.26,-0.08,-0.304,-0.306,29769,25
1969,4692,116,hr 5694,40000.0,0.683,-0.398,0.745,-0.445,20903,71
1970,4693,116,hr 5695,371000.0,-0.381,-0.017,-0.393,-0.136,21736,40
1971,4694,116,hr 5696,127450.0,-0.241,0.354,-0.299,0.322,21951,4
1972,4695,116,hr 5701,6465000.0,0.526,0.175,0.699,0.269,21346,47
1973,4696,116,hr 5703,100000.0,-0.438,0.059,-0.441,0.039,20708,43
1974,4697,116,hr 5704,80000.0,0.405,0.82,0.517,0.446,21710,68
1975,4698,116,hr 5715,285000.0,-0.227,0.079,-0.21,-0.022,21712,43
1976,4699,116,hr 5717,390071.0,-0.473,-0.024,-0.48,-0.058,20712,44
1977,4700,116,hr 5718,6190000.0,-0.404,0.184,-0.254,0.032,20340,47
1978,4701,116,hr 5720,280000.0,-0.481,-0.078,-0.477,-0.023,20147,34
1979,4702,116,hr 5722,410000.0,-0.353,-0.005,-0.434,0.001,21358,14
1980,4703,116,hr 5726,2270000.0,-0.158,0.223,-0.135,0.123,21723,12
1981,4704,116,hr 5728,10000.0,0.462,0.139,0.474,0.111,21935,37
1982,4705,116,hr 5729,10000.0,-0.364,0.177,-0.355,0.556,20145,73
1983,4706,116,hr 573,160000.0,0.452,0.229,0.484,-0.064,20926,34
1984,4707,116,hr 5733,570000.0,-0.279,-0.045,-0.337,0.017,21525,3
1985,4708,116,hr 5737,340000.0,-0.288,-0.165,-0.281,-0.085,29768,73
1986,4709,116,hr 5741,42852297.0,-0.397,0.399,-0.364,0.329,21102,41
1987,4710,116,hr 5744,90000.0,0.538,0.026,0.57,0.188,21302,71
1988,4711,116,hr 5746,880000.0,-0.526,-0.255,-0.483,-0.423,20537,25
1989,4712,116,hr 5749,230000.0,-0.227,0.079,-0.21,-0.022,21712,43
1990,4713,116,hr 5752,25000.0,-0.195,0.457,-0.233,0.432,20501,71
1991,4714,116,hr 5758,320000.0,0.426,0.274,0.326,0.396,20916,51
1992,4715,116,hr 5759,30000.0,-0.468,0.016,-0.442,0.128,21545,47
1993,4716,116,hr 576,2040000.0,-0.469,-0.171,-0.538,-0.22,29317,71
1994,4717,116,hr 5760,6047721.0,-0.239,0.014,-0.202,-0.108,21304,71
1995,4718,116,hr 5763,1760642.0,0.431,0.085,0.423,0.06,21751,64
1996,4719,116,hr 5764,410000.0,-0.598,-0.263,-0.595,-0.214,20305,61
1997,4720,116,hr 5767,70000.0,-0.293,-0.956,-0.278,-0.961,21950,33
1998,4721,116,hr 5770,413577.0,-0.474,-0.563,-0.534,-0.549,21940,23
1999,4722,116,hr 5776,2110000.0,-0.426,-0.641,-0.382,-0.401,29588,72
2000,4723,116,hr 578,120000.0,-0.393,0.068,-0.404,0.328,29901,71
2001,4724,116,hr 5783,220000.0,-0.523,-0.374,-0.491,-0.269,21504,71
2002,4725,116,hr 5784,160000.0,-0.581,0.14,-0.589,-0.271,20941,24
2003,4726,116,hr 5787,10000.0,-0.348,0.138,-0.348,0.043,21339,65
2004,4727,116,hr 5789,950000.0,-0.236,0.307,-0.308,0.436,21938,65
2005,4728,116,hr 5797,130000.0,-0.409,-0.375,-0.452,-0.181,20750,6
2006,4729,116,hr 5800,32345925.0,-0.45,0.012,-0.526,0.207,39307,40
2007,4730,116,hr 5802,2460000.0,-0.285,0.229,-0.275,0.357,21711,71
2008,4731,116,hr 5808,2620000.0,0.642,0.003,0.549,0.118,21700,49
2009,4732,116,hr 5813,60000.0,-0.376,-0.218,-0.381,-0.133,21342,13
2010,4733,116,hr 5814,70000.0,-0.376,-0.218,-0.381,-0.133,21342,13
2011,4734,116,hr 5819,1920000.0,-0.187,-0.03,-0.161,-0.159,21315,71
2012,4735,116,hr 582,3629386.0,-0.45,0.012,-0.526,0.207,39307,40
2013,4736,116,hr 5821,2791499.0,-0.291,0.128,-0.307,-0.032,21740,71
2014,4737,116,hr 5823,4727000.0,-0.486,0.332,-0.469,0.299,21137,45
2015,4738,116,hr 5826,20691270.0,-0.417,-0.105,-0.328,-0.235,15616,3
2016,4739,116,hr 5827,5626000.0,0.614,-0.078,0.718,-0.054,21757,61
2017,4740,116,hr 583,1280534.0,-0.415,-0.268,-0.403,-0.061,20934,13
2018,4741,116,hr 5832,200000.0,0.185,0.013,0.197,-0.025,21542,13
2019,4742,116,hr 5833,1520000.0,0.51,0.279,0.489,0.258,20755,24
2020,4743,116,hr 5838,160000.0,-0.478,-0.013,-0.472,0.012,21118,43
2021,4744,116,hr 5844,110000.0,0.476,-0.018,0.478,-0.026,21957,40
2022,4745,116,hr 5845,20967000.0,-0.449,-0.384,-0.474,-0.304,21313,71
2023,4746,116,hr 5848,141416.0,-0.343,0.478,-0.344,0.479,21909,71
2024,4747,116,hr 5850,185000.0,-0.429,0.075,-0.483,-0.013,21502,61
2025,4748,116,hr 5853,360209.0,-0.381,-0.017,-0.393,-0.136,21736,40
2026,4749,116,hr 5855,845634.0,-0.296,0.127,-0.269,0.093,20329,52
2027,4750,116,hr 5857,0.0,-0.297,-0.955,-0.222,-0.975,21949,13
2028,4751,116,hr 5859,4220000.0,0.55,0.307,0.526,0.423,21563,42
2029,4752,116,hr 5861,310000.0,-0.42,-0.361,-0.468,-0.318,20920,2
2030,4753,116,hr 5865,50000.0,0.3,0.178,0.254,0.18,21188,56
2031,4754,116,hr 5866,120000.0,-0.653,0.498,-0.402,0.253,21906,21
2032,4755,116,hr 5874,20000.0,-0.376,-0.218,-0.381,-0.133,21342,13
2033,4756,116,hr 5876,30000.0,-0.421,0.328,-0.535,0.83,21536,12
2034,4757,116,hr 5882,1580000.0,-0.182,0.054,-0.263,0.059,20944,72
2035,4758,116,hr 5884,60000.0,-0.465,0.25,-0.466,0.283,39301,48
2036,4759,116,hr 5885,830000.0,-0.387,-0.285,-0.357,-0.56,29379,13
2037,4760,116,hr 5896,740000.0,0.439,0.012,0.566,0.079,21720,25
2038,4761,116,hr 5900,685000.0,-0.421,-0.206,-0.438,-0.114,21335,3
2039,4762,116,hr 5901,160000.0,-0.503,-0.257,-0.613,-0.144,21728,71
2040,4763,116,hr 5906,9033000.0,-0.279,0.181,-0.235,0.073,21953,33
2041,4764,116,hr 5909,611530.0,-0.307,0.179,-0.268,-0.038,21978,52
2042,4765,116,hr 591,90000.0,-0.344,-0.063,-0.342,-0.171,21707,52
2043,4766,116,hr 5911,1490000.0,-0.368,-0.006,-0.313,0.166,29741,12
2044,4767,116,hr 5912,2510000.0,0.447,0.166,0.412,0.157,20124,34
2045,4768,116,hr 5916,40000.0,0.439,0.012,0.566,0.079,21720,25
2046,4769,116,hr 5917,120000.0,-0.677,-0.571,-0.749,-0.508,29778,71
2047,4770,116,hr 5918,7150347.0,-0.435,-0.147,-0.426,-0.257,20538,71
2048,4771,116,hr 5920,50000.0,-0.291,0.128,-0.307,-0.032,21740,71
2049,4772,116,hr 5923,144100.0,-0.387,-0.285,-0.357,-0.56,29379,13
2050,4773,116,hr 5924,219309.0,0.3,0.178,0.254,0.18,21188,56
2051,4774,116,hr 5926,1725646.0,-0.404,-0.168,-0.154,-0.101,15454,12
2052,4775,116,hr 5929,440000.0,-0.233,-0.215,-0.18,0.147,20749,21
2053,4776,116,hr 5931,1575072.0,-0.481,-0.078,-0.477,-0.023,20147,34
2054,4777,116,hr 5933,760000.0,-0.25,0.528,-0.239,0.568,21902,31
2055,4778,116,hr 5934,80000.0,-0.396,-0.412,-0.389,-0.36,21198,72
2056,4779,116,hr 5952,359000.0,0.458,0.219,0.428,0.056,21562,21
2057,4780,116,hr 5963,60000.0,-0.324,-0.031,-0.313,-0.182,21730,21
2058,4781,116,hr 5966,40000.0,-0.368,0.012,-0.398,0.114,20932,66
2059,4782,116,hr 597,60000.0,-0.306,-0.038,-0.282,0.277,20952,40
2060,4783,116,hr 5971,1090687.0,-0.394,-0.004,-0.361,0.025,21309,71
2061,4784,116,hr 5974,6650000.0,-0.344,-0.063,-0.342,-0.171,21707,52
2062,4785,116,hr 5978,30000.0,-0.227,0.176,-0.294,0.3,20508,21
2063,4786,116,hr 5981,440000.0,-0.217,-0.278,-0.179,0.016,21954,71
2064,4787,116,hr 5984,1120000.0,-0.288,-0.958,-0.255,-0.967,21975,23
2065,4788,116,hr 5986,1028543.0,-0.598,-0.263,-0.595,-0.214,20305,61
2066,4789,116,hr 5989,355289.0,-0.397,0.399,-0.364,0.329,21102,41
2067,4790,116,hr 599,80000.0,-0.438,-0.148,-0.437,-0.288,29587,52
2068,4791,116,hr 5990,156287.0,-0.479,-0.203,-0.581,-0.292,29346,21
2069,4792,116,hr 5991,1202500.0,-0.603,-0.275,-0.531,-0.473,29911,21
2070,4793,116,hr 5993,560000.0,0.455,0.212,0.306,0.53,21759,24
2071,4794,116,hr 6,35318182.0,-0.469,-0.171,-0.538,-0.22,29317,71
2072,4795,116,hr 6000,230000.0,0.566,-0.014,0.575,-0.149,21727,45
2073,4796,116,hr 6005,265763.0,-0.272,0.121,-0.26,0.099,21942,12
2074,4797,116,hr 6007,60000.0,-0.368,-0.006,-0.313,0.166,29741,12
2075,4798,116,hr 6008,140000.0,-0.368,-0.006,-0.313,0.166,29741,12
2076,4799,116,hr 601,349500.0,0.599,-0.647,0.913,-0.408,21719,43
2077,4800,116,hr 6015,10000.0,0.414,0.069,0.421,-0.061,21970,25
2078,4801,116,hr 6023,20000.0,-0.292,0.051,-0.271,0.012,21308,71
2079,4802,116,hr 6028,40000.0,-0.542,-0.304,-0.611,0.005,21754,71
2080,4803,116,hr 603,2737500.0,0.439,0.012,0.566,0.079,21720,25
2081,4804,116,hr 6032,60000.0,-0.375,0.114,-0.367,0.25,20136,5
2082,4805,116,hr 6033,410000.0,-0.448,-0.039,-0.455,-0.037,21530,23
2083,4806,116,hr 6037,10000.0,-0.465,-0.071,-0.419,-0.044,20724,52
2084,4807,116,hr 604,260000.0,0.52,-0.367,0.512,-0.349,21191,40
2085,4808,116,hr 6042,30000.0,0.613,0.171,0.621,0.151,20325,31
2086,4809,116,hr 6044,100000.0,0.234,0.382,0.295,0.254,21128,21
2087,4810,116,hr 6047,50000.0,-0.25,0.528,-0.239,0.568,21902,31
2088,4811,116,hr 6049,13350000.0,0.439,0.012,0.566,0.079,21720,25
2089,4812,116,hr 6058,15166092.0,-0.508,-0.484,-0.627,-0.549,29377,13
2090,4813,116,hr 606,15000.0,0.797,-0.242,0.713,-0.115,21514,44
2091,4814,116,hr 6062,21350000.0,-0.187,-0.14,-0.188,-0.21,21326,21
2092,4815,116,hr 6063,2080000.0,-0.344,-0.063,-0.342,-0.171,21707,52
2093,4816,116,hr 6064,56000.0,-0.353,-0.005,-0.434,0.001,21358,14
2094,4817,116,hr 6067,80000.0,0.589,0.171,0.494,0.197,21734,32
2095,4818,116,hr 6074,146289750.0,-0.389,-0.152,-0.377,-0.268,15612,13
2096,4819,116,hr 6078,36800.0,0.662,-0.383,0.678,-0.311,21905,54
2097,4820,116,hr 6079,36800.0,-0.336,0.251,-0.273,0.398,21937,12
2098,4821,116,hr 6080,17877435.0,-0.187,-0.03,-0.161,-0.159,21315,71
2099,4822,116,hr 6081,10000.0,0.437,0.268,0.466,0.177,21503,42
2100,4823,116,hr 6084,2840000.0,-0.396,-0.412,-0.389,-0.36,21198,72
2101,4824,116,hr 6085,30000.0,-0.306,-0.038,-0.282,0.277,20952,40
2102,4825,116,hr 609,4019256.0,0.536,0.024,0.651,-0.229,21142,23
2103,4826,116,hr 6090,4380000.0,-0.25,0.049,-0.199,0.015,21311,71
2104,4827,116,hr 6096,4910534.0,-0.263,-0.159,-0.185,-0.013,20702,71
2105,4828,116,hr 6097,4690000.0,-0.143,0.212,-0.09,0.021,21756,14
2106,4829,116,hr 6100,20000.0,-0.459,0.125,-0.429,0.063,29573,49
2107,4830,116,hr 6102,12177044.0,-0.43,-0.304,-0.461,-0.424,29710,62
2108,4831,116,hr 6104,2868660.0,0.384,0.032,0.279,0.374,21519,21
2109,4832,116,hr 6105,42000.0,-0.394,-0.004,-0.361,0.025,21309,71
2110,4833,116,hr 6106,1820000.0,-0.489,-0.38,-0.494,-0.375,20955,71
2111,4834,116,hr 6108,175000.0,-0.306,-0.038,-0.282,0.277,20952,40
2112,4835,116,hr 6109,360000.0,-0.343,0.478,-0.344,0.479,21909,71
2113,4836,116,hr 6112,0.0,-0.427,-0.529,-0.426,-0.432,21303,71
2114,4837,116,hr 6113,30000.0,0.185,0.013,0.197,-0.025,21542,13
2115,4838,116,hr 6116,850000.0,0.452,0.229,0.484,-0.064,20926,34
2116,4839,116,hr 6117,448641.0,0.416,0.143,0.38,0.223,20530,49
2117,4840,116,hr 6121,1180000.0,-0.531,-0.557,-0.593,-0.423,21370,25
2118,4841,116,hr 6128,250000.0,0.485,0.072,0.594,0.058,21987,47
2119,4842,116,hr 6132,1543000.0,-0.309,0.237,-0.249,0.354,21944,44
2120,4843,116,hr 6137,1706700.0,-0.603,-0.275,-0.531,-0.473,29911,21
2121,4844,116,hr 6138,2620000.0,-0.485,0.198,-0.528,0.362,39305,49
2122,4845,116,hr 6139,9833115.0,-0.45,0.012,-0.526,0.207,39307,40
2123,4846,116,hr 6141,90000.0,-0.578,0.449,-0.552,0.641,21979,21
2124,4847,116,hr 6142,2274100.0,-0.578,0.449,-0.552,0.641,21979,21
2125,4848,116,hr 6143,1706700.0,-0.421,-0.206,-0.438,-0.114,21335,3
2126,4849,116,hr 6146,20000.0,-0.344,-0.063,-0.342,-0.171,21707,52
2127,4850,116,hr 6148,3270000.0,0.324,0.4,0.396,-0.055,20344,53
2128,4851,116,hr 6150,2157570.0,-0.414,-0.116,-0.332,-0.155,29109,1
2129,4852,116,hr 6151,250000.0,-0.224,0.501,-0.224,0.501,21918,31
2130,4853,116,hr 6154,70000.0,0.699,-0.493,0.507,-0.069,21103,61
2131,4854,116,hr 6156,235000.0,-0.375,0.114,-0.367,0.25,20136,5
2132,4855,116,hr 6159,331441.0,-0.29,0.457,-0.348,0.448,21962,73
2133,4856,116,hr 6160,11340000.0,-0.517,0.395,-0.512,0.21,29368,46
2134,4857,116,hr 6164,2706700.0,-0.526,-0.255,-0.483,-0.423,20537,25
2135,4858,116,hr 6165,1410000.0,-0.272,0.273,-0.25,0.206,21914,32
2136,4859,116,hr 6166,60000.0,-0.336,0.251,-0.273,0.398,21937,12
2137,4860,116,hr 6171,0.0,-0.227,0.176,-0.294,0.3,20508,21
2138,4861,116,hr 6172,2840000.0,-0.508,-0.484,-0.627,-0.549,29377,13
2139,4862,116,hr 6175,1606994.0,-0.426,-0.641,-0.382,-0.401,29588,72
2140,4863,116,hr 6178,72848.24,-0.396,-0.412,-0.389,-0.36,21198,72
2141,4864,116,hr 6179,20436700.0,-0.394,-0.004,-0.361,0.025,21309,71
2142,4865,116,hr 6181,141416.0,-0.414,-0.116,-0.332,-0.155,29109,1
2143,4866,116,hr 6182,22256.0,-0.581,0.14,-0.589,-0.271,20941,24
2144,4867,116,hr 6185,440000.0,-0.416,0.087,-0.405,-0.185,20504,43
2145,4868,116,hr 6187,141416.0,-0.293,-0.956,-0.278,-0.961,21950,33
2146,4869,116,hr 6190,14426000.0,-0.431,-0.901,-0.459,-0.784,21921,21
2147,4870,116,hr 6191,220000.0,-0.148,0.712,-0.205,0.196,29127,33
2148,4871,116,hr 6193,50000.0,-0.241,0.354,-0.299,0.322,21951,4
2149,4872,116,hr 6194,411857.0,0.486,0.024,0.495,-0.239,20947,54
2150,4873,116,hr 6196,22037363.0,-0.473,-0.024,-0.48,-0.058,20712,44
2151,4874,116,hr 6197,3313000.0,-0.148,0.712,-0.205,0.196,29127,33
2152,4875,116,hr 6198,620000.0,-0.161,0.123,-0.152,0.017,21738,43
2153,4876,116,hr 6199,1380000.0,-0.348,0.138,-0.348,0.043,21339,65
2154,4877,116,hr 62,440000.0,0.652,0.068,0.653,-0.052,21702,22
2155,4878,116,hr 6200,680000.0,-0.581,0.14,-0.589,-0.271,20941,24
2156,4879,116,hr 6201,219390405.0,-0.389,-0.152,-0.377,-0.268,15612,13
2157,4880,116,hr 6202,700000.0,-0.426,-0.641,-0.382,-0.401,29588,72
2158,4881,116,hr 6204,0.0,-0.353,-0.005,-0.434,0.001,21358,14
2159,4882,116,hr 6206,9990000.0,-0.233,0.277,-0.216,0.2,21916,13
2160,4883,116,hr 6207,1380000.0,-0.311,-0.009,-0.296,-0.06,21368,73
2161,4884,116,hr 6209,60000.0,-0.261,-0.099,-0.261,-0.138,21340,4
2162,4885,116,hr 621,300000.0,0.581,0.25,0.595,0.214,21373,34
2163,4886,116,hr 6210,11840872.0,-0.538,-0.323,-0.47,-0.401,29729,3
2164,4887,116,hr 6211,30000.0,0.846,-0.365,0.693,-0.246,21753,48
2165,4888,116,hr 6213,0.0,-0.478,-0.013,-0.472,0.012,21118,43
2166,4889,116,hr 6216,6680000.0,-0.485,0.198,-0.528,0.362,39305,49
2167,4890,116,hr 6218,1550000.0,-0.408,-0.093,-0.41,-0.087,15603,13
2168,4891,116,hr 6219,610000.0,0.462,0.009,0.462,0.003,21967,43
2169,4892,116,hr 6224,1220000.0,-0.227,0.176,-0.294,0.3,20508,21
2170,4893,116,hr 6227,4330000.0,-0.227,0.176,-0.294,0.3,20508,21
2171,4894,116,hr 6228,450000.0,0.387,0.196,0.447,-0.035,21196,65
2172,4895,116,hr 6231,50000.0,0.383,0.372,0.399,0.271,21132,22
2173,4896,116,hr 6234,10000.0,-0.467,-0.307,-0.387,-0.226,21917,49
2174,4897,116,hr 6235,300000.0,0.439,0.012,0.566,0.079,21720,25
2175,4898,116,hr 6236,100000.0,-0.429,0.075,-0.483,-0.013,21502,61
2176,4899,116,hr 6237,890000.0,-0.429,0.075,-0.483,-0.013,21502,61
2177,4900,116,hr 6238,360000.0,-0.158,0.223,-0.135,0.123,21723,12
2178,4901,116,hr 624,700000.0,-0.656,-0.079,-0.621,-0.518,29106,71
2179,4902,116,hr 6241,200000.0,0.437,0.268,0.466,0.177,21503,42
2180,4903,116,hr 6242,3695000.0,0.536,0.024,0.651,-0.229,21142,23
2181,4904,116,hr 6246,265000.0,-0.311,-0.009,-0.296,-0.06,21368,73
2182,4905,116,hr 6247,840000.0,-0.324,-0.031,-0.313,-0.182,21730,21
2183,4906,116,hr 6248,135000.0,-0.375,0.114,-0.367,0.25,20136,5
2184,4907,116,hr 6249,3580000.0,0.452,0.229,0.484,-0.064,20926,34
2185,4908,116,hr 625,100000.0,0.451,0.0,0.375,0.108,20756,40
2186,4909,116,hr 6254,30000.0,0.529,0.129,0.684,0.266,20522,47
2187,4910,116,hr 6256,2460000.0,-0.404,-0.168,-0.154,-0.101,15454,12
2188,4911,116,hr 6257,6816466.0,-0.291,0.128,-0.307,-0.032,21740,71
2189,4912,116,hr 6264,25000.0,0.581,0.25,0.595,0.214,21373,34
2190,4913,116,hr 6266,630000.0,-0.393,0.068,-0.404,0.328,29901,71
2191,4914,116,hr 6270,2616105.0,-0.359,0.298,-0.413,0.493,21983,40
2192,4915,116,hr 6273,50000.0,-0.404,0.184,-0.254,0.032,20340,47
2193,4916,116,hr 6274,20000.0,-0.332,-0.233,-0.324,-0.226,21928,66
2194,4917,116,hr 6275,334000.0,-0.45,0.012,-0.526,0.207,39307,40
2195,4918,116,hr 6276,7159229.0,-0.486,-0.26,-0.501,-0.499,29717,21
2196,4919,116,hr 6281,33000.0,-0.368,-0.006,-0.313,0.166,29741,12
2197,4920,116,hr 6283,170000.0,-0.25,0.049,-0.199,0.015,21311,71
2198,4921,116,hr 6284,860000.0,-0.603,-0.275,-0.531,-0.473,29911,21
2199,4922,116,hr 6285,300000.0,0.69,-0.282,0.66,-0.34,21971,43
2200,4923,116,hr 6294,193735.0,0.451,-0.023,0.411,-0.035,21111,62
2201,4924,116,hr 6295,710000.0,0.3,0.269,0.271,0.162,21163,24
2202,4925,116,hr 63,170000.0,0.652,0.068,0.653,-0.052,21702,22
2203,4926,116,hr 6305,419735.0,-0.404,-0.158,-0.464,0.03,21529,23
2204,4927,116,hr 6311,50000.0,-0.25,0.049,-0.199,0.015,21311,71
2205,4928,116,hr 6312,152500.0,-0.547,-0.35,-0.586,-0.417,29378,13
2206,4929,116,hr 6314,380000.0,-0.312,-0.128,-0.323,-0.139,21369,73
2207,4930,116,hr 6319,60000.0,-0.279,0.181,-0.235,0.073,21953,33
2208,4931,116,hr 6321,810000.0,-0.656,-0.079,-0.621,-0.518,29106,71
2209,4932,116,hr 6322,1110661.0,-0.464,-0.292,-0.461,-0.075,21312,71
2210,4933,116,hr 6323,240000.0,-0.367,0.268,-0.337,0.364,21972,23
2211,4934,116,hr 6324,80000.0,-0.241,0.354,-0.299,0.322,21951,4
2212,4935,116,hr 6334,350000.0,-0.239,0.014,-0.202,-0.108,21304,71
2213,4936,116,hr 6336,770000.0,0.713,-0.372,0.858,0.058,21986,47
2214,4937,116,hr 6337,50000.0,0.63,-0.079,0.709,-0.103,21708,47
2215,4938,116,hr 6338,455000.0,0.63,-0.079,0.709,-0.103,21708,47
2216,4939,116,hr 6359,755000.0,-0.349,0.036,-0.393,0.173,20119,3
2217,4940,116,hr 6363,1894000.0,-0.349,-0.937,-0.29,-0.957,21955,3
2218,4941,116,hr 6364,4316072.0,0.438,0.06,0.358,0.386,21956,14
2219,4942,116,hr 6365,5305271.0,0.486,0.024,0.495,-0.239,20947,54
2220,4943,116,hr 6368,273735.0,-0.304,0.168,-0.201,0.286,20321,44
2221,4944,116,hr 6370,440000.0,-0.343,-0.141,-0.25,-0.196,29707,71
2222,4945,116,hr 6371,660000.0,-0.343,-0.141,-0.25,-0.196,29707,71
2223,4946,116,hr 6377,90000.0,-0.359,0.298,-0.413,0.493,21983,40
2224,4947,116,hr 6379,36019083.0,-0.389,-0.152,-0.377,-0.268,15612,13
2225,4948,116,hr 638,90000.0,0.684,-0.327,0.652,-0.027,21758,49
2226,4949,116,hr 6383,3080000.0,-0.609,-0.244,-0.611,-0.089,20733,13
2227,4950,116,hr 6384,80000.0,-0.547,-0.35,-0.586,-0.417,29378,13
2228,4951,116,hr 6385,960000.0,0.447,0.158,0.55,-0.024,21755,67
2229,4952,116,hr 6388,9290000.0,-0.28,0.344,-0.312,0.549,21934,14
2230,4953,116,hr 6390,4280725.0,-0.402,0.208,-0.411,0.264,20343,24
2231,4954,116,hr 6393,14250000.0,0.441,-0.113,0.411,-0.147,21981,43
2232,4955,116,hr 6395,245060742.91,-0.288,-0.165,-0.281,-0.085,29768,73
2233,4956,116,hr 6396,4800000.0,0.827,-0.562,0.991,-0.136,21705,61
2234,4957,116,hr 6397,360000.0,-0.342,0.029,-0.328,-0.096,20706,1
2235,4958,116,hr 6399,350000.0,0.437,0.268,0.466,0.177,21503,42
2236,4959,116,hr 6400,45000.0,-0.486,-0.072,-0.488,-0.077,21343,13
2237,4960,116,hr 6401,410000.0,-0.324,-0.031,-0.313,-0.182,21730,21
2238,4961,116,hr 6403,260000.0,-0.279,0.181,-0.235,0.073,21953,33
2239,4962,116,hr 6407,60000.0,0.414,0.069,0.421,-0.061,21970,25
2240,4963,116,hr 6408,90000.0,-0.279,-0.045,-0.337,0.017,21525,3
2241,4964,116,hr 641,1086017.0,-0.399,-0.419,-0.412,-0.507,29504,71
2242,4965,116,hr 6413,360000.0,0.485,0.072,0.594,0.058,21987,47
2243,4966,116,hr 6414,540000.0,-0.508,-0.484,-0.627,-0.549,29377,13
2244,4967,116,hr 6417,418000.0,-0.603,-0.275,-0.531,-0.473,29911,21
2245,4968,116,hr 6423,314600.0,-0.26,0.076,-0.254,0.082,21732,43
2246,4969,116,hr 6426,50000.0,-0.176,0.269,-0.176,0.269,21958,13
2247,4970,116,hr 643,20000.0,-0.538,-0.323,-0.47,-0.401,29729,3
2248,4971,116,hr 6430,66207.0,-0.293,-0.956,-0.278,-0.961,21950,33
2249,4972,116,hr 6431,550000.0,0.141,-0.123,0.215,-0.277,21718,14
2250,4973,116,hr 6433,1850000.0,0.536,0.024,0.651,-0.229,21142,23
2251,4974,116,hr 6436,160000.0,0.542,-0.137,0.602,-0.497,29550,24
2252,4975,116,hr 6437,44894.0,-0.489,-0.38,-0.494,-0.375,20955,71
2253,4976,116,hr 644,200000.0,0.537,0.105,0.504,0.274,20357,67
2254,4977,116,hr 6440,50000.0,0.279,0.17,0.33,0.008,21328,21
2255,4978,116,hr 6442,880000.0,-0.414,-0.116,-0.332,-0.155,29109,1
2256,4979,116,hr 6443,22950000.0,0.229,0.426,0.294,0.181,21992,92
2257,4980,116,hr 6445,137285.0,-0.343,-0.113,-0.372,-0.031,21931,1
2258,4981,116,hr 6448,2040000.0,-0.526,-0.255,-0.483,-0.423,20537,25
2259,4982,116,hr 6450,110000.0,-0.392,-0.221,-0.466,-0.463,21948,62
2260,4983,116,hr 6451,440000.0,-0.392,-0.221,-0.466,-0.463,21948,62
2261,4984,116,hr 6453,201800.0,-0.324,-0.257,-0.306,-0.459,20954,21
2262,4985,116,hr 6456,7270000.0,0.451,0.0,0.375,0.108,20756,40
2263,4986,116,hr 6458,900000.0,-0.398,0.143,-0.361,0.039,21548,14
2264,4987,116,hr 6463,0.0,-0.431,-0.901,-0.459,-0.784,21921,21
2265,4988,116,hr 6464,0.0,-0.431,-0.901,-0.459,-0.784,21921,21
2266,4989,116,hr 6465,190000.0,0.229,0.426,0.294,0.181,21992,92
2267,4990,116,hr 6467,1110000.0,-0.392,-0.221,-0.466,-0.463,21948,62
2268,4991,116,hr 647,6386934.0,-0.408,-0.093,-0.41,-0.087,15603,13
2269,4992,116,hr 6470,830000.0,-0.217,-0.278,-0.179,0.016,21954,71
2270,4993,116,hr 6472,3130000.0,-0.603,-0.275,-0.531,-0.473,29911,21
2271,4994,116,hr 6474,115000.0,-0.38,-0.397,-0.412,-0.405,29312,71
2272,4995,116,hr 6479,180000.0,0.662,-0.383,0.678,-0.311,21905,54
2273,4996,116,hr 6480,280000.0,-0.389,-0.262,-0.397,-0.19,21172,5
2274,4997,116,hr 6481,80000.0,0.599,-0.647,0.913,-0.408,21719,43
2275,4998,116,hr 6482,410733.0,0.439,0.012,0.566,0.079,21720,25
2276,4999,116,hr 6484,20000.0,-0.392,-0.221,-0.466,-0.463,21948,62
2277,5000,116,hr 6485,14000.0,-0.293,-0.956,-0.278,-0.961,21950,33
2278,5001,116,hr 6486,1330000.0,-0.25,0.049,-0.199,0.015,21311,71
2279,5002,116,hr 6488,205000.0,0.375,0.154,0.323,0.092,29718,21
2280,5003,116,hr 6491,7170000.0,0.447,0.166,0.412,0.157,20124,34
2281,5004,116,hr 6494,12370000.0,-0.393,0.068,-0.404,0.328,29901,71
2282,5005,116,hr 6496,180000.0,-0.402,0.208,-0.411,0.264,20343,24
2283,5006,116,hr 6497,10420000.0,0.141,-0.123,0.215,-0.277,21718,14
2284,5007,116,hr 6501,1013000.0,-0.431,-0.901,-0.459,-0.784,21921,21
2285,5008,116,hr 651,1633045.58,0.178,-0.173,0.058,-0.35,14863,12
2286,5009,116,hr 6510,104285.0,-0.293,-0.956,-0.278,-0.961,21950,33
2287,5010,116,hr 6512,60000.0,-0.279,0.181,-0.235,0.073,21953,33
2288,5011,116,hr 6514,3181895.0,-0.45,0.012,-0.526,0.207,39307,40
2289,5012,116,hr 6519,20000.0,0.431,0.266,0.397,0.364,21911,49
2290,5013,116,hr 6521,760000.0,-0.506,-0.106,-0.508,0.144,21703,71
2291,5014,116,hr 6525,1840000.0,-0.521,-0.247,-0.552,-0.183,21741,52
2292,5015,116,hr 653,225000.0,-0.344,-0.063,-0.342,-0.171,21707,52
2293,5016,116,hr 6531,13500000.0,-0.404,-0.158,-0.464,0.03,21529,23
2294,5017,116,hr 6532,121000.0,-0.402,-0.322,-0.329,-0.336,29571,49
2295,5018,116,hr 6536,104285.0,-0.169,0.519,-0.17,0.519,21933,53
2296,5019,116,hr 6537,70000.0,-0.646,-0.464,-0.702,-0.159,21726,73
2297,5020,116,hr 6539,1710000.0,-0.236,0.307,-0.308,0.436,21938,65
2298,5021,116,hr 6545,2501240.0,-0.161,0.123,-0.152,0.017,21738,43
2299,5022,116,hr 6550,1040000.0,-0.343,-0.141,-0.25,-0.196,29707,71
2300,5023,116,hr 6551,1690000.0,-0.343,-0.141,-0.25,-0.196,29707,71
2301,5024,116,hr 6552,60000.0,-0.288,-0.958,-0.255,-0.967,21975,23
2302,5025,116,hr 6553,190000.0,-0.288,-0.958,-0.255,-0.967,21975,23
2303,5026,116,hr 6557,7160600.0,-0.38,-0.397,-0.412,-0.405,29312,71
2304,5027,116,hr 6558,60000.0,0.73,0.018,0.786,0.338,21360,49
2305,5028,116,hr 6559,4752526.0,-0.45,0.012,-0.526,0.207,39307,40
2306,5029,116,hr 6561,2517167.0,-0.506,-0.106,-0.508,0.144,21703,71
2307,5030,116,hr 6562,220000.0,0.529,0.129,0.684,0.266,20522,47
2308,5031,116,hr 6563,10523304.0,-0.376,-0.218,-0.381,-0.133,21342,13
2309,5032,116,hr 6566,1500000.0,0.178,-0.173,0.058,-0.35,14863,12
2310,5033,116,hr 6567,347171.0,0.331,0.357,0.325,0.545,20946,14
2311,5034,116,hr 6573,1800000.0,-0.344,-0.155,-0.324,-0.093,21706,11
2312,5035,116,hr 6579,710000.0,-0.402,-0.322,-0.329,-0.336,29571,49
2313,5036,116,hr 6580,710227.0,-0.447,0.894,-0.445,0.84,21919,49
2314,5037,116,hr 6581,110000.0,-0.431,-0.901,-0.459,-0.784,21921,21
2315,5038,116,hr 6582,104285.0,-0.343,-0.113,-0.372,-0.031,21931,1
2316,5039,116,hr 6583,50000.0,-0.28,0.344,-0.312,0.549,21934,14
2317,5040,116,hr 6585,4453735.0,-0.466,-0.024,-0.45,0.005,21371,21
2318,5041,116,hr 6588,1189417.0,-0.324,-0.031,-0.313,-0.182,21730,21
2319,5042,116,hr 659,80000.0,-0.401,-0.078,-0.364,-0.004,20959,43
2320,5043,116,hr 6592,660000.0,-0.282,0.072,-0.268,0.162,20705,62
2321,5044,116,hr 6597,150000.0,0.301,-0.124,0.204,0.077,21541,13
2322,5045,116,hr 6601,20000.0,0.827,-0.562,0.991,-0.136,21705,61
2323,5046,116,hr 6602,90000.0,-0.426,-0.641,-0.382,-0.401,29588,72
2324,5047,116,hr 6607,10000.0,-0.349,0.036,-0.393,0.173,20119,3
2325,5048,116,hr 6611,10000.0,0.535,0.352,0.605,0.098,21123,44
2326,5049,116,hr 6612,60000.0,-0.464,-0.292,-0.461,-0.075,21312,71
2327,5050,116,hr 6616,70000.0,-0.394,-0.004,-0.361,0.025,21309,71
2328,5051,116,hr 662,140000.0,-0.581,0.14,-0.589,-0.271,20941,24
2329,5052,116,hr 6620,990000.0,-0.261,-0.099,-0.261,-0.138,21340,4
2330,5053,116,hr 6623,87262.0,-0.376,-0.218,-0.381,-0.133,21342,13
2331,5054,116,hr 6624,16595000.0,-0.404,-0.168,-0.154,-0.101,15454,12
2332,5055,116,hr 6628,1950000.0,-0.378,-0.275,-0.34,-0.134,20723,51
2333,5056,116,hr 663,51000.0,-0.274,-0.282,-0.271,-0.091,21324,82
2334,5057,116,hr 6630,13350000.0,0.382,-0.112,0.288,0.163,21969,33
2335,5058,116,hr 6637,4813712.87,-0.431,-0.901,-0.459,-0.784,21921,21
2336,5059,116,hr 6644,930000.0,-0.29,0.457,-0.348,0.448,21962,73
2337,5060,116,hr 6645,143200.0,-0.415,-0.268,-0.403,-0.061,20934,13
2338,5061,116,hr 6646,11031000.0,-0.45,0.012,-0.526,0.207,39307,40
2339,5062,116,hr 6649,151000.0,-0.603,-0.275,-0.531,-0.473,29911,21
2340,5063,116,hr 665,30000.0,-0.598,-0.263,-0.595,-0.214,20305,61
2341,5064,116,hr 6650,720000.0,-0.603,-0.275,-0.531,-0.473,29911,21
2342,5065,116,hr 6654,200000.0,-0.25,0.528,-0.239,0.568,21902,31
2343,5066,116,hr 6656,30000.0,-0.322,-0.006,-0.346,-0.227,21713,43
2344,5067,116,hr 6660,13350000.0,-0.344,-0.155,-0.324,-0.093,21706,11
2345,5068,116,hr 6661,990000.0,-0.344,-0.063,-0.342,-0.171,21707,52
2346,5069,116,hr 6664,580000.0,0.662,-0.383,0.678,-0.311,21905,54
2347,5070,116,hr 6666,290000.0,-0.479,-0.203,-0.581,-0.292,29346,21
2348,5071,116,hr 6669,40000.0,-0.427,-0.002,-0.323,-0.655,15410,72
2349,5072,116,hr 6670,14130000.0,-0.38,-0.397,-0.412,-0.405,29312,71
2350,5073,116,hr 6671,1832262.0,-0.224,0.501,-0.224,0.501,21918,31
2351,5074,116,hr 6674,624220.0,-0.646,-0.464,-0.702,-0.159,21726,73
2352,5075,116,hr 6675,470000.0,-0.473,-0.024,-0.48,-0.058,20712,44
2353,5076,116,hr 6676,60000.0,-0.479,-0.203,-0.581,-0.292,29346,21
2354,5077,116,hr 6680,1650000.0,-0.373,-0.176,-0.41,-0.089,21372,23
2355,5078,116,hr 6685,40000.0,-0.309,0.237,-0.249,0.354,21944,44
2356,5079,116,hr 6686,20000.0,-0.345,0.332,-0.345,0.333,21947,43
2357,5080,116,hr 6688,2548795.0,-0.291,0.128,-0.307,-0.032,21740,71
2358,5081,116,hr 6690,14340000.0,0.8,-0.6,0.919,-0.395,21961,49
2359,5082,116,hr 6691,550000.0,0.8,-0.6,0.919,-0.395,21961,49
2360,5083,116,hr 6693,250000.0,-0.393,0.068,-0.404,0.328,29901,71
2361,5084,116,hr 6697,3101000.0,-0.241,0.354,-0.299,0.322,21951,4
2362,5085,116,hr 6698,660000.0,-0.603,-0.275,-0.531,-0.473,29911,21
2363,5086,116,hr 6699,582000.0,-0.261,-0.099,-0.261,-0.138,21340,4
2364,5087,116,hr 6700,1959368.0,-0.393,0.068,-0.404,0.328,29901,71
2365,5088,116,hr 6701,170000.0,-0.38,-0.397,-0.412,-0.405,29312,71
2366,5089,116,hr 6703,135000.0,-0.468,0.016,-0.442,0.128,21545,47
2367,5090,116,hr 6704,2965299.0,-0.25,0.528,-0.239,0.568,21902,31
2368,5091,116,hr 6705,660000.0,-0.25,0.528,-0.239,0.568,21902,31
2369,5092,116,hr 6708,13350000.0,0.362,-0.096,0.35,-0.145,20709,43
2370,5093,116,hr 6711,3525535.0,-0.305,0.19,-0.273,0.408,21912,62
2371,5094,116,hr 6712,550000.0,0.447,0.158,0.55,-0.024,21755,67
2372,5095,116,hr 6713,13480000.0,-0.291,-0.189,-0.304,0.013,31101,73
2373,5096,116,hr 6714,0.0,-0.587,-0.211,-0.623,-0.046,21715,13
2374,5097,116,hr 6718,0.0,-0.503,-0.257,-0.613,-0.144,21728,71
2375,5098,116,hr 6720,470000.0,-0.387,-0.285,-0.357,-0.56,29379,13
2376,5099,116,hr 6722,104285.0,-0.392,-0.221,-0.466,-0.463,21948,62
2377,5100,116,hr 6723,4304087.0,-0.148,0.712,-0.205,0.196,29127,33
2378,5101,116,hr 6726,104285.0,-0.29,0.457,-0.348,0.448,21962,73
2379,5102,116,hr 6727,11000.0,-0.29,0.457,-0.348,0.448,21962,73
2380,5103,116,hr 6728,47900.0,0.535,0.352,0.605,0.098,21123,44
2381,5104,116,hr 6729,112300.0,-0.304,0.168,-0.201,0.286,20321,44
2382,5105,116,hr 6731,13350000.0,0.382,-0.112,0.288,0.163,21969,33
2383,5106,116,hr 6732,1240000.0,0.528,0.266,0.557,0.238,21351,24
2384,5107,116,hr 6733,150000.0,-0.359,0.298,-0.413,0.493,21983,40
2385,5108,116,hr 6735,300000.0,-0.25,0.528,-0.239,0.568,21902,31
2386,5109,116,hr 6736,1305072.0,-0.25,0.528,-0.239,0.568,21902,31
2387,5110,116,hr 6739,10000.0,-0.653,0.498,-0.402,0.253,21906,21
2388,5111,116,hr 674,1450000.0,-0.387,-0.285,-0.357,-0.56,29379,13
2389,5112,116,hr 6741,1305072.0,-0.481,-0.078,-0.477,-0.023,20147,34
2390,5113,116,hr 6742,430200.0,0.593,0.367,0.482,0.322,20531,49
2391,5114,116,hr 6745,37900.0,-0.427,-0.002,-0.323,-0.655,15410,72
2392,5115,116,hr 6748,660000.0,-0.233,0.277,-0.216,0.2,21916,13
2393,5116,116,hr 6749,281716.0,-0.402,-0.322,-0.329,-0.336,29571,49
2394,5117,116,hr 675,80000.0,-0.392,-0.221,-0.466,-0.463,21948,62
2395,5118,116,hr 6751,190000.0,-0.38,-0.397,-0.412,-0.405,29312,71
2396,5119,116,hr 6752,200000.0,-0.38,-0.397,-0.412,-0.405,29312,71
2397,5120,116,hr 6754,4070000.0,-0.447,0.894,-0.445,0.84,21919,49
2398,5121,116,hr 6756,104285.0,-0.581,0.14,-0.589,-0.271,20941,24
2399,5122,116,hr 6760,1375072.0,-0.443,0.29,-0.432,0.291,20529,49
2400,5123,116,hr 6761,30000.0,-0.598,-0.263,-0.595,-0.214,20305,61
2401,5124,116,hr 6762,10000.0,-0.348,-0.032,-0.296,0.084,20519,13
2402,5125,116,hr 6764,365000.0,-0.336,0.251,-0.273,0.398,21937,12
2403,5126,116,hr 6767,60000.0,-0.353,0.176,-0.353,0.124,21939,71
2404,5127,116,hr 6774,80000.0,-0.538,-0.323,-0.47,-0.401,29729,3
2405,5128,116,hr 6776,23962627.0,-0.161,0.123,-0.152,0.017,21738,43
2406,5129,116,hr 6782,2290000.0,-0.279,0.181,-0.235,0.073,21953,33
2407,5130,116,hr 6783,3240000.0,0.531,-0.352,0.386,0.03,20909,43
2408,5131,116,hr 6788,8785599.0,-0.187,-0.14,-0.188,-0.21,21326,21
2409,5132,116,hr 6789,1160000.0,-0.343,-0.141,-0.25,-0.196,29707,71
2410,5133,116,hr 679,735000.0,-0.28,0.039,-0.271,-0.09,21540,13
2411,5134,116,hr 6792,730000.0,0.513,0.232,0.519,0.151,20729,35
2412,5135,116,hr 6793,130000.0,-0.417,-0.18,-0.472,-0.175,21977,3
2413,5136,116,hr 6794,1305072.0,-0.404,0.047,-0.383,0.166,21314,71
2414,5137,116,hr 6796,560000.0,0.73,0.018,0.786,0.338,21360,49
2415,5138,116,hr 6798,40000.0,-0.478,-0.013,-0.472,0.012,21118,43
2416,5139,116,hr 6799,1490000.0,-0.393,0.068,-0.404,0.328,29901,71
2417,5140,116,hr 68,300000.0,0.827,-0.562,0.991,-0.136,21705,61
2418,5141,116,hr 680,5640000.0,-0.296,0.127,-0.269,0.093,20329,52
2419,5142,116,hr 6800,295036390.77,-0.389,-0.152,-0.377,-0.268,15612,13
2420,5143,116,hr 6802,3280000.0,0.642,0.003,0.549,0.118,21700,49
2421,5144,116,hr 6805,650000.0,0.63,-0.079,0.709,-0.103,21708,47
2422,5145,116,hr 6806,1305072.0,-0.453,0.009,-0.43,0.017,20517,34
2423,5146,116,hr 6807,676871.0,-0.465,0.25,-0.466,0.283,39301,48
2424,5147,116,hr 6808,321000.0,-0.305,0.19,-0.273,0.408,21912,62
2425,5148,116,hr 6809,1324025.0,0.279,0.17,0.33,0.008,21328,21
2426,5149,116,hr 6810,2845681.0,0.279,0.17,0.33,0.008,21328,21
2427,5150,116,hr 6811,68000.0,-0.414,-0.116,-0.332,-0.155,29109,1
2428,5151,116,hr 6812,2956293.0,-0.414,-0.116,-0.332,-0.155,29109,1
2429,5152,116,hr 6816,460000.0,0.24,0.315,0.285,0.245,21924,24
2430,5153,116,hr 6819,75000.0,-0.332,-0.233,-0.324,-0.226,21928,66
2431,5154,116,hr 6820,1775072.0,-0.312,-0.128,-0.323,-0.139,21369,73
2432,5155,116,hr 6821,14406143.0,0.604,0.165,0.668,0.193,21349,47
2433,5156,116,hr 6824,660000.0,-0.311,-0.009,-0.296,-0.06,21368,73
2434,5157,116,hr 6825,710000.0,-0.206,0.426,-0.177,0.381,21941,40
2435,5158,116,hr 6828,150000.0,-0.297,-0.955,-0.222,-0.975,21949,13
2436,5159,116,hr 6829,638175.0,-0.241,0.354,-0.299,0.322,21951,4
2437,5160,116,hr 683,620000.0,-0.547,-0.35,-0.586,-0.417,29378,13
2438,5161,116,hr 6836,270000.0,-0.25,0.049,-0.199,0.015,21311,71
2439,5162,116,hr 6837,7114498.0,-0.187,-0.14,-0.188,-0.21,21326,21
2440,5163,116,hr 6841,2452869.0,0.331,0.357,0.325,0.545,20946,14
2441,5164,116,hr 6844,50000.0,0.269,0.244,0.34,-0.017,20342,24
2442,5165,116,hr 6846,104285.0,-0.547,-0.35,-0.586,-0.417,29378,13
2443,5166,116,hr 6851,20000.0,-0.297,-0.955,-0.222,-0.975,21949,13
2444,5167,116,hr 6858,2450000.0,-0.404,0.047,-0.383,0.166,21314,71
2445,5168,116,hr 6863,13350000.0,0.61,0.134,0.651,0.084,21323,44
2446,5169,116,hr 6864,110000.0,-0.228,0.622,-0.172,0.719,20533,49
2447,5170,116,hr 6866,6870000.0,-0.38,-0.397,-0.412,-0.405,29312,71
2448,5171,116,hr 6873,1375072.0,-0.217,-0.278,-0.179,0.016,21954,71
2449,5172,116,hr 6874,25000.0,-0.217,-0.278,-0.179,0.016,21954,71
2450,5173,116,hr 6876,13350000.0,-0.324,0.749,-0.3,0.776,21965,23
2451,5174,116,hr 6880,620000.0,-0.324,0.749,-0.3,0.776,21965,23
2452,5175,116,hr 6881,1410000.0,-0.403,0.337,-0.423,0.287,21365,49
2453,5176,116,hr 6885,13350000.0,0.572,0.293,0.604,0.325,21182,49
2454,5177,116,hr 6886,5136836.0,0.8,-0.6,0.919,-0.395,21961,49
2455,5178,116,hr 6887,100000.0,0.447,0.158,0.55,-0.024,21755,67
2456,5179,116,hr 6889,450000.0,0.387,0.196,0.447,-0.035,21196,65
2457,5180,116,hr 6892,180000.0,-0.438,0.042,-0.446,0.047,21352,24
2458,5181,116,hr 6895,550000.0,0.827,-0.562,0.991,-0.136,21705,61
2459,5182,116,hr 6896,1980000.0,0.657,-0.428,0.729,-0.521,21510,62
2460,5183,116,hr 6897,2884034.0,-0.389,-0.262,-0.397,-0.19,21172,5
2461,5184,116,hr 6899,2745072.0,-0.449,-0.035,-0.514,0.075,21915,14
2462,5185,116,hr 6904,104285.0,-0.343,-0.113,-0.372,-0.031,21931,1
2463,5186,116,hr 6906,70000.0,-0.646,-0.464,-0.702,-0.159,21726,73
2464,5187,116,hr 6907,980000.0,-0.373,-0.176,-0.41,-0.089,21372,23
2465,5188,116,hr 6909,200000.0,-0.387,-0.285,-0.357,-0.56,29379,13
2466,5189,116,hr 6910,90000.0,0.589,0.171,0.494,0.197,21734,32
2467,5190,116,hr 6912,50500.0,-0.176,0.269,-0.176,0.269,21958,13
2468,5191,116,hr 6918,2967220.0,-0.646,-0.464,-0.702,-0.159,21726,73
2469,5192,116,hr 6920,220000.0,0.462,0.009,0.462,0.003,21967,43
2470,5193,116,hr 6921,1000000.0,0.541,0.257,0.487,0.511,21522,45
2471,5194,116,hr 6925,120000.0,0.827,-0.562,0.991,-0.136,21705,61
2472,5195,116,hr 6926,2394184.0,-0.398,0.143,-0.361,0.039,21548,14
2473,5196,116,hr 693,405000.0,-0.182,0.054,-0.263,0.059,20944,72
2474,5197,116,hr 6930,30680000.0,0.562,0.314,0.551,0.272,21513,44
2475,5198,116,hr 6934,210000.0,-0.449,-0.035,-0.514,0.075,21915,14
2476,5199,116,hr 6936,30000.0,0.431,0.085,0.423,0.06,21751,64
2477,5200,116,hr 6938,10000.0,0.426,0.274,0.326,0.396,20916,51
2478,5201,116,hr 6940,56000.0,0.436,0.234,0.463,0.155,21162,24
2479,5202,116,hr 6942,960000.0,0.234,0.382,0.295,0.254,21128,21
2480,5203,116,hr 6952,8000000.0,-0.187,-0.14,-0.188,-0.21,21326,21
2481,5204,116,hr 6953,320000.0,-0.352,0.021,-0.351,0.018,21963,43
2482,5205,116,hr 6954,1980000.0,-0.225,0.266,-0.184,0.241,21964,12
2483,5206,116,hr 6955,1160000.0,-0.381,-0.41,-0.474,-0.535,20762,71
2484,5207,116,hr 6956,100000.0,-0.163,0.314,-0.163,0.314,21976,66
2485,5208,116,hr 6957,75000.0,-0.291,0.128,-0.307,-0.032,21740,71
2486,5209,116,hr 6958,822000.0,-0.25,0.528,-0.239,0.568,21902,31
2487,5210,116,hr 6959,80000.0,-0.584,-0.098,-0.524,-0.206,21110,71
2488,5211,116,hr 6962,2180000.0,-0.353,-0.005,-0.434,0.001,21358,14
2489,5212,116,hr 6965,2040000.0,-0.394,-0.329,-0.382,-0.148,20748,54
2490,5213,116,hr 6969,960000.0,0.702,-0.1,0.738,-0.107,21174,48
2491,5214,116,hr 6971,210000.0,-0.408,-0.093,-0.41,-0.087,15603,13
2492,5215,116,hr 6972,20000.0,-0.38,-0.397,-0.412,-0.405,29312,71
2493,5216,116,hr 6975,2370000.0,-0.598,-0.263,-0.595,-0.214,20305,61
2494,5217,116,hr 6976,25000.0,0.478,0.229,0.509,0.221,21149,34
2495,5218,116,hr 6977,2629087.0,0.462,0.139,0.474,0.111,21935,37
2496,5219,116,hr 6978,10898125.0,-0.503,-0.257,-0.613,-0.144,21728,71
2497,5220,116,hr 6982,2030000.0,-0.272,0.121,-0.26,0.099,21942,12
2498,5221,116,hr 6983,7360680.0,-0.387,-0.285,-0.357,-0.56,29379,13
2499,5222,116,hr 6988,390000.0,0.517,0.104,0.469,0.299,21946,56
2500,5223,116,hr 6989,720000.0,-0.297,-0.955,-0.222,-0.975,21949,13
2501,5224,116,hr 6993,100000.0,-0.368,-0.006,-0.313,0.166,29741,12
2502,5225,116,hr 6994,2010000.0,-0.279,0.181,-0.235,0.073,21953,33
2503,5226,116,hr 6995,3210000.0,0.531,-0.352,0.386,0.03,20909,43
2504,5227,116,hr 6999,186400.0,-0.402,0.208,-0.411,0.264,20343,24
2505,5228,116,hr 7,3004386.0,-0.414,-0.116,-0.332,-0.155,29109,1
2506,5229,116,hr 7000,6671000.0,-0.343,-0.141,-0.25,-0.196,29707,71
2507,5230,116,hr 7001,1850000.0,0.178,-0.173,0.058,-0.35,14863,12
2508,5231,116,hr 7006,0.0,-0.547,-0.35,-0.586,-0.417,29378,13
2509,5232,116,hr 7008,690000.0,0.528,0.266,0.557,0.238,21351,24
2510,5233,116,hr 7010,41764158.58,-0.279,0.181,-0.235,0.073,21953,33
2511,5234,116,hr 7011,27320685.0,-0.387,-0.285,-0.357,-0.56,29379,13
2512,5235,116,hr 7014,4690000.0,-0.38,-0.397,-0.412,-0.405,29312,71
2513,5236,116,hr 7015,3382000.0,-0.387,-0.285,-0.357,-0.56,29379,13
2514,5237,116,hr 7016,220000.0,0.462,-0.357,0.333,-0.137,21735,43
2515,5238,116,hr 7017,60000.0,0.529,0.129,0.684,0.266,20522,47
2516,5239,116,hr 7019,710227.0,0.559,0.149,0.55,0.048,20759,45
2517,5240,116,hr 7020,1000000.0,-0.603,-0.275,-0.531,-0.473,29911,21
2518,5241,116,hr 7022,1770000.0,-0.465,0.25,-0.466,0.283,39301,48
2519,5242,116,hr 7023,30000.0,-0.417,-0.18,-0.472,-0.175,21977,3
2520,5243,116,hr 7024,120000.0,-0.506,-0.106,-0.508,0.144,21703,71
2521,5244,116,hr 7025,50000.0,0.383,0.372,0.399,0.271,21132,22
2522,5245,116,hr 7026,50000.0,-0.43,-0.304,-0.461,-0.424,29710,62
2523,5246,116,hr 7027,1045220.0,-0.414,-0.116,-0.332,-0.155,29109,1
2524,5247,116,hr 7028,120000.0,-0.408,-0.093,-0.41,-0.087,15603,13
2525,5248,116,hr 7032,3225000.0,-0.311,-0.009,-0.296,-0.06,21368,73
2526,5249,116,hr 7033,240000.0,0.537,0.383,0.541,0.041,21731,54
2527,5250,116,hr 7034,140000.0,-0.387,-0.285,-0.357,-0.56,29379,13
2528,5251,116,hr 7045,20000.0,-0.198,-0.082,-0.223,-0.216,20322,82
2529,5252,116,hr 7046,3670000.0,-0.653,0.498,-0.402,0.253,21906,21
2530,5253,116,hr 7047,1432311.0,0.469,-0.093,0.423,-0.079,21531,33
2531,5254,116,hr 705,440000.0,0.185,0.013,0.197,-0.025,21542,13
2532,5255,116,hr 7057,20000.0,-0.521,-0.247,-0.552,-0.183,21741,52
2533,5256,116,hr 7058,230000.0,0.269,0.12,0.527,-0.73,21101,13
2534,5257,116,hr 7059,9866368.02,0.486,0.024,0.495,-0.239,20947,54
2535,5258,116,hr 7061,65000.0,0.441,-0.113,0.411,-0.147,21981,43
2536,5259,116,hr 7062,480000.0,-0.656,-0.079,-0.621,-0.518,29106,71
2537,5260,116,hr 7066,2274510.0,0.52,0.239,0.482,0.306,29760,49
2538,5261,116,hr 7071,133626.0,0.304,-0.061,0.32,0.158,20518,35
2539,5262,116,hr 7073,795415.0,-0.309,-0.095,-0.466,-0.129,20958,71
2540,5263,116,hr 7076,300000.0,-0.646,-0.464,-0.702,-0.159,21726,73
2541,5264,116,hr 7078,916500.0,-0.466,-0.024,-0.45,0.005,21371,21
2542,5265,116,hr 7079,10575746.0,0.458,0.219,0.428,0.056,21562,21
2543,5266,116,hr 7083,380000.0,-0.343,-0.141,-0.25,-0.196,29707,71
2544,5267,116,hr 7084,1305072.0,-0.656,-0.079,-0.621,-0.518,29106,71
2545,5268,116,hr 7085,550000.0,0.654,-0.757,0.821,-0.571,21143,23
2546,5269,116,hr 7089,156287.0,-0.403,-0.068,-0.387,0.109,21362,49
2547,5270,116,hr 7090,100000.0,0.372,0.208,0.432,0.116,21305,71
2548,5271,116,hr 7092,7748587.0,-0.131,0.49,-0.131,0.49,21913,48
2549,5272,116,hr 7095,4604491.6,-0.427,-0.002,-0.323,-0.655,15410,72
2550,5273,116,hr 7096,4060000.0,-0.38,-0.397,-0.412,-0.405,29312,71
2551,5274,116,hr 7098,10000.0,-0.598,-0.263,-0.595,-0.214,20305,61
2552,5275,116,hr 7100,70000.0,-0.459,0.125,-0.429,0.063,29573,49
2553,5276,116,hr 7102,2170000.0,0.568,0.009,0.535,0.174,21936,14
2554,5277,116,hr 7103,30000.0,-0.373,-0.176,-0.41,-0.089,21372,23
2555,5278,116,hr 7105,908756.0,-0.353,0.176,-0.353,0.124,21939,71
2556,5279,116,hr 7106,760000.0,-0.227,0.176,-0.294,0.3,20508,21
2557,5280,116,hr 7111,144100.0,0.486,0.024,0.495,-0.239,20947,54
2558,5281,116,hr 7112,0.0,-0.431,-0.127,-0.444,0.214,21996,95
2559,5282,116,hr 7113,2241000.0,-0.603,-0.275,-0.531,-0.473,29911,21
2560,5283,116,hr 7116,60000.0,0.333,-0.011,0.379,-0.066,29932,72
2561,5284,116,hr 7119,20000.0,0.283,0.022,0.161,0.147,14066,81
2562,5285,116,hr 712,0.0,-0.285,0.229,-0.275,0.357,21711,71
2563,5286,116,hr 7120,37210938.0,-0.584,-0.098,-0.524,-0.206,21110,71
2564,5287,116,hr 7124,7500.0,-0.344,-0.063,-0.342,-0.171,21707,52
2565,5288,116,hr 7127,560000.0,-0.404,0.184,-0.254,0.032,20340,47
2566,5289,116,hr 7130,60000.0,0.279,0.17,0.33,0.008,21328,21
2567,5290,116,hr 7133,70000.0,-0.332,-0.233,-0.324,-0.226,21928,66
2568,5291,116,hr 714,40000.0,0.652,-0.417,0.564,-0.142,21193,41
2569,5292,116,hr 7143,190000.0,-0.547,-0.35,-0.586,-0.417,29378,13
2570,5293,116,hr 7148,1951011.0,0.531,0.145,0.463,0.214,20138,48
2571,5294,116,hr 7154,6070508.0,-0.398,0.143,-0.361,0.039,21548,14
2572,5295,116,hr 7158,2879864.0,-0.344,-0.063,-0.342,-0.171,21707,52
2573,5296,116,hr 7159,300000.0,-0.239,0.054,-0.211,0.035,21329,21
2574,5297,116,hr 7160,670000.0,-0.404,0.184,-0.254,0.032,20340,47
2575,5298,116,hr 7166,90000.0,-0.581,0.14,-0.589,-0.271,20941,24
2576,5299,116,hr 7168,329804.0,-0.382,0.74,-0.363,0.642,21722,49
2577,5300,116,hr 717,1120000.0,-0.344,-0.063,-0.342,-0.171,21707,52
2578,5301,116,hr 7170,240000.0,0.68,-0.08,0.418,-0.176,21760,53
2579,5302,116,hr 7172,100000.0,-0.348,0.138,-0.348,0.043,21339,65
2580,5303,116,hr 7173,60000.0,-0.421,-0.206,-0.438,-0.114,21335,3
2581,5304,116,hr 7175,2424087.0,-0.26,-0.08,-0.304,-0.306,29769,25
2582,5305,116,hr 7177,2400000.0,-0.349,0.036,-0.393,0.173,20119,3
2583,5306,116,hr 7178,15601302.0,0.416,0.143,0.38,0.223,20530,49
2584,5307,116,hr 7181,240000.0,0.45,0.223,0.389,-0.04,20307,71
2585,5308,116,hr 7185,10000.0,-0.362,-0.077,-0.374,-0.048,21306,71
2586,5309,116,hr 7186,160000.0,-0.393,0.068,-0.404,0.328,29901,71
2587,5310,116,hr 7187,730000.0,0.331,0.357,0.325,0.545,20946,14
2588,5311,116,hr 7188,1040000.0,0.604,0.143,0.599,0.145,21974,48
2589,5312,116,hr 7190,360000.0,-0.163,0.314,-0.163,0.314,21976,66
2590,5313,116,hr 7197,4130000.0,-0.426,-0.641,-0.382,-0.401,29588,72
2591,5314,116,hr 7200,120000.0,-0.187,0.342,-0.165,0.429,21966,40
2592,5315,116,hr 7201,1080000.0,-0.482,-0.317,-0.495,-0.441,21375,3
2593,5316,116,hr 7203,1130000.0,-0.305,0.19,-0.273,0.408,21912,62
2594,5317,116,hr 7204,280000.0,-0.38,-0.397,-0.412,-0.405,29312,71
2595,5318,116,hr 7205,100000.0,-0.38,-0.397,-0.412,-0.405,29312,71
2596,5319,116,hr 7211,150000.0,0.797,-0.242,0.713,-0.115,21514,44
2597,5320,116,hr 7212,80000.0,-0.169,0.519,-0.17,0.519,21933,53
2598,5321,116,hr 7214,370000.0,-0.485,0.198,-0.528,0.362,39305,49
2599,5322,116,hr 7216,2200000.0,-0.448,-0.039,-0.455,-0.037,21530,23
2600,5323,116,hr 7222,4680000.0,-0.291,0.128,-0.307,-0.032,21740,71
2601,5324,116,hr 7223,60000.0,0.506,0.147,0.457,0.357,21952,22
2602,5325,116,hr 7226,160000.0,0.462,0.009,0.462,0.003,21967,43
2603,5326,116,hr 7227,164600.0,-0.381,-0.41,-0.474,-0.535,20762,71
2604,5327,116,hr 7228,2520000.0,-0.367,0.268,-0.337,0.364,21972,23
2605,5328,116,hr 723,12441092.0,0.659,-0.353,0.733,-0.191,21564,24
2606,5329,116,hr 7232,690000.0,-0.459,0.125,-0.429,0.063,29573,49
2607,5330,116,hr 7233,4280000.0,0.455,0.212,0.306,0.53,21759,24
2608,5331,116,hr 724,50000.0,-0.401,-0.078,-0.364,-0.004,20959,43
2609,5332,116,hr 7242,260000.0,0.447,0.158,0.55,-0.024,21755,67
2610,5333,116,hr 7244,80000.0,0.284,0.141,0.499,-0.312,20316,43
2611,5334,116,hr 7253,70000.0,-0.373,-0.176,-0.41,-0.089,21372,23
2612,5335,116,hr 7255,7337434.0,-0.324,-0.031,-0.313,-0.182,21730,21
2613,5336,116,hr 7256,865661.0,-0.375,0.114,-0.367,0.25,20136,5
2614,5337,116,hr 7257,520000.0,-0.364,0.177,-0.355,0.556,20145,73
2615,5338,116,hr 7259,13140000.0,-0.309,0.237,-0.249,0.354,21944,44
2616,5339,116,hr 7262,30000.0,-0.415,-0.072,-0.575,-0.416,29776,13
2617,5340,116,hr 7263,130000.0,0.542,0.234,0.523,0.423,21355,53
2618,5341,116,hr 7264,0.0,-0.392,-0.221,-0.466,-0.463,21948,62
2619,5342,116,hr 7265,50000.0,-0.291,0.128,-0.307,-0.032,21740,71
2620,5343,116,hr 7269,110000.0,-0.324,-0.257,-0.306,-0.459,20954,21
2621,5344,116,hr 7270,550000.0,0.8,-0.6,0.919,-0.395,21961,49
2622,5345,116,hr 7274,40000.0,-0.343,-0.141,-0.25,-0.196,29707,71
2623,5346,116,hr 7278,560000.0,0.382,-0.112,0.288,0.163,21969,33
2624,5347,116,hr 728,1640799.0,0.256,0.3,0.246,0.23,21353,24
2625,5348,116,hr 7283,480000.0,0.333,-0.011,0.379,-0.066,29932,72
2626,5349,116,hr 7286,3449551.0,-0.344,-0.155,-0.324,-0.093,21706,11
2627,5350,116,hr 7287,20000.0,0.384,0.032,0.279,0.374,21519,21
2628,5351,116,hr 7288,20741000.0,-0.402,-0.322,-0.329,-0.336,29571,49
2629,5352,116,hr 729,210000.0,-0.311,-0.009,-0.296,-0.06,21368,73
2630,5353,116,hr 7292,2973237.0,-0.348,0.116,-0.262,-0.281,15029,24
2631,5354,116,hr 7293,110000.0,-0.187,-0.03,-0.161,-0.159,21315,71
2632,5355,116,hr 7294,340000.0,-0.217,-0.278,-0.179,0.016,21954,71
2633,5356,116,hr 7296,15471000.0,-0.603,-0.275,-0.531,-0.473,29911,21
2634,5357,116,hr 730,280000.0,0.259,-0.03,0.379,-0.349,29375,13
2635,5358,116,hr 7300,340000.0,-0.362,0.045,-0.368,0.042,21508,71
2636,5359,116,hr 7301,7485072.0,-0.656,-0.079,-0.621,-0.518,29106,71
2637,5360,116,hr 7302,2467300.0,-0.465,0.25,-0.466,0.283,39301,48
2638,5361,116,hr 7303,3070000.0,-0.344,-0.155,-0.324,-0.093,21706,11
2639,5362,116,hr 7308,7745589.0,-0.43,-0.304,-0.461,-0.424,29710,62
2640,5363,116,hr 7309,70000.0,-0.402,-0.322,-0.329,-0.336,29571,49
2641,5364,116,hr 7317,570000.0,-0.35,-0.133,-0.295,-0.173,20104,71
2642,5365,116,hr 732,90000.0,-0.387,-0.285,-0.357,-0.56,29379,13
2643,5366,116,hr 7321,6800000.0,0.301,-0.124,0.204,0.077,21541,13
2644,5367,116,hr 7323,20000.0,-0.415,-0.268,-0.403,-0.061,20934,13
2645,5368,116,hr 7324,545406.58,0.641,0.017,0.619,-0.006,21543,47
2646,5369,116,hr 7327,1314500.0,-0.389,-0.152,-0.377,-0.268,15612,13
2647,5370,116,hr 7328,15000.0,-0.523,-0.374,-0.491,-0.269,21504,71
2648,5371,116,hr 733,90000.0,-0.417,-0.193,-0.424,-0.31,20122,33
2649,5372,116,hr 7330,28210466.0,-0.393,0.068,-0.404,0.328,29901,71
2650,5373,116,hr 7331,1470000.0,-0.375,0.114,-0.367,0.25,20136,5
2651,5374,116,hr 7332,30000.0,0.623,0.177,0.617,0.354,20521,47
2652,5375,116,hr 7334,50000.0,0.352,0.217,0.403,0.355,21331,22
2653,5376,116,hr 7338,30000.0,0.405,0.82,0.517,0.446,21710,68
2654,5377,116,hr 7340,210000.0,-0.306,-0.038,-0.282,0.277,20952,40
2655,5378,116,hr 7341,30000.0,-0.306,-0.038,-0.282,0.277,20952,40
2656,5379,116,hr 7343,120000.0,-0.305,0.19,-0.273,0.408,21912,62
2657,5380,116,hr 7346,70000.0,0.284,0.141,0.499,-0.312,20316,43
2658,5381,116,hr 7355,100000.0,0.526,0.175,0.699,0.269,21346,47
2659,5382,116,hr 7356,45000.0,-0.646,-0.464,-0.702,-0.159,21726,73
2660,5383,116,hr 7359,250000.0,0.637,0.273,0.542,0.384,21561,46
2661,5384,116,hr 736,2060000.0,-0.324,-0.257,-0.306,-0.459,20954,21
2662,5385,116,hr 7361,160000.0,0.234,0.382,0.295,0.254,21128,21
2663,5386,116,hr 7366,70000.0,0.678,-0.735,0.879,-0.477,31102,51
2664,5387,116,hr 737,941000.0,-0.431,-0.127,-0.444,0.214,21996,95
2665,5388,116,hr 7370,5200657.0,-0.508,-0.484,-0.627,-0.549,29377,13
2666,5389,116,hr 7371,1000000.0,-0.531,-0.557,-0.593,-0.423,21370,25
2667,5390,116,hr 7375,740000.0,-0.343,-0.141,-0.25,-0.196,29707,71
2668,5391,116,hr 7380,50000.0,-0.468,0.016,-0.442,0.128,21545,47
2669,5392,116,hr 7383,30000.0,-0.292,0.051,-0.271,0.012,21308,71
2670,5393,116,hr 7388,40000.0,-0.148,0.712,-0.205,0.196,29127,33
2671,5394,116,hr 7389,60000.0,-0.349,-0.937,-0.29,-0.957,21955,3
2672,5395,116,hr 7391,5260000.0,-0.225,0.266,-0.184,0.241,21964,12
2673,5396,116,hr 7393,17776519.0,-0.187,0.342,-0.165,0.429,21966,40
2674,5397,116,hr 7394,2020000.0,-0.393,0.068,-0.404,0.328,29901,71
2675,5398,116,hr 7397,60000.0,0.462,0.009,0.462,0.003,21967,43
2676,5399,116,hr 7405,550000.0,0.436,0.234,0.463,0.155,21162,24
2677,5400,116,hr 7406,590000.0,0.234,0.382,0.295,0.254,21128,21
2678,5401,116,hr 741,2630000.0,0.451,-0.023,0.411,-0.035,21111,62
2679,5402,116,hr 7410,650000.0,0.432,0.109,0.442,0.264,20535,73
2680,5403,116,hr 7412,7690000.0,-0.393,0.068,-0.404,0.328,29901,71
2681,5404,116,hr 7413,6540000.0,0.393,0.287,0.463,0.19,21337,34
2682,5405,116,hr 7415,20000.0,0.447,0.158,0.55,-0.024,21755,67
2683,5406,116,hr 7418,49490.0,-0.489,-0.38,-0.494,-0.375,20955,71
2684,5407,116,hr 7425,37622.0,0.462,0.139,0.474,0.111,21935,37
2685,5408,116,hr 7428,20000.0,-0.272,0.121,-0.26,0.099,21942,12
2686,5409,116,hr 743,80000.0,0.185,0.013,0.197,-0.025,21542,13
2687,5410,116,hr 7436,100000.0,0.436,0.315,0.405,0.361,21330,22
2688,5411,116,hr 7438,220000.0,0.699,-0.493,0.507,-0.069,21103,61
2689,5412,116,hr 7439,453466.0,-0.396,-0.412,-0.389,-0.36,21198,72
2690,5413,116,hr 744,1450000.0,0.185,0.013,0.197,-0.025,21542,13
2691,5414,116,hr 7440,2807030.0,-0.343,-0.141,-0.25,-0.196,29707,71
2692,5415,116,hr 7447,7480000.0,-0.465,0.25,-0.466,0.283,39301,48
2693,5416,116,hr 7450,30000.0,-0.227,0.079,-0.21,-0.022,21712,43
2694,5417,116,hr 7457,485000.0,0.484,0.284,0.429,0.305,21165,24
2695,5418,116,hr 7463,16051.0,-0.387,-0.285,-0.357,-0.56,29379,13
2696,5419,116,hr 7467,40000.0,-0.291,0.128,-0.307,-0.032,21740,71
2697,5420,116,hr 7468,105000.0,-0.521,-0.247,-0.552,-0.183,21741,52
2698,5421,116,hr 7470,50000.0,-0.25,0.049,-0.199,0.015,21311,71
2699,5422,116,hr 7479,230000.0,0.283,0.022,0.161,0.147,14066,81
2700,5423,116,hr 748,578480933.0,-0.342,0.029,-0.328,-0.096,20706,1
2701,5424,116,hr 7481,11416331.0,-0.109,0.373,-0.123,0.367,21923,2
2702,5425,116,hr 7483,530000.0,0.478,0.229,0.509,0.221,21149,34
2703,5426,116,hr 7485,3500684.0,-0.474,-0.563,-0.534,-0.549,21940,23
2704,5427,116,hr 7486,206830.0,-0.474,-0.563,-0.534,-0.549,21940,23
2705,5428,116,hr 7489,610000.0,0.451,0.0,0.375,0.108,20756,40
2706,5429,116,hr 749,330000.0,0.51,0.279,0.489,0.258,20755,24
2707,5430,116,hr 7490,276230.0,-0.148,0.712,-0.205,0.196,29127,33
2708,5431,116,hr 7491,1830000.0,-0.653,0.498,-0.402,0.253,21906,21
2709,5432,116,hr 7494,200000.0,-0.198,0.18,-0.167,0.128,21739,61
2710,5433,116,hr 7495,111113.58,-0.508,-0.135,-0.504,-0.204,20310,71
2711,5434,116,hr 7497,60000.0,0.301,-0.124,0.204,0.077,21541,13
2712,5435,116,hr 7498,120000.0,-0.288,-0.958,-0.255,-0.967,21975,23
2713,5436,116,hr 7501,200000.0,-0.25,0.528,-0.239,0.568,21902,31
2714,5437,116,hr 7505,16650000.0,0.362,-0.096,0.35,-0.145,20709,43
2715,5438,116,hr 7510,4461000.0,-0.343,0.478,-0.344,0.479,21909,71
2716,5439,116,hr 7515,760000.0,-0.427,-0.002,-0.323,-0.655,15410,72
2717,5440,116,hr 7516,9224880.0,-0.43,-0.304,-0.461,-0.424,29710,62
2718,5441,116,hr 7517,80039.87,-0.43,-0.304,-0.461,-0.424,29710,62
2719,5442,116,hr 7518,20000.0,-0.331,0.099,-0.247,0.339,29561,14
2720,5443,116,hr 7519,20000.0,-0.408,-0.093,-0.41,-0.087,15603,13
2721,5444,116,hr 7520,100000.0,-0.38,-0.397,-0.412,-0.405,29312,71
2722,5445,116,hr 7521,510000.0,-0.581,0.14,-0.589,-0.271,20941,24
2723,5446,116,hr 7523,1830000.0,-0.309,-0.095,-0.466,-0.129,20958,71
2724,5447,116,hr 7524,15000.0,-0.791,0.456,-0.726,0.555,21922,49
2725,5448,116,hr 7525,40000.0,-0.109,0.373,-0.123,0.367,21923,2
2726,5449,116,hr 7527,19790000.0,0.229,0.426,0.294,0.181,21992,92
2727,5450,116,hr 7528,6353899.0,0.43,0.027,0.49,-0.076,21523,45
2728,5451,116,hr 7535,467171.0,-0.466,-0.024,-0.45,0.005,21371,21
2729,5452,116,hr 7537,16530000.0,0.373,0.41,0.296,0.475,21167,14
2730,5453,116,hr 7538,170000.0,0.373,0.41,0.296,0.475,21167,14
2731,5454,116,hr 7539,1240000.0,-0.421,-0.206,-0.438,-0.114,21335,3
2732,5455,116,hr 754,225000.0,0.229,0.426,0.294,0.181,21992,92
2733,5456,116,hr 7546,40000.0,-0.589,-0.221,-0.541,-0.193,15431,44
2734,5457,116,hr 7547,135000.0,-0.374,-0.23,-0.324,-0.494,21507,71
2735,5458,116,hr 7549,110000.0,0.416,0.143,0.38,0.223,20530,49
2736,5459,116,hr 7550,156287.0,-0.381,-0.017,-0.393,-0.136,21736,40
2737,5460,116,hr 7552,190000.0,-0.342,0.173,-0.568,0.317,21761,13
2738,5461,116,hr 7555,16530000.0,0.45,0.223,0.389,-0.04,20307,71
2739,5462,116,hr 7556,16530000.0,0.45,0.223,0.389,-0.04,20307,71
2740,5463,116,hr 7557,30000.0,-0.198,0.18,-0.167,0.128,21739,61
2741,5464,116,hr 7562,39600.0,-0.176,0.269,-0.176,0.269,21958,13
2742,5465,116,hr 7564,2390000.0,-0.304,0.168,-0.201,0.286,20321,44
2743,5466,116,hr 7565,60000.0,-0.36,0.166,-0.382,0.161,21746,43
2744,5467,116,hr 7566,160000.0,-0.187,0.342,-0.165,0.429,21966,40
2745,5468,116,hr 7567,280000.0,-0.415,-0.268,-0.403,-0.061,20934,13
2746,5469,116,hr 7569,180000.0,-0.478,-0.013,-0.472,0.012,21118,43
2747,5470,116,hr 7575,9750789.0,-0.427,-0.002,-0.323,-0.655,15410,72
2748,5471,116,hr 7576,114000.0,0.387,0.196,0.447,-0.035,21196,65
2749,5472,116,hr 7577,105000.0,-0.25,0.528,-0.239,0.568,21902,31
2750,5473,116,hr 7579,210000.0,0.568,-0.185,0.546,0.348,20355,49
2751,5474,116,hr 758,530000.0,0.437,0.268,0.466,0.177,21503,42
2752,5475,116,hr 7581,0.0,-0.389,-0.262,-0.397,-0.19,21172,5
2753,5476,116,hr 759,1370000.0,0.711,0.07,0.713,0.064,21551,49
2754,5477,116,hr 7593,40000.0,0.3,0.178,0.254,0.18,21188,56
2755,5478,116,hr 7601,260000.0,-0.352,0.021,-0.351,0.018,21963,43
2756,5479,116,hr 7602,30000.0,0.414,0.069,0.421,-0.061,21970,25
2757,5480,116,hr 7604,280000.0,-0.301,-0.195,-0.244,0.111,20927,65
2758,5481,116,hr 7606,159193.0,0.595,0.063,0.596,0.153,21364,49
2759,5482,116,hr 7607,10000.0,-0.478,-0.013,-0.472,0.012,21118,43
2760,5483,116,hr 7608,32409543.0,-0.389,-0.152,-0.377,-0.268,15612,13
2761,5484,116,hr 7609,7267500.0,-0.416,0.087,-0.405,-0.185,20504,43
2762,5485,116,hr 7610,25678659.0,-0.285,0.454,-0.381,0.452,29339,44
2763,5486,116,hr 7611,894762.0,-0.402,0.208,-0.411,0.264,20343,24
2764,5487,116,hr 7612,21770663.0,-0.417,-0.193,-0.424,-0.31,20122,33
2765,5488,116,hr 7613,17121336.0,-0.348,0.116,-0.262,-0.281,15029,24
2766,5489,116,hr 7614,20912441.37,-0.414,-0.116,-0.332,-0.155,29109,1
2767,5490,116,hr 7615,6000859.0,0.558,-0.217,0.617,-0.232,21359,48
2768,5491,116,hr 7616,21728001.0,-0.343,-0.03,-0.173,0.09,15438,47
2769,5492,116,hr 7617,90544134.0,-0.402,0.244,-0.335,-0.127,15124,22
2770,5493,116,hr 7618,255000.0,-0.468,0.016,-0.442,0.128,21545,47
2771,5494,116,hr 7619,92622.0,0.713,-0.372,0.858,0.058,21986,47
2772,5495,116,hr 762,3020000.0,-0.353,-0.005,-0.434,0.001,21358,14
2773,5496,116,hr 7620,55000.0,-0.396,-0.412,-0.389,-0.36,21198,72
2774,5497,116,hr 763,17140000.0,-0.401,-0.078,-0.364,-0.004,20959,43
2775,5498,116,hr 7638,360000.0,-0.421,-0.206,-0.438,-0.114,21335,3
2776,5499,116,hr 764,6286092.0,0.511,-0.109,0.49,-0.262,21189,25
2777,5500,116,hr 7640,470000.0,-0.169,-0.01,-0.066,0.125,20902,61
2778,5501,116,hr 7641,90000.0,0.458,0.219,0.428,0.056,21562,21
2779,5502,116,hr 7642,1454974.0,0.458,0.219,0.428,0.056,21562,21
2780,5503,116,hr 7647,13832000.0,-0.381,-0.017,-0.393,-0.136,21736,40
2781,5504,116,hr 7651,4920000.0,0.846,-0.365,0.693,-0.246,21753,48
2782,5505,116,hr 7658,250000.0,0.561,-0.252,0.644,-0.256,21105,61
2783,5506,116,hr 7659,8314240.0,-0.397,0.399,-0.364,0.329,21102,41
2784,5507,116,hr 7661,3180000.0,0.414,0.069,0.421,-0.061,21970,25
2785,5508,116,hr 7663,8046742.0,-0.393,0.068,-0.404,0.328,29901,71
2786,5509,116,hr 7665,1460000.0,0.436,0.315,0.405,0.361,21330,22
2787,5510,116,hr 7667,40543818.0,-0.491,-0.377,-0.556,-0.278,29134,13
2788,5511,116,hr 7668,26626236.0,-0.324,-0.257,-0.306,-0.459,20954,21
2789,5512,116,hr 7669,19972098.0,-0.469,-0.171,-0.538,-0.22,29317,71
2790,5513,116,hr 7671,3128410.0,-0.311,0.407,-0.288,0.434,21366,49
2791,5514,116,hr 7673,110000.0,-0.584,-0.098,-0.524,-0.206,21110,71
2792,5515,116,hr 7676,220000.0,0.572,0.293,0.604,0.325,21182,49
2793,5516,116,hr 7677,0.0,-0.154,0.567,-0.154,0.568,21904,13
2794,5517,116,hr 7679,37850.0,0.457,0.319,0.322,0.604,21106,42
2795,5518,116,hr 7680,180000.0,0.457,0.319,0.322,0.604,21106,42
2796,5519,116,hr 7681,578465.0,-0.486,-0.26,-0.501,-0.499,29717,21
2797,5520,116,hr 7682,1217947.0,-0.408,-0.093,-0.41,-0.087,15603,13
2798,5521,116,hr 7688,2290000.0,0.537,0.383,0.541,0.041,21731,54
2799,5522,116,hr 7689,20000.0,-0.309,0.237,-0.249,0.354,21944,44
2800,5523,116,hr 7690,0.0,0.565,0.244,0.609,0.102,21544,47
2801,5524,116,hr 7691,1394321.0,-0.35,-0.133,-0.295,-0.173,20104,71
2802,5525,116,hr 7695,100000.0,0.447,0.158,0.55,-0.024,21755,67
2803,5526,116,hr 7700,180000.0,-0.353,-0.005,-0.434,0.001,21358,14
2804,5527,116,hr 7701,0.0,-0.353,-0.005,-0.434,0.001,21358,14
2805,5528,116,hr 7707,399672.0,0.458,0.219,0.428,0.056,21562,21
2806,5529,116,hr 7709,1830000.0,-0.415,-0.072,-0.575,-0.416,29776,13
2807,5530,116,hr 7710,90000.0,0.485,0.072,0.594,0.058,21987,47
2808,5531,116,hr 7711,2400000.0,-0.297,-0.955,-0.222,-0.975,21949,13
2809,5532,116,hr 7718,320000.0,-0.584,-0.098,-0.524,-0.206,21110,71
2810,5533,116,hr 7723,30000.0,-0.421,-0.206,-0.438,-0.114,21335,3
2811,5534,116,hr 7728,1030000.0,0.486,0.024,0.495,-0.239,20947,54
2812,5535,116,hr 7729,20000.0,-0.25,0.049,-0.199,0.015,21311,71
2813,5536,116,hr 7734,3953962.0,0.642,0.003,0.549,0.118,21700,49
2814,5537,116,hr 7735,683000.0,-0.26,-0.08,-0.304,-0.306,29769,25
2815,5538,116,hr 7746,340000.0,0.437,0.268,0.466,0.177,21503,42
2816,5539,116,hr 7749,550000.0,0.458,0.219,0.428,0.056,21562,21
2817,5540,116,hr 7753,1980000.0,0.432,0.109,0.442,0.264,20535,73
2818,5541,116,hr 7756,11140000.0,-0.603,-0.275,-0.531,-0.473,29911,21
2819,5542,116,hr 7757,770000.0,-0.182,0.054,-0.263,0.059,20944,72
2820,5543,116,hr 7759,30000.0,0.581,0.25,0.595,0.214,21373,34
2821,5544,116,hr 776,34900.0,0.259,-0.03,0.379,-0.349,29375,13
2822,5545,116,hr 7760,660000.0,-0.187,0.342,-0.165,0.429,21966,40
2823,5546,116,hr 7764,60000.0,-0.547,-0.35,-0.586,-0.417,29378,13
2824,5547,116,hr 7766,2085543.0,0.436,0.315,0.405,0.361,21330,22
2825,5548,116,hr 7767,4310000.0,0.528,0.266,0.557,0.238,21351,24
2826,5549,116,hr 7768,330000.0,0.63,-0.079,0.709,-0.103,21708,47
2827,5550,116,hr 7772,2538000.0,-0.486,-0.26,-0.501,-0.499,29717,21
2828,5551,116,hr 7777,11687311.0,-0.28,0.344,-0.312,0.549,21934,14
2829,5552,116,hr 7781,0.0,-0.293,-0.956,-0.278,-0.961,21950,33
2830,5553,116,hr 7782,100000.0,-0.52,-0.098,-0.43,-0.374,31103,12
2831,5554,116,hr 7783,390000.0,-0.187,-0.03,-0.161,-0.159,21315,71
2832,5555,116,hr 779,2962088.0,0.45,0.167,0.429,0.47,21526,23
2833,5556,116,hr 7790,90000.0,-0.301,-0.195,-0.244,0.111,20927,65
2834,5557,116,hr 7791,5427000.0,-0.409,-0.375,-0.452,-0.181,20750,6
2835,5558,116,hr 7792,10000.0,0.589,0.171,0.494,0.197,21734,32
2836,5559,116,hr 7796,100000.0,-0.438,0.042,-0.446,0.047,21352,24
2837,5560,116,hr 78,330000.0,0.827,-0.562,0.991,-0.136,21705,61
2838,5561,116,hr 7800,1190000.0,-0.394,-0.329,-0.382,-0.148,20748,54
2839,5562,116,hr 7802,10000.0,0.614,-0.078,0.718,-0.054,21757,61
2840,5563,116,hr 7804,540000.0,0.269,0.12,0.527,-0.73,21101,13
2841,5564,116,hr 7806,3841321.0,-0.409,-0.375,-0.452,-0.181,20750,6
2842,5565,116,hr 7808,20000.0,0.699,-0.493,0.507,-0.069,21103,61
2843,5566,116,hr 7809,5284410.0,0.581,-0.223,0.551,-0.114,21973,49
2844,5567,116,hr 781,1276612.0,-0.282,0.072,-0.268,0.162,20705,62
2845,5568,116,hr 7812,45000.0,0.568,0.009,0.535,0.174,21936,14
2846,5569,116,hr 7814,1113000.0,0.51,0.279,0.489,0.258,20755,24
2847,5570,116,hr 7815,20000.0,0.499,0.167,0.479,0.127,21367,67
2848,5571,116,hr 7816,124044.0,-0.603,-0.275,-0.531,-0.473,29911,21
2849,5572,116,hr 7817,550000.0,0.702,-0.1,0.738,-0.107,21174,48
2850,5573,116,hr 7819,2720898.02,-0.25,0.528,-0.239,0.568,21902,31
2851,5574,116,hr 7821,100000.0,-0.388,-0.092,-0.363,-0.147,21554,40
2852,5575,116,hr 7822,306287.0,-0.344,-0.155,-0.324,-0.093,21706,11
2853,5576,116,hr 7825,90000.0,0.657,-0.428,0.729,-0.521,21510,62
2854,5577,116,hr 7826,135000.0,-0.394,-0.004,-0.361,0.025,21309,71
2855,5578,116,hr 7838,1366347.0,-0.435,-0.147,-0.426,-0.257,20538,71
2856,5579,116,hr 7839,1680000.0,-0.435,-0.147,-0.426,-0.257,20538,71
2857,5580,116,hr 784,230000.0,0.178,-0.173,0.058,-0.35,14863,12
2858,5581,116,hr 7841,545914.0,0.529,0.129,0.684,0.266,20522,47
2859,5582,116,hr 7842,478945.0,0.485,0.072,0.594,0.058,21987,47
2860,5583,116,hr 7843,1969963.0,-0.291,0.128,-0.307,-0.032,21740,71
2861,5584,116,hr 7848,370000.0,-0.349,-0.937,-0.29,-0.957,21955,3
2862,5585,116,hr 7852,300000.0,-0.288,-0.165,-0.281,-0.085,29768,73
2863,5586,116,hr 7853,70000.0,-0.367,0.268,-0.337,0.364,21972,23
2864,5587,116,hr 7854,180000.0,0.331,0.357,0.325,0.545,20946,14
2865,5588,116,hr 7856,9117600.0,-0.35,-0.133,-0.295,-0.173,20104,71
2866,5589,116,hr 7857,3650000.0,0.597,0.216,0.522,0.136,21717,44
2867,5590,116,hr 7859,35000.0,-0.394,-0.004,-0.361,0.025,21309,71
2868,5591,116,hr 7862,10000.0,-0.653,0.498,-0.402,0.253,21906,21
2869,5592,116,hr 7864,67600.0,-0.306,-0.038,-0.282,0.277,20952,40
2870,5593,116,hr 7867,4610000.0,-0.427,-0.002,-0.323,-0.655,15410,72
2871,5594,116,hr 7868,225000.0,-0.414,-0.116,-0.332,-0.155,29109,1
2872,5595,116,hr 787,1120000.0,0.641,0.017,0.619,-0.006,21543,47
2873,5596,116,hr 7876,180000.0,-0.427,-0.529,-0.426,-0.432,21303,71
2874,5597,116,hr 788,120000.0,0.525,-0.095,0.465,-0.005,21116,43
2875,5598,116,hr 7881,140000.0,-0.374,-0.23,-0.324,-0.494,21507,71
2876,5599,116,hr 7886,574321.0,-0.508,-0.135,-0.504,-0.204,20310,71
2877,5600,116,hr 7887,1059752.0,-0.45,0.012,-0.526,0.207,39307,40
2878,5601,116,hr 7889,124000.0,-0.547,-0.35,-0.586,-0.417,29378,13
2879,5602,116,hr 7894,2030000.0,0.447,0.158,0.55,-0.024,21755,67
2880,5603,116,hr 7895,250000.0,0.449,0.098,0.466,0.036,21901,36
2881,5604,116,hr 7896,20000.0,0.435,0.08,0.427,0.032,21704,23
2882,5605,116,hr 7898,427000.0,0.568,-0.185,0.546,0.348,20355,49
2883,5606,116,hr 79,40000.0,0.827,-0.562,0.991,-0.136,21705,61
2884,5607,116,hr 7903,10000.0,-0.489,-0.38,-0.494,-0.375,20955,71
2885,5608,116,hr 7904,230000.0,0.457,0.319,0.322,0.604,21106,42
2886,5609,116,hr 7905,280323.0,0.279,0.17,0.33,0.008,21328,21
2887,5610,116,hr 7906,10000.0,-0.427,-0.002,-0.323,-0.655,15410,72
2888,5611,116,hr 7908,14762.0,-0.467,-0.307,-0.387,-0.226,21917,49
2889,5612,116,hr 7912,20000.0,0.536,0.024,0.651,-0.229,21142,23
2890,5613,116,hr 7914,1870000.0,0.452,0.229,0.484,-0.064,20926,34
2891,5614,116,hr 7916,72500.0,-0.526,-0.255,-0.483,-0.423,20537,25
2892,5615,116,hr 7917,4935543.0,-0.279,0.181,-0.235,0.073,21953,33
2893,5616,116,hr 7918,20000.0,0.178,-0.173,0.058,-0.35,14863,12
2894,5617,116,hr 7919,0.0,-0.187,0.342,-0.165,0.429,21966,40
2895,5618,116,hr 792,225000.0,-0.396,-0.412,-0.389,-0.36,21198,72
2896,5619,116,hr 7920,830000.0,-0.301,-0.195,-0.244,0.111,20927,65
2897,5620,116,hr 7921,20000.0,-0.547,-0.35,-0.586,-0.417,29378,13
2898,5621,116,hr 7925,710000.0,-0.403,-0.068,-0.387,0.109,21362,49
2899,5622,116,hr 7927,163485.0,-0.305,0.19,-0.273,0.408,21912,62
2900,5623,116,hr 7929,60000.0,0.623,0.177,0.617,0.354,20521,47
2901,5624,116,hr 7930,60000.0,-0.24,-0.226,-0.195,-0.266,20907,1
2902,5625,116,hr 7935,106111.0,-0.387,-0.285,-0.357,-0.56,29379,13
2903,5626,116,hr 7940,2638435.0,-0.392,-0.221,-0.466,-0.463,21948,62
2904,5627,116,hr 7943,50000.0,-0.603,-0.275,-0.531,-0.473,29911,21
2905,5628,116,hr 7944,10000.0,-0.163,0.314,-0.163,0.314,21976,66
2906,5629,116,hr 7945,528687.0,-0.578,0.449,-0.552,0.641,21979,21
2907,5630,116,hr 7947,44000.0,-0.486,-0.26,-0.501,-0.499,29717,21
2908,5631,116,hr 7948,140000.0,0.431,0.085,0.423,0.06,21751,64
2909,5632,116,hr 7949,250000.0,0.721,-0.206,0.703,-0.184,21908,40
2910,5633,116,hr 795,2470000.0,-0.404,-0.158,-0.464,0.03,21529,23
2911,5634,116,hr 7952,80000.0,0.384,0.032,0.279,0.374,21519,21
2912,5635,116,hr 7954,110000.0,0.542,-0.137,0.602,-0.497,29550,24
2913,5636,116,hr 7956,5709375.0,-0.609,-0.244,-0.611,-0.089,20733,13
2914,5637,116,hr 7960,100000.0,-0.449,-0.035,-0.514,0.075,21915,14
2915,5638,116,hr 7961,10000.0,-0.427,-0.002,-0.323,-0.655,15410,72
2916,5639,116,hr 7963,20000.0,0.469,-0.093,0.423,-0.079,21531,33
2917,5640,116,hr 7966,60000.0,0.699,-0.493,0.507,-0.069,21103,61
2918,5641,116,hr 7977,60000.0,-0.345,0.332,-0.345,0.333,21947,43
2919,5642,116,hr 7978,2070000.0,-0.291,0.128,-0.307,-0.032,21740,71
2920,5643,116,hr 7979,3330000.0,-0.368,-0.006,-0.313,0.166,29741,12
2921,5644,116,hr 798,2850000.0,0.626,-0.309,0.531,0.062,21724,45
2922,5645,116,hr 7983,123570.0,-0.349,-0.937,-0.29,-0.957,21955,3
2923,5646,116,hr 7987,480000.0,-0.288,-0.165,-0.281,-0.085,29768,73
2924,5647,116,hr 799,930000.0,-0.415,-0.072,-0.575,-0.416,29776,13
2925,5648,116,hr 7990,310000.0,-0.307,0.179,-0.268,-0.038,21978,52
2926,5649,116,hr 7993,1800000.0,-0.656,-0.079,-0.621,-0.518,29106,71
2927,5650,116,hr 7995,280000.0,0.387,0.196,0.447,-0.035,21196,65
2928,5651,116,hr 7996,148000.0,-0.25,0.528,-0.239,0.568,21902,31
2929,5652,116,hr 7997,60000.0,-0.25,0.528,-0.239,0.568,21902,31
2930,5653,116,hr 7998,280000.0,0.484,0.293,0.45,0.235,21333,51
2931,5654,116,hr 8,3406700.0,-0.393,0.068,-0.404,0.328,29901,71
2932,5655,116,hr 8000,1800000.0,-0.404,0.184,-0.254,0.032,20340,47
2933,5656,116,hr 8002,4020000.0,0.643,0.055,0.549,0.086,21750,32
2934,5657,116,hr 8006,250000.0,0.699,-0.493,0.507,-0.069,21103,61
2935,5658,116,hr 8007,220000.0,0.672,0.018,0.704,0.041,21926,54
2936,5659,116,hr 8012,8000.0,0.538,0.026,0.57,0.188,21302,71
2937,5660,116,hr 8013,18000.0,0.538,0.026,0.57,0.188,21302,71
2938,5661,116,hr 8015,8607658.0,-0.387,-0.285,-0.357,-0.56,29379,13
2939,5662,116,hr 8019,72500.0,-0.297,-0.955,-0.222,-0.975,21949,13
2940,5663,116,hr 8021,280000.0,-0.282,0.072,-0.268,0.162,20705,62
2941,5664,116,hr 8025,290000.0,0.301,-0.124,0.204,0.077,21541,13
2942,5665,116,hr 8027,32603.0,-0.578,0.449,-0.552,0.641,21979,21
2943,5666,116,hr 803,10480399.0,-0.409,-0.375,-0.452,-0.181,20750,6
2944,5667,116,hr 8032,250000.0,0.827,-0.562,0.991,-0.136,21705,61
2945,5668,116,hr 8035,250000.0,0.662,-0.383,0.678,-0.311,21905,54
2946,5669,116,hr 8037,2505000.0,-0.291,-0.189,-0.304,0.013,31101,73
2947,5670,116,hr 8038,470000.0,0.623,0.177,0.617,0.354,20521,47
2948,5671,116,hr 804,250000.0,-0.429,0.04,-0.383,-0.056,20757,22
2949,5672,116,hr 8041,80000.0,-0.363,0.598,-0.386,0.763,21930,71
2950,5673,116,hr 8044,821231.0,-0.485,0.198,-0.528,0.362,39305,49
2951,5674,116,hr 8045,30000.0,0.568,0.009,0.535,0.174,21936,14
2952,5675,116,hr 8046,190000.0,0.185,0.013,0.197,-0.025,21542,13
2953,5676,116,hr 8048,910000.0,-0.375,0.114,-0.367,0.25,20136,5
2954,5677,116,hr 8050,1292836.0,-0.417,-0.193,-0.424,-0.31,20122,33
2955,5678,116,hr 8051,450000.0,0.3,0.178,0.254,0.18,21188,56
2956,5679,116,hr 8052,185000.0,-0.392,-0.221,-0.466,-0.463,21948,62
2957,5680,116,hr 8054,310000.0,0.8,-0.6,0.919,-0.395,21961,49
2958,5681,116,hr 8056,2700000.0,-0.472,-0.086,-0.231,-0.474,21762,14
2959,5682,116,hr 806,230000.0,-0.393,0.068,-0.404,0.328,29901,71
2960,5683,116,hr 8060,60000.0,-0.307,0.179,-0.268,-0.038,21978,52
2961,5684,116,hr 8061,4311498.0,-0.578,0.449,-0.552,0.641,21979,21
2962,5685,116,hr 8067,196051.0,-0.388,-0.092,-0.363,-0.147,21554,40
2963,5686,116,hr 807,3204240.0,0.657,-0.428,0.729,-0.521,21510,62
2964,5687,116,hr 8075,80000.0,-0.342,0.029,-0.328,-0.096,20706,1
2965,5688,116,hr 8079,50000.0,-0.417,-0.105,-0.328,-0.235,15616,3
2966,5689,116,hr 808,2578925.0,-0.426,-0.641,-0.382,-0.401,29588,72
2967,5690,116,hr 8080,3180000.0,-0.187,-0.03,-0.161,-0.159,21315,71
2968,5691,116,hr 8082,350000.0,-0.187,-0.14,-0.188,-0.21,21326,21
2969,5692,116,hr 8083,2145373.0,-0.187,-0.14,-0.188,-0.21,21326,21
2970,5693,116,hr 8084,60000.0,-0.578,0.449,-0.552,0.641,21979,21
2971,5694,116,hr 8085,530000.0,-0.403,0.337,-0.423,0.287,21365,49
2972,5695,116,hr 8087,399672.0,0.542,-0.137,0.602,-0.497,29550,24
2973,5696,116,hr 8089,140010.0,-0.399,-0.419,-0.412,-0.507,29504,71
2974,5697,116,hr 8093,156287.0,0.287,0.228,0.414,0.213,21550,49
2975,5698,116,hr 8094,5575700.0,-0.176,0.269,-0.176,0.269,21958,13
2976,5699,116,hr 8096,160070.0,-0.468,0.016,-0.442,0.128,21545,47
2977,5700,116,hr 8097,100000.0,-0.25,0.528,-0.239,0.568,21902,31
2978,5701,116,hr 8100,8000.0,0.61,0.25,0.571,0.368,21376,41
2979,5702,116,hr 8105,144100.0,-0.143,0.212,-0.09,0.021,21756,14
2980,5703,116,hr 8109,40000.0,-0.387,-0.285,-0.357,-0.56,29379,13
2981,5704,116,hr 811,2360000.0,0.447,0.158,0.55,-0.024,21755,67
2982,5705,116,hr 8112,0.0,-0.393,0.068,-0.404,0.328,29901,71
2983,5706,116,hr 8114,31167.0,0.393,0.287,0.463,0.19,21337,34
2984,5707,116,hr 8115,50000.0,-0.409,-0.375,-0.452,-0.181,20750,6
2985,5708,116,hr 8118,160000.0,-0.584,-0.098,-0.524,-0.206,21110,71
2986,5709,116,hr 8121,820000.0,-0.394,-0.004,-0.361,0.025,21309,71
2987,5710,116,hr 8122,830000.0,-0.438,0.059,-0.441,0.039,20708,43
2988,5711,116,hr 8123,9067147.0,0.24,0.315,0.285,0.245,21924,24
2989,5712,116,hr 8126,50000.0,-0.236,0.307,-0.308,0.436,21938,65
2990,5713,116,hr 8128,70000.0,-0.263,-0.159,-0.185,-0.013,20702,71
2991,5714,116,hr 8129,1459520.0,-0.28,0.039,-0.271,-0.09,21540,13
2992,5715,116,hr 813,280000.0,0.229,0.426,0.294,0.181,21992,92
2993,5716,116,hr 8132,6276000.0,0.432,0.109,0.442,0.264,20535,73
2994,5717,116,hr 8134,1860000.0,-0.603,-0.275,-0.531,-0.473,29911,21
2995,5718,116,hr 8137,1010000.0,-0.307,0.179,-0.268,-0.038,21978,52
2996,5719,116,hr 8139,30000.0,0.419,-0.017,0.356,0.071,20758,43
2997,5720,116,hr 8141,107500.0,-0.394,-0.004,-0.361,0.025,21309,71
2998,5721,116,hr 8143,40000.0,0.747,-0.064,0.724,0.007,21925,49
2999,5722,116,hr 8144,40000.0,-0.343,-0.113,-0.372,-0.031,21931,1
3000,5723,116,hr 8158,545000.0,0.432,0.109,0.442,0.264,20535,73
3001,5724,116,hr 8162,1972000.0,-0.264,0.33,-0.603,0.542,21763,14
3002,5725,116,hr 8163,60000.0,0.484,0.293,0.45,0.235,21333,51
3003,5726,116,hr 8166,20000.0,-0.343,0.478,-0.344,0.479,21909,71
3004,5727,116,hr 8171,1317500.0,-0.397,-0.045,-0.367,-0.132,29908,1
3005,5728,116,hr 8177,710000.0,-0.198,0.18,-0.167,0.128,21739,61
3006,5729,116,hr 8179,1117171.0,-0.182,0.054,-0.263,0.059,20944,72
3007,5730,116,hr 8181,1110000.0,-0.25,0.528,-0.239,0.568,21902,31
3008,5731,116,hr 8188,2468000.0,0.469,-0.093,0.423,-0.079,21531,33
3009,5732,116,hr 8191,0.0,-0.503,-0.257,-0.613,-0.144,21728,71
3010,5733,116,hr 8192,120000.0,-0.677,-0.571,-0.749,-0.508,29778,71
3011,5734,116,hr 8199,194968.0,0.713,-0.372,0.858,0.058,21986,47
3012,5735,116,hr 82,9850000.0,0.827,-0.562,0.991,-0.136,21705,61
3013,5736,116,hr 820,20000.0,-0.387,-0.285,-0.357,-0.56,29379,13
3014,5737,116,hr 8200,430000.0,-0.466,-0.024,-0.45,0.005,21371,21
3015,5738,116,hr 8201,220000.0,0.52,0.239,0.482,0.306,29760,49
3016,5739,116,hr 8206,79375.0,-0.489,-0.38,-0.494,-0.375,20955,71
3017,5740,116,hr 8211,362139.0,-0.275,0.658,-0.311,0.708,21910,33
3018,5741,116,hr 8215,3170000.0,-0.233,-0.215,-0.18,0.147,20749,21
3019,5742,116,hr 8216,70000.0,-0.429,0.075,-0.483,-0.013,21502,61
3020,5743,116,hr 8217,240000.0,-0.309,-0.095,-0.466,-0.129,20958,71
3021,5744,116,hr 8219,40000.0,0.24,0.315,0.285,0.245,21924,24
3022,5745,116,hr 8221,156287.0,0.287,0.228,0.414,0.213,21550,49
3023,5746,116,hr 8222,20000.0,0.306,0.049,0.327,-0.107,21990,13
3024,5747,116,hr 8224,32568.0,0.458,0.219,0.428,0.056,21562,21
3025,5748,116,hr 823,357000.0,-0.392,-0.221,-0.466,-0.463,21948,62
3026,5749,116,hr 8230,350000.0,-0.324,0.749,-0.3,0.776,21965,23
3027,5750,116,hr 8233,60000.0,-0.307,0.179,-0.268,-0.038,21978,52
3028,5751,116,hr 8235,900000.0,-0.473,-0.024,-0.48,-0.058,20712,44
3029,5752,116,hr 8239,60000.0,-0.485,0.198,-0.528,0.362,39305,49
3030,5753,116,hr 824,980000.0,-0.421,0.328,-0.535,0.83,21536,12
3031,5754,116,hr 8240,136994.0,0.458,0.219,0.428,0.056,21562,21
3032,5755,116,hr 8247,4300000.0,-0.464,-0.292,-0.461,-0.075,21312,71
3033,5756,116,hr 8250,4934762.0,0.283,0.022,0.161,0.147,14066,81
3034,5757,116,hr 8253,639500.0,-0.388,-0.092,-0.363,-0.147,21554,40
3035,5758,116,hr 8254,7023000.0,-0.426,-0.641,-0.382,-0.401,29588,72
3036,5759,116,hr 8255,90000.0,-0.404,0.184,-0.254,0.032,20340,47
3037,5760,116,hr 8256,1400000.0,0.405,0.82,0.517,0.446,21710,68
3038,5761,116,hr 8258,580000.0,-0.353,0.176,-0.353,0.124,21939,71
3039,5762,116,hr 8261,144100.0,-0.25,0.049,-0.199,0.015,21311,71
3040,5763,116,hr 8265,2555387.0,0.542,-0.137,0.602,-0.497,29550,24
3041,5764,116,hr 8266,20000.0,-0.427,-0.002,-0.323,-0.655,15410,72
3042,5765,116,hr 8267,415000.0,-0.404,-0.158,-0.464,0.03,21529,23
3043,5766,116,hr 827,6150000.0,-0.36,0.166,-0.382,0.161,21746,43
3044,5767,116,hr 8273,2890000.0,-0.485,0.198,-0.528,0.362,39305,49
3045,5768,116,hr 8279,1780000.0,0.397,-0.129,0.331,-0.071,21539,13
3046,5769,116,hr 8280,150000.0,0.529,0.129,0.684,0.266,20522,47
3047,5770,116,hr 8281,156994.0,-0.465,0.25,-0.466,0.283,39301,48
3048,5771,116,hr 8283,3253000.0,0.51,0.279,0.489,0.258,20755,24
3049,5772,116,hr 8284,371552.0,0.679,0.106,0.782,-0.16,21500,41
3050,5773,116,hr 8291,280000.0,-0.453,0.009,-0.43,0.017,20517,34
3051,5774,116,hr 8294,12680000.0,-0.343,-0.103,-0.329,-0.301,20108,71
3052,5775,116,hr 8295,157715.0,-0.414,-0.116,-0.332,-0.155,29109,1
3053,5776,116,hr 8296,290000.0,0.439,0.012,0.566,0.079,21720,25
3054,5777,116,hr 8297,120000.0,0.24,0.315,0.285,0.245,21924,24
3055,5778,116,hr 830,230000.0,-0.309,-0.095,-0.466,-0.129,20958,71
3056,5779,116,hr 8303,1780000.0,0.36,0.449,0.401,0.135,29393,53
3057,5780,116,hr 8304,40000.0,-0.272,0.121,-0.26,0.099,21942,12
3058,5781,116,hr 8310,198945.0,0.377,0.386,0.352,0.275,20301,41
3059,5782,116,hr 8312,0.0,-0.603,-0.275,-0.531,-0.473,29911,21
3060,5783,116,hr 8313,400000.0,-0.264,0.33,-0.603,0.542,21763,14
3061,5784,116,hr 8319,13145884.0,-0.389,-0.152,-0.377,-0.268,15612,13
3062,5785,116,hr 832,670000.0,0.331,0.357,0.325,0.545,20946,14
3063,5786,116,hr 8322,738000.0,0.455,0.212,0.306,0.53,21759,24
3064,5787,116,hr 8323,4690000.0,-0.154,0.567,-0.154,0.568,21904,13
3065,5788,116,hr 8326,1160000.0,-0.224,0.501,-0.224,0.501,21918,31
3066,5789,116,hr 8329,1545000.0,0.416,0.143,0.38,0.223,20530,49
3067,5790,116,hr 8337,62942411.0,-0.389,-0.152,-0.377,-0.268,15612,13
3068,5791,116,hr 8343,120000.0,-0.324,-0.031,-0.313,-0.182,21730,21
3069,5792,116,hr 8345,4300000.0,-0.407,0.473,-0.327,0.219,21994,96
3070,5793,116,hr 8346,200000.0,0.438,0.06,0.358,0.386,21956,14
3071,5794,116,hr 8347,40000.0,-0.336,0.559,-0.336,0.56,21960,71
3072,5795,116,hr 835,40000.0,-0.459,0.125,-0.429,0.063,29573,49
3073,5796,116,hr 8350,4010000.0,0.51,0.279,0.489,0.258,20755,24
3074,5797,116,hr 8353,370000.0,0.684,-0.327,0.652,-0.027,21758,49
3075,5798,116,hr 8355,290000.0,0.64,-0.04,0.628,0.036,21920,63
3076,5799,116,hr 8361,810000.0,-0.392,-0.221,-0.466,-0.463,21948,62
3077,5800,116,hr 8363,785000.0,-0.35,-0.133,-0.295,-0.173,20104,71
3078,5801,116,hr 8367,27000.0,0.447,0.158,0.55,-0.024,21755,67
3079,5802,116,hr 8368,140000.0,0.484,0.293,0.45,0.235,21333,51
3080,5803,116,hr 837,750000.0,0.541,0.257,0.487,0.511,21522,45
3081,5804,116,hr 8370,120000.0,-0.426,-0.641,-0.382,-0.401,29588,72
3082,5805,116,hr 8371,5700000.0,-0.239,0.054,-0.211,0.035,21329,21
3083,5806,116,hr 8373,540000.0,0.593,0.367,0.482,0.322,20531,49
3084,5807,116,hr 8375,3676000.0,-0.414,-0.116,-0.332,-0.155,29109,1
3085,5808,116,hr 8376,404968.0,-0.233,0.277,-0.216,0.2,21916,13
3086,5809,116,hr 8377,154903.0,-0.523,-0.374,-0.491,-0.269,21504,71
3087,5810,116,hr 8378,480000.0,0.469,-0.093,0.423,-0.079,21531,33
3088,5811,116,hr 8379,530000.0,-0.38,-0.397,-0.412,-0.405,29312,71
3089,5812,116,hr 838,1950000.0,0.711,0.07,0.713,0.064,21551,49
3090,5813,116,hr 8382,1205000.0,0.24,0.315,0.285,0.245,21924,24
3091,5814,116,hr 8388,60000.0,0.542,0.234,0.523,0.423,21355,53
3092,5815,116,hr 8389,294160.0,0.451,0.115,0.397,0.321,21745,14
3093,5816,116,hr 8390,160000.0,-0.415,-0.268,-0.403,-0.061,20934,13
3094,5817,116,hr 8398,230000.0,0.283,0.022,0.161,0.147,14066,81
3095,5818,116,hr 8405,800000.0,0.416,0.143,0.38,0.223,20530,49
3096,5819,116,hr 8406,40141759.58,-0.389,-0.152,-0.377,-0.268,15612,13
3097,5820,116,hr 8408,22656000.0,-0.427,-0.002,-0.323,-0.655,15410,72
3098,5821,116,hr 8409,190000.0,-0.403,-0.068,-0.387,0.109,21362,49
3099,5822,116,hr 8410,1800000.0,0.484,0.293,0.45,0.235,21333,51
3100,5823,116,hr 8418,10000.0,0.469,-0.093,0.423,-0.079,21531,33
3101,5824,116,hr 8420,40000.0,-0.332,-0.233,-0.324,-0.226,21928,66
3102,5825,116,hr 8423,59429.0,-0.646,-0.464,-0.702,-0.159,21726,73
3103,5826,116,hr 8427,50000.0,-0.206,0.426,-0.177,0.381,21941,40
3104,5827,116,hr 8430,61113.58,-0.387,-0.285,-0.357,-0.56,29379,13
3105,5828,116,hr 8433,931650.0,-0.324,-0.257,-0.306,-0.459,20954,21
3106,5829,116,hr 8436,152500.0,-0.35,-0.133,-0.295,-0.173,20104,71
3107,5830,116,hr 8438,0.0,0.178,-0.173,0.058,-0.35,14863,12
3108,5831,116,hr 8440,1130000.0,-0.393,0.068,-0.404,0.328,29901,71
3109,5832,116,hr 8441,4260000.0,-0.362,0.045,-0.368,0.042,21508,71
3110,5833,116,hr 8443,10000.0,0.503,0.375,0.501,0.273,21714,43
3111,5834,116,hr 8454,1794726.25,-0.791,0.456,-0.726,0.555,21922,49
3112,5835,116,hr 8457,586000.0,-0.311,-0.009,-0.296,-0.06,21368,73
3113,5836,116,hr 8460,990000.0,-0.381,-0.017,-0.393,-0.136,21736,40
3114,5837,116,hr 8462,1720000.0,-0.343,-0.03,-0.173,0.09,15438,47
3115,5838,116,hr 8464,20000.0,-0.187,0.342,-0.165,0.429,21966,40
3116,5839,116,hr 8467,40000.0,-0.393,0.068,-0.404,0.328,29901,71
3117,5840,116,hr 8468,710000.0,-0.417,-0.18,-0.472,-0.175,21977,3
3118,5841,116,hr 8472,72250.0,-0.342,0.029,-0.328,-0.096,20706,1
3119,5842,116,hr 8473,90000.0,0.24,0.315,0.285,0.245,21924,24
3120,5843,116,hr 8476,524106.0,-0.344,-0.155,-0.324,-0.093,21706,11
3121,5844,116,hr 8477,40000.0,0.652,-0.417,0.564,-0.142,21193,41
3122,5845,116,hr 8478,1915000.0,0.63,-0.079,0.709,-0.103,21708,47
3123,5846,116,hr 8480,2420000.0,-0.198,-0.082,-0.223,-0.216,20322,82
3124,5847,116,hr 8482,46285.0,0.457,0.319,0.322,0.604,21106,42
3125,5848,116,hr 8485,240000.0,0.141,-0.123,0.215,-0.277,21718,14
3126,5849,116,hr 8489,160000.0,0.462,0.139,0.474,0.111,21935,37
3127,5850,116,hr 8494,1292836.0,-0.187,-0.14,-0.188,-0.21,21326,21
3128,5851,116,hr 8496,1230000.0,-0.225,0.266,-0.184,0.241,21964,12
3129,5852,116,hr 8498,10000.0,0.178,-0.173,0.058,-0.35,14863,12
3130,5853,116,hr 85,3322000.0,0.827,-0.562,0.991,-0.136,21705,61
3131,5854,116,hr 8504,1275000.0,-0.427,-0.002,-0.323,-0.655,15410,72
3132,5855,116,hr 8505,2245338.02,0.568,-0.185,0.546,0.348,20355,49
3133,5856,116,hr 8506,229100.0,0.419,-0.017,0.356,0.071,20758,43
3134,5857,116,hr 8508,160000.0,-0.227,0.079,-0.21,-0.022,21712,43
3135,5858,116,hr 851,816931.0,0.336,-0.129,0.395,-0.264,21187,73
3136,5859,116,hr 8513,20000.0,0.484,0.284,0.429,0.305,21165,24
3137,5860,116,hr 8517,4840000.0,0.717,-0.202,0.647,0.003,20738,24
3138,5861,116,hr 8523,310852.0,-0.35,-0.133,-0.295,-0.173,20104,71
3139,5862,116,hr 8524,1130000.0,0.561,-0.252,0.644,-0.256,21105,61
3140,5863,116,hr 8527,259229.0,0.55,0.307,0.526,0.423,21563,42
3141,5864,116,hr 8529,680000.0,-0.404,0.184,-0.254,0.032,20340,47
3142,5865,116,hr 8532,410000.0,-0.429,0.04,-0.383,-0.056,20757,22
3143,5866,116,hr 8534,21351.0,-0.343,-0.103,-0.329,-0.301,20108,71
3144,5867,116,hr 854,60000.0,-0.345,0.332,-0.345,0.333,21947,43
3145,5868,116,hr 8544,80000.0,-0.349,-0.937,-0.29,-0.957,21955,3
3146,5869,116,hr 8545,140000.0,0.333,-0.011,0.379,-0.066,29932,72
3147,5870,116,hr 8546,80000.0,-0.264,0.33,-0.603,0.542,21763,14
3148,5871,116,hr 8547,834410.0,0.595,0.063,0.596,0.153,21364,49
3149,5872,116,hr 8557,160000.0,0.478,0.229,0.509,0.221,21149,34
3150,5873,116,hr 8558,90000.0,-0.564,0.157,-0.626,0.229,29337,43
3151,5874,116,hr 856,206500.0,0.525,-0.095,0.465,-0.005,21116,43
3152,5875,116,hr 8560,270000.0,-0.486,-0.072,-0.488,-0.077,21343,13
3153,5876,116,hr 8569,160070.0,-0.217,-0.278,-0.179,0.016,21954,71
3154,5877,116,hr 8573,80000.0,-0.29,0.457,-0.348,0.448,21962,73
3155,5878,116,hr 8576,1130000.0,-0.288,-0.958,-0.255,-0.967,21975,23
3156,5879,116,hr 8580,60000.0,0.362,-0.096,0.35,-0.145,20709,43
3157,5880,116,hr 8581,235000.0,-0.404,0.184,-0.254,0.032,20340,47
3158,5881,116,hr 8582,360000.0,-0.653,0.498,-0.402,0.253,21906,21
3159,5882,116,hr 8588,1130000.0,0.526,0.175,0.699,0.269,21346,47
3160,5883,116,hr 8591,222000.0,-0.225,0.266,-0.184,0.241,21964,12
3161,5884,116,hr 8592,60100.0,-0.264,0.33,-0.603,0.542,21763,14
3162,5885,116,hr 8595,510000.0,-0.438,0.042,-0.446,0.047,21352,24
3163,5886,116,hr 8598,30000.0,-0.427,-0.002,-0.323,-0.655,15410,72
3164,5887,116,hr 860,1579997.98,-0.397,-0.045,-0.367,-0.132,29908,1
3165,5888,116,hr 8603,847156.0,0.417,-0.243,0.467,-0.175,21725,22
3166,5889,116,hr 8606,1479490.0,-0.26,-0.08,-0.304,-0.306,29769,25
3167,5890,116,hr 861,16038055.0,-0.402,-0.322,-0.329,-0.336,29571,49
3168,5891,116,hr 8614,120000.0,0.846,-0.365,0.693,-0.246,21753,48
3169,5892,116,hr 8615,10500.0,-0.52,-0.098,-0.43,-0.374,31103,12
3170,5893,116,hr 8616,770000.0,-0.187,-0.03,-0.161,-0.159,21315,71
3171,5894,116,hr 8623,50000.0,-0.187,0.342,-0.165,0.429,21966,40
3172,5895,116,hr 8624,925000.0,0.528,0.266,0.557,0.238,21351,24
3173,5896,116,hr 8629,530000.0,-0.306,-0.038,-0.282,0.277,20952,40
3174,5897,116,hr 863,5330000.0,-0.435,-0.147,-0.426,-0.257,20538,71
3175,5898,116,hr 8631,1800000.0,-0.109,0.373,-0.123,0.367,21923,2
3176,5899,116,hr 8632,1166000.0,-0.598,-0.263,-0.595,-0.214,20305,61
3177,5900,116,hr 8635,10000.0,-0.353,0.176,-0.353,0.124,21939,71
3178,5901,116,hr 8636,190000.0,-0.272,0.121,-0.26,0.099,21942,12
3179,5902,116,hr 8639,20000.0,-0.217,-0.278,-0.179,0.016,21954,71
3180,5903,116,hr 864,1197000.0,-0.309,-0.095,-0.466,-0.129,20958,71
3181,5904,116,hr 8644,1130000.0,0.581,0.25,0.595,0.214,21373,34
3182,5905,116,hr 8649,30000.0,0.436,0.315,0.405,0.361,21330,22
3183,5906,116,hr 865,2430355.0,-0.45,0.012,-0.526,0.207,39307,40
3184,5907,116,hr 8650,80000.0,0.595,0.063,0.596,0.153,21364,49
3185,5908,116,hr 8660,770000.0,-0.469,-0.137,-0.26,-0.13,21566,14
3186,5909,116,hr 8662,48681.0,0.304,-0.061,0.32,0.158,20518,35
3187,5910,116,hr 8664,10000.0,-0.431,-0.901,-0.459,-0.784,21921,21
3188,5911,116,hr 8673,180000.0,-0.353,0.176,-0.353,0.124,21939,71
3189,5912,116,hr 8675,960000.0,0.682,-0.007,0.668,-0.097,21515,44
3190,5913,116,hr 8677,440000.0,0.589,0.171,0.494,0.197,21734,32
3191,5914,116,hr 8678,290000.0,-0.376,-0.218,-0.381,-0.133,21342,13
3192,5915,116,hr 8679,30000.0,-0.497,-0.053,-0.547,-0.509,21993,55
3193,5916,116,hr 8680,1160000.0,-0.521,-0.247,-0.552,-0.183,21741,52
3194,5917,116,hr 8687,1165000.0,-0.306,-0.038,-0.282,0.277,20952,40
3195,5918,116,hr 869,0.0,-0.449,-0.035,-0.514,0.075,21915,14
3196,5919,116,hr 8691,60000.0,-0.343,-0.113,-0.372,-0.031,21931,1
3197,5920,116,hr 8693,350000.0,-0.503,-0.257,-0.613,-0.144,21728,71
3198,5921,116,hr 8695,2139999.99,0.529,0.129,0.684,0.266,20522,47
3199,5922,116,hr 8696,7809490.0,-0.417,-0.105,-0.328,-0.235,15616,3
3200,5923,116,hr 8698,1130000.0,-0.288,-0.958,-0.255,-0.967,21975,23
3201,5924,116,hr 8702,3261695.02,-0.239,0.014,-0.202,-0.108,21304,71
3202,5925,116,hr 8707,688309.0,-0.408,-0.093,-0.41,-0.087,15603,13
3203,5926,116,hr 8709,210000.0,-0.581,0.14,-0.589,-0.271,20941,24
3204,5927,116,hr 871,193922.0,-0.429,0.075,-0.483,-0.013,21502,61
3205,5928,116,hr 8712,15000.0,-0.364,0.177,-0.355,0.556,20145,73
3206,5929,116,hr 8713,10000.0,-0.381,-0.017,-0.393,-0.136,21736,40
3207,5930,116,hr 8718,10000.0,-0.381,-0.41,-0.474,-0.535,20762,71
3208,5931,116,hr 8723,80000.0,0.704,-0.365,0.73,-0.308,21317,43
3209,5932,116,hr 8725,50000.0,-0.36,0.166,-0.382,0.161,21746,43
3210,5933,116,hr 8727,50000.0,0.562,0.314,0.551,0.272,21513,44
3211,5934,116,hr 8729,10000.0,-0.332,-0.233,-0.324,-0.226,21928,66
3212,5935,116,hr 873,345000.0,-0.45,0.012,-0.526,0.207,39307,40
3213,5936,116,hr 8731,20000.0,-0.291,0.128,-0.307,-0.032,21740,71
3214,5937,116,hr 8732,209625.0,-0.438,0.059,-0.441,0.039,20708,43
3215,5938,116,hr 8736,10000.0,-0.398,0.143,-0.361,0.039,21548,14
3216,5939,116,hr 8743,380000.0,-0.353,0.176,-0.353,0.124,21939,71
3217,5940,116,hr 8745,80000.0,-0.342,0.173,-0.568,0.317,21761,13
3218,5941,116,hr 875,20000.0,-0.603,-0.275,-0.531,-0.473,29911,21
3219,5942,116,hr 8751,50000.0,0.283,0.022,0.161,0.147,14066,81
3220,5943,116,hr 8752,50000.0,0.526,0.175,0.699,0.269,21346,47
3221,5944,116,hr 8756,410000.0,0.476,-0.018,0.478,-0.026,21957,40
3222,5945,116,hr 8759,3240000.0,-0.239,0.054,-0.211,0.035,21329,21
3223,5946,116,hr 8769,3700000.0,-0.292,0.051,-0.271,0.012,21308,71
3224,5947,116,hr 8772,290000.0,-0.382,0.74,-0.363,0.642,21722,49
3225,5948,116,hr 8773,180000.0,0.426,0.274,0.326,0.396,20916,51
3226,5949,116,hr 8774,15000.0,-0.646,-0.464,-0.702,-0.159,21726,73
3227,5950,116,hr 8775,22500.0,-0.25,0.049,-0.199,0.015,21311,71
3228,5951,116,hr 8780,10000.0,0.333,-0.011,0.379,-0.066,29932,72
3229,5952,116,hr 8782,60000.0,-0.388,-0.092,-0.363,-0.147,21554,40
3230,5953,116,hr 8786,1290000.0,0.24,0.315,0.285,0.245,21924,24
3231,5954,116,hr 8788,90000.0,0.682,-0.007,0.668,-0.097,21515,44
3232,5955,116,hr 8792,20000.0,0.451,-0.023,0.411,-0.035,21111,62
3233,5956,116,hr 8793,70000.0,-0.547,-0.35,-0.586,-0.417,29378,13
3234,5957,116,hr 8799,70000.0,-0.305,0.19,-0.273,0.408,21912,62
3235,5958,116,hr 88,20000.0,0.827,-0.562,0.991,-0.136,21705,61
3236,5959,116,hr 880,1095292.0,-0.292,0.051,-0.271,0.012,21308,71
3237,5960,116,hr 8802,1090000.0,-0.348,0.138,-0.348,0.043,21339,65
3238,5961,116,hr 8805,2567000.0,-0.187,-0.14,-0.188,-0.21,21326,21
3239,5962,116,hr 8807,435000.0,-0.198,0.18,-0.167,0.128,21739,61
3240,5963,116,hr 8808,80000.0,0.403,0.48,0.406,0.56,29701,41
3241,5964,116,hr 8822,30000.0,-0.388,-0.092,-0.363,-0.147,21554,40
3242,5965,116,hr 8826,390000.0,-0.397,0.399,-0.364,0.329,21102,41
3243,5966,116,hr 8827,170000.0,-0.288,-0.958,-0.255,-0.967,21975,23
3244,5967,116,hr 8832,2140000.0,0.595,-0.045,0.608,0.542,21565,51
3245,5968,116,hr 8834,910000.0,-0.404,-0.158,-0.464,0.03,21529,23
3246,5969,116,hr 884,4618000.0,-0.489,-0.38,-0.494,-0.375,20955,71
3247,5970,116,hr 8840,1795487.0,-0.187,-0.14,-0.188,-0.21,21326,21
3248,5971,116,hr 8842,240000.0,-0.393,0.068,-0.404,0.328,29901,71
3249,5972,116,hr 8845,1500000.0,-0.397,0.399,-0.364,0.329,21102,41
3250,5973,116,hr 8848,0.0,0.372,0.208,0.432,0.116,21305,71
3251,5974,116,hr 8861,80000.0,0.558,-0.217,0.617,-0.232,21359,48
3252,5975,116,hr 8862,21218.95,-0.187,0.342,-0.165,0.429,21966,40
3253,5976,116,hr 8867,10000.0,-0.301,-0.195,-0.244,0.111,20927,65
3254,5977,116,hr 8868,134240.0,-0.307,0.179,-0.268,-0.038,21978,52
3255,5978,116,hr 8871,20000.0,-0.404,-0.158,-0.464,0.03,21529,23
3256,5979,116,hr 8874,100000.0,0.498,0.171,0.507,0.097,21985,14
3257,5980,116,hr 8879,3180000.0,-0.368,-0.006,-0.313,0.166,29741,12
3258,5981,116,hr 8881,105000.0,-0.472,-0.086,-0.231,-0.474,21762,14
3259,5982,116,hr 8884,604658.0,-0.426,-0.641,-0.382,-0.401,29588,72
3260,5983,116,hr 8893,205000.0,0.3,0.178,0.254,0.18,21188,56
3261,5984,116,hr 890,1750886.0,0.484,0.284,0.429,0.305,21165,24
3262,5985,116,hr 8900,11058566.0,-0.389,-0.152,-0.377,-0.268,15612,13
3263,5986,116,hr 8906,60000.0,-0.375,0.114,-0.367,0.25,20136,5
3264,5987,116,hr 8918,153783.0,-0.394,-0.329,-0.382,-0.148,20748,54
3265,5988,116,hr 8920,1520000.0,-0.331,0.099,-0.247,0.339,29561,14
3266,5989,116,hr 8926,240000.0,-0.279,-0.045,-0.337,0.017,21525,3
3267,5990,116,hr 8929,30000.0,-0.187,-0.14,-0.188,-0.21,21326,21
3268,5991,116,hr 8930,1634113.0,-0.187,-0.14,-0.188,-0.21,21326,21
3269,5992,116,hr 8932,10000.0,-0.274,-0.282,-0.271,-0.091,21324,82
3270,5993,116,hr 8946,10000.0,-0.293,-0.956,-0.278,-0.961,21950,33
3271,5994,116,hr 895,10000.0,0.462,0.139,0.474,0.111,21935,37
3272,5995,116,hr 8954,1600000.0,-0.403,-0.068,-0.387,0.109,21362,49
3273,5996,116,hr 8957,575000.0,-0.224,0.501,-0.224,0.501,21918,31
3274,5997,116,hr 8958,370000.0,-0.466,-0.024,-0.45,0.005,21371,21
3275,5998,116,hr 8959,440000.0,-0.474,-0.563,-0.534,-0.549,21940,23
3276,5999,116,hr 8960,2250000.0,-0.474,-0.563,-0.534,-0.549,21940,23
3277,6000,116,hr 8962,90000.0,0.846,-0.365,0.693,-0.246,21753,48
3278,6001,116,hr 8969,40000.0,-0.274,-0.282,-0.271,-0.091,21324,82
3279,6002,116,hr 898,9170000.0,-0.311,-0.009,-0.296,-0.06,21368,73
3280,6003,116,hr 8988,100000.0,-0.336,0.251,-0.273,0.398,21937,12
3281,6004,116,hr 899,390000.0,0.678,-0.735,0.879,-0.477,31102,51
3282,6005,116,hr 8990,2430000.0,-0.421,0.328,-0.535,0.83,21536,12
3283,6006,116,hr 8996,20000.0,0.654,-0.757,0.821,-0.571,21143,23
3284,6007,116,hr 9,3040000.0,-0.438,0.059,-0.441,0.039,20708,43
3285,6008,116,hr 900,360000.0,-0.311,-0.009,-0.296,-0.06,21368,73
3286,6009,116,hr 9002,240000.0,-0.43,-0.304,-0.461,-0.424,29710,62
3287,6010,116,hr 9015,490000.0,0.234,0.382,0.295,0.254,21128,21
3288,6011,116,hr 9018,15000.0,-0.508,-0.484,-0.627,-0.549,29377,13
3289,6012,116,hr 9022,12000.0,-0.324,-0.257,-0.306,-0.459,20954,21
3290,6013,116,hr 9029,37000.0,-0.646,-0.464,-0.702,-0.159,21726,73
3291,6014,116,hr 9033,50000.0,-0.603,-0.275,-0.531,-0.473,29911,21
3292,6015,116,hr 9035,204240.0,0.581,0.25,0.595,0.214,21373,34
3293,6016,116,hr 9049,30000.0,-0.348,-0.032,-0.296,0.084,20519,13
3294,6017,116,hr 9051,410000.0,-0.417,-0.105,-0.328,-0.235,15616,3
3295,6018,116,hr 9054,2838580.0,0.3,0.178,0.254,0.18,21188,56
3296,6019,116,hr 9065,15000.0,-0.508,-0.484,-0.627,-0.549,29377,13
3297,6020,116,hr 9067,20000.0,-0.36,0.166,-0.382,0.161,21746,43
3298,6021,116,hr 91,5000.0,-0.426,-0.641,-0.382,-0.401,29588,72
3299,6022,116,hr 911,12286000.0,0.141,-0.123,0.215,-0.277,21718,14
3300,6023,116,hr 913,6199562.0,-0.368,0.012,-0.398,0.114,20932,66
3301,6024,116,hr 919,743510.0,-0.324,-0.257,-0.306,-0.459,20954,21
3302,6025,116,hr 92,490000.0,-0.426,-0.641,-0.382,-0.401,29588,72
3303,6026,116,hr 920,60000.0,-0.352,0.021,-0.351,0.018,21963,43
3304,6027,116,hr 925,45953137.0,-0.393,0.068,-0.404,0.328,29901,71
3305,6028,116,hr 932,140000.0,-0.409,-0.375,-0.452,-0.181,20750,6
3306,6029,116,hr 934,90000.0,-0.45,0.012,-0.526,0.207,39307,40
3307,6030,116,hr 935,198000.0,0.3,0.178,0.254,0.18,21188,56
3308,6031,116,hr 936,0.0,-0.521,-0.247,-0.552,-0.183,21741,52
3309,6032,116,hr 938,31812496.0,-0.182,0.054,-0.263,0.059,20944,72
3310,6033,116,hr 94,45943.0,-0.292,0.051,-0.271,0.012,21308,71
3311,6034,116,hr 940,29725092.0,0.439,0.012,0.566,0.079,21720,25
3312,6035,116,hr 943,83022.0,-0.387,-0.285,-0.357,-0.56,29379,13
3313,6036,116,hr 945,8118418.0,-0.393,0.068,-0.404,0.328,29901,71
3314,6037,116,hr 946,5204000.0,-0.404,-0.168,-0.154,-0.101,15454,12
3315,6038,116,hr 947,40000.0,0.229,0.426,0.294,0.181,21992,92
3316,6039,116,hr 948,600000.0,0.542,-0.137,0.602,-0.497,29550,24
3317,6040,116,hr 953,1210000.0,-0.469,-0.137,-0.26,-0.13,21566,14
3318,6041,116,hr 955,0.0,-0.364,0.177,-0.355,0.556,20145,73
3319,6042,116,hr 957,160000.0,0.422,0.311,0.429,0.355,21737,23
3320,6043,116,hr 960,180000.0,0.676,-0.459,0.601,-0.072,21356,14
3321,6044,116,hr 961,527000.0,-0.603,-0.275,-0.531,-0.473,29911,21
3322,6045,116,hr 962,173818.0,0.393,0.287,0.463,0.19,21337,34
3323,6046,116,hr 965,47982675.0,-0.389,-0.262,-0.397,-0.19,21172,5
3324,6047,116,hr 967,160000.0,0.431,0.085,0.423,0.06,21751,64
3325,6048,116,hr 969,2400000.0,0.484,0.293,0.45,0.235,21333,51
3326,6049,116,hr 97,150000.0,0.362,-0.096,0.35,-0.145,20709,43
3327,6050,116,hr 970,156287.0,-0.344,-0.063,-0.342,-0.171,21707,52
3328,6051,116,hr 971,0.0,-0.482,-0.317,-0.495,-0.441,21375,3
3329,6052,116,hr 973,43000.0,-0.404,-0.158,-0.464,0.03,21529,23
3330,6053,116,hr 977,80000.0,0.462,-0.357,0.333,-0.137,21735,43
3331,6054,116,hr 978,8000000.0,-0.435,-0.147,-0.426,-0.257,20538,71
3332,6055,116,hr 982,1210000.0,-0.508,-0.135,-0.504,-0.204,20310,71
3333,6056,116,hr 985,17960399.0,-0.409,-0.375,-0.452,-0.181,20750,6
3334,6057,116,hr 986,2593000.0,-0.261,-0.099,-0.261,-0.138,21340,4
3335,6058,116,hr 987,18897619.0,-0.344,-0.155,-0.324,-0.093,21706,11
3336,6059,116,hr 989,775000.0,-0.396,-0.412,-0.389,-0.36,21198,72
3337,6060,116,hr 990,6501751.0,0.572,0.293,0.604,0.325,21182,49
3338,6061,116,hr 991,1760000.0,-0.397,0.399,-0.364,0.329,21102,41
3339,6062,116,hr 996,2550000.0,-0.609,-0.244,-0.611,-0.089,20733,13
3340,6063,116,hr 997,47944.0,0.613,0.171,0.621,0.151,20325,31
3341,6064,116,pl 116-113,7605000.0,0.0,0.0,0.0,0.0,,
3342,6065,116,pl 116-123,5580000.0,0.0,0.0,0.0,0.0,,
3343,6066,116,pl 116-124,2890000.0,0.0,0.0,0.0,0.0,,
3344,6067,116,pl 116-127,5042939.0,0.0,0.0,0.0,0.0,,
3345,6068,116,pl 116-129,520000.0,0.0,0.0,0.0,0.0,,
3346,6069,116,pl 116-13,40000.0,0.0,0.0,0.0,0.0,,
3347,6070,116,pl 116-137,100000.0,0.0,0.0,0.0,0.0,,
3348,6071,116,pl 116-139,3296406.0,0.0,0.0,0.0,0.0,,
3349,6072,116,pl 116-14,50000.0,0.0,0.0,0.0,0.0,,
3350,6073,116,pl 116-140,110000.0,0.0,0.0,0.0,0.0,,
3351,6074,116,pl 116-142,2060000.0,0.0,0.0,0.0,0.0,,
3352,6075,116,pl 116-146,6850000.0,0.0,0.0,0.0,0.0,,
3353,6076,116,pl 116-149,40000.0,0.0,0.0,0.0,0.0,,
3354,6077,116,pl 116-152,975500.0,0.0,0.0,0.0,0.0,,
3355,6078,116,pl 116-159,2209130.0,0.0,0.0,0.0,0.0,,
3356,6079,116,pl 116-186,20000.0,0.0,0.0,0.0,0.0,,
3357,6080,116,pl 116-211,0.0,0.0,0.0,0.0,0.0,,
3358,6081,116,pl 116-215,230000.0,0.0,0.0,0.0,0.0,,
3359,6082,116,pl 116-22,18930000.0,0.0,0.0,0.0,0.0,,
3360,6083,116,pl 116-225,180000.0,0.0,0.0,0.0,0.0,,
3361,6084,116,pl 116-226,180000.0,0.0,0.0,0.0,0.0,,
3362,6085,116,pl 116-246,160000.0,0.0,0.0,0.0,0.0,,
3363,6086,116,pl 116-260,17675146.0,0.0,0.0,0.0,0.0,,
3364,6087,116,pl 116-277,0.0,0.0,0.0,0.0,0.0,,
3365,6088,116,pl 116-283,3080000.0,0.0,0.0,0.0,0.0,,
3366,6089,116,pl 116-3,30000.0,0.0,0.0,0.0,0.0,,
3367,6090,116,pl 116-36,90000.0,0.0,0.0,0.0,0.0,,
3368,6091,116,pl 116-59,300000.0,0.0,0.0,0.0,0.0,,
3369,6092,116,pl 116-6,19300000.0,0.0,0.0,0.0,0.0,,
3370,6093,116,pl 116-69,310000.0,0.0,0.0,0.0,0.0,,
3371,6094,116,pl 116-9,510000.0,0.0,0.0,0.0,0.0,,
3372,6095,116,pl 116-92,6390000.0,0.0,0.0,0.0,0.0,,
3373,6096,116,pl 116-93,8190000.0,0.0,0.0,0.0,0.0,,
3374,6097,116,pl 116-94,15656890.0,0.0,0.0,0.0,0.0,,
3375,6098,116,pl 116-96,300000.0,0.0,0.0,0.0,0.0,,
3376,6099,116,pl 116-97,1030000.0,0.0,0.0,0.0,0.0,,
3377,6100,116,s 10,280000.0,0.61,-0.17,0.549,-0.215,41102,43
3378,6101,116,s 100,30000.0,0.43,0.223,0.371,0.295,29754,37
3379,6102,116,s 1007,1225000.0,0.502,0.289,0.521,0.012,29345,63
3380,6103,116,s 1008,120000.0,0.61,-0.17,0.549,-0.215,41102,43
3381,6104,116,s 1011,4191349.0,0.595,0.152,0.642,0.202,21301,42
3382,6105,116,s 1012,190000.0,-0.058,0.402,-0.114,0.629,40915,56
3383,6106,116,s 1013,830000.0,-0.343,-0.017,-0.314,-0.111,29732,23
3384,6107,116,s 1014,32568.0,-0.336,0.091,-0.274,0.006,21325,21
3385,6108,116,s 1016,10000.0,0.595,0.152,0.642,0.202,21301,42
3386,6109,116,s 1018,3970000.0,-0.583,-0.276,-0.47,-0.623,41308,12
3387,6110,116,s 1019,5891349.0,-0.088,0.187,-0.113,0.108,41705,41
3388,6111,116,s 102,18380000.0,-0.539,-0.406,-0.481,-0.753,29147,6
3389,6112,116,s 1020,7721349.0,0.447,-0.048,0.543,0.075,21133,22
3390,6113,116,s 1022,3240000.0,-0.514,-0.465,-0.398,-0.538,14435,3
3391,6114,116,s 1023,3320000.0,-0.343,-0.017,-0.314,-0.111,29732,23
3392,6115,116,s 1025,60000.0,-0.366,-0.119,-0.32,-0.119,29373,12
3393,6116,116,s 1026,3750000.0,-0.313,0.166,-0.292,0.12,40703,14
3394,6117,116,s 1028,8348500.0,-0.751,-0.337,-0.718,-0.066,41301,3
3395,6118,116,s 1030,2400000.0,0.8,-0.189,0.887,-0.309,41304,49
3396,6119,116,s 1031,280000.0,0.767,-0.219,0.618,-0.383,41901,34
3397,6120,116,s 1032,3284240.0,0.371,-0.208,0.384,-0.362,29386,24
3398,6121,116,s 1033,80000.0,-0.355,-0.086,-0.382,-0.438,40704,5
3399,6122,116,s 1036,2460000.0,-0.348,-0.304,-0.169,-0.806,15021,21
3400,6123,116,s 1037,500000.0,0.536,0.221,0.58,0.329,40707,68
3401,6124,116,s 1043,740000.0,0.891,-0.454,0.935,-0.354,41110,67
3402,6125,116,s 1046,5116163.0,-0.361,0.323,-0.395,0.345,41700,65
3403,6126,116,s 1048,4261864.0,-0.436,-0.162,-0.372,-0.127,41101,1
3404,6127,116,s 1049,588068.24,-0.238,-0.135,-0.293,-0.326,40906,4
3405,6128,116,s 1052,335000.0,-0.058,0.402,-0.114,0.629,40915,56
3406,6129,116,s 1053,120000.0,-0.232,-0.212,-0.396,0.09,40916,11
3407,6130,116,s 1055,165000.0,-0.238,-0.135,-0.293,-0.326,40906,4
3408,6131,116,s 1057,300000.0,0.345,0.027,0.321,0.006,21501,61
3409,6132,116,s 1058,100000.0,-0.709,-0.105,-0.693,-0.068,41701,71
3410,6133,116,s 1059,589215.0,0.447,-0.048,0.543,0.075,21133,22
3411,6134,116,s 106,830000.0,0.398,0.18,0.448,0.122,29735,34
3412,6135,116,s 1060,3605000.0,-0.392,-0.208,-0.406,-0.368,20330,52
3413,6136,116,s 1063,160000.0,-0.272,-0.206,-0.316,-0.094,20707,1
3414,6137,116,s 1064,300000.0,-0.058,0.402,-0.114,0.629,40915,56
3415,6138,116,s 1066,120000.0,-0.583,-0.276,-0.47,-0.623,41308,12
3416,6139,116,s 1067,710000.0,-0.709,-0.105,-0.693,-0.068,41701,71
3417,6140,116,s 1069,270000.0,-0.492,-0.133,-0.526,-0.414,29940,25
3418,6141,116,s 107,674732.0,0.61,-0.17,0.549,-0.215,41102,43
3419,6142,116,s 1071,1280000.0,-0.238,-0.135,-0.293,-0.326,40906,4
3420,6143,116,s 1072,281800.0,0.8,0.6,0.837,0.335,41900,22
3421,6144,116,s 1074,395000.0,-0.444,-0.103,-0.637,0.385,41112,82
3422,6145,116,s 1075,14762.0,0.376,0.349,0.399,0.379,29534,46
3423,6146,116,s 1078,0.0,0.562,-0.075,0.68,-0.379,41501,44
3424,6147,116,s 1079,129568.0,-0.453,0.161,-0.453,0.248,29924,66
3425,6148,116,s 1081,1680601.0,-0.058,0.402,-0.114,0.629,40915,56
3426,6149,116,s 1082,12838820.92,-0.352,-0.303,-0.39,-0.34,49308,73
3427,6150,116,s 1083,30000.0,-0.583,-0.276,-0.47,-0.623,41308,12
3428,6151,116,s 1084,4870000.0,-0.206,-0.053,-0.218,-0.105,40909,40
3429,6152,116,s 1085,260000.0,-0.246,-0.184,-0.178,-0.133,20923,23
3430,6153,116,s 1087,1173000.0,0.536,0.221,0.58,0.329,40707,68
3431,6154,116,s 1088,79694.0,-0.514,-0.465,-0.398,-0.538,14435,3
3432,6155,116,s 1089,8960000.0,0.413,-0.09,0.357,-0.079,14852,32
3433,6156,116,s 109,11870000.0,0.376,0.349,0.399,0.379,29534,46
3434,6157,116,s 1094,24690241.0,-0.343,-0.017,-0.314,-0.111,29732,23
3435,6158,116,s 1097,5827000.0,-0.514,-0.465,-0.398,-0.538,14435,3
3436,6159,116,s 1098,156175.0,-0.32,-0.227,-0.363,-0.124,15408,52
3437,6160,116,s 110,190000.0,0.118,-0.53,0.132,-0.772,49703,2
3438,6161,116,s 1102,2675000.0,-0.366,-0.119,-0.32,-0.119,29373,12
3439,6162,116,s 1103,164000.0,0.595,0.152,0.642,0.202,21301,42
3440,6163,116,s 1105,160000.0,-0.238,-0.135,-0.293,-0.326,40906,4
3441,6164,116,s 1107,687000.0,0.61,-0.17,0.549,-0.215,41102,43
3442,6165,116,s 1108,9295000.0,-0.33,-0.482,-0.355,-0.423,14871,72
3443,6166,116,s 1109,62000.0,-0.709,-0.105,-0.693,-0.068,41701,71
3444,6167,116,s 1110,210000.0,-0.709,-0.105,-0.693,-0.068,41701,71
3445,6168,116,s 1111,106000.0,-0.709,-0.105,-0.693,-0.068,41701,71
3446,6169,116,s 1112,1970000.0,-0.436,-0.162,-0.372,-0.127,41101,1
3447,6170,116,s 1114,3548000.0,0.585,-0.027,0.485,-0.107,21338,64
3448,6171,116,s 1115,274875.0,0.435,-0.07,0.416,0.101,29548,47
3449,6172,116,s 1116,1100000.0,0.628,0.147,0.576,0.181,20351,54
3450,6173,116,s 1119,161416.0,-0.453,0.161,-0.453,0.248,29924,66
3451,6174,116,s 1122,190000.0,-0.397,-0.073,-0.346,-0.123,41706,33
3452,6175,116,s 1123,319694.0,-0.232,-0.212,-0.396,0.09,40916,11
3453,6176,116,s 1125,1260000.0,0.398,-0.11,0.443,-0.064,41504,47
3454,6177,116,s 1126,360000.0,0.278,0.132,0.229,-0.122,20146,56
3455,6178,116,s 1127,1960000.0,-0.514,-0.465,-0.398,-0.538,14435,3
3456,6179,116,s 1128,1344029.0,-0.355,-0.086,-0.382,-0.438,40704,5
3457,6180,116,s 1129,7630590.0,-0.539,-0.406,-0.481,-0.753,29147,6
3458,6181,116,s 1131,1292836.0,-0.442,-0.739,-0.382,-0.584,40908,72
3459,6182,116,s 1134,2540000.0,0.401,0.379,0.35,0.356,21350,36
3460,6183,116,s 1138,2031416.0,-0.426,-0.102,-0.302,-0.204,29389,24
3461,6184,116,s 1140,4130000.0,-0.397,-0.073,-0.346,-0.123,41706,33
3462,6185,116,s 1141,220000.0,-0.343,-0.017,-0.314,-0.111,29732,23
3463,6186,116,s 1142,18224098.0,-0.33,-0.027,-0.263,-0.085,20930,66
3464,6187,116,s 1144,4470000.0,0.61,-0.17,0.549,-0.215,41102,43
3465,6188,116,s 1147,194800.0,-0.355,-0.086,-0.382,-0.438,40704,5
3466,6189,116,s 1149,5926000.0,0.585,-0.027,0.485,-0.107,21338,64
3467,6190,116,s 1152,4950000.0,0.425,0.334,0.367,0.168,20101,42
3468,6191,116,s 1153,190000.0,-0.492,-0.133,-0.526,-0.414,29940,25
3469,6192,116,s 1154,20000.0,-0.214,0.169,-0.278,0.563,40702,64
3470,6193,116,s 1155,700000.0,0.468,-0.065,0.487,-0.461,20919,45
3471,6194,116,s 116,50000.0,-0.469,-0.403,-0.187,0.301,20735,13
3472,6195,116,s 1164,60000.0,0.45,0.345,0.41,0.15,41707,46
3473,6196,116,s 1166,10000.0,0.628,0.147,0.576,0.181,20351,54
3474,6197,116,s 1167,4789300.0,-0.352,-0.303,-0.39,-0.34,49308,73
3475,6198,116,s 1169,11150000.0,0.444,-0.029,0.508,0.092,21112,62
3476,6199,116,s 1170,50000.0,0.545,0.199,0.491,0.042,49706,68
3477,6200,116,s 1171,120000.0,0.398,-0.11,0.443,-0.064,41504,47
3478,6201,116,s 1172,710000.0,-0.392,-0.208,-0.406,-0.368,20330,52
3479,6202,116,s 1173,34900.0,-0.313,0.166,-0.292,0.12,40703,14
3480,6203,116,s 1174,1995000.0,-0.444,-0.103,-0.637,0.385,41112,82
3481,6204,116,s 1177,9300000.0,0.21,-0.316,0.228,-0.18,40300,81
3482,6205,116,s 118,3392671.0,-0.232,-0.212,-0.396,0.09,40916,11
3483,6206,116,s 1183,120000.0,-0.283,-0.357,-0.3,-0.135,40700,33
3484,6207,116,s 1185,1390000.0,-0.36,-0.121,-0.419,-0.04,14307,6
3485,6208,116,s 1187,700000.0,-0.469,-0.403,-0.187,0.301,20735,13
3486,6209,116,s 1188,586434.0,-0.32,-0.227,-0.363,-0.124,15408,52
3487,6210,116,s 1190,3461499.0,0.278,0.132,0.229,-0.122,20146,56
3488,6211,116,s 1191,560000.0,0.118,-0.53,0.132,-0.772,49703,2
3489,6212,116,s 1192,220000.0,-0.33,-0.482,-0.355,-0.423,14871,72
3490,6213,116,s 1193,692000.0,-0.058,0.402,-0.114,0.629,40915,56
3491,6214,116,s 1194,2240000.0,-0.751,-0.337,-0.718,-0.066,41301,3
3492,6215,116,s 1195,603236.0,-0.469,-0.403,-0.187,0.301,20735,13
3493,6216,116,s 1198,1290000.0,-0.348,-0.304,-0.169,-0.806,15021,21
3494,6217,116,s 1199,240000.0,-0.352,-0.303,-0.39,-0.34,49308,73
3495,6218,116,s 12,7802172.0,0.61,-0.17,0.549,-0.215,41102,43
3496,6219,116,s 120,200000.0,-0.283,-0.357,-0.3,-0.135,40700,33
3497,6220,116,s 1200,26062000.0,-0.442,-0.739,-0.382,-0.584,40908,72
3498,6221,116,s 1201,5683000.0,-0.058,0.402,-0.114,0.629,40915,56
3499,6222,116,s 1202,2350000.0,-0.514,-0.465,-0.398,-0.538,14435,3
3500,6223,116,s 1203,410000.0,-0.469,-0.403,-0.187,0.301,20735,13
3501,6224,116,s 1204,160000.0,-0.313,0.166,-0.292,0.12,40703,14
3502,6225,116,s 1205,0.0,-0.469,-0.403,-0.187,0.301,20735,13
3503,6226,116,s 1207,200000.0,0.29,0.308,0.39,0.705,41902,67
3504,6227,116,s 1209,7410000.0,0.468,-0.065,0.487,-0.461,20919,45
3505,6228,116,s 121,3525000.0,-0.088,0.187,-0.113,0.108,41705,41
3506,6229,116,s 1210,150000.0,0.118,-0.53,0.132,-0.772,49703,2
3507,6230,116,s 1212,10000.0,-0.436,-0.162,-0.372,-0.127,41101,1
3508,6231,116,s 1213,570000.0,-0.751,-0.337,-0.718,-0.066,41301,3
3509,6232,116,s 1214,8498308.0,-0.514,-0.465,-0.398,-0.538,14435,3
3510,6233,116,s 1215,1665000.0,0.552,0.045,0.486,-0.235,15424,53
3511,6234,116,s 1218,0.0,-0.392,-0.208,-0.406,-0.368,20330,52
3512,6235,116,s 1223,1038064.0,-0.313,0.166,-0.292,0.12,40703,14
3513,6236,116,s 1224,28330000.0,-0.283,-0.357,-0.3,-0.135,40700,33
3514,6237,116,s 1225,10000.0,-0.313,0.166,-0.292,0.12,40703,14
3515,6238,116,s 1227,36865399.0,0.357,-0.042,0.293,-0.144,14226,31
3516,6239,116,s 1228,20000.0,0.585,-0.027,0.485,-0.107,21338,64
3517,6240,116,s 1229,160000.0,-0.751,-0.337,-0.718,-0.066,41301,3
3518,6241,116,s 123,0.0,0.535,-0.022,0.505,0.042,41502,31
3519,6242,116,s 1230,0.0,-0.348,-0.304,-0.169,-0.806,15021,21
3520,6243,116,s 1232,1071651.0,-0.058,0.402,-0.114,0.629,40915,56
3521,6244,116,s 1233,6040000.0,0.35,0.101,0.386,0.004,41505,37
3522,6245,116,s 1234,2350000.0,0.21,-0.316,0.228,-0.18,40300,81
3523,6246,116,s 1236,4140000.0,0.555,-0.111,0.482,0.462,41703,45
3524,6247,116,s 124,1449830.0,0.61,-0.17,0.549,-0.215,41102,43
3525,6248,116,s 1240,170000.0,-0.214,0.169,-0.278,0.563,40702,64
3526,6249,116,s 1241,380000.0,-0.348,-0.304,-0.169,-0.806,15021,21
3527,6250,116,s 1243,81800.0,-0.583,-0.276,-0.47,-0.623,41308,12
3528,6251,116,s 1245,9711793.57,0.392,0.445,0.294,0.367,41107,36
3529,6252,116,s 1246,222368.0,-0.245,-0.066,-0.245,-0.041,41305,40
3530,6253,116,s 1249,3180000.0,-0.348,-0.304,-0.169,-0.806,15021,21
3531,6254,116,s 1251,495059.67,-0.238,-0.135,-0.293,-0.326,40906,4
3532,6255,116,s 1253,5810000.0,-0.268,-0.184,-0.29,0.1,49300,71
3533,6256,116,s 1254,350000.0,0.447,-0.048,0.543,0.075,21133,22
3534,6257,116,s 1256,14050000.0,-0.367,-0.173,-0.315,-0.345,29142,5
3535,6258,116,s 1257,530045.58,0.401,0.379,0.35,0.356,21350,36
3536,6259,116,s 1258,2505312.0,-0.444,-0.103,-0.637,0.385,41112,82
3537,6260,116,s 1260,20000.0,-0.397,-0.073,-0.346,-0.123,41706,33
3538,6261,116,s 1261,1890590.0,-0.442,-0.739,-0.382,-0.584,40908,72
3539,6262,116,s 1262,120000.0,-0.33,-0.482,-0.355,-0.423,14871,72
3540,6263,116,s 1263,1392462.0,-0.361,0.323,-0.395,0.345,41700,65
3541,6264,116,s 1264,60000.0,0.585,-0.027,0.485,-0.107,21338,64
3542,6265,116,s 1266,1880000.0,0.671,0.168,0.547,0.065,41903,43
3543,6266,116,s 1267,10000.0,-0.366,-0.119,-0.32,-0.119,29373,12
3544,6267,116,s 1268,810000.0,-0.343,-0.017,-0.314,-0.111,29732,23
3545,6268,116,s 127,180000.0,-0.268,-0.184,-0.29,0.1,49300,71
3546,6269,116,s 1273,46685351.0,0.555,-0.111,0.482,0.462,41703,45
3547,6270,116,s 1275,2400000.0,-0.234,0.022,-0.258,-0.081,41702,4
3548,6271,116,s 1277,100000.0,0.345,0.027,0.321,0.006,21501,61
3549,6272,116,s 1279,250000.0,-0.088,0.187,-0.113,0.108,41705,41
3550,6273,116,s 128,180000.0,-0.214,0.169,-0.278,0.563,40702,64
3551,6274,116,s 1280,4700000.0,-0.313,0.166,-0.292,0.12,40703,14
3552,6275,116,s 1288,3198589.0,-0.33,-0.482,-0.355,-0.423,14871,72
3553,6276,116,s 1294,235800.0,0.376,0.349,0.399,0.379,29534,46
3554,6277,116,s 1298,8500000.0,0.629,-0.003,0.682,-0.006,21173,48
3555,6278,116,s 13,80000.0,0.61,-0.17,0.549,-0.215,41102,43
3556,6279,116,s 130,264818.0,0.669,-0.25,0.827,-0.38,41503,35
3557,6280,116,s 1302,160000.0,0.585,-0.027,0.485,-0.107,21338,64
3558,6281,116,s 1306,23260462.0,-0.352,-0.303,-0.39,-0.34,49308,73
3559,6282,116,s 1307,0.0,-0.453,0.161,-0.453,0.248,29924,66
3560,6283,116,s 1311,70000.0,-0.305,-0.408,-0.248,-0.276,39310,73
3561,6284,116,s 1312,1360000.0,-0.751,-0.337,-0.718,-0.066,41301,3
3562,6285,116,s 1315,100000.0,-0.348,-0.304,-0.169,-0.806,15021,21
3563,6286,116,s 1317,490000.0,0.21,-0.316,0.228,-0.18,40300,81
3564,6287,116,s 132,160000.0,0.444,-0.029,0.508,0.092,21112,62
3565,6288,116,s 1323,520000.0,0.371,-0.208,0.384,-0.362,29386,24
3566,6289,116,s 1324,154000.0,0.371,-0.208,0.384,-0.362,29386,24
3567,6290,116,s 1327,20000.0,0.392,0.445,0.294,0.367,41107,36
3568,6291,116,s 1328,310000.0,-0.348,-0.304,-0.169,-0.806,15021,21
3569,6292,116,s 133,125000.0,0.21,-0.316,0.228,-0.18,40300,81
3570,6293,116,s 1332,100000.0,0.891,-0.454,0.933,-0.359,41104,51
3571,6294,116,s 1333,40000.0,-0.179,-0.226,-0.109,-0.26,15015,11
3572,6295,116,s 1334,40000.0,0.278,0.132,0.229,-0.122,20146,56
3573,6296,116,s 1341,140000.0,0.376,0.349,0.399,0.379,29534,46
3574,6297,116,s 1344,4336922.0,-0.583,-0.276,-0.47,-0.623,41308,12
3575,6298,116,s 1346,300000.0,-0.583,-0.276,-0.47,-0.623,41308,12
3576,6299,116,s 1347,120000.0,0.61,-0.17,0.549,-0.215,41102,43
3577,6300,116,s 1350,2736743.02,0.468,-0.065,0.487,-0.461,20919,45
3578,6301,116,s 1352,220000.0,-0.313,0.166,-0.292,0.12,40703,14
3579,6302,116,s 1356,10895000.0,-0.283,-0.357,-0.3,-0.135,40700,33
3580,6303,116,s 1357,1200000.0,-0.426,-0.102,-0.302,-0.204,29389,24
3581,6304,116,s 1359,15869323.0,-0.397,-0.073,-0.346,-0.123,41706,33
3582,6305,116,s 136,270000.0,-0.33,-0.482,-0.355,-0.423,14871,72
3583,6306,116,s 1361,40000.0,-0.32,-0.227,-0.363,-0.124,15408,52
3584,6307,116,s 1363,10010000.0,-0.444,-0.103,-0.637,0.385,41112,82
3585,6308,116,s 1364,44000.0,-0.343,-0.017,-0.314,-0.111,29732,23
3586,6309,116,s 1365,1305756.0,-0.751,-0.337,-0.718,-0.066,41301,3
3587,6310,116,s 1371,5863000.0,-0.442,-0.739,-0.382,-0.584,40908,72
3588,6311,116,s 1372,495059.67,-0.343,-0.017,-0.314,-0.111,29732,23
3589,6312,116,s 1374,330000.0,0.345,0.027,0.321,0.006,21501,61
3590,6313,116,s 1375,5550000.0,-0.442,-0.739,-0.382,-0.584,40908,72
3591,6314,116,s 1376,60000.0,-0.426,-0.102,-0.302,-0.204,29389,24
3592,6315,116,s 1379,18920000.0,0.435,-0.07,0.416,0.101,29548,47
3593,6316,116,s 1380,815000.0,0.483,0.107,0.46,0.144,41500,81
3594,6317,116,s 1384,4199500.0,0.29,0.308,0.39,0.705,41902,67
3595,6318,116,s 1386,385000.0,-0.453,0.161,-0.453,0.248,29924,66
3596,6319,116,s 1389,2990000.0,-0.539,-0.406,-0.481,-0.753,29147,6
3597,6320,116,s 1391,12234286.0,-0.492,-0.133,-0.526,-0.414,29940,25
3598,6321,116,s 1392,80000.0,0.483,0.107,0.46,0.144,41500,81
3599,6322,116,s 1393,410000.0,-0.442,-0.739,-0.382,-0.584,40908,72
3600,6323,116,s 1394,750000.0,-0.492,-0.133,-0.526,-0.414,29940,25
3601,6324,116,s 1395,390133.0,-0.268,-0.184,-0.29,0.1,49300,71
3602,6325,116,s 1398,1430000.0,-0.305,-0.408,-0.248,-0.276,39310,73
3603,6326,116,s 1399,1391300.0,-0.442,-0.739,-0.382,-0.584,40908,72
3604,6327,116,s 1403,30000.0,-0.336,0.091,-0.274,0.006,21325,21
3605,6328,116,s 1405,853962.0,0.585,-0.027,0.485,-0.107,21338,64
3606,6329,116,s 1406,30000.0,0.398,-0.11,0.443,-0.064,41504,47
3607,6330,116,s 1407,1400000.0,0.891,-0.454,0.935,-0.354,41110,67
3608,6331,116,s 1416,68270000.0,0.472,-0.078,0.472,0.111,40305,49
3609,6332,116,s 1418,1120000.0,-0.272,-0.206,-0.316,-0.094,20707,1
3610,6333,116,s 1419,5710000.0,0.604,0.141,0.535,0.154,21166,53
3611,6334,116,s 142,7210000.0,0.61,-0.17,0.549,-0.215,41102,43
3612,6335,116,s 1420,160000.0,-0.105,0.076,-0.12,-0.093,21300,61
3613,6336,116,s 1423,180000.0,-0.313,0.166,-0.292,0.12,40703,14
3614,6337,116,s 1427,1010000.0,-0.232,-0.212,-0.396,0.09,40916,11
3615,6338,116,s 1428,10096850.0,-0.33,-0.482,-0.355,-0.423,14871,72
3616,6339,116,s 1429,0.0,0.472,-0.078,0.472,0.111,40305,49
3617,6340,116,s 1431,28077340.0,0.371,-0.208,0.384,-0.362,29386,24
3618,6341,116,s 1434,600000.0,0.371,-0.208,0.384,-0.362,29386,24
3619,6342,116,s 1435,120000.0,0.447,-0.048,0.543,0.075,21133,22
3620,6343,116,s 1437,320000.0,-0.348,-0.304,-0.169,-0.806,15021,21
3621,6344,116,s 1438,1095292.0,-0.268,-0.184,-0.29,0.1,49300,71
3622,6345,116,s 1443,1070000.0,0.535,-0.022,0.505,0.042,41502,31
3623,6346,116,s 1447,110000.0,-0.231,-0.163,-0.211,-0.129,40910,62
3624,6347,116,s 145,390000.0,0.629,-0.003,0.682,-0.006,21173,48
3625,6348,116,s 1455,240000.0,0.324,-0.176,0.352,-0.222,40304,54
3626,6349,116,s 1457,7630000.0,0.628,0.147,0.576,0.181,20351,54
3627,6350,116,s 1458,360000.0,-0.709,-0.105,-0.693,-0.068,41701,71
3628,6351,116,s 146,5363000.0,0.392,0.445,0.294,0.367,41107,36
3629,6352,116,s 1460,120000.0,-0.442,-0.739,-0.382,-0.584,40908,72
3630,6353,116,s 1461,278435.0,-0.583,-0.276,-0.47,-0.623,41308,12
3631,6354,116,s 1462,220000.0,-0.313,0.166,-0.292,0.12,40703,14
3632,6355,116,s 1463,1305072.0,0.562,-0.075,0.68,-0.379,41501,44
3633,6356,116,s 1466,280000.0,-0.288,0.322,-0.244,0.213,21743,65
3634,6357,116,s 147,1460000.0,0.891,-0.454,0.933,-0.359,41104,51
3635,6358,116,s 1473,679101.6699999999,-0.469,-0.403,-0.187,0.301,20735,13
3636,6359,116,s 1475,650000.0,0.43,0.223,0.371,0.295,29754,37
3637,6360,116,s 1476,90000.0,-0.469,-0.403,-0.187,0.301,20735,13
3638,6361,116,s 1479,1360000.0,-0.283,-0.357,-0.3,-0.135,40700,33
3639,6362,116,s 1480,0.0,0.472,-0.078,0.472,0.111,40305,49
3640,6363,116,s 1485,43100.0,-0.058,0.402,-0.114,0.629,40915,56
3641,6364,116,s 1487,8000000.0,-0.442,-0.739,-0.382,-0.584,40908,72
3642,6365,116,s 1488,60000.0,-0.453,0.161,-0.453,0.248,29924,66
3643,6366,116,s 149,1260000.0,-0.313,0.166,-0.292,0.12,40703,14
3644,6367,116,s 1491,12620000.0,-0.352,-0.303,-0.39,-0.34,49308,73
3645,6368,116,s 1494,81800.0,0.37,-0.277,0.411,0.05,29566,48
3646,6369,116,s 1497,2030000.0,-0.33,-0.482,-0.355,-0.423,14871,72
3647,6370,116,s 1499,1211287.0,-0.453,0.161,-0.453,0.248,29924,66
3648,6371,116,s 150,1604067.0,-0.539,-0.406,-0.481,-0.753,29147,6
3649,6372,116,s 1503,80000.0,-0.751,-0.337,-0.718,-0.066,41301,3
3650,6373,116,s 1507,3815059.67,0.278,0.132,0.229,-0.122,20146,56
3651,6374,116,s 1509,2778297.0,0.633,-0.142,0.645,-0.229,41111,25
3652,6375,116,s 151,4295072.0,0.43,0.223,0.371,0.295,29754,37
3653,6376,116,s 1510,12613845.0,0.447,-0.048,0.543,0.075,21133,22
3654,6377,116,s 1515,190000.0,-0.234,0.022,-0.258,-0.081,41702,4
3655,6378,116,s 1517,550000.0,-0.245,-0.066,-0.245,-0.041,41305,40
3656,6379,116,s 1520,170000.0,0.555,-0.111,0.482,0.462,41703,45
3657,6380,116,s 1521,200000.0,0.767,-0.219,0.618,-0.383,41901,34
3658,6381,116,s 1522,6714000.0,0.278,0.132,0.229,-0.122,20146,56
3659,6382,116,s 1523,222000.0,-0.442,-0.739,-0.382,-0.584,40908,72
3660,6383,116,s 1524,72848.24,-0.583,-0.276,-0.47,-0.623,41308,12
3661,6384,116,s 1525,1160000.0,-0.238,-0.135,-0.293,-0.326,40906,4
3662,6385,116,s 1527,286175.0,-0.283,-0.357,-0.3,-0.135,40700,33
3663,6386,116,s 1529,70000.0,0.595,0.152,0.642,0.202,21301,42
3664,6387,116,s 153,9020000.0,0.61,-0.17,0.549,-0.215,41102,43
3665,6388,116,s 1530,72848.24,-0.513,-0.083,-0.521,-0.007,20713,82
3666,6389,116,s 1531,27841645.0,0.468,-0.065,0.487,-0.461,20919,45
3667,6390,116,s 1532,6160600.0,0.628,0.147,0.576,0.181,20351,54
3668,6391,116,s 1533,1550000.0,0.555,-0.111,0.482,0.462,41703,45
3669,6392,116,s 1534,3320000.0,-0.246,-0.184,-0.178,-0.133,20923,23
3670,6393,116,s 1539,115828.0,0.371,-0.208,0.384,-0.362,29386,24
3671,6394,116,s 1541,3750312.0,0.404,0.02,0.299,-0.023,14921,51
3672,6395,116,s 1543,320000.0,0.535,-0.022,0.505,0.042,41502,31
3673,6396,116,s 1544,140000.0,0.425,0.334,0.367,0.168,20101,42
3674,6397,116,s 1552,30000.0,-0.355,-0.418,-0.417,-0.377,14858,13
3675,6398,116,s 1554,177935.0,0.398,0.18,0.448,0.122,29735,34
3676,6399,116,s 1556,160000.0,-0.492,-0.133,-0.526,-0.414,29940,25
3677,6400,116,s 1558,400000.0,-0.33,-0.027,-0.263,-0.085,20930,66
3678,6401,116,s 156,80000.0,-0.492,-0.133,-0.526,-0.414,29940,25
3679,6402,116,s 1560,80000.0,0.444,-0.029,0.508,0.092,21112,62
3680,6403,116,s 1563,30000.0,0.435,-0.07,0.416,0.101,29548,47
3681,6404,116,s 1564,7030000.0,0.398,-0.11,0.443,-0.064,41504,47
3682,6405,116,s 1569,4730000.0,-0.33,-0.482,-0.355,-0.423,14871,72
3683,6406,116,s 157,520000.0,0.8,-0.189,0.887,-0.309,41304,49
3684,6407,116,s 1574,520000.0,0.402,-0.011,0.3,-0.158,29909,44
3685,6408,116,s 1576,50000.0,-0.751,-0.337,-0.718,-0.066,41301,3
3686,6409,116,s 1581,470000.0,-0.442,-0.739,-0.382,-0.584,40908,72
3687,6410,116,s 1583,10000.0,-0.348,-0.304,-0.169,-0.806,15021,21
3688,6411,116,s 1585,752502.0,-0.313,0.166,-0.292,0.12,40703,14
3689,6412,116,s 1586,3710000.0,0.8,-0.189,0.887,-0.309,41304,49
3690,6413,116,s 1587,6855763.0,-0.539,-0.406,-0.481,-0.753,29147,6
3691,6414,116,s 1593,5330000.0,-0.397,-0.073,-0.346,-0.123,41706,33
3692,6415,116,s 1596,220000.0,-0.583,-0.276,-0.47,-0.623,41308,12
3693,6416,116,s 16,510000.0,0.61,-0.17,0.549,-0.215,41102,43
3694,6417,116,s 1600,120000.0,-0.709,-0.105,-0.693,-0.068,41701,71
3695,6418,116,s 1601,15616700.0,0.376,0.349,0.399,0.379,29534,46
3696,6419,116,s 1602,17439323.0,0.118,-0.53,0.132,-0.772,49703,2
3697,6420,116,s 1607,1095292.0,0.555,-0.111,0.482,0.462,41703,45
3698,6421,116,s 1609,2160000.0,-0.392,-0.208,-0.406,-0.368,20330,52
3699,6422,116,s 1610,80000.0,-0.283,-0.357,-0.3,-0.135,40700,33
3700,6423,116,s 1611,7230000.0,0.464,0.309,0.461,0.34,41302,35
3701,6424,116,s 1617,28770000.0,-0.352,-0.303,-0.39,-0.34,49308,73
3702,6425,116,s 1618,620000.0,-0.444,-0.103,-0.637,0.385,41112,82
3703,6426,116,s 1620,645000.0,-0.162,-0.2,-0.178,-0.375,41300,2
3704,6427,116,s 1622,410576.0,0.633,-0.142,0.645,-0.229,41111,25
3705,6428,116,s 1624,17059843.0,0.472,-0.078,0.472,0.111,40305,49
3706,6429,116,s 1625,25220000.0,0.376,0.349,0.399,0.379,29534,46
3707,6430,116,s 1626,11957155.0,0.891,-0.454,0.935,-0.354,41110,67
3708,6431,116,s 1627,0.0,0.278,0.132,0.229,-0.122,20146,56
3709,6432,116,s 1628,625763.0,0.464,0.309,0.461,0.34,41302,35
3710,6433,116,s 163,8433000.0,0.483,0.107,0.46,0.144,41500,81
3711,6434,116,s 1634,250000.0,0.61,-0.17,0.549,-0.215,41102,43
3712,6435,116,s 1636,170000.0,0.413,-0.09,0.357,-0.079,14852,32
3713,6436,116,s 1639,6994671.0,-0.33,-0.482,-0.355,-0.423,14871,72
3714,6437,116,s 1640,230000.0,-0.283,-0.357,-0.3,-0.135,40700,33
3715,6438,116,s 1641,5980000.0,0.413,-0.09,0.357,-0.079,14852,32
3716,6439,116,s 1643,700000.0,-0.33,-0.482,-0.355,-0.423,14871,72
3717,6440,116,s 1644,206830.0,0.624,-0.378,0.631,-0.3,29935,14
3718,6441,116,s 1645,599509.24,-0.436,-0.162,-0.372,-0.127,41101,1
3719,6442,116,s 1654,5100000.0,-0.313,0.166,-0.292,0.12,40703,14
3720,6443,116,s 1662,209625.0,-0.442,-0.739,-0.382,-0.584,40908,72
3721,6444,116,s 1664,11150000.0,0.671,0.168,0.547,0.065,41903,43
3722,6445,116,s 1665,477450.0,-0.33,-0.027,-0.263,-0.085,20930,66
3723,6446,116,s 1669,1240000.0,0.633,-0.142,0.645,-0.229,41111,25
3724,6447,116,s 1675,620000.0,-0.366,-0.119,-0.32,-0.119,29373,12
3725,6448,116,s 1676,14950000.0,-0.32,-0.227,-0.363,-0.124,15408,52
3726,6449,116,s 1679,160000.0,-0.355,-0.086,-0.382,-0.438,40704,5
3727,6450,116,s 1685,9688650.57,0.472,-0.078,0.472,0.111,40305,49
3728,6451,116,s 1688,410000.0,0.545,0.199,0.491,0.042,49706,68
3729,6452,116,s 1691,200000.0,-0.442,-0.739,-0.382,-0.584,40908,72
3730,6453,116,s 1694,30000.0,-0.246,-0.184,-0.178,-0.133,20923,23
3731,6454,116,s 1696,1150000.0,0.8,0.6,0.837,0.335,41900,22
3732,6455,116,s 1699,9645176.0,0.43,0.223,0.371,0.295,29754,37
3733,6456,116,s 17,90000.0,0.61,-0.17,0.549,-0.215,41102,43
3734,6457,116,s 170,1900620.0,0.585,-0.027,0.485,-0.107,21338,64
3735,6458,116,s 1700,18510000.0,0.555,-0.111,0.482,0.462,41703,45
3736,6459,116,s 1701,60000.0,0.8,-0.189,0.887,-0.309,41304,49
3737,6460,116,s 1703,18722261.5,-0.305,-0.408,-0.248,-0.276,39310,73
3738,6461,116,s 1704,0.0,-0.355,-0.086,-0.382,-0.438,40704,5
3739,6462,116,s 1706,13550862.34,0.444,-0.029,0.508,0.092,21112,62
3740,6463,116,s 1710,1910000.0,0.472,-0.078,0.472,0.111,40305,49
3741,6464,116,s 1712,11770000.0,0.402,-0.011,0.3,-0.158,29909,44
3742,6465,116,s 1714,430000.0,-0.436,-0.162,-0.372,-0.127,41101,1
3743,6466,116,s 1717,540000.0,0.629,-0.003,0.682,-0.006,21173,48
3744,6467,116,s 1719,3700000.0,-0.105,0.076,-0.12,-0.093,21300,61
3745,6468,116,s 172,14104845.0,0.444,-0.029,0.508,0.092,21112,62
3746,6469,116,s 1720,190000.0,0.35,0.101,0.386,0.004,41505,37
3747,6470,116,s 1722,1305072.0,0.43,0.223,0.371,0.295,29754,37
3748,6471,116,s 1725,310000.0,-0.32,-0.227,-0.363,-0.124,15408,52
3749,6472,116,s 1727,2708701.0,-0.232,-0.212,-0.396,0.09,40916,11
3750,6473,116,s 1729,250000.0,-0.283,-0.357,-0.3,-0.135,40700,33
3751,6474,116,s 173,193922.0,-0.539,-0.406,-0.481,-0.753,29147,6
3752,6475,116,s 1730,30000.0,-0.709,-0.105,-0.693,-0.068,41701,71
3753,6476,116,s 1731,600000.0,0.61,-0.17,0.549,-0.215,41102,43
3754,6477,116,s 1732,860000.0,-0.33,-0.482,-0.355,-0.423,14871,72
3755,6478,116,s 1735,300000.0,-0.352,-0.303,-0.39,-0.34,49308,73
3756,6479,116,s 1737,605000.0,-0.272,-0.206,-0.316,-0.094,20707,1
3757,6480,116,s 1738,8470000.0,-0.246,-0.184,-0.178,-0.133,20923,23
3758,6481,116,s 174,6020000.0,-0.162,-0.2,-0.178,-0.375,41300,2
3759,6482,116,s 1744,5490000.0,-0.348,-0.304,-0.169,-0.806,15021,21
3760,6483,116,s 1749,1330736.0,-0.105,0.076,-0.12,-0.093,21300,61
3761,6484,116,s 175,1330000.0,-0.268,-0.184,-0.29,0.1,49300,71
3762,6485,116,s 1750,1270000.0,-0.709,-0.105,-0.693,-0.068,41701,71
3763,6486,116,s 1751,80000.0,-0.305,-0.408,-0.248,-0.276,39310,73
3764,6487,116,s 1754,410000.0,-0.313,0.166,-0.292,0.12,40703,14
3765,6488,116,s 1756,170000.0,-0.436,-0.162,-0.372,-0.127,41101,1
3766,6489,116,s 1760,3020000.0,0.536,0.221,0.58,0.329,40707,68
3767,6490,116,s 1762,6360000.0,0.357,-0.042,0.293,-0.144,14226,31
3768,6491,116,s 1763,672651.0,-0.231,-0.163,-0.211,-0.129,40910,62
3769,6492,116,s 1765,156287.0,-0.214,0.169,-0.278,0.563,40702,64
3770,6493,116,s 1766,60000.0,0.118,-0.53,0.132,-0.772,49703,2
3771,6494,116,s 1767,250000.0,-0.436,-0.162,-0.372,-0.127,41101,1
3772,6495,116,s 1769,2770000.0,-0.514,-0.465,-0.398,-0.538,14435,3
3773,6496,116,s 1770,225180.0,-0.348,-0.304,-0.169,-0.806,15021,21
3774,6497,116,s 1772,330000.0,0.447,-0.048,0.543,0.075,21133,22
3775,6498,116,s 1774,50000.0,0.468,-0.065,0.487,-0.461,20919,45
3776,6499,116,s 1775,710000.0,-0.348,-0.304,-0.169,-0.806,15021,21
3777,6500,116,s 1777,60000.0,-0.514,-0.465,-0.398,-0.538,14435,3
3778,6501,116,s 1779,190000.0,-0.436,-0.162,-0.372,-0.127,41101,1
3779,6502,116,s 178,9808850.0,0.61,-0.17,0.549,-0.215,41102,43
3780,6503,116,s 1781,40000.0,0.61,-0.17,0.549,-0.215,41102,43
3781,6504,116,s 1782,498756.0,0.555,-0.111,0.482,0.462,41703,45
3782,6505,116,s 179,1340000.0,-0.214,0.169,-0.278,0.563,40702,64
3783,6506,116,s 1790,54513880.0,0.552,0.045,0.486,-0.235,15424,53
3784,6507,116,s 1791,0.0,-0.469,-0.403,-0.187,0.301,20735,13
3785,6508,116,s 1792,800000.0,-0.313,0.166,-0.292,0.12,40703,14
3786,6509,116,s 1795,120000.0,-0.514,-0.465,-0.398,-0.538,14435,3
3787,6510,116,s 18,3213783.0,0.61,-0.17,0.549,-0.215,41102,43
3788,6511,116,s 180,206287.0,0.392,0.445,0.294,0.367,41107,36
3789,6512,116,s 1801,320000.0,-0.397,-0.073,-0.346,-0.123,41706,33
3790,6513,116,s 1802,30000.0,-0.245,-0.066,-0.245,-0.041,41305,40
3791,6514,116,s 1804,4183000.0,-0.361,0.323,-0.395,0.345,41700,65
3792,6515,116,s 1810,655000.0,0.624,-0.378,0.631,-0.3,29935,14
3793,6516,116,s 1811,2396229.0,0.536,0.221,0.58,0.329,40707,68
3794,6517,116,s 1813,100000.0,-0.442,-0.739,-0.382,-0.584,40908,72
3795,6518,116,s 1816,20000.0,-0.336,0.091,-0.274,0.006,21325,21
3796,6519,116,s 1817,100000.0,-0.426,-0.102,-0.302,-0.204,29389,24
3797,6520,116,s 1818,1500000.0,-0.366,-0.119,-0.32,-0.119,29373,12
3798,6521,116,s 1820,1820000.0,-0.469,-0.403,-0.187,0.301,20735,13
3799,6522,116,s 1821,249793.57,-0.33,-0.482,-0.355,-0.423,14871,72
3800,6523,116,s 1822,9340740.0,0.376,0.349,0.399,0.379,29534,46
3801,6524,116,s 1826,240000.0,-0.361,0.323,-0.395,0.345,41700,65
3802,6525,116,s 1828,3180000.0,0.629,-0.003,0.682,-0.006,21173,48
3803,6526,116,s 1829,260000.0,0.604,0.141,0.535,0.154,21166,53
3804,6527,116,s 1830,2950000.0,0.536,0.221,0.58,0.329,40707,68
3805,6528,116,s 1831,120000.0,-0.514,-0.465,-0.398,-0.538,14435,3
3806,6529,116,s 1832,687000.0,-0.453,0.161,-0.453,0.248,29924,66
3807,6530,116,s 1836,226490.0,-0.313,0.166,-0.292,0.12,40703,14
3808,6531,116,s 1838,10000.0,0.61,-0.17,0.549,-0.215,41102,43
3809,6532,116,s 1839,1428660.0,0.444,-0.029,0.508,0.092,21112,62
3810,6533,116,s 184,1620000.0,-0.514,-0.465,-0.398,-0.538,14435,3
3811,6534,116,s 1840,14404029.0,0.464,0.309,0.461,0.34,41302,35
3812,6535,116,s 1841,13824560.0,-0.232,-0.212,-0.396,0.09,40916,11
3813,6536,116,s 1842,458000.0,-0.283,-0.357,-0.3,-0.135,40700,33
3814,6537,116,s 1844,0.0,-0.392,-0.208,-0.406,-0.368,20330,52
3815,6538,116,s 1846,4220000.0,-0.246,-0.184,-0.178,-0.133,20923,23
3816,6539,116,s 1848,150000.0,0.376,0.349,0.399,0.379,29534,46
3817,6540,116,s 1849,580000.0,0.345,0.027,0.321,0.006,21501,61
3818,6541,116,s 1850,2360000.0,-0.436,-0.162,-0.372,-0.127,41101,1
3819,6542,116,s 1855,20000.0,-0.232,-0.212,-0.396,0.09,40916,11
3820,6543,116,s 1857,10714862.34,0.21,-0.316,0.228,-0.18,40300,81
3821,6544,116,s 1862,15537.0,-0.366,-0.119,-0.32,-0.119,29373,12
3822,6545,116,s 1863,392289.0,-0.348,-0.304,-0.169,-0.806,15021,21
3823,6546,116,s 1869,10000.0,-0.246,-0.184,-0.178,-0.133,20923,23
3824,6547,116,s 187,2400000.0,0.371,-0.208,0.384,-0.362,29386,24
3825,6548,116,s 1871,1730000.0,-0.32,-0.227,-0.363,-0.124,15408,52
3826,6549,116,s 1872,17900000.0,-0.513,-0.083,-0.521,-0.007,20713,82
3827,6550,116,s 1879,875000.0,0.767,-0.219,0.618,-0.383,41901,34
3828,6551,116,s 1882,100000.0,0.585,-0.027,0.485,-0.107,21338,64
3829,6552,116,s 1883,95000.0,0.357,-0.042,0.293,-0.144,14226,31
3830,6553,116,s 1889,18305015.0,-0.355,-0.086,-0.382,-0.438,40704,5
3831,6554,116,s 189,8715000.0,-0.283,-0.357,-0.3,-0.135,40700,33
3832,6555,116,s 1890,280000.0,-0.361,0.323,-0.395,0.345,41700,65
3833,6556,116,s 1895,185312236.0,0.324,-0.176,0.352,-0.222,40304,54
3834,6557,116,s 19,2010000.0,0.61,-0.17,0.549,-0.215,41102,43
3835,6558,116,s 190,40000.0,0.891,-0.454,0.935,-0.354,41110,67
3836,6559,116,s 1900,390000.0,0.013,0.658,0.007,0.734,14659,41
3837,6560,116,s 1901,190000.0,-0.361,0.323,-0.395,0.345,41700,65
3838,6561,116,s 1902,210000.0,-0.313,0.166,-0.292,0.12,40703,14
3839,6562,116,s 1903,10220000.0,-0.397,-0.073,-0.346,-0.123,41706,33
3840,6563,116,s 1905,160000.0,-0.492,-0.133,-0.526,-0.414,29940,25
3841,6564,116,s 1907,551416.0,-0.397,-0.073,-0.346,-0.123,41706,33
3842,6565,116,s 1908,171416.0,-0.469,-0.403,-0.187,0.301,20735,13
3843,6566,116,s 191,51000.0,-0.283,-0.357,-0.3,-0.135,40700,33
3844,6567,116,s 1913,40000.0,-0.469,-0.403,-0.187,0.301,20735,13
3845,6568,116,s 1914,80000.0,0.767,-0.219,0.618,-0.383,41901,34
3846,6569,116,s 1918,440000.0,0.425,0.334,0.367,0.168,20101,42
3847,6570,116,s 1919,9614548.0,0.447,-0.048,0.543,0.075,21133,22
3848,6571,116,s 192,3966000.0,0.324,-0.176,0.352,-0.222,40304,54
3849,6572,116,s 1921,2148000.0,-0.288,0.322,-0.244,0.213,21743,65
3850,6573,116,s 1931,60000.0,0.345,0.027,0.321,0.006,21501,61
3851,6574,116,s 1932,2698500.0,0.444,-0.029,0.508,0.092,21112,62
3852,6575,116,s 1936,180000.0,0.628,0.147,0.576,0.181,20351,54
3853,6576,116,s 1939,930000.0,-0.361,0.323,-0.395,0.345,41700,65
3854,6577,116,s 1941,141416.0,-0.352,-0.303,-0.39,-0.34,49308,73
3855,6578,116,s 1947,6017.0,-0.539,-0.406,-0.481,-0.753,29147,6
3856,6579,116,s 1948,2810000.0,0.43,0.223,0.371,0.295,29754,37
3857,6580,116,s 1949,0.0,0.118,-0.53,0.132,-0.772,49703,2
3858,6581,116,s 195,1920000.0,0.371,-0.208,0.384,-0.362,29386,24
3859,6582,116,s 1951,180000.0,-0.206,-0.053,-0.218,-0.105,40909,40
3860,6583,116,s 1953,9522000.0,0.444,-0.029,0.508,0.092,21112,62
3861,6584,116,s 1955,2424000.0,-0.492,-0.133,-0.526,-0.414,29940,25
3862,6585,116,s 1956,543542.0,-0.33,-0.482,-0.355,-0.423,14871,72
3863,6586,116,s 1957,6610500.0,-0.514,-0.465,-0.398,-0.538,14435,3
3864,6587,116,s 1958,3020000.0,-0.231,-0.163,-0.211,-0.129,40910,62
3865,6588,116,s 1960,25000.0,-0.343,-0.017,-0.314,-0.111,29732,23
3866,6589,116,s 1961,200000.0,-0.426,-0.102,-0.302,-0.204,29389,24
3867,6590,116,s 1965,11685312.0,0.376,0.349,0.399,0.379,29534,46
3868,6591,116,s 1966,10000.0,0.628,0.147,0.576,0.181,20351,54
3869,6592,116,s 1967,728725.0,-0.33,-0.482,-0.355,-0.423,14871,72
3870,6593,116,s 1968,16750000.0,0.376,0.349,0.399,0.379,29534,46
3871,6594,116,s 1969,20000.0,-0.32,-0.227,-0.363,-0.124,15408,52
3872,6595,116,s 1970,8297000.0,-0.513,-0.083,-0.521,-0.007,20713,82
3873,6596,116,s 1971,910000.0,-0.436,-0.162,-0.372,-0.127,41101,1
3874,6597,116,s 1974,1410000.0,-0.453,0.161,-0.453,0.248,29924,66
3875,6598,116,s 1976,305000.0,0.371,-0.208,0.384,-0.362,29386,24
3876,6599,116,s 1978,5501156.0,-0.33,-0.482,-0.355,-0.423,14871,72
3877,6600,116,s 1979,1740165.0,-0.514,-0.465,-0.398,-0.538,14435,3
3878,6601,116,s 1981,920000.0,-0.305,-0.408,-0.248,-0.276,39310,73
3879,6602,116,s 1982,18273753.0,0.483,0.107,0.46,0.144,41500,81
3880,6603,116,s 1983,135180.0,-0.514,-0.465,-0.398,-0.538,14435,3
3881,6604,116,s 1985,210000.0,-0.336,0.091,-0.274,0.006,21325,21
3882,6605,116,s 1988,6040500.0,-0.179,-0.226,-0.109,-0.26,15015,11
3883,6606,116,s 1989,7436000.0,0.629,-0.003,0.682,-0.006,21173,48
3884,6607,116,s 199,90000.0,-0.397,-0.073,-0.346,-0.123,41706,33
3885,6608,116,s 1990,300000.0,-0.436,-0.162,-0.372,-0.127,41101,1
3886,6609,116,s 1993,150000.0,0.401,0.379,0.35,0.356,21350,36
3887,6610,116,s 1996,580000.0,0.345,0.027,0.321,0.006,21501,61
3888,6611,116,s 2,4042851.0,0.61,-0.17,0.549,-0.215,41102,43
3889,6612,116,s 20,910000.0,-0.33,-0.482,-0.355,-0.423,14871,72
3890,6613,116,s 2001,90000.0,-0.343,-0.017,-0.314,-0.111,29732,23
3891,6614,116,s 2004,370000.0,-0.397,-0.073,-0.346,-0.123,41706,33
3892,6615,116,s 2005,2860000.0,-0.232,-0.212,-0.396,0.09,40916,11
3893,6616,116,s 2006,545000.0,-0.366,-0.119,-0.32,-0.119,29373,12
3894,6617,116,s 2008,780000.0,-0.352,-0.303,-0.39,-0.34,49308,73
3895,6618,116,s 2009,200000.0,-0.232,-0.212,-0.396,0.09,40916,11
3896,6619,116,s 201,20000.0,-0.366,-0.119,-0.32,-0.119,29373,12
3897,6620,116,s 2012,590100.0,-0.268,-0.184,-0.29,0.1,49300,71
3898,6621,116,s 2015,1850000.0,0.629,-0.003,0.682,-0.006,21173,48
3899,6622,116,s 2016,10000.0,0.595,0.152,0.642,0.202,21301,42
3900,6623,116,s 2017,1460000.0,0.628,0.147,0.576,0.181,20351,54
3901,6624,116,s 2018,4210000.0,0.118,-0.53,0.132,-0.772,49703,2
3902,6625,116,s 2019,265000.0,-0.33,-0.482,-0.355,-0.423,14871,72
3903,6626,116,s 2020,1360000.0,-0.313,0.166,-0.292,0.12,40703,14
3904,6627,116,s 2021,1702209.0,-0.583,-0.276,-0.47,-0.623,41308,12
3905,6628,116,s 2023,3020000.0,0.55,0.398,0.533,0.592,40902,63
3906,6629,116,s 2024,2620000.0,0.472,-0.078,0.472,0.111,40305,49
3907,6630,116,s 2025,870400.0,0.562,-0.075,0.68,-0.379,41501,44
3908,6631,116,s 2026,100000.0,-0.36,-0.121,-0.419,-0.04,14307,6
3909,6632,116,s 2028,1139600.0,0.376,0.349,0.399,0.379,29534,46
3910,6633,116,s 203,5311091.0,0.502,0.289,0.521,0.012,29345,63
3911,6634,116,s 2032,898500.0,-0.268,-0.184,-0.29,0.1,49300,71
3912,6635,116,s 2033,2565176.0,0.402,-0.011,0.3,-0.158,29909,44
3913,6636,116,s 2035,630000.0,-0.336,0.091,-0.274,0.006,21325,21
3914,6637,116,s 2038,140000.0,-0.361,0.323,-0.395,0.345,41700,65
3915,6638,116,s 2039,140000.0,-0.361,0.323,-0.395,0.345,41700,65
3916,6639,116,s 2040,140000.0,-0.361,0.323,-0.395,0.345,41700,65
3917,6640,116,s 2041,140000.0,-0.361,0.323,-0.395,0.345,41700,65
3918,6641,116,s 2044,1030000.0,0.345,0.027,0.321,0.006,21501,61
3919,6642,116,s 2047,80000.0,-0.355,-0.418,-0.417,-0.377,14858,13
3920,6643,116,s 2051,53000.0,-0.366,-0.119,-0.32,-0.119,29373,12
3921,6644,116,s 2052,370000.0,-0.392,-0.208,-0.406,-0.368,20330,52
3922,6645,116,s 2056,3044000.0,-0.426,-0.102,-0.302,-0.204,29389,24
3923,6646,116,s 2057,210000.0,-0.514,-0.465,-0.398,-0.538,14435,3
3924,6647,116,s 2059,0.0,0.398,-0.11,0.443,-0.064,41504,47
3925,6648,116,s 2064,500000.0,0.371,-0.208,0.384,-0.362,29386,24
3926,6649,116,s 2065,7530000.0,0.371,-0.208,0.384,-0.362,29386,24
3927,6650,116,s 2068,4812775.0,-0.583,-0.276,-0.47,-0.623,41308,12
3928,6651,116,s 2074,4965489.0,-0.234,0.022,-0.258,-0.081,41702,4
3929,6652,116,s 2076,31167.0,-0.709,-0.105,-0.693,-0.068,41701,71
3930,6653,116,s 2080,6823934.0,-0.492,-0.133,-0.526,-0.414,29940,25
3931,6654,116,s 2082,29705000.0,-0.232,-0.212,-0.396,0.09,40916,11
3932,6655,116,s 2084,37000.0,-0.514,-0.465,-0.398,-0.538,14435,3
3933,6656,116,s 2088,2080000.0,0.629,-0.003,0.682,-0.006,21173,48
3934,6657,116,s 209,70000.0,0.392,0.445,0.294,0.367,41107,36
3935,6658,116,s 2091,480000.0,0.891,-0.454,0.933,-0.359,41104,51
3936,6659,116,s 2092,240000.0,0.55,0.398,0.533,0.592,40902,63
3937,6660,116,s 2094,374793.57,0.444,-0.029,0.508,0.092,21112,62
3938,6661,116,s 2095,3240000.0,0.444,-0.029,0.508,0.092,21112,62
3939,6662,116,s 2098,0.0,-0.709,-0.105,-0.693,-0.068,41701,71
3940,6663,116,s 21,370000.0,0.43,0.223,0.371,0.295,29754,37
3941,6664,116,s 210,230000.0,0.392,0.445,0.294,0.367,41107,36
3942,6665,116,s 2103,160000.0,-0.348,-0.304,-0.169,-0.806,15021,21
3943,6666,116,s 2106,120000.0,-0.348,-0.304,-0.169,-0.806,15021,21
3944,6667,116,s 2108,40000.0,0.585,-0.027,0.485,-0.107,21338,64
3945,6668,116,s 2110,273273.0,-0.272,-0.206,-0.316,-0.094,20707,1
3946,6669,116,s 2112,50000.0,-0.709,-0.105,-0.693,-0.068,41701,71
3947,6670,116,s 2113,0.0,-0.442,-0.739,-0.382,-0.584,40908,72
3948,6671,116,s 2114,390857.0,0.447,-0.048,0.543,0.075,21133,22
3949,6672,116,s 2115,150000.0,0.604,0.141,0.535,0.154,21166,53
3950,6673,116,s 2116,220000.0,-0.366,-0.119,-0.32,-0.119,29373,12
3951,6674,116,s 212,850000.0,0.392,0.445,0.294,0.367,41107,36
3952,6675,116,s 2121,345000.0,-0.366,-0.119,-0.32,-0.119,29373,12
3953,6676,116,s 2123,224600.0,0.767,-0.219,0.618,-0.383,41901,34
3954,6677,116,s 2124,570000.0,0.767,-0.219,0.618,-0.383,41901,34
3955,6678,116,s 213,1840000.0,0.633,-0.142,0.645,-0.229,41111,25
3956,6679,116,s 2130,40000.0,-0.305,-0.408,-0.248,-0.276,39310,73
3957,6680,116,s 2131,160000.0,-0.232,-0.212,-0.396,0.09,40916,11
3958,6681,116,s 2133,960000.0,0.472,-0.078,0.472,0.111,40305,49
3959,6682,116,s 2134,180000.0,0.398,0.18,0.448,0.122,29735,34
3960,6683,116,s 2135,450000.0,-0.453,0.161,-0.453,0.248,29924,66
3961,6684,116,s 2137,29797514.57,0.371,-0.208,0.384,-0.362,29386,24
3962,6685,116,s 2138,400000.0,-0.32,-0.227,-0.363,-0.124,15408,52
3963,6686,116,s 2140,80000.0,-0.348,-0.304,-0.169,-0.806,15021,21
3964,6687,116,s 2142,120000.0,0.118,-0.53,0.132,-0.772,49703,2
3965,6688,116,s 2143,443273.0,-0.751,-0.337,-0.718,-0.066,41301,3
3966,6689,116,s 2146,87500.0,-0.583,-0.276,-0.47,-0.623,41308,12
3967,6690,116,s 215,9444037.0,0.43,0.223,0.371,0.295,29754,37
3968,6691,116,s 2154,2590000.0,-0.288,0.322,-0.244,0.213,21743,65
3969,6692,116,s 2155,7602662.0,-0.751,-0.337,-0.718,-0.066,41301,3
3970,6693,116,s 2156,400000.0,0.43,0.223,0.371,0.295,29754,37
3971,6694,116,s 2157,2180000.0,-0.313,0.166,-0.292,0.12,40703,14
3972,6695,116,s 2158,6390000.0,-0.234,0.022,-0.258,-0.081,41702,4
3973,6696,116,s 216,30000.0,-0.305,-0.408,-0.248,-0.276,39310,73
3974,6697,116,s 2160,5903962.0,0.629,-0.003,0.682,-0.006,21173,48
3975,6698,116,s 2164,60000.0,-0.32,-0.227,-0.363,-0.124,15408,52
3976,6699,116,s 2165,482031.58,-0.33,-0.027,-0.263,-0.085,20930,66
3977,6700,116,s 2167,1240000.0,0.376,0.349,0.399,0.379,29534,46
3978,6701,116,s 2174,290000.0,0.472,-0.078,0.472,0.111,40305,49
3979,6702,116,s 2180,390000.0,-0.36,-0.121,-0.419,-0.04,14307,6
3980,6703,116,s 2182,2460000.0,-0.514,-0.465,-0.398,-0.538,14435,3
3981,6704,116,s 2185,1388190.0,-0.442,-0.739,-0.382,-0.584,40908,72
3982,6705,116,s 2187,7890000.0,-0.366,-0.119,-0.32,-0.119,29373,12
3983,6706,116,s 219,170000.0,-0.426,-0.102,-0.302,-0.204,29389,24
3984,6707,116,s 2192,2020000.0,-0.367,-0.173,-0.315,-0.345,29142,5
3985,6708,116,s 2193,30000.0,-0.246,-0.184,-0.178,-0.133,20923,23
3986,6709,116,s 2197,35000.0,-0.426,-0.102,-0.302,-0.204,29389,24
3987,6710,116,s 2198,1450000.0,0.552,0.045,0.486,-0.235,15424,53
3988,6711,116,s 2199,1150000.0,-0.238,-0.135,-0.293,-0.326,40906,4
3989,6712,116,s 22,700000.0,-0.32,-0.227,-0.363,-0.124,15408,52
3990,6713,116,s 220,300000.0,0.444,-0.029,0.508,0.092,21112,62
3991,6714,116,s 2200,2740000.0,-0.336,0.091,-0.274,0.006,21325,21
3992,6715,116,s 2201,9416000.0,-0.366,-0.119,-0.32,-0.119,29373,12
3993,6716,116,s 2203,3090000.0,0.398,0.18,0.448,0.122,29735,34
3994,6717,116,s 2205,582651.0,-0.313,0.166,-0.292,0.12,40703,14
3995,6718,116,s 2207,2674671.0,-0.234,0.022,-0.258,-0.081,41702,4
3996,6719,116,s 221,30000.0,0.444,-0.029,0.508,0.092,21112,62
3997,6720,116,s 2214,4812775.0,0.118,-0.53,0.132,-0.772,49703,2
3998,6721,116,s 222,10530000.0,-0.088,0.187,-0.113,0.108,41705,41
3999,6722,116,s 2220,790000.0,0.357,-0.042,0.293,-0.144,14226,31
4000,6723,116,s 2223,12336830.0,0.444,-0.029,0.508,0.092,21112,62
4001,6724,116,s 2225,175000.0,-0.709,-0.105,-0.693,-0.068,41701,71
4002,6725,116,s 2227,1190000.0,-0.709,-0.105,-0.693,-0.068,41701,71
4003,6726,116,s 2229,3100000.0,0.585,-0.027,0.485,-0.107,21338,64
4004,6727,116,s 2235,430000.0,-0.751,-0.337,-0.718,-0.066,41301,3
4005,6728,116,s 2236,10000.0,-0.583,-0.276,-0.47,-0.623,41308,12
4006,6729,116,s 2240,10000.0,-0.283,-0.357,-0.3,-0.135,40700,33
4007,6730,116,s 2243,90000.0,-0.392,-0.208,-0.406,-0.368,20330,52
4008,6731,116,s 2246,4620000.0,0.416,0.214,0.433,0.247,29722,32
4009,6732,116,s 2247,8930399.0,0.555,-0.111,0.482,0.462,41703,45
4010,6733,116,s 2248,230000.0,0.629,-0.003,0.682,-0.006,21173,48
4011,6734,116,s 2253,40000.0,-0.268,-0.184,-0.29,0.1,49300,71
4012,6735,116,s 2254,11329992.0,-0.426,-0.102,-0.302,-0.204,29389,24
4013,6736,116,s 2258,80000.0,0.357,-0.042,0.293,-0.144,14226,31
4014,6737,116,s 2259,227500.0,-0.313,0.166,-0.292,0.12,40703,14
4015,6738,116,s 226,3046088.0,0.416,0.214,0.433,0.247,29722,32
4016,6739,116,s 2260,922000.0,0.483,0.107,0.46,0.144,41500,81
4017,6740,116,s 2263,2730000.0,0.392,0.445,0.294,0.367,41107,36
4018,6741,116,s 2274,80000.0,-0.179,-0.226,-0.109,-0.26,15015,11
4019,6742,116,s 2275,120000.0,-0.231,-0.163,-0.211,-0.129,40910,62
4020,6743,116,s 2276,80000.0,0.398,0.18,0.448,0.122,29735,34
4021,6744,116,s 2278,70000.0,-0.336,0.091,-0.274,0.006,21325,21
4022,6745,116,s 228,275000.0,0.468,-0.065,0.487,-0.461,20919,45
4023,6746,116,s 2281,9970000.0,-0.513,-0.083,-0.521,-0.007,20713,82
4024,6747,116,s 2283,790000.0,-0.179,-0.226,-0.109,-0.26,15015,11
4025,6748,116,s 2284,290000.0,-0.232,-0.212,-0.396,0.09,40916,11
4026,6749,116,s 2286,30000.0,-0.444,-0.103,-0.637,0.385,41112,82
4027,6750,116,s 2288,0.0,-0.397,-0.073,-0.346,-0.123,41706,33
4028,6751,116,s 2289,6629240.0,-0.361,0.323,-0.395,0.345,41700,65
4029,6752,116,s 229,80000.0,-0.453,0.161,-0.453,0.248,29924,66
4030,6753,116,s 2293,950000.0,0.401,0.379,0.35,0.356,21350,36
4031,6754,116,s 2296,72848.24,0.21,-0.316,0.228,-0.18,40300,81
4032,6755,116,s 2297,13880500.0,0.483,0.107,0.46,0.144,41500,81
4033,6756,116,s 2298,1770000.0,0.624,-0.378,0.631,-0.3,29935,14
4034,6757,116,s 2299,35767857.0,0.464,0.309,0.461,0.34,41302,35
4035,6758,116,s 23,8680000.0,-0.469,-0.403,-0.187,0.301,20735,13
4036,6759,116,s 2300,7974000.0,-0.355,-0.086,-0.382,-0.438,40704,5
4037,6760,116,s 2301,363778.0,-0.444,-0.103,-0.637,0.385,41112,82
4038,6761,116,s 2303,380000.0,-0.36,-0.121,-0.419,-0.04,14307,6
4039,6762,116,s 2305,0.0,-0.583,-0.276,-0.47,-0.623,41308,12
4040,6763,116,s 2306,340000.0,0.555,-0.111,0.482,0.462,41703,45
4041,6764,116,s 2316,1570000.0,0.502,0.289,0.521,0.012,29345,63
4042,6765,116,s 2318,1410000.0,0.472,-0.078,0.472,0.111,40305,49
4043,6766,116,s 232,140000.0,-0.355,-0.086,-0.382,-0.438,40704,5
4044,6767,116,s 2322,40000.0,0.118,-0.53,0.132,-0.772,49703,2
4045,6768,116,s 2324,140000.0,-0.361,0.323,-0.395,0.345,41700,65
4046,6769,116,s 2326,13510000.0,0.435,-0.07,0.416,0.101,29548,47
4047,6770,116,s 2330,280000.0,0.416,0.214,0.433,0.247,29722,32
4048,6771,116,s 2331,700000.0,-0.352,-0.303,-0.39,-0.34,49308,73
4049,6772,116,s 2332,8789564.0,-0.305,-0.408,-0.248,-0.276,39310,73
4050,6773,116,s 2333,4730241.0,-0.305,-0.408,-0.248,-0.276,39310,73
4051,6774,116,s 2337,1100000.0,-0.436,-0.162,-0.372,-0.127,41101,1
4052,6775,116,s 2338,670000.0,-0.392,-0.208,-0.406,-0.368,20330,52
4053,6776,116,s 234,2400000.0,0.545,0.199,0.491,0.042,49706,68
4054,6777,116,s 2340,0.0,-0.348,-0.304,-0.169,-0.806,15021,21
4055,6778,116,s 2342,170000.0,-0.246,-0.184,-0.178,-0.133,20923,23
4056,6779,116,s 2344,190000.0,-0.246,-0.184,-0.178,-0.133,20923,23
4057,6780,116,s 2346,20000.0,0.376,0.349,0.399,0.379,29534,46
4058,6781,116,s 2352,1075763.0,-0.32,-0.227,-0.363,-0.124,15408,52
4059,6782,116,s 2357,100000.0,-0.492,-0.133,-0.526,-0.414,29940,25
4060,6783,116,s 2358,141416.0,-0.313,0.166,-0.292,0.12,40703,14
4061,6784,116,s 236,60000.0,-0.436,-0.162,-0.372,-0.127,41101,1
4062,6785,116,s 2361,420000.0,-0.32,-0.227,-0.363,-0.124,15408,52
4063,6786,116,s 2363,1240000.0,0.444,-0.029,0.508,0.092,21112,62
4064,6787,116,s 2364,412000.0,0.483,0.107,0.46,0.144,41500,81
4065,6788,116,s 2366,16924015.0,-0.206,-0.053,-0.218,-0.105,40909,40
4066,6789,116,s 2368,1290000.0,-0.232,-0.212,-0.396,0.09,40916,11
4067,6790,116,s 237,2438925.0,-0.426,-0.102,-0.302,-0.204,29389,24
4068,6791,116,s 2370,2310577.0,-0.355,-0.086,-0.382,-0.438,40704,5
4069,6792,116,s 2372,632000.0,-0.366,-0.119,-0.32,-0.119,29373,12
4070,6793,116,s 2373,2380000.0,-0.397,-0.073,-0.346,-0.123,41706,33
4071,6794,116,s 2377,320000.0,0.552,0.045,0.486,-0.235,15424,53
4072,6795,116,s 238,30000.0,0.61,-0.17,0.549,-0.215,41102,43
4073,6796,116,s 2381,30000.0,0.345,0.027,0.321,0.006,21501,61
4074,6797,116,s 2383,1609830.0,-0.361,0.323,-0.395,0.345,41700,65
4075,6798,116,s 2387,430000.0,-0.392,-0.208,-0.406,-0.368,20330,52
4076,6799,116,s 2389,70010.0,-0.469,-0.403,-0.187,0.301,20735,13
4077,6800,116,s 2391,8226000.0,-0.426,-0.102,-0.302,-0.204,29389,24
4078,6801,116,s 2393,40000.0,-0.33,-0.027,-0.263,-0.085,20930,66
4079,6802,116,s 2400,330000.0,-0.348,-0.304,-0.169,-0.806,15021,21
4080,6803,116,s 2406,240000.0,0.628,0.147,0.576,0.181,20351,54
4081,6804,116,s 2407,28000.0,0.585,-0.027,0.485,-0.107,21338,64
4082,6805,116,s 241,260000.0,-0.231,-0.163,-0.211,-0.129,40910,62
4083,6806,116,s 2415,3350000.0,0.535,-0.022,0.505,0.042,41502,31
4084,6807,116,s 2417,100000.0,0.555,-0.111,0.482,0.462,41703,45
4085,6808,116,s 2418,180000.0,0.468,-0.065,0.487,-0.461,20919,45
4086,6809,116,s 242,30000.0,0.345,0.027,0.321,0.006,21501,61
4087,6810,116,s 2423,110000.0,-0.343,-0.017,-0.314,-0.111,29732,23
4088,6811,116,s 2424,120000.0,-0.283,-0.357,-0.3,-0.135,40700,33
4089,6812,116,s 2425,3100000.0,-0.162,-0.2,-0.178,-0.375,41300,2
4090,6813,116,s 2427,140000.0,-0.361,0.323,-0.395,0.345,41700,65
4091,6814,116,s 2429,30000.0,0.61,-0.17,0.549,-0.215,41102,43
4092,6815,116,s 2432,1220000.0,-0.058,0.402,-0.114,0.629,40915,56
4093,6816,116,s 2438,40000.0,-0.366,-0.119,-0.32,-0.119,29373,12
4094,6817,116,s 2439,1689830.0,-0.162,-0.2,-0.178,-0.375,41300,2
4095,6818,116,s 2440,2445000.0,0.669,-0.25,0.827,-0.38,41503,35
4096,6819,116,s 2441,2415000.0,0.669,-0.25,0.827,-0.38,41503,35
4097,6820,116,s 2443,1272000.0,-0.367,-0.173,-0.315,-0.345,29142,5
4098,6821,116,s 2446,170000.0,-0.751,-0.337,-0.718,-0.066,41301,3
4099,6822,116,s 2447,1485000.0,-0.33,-0.027,-0.263,-0.085,20930,66
4100,6823,116,s 2448,320000.0,-0.355,-0.086,-0.382,-0.438,40704,5
4101,6824,116,s 245,920000.0,0.435,-0.07,0.416,0.101,29548,47
4102,6825,116,s 2452,166269.0,-0.583,-0.276,-0.47,-0.623,41308,12
4103,6826,116,s 2453,871000.0,-0.583,-0.276,-0.47,-0.623,41308,12
4104,6827,116,s 2456,80000.0,-0.453,0.161,-0.453,0.248,29924,66
4105,6828,116,s 2458,1120000.0,-0.348,-0.304,-0.169,-0.806,15021,21
4106,6829,116,s 2461,439000.0,-0.514,-0.465,-0.398,-0.538,14435,3
4107,6830,116,s 2462,1130000.0,-0.336,0.091,-0.274,0.006,21325,21
4108,6831,116,s 2464,40000.0,0.595,0.152,0.642,0.202,21301,42
4109,6832,116,s 2466,210000.0,-0.709,-0.105,-0.693,-0.068,41701,71
4110,6833,116,s 2467,170000.0,-0.583,-0.276,-0.47,-0.623,41308,12
4111,6834,116,s 2469,2507000.0,-0.453,0.161,-0.453,0.248,29924,66
4112,6835,116,s 247,170000.0,-0.245,-0.066,-0.245,-0.041,41305,40
4113,6836,116,s 2470,7090092.0,0.324,-0.176,0.352,-0.222,40304,54
4114,6837,116,s 2473,120000.0,0.402,-0.011,0.3,-0.158,29909,44
4115,6838,116,s 2474,3690000.0,0.013,0.658,0.007,0.734,14659,41
4116,6839,116,s 2477,50000.0,-0.469,-0.403,-0.187,0.301,20735,13
4117,6840,116,s 248,689286.0,0.398,-0.11,0.443,-0.064,41504,47
4118,6841,116,s 2483,70000.0,0.376,0.349,0.399,0.379,29534,46
4119,6842,116,s 2492,150000.0,0.444,-0.029,0.508,0.092,21112,62
4120,6843,116,s 2495,120000.0,0.435,-0.07,0.416,0.101,29548,47
4121,6844,116,s 2496,815000.0,-0.313,0.166,-0.292,0.12,40703,14
4122,6845,116,s 2500,250000.0,-0.709,-0.105,-0.693,-0.068,41701,71
4123,6846,116,s 2501,141416.0,-0.313,0.166,-0.292,0.12,40703,14
4124,6847,116,s 2502,3055000.0,0.671,0.168,0.547,0.065,41903,43
4125,6848,116,s 2506,6260000.0,-0.751,-0.337,-0.718,-0.066,41301,3
4126,6849,116,s 2517,4411312.0,-0.348,-0.304,-0.169,-0.806,15021,21
4127,6850,116,s 2520,3205072.0,0.118,-0.53,0.132,-0.772,49703,2
4128,6851,116,s 2521,48000.0,-0.245,-0.066,-0.245,-0.041,41305,40
4129,6852,116,s 2522,4211000.0,0.392,0.445,0.294,0.367,41107,36
4130,6853,116,s 2524,8626708.0,0.555,-0.111,0.482,0.462,41703,45
4131,6854,116,s 253,3020000.0,0.118,-0.53,0.132,-0.772,49703,2
4132,6855,116,s 2530,320000.0,0.562,-0.075,0.68,-0.379,41501,44
4133,6856,116,s 2532,4760000.0,0.444,-0.029,0.508,0.092,21112,62
4134,6857,116,s 2535,2614671.0,-0.283,-0.357,-0.3,-0.135,40700,33
4135,6858,116,s 2536,4626000.0,-0.442,-0.739,-0.382,-0.584,40908,72
4136,6859,116,s 2538,1860000.0,0.891,-0.454,0.933,-0.359,41104,51
4137,6860,116,s 2539,0.0,0.61,-0.17,0.549,-0.215,41102,43
4138,6861,116,s 254,700000.0,-0.453,0.161,-0.453,0.248,29924,66
4139,6862,116,s 2540,120000.0,0.357,-0.042,0.293,-0.144,14226,31
4140,6863,116,s 2542,4154240.0,-0.426,-0.102,-0.302,-0.204,29389,24
4141,6864,116,s 2543,148350402.0,0.357,-0.042,0.293,-0.144,14226,31
4142,6865,116,s 2545,40000.0,-0.348,-0.304,-0.169,-0.806,15021,21
4143,6866,116,s 2546,4121435.0,0.21,-0.316,0.228,-0.18,40300,81
4144,6867,116,s 2548,30000.0,-0.313,0.166,-0.292,0.12,40703,14
4145,6868,116,s 2549,950000.0,-0.288,0.322,-0.244,0.213,21743,65
4146,6869,116,s 255,160000.0,-0.313,0.166,-0.292,0.12,40703,14
4147,6870,116,s 2550,600000.0,-0.238,-0.135,-0.293,-0.326,40906,4
4148,6871,116,s 2552,120000.0,-0.426,-0.102,-0.302,-0.204,29389,24
4149,6872,116,s 2556,8575887.0,0.21,-0.316,0.228,-0.18,40300,81
4150,6873,116,s 2557,1151500.0,0.324,-0.176,0.352,-0.222,40304,54
4151,6874,116,s 256,0.0,-0.453,0.161,-0.453,0.248,29924,66
4152,6875,116,s 2560,2090000.0,-0.246,-0.184,-0.178,-0.133,20923,23
4153,6876,116,s 2561,600000.0,-0.436,-0.162,-0.372,-0.127,41101,1
4154,6877,116,s 2562,285000.0,-0.436,-0.162,-0.372,-0.127,41101,1
4155,6878,116,s 2563,21525671.0,-0.206,-0.053,-0.218,-0.105,40909,40
4156,6879,116,s 2565,81800.0,-0.514,-0.465,-0.398,-0.538,14435,3
4157,6880,116,s 2566,630000.0,-0.348,-0.304,-0.169,-0.806,15021,21
4158,6881,116,s 2568,4370000.0,-0.238,-0.135,-0.293,-0.326,40906,4
4159,6882,116,s 257,110000.0,-0.214,0.169,-0.278,0.563,40702,64
4160,6883,116,s 2577,170000.0,-0.514,-0.465,-0.398,-0.538,14435,3
4161,6884,116,s 2579,80000.0,-0.513,-0.083,-0.521,-0.007,20713,82
4162,6885,116,s 258,10000.0,-0.361,0.323,-0.395,0.345,41700,65
4163,6886,116,s 2580,2551000.0,0.21,-0.316,0.228,-0.18,40300,81
4164,6887,116,s 2581,140000.0,0.45,0.345,0.41,0.15,41707,46
4165,6888,116,s 2582,1720000.0,0.278,0.132,0.229,-0.122,20146,56
4166,6889,116,s 2583,570000.0,0.37,-0.277,0.411,0.05,29566,48
4167,6890,116,s 2584,5360000.0,0.416,0.214,0.433,0.247,29722,32
4168,6891,116,s 2585,360000.0,0.535,-0.022,0.505,0.042,41502,31
4169,6892,116,s 2587,40000.0,0.472,-0.078,0.472,0.111,40305,49
4170,6893,116,s 2588,983962.0,-0.234,0.022,-0.258,-0.081,41702,4
4171,6894,116,s 2589,8190000.0,0.402,-0.011,0.3,-0.158,29909,44
4172,6895,116,s 259,20000.0,-0.355,-0.086,-0.382,-0.438,40704,5
4173,6896,116,s 2595,0.0,-0.234,0.022,-0.258,-0.081,41702,4
4174,6897,116,s 2596,3724159.0,-0.336,0.091,-0.274,0.006,21325,21
4175,6898,116,s 2597,1050000.0,0.43,0.223,0.371,0.295,29754,37
4176,6899,116,s 2599,2822011.0,-0.214,0.169,-0.278,0.563,40702,64
4177,6900,116,s 26,960000.0,-0.33,-0.482,-0.355,-0.423,14871,72
4178,6901,116,s 260,395000.0,-0.313,0.166,-0.292,0.12,40703,14
4179,6902,116,s 2600,1277947.0,-0.348,-0.304,-0.169,-0.806,15021,21
4180,6903,116,s 2603,4522415.0,-0.348,-0.304,-0.169,-0.806,15021,21
4181,6904,116,s 2604,25162617.6,-0.453,0.161,-0.453,0.248,29924,66
4182,6905,116,s 2605,8080000.0,-0.355,-0.418,-0.417,-0.377,14858,13
4183,6906,116,s 2606,8000000.0,-0.355,-0.418,-0.417,-0.377,14858,13
4184,6907,116,s 2607,472000.0,0.891,-0.454,0.935,-0.354,41110,67
4185,6908,116,s 2609,141416.0,-0.539,-0.406,-0.481,-0.753,29147,6
4186,6909,116,s 2611,8000000.0,-0.469,-0.403,-0.187,0.301,20735,13
4187,6910,116,s 2612,740000.0,-0.268,-0.184,-0.29,0.1,49300,71
4188,6911,116,s 2613,120000.0,-0.709,-0.105,-0.693,-0.068,41701,71
4189,6912,116,s 2614,1240000.0,0.447,-0.048,0.543,0.075,21133,22
4190,6913,116,s 2615,714916.0,0.468,-0.065,0.487,-0.461,20919,45
4191,6914,116,s 2616,80000.0,0.21,-0.316,0.228,-0.18,40300,81
4192,6915,116,s 2617,1930000.0,0.61,-0.17,0.549,-0.215,41102,43
4193,6916,116,s 2621,2380000.0,0.61,-0.17,0.549,-0.215,41102,43
4194,6917,116,s 2626,120000.0,-0.442,-0.739,-0.382,-0.584,40908,72
4195,6918,116,s 2627,40000.0,-0.361,0.323,-0.395,0.345,41700,65
4196,6919,116,s 2628,150000.0,-0.514,-0.465,-0.398,-0.538,14435,3
4197,6920,116,s 2629,1289600.0,0.35,0.101,0.386,0.004,41505,37
4198,6921,116,s 2633,80000.0,-0.436,-0.162,-0.372,-0.127,41101,1
4199,6922,116,s 2634,780000.0,-0.32,-0.227,-0.363,-0.124,15408,52
4200,6923,116,s 2636,170000.0,-0.32,-0.227,-0.363,-0.124,15408,52
4201,6924,116,s 2637,185000.0,-0.33,-0.482,-0.355,-0.423,14871,72
4202,6925,116,s 2638,1190000.0,-0.336,0.091,-0.274,0.006,21325,21
4203,6926,116,s 2641,13417500.0,0.55,0.398,0.533,0.592,40902,63
4204,6927,116,s 2644,550000.0,0.37,-0.277,0.411,0.05,29566,48
4205,6928,116,s 2648,2215000.0,-0.361,0.323,-0.395,0.345,41700,65
4206,6929,116,s 265,0.0,0.61,-0.17,0.549,-0.215,41102,43
4207,6930,116,s 2657,70301710.44,0.21,-0.316,0.228,-0.18,40300,81
4208,6931,116,s 2658,4690000.0,-0.206,-0.053,-0.218,-0.105,40909,40
4209,6932,116,s 266,1670000.0,-0.367,-0.173,-0.315,-0.345,29142,5
4210,6933,116,s 2660,6910000.0,-0.397,-0.073,-0.346,-0.123,41706,33
4211,6934,116,s 2661,13522450.0,0.444,-0.029,0.508,0.092,21112,62
4212,6935,116,s 2662,3490000.0,0.536,0.221,0.58,0.329,40707,68
4213,6936,116,s 2666,2197000.0,0.345,0.027,0.321,0.006,21501,61
4214,6937,116,s 2667,30000.0,0.324,-0.176,0.352,-0.222,40304,54
4215,6938,116,s 2668,920000.0,-0.105,0.076,-0.12,-0.093,21300,61
4216,6939,116,s 2671,1501800.0,-0.583,-0.276,-0.47,-0.623,41308,12
4217,6940,116,s 2673,200000.0,-0.238,-0.135,-0.293,-0.326,40906,4
4218,6941,116,s 2679,56000.0,-0.336,0.091,-0.274,0.006,21325,21
4219,6942,116,s 268,245323.0,0.536,0.221,0.58,0.329,40707,68
4220,6943,116,s 2680,2742301.0,0.61,-0.17,0.549,-0.215,41102,43
4221,6944,116,s 2683,2860000.0,0.435,-0.07,0.416,0.101,29548,47
4222,6945,116,s 2685,15000.0,-0.367,-0.173,-0.315,-0.345,29142,5
4223,6946,116,s 2686,553210.0,0.444,-0.029,0.508,0.092,21112,62
4224,6947,116,s 2687,10000.0,-0.32,-0.227,-0.363,-0.124,15408,52
4225,6948,116,s 2688,2620000.0,0.468,-0.065,0.487,-0.461,20919,45
4226,6949,116,s 269,1380000.0,-0.436,-0.162,-0.372,-0.127,41101,1
4227,6950,116,s 2692,141416.0,-0.313,0.166,-0.292,0.12,40703,14
4228,6951,116,s 2693,2920534.0,-0.444,-0.103,-0.637,0.385,41112,82
4229,6952,116,s 2695,80000.0,0.413,-0.09,0.357,-0.079,14852,32
4230,6953,116,s 2699,20000.0,-0.514,-0.465,-0.398,-0.538,14435,3
4231,6954,116,s 27,144000.0,-0.058,0.402,-0.114,0.629,40915,56
4232,6955,116,s 270,1199386.0,-0.352,-0.303,-0.39,-0.34,49308,73
4233,6956,116,s 2700,4760000.0,-0.348,-0.304,-0.169,-0.806,15021,21
4234,6957,116,s 2701,390576.0,0.371,-0.208,0.384,-0.362,29386,24
4235,6958,116,s 2702,40000.0,0.55,0.398,0.533,0.592,40902,63
4236,6959,116,s 2703,50000.0,-0.305,-0.408,-0.248,-0.276,39310,73
4237,6960,116,s 2706,50000.0,-0.238,-0.135,-0.293,-0.326,40906,4
4238,6961,116,s 2707,230000.0,0.21,-0.316,0.228,-0.18,40300,81
4239,6962,116,s 2711,140000.0,0.468,-0.065,0.487,-0.461,20919,45
4240,6963,116,s 2713,200000.0,0.891,-0.454,0.933,-0.359,41104,51
4241,6964,116,s 2715,16051.0,0.398,0.18,0.448,0.122,29735,34
4242,6965,116,s 2718,80000.0,-0.453,0.161,-0.453,0.248,29924,66
4243,6966,116,s 2722,60000.0,0.535,-0.022,0.505,0.042,41502,31
4244,6967,116,s 2723,8665435.0,0.118,-0.53,0.132,-0.772,49703,2
4245,6968,116,s 2725,335000.0,0.35,0.101,0.386,0.004,41505,37
4246,6969,116,s 2728,245000.0,0.767,-0.219,0.618,-0.383,41901,34
4247,6970,116,s 2731,120000.0,0.552,0.045,0.486,-0.235,15424,53
4248,6971,116,s 2733,190000.0,0.29,0.308,0.39,0.705,41902,67
4249,6972,116,s 2736,22674.0,-0.234,0.022,-0.258,-0.081,41702,4
4250,6973,116,s 2737,562651.0,-0.058,0.402,-0.114,0.629,40915,56
4251,6974,116,s 2740,8640000.0,0.402,-0.011,0.3,-0.158,29909,44
4252,6975,116,s 2741,11225949.0,-0.444,-0.103,-0.637,0.385,41112,82
4253,6976,116,s 2743,2470000.0,0.444,-0.029,0.508,0.092,21112,62
4254,6977,116,s 2744,250000.0,0.35,0.101,0.386,0.004,41505,37
4255,6978,116,s 2747,280000.0,-0.313,0.166,-0.292,0.12,40703,14
4256,6979,116,s 2748,4726163.0,-0.514,-0.465,-0.398,-0.538,14435,3
4257,6980,116,s 275,9170000.0,-0.283,-0.357,-0.3,-0.135,40700,33
4258,6981,116,s 2751,266000.0,0.472,-0.078,0.472,0.111,40305,49
4259,6982,116,s 2752,141416.0,-0.313,0.166,-0.292,0.12,40703,14
4260,6983,116,s 2753,420000.0,-0.426,-0.102,-0.302,-0.204,29389,24
4261,6984,116,s 2754,30617521.67,0.555,-0.111,0.482,0.462,41703,45
4262,6985,116,s 2757,948000.0,0.604,0.141,0.535,0.154,21166,53
4263,6986,116,s 2760,141416.0,-0.313,0.166,-0.292,0.12,40703,14
4264,6987,116,s 2763,3592630.0,0.43,0.223,0.371,0.295,29754,37
4265,6988,116,s 2765,1510000.0,0.545,0.199,0.491,0.042,49706,68
4266,6989,116,s 2768,0.0,-0.179,-0.226,-0.109,-0.26,15015,11
4267,6990,116,s 2770,1043152.25,0.357,-0.042,0.293,-0.144,14226,31
4268,6991,116,s 2771,1800000.0,-0.436,-0.162,-0.372,-0.127,41101,1
4269,6992,116,s 2772,4293500.0,-0.426,-0.102,-0.302,-0.204,29389,24
4270,6993,116,s 2775,5400000.0,0.376,0.349,0.399,0.379,29534,46
4271,6994,116,s 2777,50000.0,0.357,-0.042,0.293,-0.144,14226,31
4272,6995,116,s 2778,350000.0,0.35,0.101,0.386,0.004,41505,37
4273,6996,116,s 2779,0.0,0.633,-0.142,0.645,-0.229,41111,25
4274,6997,116,s 2782,40000.0,-0.305,-0.408,-0.248,-0.276,39310,73
4275,6998,116,s 2784,410000.0,-0.709,-0.105,-0.693,-0.068,41701,71
4276,6999,116,s 2786,10000.0,0.21,-0.316,0.228,-0.18,40300,81
4277,7000,116,s 2789,140000.0,0.376,0.349,0.399,0.379,29534,46
4278,7001,116,s 279,10000.0,0.43,0.223,0.371,0.295,29754,37
4279,7002,116,s 2793,928864.0,-0.162,-0.2,-0.178,-0.375,41300,2
4280,7003,116,s 28,260000.0,0.404,0.02,0.299,-0.023,14921,51
4281,7004,116,s 2800,40385000.0,0.8,-0.189,0.887,-0.309,41304,49
4282,7005,116,s 2804,160070.0,-0.361,0.323,-0.395,0.345,41700,65
4283,7006,116,s 2807,2578000.0,0.371,-0.208,0.384,-0.362,29386,24
4284,7007,116,s 2808,0.0,-0.214,0.169,-0.278,0.563,40702,64
4285,7008,116,s 2809,4960000.0,-0.392,-0.208,-0.406,-0.368,20330,52
4286,7009,116,s 2816,910000.0,-0.288,0.322,-0.244,0.213,21743,65
4287,7010,116,s 2821,72848.24,-0.336,0.091,-0.274,0.006,21325,21
4288,7011,116,s 2827,30000.0,-0.426,-0.102,-0.302,-0.204,29389,24
4289,7012,116,s 2828,20000.0,-0.33,-0.482,-0.355,-0.423,14871,72
4290,7013,116,s 283,12440000.0,0.118,-0.53,0.132,-0.772,49703,2
4291,7014,116,s 2832,140000.0,-0.514,-0.465,-0.398,-0.538,14435,3
4292,7015,116,s 2833,1133134.0,-0.442,-0.739,-0.382,-0.584,40908,72
4293,7016,116,s 2836,90000.0,-0.352,-0.303,-0.39,-0.34,49308,73
4294,7017,116,s 2839,6380000.0,0.555,-0.111,0.482,0.462,41703,45
4295,7018,116,s 2842,3594925.0,0.278,0.132,0.229,-0.122,20146,56
4296,7019,116,s 2843,422500.0,-0.268,-0.184,-0.29,0.1,49300,71
4297,7020,116,s 2846,3520000.0,0.402,-0.011,0.3,-0.158,29909,44
4298,7021,116,s 2849,1959662.0,-0.539,-0.406,-0.481,-0.753,29147,6
4299,7022,116,s 2854,10000.0,-0.514,-0.465,-0.398,-0.538,14435,3
4300,7023,116,s 286,3692961.0,0.536,0.221,0.58,0.329,40707,68
4301,7024,116,s 2860,580000.0,0.604,0.141,0.535,0.154,21166,53
4302,7025,116,s 2865,0.0,-0.348,-0.304,-0.169,-0.806,15021,21
4303,7026,116,s 2866,3650000.0,0.278,0.132,0.229,-0.122,20146,56
4304,7027,116,s 287,29345092.0,0.624,-0.378,0.631,-0.3,29935,14
4305,7028,116,s 2871,4250000.0,-0.453,0.161,-0.453,0.248,29924,66
4306,7029,116,s 2873,4830000.0,-0.453,0.161,-0.453,0.248,29924,66
4307,7030,116,s 2874,6017.0,0.8,-0.189,0.887,-0.309,41304,49
4308,7031,116,s 2876,80000.0,-0.539,-0.406,-0.481,-0.753,29147,6
4309,7032,116,s 2877,2848236.0,0.398,-0.11,0.443,-0.064,41504,47
4310,7033,116,s 2878,8570000.0,-0.232,-0.212,-0.396,0.09,40916,11
4311,7034,116,s 2880,60000.0,-0.105,0.076,-0.12,-0.093,21300,61
4312,7035,116,s 2881,1590000.0,0.376,0.349,0.399,0.379,29534,46
4313,7036,116,s 2882,257000.0,-0.709,-0.105,-0.693,-0.068,41701,71
4314,7037,116,s 2885,4840000.0,0.468,-0.065,0.487,-0.461,20919,45
4315,7038,116,s 2886,7160000.0,0.345,0.027,0.321,0.006,21501,61
4316,7039,116,s 289,720000.0,0.444,-0.029,0.508,0.092,21112,62
4317,7040,116,s 2891,697000.0,-0.453,0.161,-0.453,0.248,29924,66
4318,7041,116,s 2892,720000.0,-0.234,0.022,-0.258,-0.081,41702,4
4319,7042,116,s 2894,30000.0,0.376,0.349,0.399,0.379,29534,46
4320,7043,116,s 2895,270000.0,0.357,-0.042,0.293,-0.144,14226,31
4321,7044,116,s 2896,278461.0,-0.348,-0.304,-0.169,-0.806,15021,21
4322,7045,116,s 2897,130000.0,-0.206,-0.053,-0.218,-0.105,40909,40
4323,7046,116,s 2898,850000.0,0.552,0.045,0.486,-0.235,15424,53
4324,7047,116,s 29,2590000.0,-0.206,-0.053,-0.218,-0.105,40909,40
4325,7048,116,s 2902,50000.0,-0.397,-0.073,-0.346,-0.123,41706,33
4326,7049,116,s 2903,3440000.0,-0.444,-0.103,-0.637,0.385,41112,82
4327,7050,116,s 2905,0.0,-0.246,-0.184,-0.178,-0.133,20923,23
4328,7051,116,s 2907,120000.0,-0.234,0.022,-0.258,-0.081,41702,4
4329,7052,116,s 2908,1410000.0,-0.514,-0.465,-0.398,-0.538,14435,3
4330,7053,116,s 291,343778.0,0.447,-0.048,0.543,0.075,21133,22
4331,7054,116,s 2911,6715000.0,0.468,-0.065,0.487,-0.461,20919,45
4332,7055,116,s 2912,890000.0,0.345,0.027,0.321,0.006,21501,61
4333,7056,116,s 2913,190000.0,-0.245,-0.066,-0.245,-0.041,41305,40
4334,7057,116,s 2914,40000.0,-0.238,-0.135,-0.293,-0.326,40906,4
4335,7058,116,s 2916,80000.0,-0.36,-0.121,-0.419,-0.04,14307,6
4336,7059,116,s 2917,1490000.0,0.536,0.221,0.58,0.329,40707,68
4337,7060,116,s 2918,50000.0,-0.442,-0.739,-0.382,-0.584,40908,72
4338,7061,116,s 292,60000.0,-0.268,-0.184,-0.29,0.1,49300,71
4339,7062,116,s 2920,160000.0,0.535,-0.022,0.505,0.042,41502,31
4340,7063,116,s 2921,4510534.0,0.555,-0.111,0.482,0.462,41703,45
4341,7064,116,s 2931,30000.0,0.472,-0.078,0.472,0.111,40305,49
4342,7065,116,s 2932,6818036.0,0.628,0.147,0.576,0.181,20351,54
4343,7066,116,s 2934,50000.0,-0.232,-0.212,-0.396,0.09,40916,11
4344,7067,116,s 2936,79694.0,-0.36,-0.121,-0.419,-0.04,14307,6
4345,7068,116,s 2938,898660.0,-0.426,-0.102,-0.302,-0.204,29389,24
4346,7069,116,s 2941,7553000.0,0.371,-0.208,0.384,-0.362,29386,24
4347,7070,116,s 2942,2996721.0,-0.238,-0.135,-0.293,-0.326,40906,4
4348,7071,116,s 2943,150000.0,-0.436,-0.162,-0.372,-0.127,41101,1
4349,7072,116,s 2946,60000.0,-0.513,-0.083,-0.521,-0.007,20713,82
4350,7073,116,s 2947,15840000.0,-0.436,-0.162,-0.372,-0.127,41101,1
4351,7074,116,s 2948,843000.0,0.398,-0.11,0.443,-0.064,41504,47
4352,7075,116,s 2950,120000.0,0.483,0.107,0.46,0.144,41500,81
4353,7076,116,s 2951,400000.0,-0.709,-0.105,-0.693,-0.068,41701,71
4354,7077,116,s 2953,0.0,-0.366,-0.119,-0.32,-0.119,29373,12
4355,7078,116,s 2955,6910000.0,-0.514,-0.465,-0.398,-0.538,14435,3
4356,7079,116,s 2958,410000.0,-0.469,-0.403,-0.187,0.301,20735,13
4357,7080,116,s 296,4751319.0,0.118,-0.53,0.132,-0.772,49703,2
4358,7081,116,s 2961,11475000.0,-0.444,-0.103,-0.637,0.385,41112,82
4359,7082,116,s 2962,1471087.0,0.891,-0.454,0.933,-0.359,41104,51
4360,7083,116,s 2965,4367000.0,0.585,-0.027,0.485,-0.107,21338,64
4361,7084,116,s 2968,26953000.0,-0.305,-0.408,-0.248,-0.276,39310,73
4362,7085,116,s 2969,210000.0,-0.088,0.187,-0.113,0.108,41705,41
4363,7086,116,s 2970,70000.0,0.535,-0.022,0.505,0.042,41502,31
4364,7087,116,s 2971,191062.0,0.402,-0.011,0.3,-0.158,29909,44
4365,7088,116,s 2973,0.0,0.629,-0.003,0.682,-0.006,21173,48
4366,7089,116,s 2974,240000.0,-0.246,-0.184,-0.178,-0.133,20923,23
4367,7090,116,s 2975,90000.0,-0.231,-0.163,-0.211,-0.129,40910,62
4368,7091,116,s 2976,6950000.0,0.468,-0.065,0.487,-0.461,20919,45
4369,7092,116,s 2979,1920000.0,0.376,0.349,0.399,0.379,29534,46
4370,7093,116,s 2982,100000.0,-0.492,-0.133,-0.526,-0.414,29940,25
4371,7094,116,s 2984,3636000.0,0.43,0.223,0.371,0.295,29754,37
4372,7095,116,s 2986,3845554.0,0.447,-0.048,0.543,0.075,21133,22
4373,7096,116,s 2987,110000.0,0.398,-0.11,0.443,-0.064,41504,47
4374,7097,116,s 2989,8940000.0,-0.33,-0.482,-0.355,-0.423,14871,72
4375,7098,116,s 299,283499.0,0.118,-0.53,0.132,-0.772,49703,2
4376,7099,116,s 2990,60000.0,0.43,0.223,0.371,0.295,29754,37
4377,7100,116,s 2992,1400000.0,-0.442,-0.739,-0.382,-0.584,40908,72
4378,7101,116,s 2993,40000.0,-0.206,-0.053,-0.218,-0.105,40909,40
4379,7102,116,s 2994,224687.0,0.629,-0.003,0.682,-0.006,21173,48
4380,7103,116,s 2997,230000.0,-0.367,-0.173,-0.315,-0.345,29142,5
4381,7104,116,s 2998,150000.0,0.8,0.6,0.837,0.335,41900,22
4382,7105,116,s 2999,13940000.0,0.468,-0.065,0.487,-0.461,20919,45
4383,7106,116,s 3,26214269.0,-0.32,-0.227,-0.363,-0.124,15408,52
4384,7107,116,s 30,283375.0,-0.492,-0.133,-0.526,-0.414,29940,25
4385,7108,116,s 300,19260000.0,0.472,-0.078,0.472,0.111,40305,49
4386,7109,116,s 3004,141441.0,-0.514,-0.465,-0.398,-0.538,14435,3
4387,7110,116,s 3006,493300.0,0.21,-0.316,0.228,-0.18,40300,81
4388,7111,116,s 3007,9374000.0,0.628,0.147,0.576,0.181,20351,54
4389,7112,116,s 301,1020000.0,0.371,-0.208,0.384,-0.362,29386,24
4390,7113,116,s 3012,40000.0,0.624,-0.378,0.631,-0.3,29935,14
4391,7114,116,s 3013,36870600.0,0.624,-0.378,0.631,-0.3,29935,14
4392,7115,116,s 3016,781483.0,0.464,0.309,0.461,0.34,41302,35
4393,7116,116,s 3019,65000.0,0.585,-0.027,0.485,-0.107,21338,64
4394,7117,116,s 302,60000.0,0.435,-0.07,0.416,0.101,29548,47
4395,7118,116,s 3020,300000.0,-0.492,-0.133,-0.526,-0.414,29940,25
4396,7119,116,s 3022,90000.0,0.345,0.027,0.321,0.006,21501,61
4397,7120,116,s 3023,638041.0,0.535,-0.022,0.505,0.042,41502,31
4398,7121,116,s 3024,80000.0,0.555,-0.111,0.482,0.462,41703,45
4399,7122,116,s 3026,2425000.0,-0.32,-0.227,-0.363,-0.124,15408,52
4400,7123,116,s 3028,170000.0,-0.367,-0.173,-0.315,-0.345,29142,5
4401,7124,116,s 3030,2930000.0,-0.231,-0.163,-0.211,-0.129,40910,62
4402,7125,116,s 3032,2000000.0,-0.231,-0.163,-0.211,-0.129,40910,62
4403,7126,116,s 3033,780000.0,-0.246,-0.184,-0.178,-0.133,20923,23
4404,7127,116,s 3036,1000000.0,-0.088,0.187,-0.113,0.108,41705,41
4405,7128,116,s 3037,100000.0,-0.238,-0.135,-0.293,-0.326,40906,4
4406,7129,116,s 304,1045000.0,0.118,-0.53,0.132,-0.772,49703,2
4407,7130,116,s 3043,10290000.0,0.552,0.045,0.486,-0.235,15424,53
4408,7131,116,s 3044,90000.0,-0.33,-0.482,-0.355,-0.423,14871,72
4409,7132,116,s 3045,27121887.0,0.633,-0.142,0.645,-0.229,41111,25
4410,7133,116,s 3047,80000.0,0.536,0.221,0.58,0.329,40707,68
4411,7134,116,s 3052,20251000.0,0.357,-0.042,0.293,-0.144,14226,31
4412,7135,116,s 3053,180000.0,0.545,0.199,0.491,0.042,49706,68
4413,7136,116,s 3057,10000.0,0.118,-0.53,0.132,-0.772,49703,2
4414,7137,116,s 3058,220000.0,-0.348,-0.304,-0.169,-0.806,15021,21
4415,7138,116,s 3065,120000.0,-0.436,-0.162,-0.372,-0.127,41101,1
4416,7139,116,s 3067,5305000.0,0.278,0.132,0.229,-0.122,20146,56
4417,7140,116,s 3070,240000.0,-0.268,-0.184,-0.29,0.1,49300,71
4418,7141,116,s 3072,518000.0,0.45,0.345,0.41,0.15,41707,46
4419,7142,116,s 3073,5187729.0,0.468,-0.065,0.487,-0.461,20919,45
4420,7143,116,s 3079,560000.0,0.376,0.349,0.399,0.379,29534,46
4421,7144,116,s 3083,60000.0,0.447,-0.048,0.543,0.075,21133,22
4422,7145,116,s 3085,2238292.0,0.502,0.289,0.521,0.012,29345,63
4423,7146,116,s 309,6540000.0,-0.539,-0.406,-0.481,-0.753,29147,6
4424,7147,116,s 3091,73626.0,-0.232,-0.212,-0.396,0.09,40916,11
4425,7148,116,s 3092,100000.0,-0.397,-0.073,-0.346,-0.123,41706,33
4426,7149,116,s 3095,2661857.0,-0.751,-0.337,-0.718,-0.066,41301,3
4427,7150,116,s 3096,20000.0,-0.348,-0.304,-0.169,-0.806,15021,21
4428,7151,116,s 31,160000.0,-0.336,0.091,-0.274,0.006,21325,21
4429,7152,116,s 3100,20000.0,0.21,-0.316,0.228,-0.18,40300,81
4430,7153,116,s 3101,200000.0,-0.366,-0.119,-0.32,-0.119,29373,12
4431,7154,116,s 3104,740000.0,-0.355,-0.418,-0.417,-0.377,14858,13
4432,7155,116,s 3106,226269.0,-0.453,0.161,-0.453,0.248,29924,66
4433,7156,116,s 3107,380000.0,-0.33,-0.027,-0.263,-0.085,20930,66
4434,7157,116,s 3108,420000.0,-0.088,0.187,-0.113,0.108,41705,41
4435,7158,116,s 3109,3677000.0,-0.33,-0.027,-0.263,-0.085,20930,66
4436,7159,116,s 311,165000.0,0.669,-0.25,0.827,-0.38,41503,35
4437,7160,116,s 3111,1652000.0,0.562,-0.075,0.68,-0.379,41501,44
4438,7161,116,s 3112,2445000.0,0.8,-0.189,0.887,-0.309,41304,49
4439,7162,116,s 3114,160000.0,0.545,0.199,0.491,0.042,49706,68
4440,7163,116,s 3116,1880000.0,0.118,-0.53,0.132,-0.772,49703,2
4441,7164,116,s 312,40000.0,-0.442,-0.739,-0.382,-0.584,40908,72
4442,7165,116,s 3120,87000.0,0.345,0.027,0.321,0.006,21501,61
4443,7166,116,s 3126,310000.0,-0.397,-0.073,-0.346,-0.123,41706,33
4444,7167,116,s 3129,50610399.0,0.502,0.289,0.521,0.012,29345,63
4445,7168,116,s 313,310000.0,0.552,0.045,0.486,-0.235,15424,53
4446,7169,116,s 3131,352000.0,0.552,0.045,0.486,-0.235,15424,53
4447,7170,116,s 3133,140000.0,0.8,0.6,0.837,0.335,41900,22
4448,7171,116,s 3138,332000.0,0.891,-0.454,0.935,-0.354,41110,67
4449,7172,116,s 314,40000.0,-0.206,-0.053,-0.218,-0.105,40909,40
4450,7173,116,s 3143,42000.0,-0.436,-0.162,-0.372,-0.127,41101,1
4451,7174,116,s 3144,50000.0,-0.397,-0.073,-0.346,-0.123,41706,33
4452,7175,116,s 3145,80000.0,-0.361,0.323,-0.395,0.345,41700,65
4453,7176,116,s 3146,160000.0,-0.32,-0.227,-0.363,-0.124,15408,52
4454,7177,116,s 3148,0.0,0.633,-0.142,0.645,-0.229,41111,25
4455,7178,116,s 3153,300000.0,0.595,0.152,0.642,0.202,21301,42
4456,7179,116,s 3155,170000.0,0.118,-0.53,0.132,-0.772,49703,2
4457,7180,116,s 3164,10000.0,-0.751,-0.337,-0.718,-0.066,41301,3
4458,7181,116,s 3166,80000.0,-0.583,-0.276,-0.47,-0.623,41308,12
4459,7182,116,s 3167,4880000.0,-0.583,-0.276,-0.47,-0.623,41308,12
4460,7183,116,s 317,950000.0,0.357,-0.042,0.293,-0.144,14226,31
4461,7184,116,s 3172,652651.0,-0.058,0.402,-0.114,0.629,40915,56
4462,7185,116,s 3173,150000.0,0.891,-0.454,0.935,-0.354,41110,67
4463,7186,116,s 3174,5170000.0,-0.426,-0.102,-0.302,-0.204,29389,24
4464,7187,116,s 3176,2682301.0,0.61,-0.17,0.549,-0.215,41102,43
4465,7188,116,s 3180,0.0,-0.162,-0.2,-0.178,-0.375,41300,2
4466,7189,116,s 3184,160000.0,0.8,0.6,0.837,0.335,41900,22
4467,7190,116,s 3189,16110176.0,-0.206,-0.053,-0.218,-0.105,40909,40
4468,7191,116,s 319,0.0,-0.352,-0.303,-0.39,-0.34,49308,73
4469,7192,116,s 3190,92500.0,-0.348,-0.304,-0.169,-0.806,15021,21
4470,7193,116,s 3191,600000.0,0.376,0.349,0.399,0.379,29534,46
4471,7194,116,s 3194,120000.0,-0.288,0.322,-0.244,0.213,21743,65
4472,7195,116,s 3196,265000.0,0.555,-0.111,0.482,0.462,41703,45
4473,7196,116,s 3198,140000.0,-0.367,-0.173,-0.315,-0.345,29142,5
4474,7197,116,s 3199,60000.0,0.472,-0.078,0.472,0.111,40305,49
4475,7198,116,s 3201,1567500.0,0.37,-0.277,0.411,0.05,29566,48
4476,7199,116,s 3202,193287.0,-0.361,0.323,-0.395,0.345,41700,65
4477,7200,116,s 3203,60000.0,-0.245,-0.066,-0.245,-0.041,41305,40
4478,7201,116,s 3208,60000.0,0.371,-0.208,0.384,-0.362,29386,24
4479,7202,116,s 321,12366850.0,0.118,-0.53,0.132,-0.772,49703,2
4480,7203,116,s 3211,10000.0,0.61,-0.17,0.549,-0.215,41102,43
4481,7204,116,s 3212,1330000.0,-0.751,-0.337,-0.718,-0.066,41301,3
4482,7205,116,s 3216,130000.0,0.398,0.18,0.448,0.122,29735,34
4483,7206,116,s 3217,398789.0,-0.343,-0.017,-0.314,-0.111,29732,23
4484,7207,116,s 3218,990000.0,-0.514,-0.465,-0.398,-0.538,14435,3
4485,7208,116,s 322,1470000.0,0.118,-0.53,0.132,-0.772,49703,2
4486,7209,116,s 3220,120000.0,0.371,-0.208,0.384,-0.362,29386,24
4487,7210,116,s 3221,30000.0,-0.583,-0.276,-0.47,-0.623,41308,12
4488,7211,116,s 3223,4330000.0,-0.238,-0.135,-0.293,-0.326,40906,4
4489,7212,116,s 3226,5000.0,0.555,-0.111,0.482,0.462,41703,45
4490,7213,116,s 3227,2670000.0,-0.539,-0.406,-0.481,-0.753,29147,6
4491,7214,116,s 3229,150000.0,-0.361,0.323,-0.395,0.345,41700,65
4492,7215,116,s 3231,175000.0,-0.444,-0.103,-0.637,0.385,41112,82
4493,7216,116,s 3232,252000.0,-0.444,-0.103,-0.637,0.385,41112,82
4494,7217,116,s 3233,359000.0,-0.366,-0.119,-0.32,-0.119,29373,12
4495,7218,116,s 3239,72500.0,0.376,0.349,0.399,0.379,29534,46
4496,7219,116,s 324,92000.0,-0.283,-0.357,-0.3,-0.135,40700,33
4497,7220,116,s 3240,4290000.0,-0.469,-0.403,-0.187,0.301,20735,13
4498,7221,116,s 3241,156287.0,-0.33,-0.027,-0.263,-0.085,20930,66
4499,7222,116,s 3244,20000.0,-0.288,0.322,-0.244,0.213,21743,65
4500,7223,116,s 3246,1470000.0,0.555,-0.111,0.482,0.462,41703,45
4501,7224,116,s 3247,2690000.0,-0.539,-0.406,-0.481,-0.753,29147,6
4502,7225,116,s 3250,1210000.0,0.472,-0.078,0.472,0.111,40305,49
4503,7226,116,s 3254,162500.0,-0.751,-0.337,-0.718,-0.066,41301,3
4504,7227,116,s 3261,599764.0,0.444,-0.029,0.508,0.092,21112,62
4505,7228,116,s 3262,422000.0,0.483,0.107,0.46,0.144,41500,81
4506,7229,116,s 3263,18080000.0,-0.453,0.161,-0.453,0.248,29924,66
4507,7230,116,s 3264,142100.0,-0.453,0.161,-0.453,0.248,29924,66
4508,7231,116,s 3269,2960000.0,-0.179,-0.226,-0.109,-0.26,15015,11
4509,7232,116,s 327,60000.0,-0.238,-0.135,-0.293,-0.326,40906,4
4510,7233,116,s 3271,1460000.0,0.468,-0.065,0.487,-0.461,20919,45
4511,7234,116,s 3273,192000.0,-0.245,-0.066,-0.245,-0.041,41305,40
4512,7235,116,s 3275,5000.0,0.37,-0.277,0.411,0.05,29566,48
4513,7236,116,s 3276,155416.0,-0.232,-0.212,-0.396,0.09,40916,11
4514,7237,116,s 3277,66000.0,-0.313,0.166,-0.292,0.12,40703,14
4515,7238,116,s 328,1527156.0,0.416,0.214,0.433,0.247,29722,32
4516,7239,116,s 3280,280000.0,-0.33,-0.482,-0.355,-0.423,14871,72
4517,7240,116,s 3281,3800000.0,-0.442,-0.739,-0.382,-0.584,40908,72
4518,7241,116,s 3285,97000.0,0.398,-0.11,0.443,-0.064,41504,47
4519,7242,116,s 3287,2340000.0,0.545,0.199,0.491,0.042,49706,68
4520,7243,116,s 3288,59000.0,-0.709,-0.105,-0.693,-0.068,41701,71
4521,7244,116,s 3292,880000.0,-0.238,-0.135,-0.293,-0.326,40906,4
4522,7245,116,s 3293,0.0,-0.583,-0.276,-0.47,-0.623,41308,12
4523,7246,116,s 3294,70000.0,-0.336,0.091,-0.274,0.006,21325,21
4524,7247,116,s 3296,1840000.0,0.624,-0.378,0.631,-0.3,29935,14
4525,7248,116,s 3298,1750000.0,0.61,-0.17,0.549,-0.215,41102,43
4526,7249,116,s 3299,120000.0,-0.366,-0.119,-0.32,-0.119,29373,12
4527,7250,116,s 33,560000.0,0.444,-0.029,0.508,0.092,21112,62
4528,7251,116,s 3300,2260000.0,-0.469,-0.403,-0.187,0.301,20735,13
4529,7252,116,s 3301,488641.0,-0.238,-0.135,-0.293,-0.326,40906,4
4530,7253,116,s 3302,40000.0,-0.162,-0.2,-0.178,-0.375,41300,2
4531,7254,116,s 3303,2040000.0,-0.246,-0.184,-0.178,-0.133,20923,23
4532,7255,116,s 3305,60000.0,-0.231,-0.163,-0.211,-0.129,40910,62
4533,7256,116,s 3312,881530.0,0.472,-0.078,0.472,0.111,40305,49
4534,7257,116,s 3313,421857.0,0.61,-0.17,0.549,-0.215,41102,43
4535,7258,116,s 3317,60000.0,0.447,-0.048,0.543,0.075,21133,22
4536,7259,116,s 3326,10000.0,0.398,-0.11,0.443,-0.064,41504,47
4537,7260,116,s 3327,10000.0,-0.238,-0.135,-0.293,-0.326,40906,4
4538,7261,116,s 3328,0.0,-0.444,-0.103,-0.637,0.385,41112,82
4539,7262,116,s 333,4160000.0,0.472,-0.078,0.472,0.111,40305,49
4540,7263,116,s 3330,20000.0,-0.453,0.161,-0.453,0.248,29924,66
4541,7264,116,s 3332,90000.0,-0.288,0.322,-0.244,0.213,21743,65
4542,7265,116,s 3337,13790000.0,-0.436,-0.162,-0.372,-0.127,41101,1
4543,7266,116,s 334,160000.0,0.585,-0.027,0.485,-0.107,21338,64
4544,7267,116,s 3341,80000.0,-0.539,-0.406,-0.481,-0.753,29147,6
4545,7268,116,s 3343,20420000.0,0.767,-0.219,0.618,-0.383,41901,34
4546,7269,116,s 3347,60000.0,-0.366,-0.119,-0.32,-0.119,29373,12
4547,7270,116,s 3352,30000.0,0.483,0.107,0.46,0.144,41500,81
4548,7271,116,s 3353,5090000.0,0.468,-0.065,0.487,-0.461,20919,45
4549,7272,116,s 3355,60000.0,0.43,0.223,0.371,0.295,29754,37
4550,7273,116,s 3358,1352500.0,-0.751,-0.337,-0.718,-0.066,41301,3
4551,7274,116,s 3360,9736000.0,0.552,0.045,0.486,-0.235,15424,53
4552,7275,116,s 3362,810000.0,-0.392,-0.208,-0.406,-0.368,20330,52
4553,7276,116,s 3363,355289.0,0.013,0.658,0.007,0.734,14659,41
4554,7277,116,s 3364,0.0,-0.583,-0.276,-0.47,-0.623,41308,12
4555,7278,116,s 3366,156287.0,-0.162,-0.2,-0.178,-0.375,41300,2
4556,7279,116,s 3369,120000.0,-0.234,0.022,-0.258,-0.081,41702,4
4557,7280,116,s 3370,4130000.0,-0.514,-0.465,-0.398,-0.538,14435,3
4558,7281,116,s 3372,4760000.0,0.464,0.309,0.461,0.34,41302,35
4559,7282,116,s 3375,15000.0,-0.444,-0.103,-0.637,0.385,41112,82
4560,7283,116,s 3382,56000.0,-0.336,0.091,-0.274,0.006,21325,21
4561,7284,116,s 3383,90000.0,0.555,-0.111,0.482,0.462,41703,45
4562,7285,116,s 3384,11515399.0,0.345,0.027,0.321,0.006,21501,61
4563,7286,116,s 3386,0.0,0.595,0.152,0.642,0.202,21301,42
4564,7287,116,s 3388,5000.0,0.555,-0.203,0.556,-0.201,41904,44
4565,7288,116,s 3389,470000.0,0.629,-0.003,0.682,-0.006,21173,48
4566,7289,116,s 3390,120000.0,0.536,0.221,0.58,0.329,40707,68
4567,7290,116,s 3391,127450.0,-0.514,-0.465,-0.398,-0.538,14435,3
4568,7291,116,s 3397,330000.0,-0.444,-0.103,-0.637,0.385,41112,82
4569,7292,116,s 3398,42437730.75,0.37,-0.277,0.411,0.05,29566,48
4570,7293,116,s 34,801092.0,0.8,-0.189,0.887,-0.309,41304,49
4571,7294,116,s 340,31024876.0,-0.36,-0.121,-0.419,-0.04,14307,6
4572,7295,116,s 3401,40000.0,0.8,-0.189,0.887,-0.309,41304,49
4573,7296,116,s 3404,5855044.0,0.435,-0.07,0.416,0.101,29548,47
4574,7297,116,s 3405,1120000.0,-0.583,-0.276,-0.47,-0.623,41308,12
4575,7298,116,s 3412,60000.0,0.604,0.141,0.535,0.154,21166,53
4576,7299,116,s 3415,1513570.0,-0.352,-0.303,-0.39,-0.34,49308,73
4577,7300,116,s 3416,11350000.0,0.633,-0.142,0.645,-0.229,41111,25
4578,7301,116,s 3417,2455763.0,-0.352,-0.303,-0.39,-0.34,49308,73
4579,7302,116,s 3418,1560000.0,-0.246,-0.184,-0.178,-0.133,20923,23
4580,7303,116,s 3419,80000.0,0.552,0.045,0.486,-0.235,15424,53
4581,7304,116,s 342,743000.0,0.447,-0.048,0.543,0.075,21133,22
4582,7305,116,s 3421,1920000.0,0.891,-0.454,0.935,-0.354,41110,67
4583,7306,116,s 3422,6917910.0,0.444,-0.029,0.508,0.092,21112,62
4584,7307,116,s 3424,299600.0,-0.709,-0.105,-0.693,-0.068,41701,71
4585,7308,116,s 3425,980000.0,-0.469,-0.403,-0.187,0.301,20735,13
4586,7309,116,s 3426,500000.0,-0.283,-0.357,-0.3,-0.135,40700,33
4587,7310,116,s 3427,156287.0,0.345,0.027,0.321,0.006,21501,61
4588,7311,116,s 3429,142256.0,-0.313,0.166,-0.292,0.12,40703,14
4589,7312,116,s 343,23040000.0,0.536,0.221,0.58,0.329,40707,68
4590,7313,116,s 3431,14065729.0,0.468,-0.065,0.487,-0.461,20919,45
4591,7314,116,s 3432,15250000.0,0.628,0.147,0.576,0.181,20351,54
4592,7315,116,s 3439,2400000.0,0.671,0.168,0.547,0.065,41903,43
4593,7316,116,s 344,6310000.0,0.398,-0.11,0.443,-0.064,41504,47
4594,7317,116,s 3440,1410000.0,-0.33,-0.482,-0.355,-0.423,14871,72
4595,7318,116,s 3445,1020000.0,0.447,-0.048,0.543,0.075,21133,22
4596,7319,116,s 3446,880000.0,-0.426,-0.102,-0.302,-0.204,29389,24
4597,7320,116,s 3447,70000.0,0.43,0.223,0.371,0.295,29754,37
4598,7321,116,s 3449,21294000.0,0.398,-0.11,0.443,-0.064,41504,47
4599,7322,116,s 3451,616500.0,0.629,-0.003,0.682,-0.006,21173,48
4600,7323,116,s 3453,0.0,0.628,0.147,0.576,0.181,20351,54
4601,7324,116,s 3455,1980000.0,0.767,-0.219,0.618,-0.383,41901,34
4602,7325,116,s 3456,31685534.0,0.416,0.214,0.433,0.247,29722,32
4603,7326,116,s 3457,5270000.0,-0.206,-0.053,-0.218,-0.105,40909,40
4604,7327,116,s 3458,195000.0,-0.238,-0.135,-0.293,-0.326,40906,4
4605,7328,116,s 3459,170000.0,0.398,-0.11,0.443,-0.064,41504,47
4606,7329,116,s 3465,170000.0,-0.288,0.322,-0.244,0.213,21743,65
4607,7330,116,s 3466,15135000.0,0.345,0.027,0.321,0.006,21501,61
4608,7331,116,s 3468,8920000.0,0.555,-0.203,0.556,-0.201,41904,44
4609,7332,116,s 3469,850000.0,0.595,0.152,0.642,0.202,21301,42
4610,7333,116,s 3471,10921500.0,0.61,-0.17,0.549,-0.215,41102,43
4611,7334,116,s 3473,60000.0,-0.313,0.166,-0.292,0.12,40703,14
4612,7335,116,s 3475,373261.0,-0.336,0.091,-0.274,0.006,21325,21
4613,7336,116,s 3476,1380000.0,-0.246,-0.184,-0.178,-0.133,20923,23
4614,7337,116,s 3477,84000.0,-0.105,0.076,-0.12,-0.093,21300,61
4615,7338,116,s 3479,300000.0,0.43,0.223,0.371,0.295,29754,37
4616,7339,116,s 348,4459624.02,-0.366,-0.119,-0.32,-0.119,29373,12
4617,7340,116,s 3480,934042.0,-0.238,-0.135,-0.293,-0.326,40906,4
4618,7341,116,s 3485,3499500.0,-0.355,-0.086,-0.382,-0.438,40704,5
4619,7342,116,s 3486,20000.0,-0.453,0.161,-0.453,0.248,29924,66
4620,7343,116,s 3489,100000.0,-0.352,-0.303,-0.39,-0.34,49308,73
4621,7344,116,s 3499,0.0,-0.397,-0.073,-0.346,-0.123,41706,33
4622,7345,116,s 350,7398357.0,0.585,-0.027,0.485,-0.107,21338,64
4623,7346,116,s 3500,33000.0,-0.366,-0.119,-0.32,-0.119,29373,12
4624,7347,116,s 3502,5200000.0,0.401,0.379,0.35,0.356,21350,36
4625,7348,116,s 3503,916857.0,0.416,0.214,0.433,0.247,29722,32
4626,7349,116,s 3504,2460000.0,0.585,-0.027,0.485,-0.107,21338,64
4627,7350,116,s 3508,1000000.0,-0.444,-0.103,-0.637,0.385,41112,82
4628,7351,116,s 3509,214159.0,-0.426,-0.102,-0.302,-0.204,29389,24
4629,7352,116,s 3512,280000.0,0.891,-0.454,0.933,-0.359,41104,51
4630,7353,116,s 3513,380000.0,-0.352,-0.303,-0.39,-0.34,49308,73
4631,7354,116,s 3515,260000.0,-0.283,-0.357,-0.3,-0.135,40700,33
4632,7355,116,s 3516,180000.0,0.767,-0.219,0.618,-0.383,41901,34
4633,7356,116,s 352,70000.0,0.472,-0.078,0.472,0.111,40305,49
4634,7357,116,s 3520,240000.0,-0.232,-0.212,-0.396,0.09,40916,11
4635,7358,116,s 3529,10455183.0,-0.283,-0.357,-0.3,-0.135,40700,33
4636,7359,116,s 3532,280000.0,0.278,0.132,0.229,-0.122,20146,56
4637,7360,116,s 3533,10218440.0,0.401,0.379,0.35,0.356,21350,36
4638,7361,116,s 3534,14000.0,-0.709,-0.105,-0.693,-0.068,41701,71
4639,7362,116,s 3535,6700000.0,0.43,0.223,0.371,0.295,29754,37
4640,7363,116,s 3537,14350000.0,0.595,0.152,0.642,0.202,21301,42
4641,7364,116,s 3538,14520000.0,0.61,-0.17,0.549,-0.215,41102,43
4642,7365,116,s 3539,140000.0,0.585,-0.027,0.485,-0.107,21338,64
4643,7366,116,s 354,1230000.0,-0.206,-0.053,-0.218,-0.105,40909,40
4644,7367,116,s 3542,10000.0,-0.426,-0.102,-0.302,-0.204,29389,24
4645,7368,116,s 3544,1119735.0,-0.313,0.166,-0.292,0.12,40703,14
4646,7369,116,s 3546,498000.0,0.8,-0.189,0.887,-0.309,41304,49
4647,7370,116,s 3547,419804.0,0.8,-0.189,0.887,-0.309,41304,49
4648,7371,116,s 3548,294796096.0,0.404,0.02,0.299,-0.023,14921,51
4649,7372,116,s 355,80000.0,-0.436,-0.162,-0.372,-0.127,41101,1
4650,7373,116,s 3550,7260000.0,-0.366,-0.119,-0.32,-0.119,29373,12
4651,7374,116,s 3552,240000.0,0.35,0.101,0.386,0.004,41505,37
4652,7375,116,s 3554,40000.0,-0.32,-0.227,-0.363,-0.124,15408,52
4653,7376,116,s 3555,810000.0,-0.343,-0.017,-0.314,-0.111,29732,23
4654,7377,116,s 3559,6265271.0,-0.231,-0.163,-0.211,-0.129,40910,62
4655,7378,116,s 3560,190000.0,-0.392,-0.208,-0.406,-0.368,20330,52
4656,7379,116,s 3561,160000.0,-0.392,-0.208,-0.406,-0.368,20330,52
4657,7380,116,s 3563,174416.0,-0.313,0.166,-0.292,0.12,40703,14
4658,7381,116,s 3565,454600.0,-0.426,-0.102,-0.302,-0.204,29389,24
4659,7382,116,s 3567,213000.0,-0.238,-0.135,-0.293,-0.326,40906,4
4660,7383,116,s 3568,6270725.0,-0.272,-0.206,-0.316,-0.094,20707,1
4661,7384,116,s 3569,1499000.0,-0.283,-0.357,-0.3,-0.135,40700,33
4662,7385,116,s 3571,10000.0,-0.426,-0.102,-0.302,-0.204,29389,24
4663,7386,116,s 3574,11710000.0,0.398,-0.11,0.443,-0.064,41504,47
4664,7387,116,s 3576,4620000.0,-0.283,-0.357,-0.3,-0.135,40700,33
4665,7388,116,s 358,90000.0,-0.444,-0.103,-0.637,0.385,41112,82
4666,7389,116,s 3583,985000.0,-0.32,-0.227,-0.363,-0.124,15408,52
4667,7390,116,s 3584,2190000.0,-0.492,-0.133,-0.526,-0.414,29940,25
4668,7391,116,s 3587,1050000.0,-0.313,0.166,-0.292,0.12,40703,14
4669,7392,116,s 359,2550000.0,-0.32,-0.227,-0.363,-0.124,15408,52
4670,7393,116,s 3590,120000.0,0.536,0.221,0.58,0.329,40707,68
4671,7394,116,s 3592,50000.0,0.628,0.147,0.576,0.181,20351,54
4672,7395,116,s 3593,13600000.0,-0.232,-0.212,-0.396,0.09,40916,11
4673,7396,116,s 3595,291000.0,-0.288,0.322,-0.244,0.213,21743,65
4674,7397,116,s 3597,710227.0,0.392,0.445,0.294,0.367,41107,36
4675,7398,116,s 3599,11154849.0,0.562,-0.075,0.68,-0.379,41501,44
4676,7399,116,s 360,7308000.0,-0.366,-0.119,-0.32,-0.119,29373,12
4677,7400,116,s 3600,20000.0,0.595,0.152,0.642,0.202,21301,42
4678,7401,116,s 3606,3685000.0,-0.469,-0.403,-0.187,0.301,20735,13
4679,7402,116,s 3608,400000.0,0.555,-0.111,0.482,0.462,41703,45
4680,7403,116,s 3609,450000.0,-0.513,-0.083,-0.521,-0.007,20713,82
4681,7404,116,s 361,3204240.0,0.444,-0.029,0.508,0.092,21112,62
4682,7405,116,s 3610,550000.0,0.891,-0.454,0.933,-0.359,41104,51
4683,7406,116,s 3611,340000.0,-0.442,-0.739,-0.382,-0.584,40908,72
4684,7407,116,s 3612,18151143.0,0.472,-0.078,0.472,0.111,40305,49
4685,7408,116,s 3614,1900000.0,-0.709,-0.105,-0.693,-0.068,41701,71
4686,7409,116,s 3619,970000.0,-0.367,-0.173,-0.315,-0.345,29142,5
4687,7410,116,s 362,23659404.0,-0.33,-0.482,-0.355,-0.423,14871,72
4688,7411,116,s 3620,3263522.0,-0.367,-0.173,-0.315,-0.345,29142,5
4689,7412,116,s 3623,660000.0,-0.33,-0.027,-0.263,-0.085,20930,66
4690,7413,116,s 3624,30000.0,-0.232,-0.212,-0.396,0.09,40916,11
4691,7414,116,s 3627,3031800.0,-0.492,-0.133,-0.526,-0.414,29940,25
4692,7415,116,s 3628,30000.0,0.535,-0.022,0.505,0.042,41502,31
4693,7416,116,s 3629,289000.0,-0.33,-0.482,-0.355,-0.423,14871,72
4694,7417,116,s 3630,230000.0,0.669,-0.25,0.827,-0.38,41503,35
4695,7418,116,s 3631,267118.0,0.669,-0.25,0.827,-0.38,41503,35
4696,7419,116,s 3632,660000.0,-0.469,-0.403,-0.187,0.301,20735,13
4697,7420,116,s 3634,720000.0,-0.348,-0.304,-0.169,-0.806,15021,21
4698,7421,116,s 3635,14130000.0,0.595,0.152,0.642,0.202,21301,42
4699,7422,116,s 3640,4400000.0,-0.355,-0.086,-0.382,-0.438,40704,5
4700,7423,116,s 3644,660000.0,-0.583,-0.276,-0.47,-0.623,41308,12
4701,7424,116,s 3646,45000.0,-0.583,-0.276,-0.47,-0.623,41308,12
4702,7425,116,s 365,17905092.0,0.371,-0.208,0.384,-0.362,29386,24
4703,7426,116,s 3652,320000.0,-0.397,-0.073,-0.346,-0.123,41706,33
4704,7427,116,s 3657,180000.0,-0.313,0.166,-0.292,0.12,40703,14
4705,7428,116,s 3658,454228.0,-0.246,-0.184,-0.178,-0.133,20923,23
4706,7429,116,s 3659,1881000.0,-0.352,-0.303,-0.39,-0.34,49308,73
4707,7430,116,s 3660,250000.0,-0.313,0.166,-0.292,0.12,40703,14
4708,7431,116,s 3661,30000.0,0.595,0.152,0.642,0.202,21301,42
4709,7432,116,s 3662,20000.0,0.595,0.152,0.642,0.202,21301,42
4710,7433,116,s 3663,16925000.0,0.376,0.349,0.399,0.379,29534,46
4711,7434,116,s 3669,660000.0,-0.366,-0.119,-0.32,-0.119,29373,12
4712,7435,116,s 367,498087.0,-0.453,0.161,-0.453,0.248,29924,66
4713,7436,116,s 3670,50000.0,-0.453,0.161,-0.453,0.248,29924,66
4714,7437,116,s 3671,1180000.0,-0.367,-0.173,-0.315,-0.345,29142,5
4715,7438,116,s 3672,80848.0,-0.33,-0.482,-0.355,-0.423,14871,72
4716,7439,116,s 3676,850000.0,-0.33,-0.482,-0.355,-0.423,14871,72
4717,7440,116,s 3677,1759308.0,-0.492,-0.133,-0.526,-0.414,29940,25
4718,7441,116,s 368,504044.0,-0.238,-0.135,-0.293,-0.326,40906,4
4719,7442,116,s 3681,6900000.0,-0.514,-0.465,-0.398,-0.538,14435,3
4720,7443,116,s 3684,190000.0,-0.33,-0.482,-0.355,-0.423,14871,72
4721,7444,116,s 3685,370000.0,-0.426,-0.102,-0.302,-0.204,29389,24
4722,7445,116,s 3688,230000.0,0.21,-0.316,0.228,-0.18,40300,81
4723,7446,116,s 3690,3316474.0,-0.514,-0.465,-0.398,-0.538,14435,3
4724,7447,116,s 3691,20000.0,0.8,-0.189,0.887,-0.309,41304,49
4725,7448,116,s 3693,200000.0,0.357,-0.042,0.293,-0.144,14226,31
4726,7449,116,s 3694,150000.0,0.8,-0.189,0.887,-0.309,41304,49
4727,7450,116,s 3695,590000.0,-0.442,-0.739,-0.382,-0.584,40908,72
4728,7451,116,s 3697,2548795.0,-0.272,-0.206,-0.316,-0.094,20707,1
4729,7452,116,s 3698,615000.0,-0.444,-0.103,-0.637,0.385,41112,82
4730,7453,116,s 370,700000.0,0.357,-0.042,0.293,-0.144,14226,31
4731,7454,116,s 3704,90000.0,0.376,0.349,0.399,0.379,29534,46
4732,7455,116,s 3705,6120000.0,0.416,0.214,0.433,0.247,29722,32
4733,7456,116,s 3707,6220000.0,-0.492,-0.133,-0.526,-0.414,29940,25
4734,7457,116,s 3708,160000.0,0.671,0.168,0.547,0.065,41903,43
4735,7458,116,s 3709,375000.0,0.555,-0.203,0.556,-0.201,41904,44
4736,7459,116,s 3710,40000.0,-0.058,0.402,-0.114,0.629,40915,56
4737,7460,116,s 3712,3790000.0,0.376,0.349,0.399,0.379,29534,46
4738,7461,116,s 3714,37000.0,-0.058,0.402,-0.114,0.629,40915,56
4739,7462,116,s 3715,350000.0,0.345,0.027,0.321,0.006,21501,61
4740,7463,116,s 3716,1970000.0,0.345,0.027,0.321,0.006,21501,61
4741,7464,116,s 3717,7375176.0,0.376,0.349,0.399,0.379,29534,46
4742,7465,116,s 3718,7924034.0,-0.305,-0.408,-0.248,-0.276,39310,73
4743,7466,116,s 3719,164285.0,-0.709,-0.105,-0.693,-0.068,41701,71
4744,7467,116,s 3720,100000.0,-0.268,-0.184,-0.29,0.1,49300,71
4745,7468,116,s 3721,274159.0,-0.709,-0.105,-0.693,-0.068,41701,71
4746,7469,116,s 3722,638175.0,0.8,-0.189,0.887,-0.309,41304,49
4747,7470,116,s 3723,369726.25,-0.444,-0.103,-0.637,0.385,41112,82
4748,7471,116,s 3725,6229646.0,-0.709,-0.105,-0.693,-0.068,41701,71
4749,7472,116,s 3727,2040000.0,-0.514,-0.465,-0.398,-0.538,14435,3
4750,7473,116,s 3728,880000.0,0.376,0.349,0.399,0.379,29534,46
4751,7474,116,s 3729,20000.0,0.376,0.349,0.399,0.379,29534,46
4752,7475,116,s 3730,2670000.0,0.483,0.107,0.46,0.144,41500,81
4753,7476,116,s 3732,60000.0,0.472,-0.078,0.472,0.111,40305,49
4754,7477,116,s 3734,13370500.0,-0.469,-0.403,-0.187,0.301,20735,13
4755,7478,116,s 3736,104285.0,-0.313,0.166,-0.292,0.12,40703,14
4756,7479,116,s 3737,50000.0,-0.397,-0.073,-0.346,-0.123,41706,33
4757,7480,116,s 3739,60000.0,-0.313,0.166,-0.292,0.12,40703,14
4758,7481,116,s 3740,75000.0,-0.313,0.166,-0.292,0.12,40703,14
4759,7482,116,s 3741,6015634.0,-0.397,-0.073,-0.346,-0.123,41706,33
4760,7483,116,s 3742,980000.0,-0.583,-0.276,-0.47,-0.623,41308,12
4761,7484,116,s 3744,1696105.0,0.61,-0.17,0.549,-0.215,41102,43
4762,7485,116,s 3745,710000.0,-0.348,-0.304,-0.169,-0.806,15021,21
4763,7486,116,s 3746,150000.0,-0.268,-0.184,-0.29,0.1,49300,71
4764,7487,116,s 3747,366113.58,-0.283,-0.357,-0.3,-0.135,40700,33
4765,7488,116,s 3749,11270000.0,-0.436,-0.162,-0.372,-0.127,41101,1
4766,7489,116,s 375,2430000.0,-0.179,-0.226,-0.109,-0.26,15015,11
4767,7490,116,s 3750,7474498.0,-0.238,-0.135,-0.293,-0.326,40906,4
4768,7491,116,s 3752,5325074.0,-0.366,-0.119,-0.32,-0.119,29373,12
4769,7492,116,s 3756,3565064.0,0.357,-0.042,0.293,-0.144,14226,31
4770,7493,116,s 3758,60000.0,-0.442,-0.739,-0.382,-0.584,40908,72
4771,7494,116,s 3759,110000.0,-0.232,-0.212,-0.396,0.09,40916,11
4772,7495,116,s 3763,490000.0,-0.313,0.166,-0.292,0.12,40703,14
4773,7496,116,s 3764,49490.0,-0.313,0.166,-0.292,0.12,40703,14
4774,7497,116,s 3768,353548.0,-0.313,0.166,-0.292,0.12,40703,14
4775,7498,116,s 3769,60000.0,0.8,-0.189,0.887,-0.309,41304,49
4776,7499,116,s 377,22334000.0,-0.426,-0.102,-0.302,-0.204,29389,24
4777,7500,116,s 3770,160000.0,0.357,-0.042,0.293,-0.144,14226,31
4778,7501,116,s 3771,33000.0,-0.305,-0.408,-0.248,-0.276,39310,73
4779,7502,116,s 3773,90000.0,0.8,0.6,0.837,0.335,41900,22
4780,7503,116,s 3774,2650000.0,-0.246,-0.184,-0.178,-0.133,20923,23
4781,7504,116,s 3775,2011011.0,-0.246,-0.184,-0.178,-0.133,20923,23
4782,7505,116,s 3779,2530000.0,-0.283,-0.357,-0.3,-0.135,40700,33
4783,7506,116,s 378,80000.0,-0.426,-0.102,-0.302,-0.204,29389,24
4784,7507,116,s 3780,18750000.0,-0.246,-0.184,-0.178,-0.133,20923,23
4785,7508,116,s 3781,700000.0,-0.246,-0.184,-0.178,-0.133,20923,23
4786,7509,116,s 3784,350000.0,-0.709,-0.105,-0.693,-0.068,41701,71
4787,7510,116,s 3785,70000.0,-0.492,-0.133,-0.526,-0.414,29940,25
4788,7511,116,s 379,269600.0,-0.283,-0.357,-0.3,-0.135,40700,33
4789,7512,116,s 3790,30000.0,-0.539,-0.406,-0.481,-0.753,29147,6
4790,7513,116,s 3792,306400.0,-0.397,-0.073,-0.346,-0.123,41706,33
4791,7514,116,s 3793,3641000.0,-0.206,-0.053,-0.218,-0.105,40909,40
4792,7515,116,s 3795,3830000.0,-0.397,-0.073,-0.346,-0.123,41706,33
4793,7516,116,s 3797,2649087.0,0.416,0.214,0.433,0.247,29722,32
4794,7517,116,s 3798,7213000.0,0.624,-0.378,0.631,-0.3,29935,14
4795,7518,116,s 3799,882642.87,-0.583,-0.276,-0.47,-0.623,41308,12
4796,7519,116,s 38,730000.0,0.444,-0.029,0.508,0.092,21112,62
4797,7520,116,s 380,70000.0,0.633,-0.142,0.645,-0.229,41111,25
4798,7521,116,s 3805,960000.0,-0.162,-0.2,-0.178,-0.375,41300,2
4799,7522,116,s 3811,60000.0,-0.268,-0.184,-0.29,0.1,49300,71
4800,7523,116,s 3814,22589918.0,-0.231,-0.163,-0.211,-0.129,40910,62
4801,7524,116,s 3822,1873353.0,-0.583,-0.276,-0.47,-0.623,41308,12
4802,7525,116,s 3823,60000.0,-0.058,0.402,-0.114,0.629,40915,56
4803,7526,116,s 3824,2212000.0,-0.283,-0.357,-0.3,-0.135,40700,33
4804,7527,116,s 3825,186400.0,-0.283,-0.357,-0.3,-0.135,40700,33
4805,7528,116,s 3827,13460000.0,0.398,-0.11,0.443,-0.064,41504,47
4806,7529,116,s 3828,660000.0,-0.444,-0.103,-0.637,0.385,41112,82
4807,7530,116,s 3829,2500000.0,0.55,0.398,0.533,0.592,40902,63
4808,7531,116,s 383,17013562.0,0.536,0.221,0.58,0.329,40707,68
4809,7532,116,s 3831,2420000.0,0.483,0.107,0.46,0.144,41500,81
4810,7533,116,s 3832,25429701.0,-0.355,-0.418,-0.417,-0.377,14858,13
4811,7534,116,s 3833,5052000.0,0.61,-0.17,0.549,-0.215,41102,43
4812,7535,116,s 3835,2500000.0,0.8,-0.189,0.887,-0.309,41304,49
4813,7536,116,s 3836,10000.0,0.345,0.027,0.321,0.006,21501,61
4814,7537,116,s 3837,1656945.0,0.671,0.168,0.547,0.065,41903,43
4815,7538,116,s 384,320000.0,0.278,0.132,0.229,-0.122,20146,56
4816,7539,116,s 3840,97085.0,-0.343,-0.017,-0.314,-0.111,29732,23
4817,7540,116,s 3841,2900000.0,0.357,-0.042,0.293,-0.144,14226,31
4818,7541,116,s 3842,40000.0,0.376,0.349,0.399,0.379,29534,46
4819,7542,116,s 3847,1531000.0,-0.751,-0.337,-0.718,-0.066,41301,3
4820,7543,116,s 3849,2956293.0,-0.751,-0.337,-0.718,-0.066,41301,3
4821,7544,116,s 385,3074240.0,-0.709,-0.105,-0.693,-0.068,41701,71
4822,7545,116,s 3855,585000.0,-0.751,-0.337,-0.718,-0.066,41301,3
4823,7546,116,s 3858,110000.0,-0.751,-0.337,-0.718,-0.066,41301,3
4824,7547,116,s 3859,30000.0,0.555,-0.203,0.556,-0.201,41904,44
4825,7548,116,s 386,62993415.0,0.891,-0.454,0.935,-0.354,41110,67
4826,7549,116,s 3861,16970176.0,-0.305,-0.408,-0.248,-0.276,39310,73
4827,7550,116,s 3864,128000.0,0.118,-0.53,0.132,-0.772,49703,2
4828,7551,116,s 3865,240000.0,0.371,-0.208,0.384,-0.362,29386,24
4829,7552,116,s 3866,8829000.0,0.376,0.349,0.399,0.379,29534,46
4830,7553,116,s 3868,164100.0,-0.283,-0.357,-0.3,-0.135,40700,33
4831,7554,116,s 3872,10153626.0,0.8,0.6,0.837,0.335,41900,22
4832,7555,116,s 3873,1040000.0,0.629,-0.003,0.682,-0.006,21173,48
4833,7556,116,s 3874,1145220.0,-0.352,-0.303,-0.39,-0.34,49308,73
4834,7557,116,s 3876,4706000.0,0.629,-0.003,0.682,-0.006,21173,48
4835,7558,116,s 3877,121000.0,-0.583,-0.276,-0.47,-0.623,41308,12
4836,7559,116,s 3883,640000.0,-0.366,-0.119,-0.32,-0.119,29373,12
4837,7560,116,s 3884,4107880.0,-0.436,-0.162,-0.372,-0.127,41101,1
4838,7561,116,s 3889,1950000.0,-0.36,-0.121,-0.419,-0.04,14307,6
4839,7562,116,s 3890,5790000.0,0.371,-0.208,0.384,-0.362,29386,24
4840,7563,116,s 3891,280000.0,0.444,-0.029,0.508,0.092,21112,62
4841,7564,116,s 3894,27810607.0,0.8,0.6,0.837,0.335,41900,22
4842,7565,116,s 3895,20000.0,-0.469,-0.403,-0.187,0.301,20735,13
4843,7566,116,s 3897,1650000.0,0.8,-0.189,0.887,-0.309,41304,49
4844,7567,116,s 3898,80000.0,0.483,0.107,0.46,0.144,41500,81
4845,7568,116,s 3899,144100.0,0.416,0.214,0.433,0.247,29722,32
4846,7569,116,s 39,90000.0,0.8,0.6,0.837,0.335,41900,22
4847,7570,116,s 390,20000.0,0.545,0.199,0.491,0.042,49706,68
4848,7571,116,s 3900,1140000.0,-0.288,0.322,-0.244,0.213,21743,65
4849,7572,116,s 3905,40176111.0,0.61,-0.17,0.549,-0.215,41102,43
4850,7573,116,s 391,95323.0,0.545,0.199,0.491,0.042,49706,68
4851,7574,116,s 3912,2617185.0,-0.583,-0.276,-0.47,-0.623,41308,12
4852,7575,116,s 3913,60000.0,-0.361,0.323,-0.395,0.345,41700,65
4853,7576,116,s 3915,150000.0,0.555,-0.203,0.556,-0.201,41904,44
4854,7577,116,s 3917,1452311.0,0.35,0.101,0.386,0.004,41505,37
4855,7578,116,s 3918,3324837.0,0.43,0.223,0.371,0.295,29754,37
4856,7579,116,s 3920,440000.0,0.595,0.152,0.642,0.202,21301,42
4857,7580,116,s 3922,1003260.0,0.891,-0.454,0.933,-0.359,41104,51
4858,7581,116,s 3926,60000.0,0.8,-0.189,0.887,-0.309,41304,49
4859,7582,116,s 3930,1640000.0,0.376,0.349,0.399,0.379,29534,46
4860,7583,116,s 3933,26071042.0,0.472,-0.078,0.472,0.111,40305,49
4861,7584,116,s 3935,10000.0,-0.336,0.091,-0.274,0.006,21325,21
4862,7585,116,s 3936,20000.0,0.767,-0.219,0.618,-0.383,41901,34
4863,7586,116,s 3937,180000.0,0.345,0.027,0.321,0.006,21501,61
4864,7587,116,s 3938,12124000.0,0.43,0.223,0.371,0.295,29754,37
4865,7588,116,s 394,80000.0,0.633,-0.142,0.645,-0.229,41111,25
4866,7589,116,s 3942,20430000.0,0.555,-0.203,0.556,-0.201,41904,44
4867,7590,116,s 3943,30000.0,-0.283,-0.357,-0.3,-0.135,40700,33
4868,7591,116,s 3944,110000.0,-0.453,0.161,-0.453,0.248,29924,66
4869,7592,116,s 3945,18540000.0,0.555,-0.203,0.556,-0.201,41904,44
4870,7593,116,s 3946,372000.0,-0.268,-0.184,-0.29,0.1,49300,71
4871,7594,116,s 3947,50000.0,-0.245,-0.066,-0.245,-0.041,41305,40
4872,7595,116,s 395,32000.0,0.604,0.141,0.535,0.154,21166,53
4873,7596,116,s 3951,280000.0,0.345,0.027,0.321,0.006,21501,61
4874,7597,116,s 3952,13140000.0,-0.392,-0.208,-0.406,-0.368,20330,52
4875,7598,116,s 3958,1830000.0,0.447,-0.048,0.543,0.075,21133,22
4876,7599,116,s 3959,1610000.0,-0.305,-0.408,-0.248,-0.276,39310,73
4877,7600,116,s 3962,5215000.0,0.416,0.214,0.433,0.247,29722,32
4878,7601,116,s 3963,147000.0,-0.709,-0.105,-0.693,-0.068,41701,71
4879,7602,116,s 3964,630000.0,-0.232,-0.212,-0.396,0.09,40916,11
4880,7603,116,s 3965,1040000.0,-0.33,-0.027,-0.263,-0.085,20930,66
4881,7604,116,s 3967,1442000.0,-0.444,-0.103,-0.637,0.385,41112,82
4882,7605,116,s 3969,34339000.0,0.376,0.349,0.399,0.379,29534,46
4883,7606,116,s 3970,20000.0,0.555,-0.203,0.556,-0.201,41904,44
4884,7607,116,s 3971,480000.0,0.536,0.221,0.58,0.329,40707,68
4885,7608,116,s 3972,60000.0,-0.283,-0.357,-0.3,-0.135,40700,33
4886,7609,116,s 3974,1442000.0,-0.268,-0.184,-0.29,0.1,49300,71
4887,7610,116,s 3975,140000.0,-0.361,0.323,-0.395,0.345,41700,65
4888,7611,116,s 3976,70000.0,-0.343,-0.017,-0.314,-0.111,29732,23
4889,7612,116,s 3979,1310000.0,0.376,0.349,0.399,0.379,29534,46
4890,7613,116,s 398,10000.0,-0.366,-0.119,-0.32,-0.119,29373,12
4891,7614,116,s 3984,390000.0,-0.179,-0.226,-0.109,-0.26,15015,11
4892,7615,116,s 3985,18440000.0,0.629,-0.003,0.682,-0.006,21173,48
4893,7616,116,s 3986,15030000.0,0.43,0.223,0.371,0.295,29754,37
4894,7617,116,s 3988,1080000.0,0.468,-0.065,0.487,-0.461,20919,45
4895,7618,116,s 3990,990000.0,0.464,0.309,0.461,0.34,41302,35
4896,7619,116,s 3992,120000.0,0.8,-0.189,0.887,-0.309,41304,49
4897,7620,116,s 3993,980000.0,0.8,-0.189,0.887,-0.309,41304,49
4898,7621,116,s 3994,10000.0,0.357,-0.042,0.293,-0.144,14226,31
4899,7622,116,s 3995,36720000.0,0.43,0.223,0.371,0.295,29754,37
4900,7623,116,s 3996,100000.0,0.371,-0.208,0.384,-0.362,29386,24
4901,7624,116,s 3997,4479733.0,0.371,-0.208,0.384,-0.362,29386,24
4902,7625,116,s 3998,730000.0,0.45,0.345,0.41,0.15,41707,46
4903,7626,116,s 3999,66600.0,-0.162,-0.2,-0.178,-0.375,41300,2
4904,7627,116,s 4,105000.0,-0.709,-0.105,-0.693,-0.068,41701,71
4905,7628,116,s 40,160000.0,0.536,0.221,0.58,0.329,40707,68
4906,7629,116,s 4001,183918.0,0.629,-0.003,0.682,-0.006,21173,48
4907,7630,116,s 4003,1584800.0,-0.366,-0.119,-0.32,-0.119,29373,12
4908,7631,116,s 4004,989000.0,0.61,-0.17,0.549,-0.215,41102,43
4909,7632,116,s 4006,200000.0,-0.234,0.022,-0.258,-0.081,41702,4
4910,7633,116,s 4008,960000.0,-0.313,0.166,-0.292,0.12,40703,14
4911,7634,116,s 4010,15530000.0,-0.313,0.166,-0.292,0.12,40703,14
4912,7635,116,s 4011,250000.0,-0.514,-0.465,-0.398,-0.538,14435,3
4913,7636,116,s 4012,9734510.0,0.376,0.349,0.399,0.379,29534,46
4914,7637,116,s 4013,40000.0,-0.751,-0.337,-0.718,-0.066,41301,3
4915,7638,116,s 4014,4610000.0,-0.32,-0.227,-0.363,-0.124,15408,52
4916,7639,116,s 4015,3245000.0,0.43,0.223,0.371,0.295,29754,37
4917,7640,116,s 4017,30000.0,0.392,0.445,0.294,0.367,41107,36
4918,7641,116,s 4019,690000.0,-0.514,-0.465,-0.398,-0.538,14435,3
4919,7642,116,s 402,44726.25,-0.352,-0.303,-0.39,-0.34,49308,73
4920,7643,116,s 4021,1715000.0,0.376,0.349,0.399,0.379,29534,46
4921,7644,116,s 4024,860000.0,0.562,-0.075,0.68,-0.379,41501,44
4922,7645,116,s 403,4305250.0,-0.355,-0.086,-0.382,-0.438,40704,5
4923,7646,116,s 4031,3177000.0,0.345,0.027,0.321,0.006,21501,61
4924,7647,116,s 4032,1230406.58,0.604,0.141,0.535,0.154,21166,53
4925,7648,116,s 4033,4812775.0,-0.283,-0.357,-0.3,-0.135,40700,33
4926,7649,116,s 4034,475000.0,-0.348,-0.304,-0.169,-0.806,15021,21
4927,7650,116,s 4037,1840000.0,0.555,-0.203,0.556,-0.201,41904,44
4928,7651,116,s 4038,2279963.0,-0.583,-0.276,-0.47,-0.623,41308,12
4929,7652,116,s 404,43693.0,-0.33,-0.027,-0.263,-0.085,20930,66
4930,7653,116,s 4040,200000.0,0.555,-0.203,0.556,-0.201,41904,44
4931,7654,116,s 4041,4552916.0,0.472,-0.078,0.472,0.111,40305,49
4932,7655,116,s 4042,1261006.0,-0.442,-0.739,-0.382,-0.584,40908,72
4933,7656,116,s 4043,360000.0,-0.268,-0.184,-0.29,0.1,49300,71
4934,7657,116,s 4046,80000.0,-0.442,-0.739,-0.382,-0.584,40908,72
4935,7658,116,s 4048,56000.0,-0.709,-0.105,-0.693,-0.068,41701,71
4936,7659,116,s 4049,263653652.24,0.552,0.045,0.486,-0.235,15424,53
4937,7660,116,s 405,1220000.0,-0.343,-0.017,-0.314,-0.111,29732,23
4938,7661,116,s 4051,9480000.0,0.37,-0.277,0.411,0.05,29566,48
4939,7662,116,s 4054,170000.0,0.413,-0.09,0.357,-0.079,14852,32
4940,7663,116,s 4055,6840000.0,-0.348,-0.304,-0.169,-0.806,15021,21
4941,7664,116,s 4059,60000.0,-0.397,-0.073,-0.346,-0.123,41706,33
4942,7665,116,s 4060,3112863.0,-0.397,-0.073,-0.346,-0.123,41706,33
4943,7666,116,s 4061,6094285.0,0.472,-0.078,0.472,0.111,40305,49
4944,7667,116,s 4066,19633704.5,-0.444,-0.103,-0.637,0.385,41112,82
4945,7668,116,s 4067,730000.0,-0.348,-0.304,-0.169,-0.806,15021,21
4946,7669,116,s 4068,90000.0,-0.436,-0.162,-0.372,-0.127,41101,1
4947,7670,116,s 407,1491091.0,0.392,0.445,0.294,0.367,41107,36
4948,7671,116,s 4071,1140000.0,0.61,-0.17,0.549,-0.215,41102,43
4949,7672,116,s 4073,2459436.0,-0.32,-0.227,-0.363,-0.124,15408,52
4950,7673,116,s 4074,90000.0,0.891,-0.454,0.933,-0.359,41104,51
4951,7674,116,s 4075,40000.0,0.278,0.132,0.229,-0.122,20146,56
4952,7675,116,s 4077,630069.0,0.371,-0.208,0.384,-0.362,29386,24
4953,7676,116,s 4078,654399.0,-0.33,-0.482,-0.355,-0.423,14871,72
4954,7677,116,s 4079,60000.0,0.61,-0.17,0.549,-0.215,41102,43
4955,7678,116,s 4081,680000.0,-0.343,-0.017,-0.314,-0.111,29732,23
4956,7679,116,s 4083,1000000.0,-0.392,-0.208,-0.406,-0.368,20330,52
4957,7680,116,s 4084,45000.0,-0.514,-0.465,-0.398,-0.538,14435,3
4958,7681,116,s 4088,1158864.0,-0.426,-0.102,-0.302,-0.204,29389,24
4959,7682,116,s 4089,4356615.0,-0.348,-0.304,-0.169,-0.806,15021,21
4960,7683,116,s 4090,60000.0,0.392,0.445,0.294,0.367,41107,36
4961,7684,116,s 4094,450000.0,-0.436,-0.162,-0.372,-0.127,41101,1
4962,7685,116,s 4095,3106684.0,-0.33,-0.482,-0.355,-0.423,14871,72
4963,7686,116,s 4096,1330000.0,0.633,-0.142,0.645,-0.229,41111,25
4964,7687,116,s 4098,1305072.0,-0.366,-0.119,-0.32,-0.119,29373,12
4965,7688,116,s 4099,400000.0,-0.361,0.323,-0.395,0.345,41700,65
4966,7689,116,s 4100,460000.0,-0.272,-0.206,-0.316,-0.094,20707,1
4967,7690,116,s 4102,210000.0,-0.436,-0.162,-0.372,-0.127,41101,1
4968,7691,116,s 4103,740000.0,0.371,-0.208,0.384,-0.362,29386,24
4969,7692,116,s 4104,40000.0,0.891,-0.454,0.933,-0.359,41104,51
4970,7693,116,s 4106,90000.0,0.8,0.6,0.837,0.335,41900,22
4971,7694,116,s 4108,3904778.0,-0.313,0.166,-0.292,0.12,40703,14
4972,7695,116,s 4110,230000.0,0.61,-0.17,0.549,-0.215,41102,43
4973,7696,116,s 4112,2700999.0,-0.352,-0.303,-0.39,-0.34,49308,73
4974,7697,116,s 4113,840000.0,-0.231,-0.163,-0.211,-0.129,40910,62
4975,7698,116,s 4116,14811352.58,-0.32,-0.227,-0.363,-0.124,15408,52
4976,7699,116,s 4117,16952311.0,0.401,0.379,0.35,0.356,21350,36
4977,7700,116,s 4120,30000.0,-0.514,-0.465,-0.398,-0.538,14435,3
4978,7701,116,s 4121,30000.0,-0.514,-0.465,-0.398,-0.538,14435,3
4979,7702,116,s 4122,30000.0,-0.514,-0.465,-0.398,-0.538,14435,3
4980,7703,116,s 4123,110000.0,-0.514,-0.465,-0.398,-0.538,14435,3
4981,7704,116,s 4127,40000.0,0.55,0.398,0.533,0.592,40902,63
4982,7705,116,s 4129,5538945.0,0.376,0.349,0.399,0.379,29534,46
4983,7706,116,s 4130,7035000.0,0.595,0.152,0.642,0.202,21301,42
4984,7707,116,s 4131,1590000.0,-0.283,-0.357,-0.3,-0.135,40700,33
4985,7708,116,s 4133,1500000.0,0.633,-0.142,0.645,-0.229,41111,25
4986,7709,116,s 4134,4835000.0,0.472,-0.078,0.472,0.111,40305,49
4987,7710,116,s 4139,858574.0,-0.348,-0.304,-0.169,-0.806,15021,21
4988,7711,116,s 4144,100000.0,0.376,0.349,0.399,0.379,29534,46
4989,7712,116,s 4145,1102500.0,-0.366,-0.119,-0.32,-0.119,29373,12
4990,7713,116,s 4148,2460000.0,0.633,-0.142,0.645,-0.229,41111,25
4991,7714,116,s 4150,2264974.0,-0.367,-0.173,-0.315,-0.345,29142,5
4992,7715,116,s 4151,0.0,0.392,0.445,0.294,0.367,41107,36
4993,7716,116,s 4152,550000.0,0.392,0.445,0.294,0.367,41107,36
4994,7717,116,s 4156,30000.0,0.552,0.045,0.486,-0.235,15424,53
4995,7718,116,s 4159,11732500.0,0.43,0.223,0.371,0.295,29754,37
4996,7719,116,s 416,170000.0,-0.32,-0.227,-0.363,-0.124,15408,52
4997,7720,116,s 4160,1705347.0,0.43,0.223,0.371,0.295,29754,37
4998,7721,116,s 4162,1830000.0,0.464,0.309,0.461,0.34,41302,35
4999,7722,116,s 4163,1410000.0,0.444,-0.029,0.508,0.092,21112,62
5000,7723,116,s 4165,80000.0,0.633,-0.142,0.645,-0.229,41111,25
5001,7724,116,s 4167,1220000.0,-0.444,-0.103,-0.637,0.385,41112,82
5002,7725,116,s 4171,2760000.0,-0.162,-0.2,-0.178,-0.375,41300,2
5003,7726,116,s 4172,270000.0,-0.426,-0.102,-0.302,-0.204,29389,24
5004,7727,116,s 4173,1333485.0,0.118,-0.53,0.132,-0.772,49703,2
5005,7728,116,s 4174,11093147.0,0.118,-0.53,0.132,-0.772,49703,2
5006,7729,116,s 4177,230735.0,-0.366,-0.119,-0.32,-0.119,29373,12
5007,7730,116,s 4178,5248746.0,-0.105,0.076,-0.12,-0.093,21300,61
5008,7731,116,s 4179,390000.0,-0.283,-0.357,-0.3,-0.135,40700,33
5009,7732,116,s 4180,1510000.0,-0.245,-0.066,-0.245,-0.041,41305,40
5010,7733,116,s 4181,206830.0,-0.367,-0.173,-0.315,-0.345,29142,5
5011,7734,116,s 4182,24000.0,0.357,-0.042,0.293,-0.144,14226,31
5012,7735,116,s 4183,3086293.0,-0.268,-0.184,-0.29,0.1,49300,71
5013,7736,116,s 4184,16051.0,-0.751,-0.337,-0.718,-0.066,41301,3
5014,7737,116,s 4185,5400000.0,0.376,0.349,0.399,0.379,29534,46
5015,7738,116,s 4186,415000.0,-0.232,-0.212,-0.396,0.09,40916,11
5016,7739,116,s 4187,578465.0,-0.436,-0.162,-0.372,-0.127,41101,1
5017,7740,116,s 4188,100000.0,-0.709,-0.105,-0.693,-0.068,41701,71
5018,7741,116,s 4190,3640000.0,-0.442,-0.739,-0.382,-0.584,40908,72
5019,7742,116,s 4192,1563466.0,-0.751,-0.337,-0.718,-0.066,41301,3
5020,7743,116,s 4193,722500.0,-0.246,-0.184,-0.178,-0.133,20923,23
5021,7744,116,s 4194,30000.0,-0.246,-0.184,-0.178,-0.133,20923,23
5022,7745,116,s 4195,40000.0,-0.288,0.322,-0.244,0.213,21743,65
5023,7746,116,s 4198,153000.0,0.671,0.168,0.547,0.065,41903,43
5024,7747,116,s 4199,4537118.0,0.357,-0.042,0.293,-0.144,14226,31
5025,7748,116,s 42,3960133.0,-0.272,-0.206,-0.316,-0.094,20707,1
5026,7749,116,s 420,30000.0,-0.33,-0.482,-0.355,-0.423,14871,72
5027,7750,116,s 4200,40000.0,0.371,-0.208,0.384,-0.362,29386,24
5028,7751,116,s 4201,8190000.0,0.371,-0.208,0.384,-0.362,29386,24
5029,7752,116,s 4202,467171.0,-0.348,-0.304,-0.169,-0.806,15021,21
5030,7753,116,s 4203,4200000.0,0.376,0.349,0.399,0.379,29534,46
5031,7754,116,s 4205,907701.0,-0.348,-0.304,-0.169,-0.806,15021,21
5032,7755,116,s 4209,723115.58,0.629,-0.003,0.682,-0.006,21173,48
5033,7756,116,s 4211,85000.0,0.483,0.107,0.46,0.144,41500,81
5034,7757,116,s 4213,1023899.0,0.535,-0.022,0.505,0.042,41502,31
5035,7758,116,s 4214,9150859.0,0.371,-0.208,0.384,-0.362,29386,24
5036,7759,116,s 422,100000.0,-0.33,-0.482,-0.355,-0.423,14871,72
5037,7760,116,s 4221,510000.0,0.535,-0.022,0.505,0.042,41502,31
5038,7761,116,s 4223,186287.0,-0.214,0.169,-0.278,0.563,40702,64
5039,7762,116,s 4224,70000.0,-0.105,0.076,-0.12,-0.093,21300,61
5040,7763,116,s 4225,0.0,0.545,0.199,0.491,0.042,49706,68
5041,7764,116,s 4227,10000.0,-0.288,0.322,-0.244,0.213,21743,65
5042,7765,116,s 4230,210000.0,-0.33,-0.482,-0.355,-0.423,14871,72
5043,7766,116,s 4231,553671.0,0.324,-0.176,0.352,-0.222,40304,54
5044,7767,116,s 4232,20000.0,-0.33,-0.027,-0.263,-0.085,20930,66
5045,7768,116,s 4233,0.0,0.118,-0.53,0.132,-0.772,49703,2
5046,7769,116,s 4236,70000.0,0.633,-0.142,0.645,-0.229,41111,25
5047,7770,116,s 4239,4070000.0,0.585,-0.027,0.485,-0.107,21338,64
5048,7771,116,s 4241,30000.0,0.767,-0.219,0.618,-0.383,41901,34
5049,7772,116,s 4246,80039.87,-0.352,-0.303,-0.39,-0.34,49308,73
5050,7773,116,s 4247,1670000.0,0.324,-0.176,0.352,-0.222,40304,54
5051,7774,116,s 4248,995000.0,-0.709,-0.105,-0.693,-0.068,41701,71
5052,7775,116,s 4249,20000.0,0.398,-0.11,0.443,-0.064,41504,47
5053,7776,116,s 4254,50000.0,-0.231,-0.163,-0.211,-0.129,40910,62
5054,7777,116,s 4255,1952364.0,-0.206,-0.053,-0.218,-0.105,40909,40
5055,7778,116,s 4258,3644321.0,0.472,-0.078,0.472,0.111,40305,49
5056,7779,116,s 4259,770000.0,0.629,-0.003,0.682,-0.006,21173,48
5057,7780,116,s 426,1330000.0,-0.444,-0.103,-0.637,0.385,41112,82
5058,7781,116,s 4262,80000.0,-0.366,-0.119,-0.32,-0.119,29373,12
5059,7782,116,s 4263,2206482.0,-0.36,-0.121,-0.419,-0.04,14307,6
5060,7783,116,s 4264,1855000.0,0.37,-0.277,0.411,0.05,29566,48
5061,7784,116,s 4268,30000.0,-0.234,0.022,-0.258,-0.081,41702,4
5062,7785,116,s 4269,120000.0,-0.245,-0.066,-0.245,-0.041,41305,40
5063,7786,116,s 427,15000.0,-0.366,-0.119,-0.32,-0.119,29373,12
5064,7787,116,s 4272,230000.0,0.55,0.398,0.533,0.592,40902,63
5065,7788,116,s 4278,60000.0,-0.514,-0.465,-0.398,-0.538,14435,3
5066,7789,116,s 428,110000.0,-0.283,-0.357,-0.3,-0.135,40700,33
5067,7790,116,s 4284,18000.0,0.629,-0.003,0.682,-0.006,21173,48
5068,7791,116,s 4285,14800.0,-0.058,0.402,-0.114,0.629,40915,56
5069,7792,116,s 4286,3772189.0,-0.514,-0.465,-0.398,-0.538,14435,3
5070,7793,116,s 4288,20000.0,-0.214,0.169,-0.278,0.563,40702,64
5071,7794,116,s 4290,2213962.0,0.472,-0.078,0.472,0.111,40305,49
5072,7795,116,s 4291,100000.0,0.444,-0.029,0.508,0.092,21112,62
5073,7796,116,s 4295,3715000.0,0.891,-0.454,0.933,-0.359,41104,51
5074,7797,116,s 4297,2090000.0,0.8,-0.189,0.887,-0.309,41304,49
5075,7798,116,s 4298,155000.0,0.416,0.214,0.433,0.247,29722,32
5076,7799,116,s 4299,1240000.0,-0.361,0.323,-0.395,0.345,41700,65
5077,7800,116,s 4307,80000.0,-0.352,-0.303,-0.39,-0.34,49308,73
5078,7801,116,s 4308,466664.0,-0.105,0.076,-0.12,-0.093,21300,61
5079,7802,116,s 431,815000.0,-0.492,-0.133,-0.526,-0.414,29940,25
5080,7803,116,s 4315,1013715.0,-0.162,-0.2,-0.178,-0.375,41300,2
5081,7804,116,s 4317,41138543.0,0.472,-0.078,0.472,0.111,40305,49
5082,7805,116,s 4318,36925715.0,0.357,-0.042,0.293,-0.144,14226,31
5083,7806,116,s 4319,6160000.0,0.629,-0.003,0.682,-0.006,21173,48
5084,7807,116,s 4320,11851223.0,0.013,0.658,0.007,0.734,14659,41
5085,7808,116,s 4321,16815715.0,0.61,-0.17,0.549,-0.215,41102,43
5086,7809,116,s 4322,7038332.0,0.324,-0.176,0.352,-0.222,40304,54
5087,7810,116,s 4323,5380000.0,0.29,0.308,0.39,0.705,41902,67
5088,7811,116,s 4324,9740000.0,0.37,-0.277,0.411,0.05,29566,48
5089,7812,116,s 4325,2880000.0,0.629,-0.003,0.682,-0.006,21173,48
5090,7813,116,s 4329,91441.0,0.345,0.027,0.321,0.006,21501,61
5091,7814,116,s 433,5972566.0,0.118,-0.53,0.132,-0.772,49703,2
5092,7815,116,s 4331,690000.0,-0.751,-0.337,-0.718,-0.066,41301,3
5093,7816,116,s 4332,20000.0,0.345,0.027,0.321,0.006,21501,61
5094,7817,116,s 4338,1113574.0,-0.583,-0.276,-0.47,-0.623,41308,12
5095,7818,116,s 4339,80000.0,-0.539,-0.406,-0.481,-0.753,29147,6
5096,7819,116,s 4341,20000.0,-0.105,0.076,-0.12,-0.093,21300,61
5097,7820,116,s 4343,1965000.0,0.628,0.147,0.576,0.181,20351,54
5098,7821,116,s 4344,660000.0,-0.214,0.169,-0.278,0.563,40702,64
5099,7822,116,s 4349,5255700.0,-0.245,-0.066,-0.245,-0.041,41305,40
5100,7823,116,s 435,1856482.0,-0.179,-0.226,-0.109,-0.26,15015,11
5101,7824,116,s 4357,2078688.0,-0.453,0.161,-0.453,0.248,29924,66
5102,7825,116,s 4359,130000.0,-0.232,-0.212,-0.396,0.09,40916,11
5103,7826,116,s 436,3297179.0,-0.392,-0.208,-0.406,-0.368,20330,52
5104,7827,116,s 4360,1092500.0,-0.272,-0.206,-0.316,-0.094,20707,1
5105,7828,116,s 4361,100000.0,-0.367,-0.173,-0.315,-0.345,29142,5
5106,7829,116,s 4362,160000.0,-0.442,-0.739,-0.382,-0.584,40908,72
5107,7830,116,s 4365,20000.0,0.425,0.334,0.367,0.168,20101,42
5108,7831,116,s 4367,250000.0,0.891,-0.454,0.933,-0.359,41104,51
5109,7832,116,s 4368,10000.0,-0.426,-0.102,-0.302,-0.204,29389,24
5110,7833,116,s 4369,50000.0,-0.336,0.091,-0.274,0.006,21325,21
5111,7834,116,s 437,120532.0,-0.366,-0.119,-0.32,-0.119,29373,12
5112,7835,116,s 4370,280000.0,0.357,-0.042,0.293,-0.144,14226,31
5113,7836,116,s 4375,4834167.0,0.324,-0.176,0.352,-0.222,40304,54
5114,7837,116,s 4376,3412000.0,0.8,-0.189,0.887,-0.309,41304,49
5115,7838,116,s 4378,30000.0,0.29,0.308,0.39,0.705,41902,67
5116,7839,116,s 4381,270000.0,0.468,-0.065,0.487,-0.461,20919,45
5117,7840,116,s 4386,40000.0,-0.397,-0.073,-0.346,-0.123,41706,33
5118,7841,116,s 4387,40000.0,-0.246,-0.184,-0.178,-0.133,20923,23
5119,7842,116,s 4393,304100.0,0.398,-0.11,0.443,-0.064,41504,47
5120,7843,116,s 4394,3180000.0,-0.513,-0.083,-0.521,-0.007,20713,82
5121,7844,116,s 4395,760000.0,-0.442,-0.739,-0.382,-0.584,40908,72
5122,7845,116,s 4396,528687.0,-0.442,-0.739,-0.382,-0.584,40908,72
5123,7846,116,s 4397,330000.0,-0.709,-0.105,-0.693,-0.068,41701,71
5124,7847,116,s 4398,220000.0,-0.366,-0.119,-0.32,-0.119,29373,12
5125,7848,116,s 440,340000.0,0.595,0.152,0.642,0.202,21301,42
5126,7849,116,s 4401,760000.0,-0.709,-0.105,-0.693,-0.068,41701,71
5127,7850,116,s 4402,870000.0,0.472,-0.078,0.472,0.111,40305,49
5128,7851,116,s 4405,260000.0,-0.392,-0.208,-0.406,-0.368,20330,52
5129,7852,116,s 4406,2658504.0,-0.453,0.161,-0.453,0.248,29924,66
5130,7853,116,s 4407,50000.0,-0.348,-0.304,-0.169,-0.806,15021,21
5131,7854,116,s 4408,4338945.0,-0.234,0.022,-0.258,-0.081,41702,4
5132,7855,116,s 4421,8289231.0,-0.272,-0.206,-0.316,-0.094,20707,1
5133,7856,116,s 4422,2310000.0,0.376,0.349,0.399,0.379,29534,46
5134,7857,116,s 4423,834680.0,-0.426,-0.102,-0.302,-0.204,29389,24
5135,7858,116,s 4424,0.0,0.555,-0.203,0.556,-0.201,41904,44
5136,7859,116,s 4427,520000.0,-0.234,0.022,-0.258,-0.081,41702,4
5137,7860,116,s 4428,110000.0,0.371,-0.208,0.384,-0.362,29386,24
5138,7861,116,s 4430,54364.0,-0.444,-0.103,-0.637,0.385,41112,82
5139,7862,116,s 4431,2616287.0,-0.268,-0.184,-0.29,0.1,49300,71
5140,7863,116,s 4432,220000.0,0.891,-0.454,0.933,-0.359,41104,51
5141,7864,116,s 4433,100000.0,0.472,-0.078,0.472,0.111,40305,49
5142,7865,116,s 4436,530000.0,0.447,-0.048,0.543,0.075,21133,22
5143,7866,116,s 4440,940000.0,-0.397,-0.073,-0.346,-0.123,41706,33
5144,7867,116,s 4441,30000.0,-0.33,-0.482,-0.355,-0.423,14871,72
5145,7868,116,s 4442,1394321.0,-0.206,-0.053,-0.218,-0.105,40909,40
5146,7869,116,s 4443,60000.0,-0.436,-0.162,-0.372,-0.127,41101,1
5147,7870,116,s 4444,120000.0,0.43,0.223,0.371,0.295,29754,37
5148,7871,116,s 4449,590000.0,-0.206,-0.053,-0.218,-0.105,40909,40
5149,7872,116,s 4451,2310062.0,-0.343,-0.017,-0.314,-0.111,29732,23
5150,7873,116,s 4453,30000.0,-0.343,-0.017,-0.314,-0.111,29732,23
5151,7874,116,s 4456,100000.0,-0.234,0.022,-0.258,-0.081,41702,4
5152,7875,116,s 4462,160000.0,0.376,0.349,0.399,0.379,29534,46
5153,7876,116,s 4463,300000.0,0.401,0.379,0.35,0.356,21350,36
5154,7877,116,s 4467,160000.0,0.61,-0.17,0.549,-0.215,41102,43
5155,7878,116,s 4469,310000.0,-0.397,-0.073,-0.346,-0.123,41706,33
5156,7879,116,s 447,30000.0,-0.366,-0.119,-0.32,-0.119,29373,12
5157,7880,116,s 4470,48000.0,-0.214,0.169,-0.278,0.563,40702,64
5158,7881,116,s 4471,490000.0,-0.583,-0.276,-0.47,-0.623,41308,12
5159,7882,116,s 4472,2030000.0,-0.246,-0.184,-0.178,-0.133,20923,23
5160,7883,116,s 4473,5549375.0,-0.33,-0.482,-0.355,-0.423,14871,72
5161,7884,116,s 4475,60000.0,-0.105,0.076,-0.12,-0.093,21300,61
5162,7885,116,s 4476,16111.0,-0.268,-0.184,-0.29,0.1,49300,71
5163,7886,116,s 4479,930000.0,0.398,-0.11,0.443,-0.064,41504,47
5164,7887,116,s 448,1020000.0,-0.751,-0.337,-0.718,-0.066,41301,3
5165,7888,116,s 4480,710000.0,-0.583,-0.276,-0.47,-0.623,41308,12
5166,7889,116,s 4481,180000.0,0.43,0.223,0.371,0.295,29754,37
5167,7890,116,s 4482,1292836.0,-0.583,-0.276,-0.47,-0.623,41308,12
5168,7891,116,s 4483,120000.0,0.595,0.152,0.642,0.202,21301,42
5169,7892,116,s 4497,2210000.0,0.624,-0.378,0.631,-0.3,29935,14
5170,7893,116,s 45,130000.0,-0.367,-0.173,-0.315,-0.345,29142,5
5171,7894,116,s 4504,0.0,0.118,-0.53,0.132,-0.772,49703,2
5172,7895,116,s 4505,220000.0,0.8,-0.189,0.887,-0.309,41304,49
5173,7896,116,s 4507,16051.0,-0.206,-0.053,-0.218,-0.105,40909,40
5174,7897,116,s 451,240000.0,-0.336,0.091,-0.274,0.006,21325,21
5175,7898,116,s 4510,10000.0,-0.444,-0.103,-0.637,0.385,41112,82
5176,7899,116,s 4511,188000.0,0.416,0.214,0.433,0.247,29722,32
5177,7900,116,s 4514,310000.0,-0.238,-0.135,-0.293,-0.326,40906,4
5178,7901,116,s 4518,20000.0,-0.392,-0.208,-0.406,-0.368,20330,52
5179,7902,116,s 4519,60000.0,-0.709,-0.105,-0.693,-0.068,41701,71
5180,7903,116,s 452,17354671.0,0.398,-0.11,0.443,-0.064,41504,47
5181,7904,116,s 4521,80000.0,-0.206,-0.053,-0.218,-0.105,40909,40
5182,7905,116,s 4522,1292836.0,0.392,0.445,0.294,0.367,41107,36
5183,7906,116,s 4524,846600.0,-0.179,-0.226,-0.109,-0.26,15015,11
5184,7907,116,s 4525,5672898.02,0.628,0.147,0.576,0.181,20351,54
5185,7908,116,s 4526,164762.0,-0.513,-0.083,-0.521,-0.007,20713,82
5186,7909,116,s 4527,80000.0,-0.246,-0.184,-0.178,-0.133,20923,23
5187,7910,116,s 4528,210000.0,-0.366,-0.119,-0.32,-0.119,29373,12
5188,7911,116,s 4530,80000.0,-0.268,-0.184,-0.29,0.1,49300,71
5189,7912,116,s 4533,152500.0,-0.751,-0.337,-0.718,-0.066,41301,3
5190,7913,116,s 4534,7640000.0,0.376,0.349,0.399,0.379,29534,46
5191,7914,116,s 4536,153570.0,-0.751,-0.337,-0.718,-0.066,41301,3
5192,7915,116,s 4537,3720000.0,0.8,-0.189,0.887,-0.309,41304,49
5193,7916,116,s 4539,80000.0,-0.442,-0.739,-0.382,-0.584,40908,72
5194,7917,116,s 454,190000.0,0.401,0.379,0.35,0.356,21350,36
5195,7918,116,s 4541,681215.0,-0.442,-0.739,-0.382,-0.584,40908,72
5196,7919,116,s 4547,1185000.0,0.404,0.02,0.299,-0.023,14921,51
5197,7920,116,s 4549,420000.0,-0.348,-0.304,-0.169,-0.806,15021,21
5198,7921,116,s 4550,10000.0,0.595,0.152,0.642,0.202,21301,42
5199,7922,116,s 4555,50000.0,-0.33,-0.482,-0.355,-0.423,14871,72
5200,7923,116,s 4557,491000.0,-0.492,-0.133,-0.526,-0.414,29940,25
5201,7924,116,s 4565,260000.0,0.376,0.349,0.399,0.379,29534,46
5202,7925,116,s 4566,30000.0,-0.751,-0.337,-0.718,-0.066,41301,3
5203,7926,116,s 4568,60000.0,0.376,0.349,0.399,0.379,29534,46
5204,7927,116,s 457,70000.0,0.472,-0.078,0.472,0.111,40305,49
5205,7928,116,s 4571,6521197.0,-0.444,-0.103,-0.637,0.385,41112,82
5206,7929,116,s 4574,6960000.0,0.447,-0.048,0.543,0.075,21133,22
5207,7930,116,s 4577,590000.0,0.628,0.147,0.576,0.181,20351,54
5208,7931,116,s 4578,90000.0,0.371,-0.208,0.384,-0.362,29386,24
5209,7932,116,s 458,229930.0,-0.348,-0.304,-0.169,-0.806,15021,21
5210,7933,116,s 4583,80000.0,-0.366,-0.119,-0.32,-0.119,29373,12
5211,7934,116,s 4584,405000.0,-0.343,-0.017,-0.314,-0.111,29732,23
5212,7935,116,s 4585,2956293.0,-0.246,-0.184,-0.178,-0.133,20923,23
5213,7936,116,s 4586,30000.0,0.629,-0.003,0.682,-0.006,21173,48
5214,7937,116,s 4587,20000.0,0.37,-0.277,0.411,0.05,29566,48
5215,7938,116,s 4589,616287.0,0.536,0.221,0.58,0.329,40707,68
5216,7939,116,s 4592,80000.0,0.671,0.168,0.547,0.065,41903,43
5217,7940,116,s 4597,455000.0,0.555,-0.111,0.482,0.462,41703,45
5218,7941,116,s 4598,60000.0,-0.288,0.322,-0.244,0.213,21743,65
5219,7942,116,s 460,8190000.0,-0.206,-0.053,-0.218,-0.105,40909,40
5220,7943,116,s 4601,185000.0,0.8,0.6,0.837,0.335,41900,22
5221,7944,116,s 4602,0.0,0.555,-0.111,0.482,0.462,41703,45
5222,7945,116,s 4608,860000.0,0.891,-0.454,0.935,-0.354,41110,67
5223,7946,116,s 4612,30000.0,-0.268,-0.184,-0.29,0.1,49300,71
5224,7947,116,s 4613,4240000.0,0.425,0.334,0.367,0.168,20101,42
5225,7948,116,s 4614,1872500.0,-0.469,-0.403,-0.187,0.301,20735,13
5226,7949,116,s 4615,20000.0,-0.162,-0.2,-0.178,-0.375,41300,2
5227,7950,116,s 4617,0.0,-0.583,-0.276,-0.47,-0.623,41308,12
5228,7951,116,s 462,40000.0,-0.426,-0.102,-0.302,-0.204,29389,24
5229,7952,116,s 4621,54364.0,-0.33,-0.482,-0.355,-0.423,14871,72
5230,7953,116,s 4622,156994.0,-0.232,-0.212,-0.396,0.09,40916,11
5231,7954,116,s 4623,4220000.0,-0.305,-0.408,-0.248,-0.276,39310,73
5232,7955,116,s 4624,250000.0,-0.232,-0.212,-0.396,0.09,40916,11
5233,7956,116,s 4625,60000.0,-0.33,-0.482,-0.355,-0.423,14871,72
5234,7957,116,s 4626,30823000.0,0.376,0.349,0.399,0.379,29534,46
5235,7958,116,s 4628,27000.0,0.357,-0.042,0.293,-0.144,14226,31
5236,7959,116,s 4629,1500000.0,-0.366,-0.119,-0.32,-0.119,29373,12
5237,7960,116,s 463,12489763.0,-0.469,-0.403,-0.187,0.301,20735,13
5238,7961,116,s 4632,3219231.0,0.37,-0.277,0.411,0.05,29566,48
5239,7962,116,s 4634,6140000.0,0.376,0.349,0.399,0.379,29534,46
5240,7963,116,s 4640,1591215.0,-0.231,-0.163,-0.211,-0.129,40910,62
5241,7964,116,s 4641,156287.0,-0.231,-0.163,-0.211,-0.129,40910,62
5242,7965,116,s 4642,156287.0,-0.231,-0.163,-0.211,-0.129,40910,62
5243,7966,116,s 4643,210000.0,-0.238,-0.135,-0.293,-0.326,40906,4
5244,7967,116,s 4644,1800000.0,-0.088,0.187,-0.113,0.108,41705,41
5245,7968,116,s 4645,640000.0,-0.492,-0.133,-0.526,-0.414,29940,25
5246,7969,116,s 4646,220000.0,0.891,-0.454,0.933,-0.359,41104,51
5247,7970,116,s 4647,160000.0,0.464,0.309,0.461,0.34,41302,35
5248,7971,116,s 4649,268000.0,0.555,-0.203,0.556,-0.201,41904,44
5249,7972,116,s 4653,747603.0,-0.355,-0.418,-0.417,-0.377,14858,13
5250,7973,116,s 4658,370000.0,0.604,0.141,0.535,0.154,21166,53
5251,7974,116,s 466,160000.0,-0.206,-0.053,-0.218,-0.105,40909,40
5252,7975,116,s 4663,30000.0,-0.234,0.022,-0.258,-0.081,41702,4
5253,7976,116,s 4665,72500.0,-0.469,-0.403,-0.187,0.301,20735,13
5254,7977,116,s 4666,5930000.0,-0.366,-0.119,-0.32,-0.119,29373,12
5255,7978,116,s 4669,10000.0,0.671,0.168,0.547,0.065,41903,43
5256,7979,116,s 4670,3060000.0,0.416,0.214,0.433,0.247,29722,32
5257,7980,116,s 4672,190000.0,-0.367,-0.173,-0.315,-0.345,29142,5
5258,7981,116,s 4675,1260000.0,0.398,-0.11,0.443,-0.064,41504,47
5259,7982,116,s 4676,404968.0,-0.232,-0.212,-0.396,0.09,40916,11
5260,7983,116,s 4677,140000.0,-0.288,0.322,-0.244,0.213,21743,65
5261,7984,116,s 468,70000.0,0.472,-0.078,0.472,0.111,40305,49
5262,7985,116,s 4681,210000.0,-0.453,0.161,-0.453,0.248,29924,66
5263,7986,116,s 4688,630000.0,-0.33,-0.482,-0.355,-0.423,14871,72
5264,7987,116,s 4689,120000.0,-0.33,-0.482,-0.355,-0.423,14871,72
5265,7988,116,s 4690,100000.0,-0.234,0.022,-0.258,-0.081,41702,4
5266,7989,116,s 4692,180000.0,0.604,0.141,0.535,0.154,21166,53
5267,7990,116,s 4694,680000.0,0.536,0.221,0.58,0.329,40707,68
5268,7991,116,s 4696,250000.0,0.21,-0.316,0.228,-0.18,40300,81
5269,7992,116,s 4699,100000.0,0.61,-0.17,0.549,-0.215,41102,43
5270,7993,116,s 47,590000.0,0.21,-0.316,0.228,-0.18,40300,81
5271,7994,116,s 470,2261965.0,-0.343,-0.017,-0.314,-0.111,29732,23
5272,7995,116,s 4702,60000.0,0.624,-0.378,0.631,-0.3,29935,14
5273,7996,116,s 4705,100000.0,0.468,-0.065,0.487,-0.461,20919,45
5274,7997,116,s 4708,290000.0,0.604,0.141,0.535,0.154,21166,53
5275,7998,116,s 4709,410000.0,0.629,-0.003,0.682,-0.006,21173,48
5276,7999,116,s 471,9235000.0,0.357,-0.042,0.293,-0.144,14226,31
5277,8000,116,s 4711,372000.0,-0.366,-0.119,-0.32,-0.119,29373,12
5278,8001,116,s 4714,2545015.0,-0.348,-0.304,-0.169,-0.806,15021,21
5279,8002,116,s 4717,1275000.0,0.357,-0.042,0.293,-0.144,14226,31
5280,8003,116,s 4718,60000.0,-0.268,-0.184,-0.29,0.1,49300,71
5281,8004,116,s 472,800000.0,-0.514,-0.465,-0.398,-0.538,14435,3
5282,8005,116,s 4720,402000.0,0.464,0.309,0.461,0.34,41302,35
5283,8006,116,s 4722,485000.0,0.464,0.309,0.461,0.34,41302,35
5284,8007,116,s 4723,200000.0,0.376,0.349,0.399,0.379,29534,46
5285,8008,116,s 4725,750000.0,-0.232,-0.212,-0.396,0.09,40916,11
5286,8009,116,s 4729,7360000.0,0.357,-0.042,0.293,-0.144,14226,31
5287,8010,116,s 473,0.0,-0.583,-0.276,-0.47,-0.623,41308,12
5288,8011,116,s 4731,530000.0,-0.288,0.322,-0.244,0.213,21743,65
5289,8012,116,s 4734,84000.0,0.371,-0.208,0.384,-0.362,29386,24
5290,8013,116,s 4737,286500.0,-0.397,-0.073,-0.346,-0.123,41706,33
5291,8014,116,s 4738,3676000.0,-0.352,-0.303,-0.39,-0.34,49308,73
5292,8015,116,s 474,21570000.0,-0.33,-0.482,-0.355,-0.423,14871,72
5293,8016,116,s 4740,1790000.0,-0.352,-0.303,-0.39,-0.34,49308,73
5294,8017,116,s 4741,70000.0,-0.231,-0.163,-0.211,-0.129,40910,62
5295,8018,116,s 4742,390000.0,0.435,-0.07,0.416,0.101,29548,47
5296,8019,116,s 4748,50000.0,-0.336,0.091,-0.274,0.006,21325,21
5297,8020,116,s 4749,921650.0,0.472,-0.078,0.472,0.111,40305,49
5298,8021,116,s 475,3049500.0,-0.33,-0.482,-0.355,-0.423,14871,72
5299,8022,116,s 4751,170000.0,0.585,-0.027,0.485,-0.107,21338,64
5300,8023,116,s 4752,40000.0,-0.751,-0.337,-0.718,-0.066,41301,3
5301,8024,116,s 4755,2190000.0,-0.583,-0.276,-0.47,-0.623,41308,12
5302,8025,116,s 4756,470000.0,0.555,-0.111,0.482,0.462,41703,45
5303,8026,116,s 4757,525000.0,-0.348,-0.304,-0.169,-0.806,15021,21
5304,8027,116,s 4758,1627000.0,-0.058,0.402,-0.114,0.629,40915,56
5305,8028,116,s 476,14642399.0,-0.33,-0.482,-0.355,-0.423,14871,72
5306,8029,116,s 4760,14946000.0,-0.231,-0.163,-0.211,-0.129,40910,62
5307,8030,116,s 4764,30000.0,0.398,-0.11,0.443,-0.064,41504,47
5308,8031,116,s 4769,20000.0,-0.751,-0.337,-0.718,-0.066,41301,3
5309,8032,116,s 4773,837000.0,0.118,-0.53,0.132,-0.772,49703,2
5310,8033,116,s 4774,2340000.0,0.376,0.349,0.399,0.379,29534,46
5311,8034,116,s 4775,15505000.0,0.404,0.02,0.299,-0.023,14921,51
5312,8035,116,s 4777,586000.0,-0.513,-0.083,-0.521,-0.007,20713,82
5313,8036,116,s 4778,130000.0,0.278,0.132,0.229,-0.122,20146,56
5314,8037,116,s 4779,1856482.0,0.447,-0.048,0.543,0.075,21133,22
5315,8038,116,s 478,470000.0,-0.539,-0.406,-0.481,-0.753,29147,6
5316,8039,116,s 4781,360000.0,-0.709,-0.105,-0.693,-0.068,41701,71
5317,8040,116,s 4782,650000.0,-0.33,-0.027,-0.263,-0.085,20930,66
5318,8041,116,s 4784,604658.0,0.357,-0.042,0.293,-0.144,14226,31
5319,8042,116,s 4789,180000.0,0.472,-0.078,0.472,0.111,40305,49
5320,8043,116,s 479,90000.0,0.624,-0.378,0.631,-0.3,29935,14
5321,8044,116,s 4791,95000.0,-0.392,-0.208,-0.406,-0.368,20330,52
5322,8045,116,s 4792,240000.0,0.416,0.214,0.433,0.247,29722,32
5323,8046,116,s 4794,538470.0,-0.397,-0.073,-0.346,-0.123,41706,33
5324,8047,116,s 4795,4178954.0,-0.288,0.322,-0.244,0.213,21743,65
5325,8048,116,s 4796,259229.0,0.8,0.6,0.837,0.335,41900,22
5326,8049,116,s 4798,10000.0,0.8,-0.189,0.887,-0.309,41304,49
5327,8050,116,s 4799,81441.0,0.8,-0.189,0.887,-0.309,41304,49
5328,8051,116,s 4800,600000.0,-0.355,-0.418,-0.417,-0.377,14858,13
5329,8052,116,s 4801,1202500.0,-0.426,-0.102,-0.302,-0.204,29389,24
5330,8053,116,s 4803,7466163.0,0.376,0.349,0.399,0.379,29534,46
5331,8054,116,s 4807,2884000.0,-0.361,0.323,-0.395,0.345,41700,65
5332,8055,116,s 481,377494.0,-0.283,-0.357,-0.3,-0.135,40700,33
5333,8056,116,s 4810,545000.0,-0.392,-0.208,-0.406,-0.368,20330,52
5334,8057,116,s 4817,230000.0,0.61,-0.17,0.549,-0.215,41102,43
5335,8058,116,s 4818,1380000.0,-0.32,-0.227,-0.363,-0.124,15408,52
5336,8059,116,s 4819,222500.0,-0.513,-0.083,-0.521,-0.007,20713,82
5337,8060,116,s 482,26425000.0,0.37,-0.277,0.411,0.05,29566,48
5338,8061,116,s 4820,1130000.0,0.624,-0.378,0.631,-0.3,29935,14
5339,8062,116,s 4821,2134723.0,0.555,-0.111,0.482,0.462,41703,45
5340,8063,116,s 4822,10627156.0,-0.234,0.022,-0.258,-0.081,41702,4
5341,8064,116,s 4825,50000.0,-0.367,-0.173,-0.315,-0.345,29142,5
5342,8065,116,s 4827,1090000.0,0.376,0.349,0.399,0.379,29534,46
5343,8066,116,s 4828,20000.0,0.555,-0.203,0.556,-0.201,41904,44
5344,8067,116,s 483,1034000.0,0.413,-0.09,0.357,-0.079,14852,32
5345,8068,116,s 4831,30000.0,-0.513,-0.083,-0.521,-0.007,20713,82
5346,8069,116,s 4838,688309.0,0.416,0.214,0.433,0.247,29722,32
5347,8070,116,s 4840,5115407.0,0.413,-0.09,0.357,-0.079,14852,32
5348,8071,116,s 4841,30000.0,-0.392,-0.208,-0.406,-0.368,20330,52
5349,8072,116,s 4847,790000.0,-0.283,-0.357,-0.3,-0.135,40700,33
5350,8073,116,s 4848,1430000.0,-0.232,-0.212,-0.396,0.09,40916,11
5351,8074,116,s 4854,440000.0,0.118,-0.53,0.132,-0.772,49703,2
5352,8075,116,s 4859,50000.0,0.468,-0.065,0.487,-0.461,20919,45
5353,8076,116,s 4860,360000.0,0.371,-0.208,0.384,-0.362,29386,24
5354,8077,116,s 4861,30000.0,0.357,-0.042,0.293,-0.144,14226,31
5355,8078,116,s 4864,50000.0,-0.426,-0.102,-0.302,-0.204,29389,24
5356,8079,116,s 4865,380000.0,-0.426,-0.102,-0.302,-0.204,29389,24
5357,8080,116,s 4867,148681.0,-0.232,-0.212,-0.396,0.09,40916,11
5358,8081,116,s 4868,1170000.0,0.21,-0.316,0.228,-0.18,40300,81
5359,8082,116,s 487,700000.0,-0.355,-0.086,-0.382,-0.438,40704,5
5360,8083,116,s 4870,60000.0,-0.426,-0.102,-0.302,-0.204,29389,24
5361,8084,116,s 4875,960000.0,0.891,-0.454,0.935,-0.354,41110,67
5362,8085,116,s 488,44000.0,-0.709,-0.105,-0.693,-0.068,41701,71
5363,8086,116,s 4880,664160.0,-0.283,-0.357,-0.3,-0.135,40700,33
5364,8087,116,s 4885,960000.0,0.628,0.147,0.576,0.181,20351,54
5365,8088,116,s 4887,0.0,-0.539,-0.406,-0.481,-0.753,29147,6
5366,8089,116,s 4889,70000.0,0.21,-0.316,0.228,-0.18,40300,81
5367,8090,116,s 489,88000.0,-0.444,-0.103,-0.637,0.385,41112,82
5368,8091,116,s 4891,50000.0,0.21,-0.316,0.228,-0.18,40300,81
5369,8092,116,s 4894,1180000.0,-0.058,0.402,-0.114,0.629,40915,56
5370,8093,116,s 4897,3820070.0,0.536,0.221,0.58,0.329,40707,68
5371,8094,116,s 4898,150000.0,0.21,-0.316,0.228,-0.18,40300,81
5372,8095,116,s 49,0.0,0.891,-0.454,0.935,-0.354,41110,67
5373,8096,116,s 4914,2650000.0,-0.179,-0.226,-0.109,-0.26,15015,11
5374,8097,116,s 4916,15000.0,-0.33,-0.482,-0.355,-0.423,14871,72
5375,8098,116,s 4924,60000.0,-0.272,-0.206,-0.316,-0.094,20707,1
5376,8099,116,s 4927,960000.0,-0.162,-0.2,-0.178,-0.375,41300,2
5377,8100,116,s 4928,42000.0,-0.232,-0.212,-0.396,0.09,40916,11
5378,8101,116,s 4929,30000.0,-0.583,-0.276,-0.47,-0.623,41308,12
5379,8102,116,s 4932,366000.0,0.891,-0.454,0.933,-0.359,41104,51
5380,8103,116,s 4936,370000.0,-0.272,-0.206,-0.316,-0.094,20707,1
5381,8104,116,s 494,1015000.0,0.483,0.107,0.46,0.144,41500,81
5382,8105,116,s 4941,120000.0,-0.751,-0.337,-0.718,-0.066,41301,3
5383,8106,116,s 4945,430000.0,-0.436,-0.162,-0.372,-0.127,41101,1
5384,8107,116,s 4947,3190000.0,0.555,-0.111,0.482,0.462,41703,45
5385,8108,116,s 4949,703783.0,0.624,-0.378,0.631,-0.3,29935,14
5386,8109,116,s 495,22000.0,0.357,-0.042,0.293,-0.144,14226,31
5387,8110,116,s 4955,138024.0,-0.268,-0.184,-0.29,0.1,49300,71
5388,8111,116,s 4956,60000.0,-0.313,0.166,-0.292,0.12,40703,14
5389,8112,116,s 4957,530000.0,-0.313,0.166,-0.292,0.12,40703,14
5390,8113,116,s 4961,534160.0,-0.492,-0.133,-0.526,-0.414,29940,25
5391,8114,116,s 4966,690000.0,0.278,0.132,0.229,-0.122,20146,56
5392,8115,116,s 4967,260000.0,0.398,0.18,0.448,0.122,29735,34
5393,8116,116,s 497,20000.0,-0.32,-0.227,-0.363,-0.124,15408,52
5394,8117,116,s 4970,40000.0,0.447,-0.048,0.543,0.075,21133,22
5395,8118,116,s 4975,30000.0,0.891,-0.454,0.935,-0.354,41110,67
5396,8119,116,s 498,200000.0,0.35,0.101,0.386,0.004,41505,37
5397,8120,116,s 4982,410000.0,0.472,-0.078,0.472,0.111,40305,49
5398,8121,116,s 4985,200000.0,0.8,0.6,0.837,0.335,41900,22
5399,8122,116,s 4988,80000.0,0.371,-0.208,0.384,-0.362,29386,24
5400,8123,116,s 4989,50000.0,-0.313,0.166,-0.292,0.12,40703,14
5401,8124,116,s 499,1600000.0,0.468,-0.065,0.487,-0.461,20919,45
5402,8125,116,s 4991,530000.0,-0.751,-0.337,-0.718,-0.066,41301,3
5403,8126,116,s 4993,153783.0,-0.583,-0.276,-0.47,-0.623,41308,12
5404,8127,116,s 4994,5726.25,-0.234,0.022,-0.258,-0.081,41702,4
5405,8128,116,s 5,2740000.0,0.61,-0.17,0.549,-0.215,41102,43
5406,8129,116,s 50,245000.0,-0.442,-0.739,-0.382,-0.584,40908,72
5407,8130,116,s 500,2359523.0,0.371,-0.208,0.384,-0.362,29386,24
5408,8131,116,s 5000,190000.0,0.371,-0.208,0.384,-0.362,29386,24
5409,8132,116,s 5001,50000.0,-0.32,-0.227,-0.363,-0.124,15408,52
5410,8133,116,s 5003,785000.0,0.376,0.349,0.399,0.379,29534,46
5411,8134,116,s 5007,1931141.0,0.425,0.334,0.367,0.168,20101,42
5412,8135,116,s 501,749000.0,-0.426,-0.102,-0.302,-0.204,29389,24
5413,8136,116,s 5014,240000.0,0.891,-0.454,0.933,-0.359,41104,51
5414,8137,116,s 5015,20000.0,-0.231,-0.163,-0.211,-0.129,40910,62
5415,8138,116,s 5019,90000.0,0.585,-0.027,0.485,-0.107,21338,64
5416,8139,116,s 502,0.0,0.545,0.199,0.491,0.042,49706,68
5417,8140,116,s 5020,4690000.0,0.37,-0.277,0.411,0.05,29566,48
5418,8141,116,s 5028,30000.0,-0.231,-0.163,-0.211,-0.129,40910,62
5419,8142,116,s 503,2490000.0,0.398,0.18,0.448,0.122,29735,34
5420,8143,116,s 5030,270000.0,-0.232,-0.212,-0.396,0.09,40916,11
5421,8144,116,s 5034,114240.0,-0.361,0.323,-0.395,0.345,41700,65
5422,8145,116,s 5035,1619490.0,-0.33,-0.482,-0.355,-0.423,14871,72
5423,8146,116,s 5041,1130000.0,-0.268,-0.184,-0.29,0.1,49300,71
5424,8147,116,s 5043,160000.0,0.464,0.309,0.461,0.34,41302,35
5425,8148,116,s 5044,180000.0,-0.426,-0.102,-0.302,-0.204,29389,24
5426,8149,116,s 5047,800000.0,-0.313,0.166,-0.292,0.12,40703,14
5427,8150,116,s 5051,690000.0,0.502,0.289,0.521,0.012,29345,63
5428,8151,116,s 5054,100000.0,-0.442,-0.739,-0.382,-0.584,40908,72
5429,8152,116,s 5059,12000.0,-0.272,-0.206,-0.316,-0.094,20707,1
5430,8153,116,s 506,240000.0,-0.268,-0.184,-0.29,0.1,49300,71
5431,8154,116,s 5060,15000.0,-0.272,-0.206,-0.316,-0.094,20707,1
5432,8155,116,s 5061,50000.0,-0.283,-0.357,-0.3,-0.135,40700,33
5433,8156,116,s 5062,675000.0,-0.583,-0.276,-0.47,-0.623,41308,12
5434,8157,116,s 5064,1919490.0,0.357,-0.042,0.293,-0.144,14226,31
5435,8158,116,s 5067,600000.0,-0.288,0.322,-0.244,0.213,21743,65
5436,8159,116,s 5069,690000.0,-0.361,0.323,-0.395,0.345,41700,65
5437,8160,116,s 5070,47000.0,-0.751,-0.337,-0.718,-0.066,41301,3
5438,8161,116,s 5082,50000.0,-0.751,-0.337,-0.718,-0.066,41301,3
5439,8162,116,s 5085,15000.0,0.404,0.02,0.299,-0.023,14921,51
5440,8163,116,s 509,2962301.0,-0.272,-0.206,-0.316,-0.094,20707,1
5441,8164,116,s 51,240000.0,-0.214,0.169,-0.278,0.563,40702,64
5442,8165,116,s 510,1100000.0,-0.514,-0.465,-0.398,-0.538,14435,3
5443,8166,116,s 511,2720000.0,-0.469,-0.403,-0.187,0.301,20735,13
5444,8167,116,s 512,80560.0,-0.283,-0.357,-0.3,-0.135,40700,33
5445,8168,116,s 513,130000.0,-0.709,-0.105,-0.693,-0.068,41701,71
5446,8169,116,s 514,160000.0,-0.214,0.169,-0.278,0.563,40702,64
5447,8170,116,s 518,1984947.0,-0.305,-0.408,-0.248,-0.276,39310,73
5448,8171,116,s 52,1360000.0,0.55,0.398,0.533,0.592,40902,63
5449,8172,116,s 521,6794997.98,-0.426,-0.102,-0.302,-0.204,29389,24
5450,8173,116,s 525,3140000.0,0.891,-0.454,0.933,-0.359,41104,51
5451,8174,116,s 529,550000.0,-0.305,-0.408,-0.248,-0.276,39310,73
5452,8175,116,s 530,1220000.0,-0.444,-0.103,-0.637,0.385,41112,82
5453,8176,116,s 532,2000785.0,-0.32,-0.227,-0.363,-0.124,15408,52
5454,8177,116,s 536,0.0,0.398,-0.11,0.443,-0.064,41504,47
5455,8178,116,s 538,10000.0,-0.206,-0.053,-0.218,-0.105,40909,40
5456,8179,116,s 539,13705000.0,-0.206,-0.053,-0.218,-0.105,40909,40
5457,8180,116,s 54,410000.0,0.345,0.027,0.321,0.006,21501,61
5458,8181,116,s 540,1570736.0,-0.206,-0.053,-0.218,-0.105,40909,40
5459,8182,116,s 541,980000.0,-0.206,-0.053,-0.218,-0.105,40909,40
5460,8183,116,s 543,11810000.0,-0.436,-0.162,-0.372,-0.127,41101,1
5461,8184,116,s 545,0.0,-0.361,0.323,-0.395,0.345,41700,65
5462,8185,116,s 546,161000.0,-0.469,-0.403,-0.187,0.301,20735,13
5463,8186,116,s 548,135000.0,0.371,-0.208,0.384,-0.362,29386,24
5464,8187,116,s 55,20000.0,0.345,0.027,0.321,0.006,21501,61
5465,8188,116,s 551,26200000.0,-0.348,-0.304,-0.169,-0.806,15021,21
5466,8189,116,s 553,10000.0,0.447,-0.048,0.543,0.075,21133,22
5467,8190,116,s 560,2490000.0,-0.492,-0.133,-0.526,-0.414,29940,25
5468,8191,116,s 561,2366482.0,-0.36,-0.121,-0.419,-0.04,14307,6
5469,8192,116,s 562,230000.0,-0.336,0.091,-0.274,0.006,21325,21
5470,8193,116,s 563,1610000.0,-0.336,0.091,-0.274,0.006,21325,21
5471,8194,116,s 564,1221092.0,-0.246,-0.184,-0.178,-0.133,20923,23
5472,8195,116,s 568,1194000.0,-0.352,-0.303,-0.39,-0.34,49308,73
5473,8196,116,s 569,16369502.0,0.447,-0.048,0.543,0.075,21133,22
5474,8197,116,s 571,2161500.0,-0.442,-0.739,-0.382,-0.584,40908,72
5475,8198,116,s 577,12872092.0,0.604,0.141,0.535,0.154,21166,53
5476,8199,116,s 578,157198.0,-0.355,-0.086,-0.382,-0.438,40704,5
5477,8200,116,s 580,10000.0,0.535,-0.022,0.505,0.042,41502,31
5478,8201,116,s 581,13334029.0,0.891,-0.454,0.933,-0.359,41104,51
5479,8202,116,s 583,6890000.0,-0.361,0.323,-0.395,0.345,41700,65
5480,8203,116,s 584,9290000.0,0.472,-0.078,0.472,0.111,40305,49
5481,8204,116,s 585,30000.0,-0.206,-0.053,-0.218,-0.105,40909,40
5482,8205,116,s 586,1817501.0,0.413,-0.09,0.357,-0.079,14852,32
5483,8206,116,s 591,40000.0,0.118,-0.53,0.132,-0.772,49703,2
5484,8207,116,s 593,1043201.0,-0.709,-0.105,-0.693,-0.068,41701,71
5485,8208,116,s 594,1050000.0,0.468,-0.065,0.487,-0.461,20919,45
5486,8209,116,s 595,355000.0,0.468,-0.065,0.487,-0.461,20919,45
5487,8210,116,s 596,730000.0,0.536,0.221,0.58,0.329,40707,68
5488,8211,116,s 597,100000.0,-0.583,-0.276,-0.47,-0.623,41308,12
5489,8212,116,s 598,50000.0,-0.246,-0.184,-0.178,-0.133,20923,23
5490,8213,116,s 6,7087000.0,0.61,-0.17,0.549,-0.215,41102,43
5491,8214,116,s 60,257000.0,-0.214,0.169,-0.278,0.563,40702,64
5492,8215,116,s 600,898660.0,0.392,0.445,0.294,0.367,41107,36
5493,8216,116,s 602,40000.0,0.444,-0.029,0.508,0.092,21112,62
5494,8217,116,s 603,12281000.0,0.35,0.101,0.386,0.004,41505,37
5495,8218,116,s 604,35914000.0,0.43,0.223,0.371,0.295,29754,37
5496,8219,116,s 605,460000.0,-0.283,-0.357,-0.3,-0.135,40700,33
5497,8220,116,s 607,280000.0,0.468,-0.065,0.487,-0.461,20919,45
5498,8221,116,s 608,2280000.0,-0.348,-0.304,-0.169,-0.806,15021,21
5499,8222,116,s 609,430000.0,0.61,-0.17,0.549,-0.215,41102,43
5500,8223,116,s 61,6953210.0,0.357,-0.042,0.293,-0.144,14226,31
5501,8224,116,s 610,28890000.0,-0.436,-0.162,-0.372,-0.127,41101,1
5502,8225,116,s 612,2100000.0,-0.514,-0.465,-0.398,-0.538,14435,3
5503,8226,116,s 613,750000.0,0.45,0.345,0.41,0.15,41707,46
5504,8227,116,s 614,366287.0,0.545,0.199,0.491,0.042,49706,68
5505,8228,116,s 616,4450000.0,-0.238,-0.135,-0.293,-0.326,40906,4
5506,8229,116,s 617,30557826.0,0.357,-0.042,0.293,-0.144,14226,31
5507,8230,116,s 618,228000.0,-0.232,-0.212,-0.396,0.09,40916,11
5508,8231,116,s 619,110000.0,-0.214,0.169,-0.278,0.563,40702,64
5509,8232,116,s 62,6459286.0,-0.283,-0.357,-0.3,-0.135,40700,33
5510,8233,116,s 620,2320000.0,-0.355,-0.086,-0.382,-0.438,40704,5
5511,8234,116,s 625,520000.0,-0.283,-0.357,-0.3,-0.135,40700,33
5512,8235,116,s 626,4170000.0,-0.514,-0.465,-0.398,-0.538,14435,3
5513,8236,116,s 627,390000.0,-0.352,-0.303,-0.39,-0.34,49308,73
5514,8237,116,s 628,260000.0,-0.162,-0.2,-0.178,-0.375,41300,2
5515,8238,116,s 63,44000.0,-0.355,-0.086,-0.382,-0.438,40704,5
5516,8239,116,s 630,6850000.0,-0.426,-0.102,-0.302,-0.204,29389,24
5517,8240,116,s 631,2960000.0,-0.179,-0.226,-0.109,-0.26,15015,11
5518,8241,116,s 632,220000.0,0.604,0.141,0.535,0.154,21166,53
5519,8242,116,s 634,2400000.0,0.8,-0.189,0.887,-0.309,41304,49
5520,8243,116,s 635,2510000.0,-0.36,-0.121,-0.419,-0.04,14307,6
5521,8244,116,s 638,5737704.67,-0.179,-0.226,-0.109,-0.26,15015,11
5522,8245,116,s 64,13405399.0,-0.283,-0.357,-0.3,-0.135,40700,33
5523,8246,116,s 640,12672399.0,0.555,-0.111,0.482,0.462,41703,45
5524,8247,116,s 647,18638261.99,-0.444,-0.103,-0.637,0.385,41112,82
5525,8248,116,s 649,330000.0,-0.361,0.323,-0.395,0.345,41700,65
5526,8249,116,s 650,150000.0,-0.453,0.161,-0.453,0.248,29924,66
5527,8250,116,s 651,771022.0,-0.313,0.166,-0.292,0.12,40703,14
5528,8251,116,s 652,762000.0,0.371,-0.208,0.384,-0.362,29386,24
5529,8252,116,s 653,100000.0,-0.366,-0.119,-0.32,-0.119,29373,12
5530,8253,116,s 655,1507000.0,-0.348,-0.304,-0.169,-0.806,15021,21
5531,8254,116,s 656,2625000.0,-0.442,-0.739,-0.382,-0.584,40908,72
5532,8255,116,s 657,22080600.0,0.8,0.6,0.837,0.335,41900,22
5533,8256,116,s 658,11150000.0,0.8,0.6,0.837,0.335,41900,22
5534,8257,116,s 659,39520399.0,0.118,-0.53,0.132,-0.772,49703,2
5535,8258,116,s 66,150000.0,-0.268,-0.184,-0.29,0.1,49300,71
5536,8259,116,s 660,11150000.0,0.8,0.6,0.837,0.335,41900,22
5537,8260,116,s 661,190000.0,-0.513,-0.083,-0.521,-0.007,20713,82
5538,8261,116,s 662,240000.0,-0.513,-0.083,-0.521,-0.007,20713,82
5539,8262,116,s 663,48000.0,-0.513,-0.083,-0.521,-0.007,20713,82
5540,8263,116,s 665,1785010.0,-0.469,-0.403,-0.187,0.301,20735,13
5541,8264,116,s 666,30000.0,-0.231,-0.163,-0.211,-0.129,40910,62
5542,8265,116,s 668,2655792.0,-0.426,-0.102,-0.302,-0.204,29389,24
5543,8266,116,s 669,450000.0,-0.492,-0.133,-0.526,-0.414,29940,25
5544,8267,116,s 67,39000.0,-0.268,-0.184,-0.29,0.1,49300,71
5545,8268,116,s 670,80000.0,0.61,-0.17,0.549,-0.215,41102,43
5546,8269,116,s 671,90000.0,0.278,0.132,0.229,-0.122,20146,56
5547,8270,116,s 672,470000.0,-0.444,-0.103,-0.637,0.385,41112,82
5548,8271,116,s 674,6410000.0,-0.179,-0.226,-0.109,-0.26,15015,11
5549,8272,116,s 675,420000.0,-0.453,0.161,-0.453,0.248,29924,66
5550,8273,116,s 678,84444.0,0.552,0.045,0.486,-0.235,15424,53
5551,8274,116,s 679,50000.0,-0.492,-0.133,-0.526,-0.414,29940,25
5552,8275,116,s 68,30000.0,-0.088,0.187,-0.113,0.108,41705,41
5553,8276,116,s 680,3957450.0,0.43,0.223,0.371,0.295,29754,37
5554,8277,116,s 681,790000.0,-0.33,-0.482,-0.355,-0.423,14871,72
5555,8278,116,s 682,3093115.58,-0.514,-0.465,-0.398,-0.538,14435,3
5556,8279,116,s 683,10000.0,-0.426,-0.102,-0.302,-0.204,29389,24
5557,8280,116,s 684,39145845.0,-0.33,-0.027,-0.263,-0.085,20930,66
5558,8281,116,s 685,75000.0,0.891,-0.454,0.935,-0.354,41110,67
5559,8282,116,s 688,426000.0,0.345,0.027,0.321,0.006,21501,61
5560,8283,116,s 69,390133.0,0.472,-0.078,0.472,0.111,40305,49
5561,8284,116,s 690,180000.0,-0.231,-0.163,-0.211,-0.129,40910,62
5562,8285,116,s 692,2030000.0,0.624,-0.378,0.631,-0.3,29935,14
5563,8286,116,s 695,0.0,0.669,-0.25,0.827,-0.38,41503,35
5564,8287,116,s 696,1242451.0,-0.442,-0.739,-0.382,-0.584,40908,72
5565,8288,116,s 698,1040000.0,-0.366,-0.119,-0.32,-0.119,29373,12
5566,8289,116,s 7,10254133.0,0.61,-0.17,0.549,-0.215,41102,43
5567,8290,116,s 700,1640000.0,0.43,0.223,0.371,0.295,29754,37
5568,8291,116,s 703,160000.0,-0.268,-0.184,-0.29,0.1,49300,71
5569,8292,116,s 704,4960000.0,-0.272,-0.206,-0.316,-0.094,20707,1
5570,8293,116,s 705,60000.0,-0.392,-0.208,-0.406,-0.368,20330,52
5571,8294,116,s 706,140000.0,-0.283,-0.357,-0.3,-0.135,40700,33
5572,8295,116,s 707,141441.0,-0.366,-0.119,-0.32,-0.119,29373,12
5573,8296,116,s 708,40000.0,-0.442,-0.739,-0.382,-0.584,40908,72
5574,8297,116,s 711,370000.0,-0.214,0.169,-0.278,0.563,40702,64
5575,8298,116,s 715,1160000.0,-0.238,-0.135,-0.293,-0.326,40906,4
5576,8299,116,s 717,528000.0,-0.442,-0.739,-0.382,-0.584,40908,72
5577,8300,116,s 718,40000.0,-0.246,-0.184,-0.178,-0.133,20923,23
5578,8301,116,s 719,160000.0,-0.348,-0.304,-0.169,-0.806,15021,21
5579,8302,116,s 724,4670000.0,-0.469,-0.403,-0.187,0.301,20735,13
5580,8303,116,s 725,54800.0,-0.245,-0.066,-0.245,-0.041,41305,40
5581,8304,116,s 726,10983570.0,-0.268,-0.184,-0.29,0.1,49300,71
5582,8305,116,s 729,18500.0,-0.355,-0.418,-0.417,-0.377,14858,13
5583,8306,116,s 73,1055000.0,-0.238,-0.135,-0.293,-0.326,40906,4
5584,8307,116,s 732,0.0,-0.444,-0.103,-0.637,0.385,41112,82
5585,8308,116,s 733,6413500.0,0.624,-0.378,0.631,-0.3,29935,14
5586,8309,116,s 734,16485000.0,-0.206,-0.053,-0.218,-0.105,40909,40
5587,8310,116,s 736,90000.0,-0.214,0.169,-0.278,0.563,40702,64
5588,8311,116,s 737,80000.0,-0.288,0.322,-0.244,0.213,21743,65
5589,8312,116,s 738,460000.0,-0.453,0.161,-0.453,0.248,29924,66
5590,8313,116,s 741,3215681.49,-0.397,-0.073,-0.346,-0.123,41706,33
5591,8314,116,s 745,1292836.0,-0.366,-0.119,-0.32,-0.119,29373,12
5592,8315,116,s 747,3958660.0,-0.179,-0.226,-0.109,-0.26,15015,11
5593,8316,116,s 749,460000.0,-0.162,-0.2,-0.178,-0.375,41300,2
5594,8317,116,s 75,310000.0,0.61,-0.17,0.549,-0.215,41102,43
5595,8318,116,s 750,5540762.5,0.398,0.18,0.448,0.122,29735,34
5596,8319,116,s 752,971092.0,-0.245,-0.066,-0.245,-0.041,41305,40
5597,8320,116,s 753,2270510.0,-0.426,-0.102,-0.302,-0.204,29389,24
5598,8321,116,s 754,40000.0,0.502,0.289,0.521,0.012,29345,63
5599,8322,116,s 756,670000.0,-0.366,-0.119,-0.32,-0.119,29373,12
5600,8323,116,s 757,120000.0,-0.246,-0.184,-0.178,-0.133,20923,23
5601,8324,116,s 758,1082886.24,-0.336,0.091,-0.274,0.006,21325,21
5602,8325,116,s 759,300000.0,0.444,-0.029,0.508,0.092,21112,62
5603,8326,116,s 762,5335000.0,0.416,0.214,0.433,0.247,29722,32
5604,8327,116,s 764,2500000.0,0.891,-0.454,0.935,-0.354,41110,67
5605,8328,116,s 765,13135176.0,0.43,0.223,0.371,0.295,29754,37
5606,8329,116,s 766,5920000.0,0.398,-0.11,0.443,-0.064,41504,47
5607,8330,116,s 768,1150000.0,-0.751,-0.337,-0.718,-0.066,41301,3
5608,8331,116,s 77,2270000.0,0.61,-0.17,0.549,-0.215,41102,43
5609,8332,116,s 770,100000.0,0.357,-0.042,0.293,-0.144,14226,31
5610,8333,116,s 773,348000.0,0.444,-0.029,0.508,0.092,21112,62
5611,8334,116,s 774,145000.0,-0.268,-0.184,-0.29,0.1,49300,71
5612,8335,116,s 775,3400000.0,-0.444,-0.103,-0.637,0.385,41112,82
5613,8336,116,s 777,427500.0,0.444,-0.029,0.508,0.092,21112,62
5614,8337,116,s 779,80000.0,-0.355,-0.086,-0.382,-0.438,40704,5
5615,8338,116,s 78,94106.0,0.61,-0.17,0.549,-0.215,41102,43
5616,8339,116,s 780,11699662.0,-0.355,-0.086,-0.382,-0.438,40704,5
5617,8340,116,s 781,11827333.0,-0.492,-0.133,-0.526,-0.414,29940,25
5618,8341,116,s 782,150000.0,-0.343,-0.017,-0.314,-0.111,29732,23
5619,8342,116,s 785,8176115.0,-0.214,0.169,-0.278,0.563,40702,64
5620,8343,116,s 786,867171.0,-0.206,-0.053,-0.218,-0.105,40909,40
5621,8344,116,s 788,22858368.0,-0.442,-0.739,-0.382,-0.584,40908,72
5622,8345,116,s 789,39215.0,-0.352,-0.303,-0.39,-0.34,49308,73
5623,8346,116,s 79,1046700.0,0.55,0.398,0.533,0.592,40902,63
5624,8347,116,s 790,230000.0,0.37,-0.277,0.411,0.05,29566,48
5625,8348,116,s 792,2520000.0,-0.492,-0.133,-0.526,-0.414,29940,25
5626,8349,116,s 799,120000.0,-0.206,-0.053,-0.218,-0.105,40909,40
5627,8350,116,s 8,480000.0,0.61,-0.17,0.549,-0.215,41102,43
5628,8351,116,s 80,9572015.0,0.536,0.221,0.58,0.329,40707,68
5629,8352,116,s 800,1847500.0,0.468,-0.065,0.487,-0.461,20919,45
5630,8353,116,s 801,10860933.0,-0.361,0.323,-0.395,0.345,41700,65
5631,8354,116,s 803,10352416.0,0.624,-0.378,0.631,-0.3,29935,14
5632,8355,116,s 804,542000.0,0.483,0.107,0.46,0.144,41500,81
5633,8356,116,s 806,5035000.0,0.555,-0.111,0.482,0.462,41703,45
5634,8357,116,s 807,40000.0,0.535,-0.022,0.505,0.042,41502,31
5635,8358,116,s 808,39215.0,-0.246,-0.184,-0.178,-0.133,20923,23
5636,8359,116,s 811,120000.0,0.61,-0.17,0.549,-0.215,41102,43
5637,8360,116,s 814,720000.0,-0.238,-0.135,-0.293,-0.326,40906,4
5638,8361,116,s 815,100000.0,0.425,0.334,0.367,0.168,20101,42
5639,8362,116,s 816,170000.0,0.468,-0.065,0.487,-0.461,20919,45
5640,8363,116,s 817,390133.0,0.502,0.289,0.521,0.012,29345,63
5641,8364,116,s 819,190000.0,0.416,0.214,0.433,0.247,29722,32
5642,8365,116,s 821,480000.0,0.401,0.379,0.35,0.356,21350,36
5643,8366,116,s 822,120000.0,-0.348,-0.304,-0.169,-0.806,15021,21
5644,8367,116,s 824,2511530.0,-0.343,-0.017,-0.314,-0.111,29732,23
5645,8368,116,s 826,18716000.0,-0.283,-0.357,-0.3,-0.135,40700,33
5646,8369,116,s 827,0.0,-0.355,-0.086,-0.382,-0.438,40704,5
5647,8370,116,s 83,100000.0,0.61,-0.17,0.549,-0.215,41102,43
5648,8371,116,s 830,260000.0,-0.469,-0.403,-0.187,0.301,20735,13
5649,8372,116,s 832,35000.0,-0.442,-0.739,-0.382,-0.584,40908,72
5650,8373,116,s 833,1330000.0,0.371,-0.208,0.384,-0.362,29386,24
5651,8374,116,s 834,186000.0,-0.426,-0.102,-0.302,-0.204,29389,24
5652,8375,116,s 839,12284215.0,-0.245,-0.066,-0.245,-0.041,41305,40
5653,8376,116,s 840,1754000.0,-0.352,-0.303,-0.39,-0.34,49308,73
5654,8377,116,s 842,430200.0,-0.283,-0.357,-0.3,-0.135,40700,33
5655,8378,116,s 846,90000.0,0.472,-0.078,0.472,0.111,40305,49
5656,8379,116,s 847,19046000.0,0.398,0.18,0.448,0.122,29735,34
5657,8380,116,s 85,60000.0,0.357,-0.042,0.293,-0.144,14226,31
5658,8381,116,s 851,4481425.0,-0.492,-0.133,-0.526,-0.414,29940,25
5659,8382,116,s 852,180000.0,0.629,-0.003,0.682,-0.006,21173,48
5660,8383,116,s 858,3320000.0,-0.238,-0.135,-0.293,-0.326,40906,4
5661,8384,116,s 859,190000.0,0.444,-0.029,0.508,0.092,21112,62
5662,8385,116,s 861,2100000.0,-0.514,-0.465,-0.398,-0.538,14435,3
5663,8386,116,s 863,200000.0,0.468,-0.065,0.487,-0.461,20919,45
5664,8387,116,s 865,40000.0,0.483,0.107,0.46,0.144,41500,81
5665,8388,116,s 866,2337947.0,-0.392,-0.208,-0.406,-0.368,20330,52
5666,8389,116,s 867,720000.0,-0.234,0.022,-0.258,-0.081,41702,4
5667,8390,116,s 868,80000.0,-0.513,-0.083,-0.521,-0.007,20713,82
5668,8391,116,s 869,930000.0,0.371,-0.208,0.384,-0.362,29386,24
5669,8392,116,s 873,240000.0,-0.426,-0.102,-0.302,-0.204,29389,24
5670,8393,116,s 874,10302967.0,0.37,-0.277,0.411,0.05,29566,48
5671,8394,116,s 875,240000.0,0.624,-0.378,0.631,-0.3,29935,14
5672,8395,116,s 876,1030000.0,-0.336,0.091,-0.274,0.006,21325,21
5673,8396,116,s 877,2456000.0,-0.583,-0.276,-0.47,-0.623,41308,12
5674,8397,116,s 879,604894.0,-0.392,-0.208,-0.406,-0.368,20330,52
5675,8398,116,s 881,1410852.0,-0.246,-0.184,-0.178,-0.133,20923,23
5676,8399,116,s 886,130000.0,-0.453,0.161,-0.453,0.248,29924,66
5677,8400,116,s 887,1190000.0,0.357,-0.042,0.293,-0.144,14226,31
5678,8401,116,s 888,960000.0,0.357,-0.042,0.293,-0.144,14226,31
5679,8402,116,s 889,40000.0,0.357,-0.042,0.293,-0.144,14226,31
5680,8403,116,s 890,20000.0,-0.33,-0.482,-0.355,-0.423,14871,72
5681,8404,116,s 893,11440000.0,0.472,-0.078,0.472,0.111,40305,49
5682,8405,116,s 894,135828.0,-0.348,-0.304,-0.169,-0.806,15021,21
5683,8406,116,s 895,529554.0,0.43,0.223,0.371,0.295,29754,37
5684,8407,116,s 897,106017.0,0.357,-0.042,0.293,-0.144,14226,31
5685,8408,116,s 899,590000.0,-0.245,-0.066,-0.245,-0.041,41305,40
5686,8409,116,s 9,4723312.0,0.61,-0.17,0.549,-0.215,41102,43
5687,8410,116,s 90,70000.0,0.891,-0.454,0.935,-0.354,41110,67
5688,8411,116,s 903,13000000.0,0.21,-0.316,0.228,-0.18,40300,81
5689,8412,116,s 904,3165000.0,0.545,0.199,0.491,0.042,49706,68
5690,8413,116,s 906,1600000.0,-0.268,-0.184,-0.29,0.1,49300,71
5691,8414,116,s 908,684603.0,-0.355,-0.418,-0.417,-0.377,14858,13
5692,8415,116,s 910,220000.0,0.376,0.349,0.399,0.379,29534,46
5693,8416,116,s 911,2310000.0,-0.313,0.166,-0.292,0.12,40703,14
5694,8417,116,s 914,230000.0,0.376,0.349,0.399,0.379,29534,46
5695,8418,116,s 915,1489662.0,-0.492,-0.133,-0.526,-0.414,29940,25
5696,8419,116,s 916,4592619.0,-0.348,-0.304,-0.169,-0.806,15021,21
5697,8420,116,s 917,20000.0,-0.313,0.166,-0.292,0.12,40703,14
5698,8421,116,s 918,7500347.0,0.8,-0.189,0.887,-0.309,41304,49
5699,8422,116,s 919,16440000.0,0.8,-0.189,0.887,-0.309,41304,49
5700,8423,116,s 92,808797.0,0.891,-0.454,0.933,-0.359,41104,51
5701,8424,116,s 920,6315763.0,0.61,-0.17,0.549,-0.215,41102,43
5702,8425,116,s 921,2941405.0,-0.453,0.161,-0.453,0.248,29924,66
5703,8426,116,s 922,0.0,0.604,0.141,0.535,0.154,21166,53
5704,8427,116,s 923,466000.0,-0.268,-0.184,-0.29,0.1,49300,71
5705,8428,116,s 926,280000.0,-0.33,-0.482,-0.355,-0.423,14871,72
5706,8429,116,s 928,1530000.0,0.357,-0.042,0.293,-0.144,14226,31
5707,8430,116,s 930,50000.0,0.535,-0.022,0.505,0.042,41502,31
5708,8431,116,s 932,430000.0,0.447,-0.048,0.543,0.075,21133,22
5709,8432,116,s 933,20000.0,-0.355,-0.086,-0.382,-0.438,40704,5
5710,8433,116,s 935,385000.0,0.891,-0.454,0.935,-0.354,41110,67
5711,8434,116,s 936,50000.0,-0.33,-0.482,-0.355,-0.423,14871,72
5712,8435,116,s 937,300000.0,0.555,-0.111,0.482,0.462,41703,45
5713,8436,116,s 939,648945.0,0.555,-0.111,0.482,0.462,41703,45
5714,8437,116,s 94,144000.0,0.278,0.132,0.229,-0.122,20146,56
5715,8438,116,s 943,39215.0,-0.444,-0.103,-0.637,0.385,41112,82
5716,8439,116,s 944,1220000.0,-0.444,-0.103,-0.637,0.385,41112,82
5717,8440,116,s 945,7369000.0,0.555,-0.111,0.482,0.462,41703,45
5718,8441,116,s 946,360000.0,-0.392,-0.208,-0.406,-0.368,20330,52
5719,8442,116,s 948,6187000.0,-0.283,-0.357,-0.3,-0.135,40700,33
5720,8443,116,s 949,5982775.0,-0.453,0.161,-0.453,0.248,29924,66
5721,8444,116,s 950,210000.0,-0.343,-0.017,-0.314,-0.111,29732,23
5722,8445,116,s 951,225000.0,-0.232,-0.212,-0.396,0.09,40916,11
5723,8446,116,s 952,310000.0,0.595,0.152,0.642,0.202,21301,42
5724,8447,116,s 954,3610000.0,-0.426,-0.102,-0.302,-0.204,29389,24
5725,8448,116,s 959,22000.0,0.118,-0.53,0.132,-0.772,49703,2
5726,8449,116,s 960,120000.0,-0.442,-0.739,-0.382,-0.584,40908,72
5727,8450,116,s 962,830000.0,-0.539,-0.406,-0.481,-0.753,29147,6
5728,8451,116,s 965,1220000.0,-0.088,0.187,-0.113,0.108,41705,41
5729,8452,116,s 966,4226743.02,0.371,-0.208,0.384,-0.362,29386,24
5730,8453,116,s 967,1095292.0,-0.238,-0.135,-0.293,-0.326,40906,4
5731,8454,116,s 97,7534536.0,-0.539,-0.406,-0.481,-0.753,29147,6
5732,8455,116,s 970,1297947.0,-0.214,0.169,-0.278,0.563,40702,64
5733,8456,116,s 972,18586850.0,0.357,-0.042,0.293,-0.144,14226,31
5734,8457,116,s 976,3084240.0,-0.469,-0.403,-0.187,0.301,20735,13
5735,8458,116,s 977,38105399.0,0.671,0.168,0.547,0.065,41903,43
5736,8459,116,s 978,7198000.0,0.371,-0.208,0.384,-0.362,29386,24
5737,8460,116,s 98,40000.0,0.633,-0.142,0.645,-0.229,41111,25
5738,8461,116,s 980,120000.0,0.435,-0.07,0.416,0.101,29548,47
5739,8462,116,s 981,1890590.0,-0.231,-0.163,-0.211,-0.129,40910,62
5740,8463,116,s 983,84793.57,-0.232,-0.212,-0.396,0.09,40916,11
5741,8464,116,s 984,300000.0,-0.313,0.166,-0.292,0.12,40703,14
5742,8465,116,s 987,36000.0,-0.232,-0.212,-0.396,0.09,40916,11
5743,8466,116,s 988,10800399.0,0.278,0.132,0.229,-0.122,20146,56
5744,8467,116,s 99,0.0,-0.539,-0.406,-0.481,-0.753,29147,6
5745,8468,116,s 993,2600000.0,-0.442,-0.739,-0.382,-0.584,40908,72
5746,8469,116,s 995,530000.0,0.118,-0.53,0.132,-0.772,49703,2
5747,8470,116,s 996,203600.0,-0.336,0.091,-0.274,0.006,21325,21
5748,8471,116,s 997,1878525.0,-0.751,-0.337,-0.718,-0.066,41301,3
5749,8472,116,s 999,15060560.0,-0.232,-0.212,-0.396,0.09,40916,11
